Id,OBJECTID,ESTUFE1_ID,ESTUFEBEZ,VORRAT_HA_,GDICK,JWDICK,HS_en,alt_zone,area_ha,nat_res,plant,prot,p1,p5_old,BAU,BIO,HYBRID,WOOD,nat15,selve_cast,ceduo,p5,Id_2,manag,fsID,rst,elev,Above1000m,age,buf500,no_beech,StrictProt,SHORTNAME,elev_band
,80937.0,4.0,Mittleres Baumholz,260.0,FI (6) / LA (4),,subalpine,8.0,0.3,,,1.0,,,2,2,2,2,,,,,,,2296,Mittleres Baumholz_8,1981.3,1,not_young,0,0,1,Braggio,1500_2000
,81372.0,3.0,Schwaches Baumholz,48.0,FI (10),,-,5.0,0.4,,,,,,3,3,3,3,,,,,,,2352,Schwaches Baumholz_5,2095.5,1,not_young,0,0,0,Braggio,2000_2500
,83245.0,1.0,Jungwuchs/Dickung,264.0,FI (7),,subalpine,8.0,0.4,,,1.0,,,2,2,2,2,,,,,,,2601,Jungwuchs/Dickung_8,1863.3,1,young,0,0,1,Braggio,1500_2000
,130591.0,4.0,Mittleres Baumholz,176.0,FI (8) / LA (2),,upper subalpine,9.0,2.1,,,1.0,,,2,2,2,2,,,,,,,4613,Mittleres Baumholz_9,1852.5,1,not_young,0,0,1,Braggio,1500_2000
,130592.0,2.0,Stangenholz,42.0,FI (9) / LA (1),,upper subalpine,9.0,0.3,,,1.0,,,2,2,2,2,,,,,,,4614,Stangenholz_9,1927.7,1,not_young,0,0,1,Braggio,1500_2000
,130593.0,3.0,Schwaches Baumholz,217.0,FI (10),,upper subalpine,9.0,0.5,,,1.0,,,2,2,2,2,,,,,,,4615,Schwaches Baumholz_9,1872.7,1,not_young,0,0,1,Braggio,1500_2000
,130595.0,4.0,Mittleres Baumholz,180.0,,,upper subalpine,9.0,0.9,,,1.0,,,2,2,2,2,,,,,,,4617,Mittleres Baumholz_9,1847.6,1,not_young,0,0,1,Braggio,1500_2000
,4006.0,4.0,Mittleres Baumholz,418.0,FI (8),,high-montane (main area of silver fir),10.0,2.1,,,1.0,,,2,2,2,2,,,,,,,6,Mittleres Baumholz_10,1359.3,1,not_young,0,0,1,Verdabbio,1000_1500
,51395.0,3.0,Schwaches Baumholz,195.0,,,colline with beech,2.0,2.8,,,1.0,,,2,2,2,2,,,,,,,657,Schwaches Baumholz_2,760.1,0,not_young,0,0,1,Verdabbio,500_1000
,52757.0,2.0,Stangenholz,130.0,TEI (4) / KA (5) / BI (1) / MBE (e) / WFO (e),TEI (1) / KA (9) / BI (e) / WFO (e),colline with beech,2.0,3.1,,,1.0,,,2,2,2,2,,,,,,,665,Stangenholz_2,619.3,0,not_young,0,0,1,Verdabbio,500_1000
,73284.0,4.0,Mittleres Baumholz,235.0,,,colline,3.0,1.6,,,1.0,,,2,2,2,2,,,,,,,1508,Mittleres Baumholz_3,508.6,0,not_young,0,0,1,Verdabbio,500_1000
,73289.0,3.0,Schwaches Baumholz,304.0,,,colline,3.0,0.7,,,1.0,,,2,2,2,2,,,,,,,1513,Schwaches Baumholz_3,796.5,0,not_young,0,0,1,Verdabbio,500_1000
,73292.0,4.0,Mittleres Baumholz,350.0,,,colline with beech,2.0,3.2,,,1.0,,,2,2,2,2,,,,,,,1516,Mittleres Baumholz_2,844.1,0,not_young,0,0,1,Verdabbio,500_1000
,73494.0,2.0,Stangenholz,70.0,,,high-montane (main area of silver fir),10.0,1.3,,,1.0,,,2,2,2,2,,,,,,,1637,Stangenholz_10,1428.6,1,not_young,0,0,1,Verdabbio,1000_1500
,73677.0,3.0,Schwaches Baumholz,261.0,FI (1) / LA (7) / TA (1),,high-montane (main area of silver fir),10.0,1.8,,,1.0,,,2,2,2,2,,,,,,,1743,Schwaches Baumholz_10,1561.4,1,not_young,0,0,1,Verdabbio,1500_2000
,73853.0,3.0,Schwaches Baumholz,271.0,,,lower/upper montane,7.0,0.9,,,1.0,,,2,2,2,2,,,,,,,1834,Schwaches Baumholz_7,984.5,0,not_young,0,0,1,Verdabbio,500_1000
,81376.0,3.0,Schwaches Baumholz,217.0,,,lower/upper montane,7.0,1.2,,,1.0,,,2,2,2,2,,,,,,,2355,Schwaches Baumholz_7,1172.5,1,not_young,0,0,1,Verdabbio,1000_1500
,81381.0,2.0,Stangenholz,246.0,FI (3),,high-montane (main area of silver fir),10.0,1.2,,,1.0,,,2,2,2,2,,,,,,,2360,Stangenholz_10,1470.9,1,not_young,0,0,1,Verdabbio,1000_1500
,81600.0,5.0,Starkes Baumholz,342.0,FI (7) / LA (1),,lower/upper montane,7.0,1.6,,,1.0,,,2,2,2,2,,,,,,,2383,Starkes Baumholz_7,1292.5,1,not_young,0,0,1,Verdabbio,1000_1500
,81601.0,4.0,Mittleres Baumholz,113.0,FI (6) / LA (1),,lower/upper montane,7.0,1.1,,,1.0,,,2,2,2,2,,,,,,,2384,Mittleres Baumholz_7,1247.5,1,not_young,0,0,1,Verdabbio,1000_1500
,81603.0,2.0,Stangenholz,264.0,FI (1),,high-montane (main area of silver fir),10.0,1.5,,,1.0,,,2,2,2,2,,,,,,,2386,Stangenholz_10,1463.6,1,not_young,0,0,1,Verdabbio,1000_1500
,81608.0,4.0,Mittleres Baumholz,406.0,FI (2),,lower/upper montane,7.0,0.3,,,1.0,,,2,2,2,2,,,,,,,2391,Mittleres Baumholz_7,1256.2,1,not_young,0,0,1,Verdabbio,1000_1500
,81609.0,4.0,Mittleres Baumholz,298.0,FI (2),,lower/upper montane,7.0,0.2,,,1.0,,,2,2,2,2,,,,,,,2392,Mittleres Baumholz_7,1251.5,1,not_young,0,0,1,Verdabbio,1000_1500
,81796.0,4.0,Mittleres Baumholz,465.0,FI (7),,high-montane (main area of silver fir),10.0,1.9,,,1.0,,,2,2,2,2,,,,,,,2412,Mittleres Baumholz_10,1360.0,1,not_young,0,0,1,Verdabbio,1000_1500
,81802.0,2.0,Stangenholz,214.0,FI (2),,high-montane (main area of silver fir),10.0,2.7,,,1.0,,,2,2,2,2,,,,,,,2416,Stangenholz_10,1517.8,1,not_young,0,0,1,Verdabbio,1500_2000
,81809.0,2.0,Stangenholz,125.0,BI (10) / WEI (e),FI (10),lower/upper montane,7.0,2.1,,,1.0,,,2,2,2,2,,,,,,,2419,Stangenholz_7,945.1,0,not_young,0,0,1,Verdabbio,500_1000
,81988.0,4.0,Mittleres Baumholz,281.0,,,lower/upper montane,7.0,0.2,,,1.0,,,2,2,2,2,,,,,,,2441,Mittleres Baumholz_7,1265.4,1,not_young,0,0,1,Verdabbio,1000_1500
,81990.0,3.0,Schwaches Baumholz,461.0,FI (7) / LA (2),,lower/upper montane,7.0,2.2,,,1.0,,,2,2,2,2,,,,,,,2442,Schwaches Baumholz_7,1292.9,1,not_young,0,0,1,Verdabbio,1000_1500
,81991.0,4.0,Mittleres Baumholz,377.0,FI (7),,lower/upper montane,7.0,0.3,,,1.0,,,2,2,2,2,,,,,,,2443,Mittleres Baumholz_7,1265.4,1,not_young,0,0,1,Verdabbio,1000_1500
,82177.0,4.0,Mittleres Baumholz,257.0,,,colline with beech,2.0,2.4,,,1.0,,,6,6,6,6,,,1.0,,,,2458,Mittleres Baumholz_2,778.7999999999998,0,not_young,0,0,0,Verdabbio,500_1000
,82374.0,4.0,Mittleres Baumholz,262.0,,,colline with beech,2.0,3.7,,,1.0,,,2,2,2,2,,,,,,,2479,Mittleres Baumholz_2,819.1,0,not_young,0,0,1,Verdabbio,500_1000
,82382.0,4.0,Mittleres Baumholz,431.0,FI (6),,colline with beech,2.0,1.5,,,1.0,,,2,2,2,2,,,,,,,2486,Mittleres Baumholz_2,778.1,0,not_young,0,0,1,Verdabbio,500_1000
,82383.0,3.0,Schwaches Baumholz,302.0,,,colline with beech,2.0,0.2,,,1.0,,,2,2,2,2,,,,,,,2487,Schwaches Baumholz_2,782.8999999999999,0,not_young,0,0,1,Verdabbio,500_1000
,82418.0,3.0,Schwaches Baumholz,269.0,,,lower/upper montane,7.0,4.3,,,1.0,,,2,2,2,2,,,,,,,2510,Schwaches Baumholz_7,1167.6,1,not_young,0,0,1,Verdabbio,1000_1500
,82582.0,4.0,Mittleres Baumholz,374.0,FI (1),,colline with beech,2.0,1.9,,,1.0,,,6,6,6,6,,,1.0,,,,2514,Mittleres Baumholz_2,805.2999999999998,0,not_young,0,0,0,Verdabbio,500_1000
,82829.0,3.0,Schwaches Baumholz,325.0,FI (1),,lower/upper montane,7.0,4.2,,,1.0,,,2,2,2,2,,,,,,,2557,Schwaches Baumholz_7,1321.1,1,not_young,0,0,1,Verdabbio,1000_1500
,82830.0,4.0,Mittleres Baumholz,454.0,FI (5) / LA (4),,high-montane (main area of silver fir),10.0,1.7,,,1.0,,,2,2,2,2,,,,,,,2558,Mittleres Baumholz_10,1284.0,1,not_young,0,0,1,Verdabbio,1000_1500
,82835.0,3.0,Schwaches Baumholz,350.0,,,high-montane (main area of silver fir),10.0,0.9,,,1.0,,,2,2,2,2,,,,,,,2563,Schwaches Baumholz_10,1332.2,1,not_young,0,0,1,Verdabbio,1000_1500
,83017.0,3.0,Schwaches Baumholz,355.0,,,colline with beech,2.0,0.4,,,1.0,,,6,6,6,6,,,1.0,,,,2567,Schwaches Baumholz_2,782.7999999999998,0,not_young,0,0,0,Verdabbio,500_1000
,83424.0,2.0,Stangenholz,232.0,FI (8),,colline with beech,2.0,0.5,,,1.0,,,2,2,2,2,,,,,,,2607,Stangenholz_2,829.7999999999998,0,not_young,0,0,1,Verdabbio,500_1000
,83426.0,3.0,Schwaches Baumholz,296.0,FI (1),,colline with beech,2.0,0.6,,,1.0,,,2,2,2,2,,,,,,,2608,Schwaches Baumholz_2,855.8999999999999,0,not_young,0,0,1,Verdabbio,500_1000
,83427.0,3.0,Schwaches Baumholz,184.0,FI (e) / KA (10),,colline with beech,2.0,3.2,,,1.0,,,6,6,6,6,,,1.0,,,,2609,Schwaches Baumholz_2,816.7,0,not_young,0,0,0,Verdabbio,500_1000
,83428.0,4.0,Mittleres Baumholz,293.0,FI (9),,colline with beech,2.0,0.4,,,1.0,,,6,6,6,6,,,1.0,,,,2610,Mittleres Baumholz_2,835.0,0,not_young,0,0,0,Verdabbio,500_1000
,83450.0,2.0,Stangenholz,164.0,FI (2),,subalpine,8.0,1.3,,,,,,3,3,3,3,,,,,,,2623,Stangenholz_8,1669.2,1,not_young,0,0,0,Verdabbio,1500_2000
,83623.0,3.0,Schwaches Baumholz,277.0,FI (e) / KA (10),,colline with beech,2.0,5.2,,,1.0,,,6,6,6,6,,,1.0,,,,2627,Schwaches Baumholz_2,848.7999999999998,0,not_young,0,0,0,Verdabbio,500_1000
,83635.0,3.0,Schwaches Baumholz,200.0,,,lower/upper montane,7.0,0.9,,,1.0,,,2,2,2,2,,,,,,,2634,Schwaches Baumholz_7,1089.5,1,not_young,0,0,1,Verdabbio,1000_1500
,83642.0,2.0,Stangenholz,140.0,,,lower/upper montane,7.0,1.4,,,,,,3,3,3,3,,,,,,,2639,Stangenholz_7,1092.6,1,not_young,0,0,0,Verdabbio,1000_1500
,83643.0,2.0,Stangenholz,130.0,,,lower/upper montane,7.0,0.6,,,1.0,,,2,2,2,2,,,,,,,2640,Stangenholz_7,1051.2,1,not_young,0,0,1,Verdabbio,1000_1500
,83650.0,3.0,Schwaches Baumholz,319.0,,,lower/upper montane,7.0,0.3,,,,,,3,3,3,3,,,,,,,2644,Schwaches Baumholz_7,1274.0,1,not_young,0,0,0,Verdabbio,1000_1500
,83651.0,3.0,Schwaches Baumholz,285.0,FI (4),,high-montane (main area of silver fir),10.0,1.7,,,1.0,,,2,2,2,2,,,,,,,2645,Schwaches Baumholz_10,1433.1,1,not_young,0,0,1,Verdabbio,1000_1500
,83653.0,3.0,Schwaches Baumholz,254.0,,,high-montane (main area of silver fir),10.0,0.5,,,1.0,,,2,2,2,2,,,,,,,2646,Schwaches Baumholz_10,1391.9,1,not_young,0,0,1,Verdabbio,1000_1500
,83656.0,3.0,Schwaches Baumholz,317.0,FI (1),,lower/upper montane,7.0,0.5,,,1.0,,,2,2,2,2,,,,,,,2649,Schwaches Baumholz_7,1334.2,1,not_young,0,0,1,Verdabbio,1000_1500
,83657.0,2.0,Stangenholz,208.0,,,lower/upper montane,7.0,0.6,,,,,,3,3,3,3,,,,,,,2650,Stangenholz_7,1269.9,1,not_young,0,0,0,Verdabbio,1000_1500
,83837.0,4.0,Mittleres Baumholz,301.0,FI (9) / KA (1),FI (10),lower/upper montane,7.0,0.5,,,1.0,,,6,6,6,6,,,1.0,,,,2657,Mittleres Baumholz_7,917.1,0,not_young,0,0,0,Verdabbio,500_1000
,83838.0,3.0,Schwaches Baumholz,313.0,FI (7) / BI (3),FI (10),lower/upper montane,7.0,1.6,,,1.0,,,2,2,2,2,,,,,,,2658,Schwaches Baumholz_7,988.3,0,not_young,0,0,1,Verdabbio,500_1000
,83839.0,4.0,Mittleres Baumholz,278.0,FI (10) / KA (e) / BI (e),,lower/upper montane,7.0,0.3,,,1.0,,,2,2,2,2,,,,,,,2659,Mittleres Baumholz_7,954.0,0,not_young,0,0,1,Verdabbio,500_1000
,84038.0,2.0,Stangenholz,134.0,KA (10) / BI (e),FI (10) / LA (e),lower/upper montane,7.0,1.0,,,1.0,,,6,6,6,6,,,1.0,,,,2676,Stangenholz_7,939.1,0,not_young,0,0,0,Verdabbio,500_1000
,84040.0,2.0,Stangenholz,120.0,KA (e) / BI (10),FI (10),lower/upper montane,7.0,0.3,,,1.0,,,2,2,2,2,,,,,,,2678,Stangenholz_7,897.1,0,not_young,0,0,1,Verdabbio,500_1000
,84056.0,2.0,Stangenholz,133.0,,,lower/upper montane,7.0,1.1,,,1.0,,,2,2,2,2,,,,,,,2690,Stangenholz_7,1110.7,1,not_young,0,0,1,Verdabbio,1000_1500
,84059.0,4.0,Mittleres Baumholz,204.0,FI (6),,lower/upper montane,7.0,1.0,,,1.0,,,2,2,2,2,,,,,,,2693,Mittleres Baumholz_7,1126.8,1,not_young,0,0,1,Verdabbio,1000_1500
,105042.0,2.0,Stangenholz,94.0,FI (5) / LA (4) / TA (1),,high-montane (main area of silver fir),10.0,0.4,,,,,,3,1,3,3,1.0,,,,,,2712,Stangenholz_10,1493.8,1,not_young,0,0,0,Verdabbio,1000_1500
,105051.0,3.0,Schwaches Baumholz,281.0,BU (6) / FI (2),,lower/upper montane,7.0,0.6,,,,,,3,3,3,3,,,,,,,2713,Schwaches Baumholz_7,1181.3,1,not_young,0,0,0,Verdabbio,1000_1500
,105053.0,4.0,Mittleres Baumholz,301.0,FI (10) / KA (e) / WFO (e),FI (e) / KA (10),colline with beech,2.0,0.5,,,1.0,,,6,6,6,6,,,1.0,,,,2714,Mittleres Baumholz_2,738.7999999999998,0,not_young,0,0,0,Verdabbio,500_1000
,105054.0,2.0,Stangenholz,136.0,BU (1) / KA (8) / LI (1),BU (1) / TEI (e) / FI (e) / KA (8) / BI (1) / LI (e) / LAB (e) / TAX (e) / TA (e) / WFO (e),colline with beech,2.0,0.3,,,1.0,,,6,6,6,6,,,1.0,,,,2715,Stangenholz_2,740.2999999999998,0,not_young,0,0,0,Verdabbio,500_1000
,105080.0,3.0,Schwaches Baumholz,290.0,WER (1) / ES (1) / FI (1) / KA (5) / BI (e) / AS (e) / KI (e) / LI (2),ES (3) / FI (4) / KA (1) / NU (e) / LI (e) / HAS (2),colline,3.0,0.6,,,1.0,,,6,6,6,6,,,1.0,,,,2732,Schwaches Baumholz_3,578.2,0,not_young,0,0,0,Verdabbio,500_1000
,105081.0,4.0,Mittleres Baumholz,421.0,FI (9) / KA (1),FI (3) / KA (7),colline with beech,2.0,0.3,,,1.0,,,2,2,2,2,,,,,,,2733,Mittleres Baumholz_2,699.2,0,not_young,0,0,1,Verdabbio,500_1000
,105094.0,3.0,Schwaches Baumholz,344.0,BU (7) / TEI (1) / BI (2) / TA (e),BU (8) / LAB (e) / HAS (1) / TA (1),lower/upper montane,7.0,0.6,,,1.0,,,2,2,2,2,,,,,,,2738,Schwaches Baumholz_7,1192.2,1,not_young,0,0,1,Verdabbio,1000_1500
,105095.0,3.0,Schwaches Baumholz,307.0,BAH (e) / BU (5) / TEI (e) / ES (1) / FI (1) / BI (1) / MBE (e) / BFO (e) / TA (2),BU (7) / FI (1) / HAS (1) / TA (1),lower/upper montane,7.0,1.1,,,1.0,,1.0,2,2,2,8,,,,1.0,,,2739,Schwaches Baumholz_7,1262.3,1,not_young,0,0,1,Verdabbio,1000_1500
,105096.0,2.0,Stangenholz,231.0,BU (e) / TEI (9) / ES (e) / KA (1) / KI (e),TEI (8) / KA (2) / MBE (e),lower/upper montane,7.0,0.9,,,1.0,,,2,2,2,2,,,,,,,2740,Stangenholz_7,996.7,0,not_young,0,0,1,Verdabbio,500_1000
,105097.0,3.0,Schwaches Baumholz,303.0,BU (8) / ES (1) / BI (1) / AS (e),BU (8) / ES (e) / FI (1) / MBE (e) / HAS (1),lower/upper montane,7.0,0.5,,,1.0,,,2,2,2,2,,,,,,,2741,Schwaches Baumholz_7,1183.3,1,not_young,0,0,1,Verdabbio,1000_1500
,105098.0,4.0,Mittleres Baumholz,329.0,BU (2) / FI (2) / LA (1) / TA (4) / WFO (1),BU (5) / FI (3) / LA (1) / TA (1),lower/upper montane,7.0,0.6,,,1.0,,1.0,2,2,2,8,,,,1.0,,,2742,Mittleres Baumholz_7,1351.8,1,not_young,0,0,1,Verdabbio,1000_1500
,105099.0,4.0,Mittleres Baumholz,263.0,BU (5) / FI (3) / LA (e) / TA (e) / WFO (2),BU (8) / FI (2),lower/upper montane,7.0,1.2,0.0,,1.0,,1.0,2,2,2,8,,,,1.0,,,2743,Mittleres Baumholz_7,1320.0,1,not_young,0,0,1,Verdabbio,1000_1500
,105100.0,4.0,Mittleres Baumholz,307.0,BU (6) / FI (3) / LA (e) / TA (e) / WFO (1),BU (6) / FI (3) / LA (1) / BI (e) / MBE (e) / WFO (e),lower/upper montane,7.0,1.1,,,1.0,,1.0,2,2,2,8,,,,1.0,,,2744,Mittleres Baumholz_7,1388.3,1,not_young,0,0,1,Verdabbio,1000_1500
,105101.0,4.0,Mittleres Baumholz,277.0,BU (3) / FI (2) / LA (e) / BI (1) / TA (4),BU (5) / FI (3) / BI (1) / TA (1),lower/upper montane,7.0,0.9,,,1.0,,1.0,2,2,2,8,,,,1.0,,,2745,Mittleres Baumholz_7,1428.5,1,not_young,0,0,1,Verdabbio,1000_1500
,105102.0,3.0,Schwaches Baumholz,198.0,BU (4) / FI (3) / BI (1) / TA (2),BU (2) / FI (6) / BI (1) / TA (1),lower/upper montane,7.0,0.3,,,1.0,,1.0,2,2,2,8,,,,1.0,,,2746,Schwaches Baumholz_7,1381.9,1,not_young,0,0,1,Verdabbio,1000_1500
,105103.0,4.0,Mittleres Baumholz,294.0,BU (5) / TEI (e) / FI (e) / LA (1) / BI (e) / WFO (4),BU (6) / FI (4) / BI (e) / TA (e),lower/upper montane,7.0,0.5,,,1.0,,,2,2,2,2,,,,,,,2747,Mittleres Baumholz_7,1242.6,1,not_young,0,0,1,Verdabbio,1000_1500
,105104.0,3.0,Schwaches Baumholz,258.0,BU (1) / FI (8) / BI (e) / TA (1),BU (2) / FI (7) / BI (e) / TA (1),lower/upper montane,7.0,1.3,,,1.0,,1.0,2,2,2,8,,,,1.0,,,2748,Schwaches Baumholz_7,1368.9,1,not_young,0,0,1,Verdabbio,1000_1500
,105105.0,4.0,Mittleres Baumholz,288.0,BU (3) / FI (2) / LA (e) / TA (5) / WFO (e),BU (9) / FI (1) / LA (e),lower/upper montane,7.0,0.5,,,1.0,,1.0,2,2,2,8,,,,1.0,,,2749,Mittleres Baumholz_7,1310.9,1,not_young,0,0,1,Verdabbio,1000_1500
,105107.0,4.0,Mittleres Baumholz,382.0,BU (4) / TEI (1) / ES (1) / FI (e) / KA (1) / BI (2) / AS (e) / LI (1),BU (3) / ES (1) / AS (1) / LI (2) / HAS (3),lower/upper montane,7.0,1.2,,,1.0,,1.0,2,2,2,2,,,,0.0,,,2750,Mittleres Baumholz_7,1071.6,1,not_young,0,0,1,Verdabbio,1000_1500
,105109.0,3.0,Schwaches Baumholz,310.0,BU (5) / TEI (1) / FI (2) / LA (e) / BI (2) / TA (e),BU (7) / TEI (1) / FI (1) / LA (e) / MBE (e) / LAB (e) / BFO (e) / HAS (1) / TA (e),lower/upper montane,7.0,0.7,,,1.0,,1.0,2,2,2,8,,,,1.0,,,2751,Schwaches Baumholz_7,1224.7,1,not_young,0,0,1,Verdabbio,1000_1500
,105110.0,3.0,Schwaches Baumholz,167.0,BU (3) / FI (2) / BI (2) / TA (3),BU (1) / FI (2) / BI (6) / TA (1),lower/upper montane,7.0,0.4,,,1.0,,1.0,2,2,2,8,,,,1.0,,,2752,Schwaches Baumholz_7,1313.9,1,not_young,0,0,1,Verdabbio,1000_1500
,105111.0,4.0,Mittleres Baumholz,304.0,BAH (e) / BU (4) / TEI (2) / FI (e) / BI (1) / TA (3),BU (8) / FI (e) / MBE (e) / LAB (e) / HAS (1) / TA (1),lower/upper montane,7.0,2.0,,,1.0,,1.0,2,2,2,8,,,,1.0,,,2753,Mittleres Baumholz_7,1168.8,1,not_young,0,0,1,Verdabbio,1000_1500
,105112.0,2.0,Stangenholz,279.0,FI (1) / KA (8) / LA (e) / AS (1),FI (1) / KA (7) / HAS (2) / TA (e),colline,3.0,4.9,,,1.0,,,2,2,2,2,,,,,,,2754,Stangenholz_3,650.6,0,not_young,0,0,1,Verdabbio,500_1000
,105113.0,2.0,Stangenholz,205.0,FI (e) / KA (9) / LA (e) / BI (e) / TA (e) / WFO (1),TEI (e) / FI (1) / KA (9) / BI (e) / WFO (e),colline with beech,2.0,3.0,,,1.0,,,6,6,6,6,,,1.0,,,,2755,Stangenholz_2,704.6,0,not_young,0,0,0,Verdabbio,500_1000
,105114.0,1.0,Jungwuchs/Dickung,22.0,,FI (e) / KA (10),colline with beech,2.0,0.3,,,1.0,,,6,6,6,6,,,1.0,,,,2756,Jungwuchs/Dickung_2,627.1,0,young,0,0,0,Verdabbio,500_1000
,105115.0,1.0,Jungwuchs/Dickung,156.0,,FI (1) / KA (9) / HAS (e),colline,3.0,0.3,,,1.0,,,7,7,7,7,,1.0,,,,,2757,Jungwuchs/Dickung_3,588.6,0,young,0,0,0,Verdabbio,500_1000
,105116.0,1.0,Jungwuchs/Dickung,116.0,,BU (e) / TEI (e) / FI (1) / KA (8) / HAS (1),colline with beech,2.0,0.7,,,1.0,,,6,6,6,6,,,1.0,,,,2758,Jungwuchs/Dickung_2,665.3,0,young,0,0,0,Verdabbio,500_1000
,105117.0,2.0,Stangenholz,121.0,FI (e) / KA (10) / LA (e) / BI (e) / BFO (e),TEI (e) / FI (1) / KA (7) / LA (e) / BI (e) / HAS (2),colline with beech,2.0,3.3,,,1.0,,,6,6,6,6,,,1.0,,,,2759,Stangenholz_2,696.9,0,not_young,0,0,0,Verdabbio,500_1000
,105118.0,3.0,Schwaches Baumholz,265.0,BU (e) / FI (1) / KA (8) / BI (1),FI (2) / KA (8),colline with beech,2.0,1.6,,,1.0,,,6,6,6,6,,,1.0,,,,2760,Schwaches Baumholz_2,782.1,0,not_young,0,0,0,Verdabbio,500_1000
,105147.0,5.0,Starkes Baumholz,346.0,FI (5) / LA (3) / TA (1),,high-montane (main area of silver fir),10.0,1.7,1.0,,,,,1,1,1,1,,,,,,,2787,Starkes Baumholz_10,1606.3,1,not_young,0,0,0,Verdabbio,1500_2000
,105148.0,4.0,Mittleres Baumholz,202.0,FI (8) / LA (2),,subalpine,8.0,1.0,1.0,,,,,1,1,1,1,,,,,,,2788,Mittleres Baumholz_8,1846.9,1,not_young,0,0,0,Verdabbio,1500_2000
,105149.0,4.0,Mittleres Baumholz,236.0,FI (8) / LA (2),,upper subalpine,9.0,0.6,1.0,,,,,1,1,1,1,,,,,,,2789,Mittleres Baumholz_9,1965.2,1,not_young,0,0,0,Verdabbio,1500_2000
,105153.0,2.0,Stangenholz,87.0,LA (1) / LFO (1),,high-montane (main area of silver fir),10.0,1.5,,,,,,3,1,3,3,1.0,,,,,,2791,Stangenholz_10,1535.5,1,not_young,0,0,0,Verdabbio,1500_2000
,105226.0,2.0,Stangenholz,131.0,,,lower/upper montane,7.0,0.5,,,1.0,,,2,2,2,2,,,,,,,2796,Stangenholz_7,983.2,0,not_young,0,0,1,Verdabbio,500_1000
,105227.0,2.0,Stangenholz,115.0,,,lower/upper montane,7.0,1.4,,,1.0,,,2,2,2,2,,,,,,,2797,Stangenholz_7,883.6,0,not_young,0,0,1,Verdabbio,500_1000
,105228.0,2.0,Stangenholz,77.0,,,lower/upper montane,7.0,2.1,,,1.0,,,2,2,2,2,,,,,,,2798,Stangenholz_7,858.2999999999998,0,not_young,0,0,1,Verdabbio,500_1000
,105231.0,3.0,Schwaches Baumholz,178.0,AER (1) / LA (8) / LFO (1),,subalpine,8.0,1.8,0.0,,,,,3,1,3,3,1.0,,,,,,2801,Schwaches Baumholz_8,1784.1,1,not_young,0,0,0,Verdabbio,1500_2000
,105232.0,4.0,Mittleres Baumholz,135.0,LA (10),,upper subalpine,9.0,0.8,0.0,,,,,3,1,3,3,1.0,,,,,,2802,Mittleres Baumholz_9,1907.0,1,not_young,0,0,0,Verdabbio,1500_2000
,105234.0,4.0,Mittleres Baumholz,250.0,FI (8) / LA (2),,upper subalpine,9.0,1.5,1.0,,,,,1,1,1,1,,,,,,,2803,Mittleres Baumholz_9,1878.6,1,not_young,0,0,0,Verdabbio,1500_2000
,105249.0,3.0,Schwaches Baumholz,241.0,FI (e) / KA (5) / BI (3) / AS (1) / UST (e) / WFO (1),KA (8) / AS (2),colline with beech,2.0,0.8,,,1.0,,,6,6,6,6,,,1.0,,,,2813,Schwaches Baumholz_2,722.8999999999999,0,not_young,0,0,0,Verdabbio,500_1000
,105251.0,1.0,Jungwuchs/Dickung,172.0,FI (e) / KA (10) / BI (e) / HAS (e),FI (e) / KA (10) / BI (e) / HAS (e),colline with beech,2.0,0.5,,,1.0,,,2,2,2,2,,,,,,,2814,Jungwuchs/Dickung_2,676.3,0,young,0,0,1,Verdabbio,500_1000
,105252.0,5.0,Starkes Baumholz,86.0,KA (10) / BI (e),ES (e) / KA (4) / BI (1) / AS (e) / WEI (1) / STP (e) / HAS (1) / UST (3),colline,3.0,1.1,,,1.0,,,7,7,7,7,,1.0,,,,,2815,Starkes Baumholz_3,645.0,0,not_young,0,0,0,Verdabbio,500_1000
,105262.0,1.0,Jungwuchs/Dickung,162.0,,SER (4) / ES (1) / FI (e) / KI (e) / RO (1) / STP (1) / HAS (1) / HOL (2) / UST (e),colline,3.0,0.9,,,1.0,,,6,6,6,6,,,1.0,,,,2820,Jungwuchs/Dickung_3,469.3,0,young,0,0,0,Verdabbio,300_500
,105268.0,3.0,Schwaches Baumholz,175.0,BU (8),,lower/upper montane,7.0,0.6,,,1.0,,,2,2,2,2,,,,,,,2826,Schwaches Baumholz_7,1029.2,1,not_young,0,0,1,Verdabbio,1000_1500
,105269.0,3.0,Schwaches Baumholz,253.0,BU (7),,lower/upper montane,7.0,1.1,,,1.0,,,2,2,2,2,,,,,,,2827,Schwaches Baumholz_7,1145.1,1,not_young,0,0,1,Verdabbio,1000_1500
,105270.0,4.0,Mittleres Baumholz,212.0,BU (8) / FI (1),,lower/upper montane,7.0,1.1,,,1.0,,,2,2,2,2,,,,,,,2828,Mittleres Baumholz_7,1373.0,1,not_young,0,0,1,Verdabbio,1000_1500
,105272.0,3.0,Schwaches Baumholz,192.0,BU (2),,lower/upper montane,7.0,0.8,,,1.0,,,2,2,2,2,,,,,,,2829,Schwaches Baumholz_7,1037.2,1,not_young,0,0,1,Verdabbio,1000_1500
,105274.0,4.0,Mittleres Baumholz,365.0,BU (2),,lower/upper montane,7.0,0.4,1.0,,,,,1,1,1,1,,,,,,,2831,Mittleres Baumholz_7,1111.8,1,not_young,0,0,0,Verdabbio,1000_1500
,105275.0,4.0,Mittleres Baumholz,226.0,BU (3) / FI (2),,lower/upper montane,7.0,1.8,1.0,,,,,1,1,1,1,,,,,,,2832,Mittleres Baumholz_7,1272.3,1,not_young,0,0,0,Verdabbio,1000_1500
,105276.0,3.0,Schwaches Baumholz,304.0,BU (6),,lower/upper montane,7.0,0.5,1.0,,,,,1,1,1,1,,,,,,,2833,Schwaches Baumholz_7,1164.1,1,not_young,0,0,0,Verdabbio,1000_1500
,105278.0,5.0,Starkes Baumholz,416.0,BU (1) / FI (3) / LA (1) / TA (2),,lower/upper montane,7.0,1.6,1.0,,,,,1,1,1,1,,,,,,,2835,Starkes Baumholz_7,1197.5,1,not_young,0,0,0,Verdabbio,1000_1500
,105279.0,4.0,Mittleres Baumholz,303.0,BU (1) / FI (6) / LA (1) / TA (2),,high-montane (main area of silver fir),10.0,1.6,1.0,,,,,1,1,1,1,,,,,,,2836,Mittleres Baumholz_10,1582.8,1,not_young,0,0,0,Verdabbio,1500_2000
,105292.0,4.0,Mittleres Baumholz,271.0,BU (5) / FI (e) / BI (2) / TA (3),BU (3) / FI (e) / BI (7) / TA (e),lower/upper montane,7.0,1.1,,,1.0,,1.0,2,2,2,8,,,,1.0,,,2843,Mittleres Baumholz_7,1269.8,1,not_young,0,0,1,Verdabbio,1000_1500
,105293.0,4.0,Mittleres Baumholz,333.0,BU (4) / FI (e) / LA (e) / BI (e) / TA (6) / WFO (e),BU (6) / FI (e) / LA (e) / BI (e) / MBE (e) / HAS (1) / TA (3),lower/upper montane,7.0,0.9,,,1.0,,1.0,2,2,2,8,,,,1.0,,,2844,Mittleres Baumholz_7,1149.7,1,not_young,0,0,1,Verdabbio,1000_1500
,105306.0,1.0,Jungwuchs/Dickung,104.0,,,colline with beech,2.0,0.4,,,1.0,,,6,6,6,6,,,1.0,,,,2852,Jungwuchs/Dickung_2,699.4,0,young,0,0,0,Verdabbio,500_1000
,105307.0,1.0,Jungwuchs/Dickung,213.0,,BAH (e) / TEI (5) / FI (e) / KA (4) / BI (e) / AS (e) / WFO (1),colline with beech,2.0,0.2,,,1.0,,,6,6,6,6,,,1.0,,,,2853,Jungwuchs/Dickung_2,744.6,0,young,0,0,0,Verdabbio,500_1000
,105346.0,2.0,Stangenholz,227.0,,,high-montane (main area of silver fir),10.0,1.2,0.0,,1.0,,,2,2,2,2,,,,,,,2878,Stangenholz_10,1617.9,1,not_young,0,0,0,Verdabbio,1500_2000
,105347.0,1.0,Jungwuchs/Dickung,196.0,,,subalpine,8.0,2.1,0.0,,,,,3,3,3,3,,,,,,,2879,Jungwuchs/Dickung_8,1700.0,1,young,0,0,0,Verdabbio,1500_2000
,105348.0,2.0,Stangenholz,347.0,FI (5) / LA (4) / TA (1),,high-montane (main area of silver fir),10.0,0.6,,,1.0,,,2,2,2,2,,,,,,,2880,Stangenholz_10,1503.1,1,not_young,0,0,0,Verdabbio,1500_2000
,105428.0,3.0,Schwaches Baumholz,248.0,FI (9) / LA (1),,subalpine,8.0,1.7,1.0,,,,,1,1,1,1,,,,,,,2886,Schwaches Baumholz_8,1739.9,1,not_young,0,0,0,Verdabbio,1500_2000
,105429.0,4.0,Mittleres Baumholz,304.0,FI (8) / TA (2),,subalpine,8.0,1.9,1.0,,,,,1,1,1,1,,,,,,,2887,Mittleres Baumholz_8,1723.5,1,not_young,0,0,0,Verdabbio,1500_2000
,105430.0,2.0,Stangenholz,189.0,FI (8) / TA (1),,high-montane (main area of silver fir),10.0,0.6,1.0,,,,,1,1,1,1,,,,,,,2888,Stangenholz_10,1606.2,1,not_young,0,0,0,Verdabbio,1500_2000
,105431.0,4.0,Mittleres Baumholz,221.0,FI (8) / LA (1) / TA (1),,subalpine,8.0,0.9,1.0,,,,,1,1,1,1,,,,,,,2889,Mittleres Baumholz_8,1707.7,1,not_young,0,0,0,Verdabbio,1500_2000
,105432.0,3.0,Schwaches Baumholz,128.0,BU (4),,lower/upper montane,7.0,1.2,,,1.0,,,2,2,2,2,,,,,,,2890,Schwaches Baumholz_7,1014.2,1,not_young,0,0,1,Verdabbio,1000_1500
,105433.0,3.0,Schwaches Baumholz,138.0,FI (10),,-,5.0,0.3,,,,,,3,1,3,3,1.0,,,,,,2891,Schwaches Baumholz_5,2066.0,1,not_young,0,0,0,Verdabbio,2000_2500
,105434.0,4.0,Mittleres Baumholz,173.0,FI (9) / LA (1),,upper subalpine,9.0,0.6,1.0,,,,,1,1,1,1,,,,,,,2892,Mittleres Baumholz_9,1954.4,1,not_young,0,0,0,Verdabbio,1500_2000
,105435.0,4.0,Mittleres Baumholz,217.0,BU (5) / FI (3) / TA (2),,subalpine,8.0,0.3,1.0,,,,,1,1,1,1,,,,,,,2893,Mittleres Baumholz_8,1619.3,1,not_young,0,0,0,Verdabbio,1500_2000
,105436.0,3.0,Schwaches Baumholz,248.0,FI (8) / TA (1),,subalpine,8.0,1.1,1.0,,,,,1,1,1,1,,,,,,,2894,Schwaches Baumholz_8,1725.2,1,not_young,0,0,0,Verdabbio,1500_2000
,105437.0,3.0,Schwaches Baumholz,282.0,BU (3) / FI (4) / LA (1),,lower/upper montane,7.0,1.2,1.0,,,,,1,1,1,1,,,,,,,2895,Schwaches Baumholz_7,1427.4,1,not_young,0,0,0,Verdabbio,1000_1500
,105438.0,2.0,Stangenholz,234.0,BU (5) / FI (2),,lower/upper montane,7.0,0.8,1.0,,,,,1,1,1,1,,,,,,,2896,Stangenholz_7,1418.3,1,not_young,0,0,0,Verdabbio,1000_1500
,105442.0,4.0,Mittleres Baumholz,426.0,BU (3) / FI (3) / TA (2),,lower/upper montane,7.0,1.2,1.0,,,,,1,1,1,1,,,,,,,2899,Mittleres Baumholz_7,1262.0,1,not_young,0,0,0,Verdabbio,1000_1500
,105443.0,2.0,Stangenholz,198.0,BU (5),,lower/upper montane,7.0,1.1,1.0,,,,,1,1,1,1,,,,,,,2900,Stangenholz_7,1415.3,1,not_young,0,0,0,Verdabbio,1000_1500
,105444.0,3.0,Schwaches Baumholz,207.0,BU (3) / FI (6) / TA (1),,lower/upper montane,7.0,0.4,1.0,,,,,1,1,1,1,,,,,,,2901,Schwaches Baumholz_7,1529.5,1,not_young,0,0,0,Verdabbio,1500_2000
,105447.0,3.0,Schwaches Baumholz,127.0,AER (5) / FI (3) / LA (2),,-,5.0,0.4,1.0,,,,,1,1,1,1,,,,,,,2902,Schwaches Baumholz_5,2159.9,1,not_young,0,0,0,Verdabbio,2000_2500
,105459.0,2.0,Stangenholz,163.0,BU (3) / FI (1),,lower/upper montane,7.0,1.1,1.0,,,,,1,1,1,1,,,,,,,2908,Stangenholz_7,1291.1,1,not_young,0,0,0,Verdabbio,1000_1500
,105460.0,3.0,Schwaches Baumholz,235.0,BU (2) / FI (1),,lower/upper montane,7.0,1.7,1.0,,,,,1,1,1,1,,,,,,,2909,Schwaches Baumholz_7,1495.3,1,not_young,0,0,0,Verdabbio,1000_1500
,105463.0,2.0,Stangenholz,19.0,FI (2),,lower/upper montane,7.0,0.4,,,1.0,,,2,2,2,2,,,,,,,2910,Stangenholz_7,914.3,0,not_young,0,0,1,Verdabbio,500_1000
,105464.0,2.0,Stangenholz,73.0,,,colline,3.0,1.1,,,1.0,,,2,2,2,2,,,,,,,2911,Stangenholz_3,655.6,0,not_young,0,0,1,Verdabbio,500_1000
,105469.0,3.0,Schwaches Baumholz,272.0,BAH (2) / ES (1) / KA (6) / KI (e) / LI (1),BAH (2) / ES (1) / KA (2) / NU (e) / KI (e) / LI (e) / HAS (4) / HOL (1) / UST (e),colline,3.0,1.6,,,1.0,,,2,2,2,2,,,,,,,2916,Schwaches Baumholz_3,491.7,0,not_young,0,0,1,Verdabbio,300_500
,105494.0,3.0,Schwaches Baumholz,133.0,,,colline with beech,2.0,0.8,,,1.0,,,2,2,2,2,,,,,,,2934,Schwaches Baumholz_2,620.7,0,not_young,0,0,1,Verdabbio,500_1000
,105499.0,1.0,Jungwuchs/Dickung,35.0,FI (8) / LA (2),,high-montane (main area of silver fir),10.0,0.9,,,,,,3,1,3,3,1.0,,,,,,2935,Jungwuchs/Dickung_10,1534.0,1,young,0,0,0,Verdabbio,1500_2000
,105501.0,4.0,Mittleres Baumholz,403.0,BAH (1) / BU (2) / ES (1) / FI (e) / KA (e) / BI (1) / AS (1) / LI (1) / TA (3),BU (7) / BI (e) / LI (1) / HAS (1) / TA (1),lower/upper montane,7.0,6.0,,,1.0,,1.0,2,2,2,2,,,,0.0,,,2936,Mittleres Baumholz_7,1067.1,1,not_young,0,0,1,Verdabbio,1000_1500
,105502.0,4.0,Mittleres Baumholz,570.0,,,lower/upper montane,7.0,1.7,,,1.0,,1.0,2,2,2,2,,,,0.0,,,2937,Mittleres Baumholz_7,1022.3,1,not_young,0,0,1,Verdabbio,1000_1500
,105509.0,4.0,Mittleres Baumholz,323.0,BAH (e) / BU (2) / FI (5) / LA (3) / BI (e) / TA (e) / WFO (e),BU (1) / FI (4) / LA (5) / MBE (e) / TA (e),high-montane (main area of silver fir),10.0,1.2,0.0,,1.0,,1.0,2,2,2,2,,,,0.0,,,2944,Mittleres Baumholz_10,1680.0,1,not_young,0,0,0,Verdabbio,1500_2000
,105511.0,4.0,Mittleres Baumholz,433.0,,,lower/upper montane,7.0,1.1,,,1.0,,,2,2,2,2,,,,,,,2945,Mittleres Baumholz_7,1338.2,1,not_young,0,0,0,Verdabbio,1000_1500
,105514.0,4.0,Mittleres Baumholz,503.0,FI (4) / LA (2) / TA (3),,lower/upper montane,7.0,1.1,,,1.0,,1.0,2,2,2,2,,,,0.0,,,2948,Mittleres Baumholz_7,1033.0,1,not_young,0,0,1,Verdabbio,1000_1500
,105653.0,4.0,Mittleres Baumholz,475.0,LA (3) / TA (7),,lower/upper montane,7.0,1.4,,,1.0,,1.0,2,2,2,8,,,,1.0,,,2990,Mittleres Baumholz_7,1219.8,1,not_young,0,0,1,Verdabbio,1000_1500
,105657.0,2.0,Stangenholz,260.0,BU (8) / FI (2),,high-montane (main area of silver fir),10.0,0.7,,,1.0,,,2,2,2,2,,,,,,,2994,Stangenholz_10,1585.4,1,not_young,0,0,1,Verdabbio,1500_2000
,105658.0,3.0,Schwaches Baumholz,191.0,BU (4) / FI (5),,high-montane (main area of silver fir),10.0,0.5,,,1.0,,,2,2,2,2,,,,,,,2995,Schwaches Baumholz_10,1500.0,1,not_young,0,0,1,Verdabbio,1500_2000
,105659.0,3.0,Schwaches Baumholz,238.0,BU (5) / FI (3),,high-montane (main area of silver fir),10.0,2.8,,,1.0,,,2,2,2,2,,,,,,,2996,Schwaches Baumholz_10,1516.2,1,not_young,0,0,1,Verdabbio,1500_2000
,105660.0,3.0,Schwaches Baumholz,136.0,BU (7) / FI (1),,lower/upper montane,7.0,0.7,,,1.0,,,2,2,2,2,,,,,,,2997,Schwaches Baumholz_7,1350.4,1,not_young,0,0,1,Verdabbio,1000_1500
,105661.0,2.0,Stangenholz,188.0,BU (8) / FI (2),,high-montane (main area of silver fir),10.0,0.6,,,1.0,,,2,2,2,2,,,,,,,2998,Stangenholz_10,1459.7,1,not_young,0,0,1,Verdabbio,1000_1500
,105662.0,4.0,Mittleres Baumholz,251.0,FI (5) / LA (4),,subalpine,8.0,2.5,,,1.0,,,2,2,2,2,,,,,,,2999,Mittleres Baumholz_8,1711.8,1,not_young,0,0,1,Verdabbio,1500_2000
,105663.0,2.0,Stangenholz,153.0,BU (1) / AER (3) / FI (2) / LA (1),,upper subalpine,9.0,2.0,,,,,,3,3,3,3,,,,,,,3000,Stangenholz_9,1865.8,1,not_young,0,0,0,Verdabbio,1500_2000
,105664.0,4.0,Mittleres Baumholz,452.0,FI (10),,subalpine,8.0,0.4,,,1.0,,,2,2,2,2,,,,,,,3001,Mittleres Baumholz_8,1683.3,1,not_young,0,0,1,Verdabbio,1500_2000
,105665.0,4.0,Mittleres Baumholz,254.0,BU (2) / FI (7),,subalpine,8.0,1.5,,,1.0,,,2,2,2,2,,,,,,,3002,Mittleres Baumholz_8,1688.0,1,not_young,0,0,1,Verdabbio,1500_2000
,105666.0,2.0,Stangenholz,182.0,BU (7) / FI (2),,subalpine,8.0,1.2,,,1.0,,,2,2,2,2,,,,,,,3003,Stangenholz_8,1643.2,1,not_young,0,0,1,Verdabbio,1500_2000
,105667.0,3.0,Schwaches Baumholz,61.0,BU (2),,lower/upper montane,7.0,0.6,,,1.0,,,2,2,2,2,,,,,,,3004,Schwaches Baumholz_7,1072.5,1,not_young,0,0,1,Verdabbio,1000_1500
,105670.0,5.0,Starkes Baumholz,404.0,FI (4) / LA (6),,subalpine,8.0,1.4,1.0,,,,,1,1,1,1,,,,,,,3005,Starkes Baumholz_8,1798.7,1,not_young,0,0,0,Verdabbio,1500_2000
,105671.0,3.0,Schwaches Baumholz,264.0,FI (6) / LA (4),,subalpine,8.0,0.2,1.0,,,,,1,1,1,1,,,,,,,3006,Schwaches Baumholz_8,1918.8,1,not_young,0,0,0,Verdabbio,1500_2000
,105672.0,1.0,Jungwuchs/Dickung,112.0,AER (1) / LA (7) / LFO (2),,subalpine,8.0,2.0,,,,,,3,1,3,3,1.0,,,,,,3007,Jungwuchs/Dickung_8,1861.5,1,young,0,0,0,Verdabbio,1500_2000
,105673.0,3.0,Schwaches Baumholz,216.0,BU (2) / FI (1),,lower/upper montane,7.0,1.7,,,,,,3,1,3,3,1.0,,,,,,3008,Schwaches Baumholz_7,1309.7,1,not_young,0,0,0,Verdabbio,1000_1500
,105674.0,5.0,Starkes Baumholz,336.0,BU (1) / FI (1),,lower/upper montane,7.0,1.7,,,,,,3,1,3,3,1.0,,,,,,3009,Starkes Baumholz_7,1327.1,1,not_young,0,0,0,Verdabbio,1000_1500
,105698.0,2.0,Stangenholz,142.0,TEI (1) / KA (7) / BI (e) / LI (2),TEI (e) / KA (10) / LI (e),colline,3.0,1.8,,,1.0,,,6,6,6,6,,,1.0,,,,3026,Stangenholz_3,590.3,0,not_young,0,0,0,Verdabbio,500_1000
,105699.0,2.0,Stangenholz,128.0,KA (9) / BI (e) / WEI (1),KA (9) / BI (e) / HAS (1),colline with beech,2.0,0.2,,,1.0,,,2,2,2,2,,,,,,,3027,Stangenholz_2,708.5,0,not_young,0,0,1,Verdabbio,500_1000
,105700.0,2.0,Stangenholz,125.0,KA (9) / BI (1),KA (10) / BI (e),colline with beech,2.0,0.8,,,1.0,,,2,2,2,2,,,,,,,3028,Stangenholz_2,832.2,0,not_young,0,0,1,Verdabbio,500_1000
,105701.0,2.0,Stangenholz,148.0,KA (7) / BI (2) / AS (e) / WEI (1),KA (5) / BI (1) / AS (e) / WEI (4),colline with beech,2.0,0.2,,,1.0,,,2,2,2,2,,,,,,,3029,Stangenholz_2,788.8999999999999,0,not_young,0,0,1,Verdabbio,500_1000
,105703.0,2.0,Stangenholz,316.0,BU (10),,lower/upper montane,7.0,1.0,1.0,,,,,1,1,1,1,,,,,,,3030,Stangenholz_7,1336.8,1,not_young,0,0,0,Verdabbio,1000_1500
,105704.0,2.0,Stangenholz,320.0,BU (8) / FI (2),,lower/upper montane,7.0,1.0,1.0,,,,,1,1,1,1,,,,,,,3031,Stangenholz_7,1262.0,1,not_young,0,0,0,Verdabbio,1000_1500
,105705.0,4.0,Mittleres Baumholz,298.0,FI (8) / LA (2),,subalpine,8.0,2.6,1.0,,,,,1,1,1,1,,,,,,,3032,Mittleres Baumholz_8,1810.0,1,not_young,0,0,0,Verdabbio,1500_2000
,105706.0,3.0,Schwaches Baumholz,345.0,BU (2) / FI (4) / LA (2) / TA (2),,high-montane (main area of silver fir),10.0,0.5,1.0,,,,,1,1,1,1,,,,,,,3033,Schwaches Baumholz_10,1526.4,1,not_young,0,0,0,Verdabbio,1500_2000
,105707.0,3.0,Schwaches Baumholz,440.0,BU (3) / FI (3) / LA (2) / TA (2),,lower/upper montane,7.0,0.7,1.0,,,,,1,1,1,1,,,,,,,3034,Schwaches Baumholz_7,1509.2,1,not_young,0,0,0,Verdabbio,1500_2000
,105709.0,4.0,Mittleres Baumholz,262.0,FI (1) / LA (9),,subalpine,8.0,1.1,1.0,,,,,1,1,1,1,,,,,,,3035,Mittleres Baumholz_8,1918.7,1,not_young,0,0,0,Verdabbio,1500_2000
,105724.0,4.0,Mittleres Baumholz,286.0,FI (8) / LA (2),,high-montane (main area of silver fir),10.0,2.9,1.0,,,,,1,1,1,1,,,,,,,3049,Mittleres Baumholz_10,1691.4,1,not_young,0,0,0,Verdabbio,1500_2000
,105732.0,4.0,Mittleres Baumholz,478.0,BU (1) / LA (3) / TA (6),,lower/upper montane,7.0,2.8,,,1.0,,1.0,2,2,2,8,,,,1.0,,,3057,Mittleres Baumholz_7,1198.6,1,not_young,0,0,1,Verdabbio,1000_1500
,105745.0,3.0,Schwaches Baumholz,153.0,KA (10) / LI (e),FI (e) / KA (8) / KI (e) / HAS (2),colline,3.0,0.4,,,1.0,,,6,6,6,6,,,1.0,,,,3065,Schwaches Baumholz_3,606.6,0,not_young,0,0,0,Verdabbio,500_1000
,105746.0,2.0,Stangenholz,195.0,FI (1) / KA (9),FI (7) / KA (1) / HAS (2),colline,3.0,0.5,,,1.0,,,6,6,6,6,,,1.0,,,,3066,Stangenholz_3,463.1,0,not_young,0,0,0,Verdabbio,300_500
,105747.0,4.0,Mittleres Baumholz,199.0,FI (2) / KA (7) / BI (e) / LI (1),FI (3) / KA (2) / HAS (5) / UST (e),colline,3.0,4.9,,,1.0,,,2,2,2,2,,,,,,,3067,Mittleres Baumholz_3,767.3999999999999,0,not_young,0,0,1,Verdabbio,500_1000
,105748.0,4.0,Mittleres Baumholz,264.0,TEI (e) / FI (3) / KA (6) / BI (e) / LI (e) / WFO (1),FI (6) / KA (2) / HAS (2) / TA (e),colline,3.0,1.6,,,1.0,,,2,2,2,2,,,,,,,3068,Mittleres Baumholz_3,404.7,0,not_young,0,0,1,Verdabbio,300_500
,105749.0,4.0,Mittleres Baumholz,235.0,BAH (e) / ES (1) / FI (e) / KA (7) / BI (1) / AS (1),ES (1) / FI (2) / KA (3) / MBE (e) / HAS (4),colline with beech,2.0,1.3,,,1.0,,,6,6,6,6,,,1.0,,,,3069,Mittleres Baumholz_2,551.6,0,not_young,0,0,0,Verdabbio,500_1000
,105750.0,3.0,Schwaches Baumholz,179.0,FI (2) / KA (7) / LA (1) / BI (e),FI (1) / KA (7) / HAS (2),colline with beech,2.0,2.1,,,1.0,,,2,2,2,2,,,,,,,3070,Schwaches Baumholz_2,795.2,0,not_young,0,0,1,Verdabbio,500_1000
,105751.0,2.0,Stangenholz,139.0,FI (e) / BI (e) / HAS (10),FI (1) / KA (6) / BI (e) / HAS (3),colline with beech,2.0,2.4,,,1.0,,,2,2,2,2,,,,,,,3071,Stangenholz_2,738.6,0,not_young,0,0,1,Verdabbio,500_1000
,105866.0,4.0,Mittleres Baumholz,373.0,BU (1) / FI (5) / LA (1) / BI (e) / TA (3),BU (1) / FI (8) / LA (e) / BI (e) / TA (1),lower/upper montane,7.0,1.6,,,1.0,,1.0,2,2,2,8,,,,1.0,,,3098,Mittleres Baumholz_7,1395.5,1,not_young,0,0,1,Verdabbio,1000_1500
,105867.0,3.0,Schwaches Baumholz,103.0,,,colline with beech,2.0,0.9,,,1.0,,,2,2,2,2,,,,,,,3099,Schwaches Baumholz_2,818.7999999999998,0,not_young,0,0,1,Verdabbio,500_1000
,105868.0,3.0,Schwaches Baumholz,94.0,,,colline with beech,2.0,2.9,,,1.0,,,2,2,2,2,,,,,,,3100,Schwaches Baumholz_2,909.9,0,not_young,0,0,1,Verdabbio,500_1000
,105869.0,3.0,Schwaches Baumholz,194.0,,,colline with beech,2.0,0.4,,,1.0,,,2,2,2,2,,,,,,,3101,Schwaches Baumholz_2,956.9,0,not_young,0,0,1,Verdabbio,500_1000
,105870.0,3.0,Schwaches Baumholz,195.0,,,colline with beech,2.0,1.6,,,1.0,,,2,2,2,2,,,,,,,3102,Schwaches Baumholz_2,711.7,0,not_young,0,0,1,Verdabbio,500_1000
,105871.0,3.0,Schwaches Baumholz,186.0,,,colline with beech,2.0,1.0,,,1.0,,,2,2,2,2,,,,,,,3103,Schwaches Baumholz_2,666.1,0,not_young,0,0,1,Verdabbio,500_1000
,105872.0,3.0,Schwaches Baumholz,282.0,BAH (e) / ES (2) / FI (4) / KA (3) / RO (1) / LI (e) / STP (e) / WFO (e),BAH (e) / ES (1) / FI (2) / KA (2) / RO (1) / LI (1) / STP (2) / HAS (1) / TA (1),colline,3.0,0.9,,,1.0,,,6,6,6,6,,,1.0,,,,3104,Schwaches Baumholz_3,446.3,0,not_young,0,0,0,Verdabbio,300_500
,105878.0,3.0,Schwaches Baumholz,245.0,FI (1),,colline with beech,2.0,0.4,,,1.0,,,6,6,6,6,,,1.0,,,,3109,Schwaches Baumholz_2,678.3,0,not_young,0,0,0,Verdabbio,500_1000
,105881.0,3.0,Schwaches Baumholz,193.0,FI (2),,high-montane (main area of silver fir),10.0,1.5,,,1.0,,,2,2,2,2,,,,,,,3112,Schwaches Baumholz_10,1083.7,1,not_young,0,0,1,Verdabbio,1000_1500
,105882.0,2.0,Stangenholz,150.0,FI (2),,lower/upper montane,7.0,0.8,,,1.0,,,2,2,2,2,,,,,,,3113,Stangenholz_7,1125.9,1,not_young,0,0,1,Verdabbio,1000_1500
,105883.0,3.0,Schwaches Baumholz,147.0,,,lower/upper montane,7.0,0.6,,,1.0,,,2,2,2,2,,,,,,,3114,Schwaches Baumholz_7,914.0,0,not_young,0,0,1,Verdabbio,500_1000
,105884.0,3.0,Schwaches Baumholz,188.0,BU (4),,lower/upper montane,7.0,1.9,,,1.0,,,2,2,2,2,,,,,,,3115,Schwaches Baumholz_7,1113.4,1,not_young,0,0,1,Verdabbio,1000_1500
,105885.0,3.0,Schwaches Baumholz,158.0,BU (6),,colline with beech,2.0,1.0,,,1.0,,,2,2,2,2,,,,,,,3116,Schwaches Baumholz_2,938.6,0,not_young,0,0,1,Verdabbio,500_1000
,105886.0,4.0,Mittleres Baumholz,221.0,FI (6) / LA (4),,upper subalpine,9.0,0.3,1.0,,,,,1,1,1,1,,,,,,,3117,Mittleres Baumholz_9,1879.8,1,not_young,0,0,0,Verdabbio,1500_2000
,105887.0,1.0,Jungwuchs/Dickung,103.0,AER (2) / FI (1) / LA (5),,upper subalpine,9.0,1.1,,,,,,3,3,3,3,,,,,,,3118,Jungwuchs/Dickung_9,1958.6,1,young,0,0,0,Verdabbio,1500_2000
,105889.0,3.0,Schwaches Baumholz,178.0,FI (8) / LA (2),,-,5.0,0.8,1.0,,,,,1,1,1,1,,,,,,,3119,Schwaches Baumholz_5,2057.9,1,not_young,0,0,0,Verdabbio,2000_2500
,105890.0,3.0,Schwaches Baumholz,220.0,BU (2) / FI (5) / TA (1),,high-montane (main area of silver fir),10.0,0.7,1.0,,,,,1,1,1,1,,,,,,,3120,Schwaches Baumholz_10,1625.4,1,not_young,0,0,0,Verdabbio,1500_2000
,105922.0,3.0,Schwaches Baumholz,127.0,FI (6) / LA (4),,-,5.0,1.3,1.0,,,,,1,1,1,1,,,,,,,3138,Schwaches Baumholz_5,2006.0,1,not_young,0,0,0,Verdabbio,2000_2500
,105930.0,2.0,Stangenholz,250.0,BU (e) / TEI (6) / KA (1) / BI (e) / MBE (e) / WFO (3),TEI (8) / KA (1) / BI (1) / MBE (e),lower/upper montane,7.0,1.6,1.0,,,,,1,1,1,1,,,,,,,3146,Stangenholz_7,1118.4,1,not_young,0,0,0,Verdabbio,1000_1500
,105932.0,5.0,Starkes Baumholz,234.0,BU (2) / FI (5) / LA (3) / BI (e) / TA (e),BU (e) / FI (6) / LA (4) / BI (e) / TA (e),high-montane (main area of silver fir),10.0,1.9,0.0,,1.0,,1.0,2,2,2,8,,,,1.0,,,3147,Starkes Baumholz_10,1600.8,1,not_young,0,0,1,Verdabbio,1500_2000
,105933.0,4.0,Mittleres Baumholz,343.0,BU (1) / LA (3) / TA (5),,high-montane (main area of silver fir),10.0,0.6,1.0,,,,1.0,1,1,1,1,,,,0.0,,,3148,Mittleres Baumholz_10,1533.5,1,not_young,0,0,0,Verdabbio,1500_2000
,105934.0,3.0,Schwaches Baumholz,332.0,BU (5) / TEI (2) / FI (e) / LA (e) / BI (3) / AS (e) / TA (e),BU (9) / TEI (1) / FI (e) / TA (e),lower/upper montane,7.0,3.4,,,1.0,,1.0,2,2,2,2,,,,0.0,,,3149,Schwaches Baumholz_7,1093.0,1,not_young,0,0,1,Verdabbio,1000_1500
,105946.0,3.0,Schwaches Baumholz,186.0,TEI (2) / FI (e) / KA (8),TEI (e) / FI (2) / KA (7) / BI (1),colline with beech,2.0,0.6,,,1.0,,,6,6,6,6,,,1.0,,,,3158,Schwaches Baumholz_2,658.3,0,not_young,0,0,0,Verdabbio,500_1000
,105949.0,2.0,Stangenholz,391.0,BU (4) / TEI (e) / FI (e) / KA (3) / BI (3),BU (4) / KA (6),lower/upper montane,7.0,5.0,,,1.0,,1.0,2,2,2,2,,,,0.0,,,3161,Stangenholz_7,909.7,0,not_young,0,0,1,Verdabbio,500_1000
,105952.0,4.0,Mittleres Baumholz,438.0,BU (2) / FI (3) / LA (1) / TA (4),BU (1) / AER (2) / FI (4) / LA (3) / BI (e) / TA (e),lower/upper montane,7.0,1.8,,,1.0,,1.0,2,2,2,8,,,,1.0,,,3164,Mittleres Baumholz_7,1449.6,1,not_young,0,0,1,Verdabbio,1000_1500
,105953.0,3.0,Schwaches Baumholz,466.0,BU (3) / FI (1) / BI (e) / TA (6),BU (9) / TA (1),lower/upper montane,7.0,0.5,,,1.0,,1.0,2,2,2,8,,,,1.0,,,3165,Schwaches Baumholz_7,1055.1,1,not_young,0,0,1,Verdabbio,1000_1500
,105954.0,5.0,Starkes Baumholz,390.0,BU (1) / FI (6) / LA (3) / BI (e) / TA (e),BU (1) / AER (3) / FI (3) / LA (2) / BI (e) / TA (1),lower/upper montane,7.0,2.2,,,1.0,,1.0,2,2,2,8,,,,1.0,,,3166,Starkes Baumholz_7,1515.2,1,not_young,0,0,1,Verdabbio,1500_2000
,105955.0,4.0,Mittleres Baumholz,404.0,BU (1) / FI (6) / LA (3) / TA (e),BU (1) / AER (1) / FI (6) / LA (2) / TA (e),high-montane (main area of silver fir),10.0,0.6,,,1.0,,1.0,2,2,2,8,,,,1.0,,,3167,Mittleres Baumholz_10,1565.6,1,not_young,0,0,1,Verdabbio,1500_2000
,105956.0,4.0,Mittleres Baumholz,376.0,BU (4) / FI (3) / LA (e) / BI (1) / TA (2),BU (3) / FI (6) / BI (e) / TA (1),lower/upper montane,7.0,2.5,,,1.0,,1.0,2,2,2,8,,,,1.0,,,3168,Mittleres Baumholz_7,1302.7,1,not_young,0,0,1,Verdabbio,1000_1500
,105957.0,4.0,Mittleres Baumholz,431.0,BU (2) / FI (1) / LA (2) / BI (e) / TA (5),BU (1) / AER (e) / FI (2) / LA (1) / BI (1) / MBE (e) / VBE (e) / TA (5),high-montane (main area of silver fir),10.0,2.2,,,1.0,,1.0,2,2,2,2,,,,0.0,,,3169,Mittleres Baumholz_10,1452.2,1,not_young,0,0,1,Verdabbio,1000_1500
,105958.0,4.0,Mittleres Baumholz,462.0,BU (4) / LA (2) / TA (3),,lower/upper montane,7.0,0.6,,,1.0,,1.0,2,2,2,8,,,,1.0,,,3170,Mittleres Baumholz_7,1212.0,1,not_young,0,0,1,Verdabbio,1000_1500
,105959.0,4.0,Mittleres Baumholz,442.0,BU (2) / ES (e) / FI (3) / KA (e) / BI (1) / TA (4),BU (3) / FI (4) / BI (e) / LAB (1) / TA (2),lower/upper montane,7.0,1.0,,,1.0,,1.0,2,2,2,2,,,,0.0,,,3171,Mittleres Baumholz_7,1191.4,1,not_young,0,0,1,Verdabbio,1000_1500
,105960.0,4.0,Mittleres Baumholz,470.0,BU (2) / FI (4) / LA (e) / TA (4),BU (1) / FI (8) / LA (e) / TA (1),lower/upper montane,7.0,1.8,,,1.0,,1.0,2,2,2,8,,,,1.0,,,3172,Mittleres Baumholz_7,1334.3,1,not_young,0,0,1,Verdabbio,1000_1500
,105961.0,5.0,Starkes Baumholz,510.0,LA (4) / TA (6),,lower/upper montane,7.0,0.6,,,1.0,,1.0,2,2,2,8,,,,1.0,,,3173,Starkes Baumholz_7,1288.7,1,not_young,0,0,1,Verdabbio,1000_1500
,105962.0,2.0,Stangenholz,168.0,BAH (e) / BU (e) / TEI (e) / REI (e) / FI (e) / KA (10) / BI (e) / OST (e) / AS (e) / LI (e),BAH (e) / FI (e) / KA (10) / BI (e),colline with beech,2.0,3.5,,,1.0,,,6,6,6,6,,,1.0,,,,3174,Stangenholz_2,782.0,0,not_young,0,0,0,Verdabbio,500_1000
,105963.0,2.0,Stangenholz,160.0,KA (5) / BI (3) / OST (e) / AS (e) / WEI (2) / ULB (e),FI (2) / KA (2) / BI (5) / HAS (1),colline with beech,2.0,0.8,,,1.0,,,6,6,6,6,,,1.0,,,,3175,Stangenholz_2,795.6,0,not_young,0,0,0,Verdabbio,500_1000
,105964.0,2.0,Stangenholz,177.0,KA (10) / BI (e),KA (10),colline,3.0,0.4,,,1.0,,,6,6,6,6,,,1.0,,,,3176,Stangenholz_3,618.5,0,not_young,0,0,0,Verdabbio,500_1000
,105965.0,3.0,Schwaches Baumholz,170.0,FI (e) / KA (10) / BI (e),FI (2) / KA (7) / HAS (1),colline,3.0,3.3,,,1.0,,,6,6,6,6,,,1.0,,,,3177,Schwaches Baumholz_3,615.1,0,not_young,0,0,0,Verdabbio,500_1000
,105966.0,3.0,Schwaches Baumholz,141.0,TEI (1) / KA (9) / BI (e),KA (7) / HAS (3),colline,3.0,0.6,,,1.0,,,6,6,6,6,,,1.0,,,,3178,Schwaches Baumholz_3,532.3,0,not_young,0,0,0,Verdabbio,500_1000
,105967.0,3.0,Schwaches Baumholz,244.0,TEI (e) / FI (e) / KA (10),FI (2) / KA (6) / HAS (2),colline,3.0,1.7,,,1.0,,,6,6,6,6,,,1.0,,,,3179,Schwaches Baumholz_3,538.8,0,not_young,0,0,0,Verdabbio,500_1000
,105968.0,3.0,Schwaches Baumholz,141.0,ES (e) / FI (e) / KA (5) / AS (3) / WEI (1) / LI (1),KA (6) / AS (1) / KI (e) / LI (1) / HAS (2),colline,3.0,0.4,,,1.0,,,6,6,6,6,,,1.0,,,,3180,Schwaches Baumholz_3,472.3,0,not_young,0,0,0,Verdabbio,300_500
,105969.0,2.0,Stangenholz,162.0,BAH (3) / BU (2) / TEI (e) / KA (e) / OST (2) / LI (3),FI (2) / KA (3) / HAS (5),colline with beech,2.0,0.2,,,1.0,,,6,6,6,6,,,1.0,,,,3181,Stangenholz_2,764.8999999999999,0,not_young,0,0,0,Verdabbio,500_1000
,105970.0,2.0,Stangenholz,143.0,TEI (1) / KA (7) / BI (1) / OST (e) / AS (e) / WEI (1),TEI (e) / FI (3) / KA (5) / BI (1) / AS (e) / WEI (e) / HAS (1) / WFO (e),colline with beech,2.0,0.8,,,1.0,,,6,6,6,6,,,1.0,,,,3182,Stangenholz_2,786.5,0,not_young,0,0,0,Verdabbio,500_1000
,105973.0,3.0,Schwaches Baumholz,173.0,TEI (e) / ES (e) / FI (e) / KA (6) / BI (1) / AS (1) / KI (e) / LI (2),TEI (e) / ES (1) / FI (e) / KA (5) / AS (e) / KI (e) / LI (1) / STP (e) / HAS (3),hyperinsubric,1.0,1.3,,,,,,3,3,3,3,,,,,,,3183,Schwaches Baumholz_1,399.3,0,not_young,0,0,0,Verdabbio,300_500
,106094.0,3.0,Schwaches Baumholz,176.0,FI (2) / KA (8),FI (3) / KA (2) / HAS (2) / UST (3),colline,3.0,0.2,,,1.0,,,6,6,6,6,,,1.0,,,,3221,Schwaches Baumholz_3,546.3,0,not_young,0,0,0,Verdabbio,500_1000
,106100.0,3.0,Schwaches Baumholz,320.0,FI (4) / KA (2) / WFO (4),FI (8) / STP (e) / WFO (2),colline,3.0,1.1,,,1.0,,,6,6,6,6,,,1.0,,,,3224,Schwaches Baumholz_3,462.9,0,not_young,0,0,0,Verdabbio,300_500
,106105.0,4.0,Mittleres Baumholz,237.0,FI (5) / LA (5),,subalpine,8.0,0.4,1.0,,,,,1,1,1,1,,,,,,,3227,Mittleres Baumholz_8,1873.6,1,not_young,0,0,0,Verdabbio,1500_2000
,106114.0,4.0,Mittleres Baumholz,442.0,FI (5) / LA (1) / TA (4),,lower/upper montane,7.0,0.7,1.0,,,,,1,1,1,1,,,,,,,3231,Mittleres Baumholz_7,1216.5,1,not_young,0,0,0,Verdabbio,1000_1500
,106115.0,4.0,Mittleres Baumholz,427.0,BU (1) / FI (4) / LA (2) / TA (3),,lower/upper montane,7.0,0.6,1.0,,,,,1,1,1,1,,,,,,,3232,Mittleres Baumholz_7,1262.1,1,not_young,0,0,0,Verdabbio,1000_1500
,106121.0,3.0,Schwaches Baumholz,304.0,FI (7) / LA (2) / TA (1),,high-montane (main area of silver fir),10.0,0.8,0.0,,,,,3,1,3,3,1.0,,,,,,3235,Schwaches Baumholz_10,1541.6,1,not_young,0,0,0,Verdabbio,1500_2000
,106126.0,1.0,Jungwuchs/Dickung,96.0,,TEI (1) / FI (e) / KA (6) / WEI (2) / LI (1) / ULB (e),colline with beech,2.0,0.2,,,1.0,,,6,6,6,6,,,1.0,,,,3240,Jungwuchs/Dickung_2,731.6,0,young,0,0,0,Verdabbio,500_1000
,106127.0,2.0,Stangenholz,56.0,FI (1) / KA (9),FI (e) / KA (10),colline with beech,2.0,0.4,,,1.0,,,6,6,6,6,,,1.0,,,,3241,Stangenholz_2,749.5,0,not_young,0,0,0,Verdabbio,500_1000
,106128.0,2.0,Stangenholz,253.0,FI (2) / KA (8) / BI (e),FI (1) / KA (9),colline with beech,2.0,1.9,,,1.0,,,6,6,6,6,,,1.0,,,,3242,Stangenholz_2,781.1,0,not_young,0,0,0,Verdabbio,500_1000
,106129.0,2.0,Stangenholz,200.0,KA (10) / BI (e) / WFO (e),KA (10) / BI (e),colline with beech,2.0,0.8,,,1.0,,,6,6,6,6,,,1.0,,,,3243,Stangenholz_2,764.1,0,not_young,0,0,0,Verdabbio,500_1000
,106130.0,1.0,Jungwuchs/Dickung,190.0,BU (2) / TEI (2) / KA (2) / AS (1) / LI (2) / WFO (1),TEI (1) / KA (5) / AS (4),colline with beech,2.0,0.2,,,1.0,,,6,6,6,6,,,1.0,,,,3244,Jungwuchs/Dickung_2,777.5,0,young,0,0,0,Verdabbio,500_1000
,106132.0,3.0,Schwaches Baumholz,190.0,TEI (1) / FI (1) / KA (7) / BI (1) / AS (e),FI (3) / KA (5) / HAS (2),colline,3.0,6.0,,,1.0,,,6,6,6,6,,,1.0,,,,3246,Schwaches Baumholz_3,579.5,0,not_young,0,0,0,Verdabbio,500_1000
,106144.0,4.0,Mittleres Baumholz,348.0,FI (7) / TA (3),,lower/upper montane,7.0,1.4,,,1.0,,,2,2,2,2,,,,,,,3255,Mittleres Baumholz_7,953.1,0,not_young,0,0,1,Verdabbio,500_1000
,106145.0,4.0,Mittleres Baumholz,272.0,,,lower/upper montane,7.0,1.6,,,1.0,,,2,2,2,2,,,,,,,3256,Mittleres Baumholz_7,944.9,0,not_young,0,0,1,Verdabbio,500_1000
,106146.0,3.0,Schwaches Baumholz,306.0,BAH (e) / BU (5) / TEI (e) / ES (1) / FI (e) / BI (2) / TA (2),BU (6) / ES (1) / HAS (2) / TA (1),lower/upper montane,7.0,1.4,,,1.0,,1.0,2,2,2,2,,,,0.0,,,3257,Schwaches Baumholz_7,1017.4,1,not_young,0,0,1,Verdabbio,1000_1500
,106147.0,5.0,Starkes Baumholz,365.0,FI (4) / LA (5) / TA (1),,high-montane (main area of silver fir),10.0,1.3,,,1.0,,,2,2,2,2,,,,,,,3258,Starkes Baumholz_10,1541.8,1,not_young,0,0,0,Verdabbio,1500_2000
,106148.0,1.0,Jungwuchs/Dickung,253.0,,AER (2) / FI (3) / LA (5) / VBE (e) / TA (e),high-montane (main area of silver fir),10.0,1.1,,,1.0,,1.0,2,2,2,2,,,,0.0,,,3259,Jungwuchs/Dickung_10,1543.7,1,young,0,0,1,Verdabbio,1500_2000
,106149.0,5.0,Starkes Baumholz,394.0,FI (4) / LA (5) / TA (1),,high-montane (main area of silver fir),10.0,0.2,,,1.0,,,2,2,2,2,,,,,,,3260,Starkes Baumholz_10,1431.4,1,not_young,0,0,0,Verdabbio,1000_1500
,106165.0,3.0,Schwaches Baumholz,272.0,FI (4) / LA (6),AER (5) / FI (3) / LA (2) / BI (e),high-montane (main area of silver fir),10.0,0.5,,,1.0,,1.0,2,2,2,2,,,,0.0,,,3275,Schwaches Baumholz_10,1580.9,1,not_young,0,0,1,Verdabbio,1500_2000
,106166.0,4.0,Mittleres Baumholz,518.0,BU (1) / LA (3) / TA (6),,lower/upper montane,7.0,1.3,,,1.0,,1.0,2,2,2,2,,,,0.0,,,3276,Mittleres Baumholz_7,1262.5,1,not_young,0,0,1,Verdabbio,1000_1500
,106167.0,3.0,Schwaches Baumholz,212.0,,,colline,3.0,1.3,,,1.0,,,2,2,2,2,,,,,,,3277,Schwaches Baumholz_3,554.0,0,not_young,0,0,1,Verdabbio,500_1000
,106168.0,3.0,Schwaches Baumholz,167.0,,,colline with beech,2.0,2.7,,,1.0,,,2,2,2,2,,,,,,,3278,Schwaches Baumholz_2,778.5,0,not_young,0,0,1,Verdabbio,500_1000
,106171.0,2.0,Stangenholz,60.0,,,colline with beech,2.0,1.6,,,1.0,,,2,2,2,2,,,,,,,3279,Stangenholz_2,821.6,0,not_young,0,0,1,Verdabbio,500_1000
,106172.0,2.0,Stangenholz,158.0,,,colline with beech,2.0,0.8,,,1.0,,,2,2,2,2,,,,,,,3280,Stangenholz_2,775.0,0,not_young,0,0,1,Verdabbio,500_1000
,106173.0,3.0,Schwaches Baumholz,165.0,,,colline with beech,2.0,2.3,,,1.0,,,2,2,2,2,,,,,,,3281,Schwaches Baumholz_2,659.9,0,not_young,0,0,1,Verdabbio,500_1000
,106174.0,2.0,Stangenholz,174.0,WFO (5),,lower/upper montane,7.0,3.1,,,1.0,,,2,2,2,2,,,,,,,3282,Stangenholz_7,898.2999999999998,0,not_young,0,0,1,Verdabbio,500_1000
,106175.0,3.0,Schwaches Baumholz,161.0,WFO (4),,colline with beech,2.0,0.8,,,1.0,,,2,2,2,2,,,,,,,3283,Schwaches Baumholz_2,862.3999999999999,0,not_young,0,0,1,Verdabbio,500_1000
,106176.0,3.0,Schwaches Baumholz,249.0,BU (2) / FI (5) / LA (3),,lower/upper montane,7.0,0.9,,,1.0,,,2,2,2,2,,,,,,,3284,Schwaches Baumholz_7,1030.0,1,not_young,0,0,1,Verdabbio,1000_1500
,106177.0,2.0,Stangenholz,152.0,,,colline with beech,2.0,1.3,,,1.0,,,2,2,2,2,,,,,,,3285,Stangenholz_2,654.8,0,not_young,0,0,1,Verdabbio,500_1000
,106314.0,4.0,Mittleres Baumholz,206.0,AER (3) / FI (5) / LA (2),,upper subalpine,9.0,0.8,1.0,,,,,1,1,1,1,,,,,,,3331,Mittleres Baumholz_9,1956.7,1,not_young,0,0,0,Verdabbio,1500_2000
,106315.0,4.0,Mittleres Baumholz,220.0,FI (10),,upper subalpine,9.0,0.2,1.0,,,,,1,1,1,1,,,,,,,3332,Mittleres Baumholz_9,1986.6,1,not_young,0,0,0,Verdabbio,1500_2000
,106316.0,4.0,Mittleres Baumholz,267.0,FI (10),,upper subalpine,9.0,0.2,1.0,,,,,1,1,1,1,,,,,,,3333,Mittleres Baumholz_9,1921.8,1,not_young,0,0,0,Verdabbio,1500_2000
,106317.0,4.0,Mittleres Baumholz,253.0,FI (9) / TA (1),,subalpine,8.0,0.2,1.0,,,,,1,1,1,1,,,,,,,3334,Mittleres Baumholz_8,1836.2,1,not_young,0,0,0,Verdabbio,1500_2000
,106320.0,4.0,Mittleres Baumholz,174.0,AER (2) / FI (7) / LA (1),,upper subalpine,9.0,0.8,1.0,,,,,1,1,1,1,,,,,,,3335,Mittleres Baumholz_9,1958.4,1,not_young,0,0,0,Verdabbio,1500_2000
,106327.0,3.0,Schwaches Baumholz,405.0,TEI (e) / FI (8) / KA (2) / LA (e) / BI (e) / TA (e),FI (1) / KA (9),colline with beech,2.0,0.8,,,1.0,,,2,2,2,2,,,,,,,3338,Schwaches Baumholz_2,744.2999999999998,0,not_young,0,0,1,Verdabbio,500_1000
,106328.0,3.0,Schwaches Baumholz,297.0,TEI (e) / FI (5) / KA (4) / BI (1),FI (1) / KA (9) / MBE (e),colline with beech,2.0,0.8,,,1.0,,,2,2,2,2,,,,,,,3339,Schwaches Baumholz_2,757.7999999999998,0,not_young,0,0,1,Verdabbio,500_1000
,106329.0,4.0,Mittleres Baumholz,306.0,FI (7) / KA (3) / BI (e) / TA (e) / WFO (e),FI (2) / KA (8) / HAS (e),colline with beech,2.0,1.1,,,1.0,,,2,2,2,2,,,,,,,3340,Mittleres Baumholz_2,730.3999999999999,0,not_young,0,0,1,Verdabbio,500_1000
,106330.0,4.0,Mittleres Baumholz,262.0,TEI (e) / FI (6) / KA (3) / LA (e) / TA (1) / WFO (e),FI (e) / KA (10),colline with beech,2.0,0.3,,,1.0,,,2,2,2,2,,,,,,,3341,Mittleres Baumholz_2,754.8999999999999,0,not_young,0,0,1,Verdabbio,500_1000
,106331.0,1.0,Jungwuchs/Dickung,152.0,WFO (e),FI (e) / KA (10) / BI (e) / WFO (e),colline with beech,2.0,0.5,,,1.0,,,6,6,6,6,,,1.0,,,,3342,Jungwuchs/Dickung_2,749.0,0,young,0,0,0,Verdabbio,500_1000
,106332.0,2.0,Stangenholz,136.0,KA (9) / BI (1) / AS (e) / WEI (e),KA (7) / BI (e) / HAS (3),colline,3.0,0.2,,,1.0,,,6,6,6,6,,,1.0,,,,3343,Stangenholz_3,650.4,0,not_young,0,0,0,Verdabbio,500_1000
,106333.0,3.0,Schwaches Baumholz,271.0,FI (2) / KA (3) / BI (1) / AS (3) / WFO (1),FI (6) / KA (3) / HAS (1),colline,3.0,0.5,,,1.0,,,6,6,6,6,,,1.0,,,,3344,Schwaches Baumholz_3,559.3,0,not_young,0,0,0,Verdabbio,500_1000
,106344.0,4.0,Mittleres Baumholz,263.0,FI (8) / LA (2),,subalpine,8.0,0.4,1.0,,,,,1,1,1,1,,,,,,,3354,Mittleres Baumholz_8,1881.1,1,not_young,0,0,0,Verdabbio,1500_2000
,106345.0,4.0,Mittleres Baumholz,262.0,FI (4) / LA (6),,upper subalpine,9.0,1.8,1.0,,1.0,,,2,1,2,2,,,,,,,3355,Mittleres Baumholz_9,1918.3,1,not_young,0,0,0,Verdabbio,1500_2000
,106346.0,4.0,Mittleres Baumholz,410.0,FI (6) / LA (2) / TA (2),,subalpine,8.0,2.0,1.0,,,,,1,1,1,1,,,,,,,3356,Mittleres Baumholz_8,1842.5,1,not_young,0,0,0,Verdabbio,1500_2000
,106347.0,2.0,Stangenholz,209.0,FI (7) / LA (1),,high-montane (main area of silver fir),10.0,0.6,1.0,,1.0,,,2,1,2,2,,,,,,,3357,Stangenholz_10,1596.6,1,not_young,0,0,0,Verdabbio,1500_2000
,106348.0,2.0,Stangenholz,204.0,FI (3) / LA (1) / TA (1),,high-montane (main area of silver fir),10.0,0.4,1.0,,1.0,,,2,1,2,2,,,,,,,3358,Stangenholz_10,1663.1,1,not_young,0,0,0,Verdabbio,1500_2000
,106380.0,2.0,Stangenholz,95.0,,,lower/upper montane,7.0,2.2,,,1.0,,,2,2,2,2,,,,,,,3384,Stangenholz_7,994.9,0,not_young,0,0,1,Verdabbio,500_1000
,106381.0,5.0,Starkes Baumholz,295.0,BU (4) / TEI (e) / FI (2) / LA (e) / BI (1) / TA (3) / WFO (e),BU (7) / FI (1) / MBE (e) / LAB (e) / HAS (e) / TA (2),lower/upper montane,7.0,1.0,,,1.0,,1.0,2,2,2,2,,,,0.0,,,3385,Starkes Baumholz_7,1241.2,1,not_young,0,0,1,Verdabbio,1000_1500
,106382.0,5.0,Starkes Baumholz,303.0,BU (2) / TEI (e) / FI (e) / LA (e) / TA (8),BU (7) / FI (1) / TA (2),lower/upper montane,7.0,0.4,,,1.0,,,2,2,2,2,,,,,,,3386,Starkes Baumholz_7,1200.2,1,not_young,0,0,1,Verdabbio,1000_1500
,106383.0,2.0,Stangenholz,158.0,,,colline with beech,2.0,3.6,,,1.0,,,2,2,2,2,,,,,,,3387,Stangenholz_2,641.7,0,not_young,0,0,1,Verdabbio,500_1000
,106385.0,2.0,Stangenholz,136.0,KA (10),WER (e) / FI (e) / KA (6) / BI (e) / HAS (4),colline with beech,2.0,0.5,,,1.0,,,2,2,2,2,,,,,,,3389,Stangenholz_2,912.6,0,not_young,0,0,1,Verdabbio,500_1000
,106386.0,4.0,Mittleres Baumholz,244.0,FI (10) / KA (e) / BI (e),FI (4) / KA (1) / BI (e) / HAS (5),colline,3.0,0.6,,,1.0,,,2,2,2,2,,,,,,,3390,Mittleres Baumholz_3,898.6,0,not_young,0,0,1,Verdabbio,500_1000
,106387.0,3.0,Schwaches Baumholz,290.0,FI (7) / KA (2) / BI (1),FI (e) / KA (4) / HAS (6),lower/upper montane,7.0,0.6,,,1.0,,,2,2,2,2,,,,,,,3391,Schwaches Baumholz_7,907.3,0,not_young,0,0,1,Verdabbio,500_1000
,106388.0,5.0,Starkes Baumholz,166.0,FI (6) / KA (3) / BI (1),FI (2) / KA (3) / MBE (e) / HAS (5),colline,3.0,0.3,,,1.0,,,2,2,2,2,,,,,,,3392,Starkes Baumholz_3,867.1,0,not_young,0,0,1,Verdabbio,500_1000
,106389.0,2.0,Stangenholz,119.0,KA (2) / BI (3) / AS (1) / WEI (4),FI (e) / KA (2) / LA (e) / BI (1) / AS (e) / WEI (1) / HAS (6) / UST (e),colline,3.0,0.4,,,1.0,,,2,2,2,2,,,,,,,3393,Stangenholz_3,883.8999999999999,0,not_young,0,0,1,Verdabbio,500_1000
,106393.0,4.0,Mittleres Baumholz,464.0,BU (1) / FI (5) / TA (4),,lower/upper montane,7.0,1.1,0.0,,1.0,,,2,2,2,2,,,,,,,3396,Mittleres Baumholz_7,1439.2,1,not_young,0,0,0,Verdabbio,1000_1500
,106394.0,2.0,Stangenholz,269.0,,,lower/upper montane,7.0,0.5,1.0,,,,,1,1,1,1,,,,,,,3397,Stangenholz_7,1293.0,1,not_young,0,0,0,Verdabbio,1000_1500
,106395.0,2.0,Stangenholz,250.0,,,lower/upper montane,7.0,0.4,1.0,,,,,1,1,1,1,,,,,,,3398,Stangenholz_7,1306.4,1,not_young,0,0,0,Verdabbio,1000_1500
,106396.0,2.0,Stangenholz,300.0,FI (8),,lower/upper montane,7.0,0.3,0.0,,,,,3,1,3,3,1.0,,,,,,3399,Stangenholz_7,1298.6,1,not_young,0,0,0,Verdabbio,1000_1500
,106397.0,2.0,Stangenholz,380.0,FI (7) / LA (1) / TA (2),,lower/upper montane,7.0,0.3,0.0,,1.0,,,2,2,2,2,,,,,,,3400,Stangenholz_7,1306.6,1,not_young,0,0,0,Verdabbio,1000_1500
,106398.0,5.0,Starkes Baumholz,496.0,FI (7) / LA (1) / TA (2),,lower/upper montane,7.0,1.1,,,1.0,,,2,2,2,2,,,,,,,3401,Starkes Baumholz_7,1298.9,1,not_young,0,0,0,Verdabbio,1000_1500
,106399.0,3.0,Schwaches Baumholz,426.0,FI (7) / LA (1) / TA (2),,lower/upper montane,7.0,0.2,,,,,,3,1,3,3,1.0,,,,,,3402,Schwaches Baumholz_7,1291.9,1,not_young,0,0,0,Verdabbio,1000_1500
,106400.0,4.0,Mittleres Baumholz,482.0,BU (1) / FI (6) / LA (1) / TA (2),,lower/upper montane,7.0,0.9,,,1.0,,,2,2,2,2,,,,,,,3403,Mittleres Baumholz_7,1356.9,1,not_young,0,0,0,Verdabbio,1000_1500
,106401.0,2.0,Stangenholz,168.0,FI (8),,lower/upper montane,7.0,0.2,0.0,,,,,3,1,3,3,1.0,,,,,,3404,Stangenholz_7,1299.1,1,not_young,0,0,0,Verdabbio,1000_1500
,106403.0,2.0,Stangenholz,343.0,FI (7) / LA (1) / TA (2),,lower/upper montane,7.0,1.8,,,1.0,,,2,2,2,2,,,,,,,3405,Stangenholz_7,1313.9,1,not_young,0,0,0,Verdabbio,1000_1500
,106404.0,2.0,Stangenholz,207.0,,,lower/upper montane,7.0,1.7,1.0,,1.0,,,2,1,2,2,,,,,,,3406,Stangenholz_7,1400.0,1,not_young,0,0,0,Verdabbio,1000_1500
,106406.0,4.0,Mittleres Baumholz,311.0,FI (5) / LA (5),,subalpine,8.0,3.8,,,,,,3,1,3,3,1.0,,,,,,3408,Mittleres Baumholz_8,1719.3,1,not_young,0,0,0,Verdabbio,1500_2000
,106409.0,2.0,Stangenholz,276.0,BU (4),,lower/upper montane,7.0,0.7,1.0,,,,,1,1,1,1,,,,,,,3410,Stangenholz_7,1336.0,1,not_young,0,0,0,Verdabbio,1000_1500
,106410.0,2.0,Stangenholz,312.0,BU (2) / FI (3) / TA (1),,lower/upper montane,7.0,0.5,1.0,,,,,1,1,1,1,,,,,,,3411,Stangenholz_7,1300.3,1,not_young,0,0,0,Verdabbio,1000_1500
,106411.0,3.0,Schwaches Baumholz,257.0,BU (2) / FI (5) / TA (1),,lower/upper montane,7.0,0.4,1.0,,,,,1,1,1,1,,,,,,,3412,Schwaches Baumholz_7,1483.1,1,not_young,0,0,0,Verdabbio,1000_1500
,106516.0,3.0,Schwaches Baumholz,300.0,FI (6) / LA (3) / BI (1) / TA (e),FI (4) / LA (5) / BI (1) / TA (e),lower/upper montane,7.0,0.4,,,,,1.0,3,3,3,8,,,,1.0,,,3445,Schwaches Baumholz_7,1439.8,1,not_young,0,0,0,Verdabbio,1000_1500
,106517.0,4.0,Mittleres Baumholz,216.0,BU (3) / FI (3) / LA (2) / BI (1) / TA (1),BU (1) / FI (5) / LA (2) / BI (2) / TA (e),lower/upper montane,7.0,0.5,,,1.0,,1.0,2,2,2,8,,,,1.0,,,3446,Mittleres Baumholz_7,1455.5,1,not_young,0,0,1,Verdabbio,1000_1500
,106518.0,4.0,Mittleres Baumholz,280.0,BU (2) / FI (4) / LA (3) / BI (e) / TA (1),BU (2) / FI (5) / LA (3) / BI (e) / TA (e),lower/upper montane,7.0,0.3,,,1.0,,1.0,2,2,2,8,,,,1.0,,,3447,Mittleres Baumholz_7,1498.4,1,not_young,0,0,1,Verdabbio,1000_1500
,106522.0,3.0,Schwaches Baumholz,286.0,ES (e) / KA (6) / BI (1) / NU (1) / AS (2),ES (e) / FI (e) / KA (4) / BI (e) / NU (1) / AS (e) / HAS (5),colline,3.0,1.3,,,1.0,,,2,2,2,2,,,,,,,3449,Schwaches Baumholz_3,513.6,0,not_young,0,0,1,Verdabbio,500_1000
,106523.0,4.0,Mittleres Baumholz,334.0,FI (8) / LA (2),,subalpine,8.0,0.9,1.0,,,,,1,1,1,1,,,,,,,3450,Mittleres Baumholz_8,1887.9,1,not_young,0,0,0,Verdabbio,1500_2000
,106524.0,4.0,Mittleres Baumholz,136.0,FI (7) / LA (2),,-,5.0,0.8,1.0,,,,,1,1,1,1,,,,,,,3451,Mittleres Baumholz_5,2047.8,1,not_young,0,0,0,Verdabbio,2000_2500
,106533.0,2.0,Stangenholz,286.0,FI (e) / KA (8) / AS (2) / WFO (e),FI (6) / KA (1) / LI (e) / HAS (2) / TA (1),colline,3.0,0.4,,,1.0,,,2,2,2,2,,,,,,,3454,Stangenholz_3,389.7,0,not_young,0,0,1,Verdabbio,300_500
,106534.0,3.0,Schwaches Baumholz,234.0,TEI (e) / ES (e) / KA (10),FI (2) / KA (4) / HAS (4),colline,3.0,0.8,,,1.0,,,6,6,6,6,,,1.0,,,,3455,Schwaches Baumholz_3,506.3,0,not_young,0,0,0,Verdabbio,500_1000
,106535.0,2.0,Stangenholz,127.0,TEI (1) / FI (e) / KA (9) / BI (e) / LI (e),FI (2) / KA (6) / HAS (2),colline with beech,2.0,2.5,,,1.0,,,2,2,2,2,,,,,,,3456,Stangenholz_2,582.8,0,not_young,0,0,1,Verdabbio,500_1000
,106536.0,2.0,Stangenholz,151.0,KA (10) / BI (e) / AS (e) / WEI (e),KA (10),colline with beech,2.0,2.4,,,1.0,,,6,6,6,6,,,1.0,,,,3457,Stangenholz_2,687.3,0,not_young,0,0,0,Verdabbio,500_1000
,106537.0,2.0,Stangenholz,127.0,KA (8) / BI (1) / AS (e) / WEI (1),KA (7) / BI (1) / AS (e) / WEI (2) / HAS (e),colline with beech,2.0,1.0,,,1.0,,,2,2,2,2,,,,,,,3458,Stangenholz_2,701.8,0,not_young,0,0,1,Verdabbio,500_1000
,106540.0,5.0,Starkes Baumholz,480.0,BU (1) / FI (4) / LA (1) / TA (4),,lower/upper montane,7.0,0.8,1.0,,,,,1,1,1,1,,,,,,,3461,Starkes Baumholz_7,1191.2,1,not_young,0,0,0,Verdabbio,1000_1500
,106546.0,2.0,Stangenholz,331.0,FI (7) / LA (1) / TA (1),,high-montane (main area of silver fir),10.0,0.8,1.0,,1.0,,,2,1,2,2,,,,,,,3466,Stangenholz_10,1649.1,1,not_young,0,0,0,Verdabbio,1500_2000
,106588.0,3.0,Schwaches Baumholz,105.0,FI (7) / LA (2) / LFO (1),,-,5.0,0.6,1.0,,,,,1,1,1,1,,,,,,,3495,Schwaches Baumholz_5,2054.4,1,not_young,0,0,0,Verdabbio,2000_2500
,106590.0,4.0,Mittleres Baumholz,285.0,FI (4) / LA (6),,subalpine,8.0,1.4,1.0,,,,,1,1,1,1,,,,,,,3496,Mittleres Baumholz_8,1901.1,1,not_young,0,0,0,Verdabbio,1500_2000
,106600.0,4.0,Mittleres Baumholz,202.0,AER (3) / FI (5) / LA (2),,upper subalpine,9.0,0.8,1.0,,,,,1,1,1,1,,,,,,,3499,Mittleres Baumholz_9,1972.7,1,not_young,0,0,0,Verdabbio,1500_2000
,106602.0,4.0,Mittleres Baumholz,118.0,AER (1) / FI (4) / LA (4),,subalpine,8.0,3.0,,,1.0,,,2,2,2,2,,,,,,,3500,Mittleres Baumholz_8,1813.2,1,not_young,0,0,1,Verdabbio,1500_2000
,106604.0,3.0,Schwaches Baumholz,194.0,BU (7) / FI (2),,high-montane (main area of silver fir),10.0,1.5,,,1.0,,,2,2,2,2,,,,,,,3501,Schwaches Baumholz_10,1379.7,1,not_young,0,0,1,Verdabbio,1000_1500
,106606.0,3.0,Schwaches Baumholz,102.0,BU (8),,lower/upper montane,7.0,0.5,,,1.0,,,2,2,2,2,,,,,,,3502,Schwaches Baumholz_7,1206.4,1,not_young,0,0,1,Verdabbio,1000_1500
,106607.0,3.0,Schwaches Baumholz,242.0,FI (10),,high-montane (main area of silver fir),10.0,0.8,1.0,,,,,1,1,1,1,,,,,,,3503,Schwaches Baumholz_10,1539.9,1,not_young,0,0,0,Verdabbio,1500_2000
,106676.0,2.0,Stangenholz,87.0,FI (8) / LA (2),,-,5.0,0.3,,,,,,3,1,3,3,1.0,,,,,,3507,Stangenholz_5,2156.9,1,not_young,0,0,0,Verdabbio,2000_2500
,106677.0,5.0,Starkes Baumholz,415.0,FI (8) / LA (1) / TA (1),,lower/upper montane,7.0,1.4,0.0,,,,,3,1,3,3,1.0,,,,,,3508,Starkes Baumholz_7,1244.0,1,not_young,0,0,0,Verdabbio,1000_1500
,106678.0,4.0,Mittleres Baumholz,395.0,FI (8) / LA (1) / TA (1),,lower/upper montane,7.0,0.6,0.0,,,,,3,1,3,3,1.0,,,,,,3509,Mittleres Baumholz_7,1276.0,1,not_young,0,0,0,Verdabbio,1000_1500
,106679.0,5.0,Starkes Baumholz,468.0,FI (8) / LA (1) / TA (1),,lower/upper montane,7.0,0.4,1.0,,,,,1,1,1,1,,,,,,,3510,Starkes Baumholz_7,1301.7,1,not_young,0,0,0,Verdabbio,1000_1500
,106681.0,2.0,Stangenholz,100.0,,,colline with beech,2.0,0.3,,,1.0,,,2,2,2,2,,,,,,,3512,Stangenholz_2,740.5,0,not_young,0,0,1,Verdabbio,500_1000
,106682.0,3.0,Schwaches Baumholz,189.0,,,colline,3.0,1.1,,,,,,3,3,3,3,,,,,,,3513,Schwaches Baumholz_3,487.6,0,not_young,0,0,0,Verdabbio,300_500
,106683.0,3.0,Schwaches Baumholz,128.0,,,colline,3.0,2.1,,,1.0,,,2,2,2,2,,,,,,,3514,Schwaches Baumholz_3,458.0,0,not_young,0,0,1,Verdabbio,300_500
,106685.0,3.0,Schwaches Baumholz,92.0,,,colline,3.0,0.4,,,1.0,,,2,2,2,2,,,,,,,3515,Schwaches Baumholz_3,636.2,0,not_young,0,0,1,Verdabbio,500_1000
,106686.0,3.0,Schwaches Baumholz,163.0,,,colline,3.0,3.8,,,1.0,,,2,2,2,2,,,,,,,3516,Schwaches Baumholz_3,489.7,0,not_young,0,0,1,Verdabbio,300_500
,106687.0,3.0,Schwaches Baumholz,168.0,,,colline with beech,2.0,1.0,,,1.0,,,2,2,2,2,,,,,,,3517,Schwaches Baumholz_2,550.4,0,not_young,0,0,0,Verdabbio,500_1000
,106688.0,3.0,Schwaches Baumholz,172.0,,,colline with beech,2.0,1.9,,,,,,3,3,3,3,,,,,,,3518,Schwaches Baumholz_2,663.1,0,not_young,0,0,0,Verdabbio,500_1000
,106689.0,1.0,Jungwuchs/Dickung,125.0,,,colline,3.0,0.2,,,1.0,,,2,2,2,2,,,,,,,3519,Jungwuchs/Dickung_3,648.8,0,young,0,0,1,Verdabbio,500_1000
,106690.0,3.0,Schwaches Baumholz,174.0,,,colline,3.0,0.5,,,1.0,,,2,2,2,2,,,,,,,3520,Schwaches Baumholz_3,534.6,0,not_young,0,0,1,Verdabbio,500_1000
,106691.0,2.0,Stangenholz,107.0,,,lower/upper montane,7.0,1.6,,,1.0,,,2,2,2,2,,,,,,,3521,Stangenholz_7,729.7999999999998,0,not_young,0,0,1,Verdabbio,500_1000
,106692.0,3.0,Schwaches Baumholz,287.0,TEI (e) / ES (e) / FI (2) / KA (5) / BI (1) / AS (2) / KI (e) / TA (e),TEI (e) / FI (5) / KA (2) / AS (e) / KI (e) / HAS (3) / TA (e),colline,3.0,0.6,,,1.0,,,6,6,6,6,,,1.0,,,,3522,Schwaches Baumholz_3,477.9,0,not_young,0,0,0,Verdabbio,300_500
,106695.0,2.0,Stangenholz,233.0,FI (e) / KA (10) / BI (e) / LI (e) / WFO (e),FI (1) / KA (6) / HAS (3) / TA (e),colline,3.0,3.3,,,1.0,,,2,2,2,2,,,,,,,3523,Stangenholz_3,452.6,0,not_young,0,0,1,Verdabbio,300_500
,106697.0,4.0,Mittleres Baumholz,182.0,ES (2) / FI (1) / KA (7) / BI (e),ES (e) / FI (e) / KA (2) / HAS (8),colline,3.0,0.5,,,1.0,,,6,6,6,6,,,1.0,,,,3524,Mittleres Baumholz_3,684.4,0,not_young,0,0,0,Verdabbio,500_1000
,106717.0,2.0,Stangenholz,115.0,BU (3),,lower/upper montane,7.0,0.3,1.0,,,,,1,1,1,1,,,,,,,3536,Stangenholz_7,1181.0,1,not_young,0,0,0,Verdabbio,1000_1500
,106720.0,3.0,Schwaches Baumholz,390.0,FI (7) / TA (3),,lower/upper montane,7.0,0.3,1.0,,,,,1,1,1,1,,,,,,,3538,Schwaches Baumholz_7,1141.9,1,not_young,0,0,0,Verdabbio,1000_1500
,106731.0,2.0,Stangenholz,104.0,FI (9) / LA (1),,-,5.0,0.2,,,,,,3,1,3,3,1.0,,,,,,3544,Stangenholz_5,2142.0,1,not_young,0,0,0,Verdabbio,2000_2500
,106738.0,2.0,Stangenholz,243.0,FI (1) / KA (9) / KI (e),FI (2) / KA (7) / HAS (1),colline,3.0,0.2,,,,,,3,3,3,3,,,,,,,3548,Stangenholz_3,492.5,0,not_young,0,0,0,Verdabbio,300_500
,106740.0,3.0,Schwaches Baumholz,282.0,SER (8) / ES (1) / KI (1) / RO (e) / LI (e) / HAS (e),SER (1) / ES (2) / FI (e) / KA (1) / KI (e) / RO (e) / LI (e) / STP (3) / HAS (3),colline,3.0,0.5,,,1.0,,,6,6,6,6,,,1.0,,,,3549,Schwaches Baumholz_3,485.4,0,not_young,0,0,0,Verdabbio,300_500
,106741.0,2.0,Stangenholz,131.0,WER (e) / ES (2) / KA (e) / AS (e) / RO (8) / LI (e) / WFO (e),ES (5) / FI (1) / RO (4) / STP (e) / HAS (1),colline,3.0,1.7,,,1.0,,,6,6,6,6,,,1.0,,,,3550,Stangenholz_3,387.1,0,not_young,0,0,0,Verdabbio,300_500
,106750.0,3.0,Schwaches Baumholz,276.0,FI (4) / LA (1),,lower/upper montane,7.0,0.4,1.0,,,,,1,1,1,1,,,,,,,3555,Schwaches Baumholz_7,1458.0,1,not_young,0,0,0,Verdabbio,1000_1500
,106751.0,3.0,Schwaches Baumholz,253.0,FI (4) / LA (1),,lower/upper montane,7.0,1.6,1.0,,,,,1,1,1,1,,,,,,,3556,Schwaches Baumholz_7,1411.9,1,not_young,0,0,0,Verdabbio,1000_1500
,106752.0,4.0,Mittleres Baumholz,319.0,FI (8) / LA (2),,lower/upper montane,7.0,0.5,1.0,,,,,1,1,1,1,,,,,,,3557,Mittleres Baumholz_7,1543.2,1,not_young,0,0,0,Verdabbio,1500_2000
,106753.0,2.0,Stangenholz,216.0,FI (6) / LA (2),,high-montane (main area of silver fir),10.0,1.3,1.0,,,,,1,1,1,1,,,,,,,3558,Stangenholz_10,1578.2,1,not_young,0,0,0,Verdabbio,1500_2000
,106754.0,2.0,Stangenholz,180.0,FI (6) / LA (2),,high-montane (main area of silver fir),10.0,0.6,1.0,,,,,1,1,1,1,,,,,,,3559,Stangenholz_10,1561.1,1,not_young,0,0,0,Verdabbio,1500_2000
,106755.0,4.0,Mittleres Baumholz,382.0,FI (8) / LA (2),,high-montane (main area of silver fir),10.0,1.1,1.0,,,,,1,1,1,1,,,,,,,3560,Mittleres Baumholz_10,1658.5,1,not_young,0,0,0,Verdabbio,1500_2000
,106783.0,2.0,Stangenholz,136.0,FI (9) / TA (1),,upper subalpine,9.0,0.7,1.0,,,,,1,1,1,1,,,,,,,3579,Stangenholz_9,1869.4,1,not_young,0,0,0,Verdabbio,1500_2000
,106787.0,2.0,Stangenholz,205.0,FI (1) / TA (1),,high-montane (main area of silver fir),10.0,1.2,1.0,,,,,1,1,1,1,,,,,,,3580,Stangenholz_10,1568.1,1,not_young,0,0,0,Verdabbio,1500_2000
,106788.0,4.0,Mittleres Baumholz,324.0,FI (9) / TA (1),,subalpine,8.0,1.5,1.0,,,,,1,1,1,1,,,,,,,3581,Mittleres Baumholz_8,1730.4,1,not_young,0,0,0,Verdabbio,1500_2000
,106790.0,3.0,Schwaches Baumholz,114.0,FI (7) / LA (2) / LFO (1),,-,5.0,0.4,,,,,,3,1,3,3,1.0,,,,,,3582,Schwaches Baumholz_5,2128.9,1,not_young,0,0,0,Verdabbio,2000_2500
,106791.0,4.0,Mittleres Baumholz,426.0,BU (1) / FI (7) / LA (1) / TA (1),,high-montane (main area of silver fir),10.0,1.3,1.0,,,,,1,1,1,1,,,,,,,3583,Mittleres Baumholz_10,1494.3,1,not_young,0,0,0,Verdabbio,1000_1500
,106792.0,4.0,Mittleres Baumholz,236.0,FI (8) / TA (2),,subalpine,8.0,1.5,1.0,,,,,1,1,1,1,,,,,,,3584,Mittleres Baumholz_8,1742.6,1,not_young,0,0,0,Verdabbio,1500_2000
,106896.0,3.0,Schwaches Baumholz,190.0,TEI (3) / ES (2) / BI (e) / KI (1) / LI (4),ES (2) / KA (e) / STP (2) / HAS (6),colline,3.0,0.9,,,1.0,,,2,2,2,2,,,,,,,3620,Schwaches Baumholz_3,400.5,0,not_young,0,0,1,Verdabbio,300_500
,106898.0,4.0,Mittleres Baumholz,202.0,ES (e) / KA (6) / KI (1) / LI (3),ES (2) / KA (3) / KI (e) / LI (e) / HAS (5),colline,3.0,2.3,,,1.0,,,6,6,6,6,,,1.0,,,,3622,Mittleres Baumholz_3,437.0,0,not_young,0,0,0,Verdabbio,300_500
,106915.0,4.0,Mittleres Baumholz,373.0,FI (7) / LA (2) / TA (1),,lower/upper montane,7.0,0.4,1.0,,,,,1,1,1,1,,,,,,,3638,Mittleres Baumholz_7,1148.2,1,not_young,0,0,0,Verdabbio,1000_1500
,106922.0,3.0,Schwaches Baumholz,191.0,FI (1) / LA (9),,-,5.0,2.2,,,,,,3,1,3,3,1.0,,,,,,3639,Schwaches Baumholz_5,2007.0,1,not_young,0,0,0,Verdabbio,2000_2500
,106931.0,2.0,Stangenholz,327.0,FI (2) / TA (1),,lower/upper montane,7.0,0.2,1.0,,1.0,,,2,1,2,2,,,,,,,3641,Stangenholz_7,1475.1,1,not_young,0,0,0,Verdabbio,1000_1500
,106932.0,4.0,Mittleres Baumholz,287.0,BU (4) / FI (4) / TA (1),,lower/upper montane,7.0,0.6,1.0,,1.0,,,2,1,2,2,,,,,,,3642,Mittleres Baumholz_7,1472.2,1,not_young,0,0,0,Verdabbio,1000_1500
,106934.0,2.0,Stangenholz,312.0,,,lower/upper montane,7.0,0.5,,,1.0,,,2,2,2,2,,,,,,,3643,Stangenholz_7,1353.9,1,not_young,0,0,0,Verdabbio,1000_1500
,106935.0,2.0,Stangenholz,319.0,FI (5) / TA (3),,lower/upper montane,7.0,0.4,,,1.0,,,2,2,2,2,,,,,,,3644,Stangenholz_7,1370.8,1,not_young,0,0,0,Verdabbio,1000_1500
,106936.0,4.0,Mittleres Baumholz,346.0,FI (7) / LA (1) / TA (2),,lower/upper montane,7.0,0.3,0.0,,1.0,,,2,2,2,2,,,,,,,3645,Mittleres Baumholz_7,1401.1,1,not_young,0,0,0,Verdabbio,1000_1500
,106951.0,3.0,Schwaches Baumholz,219.0,FI (2) / KA (8) / BI (e),FI (3) / KA (3) / HAS (4),colline,3.0,2.8,,,1.0,,,2,2,2,2,,,,,,,3654,Schwaches Baumholz_3,796.7,0,not_young,0,0,1,Verdabbio,500_1000
,106952.0,2.0,Stangenholz,138.0,KA (10) / AS (e),FI (1) / KA (7) / HAS (2),colline,3.0,1.5,,,1.0,,,6,6,6,6,,,1.0,,,,3655,Stangenholz_3,514.9,0,not_young,0,0,0,Verdabbio,500_1000
,106953.0,3.0,Schwaches Baumholz,104.0,TEI (1) / FI (e) / KA (8) / LA (e) / BI (1),FI (1) / KA (8) / BI (1) / WAH (e) / HAS (e),colline with beech,2.0,1.0,,,1.0,,,2,2,2,2,,,,,,,3656,Schwaches Baumholz_2,739.3999999999999,0,not_young,0,0,1,Verdabbio,500_1000
,106954.0,2.0,Stangenholz,105.0,TEI (1) / FI (e) / KA (6) / LI (3),TEI (1) / FI (e) / KA (2) / LA (e) / MBE (3) / LI (2) / WAH (e) / HAS (2),colline with beech,2.0,0.4,,,1.0,,,2,2,2,2,,,,,,,3657,Stangenholz_2,573.0,0,not_young,0,0,1,Verdabbio,500_1000
,106955.0,3.0,Schwaches Baumholz,229.0,FI (e) / KA (10),FI (e) / KA (10),colline,3.0,1.7,,,1.0,,,6,6,6,6,,,1.0,,,,3658,Schwaches Baumholz_3,820.7,0,not_young,0,0,0,Verdabbio,500_1000
,106956.0,2.0,Stangenholz,71.0,TEI (1) / KA (5) / LA (e) / BI (e) / OST (1) / AS (1) / LI (2),TEI (e) / FI (e) / KA (2) / LA (e) / BI (3) / OST (1) / AS (2) / WEI (1) / LI (1) / HAS (1),colline with beech,2.0,0.4,,,1.0,,,2,2,2,2,,,,,,,3659,Stangenholz_2,741.1,0,not_young,0,0,1,Verdabbio,500_1000
,106965.0,4.0,Mittleres Baumholz,316.0,FI (3) / KA (4) / BI (1) / KI (e) / TA (e) / WFO (2),FI (2) / KA (4) / BI (e) / KI (e) / HAS (4) / TA (e),colline,3.0,4.2,,,1.0,,,6,6,6,6,,,1.0,,,,3667,Mittleres Baumholz_3,482.9,0,not_young,0,0,0,Verdabbio,300_500
,106967.0,5.0,Starkes Baumholz,422.0,FI (9) / LA (1),,lower/upper montane,7.0,0.2,,,,,,3,1,3,3,1.0,,,,,,3668,Starkes Baumholz_7,1229.6,1,not_young,0,0,0,Verdabbio,1000_1500
,106985.0,4.0,Mittleres Baumholz,455.0,FI (8) / LA (1) / TA (1),,lower/upper montane,7.0,1.5,1.0,,,,,1,1,1,1,,,,,,,3683,Mittleres Baumholz_7,1360.9,1,not_young,0,0,0,Verdabbio,1000_1500
,106986.0,4.0,Mittleres Baumholz,518.0,FI (8) / LA (1) / TA (1),,lower/upper montane,7.0,1.0,1.0,,,,,1,1,1,1,,,,,,,3684,Mittleres Baumholz_7,1414.7,1,not_young,0,0,0,Verdabbio,1000_1500
,106987.0,4.0,Mittleres Baumholz,313.0,FI (6) / LA (1) / TA (1),,subalpine,8.0,0.6,1.0,,,,,1,1,1,1,,,,,,,3685,Mittleres Baumholz_8,1713.8,1,not_young,0,0,0,Verdabbio,1500_2000
,106988.0,4.0,Mittleres Baumholz,372.0,FI (7) / LA (1) / TA (1),,high-montane (main area of silver fir),10.0,1.0,1.0,,,,,1,1,1,1,,,,,,,3686,Mittleres Baumholz_10,1643.7,1,not_young,0,0,0,Verdabbio,1500_2000
,106989.0,5.0,Starkes Baumholz,292.0,FI (10),,subalpine,8.0,0.5,1.0,,1.0,,,2,1,2,2,,,,,,,3687,Starkes Baumholz_8,1720.9,1,not_young,0,0,0,Verdabbio,1500_2000
,106990.0,4.0,Mittleres Baumholz,395.0,FI (7) / LA (1) / TA (1),,high-montane (main area of silver fir),10.0,0.3,1.0,,,,,1,1,1,1,,,,,,,3688,Mittleres Baumholz_10,1616.6,1,not_young,0,0,0,Verdabbio,1500_2000
,106991.0,4.0,Mittleres Baumholz,367.0,FI (7) / LA (1) / TA (1),,high-montane (main area of silver fir),10.0,0.4,1.0,,,,,1,1,1,1,,,,,,,3689,Mittleres Baumholz_10,1615.9,1,not_young,0,0,0,Verdabbio,1500_2000
,106992.0,4.0,Mittleres Baumholz,417.0,FI (8) / LA (2),,subalpine,8.0,0.3,1.0,,,,,1,1,1,1,,,,,,,3690,Mittleres Baumholz_8,1847.9,1,not_young,0,0,0,Verdabbio,1500_2000
,106993.0,4.0,Mittleres Baumholz,305.0,FI (7) / LA (3),,upper subalpine,9.0,0.7,1.0,,,,,1,1,1,1,,,,,,,3691,Mittleres Baumholz_9,1946.7,1,not_young,0,0,0,Verdabbio,1500_2000
,106994.0,2.0,Stangenholz,262.0,FI (8) / LA (2),,subalpine,8.0,0.2,1.0,,,,,1,1,1,1,,,,,,,3692,Stangenholz_8,1795.6,1,not_young,0,0,0,Verdabbio,1500_2000
,106995.0,5.0,Starkes Baumholz,490.0,BU (1) / FI (6) / LA (1) / TA (2),,lower/upper montane,7.0,0.3,,,,,,3,1,3,3,1.0,,,,,,3693,Starkes Baumholz_7,1217.8,1,not_young,0,0,0,Verdabbio,1000_1500
,106996.0,4.0,Mittleres Baumholz,444.0,FI (7) / LA (1) / TA (1),,lower/upper montane,7.0,0.4,1.0,,,,,1,1,1,1,,,,,,,3694,Mittleres Baumholz_7,1436.8,1,not_young,0,0,0,Verdabbio,1000_1500
,106997.0,3.0,Schwaches Baumholz,260.0,BU (3) / FI (7),,lower/upper montane,7.0,0.2,1.0,,,,,1,1,1,1,,,,,,,3695,Schwaches Baumholz_7,1488.9,1,not_young,0,0,0,Verdabbio,1000_1500
,106999.0,2.0,Stangenholz,162.0,FI (2) / LA (7),,upper subalpine,9.0,0.6,1.0,,,,,1,1,1,1,,,,,,,3696,Stangenholz_9,1872.2,1,not_young,0,0,0,Verdabbio,1500_2000
,107001.0,2.0,Stangenholz,128.0,AER (3) / FI (1) / LA (2),,subalpine,8.0,0.5,1.0,,,,,1,1,1,1,,,,,,,3697,Stangenholz_8,1796.6,1,not_young,0,0,0,Verdabbio,1500_2000
,107107.0,3.0,Schwaches Baumholz,210.0,ES (4) / KA (6) / KI (e) / LI (e),ES (1) / FI (e) / KA (2) / MBE (e) / LI (e) / STP (1) / HAS (5) / UST (1),colline with beech,2.0,1.2,,,1.0,,,6,6,6,6,,,1.0,,,,3738,Schwaches Baumholz_2,428.4,0,not_young,0,0,0,Verdabbio,300_500
,107130.0,4.0,Mittleres Baumholz,274.0,TEI (1) / ES (1) / FI (e) / KA (6) / KI (e) / RO (e) / LI (2),ES (1) / FI (1) / KA (3) / KI (e) / LI (1) / STP (e) / HAS (4) / UST (e),hyperinsubric,1.0,3.2,,,1.0,,,6,6,6,6,,,1.0,,,,3754,Mittleres Baumholz_1,459.0,0,not_young,0,0,0,Verdabbio,300_500
,107131.0,3.0,Schwaches Baumholz,307.0,SER (e) / ES (e) / FI (3) / KA (7) / LA (e) / BI (e) / STP (e) / TA (e),ES (e) / FI (8) / KA (1) / STP (e) / TA (1),colline,3.0,6.4,,,1.0,,,6,6,6,6,,,1.0,,,,3755,Schwaches Baumholz_3,424.1,0,not_young,0,0,0,Verdabbio,300_500
,107132.0,5.0,Starkes Baumholz,347.0,FI (7) / LA (1) / TA (2),,lower/upper montane,7.0,0.5,,,,,,3,1,3,3,1.0,,,,,,3756,Starkes Baumholz_7,1329.4,1,not_young,0,0,0,Verdabbio,1000_1500
,107157.0,3.0,Schwaches Baumholz,259.0,FI (10),FI (10),lower/upper montane,7.0,0.8,,,,,,3,1,3,3,1.0,,,,,,3767,Schwaches Baumholz_7,1282.9,1,not_young,0,0,0,Verdabbio,1000_1500
,107158.0,4.0,Mittleres Baumholz,125.0,FI (10),FI (10),lower/upper montane,7.0,0.6,,,,,,3,1,3,3,1.0,,,,,,3768,Mittleres Baumholz_7,1278.3,1,not_young,0,0,0,Verdabbio,1000_1500
,107159.0,5.0,Starkes Baumholz,258.0,FI (10),,lower/upper montane,7.0,0.6,,,,,,3,1,3,3,1.0,,,,,,3769,Starkes Baumholz_7,1266.9,1,not_young,0,0,0,Verdabbio,1000_1500
,107160.0,3.0,Schwaches Baumholz,37.0,FI (10),FI (10),lower/upper montane,7.0,0.7,,,,,,3,1,3,3,1.0,,,,,,3770,Schwaches Baumholz_7,1270.2,1,not_young,0,0,0,Verdabbio,1000_1500
,107179.0,3.0,Schwaches Baumholz,163.0,WFO (2),,lower/upper montane,7.0,2.4,1.0,,,,,1,1,1,1,,,,,,,3784,Schwaches Baumholz_7,1023.5,1,not_young,0,0,0,Verdabbio,1000_1500
,107184.0,3.0,Schwaches Baumholz,285.0,TEI (e) / ES (1) / FI (1) / KA (8) / KI (e) / RO (e) / WEY (e) / STP (e) / TA (e),ES (1) / FI (4) / KA (3) / RO (e) / STP (1) / HAS (1) / TA (1),colline,3.0,2.4,,,1.0,,,6,6,6,6,,,1.0,,,,3789,Schwaches Baumholz_3,407.8,0,not_young,0,0,0,Verdabbio,300_500
,107186.0,3.0,Schwaches Baumholz,282.0,ES (1) / FI (1) / KA (7) / LA (e) / BI (e) / KI (e) / LI (1) / BUL (e) / TA (e) / WFO (e),ES (2) / FI (4) / KA (3) / LI (1) / TA (e),colline,3.0,2.8,,,1.0,,,6,6,6,6,,,1.0,,,,3791,Schwaches Baumholz_3,405.3,0,not_young,0,0,0,Verdabbio,300_500
,107187.0,3.0,Schwaches Baumholz,342.0,FI (1) / KA (8) / BI (e) / LI (e) / STP (e) / WFO (1),FI (5) / STP (3) / HAS (2),colline,3.0,2.1,,,1.0,,,6,6,6,6,,,1.0,,,,3792,Schwaches Baumholz_3,456.8,0,not_young,0,0,0,Verdabbio,300_500
,107188.0,3.0,Schwaches Baumholz,253.0,ES (e) / FI (2) / KA (5) / OST (e) / AS (e) / KI (1) / LI (1) / STP (e) / WFO (1),ES (1) / FI (1) / KA (3) / KI (e) / LI (e) / STP (2) / HAS (3),colline,3.0,3.1,,,1.0,,,2,2,2,2,,,,,,,3793,Schwaches Baumholz_3,409.4,0,not_young,0,0,1,Verdabbio,300_500
,107190.0,2.0,Stangenholz,110.0,AER (4) / FI (1) / LA (5),,-,5.0,0.7,1.0,,,,,1,1,1,1,,,,,,,3795,Stangenholz_5,2095.6,1,not_young,0,0,0,Verdabbio,2000_2500
,107191.0,2.0,Stangenholz,219.0,FI (2) / LA (7),,upper subalpine,9.0,0.4,1.0,,,,,1,1,1,1,,,,,,,3796,Stangenholz_9,1901.1,1,not_young,0,0,0,Verdabbio,1500_2000
,107192.0,4.0,Mittleres Baumholz,258.0,BU (4) / FI (5) / LA (1),,high-montane (main area of silver fir),10.0,0.4,1.0,,,,,1,1,1,1,,,,,,,3797,Mittleres Baumholz_10,1677.9,1,not_young,0,0,0,Verdabbio,1500_2000
,107193.0,2.0,Stangenholz,111.0,FI (9) / LA (1),,-,5.0,0.3,,,,,,3,1,3,3,1.0,,,,,,3798,Stangenholz_5,2114.6,1,not_young,0,0,0,Verdabbio,2000_2500
,107199.0,2.0,Stangenholz,278.0,,,lower/upper montane,7.0,1.1,1.0,,,,,1,1,1,1,,,,,,,3801,Stangenholz_7,1199.8,1,not_young,0,0,0,Verdabbio,1000_1500
,107201.0,3.0,Schwaches Baumholz,436.0,FI (5) / LA (1) / TA (4),,lower/upper montane,7.0,1.1,1.0,,,,,1,1,1,1,,,,,,,3803,Schwaches Baumholz_7,1161.9,1,not_young,0,0,0,Verdabbio,1000_1500
,107202.0,1.0,Jungwuchs/Dickung,413.0,FI (4) / LA (1) / TA (4),,lower/upper montane,7.0,0.2,1.0,,,,,1,1,1,1,,,,,,,3804,Jungwuchs/Dickung_7,1189.8,1,young,0,0,0,Verdabbio,1000_1500
,107203.0,4.0,Mittleres Baumholz,361.0,BU (6) / LA (3),,lower/upper montane,7.0,0.5,1.0,,,,,1,1,1,1,,,,,,,3805,Mittleres Baumholz_7,1195.0,1,not_young,0,0,0,Verdabbio,1000_1500
,107204.0,5.0,Starkes Baumholz,465.0,FI (5) / LA (1) / TA (4),,lower/upper montane,7.0,6.7,1.0,,,,,1,1,1,1,,,,,,,3806,Starkes Baumholz_7,1300.8,1,not_young,0,0,0,Verdabbio,1000_1500
,107291.0,2.0,Stangenholz,141.0,,,colline,3.0,0.6,,,1.0,,,2,2,2,2,,,,,,,3826,Stangenholz_3,756.7999999999998,0,not_young,0,0,1,Verdabbio,500_1000
,107309.0,3.0,Schwaches Baumholz,340.0,BAH (e) / FI (2) / KA (6) / BI (1) / KI (e) / LI (e) / STP (e) / HAS (e) / WFO (1),FI (6) / KA (4) / LI (e),colline,3.0,4.5,,,1.0,,,6,6,6,6,,,1.0,,,,3837,Schwaches Baumholz_3,455.2,0,not_young,0,0,0,Verdabbio,300_500
,107310.0,1.0,Jungwuchs/Dickung,189.0,,SER (e) / ES (1) / FI (e) / KA (4) / BI (e) / AS (1) / BUL (e) / HAS (4) / TA (e),colline,3.0,0.7,,,1.0,,,6,6,6,6,,,1.0,,,,3838,Jungwuchs/Dickung_3,449.2,0,young,0,0,0,Verdabbio,300_500
,107311.0,3.0,Schwaches Baumholz,309.0,ES (1) / FI (e) / KA (7) / KI (1) / LI (1),ES (3) / FI (1) / KA (3) / NU (e) / KI (e) / LI (1) / STP (e) / HAS (2) / TA (e),hyperinsubric,1.0,0.5,,,1.0,,,6,6,6,6,,,1.0,,,,3839,Schwaches Baumholz_1,448.5,0,not_young,0,0,0,Verdabbio,300_500
,107312.0,3.0,Schwaches Baumholz,346.0,SER (1) / ES (3) / KA (4) / KI (1) / LI (1) / BUL (e) / STP (e),ES (2) / FI (3) / KA (1) / KI (e) / LI (e) / STP (1) / HAS (3),colline,3.0,1.8,,,1.0,,,2,2,2,2,,,,,,,3840,Schwaches Baumholz_3,423.6,0,not_young,0,0,1,Verdabbio,300_500
,107313.0,2.0,Stangenholz,165.0,FI (4),,lower/upper montane,7.0,1.8,1.0,,,,,1,1,1,1,,,,,,,3841,Stangenholz_7,1353.5,1,not_young,0,0,0,Verdabbio,1000_1500
,107317.0,4.0,Mittleres Baumholz,219.0,FI (7) / TA (3),,subalpine,8.0,1.9,1.0,,,,,1,1,1,1,,,,,,,3844,Mittleres Baumholz_8,1734.5,1,not_young,0,0,0,Verdabbio,1500_2000
,107318.0,3.0,Schwaches Baumholz,181.0,BU (3) / FI (6) / TA (1),,high-montane (main area of silver fir),10.0,0.8,1.0,,,,,1,1,1,1,,,,,,,3845,Schwaches Baumholz_10,1587.3,1,not_young,0,0,0,Verdabbio,1500_2000
,107319.0,3.0,Schwaches Baumholz,221.0,FI (8) / LA (2),,subalpine,8.0,1.4,1.0,,,,,1,1,1,1,,,,,,,3846,Schwaches Baumholz_8,1849.3,1,not_young,0,0,0,Verdabbio,1500_2000
,107320.0,3.0,Schwaches Baumholz,164.0,BU (2) / FI (5),,subalpine,8.0,0.7,1.0,,,,,1,1,1,1,,,,,,,3847,Schwaches Baumholz_8,1864.5,1,not_young,0,0,0,Verdabbio,1500_2000
,107321.0,4.0,Mittleres Baumholz,255.0,BU (1) / FI (7),,high-montane (main area of silver fir),10.0,1.4,1.0,,,,,1,1,1,1,,,,,,,3848,Mittleres Baumholz_10,1551.6,1,not_young,0,0,0,Verdabbio,1500_2000
,107322.0,3.0,Schwaches Baumholz,353.0,BU (8),,lower/upper montane,7.0,0.6,1.0,,,,,1,1,1,1,,,,,,,3849,Schwaches Baumholz_7,1513.9,1,not_young,0,0,0,Verdabbio,1500_2000
,107323.0,4.0,Mittleres Baumholz,242.0,FI (8) / TA (2),,lower/upper montane,7.0,1.0,1.0,,,,,1,1,1,1,,,,,,,3850,Mittleres Baumholz_7,1571.9,1,not_young,0,0,0,Verdabbio,1500_2000
,107324.0,3.0,Schwaches Baumholz,165.0,BU (2) / FI (2),,lower/upper montane,7.0,0.8,1.0,,,,,1,1,1,1,,,,,,,3851,Schwaches Baumholz_7,1458.0,1,not_young,0,0,0,Verdabbio,1000_1500
,107325.0,4.0,Mittleres Baumholz,227.0,BU (6) / FI (2),,lower/upper montane,7.0,1.3,1.0,,,,,1,1,1,1,,,,,,,3852,Mittleres Baumholz_7,1397.8,1,not_young,0,0,0,Verdabbio,1000_1500
,107326.0,4.0,Mittleres Baumholz,165.0,BU (4) / AER (2) / FI (3),,lower/upper montane,7.0,0.9,1.0,,,,,1,1,1,1,,,,,,,3853,Mittleres Baumholz_7,1433.5,1,not_young,0,0,0,Verdabbio,1000_1500
,107327.0,2.0,Stangenholz,68.0,BU (3) / FI (1),,lower/upper montane,7.0,2.0,1.0,,,,,1,1,1,1,,,,,,,3854,Stangenholz_7,1337.2,1,not_young,0,0,0,Verdabbio,1000_1500
,107343.0,3.0,Schwaches Baumholz,260.0,BU (1) / TEI (6) / KA (2) / LA (e) / BI (1),TEI (6) / KA (4),lower/upper montane,7.0,1.8,0.0,,,,,3,1,3,3,1.0,,,,,,3866,Schwaches Baumholz_7,984.5,0,not_young,0,0,0,Verdabbio,500_1000
,107345.0,2.0,Stangenholz,258.0,BU (3) / TEI (4) / FI (e) / BI (1) / WFO (2),BU (4) / TEI (6) / BI (e),lower/upper montane,7.0,1.1,0.0,,1.0,,,2,2,2,2,,,,,,,3868,Stangenholz_7,1061.3,1,not_young,0,0,1,Verdabbio,1000_1500
,107346.0,4.0,Mittleres Baumholz,207.0,TEI (3) / KA (e) / BI (e) / WFO (7),TEI (10),lower/upper montane,7.0,0.3,1.0,,,,,1,1,1,1,,,,,,,3869,Mittleres Baumholz_7,1019.0,1,not_young,0,0,0,Verdabbio,1000_1500
,107352.0,2.0,Stangenholz,200.0,KA (7) / LI (3),KA (8) / HAS (2),colline,3.0,0.2,,,1.0,,,6,6,6,6,,,1.0,,,,3874,Stangenholz_3,576.2,0,not_young,0,0,0,Verdabbio,500_1000
,107355.0,4.0,Mittleres Baumholz,216.0,FI (4) / LA (6),,upper subalpine,9.0,1.6,1.0,,,,,1,1,1,1,,,,,,,3875,Mittleres Baumholz_9,1905.9,1,not_young,0,0,0,Verdabbio,1500_2000
,107359.0,2.0,Stangenholz,113.0,BU (2),,lower/upper montane,7.0,1.0,,,1.0,,,2,2,2,2,,,,,,,3876,Stangenholz_7,1035.0,1,not_young,0,0,1,Verdabbio,1000_1500
,107360.0,1.0,Jungwuchs/Dickung,85.0,,,colline with beech,2.0,1.2,,,1.0,,,2,2,2,2,,,,,,,3877,Jungwuchs/Dickung_2,779.1,0,young,0,0,1,Verdabbio,500_1000
,107361.0,3.0,Schwaches Baumholz,142.0,,,colline with beech,2.0,0.4,,,1.0,,,2,2,2,2,,,,,,,3878,Schwaches Baumholz_2,693.2,0,not_young,0,0,1,Verdabbio,500_1000
,107363.0,3.0,Schwaches Baumholz,84.0,BU (1),,lower/upper montane,7.0,0.5,,,1.0,,,2,2,2,2,,,,,,,3879,Schwaches Baumholz_7,1022.5,1,not_young,0,0,1,Verdabbio,1000_1500
,107364.0,4.0,Mittleres Baumholz,250.0,BU (3),,high-montane (main area of silver fir),10.0,1.6,,,1.0,,,2,2,2,2,,,,,,,3880,Mittleres Baumholz_10,1005.7,1,not_young,0,0,1,Verdabbio,1000_1500
,107391.0,5.0,Starkes Baumholz,380.0,FI (6) / LA (1) / TA (1),,high-montane (main area of silver fir),10.0,0.7,1.0,,,,,1,1,1,1,,,,,,,3900,Starkes Baumholz_10,1580.0,1,not_young,0,0,0,Verdabbio,1500_2000
,107392.0,4.0,Mittleres Baumholz,422.0,BU (2) / FI (2) / TA (2),,lower/upper montane,7.0,2.4,1.0,,,,,1,1,1,1,,,,,,,3901,Mittleres Baumholz_7,1310.7,1,not_young,0,0,0,Verdabbio,1000_1500
,107393.0,4.0,Mittleres Baumholz,339.0,FI (8) / LA (2),,upper subalpine,9.0,0.5,1.0,,,,,1,1,1,1,,,,,,,3902,Mittleres Baumholz_9,1873.9,1,not_young,0,0,0,Verdabbio,1500_2000
,107395.0,4.0,Mittleres Baumholz,176.0,BU (1) / FI (7),,high-montane (main area of silver fir),10.0,0.7,1.0,,,,,1,1,1,1,,,,,,,3903,Mittleres Baumholz_10,1635.7,1,not_young,0,0,0,Verdabbio,1500_2000
,107397.0,2.0,Stangenholz,210.0,BU (3) / FI (1),,high-montane (main area of silver fir),10.0,0.3,1.0,,,,,1,1,1,1,,,,,,,3904,Stangenholz_10,1558.1,1,not_young,0,0,0,Verdabbio,1500_2000
,107398.0,4.0,Mittleres Baumholz,242.0,BU (4) / AER (2) / FI (3),,lower/upper montane,7.0,0.2,1.0,,,,,1,1,1,1,,,,,,,3905,Mittleres Baumholz_7,1438.7,1,not_young,0,0,0,Verdabbio,1000_1500
,107399.0,4.0,Mittleres Baumholz,134.0,BU (4) / AER (2) / FI (3),,lower/upper montane,7.0,0.3,1.0,,,,,1,1,1,1,,,,,,,3906,Mittleres Baumholz_7,1474.9,1,not_young,0,0,0,Verdabbio,1000_1500
,107401.0,2.0,Stangenholz,80.0,BU (3) / FI (1),,lower/upper montane,7.0,0.5,1.0,,,,,1,1,1,1,,,,,,,3907,Stangenholz_7,1261.7,1,not_young,0,0,0,Verdabbio,1000_1500
,107474.0,3.0,Schwaches Baumholz,229.0,TEI (1) / WER (e) / ES (2) / KA (2) / BI (2) / AS (e) / KI (e) / LI (3),WER (e) / ES (2) / KA (1) / LI (1) / HAS (5) / UST (1),colline,3.0,2.4,,1.0,,,,3,3,4,4,,,,,,,3908,Schwaches Baumholz_3,465.0,0,not_young,0,0,0,Verdabbio,300_500
,107475.0,3.0,Schwaches Baumholz,226.0,TEI (1) / ES (2) / KA (3) / NU (e) / KI (e) / LI (4),ES (2) / KA (2) / NU (e) / LI (1) / HAS (5),colline,3.0,2.4,,1.0,,,,3,3,4,4,,,,,,,3909,Schwaches Baumholz_3,437.4,0,not_young,0,0,0,Verdabbio,300_500
,107479.0,3.0,Schwaches Baumholz,175.0,TEI (e) / ES (1) / KA (8) / KI (e) / LI (1),ES (2) / KA (3) / HAS (5),colline,3.0,1.1,,,1.0,,,6,6,6,6,,,1.0,,,,3913,Schwaches Baumholz_3,418.7,0,not_young,0,0,0,Verdabbio,300_500
,107496.0,4.0,Mittleres Baumholz,509.0,BU (2) / FI (e) / KA (e) / TA (8) / WFO (e),BU (7) / TA (3),lower/upper montane,7.0,1.9,,,1.0,,1.0,2,2,2,8,,,,1.0,,,3926,Mittleres Baumholz_7,1025.8,1,not_young,0,0,1,Verdabbio,1000_1500
,107511.0,3.0,Schwaches Baumholz,226.0,FI (5) / LA (5),,upper subalpine,9.0,0.5,1.0,,,,,1,1,1,1,,,,,,,3934,Schwaches Baumholz_9,1903.2,1,not_young,0,0,0,Verdabbio,1500_2000
,107513.0,4.0,Mittleres Baumholz,168.0,FI (5) / LA (5),,upper subalpine,9.0,0.7,1.0,,,,,1,1,1,1,,,,,,,3935,Mittleres Baumholz_9,1967.6,1,not_young,0,0,0,Verdabbio,1500_2000
,107514.0,4.0,Mittleres Baumholz,278.0,BU (2) / FI (5) / LA (2) / TA (1),,subalpine,8.0,2.2,1.0,,,,,1,1,1,1,,,,,,,3936,Mittleres Baumholz_8,1738.4,1,not_young,0,0,0,Verdabbio,1500_2000
,107516.0,4.0,Mittleres Baumholz,411.0,FI (5) / LA (1) / TA (2),,lower/upper montane,7.0,1.8,1.0,,,,,1,1,1,1,,,,,,,3937,Mittleres Baumholz_7,1432.3,1,not_young,0,0,0,Verdabbio,1000_1500
,107517.0,4.0,Mittleres Baumholz,442.0,FI (8) / LA (1) / TA (1),,lower/upper montane,7.0,0.8,1.0,,,,,1,1,1,1,,,,,,,3938,Mittleres Baumholz_7,1340.0,1,not_young,0,0,0,Verdabbio,1000_1500
,107518.0,3.0,Schwaches Baumholz,206.0,BU (2) / FI (3) / TA (4),,subalpine,8.0,1.4,1.0,,,,,1,1,1,1,,,,,,,3939,Schwaches Baumholz_8,1680.8,1,not_young,0,0,0,Verdabbio,1500_2000
,107519.0,5.0,Starkes Baumholz,325.0,FI (8) / LA (1) / TA (1),,subalpine,8.0,2.4,1.0,,,,,1,1,1,1,,,,,,,3940,Starkes Baumholz_8,1750.0,1,not_young,0,0,0,Verdabbio,1500_2000
,107520.0,3.0,Schwaches Baumholz,147.0,AER (4) / FI (6),,-,5.0,0.6,1.0,,,,,1,1,1,1,,,,,,,3941,Schwaches Baumholz_5,2039.8,1,not_young,0,0,0,Verdabbio,2000_2500
,107535.0,3.0,Schwaches Baumholz,309.0,BU (e) / TEI (e) / FI (2) / KA (8) / BI (e) / LI (e),FI (4) / KA (3) / HAS (3) / HOL (e),colline,3.0,1.5,,,1.0,,,6,6,6,6,,,1.0,,,,3955,Schwaches Baumholz_3,648.8,0,not_young,0,0,0,Verdabbio,500_1000
,107537.0,1.0,Jungwuchs/Dickung,174.0,,FI (e) / KA (8) / BI (e) / AS (e) / HAS (2),colline,3.0,0.2,,,1.0,,,6,6,6,6,,,1.0,,,,3956,Jungwuchs/Dickung_3,592.1,0,young,0,0,0,Verdabbio,500_1000
,107556.0,2.0,Stangenholz,248.0,ES (1) / KA (7) / KI (2),KA (3) / HAS (6) / HOL (1),colline,3.0,0.5,,,1.0,,,6,6,6,6,,,1.0,,,,3968,Stangenholz_3,495.6,0,not_young,0,0,0,Verdabbio,300_500
,107557.0,3.0,Schwaches Baumholz,347.0,BAH (e) / SER (1) / ES (5) / KA (3) / BI (e) / KI (e) / LI (1),SER (1) / ES (4) / KA (1) / KI (e) / LI (e) / STP (1) / HAS (3),colline,3.0,0.5,,,1.0,,,6,6,6,6,,,1.0,,,,3969,Schwaches Baumholz_3,464.1,0,not_young,0,0,0,Verdabbio,300_500
,107559.0,3.0,Schwaches Baumholz,279.0,ES (1) / KA (8) / LI (1),ES (3) / FI (e) / KA (2) / NU (1) / KI (e) / LI (e) / HAS (4),hyperinsubric,1.0,0.8,,,1.0,,,2,2,2,2,,,,,,,3970,Schwaches Baumholz_1,504.9,0,not_young,0,0,1,Verdabbio,500_1000
,107560.0,5.0,Starkes Baumholz,231.0,BAH (e) / ES (e) / KA (10) / BI (e) / WEI (e) / UST (e),BAH (2) / ES (1) / BI (e) / WEI (e) / UST (7),hyperinsubric,1.0,0.5,,,1.0,,,2,2,2,2,,,,,,,3971,Starkes Baumholz_1,529.4,0,not_young,0,0,1,Verdabbio,500_1000
,107561.0,4.0,Mittleres Baumholz,257.0,FI (e) / KA (10),BAH (1) / ES (e) / FI (e) / KA (3) / BI (e) / NU (e) / KI (e) / RO (1) / ULB (e) / HAS (5),colline with beech,2.0,0.3,,,,,,3,3,3,3,,,,,,,3972,Mittleres Baumholz_2,556.1,0,not_young,0,0,0,Verdabbio,500_1000
,107562.0,2.0,Stangenholz,76.0,TEI (8) / KA (1) / BI (e) / WFO (1),TEI (1) / KA (e) / BI (e) / WFO (9),colline,3.0,0.4,,,1.0,,,2,2,2,2,,,,,,,3973,Stangenholz_3,512.8,0,not_young,0,0,1,Verdabbio,500_1000
,107573.0,3.0,Schwaches Baumholz,94.0,FI (1),,colline,3.0,0.8,,,1.0,,,2,2,2,2,,,,,,,3981,Schwaches Baumholz_3,867.0,0,not_young,0,0,1,Verdabbio,500_1000
,107594.0,4.0,Mittleres Baumholz,126.0,AER (1) / FI (9),,-,5.0,0.3,1.0,,,,,1,1,1,1,,,,,,,3994,Mittleres Baumholz_5,2119.5,1,not_young,0,0,0,Verdabbio,2000_2500
,107597.0,3.0,Schwaches Baumholz,127.0,FI (9) / LA (1),,-,5.0,0.2,0.0,,,,,3,3,3,3,,,,,,,3995,Schwaches Baumholz_5,2155.4,1,not_young,0,0,0,Verdabbio,2000_2500
,107675.0,2.0,Stangenholz,130.0,ES (2) / KA (1) / BI (e) / AS (1) / KI (e) / WEI (e) / LI (2) / BUL (4),ES (4) / AS (3) / STP (1) / HAS (2),colline,3.0,1.0,,,1.0,,,2,2,2,2,,,,,,,3997,Stangenholz_3,397.2,0,not_young,0,0,1,Verdabbio,300_500
,107676.0,4.0,Mittleres Baumholz,271.0,TEI (2) / ES (1) / KA (6) / BI (e) / LI (1),ES (1) / FI (e) / KA (3) / MBE (e) / LI (e) / STP (e) / HAS (6),colline with beech,2.0,3.9,,,1.0,,,2,2,2,2,,,,,,,3998,Mittleres Baumholz_2,546.2,0,not_young,0,0,1,Verdabbio,500_1000
,107678.0,3.0,Schwaches Baumholz,249.0,TEI (e) / ES (5) / KA (3) / OST (e) / KI (e) / LI (2),ES (4) / KA (1) / KI (e) / MBE (e) / LI (e) / STP (e) / HAS (4) / UST (1),colline,3.0,2.4,,,1.0,,,6,6,6,6,,,1.0,,,,3999,Schwaches Baumholz_3,378.0,0,not_young,0,0,0,Verdabbio,300_500
,107679.0,3.0,Schwaches Baumholz,316.0,TEI (1) / KA (6) / KI (1) / LI (2),TEI (e) / ES (2) / FI (1) / KA (2) / KI (e) / STP (1) / HAS (4),colline with beech,2.0,2.4,,,1.0,,,6,6,6,6,,,1.0,,,,4000,Schwaches Baumholz_2,423.2,0,not_young,0,0,0,Verdabbio,300_500
,107681.0,4.0,Mittleres Baumholz,294.0,TEI (2) / ES (3) / KA (3) / LI (2),ES (6) / KA (1) / STP (e) / HAS (3),colline with beech,2.0,1.2,,,1.0,,,6,6,6,6,,,1.0,,,,4001,Mittleres Baumholz_2,386.3,0,not_young,0,0,0,Verdabbio,300_500
,107683.0,3.0,Schwaches Baumholz,182.0,,,colline,3.0,1.5,,,1.0,,,2,2,2,2,,,,,,,4002,Schwaches Baumholz_3,534.3,0,not_young,0,0,1,Verdabbio,500_1000
,107684.0,2.0,Stangenholz,88.0,TEI (1) / ES (4) / KA (3) / BI (2),ES (3) / KA (1) / BI (1) / STP (1) / HAS (4),colline,3.0,0.4,,,1.0,,,2,2,2,2,,,,,,,4003,Stangenholz_3,422.0,0,not_young,0,0,1,Verdabbio,300_500
,107686.0,4.0,Mittleres Baumholz,158.0,,,colline,3.0,1.4,,,1.0,,,2,2,2,2,,,,,,,4004,Mittleres Baumholz_3,514.8,0,not_young,0,0,1,Verdabbio,500_1000
,107687.0,4.0,Mittleres Baumholz,180.0,TEI (e) / ES (2) / KA (6) / KI (e) / LI (2),ES (2) / KA (3) / KI (e) / LI (e) / HAS (5),colline,3.0,1.9,,,1.0,,,6,6,6,6,,,1.0,,,,4005,Mittleres Baumholz_3,493.1,0,not_young,0,0,0,Verdabbio,300_500
,107688.0,3.0,Schwaches Baumholz,131.0,,,hyperinsubric,1.0,0.6,,,1.0,,,2,2,2,2,,,,,,,4006,Schwaches Baumholz_1,534.6,0,not_young,0,0,1,Verdabbio,500_1000
,107700.0,3.0,Schwaches Baumholz,236.0,TEI (2) / ES (e) / FI (e) / KA (7) / BI (e) / AS (1),TEI (e) / ES (1) / FI (1) / KA (6) / HAS (2),colline with beech,2.0,4.3,,,1.0,,,6,6,6,6,,,1.0,,,,4013,Schwaches Baumholz_2,634.1,0,not_young,0,0,0,Verdabbio,500_1000
,107701.0,3.0,Schwaches Baumholz,267.0,FI (1) / KA (8) / LA (e) / LI (1) / TA (e),FI (1) / KA (4) / RO (e) / HAS (5),colline,3.0,4.2,,,1.0,,,6,6,6,6,,,1.0,,,,4014,Schwaches Baumholz_3,592.1,0,not_young,0,0,0,Verdabbio,500_1000
,107703.0,4.0,Mittleres Baumholz,270.0,TEI (e) / ES (e) / FI (3) / KA (7) / BI (e) / WEI (e) / LI (e) / TA (e),FI (4) / KA (4) / LI (e) / HAS (2) / HOL (e),colline,3.0,4.8,,,1.0,,,6,6,6,6,,,1.0,,,,4015,Mittleres Baumholz_3,432.9,0,not_young,0,0,0,Verdabbio,300_500
,107705.0,2.0,Stangenholz,210.0,FI (e) / KA (10) / ULB (e),FI (1) / KA (9) / ULB (e),colline with beech,2.0,0.2,,,1.0,,,2,2,2,2,,,,,,,4017,Stangenholz_2,676.7,0,not_young,0,0,1,Verdabbio,500_1000
,107706.0,3.0,Schwaches Baumholz,145.0,ES (1) / FI (e) / KA (9) / LI (e) / BUL (e),ES (e) / FI (e) / KA (8) / NU (e) / HAS (2),colline,3.0,0.2,,,,,,3,3,3,3,,,,,,,4018,Schwaches Baumholz_3,516.4,0,not_young,0,0,0,Verdabbio,500_1000
,107707.0,4.0,Mittleres Baumholz,94.0,FI (5) / KA (3) / BI (1) / WFO (1),FI (2) / KA (5) / BI (3) / MBE (e) / ULB (e) / HAS (e),colline with beech,2.0,0.3,,,1.0,,,6,6,6,6,,,1.0,,,,4019,Mittleres Baumholz_2,757.0,0,not_young,0,0,0,Verdabbio,500_1000
,107708.0,3.0,Schwaches Baumholz,282.0,TEI (1) / FI (1) / KA (7) / BI (1),FI (3) / KA (3) / HAS (4),colline,3.0,1.4,,,1.0,,,6,6,6,6,,,1.0,,,,4020,Schwaches Baumholz_3,681.9,0,not_young,0,0,0,Verdabbio,500_1000
,107710.0,1.0,Jungwuchs/Dickung,120.0,,FI (e) / KA (4) / BI (3) / AS (1) / WEI (1) / HAS (1),colline,3.0,0.3,,,1.0,,,6,6,6,6,,,1.0,,,,4021,Jungwuchs/Dickung_3,693.7,0,young,0,0,0,Verdabbio,500_1000
,107711.0,2.0,Stangenholz,191.0,KA (9) / BI (e) / AS (e) / KI (e) / LI (1),ES (e) / FI (e) / KA (8) / BI (e) / NU (e) / HAS (2),colline,3.0,0.2,,,1.0,,,6,6,6,6,,,1.0,,,,4022,Stangenholz_3,627.1,0,not_young,0,0,0,Verdabbio,500_1000
,107719.0,4.0,Mittleres Baumholz,393.0,FI (8) / LA (2),,subalpine,8.0,0.7,1.0,,,,,1,1,1,1,,,,,,,4027,Mittleres Baumholz_8,1815.3,1,not_young,0,0,0,Verdabbio,1500_2000
,107721.0,4.0,Mittleres Baumholz,279.0,BU (3) / FI (6),,subalpine,8.0,0.7,1.0,,,,,1,1,1,1,,,,,,,4028,Mittleres Baumholz_8,1780.7,1,not_young,0,0,0,Verdabbio,1500_2000
,107722.0,4.0,Mittleres Baumholz,325.0,FI (7) / LA (3),,subalpine,8.0,1.4,1.0,,,,,1,1,1,1,,,,,,,4029,Mittleres Baumholz_8,1726.7,1,not_young,0,0,0,Verdabbio,1500_2000
,107723.0,4.0,Mittleres Baumholz,208.0,FI (9) / LA (1),,upper subalpine,9.0,1.2,1.0,,,,,1,1,1,1,,,,,,,4030,Mittleres Baumholz_9,1875.0,1,not_young,0,0,0,Verdabbio,1500_2000
,107724.0,1.0,Jungwuchs/Dickung,282.0,BU (5),,high-montane (main area of silver fir),10.0,0.3,1.0,,,,,1,1,1,1,,,,,,,4031,Jungwuchs/Dickung_10,1540.0,1,young,0,0,0,Verdabbio,1500_2000
,107725.0,3.0,Schwaches Baumholz,305.0,FI (8) / LA (1) / TA (1),,subalpine,8.0,0.6,1.0,,,,,1,1,1,1,,,,,,,4032,Schwaches Baumholz_8,1718.6,1,not_young,0,0,0,Verdabbio,1500_2000
,107726.0,4.0,Mittleres Baumholz,191.0,FI (9) / LA (1),,subalpine,8.0,1.1,1.0,,,,,1,1,1,1,,,,,,,4033,Mittleres Baumholz_8,1729.4,1,not_young,0,0,0,Verdabbio,1500_2000
,107728.0,4.0,Mittleres Baumholz,486.0,BU (2),,lower/upper montane,7.0,1.1,1.0,,,,,1,1,1,1,,,,,,,4035,Mittleres Baumholz_7,1100.9,1,not_young,0,0,0,Verdabbio,1000_1500
,107729.0,4.0,Mittleres Baumholz,395.0,BU (4),,lower/upper montane,7.0,2.2,1.0,,,,,1,1,1,1,,,,,,,4036,Mittleres Baumholz_7,1169.3,1,not_young,0,0,0,Verdabbio,1000_1500
,107732.0,3.0,Schwaches Baumholz,218.0,BU (2) / FI (1),,lower/upper montane,7.0,1.2,1.0,,,,,1,1,1,1,,,,,,,4039,Schwaches Baumholz_7,1254.9,1,not_young,0,0,0,Verdabbio,1000_1500
,107758.0,2.0,Stangenholz,164.0,TEI (e) / KA (10) / BI (e),TEI (e) / FI (e) / KA (10) / KI (e),colline with beech,2.0,1.2,,,1.0,,,6,6,6,6,,,1.0,,,,4055,Stangenholz_2,664.3,0,not_young,0,0,0,Verdabbio,500_1000
,107759.0,3.0,Schwaches Baumholz,331.0,SER (4) / ES (3) / FI (e) / KA (2) / BI (e) / NU (e) / LI (1),SER (1) / ES (2) / FI (e) / KA (2) / LI (1) / HAS (2) / HOL (2),colline,3.0,2.6,,,1.0,,,6,6,6,6,,,1.0,,,,4056,Schwaches Baumholz_3,546.1,0,not_young,0,0,0,Verdabbio,500_1000
,107760.0,2.0,Stangenholz,259.0,FI (e) / KA (10) / KI (e) / WEI (e) / LI (e),KA (5) / LI (1) / HAS (4),colline,3.0,0.5,,,1.0,,,6,6,6,6,,,1.0,,,,4057,Stangenholz_3,552.2,0,not_young,0,0,0,Verdabbio,500_1000
,107761.0,2.0,Stangenholz,212.0,KA (9) / BI (e) / AS (1),FI (e) / KA (10) / AS (e),colline,3.0,0.3,,,1.0,,,6,6,6,6,,,1.0,,,,4058,Stangenholz_3,515.3,0,not_young,0,0,0,Verdabbio,500_1000
,107762.0,3.0,Schwaches Baumholz,140.0,TEI (e) / FI (1) / KA (7) / BI (e) / AS (1) / WFO (1),TEI (1) / FI (2) / KA (6) / MBE (e) / HAS (1) / WFO (e),colline,3.0,3.4,,,1.0,,,6,6,6,6,,,1.0,,,,4059,Schwaches Baumholz_3,588.4,0,not_young,0,0,0,Verdabbio,500_1000
,107763.0,1.0,Jungwuchs/Dickung,157.0,,KA (9) / BI (e) / AS (1) / WFO (e),colline,3.0,0.4,,,1.0,,,6,6,6,6,,,1.0,,,,4060,Jungwuchs/Dickung_3,562.9,0,young,0,0,0,Verdabbio,500_1000
,107764.0,2.0,Stangenholz,166.0,KA (7) / RO (3) / WFO (e),KA (6) / RO (4),colline,3.0,0.2,,,1.0,,,6,6,6,6,,,1.0,,,,4061,Stangenholz_3,501.9,0,not_young,0,0,0,Verdabbio,500_1000
,107765.0,2.0,Stangenholz,205.0,FI (e) / KA (10) / AS (e),FI (1) / KA (5) / HAS (4),colline,3.0,0.6,,,1.0,,,6,6,6,6,,,1.0,,,,4062,Stangenholz_3,610.8,0,not_young,0,0,0,Verdabbio,500_1000
,107766.0,3.0,Schwaches Baumholz,253.0,TEI (2) / KA (8) / BI (e) / AS (e),TEI (1) / FI (1) / KA (7) / MBE (e) / HAS (1),colline with beech,2.0,1.6,,,1.0,,,6,6,6,6,,,1.0,,,,4063,Schwaches Baumholz_2,709.9,0,not_young,0,0,0,Verdabbio,500_1000
,107873.0,4.0,Mittleres Baumholz,508.0,BU (6) / FI (1) / LA (e) / BFO (e) / TA (3),BU (6) / FI (1) / TA (3),lower/upper montane,7.0,1.8,,,1.0,,1.0,2,2,2,8,,,,1.0,,,4098,Mittleres Baumholz_7,1075.7,1,not_young,0,0,1,Verdabbio,1000_1500
,107874.0,4.0,Mittleres Baumholz,375.0,BU (1) / FI (3) / BI (e) / TA (6),BU (e) / FI (4) / TA (6),lower/upper montane,7.0,2.8,,,1.0,,1.0,2,2,2,2,,,,0.0,,,4099,Mittleres Baumholz_7,1175.3,1,not_young,0,0,1,Verdabbio,1000_1500
,107875.0,4.0,Mittleres Baumholz,353.0,FI (8) / KA (2) / BI (e),FI (e) / KA (8) / HAS (2),colline,3.0,0.6,,,1.0,,,7,7,7,7,,1.0,,,,,4100,Mittleres Baumholz_3,609.3,0,not_young,0,0,0,Verdabbio,500_1000
,107876.0,4.0,Mittleres Baumholz,97.0,KA (10),,colline,3.0,0.9,,,,,,3,3,3,3,,,,,,,4101,Mittleres Baumholz_3,647.2,0,not_young,0,0,0,Verdabbio,500_1000
,107877.0,3.0,Schwaches Baumholz,184.0,KA (10),KA (10),colline,3.0,0.5,,,1.0,,,7,7,7,7,,1.0,,,,,4102,Schwaches Baumholz_3,657.5,0,not_young,0,0,0,Verdabbio,500_1000
,107878.0,1.0,Jungwuchs/Dickung,180.0,,FI (e) / KA (5) / BI (1) / AS (2) / WEI (2) / WFO (e),colline,3.0,0.7,,,1.0,,,7,7,7,7,,1.0,,,,,4103,Jungwuchs/Dickung_3,625.3,0,young,0,0,0,Verdabbio,500_1000
,107884.0,4.0,Mittleres Baumholz,259.0,BU (5) / FI (1) / KA (1) / LA (e) / BI (1) / TA (2),BU (5) / FI (1) / KA (2) / MBE (e) / HAS (2) / TA (e),lower/upper montane,7.0,2.7,,,1.0,,,2,2,2,2,,,,,,,4107,Mittleres Baumholz_7,924.6,0,not_young,0,0,1,Verdabbio,500_1000
,107885.0,3.0,Schwaches Baumholz,245.0,BU (3) / TEI (2) / LA (e) / BI (1) / WFO (4),BU (6) / TEI (4) / MBE (e),lower/upper montane,7.0,0.6,0.0,,1.0,,,2,2,2,2,,,,,,,4108,Schwaches Baumholz_7,1093.6,1,not_young,0,0,1,Verdabbio,1000_1500
,107890.0,4.0,Mittleres Baumholz,249.0,LA (10),,upper subalpine,9.0,2.2,,,,,,3,1,3,3,1.0,,,,,,4110,Mittleres Baumholz_9,1905.2,1,not_young,0,0,0,Verdabbio,1500_2000
,107891.0,2.0,Stangenholz,154.0,FI (8) / LA (2),,subalpine,8.0,0.6,,,,,,3,1,3,3,1.0,,,,,,4111,Stangenholz_8,1664.3,1,not_young,0,0,0,Verdabbio,1500_2000
,107893.0,2.0,Stangenholz,82.0,AER (2) / LA (2),,high-montane (main area of silver fir),10.0,1.3,,,,,,3,1,3,3,1.0,,,,,,4112,Stangenholz_10,1521.0,1,not_young,0,0,0,Verdabbio,1500_2000
,107894.0,3.0,Schwaches Baumholz,296.0,BU (2) / FI (4) / LA (4),,high-montane (main area of silver fir),10.0,1.9,,,,,,3,1,3,3,1.0,,,,,,4113,Schwaches Baumholz_10,1542.5,1,not_young,0,0,0,Verdabbio,1500_2000
,107900.0,3.0,Schwaches Baumholz,233.0,BU (3) / REI (3) / KA (4) / LA (e) / BI (e) / KI (e),FI (e) / KA (8) / LA (e) / KI (e) / LI (e) / HAS (2),colline,3.0,1.1,,,1.0,,,6,6,6,6,,,1.0,,,,4115,Schwaches Baumholz_3,564.4,0,not_young,0,0,0,Verdabbio,500_1000
,107901.0,4.0,Mittleres Baumholz,288.0,FI (3) / KA (4) / BI (e) / AS (1) / LI (1) / WFO (1),FI (7) / KA (3),colline,3.0,2.4,,,1.0,,,6,6,6,6,,,1.0,,,,4116,Mittleres Baumholz_3,544.6,0,not_young,0,0,0,Verdabbio,500_1000
,107907.0,4.0,Mittleres Baumholz,338.0,FI (8) / LA (2),,high-montane (main area of silver fir),10.0,0.4,1.0,,,,,1,1,1,1,,,,,,,4117,Mittleres Baumholz_10,1686.9,1,not_young,0,0,0,Verdabbio,1500_2000
,107908.0,3.0,Schwaches Baumholz,301.0,BU (8) / FI (2),,high-montane (main area of silver fir),10.0,1.2,1.0,,,,,1,1,1,1,,,,,,,4118,Schwaches Baumholz_10,1619.0,1,not_young,0,0,0,Verdabbio,1500_2000
,107909.0,4.0,Mittleres Baumholz,342.0,FI (8) / LA (2),,high-montane (main area of silver fir),10.0,2.6,1.0,,,,,1,1,1,1,,,,,,,4119,Mittleres Baumholz_10,1688.9,1,not_young,0,0,0,Verdabbio,1500_2000
,107910.0,2.0,Stangenholz,215.0,BU (4) / FI (4) / LA (2),,lower/upper montane,7.0,1.6,1.0,,,,,1,1,1,1,,,,,,,4120,Stangenholz_7,1253.8,1,not_young,0,0,0,Verdabbio,1000_1500
,107911.0,2.0,Stangenholz,451.0,BU (1) / FI (7) / LA (1) / TA (1),,lower/upper montane,7.0,0.8,1.0,,,,,1,1,1,1,,,,,,,4121,Stangenholz_7,1223.1,1,not_young,0,0,0,Verdabbio,1000_1500
,107915.0,4.0,Mittleres Baumholz,236.0,FI (2) / LA (8),,upper subalpine,9.0,0.8,1.0,,,,,1,1,1,1,,,,,,,4125,Mittleres Baumholz_9,1951.7,1,not_young,0,0,0,Verdabbio,1500_2000
,107916.0,4.0,Mittleres Baumholz,255.0,FI (9) / LA (1),,subalpine,8.0,0.6,1.0,,,,,1,1,1,1,,,,,,,4126,Mittleres Baumholz_8,1910.6,1,not_young,0,0,0,Verdabbio,1500_2000
,107917.0,3.0,Schwaches Baumholz,214.0,FI (9) / LA (1),,subalpine,8.0,0.4,1.0,,,,,1,1,1,1,,,,,,,4127,Schwaches Baumholz_8,1844.1,1,not_young,0,0,0,Verdabbio,1500_2000
,107918.0,3.0,Schwaches Baumholz,137.0,AER (4) / FI (2) / LA (4),,upper subalpine,9.0,0.7,1.0,,,,,1,1,1,1,,,,,,,4128,Schwaches Baumholz_9,1937.2,1,not_young,0,0,0,Verdabbio,1500_2000
,107919.0,4.0,Mittleres Baumholz,184.0,FI (10),,upper subalpine,9.0,0.9,1.0,,,,,1,1,1,1,,,,,,,4129,Mittleres Baumholz_9,1891.7,1,not_young,0,0,0,Verdabbio,1500_2000
,107920.0,4.0,Mittleres Baumholz,163.0,AER (2) / FI (8),,upper subalpine,9.0,0.9,1.0,,,,,1,1,1,1,,,,,,,4130,Mittleres Baumholz_9,1878.0,1,not_young,0,0,0,Verdabbio,1500_2000
,107922.0,4.0,Mittleres Baumholz,253.0,FI (8) / LA (2),,upper subalpine,9.0,1.6,1.0,,,,,1,1,1,1,,,,,,,4131,Mittleres Baumholz_9,1954.9,1,not_young,0,0,0,Verdabbio,1500_2000
,107923.0,4.0,Mittleres Baumholz,239.0,FI (8) / TA (2),,upper subalpine,9.0,1.1,1.0,,,,,1,1,1,1,,,,,,,4132,Mittleres Baumholz_9,1893.6,1,not_young,0,0,0,Verdabbio,1500_2000
,107924.0,4.0,Mittleres Baumholz,288.0,FI (10),,subalpine,8.0,2.2,1.0,,,,,1,1,1,1,,,,,,,4133,Mittleres Baumholz_8,1702.7,1,not_young,0,0,0,Verdabbio,1500_2000
,107925.0,2.0,Stangenholz,252.0,BU (4) / FI (2),,subalpine,8.0,1.2,1.0,,,,,1,1,1,1,,,,,,,4134,Stangenholz_8,1663.0,1,not_young,0,0,0,Verdabbio,1500_2000
,107950.0,3.0,Schwaches Baumholz,199.0,BU (1) / FI (5) / LA (2),,lower/upper montane,7.0,1.2,,,1.0,,,2,2,2,2,,,,,,,4149,Schwaches Baumholz_7,1146.7,1,not_young,0,0,1,Verdabbio,1000_1500
,107951.0,3.0,Schwaches Baumholz,265.0,BU (2) / FI (1),,high-montane (main area of silver fir),10.0,0.5,,,1.0,,,2,2,2,2,,,,,,,4150,Schwaches Baumholz_10,1020.5,1,not_young,0,0,1,Verdabbio,1000_1500
,107952.0,4.0,Mittleres Baumholz,313.0,BU (1) / FI (5) / LA (3),,lower/upper montane,7.0,0.5,,,1.0,,,2,2,2,2,,,,,,,4151,Mittleres Baumholz_7,1165.8,1,not_young,0,0,1,Verdabbio,1000_1500
,107953.0,4.0,Mittleres Baumholz,452.0,BU (2) / FI (6),,lower/upper montane,7.0,0.5,,,1.0,,,2,2,2,2,,,,,,,4152,Mittleres Baumholz_7,1224.2,1,not_young,0,0,1,Verdabbio,1000_1500
,107954.0,4.0,Mittleres Baumholz,448.0,BU (2) / FI (5) / LA (1),,lower/upper montane,7.0,0.9,,,1.0,,,2,2,2,2,,,,,,,4153,Mittleres Baumholz_7,1226.0,1,not_young,0,0,1,Verdabbio,1000_1500
,107955.0,4.0,Mittleres Baumholz,344.0,BU (5) / FI (1),,high-montane (main area of silver fir),10.0,1.9,,,1.0,,,2,2,2,2,,,,,,,4154,Mittleres Baumholz_10,1065.0,1,not_young,0,0,1,Verdabbio,1000_1500
,107956.0,4.0,Mittleres Baumholz,412.0,FI (9),,lower/upper montane,7.0,1.0,,,1.0,,,2,2,2,2,,,,,,,4155,Mittleres Baumholz_7,1229.6,1,not_young,0,0,1,Verdabbio,1000_1500
,107959.0,2.0,Stangenholz,225.0,ES (e) / KA (6) / BI (2) / AS (1) / WFO (1),KA (10) / HAS (e),colline,3.0,2.2,,,1.0,,,6,6,6,6,,,1.0,,,,4158,Stangenholz_3,516.5,0,not_young,0,0,0,Verdabbio,500_1000
,107960.0,3.0,Schwaches Baumholz,281.0,ES (e) / FI (e) / KA (9) / BI (1) / WFO (e),ES (1) / FI (2) / KA (3) / HAS (4),colline,3.0,0.8,,,1.0,,,6,6,6,6,,,1.0,,,,4159,Schwaches Baumholz_3,583.3,0,not_young,0,0,0,Verdabbio,500_1000
,107963.0,2.0,Stangenholz,184.0,TEI (e) / FI (e) / KA (10) / WFO (e),FI (1) / KA (9),colline,3.0,0.3,,,1.0,,,6,6,6,6,,,1.0,,,,4161,Stangenholz_3,591.1,0,not_young,0,0,0,Verdabbio,500_1000
,107964.0,1.0,Jungwuchs/Dickung,104.0,TEI (e) / BI (e),TEI (e) / FI (e) / KA (10) / BI (e),colline,3.0,1.5,,,1.0,,,6,6,6,6,,,1.0,,,,4162,Jungwuchs/Dickung_3,622.1,0,young,0,0,0,Verdabbio,500_1000
,107967.0,3.0,Schwaches Baumholz,285.0,BAH (e) / FI (1) / KA (4) / AS (2) / LI (3) / WFO (e),TEI (e) / FI (5) / KA (1) / AS (e) / LI (2) / HAS (2),colline,3.0,1.6,,,1.0,,,6,6,6,6,,,1.0,,,,4163,Schwaches Baumholz_3,552.8,0,not_young,0,0,0,Verdabbio,500_1000
,107969.0,2.0,Stangenholz,215.0,KA (10) / ULB (e),FI (1) / KA (8) / WEI (1) / ULB (e),colline with beech,2.0,1.3,,,1.0,,,6,6,6,6,,,1.0,,,,4164,Stangenholz_2,655.9,0,not_young,0,0,0,Verdabbio,500_1000
,108078.0,3.0,Schwaches Baumholz,176.0,BU (8),,lower/upper montane,7.0,0.9,,,,,,3,1,3,3,1.0,,,,,,4198,Schwaches Baumholz_7,1445.0,1,not_young,0,0,0,Verdabbio,1000_1500
,108079.0,3.0,Schwaches Baumholz,147.0,FI (2) / LA (2) / LFO (3) / TA (1),,high-montane (main area of silver fir),10.0,0.5,,,,,,3,1,3,3,1.0,,,,,,4199,Schwaches Baumholz_10,1652.0,1,not_young,0,0,0,Verdabbio,1500_2000
,108081.0,3.0,Schwaches Baumholz,215.0,BU (9) / FI (1),,high-montane (main area of silver fir),10.0,0.6,1.0,,,,,1,1,1,1,,,,,,,4200,Schwaches Baumholz_10,1601.9,1,not_young,0,0,0,Verdabbio,1500_2000
,108089.0,2.0,Stangenholz,302.0,,,lower/upper montane,7.0,1.4,1.0,,1.0,,,2,1,2,2,,,,,,,4206,Stangenholz_7,1391.1,1,not_young,0,0,0,Verdabbio,1000_1500
,108090.0,2.0,Stangenholz,279.0,,,high-montane (main area of silver fir),10.0,1.0,1.0,,,,,1,1,1,1,,,,,,,4207,Stangenholz_10,1570.4,1,not_young,0,0,0,Verdabbio,1500_2000
,108094.0,2.0,Stangenholz,301.0,FI (7) / LA (1) / TA (1),,subalpine,8.0,3.1,1.0,,1.0,,,2,1,2,2,,,,,,,4208,Stangenholz_8,1700.2,1,not_young,0,0,0,Verdabbio,1500_2000
,108095.0,3.0,Schwaches Baumholz,181.0,FI (7) / LA (1) / LFO (2),,-,5.0,0.3,1.0,,1.0,,,2,1,2,2,,,,,,,4209,Schwaches Baumholz_5,1951.1,1,not_young,0,0,0,Verdabbio,1500_2000
,108109.0,4.0,Mittleres Baumholz,241.0,FI (8) / LA (2),,upper subalpine,9.0,2.0,1.0,,,,,1,1,1,1,,,,,,,4219,Mittleres Baumholz_9,1881.7,1,not_young,0,0,0,Verdabbio,1500_2000
,108110.0,3.0,Schwaches Baumholz,232.0,FI (8) / TA (2),,subalpine,8.0,1.9,1.0,,,,,1,1,1,1,,,,,,,4220,Schwaches Baumholz_8,1783.6,1,not_young,0,0,0,Verdabbio,1500_2000
,108111.0,3.0,Schwaches Baumholz,211.0,FI (8),,subalpine,8.0,0.9,1.0,,,,,1,1,1,1,,,,,,,4221,Schwaches Baumholz_8,1731.5,1,not_young,0,0,0,Verdabbio,1500_2000
,108112.0,2.0,Stangenholz,110.0,FI (7),,lower/upper montane,7.0,0.4,,,,,,3,1,3,3,1.0,,,,,,4222,Stangenholz_7,1253.3,1,not_young,0,0,0,Verdabbio,1000_1500
,108113.0,2.0,Stangenholz,95.0,FI (8),,lower/upper montane,7.0,0.2,,,,,,3,1,3,3,1.0,,,,,,4223,Stangenholz_7,1265.8,1,not_young,0,0,0,Verdabbio,1000_1500
,108141.0,3.0,Schwaches Baumholz,223.0,TEI (9) / KA (1) / BI (e),TEI (2) / FI (e) / KA (8),lower/upper montane,7.0,1.9,0.0,,,,,3,1,3,3,1.0,,,,,,4242,Schwaches Baumholz_7,899.3999999999999,0,not_young,0,0,0,Verdabbio,500_1000
,108143.0,2.0,Stangenholz,288.0,BAH (e) / BU (5) / TEI (1) / FI (e) / LA (e) / BI (4) / AS (e) / BFO (e) / TA (e),BU (10) / TEI (e) / FI (e) / TA (e),lower/upper montane,7.0,2.7,,,1.0,,,2,2,2,2,,,,,,,4244,Stangenholz_7,1101.6,1,not_young,0,0,1,Verdabbio,1000_1500
,108145.0,3.0,Schwaches Baumholz,275.0,BU (2) / TEI (3) / ES (1) / KA (1) / BI (2) / LI (1),BU (2) / ES (1) / KA (2) / MBE (1) / LI (1) / HAS (3),lower/upper montane,7.0,1.3,,,1.0,,,2,2,2,2,,,,,,,4245,Schwaches Baumholz_7,987.8,0,not_young,0,0,1,Verdabbio,500_1000
,108146.0,2.0,Stangenholz,279.0,BU (4) / TEI (3) / KA (e) / BI (1) / TA (e) / WFO (2),BU (7) / TEI (1) / BI (1) / MBE (e) / LAB (e) / WFO (1),lower/upper montane,7.0,1.0,,,1.0,,,2,2,2,2,,,,,,,4246,Stangenholz_7,1174.7,1,not_young,0,0,1,Verdabbio,1000_1500
,108191.0,2.0,Stangenholz,99.0,,,colline,3.0,1.0,,,1.0,,,2,2,2,2,,,,,,,4275,Stangenholz_3,900.0,0,not_young,0,0,1,Verdabbio,500_1000
,108194.0,4.0,Mittleres Baumholz,166.0,,,colline,3.0,1.0,,,1.0,,,2,2,2,2,,,,,,,4276,Mittleres Baumholz_3,802.2,0,not_young,0,0,1,Verdabbio,500_1000
,108195.0,2.0,Stangenholz,87.0,,,colline,3.0,0.4,,,1.0,,,2,2,2,2,,,,,,,4277,Stangenholz_3,674.7,0,not_young,0,0,1,Verdabbio,500_1000
,108196.0,4.0,Mittleres Baumholz,293.0,BU (3) / FI (3) / TA (1),,high-montane (main area of silver fir),10.0,3.7,1.0,,,,,1,1,1,1,,,,,,,4278,Mittleres Baumholz_10,1568.0,1,not_young,0,0,0,Verdabbio,1500_2000
,110956.0,3.0,Schwaches Baumholz,224.0,BU (3) / FI (2),,lower/upper montane,7.0,1.5,1.0,,,,,1,1,1,1,,,,,,,4285,Schwaches Baumholz_7,1512.3,1,not_young,0,0,0,Verdabbio,1500_2000
,110957.0,4.0,Mittleres Baumholz,276.0,BU (1) / FI (4) / LA (4),,high-montane (main area of silver fir),10.0,0.9,1.0,,,,,1,1,1,1,,,,,,,4286,Mittleres Baumholz_10,1651.4,1,not_young,0,0,0,Verdabbio,1500_2000
,110959.0,2.0,Stangenholz,58.0,BU (6),,lower/upper montane,7.0,0.9,,,1.0,,,2,2,2,2,,,,,,,4287,Stangenholz_7,1224.5,1,not_young,0,0,1,Verdabbio,1000_1500
,110961.0,2.0,Stangenholz,90.0,,,lower/upper montane,7.0,2.4,,,1.0,,,2,2,2,2,,,,,,,4288,Stangenholz_7,1074.4,1,not_young,0,0,1,Verdabbio,1000_1500
,110962.0,3.0,Schwaches Baumholz,390.0,BU (1),,lower/upper montane,7.0,1.6,1.0,,,,,1,1,1,1,,,,,,,4289,Schwaches Baumholz_7,929.3,0,not_young,0,0,0,Verdabbio,500_1000
,110963.0,2.0,Stangenholz,189.0,,,lower/upper montane,7.0,0.4,1.0,,,,,1,1,1,1,,,,,,,4290,Stangenholz_7,963.7,0,not_young,0,0,0,Verdabbio,500_1000
,110964.0,2.0,Stangenholz,298.0,BU (9),,lower/upper montane,7.0,1.4,1.0,,,,,1,1,1,1,,,,,,,4291,Stangenholz_7,1141.4,1,not_young,0,0,0,Verdabbio,1000_1500
,110965.0,3.0,Schwaches Baumholz,354.0,BU (5),,lower/upper montane,7.0,1.6,1.0,,,,,1,1,1,1,,,,,,,4292,Schwaches Baumholz_7,895.7,0,not_young,0,0,0,Verdabbio,500_1000
,110966.0,3.0,Schwaches Baumholz,237.0,BU (2) / WFO (2),,lower/upper montane,7.0,0.5,1.0,,,,1.0,1,1,1,1,,,,0.0,,,4293,Schwaches Baumholz_7,1259.1,1,not_young,0,0,0,Verdabbio,1000_1500
,110967.0,2.0,Stangenholz,162.0,,,lower/upper montane,7.0,0.5,1.0,,,,,1,1,1,1,,,,,,,4294,Stangenholz_7,1108.7,1,not_young,0,0,0,Verdabbio,1000_1500
,111178.0,2.0,Stangenholz,252.0,BU (3),,lower/upper montane,7.0,1.0,1.0,,,,,1,1,1,1,,,,,,,4298,Stangenholz_7,1161.6,1,not_young,0,0,0,Verdabbio,1000_1500
,111179.0,2.0,Stangenholz,172.0,BU (3),,lower/upper montane,7.0,1.0,1.0,,,,,1,1,1,1,,,,,,,4299,Stangenholz_7,1206.9,1,not_young,0,0,0,Verdabbio,1000_1500
,111180.0,2.0,Stangenholz,227.0,BU (1),,lower/upper montane,7.0,1.2,1.0,,,,,1,1,1,1,,,,,,,4300,Stangenholz_7,976.0,0,not_young,0,0,0,Verdabbio,500_1000
,111181.0,2.0,Stangenholz,145.0,BU (2) / WFO (2),,lower/upper montane,7.0,0.8,1.0,,,,,1,1,1,1,,,,,,,4301,Stangenholz_7,1030.4,1,not_young,0,0,0,Verdabbio,1000_1500
,111182.0,2.0,Stangenholz,249.0,BU (7),,lower/upper montane,7.0,0.8,1.0,,,,,1,1,1,1,,,,,,,4302,Stangenholz_7,1031.2,1,not_young,0,0,0,Verdabbio,1000_1500
,111183.0,2.0,Stangenholz,312.0,,,lower/upper montane,7.0,0.6,1.0,,,,,1,1,1,1,,,,,,,4303,Stangenholz_7,953.9,0,not_young,0,0,0,Verdabbio,500_1000
,111184.0,2.0,Stangenholz,292.0,BU (2),,lower/upper montane,7.0,0.6,0.0,,,,,7,1,7,7,1.0,1.0,,,,,4304,Stangenholz_7,895.1,0,not_young,0,0,0,Verdabbio,500_1000
,111186.0,3.0,Schwaches Baumholz,334.0,BU (4),,lower/upper montane,7.0,0.9,1.0,,,,,1,1,1,1,,,,,,,4306,Schwaches Baumholz_7,942.9,0,not_young,0,0,0,Verdabbio,500_1000
,111187.0,3.0,Schwaches Baumholz,291.0,,,lower/upper montane,7.0,1.0,1.0,,,,,1,1,1,1,,,,,,,4307,Schwaches Baumholz_7,942.4,0,not_young,0,0,0,Verdabbio,500_1000
,111188.0,2.0,Stangenholz,190.0,BU (7) / FI (1),,lower/upper montane,7.0,1.3,1.0,,,,,1,1,1,1,,,,,,,4308,Stangenholz_7,1418.7,1,not_young,0,0,0,Verdabbio,1000_1500
,111189.0,4.0,Mittleres Baumholz,286.0,FI (6) / LA (3) / WFO (1),,high-montane (main area of silver fir),10.0,0.9,1.0,,,,1.0,1,1,1,1,,,,0.0,,,4309,Mittleres Baumholz_10,1608.2,1,not_young,0,0,0,Verdabbio,1500_2000
,111190.0,4.0,Mittleres Baumholz,345.0,BU (4) / FI (4) / WFO (1),,high-montane (main area of silver fir),10.0,1.5,1.0,,,,,1,1,1,1,,,,,,,4310,Mittleres Baumholz_10,1590.4,1,not_young,0,0,0,Verdabbio,1500_2000
,111382.0,2.0,Stangenholz,130.0,BU (2) / FI (2),,lower/upper montane,7.0,1.0,1.0,,,,,1,1,1,1,,,,,,,4323,Stangenholz_7,1427.0,1,not_young,0,0,0,Verdabbio,1000_1500
,111383.0,3.0,Schwaches Baumholz,205.0,BU (4) / LA (2),,high-montane (main area of silver fir),10.0,1.8,1.0,,,,,1,1,1,1,,,,,,,4324,Schwaches Baumholz_10,1569.8,1,not_young,0,0,0,Verdabbio,1500_2000
,111384.0,2.0,Stangenholz,153.0,FI (2) / WFO (1),,lower/upper montane,7.0,0.7,1.0,,,,,1,1,1,1,,,,,,,4325,Stangenholz_7,1253.3,1,not_young,0,0,0,Verdabbio,1000_1500
,111385.0,3.0,Schwaches Baumholz,187.0,FI (4) / LA (1),,high-montane (main area of silver fir),10.0,0.8,1.0,,,,,1,1,1,1,,,,,,,4326,Schwaches Baumholz_10,1564.6,1,not_young,0,0,0,Verdabbio,1500_2000
,111388.0,4.0,Mittleres Baumholz,287.0,BU (1) / FI (4) / LA (3) / TA (1),,high-montane (main area of silver fir),10.0,0.8,1.0,,,,,1,1,1,1,,,,,,,4327,Mittleres Baumholz_10,1685.9,1,not_young,0,0,0,Verdabbio,1500_2000
,111389.0,4.0,Mittleres Baumholz,225.0,FI (4) / LA (4) / TA (2),,subalpine,8.0,1.4,1.0,,,,,1,1,1,1,,,,,,,4328,Mittleres Baumholz_8,1799.0,1,not_young,0,0,0,Verdabbio,1500_2000
,111390.0,3.0,Schwaches Baumholz,239.0,BU (5) / FI (2) / TA (1),,subalpine,8.0,0.9,1.0,,,,,1,1,1,1,,,,,,,4329,Schwaches Baumholz_8,1677.3,1,not_young,0,0,0,Verdabbio,1500_2000
,111392.0,3.0,Schwaches Baumholz,236.0,FI (7) / LA (3),,subalpine,8.0,1.5,,,,,,3,1,3,3,1.0,,,,,,4330,Schwaches Baumholz_8,1641.6,1,not_young,0,0,0,Verdabbio,1500_2000
,111590.0,4.0,Mittleres Baumholz,412.0,FI (7) / LA (1) / TA (1),,lower/upper montane,7.0,1.3,1.0,,,,,1,1,1,1,,,,,,,4337,Mittleres Baumholz_7,1432.3,1,not_young,0,0,0,Verdabbio,1000_1500
,111591.0,4.0,Mittleres Baumholz,309.0,BU (1) / FI (4) / TA (2),,lower/upper montane,7.0,2.9,1.0,,,,,1,1,1,1,,,,,,,4338,Mittleres Baumholz_7,1445.1,1,not_young,0,0,0,Verdabbio,1000_1500
,111592.0,3.0,Schwaches Baumholz,109.0,BU (8),,lower/upper montane,7.0,1.4,,,1.0,,,2,2,2,2,,,,,,,4339,Schwaches Baumholz_7,1350.2,1,not_young,0,0,1,Verdabbio,1000_1500
,111594.0,4.0,Mittleres Baumholz,251.0,AER (3) / FI (7),,subalpine,8.0,2.9,,,1.0,,,2,2,2,2,,,,,,,4340,Mittleres Baumholz_8,1922.7,1,not_young,0,0,1,Verdabbio,1500_2000
,111601.0,1.0,Jungwuchs/Dickung,180.0,FI (10),,subalpine,8.0,1.0,1.0,,,,,1,1,1,1,,,,,,,4345,Jungwuchs/Dickung_8,1756.6,1,young,0,0,0,Verdabbio,1500_2000
,111602.0,3.0,Schwaches Baumholz,192.0,BU (4) / FI (1),,lower/upper montane,7.0,1.2,1.0,,,,,1,1,1,1,,,,,,,4346,Schwaches Baumholz_7,1388.9,1,not_young,0,0,0,Verdabbio,1000_1500
,111603.0,2.0,Stangenholz,124.0,BU (6),,lower/upper montane,7.0,1.1,1.0,,,,,1,1,1,1,,,,,,,4347,Stangenholz_7,1234.1,1,not_young,0,0,0,Verdabbio,1000_1500
,111604.0,3.0,Schwaches Baumholz,185.0,BU (3) / FI (1) / WFO (3),,lower/upper montane,7.0,1.7,1.0,,,,1.0,1,1,1,1,,,,0.0,,,4348,Schwaches Baumholz_7,1393.1,1,not_young,0,0,0,Verdabbio,1000_1500
,111605.0,2.0,Stangenholz,236.0,BU (2) / FI (4) / WFO (1),,lower/upper montane,7.0,1.4,1.0,,,,,1,1,1,1,,,,,,,4349,Stangenholz_7,1492.2,1,not_young,0,0,0,Verdabbio,1000_1500
,111606.0,2.0,Stangenholz,212.0,BU (8),,lower/upper montane,7.0,1.0,1.0,,,,,1,1,1,1,,,,,,,4350,Stangenholz_7,1355.3,1,not_young,0,0,0,Verdabbio,1000_1500
,111609.0,3.0,Schwaches Baumholz,295.0,FI (7) / LA (2),,high-montane (main area of silver fir),10.0,1.0,1.0,,,,1.0,1,1,1,1,,,,0.0,,,4351,Schwaches Baumholz_10,1670.5,1,not_young,0,0,0,Verdabbio,1500_2000
,111818.0,2.0,Stangenholz,189.0,FI (7) / LA (1),,upper subalpine,9.0,0.5,1.0,,,,,1,1,1,1,,,,,,,4355,Stangenholz_9,1891.2,1,not_young,0,0,0,Verdabbio,1500_2000
,111820.0,3.0,Schwaches Baumholz,171.0,FI (9) / LA (1),,-,5.0,0.4,1.0,,,,,1,1,1,1,,,,,,,4356,Schwaches Baumholz_5,2028.2,1,not_young,0,0,0,Verdabbio,2000_2500
,111822.0,4.0,Mittleres Baumholz,274.0,FI (4) / LA (3) / TA (2),,high-montane (main area of silver fir),10.0,0.8,1.0,,,,,1,1,1,1,,,,,,,4357,Mittleres Baumholz_10,1670.6,1,not_young,0,0,0,Verdabbio,1500_2000
,111823.0,2.0,Stangenholz,145.0,BU (3) / WFO (2),,lower/upper montane,7.0,0.7,1.0,,,,,1,1,1,1,,,,,,,4358,Stangenholz_7,1322.9,1,not_young,0,0,0,Verdabbio,1000_1500
,111824.0,3.0,Schwaches Baumholz,204.0,BU (2) / FI (2),,lower/upper montane,7.0,0.6,1.0,,,,,1,1,1,1,,,,,,,4359,Schwaches Baumholz_7,1372.8,1,not_young,0,0,0,Verdabbio,1000_1500
,111825.0,2.0,Stangenholz,161.0,FI (5),,lower/upper montane,7.0,0.5,1.0,,,,,1,1,1,1,,,,,,,4360,Stangenholz_7,1498.2,1,not_young,0,0,0,Verdabbio,1000_1500
,111826.0,3.0,Schwaches Baumholz,282.0,BU (4) / FI (3) / LA (1),,lower/upper montane,7.0,0.6,1.0,,,,,1,1,1,1,,,,,,,4361,Schwaches Baumholz_7,1522.5,1,not_young,0,0,0,Verdabbio,1500_2000
,111841.0,1.0,Jungwuchs/Dickung,225.0,BU (3) / FI (1),,lower/upper montane,7.0,1.8,1.0,,,,,1,1,1,1,,,,,,,4369,Jungwuchs/Dickung_7,1385.4,1,young,0,0,0,Verdabbio,1000_1500
,111845.0,5.0,Starkes Baumholz,356.0,BU (6) / FI (1),,lower/upper montane,7.0,1.7,1.0,,,,,1,1,1,1,,,,,,,4371,Starkes Baumholz_7,1230.5,1,not_young,0,0,0,Verdabbio,1000_1500
,112050.0,1.0,Jungwuchs/Dickung,219.0,BU (3) / FI (2) / TA (1),,lower/upper montane,7.0,1.5,1.0,,,,,1,1,1,1,,,,,,,4389,Jungwuchs/Dickung_7,1447.8,1,young,0,0,0,Verdabbio,1000_1500
,112051.0,4.0,Mittleres Baumholz,215.0,BU (1) / FI (7),,lower/upper montane,7.0,1.0,1.0,,,,,1,1,1,1,,,,,,,4390,Mittleres Baumholz_7,1273.6,1,not_young,0,0,0,Verdabbio,1000_1500
,112052.0,5.0,Starkes Baumholz,316.0,FI (7) / LA (1) / TA (1),,high-montane (main area of silver fir),10.0,2.6,1.0,,,,,1,1,1,1,,,,,,,4391,Starkes Baumholz_10,1587.9,1,not_young,0,0,0,Verdabbio,1500_2000
,112053.0,4.0,Mittleres Baumholz,329.0,BU (3) / FI (4),,lower/upper montane,7.0,0.6,1.0,,,,,1,1,1,1,,,,,,,4392,Mittleres Baumholz_7,1490.8,1,not_young,0,0,0,Verdabbio,1000_1500
,112054.0,3.0,Schwaches Baumholz,198.0,BU (6) / FI (1),,lower/upper montane,7.0,1.3,1.0,,,,,1,1,1,1,,,,,,,4393,Schwaches Baumholz_7,1238.1,1,not_young,0,0,0,Verdabbio,1000_1500
,112056.0,4.0,Mittleres Baumholz,405.0,FI (5) / LA (1) / TA (3),,lower/upper montane,7.0,4.2,1.0,,,,,1,1,1,1,,,,,,,4395,Mittleres Baumholz_7,1193.1,1,not_young,0,0,0,Verdabbio,1000_1500
,112060.0,5.0,Starkes Baumholz,368.0,FI (2) / LA (5) / TA (3),,lower/upper montane,7.0,1.7,1.0,,,,,1,1,1,1,,,,,,,4399,Starkes Baumholz_7,1188.5,1,not_young,0,0,0,Verdabbio,1000_1500
,112061.0,5.0,Starkes Baumholz,381.0,BU (1) / FI (5) / TA (2),,lower/upper montane,7.0,0.9,1.0,,,,,1,1,1,1,,,,,,,4400,Starkes Baumholz_7,1258.0,1,not_young,0,0,0,Verdabbio,1000_1500
,112276.0,5.0,Starkes Baumholz,416.0,FI (3) / LA (1) / TA (6),,lower/upper montane,7.0,1.5,1.0,,,,,1,1,1,1,,,,,,,4416,Starkes Baumholz_7,1192.4,1,not_young,0,0,0,Verdabbio,1000_1500
,112277.0,4.0,Mittleres Baumholz,510.0,FI (5) / LA (1) / TA (3),,lower/upper montane,7.0,0.5,1.0,,,,,1,1,1,1,,,,,,,4417,Mittleres Baumholz_7,1171.7,1,not_young,0,0,0,Verdabbio,1000_1500
,112458.0,4.0,Mittleres Baumholz,335.0,BU (3),,lower/upper montane,7.0,2.3,1.0,,,,,1,1,1,1,,,,,,,4419,Mittleres Baumholz_7,989.3,0,not_young,0,0,0,Verdabbio,500_1000
,112460.0,2.0,Stangenholz,179.0,BU (3),,lower/upper montane,7.0,0.7,1.0,,,,,1,1,1,1,,,,,,,4420,Stangenholz_7,1118.6,1,not_young,0,0,0,Verdabbio,1000_1500
,112461.0,5.0,Starkes Baumholz,378.0,BU (1) / FI (7) / LA (2),,high-montane (main area of silver fir),10.0,3.9,1.0,,,,,1,1,1,1,,,,,,,4421,Starkes Baumholz_10,1524.1,1,not_young,0,0,0,Verdabbio,1500_2000
,112709.0,1.0,Jungwuchs/Dickung,104.0,,,lower/upper montane,7.0,0.6,,,1.0,,,2,2,2,2,,,,,,,4451,Jungwuchs/Dickung_7,1072.2,1,young,0,0,1,Verdabbio,1000_1500
,112710.0,3.0,Schwaches Baumholz,173.0,BU (3) / FI (1),,lower/upper montane,7.0,1.9,,,1.0,,,2,2,2,2,,,,,,,4452,Schwaches Baumholz_7,1267.8,1,not_young,0,0,1,Verdabbio,1000_1500
,112711.0,3.0,Schwaches Baumholz,234.0,BU (4),,lower/upper montane,7.0,1.5,,,,,,3,3,3,3,,,,,,,4453,Schwaches Baumholz_7,1147.0,1,not_young,0,0,0,Verdabbio,1000_1500
,112712.0,3.0,Schwaches Baumholz,205.0,BU (6),,lower/upper montane,7.0,0.6,,,1.0,,,2,2,2,2,,,,,,,4454,Schwaches Baumholz_7,1103.4,1,not_young,0,0,1,Verdabbio,1000_1500
,112713.0,4.0,Mittleres Baumholz,283.0,BU (3),,lower/upper montane,7.0,1.3,,,1.0,,,2,2,2,2,,,,,,,4455,Mittleres Baumholz_7,1205.4,1,not_young,0,0,1,Verdabbio,1000_1500
,112714.0,3.0,Schwaches Baumholz,167.0,BU (8),,lower/upper montane,7.0,1.2,,,1.0,,,2,2,2,2,,,,,,,4456,Schwaches Baumholz_7,1020.0,1,not_young,0,0,1,Verdabbio,1000_1500
,112715.0,3.0,Schwaches Baumholz,117.0,BU (5),,lower/upper montane,7.0,0.4,,,1.0,,,2,2,2,2,,,,,,,4457,Schwaches Baumholz_7,1106.5,1,not_young,0,0,1,Verdabbio,1000_1500
,112914.0,3.0,Schwaches Baumholz,174.0,,,lower/upper montane,7.0,1.6,,,1.0,,,2,2,2,2,,,,,,,4462,Schwaches Baumholz_7,970.6,0,not_young,0,0,1,Verdabbio,500_1000
,113147.0,2.0,Stangenholz,165.0,,,colline with beech,2.0,1.9,,,1.0,,,2,2,2,2,,,,,,,4476,Stangenholz_2,909.1,0,not_young,0,0,1,Verdabbio,500_1000
,113149.0,3.0,Schwaches Baumholz,128.0,,,colline,3.0,2.7,,,1.0,,,2,2,2,2,,,,,,,4477,Schwaches Baumholz_3,793.8999999999999,0,not_young,0,0,1,Verdabbio,500_1000
,113150.0,3.0,Schwaches Baumholz,129.0,,,colline,3.0,0.7,,,1.0,,,2,2,2,2,,,,,,,4478,Schwaches Baumholz_3,870.5,0,not_young,0,0,1,Verdabbio,500_1000
,113151.0,3.0,Schwaches Baumholz,109.0,,,colline with beech,2.0,0.9,,,1.0,,,2,2,2,2,,,,,,,4479,Schwaches Baumholz_2,673.1,0,not_young,0,0,1,Verdabbio,500_1000
,113152.0,3.0,Schwaches Baumholz,109.0,,,colline,3.0,1.4,,,1.0,,,2,2,2,2,,,,,,,4480,Schwaches Baumholz_3,745.7999999999998,0,not_young,0,0,1,Verdabbio,500_1000
,113153.0,3.0,Schwaches Baumholz,110.0,,,colline,3.0,1.5,,,1.0,,,2,2,2,2,,,,,,,4481,Schwaches Baumholz_3,647.7,0,not_young,0,0,1,Verdabbio,500_1000
,113340.0,5.0,Starkes Baumholz,302.0,FI (3) / LA (7),,upper subalpine,9.0,2.4,1.0,,,,,1,1,1,1,,,,,,,4495,Starkes Baumholz_9,1867.1,1,not_young,0,0,0,Verdabbio,1500_2000
,113341.0,2.0,Stangenholz,119.0,,,colline with beech,2.0,2.5,,,1.0,,,2,2,2,2,,,,,,,4496,Stangenholz_2,816.5,0,not_young,0,0,1,Verdabbio,500_1000
,113342.0,3.0,Schwaches Baumholz,78.0,,,colline,3.0,1.1,,,1.0,,,2,2,2,2,,,,,,,4497,Schwaches Baumholz_3,902.8,0,not_young,0,0,1,Verdabbio,500_1000
,113343.0,2.0,Stangenholz,135.0,,,colline with beech,2.0,0.6,,,,,,3,3,3,3,,,,,,,4498,Stangenholz_2,1002.5,1,not_young,0,0,0,Verdabbio,1000_1500
,113344.0,2.0,Stangenholz,40.0,FI (1),,colline,3.0,1.2,,,1.0,,,2,2,2,2,,,,,,,4499,Stangenholz_3,894.2,0,not_young,0,0,1,Verdabbio,500_1000
,113345.0,2.0,Stangenholz,98.0,FI (2),,lower/upper montane,7.0,1.1,,,1.0,,,2,2,2,2,,,,,,,4500,Stangenholz_7,1003.4,1,not_young,0,0,1,Verdabbio,1000_1500
,113346.0,3.0,Schwaches Baumholz,164.0,FI (7) / LA (2),,lower/upper montane,7.0,1.0,,,1.0,,,2,2,2,2,,,,,,,4501,Schwaches Baumholz_7,1052.7,1,not_young,0,0,1,Verdabbio,1000_1500
,113347.0,2.0,Stangenholz,155.0,,,lower/upper montane,7.0,0.5,,,1.0,,,2,2,2,2,,,,,,,4502,Stangenholz_7,988.8,0,not_young,0,0,1,Verdabbio,500_1000
,113348.0,3.0,Schwaches Baumholz,120.0,FI (1),,lower/upper montane,7.0,1.3,,,1.0,,,2,2,2,2,,,,,,,4503,Schwaches Baumholz_7,960.5,0,not_young,0,0,1,Verdabbio,500_1000
,113349.0,3.0,Schwaches Baumholz,124.0,,,high-montane (main area of silver fir),10.0,1.1,,,1.0,,,2,2,2,2,,,,,,,4504,Schwaches Baumholz_10,962.5,0,not_young,0,0,1,Verdabbio,500_1000
,113350.0,2.0,Stangenholz,126.0,,,lower/upper montane,7.0,0.8,,,1.0,,,2,2,2,2,,,,,,,4505,Stangenholz_7,974.3,0,not_young,0,0,1,Verdabbio,500_1000
,113351.0,2.0,Stangenholz,87.0,,,colline with beech,2.0,0.7,,,1.0,,,2,2,2,2,,,,,,,4506,Stangenholz_2,875.8999999999999,0,not_young,0,0,1,Verdabbio,500_1000
,113352.0,2.0,Stangenholz,66.0,FI (6),,lower/upper montane,7.0,0.4,,,1.0,,,2,2,2,2,,,,,,,4507,Stangenholz_7,891.2999999999998,0,not_young,0,0,1,Verdabbio,500_1000
,113353.0,2.0,Stangenholz,141.0,BU (4),,lower/upper montane,7.0,2.0,,,1.0,,,2,2,2,2,,,,,,,4508,Stangenholz_7,1031.9,1,not_young,0,0,1,Verdabbio,1000_1500
,113535.0,4.0,Mittleres Baumholz,301.0,FI (4) / LA (3) / TA (3),,subalpine,8.0,3.1,1.0,,,,,1,1,1,1,,,,,,,4524,Mittleres Baumholz_8,1729.1,1,not_young,0,0,0,Verdabbio,1500_2000
,113537.0,4.0,Mittleres Baumholz,397.0,BU (1),,lower/upper montane,7.0,2.8,1.0,,,,,1,1,1,1,,,,,,,4526,Mittleres Baumholz_7,989.5,0,not_young,0,0,0,Verdabbio,500_1000
,113540.0,4.0,Mittleres Baumholz,330.0,BU (2),,lower/upper montane,7.0,2.3,1.0,,,,,1,1,1,1,,,,,,,4528,Mittleres Baumholz_7,1039.6,1,not_young,0,0,0,Verdabbio,1000_1500
,113541.0,4.0,Mittleres Baumholz,305.0,BU (1),,lower/upper montane,7.0,3.1,1.0,,,,,1,1,1,1,,,,,,,4529,Mittleres Baumholz_7,1010.1,1,not_young,0,0,0,Verdabbio,1000_1500
,113544.0,3.0,Schwaches Baumholz,180.0,FI (1),,lower/upper montane,7.0,1.8,,,1.0,,,2,2,2,2,,,,,,,4531,Schwaches Baumholz_7,1056.6,1,not_young,0,0,1,Verdabbio,1000_1500
,113545.0,3.0,Schwaches Baumholz,165.0,BU (3) / FI (1) / LA (1),,lower/upper montane,7.0,2.0,,,1.0,,,2,2,2,2,,,,,,,4532,Schwaches Baumholz_7,1123.5,1,not_young,0,0,1,Verdabbio,1000_1500
,113546.0,3.0,Schwaches Baumholz,219.0,BU (5) / FI (1),,lower/upper montane,7.0,1.0,,,1.0,,,2,2,2,2,,,,,,,4533,Schwaches Baumholz_7,980.1,0,not_young,0,0,1,Verdabbio,500_1000
,113547.0,3.0,Schwaches Baumholz,205.0,BU (1) / FI (1),,lower/upper montane,7.0,1.4,,,1.0,,,2,2,2,2,,,,,,,4534,Schwaches Baumholz_7,1108.2,1,not_young,0,0,1,Verdabbio,1000_1500
,113548.0,2.0,Stangenholz,186.0,BU (4),,lower/upper montane,7.0,2.1,,,1.0,,,2,2,2,2,,,,,,,4535,Stangenholz_7,1005.2,1,not_young,0,0,1,Verdabbio,1000_1500
,113550.0,2.0,Stangenholz,283.0,FI (7) / LA (3),,high-montane (main area of silver fir),10.0,2.0,,,,,,3,1,3,3,1.0,,,,,,4536,Stangenholz_10,1617.6,1,not_young,0,0,0,Verdabbio,1500_2000
,113756.0,4.0,Mittleres Baumholz,286.0,BU (2) / FI (7) / TA (1),,lower/upper montane,7.0,1.7,1.0,,,,,1,1,1,1,,,,,,,4548,Mittleres Baumholz_7,1386.8,1,not_young,0,0,0,Verdabbio,1000_1500
,113758.0,3.0,Schwaches Baumholz,270.0,BU (5) / FI (1),,lower/upper montane,7.0,1.1,1.0,,,,,1,1,1,1,,,,,,,4550,Schwaches Baumholz_7,1310.0,1,not_young,0,0,0,Verdabbio,1000_1500
,113759.0,4.0,Mittleres Baumholz,363.0,BU (7),,lower/upper montane,7.0,0.4,1.0,,,,,1,1,1,1,,,,,,,4551,Mittleres Baumholz_7,1508.7,1,not_young,0,0,0,Verdabbio,1500_2000
,113760.0,4.0,Mittleres Baumholz,196.0,FI (1) / LA (5) / LFO (4),,subalpine,8.0,2.7,,,,,,3,1,3,3,1.0,,,,,,4552,Mittleres Baumholz_8,1820.3,1,not_young,0,0,0,Verdabbio,1500_2000
,113762.0,3.0,Schwaches Baumholz,169.0,LA (10),,upper subalpine,9.0,0.8,,,,,,3,1,3,3,1.0,,,,,,4553,Schwaches Baumholz_9,1896.2,1,not_young,0,0,0,Verdabbio,1500_2000
,113765.0,5.0,Starkes Baumholz,347.0,BU (2) / FI (7),,lower/upper montane,7.0,0.6,,,1.0,,,2,2,2,2,,,,,,,4554,Starkes Baumholz_7,1194.7,1,not_young,0,0,1,Verdabbio,1000_1500
,113766.0,3.0,Schwaches Baumholz,194.0,,,lower/upper montane,7.0,1.3,,,1.0,,,2,2,2,2,,,,,,,4555,Schwaches Baumholz_7,1012.8,1,not_young,0,0,1,Verdabbio,1000_1500
,113767.0,2.0,Stangenholz,181.0,,,lower/upper montane,7.0,0.8,,,1.0,,,2,2,2,2,,,,,,,4556,Stangenholz_7,1000.8,1,not_young,0,0,1,Verdabbio,1000_1500
,113768.0,2.0,Stangenholz,247.0,BU (2),,lower/upper montane,7.0,0.9,,,1.0,,,2,2,2,2,,,,,,,4557,Stangenholz_7,1191.8,1,not_young,0,0,1,Verdabbio,1000_1500
,113769.0,3.0,Schwaches Baumholz,172.0,,,lower/upper montane,7.0,1.1,,,1.0,,,2,2,2,2,,,,,,,4558,Schwaches Baumholz_7,1073.0,1,not_young,0,0,1,Verdabbio,1000_1500
,113770.0,2.0,Stangenholz,130.0,BU (2) / FI (1),,lower/upper montane,7.0,0.5,,,1.0,,,2,2,2,2,,,,,,,4559,Stangenholz_7,1115.2,1,not_young,0,0,1,Verdabbio,1000_1500
,113771.0,4.0,Mittleres Baumholz,195.0,BU (8),,lower/upper montane,7.0,1.3,,,1.0,,,2,2,2,2,,,,,,,4560,Mittleres Baumholz_7,1260.0,1,not_young,0,0,1,Verdabbio,1000_1500
,113772.0,4.0,Mittleres Baumholz,355.0,FI (8) / LA (1) / TA (1),,high-montane (main area of silver fir),10.0,0.8,,,1.0,,,2,2,2,2,,,,,,,4561,Mittleres Baumholz_10,1593.0,1,not_young,0,0,1,Verdabbio,1500_2000
,113967.0,4.0,Mittleres Baumholz,280.0,FI (9) / LA (1),,lower/upper montane,7.0,0.8,1.0,,,,,1,1,1,1,,,,,,,4570,Mittleres Baumholz_7,1496.7,1,not_young,0,0,0,Verdabbio,1000_1500
,113968.0,4.0,Mittleres Baumholz,271.0,FI (10),,upper subalpine,9.0,1.5,1.0,,,,,1,1,1,1,,,,,,,4571,Mittleres Baumholz_9,1925.8,1,not_young,0,0,0,Verdabbio,1500_2000
,113969.0,3.0,Schwaches Baumholz,212.0,AER (5) / FI (5),,upper subalpine,9.0,0.5,1.0,,,,,1,1,1,1,,,,,,,4572,Schwaches Baumholz_9,1890.6,1,not_young,0,0,0,Verdabbio,1500_2000
,113971.0,3.0,Schwaches Baumholz,214.0,BU (3) / FI (3) / LA (1),,high-montane (main area of silver fir),10.0,5.5,,,1.0,,,2,2,2,2,,,,,,,4573,Schwaches Baumholz_10,1469.5,1,not_young,0,0,1,Verdabbio,1000_1500
,113973.0,2.0,Stangenholz,191.0,BU (2),,lower/upper montane,7.0,1.9,,,,,,3,3,3,3,,,,,,,4574,Stangenholz_7,1123.1,1,not_young,0,0,0,Verdabbio,1000_1500
,113974.0,3.0,Schwaches Baumholz,197.0,BU (2) / FI (5) / LA (3),,high-montane (main area of silver fir),10.0,0.2,,,1.0,,,2,2,2,2,,,,,,,4575,Schwaches Baumholz_10,1009.9,1,not_young,0,0,1,Verdabbio,1000_1500
,113981.0,3.0,Schwaches Baumholz,175.0,BU (5) / FI (3) / LA (1) / TA (1),,subalpine,8.0,0.3,1.0,,,,,1,1,1,1,,,,,,,4576,Schwaches Baumholz_8,1778.9,1,not_young,0,0,0,Verdabbio,1500_2000
,113982.0,4.0,Mittleres Baumholz,283.0,FI (9) / TA (1),,subalpine,8.0,0.9,1.0,,,,,1,1,1,1,,,,,,,4577,Mittleres Baumholz_8,1747.1,1,not_young,0,0,0,Verdabbio,1500_2000
,113983.0,2.0,Stangenholz,261.0,BU (3) / FI (2) / TA (4),,subalpine,8.0,0.9,1.0,,,,,1,1,1,1,,,,,,,4578,Stangenholz_8,1718.8,1,not_young,0,0,0,Verdabbio,1500_2000
,113984.0,3.0,Schwaches Baumholz,214.0,FI (7) / LA (3),,upper subalpine,9.0,2.1,1.0,,,,,1,1,1,1,,,,,,,4579,Schwaches Baumholz_9,1941.9,1,not_young,0,0,0,Verdabbio,1500_2000
,113985.0,2.0,Stangenholz,227.0,FI (7) / TA (1),,subalpine,8.0,2.3,1.0,,,,,1,1,1,1,,,,,,,4580,Stangenholz_8,1753.6,1,not_young,0,0,0,Verdabbio,1500_2000
,113986.0,4.0,Mittleres Baumholz,386.0,BU (2),,lower/upper montane,7.0,1.0,1.0,,,,,1,1,1,1,,,,,,,4581,Mittleres Baumholz_7,1092.0,1,not_young,0,0,0,Verdabbio,1000_1500
,113988.0,2.0,Stangenholz,166.0,BU (3) / FI (1),,lower/upper montane,7.0,0.5,1.0,,,,,1,1,1,1,,,,,,,4582,Stangenholz_7,1459.0,1,not_young,0,0,0,Verdabbio,1000_1500
,113990.0,3.0,Schwaches Baumholz,191.0,AER (2) / FI (6) / LA (2),,-,5.0,0.4,1.0,,,,,1,1,1,1,,,,,,,4583,Schwaches Baumholz_5,2056.8,1,not_young,0,0,0,Verdabbio,2000_2500
,114199.0,2.0,Stangenholz,275.0,BU (5),,lower/upper montane,7.0,0.2,,,1.0,,,2,2,2,2,,,,,,,4593,Stangenholz_7,1210.6,1,not_young,0,0,1,Verdabbio,1000_1500
,114200.0,4.0,Mittleres Baumholz,347.0,BU (2) / FI (4) / LA (4),,lower/upper montane,7.0,0.2,,,1.0,,,2,2,2,2,,,,,,,4594,Mittleres Baumholz_7,1229.3,1,not_young,0,0,1,Verdabbio,1000_1500
,114201.0,4.0,Mittleres Baumholz,261.0,BU (2) / FI (4) / LA (4),,lower/upper montane,7.0,0.2,,,1.0,,,2,2,2,2,,,,,,,4595,Mittleres Baumholz_7,1237.9,1,not_young,0,0,1,Verdabbio,1000_1500
,114203.0,3.0,Schwaches Baumholz,236.0,BU (8),,lower/upper montane,7.0,2.4,1.0,,,,,1,1,1,1,,,,,,,4596,Schwaches Baumholz_7,1323.0,1,not_young,0,0,0,Verdabbio,1000_1500
,114204.0,3.0,Schwaches Baumholz,134.0,BU (1) / LA (2) / WFO (6),,lower/upper montane,7.0,1.3,1.0,,,,1.0,1,1,1,1,,,,0.0,,,4597,Schwaches Baumholz_7,1345.2,1,not_young,0,0,0,Verdabbio,1000_1500
,114205.0,3.0,Schwaches Baumholz,146.0,BU (2),,lower/upper montane,7.0,0.8,1.0,,,,,1,1,1,1,,,,,,,4598,Schwaches Baumholz_7,1084.0,1,not_young,0,0,0,Verdabbio,1000_1500
,114206.0,2.0,Stangenholz,225.0,,,lower/upper montane,7.0,0.2,1.0,,,,,1,1,1,1,,,,,,,4599,Stangenholz_7,1023.4,1,not_young,0,0,0,Verdabbio,1000_1500
,114207.0,3.0,Schwaches Baumholz,179.0,BU (2),,lower/upper montane,7.0,0.3,1.0,,,,,1,1,1,1,,,,,,,4600,Schwaches Baumholz_7,1098.8,1,not_young,0,0,0,Verdabbio,1000_1500
,114208.0,2.0,Stangenholz,98.0,BU (3),,lower/upper montane,7.0,0.4,1.0,,,,,1,1,1,1,,,,,,,4601,Stangenholz_7,1240.3,1,not_young,0,0,0,Verdabbio,1000_1500
,114209.0,3.0,Schwaches Baumholz,204.0,BU (3) / WFO (1),,lower/upper montane,7.0,0.4,1.0,,,,,1,1,1,1,,,,,,,4602,Schwaches Baumholz_7,1180.5,1,not_young,0,0,0,Verdabbio,1000_1500
,114210.0,3.0,Schwaches Baumholz,311.0,FI (6) / LA (3) / TA (1),,subalpine,8.0,1.9,0.0,,1.0,,,2,2,2,2,,,,,,,4603,Schwaches Baumholz_8,1676.2,1,not_young,0,0,0,Verdabbio,1500_2000
,114211.0,2.0,Stangenholz,83.0,BU (2) / FI (3),,lower/upper montane,7.0,0.8,1.0,,,,,1,1,1,1,,,,,,,4604,Stangenholz_7,1372.8,1,not_young,0,0,0,Verdabbio,1000_1500
,114212.0,3.0,Schwaches Baumholz,227.0,FI (3) / LA (7),,-,5.0,0.7,1.0,,,,,1,1,1,1,,,,,,,4605,Schwaches Baumholz_5,2041.6,1,not_young,0,0,0,Verdabbio,2000_2500
,131301.0,3.0,Schwaches Baumholz,118.0,,,lower/upper montane,7.0,1.6,,,1.0,,,2,2,2,2,,,,,,,4642,Schwaches Baumholz_7,863.1,0,not_young,0,0,1,Verdabbio,500_1000
4.0,,,,,,,,,0.4,,1.0,,,,3,3,4,4,,,,,,,2,plantations,1099.3,1,not_young,0,1,0,Mesocco,1000_1500
4.0,,,,,,,,,0.8,,1.0,,,,3,3,4,4,,,,,,,3,plantations,832.7,0,not_young,0,1,0,Mesocco,500_1000
,8210.0,3.0,Schwaches Baumholz,206.0,AER (1) / FI (1) / LA (8) / VBE (e),,upper subalpine,9.0,3.1,,,1.0,,,2,2,2,2,,,,,,,9,Schwaches Baumholz_9,1865.6,1,not_young,0,1,1,Mesocco,1500_2000
,8230.0,1.0,Jungwuchs/Dickung,265.0,,FI (8) / BI (1) / WEI (1) / HAS (e) / HOL (e),high-montane (relict area of silver fir),12.0,0.2,,,1.0,1.0,,2,2,8,8,,,,,,,11,Jungwuchs/Dickung_12,1323.1,1,young,1,1,1,Mesocco,1000_1500
,8435.0,5.0,Starkes Baumholz,380.0,FI (8) / LA (2) / BI (e) / MBE (e),FI (9) / LA (1) / BI (e) / ST (e),high-montane (main area of silver fir),10.0,2.4,,,,,1.0,3,3,3,8,,,,1.0,,,12,Starkes Baumholz_10,1606.2,1,not_young,0,1,0,Mesocco,1500_2000
,8445.0,4.0,Mittleres Baumholz,489.0,FI (10) / LA (e),KA (5) / VBE (5),high-montane (secondary area of silver fir),11.0,2.5,,,1.0,1.0,,2,2,8,8,,,,,,,13,Mittleres Baumholz_11,905.8,0,not_young,0,1,1,Mesocco,500_1000
,8446.0,3.0,Schwaches Baumholz,224.0,TEI (e) / BI (e) / LI (10),ST (10),high-montane (secondary area of silver fir),11.0,20.1,,,1.0,,1.0,5,5,5,5,,,1.0,0.0,,,14,Schwaches Baumholz_11,1135.1,1,not_young,0,1,0,Mesocco,1000_1500
,8473.0,4.0,Mittleres Baumholz,406.0,FI (6) / LA (4) / VBE (e),FI (8) / LA (1) / VBE (e) / ST (1),high-montane (secondary area of silver fir),11.0,7.4,,,1.0,,1.0,2,2,2,8,,,,1.0,,,18,Mittleres Baumholz_11,1595.9,1,not_young,0,1,1,Mesocco,1500_2000
,8487.0,1.0,Jungwuchs/Dickung,187.0,,FI (6) / LA (3) / BI (e) / WEI (e) / VBE (e) / ST (1),high-montane (main area of silver fir),10.0,3.9,,,1.0,,1.0,2,2,2,8,,,,1.0,,,20,Jungwuchs/Dickung_10,1268.7,1,young,0,1,1,Mesocco,1000_1500
,8494.0,5.0,Starkes Baumholz,390.0,FI (7) / LA (3) / VBE (e),FI (7) / LA (1) / VBE (e) / ST (2),high-montane (main area of silver fir),10.0,4.1,,,1.0,,1.0,2,2,2,8,,,,1.0,,,21,Starkes Baumholz_10,1629.2,1,not_young,0,1,1,Mesocco,1500_2000
,8510.0,2.0,Stangenholz,279.0,BAH (e) / FI (10) / BI (e) / MBE (e),ST (10),high-montane (main area of silver fir),10.0,2.2,,,1.0,,1.0,2,2,2,8,,,,1.0,,,23,Stangenholz_10,1228.5,1,not_young,0,1,1,Mesocco,1000_1500
,8515.0,3.0,Schwaches Baumholz,311.0,FI (3) / BI (7),FI (e) / ST (e),high-montane (main area of silver fir),10.0,2.8,,,1.0,,1.0,2,2,2,8,,,,1.0,,,24,Schwaches Baumholz_10,1263.7,1,not_young,0,1,0,Mesocco,1000_1500
,8531.0,5.0,Starkes Baumholz,404.0,FI (10) / WEI (e),FI (9) / WEI (e) / HAS (1),high-montane (relict area of silver fir),12.0,1.8,,,1.0,1.0,,2,2,8,8,,,,,,,25,Starkes Baumholz_12,1299.1,1,not_young,1,1,1,Mesocco,1000_1500
,8555.0,3.0,Schwaches Baumholz,252.0,BI (1) / LI (9),ST (10),high-montane (main area of silver fir),10.0,6.7,,,,,,5,5,5,5,,,1.0,,,,27,Schwaches Baumholz_10,1077.7,1,not_young,0,1,0,Mesocco,1000_1500
,8556.0,4.0,Mittleres Baumholz,430.0,FI (7) / LA (3),FI (10) / LA (e),high-montane (secondary area of silver fir),11.0,1.7,,,1.0,,1.0,2,2,2,8,,,,1.0,,,28,Mittleres Baumholz_11,1594.7,1,not_young,0,1,1,Mesocco,1500_2000
,8565.0,4.0,Mittleres Baumholz,401.0,FI (7) / LA (3) / WEI (e) / VBE (e) / TA (e),FI (9) / ST (1),high-montane (secondary area of silver fir),11.0,3.4,,,1.0,,1.0,2,2,2,8,,,,1.0,,,29,Mittleres Baumholz_11,1412.8,1,not_young,0,1,1,Mesocco,1000_1500
,8573.0,3.0,Schwaches Baumholz,247.0,LA (10),LA (10),subalpine,8.0,0.9,,,1.0,,,2,2,2,2,,,,,,,32,Schwaches Baumholz_8,1821.2,1,not_young,0,1,1,Mesocco,1500_2000
,8581.0,2.0,Stangenholz,182.0,LA (10),,upper subalpine,9.0,1.4,,,1.0,,,2,2,2,2,,,,,,,34,Stangenholz_9,1810.1,1,not_young,0,1,1,Mesocco,1500_2000
,8593.0,2.0,Stangenholz,335.0,FI (10),,high-montane (secondary area of silver fir),11.0,5.8,,,1.0,1.0,,2,2,8,8,,,,,,,36,Stangenholz_11,1389.4,1,not_young,0,1,1,Mesocco,1000_1500
,8651.0,3.0,Schwaches Baumholz,424.0,FI (10) / BI (e),FI (e),high-montane (secondary area of silver fir),11.0,2.1,,,1.0,1.0,,2,2,8,8,,,,,,,42,Schwaches Baumholz_11,1328.6,1,not_young,0,1,1,Mesocco,1000_1500
,8653.0,5.0,Starkes Baumholz,396.0,FI (10) / WEI (e),,high-montane (relict area of silver fir),12.0,0.9,,1.0,,,,3,3,4,4,,,,,,,43,Starkes Baumholz_12,1213.2,1,not_young,0,1,0,Mesocco,1000_1500
,8698.0,2.0,Stangenholz,190.0,LA (10),,subalpine,8.0,1.1,,,1.0,,,2,2,2,2,,,,,,,48,Stangenholz_8,1800.0,1,not_young,0,1,1,Mesocco,1500_2000
,8714.0,1.0,Jungwuchs/Dickung,214.0,,FI (8) / LA (1) / WEI (1),high-montane (main area of silver fir),10.0,1.0,,,1.0,,1.0,2,2,2,8,,,,1.0,,,50,Jungwuchs/Dickung_10,1264.6,1,young,0,1,1,Mesocco,1000_1500
,8756.0,4.0,Mittleres Baumholz,405.0,FI (10) / TA (e),FI (10),high-montane (secondary area of silver fir),11.0,8.1,,,1.0,1.0,,2,2,8,8,,,,,,,57,Mittleres Baumholz_11,1487.8,1,not_young,0,1,1,Mesocco,1000_1500
,8817.0,2.0,Stangenholz,170.0,BI (10),,high-montane (secondary area of silver fir),11.0,1.5,,,1.0,,,2,2,2,2,,,,,,,62,Stangenholz_11,1143.0,1,not_young,0,1,1,Mesocco,1000_1500
,8830.0,4.0,Mittleres Baumholz,476.0,FI (7) / LA (3),FI (8) / LA (2) / VBE (e) / ST (e),subalpine,8.0,8.2,,,,,1.0,3,3,3,8,,,,1.0,,,63,Mittleres Baumholz_8,1755.6,1,not_young,0,1,0,Mesocco,1500_2000
,8846.0,5.0,Starkes Baumholz,371.0,BAH (e) / FI (10) / WEI (e) / VBE (e),HAS (10),high-montane (relict area of silver fir),12.0,2.0,,,1.0,,,2,2,2,2,,,,,,,66,Starkes Baumholz_12,1457.0,1,not_young,0,1,1,Mesocco,1000_1500
,8863.0,2.0,Stangenholz,228.0,FI (8) / LA (2),,subalpine,8.0,1.4,,,1.0,,1.0,2,2,2,2,,,,0.0,,,68,Stangenholz_8,1616.7,1,not_young,0,1,1,Mesocco,1500_2000
,8869.0,2.0,Stangenholz,269.0,FI (9) / LA (1),,high-montane (secondary area of silver fir),11.0,1.1,,,1.0,,1.0,2,2,2,8,,,,1.0,,,69,Stangenholz_11,1475.5,1,not_young,0,1,1,Mesocco,1000_1500
,8884.0,3.0,Schwaches Baumholz,320.0,FI (2) / LA (8) / VBE (e) / LI (e),ST (10),high-montane (secondary area of silver fir),11.0,1.9,,,1.0,,1.0,2,2,2,8,,,,1.0,,,70,Schwaches Baumholz_11,1014.1,1,not_young,0,1,1,Mesocco,1000_1500
,8894.0,4.0,Mittleres Baumholz,368.0,FI (6) / LA (4),,subalpine,8.0,1.3,,,1.0,,,2,2,2,2,,,,,,,71,Mittleres Baumholz_8,1699.2,1,not_young,0,1,1,Mesocco,1500_2000
,8908.0,4.0,Mittleres Baumholz,290.0,FI (5) / LA (5),FI (3) / LA (7),high-montane (secondary area of silver fir),11.0,4.1,,,1.0,,,2,2,2,2,,,,,,,73,Mittleres Baumholz_11,1604.5,1,not_young,0,1,1,Mesocco,1500_2000
,8912.0,1.0,Jungwuchs/Dickung,353.0,,FI (8) / LA (1) / TA (1),high-montane (main area of silver fir),10.0,0.4,,,1.0,,1.0,2,2,2,8,,,,1.0,,,74,Jungwuchs/Dickung_10,1325.3,1,young,0,1,1,Mesocco,1000_1500
,8918.0,2.0,Stangenholz,157.0,LA (10) / BI (e) / WEI (e),LA (4) / VBE (e) / ST (6),high-montane (main area of silver fir),10.0,1.9,,,1.0,,1.0,2,2,2,8,,,,1.0,,,75,Stangenholz_10,1451.9,1,not_young,0,1,1,Mesocco,1000_1500
,8925.0,3.0,Schwaches Baumholz,208.0,BI (2) / MBE (e) / LI (8),ST (10),high-montane (secondary area of silver fir),11.0,2.9,,,1.0,,,5,5,5,5,,,1.0,,,,78,Schwaches Baumholz_11,1097.9,1,not_young,0,1,0,Mesocco,1000_1500
,8937.0,3.0,Schwaches Baumholz,249.0,FI (10) / LA (e),,high-montane (secondary area of silver fir),11.0,0.8,,,1.0,1.0,,2,2,8,8,,,,,,,80,Schwaches Baumholz_11,1214.1,1,not_young,0,1,1,Mesocco,1000_1500
,8942.0,2.0,Stangenholz,288.0,FI (1) / BI (4) / LI (5),FI (5) / ST (5),high-montane (secondary area of silver fir),11.0,2.1,,,1.0,,,5,5,5,5,,,1.0,,,,81,Stangenholz_11,1183.3,1,not_young,0,1,0,Mesocco,1000_1500
,8978.0,2.0,Stangenholz,150.0,FI (6) / LA (2) / BI (1) / WEI (1),ST (10),high-montane (relict area of silver fir),12.0,3.1,,,1.0,,,2,2,2,2,,,,,,,84,Stangenholz_12,1528.3,1,not_young,0,1,1,Mesocco,1500_2000
,9002.0,3.0,Schwaches Baumholz,355.0,FI (3) / LA (4) / BI (1) / WEI (1) / ST (1),FI (1) / LA (1) / BI (1) / WEI (2) / ST (5),high-montane (secondary area of silver fir),11.0,3.2,,,1.0,,1.0,2,2,2,8,,,,1.0,,,85,Schwaches Baumholz_11,1071.5,1,not_young,0,1,1,Mesocco,1000_1500
,9007.0,5.0,Starkes Baumholz,210.0,FI (10) / WEI (e) / VBE (e),FI (10) / WEI (e) / VBE (e) / HAS (e),high-montane (relict area of silver fir),12.0,2.3,,,1.0,1.0,,2,2,8,8,,,,,,,86,Starkes Baumholz_12,1240.4,1,not_young,1,1,1,Mesocco,1000_1500
,9017.0,5.0,Starkes Baumholz,411.0,FI (10) / LA (e),,high-montane (relict area of silver fir),12.0,5.9,,,1.0,,1.0,2,2,2,8,,,,1.0,,,87,Starkes Baumholz_12,1565.7,1,not_young,1,1,1,Mesocco,1500_2000
,9033.0,2.0,Stangenholz,76.0,TEI (e) / FI (6) / LA (3) / BI (1) / MBE (e) / VBE (e),FI (2) / VBE (e) / ST (8),high-montane (main area of silver fir),10.0,1.9,,,1.0,,1.0,2,2,2,8,,,,1.0,,,88,Stangenholz_10,1036.2,1,not_young,0,1,1,Mesocco,1000_1500
,9040.0,5.0,Starkes Baumholz,375.0,FI (8) / LA (2) / TA (e),FI (8) / LA (1) / ST (1),high-montane (main area of silver fir),10.0,2.2,,,1.0,,1.0,2,2,2,2,,,,0.0,,,90,Starkes Baumholz_10,1501.5,1,not_young,0,1,1,Mesocco,1500_2000
,9071.0,4.0,Mittleres Baumholz,550.0,LI (e) / TA (10),ST (10),high-montane (secondary area of silver fir),11.0,0.3,,,1.0,1.0,,2,2,8,8,,,,,,,95,Mittleres Baumholz_11,865.2999999999998,0,not_young,0,1,1,Mesocco,500_1000
,9072.0,3.0,Schwaches Baumholz,334.0,FI (10),FI (10),high-montane (secondary area of silver fir),11.0,1.4,,,1.0,1.0,,2,2,8,8,,,,,,,96,Schwaches Baumholz_11,1442.0,1,not_young,0,1,1,Mesocco,1000_1500
,9074.0,3.0,Schwaches Baumholz,158.0,LA (10),AER (3) / LA (7),upper subalpine,9.0,2.7,,,1.0,,,2,2,2,2,,,,,,,97,Schwaches Baumholz_9,1913.5,1,not_young,0,1,1,Mesocco,1500_2000
,9118.0,4.0,Mittleres Baumholz,422.0,BAH (e) / FI (10) / LA (e) / VBE (e),,subalpine,8.0,2.3,,,1.0,,1.0,2,2,2,2,,,,0.0,,,99,Mittleres Baumholz_8,1652.9,1,not_young,0,1,0,Mesocco,1500_2000
,9129.0,3.0,Schwaches Baumholz,371.0,FI (10) / LA (e),,high-montane (relict area of silver fir),12.0,2.0,,,1.0,1.0,,2,2,8,8,,,,,,,101,Schwaches Baumholz_12,1544.3,1,not_young,0,1,1,Mesocco,1500_2000
,9142.0,2.0,Stangenholz,127.0,BI (e) / LI (10),ST (10),high-montane (secondary area of silver fir),11.0,4.1,,,1.0,,,5,5,5,5,,,1.0,,,,105,Stangenholz_11,965.0,0,not_young,0,1,0,Mesocco,500_1000
,9144.0,4.0,Mittleres Baumholz,444.0,FI (3) / LA (7) / VBE (e),FI (7) / LA (3) / VBE (e) / ST (e),subalpine,8.0,3.2,,,1.0,,1.0,2,2,2,8,,,,1.0,,,106,Mittleres Baumholz_8,1640.8,1,not_young,0,1,1,Mesocco,1500_2000
,9148.0,4.0,Mittleres Baumholz,342.0,FI (10) / LA (e) / BI (e) / MBE (e),FI (10) / HAS (e),high-montane (relict area of silver fir),12.0,7.4,,,1.0,1.0,,2,2,8,8,,,,,,,107,Mittleres Baumholz_12,1278.5,1,not_young,0,1,1,Mesocco,1000_1500
,9149.0,5.0,Starkes Baumholz,397.0,FI (10) / WEI (e),,high-montane (relict area of silver fir),12.0,1.4,,1.0,,,,3,3,4,4,,,,,,,108,Starkes Baumholz_12,1219.6,1,not_young,0,1,0,Mesocco,1000_1500
,9172.0,1.0,Jungwuchs/Dickung,254.0,,AER (7) / FI (1) / LA (2),subalpine,8.0,1.9,,,1.0,,1.0,2,2,2,2,,,,0.0,,,110,Jungwuchs/Dickung_8,1724.1,1,young,0,1,1,Mesocco,1500_2000
,9176.0,5.0,Starkes Baumholz,273.0,BAH (e) / FI (10) / VBE (e),FI (e) / ST (10),subalpine,8.0,2.9,,,1.0,,1.0,2,2,2,2,,,,0.0,,,111,Starkes Baumholz_8,1736.4,1,not_young,0,1,0,Mesocco,1500_2000
,9178.0,5.0,Starkes Baumholz,345.0,FI (10) / WEI (e),,high-montane (relict area of silver fir),12.0,0.2,,,,,,3,3,3,3,,,,,,,112,Starkes Baumholz_12,1210.3,1,not_young,0,1,0,Mesocco,1000_1500
,9183.0,5.0,Starkes Baumholz,350.0,FI (10) / WEI (e),FI (8) / HAS (2),high-montane (relict area of silver fir),12.0,1.4,,,1.0,1.0,,2,2,8,8,,,,,,,113,Starkes Baumholz_12,1244.6,1,not_young,0,1,1,Mesocco,1000_1500
,9195.0,3.0,Schwaches Baumholz,375.0,FI (10) / LA (e),,high-montane (secondary area of silver fir),11.0,1.2,,,1.0,,1.0,2,2,2,8,,,,1.0,,,115,Schwaches Baumholz_11,1457.8,1,not_young,0,1,1,Mesocco,1000_1500
,9209.0,5.0,Starkes Baumholz,486.0,FI (10) / LA (e) / WEI (e),FI (10) / WEI (e) / HAS (e),high-montane (relict area of silver fir),12.0,3.4,,,1.0,1.0,,2,2,8,8,,,,,,,116,Starkes Baumholz_12,1213.4,1,not_young,0,1,1,Mesocco,1000_1500
,9315.0,4.0,Mittleres Baumholz,263.0,TEI (1) / FI (3) / LA (4) / BI (e) / AS (e) / MBE (e) / VBE (e) / LI (2) / TA (e),,high-montane (main area of silver fir),10.0,6.7,,,1.0,,1.0,2,2,2,2,,,,0.0,,,122,Mittleres Baumholz_10,1483.0,1,not_young,0,1,0,Mesocco,1000_1500
,9332.0,4.0,Mittleres Baumholz,261.0,ES (e) / FI (3) / LA (3) / BI (1) / WEI (2) / VBE (1),FI (1) / LA (3) / WEI (1) / VBE (e) / ST (5),high-montane (secondary area of silver fir),11.0,5.0,,,1.0,,1.0,2,2,2,8,,,,1.0,,,124,Mittleres Baumholz_11,1175.1,1,not_young,0,1,1,Mesocco,1000_1500
,9337.0,5.0,Starkes Baumholz,329.0,FI (10) / BI (e) / TA (e),FI (10),high-montane (secondary area of silver fir),11.0,16.6,,,1.0,1.0,,2,2,8,8,,,,,,,125,Starkes Baumholz_11,1421.5,1,not_young,0,1,1,Mesocco,1000_1500
,9400.0,3.0,Schwaches Baumholz,344.0,FI (4) / LA (2) / BI (4),,high-montane (secondary area of silver fir),11.0,2.1,,,1.0,,1.0,2,2,2,8,,,,1.0,,,131,Schwaches Baumholz_11,1122.0,1,not_young,0,1,1,Mesocco,1000_1500
,9410.0,5.0,Starkes Baumholz,420.0,FI (9) / LA (1),FI (10),high-montane (secondary area of silver fir),11.0,4.7,,,1.0,,1.0,2,2,2,8,,,,1.0,,,132,Starkes Baumholz_11,1444.4,1,not_young,0,1,1,Mesocco,1000_1500
,9432.0,4.0,Mittleres Baumholz,368.0,FI (10) / WEI (e),FI (10) / WEI (e) / HAS (e),high-montane (relict area of silver fir),12.0,2.1,,,1.0,1.0,,2,2,8,8,,,,,,,133,Mittleres Baumholz_12,1251.4,1,not_young,1,1,1,Mesocco,1000_1500
,9520.0,1.0,Jungwuchs/Dickung,259.0,,FI (7) / LA (3),high-montane (secondary area of silver fir),11.0,0.3,,,1.0,,1.0,2,2,2,2,,,,0.0,,,147,Jungwuchs/Dickung_11,1425.3,1,young,0,1,1,Mesocco,1000_1500
,9525.0,4.0,Mittleres Baumholz,454.0,FI (8) / LA (2),FI (9) / ST (1),high-montane (secondary area of silver fir),11.0,8.3,,,1.0,,1.0,2,2,2,8,,,,1.0,,,148,Mittleres Baumholz_11,1550.7,1,not_young,0,1,1,Mesocco,1500_2000
,9550.0,5.0,Starkes Baumholz,185.0,FI (3) / LA (7),FI (5) / LA (4) / MBE (e) / VBE (e) / ST (1),subalpine,8.0,2.0,,,1.0,,,2,2,2,2,,,,,,,150,Starkes Baumholz_8,1609.6,1,not_young,0,1,1,Mesocco,1500_2000
,9555.0,2.0,Stangenholz,358.0,FI (9) / BI (1) / TA (e),,high-montane (secondary area of silver fir),11.0,0.2,,,1.0,1.0,,2,2,8,8,,,,,,,151,Stangenholz_11,1480.2,1,not_young,0,1,1,Mesocco,1000_1500
,9570.0,3.0,Schwaches Baumholz,462.0,FI (10) / TA (e),,high-montane (secondary area of silver fir),11.0,0.3,,,1.0,1.0,,2,2,8,8,,,,,,,153,Schwaches Baumholz_11,860.5,0,not_young,0,1,1,Mesocco,500_1000
,9584.0,5.0,Starkes Baumholz,315.0,FI (8) / LA (2) / WEI (e),FI (5) / LA (5),high-montane (secondary area of silver fir),11.0,8.9,,,1.0,,1.0,2,2,2,8,,,,1.0,,,155,Starkes Baumholz_11,1357.8,1,not_young,1,1,1,Mesocco,1000_1500
,9596.0,1.0,Jungwuchs/Dickung,235.0,,BAH (e) / FI (e) / LA (e) / BI (e) / ST (10),upper subalpine,9.0,3.1,,,1.0,,1.0,2,2,2,2,,,,0.0,,,156,Jungwuchs/Dickung_9,1727.6,1,young,0,1,1,Mesocco,1500_2000
,9620.0,3.0,Schwaches Baumholz,261.0,FI (6) / BI (4),,high-montane (main area of silver fir),10.0,1.5,,,,,1.0,3,3,3,8,,,,1.0,,,158,Schwaches Baumholz_10,1218.4,1,not_young,0,1,0,Mesocco,1000_1500
,9638.0,4.0,Mittleres Baumholz,397.0,WER (1) / FI (8) / AS (1) / WEI (e),,high-montane (relict area of silver fir),12.0,4.1,,1.0,1.0,,,2,2,4,4,,,,,,,161,Mittleres Baumholz_12,1190.1,1,not_young,0,1,1,Mesocco,1000_1500
,9645.0,3.0,Schwaches Baumholz,309.0,FI (8) / WEI (2),HOL (10),high-montane (relict area of silver fir),12.0,1.1,,1.0,,,,3,3,4,4,,,,,,,162,Schwaches Baumholz_12,1329.6,1,not_young,0,1,0,Mesocco,1000_1500
,9648.0,4.0,Mittleres Baumholz,375.0,FI (9) / LA (e) / WEI (1),FI (7) / WEI (1) / ST (2),high-montane (relict area of silver fir),12.0,2.6,,,1.0,,,2,2,2,2,,,,,,,163,Mittleres Baumholz_12,1256.8,1,not_young,0,1,1,Mesocco,1000_1500
,9673.0,5.0,Starkes Baumholz,423.0,FI (10) / WEI (e),FI (10) / WEI (e) / HAS (e),high-montane (relict area of silver fir),12.0,6.9,,,1.0,1.0,,2,2,8,8,,,,,,,164,Starkes Baumholz_12,1460.9,1,not_young,1,1,1,Mesocco,1000_1500
,9676.0,2.0,Stangenholz,188.0,TEI (e) / KA (e) / LI (10),,high-montane (main area of silver fir),10.0,11.5,,,1.0,,,5,5,5,5,,,1.0,,,,165,Stangenholz_10,908.7,0,not_young,0,1,0,Mesocco,500_1000
,9702.0,3.0,Schwaches Baumholz,190.0,FI (8) / LA (2) / BI (e) / MBE (e),,high-montane (secondary area of silver fir),11.0,1.0,,,1.0,,1.0,2,2,2,2,,,,0.0,,,168,Schwaches Baumholz_11,1023.6,1,not_young,0,1,1,Mesocco,1000_1500
,9721.0,5.0,Starkes Baumholz,296.0,BAH (1) / FI (8) / BI (1) / LI (e),FI (1) / BI (4) / ST (5),high-montane (secondary area of silver fir),11.0,3.4,,,1.0,,1.0,2,2,2,8,,,,1.0,,,171,Starkes Baumholz_11,1351.8,1,not_young,0,1,0,Mesocco,1000_1500
,9725.0,4.0,Mittleres Baumholz,376.0,BAH (e) / FI (10) / WEI (e) / VBE (e),FI (10) / HAS (e),high-montane (relict area of silver fir),12.0,0.3,,,1.0,,,2,2,2,2,,,,,,,172,Mittleres Baumholz_12,1528.3,1,not_young,0,1,1,Mesocco,1500_2000
,9749.0,4.0,Mittleres Baumholz,291.0,FI (1) / LA (9) / VBE (e),FI (3) / LA (6) / VBE (e) / ST (1),subalpine,8.0,4.7,,,1.0,,,2,2,2,2,,,,,,,176,Mittleres Baumholz_8,1680.0,1,not_young,0,1,1,Mesocco,1500_2000
,9799.0,2.0,Stangenholz,306.0,FI (10),,high-montane (main area of silver fir),10.0,0.8,,,1.0,,1.0,2,2,2,8,,,,1.0,,,180,Stangenholz_10,1204.1,1,not_young,0,1,1,Mesocco,1000_1500
,9871.0,4.0,Mittleres Baumholz,349.0,FI (10) / LA (e) / VBE (e),,high-montane (relict area of silver fir),12.0,4.7,,,1.0,,,2,2,2,2,,,,,,,189,Mittleres Baumholz_12,1620.9,1,not_young,0,1,1,Mesocco,1500_2000
,9878.0,5.0,Starkes Baumholz,279.0,BAH (e) / TEI (e) / ES (e) / FI (10) / KA (e) / BI (e) / WEI (e) / MBE (e) / LI (e) / TA (e),,high-montane (main area of silver fir),10.0,3.6,,,1.0,,,2,2,2,2,,,,,,,191,Starkes Baumholz_10,934.0,0,not_young,0,1,1,Mesocco,500_1000
,9880.0,4.0,Mittleres Baumholz,451.0,FI (8) / LA (2),FI (9) / LA (1),high-montane (secondary area of silver fir),11.0,7.2,,,1.0,,1.0,2,2,2,8,,,,1.0,,,192,Mittleres Baumholz_11,1643.1,1,not_young,0,1,1,Mesocco,1500_2000
,9883.0,5.0,Starkes Baumholz,400.0,FI (10) / VBE (e),FI (10),high-montane (relict area of silver fir),12.0,5.9,,1.0,,,,3,3,4,4,,,,,,,193,Starkes Baumholz_12,1248.4,1,not_young,0,1,0,Mesocco,1000_1500
,9929.0,2.0,Stangenholz,286.0,FI (9) / LA (1),,high-montane (secondary area of silver fir),11.0,1.7,,,1.0,,1.0,2,2,2,8,,,,1.0,,,198,Stangenholz_11,1491.6,1,not_young,0,1,1,Mesocco,1000_1500
,9934.0,3.0,Schwaches Baumholz,222.0,LA (10),LA (10),subalpine,8.0,1.9,,,1.0,,,2,2,2,2,,,,,,,199,Schwaches Baumholz_8,1819.2,1,not_young,0,1,1,Mesocco,1500_2000
,9968.0,2.0,Stangenholz,140.0,WER (9) / FI (1) / AS (e) / WEI (e),WER (9) / FI (1) / AS (e) / WEI (e),high-montane (relict area of silver fir),12.0,0.5,,,1.0,,,2,2,2,2,,,,,,,203,Stangenholz_12,1193.9,1,not_young,0,1,1,Mesocco,1000_1500
,9980.0,5.0,Starkes Baumholz,479.0,BAH (e) / FI (5) / LA (5),FI (2) / LA (6) / KI (e) / ST (2),high-montane (secondary area of silver fir),11.0,2.2,,,1.0,,1.0,2,2,2,8,,,,1.0,,,207,Starkes Baumholz_11,1154.2,1,not_young,0,1,1,Mesocco,1000_1500
,9982.0,4.0,Mittleres Baumholz,375.0,FI (7) / LA (2) / TA (1),,high-montane (main area of silver fir),10.0,6.8,,,1.0,,1.0,2,2,2,8,,,,1.0,,,208,Mittleres Baumholz_10,1372.6,1,not_young,0,1,1,Mesocco,1000_1500
,10045.0,3.0,Schwaches Baumholz,292.0,TEI (e) / FI (10) / BI (e) / KI (e) / VBE (e) / LI (e),ST (10),high-montane (main area of silver fir),10.0,2.3,,,1.0,,1.0,2,2,2,8,,,,1.0,,,215,Schwaches Baumholz_10,1104.2,1,not_young,0,1,1,Mesocco,1000_1500
,10063.0,2.0,Stangenholz,105.0,BI (10),,high-montane (secondary area of silver fir),11.0,0.7,,,1.0,,,2,2,2,2,,,,,,,217,Stangenholz_11,1112.0,1,not_young,0,1,0,Mesocco,1000_1500
,10097.0,3.0,Schwaches Baumholz,260.0,TEI (e) / FI (1) / LA (9) / WEI (e) / LI (e),MBE (e) / VBE (1) / ST (9),high-montane (main area of silver fir),10.0,1.6,,,1.0,,1.0,2,2,2,8,,,,1.0,,,224,Schwaches Baumholz_10,1073.8,1,not_young,0,1,1,Mesocco,1000_1500
,10118.0,3.0,Schwaches Baumholz,432.0,FI (9) / LA (1),FI (10),high-montane (main area of silver fir),10.0,3.7,,,,,1.0,3,3,3,8,,,,1.0,,,227,Schwaches Baumholz_10,1592.3,1,not_young,0,1,0,Mesocco,1500_2000
,10148.0,4.0,Mittleres Baumholz,326.0,TEI (1) / FI (6) / LA (3) / TA (e),FI (9) / VBE (1),high-montane (main area of silver fir),10.0,8.2,,,1.0,,1.0,2,2,2,8,,,,1.0,,,228,Mittleres Baumholz_10,1178.6,1,not_young,0,1,1,Mesocco,1000_1500
,10157.0,3.0,Schwaches Baumholz,206.0,TEI (e) / ES (1) / KA (5) / BI (e) / KI (e) / RO (3) / WEI (e) / MBE (e) / LI (1),,colline,3.0,1.9,,,1.0,,,2,2,2,2,,,,,,,229,Schwaches Baumholz_3,689.9,0,not_young,0,1,1,Mesocco,500_1000
,10159.0,3.0,Schwaches Baumholz,298.0,FI (e) / BI (e) / AS (e) / LI (10),FI (10),high-montane (secondary area of silver fir),11.0,4.2,,,1.0,,,2,2,2,2,,,,,,,230,Schwaches Baumholz_11,1129.9,1,not_young,0,1,1,Mesocco,1000_1500
,10189.0,2.0,Stangenholz,157.0,FI (10),FI (5) / ST (5),high-montane (secondary area of silver fir),11.0,4.3,,,1.0,,,2,2,2,2,,,,,,,232,Stangenholz_11,1557.3,1,not_young,0,1,1,Mesocco,1500_2000
,10192.0,2.0,Stangenholz,192.0,FI (e) / LA (10) / VBE (e),AER (10),upper subalpine,9.0,0.9,,,1.0,,,2,2,2,2,,,,,,,233,Stangenholz_9,1860.3,1,not_young,0,1,1,Mesocco,1500_2000
,10201.0,1.0,Jungwuchs/Dickung,243.0,,FI (10),high-montane (relict area of silver fir),12.0,0.3,,,1.0,1.0,,2,2,8,8,,,,,,,234,Jungwuchs/Dickung_12,1214.0,1,young,0,1,1,Mesocco,1000_1500
,10242.0,3.0,Schwaches Baumholz,331.0,FI (10) / LA (e),,high-montane (secondary area of silver fir),11.0,1.3,,,1.0,,1.0,2,2,2,8,,,,1.0,,,236,Schwaches Baumholz_11,1376.4,1,not_young,0,1,1,Mesocco,1000_1500
,10243.0,4.0,Mittleres Baumholz,371.0,FI (6) / LA (4),,upper subalpine,9.0,0.2,,,,,,3,3,3,3,,,,,,,237,Mittleres Baumholz_9,1994.3,1,not_young,0,1,0,Mesocco,1500_2000
,10295.0,5.0,Starkes Baumholz,352.0,BAH (e) / FI (10) / WEI (e) / TA (e),ST (10),high-montane (main area of silver fir),10.0,2.9,,,1.0,,1.0,2,2,2,8,,,,1.0,,,242,Starkes Baumholz_10,1323.2,1,not_young,0,1,1,Mesocco,1000_1500
,10354.0,3.0,Schwaches Baumholz,376.0,FI (9) / BI (1),,high-montane (secondary area of silver fir),11.0,1.9,,,1.0,1.0,,2,2,8,8,,,,,,,247,Schwaches Baumholz_11,1404.0,1,not_young,0,1,1,Mesocco,1000_1500
,10414.0,2.0,Stangenholz,284.0,WER (2) / FI (6) / WEI (2),ST (10),high-montane (relict area of silver fir),12.0,0.6,,1.0,1.0,,,2,2,4,4,,,,,,,255,Stangenholz_12,1246.2,1,not_young,0,1,1,Mesocco,1000_1500
,10417.0,3.0,Schwaches Baumholz,421.0,FI (7) / LA (3) / BI (e) / WEI (e),ST (e),high-montane (secondary area of silver fir),11.0,2.5,,,1.0,,1.0,2,2,2,8,,,,1.0,,,256,Schwaches Baumholz_11,1078.5,1,not_young,0,1,1,Mesocco,1000_1500
,10422.0,4.0,Mittleres Baumholz,420.0,FI (10) / VBE (e) / HAS (e),,high-montane (relict area of silver fir),12.0,2.4,,1.0,,,,3,3,4,4,,,,,,,259,Mittleres Baumholz_12,1312.9,1,not_young,0,1,0,Mesocco,1000_1500
,10438.0,3.0,Schwaches Baumholz,98.0,LA (10),,upper subalpine,9.0,18.5,,,,,,3,3,3,3,,,,,,,262,Schwaches Baumholz_9,1840.0,1,not_young,0,1,0,Mesocco,1500_2000
,10453.0,4.0,Mittleres Baumholz,357.0,FI (8) / LA (2) / VBE (e),FI (9) / LA (1),high-montane (secondary area of silver fir),11.0,6.7,,,1.0,,1.0,2,2,2,8,,,,1.0,,,266,Mittleres Baumholz_11,1544.3,1,not_young,0,1,1,Mesocco,1500_2000
,10488.0,3.0,Schwaches Baumholz,482.0,FI (10) / BI (e) / AS (e),,high-montane (relict area of silver fir),12.0,1.7,,,,1.0,,3,3,8,8,,,,,,,270,Schwaches Baumholz_12,1215.1,1,not_young,0,1,0,Mesocco,1000_1500
,10502.0,3.0,Schwaches Baumholz,276.0,BAH (9) / FI (1) / VBE (e),FI (e) / ST (10),subalpine,8.0,0.9,,,1.0,,1.0,2,2,2,8,,,,1.0,,,271,Schwaches Baumholz_8,1647.0,1,not_young,0,1,0,Mesocco,1500_2000
,10526.0,3.0,Schwaches Baumholz,284.0,WER (4) / FI (1) / LA (3) / BI (e) / WEI (1) / LI (1),FI (5) / VBE (e) / ST (5),high-montane (main area of silver fir),10.0,4.3,,,1.0,,1.0,2,2,2,8,,,,1.0,,,272,Schwaches Baumholz_10,1092.1,1,not_young,0,1,1,Mesocco,1000_1500
,10545.0,3.0,Schwaches Baumholz,377.0,FI (9) / BI (1),,high-montane (secondary area of silver fir),11.0,3.9,,,1.0,1.0,,2,2,8,8,,,,,,,274,Schwaches Baumholz_11,1334.1,1,not_young,0,1,1,Mesocco,1000_1500
,10563.0,3.0,Schwaches Baumholz,280.0,FI (e) / LA (10),,subalpine,8.0,5.7,,,1.0,,1.0,2,2,2,2,,,,0.0,,,277,Schwaches Baumholz_8,1741.7,1,not_young,0,1,1,Mesocco,1500_2000
,10634.0,4.0,Mittleres Baumholz,366.0,FI (8) / AS (1) / WEI (1),FI (9) / AS (e) / WEI (e) / ST (1),high-montane (relict area of silver fir),12.0,0.9,,1.0,1.0,,,2,2,4,4,,,,,,,285,Mittleres Baumholz_12,1368.3,1,not_young,0,1,1,Mesocco,1000_1500
,10638.0,3.0,Schwaches Baumholz,232.0,FI (e) / BI (1) / LI (9),,high-montane (secondary area of silver fir),11.0,0.5,,,1.0,1.0,,2,2,8,8,,,,,,,287,Schwaches Baumholz_11,1079.1,1,not_young,0,1,1,Mesocco,1000_1500
,10679.0,5.0,Starkes Baumholz,653.0,FI (4) / LA (6),HAS (10),high-montane (secondary area of silver fir),11.0,2.7,,,1.0,,1.0,2,2,2,8,,,,1.0,,,290,Starkes Baumholz_11,1022.5,1,not_young,0,1,1,Mesocco,1000_1500
,10699.0,4.0,Mittleres Baumholz,313.0,FI (6) / LA (4),,subalpine,8.0,2.5,,,1.0,,,2,2,2,2,,,,,,,291,Mittleres Baumholz_8,1818.5,1,not_young,0,1,1,Mesocco,1500_2000
,10737.0,5.0,Starkes Baumholz,375.0,FI (8) / LA (2) / VBE (e),FI (e) / LA (e) / VBE (e) / ST (e),high-montane (relict area of silver fir),12.0,32.0,,,1.0,,,2,2,2,2,,,,,,,295,Starkes Baumholz_12,1567.2,1,not_young,0,1,1,Mesocco,1500_2000
,10839.0,2.0,Stangenholz,213.0,BAH (4) / ES (e) / FI (e) / BI (4) / WEI (1) / VBE (e) / BUL (1),,high-montane (secondary area of silver fir),11.0,4.1,,,,,1.0,3,3,3,3,,,,0.0,,,304,Stangenholz_11,1386.1,1,not_young,0,1,0,Mesocco,1000_1500
,10875.0,2.0,Stangenholz,126.0,LA (10),,upper subalpine,9.0,0.3,,,1.0,,,2,2,2,2,,,,,,,308,Stangenholz_9,1998.1,1,not_young,0,1,1,Mesocco,1500_2000
,10879.0,3.0,Schwaches Baumholz,273.0,AER (1) / FI (1) / LA (8) / VBE (e),,subalpine,8.0,1.8,,,1.0,,,2,2,2,2,,,,,,,310,Schwaches Baumholz_8,1793.2,1,not_young,0,1,1,Mesocco,1500_2000
,10888.0,2.0,Stangenholz,317.0,FI (9) / LA (1),,high-montane (secondary area of silver fir),11.0,2.6,,,1.0,,1.0,2,2,2,8,,,,1.0,,,311,Stangenholz_11,1386.8,1,not_young,0,1,1,Mesocco,1000_1500
,10894.0,4.0,Mittleres Baumholz,316.0,FI (7) / LA (1) / TA (2),FI (9) / VBE (1) / TA (e),high-montane (main area of silver fir),10.0,9.7,,,1.0,,1.0,2,2,2,8,,,,1.0,,,312,Mittleres Baumholz_10,1315.3,1,not_young,0,1,1,Mesocco,1000_1500
,10919.0,3.0,Schwaches Baumholz,45.0,TEI (10),,high-montane (main area of silver fir),10.0,1.5,,,1.0,,1.0,2,2,2,2,,,,0.0,,,316,Schwaches Baumholz_10,964.2,0,not_young,0,1,1,Mesocco,500_1000
,10931.0,2.0,Stangenholz,265.0,FI (10) / BI (e) / WEI (e),,high-montane (relict area of silver fir),12.0,0.5,,,1.0,,,2,2,2,2,,,,,,,317,Stangenholz_12,1275.1,1,not_young,0,1,1,Mesocco,1000_1500
,10932.0,1.0,Jungwuchs/Dickung,279.0,,FI (3) / LA (7),high-montane (secondary area of silver fir),11.0,1.1,,,1.0,,1.0,2,2,2,8,,,,1.0,,,318,Jungwuchs/Dickung_11,1441.9,1,young,0,1,1,Mesocco,1000_1500
,10934.0,2.0,Stangenholz,250.0,BAH (e) / FI (10) / LA (e) / BI (e) / WEI (e) / MBE (e),LAB (e),high-montane (main area of silver fir),10.0,4.2,,,1.0,,1.0,2,2,2,8,,,,1.0,,,319,Stangenholz_10,1176.4,1,not_young,0,1,1,Mesocco,1000_1500
,10947.0,5.0,Starkes Baumholz,379.0,FI (7) / LA (3),FI (10) / LA (e) / ST (e),high-montane (main area of silver fir),10.0,3.0,,,1.0,,1.0,2,2,2,8,,,,1.0,,,320,Starkes Baumholz_10,1387.4,1,not_young,0,1,1,Mesocco,1000_1500
,10958.0,3.0,Schwaches Baumholz,126.0,LA (10),LA (8) / ST (2),upper subalpine,9.0,0.3,,,1.0,,,2,2,2,2,,,,,,,323,Schwaches Baumholz_9,1803.1,1,not_young,0,1,1,Mesocco,1500_2000
,10964.0,4.0,Mittleres Baumholz,478.0,FI (8) / LA (2) / VBE (e),,subalpine,8.0,2.1,,,1.0,,1.0,2,2,2,8,,,,1.0,,,325,Mittleres Baumholz_8,1726.9,1,not_young,0,1,1,Mesocco,1500_2000
,10984.0,2.0,Stangenholz,230.0,FI (6) / LA (4),AER (10),subalpine,8.0,3.1,,,1.0,,,2,2,2,2,,,,,,,327,Stangenholz_8,1766.8,1,not_young,0,1,1,Mesocco,1500_2000
,10998.0,5.0,Starkes Baumholz,402.0,FI (10),,high-montane (relict area of silver fir),12.0,3.0,,,1.0,,,2,2,2,2,,,,,,,328,Starkes Baumholz_12,1512.8,1,not_young,0,1,1,Mesocco,1500_2000
,11016.0,3.0,Schwaches Baumholz,250.0,FI (10) / WEI (e) / HAS (e),BI (e) / WEI (e) / HAS (10),high-montane (relict area of silver fir),12.0,3.8,,,1.0,,,2,2,2,2,,,,,,,329,Schwaches Baumholz_12,1398.0,1,not_young,0,1,1,Mesocco,1000_1500
,11024.0,2.0,Stangenholz,347.0,BAH (1) / FI (1) / LA (e) / BI (8) / VBE (e) / LI (e),FI (6) / BI (2) / VBE (1) / ST (1),high-montane (secondary area of silver fir),11.0,1.2,,,1.0,,1.0,2,2,2,8,,,,1.0,,,331,Stangenholz_11,1416.9,1,not_young,0,1,0,Mesocco,1000_1500
,11052.0,2.0,Stangenholz,170.0,FI (e) / BI (2) / LI (8),ST (10),high-montane (secondary area of silver fir),11.0,8.0,,,1.0,,1.0,2,2,2,8,,,,1.0,,,334,Stangenholz_11,1161.0,1,not_young,0,1,0,Mesocco,1000_1500
,11076.0,4.0,Mittleres Baumholz,345.0,FI (7) / LA (e) / AS (e) / LI (3),,high-montane (secondary area of silver fir),11.0,2.4,,,1.0,1.0,,2,2,8,8,,,,,,,341,Mittleres Baumholz_11,983.9,0,not_young,0,1,1,Mesocco,500_1000
,11080.0,3.0,Schwaches Baumholz,365.0,WER (4) / FI (5) / AS (e) / WEI (1),FI (9) / WEI (1),high-montane (relict area of silver fir),12.0,1.5,,1.0,,,,3,3,4,4,,,,,,,342,Schwaches Baumholz_12,1187.1,1,not_young,0,1,0,Mesocco,1000_1500
,11095.0,3.0,Schwaches Baumholz,230.0,FI (e) / LA (10) / VBE (e),FI (e) / LA (10),subalpine,8.0,6.2,,,1.0,,,2,2,2,2,,,,,,,344,Schwaches Baumholz_8,1746.3,1,not_young,0,1,1,Mesocco,1500_2000
,11103.0,3.0,Schwaches Baumholz,192.0,TEI (4) / ES (e) / FI (e) / KA (e) / LA (e) / BI (1) / AS (1) / MBE (e) / VBE (e) / LI (4) / TA (e),,high-montane (main area of silver fir),10.0,13.6,,,1.0,,,2,2,2,2,,,,,,,346,Schwaches Baumholz_10,1343.9,1,not_young,0,1,1,Mesocco,1000_1500
,11107.0,2.0,Stangenholz,287.0,FI (10),FI (10),high-montane (secondary area of silver fir),11.0,3.2,,,1.0,,1.0,2,2,2,8,,,,1.0,,,347,Stangenholz_11,1377.5,1,not_young,0,1,1,Mesocco,1000_1500
,11116.0,2.0,Stangenholz,166.0,WER (8) / LA (e) / BI (2),WER (10) / HAS (e),high-montane (secondary area of silver fir),11.0,3.7,,,1.0,,1.0,2,2,2,2,,,,0.0,,,350,Stangenholz_11,961.5,0,not_young,0,1,1,Mesocco,500_1000
,11118.0,4.0,Mittleres Baumholz,359.0,FI (7) / LA (3),FI (4) / LA (3) / VBE (1) / ST (2),subalpine,8.0,10.5,,,1.0,,1.0,2,2,2,8,,,,1.0,,,351,Mittleres Baumholz_8,1676.6,1,not_young,0,1,1,Mesocco,1500_2000
,11123.0,5.0,Starkes Baumholz,299.0,FI (9) / BI (1) / MBE (e) / VBE (e) / LI (e),FI (5) / BI (3) / MBE (e) / VBE (e) / ST (2),high-montane (secondary area of silver fir),11.0,4.5,,,1.0,1.0,,2,2,8,8,,,,,,,352,Starkes Baumholz_11,1264.2,1,not_young,0,1,1,Mesocco,1000_1500
,11135.0,5.0,Starkes Baumholz,370.0,FI (10),FI (7) / ST (3),high-montane (secondary area of silver fir),11.0,3.0,,,1.0,1.0,,2,2,8,8,,,,,,,354,Starkes Baumholz_11,1451.3,1,not_young,0,1,1,Mesocco,1000_1500
,11148.0,3.0,Schwaches Baumholz,421.0,FI (10) / BI (e),,high-montane (main area of silver fir),10.0,0.5,,,1.0,,1.0,2,2,2,8,,,,1.0,,,355,Schwaches Baumholz_10,1428.9,1,not_young,0,1,1,Mesocco,1000_1500
,11158.0,4.0,Mittleres Baumholz,335.0,FI (3) / LA (7) / VBE (e),FI (3) / LA (1) / ST (6),subalpine,8.0,4.7,,,1.0,,1.0,2,2,2,8,,,,1.0,,,357,Mittleres Baumholz_8,1824.1,1,not_young,0,1,1,Mesocco,1500_2000
,11179.0,3.0,Schwaches Baumholz,252.0,BI (5) / LI (5),FI (10) / ST (e),high-montane (main area of silver fir),10.0,3.5,,,,,1.0,5,5,5,5,,,1.0,0.0,,,359,Schwaches Baumholz_10,1142.6,1,not_young,0,1,0,Mesocco,1000_1500
,11181.0,3.0,Schwaches Baumholz,239.0,AER (1) / FI (1) / LA (8) / VBE (e),,upper subalpine,9.0,0.5,,,,,,3,3,3,3,,,,,,,360,Schwaches Baumholz_9,1893.8,1,not_young,0,1,0,Mesocco,1500_2000
,11186.0,3.0,Schwaches Baumholz,305.0,FI (10),,high-montane (main area of silver fir),10.0,7.2,,,1.0,,1.0,2,2,2,8,,,,1.0,,,361,Schwaches Baumholz_10,1245.0,1,not_young,0,1,1,Mesocco,1000_1500
,11208.0,2.0,Stangenholz,48.0,FI (9) / AS (1),HAS (10),high-montane (secondary area of silver fir),11.0,4.0,,,,,1.0,3,3,3,3,,,,0.0,,,364,Stangenholz_11,1172.5,1,not_young,0,1,0,Mesocco,1000_1500
,11212.0,4.0,Mittleres Baumholz,407.0,FI (7) / LA (3),ST (10),high-montane (secondary area of silver fir),11.0,5.1,,,1.0,,1.0,2,2,2,8,,,,1.0,,,365,Mittleres Baumholz_11,1302.4,1,not_young,0,1,1,Mesocco,1000_1500
,11220.0,4.0,Mittleres Baumholz,394.0,FI (5) / LA (4) / LI (1),,high-montane (secondary area of silver fir),11.0,1.4,,,1.0,1.0,,2,2,8,8,,,,,,,366,Mittleres Baumholz_11,1055.6,1,not_young,0,1,1,Mesocco,1000_1500
,11237.0,4.0,Mittleres Baumholz,225.0,FI (5) / LA (5),FI (3) / LA (7),subalpine,8.0,4.2,,,1.0,,,2,2,2,2,,,,,,,369,Mittleres Baumholz_8,1631.8,1,not_young,0,1,1,Mesocco,1500_2000
,11243.0,1.0,Jungwuchs/Dickung,275.0,,FI (10) / WEI (e) / HAS (e) / HOL (e),high-montane (relict area of silver fir),12.0,0.4,,,1.0,1.0,,2,2,8,8,,,,,,,371,Jungwuchs/Dickung_12,1245.2,1,young,0,1,1,Mesocco,1000_1500
,11248.0,5.0,Starkes Baumholz,249.0,BAH (e) / FI (10) / LA (e) / BI (e) / LI (e) / TA (e),,high-montane (main area of silver fir),10.0,3.7,,,1.0,,1.0,2,2,2,2,,,,0.0,,,372,Starkes Baumholz_10,995.3,0,not_young,0,1,1,Mesocco,500_1000
,11251.0,4.0,Mittleres Baumholz,369.0,WER (4) / FI (6) / BI (e) / WEI (e),,high-montane (relict area of silver fir),12.0,1.3,,,1.0,1.0,,2,2,8,8,,,,,,,374,Mittleres Baumholz_12,1222.1,1,not_young,0,1,1,Mesocco,1000_1500
,11257.0,3.0,Schwaches Baumholz,240.0,FI (1) / LA (9) / TA (e),,high-montane (main area of silver fir),10.0,5.0,,,1.0,,1.0,2,2,2,8,,,,1.0,,,377,Schwaches Baumholz_10,1560.1,1,not_young,0,1,1,Mesocco,1500_2000
,11269.0,3.0,Schwaches Baumholz,256.0,TEI (e) / BI (8) / MBE (e) / LI (2),FI (5) / ST (5),high-montane (secondary area of silver fir),11.0,2.0,,,1.0,,,5,5,5,5,,,1.0,,,,380,Schwaches Baumholz_11,1188.4,1,not_young,0,1,0,Mesocco,1000_1500
,11274.0,3.0,Schwaches Baumholz,302.0,BAH (e) / FI (10) / LA (e),,high-montane (main area of silver fir),10.0,2.4,,,1.0,,1.0,2,2,2,8,,,,1.0,,,382,Schwaches Baumholz_10,1303.8,1,not_young,0,1,1,Mesocco,1000_1500
,11282.0,1.0,Jungwuchs/Dickung,255.0,,FI (10),subalpine,8.0,0.4,,,,,1.0,3,3,3,3,,,,0.0,,,383,Jungwuchs/Dickung_8,1767.6,1,young,0,1,0,Mesocco,1500_2000
,11294.0,4.0,Mittleres Baumholz,325.0,BAH (e) / BU (e) / FI (6) / LA (3) / TA (1),ST (10),high-montane (secondary area of silver fir),11.0,3.7,,,1.0,1.0,,2,2,8,8,,,,,,,385,Mittleres Baumholz_11,936.0,0,not_young,0,1,1,Mesocco,500_1000
,11330.0,4.0,Mittleres Baumholz,571.0,FI (7) / AS (3),FI (3) / AS (7),high-montane (relict area of silver fir),12.0,0.2,,1.0,1.0,,,2,2,4,4,,,,,,,390,Mittleres Baumholz_12,1192.0,1,not_young,0,1,1,Mesocco,1000_1500
,11371.0,3.0,Schwaches Baumholz,424.0,FI (2) / LA (8),FI (6) / LA (4),high-montane (secondary area of silver fir),11.0,3.7,,,1.0,,1.0,2,2,2,8,,,,1.0,,,392,Schwaches Baumholz_11,1484.2,1,not_young,0,1,1,Mesocco,1000_1500
,11380.0,5.0,Starkes Baumholz,233.0,FI (10) / LA (e) / TA (e),FI (10) / LA (e) / TA (e),high-montane (main area of silver fir),10.0,7.4,,,1.0,,1.0,2,2,2,8,,,,1.0,,,393,Starkes Baumholz_10,1289.9,1,not_young,0,1,1,Mesocco,1000_1500
,11402.0,4.0,Mittleres Baumholz,409.0,FI (3) / LA (7) / VBE (e),FI (8) / LA (2),subalpine,8.0,4.9,,,1.0,,1.0,2,2,2,8,,,,1.0,,,396,Mittleres Baumholz_8,1642.0,1,not_young,0,1,1,Mesocco,1500_2000
,11408.0,2.0,Stangenholz,193.0,FI (10),FI (5) / ST (5),high-montane (secondary area of silver fir),11.0,6.1,,,1.0,,,2,2,2,2,,,,,,,397,Stangenholz_11,1570.7,1,not_young,0,1,1,Mesocco,1500_2000
,11414.0,5.0,Starkes Baumholz,380.0,FI (10) / LA (e) / BI (e) / MBE (e),ST (10),high-montane (main area of silver fir),10.0,12.5,,,,,1.0,3,3,3,8,,,,1.0,,,398,Starkes Baumholz_10,1413.3,1,not_young,0,1,0,Mesocco,1000_1500
,11423.0,4.0,Mittleres Baumholz,515.0,FI (6) / LA (4),FI (9) / LA (1) / ST (e),high-montane (secondary area of silver fir),11.0,7.4,,,1.0,,1.0,2,2,2,8,,,,1.0,,,399,Mittleres Baumholz_11,1412.1,1,not_young,0,1,1,Mesocco,1000_1500
,11436.0,3.0,Schwaches Baumholz,190.0,LA (10),LA (8) / ST (2),subalpine,8.0,6.5,,,1.0,,1.0,2,2,2,2,,,,0.0,,,400,Schwaches Baumholz_8,1708.7,1,not_young,0,1,1,Mesocco,1500_2000
,11437.0,4.0,Mittleres Baumholz,455.0,FI (4) / LA (6),FI (2) / LA (8),high-montane (secondary area of silver fir),11.0,5.9,,,1.0,,1.0,2,2,2,8,,,,1.0,,,401,Mittleres Baumholz_11,1399.1,1,not_young,0,1,1,Mesocco,1000_1500
,11457.0,1.0,Jungwuchs/Dickung,89.0,,WER (1) / LA (3) / BI (2) / WEI (1) / ST (3),high-montane (main area of silver fir),10.0,1.7,,,1.0,,1.0,2,2,2,8,,,,1.0,,,403,Jungwuchs/Dickung_10,1492.3,1,young,0,1,1,Mesocco,1000_1500
,11470.0,2.0,Stangenholz,266.0,FI (10),,high-montane (main area of silver fir),10.0,2.8,,,1.0,,1.0,2,2,2,8,,,,1.0,,,407,Stangenholz_10,1195.1,1,not_young,0,1,1,Mesocco,1000_1500
,11495.0,1.0,Jungwuchs/Dickung,244.0,FI (10) / WEI (e) / VBE (e) / TA (e),,high-montane (relict area of silver fir),12.0,2.6,,1.0,,,,3,3,4,4,,,,,,,410,Jungwuchs/Dickung_12,1281.6,1,young,0,1,0,Mesocco,1000_1500
,11516.0,4.0,Mittleres Baumholz,401.0,FI (9) / LA (1) / TA (e),FI (6) / LA (e) / BI (3) / ST (1),high-montane (main area of silver fir),10.0,3.3,,,1.0,,1.0,2,2,2,8,,,,1.0,,,412,Mittleres Baumholz_10,1478.8,1,not_young,0,1,1,Mesocco,1000_1500
,11526.0,5.0,Starkes Baumholz,354.0,BAH (e) / FI (7) / LA (3),FI (8) / LA (e) / ST (2),subalpine,8.0,6.5,,,1.0,,1.0,2,2,2,8,,,,1.0,,,413,Starkes Baumholz_8,1580.0,1,not_young,0,1,1,Mesocco,1500_2000
,11539.0,5.0,Starkes Baumholz,279.0,FI (10) / WEI (e) / VBE (e),FI (8) / WEI (1) / VBE (e) / HAS (1),high-montane (relict area of silver fir),12.0,4.5,,,1.0,1.0,,2,2,8,8,,,,,,,415,Starkes Baumholz_12,1274.7,1,not_young,1,1,1,Mesocco,1000_1500
,11546.0,2.0,Stangenholz,133.0,BI (e) / KI (e) / LI (10) / BUL (e),ST (10),high-montane (secondary area of silver fir),11.0,9.6,,,1.0,,,5,5,5,5,,,1.0,,,,417,Stangenholz_11,854.3999999999999,0,not_young,0,1,0,Mesocco,500_1000
,11550.0,3.0,Schwaches Baumholz,268.0,FI (1) / LA (8) / VBE (1),FI (1) / LA (2) / VBE (5) / ST (2),upper subalpine,9.0,7.9,,,1.0,,1.0,2,2,2,8,,,,1.0,,,418,Schwaches Baumholz_9,1786.9,1,not_young,0,1,1,Mesocco,1500_2000
,11581.0,1.0,Jungwuchs/Dickung,223.0,,WER (2) / FI (8),high-montane (main area of silver fir),10.0,0.4,,,1.0,,1.0,2,2,2,8,,,,1.0,,,421,Jungwuchs/Dickung_10,1423.3,1,young,0,1,1,Mesocco,1000_1500
,11605.0,4.0,Mittleres Baumholz,284.0,TEI (e) / FI (8) / LA (2) / BI (e) / AS (e) / MBE (e) / VBE (e) / LI (e) / TA (e),,high-montane (main area of silver fir),10.0,3.7,,,1.0,,,2,2,2,2,,,,,,,423,Mittleres Baumholz_10,1283.5,1,not_young,0,1,1,Mesocco,1000_1500
,11614.0,5.0,Starkes Baumholz,377.0,FI (10) / WEI (e),FI (10) / WEI (e) / HAS (e),high-montane (relict area of silver fir),12.0,5.7,,,1.0,1.0,,2,2,8,8,,,,,,,424,Starkes Baumholz_12,1526.6,1,not_young,1,1,1,Mesocco,1500_2000
,11657.0,1.0,Jungwuchs/Dickung,148.0,,FI (9) / WEI (e) / HAS (1),high-montane (relict area of silver fir),12.0,0.2,,,1.0,1.0,,2,2,8,8,,,,,,,428,Jungwuchs/Dickung_12,1306.5,1,young,0,1,1,Mesocco,1000_1500
,11663.0,3.0,Schwaches Baumholz,427.0,BU (9) / TA (1),,high-montane (secondary area of silver fir),11.0,0.4,,,1.0,1.0,,2,2,8,8,,,,,,,430,Schwaches Baumholz_11,921.5,0,not_young,0,1,1,Mesocco,500_1000
,11665.0,3.0,Schwaches Baumholz,256.0,TEI (e) / BI (e) / MBE (e) / LI (10),ST (10),high-montane (secondary area of silver fir),11.0,8.7,,,1.0,,,5,5,5,5,,,1.0,,,,432,Schwaches Baumholz_11,1087.7,1,not_young,0,1,0,Mesocco,1000_1500
,11668.0,4.0,Mittleres Baumholz,284.0,BAH (e) / FI (10) / WEI (e) / VBE (e),FI (10) / HAS (e),high-montane (relict area of silver fir),12.0,1.4,,,1.0,,,2,2,2,2,,,,,,,434,Mittleres Baumholz_12,1418.3,1,not_young,0,1,1,Mesocco,1000_1500
,11686.0,5.0,Starkes Baumholz,283.0,FI (9) / LA (1) / BI (e) / VBE (e),FI (6) / LA (3) / HAS (1),high-montane (secondary area of silver fir),11.0,7.1,,,1.0,,1.0,2,2,2,8,,,,1.0,,,436,Starkes Baumholz_11,1302.7,1,not_young,0,1,1,Mesocco,1000_1500
,11696.0,3.0,Schwaches Baumholz,175.0,TEI (e) / ES (1) / KA (4) / BI (e) / KI (e) / RO (1) / LI (4),,colline,3.0,0.8,,,1.0,,,2,2,2,2,,,,,,,437,Schwaches Baumholz_3,665.6,0,not_young,0,1,1,Mesocco,500_1000
,11731.0,3.0,Schwaches Baumholz,160.0,FI (10) / LA (e) / BI (e) / WEI (e) / VBE (e),,high-montane (main area of silver fir),10.0,2.6,,,1.0,,1.0,2,2,2,8,,,,1.0,,,440,Schwaches Baumholz_10,1243.9,1,not_young,0,1,1,Mesocco,1000_1500
,11756.0,5.0,Starkes Baumholz,369.0,FI (10) / BI (e) / WEI (e),FI (10) / WEI (e) / HAS (e),high-montane (relict area of silver fir),12.0,3.9,,,1.0,1.0,,2,2,8,8,,,,,,,442,Starkes Baumholz_12,1308.2,1,not_young,0,1,1,Mesocco,1000_1500
,11759.0,5.0,Starkes Baumholz,173.0,FI (9) / BI (e) / WEI (1),FI (8) / BI (e) / WEI (1) / HAS (1),high-montane (relict area of silver fir),12.0,0.9,,,1.0,,,2,2,2,2,,,,,,,443,Starkes Baumholz_12,1363.7,1,not_young,0,1,1,Mesocco,1000_1500
,11786.0,4.0,Mittleres Baumholz,362.0,FI (10) / BI (e),,high-montane (secondary area of silver fir),11.0,2.5,,,1.0,,1.0,2,2,2,8,,,,1.0,,,444,Mittleres Baumholz_11,1299.5,1,not_young,0,1,0,Mesocco,1000_1500
,11812.0,4.0,Mittleres Baumholz,184.0,FI (e) / LA (10) / VBE (e),LA (6) / VBE (1) / ST (3),subalpine,8.0,3.8,,,1.0,,1.0,2,2,2,2,,,,0.0,,,446,Mittleres Baumholz_8,1681.9,1,not_young,0,1,1,Mesocco,1500_2000
,11833.0,2.0,Stangenholz,184.0,BAH (e) / FI (4) / LA (6) / VBE (e),FI (4) / LA (4) / ST (2),high-montane (main area of silver fir),10.0,7.4,,,1.0,,1.0,2,2,2,8,,,,1.0,,,448,Stangenholz_10,1371.6,1,not_young,0,1,1,Mesocco,1000_1500
,11835.0,5.0,Starkes Baumholz,414.0,BAH (e) / FI (10) / LA (e) / VBE (e) / TA (e),,high-montane (secondary area of silver fir),11.0,5.4,,,1.0,,1.0,2,2,2,8,,,,1.0,,,449,Starkes Baumholz_11,1534.3,1,not_young,0,1,0,Mesocco,1500_2000
,11840.0,3.0,Schwaches Baumholz,338.0,FI (10) / LA (e) / AS (e) / KI (e),,high-montane (secondary area of silver fir),11.0,4.2,,,1.0,,1.0,2,2,2,8,,,,1.0,,,450,Schwaches Baumholz_11,1126.4,1,not_young,0,1,1,Mesocco,1000_1500
,11843.0,3.0,Schwaches Baumholz,341.0,FI (10) / LA (e),,high-montane (secondary area of silver fir),11.0,3.5,,,1.0,,1.0,2,2,2,8,,,,1.0,,,451,Schwaches Baumholz_11,1313.1,1,not_young,0,1,1,Mesocco,1000_1500
,11861.0,2.0,Stangenholz,315.0,FI (10),,high-montane (secondary area of silver fir),11.0,1.8,,,1.0,1.0,,2,2,8,8,,,,,,,452,Stangenholz_11,1264.6,1,not_young,0,1,1,Mesocco,1000_1500
,11867.0,3.0,Schwaches Baumholz,219.0,BI (3) / LI (7),FI (10) / ST (e),high-montane (main area of silver fir),10.0,1.4,,,,,,5,5,5,5,,,1.0,,,,455,Schwaches Baumholz_10,1058.1,1,not_young,0,1,0,Mesocco,1000_1500
,11873.0,2.0,Stangenholz,208.0,FI (6) / LA (4),AER (10),upper subalpine,9.0,1.8,,,1.0,,,2,2,2,2,,,,,,,459,Stangenholz_9,1903.9,1,not_young,0,1,1,Mesocco,1500_2000
,11898.0,5.0,Starkes Baumholz,415.0,FI (10) / WEI (e),FI (10),high-montane (relict area of silver fir),12.0,1.6,,1.0,,,,3,3,4,4,,,,,,,463,Starkes Baumholz_12,1184.3,1,not_young,0,1,0,Mesocco,1000_1500
,11934.0,3.0,Schwaches Baumholz,121.0,FI (8) / LA (2) / BI (e) / MBE (e),,high-montane (secondary area of silver fir),11.0,2.4,,,1.0,,1.0,2,2,2,8,,,,1.0,,,465,Schwaches Baumholz_11,1037.0,1,not_young,0,1,1,Mesocco,1000_1500
,11943.0,4.0,Mittleres Baumholz,452.0,FI (10),,high-montane (relict area of silver fir),12.0,2.0,,,1.0,1.0,,2,2,8,8,,,,,,,467,Mittleres Baumholz_12,1203.1,1,not_young,0,1,1,Mesocco,1000_1500
,11966.0,3.0,Schwaches Baumholz,269.0,FI (e) / LA (e) / BI (6) / MBE (e) / LI (4),FI (8) / ST (2),high-montane (secondary area of silver fir),11.0,3.2,,,1.0,,,5,5,5,5,,,1.0,,,,469,Schwaches Baumholz_11,1203.5,1,not_young,0,1,0,Mesocco,1000_1500
,11967.0,5.0,Starkes Baumholz,419.0,FI (6) / LA (4),FI (8) / LA (2),high-montane (secondary area of silver fir),11.0,6.3,,,1.0,,1.0,2,2,2,8,,,,1.0,,,470,Starkes Baumholz_11,1457.2,1,not_young,0,1,1,Mesocco,1000_1500
,11975.0,5.0,Starkes Baumholz,403.0,FI (10) / WEI (e),FI (10) / WEI (e) / HAS (e),high-montane (relict area of silver fir),12.0,4.8,,,1.0,1.0,,2,2,8,8,,,,,,,471,Starkes Baumholz_12,1362.9,1,not_young,1,1,1,Mesocco,1000_1500
,12056.0,3.0,Schwaches Baumholz,296.0,FI (8) / LA (2),FI (6) / LA (4),subalpine,8.0,0.9,,,1.0,,1.0,2,2,2,8,,,,1.0,,,478,Schwaches Baumholz_8,1650.6,1,not_young,0,1,1,Mesocco,1500_2000
,12066.0,2.0,Stangenholz,202.0,BI (7) / WEI (e) / LI (3),ST (10),high-montane (main area of silver fir),10.0,9.3,,,1.0,,1.0,5,5,5,5,,,1.0,0.0,,,481,Stangenholz_10,993.8,0,not_young,0,1,0,Mesocco,500_1000
,12105.0,5.0,Starkes Baumholz,213.0,FI (10) / LA (e) / VBE (e),,high-montane (main area of silver fir),10.0,1.4,,,1.0,,1.0,2,2,2,8,,,,1.0,,,485,Starkes Baumholz_10,1251.7,1,not_young,0,1,1,Mesocco,1000_1500
,12138.0,3.0,Schwaches Baumholz,347.0,FI (10) / BI (e),FI (6) / BI (4),high-montane (secondary area of silver fir),11.0,2.0,,,1.0,1.0,,2,2,8,8,,,,,,,489,Schwaches Baumholz_11,1467.1,1,not_young,0,1,1,Mesocco,1000_1500
,12186.0,3.0,Schwaches Baumholz,359.0,FI (10) / LA (e) / BI (e),,high-montane (main area of silver fir),10.0,6.8,,,,,1.0,3,3,3,8,,,,1.0,,,494,Schwaches Baumholz_10,1288.8,1,not_young,0,1,0,Mesocco,1000_1500
,12205.0,4.0,Mittleres Baumholz,455.0,FI (8) / LA (2),,high-montane (secondary area of silver fir),11.0,2.2,,,1.0,,1.0,2,2,2,8,,,,1.0,,,495,Mittleres Baumholz_11,964.5,0,not_young,0,1,1,Mesocco,500_1000
,12257.0,3.0,Schwaches Baumholz,194.0,BAH (e) / WER (1) / ES (3) / FI (e) / LA (1) / BI (3) / KI (e) / WEI (e) / LI (2),ST (10),high-montane (secondary area of silver fir),11.0,2.9,,,1.0,,,2,2,2,2,,,,,,,496,Schwaches Baumholz_11,916.3,0,not_young,0,1,1,Mesocco,500_1000
,12290.0,4.0,Mittleres Baumholz,354.0,LI (e) / TA (10),ST (10),high-montane (secondary area of silver fir),11.0,0.3,,,1.0,1.0,,2,2,8,8,,,,,,,501,Mittleres Baumholz_11,935.2,0,not_young,0,1,1,Mesocco,500_1000
,12299.0,4.0,Mittleres Baumholz,328.0,FI (6) / LA (4),,upper subalpine,9.0,2.5,,,1.0,,1.0,2,2,2,2,,,,0.0,,,503,Mittleres Baumholz_9,1860.7,1,not_young,0,1,1,Mesocco,1500_2000
,12344.0,3.0,Schwaches Baumholz,255.0,TEI (e) / LA (10) / BI (e) / VBE (e) / LI (e),VBE (e) / ST (10),high-montane (main area of silver fir),10.0,2.9,,,1.0,,1.0,2,2,2,8,,,,1.0,,,505,Schwaches Baumholz_10,1026.6,1,not_young,0,1,1,Mesocco,1000_1500
,12347.0,3.0,Schwaches Baumholz,390.0,ES (e) / FI (6) / LA (4) / VBE (e),ST (10),high-montane (secondary area of silver fir),11.0,3.0,,,1.0,,1.0,2,2,2,8,,,,1.0,,,506,Schwaches Baumholz_11,1167.0,1,not_young,0,1,1,Mesocco,1000_1500
,12379.0,4.0,Mittleres Baumholz,418.0,FI (10),FI (10) / HAS (e),high-montane (relict area of silver fir),12.0,1.5,,,1.0,1.0,,2,2,8,8,,,,,,,510,Mittleres Baumholz_12,1200.9,1,not_young,1,1,1,Mesocco,1000_1500
,12400.0,4.0,Mittleres Baumholz,338.0,FI (1) / LA (9) / TA (e),FI (5) / ST (5),subalpine,8.0,9.7,,,1.0,,1.0,2,2,2,8,,,,1.0,,,514,Mittleres Baumholz_8,1609.1,1,not_young,0,1,1,Mesocco,1500_2000
,12416.0,4.0,Mittleres Baumholz,336.0,FI (10),FI (10),high-montane (secondary area of silver fir),11.0,2.4,,,1.0,1.0,,2,2,8,8,,,,,,,518,Mittleres Baumholz_11,1561.9,1,not_young,0,1,1,Mesocco,1500_2000
,12469.0,2.0,Stangenholz,89.0,FI (e) / LA (10) / VBE (e),AER (10),upper subalpine,9.0,4.1,,,1.0,,,2,2,2,2,,,,,,,522,Stangenholz_9,1843.7,1,not_young,0,1,1,Mesocco,1500_2000
,12476.0,5.0,Starkes Baumholz,328.0,FI (9) / AS (1) / WEI (e),FI (10) / WEI (e) / ST (e),high-montane (relict area of silver fir),12.0,1.3,,1.0,1.0,,,2,2,4,4,,,,,,,523,Starkes Baumholz_12,1353.9,1,not_young,0,1,1,Mesocco,1000_1500
,12494.0,4.0,Mittleres Baumholz,323.0,BAH (e) / FI (10) / WEI (e) / VBE (e),FI (10) / HAS (e),high-montane (relict area of silver fir),12.0,7.1,,,1.0,1.0,,2,2,8,8,,,,,,,525,Mittleres Baumholz_12,1482.4,1,not_young,0,1,1,Mesocco,1000_1500
,12503.0,4.0,Mittleres Baumholz,464.0,FI (10) / LA (e),FI (10) / LA (e),high-montane (secondary area of silver fir),11.0,9.7,,,1.0,,1.0,2,2,2,8,,,,1.0,,,528,Mittleres Baumholz_11,1515.2,1,not_young,0,1,1,Mesocco,1500_2000
,12508.0,4.0,Mittleres Baumholz,444.0,FI (8) / LA (2) / VBE (e),FI (6) / LA (4) / VBE (e),subalpine,8.0,0.9,,,1.0,,,2,2,2,2,,,,,,,529,Mittleres Baumholz_8,1629.5,1,not_young,0,1,1,Mesocco,1500_2000
,12524.0,3.0,Schwaches Baumholz,286.0,BAH (2) / FI (5) / BI (2) / WEI (e) / VBE (1) / LI (e),BAH (1) / FI (4) / BI (2) / VBE (1) / ST (2),high-montane (secondary area of silver fir),11.0,4.0,,,1.0,,1.0,2,2,2,8,,,,1.0,,,530,Schwaches Baumholz_11,1467.4,1,not_young,0,1,0,Mesocco,1000_1500
,12537.0,3.0,Schwaches Baumholz,248.0,BI (3) / LI (7),ST (10),high-montane (main area of silver fir),10.0,3.8,,,1.0,,,5,5,5,5,,,1.0,,,,533,Schwaches Baumholz_10,898.2,0,not_young,0,1,0,Mesocco,500_1000
,12544.0,2.0,Stangenholz,275.0,FI (6) / BI (4) / LI (e),FI (6) / BI (2) / ST (2),high-montane (main area of silver fir),10.0,2.4,,,1.0,,1.0,2,2,2,8,,,,1.0,,,534,Stangenholz_10,1367.4,1,not_young,0,1,1,Mesocco,1000_1500
,12547.0,4.0,Mittleres Baumholz,189.0,TEI (8) / KA (1) / BI (e) / KI (e) / LI (1),TEI (6) / KA (e) / LI (1) / ST (3),colline,3.0,10.9,,,1.0,,,2,2,2,2,,,,,,,535,Mittleres Baumholz_3,764.7,0,not_young,0,1,1,Mesocco,500_1000
,12595.0,4.0,Mittleres Baumholz,426.0,FI (7) / LA (3) / VBE (e),FI (6) / LA (3) / VBE (1),high-montane (relict area of silver fir),12.0,6.6,,,1.0,,,2,2,2,2,,,,,,,543,Mittleres Baumholz_12,1577.6,1,not_young,0,1,1,Mesocco,1500_2000
,12599.0,2.0,Stangenholz,227.0,KA (e) / BI (1) / MBE (e) / LI (9),ST (10),high-montane (main area of silver fir),10.0,16.5,,,1.0,,1.0,5,5,5,5,,,1.0,0.0,,,544,Stangenholz_10,1000.9,1,not_young,0,1,0,Mesocco,1000_1500
,12601.0,3.0,Schwaches Baumholz,194.0,FI (3) / LA (4) / TA (3),,high-montane (main area of silver fir),10.0,1.1,,,1.0,,1.0,2,2,2,8,,,,1.0,,,545,Schwaches Baumholz_10,1332.5,1,not_young,0,1,1,Mesocco,1000_1500
,12603.0,5.0,Starkes Baumholz,365.0,FI (10) / BI (e),FI (7) / BI (1) / ST (2),high-montane (main area of silver fir),10.0,5.7,,,1.0,,1.0,2,2,2,8,,,,1.0,,,546,Starkes Baumholz_10,1324.8,1,not_young,0,1,1,Mesocco,1000_1500
,12622.0,3.0,Schwaches Baumholz,369.0,FI (1) / LA (9),,subalpine,8.0,4.6,,,1.0,,1.0,2,2,2,8,,,,1.0,,,549,Schwaches Baumholz_8,1752.5,1,not_young,0,1,1,Mesocco,1500_2000
,12636.0,5.0,Starkes Baumholz,327.0,FI (3) / LA (7),FI (5) / LA (4) / MBE (e) / VBE (e) / ST (1),high-montane (main area of silver fir),10.0,0.8,,,1.0,,,2,2,2,2,,,,,,,550,Starkes Baumholz_10,1503.2,1,not_young,0,1,1,Mesocco,1500_2000
,12640.0,1.0,Jungwuchs/Dickung,202.0,,BAH (e) / FI (e) / LA (e) / BI (e) / ST (10),subalpine,8.0,3.2,,,1.0,,1.0,2,2,2,2,,,,0.0,,,551,Jungwuchs/Dickung_8,1765.3,1,young,0,1,1,Mesocco,1500_2000
,12663.0,1.0,Jungwuchs/Dickung,237.0,,FI (5) / LA (5),high-montane (main area of silver fir),10.0,0.2,,,1.0,,1.0,2,2,2,8,,,,1.0,,,554,Jungwuchs/Dickung_10,1335.8,1,young,0,1,1,Mesocco,1000_1500
,12676.0,3.0,Schwaches Baumholz,381.0,FI (9) / LA (e) / AS (e) / LI (1),,high-montane (secondary area of silver fir),11.0,2.1,,,1.0,1.0,,2,2,8,8,,,,,,,556,Schwaches Baumholz_11,1015.5,1,not_young,0,1,1,Mesocco,1000_1500
,12725.0,4.0,Mittleres Baumholz,150.0,TEI (10) / KA (e) / BI (e) / KI (e) / MBE (e) / LI (e),TEI (2) / FI (1) / ST (7),high-montane (main area of silver fir),10.0,9.3,,,1.0,,,2,2,2,2,,,,,,,560,Mittleres Baumholz_10,959.2,0,not_young,0,1,1,Mesocco,500_1000
,12739.0,3.0,Schwaches Baumholz,330.0,TEI (e) / FI (7) / LA (3) / LI (e),,high-montane (secondary area of silver fir),11.0,5.3,,,1.0,,1.0,2,2,2,8,,,,1.0,,,561,Schwaches Baumholz_11,1289.9,1,not_young,0,1,1,Mesocco,1000_1500
,12745.0,4.0,Mittleres Baumholz,355.0,BAH (e) / FI (4) / LA (6) / KI (e),FI (1) / LA (8) / BI (1) / HAS (e),high-montane (secondary area of silver fir),11.0,5.5,,,1.0,,1.0,2,2,2,8,,,,1.0,,,562,Mittleres Baumholz_11,1014.9,1,not_young,0,1,1,Mesocco,1000_1500
,12750.0,4.0,Mittleres Baumholz,394.0,FI (2) / LA (8),FI (4) / LA (6),subalpine,8.0,6.7,,,1.0,,1.0,2,2,2,8,,,,1.0,,,564,Mittleres Baumholz_8,1663.9,1,not_young,0,1,1,Mesocco,1500_2000
,12798.0,5.0,Starkes Baumholz,380.0,FI (8) / LA (2) / BI (e) / MBE (e),FI (9) / LA (1) / BI (e) / ST (e),subalpine,8.0,1.2,,,,,,3,3,3,3,,,,,,,569,Starkes Baumholz_8,1825.1,1,not_young,0,1,0,Mesocco,1500_2000
,12800.0,1.0,Jungwuchs/Dickung,156.0,,FI (6) / LA (4) / VBE (e),high-montane (main area of silver fir),10.0,1.0,,,1.0,,1.0,2,2,2,8,,,,1.0,,,570,Jungwuchs/Dickung_10,1378.2,1,young,0,1,1,Mesocco,1000_1500
,12802.0,2.0,Stangenholz,171.0,FI (e) / BI (2) / LI (8),ST (10),high-montane (secondary area of silver fir),11.0,10.4,,,,,,3,3,3,3,,,,,,,571,Stangenholz_11,1257.6,1,not_young,0,1,0,Mesocco,1000_1500
,12820.0,4.0,Mittleres Baumholz,393.0,FI (1) / LA (9),FI (3) / LA (7),subalpine,8.0,4.1,,,1.0,,1.0,2,2,2,8,,,,1.0,,,575,Mittleres Baumholz_8,1616.1,1,not_young,0,1,1,Mesocco,1500_2000
,12843.0,3.0,Schwaches Baumholz,235.0,BAH (e) / FI (6) / BI (e) / WEY (1) / DO (3),ST (10),high-montane (secondary area of silver fir),11.0,1.4,,,1.0,1.0,,2,2,8,8,,,,,,,578,Schwaches Baumholz_11,862.2999999999998,0,not_young,0,1,1,Mesocco,500_1000
,12872.0,4.0,Mittleres Baumholz,429.0,FI (10),,high-montane (secondary area of silver fir),11.0,0.9,,,1.0,1.0,,2,2,8,8,,,,,,,581,Mittleres Baumholz_11,1487.5,1,not_young,0,1,1,Mesocco,1000_1500
,12898.0,3.0,Schwaches Baumholz,216.0,FI (10) / BI (e) / WEI (e),,high-montane (relict area of silver fir),12.0,0.7,,,1.0,,,2,2,2,2,,,,,,,586,Schwaches Baumholz_12,1261.0,1,not_young,0,1,1,Mesocco,1000_1500
,12916.0,2.0,Stangenholz,179.0,BI (3) / LI (7),ST (10),high-montane (secondary area of silver fir),11.0,6.1,,,1.0,,,5,5,5,5,,,1.0,,,,590,Stangenholz_11,990.1,0,not_young,0,1,0,Mesocco,500_1000
,12921.0,4.0,Mittleres Baumholz,287.0,FI (8) / LA (2) / VBE (e) / TA (e),FI (7) / LA (3) / VBE (e) / ST (e),high-montane (main area of silver fir),10.0,6.1,,,1.0,,1.0,2,2,2,8,,,,1.0,,,591,Mittleres Baumholz_10,1461.6,1,not_young,0,1,1,Mesocco,1000_1500
,12941.0,5.0,Starkes Baumholz,440.0,FI (10) / VBE (e) / HAS (e),HOL (10),high-montane (relict area of silver fir),12.0,4.4,,1.0,,,,3,3,4,4,,,,,,,593,Starkes Baumholz_12,1331.9,1,not_young,0,1,0,Mesocco,1000_1500
,12951.0,1.0,Jungwuchs/Dickung,275.0,,BAH (e) / FI (e) / LA (e) / BI (e) / ST (10),high-montane (main area of silver fir),10.0,4.8,,,1.0,,1.0,2,2,2,8,,,,1.0,,,594,Jungwuchs/Dickung_10,1456.5,1,young,0,1,1,Mesocco,1000_1500
,12954.0,1.0,Jungwuchs/Dickung,348.0,,AER (7) / FI (1) / LA (2),high-montane (secondary area of silver fir),11.0,1.8,,,1.0,,1.0,2,2,2,2,,,,0.0,,,595,Jungwuchs/Dickung_11,1614.6,1,young,0,1,1,Mesocco,1500_2000
,13003.0,3.0,Schwaches Baumholz,232.0,FI (e) / BI (1) / LI (9),,subalpine,8.0,0.4,,,1.0,,1.0,2,2,2,8,,,,1.0,,,598,Schwaches Baumholz_8,1649.3,1,not_young,0,1,1,Mesocco,1500_2000
,13005.0,2.0,Stangenholz,225.0,BAH (e) / TEI (e) / FI (e) / BI (e) / LI (10),ST (10),high-montane (secondary area of silver fir),11.0,12.6,,,1.0,,,5,5,5,5,,,1.0,,,,599,Stangenholz_11,1110.7,1,not_young,0,1,0,Mesocco,1000_1500
,13021.0,4.0,Mittleres Baumholz,377.0,FI (9) / LA (1) / VBE (e),VBE (e) / ST (e),high-montane (main area of silver fir),10.0,3.8,,,1.0,,1.0,2,2,2,8,,,,1.0,,,603,Mittleres Baumholz_10,1566.3,1,not_young,0,1,1,Mesocco,1500_2000
,13042.0,2.0,Stangenholz,269.0,FI (10) / LA (e) / BI (e),,high-montane (main area of silver fir),10.0,5.9,,,1.0,,1.0,2,2,2,8,,,,1.0,,,607,Stangenholz_10,1328.6,1,not_young,0,1,1,Mesocco,1000_1500
,13050.0,3.0,Schwaches Baumholz,357.0,FI (8) / BI (2) / VBE (e),FI (5) / ST (5),high-montane (secondary area of silver fir),11.0,4.0,,,1.0,1.0,,2,2,8,8,,,,,,,609,Schwaches Baumholz_11,1290.5,1,not_young,0,1,1,Mesocco,1000_1500
,13051.0,3.0,Schwaches Baumholz,312.0,FI (6) / BI (4) / AS (e) / LI (e),FI (10),high-montane (main area of silver fir),10.0,3.6,,,,,1.0,3,3,3,8,,,,1.0,,,610,Schwaches Baumholz_10,1265.7,1,not_young,0,1,0,Mesocco,1000_1500
,13082.0,2.0,Stangenholz,283.0,BAH (e) / ES (e) / FI (5) / BI (5) / WEI (e),FI (3) / BI (3) / VBE (e) / ST (4),high-montane (secondary area of silver fir),11.0,4.0,,,1.0,1.0,,2,2,8,8,,,,,,,614,Stangenholz_11,1488.9,1,not_young,0,1,1,Mesocco,1000_1500
,13138.0,5.0,Starkes Baumholz,383.0,FI (7) / LA (3) / TA (e),FI (2) / VBE (e) / ST (8),high-montane (main area of silver fir),10.0,4.6,,,1.0,,1.0,2,2,2,8,,,,1.0,,,616,Starkes Baumholz_10,1326.0,1,not_young,0,1,1,Mesocco,1000_1500
,13146.0,5.0,Starkes Baumholz,316.0,FI (10) / LA (e),ST (10),high-montane (main area of silver fir),10.0,2.6,,,1.0,,1.0,2,2,2,8,,,,1.0,,,618,Starkes Baumholz_10,1597.3,1,not_young,0,1,1,Mesocco,1500_2000
,13181.0,4.0,Mittleres Baumholz,311.0,FI (10),FI (3) / ST (7),subalpine,8.0,1.7,,,1.0,,,2,2,2,2,,,,,,,623,Mittleres Baumholz_8,1708.6,1,not_young,0,1,0,Mesocco,1500_2000
,13282.0,2.0,Stangenholz,188.0,FI (10) / BI (e) / LI (e),ST (10),high-montane (main area of silver fir),10.0,3.2,,,,,,5,5,5,5,,,1.0,,,,630,Stangenholz_10,1010.8,1,not_young,0,1,0,Mesocco,1000_1500
,13283.0,2.0,Stangenholz,233.0,TEI (e) / KA (e) / BI (e) / LI (10),ST (10),colline,3.0,7.6,,,1.0,,,5,5,5,5,,,1.0,,,,631,Stangenholz_3,842.2,0,not_young,0,1,0,Mesocco,500_1000
,13301.0,2.0,Stangenholz,205.0,FI (10) / LA (e) / AS (e) / MBE (e),HAS (10),high-montane (secondary area of silver fir),11.0,2.2,,,,,1.0,3,3,3,8,,,,1.0,,,633,Stangenholz_11,1229.1,1,not_young,0,1,0,Mesocco,1000_1500
,13302.0,3.0,Schwaches Baumholz,308.0,FI (10) / LA (e),,high-montane (secondary area of silver fir),11.0,2.3,,,1.0,,1.0,2,2,2,8,,,,1.0,,,634,Schwaches Baumholz_11,1356.4,1,not_young,0,1,1,Mesocco,1000_1500
,13324.0,2.0,Stangenholz,77.0,TEI (3) / BI (7) / MBE (e) / LI (e),ST (10),high-montane (main area of silver fir),10.0,6.7,,,1.0,,1.0,2,2,2,2,,,,0.0,,,636,Stangenholz_10,991.3,0,not_young,0,1,1,Mesocco,500_1000
,13335.0,4.0,Mittleres Baumholz,563.0,FI (10),,high-montane (relict area of silver fir),12.0,0.7,,,1.0,1.0,,2,2,8,8,,,,,,,637,Mittleres Baumholz_12,1200.8,1,not_young,0,1,1,Mesocco,1000_1500
,13340.0,4.0,Mittleres Baumholz,417.0,FI (9) / LA (1) / KI (e) / LI (e),FI (9) / LA (1),high-montane (secondary area of silver fir),11.0,3.0,,,1.0,1.0,,2,2,8,8,,,,,,,640,Mittleres Baumholz_11,919.7,0,not_young,0,1,1,Mesocco,500_1000
,13352.0,2.0,Stangenholz,183.0,WER (1) / FI (2) / BI (1) / WEI (6),WER (1) / FI (4) / BI (1) / WEI (4) / ST (e),high-montane (relict area of silver fir),12.0,1.7,,1.0,1.0,,,2,2,4,4,,,,,,,641,Stangenholz_12,1360.4,1,not_young,0,1,1,Mesocco,1000_1500
,13355.0,4.0,Mittleres Baumholz,360.0,FI (3) / LA (7),FI (3) / LA (4) / ST (3),upper subalpine,9.0,5.9,,,1.0,,,2,2,2,2,,,,,,,642,Mittleres Baumholz_9,1897.3,1,not_young,0,1,1,Mesocco,1500_2000
,130410.0,4.0,Mittleres Baumholz,450.0,FI (10) / LA (e) / TA (e),,high-montane (secondary area of silver fir),11.0,15.2,,,1.0,1.0,,2,2,8,8,,,,,,,4606,Mittleres Baumholz_11,1384.6,1,not_young,1,1,1,Mesocco,1000_1500
,130411.0,1.0,Jungwuchs/Dickung,236.0,,BAH (e) / FI (2) / BI (1) / WEI (2) / VBE (e) / HAS (5),high-montane (secondary area of silver fir),11.0,0.7,,,1.0,1.0,,2,2,8,8,,,,,,,4607,Jungwuchs/Dickung_11,1179.2,1,young,1,1,1,Mesocco,1000_1500
,130570.0,3.0,Schwaches Baumholz,313.0,FI (10),FI (10),high-montane (secondary area of silver fir),11.0,0.3,,,1.0,1.0,,2,2,8,8,,,,,,,4609,Schwaches Baumholz_11,1255.5,1,not_young,1,1,1,Mesocco,1000_1500
,130571.0,4.0,Mittleres Baumholz,312.0,FI (8) / LA (2),FI (e) / LA (e),high-montane (secondary area of silver fir),11.0,2.6,,,1.0,1.0,,2,2,8,8,,,,,,,4610,Mittleres Baumholz_11,1248.6,1,not_young,1,1,1,Mesocco,1000_1500
,130572.0,5.0,Starkes Baumholz,471.0,FI (10),FI (e) / HAS (e),high-montane (secondary area of silver fir),11.0,2.6,,,1.0,1.0,,2,2,8,8,,,,,,,4611,Starkes Baumholz_11,1145.1,1,not_young,1,1,1,Mesocco,1000_1500
,130573.0,1.0,Jungwuchs/Dickung,291.0,,TEI (e) / FI (6) / LA (e) / MBE (e) / VBE (e) / HAS (4),high-montane (secondary area of silver fir),11.0,0.8,,,1.0,1.0,,2,2,8,8,,,,,,,4612,Jungwuchs/Dickung_11,1158.6,1,young,1,1,1,Mesocco,1000_1500
,130751.0,4.0,Mittleres Baumholz,513.0,FI (e) / LA (10),LA (e) / HAS (e),high-montane (secondary area of silver fir),11.0,3.0,,,1.0,1.0,,2,2,8,8,,,,,,,4621,Mittleres Baumholz_11,1071.0,1,not_young,1,1,1,Mesocco,1000_1500
,130752.0,3.0,Schwaches Baumholz,163.0,TEI (e) / FI (10) / LA (e) / BI (e),FI (e),high-montane (secondary area of silver fir),11.0,0.7,,,1.0,1.0,,2,2,8,8,,,,,,,4622,Schwaches Baumholz_11,1195.9,1,not_young,1,1,1,Mesocco,1000_1500
,130753.0,3.0,Schwaches Baumholz,182.0,FI (e) / KI (10) / MBE (e) / VBE (e),FI (e) / HAS (e),high-montane (secondary area of silver fir),11.0,0.3,,,1.0,1.0,,2,2,8,8,,,,,,,4623,Schwaches Baumholz_11,1149.4,1,not_young,1,1,1,Mesocco,1000_1500
,130754.0,4.0,Mittleres Baumholz,299.0,FI (10) / MBE (e),FI (e) / MBE (e),high-montane (secondary area of silver fir),11.0,4.5,,,1.0,1.0,,2,2,8,8,,,,,,,4624,Mittleres Baumholz_11,1115.0,1,not_young,1,1,1,Mesocco,1000_1500
,130755.0,4.0,Mittleres Baumholz,157.0,FI (e) / LA (10) / KI (e) / MBE (e),FI (e) / LA (e) / HAS (10),high-montane (secondary area of silver fir),11.0,2.3,,,1.0,,,2,2,2,2,,,,,,,4625,Mittleres Baumholz_11,1033.3,1,not_young,0,1,1,Mesocco,1000_1500
,130756.0,3.0,Schwaches Baumholz,125.0,TEI (e) / ES (e) / FI (10) / LI (e) / ULB (e),TEI (e) / ES (e) / FI (e) / LI (e) / ULB (e),high-montane (secondary area of silver fir),11.0,0.7,,,1.0,,,2,2,2,2,,,,,,,4626,Schwaches Baumholz_11,1015.6,1,not_young,0,1,1,Mesocco,1000_1500
,130757.0,1.0,Jungwuchs/Dickung,381.0,,TEI (e) / FI (3) / LA (2) / KI (e) / WEI (e) / MBE (1) / VBE (3) / TA (1),high-montane (secondary area of silver fir),11.0,0.2,,,1.0,1.0,,2,2,8,8,,,,,,,4627,Jungwuchs/Dickung_11,1299.0,1,young,1,1,1,Mesocco,1000_1500
,130758.0,1.0,Jungwuchs/Dickung,426.0,,TEI (e) / FI (5) / LA (e) / VBE (e) / LI (e) / TA (5),high-montane (secondary area of silver fir),11.0,0.3,,,1.0,1.0,,2,2,8,8,,,,,,,4628,Jungwuchs/Dickung_11,1280.3,1,young,1,1,1,Mesocco,1000_1500
,130759.0,1.0,Jungwuchs/Dickung,199.0,,BAH (2) / TEI (e) / FI (2) / LA (e) / BI (1) / KI (e) / WEI (1) / VBE (2) / ST (e) / TA (2),high-montane (secondary area of silver fir),11.0,1.2,,,1.0,1.0,,2,2,8,8,,,,,,,4629,Jungwuchs/Dickung_11,1166.2,1,young,1,1,1,Mesocco,1000_1500
,130935.0,1.0,Jungwuchs/Dickung,528.0,,LA (2) / VBE (3) / TA (5),high-montane (secondary area of silver fir),11.0,0.2,,,1.0,1.0,,2,2,8,8,,,,,,,4630,Jungwuchs/Dickung_11,1128.0,1,young,1,1,1,Mesocco,1000_1500
,130937.0,2.0,Stangenholz,336.0,ES (5) / KI (2) / HAS (3),ES (3) / KI (2) / TA (5),high-montane (secondary area of silver fir),11.0,0.2,,,1.0,1.0,,2,2,8,8,,,,,,,4631,Stangenholz_11,1073.9,1,not_young,1,1,1,Mesocco,1000_1500
,130942.0,1.0,Jungwuchs/Dickung,293.0,,BAH (3) / FI (1) / LA (3) / VBE (e) / HAS (e) / TA (3),high-montane (secondary area of silver fir),11.0,0.2,,,1.0,1.0,,2,2,8,8,,,,,,,4632,Jungwuchs/Dickung_11,1218.6,1,young,1,1,1,Mesocco,1000_1500
,131122.0,2.0,Stangenholz,198.0,BI (1) / NU (1) / KI (1) / WEI (7),HAS (10),high-montane (secondary area of silver fir),11.0,0.6,,,1.0,1.0,,2,2,8,8,,,,,,,4633,Stangenholz_11,1142.9,1,not_young,1,1,1,Mesocco,1000_1500
,131123.0,3.0,Schwaches Baumholz,209.0,FI (10) / BI (e),FI (e) / LA (e) / HAS (10),high-montane (secondary area of silver fir),11.0,0.5,,,1.0,1.0,,2,2,8,8,,,,,,,4634,Schwaches Baumholz_11,1109.2,1,not_young,1,1,1,Mesocco,1000_1500
,131283.0,5.0,Starkes Baumholz,345.0,FI (9) / LA (1),FI (8) / LA (2),high-montane (secondary area of silver fir),11.0,7.4,,,1.0,,1.0,2,2,2,2,,,,0.0,,,4635,Starkes Baumholz_11,1453.4,1,not_young,0,1,1,Mesocco,1000_1500
,132264.0,2.0,Stangenholz,74.0,ES (e) / FI (3) / LA (6) / BI (e) / MBE (e) / VBE (e) / DO (1),ST (10),high-montane (secondary area of silver fir),11.0,1.0,,1.0,1.0,,,2,2,4,4,,,,,,,4654,Stangenholz_11,1045.4,1,not_young,0,1,1,Mesocco,1000_1500
,132603.0,2.0,Stangenholz,62.0,FI (10) / LA (e) / KI (e),ST (10),high-montane (secondary area of silver fir),11.0,1.2,,,1.0,1.0,,2,2,8,8,,,,,,,4660,Stangenholz_11,970.2,0,not_young,1,1,1,Mesocco,500_1000
,132773.0,3.0,Schwaches Baumholz,263.0,FI (10) / LA (e),FI (10),high-montane (relict area of silver fir),12.0,3.0,,,1.0,1.0,,2,2,8,8,,,,,,,4665,Schwaches Baumholz_12,1245.2,1,not_young,1,1,1,Mesocco,1000_1500
,132774.0,3.0,Schwaches Baumholz,306.0,FI (10) / LA (e),FI (10),high-montane (relict area of silver fir),12.0,7.8,,,1.0,1.0,,2,2,8,8,,,,,,,4666,Schwaches Baumholz_12,1323.2,1,not_young,1,1,1,Mesocco,1000_1500
,132775.0,3.0,Schwaches Baumholz,328.0,FI (9) / LA (1),,high-montane (relict area of silver fir),12.0,1.1,,,1.0,1.0,,2,2,8,8,,,,,,,4667,Schwaches Baumholz_12,1423.8,1,not_young,1,1,1,Mesocco,1000_1500
,132776.0,3.0,Schwaches Baumholz,289.0,FI (10) / LA (e),FI (10),high-montane (relict area of silver fir),12.0,2.6,,,1.0,1.0,,2,2,8,8,,,,,,,4668,Schwaches Baumholz_12,1470.1,1,not_young,1,1,1,Mesocco,1000_1500
,132777.0,5.0,Starkes Baumholz,274.0,FI (10) / LA (e),FI (10),high-montane (relict area of silver fir),12.0,3.0,,,1.0,1.0,,2,2,8,8,,,,,,,4669,Starkes Baumholz_12,1540.2,1,not_young,0,1,1,Mesocco,1500_2000
,132937.0,3.0,Schwaches Baumholz,284.0,FI (10) / LA (e),FI (e),high-montane (secondary area of silver fir),11.0,2.3,,,1.0,1.0,,2,2,8,8,,,,,,,4670,Schwaches Baumholz_11,1547.6,1,not_young,0,1,1,Mesocco,1500_2000
,132938.0,3.0,Schwaches Baumholz,261.0,FI (10) / LA (e),FI (10),high-montane (relict area of silver fir),12.0,2.3,,,1.0,1.0,,2,2,8,8,,,,,,,4671,Schwaches Baumholz_12,1438.1,1,not_young,1,1,1,Mesocco,1000_1500
,132939.0,4.0,Mittleres Baumholz,416.0,FI (10) / LA (e),,high-montane (secondary area of silver fir),11.0,3.7,,,1.0,1.0,,2,2,8,8,,,,,,,4672,Mittleres Baumholz_11,1235.0,1,not_young,1,1,1,Mesocco,1000_1500
,150391.0,5.0,Starkes Baumholz,387.0,FI (10) / LA (e),FI (e),high-montane (secondary area of silver fir),11.0,5.2,,,1.0,,,2,2,2,2,,,,,,,4692,Starkes Baumholz_11,1470.7,1,not_young,0,1,1,Mesocco,1000_1500
,150392.0,3.0,Schwaches Baumholz,320.0,FI (10) / LA (e),FI (e) / LA (e),high-montane (secondary area of silver fir),11.0,4.7,,,1.0,1.0,,2,2,8,8,,,,,,,4693,Schwaches Baumholz_11,1305.2,1,not_young,1,1,1,Mesocco,1000_1500
,150393.0,4.0,Mittleres Baumholz,518.0,FI (10) / TA (e),FI (10),high-montane (secondary area of silver fir),11.0,3.8,,,1.0,1.0,,2,2,8,8,,,,,,,4694,Mittleres Baumholz_11,1215.3,1,not_young,1,1,1,Mesocco,1000_1500
,7.0,5.0,Starkes Baumholz,,,,high-montane (relict area of silver fir),12.0,0.2,,,,,,3,3,3,3,,,,,,,4695,Starkes Baumholz_12,1411.8,1,not_young,0,1,0,Mesocco,1000_1500
,12.0,4.0,Mittleres Baumholz,,,,high-montane (relict area of silver fir),12.0,0.3,,1.0,1.0,,,2,2,4,4,,,,,,,4696,Mittleres Baumholz_12,1342.2,1,not_young,0,1,1,Mesocco,1000_1500
,19.0,2.0,Stangenholz,,,,high-montane (relict area of silver fir),12.0,0.4,,,,,,3,3,3,3,,,,,,,4697,Stangenholz_12,1189.6,1,not_young,0,1,0,Mesocco,1000_1500
,23.0,3.0,Schwaches Baumholz,,,,high-montane (relict area of silver fir),12.0,0.2,,,,,,3,3,3,3,,,,,,,4698,Schwaches Baumholz_12,1449.8,1,not_young,0,1,0,Mesocco,1000_1500
,140.0,5.0,Starkes Baumholz,,,,high-montane (relict area of silver fir),12.0,4.4,,,1.0,1.0,,2,2,8,8,,,,,,,4699,Starkes Baumholz_12,1220.7,1,not_young,1,1,1,Mesocco,1000_1500
,161.0,4.0,Mittleres Baumholz,,,,high-montane (secondary area of silver fir),11.0,0.3,,,1.0,,1.0,2,2,2,2,,,,0.0,,,4700,Mittleres Baumholz_11,1599.4,1,not_young,0,1,1,Mesocco,1500_2000
,194.0,2.0,Stangenholz,,,,high-montane (relict area of silver fir),12.0,1.6,,,1.0,,1.0,2,2,2,8,,,,1.0,,,4702,Stangenholz_12,1464.8,1,not_young,1,1,1,Mesocco,1000_1500
,9.0,3.0,Schwaches Baumholz,,,,upper subalpine,9.0,0.3,,,,,1.0,3,3,3,8,,,,1.0,5.0,boschi attualmente con potenziale di legname resinoso. Esbosco difficoltoso quindi attualmente non sfruttati,4704,Schwaches Baumholz_9,1772.6,1,not_young,0,1,0,Mesocco,1500_2000
,21.0,3.0,Schwaches Baumholz,,,,high-montane (relict area of silver fir),12.0,0.9,,,1.0,1.0,1.0,2,2,8,8,,,,0.0,1.0,boschi attualmente con potenziale di legname resinoso. Boschi relativamente ben accessibile con teleferiche,4707,Schwaches Baumholz_12,1407.5,1,not_young,0,1,1,Mesocco,1000_1500
,21.0,3.0,Schwaches Baumholz,,,,high-montane (relict area of silver fir),12.0,1.8,,1.0,1.0,,1.0,2,2,4,4,,,,0.0,4.0,"boschi con potenziale per piantagioni ""intensive"" (accessibili, pianeggianti)",4708,Schwaches Baumholz_12,1370.1,1,not_young,0,1,1,Mesocco,1000_1500
,21.0,3.0,Schwaches Baumholz,,,,high-montane (relict area of silver fir),12.0,0.7,,,1.0,1.0,1.0,2,2,8,8,,,,0.0,1.0,boschi attualmente con potenziale di legname resinoso. Boschi relativamente ben accessibile con teleferiche,4709,Schwaches Baumholz_12,1322.2,1,not_young,0,1,1,Mesocco,1000_1500
,21.0,3.0,Schwaches Baumholz,,,,high-montane (relict area of silver fir),12.0,1.0,,,1.0,,1.0,2,2,2,8,,,,1.0,5.0,boschi attualmente con potenziale di legname resinoso. Esbosco difficoltoso quindi attualmente non sfruttati,4711,Schwaches Baumholz_12,1478.7,1,not_young,1,1,1,Mesocco,1000_1500
,21.0,3.0,Schwaches Baumholz,,,,high-montane (relict area of silver fir),12.0,0.8,,,1.0,,1.0,2,2,2,8,,,,1.0,5.0,boschi attualmente con potenziale di legname resinoso. Esbosco difficoltoso quindi attualmente non sfruttati,4712,Schwaches Baumholz_12,1534.2,1,not_young,1,1,1,Mesocco,1500_2000
,22.0,3.0,Schwaches Baumholz,,,,high-montane (relict area of silver fir),12.0,0.6,,,,1.0,,3,3,8,8,,,,,1.0,boschi attualmente con potenziale di legname resinoso. Boschi relativamente ben accessibile con teleferiche,4713,Schwaches Baumholz_12,1461.7,1,not_young,1,1,0,Mesocco,1000_1500
,54.0,5.0,Starkes Baumholz,,,,subalpine,8.0,10.5,,,1.0,1.0,,2,2,8,8,,,,,1.0,boschi attualmente con potenziale di legname resinoso. Boschi relativamente ben accessibile con teleferiche,4718,Starkes Baumholz_8,1628.7,1,not_young,0,1,1,Mesocco,1500_2000
,89.0,4.0,Mittleres Baumholz,,,,upper subalpine,9.0,0.3,,,,,1.0,3,3,3,8,,,,1.0,5.0,boschi attualmente con potenziale di legname resinoso. Esbosco difficoltoso quindi attualmente non sfruttati,4721,Mittleres Baumholz_9,1765.9,1,not_young,0,1,0,Mesocco,1500_2000
,113.0,4.0,Mittleres Baumholz,,,,subalpine,8.0,5.3,,,,1.0,,3,3,8,8,,,,,1.0,boschi attualmente con potenziale di legname resinoso. Boschi relativamente ben accessibile con teleferiche,4735,Mittleres Baumholz_8,1658.9,1,not_young,1,1,0,Mesocco,1500_2000
,114.0,4.0,Mittleres Baumholz,,,,high-montane (relict area of silver fir),12.0,8.3,,,,1.0,1.0,3,3,8,8,,,,0.0,1.0,boschi attualmente con potenziale di legname resinoso. Boschi relativamente ben accessibile con teleferiche,4736,Mittleres Baumholz_12,1499.6,1,not_young,1,1,0,Mesocco,1000_1500
,114.0,4.0,Mittleres Baumholz,,,,high-montane (relict area of silver fir),12.0,2.7,,,,,1.0,3,3,3,8,,,,1.0,5.0,boschi attualmente con potenziale di legname resinoso. Esbosco difficoltoso quindi attualmente non sfruttati,4737,Mittleres Baumholz_12,1495.6,1,not_young,1,1,0,Mesocco,1000_1500
,116.0,2.0,Stangenholz,,,,high-montane (relict area of silver fir),12.0,2.6,,,,1.0,1.0,3,3,8,8,,,,0.0,1.0,boschi attualmente con potenziale di legname resinoso. Boschi relativamente ben accessibile con teleferiche,4740,Stangenholz_12,1285.5,1,not_young,0,1,0,Mesocco,1000_1500
,116.0,2.0,Stangenholz,,,,high-montane (relict area of silver fir),12.0,2.3,,,,,1.0,3,3,3,8,,,,1.0,5.0,boschi attualmente con potenziale di legname resinoso. Esbosco difficoltoso quindi attualmente non sfruttati,4741,Stangenholz_12,1473.4,1,not_young,1,1,0,Mesocco,1000_1500
,116.0,2.0,Stangenholz,,,,high-montane (relict area of silver fir),12.0,4.4,,,,1.0,1.0,3,3,8,8,,,,0.0,1.0,boschi attualmente con potenziale di legname resinoso. Boschi relativamente ben accessibile con teleferiche,4742,Stangenholz_12,1372.0,1,not_young,0,1,0,Mesocco,1000_1500
,116.0,2.0,Stangenholz,,,,high-montane (relict area of silver fir),12.0,2.3,,,,1.0,1.0,3,3,8,8,,,,0.0,1.0,boschi attualmente con potenziale di legname resinoso. Boschi relativamente ben accessibile con teleferiche,4743,Stangenholz_12,1559.0,1,not_young,1,1,0,Mesocco,1500_2000
,116.0,2.0,Stangenholz,,,,high-montane (relict area of silver fir),12.0,3.3,,,,1.0,1.0,3,3,8,8,,,,0.0,1.0,boschi attualmente con potenziale di legname resinoso. Boschi relativamente ben accessibile con teleferiche,4744,Stangenholz_12,1563.7,1,not_young,0,1,0,Mesocco,1500_2000
,121.0,5.0,Starkes Baumholz,,,,high-montane (relict area of silver fir),12.0,3.3,,,1.0,1.0,,2,2,8,8,,,,,1.0,boschi attualmente con potenziale di legname resinoso. Boschi relativamente ben accessibile con teleferiche,4746,Starkes Baumholz_12,1204.8,1,not_young,1,1,0,Mesocco,1000_1500
,121.0,5.0,Starkes Baumholz,,,,high-montane (relict area of silver fir),12.0,5.0,,,1.0,1.0,,2,2,8,8,,,,,1.0,boschi attualmente con potenziale di legname resinoso. Boschi relativamente ben accessibile con teleferiche,4747,Starkes Baumholz_12,1206.6,1,not_young,1,1,0,Mesocco,1000_1500
,121.0,5.0,Starkes Baumholz,,,,high-montane (relict area of silver fir),12.0,2.7,,,1.0,1.0,,2,2,8,8,,,,,1.0,boschi attualmente con potenziale di legname resinoso. Boschi relativamente ben accessibile con teleferiche,4748,Starkes Baumholz_12,1200.1,1,not_young,1,1,0,Mesocco,1000_1500
,122.0,5.0,Starkes Baumholz,,,,high-montane (relict area of silver fir),12.0,0.9,,,,1.0,1.0,3,3,8,8,,,,0.0,1.0,boschi attualmente con potenziale di legname resinoso. Boschi relativamente ben accessibile con teleferiche,4749,Starkes Baumholz_12,1246.7,1,not_young,1,1,0,Mesocco,1000_1500
,122.0,5.0,Starkes Baumholz,,,,high-montane (relict area of silver fir),12.0,0.8,,,,1.0,1.0,3,3,8,8,,,,0.0,1.0,boschi attualmente con potenziale di legname resinoso. Boschi relativamente ben accessibile con teleferiche,4750,Starkes Baumholz_12,1287.3,1,not_young,0,1,0,Mesocco,1000_1500
,122.0,5.0,Starkes Baumholz,,,,high-montane (relict area of silver fir),12.0,0.7,,,,1.0,1.0,3,3,8,8,,,,0.0,1.0,boschi attualmente con potenziale di legname resinoso. Boschi relativamente ben accessibile con teleferiche,4751,Starkes Baumholz_12,1198.9,1,not_young,0,1,0,Mesocco,1000_1500
,122.0,5.0,Starkes Baumholz,,,,high-montane (relict area of silver fir),12.0,2.4,,,,1.0,1.0,3,3,8,8,,,,0.0,1.0,boschi attualmente con potenziale di legname resinoso. Boschi relativamente ben accessibile con teleferiche,4752,Starkes Baumholz_12,1348.6,1,not_young,1,1,0,Mesocco,1000_1500
,122.0,5.0,Starkes Baumholz,,,,high-montane (relict area of silver fir),12.0,3.0,,,,1.0,1.0,3,3,8,8,,,,0.0,1.0,boschi attualmente con potenziale di legname resinoso. Boschi relativamente ben accessibile con teleferiche,4753,Starkes Baumholz_12,1235.2,1,not_young,0,1,0,Mesocco,1000_1500
,122.0,5.0,Starkes Baumholz,,,,high-montane (relict area of silver fir),12.0,3.7,,,,1.0,1.0,3,3,8,8,,,,0.0,1.0,boschi attualmente con potenziale di legname resinoso. Boschi relativamente ben accessibile con teleferiche,4754,Starkes Baumholz_12,1229.5,1,not_young,1,1,0,Mesocco,1000_1500
,122.0,5.0,Starkes Baumholz,,,,high-montane (relict area of silver fir),12.0,0.6,,,,1.0,1.0,3,3,8,8,,,,0.0,1.0,boschi attualmente con potenziale di legname resinoso. Boschi relativamente ben accessibile con teleferiche,4755,Starkes Baumholz_12,1261.2,1,not_young,0,1,0,Mesocco,1000_1500
,122.0,5.0,Starkes Baumholz,,,,high-montane (relict area of silver fir),12.0,1.3,,,,1.0,1.0,3,3,8,8,,,,0.0,1.0,boschi attualmente con potenziale di legname resinoso. Boschi relativamente ben accessibile con teleferiche,4756,Starkes Baumholz_12,1321.9,1,not_young,0,1,0,Mesocco,1000_1500
,122.0,5.0,Starkes Baumholz,,,,high-montane (relict area of silver fir),12.0,1.5,,,,,1.0,3,3,3,8,,,,1.0,5.0,boschi attualmente con potenziale di legname resinoso. Esbosco difficoltoso quindi attualmente non sfruttati,4757,Starkes Baumholz_12,1360.4,1,not_young,1,1,0,Mesocco,1000_1500
,122.0,5.0,Starkes Baumholz,,,,high-montane (relict area of silver fir),12.0,1.4,,,,1.0,1.0,3,3,8,8,,,,0.0,1.0,boschi attualmente con potenziale di legname resinoso. Boschi relativamente ben accessibile con teleferiche,4758,Starkes Baumholz_12,1377.1,1,not_young,1,1,0,Mesocco,1000_1500
,124.0,2.0,Stangenholz,,,,high-montane (relict area of silver fir),12.0,1.2,,,1.0,1.0,,2,2,8,8,,,,,1.0,boschi attualmente con potenziale di legname resinoso. Boschi relativamente ben accessibile con teleferiche,4761,Stangenholz_12,1270.0,1,not_young,1,1,0,Mesocco,1000_1500
,124.0,2.0,Stangenholz,,,,high-montane (relict area of silver fir),12.0,20.6,,,1.0,1.0,,2,2,8,8,,,,,1.0,boschi attualmente con potenziale di legname resinoso. Boschi relativamente ben accessibile con teleferiche,4762,Stangenholz_12,1331.7,1,not_young,1,1,1,Mesocco,1000_1500
,146.0,2.0,Stangenholz,,,,high-montane (relict area of silver fir),12.0,0.8,,1.0,1.0,,,2,2,4,4,,,,,4.0,"boschi con potenziale per piantagioni ""intensive"" (accessibili, pianeggianti)",4773,Stangenholz_12,1219.3,1,not_young,0,1,1,Mesocco,1000_1500
,146.0,2.0,Stangenholz,,,,high-montane (relict area of silver fir),12.0,5.8,,1.0,1.0,1.0,,2,2,8,8,,,,,1.0,boschi attualmente con potenziale di legname resinoso. Boschi relativamente ben accessibile con teleferiche,4774,Stangenholz_12,1254.3,1,not_young,0,1,1,Mesocco,1000_1500
,146.0,2.0,Stangenholz,,,,high-montane (relict area of silver fir),12.0,2.9,,1.0,1.0,,,2,2,4,4,,,,,4.0,"boschi con potenziale per piantagioni ""intensive"" (accessibili, pianeggianti)",4775,Stangenholz_12,1273.0,1,not_young,0,1,1,Mesocco,1000_1500
,156.0,5.0,Starkes Baumholz,,,,high-montane (relict area of silver fir),12.0,1.3,,,,1.0,,3,3,8,8,,,,,1.0,boschi attualmente con potenziale di legname resinoso. Boschi relativamente ben accessibile con teleferiche,4780,Starkes Baumholz_12,1494.8,1,not_young,0,1,0,Mesocco,1000_1500
,156.0,5.0,Starkes Baumholz,,,,high-montane (relict area of silver fir),12.0,3.2,,,,1.0,,3,3,8,8,,,,,1.0,boschi attualmente con potenziale di legname resinoso. Boschi relativamente ben accessibile con teleferiche,4782,Starkes Baumholz_12,1507.6,1,not_young,0,1,0,Mesocco,1500_2000
,167.0,4.0,Mittleres Baumholz,,,,high-montane (relict area of silver fir),12.0,0.4,,,1.0,1.0,1.0,2,2,8,8,,,,0.0,1.0,boschi attualmente con potenziale di legname resinoso. Boschi relativamente ben accessibile con teleferiche,4787,Mittleres Baumholz_12,1346.3,1,not_young,1,1,0,Mesocco,1000_1500
,167.0,4.0,Mittleres Baumholz,,,,high-montane (relict area of silver fir),12.0,2.6,,,1.0,,1.0,2,2,2,8,,,,1.0,5.0,boschi attualmente con potenziale di legname resinoso. Esbosco difficoltoso quindi attualmente non sfruttati,4788,Mittleres Baumholz_12,1547.1,1,not_young,0,1,0,Mesocco,1500_2000
,167.0,4.0,Mittleres Baumholz,,,,high-montane (relict area of silver fir),12.0,14.9,,,1.0,1.0,1.0,2,2,8,8,,,,0.0,1.0,boschi attualmente con potenziale di legname resinoso. Boschi relativamente ben accessibile con teleferiche,4789,Mittleres Baumholz_12,1532.5,1,not_young,1,1,1,Mesocco,1500_2000
,167.0,4.0,Mittleres Baumholz,,,,high-montane (relict area of silver fir),12.0,1.0,,,1.0,1.0,1.0,2,2,8,8,,,,0.0,1.0,boschi attualmente con potenziale di legname resinoso. Boschi relativamente ben accessibile con teleferiche,4790,Mittleres Baumholz_12,1292.7,1,not_young,1,1,0,Mesocco,1000_1500
,167.0,4.0,Mittleres Baumholz,,,,high-montane (relict area of silver fir),12.0,2.6,,,1.0,1.0,1.0,2,2,8,8,,,,0.0,1.0,boschi attualmente con potenziale di legname resinoso. Boschi relativamente ben accessibile con teleferiche,4791,Mittleres Baumholz_12,1377.2,1,not_young,1,1,0,Mesocco,1000_1500
,167.0,4.0,Mittleres Baumholz,,,,high-montane (relict area of silver fir),12.0,4.9,,,1.0,1.0,1.0,2,2,8,8,,,,0.0,1.0,boschi attualmente con potenziale di legname resinoso. Boschi relativamente ben accessibile con teleferiche,4792,Mittleres Baumholz_12,1363.5,1,not_young,1,1,0,Mesocco,1000_1500
,168.0,5.0,Starkes Baumholz,,,,high-montane (relict area of silver fir),12.0,6.5,,,,,1.0,3,3,3,8,,,,1.0,5.0,boschi attualmente con potenziale di legname resinoso. Esbosco difficoltoso quindi attualmente non sfruttati,4793,Starkes Baumholz_12,1523.7,1,not_young,1,1,0,Mesocco,1500_2000
,168.0,5.0,Starkes Baumholz,,,,high-montane (relict area of silver fir),12.0,9.4,,,,1.0,1.0,3,3,8,8,,,,0.0,1.0,boschi attualmente con potenziale di legname resinoso. Boschi relativamente ben accessibile con teleferiche,4794,Starkes Baumholz_12,1502.2,1,not_young,1,1,0,Mesocco,1500_2000
,168.0,5.0,Starkes Baumholz,,,,high-montane (relict area of silver fir),12.0,2.3,,,,,1.0,3,3,3,8,,,,1.0,5.0,boschi attualmente con potenziale di legname resinoso. Esbosco difficoltoso quindi attualmente non sfruttati,4795,Starkes Baumholz_12,1502.7,1,not_young,0,1,0,Mesocco,1500_2000
,169.0,5.0,Starkes Baumholz,,,,high-montane (relict area of silver fir),12.0,3.3,,,,1.0,,3,3,8,8,,,,,1.0,boschi attualmente con potenziale di legname resinoso. Boschi relativamente ben accessibile con teleferiche,4796,Starkes Baumholz_12,1451.6,1,not_young,1,1,0,Mesocco,1000_1500
,169.0,5.0,Starkes Baumholz,,,,high-montane (relict area of silver fir),12.0,2.6,,,,1.0,,3,3,8,8,,,,,1.0,boschi attualmente con potenziale di legname resinoso. Boschi relativamente ben accessibile con teleferiche,4797,Starkes Baumholz_12,1407.2,1,not_young,1,1,0,Mesocco,1000_1500
,170.0,5.0,Starkes Baumholz,,,,high-montane (relict area of silver fir),12.0,5.9,,,,1.0,1.0,3,3,8,8,,,,0.0,1.0,boschi attualmente con potenziale di legname resinoso. Boschi relativamente ben accessibile con teleferiche,4798,Starkes Baumholz_12,1430.5,1,not_young,0,1,0,Mesocco,1000_1500
,170.0,5.0,Starkes Baumholz,,,,high-montane (relict area of silver fir),12.0,2.3,,,,1.0,1.0,3,3,8,8,,,,0.0,1.0,boschi attualmente con potenziale di legname resinoso. Boschi relativamente ben accessibile con teleferiche,4799,Starkes Baumholz_12,1386.7,1,not_young,0,1,0,Mesocco,1000_1500
,170.0,5.0,Starkes Baumholz,,,,high-montane (relict area of silver fir),12.0,0.3,,,,1.0,1.0,3,3,8,8,,,,0.0,1.0,boschi attualmente con potenziale di legname resinoso. Boschi relativamente ben accessibile con teleferiche,4800,Starkes Baumholz_12,1395.0,1,not_young,0,1,0,Mesocco,1000_1500
,170.0,5.0,Starkes Baumholz,,,,high-montane (relict area of silver fir),12.0,0.6,,,,,1.0,3,3,3,8,,,,1.0,5.0,boschi attualmente con potenziale di legname resinoso. Esbosco difficoltoso quindi attualmente non sfruttati,4801,Starkes Baumholz_12,1444.6,1,not_young,0,1,0,Mesocco,1000_1500
,173.0,5.0,Starkes Baumholz,,,,subalpine,8.0,0.9,,,,,1.0,3,3,3,8,,,,1.0,5.0,boschi attualmente con potenziale di legname resinoso. Esbosco difficoltoso quindi attualmente non sfruttati,4802,Starkes Baumholz_8,1641.3,1,not_young,0,1,0,Mesocco,1500_2000
,173.0,5.0,Starkes Baumholz,,,,subalpine,8.0,2.8,,,,1.0,1.0,3,3,8,8,,,,0.0,1.0,boschi attualmente con potenziale di legname resinoso. Boschi relativamente ben accessibile con teleferiche,4803,Starkes Baumholz_8,1691.9,1,not_young,0,1,0,Mesocco,1500_2000
,174.0,3.0,Schwaches Baumholz,,,,subalpine,8.0,3.9,,,,1.0,1.0,3,3,8,8,,,,0.0,1.0,boschi attualmente con potenziale di legname resinoso. Boschi relativamente ben accessibile con teleferiche,4804,Schwaches Baumholz_8,1667.1,1,not_young,0,1,0,Mesocco,1500_2000
,174.0,3.0,Schwaches Baumholz,,,,subalpine,8.0,2.4,,,,,1.0,3,3,3,8,,,,1.0,5.0,boschi attualmente con potenziale di legname resinoso. Esbosco difficoltoso quindi attualmente non sfruttati,4805,Schwaches Baumholz_8,1666.4,1,not_young,0,1,0,Mesocco,1500_2000
,175.0,4.0,Mittleres Baumholz,,,,subalpine,8.0,1.2,,,,,1.0,3,3,3,8,,,,1.0,5.0,boschi attualmente con potenziale di legname resinoso. Esbosco difficoltoso quindi attualmente non sfruttati,4806,Mittleres Baumholz_8,1702.3,1,not_young,0,1,0,Mesocco,1500_2000
,175.0,4.0,Mittleres Baumholz,,,,subalpine,8.0,0.6,,,,1.0,1.0,3,3,8,8,,,,0.0,1.0,boschi attualmente con potenziale di legname resinoso. Boschi relativamente ben accessibile con teleferiche,4807,Mittleres Baumholz_8,1664.2,1,not_young,0,1,0,Mesocco,1500_2000
,175.0,4.0,Mittleres Baumholz,,,,subalpine,8.0,2.0,,,,,1.0,3,3,3,8,,,,1.0,5.0,boschi attualmente con potenziale di legname resinoso. Esbosco difficoltoso quindi attualmente non sfruttati,4808,Mittleres Baumholz_8,1724.7,1,not_young,0,1,0,Mesocco,1500_2000
,176.0,5.0,Starkes Baumholz,,,,subalpine,8.0,5.3,,,1.0,,1.0,2,2,2,8,,,,1.0,5.0,boschi attualmente con potenziale di legname resinoso. Esbosco difficoltoso quindi attualmente non sfruttati,4809,Starkes Baumholz_8,1657.8,1,not_young,0,1,0,Mesocco,1500_2000
,176.0,5.0,Starkes Baumholz,,,,subalpine,8.0,1.7,,,1.0,1.0,1.0,2,2,8,8,,,,0.0,1.0,boschi attualmente con potenziale di legname resinoso. Boschi relativamente ben accessibile con teleferiche,4810,Starkes Baumholz_8,1624.0,1,not_young,0,1,0,Mesocco,1500_2000
,176.0,5.0,Starkes Baumholz,,,,subalpine,8.0,2.0,,,1.0,,1.0,2,2,2,8,,,,1.0,5.0,boschi attualmente con potenziale di legname resinoso. Esbosco difficoltoso quindi attualmente non sfruttati,4811,Starkes Baumholz_8,1716.4,1,not_young,0,1,0,Mesocco,1500_2000
,176.0,5.0,Starkes Baumholz,,,,subalpine,8.0,0.9,,,1.0,,1.0,2,2,2,8,,,,1.0,5.0,boschi attualmente con potenziale di legname resinoso. Esbosco difficoltoso quindi attualmente non sfruttati,4812,Starkes Baumholz_8,1710.1,1,not_young,0,1,0,Mesocco,1500_2000
,177.0,5.0,Starkes Baumholz,,,,subalpine,8.0,2.6,,,1.0,1.0,1.0,2,2,8,8,,,,1.0,1.0,boschi attualmente con potenziale di legname resinoso. Boschi relativamente ben accessibile con teleferiche,4813,Starkes Baumholz_8,1622.0,1,not_young,0,1,1,Mesocco,1500_2000
,177.0,5.0,Starkes Baumholz,,,,subalpine,8.0,7.4,,,1.0,,1.0,2,2,2,8,,,,1.0,5.0,boschi attualmente con potenziale di legname resinoso. Esbosco difficoltoso quindi attualmente non sfruttati,4814,Starkes Baumholz_8,1673.1,1,not_young,0,1,1,Mesocco,1500_2000
,183.0,2.0,Stangenholz,,,,upper subalpine,9.0,1.0,,,,1.0,,3,3,8,8,,,,,1.0,boschi attualmente con potenziale di legname resinoso. Boschi relativamente ben accessibile con teleferiche,4815,Stangenholz_9,1822.6,1,not_young,0,1,0,Mesocco,1500_2000
,184.0,2.0,Stangenholz,,,,upper subalpine,9.0,1.8,,,,1.0,,3,3,8,8,,,,,1.0,boschi attualmente con potenziale di legname resinoso. Boschi relativamente ben accessibile con teleferiche,4816,Stangenholz_9,1776.7,1,not_young,0,1,0,Mesocco,1500_2000
,236.0,3.0,Schwaches Baumholz,,,,subalpine,8.0,0.6,,,,1.0,,3,3,8,8,,,,,1.0,boschi attualmente con potenziale di legname resinoso. Boschi relativamente ben accessibile con teleferiche,4818,Schwaches Baumholz_8,1631.1,1,not_young,0,1,0,Mesocco,1500_2000
,260.0,5.0,Starkes Baumholz,,,,high-montane (relict area of silver fir),12.0,0.3,,,,1.0,,3,3,8,8,,,,,1.0,boschi attualmente con potenziale di legname resinoso. Boschi relativamente ben accessibile con teleferiche,4821,Starkes Baumholz_12,1237.1,1,not_young,1,1,0,Mesocco,1000_1500
,9.0,3.0,Schwaches Baumholz,,,,upper subalpine,9.0,13.3,,,,,1.0,3,3,3,3,,,,0.0,,,4825,Schwaches Baumholz_9,1926.6,1,not_young,0,1,0,Mesocco,1500_2000
,10.0,2.0,Stangenholz,,,,upper subalpine,9.0,0.6,,,,,,3,3,3,3,,,,,,,4826,Stangenholz_9,1966.6,1,not_young,0,1,0,Mesocco,1500_2000
,3.0,3.0,Schwaches Baumholz,,,,high-montane (relict area of silver fir),12.0,8.2,,,1.0,,1.0,2,2,2,2,,,,0.0,,,4827,Schwaches Baumholz_12,1396.7,1,not_young,0,1,1,Mesocco,1000_1500
,22.0,3.0,Schwaches Baumholz,,,,high-montane (relict area of silver fir),12.0,0.7,,,,,,3,3,3,3,,,,,,,4828,Schwaches Baumholz_12,1451.0,1,not_young,0,1,0,Mesocco,1000_1500
,39.0,5.0,Starkes Baumholz,,,,-,5.0,2.1,,,,,,3,3,3,3,,,,,,,4833,Starkes Baumholz_5,2006.1,1,not_young,0,1,0,Mesocco,2000_2500
,54.0,5.0,Starkes Baumholz,,,,subalpine,8.0,12.6,,,1.0,1.0,,2,2,8,8,,,,,1.0,boschi attualmente con potenziale di legname resinoso. Boschi relativamente ben accessibile con teleferiche,4836,Starkes Baumholz_8,1675.5,1,not_young,1,1,1,Mesocco,1500_2000
,67.0,3.0,Schwaches Baumholz,,,,upper subalpine,9.0,4.8,,,,,,3,3,3,3,,,,,,,4839,Schwaches Baumholz_9,1866.1,1,not_young,0,1,0,Mesocco,1500_2000
,75.0,4.0,Mittleres Baumholz,,,,upper subalpine,9.0,7.7,,,,,,3,3,3,3,,,,,,,4841,Mittleres Baumholz_9,1898.9,1,not_young,0,1,0,Mesocco,1500_2000
,89.0,4.0,Mittleres Baumholz,,,,upper subalpine,9.0,0.4,,,,,1.0,3,3,3,3,,,,0.0,,,4846,Mittleres Baumholz_9,1800.6,1,not_young,0,1,0,Mesocco,1500_2000
,94.0,3.0,Schwaches Baumholz,,,,subalpine,8.0,1.3,,,,,,3,3,3,3,,,,,,,4848,Schwaches Baumholz_8,1796.2,1,not_young,0,1,0,Mesocco,1500_2000
,113.0,4.0,Mittleres Baumholz,,,,subalpine,8.0,5.0,,,,,,3,3,3,3,,,,,,,4858,Mittleres Baumholz_8,1678.5,1,not_young,0,1,0,Mesocco,1500_2000
,116.0,2.0,Stangenholz,,,,high-montane (relict area of silver fir),12.0,19.4,,,,,1.0,3,3,3,3,,,,0.0,,,4859,Stangenholz_12,1545.2,1,not_young,0,1,0,Mesocco,1500_2000
,117.0,3.0,Schwaches Baumholz,,,,upper subalpine,9.0,18.1,,,,,,3,3,3,3,,,,,,,4860,Schwaches Baumholz_9,1857.0,1,not_young,0,1,0,Mesocco,1500_2000
,121.0,5.0,Starkes Baumholz,,,,high-montane (relict area of silver fir),12.0,2.1,,,1.0,,,2,2,2,2,,,,,,,4861,Starkes Baumholz_12,1186.1,1,not_young,0,1,0,Mesocco,1000_1500
,122.0,5.0,Starkes Baumholz,,,,high-montane (relict area of silver fir),12.0,9.7,,,,,1.0,3,3,3,3,,,,0.0,,,4862,Starkes Baumholz_12,1259.4,1,not_young,0,1,0,Mesocco,1000_1500
,124.0,2.0,Stangenholz,,,,high-montane (relict area of silver fir),12.0,0.6,,,1.0,,,2,2,2,2,,,,,,,4864,Stangenholz_12,1277.2,1,not_young,0,1,0,Mesocco,1000_1500
,146.0,2.0,Stangenholz,,,,high-montane (relict area of silver fir),12.0,4.2,,,1.0,,,2,2,3,3,,,,,,,4875,Stangenholz_12,1260.4,1,not_young,0,1,1,Mesocco,1000_1500
,156.0,5.0,Starkes Baumholz,,,,high-montane (relict area of silver fir),12.0,4.2,,,,,,3,3,3,3,,,,,,,4880,Starkes Baumholz_12,1490.1,1,not_young,0,1,0,Mesocco,1000_1500
,167.0,4.0,Mittleres Baumholz,,,,high-montane (relict area of silver fir),12.0,7.0,,,1.0,,1.0,2,2,2,2,,,,0.0,,,4882,Mittleres Baumholz_12,1421.1,1,not_young,0,1,0,Mesocco,1000_1500
,168.0,5.0,Starkes Baumholz,,,,high-montane (relict area of silver fir),12.0,7.7,,,,,1.0,3,3,3,3,,,,0.0,,,4883,Starkes Baumholz_12,1526.4,1,not_young,0,1,0,Mesocco,1500_2000
,169.0,5.0,Starkes Baumholz,,,,high-montane (relict area of silver fir),12.0,5.0,,,,,,3,3,3,3,,,,,,,4884,Starkes Baumholz_12,1451.2,1,not_young,0,1,0,Mesocco,1000_1500
,170.0,5.0,Starkes Baumholz,,,,high-montane (relict area of silver fir),12.0,8.3,,,,1.0,1.0,3,3,8,8,,,,0.0,1.0,boschi attualmente con potenziale di legname resinoso. Boschi relativamente ben accessibile con teleferiche,4885,Starkes Baumholz_12,1474.3,1,not_young,0,1,0,Mesocco,1000_1500
,173.0,5.0,Starkes Baumholz,,,,subalpine,8.0,10.6,,,,,1.0,3,3,3,3,,,,0.0,,,4887,Starkes Baumholz_8,1696.5,1,not_young,0,1,0,Mesocco,1500_2000
,174.0,3.0,Schwaches Baumholz,,,,subalpine,8.0,2.9,,,,,1.0,3,3,3,3,,,,0.0,,,4888,Schwaches Baumholz_8,1699.9,1,not_young,0,1,0,Mesocco,1500_2000
,175.0,4.0,Mittleres Baumholz,,,,subalpine,8.0,4.0,,,,,1.0,3,3,3,3,,,,0.0,,,4889,Mittleres Baumholz_8,1709.2,1,not_young,0,1,0,Mesocco,1500_2000
,176.0,5.0,Starkes Baumholz,,,,subalpine,8.0,4.1,,,1.0,,1.0,2,2,2,2,,,,0.0,,,4890,Starkes Baumholz_8,1710.6,1,not_young,0,1,0,Mesocco,1500_2000
,177.0,5.0,Starkes Baumholz,,,,subalpine,8.0,0.3,,,1.0,,1.0,2,2,2,8,,,,1.0,5.0,boschi attualmente con potenziale di legname resinoso. Esbosco difficoltoso quindi attualmente non sfruttati,4891,Starkes Baumholz_8,1743.5,1,not_young,0,1,1,Mesocco,1500_2000
,184.0,2.0,Stangenholz,,,,upper subalpine,9.0,6.7,,,,,,3,3,3,3,,,,,,,4893,Stangenholz_9,1815.6,1,not_young,0,1,0,Mesocco,1500_2000
,185.0,3.0,Schwaches Baumholz,,,,upper subalpine,9.0,1.0,,,,,,3,3,3,3,,,,,,,4894,Schwaches Baumholz_9,1898.2,1,not_young,0,1,0,Mesocco,1500_2000
,190.0,5.0,Starkes Baumholz,,,,upper subalpine,9.0,0.3,,,,,,3,3,3,3,,,,,,,4899,Starkes Baumholz_9,1931.4,1,not_young,0,1,0,Mesocco,1500_2000
,236.0,3.0,Schwaches Baumholz,,,,subalpine,8.0,7.3,,,,,,3,3,3,3,,,,,,,4904,Schwaches Baumholz_8,1701.6,1,not_young,0,1,0,Mesocco,1500_2000
,250.0,3.0,Schwaches Baumholz,,,,subalpine,8.0,0.4,,,,,,3,3,3,3,,,,,,,4912,Schwaches Baumholz_8,1792.2,1,not_young,0,1,0,Mesocco,1500_2000
,250.0,3.0,Schwaches Baumholz,,,,upper subalpine,9.0,1.0,,,,,1.0,3,3,3,8,,,,1.0,5.0,boschi attualmente con potenziale di legname resinoso. Esbosco difficoltoso quindi attualmente non sfruttati,4922,Schwaches Baumholz_9,1805.5,1,not_young,0,1,0,Mesocco,1500_2000
,157.0,3.0,Schwaches Baumholz,,,,high-montane (relict area of silver fir),12.0,20.7,,,,1.0,,3,3,8,8,,,,,1.0,boschi attualmente con potenziale di legname resinoso. Boschi relativamente ben accessibile con teleferiche,4929,Schwaches Baumholz_12,1549.6,1,not_young,1,1,0,Mesocco,1500_2000
,129.0,5.0,Starkes Baumholz,,,,subalpine,8.0,7.4,,,,1.0,,3,3,8,8,,,,,1.0,boschi attualmente con potenziale di legname resinoso. Boschi relativamente ben accessibile con teleferiche,4931,Starkes Baumholz_8,1708.0,1,not_young,1,1,0,Mesocco,1500_2000
,114.0,4.0,Mittleres Baumholz,,,,high-montane (relict area of silver fir),12.0,0.5,,,,,1.0,3,3,3,8,,,,1.0,5.0,,4941,Mittleres Baumholz_12,1515.5,1,not_young,1,1,0,Mesocco,1500_2000
,50261.0,3.0,Schwaches Baumholz,237.0,,,colline with beech,2.0,0.7,,,1.0,,,2,2,2,2,,,,,,,645,Schwaches Baumholz_2,635.2,0,not_young,0,0,1,Castaneda,500_1000
,50262.0,1.0,Jungwuchs/Dickung,192.0,,,colline with beech,2.0,0.3,,,1.0,,,2,2,2,2,,,,,,,646,Jungwuchs/Dickung_2,650.2,0,young,0,0,1,Castaneda,500_1000
,50269.0,1.0,Jungwuchs/Dickung,117.0,,,colline with beech,2.0,0.7,,,1.0,,,2,2,2,2,,,,,,,647,Jungwuchs/Dickung_2,682.6,0,young,0,0,1,Castaneda,500_1000
,50424.0,3.0,Schwaches Baumholz,185.0,,,colline with beech,2.0,0.6,,,1.0,,,2,2,2,2,,,,,,,648,Schwaches Baumholz_2,704.9,0,not_young,0,0,1,Castaneda,500_1000
,50427.0,3.0,Schwaches Baumholz,218.0,,,colline with beech,2.0,0.8,,,1.0,,,2,2,2,2,,,,,,,649,Schwaches Baumholz_2,626.6,0,not_young,0,0,1,Castaneda,500_1000
,50588.0,3.0,Schwaches Baumholz,140.0,,,colline with beech,2.0,0.3,,,1.0,,,2,2,2,2,,,,,,,650,Schwaches Baumholz_2,729.6,0,not_young,0,0,1,Castaneda,500_1000
,50591.0,1.0,Jungwuchs/Dickung,153.0,,,colline with beech,2.0,0.3,,,1.0,,,2,2,2,2,,,,,,,651,Jungwuchs/Dickung_2,727.7,0,young,0,0,1,Castaneda,500_1000
,50903.0,4.0,Mittleres Baumholz,293.0,TEI (e) / ES (e) / FI (5) / KA (5) / KI (e) / LI (e),,colline with beech,2.0,0.5,,,1.0,,,7,7,7,7,,1.0,,,,,652,Mittleres Baumholz_2,841.7,0,not_young,0,0,0,Castaneda,500_1000
,50904.0,4.0,Mittleres Baumholz,288.0,TEI (e) / ES (e) / FI (5) / KA (5) / KI (e) / LI (e),,colline with beech,2.0,1.9,,,,,,7,7,7,7,,1.0,,,,,653,Mittleres Baumholz_2,861.0,0,not_young,0,0,0,Castaneda,500_1000
,51240.0,5.0,Starkes Baumholz,341.0,ES (e) / FI (e) / KA (10) / BI (e) / AS (e) / LI (e) / BUL (e),ST (10),colline with beech,2.0,1.5,,,1.0,,,7,7,7,7,,1.0,,,,,655,Starkes Baumholz_2,780.7,0,not_young,0,0,0,Castaneda,500_1000
,51394.0,3.0,Schwaches Baumholz,375.0,TEI (e) / WER (e) / FI (e) / KA (10) / LI (e),ST (10),colline with beech,2.0,3.8,,,1.0,,,7,7,7,7,,1.0,,,,,656,Schwaches Baumholz_2,814.3999999999999,0,not_young,0,0,0,Castaneda,500_1000
,51798.0,3.0,Schwaches Baumholz,192.0,TEI (e) / SER (1) / ES (e) / FI (e) / KA (4) / KI (2) / LI (3),ES (2) / FI (1) / KA (6) / KI (e) / LI (e) / HAS (1),colline,3.0,1.4,,,1.0,,,2,2,2,2,,,,,,,660,Schwaches Baumholz_3,419.1,0,not_young,0,0,1,Castaneda,300_500
,52018.0,4.0,Mittleres Baumholz,412.0,FI (9) / WFO (1),,lower/upper montane,7.0,0.9,,,1.0,1.0,,2,2,8,8,,,,,,,661,Mittleres Baumholz_7,1392.0,1,not_young,1,0,1,Castaneda,1000_1500
,52020.0,4.0,Mittleres Baumholz,523.0,FI (10) / LA (e) / WFO (e),,high-montane (main area of silver fir),10.0,2.4,,,1.0,1.0,,2,2,8,8,,,,,,,662,Mittleres Baumholz_10,1556.1,1,not_young,0,0,1,Castaneda,1500_2000
,52463.0,3.0,Schwaches Baumholz,289.0,FAH (e) / TEI (e) / ES (e) / FI (e) / KA (10) / BI (e) / OST (e) / KI (e),ES (2) / KA (5) / NU (e) / HAS (3),colline with beech,2.0,3.4,,,1.0,,,6,6,6,6,,,1.0,,,,663,Schwaches Baumholz_2,424.5,0,not_young,0,0,0,Castaneda,300_500
,52758.0,2.0,Stangenholz,169.0,TEI (6) / KA (4) / BI (e) / WFO (e),TEI (1) / FI (e) / KA (9) / WFO (e),colline with beech,2.0,0.8,,,1.0,,,6,6,6,6,,,1.0,,,,666,Stangenholz_2,583.7,0,not_young,0,0,0,Castaneda,500_1000
,52760.0,2.0,Stangenholz,90.0,TEI (7) / KA (3) / WFO (e),TEI (1) / FI (e) / KA (9) / BI (e) / WFO (e),colline with beech,2.0,0.5,,,1.0,,,6,6,6,6,,,1.0,,,,667,Stangenholz_2,573.1,0,not_young,0,0,0,Castaneda,500_1000
,53300.0,3.0,Schwaches Baumholz,227.0,,,colline with beech,2.0,1.7,,,1.0,,,2,2,2,2,,,,,,,669,Schwaches Baumholz_2,896.2999999999998,0,not_young,0,0,1,Castaneda,500_1000
,53794.0,3.0,Schwaches Baumholz,409.0,FI (9),,high-montane (main area of silver fir),10.0,6.4,,,1.0,1.0,,2,2,8,8,,,,,,,670,Schwaches Baumholz_10,1644.6,1,not_young,0,0,1,Castaneda,1500_2000
,82174.0,4.0,Mittleres Baumholz,274.0,,,colline with beech,2.0,0.4,,,1.0,,,2,2,2,2,,,,,,,2457,Mittleres Baumholz_2,745.1,0,not_young,0,0,1,Castaneda,500_1000
,130416.0,4.0,Mittleres Baumholz,399.0,TEI (e) / KA (7) / KI (e) / LI (3),,colline with beech,2.0,1.8,,,1.0,,,2,2,2,2,,,,,,,4608,Mittleres Baumholz_2,699.2,0,not_young,0,0,1,Castaneda,500_1000
,131300.0,3.0,Schwaches Baumholz,257.0,,,lower/upper montane,7.0,1.7,,,1.0,,,2,2,2,2,,,,,,,4641,Schwaches Baumholz_7,913.0,0,not_young,0,0,1,Castaneda,500_1000
,131302.0,3.0,Schwaches Baumholz,195.0,,,colline with beech,2.0,0.3,,,1.0,,,2,2,2,2,,,,,,,4643,Schwaches Baumholz_2,868.6,0,not_young,0,0,1,Castaneda,500_1000
,131618.0,1.0,Jungwuchs/Dickung,139.0,,,colline with beech,2.0,1.0,,,1.0,,,2,2,2,2,,,,,,,4645,Jungwuchs/Dickung_2,627.5,0,young,0,0,1,Castaneda,500_1000
,131957.0,5.0,Starkes Baumholz,509.0,FI (9) / LA (e) / WFO (1),,lower/upper montane,7.0,5.3,,,1.0,1.0,,2,2,8,8,,,,,,,4647,Starkes Baumholz_7,1479.5,1,not_young,1,0,1,Castaneda,1000_1500
,131958.0,4.0,Mittleres Baumholz,520.0,FI (9) / WFO (1),,lower/upper montane,7.0,0.3,,,1.0,1.0,,2,2,8,8,,,,,,,4648,Mittleres Baumholz_7,1450.9,1,not_young,1,0,1,Castaneda,1000_1500
,132423.0,3.0,Schwaches Baumholz,216.0,TEI (e) / FI (e) / KA (10) / LI (e),ST (10),hyperinsubric,1.0,2.6,,,1.0,,,6,6,6,6,,,1.0,,,,4655,Schwaches Baumholz_1,506.7,0,not_young,0,0,0,Castaneda,500_1000
,132427.0,5.0,Starkes Baumholz,299.0,,,colline with beech,2.0,0.6,,,1.0,,,2,2,2,2,,,,,,,4656,Starkes Baumholz_2,605.8,0,not_young,0,0,1,Castaneda,500_1000
,132626.0,3.0,Schwaches Baumholz,400.0,FI (9),,subalpine,8.0,0.3,,,1.0,,,2,2,2,2,,,,,,,4664,Schwaches Baumholz_8,1755.2,1,not_young,0,0,1,Castaneda,1500_2000
,136216.0,3.0,Schwaches Baumholz,258.0,BAH (5) / WER (2) / KA (3),ES (10),colline with beech,2.0,0.9,,,1.0,,,2,2,2,2,,,,,,,4673,Schwaches Baumholz_2,749.2999999999998,0,not_young,0,0,1,Castaneda,500_1000
,136362.0,3.0,Schwaches Baumholz,177.0,TEI (2) / KA (7),,colline with beech,2.0,4.7,,,1.0,,,2,2,2,2,,,,,,,4674,Schwaches Baumholz_2,807.3999999999999,0,not_young,0,0,1,Castaneda,500_1000
,136364.0,3.0,Schwaches Baumholz,115.0,,,colline with beech,2.0,0.6,,,1.0,,,2,2,2,2,,,,,,,4675,Schwaches Baumholz_2,605.6,0,not_young,0,0,1,Castaneda,500_1000
,136365.0,2.0,Stangenholz,189.0,,,colline with beech,2.0,1.5,,,1.0,,,2,2,2,2,,,,,,,4676,Stangenholz_2,713.4,0,not_young,0,0,1,Castaneda,500_1000
,136554.0,3.0,Schwaches Baumholz,262.0,TEI (3) / FI (e) / KA (7) / BI (e) / LI (e),ST (10),colline with beech,2.0,1.2,,,1.0,,,7,7,7,7,,1.0,,,,,4678,Schwaches Baumholz_2,861.2,0,not_young,0,0,0,Castaneda,500_1000
,136821.0,4.0,Mittleres Baumholz,471.0,FI (9) / LA (1),,high-montane (main area of silver fir),10.0,3.9,,,1.0,1.0,,2,2,8,8,,,,,,,4679,Mittleres Baumholz_10,1585.6,1,not_young,0,0,1,Castaneda,1500_2000
,136823.0,4.0,Mittleres Baumholz,391.0,FI (8) / LA (2),,subalpine,8.0,1.9,,,1.0,,,2,2,2,2,,,,,,,4680,Mittleres Baumholz_8,1707.7,1,not_young,0,0,1,Castaneda,1500_2000
,136824.0,4.0,Mittleres Baumholz,305.0,FI (6) / LA (2) / WFO (2),,high-montane (main area of silver fir),10.0,1.7,,,1.0,,,2,2,2,2,,,,,,,4681,Mittleres Baumholz_10,1676.8,1,not_young,0,0,1,Castaneda,1500_2000
,136978.0,3.0,Schwaches Baumholz,280.0,,,colline with beech,2.0,0.3,,,1.0,,,2,2,2,2,,,,,,,4682,Schwaches Baumholz_2,902.0,0,not_young,0,0,1,Castaneda,500_1000
,136985.0,3.0,Schwaches Baumholz,313.0,,,colline,3.0,2.3,,,1.0,,,2,2,2,2,,,,,,,4683,Schwaches Baumholz_3,551.8,0,not_young,0,0,1,Castaneda,500_1000
,136986.0,2.0,Stangenholz,20.0,,,colline with beech,2.0,0.4,,,1.0,,,2,2,2,2,,,,,,,4684,Stangenholz_2,724.6,0,not_young,0,0,1,Castaneda,500_1000
,136987.0,2.0,Stangenholz,125.0,,,colline with beech,2.0,0.2,,,1.0,,,2,2,2,2,,,,,,,4685,Stangenholz_2,806.1,0,not_young,0,0,1,Castaneda,500_1000
,137047.0,4.0,Mittleres Baumholz,390.0,FI (6) / LA (1) / WFO (3),,high-montane (main area of silver fir),10.0,0.3,,,1.0,1.0,,2,2,8,8,,,,,,,4686,Mittleres Baumholz_10,1643.8,1,not_young,0,0,1,Castaneda,1500_2000
,137548.0,4.0,Mittleres Baumholz,247.0,FI (4) / LA (4) / WFO (2),,high-montane (main area of silver fir),10.0,0.3,,,1.0,,,2,2,2,2,,,,,,,4688,Mittleres Baumholz_10,1676.8,1,not_young,0,0,1,Castaneda,1500_2000
,138061.0,3.0,Schwaches Baumholz,287.0,BAH (e) / TEI (e) / WER (e) / ES (e) / FI (e) / KA (e) / BI (e) / KI (e) / BUL (e),,colline with beech,2.0,2.9,,,1.0,,,2,2,2,2,,,,,,,4689,Schwaches Baumholz_2,618.6,0,not_young,0,0,1,Castaneda,500_1000
,138282.0,4.0,Mittleres Baumholz,184.0,TEI (7) / KA (3) / MBE (e) / LI (e),,colline with beech,2.0,3.5,,,1.0,,,2,2,2,2,,,,,,,4690,Mittleres Baumholz_2,858.7,0,not_young,0,0,1,Castaneda,500_1000
,148871.0,2.0,Stangenholz,363.0,FI (10),,lower/upper montane,7.0,0.2,,,1.0,1.0,,2,2,8,8,,,,,,,4691,Stangenholz_7,1380.5,1,not_young,1,0,1,Castaneda,1000_1500
4.0,,,,,,,,,0.1,,1.0,,,,3,3,4,4,,,,,,,1,plantations,417.6,0,not_young,0,0,0,Lostallo,300_500
,10956.0,3.0,Schwaches Baumholz,223.0,TEI (2) / ES (2) / KA (2) / BI (2) / LI (2),,high-montane (main area of silver fir),10.0,3.5,,,1.0,,,2,2,2,2,,,,,,,322,Schwaches Baumholz_10,1158.2,1,not_young,0,1,1,Lostallo,1000_1500
,11635.0,4.0,Mittleres Baumholz,99.0,TEI (e) / FI (10) / KA (e) / LA (e) / BI (e),,high-montane (main area of silver fir),10.0,1.7,,,1.0,,,2,2,2,2,,,,,,,426,Mittleres Baumholz_10,1177.7,1,not_young,0,1,1,Lostallo,1000_1500
,12060.0,3.0,Schwaches Baumholz,378.0,TEI (e) / WER (e) / ES (1) / KA (e) / BI (e) / WEI (e) / MBE (e) / LI (9),,colline,3.0,4.8,,,1.0,,,2,2,2,2,,,,,,,479,Schwaches Baumholz_3,634.4,0,not_young,0,1,1,Lostallo,500_1000
,12101.0,4.0,Mittleres Baumholz,192.0,TEI (4) / KA (2) / BI (1) / LI (3),,colline,3.0,3.0,,,1.0,,,2,2,2,2,,,,,,,483,Mittleres Baumholz_3,532.1,0,not_young,0,1,1,Lostallo,500_1000
,12132.0,4.0,Mittleres Baumholz,345.0,BU (e) / FI (5) / LA (2) / BI (e) / TA (3),FI (8) / LA (e) / TA (2),high-montane (main area of silver fir),10.0,13.5,,,1.0,,,2,2,2,2,,,,,,,488,Mittleres Baumholz_10,1555.0,1,not_young,0,1,1,Lostallo,1500_2000
,12181.0,2.0,Stangenholz,310.0,TEI (e) / ES (e) / FI (e) / KA (e) / BI (e) / LI (10),,high-montane (main area of silver fir),10.0,3.2,,,1.0,,,2,2,2,2,,,,,,,493,Stangenholz_10,928.0,0,not_young,0,1,1,Lostallo,500_1000
,12284.0,3.0,Schwaches Baumholz,307.0,TEI (e) / WER (e) / ES (1) / KA (e) / BI (e) / WEI (e) / MBE (e) / LI (9),,colline,3.0,3.2,,,1.0,,,2,2,2,2,,,,,,,500,Schwaches Baumholz_3,566.5,0,not_young,0,1,1,Lostallo,500_1000
,13069.0,3.0,Schwaches Baumholz,174.0,TEI (e) / WER (e) / ES (1) / KA (e) / BI (e) / WEI (e) / MBE (e) / LI (9),,colline,3.0,2.6,,,1.0,,,2,2,2,2,,,,,,,612,Schwaches Baumholz_3,515.5,0,not_young,0,1,1,Lostallo,500_1000
,71620.0,3.0,Schwaches Baumholz,149.0,BU (2),,subalpine,8.0,0.6,,,,,,3,3,3,3,,,,,,,671,Schwaches Baumholz_8,1683.9,1,not_young,0,0,0,Lostallo,1500_2000
,71621.0,3.0,Schwaches Baumholz,216.0,FI (3) / LA (4),,high-montane (main area of silver fir),10.0,3.1,,,1.0,,,2,2,2,2,,,,,,,672,Schwaches Baumholz_10,1669.9,1,not_young,0,0,0,Lostallo,1500_2000
,71622.0,3.0,Schwaches Baumholz,100.0,BU (2),,subalpine,8.0,0.4,,,,,,3,3,3,3,,,,,,,673,Schwaches Baumholz_8,1713.2,1,not_young,0,0,0,Lostallo,1500_2000
,71623.0,3.0,Schwaches Baumholz,166.0,BU (2),,high-montane (main area of silver fir),10.0,0.5,,,1.0,,,2,2,2,2,,,,,,,674,Schwaches Baumholz_10,1484.6,1,not_young,0,0,0,Lostallo,1000_1500
,71626.0,4.0,Mittleres Baumholz,248.0,BU (5),,high-montane (main area of silver fir),10.0,0.4,,,1.0,,,2,2,2,2,,,,,,,675,Mittleres Baumholz_10,1504.9,1,not_young,0,0,1,Lostallo,1500_2000
,71627.0,4.0,Mittleres Baumholz,412.0,LA (8),,subalpine,8.0,2.4,,,1.0,,,2,2,2,2,,,,,,,676,Mittleres Baumholz_8,1641.0,1,not_young,0,0,1,Lostallo,1500_2000
,71628.0,3.0,Schwaches Baumholz,328.0,LA (7),,subalpine,8.0,1.0,,,1.0,,,2,2,2,2,,,,,,,677,Schwaches Baumholz_8,1744.8,1,not_young,0,0,1,Lostallo,1500_2000
,71629.0,3.0,Schwaches Baumholz,344.0,LA (9),,upper subalpine,9.0,1.3,,,1.0,,,2,2,2,2,,,,,,,678,Schwaches Baumholz_9,1901.5,1,not_young,0,0,1,Lostallo,1500_2000
,71630.0,4.0,Mittleres Baumholz,244.0,LA (5),,upper subalpine,9.0,0.4,,,1.0,,,2,2,2,2,,,,,,,679,Mittleres Baumholz_9,1918.5,1,not_young,0,0,1,Lostallo,1500_2000
,71631.0,2.0,Stangenholz,343.0,,,high-montane (main area of silver fir),10.0,2.2,,,1.0,,,2,2,2,2,,,,,,,680,Stangenholz_10,1512.1,1,not_young,0,0,1,Lostallo,1500_2000
,71632.0,3.0,Schwaches Baumholz,237.0,TEI (8) / BI (1) / MBE (1),,high-montane (main area of silver fir),10.0,2.1,,,1.0,,,2,2,2,2,,,,,,,681,Schwaches Baumholz_10,928.9,0,not_young,0,0,1,Lostallo,500_1000
,71633.0,4.0,Mittleres Baumholz,174.0,TEI (9) / BI (1) / MBE (e),,high-montane (main area of silver fir),10.0,1.9,,,1.0,,,2,2,2,2,,,,,,,682,Mittleres Baumholz_10,1048.7,1,not_young,0,0,1,Lostallo,1000_1500
,71634.0,4.0,Mittleres Baumholz,358.0,SAH (e) / BAH (3) / BU (e) / TEI (1) / ES (2) / BI (e) / AS (3) / KI (e) / LI (1),,high-montane (main area of silver fir),10.0,0.7,,,1.0,,,2,2,2,2,,,,,,,683,Mittleres Baumholz_10,981.5,0,not_young,0,0,1,Lostallo,500_1000
,71635.0,3.0,Schwaches Baumholz,334.0,BAH (e) / ES (2) / KA (e) / BI (2) / OST (e) / LI (6),,colline,3.0,3.4,,,1.0,,,2,2,2,2,,,,,,,684,Schwaches Baumholz_3,877.7999999999998,0,not_young,0,0,1,Lostallo,500_1000
,71636.0,4.0,Mittleres Baumholz,241.0,BAH (2) / BU (3) / TEI (1) / ES (e) / BI (2) / LI (e) / LAB (e) / TA (2),HAS (10),high-montane (main area of silver fir),10.0,0.9,,,1.0,,,2,2,2,2,,,,,,,685,Mittleres Baumholz_10,1180.5,1,not_young,0,0,1,Lostallo,1000_1500
,71638.0,3.0,Schwaches Baumholz,225.0,BAH (e) / BU (3) / TEI (6) / ES (e) / BI (1) / MBE (e) / LAB (e),,lower/upper montane,7.0,2.0,,,1.0,,,2,2,2,2,,,,,,,686,Schwaches Baumholz_7,1109.2,1,not_young,0,0,1,Lostallo,1000_1500
,71639.0,4.0,Mittleres Baumholz,266.0,BU (1) / FI (7) / LA (2) / BI (e) / TA (e),BU (5) / FI (5),lower/upper montane,7.0,2.7,,,1.0,,1.0,2,2,2,8,,,,1.0,,,687,Mittleres Baumholz_7,1264.7,1,not_young,0,0,1,Lostallo,1000_1500
,71640.0,5.0,Starkes Baumholz,302.0,BAH (2) / BU (2) / ES (1) / FI (2) / BI (2) / VBE (e) / LAB (e) / TA (1),BAH (1) / BU (1) / FI (5) / BI (1) / VBE (1) / LAB (1) / TA (e),lower/upper montane,7.0,3.4,,,1.0,,1.0,2,2,2,8,,,,1.0,,,688,Starkes Baumholz_7,1214.1,1,not_young,0,0,1,Lostallo,1000_1500
,71644.0,4.0,Mittleres Baumholz,221.0,FI (8) / LA (2),,upper subalpine,9.0,1.4,,,1.0,,,2,2,2,2,,,,,,,689,Mittleres Baumholz_9,1875.8,1,not_young,0,0,0,Lostallo,1500_2000
,71647.0,3.0,Schwaches Baumholz,175.0,FI (6) / LA (4),,upper subalpine,9.0,1.2,,,1.0,,,2,2,2,2,,,,,,,690,Schwaches Baumholz_9,1994.3,1,not_young,0,0,0,Lostallo,1500_2000
,71651.0,2.0,Stangenholz,206.0,,,lower/upper montane,7.0,0.7,,,1.0,1.0,,2,2,8,8,,,,,,,691,Stangenholz_7,1365.7,1,not_young,0,0,0,Lostallo,1000_1500
,71653.0,2.0,Stangenholz,162.0,FI (4),,high-montane (main area of silver fir),10.0,0.4,,,1.0,,,2,2,2,2,,,,,,,692,Stangenholz_10,1197.8,1,not_young,0,0,1,Lostallo,1000_1500
,71655.0,3.0,Schwaches Baumholz,776.0,FI (3) / LA (2),,subalpine,8.0,0.2,,,1.0,,,2,2,2,2,,,,,,,693,Schwaches Baumholz_8,1658.5,1,not_young,0,0,1,Lostallo,1500_2000
,71656.0,2.0,Stangenholz,150.0,BU (4),,lower/upper montane,7.0,1.0,,,1.0,,,2,2,2,2,,,,,,,694,Stangenholz_7,1427.8,1,not_young,0,0,1,Lostallo,1000_1500
,71657.0,4.0,Mittleres Baumholz,287.0,FI (5) / LA (2) / TA (2),,high-montane (main area of silver fir),10.0,1.6,,,1.0,,,2,2,2,2,,,,,,,695,Mittleres Baumholz_10,1440.6,1,not_young,0,0,1,Lostallo,1000_1500
,71658.0,2.0,Stangenholz,99.0,BU (2),,lower/upper montane,7.0,0.7,,,1.0,,,2,2,2,2,,,,,,,696,Stangenholz_7,1339.5,1,not_young,0,0,1,Lostallo,1000_1500
,71660.0,4.0,Mittleres Baumholz,313.0,AER (1) / LA (8),,upper subalpine,9.0,2.1,,,1.0,,,2,2,2,2,,,,,,,697,Mittleres Baumholz_9,1844.3,1,not_young,0,0,1,Lostallo,1500_2000
,71661.0,4.0,Mittleres Baumholz,302.0,LA (9),,subalpine,8.0,0.7,,,1.0,,,2,2,2,2,,,,,,,698,Mittleres Baumholz_8,1685.2,1,not_young,0,0,1,Lostallo,1500_2000
,71662.0,2.0,Stangenholz,225.0,,,subalpine,8.0,1.0,,,1.0,,,2,2,2,2,,,,,,,699,Stangenholz_8,1577.4,1,not_young,0,0,1,Lostallo,1500_2000
,71665.0,5.0,Starkes Baumholz,561.0,BAH (e) / BU (3) / ES (1) / FI (2) / BI (1) / AS (1) / TA (2),BAH (1) / BU (4) / ES (e) / FI (3) / BI (1) / AS (e) / TA (1),high-montane (main area of silver fir),10.0,1.4,,,1.0,1.0,,2,2,8,8,,,,,,,700,Starkes Baumholz_10,1093.8,1,not_young,1,0,0,Lostallo,1000_1500
,71666.0,5.0,Starkes Baumholz,515.0,BU (1) / FI (1) / TA (8),BU (7) / FI (3),lower/upper montane,7.0,0.6,,,1.0,1.0,,2,2,8,8,,,,,,,701,Starkes Baumholz_7,1135.5,1,not_young,1,0,0,Lostallo,1000_1500
,71669.0,2.0,Stangenholz,515.0,,,high-montane (main area of silver fir),10.0,1.4,,,1.0,1.0,,2,2,8,8,,,,,,,702,Stangenholz_10,1112.7,1,not_young,1,0,0,Lostallo,1000_1500
,71672.0,5.0,Starkes Baumholz,356.0,BAH (e) / BU (1) / FI (8) / BI (e) / TA (1),BU (4) / FI (1) / BI (4) / TA (1),high-montane (main area of silver fir),10.0,1.1,,,1.0,1.0,,2,2,8,8,,,,,,,703,Starkes Baumholz_10,1278.4,1,not_young,1,0,0,Lostallo,1000_1500
,71673.0,3.0,Schwaches Baumholz,156.0,BU (e) / TEI (e) / WER (3) / ES (6) / KI (e) / WEI (e) / LI (e) / BUL (e) / ST (1),ES (2) / ST (8),colline,3.0,1.4,,,,,,3,3,3,3,,,,,,,704,Schwaches Baumholz_3,406.8,0,not_young,0,0,0,Lostallo,300_500
,71674.0,5.0,Starkes Baumholz,314.0,BAH (e) / BU (1) / ES (e) / FI (6) / BI (1) / TA (2),,lower/upper montane,7.0,1.1,,,1.0,,,2,2,2,2,,,,,,,705,Starkes Baumholz_7,1337.9,1,not_young,0,0,0,Lostallo,1000_1500
,71675.0,3.0,Schwaches Baumholz,410.0,BAH (1) / BU (3) / TEI (e) / WER (e) / ES (2) / FI (1) / BI (2) / LI (e) / TA (1),,high-montane (main area of silver fir),10.0,6.4,,,1.0,1.0,,2,2,8,8,,,,,,,706,Schwaches Baumholz_10,1278.0,1,not_young,1,0,0,Lostallo,1000_1500
,71676.0,3.0,Schwaches Baumholz,436.0,BAH (e) / BU (8) / ES (e) / FI (e) / TA (2),,high-montane (main area of silver fir),10.0,0.5,,,1.0,1.0,,2,2,8,8,,,,,,,707,Schwaches Baumholz_10,1296.0,1,not_young,1,0,0,Lostallo,1000_1500
,71677.0,3.0,Schwaches Baumholz,315.0,BAH (1) / BU (3) / TEI (e) / WER (e) / ES (2) / FI (1) / BI (2) / LI (e) / TA (1),,lower/upper montane,7.0,1.7,,,1.0,1.0,,2,2,8,8,,,,,,,708,Schwaches Baumholz_7,1181.2,1,not_young,1,0,0,Lostallo,1000_1500
,71678.0,5.0,Starkes Baumholz,457.0,BAH (e) / BU (1) / ES (e) / FI (6) / BI (1) / TA (2),,lower/upper montane,7.0,1.5,,,1.0,1.0,,2,2,8,8,,,,,,,709,Starkes Baumholz_7,1246.8,1,not_young,1,0,0,Lostallo,1000_1500
,71680.0,2.0,Stangenholz,260.0,BAH (e) / FI (8) / LA (e) / BI (e) / VBE (e) / LAB (e) / TA (2),FI (10) / LA (e) / LAB (e) / TA (e),high-montane (main area of silver fir),10.0,1.7,,,1.0,1.0,,2,2,8,8,,,,,,,710,Stangenholz_10,1435.1,1,not_young,0,0,0,Lostallo,1000_1500
,71681.0,2.0,Stangenholz,276.0,BAH (e) / FI (8) / LA (e) / BI (e) / VBE (e) / LAB (e) / TA (2),FI (10) / LA (e) / LAB (e) / TA (e),high-montane (main area of silver fir),10.0,0.2,,,1.0,1.0,,2,2,8,8,,,,,,,711,Stangenholz_10,1317.4,1,not_young,0,0,0,Lostallo,1000_1500
,71682.0,5.0,Starkes Baumholz,487.0,BU (e) / FI (6) / TA (4),BAH (e) / BU (e) / FI (5) / LAB (e) / TA (5),high-montane (main area of silver fir),10.0,1.1,,,1.0,1.0,,2,2,8,8,,,,,,,712,Starkes Baumholz_10,1367.4,1,not_young,0,0,0,Lostallo,1000_1500
,71683.0,5.0,Starkes Baumholz,527.0,FI (9) / LA (e) / TA (1),,high-montane (main area of silver fir),10.0,1.5,,,1.0,1.0,,2,2,8,8,,,,,,,713,Starkes Baumholz_10,1535.1,1,not_young,0,0,0,Lostallo,1500_2000
,71685.0,5.0,Starkes Baumholz,545.0,FI (7) / TA (3),FI (10) / LAB (e) / TA (e),high-montane (main area of silver fir),10.0,3.6,,,1.0,1.0,,2,2,8,8,,,,,,,714,Starkes Baumholz_10,1400.4,1,not_young,0,0,0,Lostallo,1000_1500
,71688.0,3.0,Schwaches Baumholz,473.0,FI (9) / LA (1),,high-montane (main area of silver fir),10.0,0.7,,,1.0,1.0,,2,2,8,8,,,,,,,715,Schwaches Baumholz_10,1588.3,1,not_young,0,0,0,Lostallo,1500_2000
,71689.0,4.0,Mittleres Baumholz,504.0,FI (6) / LA (4),FI (10),subalpine,8.0,4.8,,,1.0,1.0,,2,2,8,8,,,,,,,716,Mittleres Baumholz_8,1597.7,1,not_young,0,0,0,Lostallo,1500_2000
,71690.0,3.0,Schwaches Baumholz,209.0,FI (7) / LA (3),,-,5.0,0.6,,,1.0,,,2,2,2,2,,,,,,,717,Schwaches Baumholz_5,2054.5,1,not_young,0,0,0,Lostallo,2000_2500
,71691.0,3.0,Schwaches Baumholz,170.0,FI (8) / LA (2),,-,5.0,0.7,,,1.0,,,2,2,2,2,,,,,,,718,Schwaches Baumholz_5,2055.1,1,not_young,0,0,0,Lostallo,2000_2500
,71693.0,5.0,Starkes Baumholz,486.0,FI (8) / TA (2),,subalpine,8.0,2.0,,,1.0,,,2,2,2,2,,,,,,,719,Starkes Baumholz_8,1663.2,1,not_young,0,0,0,Lostallo,1500_2000
,71694.0,5.0,Starkes Baumholz,382.0,FI (7) / LA (1) / TA (2),,subalpine,8.0,1.1,,,1.0,,,2,2,2,2,,,,,,,720,Starkes Baumholz_8,1724.8,1,not_young,0,0,0,Lostallo,1500_2000
,71697.0,2.0,Stangenholz,145.0,FI (2) / LA (8),,-,5.0,0.4,,,1.0,,,2,2,2,2,,,,,,,721,Stangenholz_5,1988.2,1,not_young,0,0,0,Lostallo,1500_2000
,71700.0,2.0,Stangenholz,49.0,LA (10),,-,5.0,0.7,,,,,,3,3,3,3,,,,,,,722,Stangenholz_5,2077.3,1,not_young,0,1,0,Lostallo,2000_2500
,71702.0,3.0,Schwaches Baumholz,368.0,BAH (e) / BU (e) / FI (9) / LA (1),,subalpine,8.0,2.9,,,1.0,1.0,1.0,2,2,8,8,,,,0.0,,,723,Schwaches Baumholz_8,1698.6,1,not_young,0,0,0,Lostallo,1500_2000
,71703.0,4.0,Mittleres Baumholz,527.0,FI (10) / LA (e),,subalpine,8.0,0.8,,,1.0,1.0,,2,2,8,8,,,,,,,724,Mittleres Baumholz_8,1705.7,1,not_young,0,0,0,Lostallo,1500_2000
,71704.0,5.0,Starkes Baumholz,262.0,FI (9) / LA (1),FI (3) / LA (7) / BI (e),subalpine,8.0,2.3,,,1.0,1.0,,2,2,8,8,,,,,,,725,Starkes Baumholz_8,1741.5,1,not_young,0,0,0,Lostallo,1500_2000
,71705.0,5.0,Starkes Baumholz,362.0,FI (7) / LA (3),FI (3) / LA (7),subalpine,8.0,1.0,,,1.0,1.0,,2,2,8,8,,,,,,,726,Starkes Baumholz_8,1760.4,1,not_young,0,0,0,Lostallo,1500_2000
,71706.0,5.0,Starkes Baumholz,478.0,BAH (e) / BU (e) / FI (7) / LA (1) / VBE (e) / TA (2),FI (10) / LA (e) / TA (e),high-montane (main area of silver fir),10.0,5.6,,,1.0,1.0,,2,2,8,8,,,,,,,727,Starkes Baumholz_10,1527.3,1,not_young,1,0,0,Lostallo,1500_2000
,71708.0,5.0,Starkes Baumholz,372.0,FI (1) / LA (9),FI (5) / LA (5),subalpine,8.0,2.9,,,1.0,,,2,2,2,2,,,,,,,728,Starkes Baumholz_8,1773.7,1,not_young,0,0,0,Lostallo,1500_2000
,71709.0,5.0,Starkes Baumholz,197.0,FI (1) / LA (9),FI (4) / LA (6),upper subalpine,9.0,0.7,,,1.0,,,2,2,2,2,,,,,,,729,Starkes Baumholz_9,1836.9,1,not_young,0,0,0,Lostallo,1500_2000
,71710.0,2.0,Stangenholz,151.0,FI (e) / LA (10),FI (5) / LA (5),upper subalpine,9.0,0.6,,,1.0,,,2,2,2,2,,,,,,,730,Stangenholz_9,1933.1,1,not_young,0,0,0,Lostallo,1500_2000
,71711.0,5.0,Starkes Baumholz,218.0,FI (5) / LA (5) / TA (e),FI (8) / LA (2) / TA (e),upper subalpine,9.0,2.1,,,1.0,,,2,2,2,2,,,,,,,731,Starkes Baumholz_9,1865.6,1,not_young,0,0,0,Lostallo,1500_2000
,71712.0,5.0,Starkes Baumholz,510.0,FI (6) / LA (4) / TA (e),FI (10),subalpine,8.0,3.7,,,1.0,1.0,,2,2,8,8,,,,,,,732,Starkes Baumholz_8,1697.4,1,not_young,0,0,0,Lostallo,1500_2000
,71715.0,3.0,Schwaches Baumholz,178.0,AER (1) / FI (4) / LA (4),,upper subalpine,9.0,0.5,,,1.0,,,2,2,2,2,,,,,,,733,Schwaches Baumholz_9,1881.0,1,not_young,0,0,0,Lostallo,1500_2000
,71716.0,3.0,Schwaches Baumholz,167.0,AER (2),,subalpine,8.0,0.7,,,1.0,,,2,2,2,2,,,,,,,734,Schwaches Baumholz_8,1806.5,1,not_young,0,0,0,Lostallo,1500_2000
,71717.0,2.0,Stangenholz,164.0,AER (1) / FI (5) / LA (3),,subalpine,8.0,0.6,,,,,,3,3,3,3,,,,,,,735,Stangenholz_8,1691.1,1,not_young,0,0,0,Lostallo,1500_2000
,71721.0,3.0,Schwaches Baumholz,109.0,FI (5) / LA (5),,-,5.0,0.6,,,,,,3,3,3,3,,,,,,,736,Schwaches Baumholz_5,2046.9,1,not_young,0,0,0,Lostallo,2000_2500
,71724.0,4.0,Mittleres Baumholz,196.0,,,subalpine,8.0,1.0,,,1.0,,,2,2,2,2,,,,,,,737,Mittleres Baumholz_8,1617.0,1,not_young,0,0,0,Lostallo,1500_2000
,71725.0,1.0,Jungwuchs/Dickung,106.0,,,subalpine,8.0,0.5,,,1.0,,,2,2,2,2,,,,,,,738,Jungwuchs/Dickung_8,1623.8,1,young,0,0,0,Lostallo,1500_2000
,71726.0,4.0,Mittleres Baumholz,179.0,FI (5) / LA (4),,subalpine,8.0,2.0,,,1.0,,,2,2,2,2,,,,,,,739,Mittleres Baumholz_8,1849.9,1,not_young,0,0,0,Lostallo,1500_2000
,71733.0,3.0,Schwaches Baumholz,86.0,FI (8) / LA (2),,-,5.0,0.6,,,1.0,,,2,2,2,2,,,,,,,740,Schwaches Baumholz_5,2032.1,1,not_young,0,0,0,Lostallo,2000_2500
,71734.0,3.0,Schwaches Baumholz,193.0,FI (4) / LA (3) / TA (1),,high-montane (main area of silver fir),10.0,2.4,,,,,1.0,3,3,3,8,,,,1.0,,,741,Schwaches Baumholz_10,1425.0,1,not_young,0,0,0,Lostallo,1000_1500
,71736.0,4.0,Mittleres Baumholz,255.0,AER (1) / LA (9),,upper subalpine,9.0,1.5,,,1.0,,,2,2,2,2,,,,,,,742,Mittleres Baumholz_9,1844.0,1,not_young,0,0,0,Lostallo,1500_2000
,71738.0,4.0,Mittleres Baumholz,290.0,FI (1) / LA (9),,subalpine,8.0,1.7,,,1.0,,,2,2,2,2,,,,,,,743,Mittleres Baumholz_8,1701.5,1,not_young,0,0,0,Lostallo,1500_2000
,71749.0,4.0,Mittleres Baumholz,380.0,FI (4) / LA (1) / TA (4),,high-montane (main area of silver fir),10.0,1.2,,,1.0,,1.0,2,2,2,8,,,,1.0,,,744,Mittleres Baumholz_10,1189.1,1,not_young,1,0,0,Lostallo,1000_1500
,71750.0,2.0,Stangenholz,328.0,FI (4) / LA (4),,high-montane (main area of silver fir),10.0,0.3,,,,,1.0,3,3,3,8,,,,1.0,,,745,Stangenholz_10,1568.6,1,not_young,0,0,0,Lostallo,1500_2000
,71752.0,2.0,Stangenholz,290.0,AER (2) / FI (1) / LA (1),,high-montane (main area of silver fir),10.0,0.6,,,1.0,,1.0,2,2,2,8,,,,1.0,,,746,Stangenholz_10,1577.6,1,not_young,0,0,0,Lostallo,1500_2000
,71753.0,4.0,Mittleres Baumholz,417.0,FI (6) / LA (4),,high-montane (main area of silver fir),10.0,1.2,,,1.0,,1.0,2,2,2,8,,,,1.0,,,747,Mittleres Baumholz_10,1548.8,1,not_young,0,0,0,Lostallo,1500_2000
,71755.0,5.0,Starkes Baumholz,397.0,FI (7) / LA (1) / TA (2),,high-montane (main area of silver fir),10.0,1.5,,,1.0,,1.0,2,2,2,8,,,,1.0,,,748,Starkes Baumholz_10,1497.3,1,not_young,0,0,0,Lostallo,1000_1500
,71758.0,3.0,Schwaches Baumholz,305.0,BU (2) / FI (2),,high-montane (main area of silver fir),10.0,1.5,,,1.0,,1.0,2,2,2,2,,,,0.0,,,749,Schwaches Baumholz_10,996.1,0,not_young,0,0,0,Lostallo,500_1000
,71759.0,5.0,Starkes Baumholz,389.0,BU (1) / FI (8) / TA (1),,high-montane (main area of silver fir),10.0,1.3,,,1.0,,1.0,2,2,2,8,,,,1.0,,,750,Starkes Baumholz_10,1471.1,1,not_young,0,0,0,Lostallo,1000_1500
,71760.0,3.0,Schwaches Baumholz,302.0,BU (1) / FI (6) / TA (3),,high-montane (main area of silver fir),10.0,0.2,,,1.0,,1.0,2,2,2,8,,,,1.0,,,751,Schwaches Baumholz_10,1425.1,1,not_young,0,0,0,Lostallo,1000_1500
,71761.0,2.0,Stangenholz,274.0,,,high-montane (main area of silver fir),10.0,0.3,,,1.0,,1.0,2,2,2,8,,,,1.0,,,752,Stangenholz_10,1499.6,1,not_young,0,0,0,Lostallo,1000_1500
,71762.0,4.0,Mittleres Baumholz,315.0,FI (6) / LA (4),,high-montane (main area of silver fir),10.0,0.7,,,1.0,,1.0,2,2,2,2,,,,0.0,,,753,Mittleres Baumholz_10,1569.3,1,not_young,0,0,0,Lostallo,1500_2000
,71763.0,2.0,Stangenholz,193.0,,,high-montane (main area of silver fir),10.0,0.5,,,1.0,,1.0,2,2,2,8,,,,1.0,,,754,Stangenholz_10,1346.5,1,not_young,0,0,0,Lostallo,1000_1500
,71764.0,3.0,Schwaches Baumholz,410.0,FI (2) / LA (7) / TA (1),,high-montane (main area of silver fir),10.0,0.5,,,1.0,,,2,2,2,2,,,,,,,755,Schwaches Baumholz_10,1352.2,1,not_young,0,0,1,Lostallo,1000_1500
,71765.0,2.0,Stangenholz,102.0,FI (5),,lower/upper montane,7.0,0.7,,,1.0,,,2,2,2,2,,,,,,,756,Stangenholz_7,1150.9,1,not_young,0,0,1,Lostallo,1000_1500
,71766.0,2.0,Stangenholz,273.0,BU (2) / FI (1) / LA (1),,high-montane (main area of silver fir),10.0,0.5,,,1.0,,,2,2,2,2,,,,,,,757,Stangenholz_10,1467.7,1,not_young,0,0,1,Lostallo,1000_1500
,71767.0,5.0,Starkes Baumholz,416.0,FI (7) / LA (2),,high-montane (main area of silver fir),10.0,1.3,,,1.0,,,2,2,2,2,,,,,,,758,Starkes Baumholz_10,1495.9,1,not_young,0,0,1,Lostallo,1000_1500
,71768.0,3.0,Schwaches Baumholz,333.0,BU (3) / FI (1),,high-montane (main area of silver fir),10.0,3.1,,,1.0,,,2,2,2,2,,,,,,,759,Schwaches Baumholz_10,1444.6,1,not_young,0,0,1,Lostallo,1000_1500
,71769.0,4.0,Mittleres Baumholz,335.0,FI (2) / LA (6),,high-montane (main area of silver fir),10.0,1.6,,,1.0,,,2,2,2,2,,,,,,,760,Mittleres Baumholz_10,1610.4,1,not_young,0,0,1,Lostallo,1500_2000
,71770.0,3.0,Schwaches Baumholz,102.0,AER (4) / LA (5),,upper subalpine,9.0,1.7,,,1.0,,,2,2,2,2,,,,,,,761,Schwaches Baumholz_9,1876.8,1,not_young,0,0,1,Lostallo,1500_2000
,71772.0,5.0,Starkes Baumholz,385.0,FI (2) / LA (7),,high-montane (main area of silver fir),10.0,1.9,,,1.0,,,2,2,2,2,,,,,,,762,Starkes Baumholz_10,1463.3,1,not_young,0,0,1,Lostallo,1000_1500
,71773.0,2.0,Stangenholz,228.0,,,lower/upper montane,7.0,0.2,,,1.0,,,2,2,2,2,,,,,,,763,Stangenholz_7,1223.7,1,not_young,0,0,1,Lostallo,1000_1500
,71774.0,2.0,Stangenholz,172.0,BU (1),,lower/upper montane,7.0,0.5,,,1.0,,,2,2,2,2,,,,,,,764,Stangenholz_7,942.9,0,not_young,0,0,1,Lostallo,500_1000
,71776.0,4.0,Mittleres Baumholz,152.0,BU (7),,colline with beech,2.0,4.2,,,1.0,,,2,2,2,2,,,,,,,765,Mittleres Baumholz_2,807.6,0,not_young,0,0,1,Lostallo,500_1000
,71778.0,1.0,Jungwuchs/Dickung,228.0,,FI (9) / LA (1) / BI (e) / VBE (e) / TA (e),high-montane (main area of silver fir),10.0,3.2,,,1.0,1.0,,2,2,8,8,,,,,,,766,Jungwuchs/Dickung_10,1594.3,1,young,0,0,0,Lostallo,1500_2000
,71779.0,5.0,Starkes Baumholz,382.0,BAH (e) / BU (2) / FI (5) / BI (e) / VBE (1) / TA (2),FI (4) / HAS (6) / TA (e),high-montane (main area of silver fir),10.0,4.5,,,1.0,,,2,2,2,2,,,,,,,767,Starkes Baumholz_10,1230.2,1,not_young,0,0,0,Lostallo,1000_1500
,71781.0,4.0,Mittleres Baumholz,141.0,FI (1) / LA (9),,-,5.0,2.2,,,1.0,,,2,2,2,2,,,,,,,768,Mittleres Baumholz_5,2025.3,1,not_young,0,0,0,Lostallo,2000_2500
,71782.0,4.0,Mittleres Baumholz,388.0,LA (7),,subalpine,8.0,0.6,,,1.0,,,2,2,2,2,,,,,,,769,Mittleres Baumholz_8,1767.1,1,not_young,0,0,1,Lostallo,1500_2000
,71786.0,3.0,Schwaches Baumholz,191.0,TEI (e) / WER (2) / ES (7) / FI (e) / KI (e) / WEI (1) / LI (e),WER (2) / ES (3) / WEI (1) / LI (e) / ST (4),colline,3.0,2.3,,,1.0,,,2,2,2,2,,,,,,,770,Schwaches Baumholz_3,403.8,0,not_young,0,0,0,Lostallo,300_500
,71787.0,4.0,Mittleres Baumholz,407.0,BAH (e) / BU (e) / TEI (e) / ES (e) / FI (10) / KA (e) / BI (e) / WEI (e) / VBE (e) / LAB (e) / TA (e),BU (e) / FI (10) / KA (e) / MBE (e) / LAB (e) / TA (e),high-montane (main area of silver fir),10.0,8.2,,,1.0,,,2,2,2,2,,,,,,,771,Mittleres Baumholz_10,1088.9,1,not_young,0,0,0,Lostallo,1000_1500
,71789.0,5.0,Starkes Baumholz,339.0,BAH (e) / BU (1) / ES (e) / FI (7) / BI (e) / LAB (e) / TA (2),BU (e) / FI (8) / BI (2) / TA (e),high-montane (main area of silver fir),10.0,6.6,,,1.0,1.0,,2,2,8,8,,,,,,,772,Starkes Baumholz_10,1132.2,1,not_young,1,0,0,Lostallo,1000_1500
,71791.0,5.0,Starkes Baumholz,401.0,BAH (e) / BU (e) / FI (9) / LA (e) / VBE (e) / TA (1),BAH (e) / FI (10) / VBE (e) / LAB (e),high-montane (main area of silver fir),10.0,2.6,,,1.0,,1.0,2,2,2,8,,,,1.0,,,773,Starkes Baumholz_10,1302.1,1,not_young,0,0,1,Lostallo,1000_1500
,71792.0,4.0,Mittleres Baumholz,223.0,,,colline,3.0,0.3,,,1.0,,,2,2,2,2,,,,,,,774,Mittleres Baumholz_3,545.2,0,not_young,0,0,1,Lostallo,500_1000
,71793.0,2.0,Stangenholz,0.0,,,colline,3.0,0.2,,,,,,3,3,3,3,,,,,,,775,Stangenholz_3,460.0,0,not_young,0,0,0,Lostallo,300_500
,71795.0,5.0,Starkes Baumholz,313.0,BAH (1) / BU (5) / TEI (e) / ES (1) / FI (2) / BI (1) / LI (e) / LAB (e),BAH (1) / BU (4) / ES (1) / LI (2) / LAB (2),lower/upper montane,7.0,2.5,,,1.0,,,2,2,2,2,,,,,,,776,Starkes Baumholz_7,1173.8,1,not_young,0,0,1,Lostallo,1000_1500
,71797.0,4.0,Mittleres Baumholz,331.0,SAH (e) / BAH (1) / BU (e) / TEI (7) / ES (1) / BI (e) / MBE (e) / LI (1) / LAB (e),,high-montane (main area of silver fir),10.0,2.6,,,1.0,,,2,2,2,2,,,,,,,777,Mittleres Baumholz_10,956.9,0,not_young,0,0,1,Lostallo,500_1000
,71798.0,2.0,Stangenholz,144.0,BI (e) / LI (e) / ULB (10),,colline,3.0,0.2,,,,,,3,3,3,3,,,,,,,778,Stangenholz_3,542.7,0,not_young,0,0,0,Lostallo,500_1000
,71799.0,3.0,Schwaches Baumholz,113.0,TEI (7) / KA (1) / MBE (1) / LI (1),,colline,3.0,0.8,,,1.0,,,2,2,2,2,,,,,,,779,Schwaches Baumholz_3,481.7,0,not_young,0,0,0,Lostallo,300_500
,71801.0,4.0,Mittleres Baumholz,211.0,,,lower/upper montane,7.0,0.7,,,1.0,,1.0,2,2,2,8,,,,1.0,,,780,Mittleres Baumholz_7,1370.8,1,not_young,0,0,0,Lostallo,1000_1500
,71802.0,2.0,Stangenholz,61.0,FI (1),,lower/upper montane,7.0,2.5,,,1.0,,1.0,2,2,2,8,,,,1.0,,,781,Stangenholz_7,1416.3,1,not_young,0,0,0,Lostallo,1000_1500
,71803.0,2.0,Stangenholz,192.0,FI (7) / LA (1) / TA (1),,lower/upper montane,7.0,1.3,,,1.0,,1.0,2,2,2,8,,,,1.0,,,782,Stangenholz_7,1349.5,1,not_young,0,0,0,Lostallo,1000_1500
,71804.0,3.0,Schwaches Baumholz,388.0,FI (10),,lower/upper montane,7.0,0.5,,,1.0,1.0,,2,2,8,8,,,,,,,783,Schwaches Baumholz_7,1306.8,1,not_young,0,0,0,Lostallo,1000_1500
,71805.0,5.0,Starkes Baumholz,427.0,FI (7) / LA (2) / TA (1),,high-montane (main area of silver fir),10.0,0.3,,,1.0,1.0,,2,2,8,8,,,,,,,784,Starkes Baumholz_10,1372.3,1,not_young,0,0,0,Lostallo,1000_1500
,71806.0,4.0,Mittleres Baumholz,505.0,FI (9) / TA (1),,lower/upper montane,7.0,0.9,,,1.0,1.0,,2,2,8,8,,,,,,,785,Mittleres Baumholz_7,1331.9,1,not_young,0,0,0,Lostallo,1000_1500
,71807.0,4.0,Mittleres Baumholz,448.0,FI (10),,lower/upper montane,7.0,3.6,,,1.0,1.0,1.0,2,2,8,8,,,,0.0,,,786,Mittleres Baumholz_7,1316.0,1,not_young,0,0,0,Lostallo,1000_1500
,71808.0,4.0,Mittleres Baumholz,379.0,FI (3) / TA (1),,lower/upper montane,7.0,1.1,,,1.0,1.0,,2,2,8,8,,,,,,,787,Mittleres Baumholz_7,1359.0,1,not_young,0,0,0,Lostallo,1000_1500
,71810.0,4.0,Mittleres Baumholz,273.0,FI (7) / LA (1) / TA (1),,subalpine,8.0,1.3,,,1.0,,,2,2,2,2,,,,,,,788,Mittleres Baumholz_8,1674.6,1,not_young,0,0,0,Lostallo,1500_2000
,71812.0,1.0,Jungwuchs/Dickung,74.0,FI (1) / LA (6),,high-montane (main area of silver fir),10.0,0.3,,,,,,3,3,3,3,,,,,,,789,Jungwuchs/Dickung_10,1428.4,1,young,0,0,0,Lostallo,1000_1500
,71814.0,3.0,Schwaches Baumholz,175.0,FI (3) / LA (2),,lower/upper montane,7.0,0.7,,,1.0,,,2,2,2,2,,,,,,,790,Schwaches Baumholz_7,1449.2,1,not_young,0,0,1,Lostallo,1000_1500
,71818.0,4.0,Mittleres Baumholz,306.0,LA (5),,upper subalpine,9.0,0.4,,,,,,3,3,3,3,,,,,,,791,Mittleres Baumholz_9,1885.8,1,not_young,0,0,0,Lostallo,1500_2000
,71819.0,4.0,Mittleres Baumholz,210.0,FI (4) / LA (4) / TA (2),,subalpine,8.0,1.4,,,1.0,,,2,2,2,2,,,,,,,792,Mittleres Baumholz_8,1861.1,1,not_young,0,0,1,Lostallo,1500_2000
,71824.0,4.0,Mittleres Baumholz,240.0,BU (7),,lower/upper montane,7.0,1.1,,,1.0,,,2,2,2,2,,,,,,,793,Mittleres Baumholz_7,1397.2,1,not_young,0,0,1,Lostallo,1000_1500
,71825.0,4.0,Mittleres Baumholz,248.0,FI (7) / TA (2),,lower/upper montane,7.0,0.4,,,1.0,,,2,2,2,2,,,,,,,794,Mittleres Baumholz_7,1439.0,1,not_young,0,0,1,Lostallo,1000_1500
,71826.0,3.0,Schwaches Baumholz,406.0,BAH (1) / BU (4) / ES (3) / FI (e) / BI (1) / TA (1),BAH (1) / BU (7) / ES (1) / FI (1),high-montane (main area of silver fir),10.0,2.0,,,1.0,1.0,,2,2,8,8,,,,,,,795,Schwaches Baumholz_10,1281.5,1,not_young,1,0,0,Lostallo,1000_1500
,71827.0,5.0,Starkes Baumholz,468.0,BAH (1) / BU (2) / ES (1) / FI (3) / TA (3),BU (2) / ES (2) / FI (6) / TA (e),high-montane (main area of silver fir),10.0,1.1,,,1.0,1.0,,2,2,8,8,,,,,,,796,Starkes Baumholz_10,1348.6,1,not_young,1,0,0,Lostallo,1000_1500
,71828.0,5.0,Starkes Baumholz,413.0,BU (1) / FI (4) / LA (2) / TA (3),BU (e) / FI (9) / LA (1) / TA (e),high-montane (main area of silver fir),10.0,1.9,,,1.0,1.0,,2,2,8,8,,,,,,,797,Starkes Baumholz_10,1506.5,1,not_young,1,0,0,Lostallo,1500_2000
,71829.0,4.0,Mittleres Baumholz,529.0,FI (6) / LA (1) / TA (3),,subalpine,8.0,4.2,,,1.0,,,2,2,2,2,,,,,,,798,Mittleres Baumholz_8,1684.8,1,not_young,0,0,0,Lostallo,1500_2000
,71831.0,3.0,Schwaches Baumholz,413.0,FI (9) / LA (1),,high-montane (main area of silver fir),10.0,0.3,,,1.0,,,2,2,2,2,,,,,,,799,Schwaches Baumholz_10,1302.5,1,not_young,0,0,0,Lostallo,1000_1500
,71834.0,3.0,Schwaches Baumholz,416.0,FI (10) / LA (e) / TA (e),FI (10),high-montane (main area of silver fir),10.0,2.3,,,1.0,1.0,,2,2,8,8,,,,,,,800,Schwaches Baumholz_10,1340.4,1,not_young,1,0,0,Lostallo,1000_1500
,71835.0,2.0,Stangenholz,274.0,FI (8) / LA (e) / TA (2),FI (10) / LA (e) / TA (e),high-montane (main area of silver fir),10.0,1.0,,,1.0,,,2,2,2,2,,,,,,,801,Stangenholz_10,1261.1,1,not_young,0,0,0,Lostallo,1000_1500
,71837.0,3.0,Schwaches Baumholz,273.0,BAH (1) / BU (e) / WER (2) / FI (3) / TA (4),BAH (e) / WER (3) / FI (5) / VBE (e) / TA (2),high-montane (main area of silver fir),10.0,1.5,,,1.0,,,2,2,2,2,,,,,,,802,Schwaches Baumholz_10,1223.4,1,not_young,0,0,0,Lostallo,1000_1500
,71838.0,3.0,Schwaches Baumholz,322.0,BAH (1) / BU (e) / WER (1) / FI (7) / LA (e) / TA (1),,high-montane (main area of silver fir),10.0,1.6,,,1.0,,,2,2,2,2,,,,,,,803,Schwaches Baumholz_10,1252.5,1,not_young,0,0,0,Lostallo,1000_1500
,71839.0,3.0,Schwaches Baumholz,439.0,FI (9) / LA (1),,high-montane (main area of silver fir),10.0,0.9,,,1.0,,,2,2,2,2,,,,,,,804,Schwaches Baumholz_10,1299.1,1,not_young,0,0,0,Lostallo,1000_1500
,71840.0,4.0,Mittleres Baumholz,535.0,FI (8) / LA (2) / TA (e),,high-montane (main area of silver fir),10.0,2.9,,,1.0,1.0,,2,2,8,8,,,,,,,805,Mittleres Baumholz_10,1435.4,1,not_young,0,0,0,Lostallo,1000_1500
,71841.0,5.0,Starkes Baumholz,456.0,FI (6) / LA (4),FI (10) / LA (e),subalpine,8.0,4.8,,,1.0,1.0,,2,2,8,8,,,,,,,806,Starkes Baumholz_8,1655.2,1,not_young,0,0,0,Lostallo,1500_2000
,71842.0,5.0,Starkes Baumholz,509.0,FI (7) / LA (2) / TA (1),FI (10) / TA (e),high-montane (main area of silver fir),10.0,2.8,,,1.0,1.0,,2,2,8,8,,,,,,,807,Starkes Baumholz_10,1563.1,1,not_young,0,0,0,Lostallo,1500_2000
,71843.0,4.0,Mittleres Baumholz,364.0,FI (6) / LA (4) / TA (e),FI (10) / LA (e) / TA (e),subalpine,8.0,2.8,,,1.0,1.0,,2,2,8,8,,,,,,,808,Mittleres Baumholz_8,1803.2,1,not_young,0,0,0,Lostallo,1500_2000
,71844.0,4.0,Mittleres Baumholz,414.0,FI (6) / LA (4),FI (10) / TA (e),subalpine,8.0,8.3,,,1.0,1.0,,2,2,8,8,,,,,,,809,Mittleres Baumholz_8,1734.7,1,not_young,0,0,0,Lostallo,1500_2000
,71845.0,5.0,Starkes Baumholz,523.0,FI (8) / LA (2),FI (10) / LA (e),subalpine,8.0,5.0,,,1.0,1.0,,2,2,8,8,,,,,,,810,Starkes Baumholz_8,1692.2,1,not_young,0,0,0,Lostallo,1500_2000
,71847.0,5.0,Starkes Baumholz,482.0,FI (9) / LA (1) / TA (e),FI (10),high-montane (main area of silver fir),10.0,4.5,,,1.0,1.0,,2,2,8,8,,,,,,,811,Starkes Baumholz_10,1571.4,1,not_young,0,0,0,Lostallo,1500_2000
,71851.0,5.0,Starkes Baumholz,554.0,BAH (e) / BU (e) / FI (9) / LA (e) / TA (1),BAH (e) / BU (e) / FI (7) / TA (3),high-montane (main area of silver fir),10.0,3.5,,,1.0,1.0,,2,2,8,8,,,,,,,812,Starkes Baumholz_10,1308.4,1,not_young,0,0,0,Lostallo,1000_1500
,71853.0,2.0,Stangenholz,71.0,LA (10),,-,5.0,0.4,,,,,,3,3,3,3,,,,,,,813,Stangenholz_5,1992.2,1,not_young,0,0,0,Lostallo,1500_2000
,71855.0,3.0,Schwaches Baumholz,129.0,LA (10),,-,5.0,0.8,,,,,,3,3,3,3,,,,,,,814,Schwaches Baumholz_5,2034.3,1,not_young,0,0,0,Lostallo,2000_2500
,71856.0,2.0,Stangenholz,69.0,LA (10),,-,5.0,0.4,,,,,,3,3,3,3,,,,,,,815,Stangenholz_5,2047.0,1,not_young,0,0,0,Lostallo,2000_2500
,71859.0,2.0,Stangenholz,76.0,LA (10),,-,5.0,4.9,,,1.0,,,2,2,2,2,,,,,,,816,Stangenholz_5,2053.5,1,not_young,0,0,0,Lostallo,2000_2500
,71861.0,5.0,Starkes Baumholz,134.0,AER (5) / FI (1) / LA (4),,upper subalpine,9.0,1.5,,,,,,3,3,3,3,,,,,,,817,Starkes Baumholz_9,1897.9,1,not_young,0,0,0,Lostallo,1500_2000
,71862.0,4.0,Mittleres Baumholz,176.0,FI (3) / LA (7),,upper subalpine,9.0,0.7,,,1.0,,,2,2,2,2,,,,,,,818,Mittleres Baumholz_9,1946.9,1,not_young,0,0,0,Lostallo,1500_2000
,71863.0,5.0,Starkes Baumholz,160.0,FI (1) / LA (9),,upper subalpine,9.0,2.1,,,1.0,,,2,2,2,2,,,,,,,819,Starkes Baumholz_9,1950.0,1,not_young,0,0,0,Lostallo,1500_2000
,71864.0,4.0,Mittleres Baumholz,146.0,FI (1) / LA (9),,-,5.0,1.2,,,1.0,,,2,2,2,2,,,,,,,820,Mittleres Baumholz_5,1984.0,1,not_young,0,0,0,Lostallo,1500_2000
,71869.0,2.0,Stangenholz,32.0,FI (e) / LA (10),FI (5) / LA (5),upper subalpine,9.0,0.6,,,,,,3,3,3,3,,,,,,,821,Stangenholz_9,1898.1,1,not_young,0,0,0,Lostallo,1500_2000
,71870.0,4.0,Mittleres Baumholz,421.0,FI (8) / TA (2),,high-montane (main area of silver fir),10.0,0.7,,,1.0,,,2,2,2,2,,,,,,,822,Mittleres Baumholz_10,1529.2,1,not_young,0,0,0,Lostallo,1500_2000
,71871.0,4.0,Mittleres Baumholz,328.0,FI (2) / TA (1),,high-montane (main area of silver fir),10.0,0.4,,,1.0,1.0,,2,2,8,8,,,,,,,823,Mittleres Baumholz_10,1386.9,1,not_young,1,0,0,Lostallo,1000_1500
,71872.0,4.0,Mittleres Baumholz,336.0,FI (7) / LA (1) / TA (2),,high-montane (main area of silver fir),10.0,0.6,,,1.0,,,2,2,2,2,,,,,,,824,Mittleres Baumholz_10,1527.5,1,not_young,0,0,0,Lostallo,1500_2000
,71874.0,4.0,Mittleres Baumholz,420.0,FI (9) / TA (1),,high-montane (main area of silver fir),10.0,0.8,,,1.0,,,2,2,2,2,,,,,,,825,Mittleres Baumholz_10,1552.6,1,not_young,0,0,0,Lostallo,1500_2000
,71875.0,4.0,Mittleres Baumholz,444.0,BAH (e) / FI (10) / BI (e) / VBE (e),FI (10) / VBE (e),high-montane (main area of silver fir),10.0,0.5,,,1.0,1.0,,2,2,8,8,,,,,,,826,Mittleres Baumholz_10,1345.4,1,not_young,1,0,0,Lostallo,1000_1500
,71876.0,4.0,Mittleres Baumholz,310.0,FI (2) / TA (1),,subalpine,8.0,0.7,,,1.0,,,2,2,2,2,,,,,,,827,Mittleres Baumholz_8,1684.3,1,not_young,0,0,0,Lostallo,1500_2000
,71885.0,4.0,Mittleres Baumholz,318.0,FI (5) / LA (5),,subalpine,8.0,0.8,,,1.0,,,2,2,2,2,,,,,,,828,Mittleres Baumholz_8,1726.6,1,not_young,0,0,0,Lostallo,1500_2000
,71886.0,1.0,Jungwuchs/Dickung,236.0,AER (3) / FI (3) / LA (2),,subalpine,8.0,0.3,,,,,,3,3,3,3,,,,,,,829,Jungwuchs/Dickung_8,1591.4,1,young,0,0,0,Lostallo,1500_2000
,71890.0,5.0,Starkes Baumholz,457.0,FI (9) / TA (1),,lower/upper montane,7.0,0.4,,,1.0,,1.0,2,2,2,8,,,,1.0,,,830,Starkes Baumholz_7,1365.6,1,not_young,0,0,0,Lostallo,1000_1500
,71892.0,1.0,Jungwuchs/Dickung,72.0,FI (4) / LA (2),,lower/upper montane,7.0,0.2,,,,,1.0,3,3,3,3,,,,0.0,,,831,Jungwuchs/Dickung_7,1380.2,1,young,0,0,0,Lostallo,1000_1500
,71893.0,2.0,Stangenholz,86.0,,,lower/upper montane,7.0,0.2,,,1.0,,,2,2,2,2,,,,,,,832,Stangenholz_7,1442.3,1,not_young,0,0,0,Lostallo,1000_1500
,71894.0,4.0,Mittleres Baumholz,253.0,,,lower/upper montane,7.0,1.7,,,1.0,,1.0,2,2,2,8,,,,1.0,,,833,Mittleres Baumholz_7,1430.1,1,not_young,0,0,0,Lostallo,1000_1500
,71895.0,2.0,Stangenholz,229.0,FI (8) / TA (1),,lower/upper montane,7.0,0.4,,,1.0,,1.0,2,2,2,8,,,,1.0,,,834,Stangenholz_7,1389.2,1,not_young,0,0,0,Lostallo,1000_1500
,71910.0,2.0,Stangenholz,134.0,,,high-montane (main area of silver fir),10.0,0.6,,,1.0,,,2,2,2,2,,,,,,,835,Stangenholz_10,1023.0,1,not_young,0,0,1,Lostallo,1000_1500
,71911.0,3.0,Schwaches Baumholz,379.0,FI (5) / LA (2),,high-montane (main area of silver fir),10.0,0.5,,,1.0,,1.0,2,2,2,8,,,,1.0,,,836,Schwaches Baumholz_10,1573.6,1,not_young,0,0,1,Lostallo,1500_2000
,71912.0,4.0,Mittleres Baumholz,306.0,BU (4) / FI (2),,subalpine,8.0,2.5,,,1.0,,1.0,2,2,2,8,,,,1.0,,,837,Mittleres Baumholz_8,1585.3,1,not_young,0,0,1,Lostallo,1500_2000
,71913.0,4.0,Mittleres Baumholz,400.0,FI (8) / LA (2),,high-montane (main area of silver fir),10.0,4.0,,,1.0,,1.0,2,2,2,8,,,,1.0,,,838,Mittleres Baumholz_10,1600.0,1,not_young,0,0,1,Lostallo,1500_2000
,71915.0,4.0,Mittleres Baumholz,485.0,FI (8) / LA (1) / TA (1),,high-montane (main area of silver fir),10.0,1.8,,,1.0,,1.0,2,2,2,8,,,,1.0,,,839,Mittleres Baumholz_10,1519.7,1,not_young,0,0,1,Lostallo,1500_2000
,71917.0,4.0,Mittleres Baumholz,447.0,BU (3) / FI (3) / TA (1),,high-montane (main area of silver fir),10.0,1.5,,,1.0,,1.0,2,2,2,2,,,,0.0,,,840,Mittleres Baumholz_10,1151.7,1,not_young,0,0,1,Lostallo,1000_1500
,71918.0,4.0,Mittleres Baumholz,378.0,BU (8),,high-montane (main area of silver fir),10.0,1.5,,,1.0,,1.0,2,2,2,2,,,,0.0,,,841,Mittleres Baumholz_10,1048.9,1,not_young,0,0,1,Lostallo,1000_1500
,71919.0,3.0,Schwaches Baumholz,323.0,BU (5),,lower/upper montane,7.0,2.3,,,1.0,,1.0,2,2,2,8,,,,1.0,,,842,Schwaches Baumholz_7,1285.4,1,not_young,0,0,1,Lostallo,1000_1500
,71920.0,4.0,Mittleres Baumholz,303.0,BU (8),,high-montane (main area of silver fir),10.0,1.0,,,1.0,,1.0,2,2,2,8,,,,1.0,,,843,Mittleres Baumholz_10,1136.1,1,not_young,1,0,0,Lostallo,1000_1500
,71922.0,3.0,Schwaches Baumholz,226.0,BU (1) / FI (5),,high-montane (main area of silver fir),10.0,0.4,,,1.0,,,2,2,2,2,,,,,,,844,Schwaches Baumholz_10,1405.6,1,not_young,0,0,1,Lostallo,1000_1500
,71924.0,2.0,Stangenholz,122.0,BU (2) / FI (2),,lower/upper montane,7.0,0.5,,,1.0,,,2,2,2,2,,,,,,,845,Stangenholz_7,1232.8,1,not_young,0,0,1,Lostallo,1000_1500
,71925.0,2.0,Stangenholz,69.0,BU (2),,lower/upper montane,7.0,3.2,,,1.0,,,2,2,2,2,,,,,,,846,Stangenholz_7,939.3,0,not_young,0,0,1,Lostallo,500_1000
,71926.0,3.0,Schwaches Baumholz,327.0,FI (2) / LA (6) / TA (1),,lower/upper montane,7.0,6.3,,,1.0,,,2,2,2,2,,,,,,,847,Schwaches Baumholz_7,1238.5,1,not_young,0,0,1,Lostallo,1000_1500
,71927.0,4.0,Mittleres Baumholz,488.0,FI (5) / LA (1) / TA (3),,lower/upper montane,7.0,0.7,,,1.0,,,2,2,2,2,,,,,,,848,Mittleres Baumholz_7,1383.4,1,not_young,0,0,1,Lostallo,1000_1500
,71928.0,3.0,Schwaches Baumholz,339.0,FI (4),,lower/upper montane,7.0,1.1,,,1.0,,,2,2,2,2,,,,,,,849,Schwaches Baumholz_7,1205.1,1,not_young,0,0,1,Lostallo,1000_1500
,71935.0,5.0,Starkes Baumholz,322.0,FI (7) / LA (2) / TA (1),,subalpine,8.0,1.6,,,1.0,,,2,2,2,2,,,,,,,850,Starkes Baumholz_8,1852.3,1,not_young,0,0,0,Lostallo,1500_2000
,71939.0,3.0,Schwaches Baumholz,130.0,,,colline with beech,2.0,3.2,,,1.0,,,2,2,2,2,,,,,,,851,Schwaches Baumholz_2,765.1,0,not_young,0,0,1,Lostallo,500_1000
,71940.0,3.0,Schwaches Baumholz,139.0,,,colline,3.0,3.1,,,1.0,,,2,2,2,2,,,,,,,852,Schwaches Baumholz_3,570.7,0,not_young,0,0,1,Lostallo,500_1000
,71941.0,4.0,Mittleres Baumholz,160.0,TEI (1) / ES (e) / KA (4) / BI (e) / KI (1) / LI (4),TEI (e) / FI (8) / KA (2),colline,3.0,1.9,,,1.0,,,2,2,2,2,,,,,,,853,Mittleres Baumholz_3,482.0,0,not_young,0,0,0,Lostallo,300_500
,71942.0,5.0,Starkes Baumholz,194.0,BAH (e) / BU (2) / ES (e) / FI (3) / LA (2) / BI (1) / TA (2),,high-montane (main area of silver fir),10.0,3.6,,,1.0,,1.0,2,2,2,8,,,,1.0,,,854,Starkes Baumholz_10,1117.5,1,not_young,0,0,1,Lostallo,1000_1500
,71943.0,4.0,Mittleres Baumholz,114.0,BU (e) / TEI (4) / ES (1) / KA (1) / LA (e) / BI (1) / AS (1) / MBE (e) / LI (1) / TA (1),TEI (10) / ES (e) / LI (e),high-montane (main area of silver fir),10.0,0.5,,,1.0,,,2,2,2,2,,,,,,,855,Mittleres Baumholz_10,1039.6,1,not_young,0,0,1,Lostallo,1000_1500
,71944.0,5.0,Starkes Baumholz,177.0,BAH (e) / BU (2) / ES (e) / FI (3) / LA (2) / BI (1) / TA (2),,lower/upper montane,7.0,1.3,,,1.0,,1.0,2,2,2,8,,,,1.0,,,856,Starkes Baumholz_7,1129.5,1,not_young,0,0,1,Lostallo,1000_1500
,71947.0,3.0,Schwaches Baumholz,128.0,TEI (7) / KA (1) / MBE (1) / LI (1),,colline,3.0,0.5,,,,,,3,3,3,3,,,,,,,857,Schwaches Baumholz_3,736.8999999999999,0,not_young,0,0,0,Lostallo,500_1000
,71951.0,5.0,Starkes Baumholz,362.0,BAH (1) / BU (3) / ES (1) / FI (2) / BI (1) / VBE (e) / LAB (e) / TA (2),BAH (1) / BU (1) / ES (1) / FI (4) / BI (1) / VBE (1) / LAB (1) / TA (e),lower/upper montane,7.0,0.6,,,1.0,,1.0,2,2,2,8,,,,1.0,,,858,Starkes Baumholz_7,1221.1,1,not_young,0,0,1,Lostallo,1000_1500
,71952.0,3.0,Schwaches Baumholz,120.0,FI (2) / LA (8),,upper subalpine,9.0,1.5,,,1.0,,,2,2,2,2,,,,,,,859,Schwaches Baumholz_9,1975.0,1,not_young,0,0,0,Lostallo,1500_2000
,71953.0,3.0,Schwaches Baumholz,158.0,AER (2) / LA (8),,subalpine,8.0,1.0,,,,,,3,3,3,3,,,,,,,860,Schwaches Baumholz_8,1837.5,1,not_young,0,0,0,Lostallo,1500_2000
,71954.0,5.0,Starkes Baumholz,223.0,FI (1) / LA (7),,high-montane (main area of silver fir),10.0,1.2,,,1.0,,,2,2,2,2,,,,,,,861,Starkes Baumholz_10,1575.7,1,not_young,0,0,0,Lostallo,1500_2000
,71959.0,4.0,Mittleres Baumholz,215.0,LA (10),,subalpine,8.0,1.5,,,,,,3,3,3,3,,,,,,,862,Mittleres Baumholz_8,1808.6,1,not_young,0,0,0,Lostallo,1500_2000
,71963.0,4.0,Mittleres Baumholz,341.0,FI (5) / LA (4),,high-montane (main area of silver fir),10.0,0.4,,,1.0,,,2,2,2,2,,,,,,,863,Mittleres Baumholz_10,1597.1,1,not_young,0,0,1,Lostallo,1500_2000
,71964.0,2.0,Stangenholz,263.0,FI (1),,high-montane (main area of silver fir),10.0,1.5,,,1.0,,,2,2,2,2,,,,,,,864,Stangenholz_10,1452.5,1,not_young,0,0,1,Lostallo,1000_1500
,71965.0,4.0,Mittleres Baumholz,366.0,FI (5) / LA (4),,subalpine,8.0,0.6,,,1.0,,,2,2,2,2,,,,,,,865,Mittleres Baumholz_8,1737.6,1,not_young,0,0,1,Lostallo,1500_2000
,71971.0,4.0,Mittleres Baumholz,114.0,AER (4) / FI (6),,upper subalpine,9.0,0.9,,,,,,3,3,3,3,,,,,,,866,Mittleres Baumholz_9,1987.1,1,not_young,0,1,0,Lostallo,1500_2000
,71976.0,3.0,Schwaches Baumholz,153.0,BAH (e) / BU (1) / WER (e) / FI (8) / LA (1) / AS (e),BAH (e) / WER (2) / FI (6) / BI (1) / AS (1),high-montane (main area of silver fir),10.0,1.1,,,1.0,,,2,2,2,2,,,,,,,867,Schwaches Baumholz_10,1207.0,1,not_young,0,0,0,Lostallo,1000_1500
,71977.0,3.0,Schwaches Baumholz,269.0,BU (e) / WER (7) / ES (1) / FI (e) / BI (1) / AS (1),,high-montane (main area of silver fir),10.0,0.7,,,1.0,,,2,2,2,2,,,,,,,868,Schwaches Baumholz_10,1156.4,1,not_young,0,0,0,Lostallo,1000_1500
,71979.0,3.0,Schwaches Baumholz,424.0,BAH (e) / BU (1) / WER (e) / FI (7) / LA (2) / TA (e),,high-montane (main area of silver fir),10.0,4.3,,,1.0,,,2,2,2,2,,,,,,,869,Schwaches Baumholz_10,1259.2,1,not_young,0,0,0,Lostallo,1000_1500
,71980.0,3.0,Schwaches Baumholz,373.0,BAH (1) / WER (1) / ES (1) / FI (6) / LA (e) / AS (1),,high-montane (main area of silver fir),10.0,1.4,,,1.0,,,2,2,2,2,,,,,,,870,Schwaches Baumholz_10,1213.2,1,not_young,0,0,0,Lostallo,1000_1500
,71982.0,5.0,Starkes Baumholz,595.0,FI (5) / LA (4) / TA (1),FI (9) / LA (1) / TA (e),high-montane (main area of silver fir),10.0,1.4,,,1.0,,,2,2,2,2,,,,,,,871,Starkes Baumholz_10,1324.9,1,not_young,0,0,0,Lostallo,1000_1500
,71983.0,4.0,Mittleres Baumholz,456.0,BU (2) / FI (7) / TA (1),,high-montane (main area of silver fir),10.0,1.0,,,1.0,1.0,,2,2,8,8,,,,,,,872,Mittleres Baumholz_10,1293.1,1,not_young,1,0,0,Lostallo,1000_1500
,71984.0,1.0,Jungwuchs/Dickung,179.0,,FI (5) / BI (4) / WEI (1),high-montane (main area of silver fir),10.0,0.5,,,1.0,1.0,,2,2,8,8,,,,,,,873,Jungwuchs/Dickung_10,1260.0,1,young,1,0,0,Lostallo,1000_1500
,71985.0,5.0,Starkes Baumholz,474.0,BU (e) / FI (6) / LA (3) / TA (1),,high-montane (main area of silver fir),10.0,0.6,,,1.0,1.0,,2,2,8,8,,,,,,,874,Starkes Baumholz_10,1341.9,1,not_young,1,0,0,Lostallo,1000_1500
,71986.0,5.0,Starkes Baumholz,472.0,BU (e) / FI (5) / LA (2) / TA (3),BU (e) / FI (10) / LA (e) / TA (e),high-montane (main area of silver fir),10.0,2.4,,,1.0,1.0,,2,2,8,8,,,,,,,875,Starkes Baumholz_10,1340.7,1,not_young,1,0,0,Lostallo,1000_1500
,71987.0,2.0,Stangenholz,375.0,,FI (10) / TA (e),high-montane (main area of silver fir),10.0,0.8,,,1.0,,,2,2,2,2,,,,,,,876,Stangenholz_10,1398.4,1,not_young,0,0,0,Lostallo,1000_1500
,71989.0,4.0,Mittleres Baumholz,462.0,FI (7) / LA (3) / TA (e),,high-montane (main area of silver fir),10.0,1.1,,,1.0,1.0,,2,2,8,8,,,,,,,877,Mittleres Baumholz_10,1415.6,1,not_young,1,0,0,Lostallo,1000_1500
,71990.0,4.0,Mittleres Baumholz,423.0,BU (e) / WER (e) / FI (8) / TA (2),BU (e) / FI (10) / TA (e),high-montane (main area of silver fir),10.0,1.8,,,1.0,1.0,,2,2,8,8,,,,,,,878,Mittleres Baumholz_10,1303.3,1,not_young,0,0,0,Lostallo,1000_1500
,71991.0,3.0,Schwaches Baumholz,519.0,BU (e) / FI (8) / LA (e) / WEI (e) / LAB (e) / TA (2),,high-montane (main area of silver fir),10.0,0.3,,,1.0,,,2,2,2,2,,,,,,,879,Schwaches Baumholz_10,1396.4,1,not_young,0,0,0,Lostallo,1000_1500
,71992.0,2.0,Stangenholz,360.0,BU (e) / FI (6) / LA (1) / BI (e) / TA (3),BU (e) / FI (9) / LA (1) / TA (e),high-montane (main area of silver fir),10.0,2.0,,,1.0,1.0,,2,2,8,8,,,,,,,880,Stangenholz_10,1431.6,1,not_young,0,0,0,Lostallo,1000_1500
,71994.0,4.0,Mittleres Baumholz,593.0,BAH (e) / FI (3) / LA (7) / BI (e) / TA (e),,high-montane (main area of silver fir),10.0,0.5,,,1.0,,,2,2,2,2,,,,,,,881,Mittleres Baumholz_10,1461.5,1,not_young,0,0,0,Lostallo,1000_1500
,71999.0,2.0,Stangenholz,166.0,FI (10) / LA (e) / BI (e) / LAB (e),,high-montane (main area of silver fir),10.0,0.2,,,1.0,1.0,,2,2,8,8,,,,,,,882,Stangenholz_10,1549.7,1,not_young,0,0,0,Lostallo,1500_2000
,72001.0,4.0,Mittleres Baumholz,423.0,FI (8) / LA (1) / TA (1),,subalpine,8.0,1.0,,,1.0,1.0,,2,2,8,8,,,,,,,883,Mittleres Baumholz_8,1589.7,1,not_young,0,0,0,Lostallo,1500_2000
,72002.0,5.0,Starkes Baumholz,421.0,FI (6) / LA (3) / TA (1),FI (10) / LA (e) / TA (e),high-montane (main area of silver fir),10.0,1.0,,,1.0,,,2,2,2,2,,,,,,,884,Starkes Baumholz_10,1515.4,1,not_young,0,0,0,Lostallo,1500_2000
,72003.0,5.0,Starkes Baumholz,557.0,FI (6) / LA (3) / TA (1),FI (10) / LA (e) / TA (e),subalpine,8.0,0.4,,,1.0,,,2,2,2,2,,,,,,,885,Starkes Baumholz_8,1629.4,1,not_young,0,0,0,Lostallo,1500_2000
,72006.0,1.0,Jungwuchs/Dickung,15.0,LA (10),,-,5.0,0.5,,,,,,3,3,3,3,,,,,,,886,Jungwuchs/Dickung_5,2098.3,1,young,0,0,0,Lostallo,2000_2500
,72007.0,1.0,Jungwuchs/Dickung,45.0,LA (10),,-,5.0,0.3,,,,,,3,3,3,3,,,,,,,887,Jungwuchs/Dickung_5,2089.4,1,young,0,0,0,Lostallo,2000_2500
,72012.0,5.0,Starkes Baumholz,193.0,FI (2) / LA (8),,upper subalpine,9.0,1.3,,,1.0,,,2,2,2,2,,,,,,,888,Starkes Baumholz_9,1890.2,1,not_young,0,0,0,Lostallo,1500_2000
,72014.0,4.0,Mittleres Baumholz,123.0,AER (5) / FI (3) / LA (2),,upper subalpine,9.0,2.9,,,1.0,,,2,2,2,2,,,,,,,889,Mittleres Baumholz_9,1937.3,1,not_young,0,0,0,Lostallo,1500_2000
,72015.0,3.0,Schwaches Baumholz,254.0,FI (6) / LA (4),,subalpine,8.0,1.1,,,,,,3,3,3,3,,,,,,,890,Schwaches Baumholz_8,1752.8,1,not_young,0,0,0,Lostallo,1500_2000
,72017.0,2.0,Stangenholz,257.0,FI (9),,upper subalpine,9.0,1.3,,,1.0,,,2,2,2,2,,,,,,,891,Stangenholz_9,1893.8,1,not_young,0,0,0,Lostallo,1500_2000
,72018.0,2.0,Stangenholz,398.0,FI (2),,high-montane (main area of silver fir),10.0,0.5,,,1.0,1.0,,2,2,8,8,,,,,,,892,Stangenholz_10,1346.7,1,not_young,1,0,0,Lostallo,1000_1500
,72019.0,4.0,Mittleres Baumholz,326.0,FI (8) / LA (2),,upper subalpine,9.0,0.5,,,1.0,,,2,2,2,2,,,,,,,893,Mittleres Baumholz_9,1912.3,1,not_young,0,0,0,Lostallo,1500_2000
,72020.0,2.0,Stangenholz,260.0,FI (5),,high-montane (main area of silver fir),10.0,1.5,,,1.0,,,2,2,2,2,,,,,,,894,Stangenholz_10,1489.6,1,not_young,0,0,0,Lostallo,1000_1500
,72024.0,2.0,Stangenholz,211.0,AER (5) / FI (5),,upper subalpine,9.0,1.6,,,1.0,,,2,2,2,2,,,,,,,895,Stangenholz_9,1777.5,1,not_young,0,0,0,Lostallo,1500_2000
,72025.0,4.0,Mittleres Baumholz,359.0,FI (8) / LA (1) / TA (1),,subalpine,8.0,1.6,,,1.0,,,2,2,2,2,,,,,,,896,Mittleres Baumholz_8,1686.1,1,not_young,0,0,0,Lostallo,1500_2000
,72035.0,4.0,Mittleres Baumholz,355.0,FI (9) / TA (1),,lower/upper montane,7.0,2.3,,,1.0,,1.0,2,2,2,8,,,,1.0,,,897,Mittleres Baumholz_7,1360.6,1,not_young,0,0,0,Lostallo,1000_1500
,72037.0,3.0,Schwaches Baumholz,159.0,FI (1) / LA (1),,high-montane (main area of silver fir),10.0,2.1,,,,,1.0,3,3,3,8,,,,1.0,,,898,Schwaches Baumholz_10,1475.0,1,not_young,0,0,0,Lostallo,1000_1500
,72038.0,2.0,Stangenholz,75.0,FI (1) / LA (1),,lower/upper montane,7.0,0.7,,,1.0,,1.0,2,2,2,8,,,,1.0,,,899,Stangenholz_7,1433.2,1,not_young,0,0,0,Lostallo,1000_1500
,72040.0,1.0,Jungwuchs/Dickung,131.0,FI (8),,lower/upper montane,7.0,0.6,,,,,1.0,3,3,3,8,,,,1.0,,,900,Jungwuchs/Dickung_7,1362.4,1,young,0,0,0,Lostallo,1000_1500
,72041.0,2.0,Stangenholz,173.0,FI (9) / TA (1),,lower/upper montane,7.0,0.2,,,,,1.0,3,3,3,8,,,,1.0,,,901,Stangenholz_7,1340.4,1,not_young,0,0,0,Lostallo,1000_1500
,72042.0,2.0,Stangenholz,86.0,AER (4),,high-montane (main area of silver fir),10.0,0.7,,,1.0,,,2,2,2,2,,,,,,,902,Stangenholz_10,1491.0,1,not_young,0,0,0,Lostallo,1000_1500
,72045.0,2.0,Stangenholz,165.0,LA (1),,lower/upper montane,7.0,0.7,,,1.0,,1.0,2,2,2,2,,,,0.0,,,903,Stangenholz_7,1407.6,1,not_young,0,0,0,Lostallo,1000_1500
,72059.0,4.0,Mittleres Baumholz,461.0,FI (4) / TA (3),,high-montane (main area of silver fir),10.0,2.2,,,1.0,,1.0,2,2,2,8,,,,1.0,,,904,Mittleres Baumholz_10,1397.7,1,not_young,0,0,1,Lostallo,1000_1500
,72060.0,5.0,Starkes Baumholz,520.0,BU (7),,lower/upper montane,7.0,1.7,,,1.0,,1.0,2,2,2,8,,,,1.0,,,905,Starkes Baumholz_7,1212.9,1,not_young,0,0,1,Lostallo,1000_1500
,72061.0,3.0,Schwaches Baumholz,369.0,BU (4),,high-montane (main area of silver fir),10.0,0.8,,,1.0,,1.0,2,2,2,8,,,,1.0,,,906,Schwaches Baumholz_10,1473.8,1,not_young,0,0,1,Lostallo,1000_1500
,72062.0,5.0,Starkes Baumholz,553.0,BU (5) / FI (2) / TA (2),,lower/upper montane,7.0,1.3,,,1.0,,1.0,2,2,2,8,,,,1.0,,,907,Starkes Baumholz_7,1293.6,1,not_young,0,0,1,Lostallo,1000_1500
,72063.0,3.0,Schwaches Baumholz,280.0,,,lower/upper montane,7.0,1.0,,,1.0,,1.0,2,2,2,8,,,,1.0,,,908,Schwaches Baumholz_7,1196.8,1,not_young,0,0,1,Lostallo,1000_1500
,72065.0,4.0,Mittleres Baumholz,340.0,FI (7) / LA (2) / TA (1),,subalpine,8.0,0.8,,,1.0,,1.0,2,2,2,8,,,,1.0,,,909,Mittleres Baumholz_8,1669.3,1,not_young,0,0,0,Lostallo,1500_2000
,72068.0,2.0,Stangenholz,134.0,BU (5) / FI (2) / TA (1),,high-montane (main area of silver fir),10.0,0.5,,,1.0,,1.0,2,2,2,8,,,,1.0,,,910,Stangenholz_10,1122.8,1,not_young,1,0,0,Lostallo,1000_1500
,72071.0,3.0,Schwaches Baumholz,137.0,LA (9),,subalpine,8.0,0.5,,,,,1.0,3,3,3,8,,,,1.0,,,911,Schwaches Baumholz_8,1640.4,1,not_young,0,0,0,Lostallo,1500_2000
,72073.0,4.0,Mittleres Baumholz,63.0,BU (8),,lower/upper montane,7.0,0.8,,,1.0,,,2,2,2,2,,,,,,,912,Mittleres Baumholz_7,903.1,0,not_young,0,0,1,Lostallo,500_1000
,72074.0,4.0,Mittleres Baumholz,199.0,BU (5) / FI (1) / TA (1),,lower/upper montane,7.0,1.6,,,1.0,,,2,2,2,2,,,,,,,913,Mittleres Baumholz_7,977.2,0,not_young,0,0,1,Lostallo,500_1000
,72075.0,2.0,Stangenholz,60.0,BU (2),,lower/upper montane,7.0,1.0,,,1.0,,,2,2,2,2,,,,,,,914,Stangenholz_7,841.2999999999998,0,not_young,0,0,1,Lostallo,500_1000
,72076.0,4.0,Mittleres Baumholz,314.0,BU (5) / FI (1) / TA (1),,lower/upper montane,7.0,2.1,,,1.0,,,2,2,2,2,,,,,,,915,Mittleres Baumholz_7,1142.8,1,not_young,0,0,1,Lostallo,1000_1500
,72077.0,3.0,Schwaches Baumholz,106.0,BU (2) / FI (3) / TA (2),,lower/upper montane,7.0,0.7,,,1.0,,,2,2,2,2,,,,,,,916,Schwaches Baumholz_7,921.9,0,not_young,0,0,1,Lostallo,500_1000
,72078.0,2.0,Stangenholz,139.0,,,colline with beech,2.0,0.7,,,1.0,,,2,2,2,2,,,,,,,917,Stangenholz_2,667.1,0,not_young,0,0,1,Lostallo,500_1000
,72079.0,4.0,Mittleres Baumholz,169.0,,,colline with beech,2.0,0.7,,,1.0,,,2,2,2,2,,,,,,,918,Mittleres Baumholz_2,685.2,0,not_young,0,0,1,Lostallo,500_1000
,72081.0,2.0,Stangenholz,190.0,,,colline,3.0,0.8,,,1.0,,,2,2,2,2,,,,,,,919,Stangenholz_3,486.2,0,not_young,0,0,1,Lostallo,300_500
,72082.0,2.0,Stangenholz,70.0,,,colline,3.0,0.5,,,1.0,,,2,2,2,2,,,,,,,920,Stangenholz_3,461.3,0,not_young,0,0,1,Lostallo,300_500
,72083.0,2.0,Stangenholz,110.0,,,colline,3.0,0.3,,,1.0,,,7,7,7,7,,1.0,,,,,921,Stangenholz_3,421.1,0,not_young,0,0,0,Lostallo,300_500
,72084.0,2.0,Stangenholz,119.0,,,colline,3.0,0.2,,,1.0,,,7,7,7,7,,1.0,,,,,922,Stangenholz_3,419.3,0,not_young,0,0,0,Lostallo,300_500
,72085.0,3.0,Schwaches Baumholz,239.0,,,colline,3.0,1.4,,,1.0,,,7,7,7,7,,1.0,,,,,923,Schwaches Baumholz_3,459.9,0,not_young,0,0,0,Lostallo,300_500
,72086.0,3.0,Schwaches Baumholz,175.0,,,colline,3.0,2.4,,1.0,,,,3,3,4,4,,,,,,,924,Schwaches Baumholz_3,442.2,0,not_young,0,0,0,Lostallo,300_500
,72091.0,1.0,Jungwuchs/Dickung,147.0,AER (3) / FI (1) / LA (1),,subalpine,8.0,2.2,,,1.0,,,2,2,2,2,,,,,,,925,Jungwuchs/Dickung_8,1792.0,1,young,0,0,0,Lostallo,1500_2000
,72093.0,5.0,Starkes Baumholz,373.0,FI (8) / TA (2),,high-montane (main area of silver fir),10.0,0.5,,,1.0,1.0,,2,2,8,8,,,,,,,926,Starkes Baumholz_10,1289.0,1,not_young,1,0,0,Lostallo,1000_1500
,72094.0,4.0,Mittleres Baumholz,138.0,,,colline,3.0,4.2,,,1.0,,,2,2,2,2,,,,,,,927,Mittleres Baumholz_3,409.7,0,not_young,0,0,0,Lostallo,300_500
,72095.0,3.0,Schwaches Baumholz,169.0,,,colline with beech,2.0,5.8,,,1.0,,,2,2,2,2,,,,,,,928,Schwaches Baumholz_2,814.1,0,not_young,0,0,1,Lostallo,500_1000
,72098.0,4.0,Mittleres Baumholz,172.0,BU (e) / TEI (4) / ES (1) / KA (1) / LA (e) / BI (1) / AS (1) / MBE (e) / LI (1) / TA (1),TEI (10) / ES (e) / LI (e),high-montane (main area of silver fir),10.0,2.8,,,1.0,,,2,2,2,2,,,,,,,929,Mittleres Baumholz_10,908.5,0,not_young,0,0,1,Lostallo,500_1000
,72099.0,4.0,Mittleres Baumholz,83.0,TEI (6) / KA (1) / BI (1) / AS (1) / KI (e) / MBE (1) / LI (e),TEI (6) / FI (1) / BI (1) / MBE (2),colline,3.0,4.5,,,1.0,,,2,2,2,2,,,,,,,930,Mittleres Baumholz_3,654.8,0,not_young,0,0,1,Lostallo,500_1000
,72100.0,3.0,Schwaches Baumholz,150.0,WER (2) / ES (2) / KA (1) / BI (1) / AS (3) / KI (e) / LI (1),ES (2) / KA (1) / AS (1) / LI (6),colline,3.0,0.8,,,1.0,,,2,2,2,2,,,,,,,931,Schwaches Baumholz_3,456.2,0,not_young,0,0,1,Lostallo,300_500
,72102.0,3.0,Schwaches Baumholz,237.0,ES (e) / KA (8) / BI (1) / OST (1) / LI (e),,colline,3.0,2.4,,,1.0,,,6,6,6,6,,,1.0,,,,932,Schwaches Baumholz_3,595.2,0,not_young,0,0,0,Lostallo,500_1000
,72103.0,5.0,Starkes Baumholz,203.0,BU (e) / FI (8) / KA (1) / BI (1) / MBE (e) / LAB (e),BU (e) / FI (1) / KA (9) / TA (e),high-montane (main area of silver fir),10.0,2.8,,,1.0,,,2,2,2,2,,,,,,,933,Starkes Baumholz_10,755.7,0,not_young,0,0,1,Lostallo,500_1000
,72104.0,4.0,Mittleres Baumholz,186.0,BAH (e) / ES (e) / FI (3) / KA (3) / BI (2) / OST (2) / LI (e),BAH (e) / ES (1) / FI (e) / KA (7) / BI (1) / OST (1) / LI (e),colline,3.0,2.4,,,1.0,,,6,6,6,6,,,1.0,,,,934,Mittleres Baumholz_3,607.4,0,not_young,0,0,0,Lostallo,500_1000
,72105.0,1.0,Jungwuchs/Dickung,141.0,KA (10),BU (e) / KA (10) / KI (e) / WEI (e),colline,3.0,0.8,,,1.0,,,6,6,6,6,,,1.0,,,,935,Jungwuchs/Dickung_3,655.7,0,young,0,0,0,Lostallo,500_1000
,72109.0,4.0,Mittleres Baumholz,126.0,TEI (2) / ES (2) / OST (2) / MBE (e) / LI (4),TEI (3) / ES (2) / KA (e) / BI (1) / OST (1) / MBE (1) / LI (2) / BUL (e),colline,3.0,1.3,,,,,,3,3,3,3,,,,,,,936,Mittleres Baumholz_3,491.6,0,not_young,0,0,0,Lostallo,300_500
,72111.0,1.0,Jungwuchs/Dickung,62.0,AER (4) / LA (6),,subalpine,8.0,0.8,,,,,,3,3,3,3,,,,,,,937,Jungwuchs/Dickung_8,1806.6,1,young,0,0,0,Lostallo,1500_2000
,72116.0,3.0,Schwaches Baumholz,94.0,LA (10),,upper subalpine,9.0,1.0,,,,,,3,3,3,3,,,,,,,938,Schwaches Baumholz_9,1917.2,1,not_young,0,0,0,Lostallo,1500_2000
,72119.0,4.0,Mittleres Baumholz,266.0,BAH (1) / BU (7) / TEI (e) / ES (e) / FI (e) / BI (1) / TA (1),,high-montane (main area of silver fir),10.0,2.9,,,1.0,,,2,2,2,2,,,,,,,939,Mittleres Baumholz_10,1021.5,1,not_young,0,0,1,Lostallo,1000_1500
,72120.0,5.0,Starkes Baumholz,379.0,BAH (e) / BU (1) / FI (5) / LA (e) / BI (e) / TA (4),,high-montane (main area of silver fir),10.0,0.3,,,1.0,,,2,2,2,2,,,,,,,940,Starkes Baumholz_10,1387.0,1,not_young,0,0,1,Lostallo,1000_1500
,72133.0,5.0,Starkes Baumholz,579.0,FI (8) / LA (2) / TA (e),FI (10) / LA (e) / TA (e),high-montane (main area of silver fir),10.0,4.0,,,1.0,1.0,,2,2,8,8,,,,,,,941,Starkes Baumholz_10,1421.2,1,not_young,1,0,0,Lostallo,1000_1500
,72134.0,5.0,Starkes Baumholz,247.0,FI (6) / TA (3),,high-montane (main area of silver fir),10.0,1.7,,,1.0,,1.0,2,2,2,2,,,,0.0,,,942,Starkes Baumholz_10,1339.5,1,not_young,0,0,0,Lostallo,1000_1500
,72135.0,4.0,Mittleres Baumholz,130.0,FI (8) / TA (1),,high-montane (main area of silver fir),10.0,0.3,,,1.0,1.0,,2,2,8,8,,,,,,,943,Mittleres Baumholz_10,1293.8,1,not_young,1,0,0,Lostallo,1000_1500
,72136.0,5.0,Starkes Baumholz,534.0,FI (9) / TA (1),,high-montane (main area of silver fir),10.0,1.1,,,1.0,1.0,,2,2,8,8,,,,,,,944,Starkes Baumholz_10,1297.0,1,not_young,1,0,0,Lostallo,1000_1500
,72137.0,2.0,Stangenholz,336.0,FI (1) / LA (1),,high-montane (main area of silver fir),10.0,1.0,,,1.0,1.0,,2,2,8,8,,,,,,,945,Stangenholz_10,1339.0,1,not_young,1,0,0,Lostallo,1000_1500
,72138.0,2.0,Stangenholz,342.0,FI (9) / TA (1),,lower/upper montane,7.0,1.1,,,,1.0,,3,3,8,8,,,,,,,946,Stangenholz_7,1301.1,1,not_young,1,0,0,Lostallo,1000_1500
,72140.0,4.0,Mittleres Baumholz,207.0,FI (4) / LA (4),,subalpine,8.0,1.0,,,1.0,,,2,2,2,2,,,,,,,947,Mittleres Baumholz_8,1635.0,1,not_young,0,0,0,Lostallo,1500_2000
,72143.0,2.0,Stangenholz,106.0,FI (1) / LA (9),,high-montane (main area of silver fir),10.0,1.9,,,1.0,,,2,2,2,2,,,,,,,948,Stangenholz_10,1464.1,1,not_young,0,0,0,Lostallo,1000_1500
,72144.0,3.0,Schwaches Baumholz,226.0,LA (9),,high-montane (main area of silver fir),10.0,0.9,,,1.0,,,2,2,2,2,,,,,,,949,Schwaches Baumholz_10,1465.3,1,not_young,0,0,0,Lostallo,1000_1500
,72145.0,5.0,Starkes Baumholz,464.0,FI (6) / LA (4) / TA (e),,subalpine,8.0,1.6,,,1.0,1.0,,2,2,8,8,,,,,,,950,Starkes Baumholz_8,1721.7,1,not_young,0,0,0,Lostallo,1500_2000
,72146.0,4.0,Mittleres Baumholz,450.0,BU (e) / FI (8) / TA (2),FI (10) / TA (e),high-montane (main area of silver fir),10.0,0.6,,,1.0,1.0,,2,2,8,8,,,,,,,951,Mittleres Baumholz_10,1296.4,1,not_young,0,0,0,Lostallo,1000_1500
,72147.0,5.0,Starkes Baumholz,298.0,BU (1) / FI (4) / TA (3),,high-montane (main area of silver fir),10.0,3.0,,,1.0,,,2,2,2,2,,,,,,,952,Starkes Baumholz_10,1546.0,1,not_young,0,0,0,Lostallo,1500_2000
,72148.0,4.0,Mittleres Baumholz,449.0,BAH (e) / BU (e) / FI (9) / TA (1),,high-montane (main area of silver fir),10.0,2.2,,,1.0,1.0,,2,2,8,8,,,,,,,953,Mittleres Baumholz_10,1247.8,1,not_young,1,0,0,Lostallo,1000_1500
,72149.0,5.0,Starkes Baumholz,423.0,BAH (1) / BU (3) / FI (2) / VBE (1) / TA (3),,high-montane (main area of silver fir),10.0,1.8,,,1.0,1.0,,2,2,8,8,,,,,,,954,Starkes Baumholz_10,1260.0,1,not_young,1,0,0,Lostallo,1000_1500
,72150.0,4.0,Mittleres Baumholz,417.0,BU (5) / FI (1) / TA (2),,high-montane (main area of silver fir),10.0,1.7,,,1.0,,,2,2,2,2,,,,,,,955,Mittleres Baumholz_10,1173.2,1,not_young,0,0,0,Lostallo,1000_1500
,72152.0,4.0,Mittleres Baumholz,390.0,BU (7) / FI (2) / TA (1),,high-montane (main area of silver fir),10.0,1.6,,,1.0,,,2,2,2,2,,,,,,,956,Mittleres Baumholz_10,1210.7,1,not_young,0,0,0,Lostallo,1000_1500
,72153.0,5.0,Starkes Baumholz,459.0,BU (6) / FI (2) / TA (2),BU (4) / FI (6),high-montane (main area of silver fir),10.0,1.0,,,1.0,,,2,2,2,2,,,,,,,957,Starkes Baumholz_10,1171.5,1,not_young,0,0,0,Lostallo,1000_1500
,72154.0,4.0,Mittleres Baumholz,484.0,BU (1) / FI (5) / TA (1),,high-montane (main area of silver fir),10.0,2.1,,,1.0,1.0,,2,2,8,8,,,,,,,958,Mittleres Baumholz_10,1043.0,1,not_young,1,0,0,Lostallo,1000_1500
,72155.0,2.0,Stangenholz,365.0,BU (6),,high-montane (main area of silver fir),10.0,1.0,,,1.0,1.0,,2,2,8,8,,,,,,,959,Stangenholz_10,988.4,0,not_young,1,0,0,Lostallo,500_1000
,72158.0,5.0,Starkes Baumholz,440.0,FI (7) / LA (2) / TA (1),,subalpine,8.0,0.9,,,1.0,,,2,2,2,2,,,,,,,960,Starkes Baumholz_8,1641.0,1,not_young,0,0,0,Lostallo,1500_2000
,72159.0,3.0,Schwaches Baumholz,320.0,FI (8) / TA (2),,subalpine,8.0,0.7,,,1.0,,,2,2,2,2,,,,,,,961,Schwaches Baumholz_8,1581.3,1,not_young,0,0,0,Lostallo,1500_2000
,72160.0,5.0,Starkes Baumholz,375.0,FI (6) / LA (3) / TA (1),,subalpine,8.0,2.1,,,1.0,,,2,2,2,2,,,,,,,962,Starkes Baumholz_8,1763.8,1,not_young,0,0,0,Lostallo,1500_2000
,72162.0,3.0,Schwaches Baumholz,270.0,FI (5) / LA (5),,subalpine,8.0,0.2,,,,,,3,3,3,3,,,,,,,963,Schwaches Baumholz_8,1718.8,1,not_young,0,0,0,Lostallo,1500_2000
,72164.0,5.0,Starkes Baumholz,363.0,FI (2) / LA (8),,subalpine,8.0,0.7,,,1.0,,,2,2,2,2,,,,,,,964,Starkes Baumholz_8,1779.1,1,not_young,0,0,0,Lostallo,1500_2000
,72165.0,2.0,Stangenholz,168.0,FI (2) / LA (8),,upper subalpine,9.0,0.7,,,1.0,,,2,2,2,2,,,,,,,965,Stangenholz_9,1827.5,1,not_young,0,0,0,Lostallo,1500_2000
,72166.0,5.0,Starkes Baumholz,190.0,AER (3) / FI (1) / LA (6),,upper subalpine,9.0,0.7,,,1.0,,,2,2,2,2,,,,,,,966,Starkes Baumholz_9,1845.3,1,not_young,0,0,0,Lostallo,1500_2000
,72168.0,4.0,Mittleres Baumholz,156.0,AER (3) / LA (7),,upper subalpine,9.0,0.9,,,1.0,,,2,2,2,2,,,,,,,967,Mittleres Baumholz_9,1867.1,1,not_young,0,0,0,Lostallo,1500_2000
,72169.0,2.0,Stangenholz,103.0,AER (4) / FI (1) / LA (5),,subalpine,8.0,2.0,,,,,,3,3,3,3,,,,,,,968,Stangenholz_8,1784.2,1,not_young,0,0,0,Lostallo,1500_2000
,72171.0,4.0,Mittleres Baumholz,295.0,FI (5),,subalpine,8.0,0.3,,,1.0,,,2,2,2,2,,,,,,,969,Mittleres Baumholz_8,1672.2,1,not_young,0,0,0,Lostallo,1500_2000
,72175.0,4.0,Mittleres Baumholz,129.0,FI (e) / LA (10),FI (3) / LA (7) / TA (e),upper subalpine,9.0,2.3,,,1.0,,,2,2,2,2,,,,,,,970,Mittleres Baumholz_9,1951.1,1,not_young,0,0,0,Lostallo,1500_2000
,72176.0,1.0,Jungwuchs/Dickung,151.0,,,high-montane (main area of silver fir),10.0,0.8,,,1.0,,,2,2,2,2,,,,,,,971,Jungwuchs/Dickung_10,1520.9,1,young,0,0,0,Lostallo,1500_2000
,72177.0,2.0,Stangenholz,260.0,FI (1),,high-montane (main area of silver fir),10.0,1.8,,,1.0,,,2,2,2,2,,,,,,,972,Stangenholz_10,1506.7,1,not_young,0,0,0,Lostallo,1500_2000
,72182.0,2.0,Stangenholz,13.0,AER (3) / LA (6),,high-montane (main area of silver fir),10.0,0.4,,,,,,3,3,3,3,,,,,,,973,Stangenholz_10,1537.4,1,not_young,0,0,0,Lostallo,1500_2000
,72188.0,2.0,Stangenholz,27.0,LA (10),,high-montane (main area of silver fir),10.0,0.2,,,,,,3,3,3,3,,,,,,,974,Stangenholz_10,1448.2,1,not_young,0,0,0,Lostallo,1000_1500
,72189.0,2.0,Stangenholz,75.0,FI (1) / LA (2),,subalpine,8.0,3.6,,,,,,3,3,3,3,,,,,,,975,Stangenholz_8,1680.7,1,not_young,0,0,0,Lostallo,1500_2000
,72192.0,4.0,Mittleres Baumholz,235.0,AER (3) / FI (1) / LA (6),,upper subalpine,9.0,1.1,,,1.0,,,2,2,2,2,,,,,,,976,Mittleres Baumholz_9,1871.4,1,not_young,0,0,0,Lostallo,1500_2000
,72195.0,1.0,Jungwuchs/Dickung,118.0,AER (4) / FI (3) / LA (2),,high-montane (main area of silver fir),10.0,0.7,,,,,,3,3,3,3,,,,,,,977,Jungwuchs/Dickung_10,1570.5,1,young,0,0,0,Lostallo,1500_2000
,72197.0,4.0,Mittleres Baumholz,161.0,AER (4) / FI (1) / LA (5),,upper subalpine,9.0,1.0,,,,,,3,3,3,3,,,,,,,978,Mittleres Baumholz_9,1913.3,1,not_young,0,0,0,Lostallo,1500_2000
,72200.0,4.0,Mittleres Baumholz,149.0,AER (4) / FI (1) / LA (5),,upper subalpine,9.0,0.7,,,,,,3,3,3,3,,,,,,,979,Mittleres Baumholz_9,1926.0,1,not_young,0,0,0,Lostallo,1500_2000
,72202.0,1.0,Jungwuchs/Dickung,108.0,FI (3) / LA (2),,subalpine,8.0,1.5,,,,,,3,3,3,3,,,,,,,980,Jungwuchs/Dickung_8,1675.7,1,young,0,0,0,Lostallo,1500_2000
,72214.0,3.0,Schwaches Baumholz,299.0,FI (4) / LA (5),,high-montane (main area of silver fir),10.0,1.4,,,1.0,,1.0,2,2,2,8,,,,1.0,,,981,Schwaches Baumholz_10,1587.7,1,not_young,0,0,0,Lostallo,1500_2000
,72215.0,4.0,Mittleres Baumholz,245.0,BU (7) / TA (1),,colline with beech,2.0,7.0,,,1.0,,,2,2,2,2,,,,,,,982,Mittleres Baumholz_2,939.2,0,not_young,0,0,0,Lostallo,500_1000
,72217.0,3.0,Schwaches Baumholz,71.0,,,colline with beech,2.0,0.6,,,1.0,,,2,2,2,2,,,,,,,983,Schwaches Baumholz_2,567.6,0,not_young,0,0,1,Lostallo,500_1000
,72219.0,3.0,Schwaches Baumholz,78.0,BU (2),,colline with beech,2.0,1.7,,,1.0,,,2,2,2,2,,,,,,,984,Schwaches Baumholz_2,797.2999999999998,0,not_young,0,0,1,Lostallo,500_1000
,72220.0,2.0,Stangenholz,36.0,,,colline with beech,2.0,0.6,,,1.0,,,2,2,2,2,,,,,,,985,Stangenholz_2,628.4,0,not_young,0,0,1,Lostallo,500_1000
,72223.0,4.0,Mittleres Baumholz,407.0,BU (9),,high-montane (main area of silver fir),10.0,4.0,,,1.0,,1.0,2,2,2,8,,,,1.0,,,986,Mittleres Baumholz_10,1101.8,1,not_young,0,0,1,Lostallo,1000_1500
,72224.0,3.0,Schwaches Baumholz,212.0,BU (2) / FI (6),,high-montane (main area of silver fir),10.0,1.9,,,1.0,,,2,2,2,2,,,,,,,987,Schwaches Baumholz_10,975.0,0,not_young,0,0,0,Lostallo,500_1000
,72225.0,3.0,Schwaches Baumholz,232.0,,,colline,3.0,2.6,,,1.0,,,2,2,2,2,,,,,,,988,Schwaches Baumholz_3,479.7,0,not_young,0,0,1,Lostallo,300_500
,72228.0,3.0,Schwaches Baumholz,170.0,,,colline,3.0,5.6,,,1.0,,,2,2,2,2,,,,,,,989,Schwaches Baumholz_3,554.8,0,not_young,0,0,1,Lostallo,500_1000
,72229.0,3.0,Schwaches Baumholz,99.0,,,colline with beech,2.0,4.0,,,1.0,,,2,2,2,2,,,,,,,990,Schwaches Baumholz_2,673.2,0,not_young,0,0,1,Lostallo,500_1000
,72232.0,2.0,Stangenholz,116.0,,,colline,3.0,0.8,,,1.0,,,2,2,2,2,,,,,,,991,Stangenholz_3,489.0,0,not_young,0,0,1,Lostallo,300_500
,72233.0,3.0,Schwaches Baumholz,177.0,,,colline with beech,2.0,4.3,,,,,,3,3,3,3,,,,,,,992,Schwaches Baumholz_2,590.4,0,not_young,0,0,0,Lostallo,500_1000
,72234.0,3.0,Schwaches Baumholz,114.0,,,colline,3.0,2.8,,1.0,1.0,,,2,2,4,4,,,,,,,993,Schwaches Baumholz_3,424.9,0,not_young,0,0,0,Lostallo,300_500
,72236.0,4.0,Mittleres Baumholz,283.0,,,colline,3.0,1.4,,,,,,3,3,3,3,,,,,,,994,Mittleres Baumholz_3,416.9,0,not_young,0,0,0,Lostallo,300_500
,72237.0,2.0,Stangenholz,143.0,,,colline,3.0,0.3,,,,,,3,3,3,3,,,,,,,995,Stangenholz_3,408.0,0,not_young,0,0,0,Lostallo,300_500
,72239.0,3.0,Schwaches Baumholz,328.0,FI (9) / TA (1),,high-montane (main area of silver fir),10.0,1.2,,,1.0,1.0,,2,2,8,8,,,,,,,996,Schwaches Baumholz_10,1293.9,1,not_young,1,0,0,Lostallo,1000_1500
,72240.0,2.0,Stangenholz,114.0,FI (5),,high-montane (main area of silver fir),10.0,0.5,,,1.0,1.0,,2,2,8,8,,,,,,,997,Stangenholz_10,1271.6,1,not_young,1,0,0,Lostallo,1000_1500
,72241.0,3.0,Schwaches Baumholz,324.0,FI (10),,high-montane (main area of silver fir),10.0,0.3,,,1.0,1.0,,2,2,8,8,,,,,,,998,Schwaches Baumholz_10,1283.7,1,not_young,1,0,0,Lostallo,1000_1500
,72242.0,4.0,Mittleres Baumholz,395.0,FI (10),,high-montane (main area of silver fir),10.0,0.5,,,1.0,1.0,,2,2,8,8,,,,,,,999,Mittleres Baumholz_10,1273.9,1,not_young,1,0,0,Lostallo,1000_1500
,72243.0,2.0,Stangenholz,133.0,FI (10),,high-montane (main area of silver fir),10.0,1.0,,,1.0,1.0,,2,2,8,8,,,,,,,1000,Stangenholz_10,1267.4,1,not_young,1,0,0,Lostallo,1000_1500
,72244.0,4.0,Mittleres Baumholz,290.0,FI (1) / TA (1),,high-montane (main area of silver fir),10.0,2.1,,,1.0,1.0,,2,2,8,8,,,,,,,1001,Mittleres Baumholz_10,1376.6,1,not_young,1,0,0,Lostallo,1000_1500
,72245.0,4.0,Mittleres Baumholz,268.0,FI (5) / TA (3),,high-montane (main area of silver fir),10.0,0.4,,,1.0,1.0,,2,2,8,8,,,,,,,1002,Mittleres Baumholz_10,1327.3,1,not_young,1,0,0,Lostallo,1000_1500
,72249.0,3.0,Schwaches Baumholz,268.0,FI (10),,high-montane (main area of silver fir),10.0,0.5,,,1.0,1.0,,2,2,8,8,,,,,,,1003,Schwaches Baumholz_10,1280.7,1,not_young,1,0,0,Lostallo,1000_1500
,72250.0,5.0,Starkes Baumholz,296.0,FI (4) / TA (3),,lower/upper montane,7.0,1.9,,,1.0,,1.0,2,2,2,8,,,,1.0,,,1004,Starkes Baumholz_7,1326.6,1,not_young,1,0,0,Lostallo,1000_1500
,72251.0,4.0,Mittleres Baumholz,438.0,FI (8) / TA (2),,subalpine,8.0,0.3,,,1.0,,1.0,2,2,2,8,,,,1.0,,,1005,Mittleres Baumholz_8,1662.2,1,not_young,0,0,0,Lostallo,1500_2000
,72252.0,4.0,Mittleres Baumholz,413.0,,,high-montane (main area of silver fir),10.0,1.4,,,1.0,,1.0,2,2,2,2,,,,0.0,,,1006,Mittleres Baumholz_10,1546.2,1,not_young,0,0,0,Lostallo,1500_2000
,72253.0,3.0,Schwaches Baumholz,270.0,FI (4) / TA (1),,high-montane (main area of silver fir),10.0,1.1,,,1.0,1.0,1.0,2,2,8,8,,,,0.0,,,1007,Schwaches Baumholz_10,1383.9,1,not_young,1,0,0,Lostallo,1000_1500
,72254.0,5.0,Starkes Baumholz,293.0,FI (6) / TA (3),,high-montane (main area of silver fir),10.0,0.8,,,1.0,1.0,,2,2,8,8,,,,,,,1008,Starkes Baumholz_10,1398.3,1,not_young,1,0,0,Lostallo,1000_1500
,72255.0,3.0,Schwaches Baumholz,276.0,FI (2) / TA (1),,high-montane (main area of silver fir),10.0,0.5,,,1.0,1.0,1.0,2,2,8,8,,,,0.0,,,1009,Schwaches Baumholz_10,1273.6,1,not_young,1,0,0,Lostallo,1000_1500
,72260.0,3.0,Schwaches Baumholz,122.0,,,colline,3.0,2.0,,,1.0,,,7,7,7,7,,1.0,,,,,1010,Schwaches Baumholz_3,446.0,0,not_young,0,0,0,Lostallo,300_500
,72261.0,3.0,Schwaches Baumholz,185.0,,,colline,3.0,1.1,,,1.0,,,7,7,7,7,,1.0,,,,,1011,Schwaches Baumholz_3,457.0,0,not_young,0,0,0,Lostallo,300_500
,72262.0,3.0,Schwaches Baumholz,184.0,,,colline,3.0,0.9,,,1.0,,,7,7,7,7,,1.0,,,,,1012,Schwaches Baumholz_3,444.5,0,not_young,0,0,0,Lostallo,300_500
,72264.0,4.0,Mittleres Baumholz,119.0,,,colline,3.0,0.4,,,1.0,,,2,2,2,2,,,,,,,1013,Mittleres Baumholz_3,474.5,0,not_young,0,0,1,Lostallo,300_500
,72267.0,2.0,Stangenholz,94.0,,,colline,3.0,0.5,,,,,,3,3,3,3,,,,,,,1014,Stangenholz_3,414.9,0,not_young,0,0,0,Lostallo,300_500
,72269.0,4.0,Mittleres Baumholz,179.0,,,colline,3.0,0.3,,,1.0,,,2,2,2,2,,,,,,,1015,Mittleres Baumholz_3,409.8,0,not_young,0,0,0,Lostallo,300_500
,72270.0,3.0,Schwaches Baumholz,97.0,,,colline,3.0,0.4,,,1.0,,,2,2,2,2,,,,,,,1016,Schwaches Baumholz_3,420.0,0,not_young,0,0,0,Lostallo,300_500
,72271.0,4.0,Mittleres Baumholz,301.0,,,colline,3.0,2.3,,,1.0,,,2,2,2,2,,,,,,,1017,Mittleres Baumholz_3,458.0,0,not_young,0,0,1,Lostallo,300_500
,72272.0,4.0,Mittleres Baumholz,338.0,,,colline,3.0,1.4,,,1.0,,,2,2,2,2,,,,,,,1018,Mittleres Baumholz_3,482.5,0,not_young,0,0,0,Lostallo,300_500
,72273.0,4.0,Mittleres Baumholz,394.0,,,colline,3.0,0.6,,,1.0,,,2,2,2,2,,,,,,,1019,Mittleres Baumholz_3,524.6,0,not_young,0,0,0,Lostallo,500_1000
,72274.0,4.0,Mittleres Baumholz,347.0,,,colline,3.0,1.6,,,1.0,,,2,2,2,2,,,,,,,1020,Mittleres Baumholz_3,504.9,0,not_young,0,0,0,Lostallo,500_1000
,72275.0,3.0,Schwaches Baumholz,185.0,ES (1) / BI (5) / LI (4),ST (10),colline,3.0,1.5,,,,,,3,3,3,3,,,,,,,1021,Schwaches Baumholz_3,484.4,0,not_young,0,0,0,Lostallo,300_500
,72276.0,3.0,Schwaches Baumholz,84.0,FI (5) / BI (3) / OST (1) / MBE (1),,colline,3.0,0.6,,,,,,3,3,3,3,,,,,,,1022,Schwaches Baumholz_3,622.3,0,not_young,0,0,0,Lostallo,500_1000
,72277.0,4.0,Mittleres Baumholz,131.0,KA (e) / BI (8) / OST (e) / LI (2),,colline,3.0,2.6,,,,,,3,3,3,3,,,,,,,1023,Mittleres Baumholz_3,596.5,0,not_young,0,0,0,Lostallo,500_1000
,72279.0,5.0,Starkes Baumholz,127.0,FI (9) / OST (e) / KI (e) / LI (1),,colline,3.0,0.5,,,,,,3,3,3,3,,,,,,,1024,Starkes Baumholz_3,678.9,0,not_young,0,0,0,Lostallo,500_1000
,72281.0,3.0,Schwaches Baumholz,131.0,ES (1) / KA (1) / BI (2) / OST (3) / LI (3),,colline,3.0,3.0,,,,,,3,3,3,3,,,,,,,1025,Schwaches Baumholz_3,543.7,0,not_young,0,0,0,Lostallo,500_1000
,72283.0,3.0,Schwaches Baumholz,199.0,ES (e) / BI (1) / LI (9),,colline,3.0,0.7,,,,,,3,3,3,3,,,,,,,1026,Schwaches Baumholz_3,517.3,0,not_young,0,0,0,Lostallo,500_1000
,72284.0,4.0,Mittleres Baumholz,182.0,BAH (e) / TEI (2) / SER (1) / ES (2) / KA (2) / BI (e) / OST (e) / MBE (1) / LI (2) / BUL (e),BAH (1) / TEI (2) / SER (e) / ES (2) / KA (2) / MBE (e) / LI (3),high-montane (main area of silver fir),10.0,3.5,,,1.0,,,2,2,2,2,,,,,,,1027,Mittleres Baumholz_10,945.4,0,not_young,0,0,1,Lostallo,500_1000
,72285.0,4.0,Mittleres Baumholz,269.0,BAH (e) / BU (7) / TEI (1) / ES (1) / FI (e) / LA (1) / BI (e) / TA (e),,high-montane (main area of silver fir),10.0,1.9,,,1.0,,,2,2,2,2,,,,,,,1028,Mittleres Baumholz_10,1111.4,1,not_young,0,0,1,Lostallo,1000_1500
,72289.0,2.0,Stangenholz,73.0,,,lower/upper montane,7.0,0.6,,,1.0,,,2,2,2,2,,,,,,,1029,Stangenholz_7,1265.4,1,not_young,0,0,1,Lostallo,1000_1500
,72290.0,5.0,Starkes Baumholz,444.0,BAH (e) / BU (1) / FI (5) / LA (e) / BI (e) / TA (4),,lower/upper montane,7.0,0.3,,,1.0,,,2,2,2,2,,,,,,,1030,Starkes Baumholz_7,1332.4,1,not_young,0,0,1,Lostallo,1000_1500
,72298.0,4.0,Mittleres Baumholz,364.0,BAH (1) / BU (7) / TEI (e) / ES (e) / FI (e) / BI (1) / TA (1),,lower/upper montane,7.0,0.8,,,1.0,,,2,2,2,2,,,,,,,1031,Mittleres Baumholz_7,1225.0,1,not_young,0,0,1,Lostallo,1000_1500
,72300.0,4.0,Mittleres Baumholz,206.0,BAH (e) / BU (5) / ES (2) / BI (1) / AS (2),,lower/upper montane,7.0,1.1,,,1.0,,,2,2,2,2,,,,,,,1032,Mittleres Baumholz_7,1233.2,1,not_young,0,0,1,Lostallo,1000_1500
,72308.0,3.0,Schwaches Baumholz,289.0,BAH (e) / BU (e) / TEI (10) / ES (e) / KA (e) / BI (e) / KI (e) / MBE (e) / LI (e) / LAB (e),,colline,3.0,7.4,,,1.0,,,2,2,2,2,,,,,,,1033,Schwaches Baumholz_3,943.4,0,not_young,0,0,1,Lostallo,500_1000
,72310.0,5.0,Starkes Baumholz,419.0,LA (9),,high-montane (main area of silver fir),10.0,1.0,,,1.0,,,2,2,2,2,,,,,,,1034,Starkes Baumholz_10,1439.4,1,not_young,0,0,0,Lostallo,1000_1500
,72311.0,3.0,Schwaches Baumholz,263.0,LA (10),,high-montane (main area of silver fir),10.0,1.1,,,1.0,,,2,2,2,2,,,,,,,1035,Schwaches Baumholz_10,1443.9,1,not_young,0,0,0,Lostallo,1000_1500
,72313.0,4.0,Mittleres Baumholz,392.0,FI (5) / LA (5),,high-montane (main area of silver fir),10.0,2.1,,,1.0,,,2,2,2,2,,,,,,,1036,Mittleres Baumholz_10,1498.0,1,not_young,0,0,0,Lostallo,1000_1500
,72314.0,4.0,Mittleres Baumholz,403.0,FI (1) / LA (9),,high-montane (main area of silver fir),10.0,1.0,,,1.0,,,2,2,2,2,,,,,,,1037,Mittleres Baumholz_10,1437.3,1,not_young,0,0,0,Lostallo,1000_1500
,72315.0,4.0,Mittleres Baumholz,365.0,LA (9),,high-montane (main area of silver fir),10.0,0.5,,,1.0,,,2,2,2,2,,,,,,,1038,Mittleres Baumholz_10,1422.7,1,not_young,0,0,0,Lostallo,1000_1500
,72316.0,3.0,Schwaches Baumholz,278.0,LA (9),,high-montane (main area of silver fir),10.0,0.8,,,1.0,,,2,2,2,2,,,,,,,1039,Schwaches Baumholz_10,1424.6,1,not_young,0,0,0,Lostallo,1000_1500
,72317.0,4.0,Mittleres Baumholz,258.0,FI (5) / LA (4),,subalpine,8.0,1.6,,,1.0,,,2,2,2,2,,,,,,,1040,Mittleres Baumholz_8,1708.6,1,not_young,0,0,0,Lostallo,1500_2000
,72320.0,2.0,Stangenholz,261.0,FI (2) / LA (3),,high-montane (main area of silver fir),10.0,1.1,,,1.0,,,2,2,2,2,,,,,,,1041,Stangenholz_10,1553.9,1,not_young,0,0,0,Lostallo,1500_2000
,72321.0,2.0,Stangenholz,122.0,FI (1) / LA (9),,high-montane (main area of silver fir),10.0,1.3,,,,,,3,3,3,3,,,,,,,1042,Stangenholz_10,1451.7,1,not_young,0,0,0,Lostallo,1000_1500
,72323.0,2.0,Stangenholz,110.0,AER (2) / FI (7) / LA (1),,upper subalpine,9.0,0.6,,,1.0,,,2,2,2,2,,,,,,,1043,Stangenholz_9,1958.8,1,not_young,0,0,0,Lostallo,1500_2000
,72324.0,3.0,Schwaches Baumholz,140.0,LA (10),,high-montane (main area of silver fir),10.0,0.6,,,,,,3,3,3,3,,,,,,,1044,Schwaches Baumholz_10,1489.1,1,not_young,0,0,0,Lostallo,1000_1500
,72325.0,4.0,Mittleres Baumholz,420.0,BU (2) / FI (3) / TA (5),BU (6) / FI (4),high-montane (main area of silver fir),10.0,4.0,,,1.0,1.0,,2,2,8,8,,,,,,,1045,Mittleres Baumholz_10,1182.6,1,not_young,1,0,0,Lostallo,1000_1500
,72326.0,2.0,Stangenholz,218.0,,,high-montane (main area of silver fir),10.0,0.3,,,1.0,1.0,,2,2,8,8,,,,,,,1046,Stangenholz_10,1186.2,1,not_young,1,0,0,Lostallo,1000_1500
,72327.0,2.0,Stangenholz,194.0,BU (e) / FI (2) / LA (4) / BI (4) / WEI (e),BAH (e) / BU (e) / FI (8) / LA (e) / BI (1) / WEI (1),high-montane (main area of silver fir),10.0,0.3,,,1.0,1.0,,2,2,8,8,,,,,,,1047,Stangenholz_10,1233.0,1,not_young,1,0,0,Lostallo,1000_1500
,72329.0,2.0,Stangenholz,117.0,,,high-montane (main area of silver fir),10.0,0.5,,,1.0,,,2,2,2,2,,,,,,,1048,Stangenholz_10,873.7999999999998,0,not_young,0,0,0,Lostallo,500_1000
,72330.0,5.0,Starkes Baumholz,264.0,BAH (e) / BU (1) / ES (e) / FI (4) / BI (1) / LI (1) / TA (3),BAH (1) / BU (1) / ES (e) / FI (6) / BI (1) / LI (1),high-montane (main area of silver fir),10.0,4.4,,,1.0,,,2,2,2,2,,,,,,,1049,Starkes Baumholz_10,836.0,0,not_young,0,0,0,Lostallo,500_1000
,72331.0,3.0,Schwaches Baumholz,184.0,BU (5),,high-montane (main area of silver fir),10.0,1.4,,,1.0,,,2,2,2,2,,,,,,,1050,Schwaches Baumholz_10,926.1,0,not_young,0,0,0,Lostallo,500_1000
,72334.0,3.0,Schwaches Baumholz,117.0,FI (1) / LA (9),,-,5.0,0.2,,,1.0,,,2,2,2,2,,,,,,,1051,Schwaches Baumholz_5,2042.1,1,not_young,0,0,0,Lostallo,2000_2500
,72343.0,3.0,Schwaches Baumholz,318.0,FI (8) / TA (2),,high-montane (main area of silver fir),10.0,1.2,,,1.0,1.0,,2,2,8,8,,,,,,,1052,Schwaches Baumholz_10,1524.5,1,not_young,0,0,0,Lostallo,1500_2000
,72344.0,4.0,Mittleres Baumholz,274.0,FI (7) / LA (3),,subalpine,8.0,0.9,,,1.0,,,2,2,2,2,,,,,,,1053,Mittleres Baumholz_8,1726.9,1,not_young,0,0,0,Lostallo,1500_2000
,72345.0,5.0,Starkes Baumholz,451.0,FI (6) / LA (3) / TA (1),,subalpine,8.0,1.5,,,1.0,,,2,2,2,2,,,,,,,1054,Starkes Baumholz_8,1663.9,1,not_young,0,0,0,Lostallo,1500_2000
,72346.0,4.0,Mittleres Baumholz,286.0,FI (8) / LA (1) / TA (1),,subalpine,8.0,0.6,,,1.0,,,2,2,2,2,,,,,,,1055,Mittleres Baumholz_8,1648.5,1,not_young,0,0,0,Lostallo,1500_2000
,72350.0,1.0,Jungwuchs/Dickung,234.0,,,high-montane (main area of silver fir),10.0,0.9,,,1.0,,,2,2,2,2,,,,,,,1056,Jungwuchs/Dickung_10,1463.0,1,young,0,0,0,Lostallo,1000_1500
,72351.0,2.0,Stangenholz,231.0,FI (e) / LA (10),FI (5) / LA (5),upper subalpine,9.0,0.5,,,1.0,,,2,2,2,2,,,,,,,1057,Stangenholz_9,1919.1,1,not_young,0,0,0,Lostallo,1500_2000
,72353.0,4.0,Mittleres Baumholz,221.0,AER (2) / FI (7) / LA (1),,subalpine,8.0,1.1,,,1.0,,1.0,2,2,2,8,,,,1.0,,,1058,Mittleres Baumholz_8,1771.4,1,not_young,0,0,0,Lostallo,1500_2000
,72355.0,4.0,Mittleres Baumholz,246.0,FI (2) / LA (8),,upper subalpine,9.0,0.7,,,1.0,1.0,,2,2,8,8,,,,,,,1059,Mittleres Baumholz_9,1827.8,1,not_young,0,0,0,Lostallo,1500_2000
,72356.0,4.0,Mittleres Baumholz,152.0,FI (2) / LA (8),,upper subalpine,9.0,0.4,,,1.0,,,2,2,2,2,,,,,,,1060,Mittleres Baumholz_9,1932.6,1,not_young,0,0,0,Lostallo,1500_2000
,72368.0,3.0,Schwaches Baumholz,91.0,FI (5) / LA (5),,-,5.0,0.3,,,,,,3,3,3,3,,,,,,,1061,Schwaches Baumholz_5,2033.5,1,not_young,0,0,0,Lostallo,2000_2500
,72370.0,2.0,Stangenholz,179.0,,,high-montane (main area of silver fir),10.0,1.3,,,,,1.0,3,3,3,3,,,,0.0,,,1062,Stangenholz_10,1499.5,1,not_young,0,0,0,Lostallo,1000_1500
,72372.0,2.0,Stangenholz,123.0,FI (1) / LA (1),,lower/upper montane,7.0,0.4,,,1.0,,1.0,2,2,2,8,,,,1.0,,,1063,Stangenholz_7,1409.3,1,not_young,0,0,0,Lostallo,1000_1500
,72376.0,4.0,Mittleres Baumholz,191.0,AER (4) / FI (1) / LA (5),,upper subalpine,9.0,0.5,,,1.0,,,2,2,2,2,,,,,,,1064,Mittleres Baumholz_9,1773.0,1,not_young,0,0,0,Lostallo,1500_2000
,72378.0,2.0,Stangenholz,151.0,,,subalpine,8.0,0.7,,,,,,3,3,3,3,,,,,,,1065,Stangenholz_8,1697.0,1,not_young,0,0,0,Lostallo,1500_2000
,72392.0,2.0,Stangenholz,116.0,BU (1),,high-montane (main area of silver fir),10.0,1.2,,,1.0,,,2,2,2,2,,,,,,,1066,Stangenholz_10,862.7999999999998,0,not_young,0,0,0,Lostallo,500_1000
,72393.0,4.0,Mittleres Baumholz,222.0,BU (2) / FI (4) / TA (3),,high-montane (main area of silver fir),10.0,1.5,,,1.0,,,2,2,2,2,,,,,,,1067,Mittleres Baumholz_10,857.2999999999998,0,not_young,0,0,0,Lostallo,500_1000
,72394.0,3.0,Schwaches Baumholz,201.0,BU (2),,colline,3.0,1.3,,,1.0,,,2,2,2,2,,,,,,,1068,Schwaches Baumholz_3,987.6,0,not_young,0,0,1,Lostallo,500_1000
,72395.0,4.0,Mittleres Baumholz,279.0,BU (7),,high-montane (main area of silver fir),10.0,0.6,,,1.0,,,2,2,2,2,,,,,,,1069,Mittleres Baumholz_10,959.8,0,not_young,0,0,0,Lostallo,500_1000
,72396.0,3.0,Schwaches Baumholz,279.0,BU (2) / FI (6),,high-montane (main area of silver fir),10.0,0.5,,,1.0,,1.0,2,2,2,2,,,,0.0,,,1070,Schwaches Baumholz_10,983.3,0,not_young,0,0,0,Lostallo,500_1000
,72397.0,4.0,Mittleres Baumholz,370.0,BU (7),,lower/upper montane,7.0,2.9,,,1.0,,1.0,2,2,2,2,,,,0.0,,,1071,Mittleres Baumholz_7,943.7,0,not_young,0,0,0,Lostallo,500_1000
,72398.0,2.0,Stangenholz,96.0,BU (2),,colline with beech,2.0,0.4,,,,,,3,3,3,3,,,,,,,1072,Stangenholz_2,566.4,0,not_young,0,0,0,Lostallo,500_1000
,72402.0,4.0,Mittleres Baumholz,371.0,FI (6) / LA (4),,subalpine,8.0,1.8,,,1.0,,1.0,2,2,2,8,,,,1.0,,,1073,Mittleres Baumholz_8,1590.5,1,not_young,0,0,0,Lostallo,1500_2000
,72404.0,4.0,Mittleres Baumholz,109.0,,,colline,3.0,0.2,,,,,,3,3,3,3,,,,,,,1074,Mittleres Baumholz_3,400.1,0,not_young,0,0,0,Lostallo,300_500
,72406.0,4.0,Mittleres Baumholz,193.0,,,colline,3.0,0.2,,,,,,3,3,3,3,,,,,,,1075,Mittleres Baumholz_3,401.5,0,not_young,0,0,0,Lostallo,300_500
,72407.0,4.0,Mittleres Baumholz,181.0,BU (2) / FI (5) / TA (2),,lower/upper montane,7.0,1.8,,,1.0,,,2,2,2,2,,,,,,,1076,Mittleres Baumholz_7,885.0,0,not_young,0,0,1,Lostallo,500_1000
,72408.0,2.0,Stangenholz,73.0,,,colline,3.0,0.8,,,1.0,,,2,2,2,2,,,,,,,1077,Stangenholz_3,545.7,0,not_young,0,0,0,Lostallo,500_1000
,72410.0,2.0,Stangenholz,53.0,,,colline,3.0,1.0,,,1.0,,,2,2,2,2,,,,,,,1078,Stangenholz_3,580.0,0,not_young,0,0,0,Lostallo,500_1000
,72411.0,4.0,Mittleres Baumholz,189.0,,,colline,3.0,3.5,,,1.0,,,2,2,2,2,,,,,,,1079,Mittleres Baumholz_3,446.3,0,not_young,0,0,0,Lostallo,300_500
,72412.0,3.0,Schwaches Baumholz,116.0,,,colline,3.0,1.6,,,1.0,,,2,2,2,2,,,,,,,1080,Schwaches Baumholz_3,542.2,0,not_young,0,0,0,Lostallo,500_1000
,72413.0,2.0,Stangenholz,58.0,,,colline,3.0,2.9,,,1.0,,,2,2,2,2,,,,,,,1081,Stangenholz_3,617.1,0,not_young,0,0,0,Lostallo,500_1000
,72414.0,4.0,Mittleres Baumholz,92.0,FI (4) / TA (4),,colline,3.0,0.2,,,1.0,,,2,2,2,2,,,,,,,1082,Mittleres Baumholz_3,617.1,0,not_young,0,0,0,Lostallo,500_1000
,72415.0,3.0,Schwaches Baumholz,70.0,BU (1) / FI (6) / TA (2),,high-montane (main area of silver fir),10.0,0.6,,,1.0,,,2,2,2,2,,,,,,,1083,Schwaches Baumholz_10,840.0,0,not_young,0,0,0,Lostallo,500_1000
,72416.0,2.0,Stangenholz,166.0,,,colline with beech,2.0,2.9,,,,,,3,3,3,3,,,,,,,1084,Stangenholz_2,576.0,0,not_young,0,0,0,Lostallo,500_1000
,72417.0,4.0,Mittleres Baumholz,344.0,BU (2),,high-montane (main area of silver fir),10.0,1.6,,,1.0,,,2,2,2,2,,,,,,,1085,Mittleres Baumholz_10,1148.1,1,not_young,0,0,0,Lostallo,1000_1500
,72418.0,4.0,Mittleres Baumholz,291.0,BU (1),,high-montane (main area of silver fir),10.0,1.2,,,1.0,,,2,2,2,2,,,,,,,1086,Mittleres Baumholz_10,1142.1,1,not_young,0,0,0,Lostallo,1000_1500
,72419.0,2.0,Stangenholz,251.0,,,high-montane (main area of silver fir),10.0,0.4,,,1.0,,,2,2,2,2,,,,,,,1087,Stangenholz_10,1143.2,1,not_young,0,0,0,Lostallo,1000_1500
,72421.0,3.0,Schwaches Baumholz,354.0,,,high-montane (main area of silver fir),10.0,0.8,,,1.0,,,2,2,2,2,,,,,,,1088,Schwaches Baumholz_10,1060.4,1,not_young,0,0,0,Lostallo,1000_1500
,72422.0,5.0,Starkes Baumholz,432.0,BU (1) / FI (4) / TA (3),,high-montane (main area of silver fir),10.0,0.6,,,1.0,,,2,2,2,2,,,,,,,1089,Starkes Baumholz_10,1048.3,1,not_young,0,0,0,Lostallo,1000_1500
,72423.0,5.0,Starkes Baumholz,338.0,BU (1) / FI (3) / TA (2),,high-montane (main area of silver fir),10.0,0.3,,,1.0,,,2,2,2,2,,,,,,,1090,Starkes Baumholz_10,1051.2,1,not_young,0,0,0,Lostallo,1000_1500
,72424.0,5.0,Starkes Baumholz,452.0,BU (5) / FI (1) / TA (1),,high-montane (main area of silver fir),10.0,0.8,,,1.0,,,2,2,2,2,,,,,,,1091,Starkes Baumholz_10,1078.0,1,not_young,0,0,0,Lostallo,1000_1500
,72425.0,3.0,Schwaches Baumholz,267.0,,,high-montane (main area of silver fir),10.0,2.0,,,1.0,,,2,2,2,2,,,,,,,1092,Schwaches Baumholz_10,1072.5,1,not_young,0,0,0,Lostallo,1000_1500
,72427.0,3.0,Schwaches Baumholz,231.0,,,high-montane (main area of silver fir),10.0,0.7,,,1.0,,,2,2,2,2,,,,,,,1093,Schwaches Baumholz_10,1106.7,1,not_young,0,0,0,Lostallo,1000_1500
,72429.0,3.0,Schwaches Baumholz,152.0,,,high-montane (main area of silver fir),10.0,1.4,,,1.0,,,2,2,2,2,,,,,,,1094,Schwaches Baumholz_10,1056.0,1,not_young,0,0,0,Lostallo,1000_1500
,72431.0,4.0,Mittleres Baumholz,219.0,,,colline,3.0,1.2,,,1.0,,,7,7,7,7,,1.0,,,,,1095,Mittleres Baumholz_3,441.1,0,not_young,0,0,0,Lostallo,300_500
,72432.0,4.0,Mittleres Baumholz,226.0,,,colline,3.0,0.9,,,1.0,,,2,2,2,2,,,,,,,1096,Mittleres Baumholz_3,611.9,0,not_young,0,0,0,Lostallo,500_1000
,72433.0,3.0,Schwaches Baumholz,220.0,,,colline,3.0,1.2,,,1.0,,,2,2,2,2,,,,,,,1097,Schwaches Baumholz_3,640.6,0,not_young,0,0,0,Lostallo,500_1000
,72434.0,2.0,Stangenholz,215.0,,,colline,3.0,1.1,,,1.0,,,2,2,2,2,,,,,,,1098,Stangenholz_3,653.4,0,not_young,0,0,0,Lostallo,500_1000
,72435.0,4.0,Mittleres Baumholz,308.0,BU (6),,high-montane (main area of silver fir),10.0,1.2,,,1.0,,,2,2,2,2,,,,,,,1099,Mittleres Baumholz_10,1377.7,1,not_young,0,0,0,Lostallo,1000_1500
,72439.0,3.0,Schwaches Baumholz,64.0,,,colline,3.0,1.2,,,,,,3,3,3,3,,,,,,,1100,Schwaches Baumholz_3,619.4,0,not_young,0,0,0,Lostallo,500_1000
,72441.0,4.0,Mittleres Baumholz,231.0,BAH (e) / WER (1) / ES (2) / BI (1) / OST (e) / AS (3) / KI (e) / WEI (2) / LI (1),ES (2) / FI (e) / OST (e) / KI (1) / ST (7),colline,3.0,1.5,,,1.0,,,2,2,2,2,,,,,,,1101,Mittleres Baumholz_3,442.5,0,not_young,0,0,0,Lostallo,300_500
,72442.0,2.0,Stangenholz,72.0,WER (1) / BI (5) / AS (1) / WEI (3),BI (2) / RO (2) / WEI (2) / LI (e) / ST (4),colline,3.0,1.3,,,,,,3,3,3,3,,,,,,,1102,Stangenholz_3,453.5,0,not_young,0,0,0,Lostallo,300_500
,72443.0,1.0,Jungwuchs/Dickung,30.0,BI (5) / AS (5) / RO (e) / WEI (e),ES (e) / FI (1) / RO (e) / WEI (5) / LI (e) / ST (4),colline,3.0,1.2,,,1.0,,,2,2,2,2,,,,,,,1103,Jungwuchs/Dickung_3,454.5,0,young,0,0,0,Lostallo,300_500
,72444.0,1.0,Jungwuchs/Dickung,26.0,RO (10),FI (1) / LA (e) / BI (e) / AS (e) / RO (1) / WEI (4) / ST (1),colline,3.0,0.4,,,,,,3,3,3,3,,,,,,,1104,Jungwuchs/Dickung_3,453.1,0,young,0,0,0,Lostallo,300_500
,72445.0,3.0,Schwaches Baumholz,63.0,BAH (e) / ES (2) / KA (2) / BI (2) / AS (1) / KI (e) / WEI (2) / LI (1),BAH (e) / ES (2) / FI (1) / BI (2) / WEI (2) / LI (1) / ST (2),colline,3.0,0.6,,,,,,3,3,3,3,,,,,,,1105,Schwaches Baumholz_3,460.1,0,not_young,0,1,0,Lostallo,300_500
,72447.0,3.0,Schwaches Baumholz,235.0,ES (1) / KA (5) / BI (e) / KI (1) / LI (3),ES (1) / KA (1) / KI (1) / LI (1) / ST (6),colline,3.0,2.7,,,1.0,,,2,2,2,2,,,,,,,1106,Schwaches Baumholz_3,470.2,0,not_young,0,0,1,Lostallo,300_500
,72450.0,3.0,Schwaches Baumholz,148.0,BAH (1) / WER (2) / BI (4) / AS (3) / LI (e),ES (10) / KA (e) / NU (e) / AS (e) / LI (e),colline,3.0,1.2,,,1.0,,,2,2,2,2,,,,,,,1107,Schwaches Baumholz_3,560.0,0,not_young,0,0,1,Lostallo,500_1000
,72451.0,3.0,Schwaches Baumholz,109.0,TEI (3) / ES (4) / KA (1) / BI (1) / LI (1),TEI (1) / ES (4) / KA (e) / BI (e) / KI (e) / MBE (1) / LI (1) / HAS (3),colline,3.0,1.0,,,1.0,,,2,2,2,2,,,,,,,1108,Schwaches Baumholz_3,568.8,0,not_young,0,0,1,Lostallo,500_1000
,72452.0,5.0,Starkes Baumholz,180.0,TEI (1) / ES (4) / KA (3) / BI (e) / NU (e) / KI (1) / LI (1),ES (8) / NU (e) / OST (e) / LI (e) / ST (2),colline,3.0,1.2,,,1.0,,,2,2,2,2,,,,,,,1109,Starkes Baumholz_3,464.8,0,not_young,0,0,1,Lostallo,300_500
,72453.0,4.0,Mittleres Baumholz,236.0,BAH (e) / TEI (e) / ES (3) / KA (4) / BI (e) / LI (3),ES (9) / KI (1) / LI (e),colline,3.0,1.9,,,1.0,,,2,2,2,2,,,,,,,1110,Mittleres Baumholz_3,472.8,0,not_young,0,0,1,Lostallo,300_500
,72463.0,4.0,Mittleres Baumholz,185.0,BAH (e) / BU (5) / ES (2) / BI (1) / AS (2),,lower/upper montane,7.0,4.7,,,1.0,,,2,2,2,2,,,,,,,1111,Mittleres Baumholz_7,1139.1,1,not_young,0,0,1,Lostallo,1000_1500
,72467.0,5.0,Starkes Baumholz,528.0,FI (8) / LA (1) / TA (1),AER (e) / FI (9) / VBE (e) / LAB (e) / TA (1),high-montane (main area of silver fir),10.0,6.9,,,1.0,,1.0,2,2,2,8,,,,1.0,,,1112,Starkes Baumholz_10,1447.4,1,not_young,0,0,1,Lostallo,1000_1500
,72478.0,1.0,Jungwuchs/Dickung,68.0,FI (5) / LA (5),,-,5.0,0.2,,,,,,3,3,3,3,,,,,,,1113,Jungwuchs/Dickung_5,2189.5,1,young,0,0,0,Lostallo,2000_2500
,72480.0,2.0,Stangenholz,109.0,FI (5) / LA (5),,-,5.0,0.6,,,1.0,,,2,2,2,2,,,,,,,1114,Stangenholz_5,2035.7,1,not_young,0,0,0,Lostallo,2000_2500
,72483.0,2.0,Stangenholz,66.0,FI (5) / LA (5),,-,5.0,0.5,,,1.0,,,2,2,2,2,,,,,,,1115,Stangenholz_5,2160.0,1,not_young,0,0,0,Lostallo,2000_2500
,72490.0,2.0,Stangenholz,176.0,,,high-montane (main area of silver fir),10.0,1.5,,,,1.0,,3,3,8,8,,,,,,,1116,Stangenholz_10,1561.1,1,not_young,0,0,0,Lostallo,1500_2000
,72491.0,1.0,Jungwuchs/Dickung,98.0,AER (2) / FI (1) / LA (1),,subalpine,8.0,0.8,,,1.0,,,2,2,2,2,,,,,,,1117,Jungwuchs/Dickung_8,1699.1,1,young,0,0,0,Lostallo,1500_2000
,72492.0,3.0,Schwaches Baumholz,274.0,FI (5) / LA (4),,subalpine,8.0,2.4,,,1.0,1.0,,2,2,8,8,,,,,,,1118,Schwaches Baumholz_8,1760.2,1,not_young,0,0,0,Lostallo,1500_2000
,72493.0,1.0,Jungwuchs/Dickung,103.0,LA (10),,subalpine,8.0,0.6,,,1.0,1.0,,2,2,8,8,,,,,,,1119,Jungwuchs/Dickung_8,1846.9,1,young,0,0,0,Lostallo,1500_2000
,72496.0,4.0,Mittleres Baumholz,91.0,AER (3) / LA (7),,upper subalpine,9.0,1.6,,,1.0,,,2,2,2,2,,,,,,,1120,Mittleres Baumholz_9,1886.7,1,not_young,0,0,0,Lostallo,1500_2000
,72503.0,4.0,Mittleres Baumholz,311.0,FI (8) / LA (2),,subalpine,8.0,0.4,,,1.0,,1.0,2,2,2,8,,,,1.0,,,1121,Mittleres Baumholz_8,1663.8,1,not_young,0,0,0,Lostallo,1500_2000
,72505.0,4.0,Mittleres Baumholz,374.0,FI (6) / LA (4),,subalpine,8.0,1.8,,,1.0,,1.0,2,2,2,8,,,,1.0,,,1122,Mittleres Baumholz_8,1714.4,1,not_young,0,0,0,Lostallo,1500_2000
,72506.0,3.0,Schwaches Baumholz,159.0,FI (1) / LA (9),,subalpine,8.0,1.1,,,1.0,,1.0,2,2,2,2,,,,0.0,,,1123,Schwaches Baumholz_8,1780.7,1,not_young,0,0,0,Lostallo,1500_2000
,72507.0,4.0,Mittleres Baumholz,367.0,FI (2) / LA (6) / TA (1),,subalpine,8.0,0.6,,,1.0,,,2,2,2,2,,,,,,,1124,Mittleres Baumholz_8,1719.0,1,not_young,0,0,0,Lostallo,1500_2000
,72510.0,4.0,Mittleres Baumholz,90.0,AER (5) / LA (5),,subalpine,8.0,0.6,,,,,,3,3,3,3,,,,,,,1125,Mittleres Baumholz_8,1770.7,1,not_young,0,0,0,Lostallo,1500_2000
,72526.0,2.0,Stangenholz,310.0,FI (7) / LA (2) / TA (1),,high-montane (main area of silver fir),10.0,0.2,,,1.0,,1.0,2,2,2,8,,,,1.0,,,1126,Stangenholz_10,1401.5,1,not_young,0,0,0,Lostallo,1000_1500
,72527.0,5.0,Starkes Baumholz,406.0,FI (1) / LA (9),,high-montane (main area of silver fir),10.0,0.8,,,1.0,,1.0,2,2,2,8,,,,1.0,,,1127,Starkes Baumholz_10,1411.5,1,not_young,0,0,0,Lostallo,1000_1500
,72528.0,5.0,Starkes Baumholz,473.0,FI (9) / TA (1),,high-montane (main area of silver fir),10.0,1.4,,,1.0,,1.0,2,2,2,8,,,,1.0,,,1128,Starkes Baumholz_10,1416.0,1,not_young,0,0,0,Lostallo,1000_1500
,72531.0,1.0,Jungwuchs/Dickung,16.0,FI (1) / LA (6),,high-montane (main area of silver fir),10.0,0.9,,,,,,3,3,3,3,,,,,,,1129,Jungwuchs/Dickung_10,1474.2,1,young,0,0,0,Lostallo,1000_1500
,72533.0,4.0,Mittleres Baumholz,70.0,FI (1) / LA (4),,high-montane (main area of silver fir),10.0,1.1,,,1.0,,,2,2,2,2,,,,,,,1130,Mittleres Baumholz_10,1503.3,1,not_young,0,0,0,Lostallo,1500_2000
,72559.0,2.0,Stangenholz,199.0,FI (1) / TA (1),,high-montane (main area of silver fir),10.0,0.7,,,1.0,,1.0,2,2,2,8,,,,1.0,,,1131,Stangenholz_10,1422.8,1,not_young,1,0,0,Lostallo,1000_1500
,72560.0,4.0,Mittleres Baumholz,296.0,FI (7) / LA (2) / TA (1),,subalpine,8.0,0.8,,,1.0,,1.0,2,2,2,2,,,,0.0,,,1132,Mittleres Baumholz_8,1667.1,1,not_young,0,0,0,Lostallo,1500_2000
,72563.0,4.0,Mittleres Baumholz,116.0,AER (3) / FI (1) / LA (6),,subalpine,8.0,1.1,,,,,,3,3,3,3,,,,,,,1133,Mittleres Baumholz_8,1805.0,1,not_young,0,0,0,Lostallo,1500_2000
,72566.0,3.0,Schwaches Baumholz,123.0,,,colline with beech,2.0,3.1,,,1.0,,,2,2,2,2,,,,,,,1134,Schwaches Baumholz_2,670.1,0,not_young,0,0,0,Lostallo,500_1000
,72567.0,3.0,Schwaches Baumholz,249.0,,,colline with beech,2.0,0.7,,,1.0,,,2,2,2,2,,,,,,,1135,Schwaches Baumholz_2,678.7,0,not_young,0,0,0,Lostallo,500_1000
,72568.0,4.0,Mittleres Baumholz,210.0,,,colline,3.0,2.7,,,,,,3,3,3,3,,,,,,,1136,Mittleres Baumholz_3,471.4,0,not_young,0,0,0,Lostallo,300_500
,72569.0,4.0,Mittleres Baumholz,203.0,,,colline with beech,2.0,0.8,,,,,,3,3,3,3,,,,,,,1137,Mittleres Baumholz_2,590.8,0,not_young,0,0,0,Lostallo,500_1000
,72570.0,2.0,Stangenholz,90.0,,,colline,3.0,2.2,,,1.0,,,2,2,2,2,,,,,,,1138,Stangenholz_3,522.1,0,not_young,0,0,0,Lostallo,500_1000
,72571.0,4.0,Mittleres Baumholz,195.0,,,colline,3.0,0.4,,1.0,1.0,,,2,2,4,4,,,,,,,1139,Mittleres Baumholz_3,426.2,0,not_young,0,0,0,Lostallo,300_500
,72572.0,2.0,Stangenholz,64.0,,,colline,3.0,0.2,,,1.0,,,2,2,2,2,,,,,,,1140,Stangenholz_3,430.1,0,not_young,0,0,0,Lostallo,300_500
,72573.0,3.0,Schwaches Baumholz,36.0,,,colline,3.0,0.3,,,1.0,,,2,2,2,2,,,,,,,1141,Schwaches Baumholz_3,415.9,0,not_young,0,0,0,Lostallo,300_500
,72575.0,4.0,Mittleres Baumholz,303.0,,,colline,3.0,2.0,,1.0,1.0,,,2,2,4,4,,,,,,,1142,Mittleres Baumholz_3,451.8,0,not_young,0,0,0,Lostallo,300_500
,72576.0,4.0,Mittleres Baumholz,324.0,,,colline,3.0,4.3,,,1.0,,,2,2,2,2,,,,,,,1143,Mittleres Baumholz_3,589.8,0,not_young,0,0,1,Lostallo,500_1000
,72577.0,3.0,Schwaches Baumholz,136.0,,,colline,3.0,0.3,,1.0,1.0,,,2,2,4,4,,,,,,,1144,Schwaches Baumholz_3,420.3,0,not_young,0,0,0,Lostallo,300_500
,72579.0,4.0,Mittleres Baumholz,486.0,FI (2) / TA (6),,high-montane (main area of silver fir),10.0,0.2,,,1.0,,,2,2,2,2,,,,,,,1145,Mittleres Baumholz_10,959.8,0,not_young,0,0,0,Lostallo,500_1000
,72580.0,3.0,Schwaches Baumholz,159.0,,,high-montane (main area of silver fir),10.0,1.2,,,1.0,,,2,2,2,2,,,,,,,1146,Schwaches Baumholz_10,975.7,0,not_young,0,0,0,Lostallo,500_1000
,72583.0,3.0,Schwaches Baumholz,92.0,FI (1) / TA (1),,colline,3.0,0.8,,,1.0,,,2,2,2,2,,,,,,,1147,Schwaches Baumholz_3,775.8999999999999,0,not_young,0,0,0,Lostallo,500_1000
,72586.0,2.0,Stangenholz,139.0,,,colline,3.0,1.0,,,1.0,,,2,2,2,2,,,,,,,1148,Stangenholz_3,705.1,0,not_young,0,0,0,Lostallo,500_1000
,72587.0,5.0,Starkes Baumholz,238.0,FI (7) / TA (2),,colline,3.0,0.6,,,1.0,,,2,2,2,2,,,,,,,1149,Starkes Baumholz_3,731.6,0,not_young,0,0,0,Lostallo,500_1000
,72588.0,3.0,Schwaches Baumholz,220.0,BAH (e) / BU (3) / ES (e) / FI (e) / BI (3) / AS (3) / LI (1) / TA (e),,high-montane (main area of silver fir),10.0,0.5,,,1.0,1.0,,2,2,8,8,,,,,,,1150,Schwaches Baumholz_10,1008.8,1,not_young,1,0,0,Lostallo,1000_1500
,72589.0,3.0,Schwaches Baumholz,398.0,BAH (2) / BU (2) / ES (2) / FI (1) / LI (2) / TA (1),,high-montane (main area of silver fir),10.0,0.6,,,1.0,1.0,,2,2,8,8,,,,,,,1151,Schwaches Baumholz_10,1000.5,1,not_young,1,0,0,Lostallo,1000_1500
,72591.0,4.0,Mittleres Baumholz,421.0,BAH (1) / BU (3) / FI (2) / LA (1) / TA (3),,high-montane (main area of silver fir),10.0,0.8,,,1.0,,,2,2,2,2,,,,,,,1152,Mittleres Baumholz_10,932.8,0,not_young,0,0,0,Lostallo,500_1000
,72592.0,5.0,Starkes Baumholz,470.0,BU (2) / FI (3) / LA (e) / TA (5),,high-montane (main area of silver fir),10.0,1.8,,,1.0,1.0,,2,2,8,8,,,,,,,1153,Starkes Baumholz_10,1057.7,1,not_young,1,0,0,Lostallo,1000_1500
,72599.0,3.0,Schwaches Baumholz,83.0,ES (6) / BI (e) / KI (e) / LI (4),ES (2) / LI (1) / ST (7),colline,3.0,1.2,,,,,,3,3,3,3,,,,,,,1154,Schwaches Baumholz_3,459.7,0,not_young,0,0,0,Lostallo,300_500
,72600.0,3.0,Schwaches Baumholz,182.0,BAH (e) / ES (7) / FI (e) / BI (e) / NU (e) / KI (e) / RO (2) / WEI (e) / LI (1),ES (1) / AS (1) / LI (1) / ST (7),colline,3.0,1.2,,,,,,3,3,3,3,,,,,,,1155,Schwaches Baumholz_3,459.6,0,not_young,0,0,0,Lostallo,300_500
,72601.0,3.0,Schwaches Baumholz,67.0,ES (6) / BI (e) / KI (e) / LI (4),ES (2) / LI (1) / ST (7),colline,3.0,0.8,,,,,,3,3,3,3,,,,,,,1156,Schwaches Baumholz_3,456.8,0,not_young,0,0,0,Lostallo,300_500
,72602.0,3.0,Schwaches Baumholz,114.0,ES (7) / BI (e) / NU (e) / AS (e) / KI (e) / RO (1) / WEI (1) / LI (1),ES (1) / NU (e) / RO (1) / WEI (e) / LI (1) / ST (7),colline,3.0,1.3,,,,,,3,3,3,3,,,,,,,1157,Schwaches Baumholz_3,455.9,0,not_young,0,0,0,Lostallo,300_500
,72603.0,1.0,Jungwuchs/Dickung,1.0,,FI (3) / LA (1) / BI (1) / AS (1) / ST (4),colline,3.0,0.6,,,1.0,,,2,2,2,2,,,,,,,1158,Jungwuchs/Dickung_3,459.8,0,young,0,0,0,Lostallo,300_500
,72604.0,2.0,Stangenholz,23.0,LA (1) / BI (4) / AS (4) / RO (e) / WEI (1),FI (2) / WEI (1) / ST (7),colline,3.0,0.2,,,1.0,,,2,2,2,2,,,,,,,1159,Stangenholz_3,462.5,0,not_young,0,0,0,Lostallo,300_500
,72605.0,2.0,Stangenholz,1.0,LA (1) / BI (4) / AS (4) / RO (e) / WEI (1),FI (2) / WEI (1) / ST (7),colline,3.0,0.3,,,1.0,,,2,2,2,2,,,,,,,1160,Stangenholz_3,461.7,0,not_young,0,0,0,Lostallo,300_500
,72606.0,2.0,Stangenholz,0.0,ES (1) / FI (3) / LA (e) / AS (3) / WEI (e) / LI (3),AS (1) / WEI (4) / ST (5),colline,3.0,0.8,,,1.0,,,2,2,2,2,,,,,,,1161,Stangenholz_3,456.8,0,not_young,0,0,0,Lostallo,300_500
,72610.0,3.0,Schwaches Baumholz,169.0,WER (3) / AS (e) / WEI (7),ST (10),colline,3.0,0.4,,,,,,3,3,3,3,,,,,,,1162,Schwaches Baumholz_3,444.7,0,not_young,0,0,0,Lostallo,300_500
,72612.0,4.0,Mittleres Baumholz,173.0,TEI (4) / ES (1) / KA (2) / KI (1) / LI (2),ES (2) / NU (e) / LI (e) / ST (8),colline,3.0,5.0,,,1.0,,,2,2,2,2,,,,,,,1163,Mittleres Baumholz_3,612.8,0,not_young,0,0,1,Lostallo,500_1000
,72613.0,4.0,Mittleres Baumholz,123.0,TEI (2) / ES (3) / KA (4) / BI (e) / KI (e) / MBE (e) / LI (1),TEI (1) / ES (4) / KA (1) / MBE (1) / HAS (3),colline,3.0,0.6,,,1.0,,,2,2,2,2,,,,,,,1164,Mittleres Baumholz_3,511.0,0,not_young,0,0,1,Lostallo,500_1000
,72615.0,4.0,Mittleres Baumholz,153.0,TEI (4) / ES (1) / BI (1) / KI (1) / MBE (1) / LI (2),TEI (6) / ES (1) / MBE (e) / HAS (3),colline,3.0,5.0,,,1.0,,,2,2,2,2,,,,,,,1165,Mittleres Baumholz_3,691.1,0,not_young,0,0,1,Lostallo,500_1000
,72616.0,5.0,Starkes Baumholz,226.0,BAH (1) / ES (e) / KA (7) / BI (2) / LI (e),TEI (1) / ES (1) / KI (1) / LI (e) / HAS (7),colline,3.0,1.4,,,1.0,,,2,2,2,2,,,,,,,1166,Starkes Baumholz_3,590.4,0,not_young,0,0,1,Lostallo,500_1000
,72617.0,4.0,Mittleres Baumholz,156.0,BAH (1) / BU (2) / TEI (2) / ES (2) / KA (1) / BI (1) / LI (1),,high-montane (main area of silver fir),10.0,2.2,,,1.0,,,2,2,2,2,,,,,,,1167,Mittleres Baumholz_10,1064.7,1,not_young,0,0,1,Lostallo,1000_1500
,72618.0,5.0,Starkes Baumholz,138.0,BAH (1) / BU (5) / TEI (1) / FI (1) / LA (e) / BI (1) / TA (1),,high-montane (main area of silver fir),10.0,5.6,,,1.0,,,2,2,2,2,,,,,,,1168,Starkes Baumholz_10,958.3,0,not_young,0,0,1,Lostallo,500_1000
,72620.0,4.0,Mittleres Baumholz,153.0,TEI (1) / ES (1) / KA (2) / BI (2) / KI (e) / LI (4),,colline,3.0,4.8,,,1.0,,,2,2,2,2,,,,,,,1169,Mittleres Baumholz_3,730.1,0,not_young,0,0,1,Lostallo,500_1000
,72621.0,4.0,Mittleres Baumholz,336.0,BU (9) / TEI (e) / FI (e) / LA (e) / TA (1),,lower/upper montane,7.0,2.8,,,1.0,,,2,2,2,2,,,,,,,1170,Mittleres Baumholz_7,1185.8,1,not_young,0,0,1,Lostallo,1000_1500
,72626.0,4.0,Mittleres Baumholz,376.0,BU (3) / FI (2) / TA (5),BU (3) / FI (5) / TA (2),high-montane (main area of silver fir),10.0,1.6,,,1.0,,1.0,2,2,2,8,,,,1.0,,,1171,Mittleres Baumholz_10,1277.8,1,not_young,0,0,1,Lostallo,1000_1500
,72630.0,5.0,Starkes Baumholz,525.0,FI (9) / LA (1) / TA (e),,high-montane (main area of silver fir),10.0,1.6,,,1.0,,1.0,2,2,2,8,,,,1.0,,,1172,Starkes Baumholz_10,1504.3,1,not_young,0,0,1,Lostallo,1500_2000
,72633.0,4.0,Mittleres Baumholz,111.0,,,colline,3.0,0.3,,,,,,3,3,3,3,,,,,,,1173,Mittleres Baumholz_3,466.8,0,not_young,0,0,0,Lostallo,300_500
,72635.0,4.0,Mittleres Baumholz,427.0,BU (5) / FI (1) / TA (1),,lower/upper montane,7.0,2.1,,,1.0,1.0,,2,2,8,8,,,,,,,1174,Mittleres Baumholz_7,1213.5,1,not_young,1,0,0,Lostallo,1000_1500
,72636.0,5.0,Starkes Baumholz,531.0,BU (2) / FI (4) / TA (3),,high-montane (main area of silver fir),10.0,0.7,,,1.0,1.0,,2,2,8,8,,,,,,,1175,Starkes Baumholz_10,1173.2,1,not_young,1,0,0,Lostallo,1000_1500
,72637.0,2.0,Stangenholz,259.0,,,lower/upper montane,7.0,0.3,,,1.0,1.0,,2,2,8,8,,,,,,,1176,Stangenholz_7,1171.5,1,not_young,1,0,0,Lostallo,1000_1500
,72638.0,2.0,Stangenholz,313.0,,,lower/upper montane,7.0,0.4,,,1.0,1.0,,2,2,8,8,,,,,,,1177,Stangenholz_7,1162.2,1,not_young,1,0,0,Lostallo,1000_1500
,72639.0,1.0,Jungwuchs/Dickung,349.0,,,high-montane (main area of silver fir),10.0,0.4,,,1.0,1.0,,2,2,8,8,,,,,,,1178,Jungwuchs/Dickung_10,1129.6,1,young,1,0,0,Lostallo,1000_1500
,72640.0,3.0,Schwaches Baumholz,328.0,BAH (e) / BU (1) / WER (2) / ES (3) / LA (e) / BI (3) / WEI (1),BAH (e) / BU (3) / FI (7),lower/upper montane,7.0,0.8,,,1.0,1.0,,2,2,8,8,,,,,,,1179,Schwaches Baumholz_7,1137.1,1,not_young,1,0,0,Lostallo,1000_1500
,72643.0,2.0,Stangenholz,55.0,AER (1) / LA (8),,subalpine,8.0,3.0,,,1.0,,,2,2,2,2,,,,,,,1180,Stangenholz_8,1727.5,1,not_young,0,0,0,Lostallo,1500_2000
,72649.0,3.0,Schwaches Baumholz,308.0,FI (7) / LA (3),,upper subalpine,9.0,0.6,,,1.0,,,2,2,2,2,,,,,,,1181,Schwaches Baumholz_9,1883.3,1,not_young,0,0,0,Lostallo,1500_2000
,72650.0,2.0,Stangenholz,146.0,FI (7) / LA (3),,-,5.0,1.0,,,1.0,,,2,2,2,2,,,,,,,1182,Stangenholz_5,2100.5,1,not_young,0,0,0,Lostallo,2000_2500
,72651.0,4.0,Mittleres Baumholz,302.0,FI (8) / LA (2),,subalpine,8.0,0.5,,,1.0,,,2,2,2,2,,,,,,,1183,Mittleres Baumholz_8,1805.0,1,not_young,0,0,0,Lostallo,1500_2000
,72652.0,4.0,Mittleres Baumholz,502.0,FI (2) / LA (7) / TA (1),,high-montane (main area of silver fir),10.0,1.2,,,1.0,,,2,2,2,2,,,,,,,1184,Mittleres Baumholz_10,1497.8,1,not_young,0,0,0,Lostallo,1000_1500
,72653.0,2.0,Stangenholz,206.0,FI (5) / LA (2) / TA (2),,upper subalpine,9.0,0.3,,,1.0,,,2,2,2,2,,,,,,,1185,Stangenholz_9,1950.9,1,not_young,0,0,0,Lostallo,1500_2000
,72659.0,2.0,Stangenholz,114.0,FI (4) / LA (1),,subalpine,8.0,0.6,,,1.0,,,2,2,2,2,,,,,,,1186,Stangenholz_8,1760.6,1,not_young,0,0,0,Lostallo,1500_2000
,72660.0,3.0,Schwaches Baumholz,121.0,FI (5) / LA (5),,upper subalpine,9.0,1.6,,,1.0,,,2,2,2,2,,,,,,,1187,Schwaches Baumholz_9,1914.2,1,not_young,0,0,0,Lostallo,1500_2000
,72662.0,3.0,Schwaches Baumholz,291.0,FI (8) / LA (2),,subalpine,8.0,0.6,,,1.0,,,2,2,2,2,,,,,,,1188,Schwaches Baumholz_8,1826.1,1,not_young,0,0,0,Lostallo,1500_2000
,72664.0,3.0,Schwaches Baumholz,138.0,AER (2) / FI (7) / LA (1),,upper subalpine,9.0,0.3,,,,,,3,3,3,3,,,,,,,1189,Schwaches Baumholz_9,1898.9,1,not_young,0,0,0,Lostallo,1500_2000
,72666.0,5.0,Starkes Baumholz,542.0,FI (5) / LA (1) / TA (2),,high-montane (main area of silver fir),10.0,1.9,,,1.0,1.0,,2,2,8,8,,,,,,,1190,Starkes Baumholz_10,1383.8,1,not_young,0,0,0,Lostallo,1000_1500
,72667.0,5.0,Starkes Baumholz,351.0,FI (3) / LA (2),,high-montane (main area of silver fir),10.0,3.7,,,1.0,,,2,2,2,2,,,,,,,1191,Starkes Baumholz_10,1488.7,1,not_young,0,0,0,Lostallo,1000_1500
,72668.0,5.0,Starkes Baumholz,456.0,FI (3) / LA (2),,high-montane (main area of silver fir),10.0,1.2,,,1.0,1.0,,2,2,8,8,,,,,,,1192,Starkes Baumholz_10,1379.0,1,not_young,0,0,0,Lostallo,1000_1500
,72669.0,3.0,Schwaches Baumholz,565.0,FI (5) / TA (5),,high-montane (main area of silver fir),10.0,0.9,,,1.0,1.0,,2,2,8,8,,,,,,,1193,Schwaches Baumholz_10,1319.2,1,not_young,0,0,0,Lostallo,1000_1500
,72670.0,2.0,Stangenholz,353.0,FI (5) / TA (5),,high-montane (main area of silver fir),10.0,0.4,,,1.0,1.0,,2,2,8,8,,,,,,,1194,Stangenholz_10,1333.1,1,not_young,0,0,0,Lostallo,1000_1500
,72671.0,4.0,Mittleres Baumholz,292.0,FI (7),,high-montane (main area of silver fir),10.0,0.3,,,1.0,,,2,2,2,2,,,,,,,1195,Mittleres Baumholz_10,1508.4,1,not_young,0,0,0,Lostallo,1500_2000
,72672.0,2.0,Stangenholz,276.0,FI (2) / LA (2),,high-montane (main area of silver fir),10.0,0.5,,,1.0,1.0,,2,2,8,8,,,,,,,1196,Stangenholz_10,1389.4,1,not_young,0,0,0,Lostallo,1000_1500
,72676.0,4.0,Mittleres Baumholz,114.0,AER (3) / FI (1) / LA (6),,upper subalpine,9.0,2.0,,,1.0,,,2,2,2,2,,,,,,,1197,Mittleres Baumholz_9,1874.4,1,not_young,0,0,0,Lostallo,1500_2000
,72677.0,4.0,Mittleres Baumholz,398.0,FI (6) / LA (4),,subalpine,8.0,0.7,,,1.0,,1.0,2,2,2,8,,,,1.0,,,1198,Mittleres Baumholz_8,1682.6,1,not_young,0,0,0,Lostallo,1500_2000
,72681.0,4.0,Mittleres Baumholz,230.0,FI (2) / LA (8),,upper subalpine,9.0,1.3,,,1.0,1.0,,2,2,8,8,,,,,,,1199,Mittleres Baumholz_9,1783.1,1,not_young,0,0,0,Lostallo,1500_2000
,72690.0,3.0,Schwaches Baumholz,283.0,,,subalpine,8.0,0.6,,,1.0,,,2,2,2,2,,,,,,,1200,Schwaches Baumholz_8,1651.5,1,not_young,0,0,0,Lostallo,1500_2000
,72691.0,2.0,Stangenholz,116.0,FI (2) / LA (3),,high-montane (main area of silver fir),10.0,1.1,,,,,,3,3,3,3,,,,,,,1201,Stangenholz_10,1536.5,1,not_young,0,0,0,Lostallo,1500_2000
,72692.0,3.0,Schwaches Baumholz,165.0,,,high-montane (main area of silver fir),10.0,0.2,,,,,,3,3,3,3,,,,,,,1202,Schwaches Baumholz_10,1491.7,1,not_young,0,0,0,Lostallo,1000_1500
,72693.0,1.0,Jungwuchs/Dickung,25.0,FI (2) / LA (3),,high-montane (main area of silver fir),10.0,2.3,,,,,,3,3,3,3,,,,,,,1203,Jungwuchs/Dickung_10,1568.3,1,young,0,0,0,Lostallo,1500_2000
,72694.0,3.0,Schwaches Baumholz,158.0,FI (7),,high-montane (main area of silver fir),10.0,0.4,,,,,,3,3,3,3,,,,,,,1204,Schwaches Baumholz_10,1418.6,1,not_young,0,0,0,Lostallo,1000_1500
,72695.0,5.0,Starkes Baumholz,258.0,FI (6) / LA (2) / TA (2),,high-montane (main area of silver fir),10.0,0.3,,,1.0,,,2,2,2,2,,,,,,,1205,Starkes Baumholz_10,1455.3,1,not_young,0,0,0,Lostallo,1000_1500
,72696.0,5.0,Starkes Baumholz,260.0,FI (4) / LA (1) / TA (2),,high-montane (main area of silver fir),10.0,1.8,,,1.0,,,2,2,2,2,,,,,,,1206,Starkes Baumholz_10,1601.8,1,not_young,0,0,0,Lostallo,1500_2000
,72697.0,3.0,Schwaches Baumholz,193.0,FI (1) / TA (1),,high-montane (main area of silver fir),10.0,0.8,,,1.0,,,2,2,2,2,,,,,,,1207,Schwaches Baumholz_10,1468.0,1,not_young,0,0,0,Lostallo,1000_1500
,72698.0,5.0,Starkes Baumholz,287.0,FI (7) / TA (3),,high-montane (main area of silver fir),10.0,0.4,,,1.0,,,2,2,2,2,,,,,,,1208,Starkes Baumholz_10,1475.1,1,not_young,0,0,0,Lostallo,1000_1500
,72699.0,3.0,Schwaches Baumholz,200.0,LA (1),,high-montane (main area of silver fir),10.0,0.3,,,1.0,,,2,2,2,2,,,,,,,1209,Schwaches Baumholz_10,1461.5,1,not_young,0,0,0,Lostallo,1000_1500
,72700.0,4.0,Mittleres Baumholz,159.0,FI (8) / TA (2),,high-montane (main area of silver fir),10.0,0.5,,,1.0,,,2,2,2,2,,,,,,,1210,Mittleres Baumholz_10,1623.5,1,not_young,0,0,0,Lostallo,1500_2000
,72701.0,3.0,Schwaches Baumholz,139.0,,,subalpine,8.0,0.2,,,1.0,,,2,2,2,2,,,,,,,1211,Schwaches Baumholz_8,1684.0,1,not_young,0,0,0,Lostallo,1500_2000
,72702.0,4.0,Mittleres Baumholz,115.0,,,high-montane (main area of silver fir),10.0,1.1,,,1.0,,,2,2,2,2,,,,,,,1212,Mittleres Baumholz_10,1539.0,1,not_young,0,0,0,Lostallo,1500_2000
,72704.0,3.0,Schwaches Baumholz,35.0,LA (9),,subalpine,8.0,1.5,,,1.0,,,2,2,2,2,,,,,,,1213,Schwaches Baumholz_8,1670.9,1,not_young,0,0,0,Lostallo,1500_2000
,72706.0,3.0,Schwaches Baumholz,11.0,LA (9),,subalpine,8.0,1.1,,,1.0,,,2,2,2,2,,,,,,,1214,Schwaches Baumholz_8,1677.2,1,not_young,0,0,0,Lostallo,1500_2000
,72708.0,4.0,Mittleres Baumholz,65.0,AER (2) / LA (8),,subalpine,8.0,0.3,,,1.0,,,2,2,2,2,,,,,,,1215,Mittleres Baumholz_8,1784.9,1,not_young,0,0,0,Lostallo,1500_2000
,72712.0,4.0,Mittleres Baumholz,114.0,AER (2) / LA (8),,upper subalpine,9.0,1.7,,,1.0,,,2,2,2,2,,,,,,,1216,Mittleres Baumholz_9,1842.6,1,not_young,0,0,0,Lostallo,1500_2000
,72727.0,3.0,Schwaches Baumholz,294.0,FI (2) / LA (8),,subalpine,8.0,1.6,,,1.0,,1.0,2,2,2,8,,,,1.0,,,1217,Schwaches Baumholz_8,1763.5,1,not_young,0,0,1,Lostallo,1500_2000
,72734.0,3.0,Schwaches Baumholz,254.0,FI (5) / LA (2),,subalpine,8.0,1.1,,,1.0,,1.0,2,2,2,2,,,,0.0,,,1218,Schwaches Baumholz_8,1787.7,1,not_young,0,0,1,Lostallo,1500_2000
,72736.0,2.0,Stangenholz,216.0,,,high-montane (main area of silver fir),10.0,0.5,,,1.0,,1.0,2,2,2,2,,,,0.0,,,1219,Stangenholz_10,1584.0,1,not_young,0,0,1,Lostallo,1500_2000
,72737.0,2.0,Stangenholz,266.0,,,lower/upper montane,7.0,1.6,,,1.0,,1.0,2,2,2,8,,,,1.0,,,1220,Stangenholz_7,1315.0,1,not_young,0,0,1,Lostallo,1000_1500
,72738.0,3.0,Schwaches Baumholz,252.0,FI (2),,subalpine,8.0,2.0,,,1.0,,1.0,2,2,2,2,,,,0.0,,,1221,Schwaches Baumholz_8,1718.5,1,not_young,0,0,1,Lostallo,1500_2000
,72739.0,4.0,Mittleres Baumholz,323.0,,,colline,3.0,1.2,,,1.0,,,2,2,2,2,,,,,,,1222,Mittleres Baumholz_3,446.1,0,not_young,0,0,0,Lostallo,300_500
,72740.0,4.0,Mittleres Baumholz,273.0,,,colline,3.0,1.1,,1.0,1.0,,,2,2,4,4,,,,,,,1223,Mittleres Baumholz_3,435.7,0,not_young,0,0,0,Lostallo,300_500
,72741.0,4.0,Mittleres Baumholz,226.0,,,colline,3.0,1.5,,1.0,1.0,,,2,2,4,4,,,,,,,1224,Mittleres Baumholz_3,431.3,0,not_young,0,0,0,Lostallo,300_500
,72743.0,4.0,Mittleres Baumholz,128.0,,,colline,3.0,0.4,,,1.0,,,2,2,2,2,,,,,,,1225,Mittleres Baumholz_3,409.5,0,not_young,0,0,0,Lostallo,300_500
,72744.0,2.0,Stangenholz,89.0,,,colline,3.0,0.2,,,1.0,,,2,2,2,2,,,,,,,1226,Stangenholz_3,409.1,0,not_young,0,0,0,Lostallo,300_500
,72746.0,4.0,Mittleres Baumholz,352.0,,,colline,3.0,1.2,,,1.0,,,2,2,2,2,,,,,,,1227,Mittleres Baumholz_3,416.1,0,not_young,0,0,0,Lostallo,300_500
,72747.0,3.0,Schwaches Baumholz,155.0,,,colline,3.0,1.0,,,1.0,,,2,2,2,2,,,,,,,1228,Schwaches Baumholz_3,448.8,0,not_young,0,0,0,Lostallo,300_500
,72751.0,5.0,Starkes Baumholz,74.0,TEI (2) / ES (e) / KA (2) / LI (6),TEI (1) / ES (2) / FI (4) / KA (e) / LI (3),colline,3.0,0.7,,,1.0,,,2,2,2,2,,,,,,,1229,Starkes Baumholz_3,556.5,0,not_young,0,0,1,Lostallo,500_1000
,72752.0,4.0,Mittleres Baumholz,332.0,,,colline,3.0,2.3,,,1.0,,,2,2,2,2,,,,,,,1230,Mittleres Baumholz_3,466.1,0,not_young,0,0,0,Lostallo,300_500
,72755.0,3.0,Schwaches Baumholz,53.0,FI (2) / LA (8),,high-montane (main area of silver fir),10.0,0.6,,,1.0,,,2,2,2,2,,,,,,,1231,Schwaches Baumholz_10,1543.9,1,not_young,0,0,0,Lostallo,1500_2000
,72756.0,3.0,Schwaches Baumholz,129.0,AER (1),,subalpine,8.0,1.0,,,,,,3,3,3,3,,,,,,,1232,Schwaches Baumholz_8,1757.2,1,not_young,0,0,0,Lostallo,1500_2000
,72759.0,4.0,Mittleres Baumholz,178.0,FI (2) / LA (7),,subalpine,8.0,0.9,,,,,,3,3,3,3,,,,,,,1233,Mittleres Baumholz_8,1763.3,1,not_young,0,0,0,Lostallo,1500_2000
,72760.0,1.0,Jungwuchs/Dickung,65.0,AER (4),,upper subalpine,9.0,2.2,,,,,,3,3,3,3,,,,,,,1234,Jungwuchs/Dickung_9,1795.3,1,young,0,0,0,Lostallo,1500_2000
,72761.0,3.0,Schwaches Baumholz,101.0,LA (10),,-,5.0,0.6,,,1.0,,,2,2,2,2,,,,,,,1235,Schwaches Baumholz_5,1972.6,1,not_young,0,0,0,Lostallo,1500_2000
,72762.0,3.0,Schwaches Baumholz,1.0,BI (1) / AS (2) / RO (4) / WEI (3),BAH (e) / LI (e) / ST (10),colline,3.0,0.2,,,,,,3,3,3,3,,,,,,,1236,Schwaches Baumholz_3,456.7,0,not_young,0,0,0,Lostallo,300_500
,72763.0,3.0,Schwaches Baumholz,168.0,BI (1) / AS (2) / RO (4) / WEI (3),BAH (e) / LI (e) / ST (10),colline,3.0,0.4,,,,,,3,3,3,3,,,,,,,1237,Schwaches Baumholz_3,449.9,0,not_young,0,0,0,Lostallo,300_500
,72764.0,2.0,Stangenholz,78.0,WER (4) / ES (e) / BI (e) / AS (1) / RO (e) / WEI (5) / LI (e),ES (e) / ST (10),colline,3.0,0.5,,,1.0,,,2,2,2,2,,,,,,,1238,Stangenholz_3,450.2,0,not_young,0,0,0,Lostallo,300_500
,72765.0,3.0,Schwaches Baumholz,118.0,BI (1) / AS (2) / RO (4) / WEI (3),BAH (e) / LI (e) / ST (10),colline,3.0,0.3,,,1.0,,,2,2,2,2,,,,,,,1239,Schwaches Baumholz_3,449.4,0,not_young,0,0,0,Lostallo,300_500
,72767.0,4.0,Mittleres Baumholz,282.0,BAH (e) / WER (e) / AS (e) / RO (3) / WEI (7) / ST (e),WEI (1) / ST (9),colline,3.0,0.4,,,1.0,,,2,2,2,2,,,,,,,1240,Mittleres Baumholz_3,444.8,0,not_young,0,0,0,Lostallo,300_500
,72768.0,3.0,Schwaches Baumholz,170.0,BU (e) / TEI (1) / WER (e) / ES (2) / FI (e) / KA (e) / BI (2) / OST (2) / KI (1) / RO (e) / WEI (1) / LI (1),ES (1) / WEI (5) / ST (4),colline,3.0,0.5,,,1.0,,,2,2,2,2,,,,,,,1241,Schwaches Baumholz_3,443.2,0,not_young,0,0,0,Lostallo,300_500
,72769.0,3.0,Schwaches Baumholz,117.0,,,colline with beech,2.0,2.6,,,1.0,,,2,2,2,2,,,,,,,1242,Schwaches Baumholz_2,864.5,0,not_young,0,0,1,Lostallo,500_1000
,72771.0,1.0,Jungwuchs/Dickung,153.0,,WER (1) / ES (2) / OST (e) / AS (4) / KI (1) / WEI (1) / ST (1),colline,3.0,0.4,,,1.0,,,2,2,2,2,,,,,,,1243,Jungwuchs/Dickung_3,441.7,0,young,0,0,0,Lostallo,300_500
,72772.0,1.0,Jungwuchs/Dickung,320.0,WER (2) / FI (2) / LA (2) / BI (3) / WEI (1),WEI (7) / ST (3),colline,3.0,0.2,,,,,,3,3,3,3,,,,,,,1244,Jungwuchs/Dickung_3,448.3,0,young,0,0,0,Lostallo,300_500
,72773.0,2.0,Stangenholz,360.0,BAH (1) / WER (1) / ES (1) / BI (1) / OST (e) / KI (e) / WEI (5) / LI (1),BAH (1) / ES (1) / WEI (1) / LI (1) / ST (6),colline,3.0,0.2,,,,,,3,3,3,3,,,,,,,1245,Stangenholz_3,450.1,0,not_young,0,0,0,Lostallo,300_500
,72775.0,4.0,Mittleres Baumholz,318.0,BAH (e) / WER (1) / ES (2) / BI (1) / OST (e) / AS (3) / KI (e) / WEI (2) / LI (1),ES (2) / FI (e) / OST (e) / KI (1) / ST (7),colline,3.0,0.6,,,1.0,,,2,2,2,2,,,,,,,1246,Mittleres Baumholz_3,445.4,0,not_young,0,0,0,Lostallo,300_500
,72776.0,2.0,Stangenholz,52.0,TEI (e) / ES (9) / KI (e) / WEI (e) / LI (1),ES (1) / WEI (e) / LI (e) / ST (9),colline,3.0,0.9,,1.0,,,,3,3,4,4,,,,,,,1247,Stangenholz_3,427.9,0,not_young,0,0,0,Lostallo,300_500
,72777.0,3.0,Schwaches Baumholz,151.0,TEI (e) / WER (2) / ES (2) / FI (e) / BI (e) / OST (2) / KI (1) / WEI (2) / LI (1),WER (2) / ES (3) / OST (2) / KI (1) / WEI (1) / LI (1),colline,3.0,0.7,,,,,,3,3,3,3,,,,,,,1248,Schwaches Baumholz_3,437.5,0,not_young,0,0,0,Lostallo,300_500
,72778.0,4.0,Mittleres Baumholz,269.0,BAH (1) / BU (7) / TEI (e) / ES (e) / FI (e) / BI (1) / TA (1),,lower/upper montane,7.0,3.0,,,1.0,,,2,2,2,2,,,,,,,1249,Mittleres Baumholz_7,1262.3,1,not_young,0,0,1,Lostallo,1000_1500
,72781.0,5.0,Starkes Baumholz,315.0,BAH (e) / BU (8) / FI (1) / TA (1),BU (9) / FI (1),lower/upper montane,7.0,0.5,,,1.0,,,2,2,2,2,,,,,,,1250,Starkes Baumholz_7,1240.7,1,not_young,0,0,1,Lostallo,1000_1500
,72783.0,5.0,Starkes Baumholz,201.0,BAH (e) / BU (1) / FI (5) / LA (e) / BI (e) / TA (4),,high-montane (main area of silver fir),10.0,0.3,,,1.0,,,2,2,2,2,,,,,,,1251,Starkes Baumholz_10,1520.0,1,not_young,0,0,1,Lostallo,1500_2000
,72784.0,5.0,Starkes Baumholz,222.0,BAH (e) / BU (1) / FI (5) / LA (e) / BI (e) / TA (4),,lower/upper montane,7.0,0.6,,,1.0,,,2,2,2,2,,,,,,,1252,Starkes Baumholz_7,1158.5,1,not_young,0,0,1,Lostallo,1000_1500
,72786.0,2.0,Stangenholz,118.0,,,colline,3.0,0.9,,,1.0,,,2,2,2,2,,,,,,,1253,Stangenholz_3,784.0,0,not_young,0,0,1,Lostallo,500_1000
,72787.0,1.0,Jungwuchs/Dickung,170.0,,,colline,3.0,3.9,,,1.0,,,2,2,2,2,,,,,,,1254,Jungwuchs/Dickung_3,902.4,0,young,0,0,1,Lostallo,500_1000
,72791.0,5.0,Starkes Baumholz,210.0,TEI (8) / ES (e) / BI (e) / KI (e) / MBE (2),TEI (8) / KA (1) / MBE (1),colline,3.0,2.8,,,1.0,,,2,2,2,2,,,,,,,1255,Starkes Baumholz_3,743.2999999999998,0,not_young,0,0,1,Lostallo,500_1000
,72793.0,5.0,Starkes Baumholz,458.0,BU (e) / FI (9) / LA (1) / BI (e) / TA (e),BU (e) / FI (8) / BI (e) / VBE (e) / LAB (e) / TA (2),high-montane (main area of silver fir),10.0,2.3,,,1.0,,1.0,2,2,2,8,,,,1.0,,,1256,Starkes Baumholz_10,1373.2,1,not_young,0,0,1,Lostallo,1000_1500
,72794.0,4.0,Mittleres Baumholz,397.0,FI (10) / BI (e),,high-montane (main area of silver fir),10.0,1.7,,,1.0,,1.0,2,2,2,8,,,,1.0,,,1257,Mittleres Baumholz_10,1456.9,1,not_young,0,0,1,Lostallo,1000_1500
,72795.0,5.0,Starkes Baumholz,452.0,BAH (e) / FI (9) / LA (e) / TA (1),FI (8) / LA (e) / VBE (e) / TA (2),high-montane (main area of silver fir),10.0,1.9,,,1.0,,1.0,2,2,2,8,,,,1.0,,,1258,Starkes Baumholz_10,1424.7,1,not_young,0,0,1,Lostallo,1000_1500
,72796.0,5.0,Starkes Baumholz,351.0,FI (4) / LA (6) / VBE (e),AER (e) / FI (5) / LA (5) / VBE (e),subalpine,8.0,4.3,,,1.0,,1.0,2,2,2,8,,,,1.0,,,1259,Starkes Baumholz_8,1787.0,1,not_young,0,0,1,Lostallo,1500_2000
,72797.0,4.0,Mittleres Baumholz,475.0,FI (8) / LA (2) / TA (e),FI (10),subalpine,8.0,3.7,,,1.0,,1.0,2,2,2,8,,,,1.0,,,1260,Mittleres Baumholz_8,1599.4,1,not_young,0,0,1,Lostallo,1500_2000
,72798.0,4.0,Mittleres Baumholz,129.0,LA (10),FI (e) / LA (10),upper subalpine,9.0,1.2,,,1.0,,1.0,2,2,2,2,,,,0.0,,,1261,Mittleres Baumholz_9,1872.2,1,not_young,0,0,1,Lostallo,1500_2000
,72799.0,5.0,Starkes Baumholz,558.0,FI (8) / LA (1) / TA (1),AER (e) / FI (9) / VBE (e) / LAB (e) / TA (1),high-montane (main area of silver fir),10.0,2.8,,,1.0,,1.0,2,2,2,8,,,,1.0,,,1262,Starkes Baumholz_10,1558.0,1,not_young,0,0,1,Lostallo,1500_2000
,72800.0,2.0,Stangenholz,255.0,BAH (1) / FI (6) / BI (1) / VBE (e) / LAB (e) / TA (2),FI (9) / TA (1),high-montane (main area of silver fir),10.0,0.8,,,1.0,,1.0,2,2,2,2,,,,0.0,,,1263,Stangenholz_10,1455.8,1,not_young,0,0,1,Lostallo,1000_1500
,72802.0,2.0,Stangenholz,247.0,BAH (1) / FI (6) / BI (1) / VBE (e) / LAB (e) / TA (2),FI (9) / TA (1),high-montane (main area of silver fir),10.0,2.1,,,1.0,,1.0,2,2,2,8,,,,1.0,,,1264,Stangenholz_10,1371.2,1,not_young,0,0,1,Lostallo,1000_1500
,72803.0,5.0,Starkes Baumholz,461.0,BAH (e) / FI (6) / VBE (e) / TA (4),FI (7) / LA (e) / TA (3),high-montane (main area of silver fir),10.0,0.5,,,1.0,,1.0,2,2,2,8,,,,1.0,,,1265,Starkes Baumholz_10,1454.7,1,not_young,0,0,1,Lostallo,1000_1500
,72804.0,2.0,Stangenholz,154.0,BAH (2) / BU (e) / ES (1) / FI (5) / LA (1) / BI (e) / WEI (1),,lower/upper montane,7.0,1.1,,,1.0,1.0,,2,2,8,8,,,,,,,1266,Stangenholz_7,1164.1,1,not_young,1,0,0,Lostallo,1000_1500
,72805.0,4.0,Mittleres Baumholz,544.0,BU (4) / FI (1) / TA (3),,high-montane (main area of silver fir),10.0,2.7,,,1.0,1.0,,2,2,8,8,,,,,,,1267,Mittleres Baumholz_10,1130.6,1,not_young,1,0,0,Lostallo,1000_1500
,72806.0,1.0,Jungwuchs/Dickung,437.0,,,high-montane (main area of silver fir),10.0,0.6,,,1.0,,,2,2,2,2,,,,,,,1268,Jungwuchs/Dickung_10,1203.7,1,young,0,0,0,Lostallo,1000_1500
,72807.0,3.0,Schwaches Baumholz,375.0,BU (6) / FI (1) / TA (1),,high-montane (main area of silver fir),10.0,0.9,,,1.0,,,2,2,2,2,,,,,,,1269,Schwaches Baumholz_10,1364.6,1,not_young,0,0,0,Lostallo,1000_1500
,72808.0,3.0,Schwaches Baumholz,470.0,FI (9) / TA (1),,high-montane (main area of silver fir),10.0,1.2,,,1.0,1.0,,2,2,8,8,,,,,,,1270,Schwaches Baumholz_10,1264.8,1,not_young,0,0,0,Lostallo,1000_1500
,72809.0,3.0,Schwaches Baumholz,429.0,FI (8) / TA (2),,high-montane (main area of silver fir),10.0,0.6,,,1.0,1.0,,2,2,8,8,,,,,,,1271,Schwaches Baumholz_10,1257.7,1,not_young,0,0,0,Lostallo,1000_1500
,72810.0,3.0,Schwaches Baumholz,433.0,FI (5) / TA (5),,high-montane (main area of silver fir),10.0,0.4,,,1.0,1.0,,2,2,8,8,,,,,,,1272,Schwaches Baumholz_10,1340.2,1,not_young,0,0,0,Lostallo,1000_1500
,72811.0,5.0,Starkes Baumholz,450.0,BAH (1) / BU (2) / FI (3) / BI (1) / TA (3),BAH (1) / BU (4) / ES (e) / FI (3) / BI (1) / AS (e) / TA (1),high-montane (main area of silver fir),10.0,0.7,,,1.0,1.0,,2,2,8,8,,,,,,,1273,Starkes Baumholz_10,1225.6,1,not_young,1,0,0,Lostallo,1000_1500
,72813.0,2.0,Stangenholz,304.0,FI (7) / TA (2),,high-montane (main area of silver fir),10.0,0.7,,,1.0,1.0,,2,2,8,8,,,,,,,1274,Stangenholz_10,1342.3,1,not_young,0,0,0,Lostallo,1000_1500
,72814.0,3.0,Schwaches Baumholz,352.0,FI (5) / LA (1) / TA (1),,high-montane (main area of silver fir),10.0,0.2,,,1.0,1.0,,2,2,8,8,,,,,,,1275,Schwaches Baumholz_10,1379.3,1,not_young,0,0,0,Lostallo,1000_1500
,72815.0,5.0,Starkes Baumholz,506.0,BU (6) / FI (1) / TA (3),BU (7) / FI (3) / TA (e),lower/upper montane,7.0,0.9,,,1.0,1.0,,2,2,8,8,,,,,,,1276,Starkes Baumholz_7,1201.7,1,not_young,1,0,0,Lostallo,1000_1500
,72816.0,5.0,Starkes Baumholz,458.0,BU (2) / FI (7) / LA (e) / TA (1),BU (e) / FI (10),high-montane (main area of silver fir),10.0,2.8,,,1.0,1.0,,2,2,8,8,,,,,,,1277,Starkes Baumholz_10,1414.1,1,not_young,1,0,0,Lostallo,1000_1500
,72817.0,4.0,Mittleres Baumholz,452.0,BAH (e) / BU (e) / FI (9) / TA (1),,high-montane (main area of silver fir),10.0,1.9,,,1.0,1.0,,2,2,8,8,,,,,,,1278,Mittleres Baumholz_10,1361.1,1,not_young,1,0,0,Lostallo,1000_1500
,72818.0,2.0,Stangenholz,285.0,FI (4),,high-montane (main area of silver fir),10.0,0.2,,,1.0,,,2,2,2,2,,,,,,,1279,Stangenholz_10,1548.6,1,not_young,0,0,0,Lostallo,1500_2000
,72820.0,5.0,Starkes Baumholz,384.0,FI (6) / TA (4),,high-montane (main area of silver fir),10.0,1.3,,,1.0,,,2,2,2,2,,,,,,,1280,Starkes Baumholz_10,1548.6,1,not_young,0,0,0,Lostallo,1500_2000
,72821.0,5.0,Starkes Baumholz,447.0,FI (8) / LA (1) / TA (1),,subalpine,8.0,2.9,,,1.0,,,2,2,2,2,,,,,,,1281,Starkes Baumholz_8,1741.9,1,not_young,0,0,0,Lostallo,1500_2000
,72822.0,5.0,Starkes Baumholz,377.0,FI (8) / LA (2),,upper subalpine,9.0,2.1,,,1.0,,,2,2,2,2,,,,,,,1282,Starkes Baumholz_9,1849.4,1,not_young,0,0,0,Lostallo,1500_2000
,72823.0,3.0,Schwaches Baumholz,340.0,FI (7) / LA (1) / TA (2),,high-montane (main area of silver fir),10.0,0.8,,,1.0,,,2,2,2,2,,,,,,,1283,Schwaches Baumholz_10,1599.7,1,not_young,0,0,0,Lostallo,1500_2000
,72824.0,4.0,Mittleres Baumholz,381.0,FI (7) / LA (1) / TA (2),,subalpine,8.0,0.5,,,1.0,,,2,2,2,2,,,,,,,1284,Mittleres Baumholz_8,1717.5,1,not_young,0,0,0,Lostallo,1500_2000
,72825.0,4.0,Mittleres Baumholz,377.0,FI (8) / TA (2),,subalpine,8.0,0.3,,,1.0,,,2,2,2,2,,,,,,,1285,Mittleres Baumholz_8,1625.3,1,not_young,0,0,0,Lostallo,1500_2000
,72826.0,5.0,Starkes Baumholz,342.0,FI (8) / LA (2),,subalpine,8.0,0.5,,,1.0,,,2,2,2,2,,,,,,,1286,Starkes Baumholz_8,1812.9,1,not_young,0,0,0,Lostallo,1500_2000
,72827.0,2.0,Stangenholz,213.0,AER (2) / FI (4) / LA (1),,high-montane (main area of silver fir),10.0,0.7,,,1.0,,,2,2,2,2,,,,,,,1287,Stangenholz_10,1540.0,1,not_young,0,0,0,Lostallo,1500_2000
,72833.0,5.0,Starkes Baumholz,399.0,FI (6) / LA (1) / TA (3),,high-montane (main area of silver fir),10.0,0.3,,,1.0,,,2,2,2,2,,,,,,,1288,Starkes Baumholz_10,1532.0,1,not_young,0,0,0,Lostallo,1500_2000
,72834.0,4.0,Mittleres Baumholz,233.0,FI (4) / LA (1),,high-montane (main area of silver fir),10.0,0.6,,,1.0,,1.0,2,2,2,8,,,,1.0,,,1289,Mittleres Baumholz_10,1533.6,1,not_young,0,0,0,Lostallo,1500_2000
,72839.0,4.0,Mittleres Baumholz,171.0,AER (4) / FI (1) / LA (5),,upper subalpine,9.0,0.6,,,,,,3,3,3,3,,,,,,,1290,Mittleres Baumholz_9,1768.4,1,not_young,0,0,0,Lostallo,1500_2000
,72841.0,2.0,Stangenholz,119.0,,,lower/upper montane,7.0,0.2,,,,,,3,3,3,3,,,,,,,1291,Stangenholz_7,1417.9,1,not_young,0,0,0,Lostallo,1000_1500
,72842.0,5.0,Starkes Baumholz,355.0,FI (6) / TA (3),,high-montane (main area of silver fir),10.0,0.2,,,1.0,,1.0,2,2,2,8,,,,1.0,,,1292,Starkes Baumholz_10,1400.4,1,not_young,1,0,0,Lostallo,1000_1500
,72843.0,2.0,Stangenholz,295.0,LA (2),,high-montane (main area of silver fir),10.0,0.5,,,1.0,1.0,,2,2,8,8,,,,,,,1293,Stangenholz_10,1414.6,1,not_young,0,0,0,Lostallo,1000_1500
,72844.0,2.0,Stangenholz,185.0,LA (1),,high-montane (main area of silver fir),10.0,0.3,,,1.0,1.0,,2,2,8,8,,,,,,,1294,Stangenholz_10,1427.4,1,not_young,0,0,0,Lostallo,1000_1500
,72845.0,2.0,Stangenholz,243.0,FI (5) / LA (2),,high-montane (main area of silver fir),10.0,0.6,,,1.0,,,2,2,2,2,,,,,,,1295,Stangenholz_10,1494.1,1,not_young,0,0,0,Lostallo,1000_1500
,72848.0,3.0,Schwaches Baumholz,374.0,FI (8) / LA (2),,subalpine,8.0,0.4,,,1.0,,,2,2,2,2,,,,,,,1296,Schwaches Baumholz_8,1649.1,1,not_young,0,0,0,Lostallo,1500_2000
,72849.0,4.0,Mittleres Baumholz,461.0,,,high-montane (main area of silver fir),10.0,0.3,,,1.0,1.0,,2,2,8,8,,,,,,,1297,Mittleres Baumholz_10,1389.9,1,not_young,0,0,0,Lostallo,1000_1500
,72850.0,4.0,Mittleres Baumholz,279.0,FI (8) / LA (2),,subalpine,8.0,1.4,,,1.0,,,2,2,2,2,,,,,,,1298,Mittleres Baumholz_8,1696.0,1,not_young,0,0,0,Lostallo,1500_2000
,72851.0,4.0,Mittleres Baumholz,258.0,FI (7) / LA (2) / TA (1),,subalpine,8.0,0.8,,,1.0,,,2,2,2,2,,,,,,,1299,Mittleres Baumholz_8,1757.4,1,not_young,0,0,0,Lostallo,1500_2000
,72852.0,4.0,Mittleres Baumholz,288.0,FI (1) / LA (1),,subalpine,8.0,0.3,,,1.0,,,2,2,2,2,,,,,,,1300,Mittleres Baumholz_8,1665.4,1,not_young,0,0,0,Lostallo,1500_2000
,72853.0,4.0,Mittleres Baumholz,183.0,FI (2) / LA (8),,subalpine,8.0,0.4,,,1.0,,,2,2,2,2,,,,,,,1301,Mittleres Baumholz_8,1822.8,1,not_young,0,0,0,Lostallo,1500_2000
,72854.0,4.0,Mittleres Baumholz,132.0,FI (7) / LA (2),,upper subalpine,9.0,0.6,,,1.0,,,2,2,2,2,,,,,,,1302,Mittleres Baumholz_9,1889.0,1,not_young,0,0,0,Lostallo,1500_2000
,72857.0,5.0,Starkes Baumholz,512.0,FI (7) / TA (3),,high-montane (main area of silver fir),10.0,0.9,,,1.0,1.0,,2,2,8,8,,,,,,,1303,Starkes Baumholz_10,1434.1,1,not_young,0,0,0,Lostallo,1000_1500
,72858.0,2.0,Stangenholz,316.0,FI (2) / LA (2),,high-montane (main area of silver fir),10.0,0.2,,,1.0,1.0,,2,2,8,8,,,,,,,1304,Stangenholz_10,1419.1,1,not_young,0,0,0,Lostallo,1000_1500
,72859.0,3.0,Schwaches Baumholz,414.0,FI (5) / LA (1) / TA (3),,high-montane (main area of silver fir),10.0,0.4,,,1.0,1.0,,2,2,8,8,,,,,,,1305,Schwaches Baumholz_10,1375.0,1,not_young,0,0,0,Lostallo,1000_1500
,72861.0,3.0,Schwaches Baumholz,96.0,FI (1) / LA (9),,upper subalpine,9.0,1.4,,,1.0,,,2,2,2,2,,,,,,,1306,Schwaches Baumholz_9,1919.8,1,not_young,0,0,0,Lostallo,1500_2000
,72862.0,4.0,Mittleres Baumholz,458.0,FI (6) / LA (3) / TA (1),FI (10),high-montane (main area of silver fir),10.0,7.6,,,1.0,,1.0,2,2,2,8,,,,1.0,,,1307,Mittleres Baumholz_10,1529.2,1,not_young,1,0,0,Lostallo,1500_2000
,72864.0,4.0,Mittleres Baumholz,417.0,FI (7) / TA (2),,high-montane (main area of silver fir),10.0,1.9,,,1.0,1.0,1.0,2,2,8,8,,,,0.0,,,1308,Mittleres Baumholz_10,1504.4,1,not_young,1,0,0,Lostallo,1500_2000
,72865.0,4.0,Mittleres Baumholz,559.0,FI (8) / LA (1) / TA (1),,subalpine,8.0,5.2,,,1.0,,1.0,2,2,2,8,,,,1.0,,,1309,Mittleres Baumholz_8,1673.4,1,not_young,0,0,0,Lostallo,1500_2000
,72867.0,3.0,Schwaches Baumholz,82.0,FI (2) / LA (8),,upper subalpine,9.0,1.8,,,1.0,,1.0,2,2,2,8,,,,1.0,,,1310,Schwaches Baumholz_9,1948.3,1,not_young,0,0,0,Lostallo,1500_2000
,72868.0,3.0,Schwaches Baumholz,335.0,FI (2) / LA (8),,subalpine,8.0,1.5,,,1.0,,1.0,2,2,2,8,,,,1.0,,,1311,Schwaches Baumholz_8,1820.5,1,not_young,0,0,0,Lostallo,1500_2000
,72870.0,4.0,Mittleres Baumholz,357.0,FI (5) / TA (2),,subalpine,8.0,0.3,,,1.0,,1.0,2,2,2,8,,,,1.0,,,1312,Mittleres Baumholz_8,1644.3,1,not_young,1,0,0,Lostallo,1500_2000
,72871.0,4.0,Mittleres Baumholz,299.0,FI (6) / LA (1) / TA (3),,high-montane (main area of silver fir),10.0,2.8,,,1.0,,1.0,2,2,2,8,,,,1.0,,,1313,Mittleres Baumholz_10,1524.6,1,not_young,1,0,0,Lostallo,1500_2000
,72872.0,4.0,Mittleres Baumholz,444.0,FI (9) / TA (1),,high-montane (main area of silver fir),10.0,0.4,,,1.0,,1.0,2,2,2,8,,,,1.0,,,1314,Mittleres Baumholz_10,1571.5,1,not_young,1,0,0,Lostallo,1500_2000
,72874.0,4.0,Mittleres Baumholz,153.0,FI (6) / LA (2) / TA (1),,high-montane (main area of silver fir),10.0,0.8,,,1.0,,,2,2,2,2,,,,,,,1315,Mittleres Baumholz_10,1535.9,1,not_young,0,0,0,Lostallo,1500_2000
,72875.0,3.0,Schwaches Baumholz,71.0,FI (1) / LA (7) / TA (1),,high-montane (main area of silver fir),10.0,0.3,,,1.0,,,2,2,2,2,,,,,,,1316,Schwaches Baumholz_10,1472.9,1,not_young,0,0,0,Lostallo,1000_1500
,72876.0,1.0,Jungwuchs/Dickung,25.0,AER (2) / FI (2) / LA (3),,high-montane (main area of silver fir),10.0,1.9,,,1.0,,,2,2,2,2,,,,,,,1317,Jungwuchs/Dickung_10,1514.1,1,young,0,0,0,Lostallo,1500_2000
,72877.0,4.0,Mittleres Baumholz,244.0,FI (6) / LA (2) / TA (2),,subalpine,8.0,0.5,,,1.0,,,2,2,2,2,,,,,,,1318,Mittleres Baumholz_8,1725.0,1,not_young,0,0,0,Lostallo,1500_2000
,72878.0,2.0,Stangenholz,164.0,AER (2) / FI (2),,high-montane (main area of silver fir),10.0,1.3,,,1.0,,,2,2,2,2,,,,,,,1319,Stangenholz_10,1612.8,1,not_young,0,0,0,Lostallo,1500_2000
,72879.0,3.0,Schwaches Baumholz,156.0,FI (1) / LA (7),,high-montane (main area of silver fir),10.0,0.4,,,,,,3,3,3,3,,,,,,,1320,Schwaches Baumholz_10,1487.6,1,not_young,0,0,0,Lostallo,1000_1500
,72880.0,3.0,Schwaches Baumholz,79.0,LA (8),,high-montane (main area of silver fir),10.0,0.2,,,,,,3,3,3,3,,,,,,,1321,Schwaches Baumholz_10,1500.0,1,not_young,0,0,0,Lostallo,1500_2000
,72881.0,4.0,Mittleres Baumholz,105.0,FI (6) / LA (1),,high-montane (main area of silver fir),10.0,0.2,,,,,,3,3,3,3,,,,,,,1322,Mittleres Baumholz_10,1597.7,1,not_young,0,0,0,Lostallo,1500_2000
,72883.0,3.0,Schwaches Baumholz,112.0,LA (10),,upper subalpine,9.0,1.3,,,1.0,,,2,2,2,2,,,,,,,1323,Schwaches Baumholz_9,1971.0,1,not_young,0,0,0,Lostallo,1500_2000
,72885.0,3.0,Schwaches Baumholz,38.0,LA (10),,upper subalpine,9.0,0.6,,,1.0,,,2,2,2,2,,,,,,,1324,Schwaches Baumholz_9,1896.8,1,not_young,0,0,0,Lostallo,1500_2000
,72888.0,3.0,Schwaches Baumholz,42.0,AER (4) / LA (6),,upper subalpine,9.0,0.2,,,,,,3,3,3,3,,,,,,,1325,Schwaches Baumholz_9,1856.3,1,not_young,0,0,0,Lostallo,1500_2000
,72914.0,3.0,Schwaches Baumholz,122.0,AER (4) / LA (6),,upper subalpine,9.0,1.8,,,1.0,,,2,2,2,2,,,,,,,1326,Schwaches Baumholz_9,1896.6,1,not_young,0,0,1,Lostallo,1500_2000
,72920.0,4.0,Mittleres Baumholz,360.0,,,colline,3.0,0.7,,,1.0,,,2,2,2,2,,,,,,,1327,Mittleres Baumholz_3,498.1,0,not_young,0,0,1,Lostallo,300_500
,72921.0,4.0,Mittleres Baumholz,322.0,,,colline,3.0,3.1,,,1.0,,,2,2,2,2,,,,,,,1328,Mittleres Baumholz_3,454.5,0,not_young,0,0,0,Lostallo,300_500
,72922.0,3.0,Schwaches Baumholz,151.0,,,colline,3.0,0.2,,,1.0,,,2,2,2,2,,,,,,,1329,Schwaches Baumholz_3,450.0,0,not_young,0,0,0,Lostallo,300_500
,72923.0,3.0,Schwaches Baumholz,143.0,,,colline,3.0,0.4,,,1.0,,,2,2,2,2,,,,,,,1330,Schwaches Baumholz_3,445.8,0,not_young,0,0,0,Lostallo,300_500
,72924.0,3.0,Schwaches Baumholz,254.0,,,colline,3.0,1.0,,,1.0,,,2,2,2,2,,,,,,,1331,Schwaches Baumholz_3,546.9,0,not_young,0,0,0,Lostallo,500_1000
,72927.0,3.0,Schwaches Baumholz,290.0,,,colline,3.0,1.4,,1.0,1.0,,,2,2,4,4,,,,,,,1332,Schwaches Baumholz_3,438.6,0,not_young,0,0,1,Lostallo,300_500
,72928.0,3.0,Schwaches Baumholz,169.0,,,colline,3.0,2.0,,1.0,1.0,,,2,2,4,4,,,,,,,1333,Schwaches Baumholz_3,439.3,0,not_young,0,0,1,Lostallo,300_500
,72929.0,2.0,Stangenholz,164.0,,,colline,3.0,1.4,,,1.0,,,2,2,2,2,,,,,,,1334,Stangenholz_3,438.0,0,not_young,0,0,1,Lostallo,300_500
,72930.0,4.0,Mittleres Baumholz,144.0,,,colline,3.0,0.9,,,1.0,,,2,2,2,2,,,,,,,1335,Mittleres Baumholz_3,453.8,0,not_young,0,0,0,Lostallo,300_500
,72931.0,4.0,Mittleres Baumholz,482.0,FI (10) / LA (e) / TA (e),FI (8) / TA (2),lower/upper montane,7.0,0.5,,,1.0,1.0,,2,2,8,8,,,,,,,1336,Mittleres Baumholz_7,1322.4,1,not_young,1,0,0,Lostallo,1000_1500
,72932.0,1.0,Jungwuchs/Dickung,249.0,FI (1) / TA (9),BU (e) / FI (10) / LA (e) / BI (e) / TA (e),lower/upper montane,7.0,0.5,,,1.0,1.0,,2,2,8,8,,,,,,,1337,Jungwuchs/Dickung_7,1364.2,1,young,1,0,0,Lostallo,1000_1500
,72937.0,3.0,Schwaches Baumholz,124.0,LA (10),,upper subalpine,9.0,0.3,,,1.0,,,2,2,2,2,,,,,,,1338,Schwaches Baumholz_9,1965.2,1,not_young,0,0,0,Lostallo,1500_2000
,72939.0,3.0,Schwaches Baumholz,88.0,LA (10),,upper subalpine,9.0,0.2,,,1.0,,,2,2,2,2,,,,,,,1339,Schwaches Baumholz_9,1879.6,1,not_young,0,0,0,Lostallo,1500_2000
,72953.0,3.0,Schwaches Baumholz,201.0,BAH (e) / TEI (e) / REI (e) / ES (4) / FI (1) / LA (e) / OST (1) / KI (1) / RO (1) / WEI (1) / LI (1),TEI (e) / ES (1) / FI (1) / OST (1) / KI (1) / RO (e) / LI (1) / ST (5),colline,3.0,1.4,,1.0,,,,3,3,4,4,,,,,,,1340,Schwaches Baumholz_3,438.7,0,not_young,0,0,0,Lostallo,300_500
,72962.0,2.0,Stangenholz,80.0,BAH (e) / WER (1) / ES (3) / KA (e) / BI (1) / AS (e) / KI (1) / RO (e) / WEI (3) / LI (1),ES (1) / FI (e) / KA (e) / KI (1) / WEI (1) / LI (1) / ST (6),colline,3.0,0.5,,1.0,,,,3,3,4,4,,,,,,,1341,Stangenholz_3,436.3,0,not_young,0,0,0,Lostallo,300_500
,72963.0,4.0,Mittleres Baumholz,315.0,BAH (2) / REI (4) / ES (2) / KI (1) / RO (e) / WEI (1),BAH (3) / REI (2) / ES (5),colline,3.0,0.6,,1.0,,,,3,3,4,4,,,,,,,1342,Mittleres Baumholz_3,439.6,0,not_young,0,0,0,Lostallo,300_500
,72964.0,4.0,Mittleres Baumholz,48.0,REI (e) / ES (3) / FI (3) / KA (e) / LA (1) / OST (e) / KI (1) / LI (2),BAH (e) / ES (1) / OST (1) / KI (1) / LI (1) / ST (6),colline,3.0,0.5,,1.0,1.0,,,2,2,4,4,,,,,,,1343,Mittleres Baumholz_3,437.6,0,not_young,0,0,0,Lostallo,300_500
,72966.0,4.0,Mittleres Baumholz,334.0,BAH (e) / TEI (e) / ES (4) / NU (e) / KI (e) / RO (3) / WEI (e) / LI (3),ES (5) / RO (2) / LI (3),colline,3.0,0.6,,1.0,1.0,,,2,2,4,4,,,,,,,1344,Mittleres Baumholz_3,431.7,0,not_young,0,0,0,Lostallo,300_500
,72967.0,3.0,Schwaches Baumholz,287.0,BAH (2) / TEI (e) / ES (4) / KI (1) / WEI (e) / LI (3),ES (8) / LI (2),colline,3.0,1.1,,1.0,,,,3,3,4,4,,,,,,,1345,Schwaches Baumholz_3,429.5,0,not_young,0,0,0,Lostallo,300_500
,72968.0,5.0,Starkes Baumholz,177.0,BAH (1) / ES (4) / FI (2) / LA (1) / KI (e) / WEI (e) / LI (2),BAH (1) / ES (6) / KI (e) / LI (3),colline,3.0,0.5,,1.0,,,,3,3,4,4,,,,,,,1346,Starkes Baumholz_3,430.1,0,not_young,0,0,0,Lostallo,300_500
,72969.0,2.0,Stangenholz,66.0,BAH (e) / TEI (e) / ES (7) / FI (e) / OST (1) / KI (e) / LI (2),,colline,3.0,0.5,,1.0,,,,3,3,4,4,,,,,,,1347,Stangenholz_3,428.4,0,not_young,0,0,0,Lostallo,300_500
,72970.0,2.0,Stangenholz,122.0,BAH (1) / TEI (e) / ES (3) / NU (e) / OST (e) / AS (1) / KI (1) / RO (1) / WEI (1) / LI (2),,colline,3.0,1.8,,1.0,,,,3,3,4,4,,,,,,,1348,Stangenholz_3,430.4,0,not_young,0,0,0,Lostallo,300_500
,72973.0,4.0,Mittleres Baumholz,227.0,BAH (e) / TEI (2) / ES (3) / KA (2) / LI (3),TEI (1) / ES (1) / KA (1) / LI (1) / HAS (6),colline,3.0,8.8,,,1.0,,,2,2,2,2,,,,,,,1349,Mittleres Baumholz_3,722.0,0,not_young,0,0,1,Lostallo,500_1000
,72976.0,3.0,Schwaches Baumholz,110.0,FI (3) / LA (7),,-,5.0,0.2,,,1.0,,1.0,2,2,2,8,,,,1.0,,,1350,Schwaches Baumholz_5,2003.4,1,not_young,0,0,0,Lostallo,2000_2500
,72978.0,4.0,Mittleres Baumholz,246.0,FI (8) / LA (2),,subalpine,8.0,0.6,,,1.0,,,2,2,2,2,,,,,,,1351,Mittleres Baumholz_8,1712.5,1,not_young,0,0,0,Lostallo,1500_2000
,72981.0,4.0,Mittleres Baumholz,128.0,FI (5) / LA (5),,upper subalpine,9.0,0.2,,,1.0,,1.0,2,2,2,2,,,,0.0,,,1352,Mittleres Baumholz_9,1882.3,1,not_young,0,0,0,Lostallo,1500_2000
,72982.0,4.0,Mittleres Baumholz,75.0,AER (2) / FI (7) / LA (1),,upper subalpine,9.0,0.8,,,1.0,,1.0,2,2,2,2,,,,0.0,,,1353,Mittleres Baumholz_9,2013.3,1,not_young,0,0,0,Lostallo,2000_2500
,72983.0,3.0,Schwaches Baumholz,133.0,FI (1) / LA (9),,upper subalpine,9.0,0.8,,,1.0,,1.0,2,2,2,8,,,,1.0,,,1354,Schwaches Baumholz_9,1962.8,1,not_young,0,0,0,Lostallo,1500_2000
,72985.0,4.0,Mittleres Baumholz,105.0,LA (10),FI (e) / LA (10),subalpine,8.0,1.3,,,,,1.0,3,3,3,3,,,,0.0,,,1355,Mittleres Baumholz_8,1719.8,1,not_young,0,0,0,Lostallo,1500_2000
,72988.0,4.0,Mittleres Baumholz,105.0,AER (3) / LA (7),,upper subalpine,9.0,1.6,,,,,,3,3,3,3,,,,,,,1356,Mittleres Baumholz_9,1894.6,1,not_young,0,0,0,Lostallo,1500_2000
,72991.0,4.0,Mittleres Baumholz,185.0,LA (10),FI (e) / LA (10),high-montane (main area of silver fir),10.0,1.0,,,1.0,,,2,2,2,2,,,,,,,1357,Mittleres Baumholz_10,1510.8,1,not_young,0,0,1,Lostallo,1500_2000
,72992.0,2.0,Stangenholz,274.0,FI (7) / LA (1) / BI (1) / VBE (e) / TA (1),,high-montane (main area of silver fir),10.0,2.0,,,1.0,,,2,2,2,2,,,,,,,1358,Stangenholz_10,1408.1,1,not_young,0,0,1,Lostallo,1000_1500
,72994.0,2.0,Stangenholz,261.0,BAH (1) / FI (6) / BI (1) / VBE (e) / LAB (e) / TA (2),FI (9) / TA (1),high-montane (main area of silver fir),10.0,0.4,,,,,,3,3,3,3,,,,,,,1359,Stangenholz_10,1510.5,1,not_young,0,0,0,Lostallo,1500_2000
,72995.0,1.0,Jungwuchs/Dickung,240.0,,BU (10) / ES (e) / FI (e),lower/upper montane,7.0,0.2,,,1.0,1.0,,2,2,8,8,,,,,,,1360,Jungwuchs/Dickung_7,1246.6,1,young,1,0,0,Lostallo,1000_1500
,72997.0,1.0,Jungwuchs/Dickung,443.0,BAH (9) / FI (1),BU (5) / FI (5) / BI (e) / TA (e),high-montane (main area of silver fir),10.0,0.2,,,1.0,1.0,,2,2,8,8,,,,,,,1361,Jungwuchs/Dickung_10,1293.2,1,young,1,0,0,Lostallo,1000_1500
,72998.0,5.0,Starkes Baumholz,528.0,BU (6) / FI (2) / LA (e) / TA (2),BU (9) / FI (1),lower/upper montane,7.0,1.1,,,1.0,1.0,,2,2,8,8,,,,,,,1362,Starkes Baumholz_7,1088.5,1,not_young,1,0,0,Lostallo,1000_1500
,73000.0,5.0,Starkes Baumholz,477.0,BU (6) / FI (1) / TA (3),BU (9) / FI (1) / TA (e),lower/upper montane,7.0,1.8,,,1.0,1.0,,2,2,8,8,,,,,,,1363,Starkes Baumholz_7,1176.7,1,not_young,1,0,0,Lostallo,1000_1500
,73001.0,3.0,Schwaches Baumholz,381.0,BU (10) / ES (e) / FI (e) / LI (e) / TA (e),BU (10),lower/upper montane,7.0,2.7,,,1.0,,,2,2,2,2,,,,,,,1364,Schwaches Baumholz_7,1059.4,1,not_young,0,0,0,Lostallo,1000_1500
,73002.0,5.0,Starkes Baumholz,304.0,BU (1) / FI (7) / LA (e) / TA (2),BAH (e) / BU (2) / ES (e) / FI (2) / BI (4) / WEI (1) / TA (1),high-montane (main area of silver fir),10.0,5.4,,,1.0,1.0,,2,2,8,8,,,,,,,1365,Starkes Baumholz_10,1243.7,1,not_young,1,0,0,Lostallo,1000_1500
,73003.0,5.0,Starkes Baumholz,546.0,BU (5) / FI (2) / LAB (e) / TA (3),BAH (e) / BU (10) / ES (e) / FI (e) / LAB (e),lower/upper montane,7.0,3.5,,,1.0,1.0,,2,2,8,8,,,,,,,1366,Starkes Baumholz_7,1209.6,1,not_young,1,0,0,Lostallo,1000_1500
,73004.0,5.0,Starkes Baumholz,543.0,BAH (e) / BU (3) / ES (1) / FI (2) / BI (1) / AS (1) / TA (2),BAH (1) / BU (4) / ES (e) / FI (3) / BI (1) / AS (e) / TA (1),high-montane (main area of silver fir),10.0,3.3,,,1.0,1.0,,2,2,8,8,,,,,,,1367,Starkes Baumholz_10,1133.7,1,not_young,1,0,0,Lostallo,1000_1500
,73005.0,2.0,Stangenholz,231.0,BAH (e) / BU (e) / FI (1) / BI (9) / TA (e),BU (e) / FI (10) / TA (e),high-montane (main area of silver fir),10.0,2.0,,,1.0,,,2,2,2,2,,,,,,,1368,Stangenholz_10,1109.1,1,not_young,0,0,0,Lostallo,1000_1500
,73006.0,4.0,Mittleres Baumholz,381.0,BU (e) / FI (9) / TA (1),BU (3) / FI (1) / TA (6),high-montane (main area of silver fir),10.0,2.3,,,1.0,,,2,2,2,2,,,,,,,1369,Mittleres Baumholz_10,1028.5,1,not_young,0,0,0,Lostallo,1000_1500
,73007.0,4.0,Mittleres Baumholz,352.0,BAH (e) / BU (7) / ES (e) / FI (1) / BI (e) / LI (1) / TA (1),BU (8) / FI (2),high-montane (main area of silver fir),10.0,4.1,,,1.0,,,2,2,2,2,,,,,,,1370,Mittleres Baumholz_10,961.4,0,not_young,0,0,0,Lostallo,500_1000
,73008.0,5.0,Starkes Baumholz,459.0,BAH (e) / BU (1) / ES (e) / FI (8) / BI (e) / LI (e) / BUL (e) / TA (1),,high-montane (main area of silver fir),10.0,1.2,,,1.0,,,2,2,2,2,,,,,,,1371,Starkes Baumholz_10,1055.1,1,not_young,0,0,0,Lostallo,1000_1500
,73009.0,4.0,Mittleres Baumholz,309.0,BAH (e) / BU (2) / ES (e) / FI (5) / LA (e) / BI (e) / VBE (e) / TA (3),BU (4) / FI (3) / TA (3),lower/upper montane,7.0,1.6,,,1.0,1.0,,2,2,8,8,,,,,,,1372,Mittleres Baumholz_7,1168.5,1,not_young,1,0,0,Lostallo,1000_1500
,73011.0,4.0,Mittleres Baumholz,138.0,LA (10),,-,5.0,0.7,,,1.0,,,2,2,2,2,,,,,,,1373,Mittleres Baumholz_5,1970.2,1,not_young,0,0,0,Lostallo,1500_2000
,73012.0,3.0,Schwaches Baumholz,247.0,FI (5) / LA (5),,upper subalpine,9.0,0.9,,,1.0,,,2,2,2,2,,,,,,,1374,Schwaches Baumholz_9,1940.5,1,not_young,0,0,0,Lostallo,1500_2000
,73017.0,4.0,Mittleres Baumholz,168.0,AER (1) / FI (7) / LA (2),,upper subalpine,9.0,0.4,,,1.0,,,2,2,2,2,,,,,,,1375,Mittleres Baumholz_9,1870.2,1,not_young,0,0,0,Lostallo,1500_2000
,73019.0,4.0,Mittleres Baumholz,153.0,AER (2) / FI (6) / LA (1) / TA (1),,subalpine,8.0,1.0,,,1.0,,,2,2,2,2,,,,,,,1376,Mittleres Baumholz_8,1853.3,1,not_young,0,0,0,Lostallo,1500_2000
,73020.0,2.0,Stangenholz,107.0,FI (5) / LA (5),,upper subalpine,9.0,0.5,,,1.0,,,2,2,2,2,,,,,,,1377,Stangenholz_9,1933.4,1,not_young,0,0,0,Lostallo,1500_2000
,73022.0,2.0,Stangenholz,73.0,FI (1) / LA (9),,-,5.0,1.3,,,,,,3,3,3,3,,,,,,,1378,Stangenholz_5,2096.8,1,not_young,0,1,0,Lostallo,2000_2500
,73023.0,2.0,Stangenholz,89.0,FI (2) / LA (8),,-,5.0,0.5,,,1.0,,,2,2,2,2,,,,,,,1379,Stangenholz_5,2126.5,1,not_young,0,0,0,Lostallo,2000_2500
,73025.0,5.0,Starkes Baumholz,402.0,FI (6) / TA (3),,high-montane (main area of silver fir),10.0,0.4,,,1.0,,1.0,2,2,2,8,,,,1.0,,,1380,Starkes Baumholz_10,1484.7,1,not_young,1,0,0,Lostallo,1000_1500
,73027.0,4.0,Mittleres Baumholz,504.0,FI (9) / TA (1),,subalpine,8.0,2.3,,,1.0,,1.0,2,2,2,2,,,,0.0,,,1381,Mittleres Baumholz_8,1671.9,1,not_young,0,0,0,Lostallo,1500_2000
,73029.0,4.0,Mittleres Baumholz,274.0,BAH (e) / BU (e) / FI (10) / KA (e) / BI (e) / OST (e),BAH (e) / TEI (e) / FI (4) / KA (1) / OST (e) / HAS (5),high-montane (main area of silver fir),10.0,0.9,,,1.0,,,2,2,2,2,,,,,,,1382,Mittleres Baumholz_10,1002.6,1,not_young,0,0,0,Lostallo,1000_1500
,73030.0,1.0,Jungwuchs/Dickung,198.0,BAH (2) / BU (4) / KA (1) / VBE (2) / BUL (1),BAH (1) / BU (1) / FI (e) / KA (1) / BI (1) / OST (3) / HAS (3) / TA (e),lower/upper montane,7.0,1.8,,,1.0,,,2,2,2,2,,,,,,,1383,Jungwuchs/Dickung_7,900.9,0,young,0,0,0,Lostallo,500_1000
,73031.0,4.0,Mittleres Baumholz,423.0,FI (10),FI (10) / TA (e),high-montane (main area of silver fir),10.0,0.9,,,1.0,1.0,,2,2,8,8,,,,,,,1384,Mittleres Baumholz_10,1137.2,1,not_young,1,0,0,Lostallo,1000_1500
,73032.0,2.0,Stangenholz,269.0,BAH (e) / WER (3) / ES (4) / KA (e) / BI (e) / NU (e) / OST (e) / KI (e) / WEI (1) / LI (2),BAH (1) / WER (1) / ES (4) / KA (1) / KI (1) / LI (2),colline,3.0,1.2,,,1.0,,,2,2,2,2,,,,,,,1385,Stangenholz_3,429.9,0,not_young,0,0,1,Lostallo,300_500
,73034.0,5.0,Starkes Baumholz,422.0,BU (3) / FI (1) / TA (6),BU (4) / FI (6) / TA (e),high-montane (main area of silver fir),10.0,4.2,,,1.0,1.0,,2,2,8,8,,,,,,,1386,Starkes Baumholz_10,1075.3,1,not_young,1,0,0,Lostallo,1000_1500
,73035.0,5.0,Starkes Baumholz,401.0,BU (e) / FI (5) / LA (2) / TA (3),BU (e) / FI (4) / LA (1) / BI (e) / WEI (1) / TA (4),high-montane (main area of silver fir),10.0,2.1,,,1.0,1.0,,2,2,8,8,,,,,,,1387,Starkes Baumholz_10,1210.0,1,not_young,1,0,0,Lostallo,1000_1500
,73036.0,5.0,Starkes Baumholz,374.0,BU (2) / FI (1) / LA (e) / TA (7),BU (2) / FI (8) / LA (e) / TA (e),high-montane (main area of silver fir),10.0,0.8,,,1.0,1.0,,2,2,8,8,,,,,,,1388,Starkes Baumholz_10,1212.4,1,not_young,1,0,0,Lostallo,1000_1500
,73037.0,4.0,Mittleres Baumholz,330.0,BU (1) / FI (4) / VBE (e) / TA (5),BU (1) / FI (7) / VBE (e) / TA (2),high-montane (main area of silver fir),10.0,2.8,,,1.0,1.0,,2,2,8,8,,,,,,,1389,Mittleres Baumholz_10,1029.1,1,not_young,1,0,0,Lostallo,1000_1500
,73038.0,4.0,Mittleres Baumholz,330.0,BAH (e) / BU (3) / FI (4) / LA (e) / TA (3),,high-montane (main area of silver fir),10.0,1.7,,,1.0,1.0,,2,2,8,8,,,,,,,1390,Mittleres Baumholz_10,1100.8,1,not_young,1,0,0,Lostallo,1000_1500
,73039.0,3.0,Schwaches Baumholz,221.0,BU (6) / FI (3) / TA (1),BU (5) / FI (2) / LA (3) / VBE (e),high-montane (main area of silver fir),10.0,0.8,,,1.0,1.0,,2,2,8,8,,,,,,,1391,Schwaches Baumholz_10,1194.9,1,not_young,1,0,0,Lostallo,1000_1500
,73040.0,3.0,Schwaches Baumholz,377.0,FI (5) / LA (5),,subalpine,8.0,1.0,,,1.0,,,2,2,2,2,,,,,,,1392,Schwaches Baumholz_8,1538.9,1,not_young,0,0,0,Lostallo,1500_2000
,73041.0,4.0,Mittleres Baumholz,338.0,FI (6) / LA (3) / TA (1),,subalpine,8.0,0.9,,,1.0,,,2,2,2,2,,,,,,,1393,Mittleres Baumholz_8,1748.8,1,not_young,0,0,0,Lostallo,1500_2000
,73042.0,4.0,Mittleres Baumholz,354.0,FI (8) / LA (2),,subalpine,8.0,0.8,,,1.0,,,2,2,2,2,,,,,,,1394,Mittleres Baumholz_8,1628.4,1,not_young,0,0,0,Lostallo,1500_2000
,73043.0,4.0,Mittleres Baumholz,245.0,FI (9) / LA (1),,subalpine,8.0,0.5,,,1.0,,,2,2,2,2,,,,,,,1395,Mittleres Baumholz_8,1695.7,1,not_young,0,0,0,Lostallo,1500_2000
,73044.0,1.0,Jungwuchs/Dickung,291.0,FI (1) / LA (1),,high-montane (main area of silver fir),10.0,0.4,,,1.0,,,2,2,2,2,,,,,,,1396,Jungwuchs/Dickung_10,1522.2,1,young,0,0,0,Lostallo,1500_2000
,73045.0,3.0,Schwaches Baumholz,172.0,FI (5) / LA (5),,upper subalpine,9.0,1.0,,,1.0,,,2,2,2,2,,,,,,,1397,Schwaches Baumholz_9,1888.5,1,not_young,0,0,0,Lostallo,1500_2000
,73047.0,3.0,Schwaches Baumholz,318.0,FI (10),,high-montane (main area of silver fir),10.0,0.4,,,1.0,1.0,,2,2,8,8,,,,,,,1398,Schwaches Baumholz_10,1319.0,1,not_young,0,0,0,Lostallo,1000_1500
,73048.0,5.0,Starkes Baumholz,455.0,FI (8) / TA (2),,high-montane (main area of silver fir),10.0,1.6,,,1.0,1.0,,2,2,8,8,,,,,,,1399,Starkes Baumholz_10,1366.1,1,not_young,0,0,0,Lostallo,1000_1500
,73050.0,4.0,Mittleres Baumholz,523.0,FI (9) / TA (1),,high-montane (main area of silver fir),10.0,1.9,,,1.0,1.0,,2,2,8,8,,,,,,,1400,Mittleres Baumholz_10,1497.1,1,not_young,0,0,0,Lostallo,1000_1500
,73051.0,5.0,Starkes Baumholz,478.0,FI (8) / TA (2),,high-montane (main area of silver fir),10.0,3.4,,,1.0,1.0,,2,2,8,8,,,,,,,1401,Starkes Baumholz_10,1393.1,1,not_young,0,0,0,Lostallo,1000_1500
,73054.0,4.0,Mittleres Baumholz,326.0,FI (10),,high-montane (main area of silver fir),10.0,0.5,,,1.0,1.0,,2,2,8,8,,,,,,,1402,Mittleres Baumholz_10,1301.4,1,not_young,1,0,0,Lostallo,1000_1500
,73055.0,4.0,Mittleres Baumholz,144.0,FI (9) / LA (1),,upper subalpine,9.0,0.4,,,1.0,,1.0,2,2,2,8,,,,1.0,,,1403,Mittleres Baumholz_9,1843.3,1,not_young,0,0,0,Lostallo,1500_2000
,73060.0,4.0,Mittleres Baumholz,186.0,FI (3) / LA (7),,upper subalpine,9.0,1.5,,,1.0,,1.0,2,2,2,8,,,,1.0,,,1404,Mittleres Baumholz_9,1843.4,1,not_young,0,0,0,Lostallo,1500_2000
,73061.0,4.0,Mittleres Baumholz,267.0,FI (9),,high-montane (main area of silver fir),10.0,2.1,,,1.0,,1.0,2,2,2,8,,,,1.0,,,1405,Mittleres Baumholz_10,1637.4,1,not_young,0,0,0,Lostallo,1500_2000
,73064.0,4.0,Mittleres Baumholz,270.0,FI (1) / TA (1),,lower/upper montane,7.0,1.4,,,1.0,,1.0,2,2,2,8,,,,1.0,,,1406,Mittleres Baumholz_7,1390.9,1,not_young,0,0,0,Lostallo,1000_1500
,73066.0,5.0,Starkes Baumholz,357.0,FI (6) / TA (4),,lower/upper montane,7.0,0.4,,,1.0,,1.0,2,2,2,8,,,,1.0,,,1407,Starkes Baumholz_7,1362.7,1,not_young,0,0,0,Lostallo,1000_1500
,73067.0,4.0,Mittleres Baumholz,276.0,FI (1) / TA (1),,lower/upper montane,7.0,0.7,,,1.0,,1.0,2,2,2,8,,,,1.0,,,1408,Mittleres Baumholz_7,1363.6,1,not_young,0,0,0,Lostallo,1000_1500
,73068.0,3.0,Schwaches Baumholz,243.0,FI (3) / TA (2),,lower/upper montane,7.0,1.6,,,1.0,,1.0,2,2,2,8,,,,1.0,,,1409,Schwaches Baumholz_7,1426.4,1,not_young,0,0,0,Lostallo,1000_1500
,73069.0,4.0,Mittleres Baumholz,148.0,LA (10),,upper subalpine,9.0,0.4,,,1.0,,,2,2,2,2,,,,,,,1410,Mittleres Baumholz_9,1845.8,1,not_young,0,0,0,Lostallo,1500_2000
,73070.0,4.0,Mittleres Baumholz,192.0,FI (6) / LA (4),,upper subalpine,9.0,1.6,,,1.0,,,2,2,2,2,,,,,,,1411,Mittleres Baumholz_9,1847.9,1,not_young,0,0,0,Lostallo,1500_2000
,73071.0,4.0,Mittleres Baumholz,152.0,FI (6) / LA (3) / TA (1),,subalpine,8.0,0.5,,,1.0,,,2,2,2,2,,,,,,,1412,Mittleres Baumholz_8,1753.2,1,not_young,0,0,0,Lostallo,1500_2000
,73075.0,3.0,Schwaches Baumholz,181.0,FI (2) / LA (8),,subalpine,8.0,0.2,,,1.0,,,2,2,2,2,,,,,,,1413,Schwaches Baumholz_8,1748.7,1,not_young,0,0,0,Lostallo,1500_2000
,73076.0,4.0,Mittleres Baumholz,146.0,FI (1) / LA (9),,upper subalpine,9.0,0.9,,,1.0,,,2,2,2,2,,,,,,,1414,Mittleres Baumholz_9,1863.1,1,not_young,0,0,0,Lostallo,1500_2000
,73077.0,3.0,Schwaches Baumholz,196.0,FI (2) / LA (8),,subalpine,8.0,0.7,,,1.0,,,2,2,2,2,,,,,,,1415,Schwaches Baumholz_8,1772.8,1,not_young,0,0,0,Lostallo,1500_2000
,73079.0,2.0,Stangenholz,61.0,FI (1) / LA (1),,high-montane (main area of silver fir),10.0,0.7,,,1.0,,,2,2,2,2,,,,,,,1416,Stangenholz_10,1585.9,1,not_young,0,0,0,Lostallo,1500_2000
,73080.0,3.0,Schwaches Baumholz,133.0,LA (10),,upper subalpine,9.0,0.8,,,1.0,,,2,2,2,2,,,,,,,1417,Schwaches Baumholz_9,1970.1,1,not_young,0,0,0,Lostallo,1500_2000
,73087.0,3.0,Schwaches Baumholz,136.0,AER (1) / LA (7),,subalpine,8.0,0.7,,,1.0,,,2,2,2,2,,,,,,,1418,Schwaches Baumholz_8,1665.9,1,not_young,0,0,0,Lostallo,1500_2000
,73088.0,2.0,Stangenholz,31.0,AER (1) / LA (8),,upper subalpine,9.0,0.9,,,,,,3,3,3,3,,,,,,,1419,Stangenholz_9,1886.4,1,not_young,0,0,0,Lostallo,1500_2000
,73107.0,2.0,Stangenholz,107.0,AER (2),,high-montane (main area of silver fir),10.0,0.7,,,,,,3,3,3,3,,,,,,,1420,Stangenholz_10,1462.4,1,not_young,0,0,0,Lostallo,1000_1500
,73108.0,2.0,Stangenholz,78.0,AER (4),,high-montane (main area of silver fir),10.0,2.8,,,,,,3,3,3,3,,,,,,,1421,Stangenholz_10,1501.3,1,not_young,0,0,0,Lostallo,1500_2000
,73110.0,2.0,Stangenholz,33.0,AER (3) / LA (1),,subalpine,8.0,2.7,,,,,,3,3,3,3,,,,,,,1422,Stangenholz_8,1652.0,1,not_young,0,0,0,Lostallo,1500_2000
,73111.0,2.0,Stangenholz,41.0,AER (2),,high-montane (main area of silver fir),10.0,0.4,,,,,,3,3,3,3,,,,,,,1423,Stangenholz_10,1593.7,1,not_young,0,0,0,Lostallo,1500_2000
,73112.0,2.0,Stangenholz,137.0,BU (5),,high-montane (main area of silver fir),10.0,0.6,,,,,,3,3,3,3,,,,,,,1424,Stangenholz_10,1438.7,1,not_young,0,0,0,Lostallo,1000_1500
,73124.0,3.0,Schwaches Baumholz,187.0,,,colline,3.0,0.7,,,1.0,,,2,2,2,2,,,,,,,1425,Schwaches Baumholz_3,484.0,0,not_young,0,0,0,Lostallo,300_500
,73125.0,4.0,Mittleres Baumholz,200.0,,,colline,3.0,0.6,,,1.0,,,2,2,2,2,,,,,,,1426,Mittleres Baumholz_3,410.1,0,not_young,0,0,0,Lostallo,300_500
,73126.0,5.0,Starkes Baumholz,298.0,,,colline,3.0,1.4,,,1.0,,,7,7,7,7,,1.0,,,,,1427,Starkes Baumholz_3,410.7,0,not_young,0,0,0,Lostallo,300_500
,73127.0,4.0,Mittleres Baumholz,317.0,,,colline,3.0,0.7,,,1.0,,,7,7,7,7,,1.0,,,,,1428,Mittleres Baumholz_3,437.7,0,not_young,0,0,0,Lostallo,300_500
,73129.0,5.0,Starkes Baumholz,284.0,LA (10),,high-montane (main area of silver fir),10.0,0.6,,,1.0,,,2,2,2,2,,,,,,,1429,Starkes Baumholz_10,1600.5,1,not_young,0,0,0,Lostallo,1500_2000
,73132.0,3.0,Schwaches Baumholz,144.0,LA (10),,upper subalpine,9.0,3.0,,,1.0,,,2,2,2,2,,,,,,,1430,Schwaches Baumholz_9,1885.0,1,not_young,0,0,0,Lostallo,1500_2000
,73135.0,5.0,Starkes Baumholz,404.0,FI (8) / TA (2),,high-montane (main area of silver fir),10.0,0.9,,,1.0,,,2,2,2,2,,,,,,,1431,Starkes Baumholz_10,1451.6,1,not_young,0,0,0,Lostallo,1000_1500
,73143.0,3.0,Schwaches Baumholz,257.0,BAH (e) / WER (1) / ES (3) / FI (e) / BI (e) / OST (1) / KI (1) / WEI (2) / LI (2),WER (1) / ES (5) / LI (4),colline,3.0,1.8,,,1.0,,,2,2,2,2,,,,,,,1432,Schwaches Baumholz_3,438.4,0,not_young,0,0,1,Lostallo,300_500
,73144.0,2.0,Stangenholz,257.0,WER (2) / ES (4) / OST (2) / WEI (2),BAH (e) / TEI (e) / WER (1) / ES (3) / BI (e) / KI (1) / WEI (1) / LI (1) / ST (3),colline,3.0,0.5,,,,,,3,3,3,3,,,,,,,1433,Stangenholz_3,437.6,0,not_young,0,0,0,Lostallo,300_500
,73146.0,3.0,Schwaches Baumholz,267.0,TEI (e) / ES (2) / KA (e) / BI (2) / OST (1) / KI (e) / LI (5),,colline,3.0,1.3,,,1.0,,,2,2,2,2,,,,,,,1434,Schwaches Baumholz_3,468.2,0,not_young,0,0,1,Lostallo,300_500
,73147.0,2.0,Stangenholz,357.0,BAH (e) / WER (3) / ES (4) / KA (e) / BI (e) / NU (e) / OST (e) / KI (e) / WEI (1) / LI (2),BAH (1) / WER (1) / ES (4) / KA (1) / KI (1) / LI (2),colline,3.0,0.3,,,1.0,,,2,2,2,2,,,,,,,1435,Stangenholz_3,438.0,0,not_young,0,0,1,Lostallo,300_500
,73148.0,4.0,Mittleres Baumholz,429.0,FI (8) / LA (1) / TA (1),,subalpine,8.0,8.3,,,1.0,,1.0,2,2,2,8,,,,1.0,,,1436,Mittleres Baumholz_8,1680.5,1,not_young,0,0,0,Lostallo,1500_2000
,73149.0,3.0,Schwaches Baumholz,217.0,FI (1) / LA (9),,upper subalpine,9.0,5.1,,,1.0,,1.0,2,2,2,8,,,,1.0,,,1437,Schwaches Baumholz_9,1880.5,1,not_young,0,0,0,Lostallo,1500_2000
,73150.0,4.0,Mittleres Baumholz,342.0,FI (8) / LA (2),,subalpine,8.0,2.8,,,1.0,,1.0,2,2,2,8,,,,1.0,,,1438,Mittleres Baumholz_8,1586.0,1,not_young,0,0,0,Lostallo,1500_2000
,73153.0,3.0,Schwaches Baumholz,366.0,FI (8) / TA (2),,lower/upper montane,7.0,1.0,,,1.0,1.0,1.0,2,2,8,8,,,,0.0,,,1439,Schwaches Baumholz_7,1334.2,1,not_young,0,0,0,Lostallo,1000_1500
,73154.0,3.0,Schwaches Baumholz,262.0,FI (4) / TA (1),,lower/upper montane,7.0,0.2,,,,1.0,,3,3,8,8,,,,,,,1440,Schwaches Baumholz_7,1332.2,1,not_young,0,0,0,Lostallo,1000_1500
,73158.0,2.0,Stangenholz,110.0,FI (4) / TA (1),,lower/upper montane,7.0,1.1,,,1.0,,1.0,2,2,2,8,,,,1.0,,,1441,Stangenholz_7,1419.6,1,not_young,0,0,0,Lostallo,1000_1500
,73159.0,2.0,Stangenholz,157.0,FI (6) / LA (1),,high-montane (main area of silver fir),10.0,1.4,,,,,1.0,3,3,3,8,,,,1.0,,,1442,Stangenholz_10,1558.9,1,not_young,0,0,0,Lostallo,1500_2000
,73160.0,2.0,Stangenholz,271.0,FI (1) / TA (9),FI (2) / TA (8),subalpine,8.0,0.4,,,1.0,,,2,2,2,2,,,,,,,1443,Stangenholz_8,1672.8,1,not_young,0,0,1,Lostallo,1500_2000
,73161.0,2.0,Stangenholz,150.0,FI (1) / TA (9),FI (2) / TA (8),subalpine,8.0,0.4,,,1.0,,,2,2,2,2,,,,,,,1444,Stangenholz_8,1707.0,1,not_young,0,0,1,Lostallo,1500_2000
,73162.0,3.0,Schwaches Baumholz,326.0,FI (8) / LA (2) / TA (e),,subalpine,8.0,3.6,,,1.0,,,2,2,2,2,,,,,,,1445,Schwaches Baumholz_8,1641.4,1,not_young,0,0,1,Lostallo,1500_2000
,73163.0,2.0,Stangenholz,244.0,FI (7) / LA (1) / BI (1) / VBE (e) / TA (1),FI (10) / LA (e) / BI (e) / VBE (e) / TA (e),high-montane (main area of silver fir),10.0,1.4,,,1.0,,,2,2,2,2,,,,,,,1446,Stangenholz_10,1482.0,1,not_young,0,0,1,Lostallo,1000_1500
,73164.0,2.0,Stangenholz,265.0,FI (7) / LA (1) / BI (1) / VBE (e) / TA (1),,high-montane (main area of silver fir),10.0,2.8,,,1.0,,,2,2,2,2,,,,,,,1447,Stangenholz_10,1554.3,1,not_young,0,0,1,Lostallo,1500_2000
,73165.0,2.0,Stangenholz,152.0,FI (7) / LA (1) / BI (1) / VBE (e) / TA (1),,high-montane (main area of silver fir),10.0,1.0,,,1.0,,,2,2,2,2,,,,,,,1448,Stangenholz_10,1399.8,1,not_young,0,0,1,Lostallo,1000_1500
,73170.0,4.0,Mittleres Baumholz,484.0,BAH (e) / BU (3) / ES (e) / FI (4) / BI (e) / VBE (e) / TA (3),BU (4) / FI (3) / TA (3),lower/upper montane,7.0,1.8,,,1.0,1.0,,2,2,8,8,,,,,,,1449,Mittleres Baumholz_7,1154.2,1,not_young,1,0,0,Lostallo,1000_1500
,73171.0,5.0,Starkes Baumholz,384.0,BU (2) / FI (3) / LA (2) / TA (3),BU (3) / FI (6) / LA (1) / TA (e),lower/upper montane,7.0,1.5,,,1.0,1.0,,2,2,8,8,,,,,,,1450,Starkes Baumholz_7,1241.9,1,not_young,1,0,0,Lostallo,1000_1500
,73172.0,4.0,Mittleres Baumholz,502.0,BAH (e) / BU (2) / ES (e) / FI (5) / LA (e) / BI (e) / VBE (e) / TA (3),BU (4) / FI (3) / TA (3),high-montane (main area of silver fir),10.0,4.0,,,1.0,1.0,,2,2,8,8,,,,,,,1451,Mittleres Baumholz_10,1101.4,1,not_young,1,0,0,Lostallo,1000_1500
,73173.0,4.0,Mittleres Baumholz,249.0,BU (3) / FI (5) / TA (2),BAH (e) / BU (3) / FI (2) / BI (5) / TA (e),lower/upper montane,7.0,1.0,,,1.0,1.0,,2,2,8,8,,,,,,,1452,Mittleres Baumholz_7,1167.8,1,not_young,1,0,0,Lostallo,1000_1500
,73175.0,5.0,Starkes Baumholz,477.0,FI (9) / TA (1),,high-montane (main area of silver fir),10.0,1.3,,,1.0,1.0,,2,2,8,8,,,,,,,1453,Starkes Baumholz_10,1339.6,1,not_young,0,0,0,Lostallo,1000_1500
,73176.0,5.0,Starkes Baumholz,336.0,FI (9) / TA (1),,high-montane (main area of silver fir),10.0,0.2,,,,1.0,,3,3,8,8,,,,,,,1454,Starkes Baumholz_10,1373.2,1,not_young,0,0,0,Lostallo,1000_1500
,73177.0,3.0,Schwaches Baumholz,527.0,FI (8) / LA (1) / TA (1),,high-montane (main area of silver fir),10.0,1.1,,,1.0,1.0,,2,2,8,8,,,,,,,1455,Schwaches Baumholz_10,1395.2,1,not_young,0,0,0,Lostallo,1000_1500
,73178.0,5.0,Starkes Baumholz,493.0,FI (9) / TA (1),,high-montane (main area of silver fir),10.0,1.1,,,1.0,1.0,,2,2,8,8,,,,,,,1456,Starkes Baumholz_10,1389.7,1,not_young,0,0,0,Lostallo,1000_1500
,73181.0,4.0,Mittleres Baumholz,351.0,FI (5) / LA (1),,high-montane (main area of silver fir),10.0,0.2,,,1.0,1.0,,2,2,8,8,,,,,,,1457,Mittleres Baumholz_10,1430.6,1,not_young,0,0,0,Lostallo,1000_1500
,73182.0,4.0,Mittleres Baumholz,271.0,FI (6) / LA (1),,high-montane (main area of silver fir),10.0,0.6,,,1.0,1.0,,2,2,8,8,,,,,,,1458,Mittleres Baumholz_10,1526.8,1,not_young,0,0,0,Lostallo,1500_2000
,73183.0,2.0,Stangenholz,74.0,FI (7) / LA (3),,-,5.0,0.4,,,,,,3,3,3,3,,,,,,,1459,Stangenholz_5,2220.2,1,not_young,0,0,0,Lostallo,2000_2500
,73184.0,2.0,Stangenholz,90.0,FI (5) / LA (5),,-,5.0,0.2,,,,,,3,3,3,3,,,,,,,1460,Stangenholz_5,2204.8,1,not_young,0,0,0,Lostallo,2000_2500
,73188.0,1.0,Jungwuchs/Dickung,27.0,LA (10),,high-montane (main area of silver fir),10.0,0.7,,,,,,3,3,3,3,,,,,,,1461,Jungwuchs/Dickung_10,1470.1,1,young,0,0,0,Lostallo,1000_1500
,73189.0,2.0,Stangenholz,9.0,LA (8),,high-montane (main area of silver fir),10.0,1.6,,,,,,3,3,3,3,,,,,,,1462,Stangenholz_10,1471.4,1,not_young,0,0,0,Lostallo,1000_1500
,73191.0,4.0,Mittleres Baumholz,186.0,LA (8),,subalpine,8.0,1.0,,,1.0,,,2,2,2,2,,,,,,,1463,Mittleres Baumholz_8,1600.0,1,not_young,0,0,0,Lostallo,1500_2000
,73193.0,2.0,Stangenholz,145.0,AER (2),,subalpine,8.0,0.3,,,1.0,,,2,2,2,2,,,,,,,1464,Stangenholz_8,1690.8,1,not_young,0,0,0,Lostallo,1500_2000
,73194.0,4.0,Mittleres Baumholz,189.0,FI (1) / LA (9),,subalpine,8.0,1.4,,,1.0,,,2,2,2,2,,,,,,,1465,Mittleres Baumholz_8,1727.6,1,not_young,0,0,0,Lostallo,1500_2000
,73197.0,4.0,Mittleres Baumholz,301.0,BU (4) / WER (e) / ES (e) / FI (2) / WEI (e) / TA (4),BU (6) / FI (4),high-montane (main area of silver fir),10.0,1.0,,,1.0,1.0,,2,2,8,8,,,,,,,1466,Mittleres Baumholz_10,1227.5,1,not_young,1,0,0,Lostallo,1000_1500
,73198.0,4.0,Mittleres Baumholz,399.0,BU (4) / FI (1) / TA (5),,high-montane (main area of silver fir),10.0,1.0,,,1.0,1.0,,2,2,8,8,,,,,,,1467,Mittleres Baumholz_10,1171.1,1,not_young,1,0,0,Lostallo,1000_1500
,73199.0,2.0,Stangenholz,0.0,,,colline,3.0,0.3,,,1.0,,,2,2,2,2,,,,,,,1468,Stangenholz_3,655.7,0,not_young,0,0,0,Lostallo,500_1000
,73200.0,5.0,Starkes Baumholz,375.0,BAH (e) / BU (3) / ES (e) / FI (4) / LI (1) / TA (2),BAH (e) / BU (3) / ES (e) / FI (7),high-montane (main area of silver fir),10.0,2.6,,,1.0,,,2,2,2,2,,,,,,,1469,Starkes Baumholz_10,894.7,0,not_young,0,0,0,Lostallo,500_1000
,73201.0,4.0,Mittleres Baumholz,419.0,BAH (2) / BU (2) / ES (1) / FI (3) / BI (e) / TA (2),BAH (1) / BU (2) / ES (e) / FI (7) / BI (e),high-montane (main area of silver fir),10.0,1.2,,,1.0,,,2,2,2,2,,,,,,,1470,Mittleres Baumholz_10,955.0,0,not_young,0,0,0,Lostallo,500_1000
,73202.0,4.0,Mittleres Baumholz,428.0,FI (6) / TA (1),,high-montane (main area of silver fir),10.0,0.8,,,1.0,,,2,2,2,2,,,,,,,1471,Mittleres Baumholz_10,937.5,0,not_young,0,0,0,Lostallo,500_1000
,73204.0,5.0,Starkes Baumholz,213.0,FI (5) / TA (3),,high-montane (main area of silver fir),10.0,0.4,,,1.0,,,2,2,2,2,,,,,,,1472,Starkes Baumholz_10,817.5,0,not_young,0,0,0,Lostallo,500_1000
,73205.0,4.0,Mittleres Baumholz,516.0,BU (1) / FI (5) / TA (1),,high-montane (main area of silver fir),10.0,0.4,,,1.0,1.0,,2,2,8,8,,,,,,,1473,Mittleres Baumholz_10,1055.9,1,not_young,1,0,0,Lostallo,1000_1500
,73206.0,4.0,Mittleres Baumholz,298.0,BU (2) / FI (1) / TA (1),,high-montane (main area of silver fir),10.0,1.1,,,1.0,1.0,,2,2,8,8,,,,,,,1474,Mittleres Baumholz_10,928.3,0,not_young,1,0,0,Lostallo,500_1000
,73207.0,3.0,Schwaches Baumholz,384.0,BU (1) / FI (3) / TA (3),,high-montane (main area of silver fir),10.0,1.4,,,1.0,,,2,2,2,2,,,,,,,1475,Schwaches Baumholz_10,1485.3,1,not_young,0,0,0,Lostallo,1000_1500
,73209.0,2.0,Stangenholz,273.0,BU (2),,high-montane (main area of silver fir),10.0,0.6,,,1.0,,,2,2,2,2,,,,,,,1476,Stangenholz_10,1413.4,1,not_young,0,0,0,Lostallo,1000_1500
,73210.0,2.0,Stangenholz,296.0,BU (1),,high-montane (main area of silver fir),10.0,3.1,,,1.0,,,2,2,2,2,,,,,,,1477,Stangenholz_10,1456.4,1,not_young,0,0,0,Lostallo,1000_1500
,73212.0,4.0,Mittleres Baumholz,493.0,FI (5) / LA (5),,subalpine,8.0,5.5,,,1.0,1.0,,2,2,8,8,,,,,,,1478,Mittleres Baumholz_8,1619.1,1,not_young,0,0,0,Lostallo,1500_2000
,73213.0,5.0,Starkes Baumholz,477.0,FI (8) / TA (2),,high-montane (main area of silver fir),10.0,1.0,,,1.0,1.0,,2,2,8,8,,,,,,,1479,Starkes Baumholz_10,1374.2,1,not_young,0,0,0,Lostallo,1000_1500
,73215.0,1.0,Jungwuchs/Dickung,212.0,FI (2) / TA (8),BAH (e) / FI (3) / LA (e) / BI (5) / WEI (e) / LAB (e) / TA (2),lower/upper montane,7.0,3.0,,,1.0,1.0,1.0,2,2,8,8,,,,0.0,,,1480,Jungwuchs/Dickung_7,1349.2,1,young,1,0,0,Lostallo,1000_1500
,73216.0,3.0,Schwaches Baumholz,404.0,FI (8) / LA (e) / TA (2),,high-montane (main area of silver fir),10.0,4.1,,,1.0,1.0,,2,2,8,8,,,,,,,1481,Schwaches Baumholz_10,1274.3,1,not_young,1,0,0,Lostallo,1000_1500
,73217.0,5.0,Starkes Baumholz,459.0,FI (9) / TA (1),,high-montane (main area of silver fir),10.0,0.5,,,1.0,,,2,2,2,2,,,,,,,1482,Starkes Baumholz_10,1354.1,1,not_young,0,0,0,Lostallo,1000_1500
,73218.0,5.0,Starkes Baumholz,396.0,FI (8) / TA (1),,high-montane (main area of silver fir),10.0,0.4,,,1.0,,,2,2,2,2,,,,,,,1483,Starkes Baumholz_10,1393.6,1,not_young,0,0,0,Lostallo,1000_1500
,73220.0,5.0,Starkes Baumholz,429.0,FI (9) / TA (1),,high-montane (main area of silver fir),10.0,0.3,,,1.0,1.0,,2,2,8,8,,,,,,,1484,Starkes Baumholz_10,1340.0,1,not_young,1,0,0,Lostallo,1000_1500
,73222.0,4.0,Mittleres Baumholz,413.0,FI (9) / TA (1),,lower/upper montane,7.0,1.8,,,1.0,1.0,,2,2,8,8,,,,,,,1485,Mittleres Baumholz_7,1315.0,1,not_young,1,0,0,Lostallo,1000_1500
,73223.0,2.0,Stangenholz,261.0,FI (9),,high-montane (main area of silver fir),10.0,1.3,,,1.0,1.0,,2,2,8,8,,,,,,,1486,Stangenholz_10,1350.7,1,not_young,0,0,0,Lostallo,1000_1500
,73224.0,4.0,Mittleres Baumholz,339.0,FI (10),,lower/upper montane,7.0,0.5,,,1.0,1.0,,2,2,8,8,,,,,,,1487,Mittleres Baumholz_7,1334.8,1,not_young,0,0,0,Lostallo,1000_1500
,73225.0,4.0,Mittleres Baumholz,307.0,FI (9) / TA (1),,lower/upper montane,7.0,0.2,,,,,1.0,3,3,3,8,,,,1.0,,,1488,Mittleres Baumholz_7,1351.6,1,not_young,0,0,0,Lostallo,1000_1500
,73227.0,4.0,Mittleres Baumholz,284.0,FI (7) / TA (3),,high-montane (main area of silver fir),10.0,0.4,,,1.0,,1.0,2,2,2,8,,,,1.0,,,1489,Mittleres Baumholz_10,1509.3,1,not_young,0,0,0,Lostallo,1500_2000
,73228.0,3.0,Schwaches Baumholz,185.0,FI (7) / LA (2),,high-montane (main area of silver fir),10.0,2.8,,,1.0,,1.0,2,2,2,8,,,,1.0,,,1490,Schwaches Baumholz_10,1613.2,1,not_young,0,0,0,Lostallo,1500_2000
,73229.0,3.0,Schwaches Baumholz,222.0,FI (9) / TA (1),,high-montane (main area of silver fir),10.0,0.5,,,1.0,,1.0,2,2,2,8,,,,1.0,,,1491,Schwaches Baumholz_10,1478.4,1,not_young,0,0,0,Lostallo,1000_1500
,73230.0,3.0,Schwaches Baumholz,164.0,FI (1),,subalpine,8.0,1.8,,,1.0,,1.0,2,2,2,8,,,,1.0,,,1492,Schwaches Baumholz_8,1774.5,1,not_young,0,0,0,Lostallo,1500_2000
,73231.0,3.0,Schwaches Baumholz,229.0,FI (2) / LA (8),,upper subalpine,9.0,1.3,,,1.0,,1.0,2,2,2,8,,,,1.0,,,1493,Schwaches Baumholz_9,1823.4,1,not_young,0,0,0,Lostallo,1500_2000
,73232.0,2.0,Stangenholz,140.0,FI (9),,high-montane (main area of silver fir),10.0,0.3,,,,,1.0,3,3,3,8,,,,1.0,,,1494,Stangenholz_10,1532.3,1,not_young,0,0,0,Lostallo,1500_2000
,73235.0,4.0,Mittleres Baumholz,307.0,FI (7) / LA (2) / TA (1),,subalpine,8.0,2.3,,,1.0,,1.0,2,2,2,8,,,,1.0,,,1495,Mittleres Baumholz_8,1692.1,1,not_young,0,0,0,Lostallo,1500_2000
,73236.0,4.0,Mittleres Baumholz,308.0,FI (8) / TA (1),,lower/upper montane,7.0,0.5,,,,,1.0,3,3,3,8,,,,1.0,,,1496,Mittleres Baumholz_7,1369.1,1,not_young,0,0,0,Lostallo,1000_1500
,73237.0,2.0,Stangenholz,257.0,,,subalpine,8.0,1.1,,,1.0,,1.0,2,2,2,8,,,,1.0,,,1497,Stangenholz_8,1591.9,1,not_young,0,0,0,Lostallo,1500_2000
,73240.0,2.0,Stangenholz,79.0,,,high-montane (main area of silver fir),10.0,2.5,,,,,,3,3,3,3,,,,,,,1498,Stangenholz_10,1559.0,1,not_young,0,0,0,Lostallo,1500_2000
,73243.0,3.0,Schwaches Baumholz,86.0,AER (2) / LA (8),,-,5.0,0.9,,,1.0,,,2,2,2,2,,,,,,,1499,Schwaches Baumholz_5,2011.4,1,not_young,0,0,0,Lostallo,2000_2500
,73244.0,4.0,Mittleres Baumholz,78.0,AER (1) / LA (9),,upper subalpine,9.0,0.4,,,,,,3,3,3,3,,,,,,,1500,Mittleres Baumholz_9,1916.7,1,not_young,0,0,0,Lostallo,1500_2000
,73255.0,3.0,Schwaches Baumholz,97.0,LA (9),,upper subalpine,9.0,1.9,,,,,,3,3,3,3,,,,,,,1501,Schwaches Baumholz_9,1988.0,1,not_young,0,0,0,Lostallo,1500_2000
,73257.0,2.0,Stangenholz,83.0,,,high-montane (main area of silver fir),10.0,2.7,,,,,,3,3,3,3,,,,,,,1502,Stangenholz_10,1519.0,1,not_young,0,0,0,Lostallo,1500_2000
,73271.0,3.0,Schwaches Baumholz,62.0,AER (1) / LA (9),,upper subalpine,9.0,0.6,,,,,,3,3,3,3,,,,,,,1503,Schwaches Baumholz_9,1850.2,1,not_young,0,0,0,Lostallo,1500_2000
,73273.0,4.0,Mittleres Baumholz,362.0,BU (3) / FI (2) / TA (1),,lower/upper montane,7.0,5.5,,,1.0,,,2,2,2,2,,,,,,,1504,Mittleres Baumholz_7,1218.6,1,not_young,0,0,1,Lostallo,1000_1500
,73276.0,2.0,Stangenholz,145.0,BU (2),,high-montane (main area of silver fir),10.0,3.1,,,1.0,,,2,2,2,2,,,,,,,1505,Stangenholz_10,1407.7,1,not_young,0,0,1,Lostallo,1000_1500
,73277.0,2.0,Stangenholz,138.0,AER (1) / FI (1) / LA (6),,high-montane (main area of silver fir),10.0,0.8,,,,,,3,3,3,3,,,,,,,1506,Stangenholz_10,1552.8,1,not_young,0,0,0,Lostallo,1500_2000
,73278.0,1.0,Jungwuchs/Dickung,96.0,AER (4),,lower/upper montane,7.0,0.5,,,1.0,,,2,2,2,2,,,,,,,1507,Jungwuchs/Dickung_7,1312.0,1,young,0,0,1,Lostallo,1000_1500
,73285.0,4.0,Mittleres Baumholz,260.0,,,colline with beech,2.0,4.4,,,1.0,,,2,2,2,2,,,,,,,1509,Mittleres Baumholz_2,753.7999999999998,0,not_young,0,0,1,Lostallo,500_1000
,73286.0,4.0,Mittleres Baumholz,257.0,,,colline,3.0,3.9,,,1.0,,,2,2,2,2,,,,,,,1510,Mittleres Baumholz_3,539.5,0,not_young,0,0,1,Lostallo,500_1000
,73287.0,2.0,Stangenholz,181.0,,,colline,3.0,0.9,,,1.0,,,2,2,2,2,,,,,,,1511,Stangenholz_3,597.8,0,not_young,0,0,0,Lostallo,500_1000
,73288.0,3.0,Schwaches Baumholz,193.0,,,colline with beech,2.0,1.7,,,1.0,,,2,2,2,2,,,,,,,1512,Schwaches Baumholz_2,712.0,0,not_young,0,0,1,Lostallo,500_1000
,73290.0,4.0,Mittleres Baumholz,360.0,,,lower/upper montane,7.0,3.7,,,1.0,,,2,2,2,2,,,,,,,1514,Mittleres Baumholz_7,981.4,0,not_young,0,0,1,Lostallo,500_1000
,73291.0,2.0,Stangenholz,103.0,,,colline with beech,2.0,2.3,,,1.0,,,2,2,2,2,,,,,,,1515,Stangenholz_2,641.6,0,not_young,0,0,1,Lostallo,500_1000
,73293.0,5.0,Starkes Baumholz,235.0,BU (1),,colline with beech,2.0,0.9,,,1.0,,,2,2,2,2,,,,,,,1517,Starkes Baumholz_2,713.2,0,not_young,0,0,1,Lostallo,500_1000
,73294.0,2.0,Stangenholz,100.0,,,colline with beech,2.0,1.6,,,1.0,,,2,2,2,2,,,,,,,1518,Stangenholz_2,651.6,0,not_young,0,0,0,Lostallo,500_1000
,73295.0,3.0,Schwaches Baumholz,136.0,,,colline,3.0,2.6,,,1.0,,,2,2,2,2,,,,,,,1519,Schwaches Baumholz_3,677.3,0,not_young,0,0,0,Lostallo,500_1000
,73296.0,3.0,Schwaches Baumholz,249.0,,,colline,3.0,1.9,,,1.0,,,2,2,2,2,,,,,,,1520,Schwaches Baumholz_3,709.1,0,not_young,0,0,0,Lostallo,500_1000
,73297.0,3.0,Schwaches Baumholz,177.0,,,colline,3.0,2.3,,,1.0,,,2,2,2,2,,,,,,,1521,Schwaches Baumholz_3,879.2,0,not_young,0,0,0,Lostallo,500_1000
,73298.0,3.0,Schwaches Baumholz,186.0,,,high-montane (main area of silver fir),10.0,2.2,,,1.0,,,2,2,2,2,,,,,,,1522,Schwaches Baumholz_10,959.1,0,not_young,0,0,0,Lostallo,500_1000
,73300.0,2.0,Stangenholz,97.0,,,high-montane (main area of silver fir),10.0,1.8,,,,,,3,3,3,3,,,,,,,1523,Stangenholz_10,1199.4,1,not_young,0,0,0,Lostallo,1000_1500
,73301.0,4.0,Mittleres Baumholz,332.0,BU (7),,lower/upper montane,7.0,4.7,,,1.0,,,2,2,2,2,,,,,,,1524,Mittleres Baumholz_7,1052.3,1,not_young,0,0,0,Lostallo,1000_1500
,73302.0,2.0,Stangenholz,153.0,,,high-montane (main area of silver fir),10.0,1.4,,,1.0,,,2,2,2,2,,,,,,,1525,Stangenholz_10,1098.2,1,not_young,0,0,0,Lostallo,1000_1500
,73303.0,3.0,Schwaches Baumholz,179.0,,,high-montane (main area of silver fir),10.0,0.3,,,1.0,,,2,2,2,2,,,,,,,1526,Schwaches Baumholz_10,1142.7,1,not_young,0,0,0,Lostallo,1000_1500
,73304.0,2.0,Stangenholz,8.0,,,high-montane (main area of silver fir),10.0,0.4,,,1.0,,,2,2,2,2,,,,,,,1527,Stangenholz_10,900.2,0,not_young,0,0,0,Lostallo,500_1000
,73306.0,3.0,Schwaches Baumholz,184.0,FI (1) / BI (1) / OST (2) / KI (5) / LI (1),,colline,3.0,3.1,,,1.0,,,2,2,2,2,,,,,,,1528,Schwaches Baumholz_3,530.5,0,not_young,0,0,1,Lostallo,500_1000
,73307.0,3.0,Schwaches Baumholz,237.0,ES (1) / KA (4) / BI (e) / KI (e) / WEI (e) / LI (5),LI (1) / HAS (9),colline,3.0,1.5,,,1.0,,,2,2,2,2,,,,,,,1529,Schwaches Baumholz_3,445.4,0,not_young,0,0,0,Lostallo,300_500
,73309.0,3.0,Schwaches Baumholz,81.0,ES (4) / KA (e) / BI (1) / LI (5) / BUL (e),HAS (10),colline,3.0,0.8,,,,,,3,3,3,3,,,,,,,1530,Schwaches Baumholz_3,474.8,0,not_young,0,0,0,Lostallo,300_500
,73311.0,5.0,Starkes Baumholz,40.0,BAH (1) / TEI (6) / ES (e) / BI (1) / LI (2),,colline,3.0,0.5,,,,,,3,3,3,3,,,,,,,1531,Starkes Baumholz_3,633.5,0,not_young,0,0,0,Lostallo,500_1000
,73312.0,5.0,Starkes Baumholz,169.0,BAH (e) / BU (e) / FI (9) / LA (1) / BI (e),,high-montane (main area of silver fir),10.0,1.6,,,1.0,,,2,2,2,2,,,,,,,1532,Starkes Baumholz_10,805.3999999999999,0,not_young,0,0,0,Lostallo,500_1000
,73313.0,2.0,Stangenholz,136.0,BAH (1) / TEI (e) / FI (e) / KA (e) / BI (1) / OST (7) / LI (1),,colline,3.0,0.9,,,1.0,,,2,2,2,2,,,,,,,1533,Stangenholz_3,722.7999999999998,0,not_young,0,0,0,Lostallo,500_1000
,73314.0,2.0,Stangenholz,171.0,ES (2) / BI (2) / LI (6) / BUL (e),ES (e) / BI (e) / LI (e) / HAS (10),colline,3.0,1.4,,,,,,3,3,3,3,,,,,,,1534,Stangenholz_3,493.5,0,not_young,0,0,0,Lostallo,300_500
,73316.0,2.0,Stangenholz,85.0,BAH (1) / TEI (e) / FI (e) / KA (e) / BI (1) / OST (7) / LI (1),,colline,3.0,1.2,,,,,,3,3,3,3,,,,,,,1535,Stangenholz_3,656.0,0,not_young,0,0,0,Lostallo,500_1000
,73319.0,2.0,Stangenholz,94.0,BAH (1) / TEI (e) / FI (e) / KA (e) / BI (1) / OST (7) / LI (1),,colline,3.0,0.6,,,1.0,,,2,2,2,2,,,,,,,1536,Stangenholz_3,834.6,0,not_young,0,0,0,Lostallo,500_1000
,73320.0,2.0,Stangenholz,220.0,,,high-montane (main area of silver fir),10.0,0.4,,,1.0,,1.0,2,2,2,8,,,,1.0,,,1537,Stangenholz_10,1545.5,1,not_young,0,0,0,Lostallo,1500_2000
,73323.0,4.0,Mittleres Baumholz,343.0,FI (6) / TA (4),,high-montane (main area of silver fir),10.0,1.4,,,1.0,,1.0,2,2,2,8,,,,1.0,,,1538,Mittleres Baumholz_10,1506.0,1,not_young,0,0,0,Lostallo,1500_2000
,73324.0,5.0,Starkes Baumholz,238.0,FI (3) / LA (4),,subalpine,8.0,0.9,,,1.0,,1.0,2,2,2,8,,,,1.0,,,1539,Starkes Baumholz_8,1737.6,1,not_young,0,0,0,Lostallo,1500_2000
,73325.0,2.0,Stangenholz,224.0,FI (2),,subalpine,8.0,2.8,,,1.0,,1.0,2,2,2,8,,,,1.0,,,1540,Stangenholz_8,1591.3,1,not_young,0,0,0,Lostallo,1500_2000
,73326.0,4.0,Mittleres Baumholz,389.0,FI (6) / LA (3) / TA (1),,subalpine,8.0,1.1,,,1.0,,1.0,2,2,2,8,,,,1.0,,,1541,Mittleres Baumholz_8,1681.4,1,not_young,0,0,0,Lostallo,1500_2000
,73327.0,4.0,Mittleres Baumholz,339.0,FI (2) / LA (7) / TA (1),,subalpine,8.0,1.1,,,1.0,,1.0,2,2,2,8,,,,1.0,,,1542,Mittleres Baumholz_8,1677.3,1,not_young,0,0,0,Lostallo,1500_2000
,73328.0,5.0,Starkes Baumholz,335.0,FI (6) / TA (4),,high-montane (main area of silver fir),10.0,0.9,,,1.0,,1.0,2,2,2,8,,,,1.0,,,1543,Starkes Baumholz_10,1460.4,1,not_young,0,0,0,Lostallo,1000_1500
,73329.0,3.0,Schwaches Baumholz,326.0,FI (6) / TA (3),,lower/upper montane,7.0,1.0,,,1.0,,1.0,2,2,2,8,,,,1.0,,,1544,Schwaches Baumholz_7,1446.8,1,not_young,0,0,0,Lostallo,1000_1500
,73330.0,4.0,Mittleres Baumholz,383.0,FI (6) / TA (4),,high-montane (main area of silver fir),10.0,1.2,,,1.0,,1.0,2,2,2,8,,,,1.0,,,1545,Mittleres Baumholz_10,1467.6,1,not_young,0,0,0,Lostallo,1000_1500
,73331.0,5.0,Starkes Baumholz,412.0,FI (5) / TA (2),,lower/upper montane,7.0,0.7,,,1.0,1.0,1.0,2,2,8,8,,,,0.0,,,1546,Starkes Baumholz_7,1354.6,1,not_young,0,0,0,Lostallo,1000_1500
,73332.0,5.0,Starkes Baumholz,413.0,FI (6) / TA (4),,lower/upper montane,7.0,0.5,,,1.0,1.0,1.0,2,2,8,8,,,,0.0,,,1547,Starkes Baumholz_7,1371.2,1,not_young,0,0,0,Lostallo,1000_1500
,73333.0,3.0,Schwaches Baumholz,303.0,TA (2),,lower/upper montane,7.0,0.4,,,1.0,,1.0,2,2,2,8,,,,1.0,,,1548,Schwaches Baumholz_7,1417.2,1,not_young,0,0,0,Lostallo,1000_1500
,73334.0,5.0,Starkes Baumholz,300.0,FI (e) / LA (10) / VBE (e),AER (7) / FI (3) / LA (e) / VBE (e),subalpine,8.0,3.1,,,1.0,,1.0,2,2,2,8,,,,1.0,,,1549,Starkes Baumholz_8,1686.3,1,not_young,0,0,1,Lostallo,1500_2000
,73335.0,5.0,Starkes Baumholz,64.0,FI (5) / LA (5),FI (5) / LA (5),subalpine,8.0,1.4,,,1.0,,1.0,2,2,2,2,,,,0.0,,,1550,Starkes Baumholz_8,1730.8,1,not_young,0,0,1,Lostallo,1500_2000
,73338.0,4.0,Mittleres Baumholz,234.0,FI (7) / LA (3),,subalpine,8.0,1.0,,,1.0,,,2,2,2,2,,,,,,,1551,Mittleres Baumholz_8,1713.1,1,not_young,0,0,1,Lostallo,1500_2000
,73339.0,5.0,Starkes Baumholz,414.0,FI (9) / LA (1) / TA (e),FI (10),subalpine,8.0,1.6,,,1.0,,,2,2,2,2,,,,,,,1552,Starkes Baumholz_8,1660.6,1,not_young,0,0,1,Lostallo,1500_2000
,73342.0,5.0,Starkes Baumholz,411.0,BAH (e) / FI (10) / LA (e) / TA (e),FI (10),high-montane (main area of silver fir),10.0,0.9,,,1.0,,,2,2,2,2,,,,,,,1553,Starkes Baumholz_10,1561.2,1,not_young,0,0,1,Lostallo,1500_2000
,73345.0,2.0,Stangenholz,107.0,,,subalpine,8.0,1.4,,,,,,3,3,3,3,,,,,,,1554,Stangenholz_8,1740.7,1,not_young,0,0,0,Lostallo,1500_2000
,73350.0,4.0,Mittleres Baumholz,189.0,AER (1) / FI (5) / LA (4),,upper subalpine,9.0,0.2,,,1.0,,,2,2,2,2,,,,,,,1555,Mittleres Baumholz_9,1935.8,1,not_young,0,0,0,Lostallo,1500_2000
,73354.0,5.0,Starkes Baumholz,495.0,FI (10),,high-montane (main area of silver fir),10.0,0.3,,,1.0,1.0,,2,2,8,8,,,,,,,1556,Starkes Baumholz_10,1308.9,1,not_young,0,0,0,Lostallo,1000_1500
,73356.0,3.0,Schwaches Baumholz,219.0,,,high-montane (main area of silver fir),10.0,0.4,,,1.0,1.0,,2,2,8,8,,,,,,,1557,Schwaches Baumholz_10,1464.5,1,not_young,0,0,0,Lostallo,1000_1500
,73357.0,3.0,Schwaches Baumholz,195.0,,,high-montane (main area of silver fir),10.0,0.2,,,1.0,,,2,2,2,2,,,,,,,1558,Schwaches Baumholz_10,1563.8,1,not_young,0,0,0,Lostallo,1500_2000
,73361.0,4.0,Mittleres Baumholz,144.0,FI (7) / LA (3),,-,5.0,2.3,,,1.0,,,2,2,2,2,,,,,,,1559,Mittleres Baumholz_5,2027.2,1,not_young,0,0,0,Lostallo,2000_2500
,73365.0,3.0,Schwaches Baumholz,88.0,LA (8),,high-montane (main area of silver fir),10.0,0.3,,,1.0,,,2,2,2,2,,,,,,,1560,Schwaches Baumholz_10,1595.4,1,not_young,0,0,0,Lostallo,1500_2000
,73373.0,2.0,Stangenholz,111.0,AER (3) / FI (3) / LA (4),,-,5.0,0.2,,,,,,3,3,3,3,,,,,,,1561,Stangenholz_5,2065.7,1,not_young,0,0,0,Lostallo,2000_2500
,73379.0,5.0,Starkes Baumholz,186.0,LA (10),,high-montane (main area of silver fir),10.0,0.3,,,1.0,,,2,2,2,2,,,,,,,1562,Starkes Baumholz_10,1511.0,1,not_young,0,0,0,Lostallo,1500_2000
,73380.0,5.0,Starkes Baumholz,456.0,BAH (1) / BU (3) / ES (1) / FI (3) / TA (2),BAH (1) / BU (5) / ES (e) / FI (3) / LAB (1),high-montane (main area of silver fir),10.0,2.3,,,1.0,,,2,2,2,2,,,,,,,1563,Starkes Baumholz_10,1385.2,1,not_young,0,0,0,Lostallo,1000_1500
,73381.0,4.0,Mittleres Baumholz,413.0,FI (4) / TA (6),,high-montane (main area of silver fir),10.0,0.7,,,1.0,,,2,2,2,2,,,,,,,1564,Mittleres Baumholz_10,1571.7,1,not_young,0,0,0,Lostallo,1500_2000
,73382.0,4.0,Mittleres Baumholz,442.0,FI (5) / TA (4),,high-montane (main area of silver fir),10.0,0.4,,,1.0,,,2,2,2,2,,,,,,,1565,Mittleres Baumholz_10,1436.4,1,not_young,0,0,0,Lostallo,1000_1500
,73383.0,3.0,Schwaches Baumholz,351.0,BU (2),,high-montane (main area of silver fir),10.0,1.7,,,1.0,,,2,2,2,2,,,,,,,1566,Schwaches Baumholz_10,1561.9,1,not_young,0,0,0,Lostallo,1500_2000
,73384.0,2.0,Stangenholz,307.0,FI (5),,high-montane (main area of silver fir),10.0,1.7,,,1.0,,,2,2,2,2,,,,,,,1567,Stangenholz_10,1456.3,1,not_young,0,0,0,Lostallo,1000_1500
,73385.0,3.0,Schwaches Baumholz,406.0,,,high-montane (main area of silver fir),10.0,0.5,,,1.0,,,2,2,2,2,,,,,,,1568,Schwaches Baumholz_10,1443.9,1,not_young,0,0,0,Lostallo,1000_1500
,73386.0,4.0,Mittleres Baumholz,332.0,BU (3) / FI (2) / TA (1),,subalpine,8.0,0.6,,,1.0,,,2,2,2,2,,,,,,,1569,Mittleres Baumholz_8,1641.2,1,not_young,0,0,0,Lostallo,1500_2000
,73388.0,5.0,Starkes Baumholz,518.0,FI (8) / LA (2),FI (10) / LA (e),subalpine,8.0,2.8,,,1.0,,,2,2,2,2,,,,,,,1570,Starkes Baumholz_8,1705.5,1,not_young,0,0,0,Lostallo,1500_2000
,73392.0,4.0,Mittleres Baumholz,356.0,BU (7),,high-montane (main area of silver fir),10.0,0.5,,,1.0,,,2,2,2,2,,,,,,,1571,Mittleres Baumholz_10,1548.7,1,not_young,0,0,0,Lostallo,1500_2000
,73393.0,2.0,Stangenholz,249.0,FI (10),,high-montane (main area of silver fir),10.0,0.9,,,,1.0,,3,3,8,8,,,,,,,1572,Stangenholz_10,1289.4,1,not_young,0,0,0,Lostallo,1000_1500
,73394.0,4.0,Mittleres Baumholz,380.0,FI (10),,high-montane (main area of silver fir),10.0,0.9,,,,1.0,,3,3,8,8,,,,,,,1573,Mittleres Baumholz_10,1288.1,1,not_young,0,0,0,Lostallo,1000_1500
,73395.0,2.0,Stangenholz,284.0,FI (6) / TA (2),,high-montane (main area of silver fir),10.0,1.9,,,1.0,,1.0,2,2,2,8,,,,1.0,,,1574,Stangenholz_10,1475.9,1,not_young,0,0,0,Lostallo,1000_1500
,73396.0,5.0,Starkes Baumholz,399.0,FI (3) / TA (6),,lower/upper montane,7.0,0.7,,,1.0,1.0,1.0,2,2,8,8,,,,0.0,,,1575,Starkes Baumholz_7,1338.5,1,not_young,0,0,0,Lostallo,1000_1500
,73397.0,4.0,Mittleres Baumholz,195.0,FI (5) / TA (2),,high-montane (main area of silver fir),10.0,2.3,,,1.0,,1.0,2,2,2,8,,,,1.0,,,1576,Mittleres Baumholz_10,1430.7,1,not_young,0,0,0,Lostallo,1000_1500
,73398.0,3.0,Schwaches Baumholz,451.0,,,subalpine,8.0,0.2,,,1.0,,1.0,2,2,2,8,,,,1.0,,,1577,Schwaches Baumholz_8,1631.2,1,not_young,0,0,0,Lostallo,1500_2000
,73399.0,4.0,Mittleres Baumholz,384.0,FI (6) / TA (4),,lower/upper montane,7.0,0.6,,,1.0,,1.0,2,2,2,8,,,,1.0,,,1578,Mittleres Baumholz_7,1446.7,1,not_young,0,0,0,Lostallo,1000_1500
,73400.0,3.0,Schwaches Baumholz,371.0,FI (5) / TA (3),,high-montane (main area of silver fir),10.0,2.3,,,1.0,,1.0,2,2,2,8,,,,1.0,,,1579,Schwaches Baumholz_10,1493.4,1,not_young,0,0,0,Lostallo,1000_1500
,73401.0,3.0,Schwaches Baumholz,285.0,,,lower/upper montane,7.0,0.5,,,1.0,,1.0,2,2,2,8,,,,1.0,,,1580,Schwaches Baumholz_7,1391.1,1,not_young,0,0,0,Lostallo,1000_1500
,73402.0,2.0,Stangenholz,257.0,FI (3) / LA (1) / TA (1),,lower/upper montane,7.0,0.5,,,1.0,1.0,,2,2,8,8,,,,,,,1581,Stangenholz_7,1323.7,1,not_young,0,0,0,Lostallo,1000_1500
,73403.0,4.0,Mittleres Baumholz,428.0,FI (10),,high-montane (main area of silver fir),10.0,0.4,,,,1.0,,3,3,8,8,,,,,,,1582,Mittleres Baumholz_10,1356.6,1,not_young,0,0,0,Lostallo,1000_1500
,73405.0,2.0,Stangenholz,230.0,FI (8) / TA (1),,high-montane (main area of silver fir),10.0,1.1,,,,1.0,,3,3,8,8,,,,,,,1583,Stangenholz_10,1297.9,1,not_young,0,0,0,Lostallo,1000_1500
,73406.0,2.0,Stangenholz,275.0,FI (10),,lower/upper montane,7.0,0.2,,,1.0,1.0,,2,2,8,8,,,,,,,1584,Stangenholz_7,1327.2,1,not_young,1,0,0,Lostallo,1000_1500
,73407.0,4.0,Mittleres Baumholz,314.0,FI (5) / TA (3),,high-montane (main area of silver fir),10.0,0.5,,,1.0,1.0,1.0,2,2,8,8,,,,0.0,,,1585,Mittleres Baumholz_10,1377.1,1,not_young,0,0,0,Lostallo,1000_1500
,73408.0,5.0,Starkes Baumholz,524.0,FI (10) / TA (e),BAH (e) / BU (e) / FI (10),high-montane (main area of silver fir),10.0,4.7,,,1.0,1.0,,2,2,8,8,,,,,,,1586,Starkes Baumholz_10,1263.9,1,not_young,1,0,0,Lostallo,1000_1500
,73410.0,5.0,Starkes Baumholz,356.0,BAH (e) / BU (1) / FI (1) / TA (8),FI (9) / TA (1),lower/upper montane,7.0,0.7,,,1.0,1.0,1.0,2,2,8,8,,,,0.0,,,1587,Starkes Baumholz_7,1303.7,1,not_young,1,0,0,Lostallo,1000_1500
,73411.0,2.0,Stangenholz,195.0,FI (1) / TA (1),,high-montane (main area of silver fir),10.0,0.8,,,1.0,,1.0,2,2,2,8,,,,1.0,,,1588,Stangenholz_10,1562.7,1,not_young,0,0,0,Lostallo,1500_2000
,73412.0,4.0,Mittleres Baumholz,294.0,FI (1) / TA (1),,lower/upper montane,7.0,0.6,,,1.0,,1.0,2,2,2,8,,,,1.0,,,1589,Mittleres Baumholz_7,1383.1,1,not_young,0,0,0,Lostallo,1000_1500
,73413.0,3.0,Schwaches Baumholz,263.0,FI (4) / TA (1),,lower/upper montane,7.0,0.3,,,1.0,,1.0,2,2,2,8,,,,1.0,,,1590,Schwaches Baumholz_7,1482.1,1,not_young,0,0,0,Lostallo,1000_1500
,73414.0,5.0,Starkes Baumholz,342.0,FI (4) / TA (3),,lower/upper montane,7.0,0.5,,,1.0,,1.0,2,2,2,8,,,,1.0,,,1591,Starkes Baumholz_7,1408.7,1,not_young,0,0,0,Lostallo,1000_1500
,73415.0,3.0,Schwaches Baumholz,203.0,FI (6) / TA (3),,lower/upper montane,7.0,0.3,,,1.0,,1.0,2,2,2,8,,,,1.0,,,1592,Schwaches Baumholz_7,1435.1,1,not_young,0,0,0,Lostallo,1000_1500
,73418.0,1.0,Jungwuchs/Dickung,410.0,BAH (e) / BU (e) / FI (6) / TA (4),FI (10) / VBE (e),lower/upper montane,7.0,1.4,,,1.0,1.0,,2,2,8,8,,,,,,,1593,Jungwuchs/Dickung_7,1302.3,1,young,1,0,0,Lostallo,1000_1500
,73420.0,3.0,Schwaches Baumholz,208.0,FI (2) / LA (8),,upper subalpine,9.0,2.4,,,1.0,,1.0,2,2,2,2,,,,0.0,,,1594,Schwaches Baumholz_9,1877.8,1,not_young,0,0,0,Lostallo,1500_2000
,73421.0,4.0,Mittleres Baumholz,239.0,FI (6) / TA (4),,high-montane (main area of silver fir),10.0,0.9,,,1.0,,1.0,2,2,2,8,,,,1.0,,,1595,Mittleres Baumholz_10,1578.2,1,not_young,0,0,0,Lostallo,1500_2000
,73422.0,5.0,Starkes Baumholz,402.0,FI (6) / TA (4),,lower/upper montane,7.0,0.5,,,1.0,,1.0,2,2,2,8,,,,1.0,,,1596,Starkes Baumholz_7,1456.0,1,not_young,0,0,0,Lostallo,1000_1500
,73423.0,3.0,Schwaches Baumholz,172.0,FI (1) / LA (9),,upper subalpine,9.0,0.6,,,1.0,,1.0,2,2,2,2,,,,0.0,,,1597,Schwaches Baumholz_9,1941.1,1,not_young,0,0,0,Lostallo,1500_2000
,73425.0,4.0,Mittleres Baumholz,195.0,,,lower/upper montane,7.0,0.9,,,,,,3,3,3,3,,,,,,,1598,Mittleres Baumholz_7,1418.3,1,not_young,0,0,0,Lostallo,1000_1500
,73426.0,3.0,Schwaches Baumholz,119.0,LA (10),,upper subalpine,9.0,0.4,,,,,,3,3,3,3,,,,,,,1599,Schwaches Baumholz_9,1995.0,1,not_young,0,0,0,Lostallo,1500_2000
,73427.0,3.0,Schwaches Baumholz,107.0,LA (10),,upper subalpine,9.0,0.3,,,,,,3,3,3,3,,,,,,,1600,Schwaches Baumholz_9,1957.2,1,not_young,0,0,0,Lostallo,1500_2000
,73430.0,2.0,Stangenholz,49.0,AER (4),,subalpine,8.0,3.8,,,1.0,,,2,2,2,2,,,,,,,1601,Stangenholz_8,1703.8,1,not_young,0,0,0,Lostallo,1500_2000
,73431.0,1.0,Jungwuchs/Dickung,127.0,AER (4),,subalpine,8.0,0.8,,,,,,3,3,3,3,,,,,,,1602,Jungwuchs/Dickung_8,1727.7,1,young,0,0,0,Lostallo,1500_2000
,73437.0,3.0,Schwaches Baumholz,161.0,LA (10),,upper subalpine,9.0,0.2,,,1.0,,,2,2,2,2,,,,,,,1603,Schwaches Baumholz_9,1805.0,1,not_young,0,0,0,Lostallo,1500_2000
,73438.0,4.0,Mittleres Baumholz,112.0,LA (10),,high-montane (main area of silver fir),10.0,0.3,,,,,,3,3,3,3,,,,,,,1604,Mittleres Baumholz_10,1584.2,1,not_young,0,0,0,Lostallo,1500_2000
,73439.0,2.0,Stangenholz,11.0,AER (2) / FI (1) / LA (7),,high-montane (main area of silver fir),10.0,0.4,,,,,,3,3,3,3,,,,,,,1605,Stangenholz_10,1560.6,1,not_young,0,0,0,Lostallo,1500_2000
,73440.0,2.0,Stangenholz,39.0,LA (4),,subalpine,8.0,1.4,,,1.0,,,2,2,2,2,,,,,,,1606,Stangenholz_8,1664.3,1,not_young,0,0,0,Lostallo,1500_2000
,73441.0,4.0,Mittleres Baumholz,174.0,,,high-montane (main area of silver fir),10.0,0.2,,,,,1.0,3,3,3,3,,,,0.0,,,1607,Mittleres Baumholz_10,1429.9,1,not_young,0,0,0,Lostallo,1000_1500
,73442.0,4.0,Mittleres Baumholz,118.0,FI (2) / LA (6),,subalpine,8.0,1.4,,,1.0,,,2,2,2,2,,,,,,,1608,Mittleres Baumholz_8,1810.0,1,not_young,0,0,0,Lostallo,1500_2000
,73443.0,2.0,Stangenholz,90.0,AER (2) / LA (1),,subalpine,8.0,1.5,,,1.0,,,2,2,2,2,,,,,,,1609,Stangenholz_8,1830.4,1,not_young,0,0,0,Lostallo,1500_2000
,73445.0,2.0,Stangenholz,217.0,FI (10),,high-montane (main area of silver fir),10.0,0.5,,,1.0,1.0,,2,2,8,8,,,,,,,1610,Stangenholz_10,1261.9,1,not_young,1,0,0,Lostallo,1000_1500
,73446.0,4.0,Mittleres Baumholz,454.0,FI (10) / LA (e) / TA (e),FI (10) / LA (e) / BI (e) / VBE (e) / TA (e),subalpine,8.0,5.0,,,1.0,1.0,,2,2,8,8,,,,,,,1611,Mittleres Baumholz_8,1642.3,1,not_young,1,0,0,Lostallo,1500_2000
,73456.0,3.0,Schwaches Baumholz,425.0,BAH (e) / BU (e) / FI (7) / LA (1) / BI (e) / VBE (e) / LAB (e) / TA (2),,high-montane (main area of silver fir),10.0,1.2,,,1.0,1.0,,2,2,8,8,,,,,,,1612,Schwaches Baumholz_10,1471.9,1,not_young,1,0,0,Lostallo,1000_1500
,73460.0,5.0,Starkes Baumholz,292.0,BAH (1) / BU (2) / TEI (e) / ES (2) / FI (2) / LA (e) / BI (e) / LI (2) / TA (1),,high-montane (main area of silver fir),10.0,1.7,,,1.0,,1.0,2,2,2,2,,,,0.0,,,1613,Starkes Baumholz_10,1056.9,1,not_young,0,0,0,Lostallo,1000_1500
,73461.0,3.0,Schwaches Baumholz,193.0,BAH (1) / BU (2) / FI (4) / BI (2) / LI (1),,high-montane (main area of silver fir),10.0,1.1,,,1.0,,,2,2,2,2,,,,,,,1614,Schwaches Baumholz_10,862.6,0,not_young,0,0,0,Lostallo,500_1000
,73462.0,2.0,Stangenholz,333.0,BU (1) / FI (5) / BI (4),,high-montane (main area of silver fir),10.0,0.9,,,1.0,,,2,2,2,2,,,,,,,1615,Stangenholz_10,946.8,0,not_young,0,0,0,Lostallo,500_1000
,73464.0,3.0,Schwaches Baumholz,222.0,FI (2),,high-montane (main area of silver fir),10.0,3.0,,,1.0,,,2,2,2,2,,,,,,,1616,Schwaches Baumholz_10,976.2,0,not_young,0,0,0,Lostallo,500_1000
,73468.0,3.0,Schwaches Baumholz,149.0,,,colline with beech,2.0,4.2,,,1.0,,,2,2,2,2,,,,,,,1617,Schwaches Baumholz_2,724.0,0,not_young,0,0,1,Lostallo,500_1000
,73469.0,3.0,Schwaches Baumholz,188.0,FI (1),,lower/upper montane,7.0,0.9,,,1.0,,,2,2,2,2,,,,,,,1618,Schwaches Baumholz_7,1229.9,1,not_young,0,0,1,Lostallo,1000_1500
,73471.0,3.0,Schwaches Baumholz,222.0,,,high-montane (main area of silver fir),10.0,1.2,,,1.0,,,2,2,2,2,,,,,,,1619,Schwaches Baumholz_10,943.2,0,not_young,0,0,1,Lostallo,500_1000
,73473.0,4.0,Mittleres Baumholz,268.0,FI (5) / TA (3),,high-montane (main area of silver fir),10.0,1.1,,,1.0,,,2,2,2,2,,,,,,,1620,Mittleres Baumholz_10,1098.1,1,not_young,0,0,1,Lostallo,1000_1500
,73474.0,2.0,Stangenholz,342.0,FI (4) / LA (4) / TA (1),,lower/upper montane,7.0,0.4,,,1.0,,,2,2,2,2,,,,,,,1621,Stangenholz_7,1318.7,1,not_young,0,0,1,Lostallo,1000_1500
,73477.0,4.0,Mittleres Baumholz,59.0,AER (2) / LA (6),,subalpine,8.0,2.2,,,,,,3,3,3,3,,,,,,,1622,Mittleres Baumholz_8,1691.8,1,not_young,0,0,0,Lostallo,1500_2000
,73479.0,3.0,Schwaches Baumholz,69.0,AER (2) / LA (8),,upper subalpine,9.0,0.7,,,1.0,,,2,2,2,2,,,,,,,1623,Schwaches Baumholz_9,1957.6,1,not_young,0,0,0,Lostallo,1500_2000
,73480.0,4.0,Mittleres Baumholz,288.0,,,colline,3.0,2.8,,,1.0,,,7,7,7,7,,1.0,,,,,1624,Mittleres Baumholz_3,484.8,0,not_young,0,0,0,Lostallo,300_500
,73481.0,4.0,Mittleres Baumholz,250.0,,,lower/upper montane,7.0,1.5,,,1.0,,,2,2,2,2,,,,,,,1625,Mittleres Baumholz_7,967.0,0,not_young,0,0,0,Lostallo,500_1000
,73482.0,4.0,Mittleres Baumholz,233.0,,,colline,3.0,2.1,,,1.0,,,2,2,2,2,,,,,,,1626,Mittleres Baumholz_3,417.1,0,not_young,0,0,0,Lostallo,300_500
,73483.0,3.0,Schwaches Baumholz,169.0,,,colline,3.0,0.5,,,1.0,,,2,2,2,2,,,,,,,1627,Schwaches Baumholz_3,473.4,0,not_young,0,0,0,Lostallo,300_500
,73484.0,3.0,Schwaches Baumholz,235.0,,,colline,3.0,1.5,,,1.0,,,2,2,2,2,,,,,,,1628,Schwaches Baumholz_3,545.5,0,not_young,0,0,0,Lostallo,500_1000
,73486.0,4.0,Mittleres Baumholz,292.0,,,colline,3.0,2.2,,,1.0,,,2,2,2,2,,,,,,,1629,Mittleres Baumholz_3,457.8,0,not_young,0,0,0,Lostallo,300_500
,73487.0,4.0,Mittleres Baumholz,248.0,,,colline,3.0,2.2,,,1.0,,,2,2,2,2,,,,,,,1630,Mittleres Baumholz_3,448.4,0,not_young,0,0,0,Lostallo,300_500
,73488.0,4.0,Mittleres Baumholz,296.0,,,colline,3.0,1.8,,,1.0,,,2,2,2,2,,,,,,,1631,Mittleres Baumholz_3,464.9,0,not_young,0,0,0,Lostallo,300_500
,73489.0,2.0,Stangenholz,101.0,,,colline,3.0,1.6,,,1.0,,,2,2,2,2,,,,,,,1632,Stangenholz_3,580.0,0,not_young,0,0,0,Lostallo,500_1000
,73490.0,2.0,Stangenholz,25.0,,,colline,3.0,0.5,,,1.0,,,2,2,2,2,,,,,,,1633,Stangenholz_3,621.9,0,not_young,0,0,0,Lostallo,500_1000
,73491.0,2.0,Stangenholz,130.0,,,colline,3.0,0.4,,,1.0,,,2,2,2,2,,,,,,,1634,Stangenholz_3,488.5,0,not_young,0,0,0,Lostallo,300_500
,73492.0,2.0,Stangenholz,173.0,,,colline,3.0,0.4,,,1.0,,,2,2,2,2,,,,,,,1635,Stangenholz_3,471.4,0,not_young,0,0,0,Lostallo,300_500
,73493.0,4.0,Mittleres Baumholz,298.0,BU (7),,high-montane (main area of silver fir),10.0,2.2,,,1.0,,,2,2,2,2,,,,,,,1636,Mittleres Baumholz_10,1367.0,1,not_young,0,0,0,Lostallo,1000_1500
,73495.0,4.0,Mittleres Baumholz,325.0,BU (8),,lower/upper montane,7.0,1.8,,,1.0,,,2,2,2,2,,,,,,,1638,Mittleres Baumholz_7,1305.5,1,not_young,0,0,0,Lostallo,1000_1500
,73496.0,2.0,Stangenholz,170.0,BU (3),,lower/upper montane,7.0,0.4,,,1.0,,,2,2,2,2,,,,,,,1639,Stangenholz_7,1256.9,1,not_young,0,0,0,Lostallo,1000_1500
,73497.0,5.0,Starkes Baumholz,317.0,BU (7),,high-montane (main area of silver fir),10.0,0.6,,,1.0,,,2,2,2,2,,,,,,,1640,Starkes Baumholz_10,1203.6,1,not_young,0,0,0,Lostallo,1000_1500
,73498.0,4.0,Mittleres Baumholz,379.0,BU (6),,high-montane (main area of silver fir),10.0,1.9,,,1.0,,,2,2,2,2,,,,,,,1641,Mittleres Baumholz_10,1434.0,1,not_young,0,0,0,Lostallo,1000_1500
,73500.0,2.0,Stangenholz,318.0,,,lower/upper montane,7.0,1.3,,,1.0,,,2,2,2,2,,,,,,,1642,Stangenholz_7,1323.0,1,not_young,0,0,0,Lostallo,1000_1500
,73501.0,3.0,Schwaches Baumholz,220.0,BU (2) / FI (4) / TA (2),,lower/upper montane,7.0,0.6,,,1.0,,,2,2,2,2,,,,,,,1643,Schwaches Baumholz_7,1272.2,1,not_young,0,0,0,Lostallo,1000_1500
,73502.0,5.0,Starkes Baumholz,361.0,BU (8),,high-montane (main area of silver fir),10.0,3.9,,,1.0,,,2,2,2,2,,,,,,,1644,Starkes Baumholz_10,1159.3,1,not_young,0,0,0,Lostallo,1000_1500
,73503.0,2.0,Stangenholz,157.0,FI (1) / LA (2),,high-montane (main area of silver fir),10.0,0.4,,,1.0,,,2,2,2,2,,,,,,,1645,Stangenholz_10,1512.9,1,not_young,0,0,0,Lostallo,1500_2000
,73505.0,4.0,Mittleres Baumholz,200.0,TEI (e) / ES (1) / KA (5) / BI (2) / OST (1) / LI (1),,colline,3.0,4.0,,,1.0,,,6,6,6,6,,,1.0,,,,1646,Mittleres Baumholz_3,522.2,0,not_young,0,0,0,Lostallo,500_1000
,73506.0,3.0,Schwaches Baumholz,143.0,FI (1) / BI (1) / OST (2) / KI (5) / LI (1),,colline,3.0,0.7,,,1.0,,,2,2,2,2,,,,,,,1647,Schwaches Baumholz_3,585.2,0,not_young,0,0,0,Lostallo,500_1000
,73508.0,3.0,Schwaches Baumholz,245.0,ES (2) / KA (1) / BI (1) / NU (e) / OST (2) / SPA (e) / WEI (1) / LI (2) / BUL (1),,colline,3.0,1.0,,,1.0,,,2,2,2,2,,,,,,,1648,Schwaches Baumholz_3,640.9,0,not_young,0,0,0,Lostallo,500_1000
,73510.0,4.0,Mittleres Baumholz,214.0,ES (e) / FI (e) / KA (4) / BI (1) / NU (e) / OST (e) / LI (5),ES (1) / OST (1) / LI (1) / HAS (7),colline,3.0,2.1,,,1.0,,,6,6,6,6,,,1.0,,,,1649,Mittleres Baumholz_3,467.3,0,not_young,0,0,0,Lostallo,300_500
,73511.0,4.0,Mittleres Baumholz,195.0,KA (3) / BI (2) / WEI (e) / LI (5),LI (10),colline,3.0,0.4,,,1.0,,,2,2,2,2,,,,,,,1650,Mittleres Baumholz_3,469.3,0,not_young,0,0,0,Lostallo,300_500
,73512.0,3.0,Schwaches Baumholz,103.0,ES (2) / KA (1) / BI (1) / NU (e) / OST (2) / SPA (e) / WEI (1) / LI (2) / BUL (1),,colline,3.0,4.7,,,1.0,,,2,2,2,2,,,,,,,1651,Schwaches Baumholz_3,535.8,0,not_young,0,0,0,Lostallo,500_1000
,73513.0,2.0,Stangenholz,161.0,TEI (e) / ES (e) / KA (6) / BI (e) / OST (e) / KI (e) / LI (4),,colline,3.0,0.9,,,1.0,,,6,6,6,6,,,1.0,,,,1652,Stangenholz_3,548.3,0,not_young,0,0,0,Lostallo,500_1000
,73514.0,4.0,Mittleres Baumholz,243.0,TEI (1) / ES (e) / FI (e) / KA (5) / BI (e) / OST (1) / LI (3),,colline,3.0,2.4,,,1.0,,,6,6,6,6,,,1.0,,,,1653,Mittleres Baumholz_3,460.0,0,not_young,0,0,0,Lostallo,300_500
,73515.0,3.0,Schwaches Baumholz,128.0,ES (2) / KA (1) / BI (1) / NU (e) / OST (2) / SPA (e) / WEI (1) / LI (2) / BUL (1),,colline,3.0,1.1,,,,,,3,3,3,3,,,,,,,1654,Schwaches Baumholz_3,449.4,0,not_young,0,0,0,Lostallo,300_500
,73516.0,4.0,Mittleres Baumholz,132.0,KA (3) / BI (2) / WEI (e) / LI (5),LI (10),colline,3.0,2.0,,,1.0,,,6,6,6,6,,,1.0,,,,1655,Mittleres Baumholz_3,534.6,0,not_young,0,0,0,Lostallo,500_1000
,73517.0,3.0,Schwaches Baumholz,226.0,KA (5) / OST (3) / LI (2),,colline,3.0,0.9,,,1.0,,,6,6,6,6,,,1.0,,,,1656,Schwaches Baumholz_3,469.7,0,not_young,0,0,0,Lostallo,300_500
,73518.0,4.0,Mittleres Baumholz,212.0,BAH (1) / BU (2) / ES (e) / FI (3) / KA (1) / BI (1) / OST (2) / TA (e),BU (1) / FI (8) / KA (e) / OST (1),high-montane (main area of silver fir),10.0,5.1,,,1.0,,,2,2,2,2,,,,,,,1657,Mittleres Baumholz_10,744.2,0,not_young,0,0,0,Lostallo,500_1000
,73519.0,4.0,Mittleres Baumholz,151.0,BAH (e) / WER (1) / ES (2) / BI (1) / NU (e) / WEI (1) / LI (5) / BUL (e),HAS (10),colline,3.0,2.4,,,1.0,,,2,2,2,2,,,,,,,1658,Mittleres Baumholz_3,625.1,0,not_young,0,0,0,Lostallo,500_1000
,73520.0,5.0,Starkes Baumholz,422.0,FI (6) / TA (4),,lower/upper montane,7.0,0.9,,,1.0,1.0,1.0,2,2,8,8,,,,0.0,,,1659,Starkes Baumholz_7,1364.4,1,not_young,0,0,0,Lostallo,1000_1500
,73521.0,4.0,Mittleres Baumholz,345.0,FI (3) / LA (6) / TA (1),,subalpine,8.0,0.9,,,1.0,,1.0,2,2,2,8,,,,1.0,,,1660,Mittleres Baumholz_8,1680.6,1,not_young,0,0,0,Lostallo,1500_2000
,73522.0,4.0,Mittleres Baumholz,425.0,FI (7) / LA (1) / TA (1),,subalpine,8.0,0.4,,,1.0,,1.0,2,2,2,8,,,,1.0,,,1661,Mittleres Baumholz_8,1603.4,1,not_young,0,0,0,Lostallo,1500_2000
,73523.0,4.0,Mittleres Baumholz,286.0,FI (5) / TA (2),,high-montane (main area of silver fir),10.0,0.8,,,1.0,,1.0,2,2,2,8,,,,1.0,,,1662,Mittleres Baumholz_10,1400.4,1,not_young,1,0,0,Lostallo,1000_1500
,73524.0,4.0,Mittleres Baumholz,431.0,FI (2) / TA (1),,high-montane (main area of silver fir),10.0,0.5,,,1.0,,1.0,2,2,2,8,,,,1.0,,,1663,Mittleres Baumholz_10,1515.7,1,not_young,1,0,0,Lostallo,1500_2000
,73526.0,3.0,Schwaches Baumholz,346.0,FI (8) / TA (2),,high-montane (main area of silver fir),10.0,0.4,,,1.0,1.0,,2,2,8,8,,,,,,,1664,Schwaches Baumholz_10,1397.8,1,not_young,0,0,0,Lostallo,1000_1500
,73527.0,4.0,Mittleres Baumholz,415.0,FI (7) / LA (1) / TA (1),,high-montane (main area of silver fir),10.0,1.9,,,1.0,1.0,,2,2,8,8,,,,,,,1665,Mittleres Baumholz_10,1471.4,1,not_young,0,0,0,Lostallo,1000_1500
,73529.0,5.0,Starkes Baumholz,402.0,FI (7) / LA (1) / TA (1),,high-montane (main area of silver fir),10.0,1.3,,,1.0,1.0,,2,2,8,8,,,,,,,1666,Starkes Baumholz_10,1428.8,1,not_young,0,0,0,Lostallo,1000_1500
,73530.0,2.0,Stangenholz,304.0,FI (1) / LA (1),,high-montane (main area of silver fir),10.0,0.5,,,1.0,1.0,,2,2,8,8,,,,,,,1667,Stangenholz_10,1454.7,1,not_young,0,0,0,Lostallo,1000_1500
,73531.0,4.0,Mittleres Baumholz,379.0,FI (3) / LA (6) / TA (1),,high-montane (main area of silver fir),10.0,0.6,,,1.0,,,2,2,2,2,,,,,,,1668,Mittleres Baumholz_10,1553.3,1,not_young,0,0,0,Lostallo,1500_2000
,73532.0,2.0,Stangenholz,159.0,FI (2) / LA (7),,high-montane (main area of silver fir),10.0,0.7,,,1.0,,,2,2,2,2,,,,,,,1669,Stangenholz_10,1428.3,1,not_young,0,0,0,Lostallo,1000_1500
,73533.0,4.0,Mittleres Baumholz,408.0,FI (3) / LA (7),,subalpine,8.0,3.9,,,1.0,1.0,,2,2,8,8,,,,,,,1670,Mittleres Baumholz_8,1705.7,1,not_young,0,0,0,Lostallo,1500_2000
,73535.0,4.0,Mittleres Baumholz,439.0,FI (5) / LA (5),,subalpine,8.0,1.0,,,1.0,1.0,,2,2,8,8,,,,,,,1671,Mittleres Baumholz_8,1669.6,1,not_young,0,0,0,Lostallo,1500_2000
,73536.0,3.0,Schwaches Baumholz,172.0,FI (1) / LA (7),,subalpine,8.0,0.4,,,1.0,,,2,2,2,2,,,,,,,1672,Schwaches Baumholz_8,1767.3,1,not_young,0,0,0,Lostallo,1500_2000
,73539.0,4.0,Mittleres Baumholz,178.0,BAH (1) / BU (2) / FI (e) / KA (2) / BI (1) / OST (2) / LI (2) / TA (e),ES (e) / FI (e) / KA (e) / BI (e) / OST (5) / ST (5) / TA (e),colline,3.0,6.4,,,1.0,,,2,2,2,2,,,,,,,1673,Mittleres Baumholz_3,713.6,0,not_young,0,0,0,Lostallo,500_1000
,73541.0,4.0,Mittleres Baumholz,246.0,BAH (1) / BU (1) / ES (1) / FI (2) / KA (1) / BI (1) / LI (1) / BUL (1) / TA (1),BU (1) / FI (2) / KA (1) / BI (1) / OST (1) / HAS (4),lower/upper montane,7.0,1.9,,,1.0,,,2,2,2,2,,,,,,,1674,Mittleres Baumholz_7,939.4,0,not_young,0,0,0,Lostallo,500_1000
,73542.0,5.0,Starkes Baumholz,338.0,BU (1) / FI (7) / TA (2),BAH (e) / BU (e) / FI (6) / BI (4) / VBE (e),high-montane (main area of silver fir),10.0,1.9,,,1.0,1.0,,2,2,8,8,,,,,,,1675,Starkes Baumholz_10,1128.5,1,not_young,1,0,0,Lostallo,1000_1500
,73544.0,5.0,Starkes Baumholz,235.0,BAH (1) / BU (1) / ES (1) / FI (1) / KA (1) / BI (1) / TA (4),BAH (1) / BU (1) / ES (1) / FI (2) / KA (1) / BI (1) / OST (1) / HAS (2),lower/upper montane,7.0,1.0,,,1.0,,,2,2,2,2,,,,,,,1676,Starkes Baumholz_7,954.6,0,not_young,0,0,0,Lostallo,500_1000
,73547.0,5.0,Starkes Baumholz,281.0,BAH (e) / BU (1) / FI (9) / KA (e) / BI (e) / OST (e) / BUL (e) / TA (e),BAH (1) / BU (4) / FI (1) / LI (e) / HAS (4),high-montane (main area of silver fir),10.0,1.1,,,1.0,,,2,2,2,2,,,,,,,1677,Starkes Baumholz_10,878.6,0,not_young,0,0,0,Lostallo,500_1000
,73549.0,5.0,Starkes Baumholz,182.0,BU (1) / FI (7) / KA (1) / TA (1),BU (1) / KA (e) / BI (e) / OST (3) / HAS (6),colline,3.0,3.1,,,1.0,,,2,2,2,2,,,,,,,1678,Starkes Baumholz_3,849.7999999999998,0,not_young,0,0,0,Lostallo,500_1000
,73550.0,2.0,Stangenholz,197.0,BAH (e) / BU (10) / FI (e) / BI (e),,colline,3.0,2.4,,,1.0,,,2,2,2,2,,,,,,,1679,Stangenholz_3,866.2999999999998,0,not_young,0,0,0,Lostallo,500_1000
,73551.0,4.0,Mittleres Baumholz,156.0,SAH (1) / BAH (1) / BU (e) / TEI (e) / ES (2) / KA (1) / BI (1) / NU (e) / OST (1) / KI (e) / WEI (1) / LI (2) / BUL (e),HAS (10),colline,3.0,4.0,,,1.0,,,2,2,2,2,,,,,,,1680,Mittleres Baumholz_3,792.5,0,not_young,0,0,0,Lostallo,500_1000
,73556.0,4.0,Mittleres Baumholz,123.0,FI (5) / LA (5),,upper subalpine,9.0,0.6,,,,,,3,3,3,3,,,,,,,1681,Mittleres Baumholz_9,1982.2,1,not_young,0,0,0,Lostallo,1500_2000
,73563.0,3.0,Schwaches Baumholz,114.0,AER (4) / LA (6),,upper subalpine,9.0,1.1,,,1.0,,,2,2,2,2,,,,,,,1682,Schwaches Baumholz_9,1911.7,1,not_young,0,0,0,Lostallo,1500_2000
,73564.0,3.0,Schwaches Baumholz,74.0,AER (4) / LA (6),,-,5.0,1.2,,,,,,3,3,3,3,,,,,,,1683,Schwaches Baumholz_5,2050.6,1,not_young,0,0,0,Lostallo,2000_2500
,73565.0,4.0,Mittleres Baumholz,71.0,LA (10),,upper subalpine,9.0,0.4,,,1.0,,,2,2,2,2,,,,,,,1684,Mittleres Baumholz_9,1904.5,1,not_young,0,0,0,Lostallo,1500_2000
,73566.0,5.0,Starkes Baumholz,287.0,LA (10),,high-montane (main area of silver fir),10.0,0.6,,,1.0,,,2,2,2,2,,,,,,,1685,Starkes Baumholz_10,1486.6,1,not_young,0,0,0,Lostallo,1000_1500
,73567.0,2.0,Stangenholz,110.0,LA (9),,high-montane (main area of silver fir),10.0,0.9,,,1.0,,,2,2,2,2,,,,,,,1686,Stangenholz_10,1495.3,1,not_young,0,0,0,Lostallo,1000_1500
,73568.0,2.0,Stangenholz,25.0,,,high-montane (main area of silver fir),10.0,1.0,,,,,,3,3,3,3,,,,,,,1687,Stangenholz_10,1542.0,1,not_young,0,0,0,Lostallo,1500_2000
,73570.0,1.0,Jungwuchs/Dickung,9.0,LA (10),,high-montane (main area of silver fir),10.0,0.2,,,,,,3,3,3,3,,,,,,,1688,Jungwuchs/Dickung_10,1505.3,1,young,0,0,0,Lostallo,1500_2000
,73571.0,1.0,Jungwuchs/Dickung,41.0,LA (10),,high-montane (main area of silver fir),10.0,0.3,,,,,,3,3,3,3,,,,,,,1689,Jungwuchs/Dickung_10,1483.1,1,young,0,0,0,Lostallo,1000_1500
,73572.0,2.0,Stangenholz,78.0,LA (10),,high-montane (main area of silver fir),10.0,1.6,,,,,,3,3,3,3,,,,,,,1690,Stangenholz_10,1509.7,1,not_young,0,0,0,Lostallo,1500_2000
,73575.0,2.0,Stangenholz,259.0,BU (5),,high-montane (main area of silver fir),10.0,1.9,,,1.0,,,2,2,2,2,,,,,,,1691,Stangenholz_10,1367.2,1,not_young,0,0,0,Lostallo,1000_1500
,73576.0,3.0,Schwaches Baumholz,273.0,BU (5),,high-montane (main area of silver fir),10.0,0.5,,,1.0,,,2,2,2,2,,,,,,,1692,Schwaches Baumholz_10,1392.3,1,not_young,0,0,0,Lostallo,1000_1500
,73577.0,3.0,Schwaches Baumholz,264.0,FI (5) / LA (1) / TA (1),,subalpine,8.0,0.6,,,1.0,,,2,2,2,2,,,,,,,1693,Schwaches Baumholz_8,1617.0,1,not_young,0,0,0,Lostallo,1500_2000
,73578.0,4.0,Mittleres Baumholz,358.0,BU (7),,high-montane (main area of silver fir),10.0,0.4,,,1.0,,,2,2,2,2,,,,,,,1694,Mittleres Baumholz_10,1544.8,1,not_young,0,0,0,Lostallo,1500_2000
,73579.0,4.0,Mittleres Baumholz,358.0,FI (5) / TA (2),,subalpine,8.0,0.7,,,1.0,,,2,2,2,2,,,,,,,1695,Mittleres Baumholz_8,1576.0,1,not_young,0,0,0,Lostallo,1500_2000
,73581.0,4.0,Mittleres Baumholz,316.0,BU (4),,high-montane (main area of silver fir),10.0,0.4,,,1.0,,,2,2,2,2,,,,,,,1696,Mittleres Baumholz_10,1346.5,1,not_young,0,0,0,Lostallo,1000_1500
,73583.0,4.0,Mittleres Baumholz,320.0,BU (7),,high-montane (main area of silver fir),10.0,0.8,,,1.0,,,2,2,2,2,,,,,,,1697,Mittleres Baumholz_10,1351.0,1,not_young,0,0,0,Lostallo,1000_1500
,73584.0,3.0,Schwaches Baumholz,259.0,BU (1) / FI (2),,high-montane (main area of silver fir),10.0,0.2,,,1.0,,,2,2,2,2,,,,,,,1698,Schwaches Baumholz_10,1466.5,1,not_young,0,0,0,Lostallo,1000_1500
,73588.0,3.0,Schwaches Baumholz,523.0,FI (10) / TA (e),,high-montane (main area of silver fir),10.0,2.7,,,1.0,1.0,,2,2,8,8,,,,,,,1699,Schwaches Baumholz_10,1320.0,1,not_young,1,0,0,Lostallo,1000_1500
,73589.0,4.0,Mittleres Baumholz,322.0,BAH (1) / WER (1) / ES (e) / FI (5) / WEI (1) / VBE (e) / TA (2),BAH (3) / WER (e) / ES (e) / FI (6) / WEI (e) / VBE (e) / TA (1),high-montane (main area of silver fir),10.0,1.2,,,1.0,1.0,,2,2,8,8,,,,,,,1700,Mittleres Baumholz_10,1245.2,1,not_young,1,0,0,Lostallo,1000_1500
,73591.0,4.0,Mittleres Baumholz,285.0,,FI (10),high-montane (main area of silver fir),10.0,0.6,,,1.0,1.0,,2,2,8,8,,,,,,,1701,Mittleres Baumholz_10,1249.7,1,not_young,1,0,0,Lostallo,1000_1500
,73592.0,4.0,Mittleres Baumholz,402.0,FI (10) / LA (e) / BI (e),,high-montane (main area of silver fir),10.0,0.6,,,1.0,1.0,,2,2,8,8,,,,,,,1702,Mittleres Baumholz_10,1386.3,1,not_young,1,0,0,Lostallo,1000_1500
,73593.0,1.0,Jungwuchs/Dickung,265.0,,WER (1) / FI (6) / LA (1) / WEI (2),high-montane (main area of silver fir),10.0,0.2,,,1.0,1.0,,2,2,8,8,,,,,,,1703,Jungwuchs/Dickung_10,1254.6,1,young,1,0,0,Lostallo,1000_1500
,73595.0,2.0,Stangenholz,360.0,FI (10) / LA (e),,high-montane (main area of silver fir),10.0,1.2,,,,1.0,,3,3,8,8,,,,,,,1704,Stangenholz_10,1303.3,1,not_young,1,0,0,Lostallo,1000_1500
,73596.0,2.0,Stangenholz,331.0,FI (2),,high-montane (main area of silver fir),10.0,0.4,,,1.0,,,2,2,2,2,,,,,,,1705,Stangenholz_10,1386.0,1,not_young,0,0,0,Lostallo,1000_1500
,73598.0,1.0,Jungwuchs/Dickung,187.0,,BAH (e) / BU (e) / FI (8) / LA (2) / BI (e) / VBE (e),high-montane (main area of silver fir),10.0,1.6,,,1.0,1.0,,2,2,8,8,,,,,,,1706,Jungwuchs/Dickung_10,1604.7,1,young,1,0,0,Lostallo,1500_2000
,73599.0,1.0,Jungwuchs/Dickung,200.0,,FI (3) / LA (7) / BI (e),subalpine,8.0,1.6,,,1.0,1.0,,2,2,8,8,,,,,,,1707,Jungwuchs/Dickung_8,1674.1,1,young,1,0,0,Lostallo,1500_2000
,73600.0,2.0,Stangenholz,104.0,LA (9),,lower/upper montane,7.0,0.4,,,,,1.0,3,3,3,3,,,,0.0,,,1708,Stangenholz_7,1379.3,1,not_young,0,0,0,Lostallo,1000_1500
,73601.0,5.0,Starkes Baumholz,224.0,LA (9),,lower/upper montane,7.0,0.2,,,,,,3,3,3,3,,,,,,,1709,Starkes Baumholz_7,1395.5,1,not_young,0,0,0,Lostallo,1000_1500
,73602.0,4.0,Mittleres Baumholz,195.0,FI (10),,lower/upper montane,7.0,0.2,,,,,1.0,3,3,3,8,,,,1.0,,,1710,Mittleres Baumholz_7,1372.3,1,not_young,0,0,0,Lostallo,1000_1500
,73603.0,2.0,Stangenholz,167.0,FI (1) / TA (1),,lower/upper montane,7.0,0.3,,,1.0,,,2,2,2,2,,,,,,,1711,Stangenholz_7,1448.4,1,not_young,0,0,0,Lostallo,1000_1500
,73604.0,5.0,Starkes Baumholz,254.0,FI (7) / TA (3),,high-montane (main area of silver fir),10.0,0.7,,,1.0,,,2,2,2,2,,,,,,,1712,Starkes Baumholz_10,1542.0,1,not_young,0,0,0,Lostallo,1500_2000
,73608.0,3.0,Schwaches Baumholz,179.0,FI (5) / LA (5),,subalpine,8.0,0.3,,,,,,3,3,3,3,,,,,,,1713,Schwaches Baumholz_8,1788.0,1,not_young,0,0,0,Lostallo,1500_2000
,73610.0,5.0,Starkes Baumholz,218.0,FI (7) / TA (2),,high-montane (main area of silver fir),10.0,0.2,,,,,,3,3,3,3,,,,,,,1714,Starkes Baumholz_10,1591.0,1,not_young,0,0,0,Lostallo,1500_2000
,73611.0,2.0,Stangenholz,123.0,,,high-montane (main area of silver fir),10.0,0.4,,,,,,3,3,3,3,,,,,,,1715,Stangenholz_10,1489.0,1,not_young,0,0,0,Lostallo,1000_1500
,73612.0,2.0,Stangenholz,158.0,,,subalpine,8.0,0.7,,,,,,3,3,3,3,,,,,,,1716,Stangenholz_8,1642.8,1,not_young,0,0,0,Lostallo,1500_2000
,73613.0,1.0,Jungwuchs/Dickung,111.0,,,subalpine,8.0,1.0,,,1.0,,1.0,2,2,2,8,,,,1.0,,,1717,Jungwuchs/Dickung_8,1680.7,1,young,0,0,0,Lostallo,1500_2000
,73615.0,1.0,Jungwuchs/Dickung,104.0,AER (5),,high-montane (main area of silver fir),10.0,0.7,,,1.0,,1.0,2,2,2,2,,,,0.0,,,1718,Jungwuchs/Dickung_10,1537.1,1,young,0,0,0,Lostallo,1500_2000
,73617.0,4.0,Mittleres Baumholz,326.0,FI (1) / LA (5) / TA (1),,high-montane (main area of silver fir),10.0,1.9,,,1.0,,,2,2,2,2,,,,,,,1719,Mittleres Baumholz_10,1439.5,1,not_young,0,0,0,Lostallo,1000_1500
,73618.0,4.0,Mittleres Baumholz,422.0,FI (5) / LA (5),,subalpine,8.0,2.8,,,1.0,1.0,,2,2,8,8,,,,,,,1720,Mittleres Baumholz_8,1719.9,1,not_young,0,0,0,Lostallo,1500_2000
,73619.0,4.0,Mittleres Baumholz,367.0,FI (1) / LA (9),,subalpine,8.0,1.6,,,1.0,,,2,2,2,2,,,,,,,1721,Mittleres Baumholz_8,1779.1,1,not_young,0,0,0,Lostallo,1500_2000
,73620.0,3.0,Schwaches Baumholz,311.0,FI (3) / LA (7),,subalpine,8.0,0.5,,,1.0,1.0,,2,2,8,8,,,,,,,1722,Schwaches Baumholz_8,1673.4,1,not_young,0,0,0,Lostallo,1500_2000
,73623.0,3.0,Schwaches Baumholz,54.0,AER (2) / LA (7),,high-montane (main area of silver fir),10.0,0.5,,,1.0,,,2,2,2,2,,,,,,,1723,Schwaches Baumholz_10,1610.7,1,not_young,0,0,0,Lostallo,1500_2000
,73624.0,4.0,Mittleres Baumholz,60.0,AER (2) / LA (8),,upper subalpine,9.0,0.3,,,,,,3,3,3,3,,,,,,,1724,Mittleres Baumholz_9,1872.9,1,not_young,0,0,0,Lostallo,1500_2000
,73631.0,4.0,Mittleres Baumholz,495.0,FI (10) / LA (e) / TA (e),,high-montane (main area of silver fir),10.0,0.9,,,1.0,1.0,,2,2,8,8,,,,,,,1725,Mittleres Baumholz_10,1581.9,1,not_young,1,0,0,Lostallo,1500_2000
,73635.0,3.0,Schwaches Baumholz,283.0,BAH (1) / BU (1) / TEI (1) / ES (1) / FI (1) / LA (1) / BI (2) / AS (1) / MBE (e) / LI (e) / TA (1),FI (7) / LAB (3),lower/upper montane,7.0,0.8,,,1.0,,,2,2,2,2,,,,,,,1726,Schwaches Baumholz_7,1348.3,1,not_young,0,0,1,Lostallo,1000_1500
,73636.0,2.0,Stangenholz,244.0,BU (e) / TEI (9) / KA (e) / BI (1) / KI (e) / MBE (e) / LAB (e),,high-montane (main area of silver fir),10.0,2.0,,,1.0,,,2,2,2,2,,,,,,,1727,Stangenholz_10,1026.2,1,not_young,0,0,1,Lostallo,1000_1500
,73648.0,4.0,Mittleres Baumholz,438.0,BU (e) / FI (10) / TA (e),,high-montane (main area of silver fir),10.0,1.2,,,1.0,1.0,,2,2,8,8,,,,,,,1728,Mittleres Baumholz_10,1205.1,1,not_young,1,0,0,Lostallo,1000_1500
,73649.0,5.0,Starkes Baumholz,373.0,BU (e) / FI (9) / TA (1),FI (10) / TA (e),high-montane (main area of silver fir),10.0,1.5,,,1.0,1.0,,2,2,8,8,,,,,,,1729,Starkes Baumholz_10,1229.1,1,not_young,1,0,0,Lostallo,1000_1500
,73650.0,4.0,Mittleres Baumholz,236.0,BAH (e) / BU (2) / FI (4) / LA (e) / BI (2) / LI (1) / TA (1),BU (1) / FI (9) / LA (e),high-montane (main area of silver fir),10.0,3.7,,,1.0,,,2,2,2,2,,,,,,,1730,Mittleres Baumholz_10,913.9,0,not_young,0,0,0,Lostallo,500_1000
,73651.0,5.0,Starkes Baumholz,369.0,BU (1) / FI (7) / TA (2),,high-montane (main area of silver fir),10.0,0.8,,,1.0,,,2,2,2,2,,,,,,,1731,Starkes Baumholz_10,1040.0,1,not_young,0,0,0,Lostallo,1000_1500
,73652.0,3.0,Schwaches Baumholz,127.0,,,colline,3.0,3.0,,,,,,3,3,3,3,,,,,,,1732,Schwaches Baumholz_3,693.8,0,not_young,0,0,0,Lostallo,500_1000
,73654.0,4.0,Mittleres Baumholz,190.0,,,colline,3.0,4.1,,,1.0,,,2,2,2,2,,,,,,,1733,Mittleres Baumholz_3,542.7,0,not_young,0,0,0,Lostallo,500_1000
,73655.0,2.0,Stangenholz,83.0,,,colline,3.0,1.5,,,1.0,,,2,2,2,2,,,,,,,1734,Stangenholz_3,519.9,0,not_young,0,0,0,Lostallo,500_1000
,73656.0,2.0,Stangenholz,124.0,,,colline,3.0,0.8,,,1.0,,,2,2,2,2,,,,,,,1735,Stangenholz_3,615.3,0,not_young,0,0,0,Lostallo,500_1000
,73657.0,3.0,Schwaches Baumholz,267.0,BU (e) / FI (8) / KA (1) / BI (1),BU (e) / FI (9) / LI (1),high-montane (main area of silver fir),10.0,0.4,,,,,,3,3,3,3,,,,,,,1736,Schwaches Baumholz_10,876.7,0,not_young,0,0,0,Lostallo,500_1000
,73658.0,4.0,Mittleres Baumholz,144.0,ES (4) / FI (1) / KA (1) / BI (2) / OST (e) / KI (1) / LI (1) / BUL (e),HAS (10),colline,3.0,0.2,,,1.0,,,2,2,2,2,,,,,,,1737,Mittleres Baumholz_3,814.6,0,not_young,0,0,0,Lostallo,500_1000
,73668.0,2.0,Stangenholz,107.0,,,colline,3.0,0.5,,,1.0,,,2,2,2,2,,,,,,,1738,Stangenholz_3,568.3,0,not_young,0,0,0,Lostallo,500_1000
,73672.0,4.0,Mittleres Baumholz,223.0,BU (1),,colline,3.0,2.3,,,1.0,,,2,2,2,2,,,,,,,1739,Mittleres Baumholz_3,757.2,0,not_young,0,0,0,Lostallo,500_1000
,73674.0,2.0,Stangenholz,106.0,,,colline,3.0,0.3,,,1.0,,,2,2,2,2,,,,,,,1740,Stangenholz_3,757.2,0,not_young,0,0,0,Lostallo,500_1000
,73675.0,2.0,Stangenholz,120.0,,,lower/upper montane,7.0,0.9,,,1.0,,,2,2,2,2,,,,,,,1741,Stangenholz_7,1042.9,1,not_young,0,0,0,Lostallo,1000_1500
,73676.0,3.0,Schwaches Baumholz,319.0,FI (6) / TA (2),,high-montane (main area of silver fir),10.0,0.3,,,1.0,,,2,2,2,2,,,,,,,1742,Schwaches Baumholz_10,1465.9,1,not_young,0,0,0,Lostallo,1000_1500
,73678.0,3.0,Schwaches Baumholz,234.0,FI (2) / LA (1) / TA (2),,lower/upper montane,7.0,1.1,,,1.0,,,2,2,2,2,,,,,,,1744,Schwaches Baumholz_7,1376.6,1,not_young,0,0,0,Lostallo,1000_1500
,73679.0,3.0,Schwaches Baumholz,114.0,FI (1) / TA (1),,lower/upper montane,7.0,0.5,,,1.0,,,2,2,2,2,,,,,,,1745,Schwaches Baumholz_7,1232.3,1,not_young,0,0,0,Lostallo,1000_1500
,73680.0,3.0,Schwaches Baumholz,340.0,BU (6),,high-montane (main area of silver fir),10.0,1.1,,,1.0,,,2,2,2,2,,,,,,,1746,Schwaches Baumholz_10,1463.3,1,not_young,0,0,0,Lostallo,1000_1500
,73683.0,4.0,Mittleres Baumholz,161.0,FI (5),,subalpine,8.0,0.6,,,1.0,,,2,2,2,2,,,,,,,1747,Mittleres Baumholz_8,1822.5,1,not_young,0,0,0,Lostallo,1500_2000
,73684.0,4.0,Mittleres Baumholz,274.0,BU (6) / FI (2),,subalpine,8.0,0.4,,,1.0,,,2,2,2,2,,,,,,,1748,Mittleres Baumholz_8,1732.8,1,not_young,0,0,0,Lostallo,1500_2000
,73685.0,2.0,Stangenholz,290.0,FI (2),,high-montane (main area of silver fir),10.0,0.6,,,1.0,,,2,2,2,2,,,,,,,1749,Stangenholz_10,1517.9,1,not_young,0,0,0,Lostallo,1500_2000
,73686.0,3.0,Schwaches Baumholz,212.0,BU (4) / FI (1),,high-montane (main area of silver fir),10.0,0.6,,,1.0,,,2,2,2,2,,,,,,,1750,Schwaches Baumholz_10,1351.7,1,not_young,0,0,0,Lostallo,1000_1500
,73688.0,4.0,Mittleres Baumholz,315.0,BU (7),,lower/upper montane,7.0,1.7,,,1.0,,,2,2,2,2,,,,,,,1751,Mittleres Baumholz_7,1259.1,1,not_young,0,0,0,Lostallo,1000_1500
,73689.0,3.0,Schwaches Baumholz,351.0,BU (1) / FI (6),,high-montane (main area of silver fir),10.0,2.0,,,1.0,,,2,2,2,2,,,,,,,1752,Schwaches Baumholz_10,1491.1,1,not_young,0,0,0,Lostallo,1000_1500
,73690.0,2.0,Stangenholz,96.0,,,colline,3.0,0.3,,,1.0,,,2,2,2,2,,,,,,,1753,Stangenholz_3,667.3,0,not_young,0,0,0,Lostallo,500_1000
,73691.0,4.0,Mittleres Baumholz,170.0,BAH (e) / ES (e) / BI (3) / NU (e) / OST (e) / WEI (e) / LI (7),HAS (10),colline,3.0,4.2,,,1.0,,,2,2,2,2,,,,,,,1754,Mittleres Baumholz_3,716.9,0,not_young,0,0,0,Lostallo,500_1000
,73692.0,2.0,Stangenholz,89.0,TEI (2) / ES (1) / FI (1) / KA (1) / BI (1) / OST (1) / MBE (1) / LI (2) / LAB (e),TEI (2) / ES (1) / KA (1) / BI (1) / OST (1) / WEI (1) / MBE (1) / LI (2),colline,3.0,1.5,,,1.0,,,2,2,2,2,,,,,,,1755,Stangenholz_3,658.1,0,not_young,0,0,1,Lostallo,500_1000
,73693.0,2.0,Stangenholz,172.0,,,colline,3.0,2.4,,,1.0,,,2,2,2,2,,,,,,,1756,Stangenholz_3,595.7,0,not_young,0,0,1,Lostallo,500_1000
,73694.0,2.0,Stangenholz,12.0,,,colline,3.0,0.3,,,,,,3,3,3,3,,,,,,,1757,Stangenholz_3,464.6,0,not_young,0,0,0,Lostallo,300_500
,73695.0,2.0,Stangenholz,130.0,,,colline,3.0,0.9,,,1.0,,,2,2,2,2,,,,,,,1758,Stangenholz_3,491.1,0,not_young,0,0,1,Lostallo,300_500
,73696.0,4.0,Mittleres Baumholz,149.0,,,colline,3.0,0.8,,,1.0,,,2,2,2,2,,,,,,,1759,Mittleres Baumholz_3,513.4,0,not_young,0,0,1,Lostallo,500_1000
,73697.0,3.0,Schwaches Baumholz,369.0,,,colline,3.0,1.0,,,1.0,,,2,2,2,2,,,,,,,1760,Schwaches Baumholz_3,539.5,0,not_young,0,0,1,Lostallo,500_1000
,73699.0,2.0,Stangenholz,203.0,,,colline,3.0,0.3,,,1.0,,,2,2,2,2,,,,,,,1761,Stangenholz_3,544.9,0,not_young,0,0,1,Lostallo,500_1000
,73700.0,3.0,Schwaches Baumholz,218.0,,,colline,3.0,0.2,,,1.0,,,2,2,2,2,,,,,,,1762,Schwaches Baumholz_3,616.5,0,not_young,0,0,1,Lostallo,500_1000
,73701.0,3.0,Schwaches Baumholz,96.0,,,colline,3.0,1.8,,,1.0,,,2,2,2,2,,,,,,,1763,Schwaches Baumholz_3,575.7,0,not_young,0,0,1,Lostallo,500_1000
,73704.0,2.0,Stangenholz,2.0,,,colline,3.0,0.2,,,1.0,,,2,2,2,2,,,,,,,1764,Stangenholz_3,476.8,0,not_young,0,0,1,Lostallo,300_500
,73705.0,4.0,Mittleres Baumholz,175.0,,,colline,3.0,1.6,,,1.0,,,2,2,2,2,,,,,,,1765,Mittleres Baumholz_3,500.5,0,not_young,0,0,1,Lostallo,500_1000
,73706.0,2.0,Stangenholz,22.0,,,colline,3.0,0.2,,,1.0,,,2,2,2,2,,,,,,,1766,Stangenholz_3,505.4,0,not_young,0,0,1,Lostallo,500_1000
,73707.0,4.0,Mittleres Baumholz,272.0,FI (3) / LA (5),,subalpine,8.0,2.0,,,1.0,,,2,2,2,2,,,,,,,1767,Mittleres Baumholz_8,1606.5,1,not_young,0,0,0,Lostallo,1500_2000
,73708.0,4.0,Mittleres Baumholz,365.0,FI (1) / LA (9),,subalpine,8.0,1.9,,,1.0,,,2,2,2,2,,,,,,,1768,Mittleres Baumholz_8,1782.0,1,not_young,0,0,0,Lostallo,1500_2000
,73711.0,4.0,Mittleres Baumholz,137.0,LA (10),,upper subalpine,9.0,1.4,,,1.0,,,2,2,2,2,,,,,,,1769,Mittleres Baumholz_9,1868.8,1,not_young,0,0,0,Lostallo,1500_2000
,73712.0,4.0,Mittleres Baumholz,236.0,LA (10),,subalpine,8.0,0.9,,,1.0,1.0,,2,2,8,8,,,,,,,1770,Mittleres Baumholz_8,1727.9,1,not_young,0,0,0,Lostallo,1500_2000
,73713.0,1.0,Jungwuchs/Dickung,141.0,AER (3) / FI (1) / LA (1),,subalpine,8.0,3.5,,,1.0,,,2,2,2,2,,,,,,,1771,Jungwuchs/Dickung_8,1584.6,1,young,0,0,0,Lostallo,1500_2000
,73714.0,4.0,Mittleres Baumholz,145.0,BAH (1) / BU (3) / TEI (4) / ES (e) / BI (1) / AS (e) / MBE (e) / LI (1),,colline,3.0,2.3,,,1.0,,,2,2,2,2,,,,,,,1772,Mittleres Baumholz_3,918.4,0,not_young,0,0,0,Lostallo,500_1000
,73715.0,4.0,Mittleres Baumholz,270.0,BU (10) / ES (e) / FI (e),BU (10),high-montane (main area of silver fir),10.0,0.7,,,1.0,,,2,2,2,2,,,,,,,1773,Mittleres Baumholz_10,957.0,0,not_young,0,0,0,Lostallo,500_1000
,73716.0,4.0,Mittleres Baumholz,274.0,BAH (1) / BU (5) / TEI (e) / FI (2) / BI (e) / LI (1) / TA (1),BU (6) / FI (4) / LI (e) / TA (e),lower/upper montane,7.0,1.6,,,1.0,,,2,2,2,2,,,,,,,1774,Mittleres Baumholz_7,1147.9,1,not_young,0,0,0,Lostallo,1000_1500
,73718.0,4.0,Mittleres Baumholz,290.0,BAH (1) / BU (3) / TEI (4) / ES (e) / BI (1) / AS (e) / MBE (e) / LI (1),,high-montane (main area of silver fir),10.0,2.0,,,1.0,,,2,2,2,2,,,,,,,1775,Mittleres Baumholz_10,1035.2,1,not_young,0,0,0,Lostallo,1000_1500
,73719.0,4.0,Mittleres Baumholz,264.0,BAH (1) / BU (5) / TEI (e) / FI (2) / BI (e) / LI (1) / TA (1),BU (6) / FI (4) / LI (e) / TA (e),high-montane (main area of silver fir),10.0,1.8,,,1.0,,,2,2,2,2,,,,,,,1776,Mittleres Baumholz_10,990.3,0,not_young,0,0,0,Lostallo,500_1000
,73720.0,3.0,Schwaches Baumholz,158.0,TEI (e) / ES (e) / KA (e) / OST (10) / LI (e),HAS (10),colline,3.0,1.6,,,1.0,,,2,2,2,2,,,,,,,1777,Schwaches Baumholz_3,939.0,0,not_young,0,0,0,Lostallo,500_1000
,73721.0,5.0,Starkes Baumholz,190.0,BU (2) / FI (3) / LA (2) / TA (3),BU (3) / FI (6) / LA (1) / TA (e),high-montane (main area of silver fir),10.0,1.3,,,1.0,,,2,2,2,2,,,,,,,1778,Starkes Baumholz_10,1017.3,1,not_young,0,0,0,Lostallo,1000_1500
,73722.0,5.0,Starkes Baumholz,277.0,BU (2) / FI (3) / LA (2) / TA (3),BU (3) / FI (6) / LA (1) / TA (e),lower/upper montane,7.0,1.3,,,1.0,,,2,2,2,2,,,,,,,1779,Starkes Baumholz_7,1122.0,1,not_young,0,0,0,Lostallo,1000_1500
,73723.0,5.0,Starkes Baumholz,215.0,BU (2) / FI (5) / TA (3),BAH (1) / BU (2) / FI (2) / BI (5) / VBE (e) / TA (e),high-montane (main area of silver fir),10.0,1.1,,,1.0,1.0,,2,2,8,8,,,,,,,1780,Starkes Baumholz_10,1142.0,1,not_young,1,0,0,Lostallo,1000_1500
,73725.0,5.0,Starkes Baumholz,237.0,BU (2) / FI (5) / KA (1) / OST (e) / TA (2),BU (4) / FI (3) / KA (3),high-montane (main area of silver fir),10.0,5.5,,,1.0,,,2,2,2,2,,,,,,,1781,Starkes Baumholz_10,853.7999999999998,0,not_young,0,0,1,Lostallo,500_1000
,73726.0,5.0,Starkes Baumholz,172.0,FI (10) / LA (e) / BI (e) / MBE (e),FI (10) / BI (e) / MBE (e),colline,3.0,2.4,,,1.0,,,2,2,2,2,,,,,,,1782,Starkes Baumholz_3,614.3,0,not_young,0,0,0,Lostallo,500_1000
,73727.0,3.0,Schwaches Baumholz,160.0,LA (10),,upper subalpine,9.0,0.5,,,1.0,,,2,2,2,2,,,,,,,1783,Schwaches Baumholz_9,1955.5,1,not_young,0,0,0,Lostallo,1500_2000
,73728.0,3.0,Schwaches Baumholz,103.0,FI (1) / LA (9),,-,5.0,0.4,,,,,,3,3,3,3,,,,,,,1784,Schwaches Baumholz_5,2067.0,1,not_young,0,0,0,Lostallo,2000_2500
,73731.0,3.0,Schwaches Baumholz,211.0,FI (8) / LA (2),,subalpine,8.0,0.5,,,1.0,,,2,2,2,2,,,,,,,1785,Schwaches Baumholz_8,1823.3,1,not_young,0,0,0,Lostallo,1500_2000
,73732.0,4.0,Mittleres Baumholz,210.0,FI (5) / LA (5),,subalpine,8.0,0.9,,,1.0,,1.0,2,2,2,2,,,,0.0,,,1786,Mittleres Baumholz_8,1735.2,1,not_young,0,0,0,Lostallo,1500_2000
,73733.0,5.0,Starkes Baumholz,225.0,FI (6) / TA (4),,high-montane (main area of silver fir),10.0,0.7,,,,,1.0,3,3,3,8,,,,1.0,,,1787,Starkes Baumholz_10,1474.3,1,not_young,0,0,0,Lostallo,1000_1500
,73735.0,1.0,Jungwuchs/Dickung,39.0,AER (1),,high-montane (main area of silver fir),10.0,1.1,,,,,,3,3,3,3,,,,,,,1788,Jungwuchs/Dickung_10,1578.4,1,young,0,0,0,Lostallo,1500_2000
,73737.0,1.0,Jungwuchs/Dickung,108.0,AER (1),,high-montane (main area of silver fir),10.0,0.8,,,,,1.0,3,3,3,3,,,,0.0,,,1789,Jungwuchs/Dickung_10,1496.6,1,young,0,0,0,Lostallo,1000_1500
,73738.0,1.0,Jungwuchs/Dickung,183.0,AER (1),,high-montane (main area of silver fir),10.0,0.4,,,1.0,,1.0,2,2,2,8,,,,1.0,,,1790,Jungwuchs/Dickung_10,1482.0,1,young,0,0,0,Lostallo,1000_1500
,73740.0,5.0,Starkes Baumholz,343.0,FI (6) / TA (4),,high-montane (main area of silver fir),10.0,1.3,,,1.0,,1.0,2,2,2,8,,,,1.0,,,1791,Starkes Baumholz_10,1473.8,1,not_young,0,0,0,Lostallo,1000_1500
,73742.0,3.0,Schwaches Baumholz,144.0,FI (2) / LA (8),,upper subalpine,9.0,0.6,,,1.0,,,2,2,2,2,,,,,,,1792,Schwaches Baumholz_9,1885.8,1,not_young,0,0,0,Lostallo,1500_2000
,73745.0,4.0,Mittleres Baumholz,315.0,BAH (2) / BU (1) / WER (2) / ES (1) / FI (2) / BI (e) / VBE (e) / TA (2),,high-montane (main area of silver fir),10.0,2.4,,,1.0,1.0,,2,2,8,8,,,,,,,1793,Mittleres Baumholz_10,1169.3,1,not_young,1,0,0,Lostallo,1000_1500
,73746.0,5.0,Starkes Baumholz,207.0,BU (e) / FI (5) / LA (1) / TA (4),BAH (e) / BU (e) / FI (10) / TA (e),high-montane (main area of silver fir),10.0,2.0,,,1.0,1.0,,2,2,8,8,,,,,,,1794,Starkes Baumholz_10,1275.0,1,not_young,1,0,0,Lostallo,1000_1500
,73747.0,3.0,Schwaches Baumholz,354.0,FI (6) / LA (3) / BI (e) / VBE (e) / TA (1),FI (7) / LA (2) / BI (1) / VBE (e) / TA (e),high-montane (main area of silver fir),10.0,4.0,,,1.0,1.0,,2,2,8,8,,,,,,,1795,Schwaches Baumholz_10,1384.1,1,not_young,1,0,0,Lostallo,1000_1500
,73749.0,5.0,Starkes Baumholz,581.0,BAH (e) / BU (5) / FI (1) / LA (1) / VBE (e) / TA (3),BU (9) / FI (1),high-montane (main area of silver fir),10.0,0.7,,,1.0,,,2,2,2,2,,,,,,,1796,Starkes Baumholz_10,1272.1,1,not_young,0,0,0,Lostallo,1000_1500
,73750.0,5.0,Starkes Baumholz,514.0,FI (6) / LA (3) / TA (1),FI (8) / LA (2) / TA (e),high-montane (main area of silver fir),10.0,2.8,,,1.0,1.0,,2,2,8,8,,,,,,,1797,Starkes Baumholz_10,1555.2,1,not_young,1,0,0,Lostallo,1500_2000
,73751.0,5.0,Starkes Baumholz,421.0,FI (6) / LA (2) / TA (2),FI (8) / LA (2),high-montane (main area of silver fir),10.0,0.8,,,1.0,1.0,,2,2,8,8,,,,,,,1798,Starkes Baumholz_10,1467.5,1,not_young,1,0,0,Lostallo,1000_1500
,73752.0,1.0,Jungwuchs/Dickung,468.0,BU (1) / FI (3) / LA (4) / TA (2),FI (3) / BI (5) / VBE (e) / LAB (e) / TA (2),high-montane (main area of silver fir),10.0,0.5,,,1.0,1.0,,2,2,8,8,,,,,,,1799,Jungwuchs/Dickung_10,1391.2,1,young,1,0,0,Lostallo,1000_1500
,73753.0,5.0,Starkes Baumholz,473.0,BU (e) / FI (7) / LA (1) / BI (e) / VBE (e) / TA (2),BU (1) / FI (7) / LA (1) / TA (1),high-montane (main area of silver fir),10.0,1.5,,,1.0,1.0,,2,2,8,8,,,,,,,1800,Starkes Baumholz_10,1294.7,1,not_young,1,0,0,Lostallo,1000_1500
,73754.0,5.0,Starkes Baumholz,537.0,BAH (e) / BU (1) / FI (5) / VBE (e) / TA (4),BU (6) / FI (4),high-montane (main area of silver fir),10.0,2.0,,,1.0,,,2,2,2,2,,,,,,,1801,Starkes Baumholz_10,1332.7,1,not_young,0,0,0,Lostallo,1000_1500
,73755.0,3.0,Schwaches Baumholz,309.0,FI (8) / LA (2),,upper subalpine,9.0,1.9,,,1.0,,,2,2,2,2,,,,,,,1802,Schwaches Baumholz_9,1882.6,1,not_young,0,0,0,Lostallo,1500_2000
,73758.0,3.0,Schwaches Baumholz,321.0,BAH (e) / FI (10) / BI (e) / VBE (e),FI (8) / BI (e) / MBE (e) / VBE (e) / LAB (1) / HAS (1),high-montane (main area of silver fir),10.0,0.4,,,1.0,,,2,2,2,2,,,,,,,1803,Schwaches Baumholz_10,1385.5,1,not_young,0,0,0,Lostallo,1000_1500
,73759.0,3.0,Schwaches Baumholz,347.0,FI (7) / TA (2),,high-montane (main area of silver fir),10.0,0.9,,,1.0,,,2,2,2,2,,,,,,,1804,Schwaches Baumholz_10,1467.4,1,not_young,0,0,0,Lostallo,1000_1500
,73761.0,3.0,Schwaches Baumholz,215.0,FI (8) / LA (2),,upper subalpine,9.0,2.5,,,1.0,,,2,2,2,2,,,,,,,1805,Schwaches Baumholz_9,2012.8,1,not_young,0,0,0,Lostallo,2000_2500
,73762.0,5.0,Starkes Baumholz,395.0,FI (7) / LA (1) / TA (2),,subalpine,8.0,1.5,,,1.0,,,2,2,2,2,,,,,,,1806,Starkes Baumholz_8,1720.0,1,not_young,0,0,0,Lostallo,1500_2000
,73764.0,2.0,Stangenholz,246.0,BAH (e) / BU (e) / FI (3) / LA (e) / BI (4) / WEI (3) / VBE (e) / LAB (e),FI (10) / LAB (e),high-montane (main area of silver fir),10.0,1.0,,,1.0,1.0,,2,2,8,8,,,,,,,1807,Stangenholz_10,1398.1,1,not_young,1,0,0,Lostallo,1000_1500
,73765.0,5.0,Starkes Baumholz,418.0,FI (3) / TA (7),,high-montane (main area of silver fir),10.0,0.4,,,1.0,1.0,,2,2,8,8,,,,,,,1808,Starkes Baumholz_10,1400.2,1,not_young,1,0,0,Lostallo,1000_1500
,73766.0,2.0,Stangenholz,230.0,BAH (e) / FI (5) / LA (e) / BI (5) / VBE (e) / LAB (e) / TA (e),,high-montane (main area of silver fir),10.0,2.7,,,1.0,1.0,,2,2,8,8,,,,,,,1809,Stangenholz_10,1470.3,1,not_young,1,0,0,Lostallo,1000_1500
,73767.0,1.0,Jungwuchs/Dickung,266.0,FI (10) / LA (e),FI (2) / LA (1) / BI (7) / VBE (e) / LAB (e),subalpine,8.0,1.0,,,1.0,1.0,,2,2,8,8,,,,,,,1810,Jungwuchs/Dickung_8,1522.6,1,young,1,0,0,Lostallo,1500_2000
,73768.0,2.0,Stangenholz,199.0,BAH (e) / FI (5) / LA (e) / BI (5) / VBE (e) / LAB (e) / TA (e),,high-montane (main area of silver fir),10.0,1.3,,,1.0,1.0,,2,2,8,8,,,,,,,1811,Stangenholz_10,1449.0,1,not_young,1,0,0,Lostallo,1000_1500
,73769.0,2.0,Stangenholz,156.0,BAH (e) / FI (5) / LA (e) / BI (5) / VBE (e) / LAB (e) / TA (e),,high-montane (main area of silver fir),10.0,0.6,,,1.0,1.0,,2,2,8,8,,,,,,,1812,Stangenholz_10,1472.6,1,not_young,1,0,0,Lostallo,1000_1500
,73770.0,1.0,Jungwuchs/Dickung,99.0,LA (10),BAH (e) / BU (e) / FI (6) / LA (1) / BI (2) / LAB (1) / TA (e),high-montane (main area of silver fir),10.0,0.7,,,1.0,1.0,,2,2,8,8,,,,,,,1813,Jungwuchs/Dickung_10,1449.4,1,young,1,0,0,Lostallo,1000_1500
,73771.0,2.0,Stangenholz,305.0,,BU (e) / FI (3) / LA (6) / BI (1) / TA (e),high-montane (main area of silver fir),10.0,0.4,,,1.0,1.0,,2,2,8,8,,,,,,,1814,Stangenholz_10,1535.6,1,not_young,1,0,0,Lostallo,1500_2000
,73772.0,5.0,Starkes Baumholz,375.0,BAH (e) / BU (e) / FI (6) / BI (e) / WEI (e) / LAB (e) / TA (4),BAH (e) / BU (e) / FI (6) / BI (4) / LAB (e),high-montane (main area of silver fir),10.0,1.0,,,1.0,1.0,,2,2,8,8,,,,,,,1815,Starkes Baumholz_10,1383.3,1,not_young,1,0,0,Lostallo,1000_1500
,73773.0,1.0,Jungwuchs/Dickung,218.0,,FI (8) / BI (2) / LAB (e),high-montane (main area of silver fir),10.0,0.4,,,1.0,1.0,,2,2,8,8,,,,,,,1816,Jungwuchs/Dickung_10,1382.5,1,young,1,0,0,Lostallo,1000_1500
,73774.0,1.0,Jungwuchs/Dickung,394.0,,AER (e) / FI (5) / LA (3) / BI (2) / TA (e),high-montane (main area of silver fir),10.0,0.2,,,1.0,1.0,1.0,2,2,8,8,,,,0.0,,,1817,Jungwuchs/Dickung_10,1472.1,1,young,1,0,0,Lostallo,1000_1500
,73775.0,5.0,Starkes Baumholz,473.0,FI (9) / LA (1) / TA (e),FI (6) / LA (3) / TA (1),high-montane (main area of silver fir),10.0,1.2,,,1.0,1.0,,2,2,8,8,,,,,,,1818,Starkes Baumholz_10,1616.2,1,not_young,1,0,0,Lostallo,1500_2000
,73777.0,5.0,Starkes Baumholz,414.0,BAH (e) / FI (9) / LA (1) / BI (e) / VBE (e) / TA (e),FI (7) / LA (3) / TA (e),high-montane (main area of silver fir),10.0,2.7,,,1.0,1.0,,2,2,8,8,,,,,,,1819,Starkes Baumholz_10,1558.6,1,not_young,1,0,0,Lostallo,1500_2000
,73780.0,2.0,Stangenholz,140.0,FI (4) / TA (1),,subalpine,8.0,2.1,,,1.0,,,2,2,2,2,,,,,,,1820,Stangenholz_8,1685.8,1,not_young,0,0,0,Lostallo,1500_2000
,73781.0,4.0,Mittleres Baumholz,153.0,FI (7) / LA (3),,subalpine,8.0,0.4,,,1.0,,,2,2,2,2,,,,,,,1821,Mittleres Baumholz_8,1742.1,1,not_young,0,0,0,Lostallo,1500_2000
,73789.0,2.0,Stangenholz,106.0,FI (e) / LA (10),FI (5) / LA (5),upper subalpine,9.0,0.3,,,,,,3,3,3,3,,,,,,,1822,Stangenholz_9,1923.9,1,not_young,0,0,0,Lostallo,1500_2000
,73790.0,2.0,Stangenholz,93.0,FI (e) / LA (10),FI (5) / LA (5),upper subalpine,9.0,0.4,,,,,,3,3,3,3,,,,,,,1823,Stangenholz_9,1941.0,1,not_young,0,0,0,Lostallo,1500_2000
,73791.0,2.0,Stangenholz,40.0,LA (2),,subalpine,8.0,0.9,,,,,,3,3,3,3,,,,,,,1824,Stangenholz_8,1783.6,1,not_young,0,0,0,Lostallo,1500_2000
,73801.0,3.0,Schwaches Baumholz,89.0,TEI (e) / WER (2) / ES (7) / FI (e) / KI (e) / WEI (1) / LI (e),WER (2) / ES (3) / WEI (1) / LI (e) / ST (4),colline,3.0,1.3,,,1.0,,,2,2,2,2,,,,,,,1825,Schwaches Baumholz_3,401.2,0,not_young,0,0,0,Lostallo,300_500
,73808.0,2.0,Stangenholz,127.0,,,colline,3.0,0.9,,,,,,3,3,3,3,,,,,,,1826,Stangenholz_3,412.7,0,not_young,0,0,0,Lostallo,300_500
,73827.0,4.0,Mittleres Baumholz,228.0,FI (7),,colline,3.0,3.1,,,1.0,,,2,2,2,2,,,,,,,1827,Mittleres Baumholz_3,768.6,0,not_young,0,0,0,Lostallo,500_1000
,73830.0,4.0,Mittleres Baumholz,274.0,BU (1) / FI (7) / TA (2),BU (1) / FI (9),high-montane (main area of silver fir),10.0,3.1,,,1.0,1.0,,2,2,8,8,,,,,,,1828,Mittleres Baumholz_10,985.2,0,not_young,1,0,0,Lostallo,500_1000
,73831.0,4.0,Mittleres Baumholz,394.0,BU (e) / FI (9) / BI (1) / MBE (e),BU (e) / FI (10) / MBE (e) / TA (e),high-montane (main area of silver fir),10.0,1.2,,,1.0,1.0,,2,2,8,8,,,,,,,1829,Mittleres Baumholz_10,971.0,0,not_young,1,0,0,Lostallo,500_1000
,73832.0,4.0,Mittleres Baumholz,166.0,FI (7),,colline,3.0,1.2,,,1.0,,,2,2,2,2,,,,,,,1830,Mittleres Baumholz_3,747.7,0,not_young,0,0,0,Lostallo,500_1000
,73835.0,3.0,Schwaches Baumholz,273.0,,,colline,3.0,1.2,,,1.0,,,2,2,2,2,,,,,,,1831,Schwaches Baumholz_3,633.6,0,not_young,0,0,0,Lostallo,500_1000
,73837.0,3.0,Schwaches Baumholz,190.0,,,colline,3.0,0.5,,,1.0,,,2,2,2,2,,,,,,,1832,Schwaches Baumholz_3,472.5,0,not_young,0,0,0,Lostallo,300_500
,73838.0,4.0,Mittleres Baumholz,144.0,TEI (4) / ES (1) / KA (3) / BI (e) / OST (e) / LI (2),,colline,3.0,3.7,,,1.0,,,2,2,2,2,,,,,,,1833,Mittleres Baumholz_3,548.0,0,not_young,0,0,1,Lostallo,500_1000
,73854.0,2.0,Stangenholz,154.0,,,high-montane (main area of silver fir),10.0,1.6,,,1.0,,,2,2,2,2,,,,,,,1835,Stangenholz_10,1005.5,1,not_young,0,0,0,Lostallo,1000_1500
,73855.0,2.0,Stangenholz,121.0,,,colline,3.0,1.5,,,1.0,,,2,2,2,2,,,,,,,1836,Stangenholz_3,746.5,0,not_young,0,0,0,Lostallo,500_1000
,73856.0,2.0,Stangenholz,107.0,,,colline,3.0,0.4,,,1.0,,,2,2,2,2,,,,,,,1837,Stangenholz_3,728.2999999999998,0,not_young,0,0,0,Lostallo,500_1000
,73860.0,4.0,Mittleres Baumholz,240.0,BU (3),,high-montane (main area of silver fir),10.0,3.7,,,1.0,,,2,2,2,2,,,,,,,1838,Mittleres Baumholz_10,971.6,0,not_young,0,0,0,Lostallo,500_1000
,73861.0,4.0,Mittleres Baumholz,218.0,,,colline,3.0,2.5,,,1.0,,,2,2,2,2,,,,,,,1839,Mittleres Baumholz_3,685.3,0,not_young,0,0,0,Lostallo,500_1000
,73862.0,3.0,Schwaches Baumholz,155.0,,,colline,3.0,0.6,,,1.0,,,2,2,2,2,,,,,,,1840,Schwaches Baumholz_3,923.1,0,not_young,0,0,0,Lostallo,500_1000
,73863.0,3.0,Schwaches Baumholz,171.0,,,colline,3.0,0.7,,,1.0,,,2,2,2,2,,,,,,,1841,Schwaches Baumholz_3,842.1,0,not_young,0,0,0,Lostallo,500_1000
,73864.0,4.0,Mittleres Baumholz,164.0,,,colline with beech,2.0,2.3,,,1.0,,,2,2,2,2,,,,,,,1842,Mittleres Baumholz_2,770.6,0,not_young,0,0,1,Lostallo,500_1000
,73865.0,2.0,Stangenholz,85.0,,,colline,3.0,2.1,,,1.0,,,2,2,2,2,,,,,,,1843,Stangenholz_3,679.8,0,not_young,0,0,1,Lostallo,500_1000
,73866.0,3.0,Schwaches Baumholz,199.0,,,colline,3.0,1.2,,,1.0,,,2,2,2,2,,,,,,,1844,Schwaches Baumholz_3,841.7,0,not_young,0,0,0,Lostallo,500_1000
,73869.0,3.0,Schwaches Baumholz,112.0,,,colline,3.0,1.9,,,1.0,,,2,2,2,2,,,,,,,1845,Schwaches Baumholz_3,544.5,0,not_young,0,0,1,Lostallo,500_1000
,73870.0,4.0,Mittleres Baumholz,42.0,,,colline,3.0,0.7,,,1.0,,,2,2,2,2,,,,,,,1846,Mittleres Baumholz_3,486.7,0,not_young,0,0,1,Lostallo,300_500
,73871.0,3.0,Schwaches Baumholz,103.0,FI (1),,colline,3.0,0.6,,,1.0,,,2,2,2,2,,,,,,,1847,Schwaches Baumholz_3,587.8,0,not_young,0,0,1,Lostallo,500_1000
,73872.0,4.0,Mittleres Baumholz,33.0,,,colline,3.0,0.5,,,1.0,,,2,2,2,2,,,,,,,1848,Mittleres Baumholz_3,480.9,0,not_young,0,0,1,Lostallo,300_500
,73874.0,2.0,Stangenholz,53.0,,,colline,3.0,0.7,,,1.0,,,2,2,2,2,,,,,,,1849,Stangenholz_3,494.9,0,not_young,0,0,1,Lostallo,300_500
,73875.0,4.0,Mittleres Baumholz,134.0,,,colline,3.0,0.4,,,1.0,,,2,2,2,2,,,,,,,1850,Mittleres Baumholz_3,522.4,0,not_young,0,0,1,Lostallo,500_1000
,73876.0,4.0,Mittleres Baumholz,131.0,,,colline,3.0,0.7,,,1.0,,,2,2,2,2,,,,,,,1851,Mittleres Baumholz_3,497.2,0,not_young,0,0,1,Lostallo,300_500
,73877.0,2.0,Stangenholz,124.0,,,colline,3.0,1.3,,,1.0,,,2,2,2,2,,,,,,,1852,Stangenholz_3,549.8,0,not_young,0,0,1,Lostallo,500_1000
,73878.0,3.0,Schwaches Baumholz,16.0,,,colline,3.0,0.6,,,1.0,,,2,2,2,2,,,,,,,1853,Schwaches Baumholz_3,486.6,0,not_young,0,0,1,Lostallo,300_500
,73880.0,4.0,Mittleres Baumholz,40.0,BAH (1) / TEI (1) / ES (1) / FI (2) / KA (1) / BI (1) / KI (1) / LI (2),TEI (2) / ES (1) / KA (2) / KI (1) / MBE (2) / LI (2),colline,3.0,0.5,,,1.0,,,2,2,2,2,,,,,,,1854,Mittleres Baumholz_3,623.1,0,not_young,0,0,1,Lostallo,500_1000
,73881.0,4.0,Mittleres Baumholz,198.0,BAH (1) / TEI (2) / ES (1) / FI (e) / KA (1) / BI (1) / KI (1) / MBE (1) / LI (2),,colline,3.0,0.7,,,1.0,,,2,2,2,2,,,,,,,1855,Mittleres Baumholz_3,672.6,0,not_young,0,0,1,Lostallo,500_1000
,73882.0,5.0,Starkes Baumholz,152.0,ES (e) / FI (8) / KA (2) / BI (e) / OST (e) / LI (e),ES (e) / FI (1) / KA (7) / BI (1) / OST (1) / LI (e),colline,3.0,2.3,,,1.0,,,2,2,2,2,,,,,,,1856,Starkes Baumholz_3,667.9,0,not_young,0,0,1,Lostallo,500_1000
,73883.0,5.0,Starkes Baumholz,193.0,FI (3) / KA (5) / BI (2) / OST (e),,colline,3.0,1.1,,,1.0,,,2,2,2,2,,,,,,,1857,Starkes Baumholz_3,783.7,0,not_young,0,0,1,Lostallo,500_1000
,73886.0,4.0,Mittleres Baumholz,295.0,FI (2) / LA (8),,subalpine,8.0,2.1,,,1.0,,,2,2,2,2,,,,,,,1858,Mittleres Baumholz_8,1641.3,1,not_young,0,0,0,Lostallo,1500_2000
,73887.0,3.0,Schwaches Baumholz,152.0,LA (10),,subalpine,8.0,0.8,,,1.0,,,2,2,2,2,,,,,,,1859,Schwaches Baumholz_8,1805.8,1,not_young,0,0,0,Lostallo,1500_2000
,73888.0,3.0,Schwaches Baumholz,88.0,LA (10),,upper subalpine,9.0,0.5,,,1.0,,,2,2,2,2,,,,,,,1860,Schwaches Baumholz_9,1965.9,1,not_young,0,0,0,Lostallo,1500_2000
,73889.0,1.0,Jungwuchs/Dickung,356.0,FI (2) / LA (8),,subalpine,8.0,0.7,,,1.0,1.0,,2,2,8,8,,,,,,,1861,Jungwuchs/Dickung_8,1684.5,1,young,0,0,0,Lostallo,1500_2000
,73890.0,3.0,Schwaches Baumholz,240.0,LA (10),,subalpine,8.0,1.4,,,1.0,,,2,2,2,2,,,,,,,1862,Schwaches Baumholz_8,1823.4,1,not_young,0,0,0,Lostallo,1500_2000
,73891.0,4.0,Mittleres Baumholz,352.0,FI (1) / LA (9),,subalpine,8.0,1.9,,,1.0,,,2,2,2,2,,,,,,,1863,Mittleres Baumholz_8,1818.9,1,not_young,0,0,0,Lostallo,1500_2000
,73892.0,3.0,Schwaches Baumholz,135.0,LA (10),,upper subalpine,9.0,0.5,,,1.0,,,2,2,2,2,,,,,,,1864,Schwaches Baumholz_9,1865.0,1,not_young,0,0,0,Lostallo,1500_2000
,73893.0,3.0,Schwaches Baumholz,358.0,FI (1) / LA (9),,subalpine,8.0,2.2,,,1.0,1.0,,2,2,8,8,,,,,,,1865,Schwaches Baumholz_8,1788.7,1,not_young,0,0,0,Lostallo,1500_2000
,73894.0,2.0,Stangenholz,190.0,FI (2) / LA (6),,subalpine,8.0,3.0,,,1.0,1.0,,2,2,8,8,,,,,,,1866,Stangenholz_8,1615.0,1,not_young,0,0,0,Lostallo,1500_2000
,73895.0,3.0,Schwaches Baumholz,192.0,LA (10),,upper subalpine,9.0,1.5,,,1.0,,,2,2,2,2,,,,,,,1867,Schwaches Baumholz_9,1862.1,1,not_young,0,0,0,Lostallo,1500_2000
,73896.0,2.0,Stangenholz,49.0,LA (10),,-,5.0,1.1,,,1.0,,,2,2,2,2,,,,,,,1868,Stangenholz_5,2007.5,1,not_young,0,0,0,Lostallo,2000_2500
,73898.0,2.0,Stangenholz,139.0,FI (3) / OST (7),,colline,3.0,2.2,,,1.0,,,2,2,2,2,,,,,,,1869,Stangenholz_3,658.2,0,not_young,0,0,0,Lostallo,500_1000
,73899.0,5.0,Starkes Baumholz,173.0,BU (e) / TEI (e) / FI (9) / KA (e) / LA (1) / BI (e) / MBE (e),FI (9) / LA (1) / OST (e),high-montane (main area of silver fir),10.0,0.8,,,1.0,,,2,2,2,2,,,,,,,1870,Starkes Baumholz_10,759.5,0,not_young,0,0,0,Lostallo,500_1000
,73900.0,3.0,Schwaches Baumholz,53.0,,,colline,3.0,1.1,,,1.0,,,2,2,2,2,,,,,,,1871,Schwaches Baumholz_3,527.2,0,not_young,0,0,0,Lostallo,500_1000
,73901.0,4.0,Mittleres Baumholz,91.0,,,colline,3.0,1.5,,,,,,3,3,3,3,,,,,,,1872,Mittleres Baumholz_3,482.5,0,not_young,0,1,0,Lostallo,300_500
,73902.0,3.0,Schwaches Baumholz,180.0,,,colline,3.0,1.2,,,,,,3,3,3,3,,,,,,,1873,Schwaches Baumholz_3,475.3,0,not_young,0,0,0,Lostallo,300_500
,73903.0,3.0,Schwaches Baumholz,45.0,TEI (e) / ES (1) / KA (1) / BI (4) / OST (2) / MBE (e) / LI (2),,colline,3.0,0.5,,,,,,3,3,3,3,,,,,,,1874,Schwaches Baumholz_3,497.4,0,not_young,0,0,0,Lostallo,300_500
,73904.0,4.0,Mittleres Baumholz,66.0,FI (10),,colline,3.0,0.3,,,,,,3,3,3,3,,,,,,,1875,Mittleres Baumholz_3,537.0,0,not_young,0,0,0,Lostallo,500_1000
,73905.0,3.0,Schwaches Baumholz,194.0,,,colline,3.0,0.7,,,,,,3,3,3,3,,,,,,,1876,Schwaches Baumholz_3,465.7,0,not_young,0,0,0,Lostallo,300_500
,73906.0,2.0,Stangenholz,55.0,,,colline,3.0,0.9,,,1.0,,,2,2,2,2,,,,,,,1877,Stangenholz_3,605.1,0,not_young,0,0,0,Lostallo,500_1000
,73907.0,3.0,Schwaches Baumholz,156.0,FI (2) / LA (8),,subalpine,8.0,0.8,,,1.0,,,2,2,2,2,,,,,,,1878,Schwaches Baumholz_8,1839.4,1,not_young,0,0,0,Lostallo,1500_2000
,73917.0,3.0,Schwaches Baumholz,76.0,AER (2) / FI (1) / LA (7),,-,5.0,1.7,,,,,,3,3,3,3,,,,,,,1879,Schwaches Baumholz_5,2041.6,1,not_young,0,0,0,Lostallo,2000_2500
,73918.0,4.0,Mittleres Baumholz,567.0,BU (3) / FI (2) / LA (2) / BI (e) / TA (3),BU (3) / FI (4) / LA (1) / BI (2),high-montane (main area of silver fir),10.0,0.4,,,1.0,1.0,,2,2,8,8,,,,,,,1880,Mittleres Baumholz_10,1267.5,1,not_young,1,0,0,Lostallo,1000_1500
,73919.0,4.0,Mittleres Baumholz,494.0,BU (5) / FI (1) / LI (e) / TA (4),,high-montane (main area of silver fir),10.0,0.7,,,1.0,,,2,2,2,2,,,,,,,1881,Mittleres Baumholz_10,1249.9,1,not_young,0,0,0,Lostallo,1000_1500
,73920.0,3.0,Schwaches Baumholz,434.0,BU (3),,lower/upper montane,7.0,0.6,,,1.0,1.0,,2,2,8,8,,,,,,,1882,Schwaches Baumholz_7,1233.0,1,not_young,1,0,0,Lostallo,1000_1500
,73921.0,5.0,Starkes Baumholz,524.0,BAH (1) / BU (5) / FI (2) / TA (2),,high-montane (main area of silver fir),10.0,0.3,,,1.0,,,2,2,2,2,,,,,,,1883,Starkes Baumholz_10,1391.0,1,not_young,0,0,0,Lostallo,1000_1500
,73922.0,5.0,Starkes Baumholz,513.0,BAH (1) / BU (4) / ES (1) / FI (3) / BI (e) / TA (1),,lower/upper montane,7.0,1.5,,,1.0,,,2,2,2,2,,,,,,,1884,Starkes Baumholz_7,1318.2,1,not_young,0,0,0,Lostallo,1000_1500
,73924.0,5.0,Starkes Baumholz,477.0,BU (e) / FI (8) / LA (2),BAH (e) / BU (e) / FI (9) / LA (1) / BI (e) / VBE (e) / LAB (e),high-montane (main area of silver fir),10.0,1.6,,,1.0,,,2,2,2,2,,,,,,,1885,Starkes Baumholz_10,1474.5,1,not_young,0,0,0,Lostallo,1000_1500
,73925.0,5.0,Starkes Baumholz,510.0,BU (1) / FI (5) / BI (e) / VBE (e) / TA (4),BU (3) / FI (6) / TA (1),high-montane (main area of silver fir),10.0,0.7,,,1.0,1.0,,2,2,8,8,,,,,,,1886,Starkes Baumholz_10,1366.7,1,not_young,1,0,0,Lostallo,1000_1500
,73926.0,5.0,Starkes Baumholz,484.0,BAH (e) / BU (e) / FI (6) / LA (2) / TA (2),,high-montane (main area of silver fir),10.0,0.8,,,1.0,,,2,2,2,2,,,,,,,1887,Starkes Baumholz_10,1368.0,1,not_young,0,0,0,Lostallo,1000_1500
,73927.0,5.0,Starkes Baumholz,501.0,BAH (e) / BU (e) / FI (6) / LA (2) / TA (2),,high-montane (main area of silver fir),10.0,1.6,,,1.0,,,2,2,2,2,,,,,,,1888,Starkes Baumholz_10,1450.3,1,not_young,0,0,0,Lostallo,1000_1500
,73928.0,5.0,Starkes Baumholz,406.0,FI (6) / LA (3) / TA (1),FI (8) / LA (2) / TA (e),high-montane (main area of silver fir),10.0,1.0,,,1.0,,,2,2,2,2,,,,,,,1889,Starkes Baumholz_10,1543.5,1,not_young,0,0,0,Lostallo,1500_2000
,73930.0,2.0,Stangenholz,463.0,FI (9) / LA (1) / TA (e),FI (10),high-montane (main area of silver fir),10.0,0.4,,,1.0,1.0,,2,2,8,8,,,,,,,1890,Stangenholz_10,1579.2,1,not_young,0,0,0,Lostallo,1500_2000
,73934.0,1.0,Jungwuchs/Dickung,174.0,AER (2),,subalpine,8.0,2.5,,,1.0,,,2,2,2,2,,,,,,,1891,Jungwuchs/Dickung_8,1656.7,1,young,0,0,0,Lostallo,1500_2000
,73936.0,5.0,Starkes Baumholz,436.0,FI (7) / TA (3),,high-montane (main area of silver fir),10.0,0.9,,,1.0,,,2,2,2,2,,,,,,,1892,Starkes Baumholz_10,1548.5,1,not_young,0,0,0,Lostallo,1500_2000
,73937.0,4.0,Mittleres Baumholz,330.0,FI (8) / LA (1) / TA (1),,subalpine,8.0,1.7,,,1.0,,,2,2,2,2,,,,,,,1893,Mittleres Baumholz_8,1708.6,1,not_young,0,0,0,Lostallo,1500_2000
,73940.0,4.0,Mittleres Baumholz,231.0,FI (2) / LA (8),,-,5.0,0.3,,,1.0,,,2,2,2,2,,,,,,,1894,Mittleres Baumholz_5,2000.9,1,not_young,0,0,0,Lostallo,2000_2500
,73941.0,3.0,Schwaches Baumholz,190.0,FI (5) / LA (5),,-,5.0,0.9,,,1.0,,,2,2,2,2,,,,,,,1895,Schwaches Baumholz_5,1974.5,1,not_young,0,0,0,Lostallo,1500_2000
,73942.0,2.0,Stangenholz,117.0,FI (5) / LA (5),,-,5.0,0.4,,,1.0,,,2,2,2,2,,,,,,,1896,Stangenholz_5,2064.4,1,not_young,0,0,0,Lostallo,2000_2500
,73943.0,1.0,Jungwuchs/Dickung,226.0,FI (7) / BI (3),BAH (e) / FI (2) / LA (2) / BI (6),high-montane (main area of silver fir),10.0,0.9,,,1.0,1.0,,2,2,8,8,,,,,,,1897,Jungwuchs/Dickung_10,1546.8,1,young,1,0,0,Lostallo,1500_2000
,73945.0,5.0,Starkes Baumholz,241.0,BAH (e) / BU (e) / FI (6) / BI (e) / WEI (e) / LAB (e) / TA (4),BAH (e) / BU (e) / FI (6) / BI (4) / LAB (e),high-montane (main area of silver fir),10.0,0.7,,,1.0,1.0,,2,2,8,8,,,,,,,1898,Starkes Baumholz_10,1281.9,1,not_young,1,0,0,Lostallo,1000_1500
,73946.0,2.0,Stangenholz,316.0,ES (1) / FI (8) / LA (e) / BI (1) / LAB (e) / TA (e),,lower/upper montane,7.0,0.3,,,1.0,1.0,,2,2,8,8,,,,,,,1899,Stangenholz_7,1394.7,1,not_young,1,0,0,Lostallo,1000_1500
,73947.0,2.0,Stangenholz,287.0,BU (e) / FI (3) / LA (3) / BI (4) / LAB (e),BAH (e) / BU (e) / FI (6) / LA (e) / BI (4) / VBE (e) / LAB (e) / TA (e),high-montane (main area of silver fir),10.0,0.7,,,1.0,1.0,,2,2,8,8,,,,,,,1900,Stangenholz_10,1419.5,1,not_young,1,0,0,Lostallo,1000_1500
,73948.0,1.0,Jungwuchs/Dickung,221.0,FI (9) / LA (1) / TA (e),FI (5) / LA (4) / BI (1),high-montane (main area of silver fir),10.0,1.0,,,1.0,1.0,,2,2,8,8,,,,,,,1901,Jungwuchs/Dickung_10,1499.0,1,young,1,0,0,Lostallo,1000_1500
,73949.0,1.0,Jungwuchs/Dickung,311.0,FI (9) / LA (1) / TA (e),FI (5) / LA (4) / BI (1),high-montane (main area of silver fir),10.0,0.9,,,1.0,1.0,,2,2,8,8,,,,,,,1902,Jungwuchs/Dickung_10,1526.2,1,young,1,0,0,Lostallo,1500_2000
,73950.0,2.0,Stangenholz,250.0,FI (1) / BI (7) / TA (2),FI (7) / LA (2) / TA (1),high-montane (main area of silver fir),10.0,1.7,,,1.0,1.0,,2,2,8,8,,,,,,,1903,Stangenholz_10,1520.5,1,not_young,1,0,0,Lostallo,1500_2000
,73951.0,5.0,Starkes Baumholz,338.0,FI (10) / LA (e) / BI (e) / LAB (e) / TA (e),FI (5) / LA (4) / BI (1) / TA (e),subalpine,8.0,3.4,,,1.0,1.0,,2,2,8,8,,,,,,,1904,Starkes Baumholz_8,1620.3,1,not_young,1,0,0,Lostallo,1500_2000
,73952.0,5.0,Starkes Baumholz,431.0,FI (9) / LA (1) / BI (e),FI (7) / LA (3),subalpine,8.0,4.4,,,1.0,1.0,,2,2,8,8,,,,,,,1905,Starkes Baumholz_8,1619.8,1,not_young,1,0,0,Lostallo,1500_2000
,73953.0,1.0,Jungwuchs/Dickung,253.0,,FI (3) / LA (7) / BI (e),subalpine,8.0,0.4,,,1.0,1.0,,2,2,8,8,,,,,,,1906,Jungwuchs/Dickung_8,1699.1,1,young,1,0,0,Lostallo,1500_2000
,73954.0,5.0,Starkes Baumholz,394.0,FI (10) / LA (e) / TA (e),FI (9) / BI (1) / LAB (e),high-montane (main area of silver fir),10.0,1.7,,,1.0,1.0,,2,2,8,8,,,,,,,1907,Starkes Baumholz_10,1503.6,1,not_young,1,0,0,Lostallo,1500_2000
,73956.0,5.0,Starkes Baumholz,488.0,FI (8) / TA (2),,high-montane (main area of silver fir),10.0,1.4,,,1.0,1.0,,2,2,8,8,,,,,,,1908,Starkes Baumholz_10,1397.0,1,not_young,0,0,0,Lostallo,1000_1500
,73959.0,3.0,Schwaches Baumholz,318.0,FI (9) / TA (1),,high-montane (main area of silver fir),10.0,0.8,,,,1.0,,3,3,8,8,,,,,,,1909,Schwaches Baumholz_10,1386.6,1,not_young,0,0,0,Lostallo,1000_1500
,73960.0,4.0,Mittleres Baumholz,407.0,FI (8) / LA (2),,high-montane (main area of silver fir),10.0,0.3,,,1.0,,,2,2,2,2,,,,,,,1910,Mittleres Baumholz_10,1374.4,1,not_young,0,0,0,Lostallo,1000_1500
,73963.0,2.0,Stangenholz,136.0,FI (5) / LA (4),,subalpine,8.0,1.2,,,1.0,,,2,2,2,2,,,,,,,1911,Stangenholz_8,1633.1,1,not_young,0,0,0,Lostallo,1500_2000
,73964.0,2.0,Stangenholz,69.0,FI (4) / LA (1),,subalpine,8.0,0.8,,,1.0,,,2,2,2,2,,,,,,,1912,Stangenholz_8,1720.0,1,not_young,0,0,0,Lostallo,1500_2000
,73967.0,4.0,Mittleres Baumholz,127.0,AER (2) / LA (8),,subalpine,8.0,0.4,,,1.0,,,2,2,2,2,,,,,,,1913,Mittleres Baumholz_8,1639.7,1,not_young,0,0,0,Lostallo,1500_2000
,73973.0,2.0,Stangenholz,22.0,AER (2) / LA (8),,upper subalpine,9.0,0.6,,,,,,3,3,3,3,,,,,,,1914,Stangenholz_9,1953.4,1,not_young,0,0,0,Lostallo,1500_2000
,73978.0,4.0,Mittleres Baumholz,302.0,FI (7) / TA (2),,subalpine,8.0,2.9,,,1.0,,,2,2,2,2,,,,,,,1915,Mittleres Baumholz_8,1616.9,1,not_young,0,0,0,Lostallo,1500_2000
,74003.0,3.0,Schwaches Baumholz,237.0,,,colline,3.0,2.6,,,1.0,,,2,2,2,2,,,,,,,1916,Schwaches Baumholz_3,469.6,0,not_young,0,0,0,Lostallo,300_500
,74004.0,2.0,Stangenholz,109.0,,,colline,3.0,0.8,,,1.0,,,2,2,2,2,,,,,,,1917,Stangenholz_3,571.2,0,not_young,0,0,0,Lostallo,500_1000
,74006.0,3.0,Schwaches Baumholz,172.0,,,colline,3.0,1.8,,,1.0,,,2,2,2,2,,,,,,,1918,Schwaches Baumholz_3,663.3,0,not_young,0,0,0,Lostallo,500_1000
,74007.0,4.0,Mittleres Baumholz,160.0,FI (9),,colline,3.0,0.7,,,1.0,,,2,2,2,2,,,,,,,1919,Mittleres Baumholz_3,766.1,0,not_young,0,0,0,Lostallo,500_1000
,74008.0,3.0,Schwaches Baumholz,195.0,,,colline,3.0,1.3,,,1.0,,,2,2,2,2,,,,,,,1920,Schwaches Baumholz_3,663.6,0,not_young,0,0,0,Lostallo,500_1000
,74010.0,4.0,Mittleres Baumholz,366.0,FI (9) / TA (1),BAH (e) / FI (5) / TA (5),high-montane (main area of silver fir),10.0,3.7,,,1.0,1.0,,2,2,8,8,,,,,,,1921,Mittleres Baumholz_10,1197.2,1,not_young,1,0,0,Lostallo,1000_1500
,74012.0,3.0,Schwaches Baumholz,251.0,BU (e) / FI (9) / TA (1),FI (10),high-montane (main area of silver fir),10.0,0.4,,,1.0,1.0,,2,2,8,8,,,,,,,1922,Schwaches Baumholz_10,1117.0,1,not_young,1,0,0,Lostallo,1000_1500
,74014.0,3.0,Schwaches Baumholz,137.0,,,colline,3.0,4.9,,,1.0,,,2,2,2,2,,,,,,,1923,Schwaches Baumholz_3,515.4,0,not_young,0,0,0,Lostallo,500_1000
,74015.0,3.0,Schwaches Baumholz,130.0,,,colline,3.0,2.6,,,,,,3,3,3,3,,,,,,,1924,Schwaches Baumholz_3,471.5,0,not_young,0,0,0,Lostallo,300_500
,74026.0,2.0,Stangenholz,2.0,LA (10),,subalpine,8.0,0.6,,,,,,3,3,3,3,,,,,,,1925,Stangenholz_8,1742.4,1,not_young,0,0,0,Lostallo,1500_2000
,74030.0,3.0,Schwaches Baumholz,89.0,,,colline,3.0,1.8,,,1.0,,,2,2,2,2,,,,,,,1926,Schwaches Baumholz_3,593.3,0,not_young,0,0,0,Lostallo,500_1000
,74031.0,2.0,Stangenholz,162.0,FI (8) / LA (1) / TA (1),,high-montane (main area of silver fir),10.0,1.6,,,1.0,,,2,2,2,2,,,,,,,1927,Stangenholz_10,1568.2,1,not_young,0,0,0,Lostallo,1500_2000
,74032.0,4.0,Mittleres Baumholz,337.0,FI (5) / TA (2),,high-montane (main area of silver fir),10.0,2.3,,,1.0,,,2,2,2,2,,,,,,,1928,Mittleres Baumholz_10,1483.3,1,not_young,0,0,0,Lostallo,1000_1500
,74033.0,4.0,Mittleres Baumholz,372.0,FI (3) / LA (7),,upper subalpine,9.0,0.7,,,1.0,,,2,2,2,2,,,,,,,1929,Mittleres Baumholz_9,1855.9,1,not_young,0,0,0,Lostallo,1500_2000
,74034.0,3.0,Schwaches Baumholz,249.0,AER (2) / FI (3) / LA (5),,upper subalpine,9.0,0.5,,,1.0,,,2,2,2,2,,,,,,,1930,Schwaches Baumholz_9,1909.0,1,not_young,0,0,0,Lostallo,1500_2000
,74035.0,2.0,Stangenholz,190.0,FI (8) / TA (2),,lower/upper montane,7.0,0.6,,,,,1.0,3,3,3,8,,,,1.0,,,1931,Stangenholz_7,1336.3,1,not_young,0,0,0,Lostallo,1000_1500
,74037.0,2.0,Stangenholz,118.0,FI (1),,lower/upper montane,7.0,1.0,,,1.0,,1.0,2,2,2,8,,,,1.0,,,1932,Stangenholz_7,1403.1,1,not_young,0,0,0,Lostallo,1000_1500
,74040.0,4.0,Mittleres Baumholz,230.0,AER (2) / FI (2) / LA (6),,upper subalpine,9.0,0.7,,,1.0,,,2,2,2,2,,,,,,,1933,Mittleres Baumholz_9,1879.7,1,not_young,0,0,0,Lostallo,1500_2000
,74041.0,3.0,Schwaches Baumholz,161.0,AER (2) / LA (8),,-,5.0,0.3,,,1.0,,,2,2,2,2,,,,,,,1934,Schwaches Baumholz_5,2007.0,1,not_young,0,0,0,Lostallo,2000_2500
,74042.0,3.0,Schwaches Baumholz,289.0,FI (4) / LA (6),,upper subalpine,9.0,0.3,,,1.0,,,2,2,2,2,,,,,,,1935,Schwaches Baumholz_9,1975.4,1,not_young,0,0,0,Lostallo,1500_2000
,74043.0,3.0,Schwaches Baumholz,327.0,FI (6) / LA (1) / TA (2),,high-montane (main area of silver fir),10.0,1.2,,,1.0,,1.0,2,2,2,8,,,,1.0,,,1936,Schwaches Baumholz_10,1447.8,1,not_young,0,0,0,Lostallo,1000_1500
,74044.0,2.0,Stangenholz,331.0,,,high-montane (main area of silver fir),10.0,1.5,,,1.0,,,2,2,2,2,,,,,,,1937,Stangenholz_10,1301.1,1,not_young,0,0,0,Lostallo,1000_1500
,74045.0,4.0,Mittleres Baumholz,291.0,BU (2) / FI (2) / TA (1),,high-montane (main area of silver fir),10.0,1.2,,,1.0,,,2,2,2,2,,,,,,,1938,Mittleres Baumholz_10,1245.7,1,not_young,0,0,0,Lostallo,1000_1500
,74046.0,4.0,Mittleres Baumholz,281.0,BU (2),,high-montane (main area of silver fir),10.0,0.6,,,1.0,,,2,2,2,2,,,,,,,1939,Mittleres Baumholz_10,1132.1,1,not_young,0,0,0,Lostallo,1000_1500
,74047.0,5.0,Starkes Baumholz,363.0,BU (7),,high-montane (main area of silver fir),10.0,3.3,,,1.0,,,2,2,2,2,,,,,,,1940,Starkes Baumholz_10,1281.5,1,not_young,0,0,0,Lostallo,1000_1500
,74048.0,3.0,Schwaches Baumholz,59.0,,,high-montane (main area of silver fir),10.0,1.0,,,1.0,,,2,2,2,2,,,,,,,1941,Schwaches Baumholz_10,1069.1,1,not_young,0,0,0,Lostallo,1000_1500
,74049.0,2.0,Stangenholz,74.0,,,high-montane (main area of silver fir),10.0,0.7,,,1.0,,,2,2,2,2,,,,,,,1942,Stangenholz_10,1085.9,1,not_young,0,0,1,Lostallo,1000_1500
,74050.0,3.0,Schwaches Baumholz,236.0,BU (2) / FI (5),,high-montane (main area of silver fir),10.0,1.7,,,1.0,,,2,2,2,2,,,,,,,1943,Schwaches Baumholz_10,1324.0,1,not_young,0,0,0,Lostallo,1000_1500
,74051.0,4.0,Mittleres Baumholz,223.0,BU (5),,high-montane (main area of silver fir),10.0,0.7,,,1.0,,,2,2,2,2,,,,,,,1944,Mittleres Baumholz_10,1195.3,1,not_young,0,0,1,Lostallo,1000_1500
,74053.0,4.0,Mittleres Baumholz,295.0,BU (5),,high-montane (main area of silver fir),10.0,0.2,,,1.0,,,2,2,2,2,,,,,,,1945,Mittleres Baumholz_10,1215.1,1,not_young,0,0,0,Lostallo,1000_1500
,74055.0,4.0,Mittleres Baumholz,345.0,BU (5),,high-montane (main area of silver fir),10.0,0.8,,,1.0,,,2,2,2,2,,,,,,,1946,Mittleres Baumholz_10,1430.5,1,not_young,0,0,0,Lostallo,1000_1500
,74056.0,3.0,Schwaches Baumholz,177.0,BU (2) / FI (1),,high-montane (main area of silver fir),10.0,0.7,,,1.0,,,2,2,2,2,,,,,,,1947,Schwaches Baumholz_10,1426.1,1,not_young,0,0,0,Lostallo,1000_1500
,74057.0,3.0,Schwaches Baumholz,237.0,BU (7) / FI (1),,high-montane (main area of silver fir),10.0,0.2,,,,,,3,3,3,3,,,,,,,1948,Schwaches Baumholz_10,1556.4,1,not_young,0,0,0,Lostallo,1500_2000
,74058.0,3.0,Schwaches Baumholz,162.0,ES (2) / KA (2) / BI (3) / OST (e) / KI (e) / LI (3),ES (3) / KA (1) / LI (1) / ST (5),colline,3.0,5.1,,,1.0,,,2,2,2,2,,,,,,,1949,Schwaches Baumholz_3,536.6,0,not_young,0,0,1,Lostallo,500_1000
,74059.0,4.0,Mittleres Baumholz,316.0,TEI (1) / ES (2) / KA (3) / BI (e) / KI (1) / LI (3),TEI (e) / ES (4) / KA (e) / KI (e) / LI (6),colline,3.0,4.4,,,,,,7,7,7,7,,1.0,,,,,1950,Mittleres Baumholz_3,456.0,0,not_young,0,0,0,Lostallo,300_500
,74060.0,3.0,Schwaches Baumholz,162.0,TEI (1) / ES (1) / KA (2) / BI (e) / KI (e) / LI (6),,colline,3.0,0.9,,,1.0,,,2,2,2,2,,,,,,,1951,Schwaches Baumholz_3,439.1,0,not_young,0,0,1,Lostallo,300_500
,74062.0,4.0,Mittleres Baumholz,332.0,TEI (1) / ES (1) / KA (2) / BI (e) / KI (e) / LI (6),TEI (1) / ES (1) / KA (1) / LI (7),colline,3.0,1.5,,,,,,7,7,7,7,,1.0,,,,,1952,Mittleres Baumholz_3,531.3,0,not_young,0,0,0,Lostallo,500_1000
,74063.0,3.0,Schwaches Baumholz,335.0,TEI (1) / ES (1) / KA (2) / BI (e) / KI (e) / LI (6),,colline,3.0,3.3,,,1.0,,,2,2,2,2,,,,,,,1953,Schwaches Baumholz_3,499.6,0,not_young,0,0,1,Lostallo,300_500
,74064.0,3.0,Schwaches Baumholz,149.0,TEI (e) / ES (1) / KA (3) / KI (e) / LI (6),,colline,3.0,1.6,,,1.0,,,2,2,2,2,,,,,,,1954,Schwaches Baumholz_3,560.3,0,not_young,0,0,1,Lostallo,500_1000
,74065.0,4.0,Mittleres Baumholz,278.0,SAH (e) / TEI (e) / ES (e) / KA (3) / LI (7),,colline,3.0,1.1,,,1.0,,,2,2,2,2,,,,,,,1955,Mittleres Baumholz_3,536.2,0,not_young,0,0,1,Lostallo,500_1000
,74066.0,5.0,Starkes Baumholz,285.0,TEI (2) / ES (e) / KA (2) / LI (6),TEI (1) / ES (2) / FI (4) / KA (e) / LI (3),colline,3.0,0.2,,,1.0,,,7,7,7,7,,1.0,,,,,1956,Starkes Baumholz_3,492.2,0,not_young,0,0,0,Lostallo,300_500
,74067.0,3.0,Schwaches Baumholz,300.0,TEI (1) / ES (1) / KA (2) / BI (e) / KI (e) / LI (6),,colline,3.0,1.3,,,1.0,,,2,2,2,2,,,,,,,1957,Schwaches Baumholz_3,529.9,0,not_young,0,0,1,Lostallo,500_1000
,74068.0,5.0,Starkes Baumholz,119.0,KA (10) / NU (e) / KI (e),,colline,3.0,2.4,,,1.0,,,7,7,7,7,,1.0,,,,,1958,Starkes Baumholz_3,486.1,0,not_young,0,0,0,Lostallo,300_500
,74069.0,5.0,Starkes Baumholz,61.0,KA (10) / NU (e) / KI (e),,colline,3.0,2.1,,,1.0,,,7,7,7,7,,1.0,,,,,1959,Starkes Baumholz_3,454.6,0,not_young,0,0,0,Lostallo,300_500
,74081.0,3.0,Schwaches Baumholz,219.0,,,colline,3.0,2.4,,,1.0,,,2,2,2,2,,,,,,,1960,Schwaches Baumholz_3,771.8999999999999,0,not_young,0,0,1,Lostallo,500_1000
,74082.0,3.0,Schwaches Baumholz,271.0,,,colline,3.0,1.7,,,1.0,,,2,2,2,2,,,,,,,1961,Schwaches Baumholz_3,852.8999999999999,0,not_young,0,0,1,Lostallo,500_1000
,74084.0,2.0,Stangenholz,75.0,,,colline,3.0,1.8,,,1.0,,,2,2,2,2,,,,,,,1962,Stangenholz_3,687.7,0,not_young,0,0,1,Lostallo,500_1000
,74085.0,3.0,Schwaches Baumholz,230.0,TEI (4) / ES (2) / KA (2) / BI (1) / MBE (1),TEI (2) / MBE (2) / HAS (6),colline,3.0,2.0,,,1.0,,,2,2,2,2,,,,,,,1963,Schwaches Baumholz_3,779.2,0,not_young,0,0,1,Lostallo,500_1000
,74087.0,3.0,Schwaches Baumholz,286.0,BI (2) / LI (8),ST (10),colline,3.0,0.6,,,,,,3,3,3,3,,,,,,,1964,Schwaches Baumholz_3,459.7,0,not_young,0,0,0,Lostallo,300_500
,74091.0,3.0,Schwaches Baumholz,94.0,WER (2) / ES (2) / KA (1) / BI (1) / AS (3) / KI (e) / LI (1),ES (2) / KA (1) / AS (1) / LI (6),colline,3.0,0.3,,,1.0,,,2,2,2,2,,,,,,,1965,Schwaches Baumholz_3,449.9,0,not_young,0,0,1,Lostallo,300_500
,74092.0,3.0,Schwaches Baumholz,80.0,TEI (2) / ES (1) / KA (1) / BI (1) / KI (1) / MBE (1) / LI (3),ST (10),colline,3.0,2.4,,,1.0,,,2,2,2,2,,,,,,,1966,Schwaches Baumholz_3,628.6,0,not_young,0,0,1,Lostallo,500_1000
,74093.0,5.0,Starkes Baumholz,521.0,FI (9) / LA (e) / VBE (e) / TA (1),AER (7) / FI (3) / VBE (e),high-montane (main area of silver fir),10.0,2.0,,,1.0,,1.0,2,2,2,8,,,,1.0,,,1967,Starkes Baumholz_10,1566.5,1,not_young,0,0,1,Lostallo,1500_2000
,74094.0,2.0,Stangenholz,185.0,,,high-montane (main area of silver fir),10.0,0.5,,,1.0,,,2,2,2,2,,,,,,,1968,Stangenholz_10,1446.0,1,not_young,0,0,1,Lostallo,1000_1500
,74095.0,2.0,Stangenholz,149.0,BU (1),,high-montane (main area of silver fir),10.0,2.1,,,1.0,,,2,2,2,2,,,,,,,1969,Stangenholz_10,1470.0,1,not_young,0,0,1,Lostallo,1000_1500
,74102.0,1.0,Jungwuchs/Dickung,123.0,AER (5) / LA (1),,subalpine,8.0,0.7,,,1.0,,,2,2,2,2,,,,,,,1970,Jungwuchs/Dickung_8,1820.0,1,young,0,0,0,Lostallo,1500_2000
,74103.0,3.0,Schwaches Baumholz,311.0,BAH (e) / BU (1) / WER (2) / ES (3) / LA (e) / BI (3) / WEI (1),BAH (e) / BU (3) / FI (7),lower/upper montane,7.0,0.5,,,1.0,1.0,,2,2,8,8,,,,,,,1971,Schwaches Baumholz_7,1124.7,1,not_young,1,0,0,Lostallo,1000_1500
,74105.0,5.0,Starkes Baumholz,397.0,BAH (e) / BU (e) / FI (5) / VBE (e) / LAB (e) / TA (5),BU (1) / FI (6) / LA (e) / BI (1) / LAB (1) / TA (1),lower/upper montane,7.0,1.0,,,1.0,1.0,,2,2,8,8,,,,,,,1972,Starkes Baumholz_7,1349.2,1,not_young,1,0,0,Lostallo,1000_1500
,74107.0,5.0,Starkes Baumholz,383.0,BAH (1) / BU (1) / ES (e) / FI (4) / BUL (e) / LAB (e) / TA (4),,high-montane (main area of silver fir),10.0,1.6,,,1.0,1.0,,2,2,8,8,,,,,,,1973,Starkes Baumholz_10,1356.0,1,not_young,1,0,0,Lostallo,1000_1500
,74108.0,4.0,Mittleres Baumholz,437.0,BAH (1) / BU (2) / ES (e) / FI (4) / BUL (e) / TA (3),,high-montane (main area of silver fir),10.0,4.0,,,1.0,1.0,,2,2,8,8,,,,,,,1974,Mittleres Baumholz_10,1196.8,1,not_young,1,0,0,Lostallo,1000_1500
,74109.0,5.0,Starkes Baumholz,486.0,BU (1) / FI (2) / TA (7),BU (2) / FI (6) / TA (2),high-montane (main area of silver fir),10.0,0.9,,,1.0,1.0,,2,2,8,8,,,,,,,1975,Starkes Baumholz_10,1245.7,1,not_young,1,0,0,Lostallo,1000_1500
,74110.0,5.0,Starkes Baumholz,328.0,FI (5),,subalpine,8.0,3.0,,,1.0,,,2,2,2,2,,,,,,,1976,Starkes Baumholz_8,1584.2,1,not_young,0,0,0,Lostallo,1500_2000
,74112.0,5.0,Starkes Baumholz,407.0,FI (6) / LA (3) / TA (1),,subalpine,8.0,1.1,,,1.0,1.0,,2,2,8,8,,,,,,,1977,Starkes Baumholz_8,1682.4,1,not_young,1,0,0,Lostallo,1500_2000
,74113.0,5.0,Starkes Baumholz,514.0,FI (7) / LA (3) / TA (e),FI (10) / TA (e),subalpine,8.0,6.9,,,1.0,1.0,,2,2,8,8,,,,,,,1978,Starkes Baumholz_8,1610.4,1,not_young,0,0,0,Lostallo,1500_2000
,74114.0,5.0,Starkes Baumholz,561.0,FI (8) / LA (1) / TA (1),,high-montane (main area of silver fir),10.0,6.5,,,1.0,1.0,,2,2,8,8,,,,,,,1979,Starkes Baumholz_10,1542.0,1,not_young,1,0,0,Lostallo,1500_2000
,74115.0,4.0,Mittleres Baumholz,522.0,FI (8) / LA (2),FI (10),high-montane (main area of silver fir),10.0,4.1,,,1.0,1.0,,2,2,8,8,,,,,,,1980,Mittleres Baumholz_10,1570.3,1,not_young,1,0,0,Lostallo,1500_2000
,74116.0,2.0,Stangenholz,382.0,FI (8) / LA (2) / TA (e),FI (9) / TA (1),high-montane (main area of silver fir),10.0,4.8,,,1.0,1.0,,2,2,8,8,,,,,,,1981,Stangenholz_10,1440.6,1,not_young,1,0,0,Lostallo,1000_1500
,74117.0,5.0,Starkes Baumholz,543.0,FI (10) / TA (e),FI (10) / TA (e),high-montane (main area of silver fir),10.0,1.8,,,1.0,1.0,,2,2,8,8,,,,,,,1982,Starkes Baumholz_10,1458.3,1,not_young,1,0,0,Lostallo,1000_1500
,74118.0,4.0,Mittleres Baumholz,544.0,FI (8) / LA (2),,subalpine,8.0,4.5,,,1.0,1.0,,2,2,8,8,,,,,,,1983,Mittleres Baumholz_8,1602.9,1,not_young,0,0,0,Lostallo,1500_2000
,74119.0,2.0,Stangenholz,143.0,FI (5) / LA (5),,-,5.0,0.7,,,1.0,,,2,2,2,2,,,,,,,1984,Stangenholz_5,2055.8,1,not_young,0,0,0,Lostallo,2000_2500
,74123.0,2.0,Stangenholz,80.0,FI (2) / LA (8),,-,5.0,0.3,,,1.0,,,2,2,2,2,,,,,,,1985,Stangenholz_5,2041.1,1,not_young,0,0,0,Lostallo,2000_2500
,74124.0,2.0,Stangenholz,79.0,FI (2) / LA (8),,-,5.0,0.9,,,,,,3,3,3,3,,,,,,,1986,Stangenholz_5,2209.6,1,not_young,0,1,0,Lostallo,2000_2500
,74125.0,2.0,Stangenholz,81.0,FI (2) / LA (8),,-,5.0,0.3,,,,,,3,3,3,3,,,,,,,1987,Stangenholz_5,2143.7,1,not_young,0,0,0,Lostallo,2000_2500
,74127.0,2.0,Stangenholz,77.0,FI (8) / LA (2),,-,5.0,0.2,,,1.0,,,2,2,2,2,,,,,,,1988,Stangenholz_5,2136.5,1,not_young,0,0,0,Lostallo,2000_2500
,74131.0,5.0,Starkes Baumholz,475.0,FI (9) / LA (1) / TA (e),BAH (e) / FI (6) / LA (4) / LAB (e),subalpine,8.0,3.2,,,1.0,1.0,,2,2,8,8,,,,,,,1989,Starkes Baumholz_8,1619.4,1,not_young,1,0,0,Lostallo,1500_2000
,74134.0,3.0,Schwaches Baumholz,449.0,FI (9) / LA (e) / TA (1),FI (9) / LA (e) / BI (1) / TA (e),high-montane (main area of silver fir),10.0,0.7,,,1.0,1.0,,2,2,8,8,,,,,,,1990,Schwaches Baumholz_10,1488.2,1,not_young,1,0,0,Lostallo,1000_1500
,74135.0,1.0,Jungwuchs/Dickung,350.0,FI (9) / TA (1),FI (8) / BI (2) / VBE (e) / TA (e),high-montane (main area of silver fir),10.0,0.3,,,1.0,1.0,,2,2,8,8,,,,,,,1991,Jungwuchs/Dickung_10,1518.0,1,young,1,0,0,Lostallo,1500_2000
,74136.0,1.0,Jungwuchs/Dickung,417.0,FI (9) / LA (e) / TA (1),FI (10) / LA (e) / BI (e) / VBE (e) / TA (e),high-montane (main area of silver fir),10.0,3.5,,,1.0,1.0,,2,2,8,8,,,,,,,1992,Jungwuchs/Dickung_10,1488.2,1,young,1,0,0,Lostallo,1000_1500
,74139.0,5.0,Starkes Baumholz,373.0,FI (10) / LA (e) / BI (e),FI (7) / LA (3) / BI (e),subalpine,8.0,1.7,,,1.0,1.0,,2,2,8,8,,,,,,,1993,Starkes Baumholz_8,1678.5,1,not_young,1,0,0,Lostallo,1500_2000
,74142.0,5.0,Starkes Baumholz,439.0,FI (8) / LA (2),FI (9) / LA (1),subalpine,8.0,0.9,,,1.0,1.0,,2,2,8,8,,,,,,,1994,Starkes Baumholz_8,1728.0,1,not_young,0,0,0,Lostallo,1500_2000
,74143.0,5.0,Starkes Baumholz,446.0,FI (9) / LA (1) / TA (e),FI (10) / LA (e) / TA (e),subalpine,8.0,1.6,,,1.0,1.0,,2,2,8,8,,,,,,,1995,Starkes Baumholz_8,1536.9,1,not_young,1,0,0,Lostallo,1500_2000
,74145.0,4.0,Mittleres Baumholz,407.0,FI (9) / LA (1),,high-montane (main area of silver fir),10.0,0.4,,,1.0,1.0,,2,2,8,8,,,,,,,1996,Mittleres Baumholz_10,1491.9,1,not_young,0,0,0,Lostallo,1000_1500
,74146.0,2.0,Stangenholz,231.0,FI (3) / LA (2),,subalpine,8.0,2.0,,,1.0,,,2,2,2,2,,,,,,,1997,Stangenholz_8,1640.2,1,not_young,0,0,0,Lostallo,1500_2000
,74147.0,4.0,Mittleres Baumholz,302.0,FI (6) / LA (2) / TA (1),,high-montane (main area of silver fir),10.0,0.4,,,1.0,,,2,2,2,2,,,,,,,1998,Mittleres Baumholz_10,1514.4,1,not_young,0,0,0,Lostallo,1500_2000
,74151.0,4.0,Mittleres Baumholz,141.0,FI (2) / LA (8),,upper subalpine,9.0,0.2,,,,,,3,3,3,3,,,,,,,1999,Mittleres Baumholz_9,1874.5,1,not_young,0,0,0,Lostallo,1500_2000
,74157.0,4.0,Mittleres Baumholz,329.0,FI (3) / LA (1) / TA (1),,high-montane (main area of silver fir),10.0,1.6,,,1.0,,,2,2,2,2,,,,,,,2000,Mittleres Baumholz_10,1475.5,1,not_young,0,0,0,Lostallo,1000_1500
,74162.0,4.0,Mittleres Baumholz,332.0,FI (6) / TA (2),,high-montane (main area of silver fir),10.0,2.8,,,1.0,,,2,2,2,2,,,,,,,2001,Mittleres Baumholz_10,1490.2,1,not_young,0,0,0,Lostallo,1000_1500
,74163.0,4.0,Mittleres Baumholz,307.0,FI (7),,subalpine,8.0,1.9,,,1.0,,,2,2,2,2,,,,,,,2002,Mittleres Baumholz_8,1766.3,1,not_young,0,0,0,Lostallo,1500_2000
,74165.0,1.0,Jungwuchs/Dickung,236.0,,,high-montane (main area of silver fir),10.0,0.2,,,,,,3,3,3,3,,,,,,,2003,Jungwuchs/Dickung_10,1382.6,1,young,0,0,0,Lostallo,1000_1500
,74169.0,1.0,Jungwuchs/Dickung,149.0,,,high-montane (main area of silver fir),10.0,0.4,,,1.0,,,2,2,2,2,,,,,,,2004,Jungwuchs/Dickung_10,1380.4,1,young,0,0,0,Lostallo,1000_1500
,74191.0,3.0,Schwaches Baumholz,197.0,,,colline,3.0,1.7,,,1.0,,,2,2,2,2,,,,,,,2005,Schwaches Baumholz_3,584.6,0,not_young,0,0,0,Lostallo,500_1000
,74192.0,3.0,Schwaches Baumholz,102.0,,,colline,3.0,1.0,,,1.0,,,2,2,2,2,,,,,,,2006,Schwaches Baumholz_3,456.0,0,not_young,0,0,0,Lostallo,300_500
,74193.0,3.0,Schwaches Baumholz,153.0,,,colline,3.0,0.6,,,,,,3,3,3,3,,,,,,,2007,Schwaches Baumholz_3,508.4,0,not_young,0,0,0,Lostallo,500_1000
,74194.0,2.0,Stangenholz,76.0,,,colline,3.0,0.4,,,,,,3,3,3,3,,,,,,,2008,Stangenholz_3,565.7,0,not_young,0,0,0,Lostallo,500_1000
,74195.0,3.0,Schwaches Baumholz,176.0,,,high-montane (main area of silver fir),10.0,3.5,,,1.0,,,2,2,2,2,,,,,,,2009,Schwaches Baumholz_10,807.5,0,not_young,0,0,0,Lostallo,500_1000
,74196.0,3.0,Schwaches Baumholz,205.0,FI (5),,colline with beech,2.0,2.3,,,1.0,,,2,2,2,2,,,,,,,2010,Schwaches Baumholz_2,725.7999999999998,0,not_young,0,0,0,Lostallo,500_1000
,74197.0,4.0,Mittleres Baumholz,86.0,,,colline,3.0,0.2,,,1.0,,,2,2,2,2,,,,,,,2011,Mittleres Baumholz_3,430.5,0,not_young,0,0,0,Lostallo,300_500
,74198.0,4.0,Mittleres Baumholz,246.0,FI (8) / TA (1),,high-montane (main area of silver fir),10.0,1.6,,,1.0,1.0,,2,2,8,8,,,,,,,2012,Mittleres Baumholz_10,976.3,0,not_young,1,0,0,Lostallo,500_1000
,74200.0,2.0,Stangenholz,86.0,,,colline,3.0,1.0,,,1.0,,,2,2,2,2,,,,,,,2013,Stangenholz_3,549.1,0,not_young,0,0,0,Lostallo,500_1000
,74201.0,2.0,Stangenholz,79.0,,,colline,3.0,1.8,,,,,,3,3,3,3,,,,,,,2014,Stangenholz_3,567.3,0,not_young,0,0,0,Lostallo,500_1000
,74208.0,4.0,Mittleres Baumholz,402.0,FI (5) / TA (4),,high-montane (main area of silver fir),10.0,1.7,,,1.0,,,2,2,2,2,,,,,,,2015,Mittleres Baumholz_10,1321.7,1,not_young,0,0,1,Lostallo,1000_1500
,74209.0,4.0,Mittleres Baumholz,341.0,FI (4) / TA (4),,lower/upper montane,7.0,0.6,,,1.0,,,2,2,2,2,,,,,,,2016,Mittleres Baumholz_7,1231.1,1,not_young,0,0,1,Lostallo,1000_1500
,74210.0,4.0,Mittleres Baumholz,228.0,BU (7),,lower/upper montane,7.0,2.0,,,1.0,,,2,2,2,2,,,,,,,2017,Mittleres Baumholz_7,941.1,0,not_young,0,0,1,Lostallo,500_1000
,74211.0,5.0,Starkes Baumholz,535.0,FI (2) / TA (7),,lower/upper montane,7.0,0.3,,,1.0,,,2,2,2,2,,,,,,,2018,Starkes Baumholz_7,1121.9,1,not_young,0,0,1,Lostallo,1000_1500
,74212.0,3.0,Schwaches Baumholz,207.0,BU (2),,colline with beech,2.0,1.0,,,1.0,,,2,2,2,2,,,,,,,2019,Schwaches Baumholz_2,792.8999999999999,0,not_young,0,0,1,Lostallo,500_1000
,74213.0,2.0,Stangenholz,160.0,,,high-montane (main area of silver fir),10.0,0.9,,,1.0,,,2,2,2,2,,,,,,,2020,Stangenholz_10,911.0,0,not_young,0,0,1,Lostallo,500_1000
,74214.0,4.0,Mittleres Baumholz,281.0,BU (4),,high-montane (main area of silver fir),10.0,0.4,,,1.0,,,2,2,2,2,,,,,,,2021,Mittleres Baumholz_10,1042.0,1,not_young,0,0,1,Lostallo,1000_1500
,74215.0,4.0,Mittleres Baumholz,384.0,FI (1) / LA (8) / TA (1),,high-montane (main area of silver fir),10.0,2.8,,,1.0,,,2,2,2,2,,,,,,,2022,Mittleres Baumholz_10,1591.0,1,not_young,0,0,1,Lostallo,1500_2000
,74216.0,3.0,Schwaches Baumholz,237.0,FI (4) / LA (4) / TA (1),,high-montane (main area of silver fir),10.0,1.3,,,1.0,,,2,2,2,2,,,,,,,2023,Schwaches Baumholz_10,1381.8,1,not_young,0,0,1,Lostallo,1000_1500
,74217.0,4.0,Mittleres Baumholz,468.0,FI (5) / LA (1) / TA (4),,high-montane (main area of silver fir),10.0,2.5,,,1.0,,,2,2,2,2,,,,,,,2024,Mittleres Baumholz_10,1465.6,1,not_young,0,0,1,Lostallo,1000_1500
,74218.0,4.0,Mittleres Baumholz,171.0,AER (1) / LA (9),,subalpine,8.0,1.2,,,1.0,,,2,2,2,2,,,,,,,2025,Mittleres Baumholz_8,1667.3,1,not_young,0,0,1,Lostallo,1500_2000
,74222.0,2.0,Stangenholz,76.0,,,high-montane (main area of silver fir),10.0,4.8,,,,,1.0,3,3,3,3,,,,0.0,,,2026,Stangenholz_10,1482.7,1,not_young,0,0,0,Lostallo,1000_1500
,74223.0,4.0,Mittleres Baumholz,162.0,FI (1) / LA (5) / TA (1),,high-montane (main area of silver fir),10.0,1.4,,,,,,3,3,3,3,,,,,,,2027,Mittleres Baumholz_10,1511.8,1,not_young,0,0,0,Lostallo,1500_2000
,74225.0,3.0,Schwaches Baumholz,69.0,,,high-montane (main area of silver fir),10.0,0.7,,,,,,3,3,3,3,,,,,,,2028,Schwaches Baumholz_10,1511.2,1,not_young,0,0,0,Lostallo,1500_2000
,74230.0,4.0,Mittleres Baumholz,163.0,AER (2) / FI (1) / LA (7),,subalpine,8.0,1.5,,,1.0,,,2,2,2,2,,,,,,,2029,Mittleres Baumholz_8,1762.9,1,not_young,0,0,0,Lostallo,1500_2000
,74231.0,3.0,Schwaches Baumholz,132.0,LA (10),,subalpine,8.0,0.6,,,,,,3,3,3,3,,,,,,,2030,Schwaches Baumholz_8,1881.7,1,not_young,0,0,0,Lostallo,1500_2000
,74232.0,4.0,Mittleres Baumholz,219.0,BU (4) / FI (1) / TA (1),,high-montane (main area of silver fir),10.0,1.3,,,1.0,,,2,2,2,2,,,,,,,2031,Mittleres Baumholz_10,1621.0,1,not_young,0,0,0,Lostallo,1500_2000
,74233.0,2.0,Stangenholz,162.0,AER (2),,high-montane (main area of silver fir),10.0,0.4,,,1.0,,,2,2,2,2,,,,,,,2032,Stangenholz_10,1559.5,1,not_young,0,0,0,Lostallo,1500_2000
,74234.0,2.0,Stangenholz,98.0,BU (2) / FI (1),,high-montane (main area of silver fir),10.0,0.3,,,1.0,,,2,2,2,2,,,,,,,2033,Stangenholz_10,1495.7,1,not_young,0,0,0,Lostallo,1000_1500
,74235.0,4.0,Mittleres Baumholz,418.0,FI (3) / LA (6) / TA (1),,high-montane (main area of silver fir),10.0,1.8,,,1.0,,,2,2,2,2,,,,,,,2034,Mittleres Baumholz_10,1536.2,1,not_young,0,0,0,Lostallo,1500_2000
,74236.0,2.0,Stangenholz,308.0,,,lower/upper montane,7.0,0.2,,,1.0,,,2,2,2,2,,,,,,,2035,Stangenholz_7,1313.7,1,not_young,0,0,0,Lostallo,1000_1500
,74237.0,3.0,Schwaches Baumholz,136.0,BU (2) / FI (2) / TA (1),,lower/upper montane,7.0,0.2,,,1.0,,,2,2,2,2,,,,,,,2036,Schwaches Baumholz_7,1087.3,1,not_young,0,0,0,Lostallo,1000_1500
,74241.0,4.0,Mittleres Baumholz,398.0,FI (3) / LA (6),,high-montane (main area of silver fir),10.0,1.4,,,1.0,,,2,2,2,2,,,,,,,2037,Mittleres Baumholz_10,1631.0,1,not_young,0,0,0,Lostallo,1500_2000
,74242.0,4.0,Mittleres Baumholz,295.0,FI (9),,high-montane (main area of silver fir),10.0,1.6,,,1.0,,,2,2,2,2,,,,,,,2038,Mittleres Baumholz_10,1511.9,1,not_young,0,0,1,Lostallo,1500_2000
,74243.0,3.0,Schwaches Baumholz,142.0,TEI (7) / KA (1) / MBE (1) / LI (1),,colline,3.0,7.0,,,1.0,,,2,2,2,2,,,,,,,2039,Schwaches Baumholz_3,790.3999999999999,0,not_young,0,0,1,Lostallo,500_1000
,74244.0,3.0,Schwaches Baumholz,214.0,BAH (1) / BU (e) / TEI (7) / ES (e) / KA (e) / BI (1) / KI (e) / MBE (1) / LI (e),,lower/upper montane,7.0,3.6,,,1.0,,,2,2,2,2,,,,,,,2040,Schwaches Baumholz_7,1183.8,1,not_young,0,0,1,Lostallo,1000_1500
,74250.0,3.0,Schwaches Baumholz,347.0,BAH (e) / TEI (1) / ES (2) / KA (2) / KI (1) / LI (4),,colline,3.0,0.9,,,1.0,,,2,2,2,2,,,,,,,2041,Schwaches Baumholz_3,867.0,0,not_young,0,0,1,Lostallo,500_1000
,74251.0,2.0,Stangenholz,283.0,TEI (6) / KA (3) / LI (1),,colline,3.0,1.3,,,1.0,,,2,2,2,2,,,,,,,2042,Stangenholz_3,842.6,0,not_young,0,0,1,Lostallo,500_1000
,74252.0,3.0,Schwaches Baumholz,167.0,TEI (7) / KA (1) / MBE (1) / LI (1),,colline,3.0,2.5,,,1.0,,,2,2,2,2,,,,,,,2043,Schwaches Baumholz_3,734.5,0,not_young,0,0,1,Lostallo,500_1000
,74253.0,4.0,Mittleres Baumholz,161.0,BAH (e) / TEI (2) / SER (1) / ES (2) / KA (2) / BI (e) / OST (e) / MBE (1) / LI (2) / BUL (e),BAH (1) / TEI (2) / SER (e) / ES (2) / KA (2) / MBE (e) / LI (3),colline,3.0,0.2,,,1.0,,,2,2,2,2,,,,,,,2044,Mittleres Baumholz_3,823.7999999999998,0,not_young,0,0,1,Lostallo,500_1000
,74255.0,5.0,Starkes Baumholz,263.0,FI (1) / LA (8),,lower/upper montane,7.0,0.4,,,1.0,1.0,,2,2,8,8,,,,,,,2045,Starkes Baumholz_7,1344.4,1,not_young,0,0,0,Lostallo,1000_1500
,74256.0,2.0,Stangenholz,148.0,FI (4),,high-montane (main area of silver fir),10.0,2.2,,,1.0,,,2,2,2,2,,,,,,,2046,Stangenholz_10,1568.4,1,not_young,0,0,0,Lostallo,1500_2000
,74257.0,4.0,Mittleres Baumholz,278.0,FI (6) / LA (2) / TA (1),,subalpine,8.0,1.9,,,1.0,,,2,2,2,2,,,,,,,2047,Mittleres Baumholz_8,1720.5,1,not_young,0,0,0,Lostallo,1500_2000
,74258.0,2.0,Stangenholz,255.0,FI (8),,high-montane (main area of silver fir),10.0,1.6,,,1.0,,,2,2,2,2,,,,,,,2048,Stangenholz_10,1489.2,1,not_young,0,0,0,Lostallo,1000_1500
,74260.0,4.0,Mittleres Baumholz,455.0,FI (9) / TA (1),,lower/upper montane,7.0,0.9,,,1.0,1.0,,2,2,8,8,,,,,,,2049,Mittleres Baumholz_7,1320.0,1,not_young,0,0,0,Lostallo,1000_1500
,74262.0,1.0,Jungwuchs/Dickung,245.0,,,high-montane (main area of silver fir),10.0,0.5,,,1.0,,,2,2,2,2,,,,,,,2050,Jungwuchs/Dickung_10,1477.0,1,young,0,0,0,Lostallo,1000_1500
,74264.0,4.0,Mittleres Baumholz,400.0,FI (4) / LA (6),,subalpine,8.0,1.9,,,1.0,,,2,2,2,2,,,,,,,2051,Mittleres Baumholz_8,1718.4,1,not_young,0,0,1,Lostallo,1500_2000
,74267.0,4.0,Mittleres Baumholz,229.0,AER (2) / FI (2) / LA (6),,upper subalpine,9.0,0.5,,,,,,3,3,3,3,,,,,,,2052,Mittleres Baumholz_9,1937.7,1,not_young,0,0,0,Lostallo,1500_2000
,74270.0,2.0,Stangenholz,215.0,FI (2),,high-montane (main area of silver fir),10.0,1.5,,,1.0,,,2,2,2,2,,,,,,,2053,Stangenholz_10,1559.0,1,not_young,0,0,1,Lostallo,1500_2000
,74271.0,3.0,Schwaches Baumholz,202.0,FI (6) / LA (1) / TA (1),,high-montane (main area of silver fir),10.0,2.3,,,1.0,,,2,2,2,2,,,,,,,2054,Schwaches Baumholz_10,1287.1,1,not_young,0,0,1,Lostallo,1000_1500
,74272.0,4.0,Mittleres Baumholz,302.0,BU (7),,lower/upper montane,7.0,0.7,,,1.0,,,2,2,2,2,,,,,,,2055,Mittleres Baumholz_7,1378.6,1,not_young,0,0,1,Lostallo,1000_1500
,74273.0,2.0,Stangenholz,237.0,BU (2) / FI (1),,high-montane (main area of silver fir),10.0,1.0,,,1.0,,,2,2,2,2,,,,,,,2056,Stangenholz_10,1486.3,1,not_young,0,0,1,Lostallo,1000_1500
,74274.0,4.0,Mittleres Baumholz,374.0,LA (9),,high-montane (main area of silver fir),10.0,2.6,,,1.0,,,2,2,2,2,,,,,,,2057,Mittleres Baumholz_10,1601.5,1,not_young,0,0,1,Lostallo,1500_2000
,74275.0,3.0,Schwaches Baumholz,139.0,BAH (e) / BU (3) / FI (3) / LA (e) / WEI (e) / VBE (e) / TA (4),BAH (e) / BU (1) / ES (e) / FI (1) / BI (8) / VBE (e),high-montane (main area of silver fir),10.0,5.8,,,1.0,1.0,,2,2,8,8,,,,,,,2058,Schwaches Baumholz_10,1278.4,1,not_young,1,0,0,Lostallo,1000_1500
,74277.0,2.0,Stangenholz,293.0,BAH (1) / BU (1) / ES (e) / FI (1) / BI (1) / WEI (2) / LAB (e) / TA (4),,lower/upper montane,7.0,1.5,,,1.0,1.0,,2,2,8,8,,,,,,,2059,Stangenholz_7,1361.4,1,not_young,1,0,0,Lostallo,1000_1500
,74278.0,5.0,Starkes Baumholz,440.0,BU (5) / FI (3) / TA (2),FI (4) / LA (6),lower/upper montane,7.0,1.4,,,1.0,1.0,,2,2,8,8,,,,,,,2060,Starkes Baumholz_7,1276.4,1,not_young,1,0,0,Lostallo,1000_1500
,74279.0,4.0,Mittleres Baumholz,470.0,BAH (e) / BU (2) / ES (e) / FI (5) / LA (e) / BI (e) / VBE (e) / TA (3),BU (4) / FI (3) / TA (3),lower/upper montane,7.0,4.5,,,1.0,1.0,,2,2,8,8,,,,,,,2061,Mittleres Baumholz_7,1233.9,1,not_young,1,0,0,Lostallo,1000_1500
,74280.0,4.0,Mittleres Baumholz,378.0,BAH (1) / BU (5) / TEI (e) / FI (2) / BI (e) / LI (1) / TA (1),BU (6) / FI (4) / LI (e) / TA (e),lower/upper montane,7.0,4.1,,,1.0,1.0,,2,2,8,8,,,,,,,2062,Mittleres Baumholz_7,1171.5,1,not_young,1,0,0,Lostallo,1000_1500
,74281.0,5.0,Starkes Baumholz,423.0,BU (e) / FI (8) / LA (e) / TA (2),BU (1) / FI (6) / BI (3) / LAB (e),lower/upper montane,7.0,0.7,,,1.0,1.0,,2,2,8,8,,,,,,,2063,Starkes Baumholz_7,1333.2,1,not_young,1,0,0,Lostallo,1000_1500
,74282.0,1.0,Jungwuchs/Dickung,215.0,,BU (e) / FI (3) / BI (7) / VBE (e) / LAB (e) / TA (e),lower/upper montane,7.0,0.6,,,1.0,1.0,,2,2,8,8,,,,,,,2064,Jungwuchs/Dickung_7,1346.2,1,young,1,0,0,Lostallo,1000_1500
,74283.0,1.0,Jungwuchs/Dickung,129.0,,WER (10) / BI (e) / WEI (e),lower/upper montane,7.0,0.2,,,1.0,1.0,,2,2,8,8,,,,,,,2065,Jungwuchs/Dickung_7,1148.5,1,young,1,0,0,Lostallo,1000_1500
,74286.0,5.0,Starkes Baumholz,471.0,BAH (e) / BU (3) / ES (1) / FI (2) / BI (1) / AS (1) / TA (2),BAH (1) / BU (4) / ES (e) / FI (3) / BI (1) / AS (e) / TA (1),high-montane (main area of silver fir),10.0,2.2,,,1.0,1.0,,2,2,8,8,,,,,,,2066,Starkes Baumholz_10,968.9,0,not_young,1,0,0,Lostallo,500_1000
,74287.0,4.0,Mittleres Baumholz,545.0,BAH (2) / BU (2) / ES (1) / FI (3) / BI (e) / TA (2),BAH (1) / BU (2) / ES (e) / FI (7) / BI (e),high-montane (main area of silver fir),10.0,1.5,,,1.0,1.0,,2,2,8,8,,,,,,,2067,Mittleres Baumholz_10,988.1,0,not_young,1,0,0,Lostallo,500_1000
,74288.0,5.0,Starkes Baumholz,308.0,FI (5) / TA (5),,high-montane (main area of silver fir),10.0,0.9,,,1.0,,,2,2,2,2,,,,,,,2068,Starkes Baumholz_10,826.7,0,not_young,0,0,0,Lostallo,500_1000
,74289.0,3.0,Schwaches Baumholz,539.0,BU (10) / FI (e) / AS (e) / TA (e),,high-montane (main area of silver fir),10.0,2.5,,,1.0,1.0,,2,2,8,8,,,,,,,2069,Schwaches Baumholz_10,1042.5,1,not_young,1,0,0,Lostallo,1000_1500
,74290.0,4.0,Mittleres Baumholz,484.0,FI (9) / LA (1) / TA (e),,subalpine,8.0,2.9,,,1.0,1.0,,2,2,8,8,,,,,,,2070,Mittleres Baumholz_8,1675.3,1,not_young,0,0,0,Lostallo,1500_2000
,74292.0,4.0,Mittleres Baumholz,521.0,FI (8) / LA (2) / TA (e),FI (10),high-montane (main area of silver fir),10.0,1.3,,,1.0,1.0,,2,2,8,8,,,,,,,2071,Mittleres Baumholz_10,1506.9,1,not_young,1,0,0,Lostallo,1500_2000
,74293.0,5.0,Starkes Baumholz,572.0,FI (9) / LA (1) / TA (e),FI (10),high-montane (main area of silver fir),10.0,1.7,,,1.0,1.0,,2,2,8,8,,,,,,,2072,Starkes Baumholz_10,1474.1,1,not_young,0,0,0,Lostallo,1000_1500
,74294.0,5.0,Starkes Baumholz,524.0,FI (8) / LA (2) / TA (e),,high-montane (main area of silver fir),10.0,1.2,,,1.0,1.0,,2,2,8,8,,,,,,,2073,Starkes Baumholz_10,1290.1,1,not_young,0,0,0,Lostallo,1000_1500
,74295.0,5.0,Starkes Baumholz,569.0,FI (8) / LA (1) / TA (1),FI (10) / TA (e),high-montane (main area of silver fir),10.0,5.8,,,1.0,1.0,,2,2,8,8,,,,,,,2074,Starkes Baumholz_10,1388.0,1,not_young,1,0,0,Lostallo,1000_1500
,74296.0,5.0,Starkes Baumholz,546.0,FI (8) / LA (2) / TA (e),,high-montane (main area of silver fir),10.0,2.8,,,1.0,1.0,,2,2,8,8,,,,,,,2075,Starkes Baumholz_10,1456.1,1,not_young,0,0,0,Lostallo,1000_1500
,74297.0,5.0,Starkes Baumholz,596.0,FI (5) / LA (4) / TA (1),FI (10),high-montane (main area of silver fir),10.0,2.6,,,1.0,1.0,,2,2,8,8,,,,,,,2076,Starkes Baumholz_10,1526.3,1,not_young,0,0,0,Lostallo,1500_2000
,74298.0,4.0,Mittleres Baumholz,481.0,FI (8) / LA (1) / TA (1),,high-montane (main area of silver fir),10.0,2.0,,,1.0,1.0,,2,2,8,8,,,,,,,2077,Mittleres Baumholz_10,1338.2,1,not_young,0,0,0,Lostallo,1000_1500
,74300.0,3.0,Schwaches Baumholz,511.0,FI (9) / LA (1) / TA (e),,high-montane (main area of silver fir),10.0,1.7,,,1.0,1.0,,2,2,8,8,,,,,,,2078,Schwaches Baumholz_10,1312.3,1,not_young,0,0,0,Lostallo,1000_1500
,74301.0,4.0,Mittleres Baumholz,404.0,BAH (e) / FI (6) / WEI (e) / TA (4),BAH (e) / FI (9) / WEI (e) / TA (1),high-montane (main area of silver fir),10.0,0.9,,,1.0,1.0,,2,2,8,8,,,,,,,2079,Mittleres Baumholz_10,1301.0,1,not_young,0,0,0,Lostallo,1000_1500
,74302.0,2.0,Stangenholz,303.0,BAH (e) / FI (6) / LA (e) / WEI (2) / TA (2),,high-montane (main area of silver fir),10.0,0.9,,,1.0,1.0,,2,2,8,8,,,,,,,2080,Stangenholz_10,1341.9,1,not_young,0,0,0,Lostallo,1000_1500
,74304.0,5.0,Starkes Baumholz,310.0,BAH (1) / BU (1) / FI (5) / LA (1) / VBE (e) / LAB (e) / TA (2),BU (1) / FI (7) / BI (1) / VBE (1) / LAB (e),high-montane (main area of silver fir),10.0,1.4,,,1.0,1.0,,2,2,8,8,,,,,,,2081,Starkes Baumholz_10,1437.2,1,not_young,1,0,0,Lostallo,1000_1500
,74306.0,5.0,Starkes Baumholz,498.0,FI (9) / LA (1) / TA (e),FI (10) / LA (e) / TA (e),high-montane (main area of silver fir),10.0,2.3,,,1.0,1.0,,2,2,8,8,,,,,,,2082,Starkes Baumholz_10,1461.4,1,not_young,1,0,0,Lostallo,1000_1500
,74307.0,2.0,Stangenholz,77.0,FI (8) / LA (2),,-,5.0,0.6,,,1.0,,,2,2,2,2,,,,,,,2083,Stangenholz_5,2200.9,1,not_young,0,0,0,Lostallo,2000_2500
,74308.0,2.0,Stangenholz,227.0,,,upper subalpine,9.0,1.6,,,1.0,,,2,2,2,2,,,,,,,2084,Stangenholz_9,1841.2,1,not_young,0,0,0,Lostallo,1500_2000
,74309.0,3.0,Schwaches Baumholz,145.0,FI (8) / LA (2),,-,5.0,0.2,,,1.0,,,2,2,2,2,,,,,,,2085,Schwaches Baumholz_5,2143.3,1,not_young,0,0,0,Lostallo,2000_2500
,74310.0,3.0,Schwaches Baumholz,88.0,FI (8) / LA (2),,-,5.0,0.2,,,,,,3,3,3,3,,,,,,,2086,Schwaches Baumholz_5,2240.6,1,not_young,0,0,0,Lostallo,2000_2500
,74312.0,3.0,Schwaches Baumholz,229.0,AER (2) / FI (6) / LA (2),,upper subalpine,9.0,0.3,,,1.0,,,2,2,2,2,,,,,,,2087,Schwaches Baumholz_9,1951.3,1,not_young,0,0,0,Lostallo,1500_2000
,74313.0,3.0,Schwaches Baumholz,172.0,FI (7) / LA (3),,-,5.0,0.7,,,1.0,,,2,2,2,2,,,,,,,2088,Schwaches Baumholz_5,2033.0,1,not_young,0,0,0,Lostallo,2000_2500
,74314.0,4.0,Mittleres Baumholz,236.0,FI (5) / LA (4) / TA (1),,upper subalpine,9.0,0.9,,,1.0,,,2,2,2,2,,,,,,,2089,Mittleres Baumholz_9,1970.7,1,not_young,0,0,0,Lostallo,1500_2000
,74315.0,4.0,Mittleres Baumholz,348.0,FI (7) / LA (2) / TA (1),,upper subalpine,9.0,2.0,,,1.0,,,2,2,2,2,,,,,,,2090,Mittleres Baumholz_9,1960.1,1,not_young,0,0,0,Lostallo,1500_2000
,74316.0,4.0,Mittleres Baumholz,466.0,BAH (e) / FI (10) / LA (e),,subalpine,8.0,0.6,,,1.0,1.0,,2,2,8,8,,,,,,,2091,Mittleres Baumholz_8,1624.3,1,not_young,0,0,0,Lostallo,1500_2000
,74317.0,4.0,Mittleres Baumholz,423.0,FI (9) / TA (1),,lower/upper montane,7.0,2.3,,,1.0,1.0,1.0,2,2,8,8,,,,0.0,,,2092,Mittleres Baumholz_7,1319.6,1,not_young,0,0,0,Lostallo,1000_1500
,74318.0,3.0,Schwaches Baumholz,397.0,FI (9) / LA (1),,subalpine,8.0,1.6,,,1.0,1.0,,2,2,8,8,,,,,,,2093,Schwaches Baumholz_8,1713.9,1,not_young,0,0,0,Lostallo,1500_2000
,74320.0,2.0,Stangenholz,167.0,BAH (2) / FI (2) / LA (2) / BI (2) / VBE (2),BAH (1) / AER (5) / FI (1) / LA (1) / BI (1) / VBE (1),subalpine,8.0,1.2,,,1.0,1.0,,2,2,8,8,,,,,,,2094,Stangenholz_8,1655.6,1,not_young,1,0,0,Lostallo,1500_2000
,74322.0,3.0,Schwaches Baumholz,405.0,BAH (e) / FI (9) / LA (1) / VBE (e) / TA (e),BAH (e) / FI (8) / LA (2) / VBE (e) / TA (e),subalpine,8.0,2.1,,,1.0,1.0,,2,2,8,8,,,,,,,2095,Schwaches Baumholz_8,1666.4,1,not_young,0,0,0,Lostallo,1500_2000
,74325.0,4.0,Mittleres Baumholz,513.0,FI (7) / TA (3),,high-montane (main area of silver fir),10.0,0.3,,,1.0,1.0,,2,2,8,8,,,,,,,2096,Mittleres Baumholz_10,1514.6,1,not_young,1,0,0,Lostallo,1500_2000
,74326.0,1.0,Jungwuchs/Dickung,416.0,FI (1) / LA (4) / BI (5),FI (1) / LA (4) / BI (5) / TA (e),high-montane (main area of silver fir),10.0,0.3,,,1.0,1.0,,2,2,8,8,,,,,,,2097,Jungwuchs/Dickung_10,1498.7,1,young,1,0,0,Lostallo,1000_1500
,74327.0,5.0,Starkes Baumholz,471.0,FI (9) / LA (1) / TA (e),FI (3) / LA (6) / TA (1),high-montane (main area of silver fir),10.0,0.8,,,1.0,1.0,,2,2,8,8,,,,,,,2098,Starkes Baumholz_10,1548.5,1,not_young,1,0,0,Lostallo,1500_2000
,74328.0,4.0,Mittleres Baumholz,383.0,BAH (e) / BU (e) / FI (9) / LA (1) / VBE (e) / LAB (e),,high-montane (main area of silver fir),10.0,0.9,,,1.0,1.0,,2,2,8,8,,,,,,,2099,Mittleres Baumholz_10,1638.3,1,not_young,1,0,0,Lostallo,1500_2000
,74331.0,4.0,Mittleres Baumholz,430.0,FI (7) / LA (3),,high-montane (main area of silver fir),10.0,0.4,,,,,,3,3,3,3,,,,,,,2100,Mittleres Baumholz_10,1401.9,1,not_young,0,0,0,Lostallo,1000_1500
,74334.0,2.0,Stangenholz,198.0,FI (2) / LA (6),,high-montane (main area of silver fir),10.0,0.5,,,,,,3,3,3,3,,,,,,,2101,Stangenholz_10,1428.3,1,not_young,0,0,0,Lostallo,1000_1500
,74335.0,2.0,Stangenholz,266.0,FI (7) / LA (3),,high-montane (main area of silver fir),10.0,0.2,,,,,,3,3,3,3,,,,,,,2102,Stangenholz_10,1399.0,1,not_young,0,0,0,Lostallo,1000_1500
,74337.0,4.0,Mittleres Baumholz,286.0,FI (3) / LA (7),,high-montane (main area of silver fir),10.0,0.4,,,,,,3,3,3,3,,,,,,,2103,Mittleres Baumholz_10,1400.0,1,not_young,0,0,0,Lostallo,1000_1500
,74338.0,1.0,Jungwuchs/Dickung,89.0,FI (2) / LA (6),,high-montane (main area of silver fir),10.0,1.6,,,,,,3,3,3,3,,,,,,,2104,Jungwuchs/Dickung_10,1414.5,1,young,0,0,0,Lostallo,1000_1500
,74345.0,3.0,Schwaches Baumholz,165.0,AER (2) / FI (2) / LA (6),,upper subalpine,9.0,0.7,,,1.0,,,2,2,2,2,,,,,,,2105,Schwaches Baumholz_9,1993.6,1,not_young,0,0,0,Lostallo,1500_2000
,74346.0,2.0,Stangenholz,102.0,FI (6) / LA (4),,-,5.0,0.9,,,,,,3,3,3,3,,,,,,,2106,Stangenholz_5,2108.1,1,not_young,0,0,0,Lostallo,2000_2500
,74348.0,3.0,Schwaches Baumholz,136.0,AER (4) / FI (4) / LA (2),,subalpine,8.0,2.5,,,1.0,,,2,2,2,2,,,,,,,2107,Schwaches Baumholz_8,1838.6,1,not_young,0,0,0,Lostallo,1500_2000
,74353.0,2.0,Stangenholz,77.0,AER (2) / LA (8),,-,5.0,0.4,,,,,,3,3,3,3,,,,,,,2108,Stangenholz_5,2166.3,1,not_young,0,0,0,Lostallo,2000_2500
,74355.0,2.0,Stangenholz,55.0,LA (10),,-,5.0,0.3,,,,,,3,3,3,3,,,,,,,2109,Stangenholz_5,2085.3,1,not_young,0,0,0,Lostallo,2000_2500
,74356.0,4.0,Mittleres Baumholz,136.0,AER (1) / FI (7) / LA (2),,upper subalpine,9.0,1.3,,,1.0,,,2,2,2,2,,,,,,,2110,Mittleres Baumholz_9,1976.3,1,not_young,0,0,0,Lostallo,1500_2000
,74378.0,4.0,Mittleres Baumholz,128.0,,,colline,3.0,0.5,,,,,,3,3,3,3,,,,,,,2111,Mittleres Baumholz_3,431.6,0,not_young,0,0,0,Lostallo,300_500
,74379.0,3.0,Schwaches Baumholz,164.0,,,colline,3.0,2.2,,,1.0,,,2,2,2,2,,,,,,,2112,Schwaches Baumholz_3,453.6,0,not_young,0,0,0,Lostallo,300_500
,74380.0,3.0,Schwaches Baumholz,115.0,TA (1),,colline,3.0,1.5,,,,,,3,3,3,3,,,,,,,2113,Schwaches Baumholz_3,744.7,0,not_young,0,0,0,Lostallo,500_1000
,74381.0,4.0,Mittleres Baumholz,283.0,FI (7) / TA (1),,lower/upper montane,7.0,0.9,,,1.0,,,2,2,2,2,,,,,,,2114,Mittleres Baumholz_7,905.1,0,not_young,0,0,0,Lostallo,500_1000
,74382.0,2.0,Stangenholz,218.0,FI (1) / TA (1),,lower/upper montane,7.0,1.9,,,1.0,,1.0,2,2,2,8,,,,1.0,,,2115,Stangenholz_7,1254.5,1,not_young,1,0,0,Lostallo,1000_1500
,74383.0,3.0,Schwaches Baumholz,251.0,FI (1) / TA (1),,high-montane (main area of silver fir),10.0,1.6,,,1.0,,1.0,2,2,2,2,,,,0.0,,,2116,Schwaches Baumholz_10,1139.8,1,not_young,0,0,0,Lostallo,1000_1500
,74384.0,4.0,Mittleres Baumholz,130.0,FI (5) / TA (5),,high-montane (main area of silver fir),10.0,0.4,,,1.0,,,2,2,2,2,,,,,,,2117,Mittleres Baumholz_10,868.0,0,not_young,0,0,0,Lostallo,500_1000
,74385.0,3.0,Schwaches Baumholz,166.0,FI (1) / TA (1),,colline,3.0,1.0,,,1.0,,,2,2,2,2,,,,,,,2118,Schwaches Baumholz_3,742.1,0,not_young,0,0,0,Lostallo,500_1000
,74386.0,2.0,Stangenholz,68.0,,,high-montane (main area of silver fir),10.0,0.8,,,1.0,,,2,2,2,2,,,,,,,2119,Stangenholz_10,850.5,0,not_young,0,0,0,Lostallo,500_1000
,74387.0,2.0,Stangenholz,189.0,BU (2),,high-montane (main area of silver fir),10.0,2.5,,,1.0,,,2,2,2,2,,,,,,,2120,Stangenholz_10,960.3,0,not_young,0,0,0,Lostallo,500_1000
,74388.0,4.0,Mittleres Baumholz,436.0,BU (7),,lower/upper montane,7.0,2.6,,,1.0,,1.0,2,2,2,8,,,,1.0,,,2121,Mittleres Baumholz_7,1287.4,1,not_young,1,0,0,Lostallo,1000_1500
,74390.0,4.0,Mittleres Baumholz,425.0,BU (2) / FI (4) / TA (4),,lower/upper montane,7.0,2.3,,,1.0,,1.0,2,2,2,8,,,,1.0,,,2122,Mittleres Baumholz_7,1283.9,1,not_young,1,0,0,Lostallo,1000_1500
,74391.0,4.0,Mittleres Baumholz,343.0,BU (1) / FI (4) / TA (4),,high-montane (main area of silver fir),10.0,2.7,,,1.0,,1.0,2,2,2,2,,,,0.0,,,2123,Mittleres Baumholz_10,1034.1,1,not_young,0,0,0,Lostallo,1000_1500
,74392.0,3.0,Schwaches Baumholz,174.0,LA (9),,subalpine,8.0,2.0,,,1.0,,,2,2,2,2,,,,,,,2124,Schwaches Baumholz_8,1658.5,1,not_young,0,0,1,Lostallo,1500_2000
,74393.0,3.0,Schwaches Baumholz,243.0,FI (3) / LA (5) / TA (1),,lower/upper montane,7.0,3.9,,,1.0,,,2,2,2,2,,,,,,,2125,Schwaches Baumholz_7,1211.1,1,not_young,0,0,1,Lostallo,1000_1500
,74394.0,3.0,Schwaches Baumholz,242.0,FI (2) / LA (6) / TA (1),,high-montane (main area of silver fir),10.0,1.2,,,1.0,,,2,2,2,2,,,,,,,2126,Schwaches Baumholz_10,1487.1,1,not_young,0,0,1,Lostallo,1000_1500
,74395.0,3.0,Schwaches Baumholz,183.0,LA (9),,subalpine,8.0,1.7,,,1.0,,,2,2,2,2,,,,,,,2127,Schwaches Baumholz_8,1837.5,1,not_young,0,0,1,Lostallo,1500_2000
,74397.0,3.0,Schwaches Baumholz,232.0,LA (9),,subalpine,8.0,1.1,,,1.0,,,2,2,2,2,,,,,,,2128,Schwaches Baumholz_8,1795.1,1,not_young,0,0,1,Lostallo,1500_2000
,74398.0,3.0,Schwaches Baumholz,128.0,AER (1) / LA (8),,upper subalpine,9.0,1.0,,,1.0,,,2,2,2,2,,,,,,,2129,Schwaches Baumholz_9,1920.6,1,not_young,0,0,1,Lostallo,1500_2000
,74400.0,3.0,Schwaches Baumholz,271.0,FI (2) / LA (7),,subalpine,8.0,3.4,,,1.0,,,2,2,2,2,,,,,,,2130,Schwaches Baumholz_8,1705.7,1,not_young,0,0,1,Lostallo,1500_2000
,74401.0,3.0,Schwaches Baumholz,279.0,FI (4) / LA (5),,high-montane (main area of silver fir),10.0,1.3,,,1.0,,,2,2,2,2,,,,,,,2131,Schwaches Baumholz_10,1550.8,1,not_young,0,0,1,Lostallo,1500_2000
,74402.0,4.0,Mittleres Baumholz,282.0,FI (6) / LA (2) / TA (1),,high-montane (main area of silver fir),10.0,0.9,,,1.0,,,2,2,2,2,,,,,,,2132,Mittleres Baumholz_10,1343.8,1,not_young,0,0,1,Lostallo,1000_1500
,74405.0,3.0,Schwaches Baumholz,64.0,AER (1) / FI (2) / LA (7),,-,5.0,1.4,,,,,,3,3,3,3,,,,,,,2133,Schwaches Baumholz_5,2027.7,1,not_young,0,0,0,Lostallo,2000_2500
,74409.0,4.0,Mittleres Baumholz,413.0,BU (5) / FI (1) / TA (4),BU (5) / FI (4) / TA (1),high-montane (main area of silver fir),10.0,4.1,,,1.0,1.0,,2,2,8,8,,,,,,,2134,Mittleres Baumholz_10,1132.3,1,not_young,1,0,0,Lostallo,1000_1500
,74411.0,4.0,Mittleres Baumholz,340.0,BU (5),,high-montane (main area of silver fir),10.0,1.5,,,1.0,,,2,2,2,2,,,,,,,2135,Mittleres Baumholz_10,1588.7,1,not_young,0,0,0,Lostallo,1500_2000
,74413.0,4.0,Mittleres Baumholz,224.0,BU (5),,high-montane (main area of silver fir),10.0,0.5,,,1.0,,,2,2,2,2,,,,,,,2136,Mittleres Baumholz_10,1501.1,1,not_young,0,0,0,Lostallo,1500_2000
,74414.0,3.0,Schwaches Baumholz,260.0,BU (1) / FI (6) / TA (1),,high-montane (main area of silver fir),10.0,1.8,,,1.0,,,2,2,2,2,,,,,,,2137,Schwaches Baumholz_10,1360.0,1,not_young,0,0,0,Lostallo,1000_1500
,74415.0,3.0,Schwaches Baumholz,431.0,FI (2) / LA (8),,subalpine,8.0,0.9,,,1.0,,,2,2,2,2,,,,,,,2138,Schwaches Baumholz_8,1673.3,1,not_young,0,0,0,Lostallo,1500_2000
,74417.0,4.0,Mittleres Baumholz,562.0,BU (4) / FI (1) / TA (1),,subalpine,8.0,0.5,,,1.0,,,2,2,2,2,,,,,,,2139,Mittleres Baumholz_8,1680.3,1,not_young,0,0,0,Lostallo,1500_2000
,74420.0,3.0,Schwaches Baumholz,204.0,BU (2) / FI (1),,lower/upper montane,7.0,0.5,,,1.0,,,2,2,2,2,,,,,,,2140,Schwaches Baumholz_7,1336.8,1,not_young,0,0,0,Lostallo,1000_1500
,74421.0,2.0,Stangenholz,79.0,BU (2),,subalpine,8.0,0.4,,,,,,3,3,3,3,,,,,,,2141,Stangenholz_8,1629.6,1,not_young,0,0,0,Lostallo,1500_2000
,74422.0,3.0,Schwaches Baumholz,279.0,BU (1) / FI (4) / LA (4),,high-montane (main area of silver fir),10.0,2.4,,,1.0,,,2,2,2,2,,,,,,,2142,Schwaches Baumholz_10,1628.9,1,not_young,0,0,0,Lostallo,1500_2000
,74423.0,3.0,Schwaches Baumholz,108.0,BU (2) / FI (1),,subalpine,8.0,1.1,,,1.0,,,2,2,2,2,,,,,,,2143,Schwaches Baumholz_8,1634.7,1,not_young,0,0,0,Lostallo,1500_2000
,74424.0,1.0,Jungwuchs/Dickung,146.0,FI (2),,upper subalpine,9.0,0.7,,,1.0,,,2,2,2,2,,,,,,,2144,Jungwuchs/Dickung_9,1836.8,1,young,0,0,0,Lostallo,1500_2000
,74503.0,4.0,Mittleres Baumholz,165.0,,,colline,3.0,1.6,,1.0,,,,3,3,4,4,,,,,,,2145,Mittleres Baumholz_3,414.3,0,not_young,0,0,0,Lostallo,300_500
,74505.0,4.0,Mittleres Baumholz,108.0,,,colline,3.0,0.8,,,,,,3,3,3,3,,,,,,,2146,Mittleres Baumholz_3,451.4,0,not_young,0,0,0,Lostallo,300_500
,74508.0,1.0,Jungwuchs/Dickung,31.0,,,colline,3.0,1.2,,,,,,3,3,3,3,,,,,,,2147,Jungwuchs/Dickung_3,429.3,0,young,0,0,0,Lostallo,300_500
,74510.0,2.0,Stangenholz,153.0,FI (1),,colline,3.0,0.9,,,,,,3,3,3,3,,,,,,,2148,Stangenholz_3,484.0,0,not_young,0,0,0,Lostallo,300_500
,74511.0,3.0,Schwaches Baumholz,230.0,,,colline,3.0,0.8,,,1.0,,,2,2,2,2,,,,,,,2149,Schwaches Baumholz_3,499.1,0,not_young,0,0,1,Lostallo,300_500
,74512.0,4.0,Mittleres Baumholz,210.0,,,colline,3.0,1.0,,1.0,,,,3,3,4,4,,,,,,,2150,Mittleres Baumholz_3,406.8,0,not_young,0,0,0,Lostallo,300_500
,74513.0,2.0,Stangenholz,153.0,,,colline,3.0,0.7,,1.0,1.0,,,2,2,4,4,,,,,,,2151,Stangenholz_3,411.4,0,not_young,0,0,1,Lostallo,300_500
,74515.0,4.0,Mittleres Baumholz,239.0,,,colline,3.0,1.1,,1.0,1.0,,,2,2,4,4,,,,,,,2152,Mittleres Baumholz_3,412.0,0,not_young,0,0,1,Lostallo,300_500
,74516.0,3.0,Schwaches Baumholz,102.0,,,colline,3.0,0.2,,,1.0,,,2,2,2,2,,,,,,,2153,Schwaches Baumholz_3,407.5,0,not_young,0,0,1,Lostallo,300_500
,74517.0,2.0,Stangenholz,95.0,BAH (2) / FI (2) / LA (2) / BI (2) / VBE (2),BAH (1) / AER (5) / FI (1) / LA (1) / BI (1) / VBE (1),colline,3.0,0.6,,,,,,3,3,3,3,,,,,,,2154,Stangenholz_3,459.9,0,not_young,0,0,0,Lostallo,300_500
,74519.0,1.0,Jungwuchs/Dickung,85.0,,TEI (2) / ES (1) / KA (1) / BI (2) / OST (e) / KI (1) / MBE (1) / LI (2),colline,3.0,0.3,,,1.0,,,2,2,2,2,,,,,,,2155,Jungwuchs/Dickung_3,435.7,0,young,0,0,0,Lostallo,300_500
,74520.0,1.0,Jungwuchs/Dickung,94.0,,TEI (2) / ES (1) / KA (1) / BI (2) / OST (e) / KI (1) / MBE (1) / LI (2),colline,3.0,0.4,,,1.0,,,2,2,2,2,,,,,,,2156,Jungwuchs/Dickung_3,434.2,0,young,0,0,0,Lostallo,300_500
,74626.0,4.0,Mittleres Baumholz,228.0,SAH (e) / TEI (e) / ES (e) / KA (3) / LI (7),,colline,3.0,0.4,,,1.0,,,2,2,2,2,,,,,,,2157,Mittleres Baumholz_3,441.5,0,not_young,0,0,1,Lostallo,300_500
,74629.0,4.0,Mittleres Baumholz,248.0,,,colline,3.0,3.5,,,1.0,,,7,7,7,7,,1.0,,,,,2158,Mittleres Baumholz_3,423.2,0,not_young,0,0,0,Lostallo,300_500
,74630.0,4.0,Mittleres Baumholz,151.0,TEI (3) / ES (e) / KA (3) / BI (1) / OST (e) / LI (3),,colline,3.0,1.3,,,1.0,,,2,2,2,2,,,,,,,2159,Mittleres Baumholz_3,691.3,0,not_young,0,0,1,Lostallo,500_1000
,74751.0,2.0,Stangenholz,242.0,,BAH (e) / BU (e) / FI (4) / LA (e) / BI (2) / WEI (2) / VBE (e) / TA (2),high-montane (main area of silver fir),10.0,0.4,,,1.0,1.0,,2,2,8,8,,,,,,,2160,Stangenholz_10,1408.6,1,not_young,1,0,0,Lostallo,1000_1500
,74752.0,3.0,Schwaches Baumholz,457.0,BAH (e) / BU (e) / FI (9) / LAB (e) / TA (1),BU (e) / FI (10) / LAB (e) / TA (e),high-montane (main area of silver fir),10.0,0.9,,,1.0,1.0,,2,2,8,8,,,,,,,2161,Schwaches Baumholz_10,1435.6,1,not_young,1,0,0,Lostallo,1000_1500
,74753.0,2.0,Stangenholz,315.0,FI (9) / BI (1) / TA (e),FI (10),high-montane (main area of silver fir),10.0,1.3,,,1.0,1.0,,2,2,8,8,,,,,,,2162,Stangenholz_10,1431.6,1,not_young,1,0,0,Lostallo,1000_1500
,74754.0,3.0,Schwaches Baumholz,297.0,BAH (e) / BU (e) / ES (e) / FI (9) / BI (e) / TA (1),,high-montane (main area of silver fir),10.0,0.4,,,1.0,1.0,,2,2,8,8,,,,,,,2163,Schwaches Baumholz_10,1115.3,1,not_young,1,0,0,Lostallo,1000_1500
,74755.0,4.0,Mittleres Baumholz,418.0,BU (e) / FI (5) / TA (5),BU (1) / FI (8) / TA (1),lower/upper montane,7.0,0.8,,,1.0,1.0,,2,2,8,8,,,,,,,2164,Mittleres Baumholz_7,1312.6,1,not_young,1,0,0,Lostallo,1000_1500
,74756.0,4.0,Mittleres Baumholz,437.0,BAH (e) / FI (10) / BI (e) / TA (e),BAH (e) / FI (10) / TA (e),high-montane (main area of silver fir),10.0,2.9,,,1.0,1.0,,2,2,8,8,,,,,,,2165,Mittleres Baumholz_10,1190.5,1,not_young,1,0,0,Lostallo,1000_1500
,74757.0,4.0,Mittleres Baumholz,383.0,BU (e) / FI (9) / LA (e) / BI (e) / VBE (e) / TA (1),,lower/upper montane,7.0,1.1,,,1.0,1.0,,2,2,8,8,,,,,,,2166,Mittleres Baumholz_7,1316.4,1,not_young,1,0,0,Lostallo,1000_1500
,74758.0,4.0,Mittleres Baumholz,479.0,FI (7) / TA (3),,high-montane (main area of silver fir),10.0,1.5,,,1.0,1.0,,2,2,8,8,,,,,,,2167,Mittleres Baumholz_10,1421.8,1,not_young,1,0,0,Lostallo,1000_1500
,74759.0,5.0,Starkes Baumholz,508.0,FI (10) / TA (e),FI (10) / TA (e),lower/upper montane,7.0,1.0,,,1.0,1.0,,2,2,8,8,,,,,,,2168,Starkes Baumholz_7,1412.5,1,not_young,1,0,0,Lostallo,1000_1500
,74761.0,5.0,Starkes Baumholz,528.0,FI (9) / TA (1),,high-montane (main area of silver fir),10.0,0.6,,,1.0,1.0,,2,2,8,8,,,,,,,2169,Starkes Baumholz_10,1455.7,1,not_young,1,0,0,Lostallo,1000_1500
,74763.0,5.0,Starkes Baumholz,501.0,FI (9) / LA (1) / TA (e),FI (8) / LA (2) / TA (e),high-montane (main area of silver fir),10.0,2.9,,,1.0,1.0,,2,2,8,8,,,,,,,2170,Starkes Baumholz_10,1566.2,1,not_young,1,0,0,Lostallo,1500_2000
,74764.0,2.0,Stangenholz,210.0,FI (10) / TA (e),,high-montane (main area of silver fir),10.0,0.4,,,1.0,1.0,,2,2,8,8,,,,,,,2171,Stangenholz_10,1249.5,1,not_young,1,0,0,Lostallo,1000_1500
,74765.0,4.0,Mittleres Baumholz,440.0,BU (e) / FI (8) / TA (2),FI (5) / TA (5),lower/upper montane,7.0,3.2,,,1.0,1.0,,2,2,8,8,,,,,,,2172,Mittleres Baumholz_7,1309.5,1,not_young,1,0,0,Lostallo,1000_1500
,74766.0,1.0,Jungwuchs/Dickung,293.0,BAH (1) / BU (2) / FI (4) / BI (e) / TA (3),FI (5) / BI (5),high-montane (main area of silver fir),10.0,1.2,,,1.0,1.0,,2,2,8,8,,,,,,,2173,Jungwuchs/Dickung_10,1128.8,1,young,1,0,0,Lostallo,1000_1500
,74767.0,4.0,Mittleres Baumholz,379.0,BU (1) / FI (7) / TA (2),,high-montane (main area of silver fir),10.0,0.3,,,1.0,1.0,,2,2,8,8,,,,,,,2174,Mittleres Baumholz_10,1069.1,1,not_young,1,0,0,Lostallo,1000_1500
,74872.0,5.0,Starkes Baumholz,475.0,BAH (e) / BU (e) / FI (6) / TA (4),BAH (e) / BU (2) / FI (3) / BI (2) / VBE (e) / LAB (1) / TA (2),high-montane (main area of silver fir),10.0,7.2,,,1.0,1.0,1.0,2,2,8,8,,,,0.0,,,2175,Starkes Baumholz_10,1397.4,1,not_young,1,0,0,Lostallo,1000_1500
,74875.0,4.0,Mittleres Baumholz,472.0,FI (7) / LA (2) / TA (1),,high-montane (main area of silver fir),10.0,2.1,,,1.0,,1.0,2,2,2,8,,,,1.0,,,2176,Mittleres Baumholz_10,1549.2,1,not_young,0,0,0,Lostallo,1500_2000
,74876.0,5.0,Starkes Baumholz,478.0,FI (7) / LA (3) / TA (e),BAH (e) / BU (e) / FI (6) / LA (4) / BI (e) / VBE (e) / LAB (e),high-montane (main area of silver fir),10.0,2.6,,,1.0,1.0,,2,2,8,8,,,,,,,2177,Starkes Baumholz_10,1636.3,1,not_young,0,0,0,Lostallo,1500_2000
,74877.0,5.0,Starkes Baumholz,505.0,BAH (e) / FI (9) / LA (1) / TA (e),FI (9) / LA (1),high-montane (main area of silver fir),10.0,2.3,,,1.0,1.0,,2,2,8,8,,,,,,,2178,Starkes Baumholz_10,1621.9,1,not_young,0,0,0,Lostallo,1500_2000
,74878.0,1.0,Jungwuchs/Dickung,289.0,,BAH (e) / BU (e) / FI (7) / LA (e) / BI (2) / VBE (e) / LAB (1),high-montane (main area of silver fir),10.0,0.4,,,1.0,1.0,,2,2,8,8,,,,,,,2179,Jungwuchs/Dickung_10,1508.3,1,young,0,0,0,Lostallo,1500_2000
,74879.0,3.0,Schwaches Baumholz,402.0,BAH (e) / BU (e) / FI (10) / BI (e),BU (e) / FI (10) / TA (e),high-montane (main area of silver fir),10.0,0.8,,,1.0,1.0,1.0,2,2,8,8,,,,0.0,,,2180,Schwaches Baumholz_10,1502.6,1,not_young,0,0,0,Lostallo,1500_2000
,74881.0,4.0,Mittleres Baumholz,318.0,FI (5) / LA (e) / BI (e) / TA (5),BAH (e) / BU (2) / FI (3) / VBE (e) / LAB (4) / TA (1),high-montane (main area of silver fir),10.0,1.4,,,1.0,1.0,,2,2,8,8,,,,,,,2181,Mittleres Baumholz_10,1408.7,1,not_young,1,0,0,Lostallo,1000_1500
,74882.0,1.0,Jungwuchs/Dickung,364.0,,BAH (e) / BU (e) / FI (7) / LA (e) / BI (2) / VBE (e) / LAB (1),high-montane (main area of silver fir),10.0,0.3,,,1.0,1.0,,2,2,8,8,,,,,,,2182,Jungwuchs/Dickung_10,1487.4,1,young,1,0,0,Lostallo,1000_1500
,75003.0,4.0,Mittleres Baumholz,441.0,BAH (e) / BU (3) / ES (e) / FI (6) / BI (e) / TA (1),BAH (e) / BU (1) / ES (1) / FI (7) / BI (1) / TA (e),high-montane (main area of silver fir),10.0,2.2,,,1.0,1.0,1.0,2,2,8,8,,,,0.0,,,2183,Mittleres Baumholz_10,1384.7,1,not_young,1,0,0,Lostallo,1000_1500
,75006.0,5.0,Starkes Baumholz,483.0,BU (1) / FI (8) / BI (e) / TA (1),,high-montane (main area of silver fir),10.0,3.5,,,1.0,,1.0,2,2,2,8,,,,1.0,,,2184,Starkes Baumholz_10,1374.3,1,not_young,1,0,0,Lostallo,1000_1500
,75007.0,3.0,Schwaches Baumholz,312.0,FI (10),,subalpine,8.0,0.5,,,1.0,,1.0,2,2,2,8,,,,1.0,,,2185,Schwaches Baumholz_8,1594.8,1,not_young,0,0,0,Lostallo,1500_2000
,75008.0,4.0,Mittleres Baumholz,412.0,FI (10) / LA (e),FI (10),high-montane (main area of silver fir),10.0,0.7,,,1.0,,1.0,2,2,2,8,,,,1.0,,,2186,Mittleres Baumholz_10,1534.4,1,not_young,0,0,0,Lostallo,1500_2000
,75009.0,3.0,Schwaches Baumholz,290.0,BAH (2) / BU (1) / FI (3) / LA (1) / BI (1) / WEI (1) / TA (1),BU (e) / FI (9) / LA (1),high-montane (main area of silver fir),10.0,0.5,,,1.0,,1.0,2,2,2,8,,,,1.0,,,2187,Schwaches Baumholz_10,1499.6,1,not_young,0,0,0,Lostallo,1000_1500
,75010.0,4.0,Mittleres Baumholz,324.0,BU (6) / FI (3) / BI (e) / TA (1),BU (6) / FI (4) / TA (e),lower/upper montane,7.0,1.4,,,1.0,,1.0,2,2,2,8,,,,1.0,,,2188,Mittleres Baumholz_7,1270.9,1,not_young,1,0,0,Lostallo,1000_1500
,75012.0,1.0,Jungwuchs/Dickung,287.0,ES (e) / FI (1) / TA (9),BU (e) / FI (10) / LA (e) / BI (e) / LAB (e),lower/upper montane,7.0,0.3,,,1.0,1.0,,2,2,8,8,,,,,,,2189,Jungwuchs/Dickung_7,1248.9,1,young,1,0,0,Lostallo,1000_1500
,75013.0,3.0,Schwaches Baumholz,321.0,BAH (e) / FI (e) / BI (10) / TA (e),,lower/upper montane,7.0,0.5,,,1.0,1.0,,2,2,8,8,,,,,,,2190,Schwaches Baumholz_7,1287.0,1,not_young,1,0,0,Lostallo,1000_1500
,75014.0,3.0,Schwaches Baumholz,440.0,BU (1) / FI (6) / TA (3),BU (2) / FI (8) / TA (e),lower/upper montane,7.0,1.3,,,1.0,1.0,,2,2,8,8,,,,,,,2191,Schwaches Baumholz_7,1282.4,1,not_young,1,0,0,Lostallo,1000_1500
,75015.0,5.0,Starkes Baumholz,487.0,BAH (e) / BU (2) / FI (6) / LAB (e) / TA (2),BU (2) / FI (3) / BI (2) / VBE (e) / LAB (2) / TA (1),lower/upper montane,7.0,2.4,,,1.0,1.0,,2,2,8,8,,,,,,,2192,Starkes Baumholz_7,1330.0,1,not_young,1,0,0,Lostallo,1000_1500
,75016.0,5.0,Starkes Baumholz,473.0,BU (e) / FI (7) / TA (3),BU (1) / FI (8) / LAB (1),high-montane (main area of silver fir),10.0,4.1,,,1.0,1.0,,2,2,8,8,,,,,,,2193,Starkes Baumholz_10,1391.0,1,not_young,1,0,0,Lostallo,1000_1500
,75017.0,4.0,Mittleres Baumholz,480.0,BAH (e) / BU (e) / FI (9) / LA (e) / BI (e) / BUL (e) / TA (1),BAH (e) / BU (e) / FI (10) / BI (e) / VBE (e) / LAB (e) / TA (e),high-montane (main area of silver fir),10.0,4.7,,,1.0,1.0,,2,2,8,8,,,,,,,2194,Mittleres Baumholz_10,1508.2,1,not_young,1,0,0,Lostallo,1500_2000
,75123.0,1.0,Jungwuchs/Dickung,19.0,,BAH (1) / TEI (e) / ES (2) / KA (1) / BI (2) / SPA (2) / KI (1) / LI (1),colline,3.0,1.2,,,1.0,,,2,2,2,2,,,,,,,2195,Jungwuchs/Dickung_3,478.0,0,young,0,0,1,Lostallo,300_500
,75124.0,1.0,Jungwuchs/Dickung,44.0,,BAH (1) / TEI (e) / ES (2) / KA (1) / BI (2) / SPA (2) / KI (1) / LI (1),colline,3.0,0.6,,,,,,3,3,3,3,,,,,,,2196,Jungwuchs/Dickung_3,452.6,0,young,0,0,0,Lostallo,300_500
,75125.0,4.0,Mittleres Baumholz,169.0,BAH (1) / BU (1) / TEI (1) / ES (1) / FI (2) / LA (1) / BI (1) / OST (e) / AS (1) / MBE (e) / LI (1) / LAB (e) / TA (e),TEI (1) / FI (4) / MBE (2) / LI (1) / LAB (2),high-montane (main area of silver fir),10.0,2.8,,,1.0,,,2,2,2,2,,,,,,,2197,Mittleres Baumholz_10,937.8,0,not_young,0,0,1,Lostallo,500_1000
,75126.0,5.0,Starkes Baumholz,297.0,BAH (e) / BU (5) / ES (1) / BI (2) / AS (2),,lower/upper montane,7.0,0.7,,,1.0,,,2,2,2,2,,,,,,,2198,Starkes Baumholz_7,1075.1,1,not_young,0,0,1,Lostallo,1000_1500
,75127.0,3.0,Schwaches Baumholz,204.0,BU (1) / TEI (6) / FI (1) / BI (e) / OST (e) / MBE (1) / LI (1) / LAB (e) / TA (e),,high-montane (main area of silver fir),10.0,4.1,,,1.0,,,2,2,2,2,,,,,,,2199,Schwaches Baumholz_10,1042.8,1,not_young,0,0,1,Lostallo,1000_1500
,75128.0,4.0,Mittleres Baumholz,355.0,BU (e) / FI (6) / LA (3) / TA (1),FI (8) / LA (2) / TA (e),high-montane (main area of silver fir),10.0,2.3,,,1.0,,,2,2,2,2,,,,,,,2200,Mittleres Baumholz_10,1474.0,1,not_young,0,0,1,Lostallo,1000_1500
,75129.0,3.0,Schwaches Baumholz,296.0,BAH (1) / BU (1) / TEI (1) / ES (1) / FI (2) / LA (1) / BI (1) / AS (1) / VBE (e) / TA (1),,high-montane (main area of silver fir),10.0,6.3,,,1.0,,,2,2,2,2,,,,,,,2201,Schwaches Baumholz_10,1263.0,1,not_young,0,0,1,Lostallo,1000_1500
,75130.0,4.0,Mittleres Baumholz,340.0,BU (e) / SER (e) / FI (9) / BI (e) / TA (1),FI (10) / KA (e) / BI (e) / MBE (e),high-montane (main area of silver fir),10.0,5.7,,,1.0,1.0,,2,2,8,8,,,,,,,2202,Mittleres Baumholz_10,1022.2,1,not_young,1,0,0,Lostallo,1000_1500
,75248.0,3.0,Schwaches Baumholz,236.0,BAH (e) / TEI (e) / ES (e) / FI (9) / KA (e) / BI (1) / MBE (e) / STP (e),FI (10) / OST (e) / MBE (e) / STP (e),high-montane (main area of silver fir),10.0,0.7,,,1.0,,,2,2,2,2,,,,,,,2203,Schwaches Baumholz_10,1021.9,1,not_young,0,0,0,Lostallo,1000_1500
,75249.0,1.0,Jungwuchs/Dickung,271.0,,FI (e) / BI (10),high-montane (main area of silver fir),10.0,0.2,,,1.0,,,2,2,2,2,,,,,,,2204,Jungwuchs/Dickung_10,1037.9,1,young,0,0,0,Lostallo,1000_1500
,75250.0,5.0,Starkes Baumholz,259.0,BU (e) / FI (8) / KA (1) / BI (e) / TA (1),BU (e) / FI (6) / KA (3) / BI (1),high-montane (main area of silver fir),10.0,0.8,,,1.0,,,2,2,2,2,,,,,,,2205,Starkes Baumholz_10,924.1,0,not_young,0,0,0,Lostallo,500_1000
,75251.0,4.0,Mittleres Baumholz,207.0,BAH (e) / BU (1) / ES (e) / FI (7) / KA (1) / BI (e) / OST (1) / LI (e) / TA (e),BU (e) / FI (1) / KA (1) / BI (1) / OST (2) / HAS (5),high-montane (main area of silver fir),10.0,1.8,,,1.0,,,2,2,2,2,,,,,,,2206,Mittleres Baumholz_10,940.8,0,not_young,0,0,0,Lostallo,500_1000
,75253.0,3.0,Schwaches Baumholz,328.0,BAH (e) / BU (1) / FI (9) / BI (e),,lower/upper montane,7.0,0.6,,,1.0,1.0,,2,2,8,8,,,,,,,2207,Schwaches Baumholz_7,1167.5,1,not_young,1,0,0,Lostallo,1000_1500
,75254.0,5.0,Starkes Baumholz,363.0,BAH (e) / BU (1) / FI (4) / TA (5),FI (8) / BI (2),high-montane (main area of silver fir),10.0,0.7,,,1.0,1.0,,2,2,8,8,,,,,,,2208,Starkes Baumholz_10,1125.2,1,not_young,1,0,0,Lostallo,1000_1500
,75256.0,5.0,Starkes Baumholz,470.0,BU (e) / ES (e) / FI (7) / TA (3),FI (10) / BI (e),lower/upper montane,7.0,1.2,,,1.0,1.0,,2,2,8,8,,,,,,,2209,Starkes Baumholz_7,1310.5,1,not_young,1,0,0,Lostallo,1000_1500
,75257.0,4.0,Mittleres Baumholz,179.0,ES (4) / FI (1) / KA (1) / BI (2) / OST (e) / KI (1) / LI (1) / BUL (e),HAS (10),colline,3.0,5.9,,,1.0,,,2,2,2,2,,,,,,,2210,Mittleres Baumholz_3,750.1,0,not_young,0,0,1,Lostallo,500_1000
,75258.0,4.0,Mittleres Baumholz,193.0,BAH (1) / ES (e) / FI (9) / KA (e),,colline,3.0,1.2,,,1.0,,,2,2,2,2,,,,,,,2211,Mittleres Baumholz_3,836.3999999999999,0,not_young,0,0,0,Lostallo,500_1000
,75259.0,4.0,Mittleres Baumholz,168.0,TEI (e) / ES (3) / FI (e) / KA (1) / BI (3) / MBE (1) / LI (2),ES (6) / KA (1) / BI (1) / MBE (1) / LI (1),colline,3.0,1.0,,,1.0,,,2,2,2,2,,,,,,,2212,Mittleres Baumholz_3,915.0,0,not_young,0,0,0,Lostallo,500_1000
,75260.0,5.0,Starkes Baumholz,255.0,BU (e) / ES (e) / FI (10) / KA (e) / BI (e),,high-montane (main area of silver fir),10.0,0.7,,,1.0,,,2,2,2,2,,,,,,,2213,Starkes Baumholz_10,946.3,0,not_young,0,0,0,Lostallo,500_1000
,75387.0,4.0,Mittleres Baumholz,304.0,BU (e) / FI (10) / BI (e),,high-montane (main area of silver fir),10.0,0.6,,,1.0,1.0,,2,2,8,8,,,,,,,2214,Mittleres Baumholz_10,1044.3,1,not_young,1,0,0,Lostallo,1000_1500
,75389.0,4.0,Mittleres Baumholz,350.0,BAH (e) / BU (e) / WER (1) / FI (9) / WEI (e) / LAB (e),BAH (e) / BU (e) / WER (e) / FI (10) / BI (e) / WEI (e) / BUL (e) / LAB (e),high-montane (main area of silver fir),10.0,0.8,,,1.0,1.0,,2,2,8,8,,,,,,,2215,Mittleres Baumholz_10,1068.6,1,not_young,1,0,0,Lostallo,1000_1500
,75390.0,3.0,Schwaches Baumholz,403.0,FI (10),FI (10),high-montane (main area of silver fir),10.0,2.4,,,1.0,1.0,,2,2,8,8,,,,,,,2216,Schwaches Baumholz_10,1098.0,1,not_young,1,0,0,Lostallo,1000_1500
,75391.0,4.0,Mittleres Baumholz,427.0,FI (8) / TA (2),FI (9) / BI (e) / TA (1),high-montane (main area of silver fir),10.0,1.8,,,1.0,1.0,,2,2,8,8,,,,,,,2217,Mittleres Baumholz_10,1114.9,1,not_young,1,0,0,Lostallo,1000_1500
,75393.0,3.0,Schwaches Baumholz,220.0,BAH (e) / BU (e) / FI (10) / KA (e) / BI (e) / WEI (e),,high-montane (main area of silver fir),10.0,1.5,,,1.0,,,2,2,2,2,,,,,,,2218,Schwaches Baumholz_10,908.6,0,not_young,0,0,0,Lostallo,500_1000
,75394.0,4.0,Mittleres Baumholz,267.0,BAH (e) / ES (e) / FI (10) / BI (e),FI (10),high-montane (main area of silver fir),10.0,2.2,,,1.0,,,2,2,2,2,,,,,,,2219,Mittleres Baumholz_10,1009.8,1,not_young,0,0,0,Lostallo,1000_1500
,75395.0,3.0,Schwaches Baumholz,148.0,BAH (e) / TEI (e) / WER (3) / FI (1) / BI (4) / WEI (2),BAH (1) / TEI (e) / WER (6) / FI (e) / BI (1) / WEI (2),high-montane (main area of silver fir),10.0,1.0,,,1.0,1.0,,2,2,8,8,,,,,,,2220,Schwaches Baumholz_10,1003.6,1,not_young,1,0,0,Lostallo,1000_1500
,75397.0,4.0,Mittleres Baumholz,407.0,FI (10) / WEI (e) / LAB (e),FI (10) / LAB (e),high-montane (main area of silver fir),10.0,0.6,,,1.0,1.0,,2,2,8,8,,,,,,,2221,Mittleres Baumholz_10,1121.8,1,not_young,1,0,0,Lostallo,1000_1500
,75398.0,4.0,Mittleres Baumholz,448.0,BU (e) / FI (9) / TA (1),FI (10) / BI (e) / LAB (e),high-montane (main area of silver fir),10.0,4.1,,,1.0,1.0,,2,2,8,8,,,,,,,2222,Mittleres Baumholz_10,1272.9,1,not_young,1,0,0,Lostallo,1000_1500
,75400.0,4.0,Mittleres Baumholz,467.0,BU (e) / FI (10) / KA (e) / BI (e) / LI (e) / BUL (e) / LAB (e) / TA (e),BAH (e) / BU (e) / ES (e) / FI (10) / BI (e) / LAB (e),high-montane (main area of silver fir),10.0,1.4,,,1.0,1.0,,2,2,8,8,,,,,,,2223,Mittleres Baumholz_10,1156.9,1,not_young,1,0,0,Lostallo,1000_1500
,75401.0,4.0,Mittleres Baumholz,437.0,FI (10) / TA (e),,high-montane (main area of silver fir),10.0,2.1,,,1.0,1.0,,2,2,8,8,,,,,,,2224,Mittleres Baumholz_10,1216.3,1,not_young,1,0,0,Lostallo,1000_1500
,75522.0,3.0,Schwaches Baumholz,324.0,FI (10),,high-montane (main area of silver fir),10.0,0.3,,,,1.0,,3,3,8,8,,,,,,,2225,Schwaches Baumholz_10,1183.3,1,not_young,1,0,0,Lostallo,1000_1500
,75523.0,3.0,Schwaches Baumholz,462.0,FI (10),,high-montane (main area of silver fir),10.0,1.2,,,1.0,1.0,,2,2,8,8,,,,,,,2226,Schwaches Baumholz_10,1143.4,1,not_young,1,0,0,Lostallo,1000_1500
,75524.0,5.0,Starkes Baumholz,396.0,BAH (e) / BU (e) / FI (9) / LA (e) / BI (e) / VBE (e) / TA (1),BU (e) / FI (9) / BI (1),lower/upper montane,7.0,1.4,,,1.0,1.0,,2,2,8,8,,,,,,,2227,Starkes Baumholz_7,1331.4,1,not_young,1,0,0,Lostallo,1000_1500
,75525.0,5.0,Starkes Baumholz,487.0,BAH (e) / BU (e) / ES (e) / FI (5) / VBE (e) / LAB (e) / TA (5),BU (1) / FI (9) / VBE (e) / LAB (e),lower/upper montane,7.0,4.9,,,1.0,1.0,,2,2,8,8,,,,,,,2228,Starkes Baumholz_7,1341.9,1,not_young,1,0,0,Lostallo,1000_1500
,75529.0,4.0,Mittleres Baumholz,454.0,BU (e) / FI (10) / TA (e),,high-montane (main area of silver fir),10.0,0.8,,,1.0,1.0,,2,2,8,8,,,,,,,2229,Mittleres Baumholz_10,1231.8,1,not_young,1,0,0,Lostallo,1000_1500
,75532.0,2.0,Stangenholz,283.0,FI (7) / BI (2) / WEI (1) / TA (e),FI (7) / BI (3) / TA (e),lower/upper montane,7.0,0.5,,,1.0,1.0,,2,2,8,8,,,,,,,2230,Stangenholz_7,1382.4,1,not_young,1,0,0,Lostallo,1000_1500
,75533.0,2.0,Stangenholz,365.0,FI (9) / VBE (e) / TA (1),,lower/upper montane,7.0,1.2,,,1.0,1.0,,2,2,8,8,,,,,,,2231,Stangenholz_7,1394.5,1,not_young,1,0,0,Lostallo,1000_1500
,75534.0,3.0,Schwaches Baumholz,397.0,FI (10),,lower/upper montane,7.0,0.8,,,1.0,1.0,,2,2,8,8,,,,,,,2232,Schwaches Baumholz_7,1359.8,1,not_young,1,0,0,Lostallo,1000_1500
,75535.0,3.0,Schwaches Baumholz,402.0,FI (10) / LA (e) / TA (e),,lower/upper montane,7.0,0.6,,,1.0,1.0,,2,2,8,8,,,,,,,2233,Schwaches Baumholz_7,1385.1,1,not_young,1,0,0,Lostallo,1000_1500
,75536.0,2.0,Stangenholz,330.0,BU (e) / FI (9) / TA (1),BU (e) / FI (9) / TA (1),lower/upper montane,7.0,0.2,,,1.0,1.0,,2,2,8,8,,,,,,,2234,Stangenholz_7,1332.4,1,not_young,1,0,0,Lostallo,1000_1500
,75631.0,3.0,Schwaches Baumholz,138.0,,,colline,3.0,3.2,,,1.0,,,2,2,2,2,,,,,,,2235,Schwaches Baumholz_3,631.1,0,not_young,0,0,0,Lostallo,500_1000
,75632.0,3.0,Schwaches Baumholz,118.0,BAH (e) / WER (e) / ES (2) / KA (2) / BI (2) / NU (e) / OST (e) / KI (1) / LI (3),ES (8) / KA (e) / KI (e) / LI (2),colline,3.0,3.0,,,1.0,,,2,2,2,2,,,,,,,2236,Schwaches Baumholz_3,470.6,0,not_young,0,0,0,Lostallo,300_500
,75633.0,4.0,Mittleres Baumholz,282.0,BAH (e) / TEI (1) / ES (2) / FI (2) / KA (1) / BI (e) / KI (e) / LI (3) / TA (1),ES (4) / FI (2) / KA (1) / KI (1) / LI (2),colline,3.0,0.5,,,1.0,,,2,2,2,2,,,,,,,2237,Mittleres Baumholz_3,447.7,0,not_young,0,0,1,Lostallo,300_500
,75635.0,4.0,Mittleres Baumholz,55.0,TEI (3) / ES (e) / KA (3) / BI (1) / OST (e) / LI (3),,colline,3.0,0.8,,,1.0,,,2,2,2,2,,,,,,,2238,Mittleres Baumholz_3,629.2,0,not_young,0,0,1,Lostallo,500_1000
,75636.0,4.0,Mittleres Baumholz,117.0,BAH (e) / TEI (1) / ES (2) / FI (2) / KA (1) / BI (e) / KI (e) / LI (3) / TA (1),ES (4) / FI (2) / KA (1) / KI (1) / LI (2),colline,3.0,0.4,,,1.0,,,2,2,2,2,,,,,,,2239,Mittleres Baumholz_3,493.5,0,not_young,0,0,1,Lostallo,300_500
,75637.0,4.0,Mittleres Baumholz,224.0,,,colline,3.0,2.2,,,1.0,,,7,7,7,7,,1.0,,,,,2240,Mittleres Baumholz_3,428.3,0,not_young,0,0,0,Lostallo,300_500
,75638.0,3.0,Schwaches Baumholz,209.0,,,colline,3.0,1.5,,,1.0,,,7,7,7,7,,1.0,,,,,2241,Schwaches Baumholz_3,424.2,0,not_young,0,0,0,Lostallo,300_500
,75641.0,4.0,Mittleres Baumholz,186.0,,,colline,3.0,0.3,,,1.0,,,2,2,2,2,,,,,,,2242,Mittleres Baumholz_3,454.4,0,not_young,0,0,1,Lostallo,300_500
,75642.0,4.0,Mittleres Baumholz,177.0,SAH (e) / TEI (e) / ES (e) / KA (3) / LI (7),,colline,3.0,4.3,,,1.0,,,2,2,2,2,,,,,,,2243,Mittleres Baumholz_3,522.8,0,not_young,0,0,1,Lostallo,500_1000
,75868.0,1.0,Jungwuchs/Dickung,203.0,BAH (e) / BU (e) / FI (6) / LAB (e) / TA (4),BAH (e) / BU (e) / FI (5) / KA (e) / BI (5) / LAB (e),high-montane (main area of silver fir),10.0,3.4,,,1.0,1.0,,2,2,8,8,,,,,,,2244,Jungwuchs/Dickung_10,1110.6,1,young,1,0,0,Lostallo,1000_1500
,75872.0,4.0,Mittleres Baumholz,318.0,TEI (1) / WER (1) / ES (5) / WEI (1) / LI (1) / ST (1),WER (1) / ES (2) / FI (e) / WEI (1) / LI (e) / ST (6),colline,3.0,1.9,,,1.0,,,2,2,2,2,,,,,,,2245,Mittleres Baumholz_3,402.8,0,not_young,0,0,0,Lostallo,300_500
,75974.0,3.0,Schwaches Baumholz,289.0,ES (9) / NU (e) / AS (1),ES (7) / ST (3),colline,3.0,0.3,,,,,,3,3,3,3,,,,,,,2246,Schwaches Baumholz_3,410.0,0,not_young,0,0,0,Lostallo,300_500
,75975.0,3.0,Schwaches Baumholz,23.0,WER (1) / WEI (9),WER (2) / WEI (3) / ST (5),colline,3.0,0.5,,,1.0,,,2,2,2,2,,,,,,,2247,Schwaches Baumholz_3,410.1,0,not_young,0,0,0,Lostallo,300_500
,75976.0,3.0,Schwaches Baumholz,88.0,TEI (e) / WER (1) / ES (4) / AS (1) / WEI (3) / LI (1),TEI (e) / ES (3) / WEI (2) / ST (5),colline,3.0,2.1,,,1.0,,,2,2,2,2,,,,,,,2248,Schwaches Baumholz_3,407.3,0,not_young,0,0,0,Lostallo,300_500
,75977.0,4.0,Mittleres Baumholz,255.0,TEI (e) / WER (e) / ES (8) / FI (2) / LA (e) / LI (e) / WFO (e),TEI (e) / ES (4) / LI (e) / ST (6),colline,3.0,1.5,,,1.0,,,2,2,2,2,,,,,,,2249,Mittleres Baumholz_3,404.9,0,not_young,0,0,0,Lostallo,300_500
,75978.0,3.0,Schwaches Baumholz,155.0,WER (5) / ES (4) / FI (e) / WEI (1) / TA (e),WER (1) / ES (3) / FI (e) / ST (6),colline,3.0,1.3,,,1.0,,,2,2,2,2,,,,,,,2250,Schwaches Baumholz_3,398.1,0,not_young,0,0,0,Lostallo,300_500
,75979.0,3.0,Schwaches Baumholz,260.0,WER (5) / ES (4) / FI (e) / WEI (1) / TA (e),WER (1) / ES (3) / FI (e) / ST (6),colline,3.0,1.8,,,1.0,,,2,2,2,2,,,,,,,2251,Schwaches Baumholz_3,398.4,0,not_young,0,0,0,Lostallo,300_500
,75982.0,3.0,Schwaches Baumholz,186.0,TEI (e) / WER (2) / ES (7) / FI (e) / KI (e) / WEI (1) / LI (e),WER (2) / ES (3) / WEI (1) / LI (e) / ST (4),colline,3.0,0.6,,,,,,3,3,3,3,,,,,,,2252,Schwaches Baumholz_3,399.7,0,not_young,0,0,0,Lostallo,300_500
,75988.0,3.0,Schwaches Baumholz,156.0,BU (1) / TEI (1) / ES (3) / NU (2) / KI (1) / LI (1) / ST (1),ES (1) / LI (e) / ST (9),colline,3.0,0.3,,,,,,3,3,3,3,,,,,,,2253,Schwaches Baumholz_3,409.7,0,not_young,0,0,0,Lostallo,300_500
,75990.0,3.0,Schwaches Baumholz,127.0,WER (6) / ES (3) / NU (e) / WEI (e) / ST (1),ES (2) / ST (8),colline,3.0,0.2,,,,,,3,3,3,3,,,,,,,2254,Schwaches Baumholz_3,406.5,0,not_young,0,0,0,Lostallo,300_500
,75991.0,4.0,Mittleres Baumholz,142.0,WER (6) / ES (4) / NU (e) / WEI (e),ST (10),colline,3.0,0.5,,,,,,3,3,3,3,,,,,,,2255,Mittleres Baumholz_3,407.6,0,not_young,0,0,0,Lostallo,300_500
,76089.0,1.0,Jungwuchs/Dickung,30.0,TEI (e) / ES (10) / NU (e),ES (1) / ST (9),colline,3.0,0.7,,,,,,3,3,3,3,,,,,,,2256,Jungwuchs/Dickung_3,406.3,0,young,0,0,0,Lostallo,300_500
,76091.0,3.0,Schwaches Baumholz,251.0,TEI (e) / WER (6) / ES (3) / WEI (1),ES (2) / ST (8),colline,3.0,2.2,,,,,,3,3,3,3,,,,,,,2257,Schwaches Baumholz_3,404.7,0,not_young,0,0,0,Lostallo,300_500
,76093.0,2.0,Stangenholz,149.0,TEI (e) / ES (9) / KI (e) / LI (e) / ST (1),ES (1) / ST (9),colline,3.0,1.4,,,,,,3,3,3,3,,,,,,,2258,Stangenholz_3,405.8,0,not_young,0,0,0,Lostallo,300_500
,76096.0,3.0,Schwaches Baumholz,131.0,ES (8) / KI (e) / WEI (2),WER (1) / ES (1) / ST (8),colline,3.0,1.5,,,,,,3,3,3,3,,,,,,,2259,Schwaches Baumholz_3,416.3,0,not_young,0,0,0,Lostallo,300_500
,76099.0,3.0,Schwaches Baumholz,116.0,ES (8) / KI (e) / WEI (2),WER (1) / ES (1) / ST (8),colline,3.0,0.6,,,,,,3,3,3,3,,,,,,,2260,Schwaches Baumholz_3,419.2,0,not_young,0,0,0,Lostallo,300_500
,76100.0,3.0,Schwaches Baumholz,74.0,TEI (1) / WER (5) / ES (2) / NU (e) / WEI (1) / ST (1),ES (2) / ST (8),colline,3.0,1.4,,,,,,3,3,3,3,,,,,,,2261,Schwaches Baumholz_3,419.4,0,not_young,0,0,0,Lostallo,300_500
,76102.0,3.0,Schwaches Baumholz,133.0,ES (8) / KI (e) / WEI (2),WER (1) / ES (1) / ST (8),colline,3.0,1.9,,,,,,3,3,3,3,,,,,,,2262,Schwaches Baumholz_3,417.6,0,not_young,0,0,0,Lostallo,300_500
,76217.0,3.0,Schwaches Baumholz,152.0,TEI (1) / WER (5) / ES (2) / NU (e) / WEI (1) / ST (1),ES (2) / ST (8),colline,3.0,0.5,,,,,,3,3,3,3,,,,,,,2263,Schwaches Baumholz_3,418.3,0,not_young,0,0,0,Lostallo,300_500
,76219.0,3.0,Schwaches Baumholz,74.0,ES (8) / KI (e) / WEI (2),WER (1) / ES (1) / ST (8),colline,3.0,1.0,,,,,,3,3,3,3,,,,,,,2264,Schwaches Baumholz_3,424.8,0,not_young,0,0,0,Lostallo,300_500
,76220.0,2.0,Stangenholz,122.0,ES (2) / WEI (8),ST (10),colline,3.0,0.5,,,,,,3,3,3,3,,,,,,,2265,Stangenholz_3,421.5,0,not_young,0,0,0,Lostallo,300_500
,76222.0,2.0,Stangenholz,49.0,ES (6) / WEI (2) / ST (2),ES (2) / ST (8),colline,3.0,0.4,,,,,,3,3,3,3,,,,,,,2266,Stangenholz_3,426.4,0,not_young,0,0,0,Lostallo,300_500
,76223.0,3.0,Schwaches Baumholz,25.0,TEI (1) / WER (5) / ES (2) / NU (e) / WEI (1) / ST (1),ES (2) / ST (8),colline,3.0,0.3,,,,,,3,3,3,3,,,,,,,2267,Schwaches Baumholz_3,422.9,0,not_young,0,0,0,Lostallo,300_500
,76224.0,3.0,Schwaches Baumholz,4.0,,,colline,3.0,0.5,,,1.0,,,2,2,2,2,,,,,,,2268,Schwaches Baumholz_3,414.2,0,not_young,0,0,0,Lostallo,300_500
,76325.0,3.0,Schwaches Baumholz,185.0,FI (9),,colline,3.0,0.2,,,1.0,,,2,2,2,2,,,,,,,2269,Schwaches Baumholz_3,422.4,0,not_young,0,0,0,Lostallo,300_500
,76326.0,3.0,Schwaches Baumholz,33.0,FI (3),,colline,3.0,0.5,,,1.0,,,2,2,2,2,,,,,,,2270,Schwaches Baumholz_3,418.7,0,not_young,0,0,0,Lostallo,300_500
,76327.0,3.0,Schwaches Baumholz,43.0,FI (9),,colline,3.0,0.3,,,1.0,,,2,2,2,2,,,,,,,2271,Schwaches Baumholz_3,415.8,0,not_young,0,0,0,Lostallo,300_500
,76328.0,3.0,Schwaches Baumholz,26.0,,,colline,3.0,1.0,,,1.0,,,2,2,2,2,,,,,,,2272,Schwaches Baumholz_3,414.9,0,not_young,0,0,0,Lostallo,300_500
,76329.0,1.0,Jungwuchs/Dickung,40.0,,,colline,3.0,0.7,,,1.0,,,2,2,2,2,,,,,,,2273,Jungwuchs/Dickung_3,417.5,0,young,0,0,0,Lostallo,300_500
,76330.0,1.0,Jungwuchs/Dickung,120.0,,,colline,3.0,0.4,,,1.0,,,2,2,2,2,,,,,,,2274,Jungwuchs/Dickung_3,411.9,0,young,0,0,0,Lostallo,300_500
,76331.0,3.0,Schwaches Baumholz,138.0,,,colline,3.0,0.3,,,1.0,,,2,2,2,2,,,,,,,2275,Schwaches Baumholz_3,411.6,0,not_young,0,0,0,Lostallo,300_500
,76333.0,2.0,Stangenholz,175.0,,,colline,3.0,0.2,,,,,,3,3,3,3,,,,,,,2276,Stangenholz_3,407.3,0,not_young,0,0,0,Lostallo,300_500
,76334.0,2.0,Stangenholz,245.0,LA (10),,colline,3.0,0.2,,1.0,1.0,,,2,2,4,4,,,,,,,2277,Stangenholz_3,409.4,0,not_young,0,0,1,Lostallo,300_500
,76335.0,2.0,Stangenholz,300.0,,,colline,3.0,1.0,,1.0,,,,3,3,4,4,,,,,,,2278,Stangenholz_3,407.5,0,not_young,0,0,0,Lostallo,300_500
,76336.0,2.0,Stangenholz,328.0,,,colline,3.0,0.7,,1.0,,,,3,3,4,4,,,,,,,2279,Stangenholz_3,405.2,0,not_young,0,0,0,Lostallo,300_500
,76337.0,2.0,Stangenholz,127.0,,,colline,3.0,0.7,,1.0,1.0,,,2,2,4,4,,,,,,,2280,Stangenholz_3,415.5,0,not_young,0,0,1,Lostallo,300_500
,76338.0,2.0,Stangenholz,76.0,,,colline,3.0,0.4,,,1.0,,,2,2,2,2,,,,,,,2281,Stangenholz_3,441.1,0,not_young,0,0,1,Lostallo,300_500
,76339.0,4.0,Mittleres Baumholz,152.0,,,colline,3.0,1.4,,1.0,,,,3,3,4,4,,,,,,,2282,Mittleres Baumholz_3,416.7,0,not_young,0,0,0,Lostallo,300_500
,76340.0,2.0,Stangenholz,141.0,,,colline,3.0,0.8,,1.0,,,,3,3,4,4,,,,,,,2283,Stangenholz_3,422.4,0,not_young,0,0,0,Lostallo,300_500
,105259.0,3.0,Schwaches Baumholz,102.0,TEI (2) / ES (2) / KA (e) / AS (1) / RO (1) / LI (4),ES (3) / FI (1) / KA (e) / AS (e) / RO (e) / LI (1) / HAS (5),colline,3.0,1.0,,,1.0,,,2,2,2,2,,,,,,,2818,Schwaches Baumholz_3,398.3,0,not_young,0,0,0,Lostallo,300_500
,105344.0,3.0,Schwaches Baumholz,218.0,FI (1),,colline with beech,2.0,2.6,,,1.0,,,2,2,2,2,,,,,,,2877,Schwaches Baumholz_2,650.0,0,not_young,0,0,1,Lostallo,500_1000
,106352.0,3.0,Schwaches Baumholz,105.0,FAH (1) / TEI (2) / ES (2) / KA (2) / NU (e) / KI (e) / RO (e) / LI (3),TEI (e) / ES (3) / FI (e) / KA (1) / NU (1) / KI (e) / RO (1) / LI (1) / HAS (4),colline,3.0,0.7,,,,,,3,3,3,3,,,,,,,3361,Schwaches Baumholz_3,386.7,0,not_young,0,0,0,Lostallo,300_500
,106673.0,3.0,Schwaches Baumholz,100.0,WER (1) / ES (3) / KA (1) / KI (e) / LI (5),ES (1) / LI (e) / HAS (9),colline,3.0,4.9,,,1.0,,,2,2,2,2,,,,,,,3506,Schwaches Baumholz_3,473.7,0,not_young,0,0,1,Lostallo,300_500
,106733.0,4.0,Mittleres Baumholz,72.0,BAH (e) / TEI (6) / ES (1) / KA (1) / AS (e) / LI (2),TEI (e) / ES (1) / KA (1) / AS (1) / VBE (e) / LI (2) / STP (e) / HAS (3) / UST (2),colline,3.0,0.2,,,,,,3,3,3,3,,,,,,,3545,Mittleres Baumholz_3,387.5,0,not_young,0,0,0,Lostallo,300_500
,107099.0,3.0,Schwaches Baumholz,295.0,TEI (5) / KA (4) / LI (1),KA (2) / HAS (8),colline,3.0,0.7,,,,,,3,3,3,3,,,,,,,3731,Schwaches Baumholz_3,406.0,0,not_young,0,0,0,Lostallo,300_500
,107102.0,3.0,Schwaches Baumholz,176.0,TEI (e) / ES (5) / KA (2) / LI (3),ES (1) / LI (e) / HAS (9),colline,3.0,4.2,,1.0,,,,3,3,4,4,,,,,,,3734,Schwaches Baumholz_3,430.4,0,not_young,0,0,0,Lostallo,300_500
,107104.0,3.0,Schwaches Baumholz,212.0,WER (2) / ES (5) / KA (2) / BI (e) / LI (1),WER (1) / ES (2) / KA (1) / HAS (5) / UST (1),colline,3.0,1.5,,,1.0,,,2,2,2,2,,,,,,,3736,Schwaches Baumholz_3,520.8,0,not_young,0,0,1,Lostallo,500_1000
,112271.0,3.0,Schwaches Baumholz,290.0,BU (6) / FI (1) / LA (1),,high-montane (main area of silver fir),10.0,1.8,,,1.0,,,2,2,2,2,,,,,,,4413,Schwaches Baumholz_10,1426.9,1,not_young,0,0,1,Lostallo,1000_1500
,9221.0,4.0,Mittleres Baumholz,390.0,BAH (e) / BU (2) / FI (3) / LA (3) / TA (2),BAH (e) / BU (2) / AER (2) / FI (3) / LA (e) / VBE (e) / UST (1) / TA (2),high-montane (main area of silver fir),10.0,3.4,,,,,1.0,3,3,3,8,,,,1.0,,,117,Mittleres Baumholz_10,1506.6,1,not_young,0,0,0,Grono,1500_2000
,10396.0,5.0,Starkes Baumholz,388.0,BAH (1) / BU (2) / FI (3) / TA (4),FI (6) / TA (4),lower/upper montane,7.0,1.1,,,,,1.0,3,3,3,8,,,,1.0,,,253,Starkes Baumholz_7,1387.8,1,not_young,0,0,0,Grono,1000_1500
,10585.0,3.0,Schwaches Baumholz,341.0,SER (e) / WER (e) / ES (1) / KA (3) / BI (6) / AS (e) / LI (e),WER (e) / ES (1) / KA (3) / BI (e) / LI (e) / HAS (6),colline with beech,2.0,2.1,,,,,,3,3,3,3,,,,,,,279,Schwaches Baumholz_2,340.0,0,not_young,0,0,0,Grono,300_500
,10603.0,3.0,Schwaches Baumholz,341.0,BAH (e) / BU (2) / FI (4) / LA (1) / BI (e) / TA (3),BU (3) / FI (5) / LA (e) / BI (e) / TA (2),high-montane (main area of silver fir),10.0,2.5,,,,,1.0,3,3,3,8,,,,1.0,,,283,Schwaches Baumholz_10,1456.0,1,not_young,0,0,0,Grono,1000_1500
,11596.0,4.0,Mittleres Baumholz,394.0,BU (1) / FI (2) / LA (1) / TA (6),BU (e) / FI (3) / TA (7),lower/upper montane,7.0,0.7,,,,,1.0,3,3,3,8,,,,1.0,,,422,Mittleres Baumholz_7,1405.7,1,not_young,0,0,0,Grono,1000_1500
,11712.0,2.0,Stangenholz,399.0,BAH (1) / BU (3) / ES (e) / FI (2) / LA (2) / TA (2),BAH (1) / BU (1) / AER (3) / FI (4) / VBE (e) / TA (1),lower/upper montane,7.0,1.5,,,,,1.0,3,3,3,8,,,,1.0,,,438,Stangenholz_7,1412.7,1,not_young,0,0,0,Grono,1000_1500
,11998.0,3.0,Schwaches Baumholz,320.0,BAH (e) / BU (1) / FI (6) / TA (3),BU (1) / AER (2) / FI (4) / HAS (1) / TA (2),high-montane (main area of silver fir),10.0,2.2,,,,,1.0,3,3,3,8,,,,1.0,,,473,Schwaches Baumholz_10,1446.3,1,not_young,0,0,0,Grono,1000_1500
,13015.0,4.0,Mittleres Baumholz,419.0,BU (3) / FI (e) / LA (3) / TA (4),BU (6) / FI (3) / BI (e) / TA (1),lower/upper montane,7.0,0.7,,,,,1.0,3,3,3,3,,,,0.0,,,602,Mittleres Baumholz_7,1257.1,1,not_young,0,0,0,Grono,1000_1500
,13024.0,4.0,Mittleres Baumholz,271.0,FI (1) / LA (8) / TA (1),,subalpine,8.0,3.3,0.0,,,,,3,3,3,3,,,,,,,604,Mittleres Baumholz_8,1625.0,1,not_young,0,0,0,Grono,1500_2000
,50905.0,5.0,Starkes Baumholz,188.0,TEI (e) / ES (e) / KA (10) / HBU (e) / KI (e) / LI (e),,colline,3.0,0.5,,,1.0,,,2,2,2,2,,,,,,,654,Starkes Baumholz_3,434.8,0,not_young,0,0,1,Grono,300_500
,51797.0,2.0,Stangenholz,188.0,TEI (1) / FI (e) / KA (9) / BI (e) / LI (e),KA (9) / LI (e) / HAS (1),colline,3.0,1.2,,,1.0,,,2,2,2,2,,,,,,,659,Stangenholz_3,483.0,0,not_young,0,0,1,Grono,300_500
,52756.0,1.0,Jungwuchs/Dickung,113.0,,TEI (1) / KA (8) / BI (1),colline,3.0,0.5,,,1.0,,,2,2,2,2,,,,,,,664,Jungwuchs/Dickung_3,515.8,0,young,0,0,1,Grono,500_1000
,52933.0,2.0,Stangenholz,216.0,TEI (1) / ES (1) / FI (e) / KA (8) / BI (e) / AS (e) / KI (e) / WEY (e) / WFO (e),FI (1) / KA (9) / HAS (2),hyperinsubric,1.0,2.6,,,1.0,,,6,6,6,6,,,1.0,,,,668,Stangenholz_1,444.9,0,not_young,0,0,0,Grono,300_500
,105056.0,2.0,Stangenholz,140.0,WER (2) / ES (e) / AS (e) / RO (6) / WEI (2),WER (3) / ES (3) / RO (1) / WEI (3),colline with beech,2.0,0.8,,,,,,3,3,3,3,,,,,,,2716,Stangenholz_2,321.5,0,not_young,0,0,0,Grono,300_500
,105057.0,2.0,Stangenholz,252.0,SER (6) / ES (1) / KA (2) / KI (e) / WEI (1),ES (2) / KA (3) / HAS (5),colline with beech,2.0,0.4,,,,,,3,3,3,3,,,,,,,2717,Stangenholz_2,336.0,0,not_young,0,0,0,Grono,300_500
,105058.0,2.0,Stangenholz,174.0,BAH (e) / SER (3) / WER (1) / ES (2) / BI (1) / AS (1) / KI (e) / WEI (2),SER (3) / WER (2) / ES (2) / FI (e) / WEI (e) / HAS (3),colline with beech,2.0,0.4,,,,,,3,3,3,3,,,,,,,2718,Stangenholz_2,324.0,0,not_young,0,0,0,Grono,300_500
,105059.0,2.0,Stangenholz,255.0,BAH (e) / SER (3) / ES (4) / FI (e) / KA (e) / BI (2) / NU (e) / KI (e) / LI (1),BAH (e) / SER (1) / ES (3) / FI (e) / KA (e) / NU (e) / LI (e) / HAS (6),colline with beech,2.0,0.3,,,,,,3,3,3,3,,,,,,,2719,Stangenholz_2,337.9,0,not_young,0,0,0,Grono,300_500
,105060.0,3.0,Schwaches Baumholz,222.0,REI (1) / KA (e) / RO (1) / DO (8),REI (1) / KA (3) / RO (4) / HAS (2),colline with beech,2.0,0.4,,,1.0,,,6,6,6,6,,,1.0,,,,2720,Schwaches Baumholz_2,356.1,0,not_young,0,0,0,Grono,300_500
,105066.0,2.0,Stangenholz,133.0,LFO (2),,high-montane (main area of silver fir),10.0,3.2,1.0,,,,,1,1,1,1,,,,,,,2725,Stangenholz_10,1562.0,1,not_young,0,0,0,Grono,1500_2000
,105069.0,2.0,Stangenholz,190.0,BU (2) / FI (3) / LA (2),,lower/upper montane,7.0,0.9,1.0,,,,,1,1,1,1,,,,,,,2726,Stangenholz_7,1145.9,1,not_young,0,0,0,Grono,1000_1500
,105070.0,2.0,Stangenholz,399.0,BU (1) / FI (3) / LA (3),,lower/upper montane,7.0,0.8,0.0,,,,,3,1,3,3,1.0,,,,,,2727,Stangenholz_7,1136.3,1,not_young,0,0,0,Grono,1000_1500
,105071.0,2.0,Stangenholz,124.0,BU (2),,lower/upper montane,7.0,2.7,1.0,,,,,1,1,1,1,,,,,,,2728,Stangenholz_7,990.0,0,not_young,0,0,0,Grono,500_1000
,105072.0,3.0,Schwaches Baumholz,165.0,AER (4) / LA (6),,subalpine,8.0,0.8,1.0,,,,,1,1,1,1,,,,,,,2729,Schwaches Baumholz_8,1857.4,1,not_young,0,0,0,Grono,1500_2000
,105073.0,3.0,Schwaches Baumholz,207.0,AER (3) / LA (7),,upper subalpine,9.0,0.3,1.0,,,,,1,1,1,1,,,,,,,2730,Schwaches Baumholz_9,1881.9,1,not_young,0,0,0,Grono,1500_2000
,105086.0,2.0,Stangenholz,266.0,TEI (e) / KA (10) / KI (e) / WFO (e),KA (8) / HAS (2),hyperinsubric,1.0,0.6,,,1.0,,,6,6,6,6,,,1.0,,,,2734,Stangenholz_1,397.3,0,not_young,0,0,0,Grono,300_500
,105119.0,4.0,Mittleres Baumholz,216.0,BU (2) / FI (1) / LA (2),,lower/upper montane,7.0,1.2,,,,,,3,1,3,3,1.0,,,,,,2761,Mittleres Baumholz_7,820.0,0,not_young,0,0,0,Grono,500_1000
,105120.0,2.0,Stangenholz,208.0,FI (2),,lower/upper montane,7.0,0.9,1.0,,,,,1,1,1,1,,,,,,,2762,Stangenholz_7,1031.9,1,not_young,0,0,0,Grono,1000_1500
,105121.0,5.0,Starkes Baumholz,253.0,BU (2) / FI (1) / LA (1),,lower/upper montane,7.0,1.2,,,,,,3,1,3,3,1.0,,,,,,2763,Starkes Baumholz_7,760.0,0,not_young,0,0,0,Grono,500_1000
,105122.0,3.0,Schwaches Baumholz,343.0,FI (3) / LA (4) / TA (2),,lower/upper montane,7.0,0.5,,,,,1.0,3,3,3,8,,,,1.0,,,2764,Schwaches Baumholz_7,1491.8,1,not_young,0,0,0,Grono,1000_1500
,105123.0,3.0,Schwaches Baumholz,492.0,BU (1) / FI (3) / LA (4) / TA (2),,lower/upper montane,7.0,1.5,,,,,1.0,3,3,3,3,,,,0.0,,,2765,Schwaches Baumholz_7,1408.1,1,not_young,0,0,0,Grono,1000_1500
,105124.0,3.0,Schwaches Baumholz,420.0,BU (1) / FI (3) / LA (4) / TA (1),,lower/upper montane,7.0,0.9,,,,,1.0,3,3,3,8,,,,1.0,,,2766,Schwaches Baumholz_7,1426.1,1,not_young,0,0,0,Grono,1000_1500
,105125.0,3.0,Schwaches Baumholz,419.0,FI (3) / LA (4) / TA (3),,lower/upper montane,7.0,0.6,,,,,1.0,3,3,3,8,,,,1.0,,,2767,Schwaches Baumholz_7,1379.9,1,not_young,0,0,0,Grono,1000_1500
,105126.0,2.0,Stangenholz,107.0,BU (2),,lower/upper montane,7.0,1.4,0.0,,,,,3,1,3,3,1.0,,,,,,2768,Stangenholz_7,872.1,0,not_young,0,0,0,Grono,500_1000
,105127.0,2.0,Stangenholz,142.0,BU (2),,lower/upper montane,7.0,0.5,1.0,,,,,1,1,1,1,,,,,,,2769,Stangenholz_7,1021.1,1,not_young,0,0,0,Grono,1000_1500
,105128.0,3.0,Schwaches Baumholz,118.0,BU (2),,lower/upper montane,7.0,1.0,,,,,,3,1,3,3,1.0,,,,,,2770,Schwaches Baumholz_7,765.5,0,not_young,0,0,0,Grono,500_1000
,105129.0,4.0,Mittleres Baumholz,345.0,BU (3) / FI (2) / LA (2),,lower/upper montane,7.0,0.6,,,,,,3,1,3,3,1.0,,,,,,2771,Mittleres Baumholz_7,1128.7,1,not_young,0,0,0,Grono,1000_1500
,105130.0,4.0,Mittleres Baumholz,461.0,BU (4) / FI (2) / LA (1) / TA (3),,lower/upper montane,7.0,0.9,,,,,,3,1,3,3,1.0,,,,,,2772,Mittleres Baumholz_7,1351.8,1,not_young,0,0,0,Grono,1000_1500
,105131.0,4.0,Mittleres Baumholz,289.0,BU (4) / FI (2) / LA (3) / TA (1),,high-montane (main area of silver fir),10.0,0.8,,,,,1.0,3,3,3,8,,,,1.0,,,2773,Mittleres Baumholz_10,1499.0,1,not_young,0,0,0,Grono,1000_1500
,105132.0,2.0,Stangenholz,136.0,,,colline with beech,2.0,4.2,0.0,,,,,3,1,3,3,1.0,,,,,,2774,Stangenholz_2,559.4,0,not_young,0,0,0,Grono,500_1000
,105133.0,3.0,Schwaches Baumholz,354.0,BU (3) / FI (3) / LA (2) / TA (1),,lower/upper montane,7.0,3.2,,,,,1.0,3,3,3,8,,,,1.0,,,2775,Schwaches Baumholz_7,1327.7,1,not_young,0,0,0,Grono,1000_1500
,105134.0,3.0,Schwaches Baumholz,279.0,BU (2) / LA (5),,lower/upper montane,7.0,0.8,,,,,1.0,3,3,3,8,,,,1.0,,,2776,Schwaches Baumholz_7,1192.4,1,not_young,0,0,0,Grono,1000_1500
,105135.0,1.0,Jungwuchs/Dickung,391.0,BU (1) / FI (4) / LA (3) / TA (2),,lower/upper montane,7.0,0.2,,,,,,3,3,3,3,,,,,,,2777,Jungwuchs/Dickung_7,1329.1,1,young,0,0,0,Grono,1000_1500
,105264.0,5.0,Starkes Baumholz,331.0,BU (6) / FI (1) / LA (1),,lower/upper montane,7.0,3.5,1.0,,,,1.0,1,1,1,1,,,,0.0,,,2822,Starkes Baumholz_7,1215.8,1,not_young,0,0,0,Grono,1000_1500
,105265.0,2.0,Stangenholz,123.0,,,lower/upper montane,7.0,0.8,,,,,,3,3,3,3,,,,,,,2823,Stangenholz_7,909.8,0,not_young,0,0,0,Grono,500_1000
,105266.0,2.0,Stangenholz,229.0,BU (3) / FI (3),,high-montane (main area of silver fir),10.0,1.1,1.0,,,,,1,1,1,1,,,,,,,2824,Stangenholz_10,1519.4,1,not_young,0,0,0,Grono,1500_2000
,105267.0,3.0,Schwaches Baumholz,295.0,BU (1) / FI (4) / LA (3),,high-montane (main area of silver fir),10.0,0.6,1.0,,,,,1,1,1,1,,,,,,,2825,Schwaches Baumholz_10,1520.0,1,not_young,0,0,0,Grono,1500_2000
,105317.0,2.0,Stangenholz,310.0,AER (2) / FI (4) / LA (4),,lower/upper montane,7.0,1.5,,,,,1.0,3,3,3,3,,,,0.0,,,2854,Stangenholz_7,1254.7,1,not_young,0,0,0,Grono,1000_1500
,105318.0,3.0,Schwaches Baumholz,356.0,BU (2) / FI (2) / LA (2) / TA (1),,lower/upper montane,7.0,1.5,,,,,1.0,3,3,3,8,,,,1.0,,,2855,Schwaches Baumholz_7,1310.1,1,not_young,0,0,0,Grono,1000_1500
,105319.0,4.0,Mittleres Baumholz,300.0,BU (2) / LA (2),,lower/upper montane,7.0,2.8,,,,,1.0,3,3,3,3,,,,0.0,,,2856,Mittleres Baumholz_7,903.6,0,not_young,0,0,0,Grono,500_1000
,105320.0,4.0,Mittleres Baumholz,408.0,FI (3) / LA (2) / TA (4),,lower/upper montane,7.0,0.4,,,,,1.0,3,3,3,8,,,,1.0,,,2857,Mittleres Baumholz_7,1324.6,1,not_young,0,0,0,Grono,1000_1500
,105321.0,2.0,Stangenholz,294.0,BU (3) / LA (3) / TA (1),,lower/upper montane,7.0,1.3,,,,,1.0,3,3,3,8,,,,1.0,,,2858,Stangenholz_7,1224.3,1,not_young,0,0,0,Grono,1000_1500
,105323.0,4.0,Mittleres Baumholz,406.0,BU (1) / FI (4) / LA (4) / TA (1),,lower/upper montane,7.0,2.4,,,,,1.0,3,3,3,8,,,,1.0,,,2859,Mittleres Baumholz_7,1337.3,1,not_young,0,0,0,Grono,1000_1500
,105324.0,3.0,Schwaches Baumholz,241.0,BU (6) / FI (1) / LA (1),,lower/upper montane,7.0,0.7,0.0,,,,1.0,3,3,3,8,,,,1.0,,,2860,Schwaches Baumholz_7,1299.2,1,not_young,0,0,0,Grono,1000_1500
,105325.0,2.0,Stangenholz,113.0,,,lower/upper montane,7.0,0.6,0.0,,,,1.0,3,3,3,8,,,,1.0,,,2861,Stangenholz_7,1068.5,1,not_young,0,0,0,Grono,1000_1500
,105326.0,3.0,Schwaches Baumholz,325.0,FI (4) / LA (4),,lower/upper montane,7.0,0.5,,,,,1.0,3,3,3,8,,,,1.0,,,2862,Schwaches Baumholz_7,1200.7,1,not_young,0,0,0,Grono,1000_1500
,105327.0,5.0,Starkes Baumholz,400.0,FI (2),,lower/upper montane,7.0,3.1,0.0,,,,1.0,3,3,3,3,,,,0.0,,,2863,Starkes Baumholz_7,1254.5,1,not_young,0,0,0,Grono,1000_1500
,105328.0,4.0,Mittleres Baumholz,325.0,FI (4) / LA (6),,subalpine,8.0,2.6,0.0,,,,,3,1,3,3,1.0,,,,,,2864,Mittleres Baumholz_8,1695.9,1,not_young,0,0,0,Grono,1500_2000
,105329.0,4.0,Mittleres Baumholz,399.0,FI (5) / LA (5),,subalpine,8.0,1.3,0.0,,,,,3,1,3,3,1.0,,,,,,2865,Mittleres Baumholz_8,1732.4,1,not_young,0,0,0,Grono,1500_2000
,105342.0,3.0,Schwaches Baumholz,239.0,FI (9) / LA (1),,lower/upper montane,7.0,0.6,0.0,,,,1.0,3,3,3,8,,,,1.0,,,2876,Schwaches Baumholz_7,1039.4,1,not_young,0,0,0,Grono,1000_1500
,105352.0,3.0,Schwaches Baumholz,248.0,,,lower/upper montane,7.0,1.1,,,,,,3,3,3,3,,,,,,,2881,Schwaches Baumholz_7,1019.7,1,not_young,0,0,0,Grono,1000_1500
,105353.0,4.0,Mittleres Baumholz,311.0,BU (2) / FI (3) / LA (3) / TA (2),,lower/upper montane,7.0,0.8,,,,,1.0,3,3,3,8,,,,1.0,,,2882,Mittleres Baumholz_7,1314.5,1,not_young,0,0,0,Grono,1000_1500
,105354.0,2.0,Stangenholz,135.0,BU (4) / FI (1) / LA (1),,lower/upper montane,7.0,2.2,,,,,1.0,3,3,3,8,,,,1.0,,,2883,Stangenholz_7,1206.1,1,not_young,0,0,0,Grono,1000_1500
,105355.0,3.0,Schwaches Baumholz,219.0,FI (1) / LA (2),,lower/upper montane,7.0,1.7,,,,,1.0,3,3,3,3,,,,0.0,,,2884,Schwaches Baumholz_7,1062.8,1,not_young,0,0,0,Grono,1000_1500
,105356.0,5.0,Starkes Baumholz,378.0,FI (9) / LA (1),,lower/upper montane,7.0,0.7,,,,,,3,3,3,3,,,,,,,2885,Starkes Baumholz_7,1022.9,1,not_young,0,0,0,Grono,1000_1500
,105452.0,5.0,Starkes Baumholz,480.0,FI (5) / LA (2) / TA (2),,lower/upper montane,7.0,2.1,,,,,1.0,3,3,3,8,,,,1.0,,,2903,Starkes Baumholz_7,1091.1,1,not_young,0,0,0,Grono,1000_1500
,105453.0,3.0,Schwaches Baumholz,34.0,,,lower/upper montane,7.0,1.4,1.0,,,,,1,1,1,1,,,,,,,2904,Schwaches Baumholz_7,1118.2,1,not_young,0,0,0,Grono,1000_1500
,105454.0,3.0,Schwaches Baumholz,182.0,BU (4),,lower/upper montane,7.0,1.8,1.0,,,,,1,1,1,1,,,,,,,2905,Schwaches Baumholz_7,1075.0,1,not_young,0,0,0,Grono,1000_1500
,105455.0,3.0,Schwaches Baumholz,110.0,BU (1),,lower/upper montane,7.0,0.4,0.0,,,,,3,1,3,3,1.0,,,,,,2906,Schwaches Baumholz_7,1182.5,1,not_young,0,0,0,Grono,1000_1500
,105456.0,3.0,Schwaches Baumholz,213.0,BU (2),,lower/upper montane,7.0,1.8,0.0,,,,,3,1,3,3,1.0,,,,,,2907,Schwaches Baumholz_7,1077.6,1,not_young,0,0,0,Grono,1000_1500
,105465.0,2.0,Stangenholz,161.0,BU (3) / FI (1) / LA (1),,high-montane (main area of silver fir),10.0,1.1,1.0,,,,,1,1,1,1,,,,,,,2912,Stangenholz_10,1621.3,1,not_young,0,0,0,Grono,1500_2000
,105466.0,2.0,Stangenholz,206.0,BU (3) / FI (1) / LA (1),,lower/upper montane,7.0,1.6,1.0,,,,,1,1,1,1,,,,,,,2913,Stangenholz_7,1467.5,1,not_young,0,0,0,Grono,1000_1500
,105467.0,5.0,Starkes Baumholz,486.0,BU (2) / FI (2) / LA (2),,lower/upper montane,7.0,1.4,1.0,,,,,1,1,1,1,,,,,,,2914,Starkes Baumholz_7,1363.2,1,not_young,0,0,0,Grono,1000_1500
,105473.0,5.0,Starkes Baumholz,68.0,KA (10),,colline with beech,2.0,0.9,,,,,,7,7,7,7,,1.0,,,,,2920,Starkes Baumholz_2,332.2,0,not_young,0,0,0,Grono,300_500
,105488.0,2.0,Stangenholz,205.0,KA (3) / BI (5) / OST (2) / LI (e),KA (4) / BI (2) / OST (3) / LI (1),colline with beech,2.0,2.6,,,,,,7,7,7,7,,1.0,,,,,2928,Stangenholz_2,365.5,0,not_young,0,0,0,Grono,300_500
,105489.0,3.0,Schwaches Baumholz,223.0,WER (e) / KA (e) / BI (e) / OST (10) / KI (e),KA (4) / BI (e) / OST (e) / HAS (6),colline with beech,2.0,0.6,,,,,,3,3,3,3,,,,,,,2929,Schwaches Baumholz_2,398.3,0,not_young,0,0,0,Grono,300_500
,105490.0,3.0,Schwaches Baumholz,235.0,WER (1) / ES (e) / KA (6) / BI (3) / AS (e) / KI (e) / LI (e),WER (e) / ES (3) / KA (2) / BI (e) / AS (e) / KI (e) / LI (e) / HAS (4) / UST (1),colline with beech,2.0,1.1,,,,,,7,7,7,7,,1.0,,,,,2930,Schwaches Baumholz_2,311.6,0,not_young,0,0,0,Grono,300_500
,105491.0,4.0,Mittleres Baumholz,247.0,KA (7) / BI (3) / LI (e),BI (3) / LI (e) / HAS (7),colline with beech,2.0,3.0,,,,,,3,3,3,3,,,,,,,2931,Mittleres Baumholz_2,462.4,0,not_young,0,0,0,Grono,300_500
,105492.0,3.0,Schwaches Baumholz,208.0,KA (7) / BI (3),KA (7) / BI (1) / HAS (2),colline with beech,2.0,2.1,,,,,,3,3,3,3,,,,,,,2932,Schwaches Baumholz_2,517.9,0,not_young,0,0,0,Grono,500_1000
,105493.0,3.0,Schwaches Baumholz,264.0,SER (8) / BI (2),SER (6) / BI (4),colline,3.0,2.1,,,1.0,,,2,2,2,2,,,,,,,2933,Schwaches Baumholz_3,411.2,0,not_young,0,0,0,Grono,300_500
,105519.0,2.0,Stangenholz,166.0,ES (e) / FI (e) / KA (10) / KI (e) / LI (e),ES (e) / FI (e) / KA (7) / KI (e) / HAS (3),colline,3.0,0.4,,,1.0,,,2,2,2,2,,,,,,,2949,Stangenholz_3,407.5,0,not_young,0,0,1,Grono,300_500
,105521.0,3.0,Schwaches Baumholz,375.0,BI (1) / AS (1) / KI (e) / RO (3) / LI (1) / WFO (4),FAH (e) / TEI (e) / KI (1) / RO (2) / LI (1) / HAS (4) / UST (3),colline with beech,2.0,0.3,,1.0,,,,3,3,4,4,,,,,,,2950,Schwaches Baumholz_2,320.8,0,not_young,0,0,0,Grono,300_500
,105522.0,3.0,Schwaches Baumholz,396.0,BAH (e) / TEI (2) / FI (e) / LI (3) / TA (e) / WFO (5),BAH (e) / TEI (1) / ES (1) / LI (1) / HAS (4) / UST (3),colline with beech,2.0,1.9,,1.0,,,,3,3,4,4,,,,,,,2951,Schwaches Baumholz_2,310.0,0,not_young,0,0,0,Grono,300_500
,105524.0,3.0,Schwaches Baumholz,242.0,FAH (e) / BAH (e) / TEI (2) / ES (4) / AS (1) / LI (3) / DO (e) / UST (e),FAH (e) / SAH (e) / BAH (e) / ES (4) / HAS (4) / UST (2),colline with beech,2.0,2.6,,1.0,,,,3,3,4,4,,,,,,,2952,Schwaches Baumholz_2,318.7,0,not_young,0,0,0,Grono,300_500
,105525.0,3.0,Schwaches Baumholz,181.0,TEI (5) / ES (1) / FI (e) / KI (1) / RO (1) / LI (2) / WFO (e),TEI (e) / ES (3) / FI (e) / KI (1) / LI (1) / TAX (e) / HAS (5) / UST (2),colline with beech,2.0,1.4,,1.0,,,,3,3,4,4,,,,,,,2953,Schwaches Baumholz_2,304.9,0,not_young,0,0,0,Grono,300_500
,105528.0,2.0,Stangenholz,181.0,TEI (3) / REI (1) / ES (1) / AS (1) / KI (e) / LI (2) / WFO (2),TEI (e) / ES (2) / LI (1) / HAS (4) / UST (3),colline with beech,2.0,0.4,,1.0,,,,3,3,4,4,,,,,,,2954,Stangenholz_2,310.6,0,not_young,0,0,0,Grono,300_500
,105531.0,4.0,Mittleres Baumholz,435.0,BU (2) / FI (5) / LA (2),,high-montane (main area of silver fir),10.0,5.2,1.0,,,,,1,1,1,1,,,,,,,2955,Mittleres Baumholz_10,1611.3,1,not_young,0,0,0,Grono,1500_2000
,105532.0,4.0,Mittleres Baumholz,409.0,BU (1) / FI (6) / LA (2),,subalpine,8.0,2.5,1.0,,,,,1,1,1,1,,,,,,,2956,Mittleres Baumholz_8,1684.8,1,not_young,0,0,0,Grono,1500_2000
,105533.0,4.0,Mittleres Baumholz,474.0,FI (6) / LA (2) / TA (2),,lower/upper montane,7.0,1.3,0.0,,,,1.0,3,3,3,8,,,,1.0,,,2957,Mittleres Baumholz_7,1415.3,1,not_young,0,0,0,Grono,1000_1500
,105534.0,2.0,Stangenholz,301.0,BU (1) / FI (8),,lower/upper montane,7.0,0.8,,,,,1.0,3,3,3,8,,,,1.0,,,2958,Stangenholz_7,1301.1,1,not_young,0,0,0,Grono,1000_1500
,105535.0,2.0,Stangenholz,293.0,BU (1) / FI (8) / LA (1),,lower/upper montane,7.0,2.0,,,,,1.0,3,3,3,8,,,,1.0,,,2959,Stangenholz_7,1253.8,1,not_young,0,0,0,Grono,1000_1500
,105538.0,3.0,Schwaches Baumholz,183.0,BU (3) / FI (3) / LA (4),,subalpine,8.0,0.9,1.0,,,,,1,1,1,1,,,,,,,2961,Schwaches Baumholz_8,1798.2,1,not_young,0,0,0,Grono,1500_2000
,105544.0,5.0,Starkes Baumholz,404.0,FI (7) / LA (1),,lower/upper montane,7.0,0.8,,,,,1.0,3,3,3,3,,,,0.0,,,2964,Starkes Baumholz_7,1024.0,1,not_young,0,0,0,Grono,1000_1500
,105545.0,2.0,Stangenholz,149.0,BU (2) / FI (2) / LA (3),,lower/upper montane,7.0,0.9,,,,,1.0,3,3,3,8,,,,1.0,,,2965,Stangenholz_7,1199.8,1,not_young,0,0,0,Grono,1000_1500
,105546.0,4.0,Mittleres Baumholz,415.0,BU (2) / FI (2) / LA (4) / TA (1),,lower/upper montane,7.0,2.1,,,,,1.0,3,3,3,8,,,,1.0,,,2966,Mittleres Baumholz_7,1339.0,1,not_young,0,0,0,Grono,1000_1500
,105547.0,3.0,Schwaches Baumholz,327.0,BU (3) / FI (2) / LA (2) / TA (2),,lower/upper montane,7.0,3.3,,,,,1.0,3,3,3,8,,,,1.0,,,2967,Schwaches Baumholz_7,1323.4,1,not_young,0,0,0,Grono,1000_1500
,105548.0,5.0,Starkes Baumholz,536.0,FI (6) / LA (3) / TA (1),,lower/upper montane,7.0,1.5,1.0,,,,1.0,1,1,1,1,,,,0.0,,,2968,Starkes Baumholz_7,1384.3,1,not_young,0,0,0,Grono,1000_1500
,105555.0,4.0,Mittleres Baumholz,435.0,BU (4) / FI (1) / LA (2) / TA (2),,lower/upper montane,7.0,1.2,,,,,1.0,3,3,3,8,,,,1.0,,,2969,Mittleres Baumholz_7,1261.4,1,not_young,0,0,0,Grono,1000_1500
,105556.0,4.0,Mittleres Baumholz,446.0,FI (5) / LA (3) / TA (2),,lower/upper montane,7.0,3.3,0.0,,,,1.0,3,3,3,3,,,,0.0,,,2970,Mittleres Baumholz_7,1400.6,1,not_young,0,0,0,Grono,1000_1500
,105557.0,2.0,Stangenholz,40.0,BU (5),,lower/upper montane,7.0,0.8,1.0,,,,,1,1,1,1,,,,,,,2971,Stangenholz_7,1089.8,1,not_young,0,0,0,Grono,1000_1500
,105558.0,4.0,Mittleres Baumholz,359.0,BU (1) / FI (4) / LA (3) / TA (2),,lower/upper montane,7.0,2.1,1.0,,,,1.0,1,1,1,1,,,,0.0,,,2972,Mittleres Baumholz_7,1320.7,1,not_young,0,0,0,Grono,1000_1500
,105559.0,2.0,Stangenholz,148.0,,,lower/upper montane,7.0,0.5,1.0,,,,,1,1,1,1,,,,,,,2973,Stangenholz_7,1213.1,1,not_young,0,0,0,Grono,1000_1500
,105560.0,3.0,Schwaches Baumholz,214.0,BU (1) / LA (1),,lower/upper montane,7.0,1.9,1.0,,,,1.0,1,1,1,1,,,,0.0,,,2974,Schwaches Baumholz_7,1142.7,1,not_young,0,0,0,Grono,1000_1500
,105561.0,2.0,Stangenholz,249.0,,,lower/upper montane,7.0,1.1,,,,,1.0,3,3,3,3,,,,0.0,,,2975,Stangenholz_7,1080.4,1,not_young,0,0,0,Grono,1000_1500
,105562.0,3.0,Schwaches Baumholz,346.0,FI (4) / LA (3) / TA (2),,lower/upper montane,7.0,1.4,1.0,,,,,1,1,1,1,,,,,,,2976,Schwaches Baumholz_7,1390.8,1,not_young,0,0,0,Grono,1000_1500
,105563.0,2.0,Stangenholz,24.0,,,lower/upper montane,7.0,0.3,1.0,,,,,1,1,1,1,,,,,,,2977,Stangenholz_7,1114.7,1,not_young,0,0,0,Grono,1000_1500
,105564.0,5.0,Starkes Baumholz,411.0,BU (1) / FI (5) / LA (2) / TA (2),,lower/upper montane,7.0,0.9,1.0,,,,,1,1,1,1,,,,,,,2978,Starkes Baumholz_7,1261.0,1,not_young,0,0,0,Grono,1000_1500
,105565.0,2.0,Stangenholz,197.0,BU (2) / FI (1) / LA (3) / TA (2),,lower/upper montane,7.0,1.1,1.0,,,,,1,1,1,1,,,,,,,2979,Stangenholz_7,1236.4,1,not_young,0,0,0,Grono,1000_1500
,105566.0,2.0,Stangenholz,314.0,BU (1) / FI (9),,lower/upper montane,7.0,2.2,,,,,1.0,3,3,3,8,,,,1.0,,,2980,Stangenholz_7,1330.4,1,not_young,0,0,0,Grono,1000_1500
,105567.0,2.0,Stangenholz,329.0,BU (1) / FI (1) / LA (8),,lower/upper montane,7.0,0.3,,,,,1.0,3,3,3,8,,,,1.0,,,2981,Stangenholz_7,1345.6,1,not_young,0,0,0,Grono,1000_1500
,105568.0,2.0,Stangenholz,321.0,BU (1) / FI (4) / LA (2),,lower/upper montane,7.0,1.0,,,,,1.0,3,3,3,8,,,,1.0,,,2982,Stangenholz_7,1386.2,1,not_young,0,0,0,Grono,1000_1500
,105570.0,3.0,Schwaches Baumholz,227.0,BU (1) / FI (3) / LA (1),,lower/upper montane,7.0,0.3,,,,,1.0,3,3,3,8,,,,1.0,,,2983,Schwaches Baumholz_7,1341.3,1,not_young,0,0,0,Grono,1000_1500
,105650.0,4.0,Mittleres Baumholz,227.0,KA (7) / BI (3),KA (4) / BI (1) / HAS (5),colline with beech,2.0,1.6,,,,,,7,7,7,7,,1.0,,,,,2988,Mittleres Baumholz_2,353.5,0,not_young,0,0,0,Grono,300_500
,105651.0,3.0,Schwaches Baumholz,307.0,KA (9) / BI (1),KA (10),hyperinsubric,1.0,2.1,,,,,,6,6,6,6,,,1.0,,,,2989,Schwaches Baumholz_1,446.4,0,not_young,0,0,0,Grono,300_500
,105682.0,2.0,Stangenholz,59.0,,,colline with beech,2.0,1.2,,,,,,3,3,3,3,,,,,,,3014,Stangenholz_2,500.0,0,not_young,0,0,0,Grono,500_1000
,105683.0,3.0,Schwaches Baumholz,231.0,BU (3),,lower/upper montane,7.0,1.6,1.0,,,,,1,1,1,1,,,,,,,3015,Schwaches Baumholz_7,1007.8,1,not_young,0,0,0,Grono,1000_1500
,105684.0,4.0,Mittleres Baumholz,143.0,BU (2),,lower/upper montane,7.0,4.1,,,,,,3,1,3,3,1.0,,,,,,3016,Mittleres Baumholz_7,842.7999999999998,0,not_young,0,0,0,Grono,500_1000
,105685.0,3.0,Schwaches Baumholz,356.0,BU (1) / FI (4) / LA (2) / TA (2),,high-montane (main area of silver fir),10.0,2.0,,,,,1.0,3,3,3,8,,,,1.0,,,3017,Schwaches Baumholz_10,1449.8,1,not_young,0,0,0,Grono,1000_1500
,105686.0,4.0,Mittleres Baumholz,456.0,BU (4) / FI (2) / LA (3) / TA (1),,high-montane (main area of silver fir),10.0,1.0,,,,,1.0,3,3,3,8,,,,1.0,,,3018,Mittleres Baumholz_10,1480.7,1,not_young,0,0,0,Grono,1000_1500
,105687.0,4.0,Mittleres Baumholz,368.0,BU (2) / FI (1) / LA (2),,lower/upper montane,7.0,2.3,,,,,,3,1,3,3,1.0,,,,,,3019,Mittleres Baumholz_7,1191.9,1,not_young,0,0,0,Grono,1000_1500
,105688.0,4.0,Mittleres Baumholz,387.0,BU (1) / FI (6) / LA (1) / TA (2),,lower/upper montane,7.0,1.2,,,,,1.0,3,3,3,3,,,,0.0,,,3020,Mittleres Baumholz_7,1377.0,1,not_young,0,0,0,Grono,1000_1500
,105689.0,2.0,Stangenholz,147.0,BU (1),,lower/upper montane,7.0,2.4,0.0,,,,,3,1,3,3,1.0,,,,,,3021,Stangenholz_7,920.6,0,not_young,0,0,0,Grono,500_1000
,105696.0,2.0,Stangenholz,169.0,BAH (e) / SER (1) / ES (1) / WEI (8),BAH (e) / ES (2) / WEI (5) / BUL (e) / UST (3),colline with beech,2.0,0.2,1.0,,,,,1,1,1,1,,,,,,,3024,Stangenholz_2,313.9,0,not_young,0,0,0,Grono,300_500
,105697.0,3.0,Schwaches Baumholz,89.0,ES (2) / FI (e) / KA (6) / AS (e) / KI (e) / LI (2),ES (1) / FI (e) / KA (5) / KI (e) / LI (e) / HAS (3) / HOL (1),colline with beech,2.0,0.5,,,1.0,,,2,2,2,2,,,,,,,3025,Schwaches Baumholz_2,339.5,0,not_young,0,0,1,Grono,300_500
,105710.0,3.0,Schwaches Baumholz,234.0,SER (2) / KA (e) / BI (6) / OST (2) / LI (e),SER (e) / KA (e) / BI (2) / OST (1) / STP (1) / HAS (6),colline with beech,2.0,0.6,,,1.0,,,2,2,2,2,,,,,,,3036,Schwaches Baumholz_2,488.4,0,not_young,0,0,0,Grono,300_500
,105711.0,3.0,Schwaches Baumholz,188.0,,,colline with beech,2.0,0.6,,,,,,3,3,3,3,,,,,,,3037,Schwaches Baumholz_2,496.7,0,not_young,0,0,0,Grono,300_500
,105712.0,1.0,Jungwuchs/Dickung,158.0,,SER (2) / KA (4) / BI (4),hyperinsubric,1.0,0.3,,,1.0,,,2,2,2,2,,,,,,,3038,Jungwuchs/Dickung_1,412.4,0,young,0,0,0,Grono,300_500
,105713.0,3.0,Schwaches Baumholz,197.0,KA (3) / BI (7),FI (e) / KA (3) / BI (1) / STP (e) / HAS (6),colline with beech,2.0,1.0,,,,,,3,3,3,3,,,,,,,3039,Schwaches Baumholz_2,548.7,0,not_young,0,0,0,Grono,500_1000
,105714.0,2.0,Stangenholz,224.0,BU (8),,lower/upper montane,7.0,4.8,,,,,,3,1,3,3,1.0,,,,,,3040,Stangenholz_7,834.7,0,not_young,0,0,0,Grono,500_1000
,105715.0,3.0,Schwaches Baumholz,204.0,BU (5),,lower/upper montane,7.0,2.4,,,,,,3,1,3,3,1.0,,,,,,3041,Schwaches Baumholz_7,977.1,0,not_young,0,0,0,Grono,500_1000
,105736.0,3.0,Schwaches Baumholz,218.0,TEI (1) / WER (1) / AS (1) / KI (e) / LI (7),FAH (1) / BAH (1) / WER (e) / NU (e) / KI (e) / LI (1) / HAS (5) / UST (3),colline,3.0,0.7,,1.0,,,,3,3,4,4,,,,,,,3061,Schwaches Baumholz_3,303.8,0,not_young,0,0,0,Grono,300_500
,105737.0,3.0,Schwaches Baumholz,136.0,WER (e) / ES (5) / RO (1) / WEI (4),BAH (e) / TEI (e) / FI (e) / OST (e) / KI (e) / RO (1) / WEI (2) / HAS (7),colline with beech,2.0,0.3,,,,,,3,3,3,3,,,,,,,3062,Schwaches Baumholz_2,326.9,0,not_young,0,0,0,Grono,300_500
,105738.0,3.0,Schwaches Baumholz,166.0,SAH (e) / ES (7) / RO (2) / LI (1),SAH (1) / RO (2) / TAX (e) / HAS (7),colline with beech,2.0,0.4,,,,,,3,3,3,3,,,,,,,3063,Schwaches Baumholz_2,330.0,0,not_young,0,0,0,Grono,300_500
,105740.0,2.0,Stangenholz,42.0,ES (e) / KA (e) / AS (e) / KI (2) / RO (6) / LI (e) / WFO (2),FAH (e) / ES (e) / KI (1) / RO (7) / HAS (2),colline with beech,2.0,0.2,,,,,,3,3,3,3,,,,,,,3064,Stangenholz_2,324.2,0,not_young,0,0,0,Grono,300_500
,105761.0,4.0,Mittleres Baumholz,414.0,LA (9),,high-montane (main area of silver fir),10.0,0.7,1.0,,,,1.0,1,1,1,8,,,,1.0,,,3076,Mittleres Baumholz_10,1525.2,1,not_young,0,0,0,Grono,1500_2000
,105762.0,2.0,Stangenholz,302.0,FI (8),,high-montane (main area of silver fir),10.0,0.6,0.0,,,,1.0,3,3,3,3,,,,0.0,,,3077,Stangenholz_10,1527.2,1,not_young,0,0,0,Grono,1500_2000
,105763.0,4.0,Mittleres Baumholz,312.0,FI (2) / LA (8),,subalpine,8.0,0.9,0.0,,,,,3,1,3,3,1.0,,,,,,3078,Mittleres Baumholz_8,1724.3,1,not_young,0,0,0,Grono,1500_2000
,105764.0,3.0,Schwaches Baumholz,456.0,FI (7) / LA (3),,high-montane (main area of silver fir),10.0,1.4,1.0,,,,1.0,1,1,1,1,,,,0.0,,,3079,Schwaches Baumholz_10,1514.9,1,not_young,0,0,0,Grono,1500_2000
,105765.0,4.0,Mittleres Baumholz,485.0,FI (5) / LA (4) / TA (1),,high-montane (main area of silver fir),10.0,3.0,1.0,,,,1.0,1,1,1,1,,,,0.0,,,3080,Mittleres Baumholz_10,1492.8,1,not_young,0,0,0,Grono,1000_1500
,105766.0,3.0,Schwaches Baumholz,433.0,BU (2) / FI (4) / LA (1),,lower/upper montane,7.0,2.2,,,,,1.0,3,3,3,8,,,,1.0,,,3081,Schwaches Baumholz_7,1350.2,1,not_young,0,0,0,Grono,1000_1500
,105767.0,3.0,Schwaches Baumholz,397.0,BU (4),,lower/upper montane,7.0,0.9,,,,,1.0,3,3,3,3,,,,0.0,,,3082,Schwaches Baumholz_7,1215.5,1,not_young,0,0,0,Grono,1000_1500
,105768.0,2.0,Stangenholz,196.0,BU (3) / FI (1),,lower/upper montane,7.0,1.5,,,,,1.0,3,3,3,3,,,,0.0,,,3083,Stangenholz_7,1131.4,1,not_young,0,0,0,Grono,1000_1500
,105769.0,2.0,Stangenholz,312.0,BU (5) / FI (1) / LA (1) / TA (1),,lower/upper montane,7.0,0.9,,,,,1.0,3,3,3,8,,,,1.0,,,3084,Stangenholz_7,1316.4,1,not_young,0,0,0,Grono,1000_1500
,105770.0,4.0,Mittleres Baumholz,455.0,BU (1) / FI (3) / LA (3) / TA (2),,lower/upper montane,7.0,1.4,0.0,,,,1.0,3,3,3,8,,,,1.0,,,3085,Mittleres Baumholz_7,1459.1,1,not_young,0,0,0,Grono,1000_1500
,105771.0,2.0,Stangenholz,346.0,BU (3),,lower/upper montane,7.0,0.8,1.0,,,,1.0,1,1,1,1,,,,0.0,,,3086,Stangenholz_7,1379.5,1,not_young,0,0,0,Grono,1000_1500
,105772.0,5.0,Starkes Baumholz,487.0,FI (5) / LA (3) / TA (2),,lower/upper montane,7.0,4.2,1.0,,,,,1,1,1,1,,,,,,,3087,Starkes Baumholz_7,1478.5,1,not_young,0,0,0,Grono,1000_1500
,105775.0,3.0,Schwaches Baumholz,365.0,FI (5) / LA (3),,high-montane (main area of silver fir),10.0,0.5,1.0,,,,,1,1,1,1,,,,,,,3088,Schwaches Baumholz_10,1515.6,1,not_young,0,0,0,Grono,1500_2000
,105776.0,2.0,Stangenholz,116.0,BU (7),,lower/upper montane,7.0,0.3,0.0,,,,,3,3,3,3,,,,,,,3089,Stangenholz_7,1158.3,1,not_young,0,0,0,Grono,1000_1500
,105777.0,3.0,Schwaches Baumholz,302.0,BU (3) / TA (1),,lower/upper montane,7.0,0.7,1.0,,,,,1,1,1,1,,,,,,,3090,Schwaches Baumholz_7,1266.9,1,not_young,0,0,0,Grono,1000_1500
,105778.0,5.0,Starkes Baumholz,318.0,FI (8) / LA (2),,high-montane (main area of silver fir),10.0,1.6,1.0,,,,,1,1,1,1,,,,,,,3091,Starkes Baumholz_10,1585.5,1,not_young,0,0,0,Grono,1500_2000
,105779.0,3.0,Schwaches Baumholz,353.0,FI (3),,high-montane (main area of silver fir),10.0,0.5,1.0,,,,,1,1,1,1,,,,,,,3092,Schwaches Baumholz_10,1464.4,1,not_young,0,0,0,Grono,1000_1500
,105780.0,5.0,Starkes Baumholz,470.0,BU (2),,lower/upper montane,7.0,0.7,1.0,,,,,1,1,1,1,,,,,,,3093,Starkes Baumholz_7,1419.4,1,not_young,0,0,0,Grono,1000_1500
,105781.0,5.0,Starkes Baumholz,489.0,BU (1) / FI (6) / LA (2),,lower/upper montane,7.0,0.6,1.0,,,,,1,1,1,1,,,,,,,3094,Starkes Baumholz_7,1403.2,1,not_young,0,0,0,Grono,1000_1500
,105782.0,2.0,Stangenholz,65.0,,,lower/upper montane,7.0,0.7,1.0,,,,,1,1,1,1,,,,,,,3095,Stangenholz_7,1235.3,1,not_young,0,0,0,Grono,1000_1500
,105783.0,2.0,Stangenholz,161.0,,,lower/upper montane,7.0,2.7,1.0,,,,,1,1,1,1,,,,,,,3096,Stangenholz_7,1271.5,1,not_young,0,0,0,Grono,1000_1500
,105784.0,3.0,Schwaches Baumholz,265.0,BU (4) / FI (2) / LA (1),,lower/upper montane,7.0,0.6,1.0,,,,,1,1,1,1,,,,,,,3097,Schwaches Baumholz_7,1376.8,1,not_young,0,0,0,Grono,1000_1500
,105875.0,3.0,Schwaches Baumholz,171.0,FI (1) / KA (3) / RO (5) / WFO (1),FI (1) / KA (3) / RO (3) / HAS (3),colline with beech,2.0,1.1,,,1.0,,,6,6,6,6,,,1.0,,,,3107,Schwaches Baumholz_2,370.0,0,not_young,0,0,0,Grono,300_500
,105913.0,4.0,Mittleres Baumholz,223.0,FI (4) / LA (6),,subalpine,8.0,2.6,1.0,,,,,1,1,1,1,,,,,,,3131,Mittleres Baumholz_8,1713.5,1,not_young,0,0,0,Grono,1500_2000
,105915.0,3.0,Schwaches Baumholz,280.0,FI (3) / LA (3) / TA (2),,high-montane (main area of silver fir),10.0,2.1,1.0,,,,,1,1,1,1,,,,,,,3133,Schwaches Baumholz_10,1601.4,1,not_young,0,0,0,Grono,1500_2000
,105916.0,2.0,Stangenholz,203.0,FI (4) / LA (4) / TA (2),,high-montane (main area of silver fir),10.0,2.5,1.0,,,,,1,1,1,1,,,,,,,3134,Stangenholz_10,1554.6,1,not_young,0,0,0,Grono,1500_2000
,105918.0,3.0,Schwaches Baumholz,301.0,FI (3) / LA (5),,high-montane (main area of silver fir),10.0,3.6,1.0,,,,,1,1,1,1,,,,,,,3136,Schwaches Baumholz_10,1626.1,1,not_young,0,0,0,Grono,1500_2000
,105919.0,3.0,Schwaches Baumholz,220.0,FI (3) / LA (2) / TA (2),,subalpine,8.0,2.9,1.0,,,,,1,1,1,1,,,,,,,3137,Schwaches Baumholz_8,1657.2,1,not_young,0,0,0,Grono,1500_2000
,105935.0,2.0,Stangenholz,199.0,,,hyperinsubric,1.0,1.2,,,,,,3,3,3,3,,,,,,,3150,Stangenholz_1,434.8,0,not_young,0,0,0,Grono,300_500
,105937.0,4.0,Mittleres Baumholz,239.0,,,colline,3.0,1.3,,,,,,3,3,3,3,,,,,,,3151,Mittleres Baumholz_3,452.0,0,not_young,0,0,0,Grono,300_500
,105947.0,4.0,Mittleres Baumholz,231.0,TEI (e) / ES (1) / FI (e) / KA (6) / KI (e) / RO (1) / LI (1) / WEY (e) / WFO (1),ES (e) / FI (1) / KA (9) / HAS (2),hyperinsubric,1.0,0.9,,,1.0,,,6,6,6,6,,,1.0,,,,3159,Mittleres Baumholz_1,419.2,0,not_young,0,0,0,Grono,300_500
,105981.0,4.0,Mittleres Baumholz,147.0,FI (6) / LA (3),,high-montane (main area of silver fir),10.0,1.0,1.0,,,,,1,1,1,1,,,,,,,3187,Mittleres Baumholz_10,1662.3,1,not_young,0,0,0,Grono,1500_2000
,105982.0,2.0,Stangenholz,116.0,FI (2) / LA (4) / TA (1),,high-montane (main area of silver fir),10.0,0.5,1.0,,,,,1,1,1,1,,,,,,,3188,Stangenholz_10,1604.2,1,not_young,0,0,0,Grono,1500_2000
,105984.0,2.0,Stangenholz,135.0,BU (8),,subalpine,8.0,0.8,1.0,,,,,1,1,1,1,,,,,,,3189,Stangenholz_8,1716.6,1,not_young,0,0,0,Grono,1500_2000
,106099.0,1.0,Jungwuchs/Dickung,82.0,,ES (4) / FI (e) / KA (2) / RO (3) / HAS (1),colline with beech,2.0,0.2,,,1.0,,,6,6,6,6,,,1.0,,,,3223,Jungwuchs/Dickung_2,346.9,0,young,0,0,0,Grono,300_500
,106101.0,4.0,Mittleres Baumholz,317.0,FI (5) / LA (4) / TA (1),,high-montane (main area of silver fir),10.0,2.4,1.0,,,,,1,1,1,1,,,,,,,3225,Mittleres Baumholz_10,1534.5,1,not_young,0,0,0,Grono,1500_2000
,106102.0,4.0,Mittleres Baumholz,254.0,FI (3) / LA (3) / TA (1),,lower/upper montane,7.0,1.1,1.0,,,,,1,1,1,1,,,,,,,3226,Mittleres Baumholz_7,1342.3,1,not_young,0,0,0,Grono,1000_1500
,106109.0,3.0,Schwaches Baumholz,309.0,AS (2) / WEI (3) / LI (2) / UST (3),UST (10),colline,3.0,1.6,1.0,,1.0,,,2,1,2,2,,,,,,,3228,Schwaches Baumholz_3,315.9,0,not_young,0,0,0,Grono,300_500
,106110.0,2.0,Stangenholz,353.0,WER (8) / WEI (2) / LI (e),BAH (e) / TEI (e) / WER (1) / RO (1) / WEI (2) / LI (1) / UST (5),colline,3.0,0.3,1.0,,1.0,,,2,1,2,2,,,,,,,3229,Stangenholz_3,314.8,0,not_young,0,0,0,Grono,300_500
,106111.0,2.0,Stangenholz,114.0,,,colline,3.0,0.4,,,,,,3,3,3,3,,,,,,,3230,Stangenholz_3,310.7,0,not_young,0,0,0,Grono,300_500
,106119.0,3.0,Schwaches Baumholz,154.0,,,colline with beech,2.0,2.7,,,,,,3,1,3,3,1.0,,,,,,3233,Schwaches Baumholz_2,595.6,0,not_young,0,0,0,Grono,500_1000
,106120.0,1.0,Jungwuchs/Dickung,206.0,,,colline with beech,2.0,1.4,,,,,,3,1,3,3,1.0,,,,,,3234,Jungwuchs/Dickung_2,776.2999999999998,0,young,0,0,0,Grono,500_1000
,106139.0,3.0,Schwaches Baumholz,155.0,,,colline with beech,2.0,0.9,,,,,,3,3,3,3,,,,,,,3250,Schwaches Baumholz_2,459.2,0,not_young,0,0,0,Grono,300_500
,106140.0,4.0,Mittleres Baumholz,283.0,SER (2) / KA (7) / BI (1),SER (1) / KA (5) / HAS (4),colline with beech,2.0,4.0,,,,,,3,3,3,3,,,,,,,3251,Mittleres Baumholz_2,384.0,0,not_young,0,0,0,Grono,300_500
,106141.0,3.0,Schwaches Baumholz,190.0,SER (5) / ES (e) / KA (3) / BI (2),SER (3) / ES (e) / KA (4) / BI (1) / HAS (2),colline,3.0,2.0,,,,,,3,3,3,3,,,,,,,3252,Schwaches Baumholz_3,395.5,0,not_young,0,0,0,Grono,300_500
,106142.0,4.0,Mittleres Baumholz,286.0,KA (10),KA (9) / HAS (1),colline with beech,2.0,2.1,,,,,,7,7,7,7,,1.0,,,,,3253,Mittleres Baumholz_2,366.1,0,not_young,0,0,0,Grono,300_500
,106143.0,4.0,Mittleres Baumholz,302.0,KA (10),KA (8) / HAS (2),colline with beech,2.0,0.7,,,,,,7,7,7,7,,1.0,,,,,3254,Mittleres Baumholz_2,372.2,0,not_young,0,0,0,Grono,300_500
,106155.0,3.0,Schwaches Baumholz,180.0,BU (5),,lower/upper montane,7.0,1.9,,,,,,3,1,3,3,1.0,,,,,,3266,Schwaches Baumholz_7,797.2,0,not_young,0,0,0,Grono,500_1000
,106301.0,2.0,Stangenholz,283.0,BU (3) / FI (2) / LA (2) / TA (1),,lower/upper montane,7.0,1.0,1.0,,,,,1,1,1,1,,,,,,,3322,Stangenholz_7,1317.4,1,not_young,0,0,0,Grono,1000_1500
,106302.0,2.0,Stangenholz,340.0,BU (2) / FI (2) / LA (3) / TA (1),,lower/upper montane,7.0,0.4,1.0,,,,,1,1,1,1,,,,,,,3323,Stangenholz_7,1262.4,1,not_young,0,0,0,Grono,1000_1500
,106303.0,3.0,Schwaches Baumholz,228.0,FI (3) / LA (4) / TA (2),,lower/upper montane,7.0,0.9,1.0,,,,,1,1,1,1,,,,,,,3324,Schwaches Baumholz_7,1433.0,1,not_young,0,0,0,Grono,1000_1500
,106311.0,5.0,Starkes Baumholz,194.0,KA (7) / BI (2) / OST (1),KA (1) / BI (1) / OST (e) / HAS (8),colline with beech,2.0,4.4,,,,,,7,7,7,7,,1.0,,,,,3328,Starkes Baumholz_2,351.4,0,not_young,0,0,0,Grono,300_500
,106312.0,2.0,Stangenholz,159.0,,,colline with beech,2.0,1.5,,,,,,3,3,3,3,,,,,,,3329,Stangenholz_2,654.9,0,not_young,0,0,0,Grono,500_1000
,106313.0,2.0,Stangenholz,310.0,BU (2) / FI (2) / LA (2),,lower/upper montane,7.0,0.7,,,,,,3,1,3,3,1.0,,,,,,3330,Stangenholz_7,1152.2,1,not_young,0,0,0,Grono,1000_1500
,106325.0,2.0,Stangenholz,115.0,,,lower/upper montane,7.0,1.5,0.0,,,,,3,1,3,3,1.0,,,,,,3336,Stangenholz_7,885.6,0,not_young,0,0,0,Grono,500_1000
,106326.0,2.0,Stangenholz,95.0,,,colline with beech,2.0,3.4,0.0,,,,,3,1,3,3,1.0,,,,,,3337,Stangenholz_2,686.7,0,not_young,0,0,0,Grono,500_1000
,106356.0,4.0,Mittleres Baumholz,159.0,BU (2) / FI (3) / LA (1),,lower/upper montane,7.0,1.8,,,,,,3,1,3,3,1.0,,,,,,3365,Mittleres Baumholz_7,822.2,0,not_young,0,0,0,Grono,500_1000
,106384.0,3.0,Schwaches Baumholz,128.0,ES (4) / WEI (6),ES (4) / WEI (3) / UST (3),colline,3.0,1.0,1.0,,1.0,,,2,1,2,2,,,,,,,3388,Schwaches Baumholz_3,317.5,0,not_young,0,0,0,Grono,300_500
,106512.0,4.0,Mittleres Baumholz,307.0,BU (5) / LA (1),,lower/upper montane,7.0,1.6,,,,,,3,1,3,3,1.0,,,,,,3443,Mittleres Baumholz_7,1120.8,1,not_young,0,0,0,Grono,1000_1500
,106583.0,3.0,Schwaches Baumholz,355.0,BAH (e) / WER (1) / AS (7) / WEI (1) / LI (1),BAH (e) / WER (e) / ES (2) / WEI (1) / LI (e) / HAS (4) / UST (3),colline,3.0,1.3,1.0,,1.0,,,2,1,2,2,,,,,,,3491,Schwaches Baumholz_3,316.8,0,not_young,0,0,0,Grono,300_500
,106585.0,3.0,Schwaches Baumholz,130.0,WER (2) / ES (3) / NU (e) / AS (1) / RO (e) / WEI (4) / LI (e) / BUL (e),WER (1) / ES (2) / WEI (3) / UST (4),colline,3.0,2.1,1.0,,1.0,,,2,1,2,2,,,,,,,3492,Schwaches Baumholz_3,319.8,0,not_young,0,0,0,Grono,300_500
,106608.0,2.0,Stangenholz,157.0,BU (2) / FI (2) / LA (2),,high-montane (main area of silver fir),10.0,2.8,1.0,,,,,1,1,1,1,,,,,,,3504,Stangenholz_10,1495.9,1,not_young,0,0,0,Grono,1000_1500
,106622.0,5.0,Starkes Baumholz,472.0,FI (8) / LA (2),,lower/upper montane,7.0,2.3,1.0,,,,,1,1,1,1,,,,,,,3505,Starkes Baumholz_7,1485.3,1,not_young,0,0,0,Grono,1000_1500
,106698.0,4.0,Mittleres Baumholz,239.0,KA (7) / BI (3),KA (5) / BI (2) / STP (1) / HAS (2),hyperinsubric,1.0,3.8,,,,,,7,7,7,7,,1.0,,,,,3525,Mittleres Baumholz_1,413.5,0,not_young,0,0,0,Grono,300_500
,106699.0,5.0,Starkes Baumholz,241.0,KA (10),KA (7) / BI (2) / OST (1) / ULB (e),colline with beech,2.0,0.8,,,,,,7,7,7,7,,1.0,,,,,3526,Starkes Baumholz_2,329.2,0,not_young,0,0,0,Grono,300_500
,106700.0,4.0,Mittleres Baumholz,186.0,,,colline with beech,2.0,0.4,,,,,,7,7,7,7,,1.0,,,,,3527,Mittleres Baumholz_2,332.6,0,not_young,0,0,0,Grono,300_500
,106701.0,3.0,Schwaches Baumholz,380.0,SER (9) / ES (e) / KA (e) / BI (1) / AS (e),ES (1) / HAS (9),colline with beech,2.0,1.5,,,1.0,,,2,2,2,2,,,,,,,3528,Schwaches Baumholz_2,334.6,0,not_young,0,0,0,Grono,300_500
,106702.0,2.0,Stangenholz,171.0,SER (e) / KA (e) / BI (10),BI (10),colline,3.0,0.8,,,,,,3,3,3,3,,,,,,,3529,Stangenholz_3,438.3,0,not_young,0,0,0,Grono,300_500
,106703.0,3.0,Schwaches Baumholz,219.0,TEI (e) / ES (e) / KA (2) / BI (8) / KI (e),ES (2) / KA (1) / BI (5) / KI (e) / HAS (2),colline,3.0,1.3,,,,,,3,3,3,3,,,,,,,3530,Schwaches Baumholz_3,384.9,0,not_young,0,0,0,Grono,300_500
,106760.0,2.0,Stangenholz,174.0,BU (8),,colline with beech,2.0,1.8,,,,,,3,1,3,3,1.0,,,,,,3561,Stangenholz_2,728.5,0,not_young,0,0,0,Grono,500_1000
,106777.0,1.0,Jungwuchs/Dickung,0.0,,WER (3) / BI (4) / AS (3),colline,3.0,0.7,1.0,,1.0,,,2,1,2,2,,,,,,,3574,Jungwuchs/Dickung_3,315.2,0,young,0,0,0,Grono,300_500
,106778.0,2.0,Stangenholz,80.0,WER (2) / BI (1) / AS (2) / WEI (5),WER (3) / AS (1) / WEI (3) / UST (3),colline,3.0,0.2,1.0,,1.0,,,2,1,2,2,,,,,,,3575,Stangenholz_3,315.1,0,not_young,0,0,0,Grono,300_500
,106798.0,3.0,Schwaches Baumholz,187.0,FI (1) / LA (3) / TA (3),,high-montane (main area of silver fir),10.0,1.1,1.0,,,,,1,1,1,1,,,,,,,3590,Schwaches Baumholz_10,1464.4,1,not_young,0,0,0,Grono,1000_1500
,106799.0,2.0,Stangenholz,261.0,FI (4) / LA (4),,lower/upper montane,7.0,0.7,,,,,1.0,3,3,3,8,,,,1.0,,,3591,Stangenholz_7,1441.7,1,not_young,0,0,0,Grono,1000_1500
,106800.0,2.0,Stangenholz,330.0,,,lower/upper montane,7.0,0.7,,,,,,3,1,3,3,1.0,,,,,,3592,Stangenholz_7,1453.0,1,not_young,0,0,0,Grono,1000_1500
,106801.0,4.0,Mittleres Baumholz,290.0,LA (10),,high-montane (main area of silver fir),10.0,1.1,0.0,,,,,3,1,3,3,1.0,,,,,,3593,Mittleres Baumholz_10,1567.7,1,not_young,0,0,0,Grono,1500_2000
,106802.0,3.0,Schwaches Baumholz,255.0,,,lower/upper montane,7.0,0.5,,,,,,3,1,3,3,1.0,,,,,,3594,Schwaches Baumholz_7,1461.7,1,not_young,0,0,0,Grono,1000_1500
,106804.0,4.0,Mittleres Baumholz,525.0,FI (8) / LA (2),,lower/upper montane,7.0,1.3,,,,,1.0,3,3,3,8,,,,1.0,,,3595,Mittleres Baumholz_7,1456.6,1,not_young,0,0,0,Grono,1000_1500
,106805.0,4.0,Mittleres Baumholz,505.0,FI (1) / LA (9),,subalpine,8.0,1.5,1.0,,,,,1,1,1,1,,,,,,,3596,Mittleres Baumholz_8,1733.8,1,not_young,0,0,0,Grono,1500_2000
,106812.0,1.0,Jungwuchs/Dickung,197.0,BU (3) / FI (1) / LA (1),,lower/upper montane,7.0,1.1,1.0,,,,,1,1,1,1,,,,,,,3597,Jungwuchs/Dickung_7,1219.1,1,young,0,0,0,Grono,1000_1500
,106813.0,5.0,Starkes Baumholz,414.0,BU (1) / FI (4) / LA (2) / TA (1),,lower/upper montane,7.0,3.1,1.0,,,,,1,1,1,1,,,,,,,3598,Starkes Baumholz_7,1385.5,1,not_young,0,0,0,Grono,1000_1500
,106814.0,5.0,Starkes Baumholz,484.0,BU (1) / FI (3) / LA (3) / TA (2),,lower/upper montane,7.0,1.7,1.0,,,,,1,1,1,1,,,,,,,3599,Starkes Baumholz_7,1222.8,1,not_young,0,0,0,Grono,1000_1500
,106815.0,3.0,Schwaches Baumholz,319.0,BU (3),,lower/upper montane,7.0,0.4,1.0,,,,,1,1,1,1,,,,,,,3600,Schwaches Baumholz_7,1277.7,1,not_young,0,0,0,Grono,1000_1500
,106816.0,3.0,Schwaches Baumholz,272.0,BU (2) / TA (1),,lower/upper montane,7.0,1.9,1.0,,,,,1,1,1,1,,,,,,,3601,Schwaches Baumholz_7,1296.1,1,not_young,0,0,0,Grono,1000_1500
,106817.0,2.0,Stangenholz,252.0,BU (3) / FI (1),,lower/upper montane,7.0,0.8,,,,,1.0,3,3,3,8,,,,1.0,,,3602,Stangenholz_7,1180.3,1,not_young,0,0,0,Grono,1000_1500
,106818.0,2.0,Stangenholz,348.0,BU (3) / FI (4),,lower/upper montane,7.0,1.1,,,,,,3,3,3,3,,,,,,,3603,Stangenholz_7,1058.8,1,not_young,0,0,0,Grono,1000_1500
,106819.0,3.0,Schwaches Baumholz,287.0,BU (3) / FI (1),,lower/upper montane,7.0,1.9,,,,,,3,3,3,3,,,,,,,3604,Schwaches Baumholz_7,1085.0,1,not_young,0,0,0,Grono,1000_1500
,106820.0,2.0,Stangenholz,290.0,FI (6) / LA (2),,lower/upper montane,7.0,0.6,,,,,1.0,3,3,3,8,,,,1.0,,,3605,Stangenholz_7,1048.1,1,not_young,0,0,0,Grono,1000_1500
,106821.0,2.0,Stangenholz,223.0,BU (2) / FI (4) / TA (4),,lower/upper montane,7.0,0.8,,,,,1.0,3,3,3,8,,,,1.0,,,3606,Stangenholz_7,1066.2,1,not_young,0,0,0,Grono,1000_1500
,106830.0,2.0,Stangenholz,77.0,,,lower/upper montane,7.0,0.3,1.0,,,,,1,1,1,1,,,,,,,3610,Stangenholz_7,1399.4,1,not_young,0,0,0,Grono,1000_1500
,106831.0,2.0,Stangenholz,200.0,BU (2) / FI (2),,lower/upper montane,7.0,1.3,1.0,,,,,1,1,1,1,,,,,,,3611,Stangenholz_7,1000.8,1,not_young,0,0,0,Grono,1000_1500
,106926.0,3.0,Schwaches Baumholz,231.0,FI (1) / KA (8) / KI (e) / WFO (1),FI (1) / KA (7) / HAS (2),colline,3.0,2.1,,,1.0,,,6,6,6,6,,,1.0,,,,3640,Schwaches Baumholz_3,437.4,0,not_young,0,0,0,Grono,300_500
,106975.0,3.0,Schwaches Baumholz,308.0,BAH (e) / TEI (e) / ES (5) / FI (e) / AS (1) / KI (e) / RO (2) / WEI (2) / BUL (e),ES (3) / RO (2) / UST (5),colline,3.0,1.2,,,,,,3,3,3,3,,,,,,,3675,Schwaches Baumholz_3,319.5,0,not_young,0,0,0,Grono,300_500
,106980.0,2.0,Stangenholz,189.0,ES (6) / FI (e) / KA (2) / LI (2) / TAX (e),ES (4) / FI (e) / KA (1) / LI (e) / ULB (2) / TAX (e) / STP (e) / HAS (1) / UST (2),colline,3.0,0.3,,,1.0,,,2,2,2,2,,,,,,,3678,Stangenholz_3,377.9,0,not_young,0,0,1,Grono,300_500
,106981.0,3.0,Schwaches Baumholz,147.0,ES (e) / FI (e) / KA (4) / KI (1) / LI (5),ES (e) / FI (e) / KA (7) / LI (e) / HAS (3),colline,3.0,0.4,,,,,,3,3,3,3,,,,,,,3679,Schwaches Baumholz_3,375.2,0,not_young,0,0,0,Grono,300_500
,106982.0,2.0,Stangenholz,183.0,TEI (e) / ES (9) / KA (e) / NU (e) / KI (e) / LI (1),BAH (e) / ES (2) / KA (e) / KI (e) / HAS (4) / UST (4),colline with beech,2.0,0.4,,,,,,3,3,3,3,,,,,,,3680,Stangenholz_2,321.1,0,not_young,0,0,0,Grono,300_500
,106983.0,3.0,Schwaches Baumholz,119.0,WER (1) / ES (3) / BI (e) / AS (1) / KI (e) / RO (2) / WEI (2) / LI (1),BAH (e) / WER (1) / ES (2) / KI (e) / RO (1) / WEI (1) / LI (1) / HAS (4),colline,3.0,1.0,,,,,,3,3,3,3,,,,,,,3681,Schwaches Baumholz_3,312.0,0,not_young,0,0,0,Grono,300_500
,106984.0,3.0,Schwaches Baumholz,357.0,ES (1) / NU (1) / RO (7) / LI (1) / STP (e),SAH (2) / RO (2) / TAX (e) / HAS (3) / UST (3),colline with beech,2.0,0.5,,,,,,3,3,3,3,,,,,,,3682,Schwaches Baumholz_2,333.5,0,not_young,0,0,0,Grono,300_500
,107004.0,4.0,Mittleres Baumholz,216.0,,,colline,3.0,0.5,,,,,,3,3,3,3,,,,,,,3698,Mittleres Baumholz_3,435.4,0,not_young,0,0,0,Grono,300_500
,107006.0,2.0,Stangenholz,50.0,,,colline with beech,2.0,1.6,0.0,,,,,3,1,3,3,1.0,,,,,,3699,Stangenholz_2,755.5,0,not_young,0,0,0,Grono,500_1000
,107007.0,2.0,Stangenholz,180.0,,,colline with beech,2.0,1.8,,,,,,3,1,3,3,1.0,,,,,,3700,Stangenholz_2,504.2,0,not_young,0,0,0,Grono,500_1000
,107008.0,2.0,Stangenholz,130.0,,,colline with beech,2.0,2.2,0.0,,,,,3,1,3,3,1.0,,,,,,3701,Stangenholz_2,628.9,0,not_young,0,0,0,Grono,500_1000
,107009.0,3.0,Schwaches Baumholz,217.0,,,colline with beech,2.0,0.7,,,,,,3,3,3,3,,,,,,,3702,Schwaches Baumholz_2,542.1,0,not_young,0,0,0,Grono,500_1000
,107010.0,2.0,Stangenholz,90.0,,,colline with beech,2.0,3.5,,,,,,3,1,3,3,1.0,,,,,,3703,Stangenholz_2,669.9,0,not_young,0,0,0,Grono,500_1000
,107144.0,2.0,Stangenholz,210.0,TEI (2) / KA (7) / BI (1),TEI (e) / KA (10) / BI (e),colline,3.0,1.3,,,1.0,,,2,2,2,2,,,,,,,3763,Stangenholz_3,497.4,0,not_young,0,0,1,Grono,300_500
,107145.0,3.0,Schwaches Baumholz,163.0,ES (e) / FI (e) / KA (8) / KI (1) / RO (1) / LI (e) / WFO (e),ES (e) / FI (e) / KA (6) / KI (1) / RO (1) / LI (e) / STP (e) / HAS (2),colline with beech,2.0,0.7,,,1.0,,,6,6,6,6,,,1.0,,,,3764,Schwaches Baumholz_2,341.8,0,not_young,0,0,0,Grono,300_500
,107146.0,1.0,Jungwuchs/Dickung,111.0,WFO (e),FI (e) / KA (4) / NU (4) / KI (1) / RO (1),colline with beech,2.0,0.3,,,1.0,,,6,6,6,6,,,1.0,,,,3765,Jungwuchs/Dickung_2,370.0,0,young,0,0,0,Grono,300_500
,107182.0,3.0,Schwaches Baumholz,227.0,REI (e) / ES (e) / BI (e) / KI (1) / RO (e) / LI (1) / HAS (1) / WFO (7),SAH (e) / TEI (e) / ES (1) / KI (1) / RO (2) / LI (1) / HAS (5),colline with beech,2.0,0.6,,1.0,,,,3,3,4,4,,,,,,,3787,Schwaches Baumholz_2,318.5,0,not_young,0,0,0,Grono,300_500
,107183.0,3.0,Schwaches Baumholz,172.0,ES (e) / KA (10) / KI (e) / WFO (e),FI (e) / KA (8) / HAS (2),colline with beech,2.0,1.1,,,1.0,,,6,6,6,6,,,1.0,,,,3788,Schwaches Baumholz_2,346.1,0,not_young,0,0,0,Grono,300_500
,107210.0,5.0,Starkes Baumholz,468.0,BU (1) / FI (5) / LA (3),,lower/upper montane,7.0,2.8,,,,,1.0,3,3,3,8,,,,1.0,,,3809,Starkes Baumholz_7,993.1,0,not_young,0,0,0,Grono,500_1000
,107303.0,2.0,Stangenholz,49.0,BU (2),,colline with beech,2.0,2.2,,,,,,3,1,3,3,1.0,,,,,,3832,Stangenholz_2,611.4,0,not_young,0,0,0,Grono,500_1000
,107304.0,2.0,Stangenholz,153.0,,,colline with beech,2.0,1.8,,,,,,3,3,3,3,,,,,,,3833,Stangenholz_2,695.9,0,not_young,0,0,0,Grono,500_1000
,107305.0,2.0,Stangenholz,127.0,,,colline with beech,2.0,0.8,,,,,,3,3,3,3,,,,,,,3834,Stangenholz_2,618.0,0,not_young,0,0,0,Grono,500_1000
,107307.0,2.0,Stangenholz,339.0,SER (e) / WER (3) / ES (2) / AS (1) / RO (1) / WEI (2) / LI (1),TEI (e) / WER (2) / ES (2) / RO (e) / WEI (1) / LI (e) / HAS (3) / UST (2),colline,3.0,3.7,1.0,,1.0,,,2,1,2,2,,,,,,,3835,Stangenholz_3,316.6,0,not_young,0,0,0,Grono,300_500
,107314.0,2.0,Stangenholz,152.0,,,colline with beech,2.0,0.7,,,1.0,,,2,2,2,2,,,,,,,3842,Stangenholz_2,694.6,0,not_young,0,0,0,Grono,500_1000
,107315.0,4.0,Mittleres Baumholz,198.0,FI (3) / LA (6),,subalpine,8.0,2.1,1.0,,,,,1,1,1,1,,,,,,,3843,Mittleres Baumholz_8,1705.5,1,not_young,0,0,0,Grono,1500_2000
,107336.0,3.0,Schwaches Baumholz,297.0,BU (3) / FI (1) / LA (2) / TA (2),,lower/upper montane,7.0,4.9,,,,,,3,1,3,3,1.0,,,,,,3860,Schwaches Baumholz_7,1176.4,1,not_young,0,0,0,Grono,1000_1500
,107340.0,5.0,Starkes Baumholz,235.0,KA (10),KA (10),colline with beech,2.0,1.2,,,,,,7,7,7,7,,1.0,,,,,3863,Starkes Baumholz_2,312.2,0,not_young,0,0,0,Grono,300_500
,107365.0,2.0,Stangenholz,225.0,,,lower/upper montane,7.0,1.8,,,,,,3,1,3,3,1.0,,,,,,3881,Stangenholz_7,983.7,0,not_young,0,0,0,Grono,500_1000
,107366.0,4.0,Mittleres Baumholz,342.0,BU (6) / FI (2),,lower/upper montane,7.0,1.5,0.0,,,,1.0,3,3,3,8,,,,1.0,,,3882,Mittleres Baumholz_7,1197.0,1,not_young,0,0,0,Grono,1000_1500
,107367.0,3.0,Schwaches Baumholz,270.0,FI (2) / LA (4),,high-montane (main area of silver fir),10.0,2.7,1.0,,,,,1,1,1,1,,,,,,,3883,Schwaches Baumholz_10,1538.5,1,not_young,0,0,0,Grono,1500_2000
,107384.0,3.0,Schwaches Baumholz,297.0,FI (4) / LA (5) / TA (1),,high-montane (main area of silver fir),10.0,0.7,1.0,,,,,1,1,1,1,,,,,,,3896,Schwaches Baumholz_10,1589.9,1,not_young,0,0,0,Grono,1500_2000
,107387.0,2.0,Stangenholz,218.0,BU (2) / LA (2),,high-montane (main area of silver fir),10.0,1.8,1.0,,,,,1,1,1,1,,,,,,,3897,Stangenholz_10,1493.7,1,not_young,0,0,0,Grono,1000_1500
,107389.0,2.0,Stangenholz,92.0,BU (3) / FI (2) / TA (3),,high-montane (main area of silver fir),10.0,0.8,1.0,,,,,1,1,1,1,,,,,,,3898,Stangenholz_10,1490.1,1,not_young,0,0,0,Grono,1000_1500
,107480.0,3.0,Schwaches Baumholz,121.0,BU (3) / FI (2) / LA (3),,lower/upper montane,7.0,2.3,,,,,,3,1,3,3,1.0,,,,,,3914,Schwaches Baumholz_7,840.5,0,not_young,0,0,0,Grono,500_1000
,107481.0,2.0,Stangenholz,59.0,,,lower/upper montane,7.0,0.9,,,,,,3,1,3,3,1.0,,,,,,3915,Stangenholz_7,856.0,0,not_young,0,0,0,Grono,500_1000
,107482.0,3.0,Schwaches Baumholz,104.0,,,lower/upper montane,7.0,1.1,1.0,,,,,1,1,1,1,,,,,,,3916,Schwaches Baumholz_7,957.9,0,not_young,0,0,0,Grono,500_1000
,107483.0,2.0,Stangenholz,76.0,,,lower/upper montane,7.0,0.7,1.0,,,,,1,1,1,1,,,,,,,3917,Stangenholz_7,862.2,0,not_young,0,0,0,Grono,500_1000
,107484.0,2.0,Stangenholz,58.0,,,colline with beech,2.0,1.4,1.0,,,,,1,1,1,1,,,,,,,3918,Stangenholz_2,757.6,0,not_young,0,0,0,Grono,500_1000
,107485.0,2.0,Stangenholz,181.0,,,lower/upper montane,7.0,0.5,1.0,,,,,1,1,1,1,,,,,,,3919,Stangenholz_7,996.2,0,not_young,0,0,0,Grono,500_1000
,107486.0,2.0,Stangenholz,98.0,,,colline with beech,2.0,1.8,1.0,,,,,1,1,1,1,,,,,,,3920,Stangenholz_2,710.3,0,not_young,0,0,0,Grono,500_1000
,107487.0,2.0,Stangenholz,79.0,,,colline with beech,2.0,1.4,,,,,,3,1,3,3,1.0,,,,,,3921,Stangenholz_2,714.3,0,not_young,0,0,0,Grono,500_1000
,107505.0,2.0,Stangenholz,79.0,BU (2),,lower/upper montane,7.0,3.0,0.0,,,,,3,1,3,3,1.0,,,,,,3929,Stangenholz_7,967.7,0,not_young,0,0,0,Grono,500_1000
,107506.0,3.0,Schwaches Baumholz,147.0,,,lower/upper montane,7.0,0.6,,,,,,3,3,3,3,,,,,,,3930,Schwaches Baumholz_7,910.0,0,not_young,0,0,0,Grono,500_1000
,107507.0,2.0,Stangenholz,420.0,FI (10),,high-montane (main area of silver fir),10.0,1.2,1.0,,,,1.0,1,1,1,1,,,,0.0,,,3931,Stangenholz_10,1526.4,1,not_young,0,0,0,Grono,1500_2000
,107509.0,2.0,Stangenholz,246.0,BU (2) / FI (5) / LA (1),,lower/upper montane,7.0,1.5,,,,,,3,3,3,3,,,,,,,3932,Stangenholz_7,1034.7,1,not_young,0,0,0,Grono,1000_1500
,107510.0,3.0,Schwaches Baumholz,283.0,BU (3) / FI (1),,lower/upper montane,7.0,2.1,,,,,1.0,3,3,3,3,,,,0.0,,,3933,Schwaches Baumholz_7,1081.9,1,not_young,0,0,0,Grono,1000_1500
,107522.0,4.0,Mittleres Baumholz,169.0,BAH (e) / WER (2) / ES (3) / KA (1) / NU (e) / OST (e) / AS (1) / WEI (1) / LI (2),BAH (e) / WER (1) / ES (3) / KA (e) / NU (e) / WEI (e) / LI (1) / HAS (5),colline,3.0,1.6,,1.0,1.0,,,2,2,4,4,,,,,,,3942,Mittleres Baumholz_3,308.7,0,not_young,0,0,0,Grono,300_500
,107523.0,3.0,Schwaches Baumholz,272.0,KA (3) / BI (7),ES (3) / KA (3) / HAS (4),colline with beech,2.0,1.5,,,,,,3,3,3,3,,,,,,,3943,Schwaches Baumholz_2,360.3,0,not_young,0,0,0,Grono,300_500
,107524.0,2.0,Stangenholz,183.0,,,lower/upper montane,7.0,1.0,,,,,,3,1,3,3,1.0,,,,,,3944,Stangenholz_7,863.6,0,not_young,0,0,0,Grono,500_1000
,107525.0,3.0,Schwaches Baumholz,169.0,TEI (1) / SER (2) / KA (1) / BI (4) / OST (2),SER (1) / KA (e) / BI (3) / OST (2) / AS (e) / MBE (2) / STP (e) / HAS (2),colline with beech,2.0,3.0,,,1.0,,,2,2,2,2,,,,,,,3945,Schwaches Baumholz_2,545.3,0,not_young,0,0,0,Grono,500_1000
,107526.0,3.0,Schwaches Baumholz,253.0,BU (1) / KA (5) / BI (4),BU (1) / KA (6) / BI (2) / MBE (1) / STP (e) / TA (e),colline with beech,2.0,1.6,,,1.0,,,2,2,2,2,,,,,,,3946,Schwaches Baumholz_2,727.3999999999999,0,not_young,0,0,0,Grono,500_1000
,107527.0,3.0,Schwaches Baumholz,304.0,SER (8) / ES (e) / KA (1) / BI (1),SER (4) / ES (1) / KA (1) / HAS (3) / UST (1),colline with beech,2.0,1.0,,,1.0,,,2,2,2,2,,,,,,,3947,Schwaches Baumholz_2,349.6,0,not_young,0,0,0,Grono,300_500
,107528.0,4.0,Mittleres Baumholz,239.0,ES (1) / KA (8) / AS (1),ES (5) / KA (2) / AS (e) / LI (e) / HAS (3),colline with beech,2.0,2.1,,,,,,7,7,7,7,,1.0,,,,,3948,Mittleres Baumholz_2,327.9,0,not_young,0,0,0,Grono,300_500
,107529.0,3.0,Schwaches Baumholz,131.0,ES (e) / KA (8) / AS (1) / LI (1),ES (1) / KA (e) / HAS (9),colline with beech,2.0,0.4,,,,,,7,7,7,7,,1.0,,,,,3949,Schwaches Baumholz_2,328.2,0,not_young,0,0,0,Grono,300_500
,107530.0,4.0,Mittleres Baumholz,300.0,KA (8) / BI (2),KA (10),hyperinsubric,1.0,1.3,,,,,,6,6,6,6,,,1.0,,,,3950,Mittleres Baumholz_1,380.9,0,not_young,0,0,0,Grono,300_500
,107531.0,4.0,Mittleres Baumholz,277.0,BAH (e) / ES (e) / KA (10) / BI (e),ES (3) / KA (5) / BI (e) / HAS (2),colline with beech,2.0,0.8,,,,,,7,7,7,7,,1.0,,,,,3951,Mittleres Baumholz_2,337.4,0,not_young,0,0,0,Grono,300_500
,107548.0,2.0,Stangenholz,66.0,BU (4) / LA (2),,lower/upper montane,7.0,1.0,1.0,,,,,1,1,1,1,,,,,,,3961,Stangenholz_7,1142.3,1,not_young,0,0,0,Grono,1000_1500
,107566.0,2.0,Stangenholz,157.0,BU (5) / FI (2) / TA (2),,lower/upper montane,7.0,0.4,,,,,1.0,3,3,3,3,,,,0.0,,,3975,Stangenholz_7,1143.7,1,not_young,0,0,0,Grono,1000_1500
,107567.0,4.0,Mittleres Baumholz,198.0,BU (5) / FI (3),,lower/upper montane,7.0,0.9,,,,,1.0,3,3,3,8,,,,1.0,,,3976,Mittleres Baumholz_7,1087.0,1,not_young,0,0,0,Grono,1000_1500
,107568.0,4.0,Mittleres Baumholz,368.0,BU (3) / FI (2) / LA (1) / TA (1),,lower/upper montane,7.0,0.8,,,,,1.0,3,3,3,3,,,,0.0,,,3977,Mittleres Baumholz_7,1161.9,1,not_young,0,0,0,Grono,1000_1500
,107569.0,3.0,Schwaches Baumholz,174.0,BU (4) / FI (4) / TA (1),,lower/upper montane,7.0,0.4,,,,,1.0,3,3,3,8,,,,1.0,,,3978,Schwaches Baumholz_7,1079.1,1,not_young,0,0,0,Grono,1000_1500
,107570.0,3.0,Schwaches Baumholz,305.0,FI (2) / LA (2),,lower/upper montane,7.0,1.9,1.0,,,,,1,1,1,1,,,,,,,3979,Schwaches Baumholz_7,1213.9,1,not_young,0,0,0,Grono,1000_1500
,107571.0,2.0,Stangenholz,154.0,BU (1) / FI (1) / LA (1),,lower/upper montane,7.0,2.0,1.0,,,,,1,1,1,1,,,,,,,3980,Stangenholz_7,1343.2,1,not_young,0,0,0,Grono,1000_1500
,107574.0,3.0,Schwaches Baumholz,198.0,,,lower/upper montane,7.0,1.1,,,,,,3,1,3,3,1.0,,,,,,3982,Schwaches Baumholz_7,835.2,0,not_young,0,0,0,Grono,500_1000
,107575.0,2.0,Stangenholz,110.0,BU (8),,lower/upper montane,7.0,2.3,,,,,,3,1,3,3,1.0,,,,,,3983,Stangenholz_7,743.7,0,not_young,0,0,0,Grono,500_1000
,107576.0,2.0,Stangenholz,145.0,BU (7) / FI (1),,lower/upper montane,7.0,1.5,,,,,,3,1,3,3,1.0,,,,,,3984,Stangenholz_7,874.5,0,not_young,0,0,0,Grono,500_1000
,107577.0,2.0,Stangenholz,157.0,BU (8),,colline with beech,2.0,1.6,,,,,,3,1,3,3,1.0,,,,,,3985,Stangenholz_2,682.6,0,not_young,0,0,0,Grono,500_1000
,107578.0,2.0,Stangenholz,95.0,BU (2) / FI (1) / LA (1),,lower/upper montane,7.0,2.6,1.0,,,,,1,1,1,1,,,,,,,3986,Stangenholz_7,1303.0,1,not_young,0,0,0,Grono,1000_1500
,107699.0,2.0,Stangenholz,191.0,WER (3) / ES (5) / AS (1) / WEI (1) / LI (e) / BUL (e) / BFO (e),WER (1) / ES (2) / WEI (1) / BFO (e) / UST (6),colline,3.0,2.3,1.0,,1.0,,,2,1,2,2,,,,,,,4012,Stangenholz_3,317.7,0,not_young,0,0,0,Grono,300_500
,107704.0,2.0,Stangenholz,145.0,,,lower/upper montane,7.0,1.7,1.0,,,,,1,1,1,1,,,,,,,4016,Stangenholz_7,815.7,0,not_young,0,0,0,Grono,500_1000
,107718.0,4.0,Mittleres Baumholz,288.0,,,colline with beech,2.0,0.2,,,,,,3,3,3,3,,,,,,,4026,Mittleres Baumholz_2,333.1,0,not_young,0,0,0,Grono,300_500
,107744.0,2.0,Stangenholz,122.0,TEI (4) / KA (4) / BI (2),TEI (3) / KA (3) / BI (2) / MBE (e) / STP (1) / HAS (1),colline with beech,2.0,2.0,,,,,,3,3,3,3,,,,,,,4044,Stangenholz_2,514.9,0,not_young,0,0,0,Grono,500_1000
,107748.0,4.0,Mittleres Baumholz,424.0,BU (1) / FI (5) / LA (3) / TA (1),,high-montane (main area of silver fir),10.0,2.8,1.0,,,,,1,1,1,1,,,,,,,4046,Mittleres Baumholz_10,1596.1,1,not_young,0,0,0,Grono,1500_2000
,107749.0,3.0,Schwaches Baumholz,302.0,BU (2) / FI (1),,lower/upper montane,7.0,0.5,,,,,1.0,3,3,3,3,,,,0.0,,,4047,Schwaches Baumholz_7,1463.8,1,not_young,0,0,0,Grono,1000_1500
,107750.0,4.0,Mittleres Baumholz,464.0,FI (5) / LA (5),,high-montane (main area of silver fir),10.0,2.3,1.0,,,,1.0,1,1,1,1,,,,0.0,,,4048,Mittleres Baumholz_10,1530.0,1,not_young,0,0,0,Grono,1500_2000
,107751.0,4.0,Mittleres Baumholz,521.0,FI (5) / LA (5),,high-montane (main area of silver fir),10.0,1.4,1.0,,,,,1,1,1,1,,,,,,,4049,Mittleres Baumholz_10,1666.9,1,not_young,0,0,0,Grono,1500_2000
,107752.0,2.0,Stangenholz,286.0,FI (7) / LA (2),,lower/upper montane,7.0,2.9,0.0,,,,1.0,3,3,3,8,,,,1.0,,,4050,Stangenholz_7,1425.5,1,not_young,0,0,0,Grono,1000_1500
,107753.0,2.0,Stangenholz,350.0,FI (5),,high-montane (main area of silver fir),10.0,0.5,1.0,,,,,1,1,1,1,,,,,,,4051,Stangenholz_10,1558.4,1,not_young,0,0,0,Grono,1500_2000
,107767.0,2.0,Stangenholz,375.0,BU (8),,lower/upper montane,7.0,0.7,,,,,,3,1,3,3,1.0,,,,,,4064,Stangenholz_7,1195.5,1,not_young,0,0,0,Grono,1000_1500
,107768.0,2.0,Stangenholz,187.0,BU (6) / FI (1) / LA (1),,lower/upper montane,7.0,1.9,,,,,,3,1,3,3,1.0,,,,,,4065,Stangenholz_7,840.8999999999999,0,not_young,0,0,0,Grono,500_1000
,107769.0,2.0,Stangenholz,224.0,BU (8),,lower/upper montane,7.0,5.3,,,,,,3,1,3,3,1.0,,,,,,4066,Stangenholz_7,1044.1,1,not_young,0,0,0,Grono,1000_1500
,107770.0,2.0,Stangenholz,140.0,BU (3) / FI (3) / LA (2),,colline with beech,2.0,0.9,,,,,,3,1,3,3,1.0,,,,,,4067,Stangenholz_2,683.7,0,not_young,0,0,0,Grono,500_1000
,107771.0,3.0,Schwaches Baumholz,452.0,BU (2) / FI (2) / LA (4),,lower/upper montane,7.0,1.1,,,,,,3,1,3,3,1.0,,,,,,4068,Schwaches Baumholz_7,1307.8,1,not_young,0,0,0,Grono,1000_1500
,107772.0,4.0,Mittleres Baumholz,426.0,BU (1) / FI (1) / LA (8),,lower/upper montane,7.0,1.0,,,,,1.0,3,3,3,3,,,,0.0,,,4069,Mittleres Baumholz_7,1237.1,1,not_young,0,0,0,Grono,1000_1500
,107773.0,3.0,Schwaches Baumholz,377.0,BU (5) / FI (1) / LA (3),,lower/upper montane,7.0,1.8,,,,,1.0,3,3,3,8,,,,1.0,,,4070,Schwaches Baumholz_7,1227.5,1,not_young,0,0,0,Grono,1000_1500
,107774.0,3.0,Schwaches Baumholz,424.0,BU (2) / FI (3) / LA (5),,lower/upper montane,7.0,1.9,,,,,1.0,3,3,3,3,,,,0.0,,,4071,Schwaches Baumholz_7,1263.2,1,not_young,0,0,0,Grono,1000_1500
,107775.0,4.0,Mittleres Baumholz,444.0,FI (2) / LA (5) / TA (3),,lower/upper montane,7.0,1.3,,,,,1.0,3,3,3,8,,,,1.0,,,4072,Mittleres Baumholz_7,1319.2,1,not_young,0,0,0,Grono,1000_1500
,107776.0,3.0,Schwaches Baumholz,326.0,BU (4) / FI (1) / LA (4),,lower/upper montane,7.0,2.2,,,,,,3,1,3,3,1.0,,,,,,4073,Schwaches Baumholz_7,1175.7,1,not_young,0,0,0,Grono,1000_1500
,107777.0,2.0,Stangenholz,318.0,BU (8),,lower/upper montane,7.0,3.2,,,,,1.0,3,3,3,3,,,,0.0,,,4074,Stangenholz_7,1096.7,1,not_young,0,0,0,Grono,1000_1500
,107778.0,3.0,Schwaches Baumholz,299.0,BU (4) / FI (2) / LA (2),,lower/upper montane,7.0,1.9,,,,,,3,1,3,3,1.0,,,,,,4075,Schwaches Baumholz_7,1102.9,1,not_young,0,0,0,Grono,1000_1500
,107783.0,2.0,Stangenholz,142.0,,,lower/upper montane,7.0,2.0,1.0,,,,,1,1,1,1,,,,,,,4076,Stangenholz_7,944.7,0,not_young,0,0,0,Grono,500_1000
,107784.0,2.0,Stangenholz,228.0,FI (3) / LA (2),,lower/upper montane,7.0,2.0,1.0,,,,,1,1,1,1,,,,,,,4077,Stangenholz_7,1091.4,1,not_young,0,0,0,Grono,1000_1500
,107786.0,2.0,Stangenholz,75.0,,,lower/upper montane,7.0,1.4,1.0,,,,,1,1,1,1,,,,,,,4078,Stangenholz_7,1061.7,1,not_young,0,0,0,Grono,1000_1500
,107788.0,2.0,Stangenholz,178.0,BU (1) / FI (1) / LA (1),,lower/upper montane,7.0,0.6,1.0,,,,,1,1,1,1,,,,,,,4079,Stangenholz_7,1012.2,1,not_young,0,0,0,Grono,1000_1500
,107789.0,2.0,Stangenholz,201.0,FI (1),,lower/upper montane,7.0,0.8,1.0,,,,,1,1,1,1,,,,,,,4080,Stangenholz_7,1063.3,1,not_young,0,0,0,Grono,1000_1500
,107790.0,2.0,Stangenholz,297.0,FI (3) / LA (3),,lower/upper montane,7.0,1.2,1.0,,,,,1,1,1,1,,,,,,,4081,Stangenholz_7,1160.0,1,not_young,0,0,0,Grono,1000_1500
,107791.0,2.0,Stangenholz,147.0,BU (2) / FI (3) / LA (2),,lower/upper montane,7.0,1.5,1.0,,,,,1,1,1,1,,,,,,,4082,Stangenholz_7,933.1,0,not_young,0,0,0,Grono,500_1000
,107792.0,2.0,Stangenholz,86.0,BU (1) / FI (1),,lower/upper montane,7.0,2.2,1.0,,,,,1,1,1,1,,,,,,,4083,Stangenholz_7,1349.1,1,not_young,0,0,0,Grono,1000_1500
,107800.0,2.0,Stangenholz,326.0,BU (1),,lower/upper montane,7.0,0.7,,,,,,3,3,3,3,,,,,,,4090,Stangenholz_7,1434.4,1,not_young,0,0,0,Grono,1000_1500
,107801.0,2.0,Stangenholz,282.0,FI (10),,lower/upper montane,7.0,0.2,,,,,,3,3,3,3,,,,,,,4091,Stangenholz_7,1364.3,1,not_young,0,0,0,Grono,1000_1500
,107802.0,2.0,Stangenholz,251.0,,,lower/upper montane,7.0,0.4,,,,,,3,3,3,3,,,,,,,4092,Stangenholz_7,1346.1,1,not_young,0,0,0,Grono,1000_1500
,107803.0,5.0,Starkes Baumholz,319.0,BU (1) / FI (2) / LA (1),,lower/upper montane,7.0,2.1,,,,,,3,3,3,3,,,,,,,4093,Starkes Baumholz_7,961.8,0,not_young,0,0,0,Grono,500_1000
,107804.0,3.0,Schwaches Baumholz,225.0,BU (1),,lower/upper montane,7.0,0.8,,,,,,3,3,3,3,,,,,,,4094,Schwaches Baumholz_7,993.3,0,not_young,0,0,0,Grono,500_1000
,107805.0,4.0,Mittleres Baumholz,365.0,FI (1) / LA (5),,lower/upper montane,7.0,0.6,0.0,,,,,3,1,3,3,1.0,,,,,,4095,Mittleres Baumholz_7,1527.7,1,not_young,0,0,0,Grono,1500_2000
,107806.0,3.0,Schwaches Baumholz,363.0,BU (4),,lower/upper montane,7.0,1.1,,,,,,3,3,3,3,,,,,,,4096,Schwaches Baumholz_7,1100.0,1,not_young,0,0,0,Grono,1000_1500
,107912.0,5.0,Starkes Baumholz,491.0,FI (8) / LA (1),,lower/upper montane,7.0,0.9,1.0,,,,,1,1,1,1,,,,,,,4122,Starkes Baumholz_7,1357.5,1,not_young,0,0,0,Grono,1000_1500
,107913.0,3.0,Schwaches Baumholz,503.0,BU (1) / FI (4) / LA (2) / TA (1),,lower/upper montane,7.0,0.7,1.0,,,,,1,1,1,1,,,,,,,4123,Schwaches Baumholz_7,1429.2,1,not_young,0,0,0,Grono,1000_1500
,107914.0,4.0,Mittleres Baumholz,429.0,FI (5) / LA (5),,high-montane (main area of silver fir),10.0,1.1,1.0,,,,,1,1,1,1,,,,,,,4124,Mittleres Baumholz_10,1651.8,1,not_young,0,0,0,Grono,1500_2000
,107933.0,3.0,Schwaches Baumholz,210.0,TEI (4) / KA (5) / BI (1) / MBE (e) / STP (e),TEI (e) / KA (2) / BI (1) / MBE (1) / STP (1) / HAS (5),colline with beech,2.0,1.1,,,1.0,,,2,2,2,2,,,,,,,4135,Schwaches Baumholz_2,520.6,0,not_young,0,0,0,Grono,500_1000
,107934.0,4.0,Mittleres Baumholz,262.0,SER (3) / ES (1) / FI (e) / KA (5) / BI (1) / AS (e) / KI (e) / LI (e),SER (1) / ES (1) / KA (4) / KI (e) / LI (e) / STP (e) / HAS (4),colline with beech,2.0,1.7,,,,,,3,3,3,3,,,,,,,4136,Mittleres Baumholz_2,394.5,0,not_young,0,0,0,Grono,300_500
,107935.0,2.0,Stangenholz,269.0,SER (e) / KA (1) / BI (9) / OST (e) / MBE (e),KA (e) / BI (10) / MBE (e),colline with beech,2.0,0.5,,,1.0,,,2,2,2,2,,,,,,,4137,Stangenholz_2,460.1,0,not_young,0,0,0,Grono,300_500
,107936.0,4.0,Mittleres Baumholz,312.0,SER (1) / ES (1) / KA (5) / BI (1) / OST (1) / LI (1),SER (e) / ES (e) / KA (1) / BI (e) / OST (1) / LI (1) / HAS (7),colline with beech,2.0,2.0,,,,,,3,3,3,3,,,,,,,4138,Mittleres Baumholz_2,468.0,0,not_young,0,0,0,Grono,300_500
,107938.0,4.0,Mittleres Baumholz,202.0,SER (5) / KA (3) / BI (2) / LI (e),SER (2) / KA (1) / BI (2) / HAS (5),colline with beech,2.0,1.1,,,1.0,,,2,2,2,2,,,,,,,4139,Mittleres Baumholz_2,449.5,0,not_young,0,0,0,Grono,300_500
,107939.0,2.0,Stangenholz,161.0,,,colline with beech,2.0,0.2,,,1.0,,,2,2,2,2,,,,,,,4140,Stangenholz_2,652.6,0,not_young,0,0,0,Grono,500_1000
,107940.0,3.0,Schwaches Baumholz,148.0,KA (9) / BI (1),KA (8) / BI (2) / STP (e),hyperinsubric,1.0,1.6,,,,,,3,3,3,3,,,,,,,4141,Schwaches Baumholz_1,445.4,0,not_young,0,0,0,Grono,300_500
,107942.0,3.0,Schwaches Baumholz,248.0,TEI (e) / KA (8) / BI (2) / MBE (e),KA (10),hyperinsubric,1.0,1.0,,,,,,6,6,6,6,,,1.0,,,,4142,Schwaches Baumholz_1,385.6,0,not_young,0,0,0,Grono,300_500
,107943.0,3.0,Schwaches Baumholz,274.0,KA (10) / BI (e),KA (9) / BI (1),hyperinsubric,1.0,0.3,,,,,,3,3,3,3,,,,,,,4143,Schwaches Baumholz_1,403.5,0,not_young,0,0,0,Grono,300_500
,107971.0,4.0,Mittleres Baumholz,483.0,BU (1) / FI (2) / LA (7),,lower/upper montane,7.0,2.1,,,,,1.0,3,3,3,3,,,,0.0,,,4165,Mittleres Baumholz_7,1424.0,1,not_young,0,0,0,Grono,1000_1500
,107972.0,3.0,Schwaches Baumholz,358.0,BU (1) / FI (5) / LA (3) / TA (1),,lower/upper montane,7.0,1.0,,,,,,3,1,3,3,1.0,,,,,,4166,Schwaches Baumholz_7,1325.4,1,not_young,0,0,0,Grono,1000_1500
,107973.0,4.0,Mittleres Baumholz,227.0,BU (2),,colline with beech,2.0,2.4,,,,,,3,1,3,3,1.0,,,,,,4167,Mittleres Baumholz_2,726.8999999999999,0,not_young,0,0,0,Grono,500_1000
,107974.0,2.0,Stangenholz,122.0,BU (1) / FI (1) / LA (2),,colline with beech,2.0,1.6,,,,,,3,1,3,3,1.0,,,,,,4168,Stangenholz_2,680.8,0,not_young,0,0,0,Grono,500_1000
,107975.0,2.0,Stangenholz,163.0,BU (5) / FI (2),,lower/upper montane,7.0,0.8,,,,,,3,1,3,3,1.0,,,,,,4169,Stangenholz_7,919.6,0,not_young,0,0,0,Grono,500_1000
,107976.0,3.0,Schwaches Baumholz,197.0,BU (3) / FI (4) / LA (2),,lower/upper montane,7.0,2.7,,,,,,3,1,3,3,1.0,,,,,,4170,Schwaches Baumholz_7,1003.1,1,not_young,0,0,0,Grono,1000_1500
,107977.0,4.0,Mittleres Baumholz,234.0,BU (1) / LA (1),,lower/upper montane,7.0,2.6,,,,,,3,1,3,3,1.0,,,,,,4171,Mittleres Baumholz_7,863.7,0,not_young,0,0,0,Grono,500_1000
,107978.0,4.0,Mittleres Baumholz,344.0,BU (7) / FI (1) / LA (1),,lower/upper montane,7.0,1.5,,,,,,3,1,3,3,1.0,,,,,,4172,Mittleres Baumholz_7,1046.7,1,not_young,0,0,0,Grono,1000_1500
,107979.0,2.0,Stangenholz,117.0,,,lower/upper montane,7.0,4.1,,,,,,3,1,3,3,1.0,,,,,,4173,Stangenholz_7,739.7,0,not_young,0,0,0,Grono,500_1000
,107980.0,4.0,Mittleres Baumholz,376.0,BU (4) / LA (1),,lower/upper montane,7.0,2.3,,,,,,3,1,3,3,1.0,,,,,,4174,Mittleres Baumholz_7,1130.7,1,not_young,0,0,0,Grono,1000_1500
,107981.0,2.0,Stangenholz,210.0,BU (4) / FI (1) / LA (1),,lower/upper montane,7.0,2.9,,,,,,3,1,3,3,1.0,,,,,,4175,Stangenholz_7,949.9,0,not_young,0,0,0,Grono,500_1000
,107982.0,3.0,Schwaches Baumholz,210.0,BU (4) / FI (1),,lower/upper montane,7.0,1.2,,,,,,3,1,3,3,1.0,,,,,,4176,Schwaches Baumholz_7,1006.2,1,not_young,0,0,0,Grono,1000_1500
,107983.0,4.0,Mittleres Baumholz,243.0,FI (1) / LA (1),,lower/upper montane,7.0,0.8,,,,,,3,1,3,3,1.0,,,,,,4177,Mittleres Baumholz_7,836.0,0,not_young,0,0,0,Grono,500_1000
,107985.0,2.0,Stangenholz,178.0,BU (2) / FI (3) / LA (2),,lower/upper montane,7.0,1.4,0.0,,,,,3,1,3,3,1.0,,,,,,4179,Stangenholz_7,1252.6,1,not_young,0,0,0,Grono,1000_1500
,107993.0,3.0,Schwaches Baumholz,360.0,FI (1) / LA (1),,lower/upper montane,7.0,1.9,1.0,,,,,1,1,1,1,,,,,,,4187,Schwaches Baumholz_7,946.5,0,not_young,0,0,0,Grono,500_1000
,107995.0,2.0,Stangenholz,145.0,,,lower/upper montane,7.0,1.8,0.0,,,,,3,1,3,3,1.0,,,,,,4188,Stangenholz_7,881.8999999999999,0,not_young,0,0,0,Grono,500_1000
,107999.0,2.0,Stangenholz,56.0,BU (5),,lower/upper montane,7.0,0.8,1.0,,,,,1,1,1,1,,,,,,,4191,Stangenholz_7,1432.3,1,not_young,0,0,0,Grono,1000_1500
,108002.0,3.0,Schwaches Baumholz,129.0,AER (5) / LA (5),,subalpine,8.0,1.2,1.0,,,,,1,1,1,1,,,,,,,4192,Schwaches Baumholz_8,1735.7,1,not_young,0,0,0,Grono,1500_2000
,108099.0,4.0,Mittleres Baumholz,494.0,FI (6) / LA (4),,high-montane (main area of silver fir),10.0,0.6,1.0,,,,,1,1,1,1,,,,,,,4212,Mittleres Baumholz_10,1582.1,1,not_young,0,0,0,Grono,1500_2000
,108100.0,4.0,Mittleres Baumholz,503.0,FI (7) / LA (3),,high-montane (main area of silver fir),10.0,0.8,1.0,,,,,1,1,1,1,,,,,,,4213,Mittleres Baumholz_10,1567.1,1,not_young,0,0,0,Grono,1500_2000
,108103.0,5.0,Starkes Baumholz,400.0,BU (1) / FI (3) / LA (2) / TA (2),,lower/upper montane,7.0,1.5,0.0,,,,1.0,3,3,3,3,,,,0.0,,,4214,Starkes Baumholz_7,1349.1,1,not_young,0,0,0,Grono,1000_1500
,108104.0,3.0,Schwaches Baumholz,360.0,FI (3) / LA (7),,subalpine,8.0,0.7,1.0,,,,,1,1,1,1,,,,,,,4215,Schwaches Baumholz_8,1763.9,1,not_young,0,0,0,Grono,1500_2000
,108105.0,3.0,Schwaches Baumholz,328.0,FI (4) / LA (2) / TA (4),,subalpine,8.0,4.0,0.0,,,,,3,1,3,3,1.0,,,,,,4216,Schwaches Baumholz_8,1804.2,1,not_young,0,0,0,Grono,1500_2000
,108106.0,2.0,Stangenholz,270.0,BU (2),,high-montane (main area of silver fir),10.0,0.7,1.0,,,,,1,1,1,1,,,,,,,4217,Stangenholz_10,1530.0,1,not_young,0,0,0,Grono,1500_2000
,108107.0,3.0,Schwaches Baumholz,303.0,FI (3) / LA (7),,high-montane (main area of silver fir),10.0,2.4,1.0,,,,,1,1,1,1,,,,,,,4218,Schwaches Baumholz_10,1646.4,1,not_young,0,0,0,Grono,1500_2000
,108115.0,2.0,Stangenholz,243.0,KA (2) / BI (8),TEI (e) / KA (3) / BI (6) / HAS (1),hyperinsubric,1.0,0.7,,,,,,3,3,3,3,,,,,,,4224,Stangenholz_1,397.3,0,not_young,0,0,0,Grono,300_500
,108116.0,2.0,Stangenholz,207.0,KA (3) / BI (7),KA (3) / BI (6) / HAS (1),hyperinsubric,1.0,1.2,,,,,,7,7,7,7,,1.0,,,,,4225,Stangenholz_1,400.6,0,not_young,0,0,0,Grono,300_500
,108117.0,3.0,Schwaches Baumholz,220.0,KA (4) / BI (6) / ULB (e),KA (5) / BI (2) / HAS (3),hyperinsubric,1.0,0.6,,,,,,3,3,3,3,,,,,,,4226,Schwaches Baumholz_1,429.1,0,not_young,0,0,0,Grono,300_500
,108122.0,2.0,Stangenholz,277.0,BU (8),,lower/upper montane,7.0,1.0,,,1.0,,,2,2,2,2,,,,,,,4228,Stangenholz_7,850.8999999999999,0,not_young,0,0,0,Grono,500_1000
,108123.0,3.0,Schwaches Baumholz,171.0,BU (1) / FI (e) / KA (3) / BI (5) / TA (1),BU (1) / FI (1) / KA (2) / BI (5) / LAB (1) / STP (e) / TA (e),lower/upper montane,7.0,2.5,,,1.0,,,2,2,2,2,,,,,,,4229,Schwaches Baumholz_7,843.1,0,not_young,0,0,0,Grono,500_1000
,108124.0,4.0,Mittleres Baumholz,252.0,,,lower/upper montane,7.0,0.6,,,1.0,,,2,2,2,2,,,,,,,4230,Mittleres Baumholz_7,919.1,0,not_young,0,0,0,Grono,500_1000
,108125.0,3.0,Schwaches Baumholz,175.0,BU (1) / KA (4) / BI (5) / LI (e),KA (4) / BI (5) / MBE (1) / LI (e) / STP (e),colline with beech,2.0,0.7,,,1.0,,,2,2,2,2,,,,,,,4231,Schwaches Baumholz_2,725.5,0,not_young,0,0,0,Grono,500_1000
,108126.0,3.0,Schwaches Baumholz,194.0,,,colline with beech,2.0,1.2,,,,,,3,1,3,3,1.0,,,,,,4232,Schwaches Baumholz_2,625.8,0,not_young,0,0,0,Grono,500_1000
,108127.0,2.0,Stangenholz,212.0,BU (8),,colline with beech,2.0,1.2,,,,,,3,1,3,3,1.0,,,,,,4233,Stangenholz_2,615.5,0,not_young,0,0,0,Grono,500_1000
,108128.0,3.0,Schwaches Baumholz,217.0,KA (5) / BI (5) / OST (e) / LI (e),FI (e) / KA (5) / BI (4) / OST (e) / MBE (1),colline with beech,2.0,0.3,,,1.0,,,2,2,2,2,,,,,,,4234,Schwaches Baumholz_2,612.6,0,not_young,0,0,0,Grono,500_1000
,108129.0,4.0,Mittleres Baumholz,373.0,BU (5),,lower/upper montane,7.0,0.8,,,,,,3,1,3,3,1.0,,,,,,4235,Mittleres Baumholz_7,1107.0,1,not_young,0,0,0,Grono,1000_1500
,108130.0,3.0,Schwaches Baumholz,406.0,BU (3) / FI (1) / LA (2) / TA (2),,lower/upper montane,7.0,0.9,,,,,,3,1,3,3,1.0,,,,,,4236,Schwaches Baumholz_7,1243.7,1,not_young,0,0,0,Grono,1000_1500
,108131.0,3.0,Schwaches Baumholz,61.0,,,colline with beech,2.0,0.5,,,,,,3,1,3,3,1.0,,,,,,4237,Schwaches Baumholz_2,607.0,0,not_young,0,0,0,Grono,500_1000
,108158.0,3.0,Schwaches Baumholz,208.0,FI (1) / LA (1),,lower/upper montane,7.0,1.0,,,,,,3,1,3,3,1.0,,,,,,4248,Schwaches Baumholz_7,819.2999999999998,0,not_young,0,0,0,Grono,500_1000
,108159.0,4.0,Mittleres Baumholz,394.0,BU (1) / FI (4) / LA (4) / TA (1),,lower/upper montane,7.0,2.5,,,,,1.0,3,3,3,3,,,,0.0,,,4249,Mittleres Baumholz_7,1370.2,1,not_young,0,0,0,Grono,1000_1500
,108160.0,4.0,Mittleres Baumholz,205.0,BU (2) / FI (3) / LA (4),,lower/upper montane,7.0,2.1,,,,,,3,1,3,3,1.0,,,,,,4250,Mittleres Baumholz_7,972.7,0,not_young,0,0,0,Grono,500_1000
,108161.0,3.0,Schwaches Baumholz,362.0,BU (2) / FI (4) / LA (1) / TA (2),,lower/upper montane,7.0,2.3,,,,,1.0,3,3,3,3,,,,0.0,,,4251,Schwaches Baumholz_7,1359.0,1,not_young,0,0,0,Grono,1000_1500
,108162.0,4.0,Mittleres Baumholz,364.0,BU (4) / FI (2) / LA (3),,lower/upper montane,7.0,0.8,,,,,,3,1,3,3,1.0,,,,,,4252,Mittleres Baumholz_7,1300.3,1,not_young,0,0,0,Grono,1000_1500
,108163.0,3.0,Schwaches Baumholz,380.0,BU (2) / FI (4) / LA (2) / TA (2),,lower/upper montane,7.0,1.1,,,,,,3,1,3,3,1.0,,,,,,4253,Schwaches Baumholz_7,1305.1,1,not_young,0,0,0,Grono,1000_1500
,108164.0,3.0,Schwaches Baumholz,326.0,BU (4) / FI (1) / LA (1) / TA (1),,lower/upper montane,7.0,0.8,,,,,,3,1,3,3,1.0,,,,,,4254,Schwaches Baumholz_7,1251.5,1,not_young,0,0,0,Grono,1000_1500
,108165.0,4.0,Mittleres Baumholz,281.0,BU (3) / FI (2) / LA (4),,lower/upper montane,7.0,1.6,,,,,,3,1,3,3,1.0,,,,,,4255,Mittleres Baumholz_7,1116.9,1,not_young,0,0,0,Grono,1000_1500
,108166.0,5.0,Starkes Baumholz,386.0,BU (2) / FI (4) / LA (4),,lower/upper montane,7.0,2.1,,,,,,3,1,3,3,1.0,,,,,,4256,Starkes Baumholz_7,1167.6,1,not_young,0,0,0,Grono,1000_1500
,108167.0,3.0,Schwaches Baumholz,188.0,,,lower/upper montane,7.0,0.4,,,,,,3,1,3,3,1.0,,,,,,4257,Schwaches Baumholz_7,926.1,0,not_young,0,0,0,Grono,500_1000
,108168.0,3.0,Schwaches Baumholz,234.0,,,lower/upper montane,7.0,1.1,,,,,,3,1,3,3,1.0,,,,,,4258,Schwaches Baumholz_7,916.1,0,not_young,0,0,0,Grono,500_1000
,108169.0,4.0,Mittleres Baumholz,421.0,BU (1) / FI (6) / LA (2) / TA (1),,lower/upper montane,7.0,1.2,,,,,1.0,3,3,3,3,,,,0.0,,,4259,Mittleres Baumholz_7,1374.6,1,not_young,0,0,0,Grono,1000_1500
,108170.0,3.0,Schwaches Baumholz,143.0,BU (1) / FI (2) / LA (6),,lower/upper montane,7.0,0.6,,,,,,3,1,3,3,1.0,,,,,,4260,Schwaches Baumholz_7,949.9,0,not_young,0,0,0,Grono,500_1000
,108171.0,4.0,Mittleres Baumholz,466.0,BU (7) / FI (1) / LA (1),,lower/upper montane,7.0,1.2,,,,,,3,1,3,3,1.0,,,,,,4261,Mittleres Baumholz_7,1291.4,1,not_young,0,0,0,Grono,1000_1500
,108172.0,2.0,Stangenholz,143.0,BU (3),,lower/upper montane,7.0,0.6,,,,,,3,1,3,3,1.0,,,,,,4262,Stangenholz_7,878.3999999999999,0,not_young,0,0,0,Grono,500_1000
,108188.0,2.0,Stangenholz,348.0,BU (2) / FI (1) / LA (1),,lower/upper montane,7.0,0.6,1.0,,,,,1,1,1,1,,,,,,,4274,Stangenholz_7,1129.4,1,not_young,0,0,0,Grono,1000_1500
,110946.0,5.0,Starkes Baumholz,426.0,FI (3) / LA (7),,high-montane (main area of silver fir),10.0,2.4,1.0,,,,,1,1,1,1,,,,,,,4279,Starkes Baumholz_10,1643.2,1,not_young,0,0,0,Grono,1500_2000
,110947.0,4.0,Mittleres Baumholz,453.0,BU (2) / FI (7) / LA (1),,lower/upper montane,7.0,4.5,1.0,,,,,1,1,1,1,,,,,,,4280,Mittleres Baumholz_7,1372.0,1,not_young,0,0,0,Grono,1000_1500
,110948.0,2.0,Stangenholz,148.0,BU (3),,lower/upper montane,7.0,0.8,1.0,,,,,1,1,1,1,,,,,,,4281,Stangenholz_7,1267.6,1,not_young,0,0,0,Grono,1000_1500
,110950.0,4.0,Mittleres Baumholz,359.0,BU (2) / FI (3) / LA (2),,lower/upper montane,7.0,2.3,1.0,,,,,1,1,1,1,,,,,,,4282,Mittleres Baumholz_7,1428.0,1,not_young,0,0,0,Grono,1000_1500
,110951.0,2.0,Stangenholz,178.0,BU (1) / FI (2) / LA (2),,high-montane (main area of silver fir),10.0,0.7,1.0,,,,,1,1,1,1,,,,,,,4283,Stangenholz_10,1637.6,1,not_young,0,0,0,Grono,1500_2000
,110953.0,3.0,Schwaches Baumholz,240.0,LA (10),,subalpine,8.0,0.5,1.0,,,,,1,1,1,1,,,,,,,4284,Schwaches Baumholz_8,1782.1,1,not_young,0,0,0,Grono,1500_2000
,111175.0,4.0,Mittleres Baumholz,350.0,FI (4) / LA (2) / TA (2),,high-montane (main area of silver fir),10.0,1.4,1.0,,,,,1,1,1,1,,,,,,,4295,Mittleres Baumholz_10,1444.3,1,not_young,0,0,0,Grono,1000_1500
,111176.0,4.0,Mittleres Baumholz,442.0,BU (4) / FI (2) / LA (1) / TA (2),,lower/upper montane,7.0,0.6,,,,,1.0,3,3,3,8,,,,1.0,,,4296,Mittleres Baumholz_7,1261.4,1,not_young,0,0,0,Grono,1000_1500
,111177.0,5.0,Starkes Baumholz,495.0,BU (1) / FI (3) / LA (3) / TA (2),,lower/upper montane,7.0,3.3,,,,,1.0,3,3,3,8,,,,1.0,,,4297,Starkes Baumholz_7,1202.0,1,not_young,0,0,0,Grono,1000_1500
,111367.0,5.0,Starkes Baumholz,419.0,FI (5) / LA (2) / TA (2),,lower/upper montane,7.0,3.4,,,,,1.0,3,3,3,8,,,,1.0,,,4311,Starkes Baumholz_7,1055.6,1,not_young,0,0,0,Grono,1000_1500
,111368.0,5.0,Starkes Baumholz,447.0,BU (1) / FI (2) / LA (5) / TA (2),,lower/upper montane,7.0,2.6,,,,,1.0,3,3,3,8,,,,1.0,,,4312,Starkes Baumholz_7,1223.3,1,not_young,0,0,0,Grono,1000_1500
,111369.0,4.0,Mittleres Baumholz,451.0,BU (1) / FI (5) / LA (2) / TA (1),,lower/upper montane,7.0,1.5,,,,,1.0,3,3,3,8,,,,1.0,,,4313,Mittleres Baumholz_7,1114.6,1,not_young,0,0,0,Grono,1000_1500
,111370.0,5.0,Starkes Baumholz,460.0,BU (1) / FI (2) / LA (4) / TA (2),,lower/upper montane,7.0,2.0,,,,,1.0,3,3,3,8,,,,1.0,,,4314,Starkes Baumholz_7,1250.8,1,not_young,0,0,0,Grono,1000_1500
,111371.0,5.0,Starkes Baumholz,493.0,BU (1) / FI (6) / LA (2),,lower/upper montane,7.0,0.7,1.0,,,,1.0,1,1,1,1,,,,0.0,,,4315,Starkes Baumholz_7,1328.8,1,not_young,0,0,0,Grono,1000_1500
,111372.0,4.0,Mittleres Baumholz,465.0,FI (3) / LA (3) / TA (1),,lower/upper montane,7.0,0.9,1.0,,,,,1,1,1,1,,,,,,,4316,Mittleres Baumholz_7,1471.7,1,not_young,0,0,0,Grono,1000_1500
,111373.0,4.0,Mittleres Baumholz,424.0,FI (2) / LA (2),,lower/upper montane,7.0,1.4,1.0,,,,,1,1,1,1,,,,,,,4317,Mittleres Baumholz_7,1464.3,1,not_young,0,0,0,Grono,1000_1500
,111374.0,4.0,Mittleres Baumholz,456.0,FI (5) / LA (3) / TA (1),,high-montane (main area of silver fir),10.0,1.3,1.0,,,,,1,1,1,1,,,,,,,4318,Mittleres Baumholz_10,1543.3,1,not_young,0,0,0,Grono,1500_2000
,111375.0,5.0,Starkes Baumholz,531.0,FI (6) / LA (4),,high-montane (main area of silver fir),10.0,0.9,1.0,,,,,1,1,1,1,,,,,,,4319,Starkes Baumholz_10,1551.1,1,not_young,0,0,0,Grono,1500_2000
,111376.0,4.0,Mittleres Baumholz,300.0,FI (3) / LA (5) / TA (2),,subalpine,8.0,1.6,1.0,,,,,1,1,1,1,,,,,,,4320,Mittleres Baumholz_8,1716.4,1,not_young,0,0,0,Grono,1500_2000
,111377.0,2.0,Stangenholz,90.0,BU (4),,lower/upper montane,7.0,3.3,,,,,,3,3,3,3,,,,,,,4321,Stangenholz_7,1029.7,1,not_young,0,0,0,Grono,1000_1500
,112026.0,5.0,Starkes Baumholz,392.0,FI (5) / LA (3) / TA (1),,lower/upper montane,7.0,2.2,,,,,1.0,3,3,3,3,,,,0.0,,,4372,Starkes Baumholz_7,1008.8,1,not_young,0,0,0,Grono,1000_1500
,112027.0,5.0,Starkes Baumholz,540.0,BU (1) / FI (5) / LA (3) / TA (1),,lower/upper montane,7.0,1.0,,,,,1.0,3,3,3,8,,,,1.0,,,4373,Starkes Baumholz_7,1093.2,1,not_young,0,0,0,Grono,1000_1500
,112028.0,5.0,Starkes Baumholz,477.0,BU (1) / FI (5) / LA (1) / TA (2),,lower/upper montane,7.0,1.6,,,,,1.0,3,3,3,8,,,,1.0,,,4374,Starkes Baumholz_7,1208.1,1,not_young,0,0,0,Grono,1000_1500
,112029.0,4.0,Mittleres Baumholz,478.0,FI (8) / LA (2),,lower/upper montane,7.0,0.5,,,,,1.0,3,3,3,8,,,,1.0,,,4375,Mittleres Baumholz_7,972.4,0,not_young,0,0,0,Grono,500_1000
,112030.0,5.0,Starkes Baumholz,500.0,FI (3) / LA (5) / TA (2),,lower/upper montane,7.0,1.6,1.0,,,,1.0,1,1,1,1,,,,0.0,,,4376,Starkes Baumholz_7,1370.2,1,not_young,0,0,0,Grono,1000_1500
,112250.0,5.0,Starkes Baumholz,371.0,FI (1) / LA (7) / TA (1),,lower/upper montane,7.0,0.6,1.0,,,,,1,1,1,1,,,,,,,4401,Starkes Baumholz_7,1409.0,1,not_young,0,0,0,Grono,1000_1500
,112251.0,3.0,Schwaches Baumholz,203.0,FI (4) / LA (4) / TA (1),,high-montane (main area of silver fir),10.0,0.6,1.0,,,,,1,1,1,1,,,,,,,4402,Schwaches Baumholz_10,1596.8,1,not_young,0,0,0,Grono,1500_2000
,112252.0,3.0,Schwaches Baumholz,146.0,FI (4) / LA (3) / TA (3),,high-montane (main area of silver fir),10.0,0.5,1.0,,,,,1,1,1,1,,,,,,,4403,Schwaches Baumholz_10,1483.2,1,not_young,0,0,0,Grono,1000_1500
,112253.0,3.0,Schwaches Baumholz,148.0,LA (5) / LFO (5),,subalpine,8.0,2.2,1.0,,,,,1,1,1,1,,,,,,,4404,Schwaches Baumholz_8,1796.3,1,not_young,0,0,0,Grono,1500_2000
,112254.0,3.0,Schwaches Baumholz,329.0,BU (2) / FI (2),,lower/upper montane,7.0,1.3,,,,,1.0,3,3,3,3,,,,0.0,,,4405,Schwaches Baumholz_7,1143.3,1,not_young,0,0,0,Grono,1000_1500
,112255.0,3.0,Schwaches Baumholz,290.0,BU (2),,lower/upper montane,7.0,0.6,,,,,,3,3,3,3,,,,,,,4406,Schwaches Baumholz_7,1216.8,1,not_young,0,0,0,Grono,1000_1500
,112256.0,2.0,Stangenholz,200.0,BU (2) / LA (1),,lower/upper montane,7.0,1.6,,,,,,3,3,3,3,,,,,,,4407,Stangenholz_7,1269.5,1,not_young,0,0,0,Grono,1000_1500
,112257.0,2.0,Stangenholz,285.0,BU (1) / FI (7) / LA (1),,lower/upper montane,7.0,1.2,,,,,1.0,3,3,3,8,,,,1.0,,,4408,Stangenholz_7,1142.4,1,not_young,0,0,0,Grono,1000_1500
,112261.0,4.0,Mittleres Baumholz,123.0,AER (3) / FI (1) / LA (5),,subalpine,8.0,1.2,1.0,,,,,1,1,1,1,,,,,,,4409,Mittleres Baumholz_8,1735.2,1,not_young,0,0,0,Grono,1500_2000
,112935.0,4.0,Mittleres Baumholz,217.0,,,colline with beech,2.0,2.7,,,,,,3,1,3,3,1.0,,,,,,4469,Mittleres Baumholz_2,536.4,0,not_young,0,0,0,Grono,500_1000
,113122.0,2.0,Stangenholz,94.0,FI (2) / LA (3) / LFO (5),,high-montane (main area of silver fir),10.0,1.0,1.0,,,,,1,1,1,1,,,,,,,4470,Stangenholz_10,1666.4,1,not_young,0,0,0,Grono,1500_2000
,113127.0,3.0,Schwaches Baumholz,220.0,FI (3) / LA (4) / TA (3),,high-montane (main area of silver fir),10.0,0.7,1.0,,,,,1,1,1,1,,,,,,,4471,Schwaches Baumholz_10,1564.1,1,not_young,0,0,0,Grono,1500_2000
,113129.0,2.0,Stangenholz,301.0,,,lower/upper montane,7.0,1.4,1.0,,,,,1,1,1,1,,,,,,,4472,Stangenholz_7,1324.1,1,not_young,0,0,0,Grono,1000_1500
,113320.0,4.0,Mittleres Baumholz,370.0,FI (4) / LA (4),,high-montane (main area of silver fir),10.0,0.7,1.0,,,,,1,1,1,1,,,,,,,4483,Mittleres Baumholz_10,1492.1,1,not_young,0,0,0,Grono,1000_1500
,113322.0,3.0,Schwaches Baumholz,153.0,FI (3) / LA (2) / LFO (5),,subalpine,8.0,1.2,1.0,,,,,1,1,1,1,,,,,,,4484,Schwaches Baumholz_8,1748.6,1,not_young,0,0,0,Grono,1500_2000
,113324.0,5.0,Starkes Baumholz,414.0,BU (1) / FI (5) / LA (3) / TA (1),,lower/upper montane,7.0,0.9,1.0,,,,,1,1,1,1,,,,,,,4485,Starkes Baumholz_7,1287.6,1,not_young,0,0,0,Grono,1000_1500
,113325.0,2.0,Stangenholz,219.0,BU (7) / LA (1),,lower/upper montane,7.0,0.4,1.0,,,,,1,1,1,1,,,,,,,4486,Stangenholz_7,1150.0,1,not_young,0,0,0,Grono,1000_1500
,113327.0,4.0,Mittleres Baumholz,256.0,FI (2) / LA (7),,lower/upper montane,7.0,1.3,1.0,,,,1.0,1,1,1,1,,,,0.0,,,4487,Mittleres Baumholz_7,1089.0,1,not_young,0,0,0,Grono,1000_1500
,113328.0,3.0,Schwaches Baumholz,200.0,FI (1) / LA (1),,lower/upper montane,7.0,2.1,,,,,1.0,3,3,3,8,,,,1.0,,,4488,Schwaches Baumholz_7,1088.3,1,not_young,0,0,0,Grono,1000_1500
,113329.0,2.0,Stangenholz,192.0,BU (5),,lower/upper montane,7.0,0.9,1.0,,,,,1,1,1,1,,,,,,,4489,Stangenholz_7,1144.1,1,not_young,0,0,0,Grono,1000_1500
,113330.0,5.0,Starkes Baumholz,443.0,BU (1) / FI (6) / LA (2) / TA (1),,lower/upper montane,7.0,0.7,1.0,,,,,1,1,1,1,,,,,,,4490,Starkes Baumholz_7,1189.4,1,not_young,0,0,0,Grono,1000_1500
,113331.0,2.0,Stangenholz,184.0,BU (1) / LA (2),,lower/upper montane,7.0,1.9,1.0,,,,,1,1,1,1,,,,,,,4491,Stangenholz_7,1138.3,1,not_young,0,0,0,Grono,1000_1500
,113332.0,2.0,Stangenholz,179.0,BU (2),,lower/upper montane,7.0,2.6,1.0,,,,,1,1,1,1,,,,,,,4492,Stangenholz_7,1263.0,1,not_young,0,0,0,Grono,1000_1500
,113354.0,3.0,Schwaches Baumholz,364.0,BAH (e) / BU (e) / FI (5) / LA (3) / TA (2),BU (1) / AER (2) / FI (3) / LA (1) / VBE (e) / TA (3),high-montane (main area of silver fir),10.0,4.7,,,,,1.0,3,3,3,8,,,,1.0,,,4509,Schwaches Baumholz_10,1514.4,1,not_young,0,0,0,Grono,1500_2000
,113522.0,2.0,Stangenholz,207.0,FI (5),,lower/upper montane,7.0,2.4,0.0,,,,,3,1,3,3,1.0,,,,,,4511,Stangenholz_7,1512.6,1,not_young,0,0,0,Grono,1500_2000
,113523.0,4.0,Mittleres Baumholz,410.0,BU (5) / LA (5),,lower/upper montane,7.0,1.3,,,,,,3,1,3,3,1.0,,,,,,4512,Mittleres Baumholz_7,1442.2,1,not_young,0,0,0,Grono,1000_1500
,113524.0,2.0,Stangenholz,233.0,FI (10),,lower/upper montane,7.0,0.6,,,,,,3,1,3,3,1.0,,,,,,4513,Stangenholz_7,1401.1,1,not_young,0,0,0,Grono,1000_1500
,113525.0,2.0,Stangenholz,160.0,BU (1),,lower/upper montane,7.0,1.3,0.0,,,,,3,1,3,3,1.0,,,,,,4514,Stangenholz_7,1322.3,1,not_young,0,0,0,Grono,1000_1500
,113526.0,2.0,Stangenholz,220.0,BU (1) / LA (1),,lower/upper montane,7.0,1.5,,,,,,3,1,3,3,1.0,,,,,,4515,Stangenholz_7,1223.4,1,not_young,0,0,0,Grono,1000_1500
,113527.0,2.0,Stangenholz,205.0,,,lower/upper montane,7.0,1.9,,,,,,3,3,3,3,,,,,,,4516,Stangenholz_7,1205.4,1,not_young,0,0,0,Grono,1000_1500
,113528.0,2.0,Stangenholz,280.0,BU (2) / FI (3) / LA (1),,lower/upper montane,7.0,2.1,,,,,,3,1,3,3,1.0,,,,,,4517,Stangenholz_7,1333.5,1,not_young,0,0,0,Grono,1000_1500
,113529.0,2.0,Stangenholz,291.0,BU (1),,lower/upper montane,7.0,1.0,,,,,,3,3,3,3,,,,,,,4518,Stangenholz_7,1291.5,1,not_young,0,0,0,Grono,1000_1500
,113530.0,3.0,Schwaches Baumholz,275.0,BU (1),,lower/upper montane,7.0,2.4,,,,,1.0,3,3,3,3,,,,0.0,,,4519,Schwaches Baumholz_7,1052.6,1,not_young,0,0,0,Grono,1000_1500
,113531.0,2.0,Stangenholz,241.0,BU (3),,lower/upper montane,7.0,2.1,,,,,1.0,3,3,3,8,,,,1.0,,,4520,Stangenholz_7,1242.9,1,not_young,0,0,0,Grono,1000_1500
,113532.0,3.0,Schwaches Baumholz,344.0,FI (7) / LA (1),,lower/upper montane,7.0,0.8,,,,,,3,3,3,3,,,,,,,4521,Schwaches Baumholz_7,1055.0,1,not_young,0,0,0,Grono,1000_1500
,113533.0,2.0,Stangenholz,270.0,BU (4) / FI (1),,lower/upper montane,7.0,1.4,,,,,,3,3,3,3,,,,,,,4522,Stangenholz_7,1026.1,1,not_young,0,0,0,Grono,1000_1500
,113534.0,2.0,Stangenholz,347.0,FI (10),,lower/upper montane,7.0,4.2,,,,,1.0,3,3,3,8,,,,1.0,,,4523,Stangenholz_7,1401.2,1,not_young,0,0,0,Grono,1000_1500
,113739.0,3.0,Schwaches Baumholz,337.0,BU (2) / FI (2),,lower/upper montane,7.0,1.3,,,,,1.0,3,3,3,8,,,,1.0,,,4537,Schwaches Baumholz_7,1159.2,1,not_young,0,0,0,Grono,1000_1500
,113740.0,2.0,Stangenholz,219.0,BU (2) / FI (6),,lower/upper montane,7.0,1.3,,,,,1.0,3,3,3,8,,,,1.0,,,4538,Stangenholz_7,1250.2,1,not_young,0,0,0,Grono,1000_1500
,113741.0,2.0,Stangenholz,284.0,FI (7) / LA (1),,lower/upper montane,7.0,1.5,0.0,,,,1.0,3,3,3,8,,,,1.0,,,4539,Stangenholz_7,1469.7,1,not_young,0,0,0,Grono,1000_1500
,113742.0,2.0,Stangenholz,292.0,BU (1) / FI (6) / LA (1) / TA (1),,lower/upper montane,7.0,1.8,,,,,1.0,3,3,3,8,,,,1.0,,,4540,Stangenholz_7,1196.6,1,not_young,0,0,0,Grono,1000_1500
,113743.0,2.0,Stangenholz,404.0,FI (10),,high-montane (main area of silver fir),10.0,0.5,1.0,,,,1.0,1,1,1,1,,,,0.0,,,4541,Stangenholz_10,1545.0,1,not_young,0,0,0,Grono,1500_2000
,113744.0,2.0,Stangenholz,316.0,BU (3),,lower/upper montane,7.0,0.5,1.0,,,,,1,1,1,1,,,,,,,4542,Stangenholz_7,1438.4,1,not_young,0,0,0,Grono,1000_1500
,113745.0,3.0,Schwaches Baumholz,275.0,BU (6) / FI (1) / TA (1),,lower/upper montane,7.0,1.4,,,,,1.0,3,3,3,3,,,,0.0,,,4543,Schwaches Baumholz_7,1130.0,1,not_young,0,0,0,Grono,1000_1500
,113746.0,5.0,Starkes Baumholz,375.0,BU (5) / FI (1) / LA (1) / TA (1),,lower/upper montane,7.0,1.9,,,,,1.0,3,3,3,8,,,,1.0,,,4544,Starkes Baumholz_7,1273.8,1,not_young,0,0,0,Grono,1000_1500
,113747.0,5.0,Starkes Baumholz,406.0,BU (5) / FI (1) / LA (1),,lower/upper montane,7.0,1.9,,,,,1.0,3,3,3,3,,,,0.0,,,4545,Starkes Baumholz_7,1267.5,1,not_young,0,0,0,Grono,1000_1500
,113748.0,3.0,Schwaches Baumholz,286.0,FI (4) / LA (1),,lower/upper montane,7.0,2.3,,,,,1.0,3,3,3,8,,,,1.0,,,4546,Schwaches Baumholz_7,1179.4,1,not_young,0,0,0,Grono,1000_1500
,113749.0,2.0,Stangenholz,73.0,BU (7),,lower/upper montane,7.0,0.8,0.0,,,,,3,3,3,3,,,,,,,4547,Stangenholz_7,1119.2,1,not_young,0,0,0,Grono,1000_1500
,113957.0,4.0,Mittleres Baumholz,263.0,FI (2) / LA (7) / TA (1),,subalpine,8.0,4.1,0.0,,,,,3,1,3,3,1.0,,,,,,4562,Mittleres Baumholz_8,1874.6,1,not_young,0,0,0,Grono,1500_2000
,113958.0,4.0,Mittleres Baumholz,417.0,FI (3) / LA (1) / TA (5),,lower/upper montane,7.0,3.1,0.0,,,,1.0,3,3,3,8,,,,1.0,,,4563,Mittleres Baumholz_7,1386.0,1,not_young,0,0,0,Grono,1000_1500
,113959.0,3.0,Schwaches Baumholz,376.0,FI (4) / LA (6),,subalpine,8.0,2.6,1.0,,,,,1,1,1,1,,,,,,,4564,Schwaches Baumholz_8,1693.4,1,not_young,0,0,0,Grono,1500_2000
,113960.0,4.0,Mittleres Baumholz,214.0,AER (2) / FI (1) / LA (7),,subalpine,8.0,1.5,1.0,,,,,1,1,1,1,,,,,,,4565,Mittleres Baumholz_8,1837.4,1,not_young,0,0,0,Grono,1500_2000
,113963.0,4.0,Mittleres Baumholz,334.0,FI (3) / LA (7),,high-montane (main area of silver fir),10.0,4.9,1.0,,,,,1,1,1,1,,,,,,,4566,Mittleres Baumholz_10,1621.9,1,not_young,0,0,0,Grono,1500_2000
,113964.0,5.0,Starkes Baumholz,493.0,FI (7) / LA (2) / TA (1),,lower/upper montane,7.0,2.1,1.0,,,,,1,1,1,1,,,,,,,4567,Starkes Baumholz_7,1395.4,1,not_young,0,0,0,Grono,1000_1500
,113965.0,4.0,Mittleres Baumholz,462.0,FI (6) / LA (2) / TA (1),,lower/upper montane,7.0,1.8,1.0,,,,,1,1,1,1,,,,,,,4568,Mittleres Baumholz_7,1494.7,1,not_young,0,0,0,Grono,1000_1500
,113966.0,2.0,Stangenholz,329.0,FI (5) / LA (1),,high-montane (main area of silver fir),10.0,0.5,1.0,,,,,1,1,1,1,,,,,,,4569,Stangenholz_10,1602.2,1,not_young,0,0,0,Grono,1500_2000
,114188.0,5.0,Starkes Baumholz,506.0,FI (5) / LA (3) / TA (1),,lower/upper montane,7.0,1.5,1.0,,,,,1,1,1,1,,,,,,,4584,Starkes Baumholz_7,1388.3,1,not_young,0,0,0,Grono,1000_1500
,114190.0,4.0,Mittleres Baumholz,419.0,FI (2) / LA (8),,high-montane (main area of silver fir),10.0,1.3,1.0,,,,,1,1,1,1,,,,,,,4585,Mittleres Baumholz_10,1642.5,1,not_young,0,0,0,Grono,1500_2000
,114191.0,4.0,Mittleres Baumholz,297.0,FI (1) / LA (9),,subalpine,8.0,2.0,1.0,,,,,1,1,1,1,,,,,,,4586,Mittleres Baumholz_8,1734.9,1,not_young,0,0,0,Grono,1500_2000
,114192.0,4.0,Mittleres Baumholz,224.0,LA (10),,upper subalpine,9.0,0.2,1.0,,,,,1,1,1,1,,,,,,,4587,Mittleres Baumholz_9,1855.2,1,not_young,0,0,0,Grono,1500_2000
,114193.0,4.0,Mittleres Baumholz,323.0,BU (2) / FI (2) / LA (1),,lower/upper montane,7.0,1.7,0.0,,,,,3,3,3,3,,,,,,,4588,Mittleres Baumholz_7,1286.3,1,not_young,0,0,0,Grono,1000_1500
,114194.0,5.0,Starkes Baumholz,448.0,FI (3) / LA (2) / TA (2),,lower/upper montane,7.0,0.9,1.0,,,,,1,1,1,1,,,,,,,4589,Starkes Baumholz_7,1461.6,1,not_young,0,0,0,Grono,1000_1500
,114195.0,2.0,Stangenholz,397.0,FI (5) / LA (3),,lower/upper montane,7.0,0.4,1.0,,,,,1,1,1,1,,,,,,,4590,Stangenholz_7,1405.0,1,not_young,0,0,0,Grono,1000_1500
,114196.0,3.0,Schwaches Baumholz,198.0,BU (1) / FI (8),,lower/upper montane,7.0,0.6,,,,,,3,3,3,3,,,,,,,4591,Schwaches Baumholz_7,1215.7,1,not_young,0,0,0,Grono,1000_1500
,114197.0,1.0,Jungwuchs/Dickung,122.0,BU (2) / FI (1) / LA (2),,subalpine,8.0,1.8,1.0,,,,,1,1,1,1,,,,,,,4592,Jungwuchs/Dickung_8,1639.2,1,young,0,0,0,Grono,1500_2000
,8209.0,3.0,Schwaches Baumholz,310.0,FI (1) / LA (8) / BI (e) / TA (1),FI (3) / VBE (1) / TA (6),high-montane (main area of silver fir),10.0,3.1,,,,,1.0,3,3,3,8,,,,1.0,,,8,Schwaches Baumholz_10,1466.6,1,not_young,0,0,0,Roveredo GR,1000_1500
,8596.0,4.0,Mittleres Baumholz,369.0,FI (5) / LA (3) / TA (2),AER (2) / FI (4) / LA (e) / TA (4),high-montane (main area of silver fir),10.0,4.3,,,,,1.0,3,3,3,8,,,,1.0,,,37,Mittleres Baumholz_10,1560.0,1,not_young,0,0,0,Roveredo GR,1500_2000
,8659.0,3.0,Schwaches Baumholz,359.0,BU (1) / FI (4) / LA (2) / BI (e) / TA (3),BU (1) / AER (2) / FI (4) / LA (e) / BI (e) / TA (3),high-montane (main area of silver fir),10.0,1.4,,,,,1.0,3,3,3,3,,,,0.0,,,44,Schwaches Baumholz_10,1602.3,1,not_young,0,0,0,Roveredo GR,1500_2000
,8695.0,2.0,Stangenholz,213.0,FI (e) / LA (10) / TA (e),FI (4) / TA (6),high-montane (main area of silver fir),10.0,0.5,,,,,,3,3,3,3,,,,,,,46,Stangenholz_10,1653.6,1,not_young,0,0,0,Roveredo GR,1500_2000
,8713.0,3.0,Schwaches Baumholz,332.0,LA (10) / TA (e),FI (1) / LA (2) / TA (7),high-montane (main area of silver fir),10.0,5.5,,,,,1.0,3,3,3,8,,,,1.0,,,49,Schwaches Baumholz_10,1576.2,1,not_young,0,0,0,Roveredo GR,1500_2000
,9251.0,1.0,Jungwuchs/Dickung,250.0,,BU (e) / AER (1) / FI (4) / LA (2) / BI (1) / UST (e) / TA (2),high-montane (main area of silver fir),10.0,0.6,,,,,1.0,3,3,3,8,,,,1.0,,,120,Jungwuchs/Dickung_10,1552.5,1,young,0,0,0,Roveredo GR,1500_2000
,9863.0,3.0,Schwaches Baumholz,277.0,FI (1) / LA (6) / TA (3),BU (e) / FI (4) / LA (1) / TA (5),high-montane (main area of silver fir),10.0,0.7,,,,,,3,3,3,3,,,,,,,187,Schwaches Baumholz_10,1628.5,1,not_young,0,0,0,Roveredo GR,1500_2000
,9899.0,4.0,Mittleres Baumholz,279.0,BAH (e) / FI (4) / LA (5) / TA (1),BAH (e) / AER (4) / FI (3) / LA (2) / VBE (e) / TA (1),high-montane (main area of silver fir),10.0,3.0,,,,,1.0,3,3,3,8,,,,1.0,,,195,Mittleres Baumholz_10,1553.0,1,not_young,0,0,0,Roveredo GR,1500_2000
,9955.0,3.0,Schwaches Baumholz,248.0,LA (10),AER (7) / FI (e) / VBE (3),subalpine,8.0,4.1,,,,,,3,3,3,3,,,,,,,201,Schwaches Baumholz_8,1769.8,1,not_young,0,0,0,Roveredo GR,1500_2000
,9969.0,3.0,Schwaches Baumholz,161.0,FI (2) / LA (8) / TA (e),AER (7) / FI (1) / LA (e) / VBE (2),high-montane (main area of silver fir),10.0,5.5,,,,,1.0,3,3,3,3,,,,0.0,,,204,Schwaches Baumholz_10,1618.3,1,not_young,0,0,0,Roveredo GR,1500_2000
,9972.0,4.0,Mittleres Baumholz,360.0,BU (3) / FI (2) / TA (5),BU (3) / FI (5) / BI (1) / TA (1),lower/upper montane,7.0,0.6,,,,,1.0,3,3,3,3,,,,0.0,,,205,Mittleres Baumholz_7,1367.1,1,not_young,0,0,0,Roveredo GR,1000_1500
,10240.0,3.0,Schwaches Baumholz,272.0,FI (e) / LA (10) / TA (e),AER (6) / FI (e) / LA (3) / VBE (e) / TA (1),high-montane (main area of silver fir),10.0,1.3,,,,,1.0,3,3,3,3,,,,0.0,,,235,Schwaches Baumholz_10,1665.8,1,not_young,0,0,0,Roveredo GR,1500_2000
,10294.0,3.0,Schwaches Baumholz,312.0,BU (1) / FI (5) / LA (1) / TA (3),BU (e) / AER (2) / FI (3) / LA (e) / TA (5),high-montane (main area of silver fir),10.0,2.3,,,,,1.0,3,3,3,8,,,,1.0,,,241,Schwaches Baumholz_10,1525.9,1,not_young,0,0,0,Roveredo GR,1500_2000
,10714.0,4.0,Mittleres Baumholz,286.0,LA (10) / TA (e),AER (5) / FI (e) / LA (5) / TA (e),subalpine,8.0,1.6,,,,,,3,3,3,3,,,,,,,293,Mittleres Baumholz_8,1704.0,1,not_young,0,0,0,Roveredo GR,1500_2000
,10906.0,2.0,Stangenholz,250.0,BU (2) / FI (4) / LA (1) / TA (3),BU (3) / AER (1) / FI (2) / BI (2) / TA (2),high-montane (main area of silver fir),10.0,0.5,,,,,1.0,3,3,3,3,,,,0.0,,,315,Stangenholz_10,1555.2,1,not_young,0,0,0,Roveredo GR,1500_2000
,11156.0,4.0,Mittleres Baumholz,182.0,LA (10),AER (6) / FI (e) / LA (e) / VBE (4),upper subalpine,9.0,1.4,,,,,,3,3,3,3,,,,,,,356,Mittleres Baumholz_9,1960.0,1,not_young,0,0,0,Roveredo GR,1500_2000
,11399.0,3.0,Schwaches Baumholz,356.0,BU (e) / FI (2) / LA (7) / TA (1),AER (1) / FI (3) / LA (1) / VBE (e) / UST (1) / TA (4),high-montane (main area of silver fir),10.0,3.9,,,,,1.0,3,3,3,8,,,,1.0,,,395,Schwaches Baumholz_10,1562.6,1,not_young,0,0,0,Roveredo GR,1500_2000
,11666.0,5.0,Starkes Baumholz,237.0,FI (4) / LA (6),AER (6) / FI (3) / LA (1) / VBE (e),subalpine,8.0,1.3,,,,,1.0,3,3,3,3,,,,0.0,,,433,Starkes Baumholz_8,1712.5,1,not_young,0,0,0,Roveredo GR,1500_2000
,11993.0,4.0,Mittleres Baumholz,185.0,FI (e) / LA (10),AER (7) / VBE (3),subalpine,8.0,2.5,,,,,,3,3,3,3,,,,,,,472,Mittleres Baumholz_8,1828.9,1,not_young,0,0,0,Roveredo GR,1500_2000
,12046.0,3.0,Schwaches Baumholz,343.0,WER (2) / ES (e) / KA (1) / BI (5) / WEI (e) / LI (2),WER (1) / ES (e) / KA (1) / BI (e) / LI (e) / HAS (8),colline with beech,2.0,1.5,,,,,,3,3,3,3,,,,,,,476,Schwaches Baumholz_2,364.5,0,not_young,0,0,0,Roveredo GR,300_500
,12131.0,1.0,Jungwuchs/Dickung,256.0,,BU (1) / AER (e) / FI (3) / LA (2) / BI (1) / UST (1) / TA (2),high-montane (main area of silver fir),10.0,0.8,,,,,1.0,3,3,3,8,,,,1.0,,,487,Jungwuchs/Dickung_10,1601.3,1,young,0,0,0,Roveredo GR,1500_2000
,12714.0,3.0,Schwaches Baumholz,325.0,BU (1) / FI (5) / LA (e) / TA (4),BU (1) / AER (2) / FI (5) / LA (e) / TA (2),high-montane (main area of silver fir),10.0,1.7,,,,,1.0,3,3,3,3,,,,0.0,,,559,Schwaches Baumholz_10,1560.9,1,not_young,0,0,0,Roveredo GR,1500_2000
,12776.0,3.0,Schwaches Baumholz,162.0,FI (e) / LA (10),,-,5.0,3.2,,,,,,3,3,3,3,,,,,,,567,Schwaches Baumholz_5,1925.2,1,not_young,0,0,0,Roveredo GR,1500_2000
,9582.0,4.0,Mittleres Baumholz,378.0,FI (9) / LA (1),,subalpine,8.0,2.6,,,1.0,,1.0,2,2,2,8,,,,1.0,,,154,Mittleres Baumholz_8,1679.4,1,not_young,1,1,1,S. Bernardino,1500_2000
,10335.0,5.0,Starkes Baumholz,383.0,FI (9) / LA (1),FI (9) / LA (1) / ST (e),subalpine,8.0,1.4,,,1.0,,1.0,2,2,2,8,,,,1.0,,,245,Starkes Baumholz_8,1619.6,1,not_young,1,1,1,S. Bernardino,1500_2000
,193.0,2.0,Stangenholz,,,,high-montane (relict area of silver fir),12.0,0.2,,,1.0,,1.0,2,2,2,2,,,,0.0,,,4701,Stangenholz_12,1602.3,1,not_young,0,1,1,S. Bernardino,1500_2000
,225.0,2.0,Stangenholz,,,,subalpine,8.0,1.2,,,1.0,,1.0,2,2,2,2,,,,0.0,,,4703,Stangenholz_8,1659.6,1,not_young,0,1,1,S. Bernardino,1500_2000
,13.0,4.0,Mittleres Baumholz,,,,high-montane (relict area of silver fir),12.0,0.3,,,,1.0,,3,3,8,8,,,,,1.0,boschi attualmente con potenziale di legname resinoso. Boschi relativamente ben accessibile con teleferiche,4705,Mittleres Baumholz_12,1608.5,1,not_young,1,1,0,S. Bernardino,1500_2000
,18.0,2.0,Stangenholz,,,,upper subalpine,9.0,0.6,,,,1.0,,3,3,8,8,,,,,1.0,boschi attualmente con potenziale di legname resinoso. Boschi relativamente ben accessibile con teleferiche,4706,Stangenholz_9,1731.1,1,not_young,0,1,0,S. Bernardino,1500_2000
,21.0,3.0,Schwaches Baumholz,,,,high-montane (relict area of silver fir),12.0,2.8,,,1.0,1.0,1.0,2,2,8,8,,,,0.0,1.0,boschi attualmente con potenziale di legname resinoso. Boschi relativamente ben accessibile con teleferiche,4710,Schwaches Baumholz_12,1540.8,1,not_young,1,1,1,S. Bernardino,1500_2000
,28.0,5.0,Starkes Baumholz,,,,high-montane (relict area of silver fir),12.0,0.6,,,,1.0,,3,3,8,8,,,,,1.0,boschi attualmente con potenziale di legname resinoso. Boschi relativamente ben accessibile con teleferiche,4714,Starkes Baumholz_12,1604.0,1,not_young,1,1,0,S. Bernardino,1500_2000
,36.0,2.0,Stangenholz,,,,upper subalpine,9.0,1.8,,,,1.0,,3,3,8,8,,,,,1.0,boschi attualmente con potenziale di legname resinoso. Boschi relativamente ben accessibile con teleferiche,4715,Stangenholz_9,1787.7,1,not_young,1,1,0,S. Bernardino,1500_2000
,36.0,2.0,Stangenholz,,,,upper subalpine,9.0,1.7,,,,1.0,,3,3,8,8,,,,,1.0,boschi attualmente con potenziale di legname resinoso. Boschi relativamente ben accessibile con teleferiche,4716,Stangenholz_9,1792.5,1,not_young,1,1,0,S. Bernardino,1500_2000
,54.0,5.0,Starkes Baumholz,,,,subalpine,8.0,0.3,,,1.0,1.0,,2,2,8,8,,,,,1.0,boschi attualmente con potenziale di legname resinoso. Boschi relativamente ben accessibile con teleferiche,4717,Starkes Baumholz_8,1538.7,1,not_young,0,1,0,S. Bernardino,1500_2000
,60.0,5.0,Starkes Baumholz,,,,high-montane (relict area of silver fir),12.0,2.7,,,,1.0,,3,3,8,8,,,,,1.0,boschi attualmente con potenziale di legname resinoso. Boschi relativamente ben accessibile con teleferiche,4719,Starkes Baumholz_12,1626.3,1,not_young,1,1,0,S. Bernardino,1500_2000
,60.0,5.0,Starkes Baumholz,,,,high-montane (relict area of silver fir),12.0,0.3,,,,1.0,,3,3,8,8,,,,,1.0,boschi attualmente con potenziale di legname resinoso. Boschi relativamente ben accessibile con teleferiche,4720,Starkes Baumholz_12,1610.7,1,not_young,1,1,0,S. Bernardino,1500_2000
,103.0,2.0,Stangenholz,,,,subalpine,8.0,1.5,,,1.0,1.0,,2,2,8,8,,,,,1.0,boschi attualmente con potenziale di legname resinoso. Boschi relativamente ben accessibile con teleferiche,4722,Stangenholz_8,1682.9,1,not_young,1,1,0,S. Bernardino,1500_2000
,105.0,4.0,Mittleres Baumholz,,,,subalpine,8.0,0.5,,,1.0,1.0,,2,2,8,8,,,,,1.0,boschi attualmente con potenziale di legname resinoso. Boschi relativamente ben accessibile con teleferiche,4723,Mittleres Baumholz_8,1661.1,1,not_young,1,1,0,S. Bernardino,1500_2000
,105.0,4.0,Mittleres Baumholz,,,,subalpine,8.0,2.4,,,1.0,1.0,,2,2,8,8,,,,,1.0,boschi attualmente con potenziale di legname resinoso. Boschi relativamente ben accessibile con teleferiche,4724,Mittleres Baumholz_8,1685.9,1,not_young,1,1,0,S. Bernardino,1500_2000
,105.0,4.0,Mittleres Baumholz,,,,subalpine,8.0,1.6,,,1.0,1.0,,2,2,8,8,,,,,1.0,boschi attualmente con potenziale di legname resinoso. Boschi relativamente ben accessibile con teleferiche,4725,Mittleres Baumholz_8,1724.3,1,not_young,1,1,0,S. Bernardino,1500_2000
,105.0,4.0,Mittleres Baumholz,,,,subalpine,8.0,3.0,,,1.0,1.0,,2,2,8,8,,,,,1.0,boschi attualmente con potenziale di legname resinoso. Boschi relativamente ben accessibile con teleferiche,4726,Mittleres Baumholz_8,1742.2,1,not_young,1,1,0,S. Bernardino,1500_2000
,106.0,4.0,Mittleres Baumholz,,,,subalpine,8.0,6.1,,,,1.0,,3,3,8,8,,,,,1.0,boschi attualmente con potenziale di legname resinoso. Boschi relativamente ben accessibile con teleferiche,4727,Mittleres Baumholz_8,1652.6,1,not_young,1,1,0,S. Bernardino,1500_2000
,107.0,2.0,Stangenholz,,,,subalpine,8.0,3.4,,,,1.0,,3,3,8,8,,,,,1.0,boschi attualmente con potenziale di legname resinoso. Boschi relativamente ben accessibile con teleferiche,4728,Stangenholz_8,1681.3,1,not_young,1,1,0,S. Bernardino,1500_2000
,108.0,1.0,Jungwuchs/Dickung,,,,subalpine,8.0,1.9,,,1.0,1.0,,2,2,8,8,,,,,1.0,boschi attualmente con potenziale di legname resinoso. Boschi relativamente ben accessibile con teleferiche,4729,Jungwuchs/Dickung_8,1670.7,1,young,1,1,0,S. Bernardino,1500_2000
,108.0,1.0,Jungwuchs/Dickung,,,,subalpine,8.0,2.7,,,1.0,1.0,,2,2,8,8,,,,,1.0,boschi attualmente con potenziale di legname resinoso. Boschi relativamente ben accessibile con teleferiche,4730,Jungwuchs/Dickung_8,1682.8,1,young,1,1,0,S. Bernardino,1500_2000
,108.0,1.0,Jungwuchs/Dickung,,,,subalpine,8.0,0.6,,,1.0,1.0,,2,2,8,8,,,,,1.0,boschi attualmente con potenziale di legname resinoso. Boschi relativamente ben accessibile con teleferiche,4731,Jungwuchs/Dickung_8,1670.6,1,young,1,1,0,S. Bernardino,1500_2000
,110.0,5.0,Starkes Baumholz,,,,subalpine,8.0,1.3,,,1.0,1.0,,2,2,8,8,,,,,1.0,boschi attualmente con potenziale di legname resinoso. Boschi relativamente ben accessibile con teleferiche,4732,Starkes Baumholz_8,1681.9,1,not_young,1,1,0,S. Bernardino,1500_2000
,110.0,5.0,Starkes Baumholz,,,,subalpine,8.0,1.6,,,1.0,1.0,,2,2,8,8,,,,,1.0,boschi attualmente con potenziale di legname resinoso. Boschi relativamente ben accessibile con teleferiche,4733,Starkes Baumholz_8,1704.8,1,not_young,1,1,0,S. Bernardino,1500_2000
,112.0,4.0,Mittleres Baumholz,,,,subalpine,8.0,12.8,,,,1.0,,3,3,8,8,,,,,1.0,boschi attualmente con potenziale di legname resinoso. Boschi relativamente ben accessibile con teleferiche,4734,Mittleres Baumholz_8,1684.0,1,not_young,1,1,0,S. Bernardino,1500_2000
,115.0,4.0,Mittleres Baumholz,,,,high-montane (relict area of silver fir),12.0,3.5,,,,,1.0,3,3,3,8,,,,1.0,5.0,boschi attualmente con potenziale di legname resinoso. Esbosco difficoltoso quindi attualmente non sfruttati,4738,Mittleres Baumholz_12,1517.5,1,not_young,1,1,0,S. Bernardino,1500_2000
,115.0,4.0,Mittleres Baumholz,,,,high-montane (relict area of silver fir),12.0,11.8,,,,1.0,1.0,3,3,8,8,,,,0.0,1.0,boschi attualmente con potenziale di legname resinoso. Boschi relativamente ben accessibile con teleferiche,4739,Mittleres Baumholz_12,1552.0,1,not_young,1,1,0,S. Bernardino,1500_2000
,119.0,5.0,Starkes Baumholz,,,,high-montane (relict area of silver fir),12.0,4.8,,,,,1.0,3,3,3,8,,,,1.0,5.0,boschi attualmente con potenziale di legname resinoso. Esbosco difficoltoso quindi attualmente non sfruttati,4745,Starkes Baumholz_12,1562.1,1,not_young,1,1,0,S. Bernardino,1500_2000
,123.0,4.0,Mittleres Baumholz,,,,subalpine,8.0,3.6,,,,1.0,,3,3,8,8,,,,,1.0,boschi attualmente con potenziale di legname resinoso. Boschi relativamente ben accessibile con teleferiche,4759,Mittleres Baumholz_8,1637.1,1,not_young,1,1,0,S. Bernardino,1500_2000
,123.0,4.0,Mittleres Baumholz,,,,subalpine,8.0,0.8,,,,1.0,,3,3,8,8,,,,,1.0,boschi attualmente con potenziale di legname resinoso. Boschi relativamente ben accessibile con teleferiche,4760,Mittleres Baumholz_8,1625.2,1,not_young,1,1,0,S. Bernardino,1500_2000
,125.0,2.0,Stangenholz,,,,subalpine,8.0,7.6,,,,1.0,,3,3,8,8,,,,,1.0,boschi attualmente con potenziale di legname resinoso. Boschi relativamente ben accessibile con teleferiche,4763,Stangenholz_8,1704.0,1,not_young,1,1,0,S. Bernardino,1500_2000
,125.0,2.0,Stangenholz,,,,subalpine,8.0,0.5,,,,1.0,,3,3,8,8,,,,,1.0,boschi attualmente con potenziale di legname resinoso. Boschi relativamente ben accessibile con teleferiche,4764,Stangenholz_8,1627.5,1,not_young,1,1,0,S. Bernardino,1500_2000
,128.0,5.0,Starkes Baumholz,,,,subalpine,8.0,11.5,,,,1.0,,3,3,8,8,,,,,1.0,boschi attualmente con potenziale di legname resinoso. Boschi relativamente ben accessibile con teleferiche,4765,Starkes Baumholz_8,1698.0,1,not_young,1,1,0,S. Bernardino,1500_2000
,128.0,3.0,Schwaches Baumholz,,,,subalpine,8.0,7.2,,,1.0,,1.0,2,2,2,8,,,,1.0,5.0,boschi attualmente con potenziale di legname resinoso. Esbosco difficoltoso quindi attualmente non sfruttati,4766,Schwaches Baumholz_8,1687.0,1,not_young,0,1,0,S. Bernardino,1500_2000
,136.0,3.0,Schwaches Baumholz,,,,subalpine,8.0,1.0,,,1.0,1.0,1.0,2,2,8,8,,,,0.0,1.0,boschi attualmente con potenziale di legname resinoso. Boschi relativamente ben accessibile con teleferiche,4767,Schwaches Baumholz_8,1701.8,1,not_young,1,1,0,S. Bernardino,1500_2000
,136.0,3.0,Schwaches Baumholz,,,,subalpine,8.0,3.7,,,1.0,1.0,1.0,2,2,8,8,,,,0.0,1.0,boschi attualmente con potenziale di legname resinoso. Boschi relativamente ben accessibile con teleferiche,4768,Schwaches Baumholz_8,1709.8,1,not_young,0,1,0,S. Bernardino,1500_2000
,138.0,5.0,Starkes Baumholz,,,,subalpine,8.0,1.0,,,,1.0,,3,3,8,8,,,,,1.0,boschi attualmente con potenziale di legname resinoso. Boschi relativamente ben accessibile con teleferiche,4769,Starkes Baumholz_8,1637.1,1,not_young,1,1,0,S. Bernardino,1500_2000
,138.0,5.0,Starkes Baumholz,,,,subalpine,8.0,6.0,,,,1.0,,3,3,8,8,,,,,1.0,boschi attualmente con potenziale di legname resinoso. Boschi relativamente ben accessibile con teleferiche,4770,Starkes Baumholz_8,1627.5,1,not_young,1,1,0,S. Bernardino,1500_2000
,138.0,5.0,Starkes Baumholz,,,,subalpine,8.0,2.1,,,,1.0,,3,3,8,8,,,,,1.0,boschi attualmente con potenziale di legname resinoso. Boschi relativamente ben accessibile con teleferiche,4771,Starkes Baumholz_8,1622.4,1,not_young,1,1,0,S. Bernardino,1500_2000
,138.0,5.0,Starkes Baumholz,,,,subalpine,8.0,1.3,,,,1.0,,3,3,8,8,,,,,1.0,boschi attualmente con potenziale di legname resinoso. Boschi relativamente ben accessibile con teleferiche,4772,Starkes Baumholz_8,1644.2,1,not_young,1,1,0,S. Bernardino,1500_2000
,150.0,5.0,Starkes Baumholz,,,,subalpine,8.0,0.5,,,1.0,1.0,,2,2,8,8,,,,,1.0,boschi attualmente con potenziale di legname resinoso. Boschi relativamente ben accessibile con teleferiche,4776,Starkes Baumholz_8,1679.7,1,not_young,1,1,0,S. Bernardino,1500_2000
,150.0,5.0,Starkes Baumholz,,,,subalpine,8.0,2.0,,,1.0,1.0,,2,2,8,8,,,,,1.0,boschi attualmente con potenziale di legname resinoso. Boschi relativamente ben accessibile con teleferiche,4777,Starkes Baumholz_8,1672.0,1,not_young,1,1,0,S. Bernardino,1500_2000
,151.0,5.0,Starkes Baumholz,,,,subalpine,8.0,0.6,,,,1.0,,3,3,8,8,,,,,1.0,boschi attualmente con potenziale di legname resinoso. Boschi relativamente ben accessibile con teleferiche,4778,Starkes Baumholz_8,1739.5,1,not_young,1,1,0,S. Bernardino,1500_2000
,151.0,5.0,Starkes Baumholz,,,,subalpine,8.0,14.7,,,,1.0,,3,3,8,8,,,,,1.0,boschi attualmente con potenziale di legname resinoso. Boschi relativamente ben accessibile con teleferiche,4779,Starkes Baumholz_8,1724.3,1,not_young,1,1,0,S. Bernardino,1500_2000
,156.0,5.0,Starkes Baumholz,,,,high-montane (relict area of silver fir),12.0,1.5,,,,1.0,,3,3,8,8,,,,,1.0,boschi attualmente con potenziale di legname resinoso. Boschi relativamente ben accessibile con teleferiche,4781,Starkes Baumholz_12,1538.6,1,not_young,0,1,0,S. Bernardino,1500_2000
,156.0,5.0,Starkes Baumholz,,,,high-montane (relict area of silver fir),12.0,0.6,,,,1.0,,3,3,8,8,,,,,1.0,boschi attualmente con potenziale di legname resinoso. Boschi relativamente ben accessibile con teleferiche,4783,Starkes Baumholz_12,1612.1,1,not_young,0,1,0,S. Bernardino,1500_2000
,158.0,3.0,Schwaches Baumholz,,,,subalpine,8.0,5.1,,,,1.0,,3,3,8,8,,,,,1.0,boschi attualmente con potenziale di legname resinoso. Boschi relativamente ben accessibile con teleferiche,4784,Schwaches Baumholz_8,1698.2,1,not_young,0,1,0,S. Bernardino,1500_2000
,159.0,2.0,Stangenholz,,,,subalpine,8.0,0.4,,,1.0,1.0,,2,2,8,8,,,,,1.0,boschi attualmente con potenziale di legname resinoso. Boschi relativamente ben accessibile con teleferiche,4785,Stangenholz_8,1690.0,1,not_young,0,1,1,S. Bernardino,1500_2000
,159.0,2.0,Stangenholz,,,,subalpine,8.0,2.3,,,1.0,1.0,,2,2,8,8,,,,,1.0,boschi attualmente con potenziale di legname resinoso. Boschi relativamente ben accessibile con teleferiche,4786,Stangenholz_8,1648.8,1,not_young,0,1,1,S. Bernardino,1500_2000
,233.0,4.0,Mittleres Baumholz,,,,subalpine,8.0,7.1,,,,1.0,,3,3,8,8,,,,,1.0,boschi attualmente con potenziale di legname resinoso. Boschi relativamente ben accessibile con teleferiche,4817,Mittleres Baumholz_8,1783.0,1,not_young,0,1,0,S. Bernardino,1500_2000
,245.0,2.0,Stangenholz,,,,upper subalpine,9.0,1.6,,,,1.0,,3,3,8,8,,,,,1.0,boschi attualmente con potenziale di legname resinoso. Boschi relativamente ben accessibile con teleferiche,4819,Stangenholz_9,1836.8,1,not_young,0,1,0,S. Bernardino,1500_2000
,254.0,3.0,Schwaches Baumholz,,,,upper subalpine,9.0,2.1,,,,1.0,,3,3,8,8,,,,,1.0,boschi attualmente con potenziale di legname resinoso. Boschi relativamente ben accessibile con teleferiche,4820,Schwaches Baumholz_9,1774.1,1,not_young,0,1,0,S. Bernardino,1500_2000
,3.0,4.0,Mittleres Baumholz,,,,high-montane (relict area of silver fir),12.0,0.3,,,,,,3,3,3,3,,,,,,,4822,Mittleres Baumholz_12,1595.9,1,not_young,0,1,0,S. Bernardino,1500_2000
,6.0,2.0,Stangenholz,,,,-,5.0,0.9,,,,,,3,3,3,3,,,,,,,4823,Stangenholz_5,2042.0,1,not_young,0,1,0,S. Bernardino,2000_2500
,8.0,2.0,Stangenholz,,,,-,5.0,0.5,,,,,,3,3,3,3,,,,,,,4824,Stangenholz_5,1968.9,1,not_young,0,1,0,S. Bernardino,1500_2000
,27.0,4.0,Mittleres Baumholz,,,,high-montane (relict area of silver fir),12.0,1.2,,,,,,3,3,3,3,,,,,,,4829,Mittleres Baumholz_12,1609.0,1,not_young,0,1,0,S. Bernardino,1500_2000
,28.0,5.0,Starkes Baumholz,,,,high-montane (relict area of silver fir),12.0,0.9,,,,,,3,3,3,3,,,,,,,4830,Starkes Baumholz_12,1613.0,1,not_young,0,1,0,S. Bernardino,1500_2000
,36.0,2.0,Stangenholz,,,,upper subalpine,9.0,19.3,,,,,,3,3,3,3,,,,,,,4831,Stangenholz_9,1906.5,1,not_young,0,1,0,S. Bernardino,1500_2000
,38.0,3.0,Schwaches Baumholz,,,,subalpine,8.0,1.4,,,,,,3,3,3,3,,,,,,,4832,Schwaches Baumholz_8,1623.2,1,not_young,0,1,0,S. Bernardino,1500_2000
,43.0,3.0,Schwaches Baumholz,,,,upper subalpine,9.0,1.0,,,,,,3,3,3,3,,,,,,,4834,Schwaches Baumholz_9,1828.0,1,not_young,0,1,0,S. Bernardino,1500_2000
,50.0,2.0,Stangenholz,,,,high-montane (relict area of silver fir),12.0,0.9,,,,,,3,3,3,3,,,,,,,4835,Stangenholz_12,1623.4,1,not_young,0,1,0,S. Bernardino,1500_2000
,62.0,5.0,Starkes Baumholz,,,,high-montane (relict area of silver fir),12.0,0.3,,,,,,3,3,3,3,,,,,,,4837,Starkes Baumholz_12,1606.6,1,not_young,0,1,0,S. Bernardino,1500_2000
,63.0,5.0,Starkes Baumholz,,,,-,5.0,0.5,,,,,,3,3,3,3,,,,,,,4838,Starkes Baumholz_5,1969.8,1,not_young,0,1,0,S. Bernardino,1500_2000
,73.0,5.0,Starkes Baumholz,,,,-,5.0,4.2,,,,,,3,3,3,3,,,,,,,4840,Starkes Baumholz_5,2024.2,1,not_young,0,1,0,S. Bernardino,2000_2500
,79.0,2.0,Stangenholz,,,,subalpine,8.0,0.8,,,1.0,,,2,2,2,2,,,,,,,4842,Stangenholz_8,1675.6,1,not_young,0,1,1,S. Bernardino,1500_2000
,81.0,5.0,Starkes Baumholz,,,,subalpine,8.0,4.3,,,,,,3,3,3,3,,,,,,,4843,Starkes Baumholz_8,1674.6,1,not_young,0,1,0,S. Bernardino,1500_2000
,85.0,2.0,Stangenholz,,,,subalpine,8.0,0.5,,,1.0,,,2,2,2,2,,,,,,,4844,Stangenholz_8,1749.8,1,not_young,0,1,0,S. Bernardino,1500_2000
,87.0,3.0,Schwaches Baumholz,,,,subalpine,8.0,0.5,,,1.0,,,2,2,2,2,,,,,,,4845,Schwaches Baumholz_8,1775.8,1,not_young,0,1,0,S. Bernardino,1500_2000
,91.0,3.0,Schwaches Baumholz,,,,upper subalpine,9.0,0.5,,,1.0,,,2,2,2,2,,,,,,,4847,Schwaches Baumholz_9,1918.4,1,not_young,0,1,0,S. Bernardino,1500_2000
,98.0,2.0,Stangenholz,,,,subalpine,8.0,4.3,,,1.0,,,2,2,2,2,,,,,,,4849,Stangenholz_8,1700.2,1,not_young,0,1,0,S. Bernardino,1500_2000
,99.0,3.0,Schwaches Baumholz,,,,subalpine,8.0,11.1,,,,,,3,3,3,3,,,,,,,4850,Schwaches Baumholz_8,1708.1,1,not_young,0,1,0,S. Bernardino,1500_2000
,100.0,2.0,Stangenholz,,,,subalpine,8.0,1.0,,,,,,3,3,3,3,,,,,,,4851,Stangenholz_8,1789.5,1,not_young,0,1,0,S. Bernardino,1500_2000
,102.0,4.0,Mittleres Baumholz,,,,subalpine,8.0,0.6,,,1.0,,,2,2,2,2,,,,,,,4852,Mittleres Baumholz_8,1704.7,1,not_young,0,1,0,S. Bernardino,1500_2000
,105.0,4.0,Mittleres Baumholz,,,,subalpine,8.0,9.7,,,1.0,,,2,2,2,2,,,,,,,4853,Mittleres Baumholz_8,1696.6,1,not_young,0,1,0,S. Bernardino,1500_2000
,107.0,2.0,Stangenholz,,,,subalpine,8.0,7.3,,,,,,3,3,3,3,,,,,,,4854,Stangenholz_8,1664.4,1,not_young,0,1,0,S. Bernardino,1500_2000
,108.0,1.0,Jungwuchs/Dickung,,,,subalpine,8.0,2.6,,,1.0,,,2,2,2,2,,,,,,,4855,Jungwuchs/Dickung_8,1676.7,1,young,0,1,0,S. Bernardino,1500_2000
,110.0,5.0,Starkes Baumholz,,,,subalpine,8.0,4.1,,,1.0,,,2,2,2,2,,,,,,,4856,Starkes Baumholz_8,1690.8,1,not_young,0,1,0,S. Bernardino,1500_2000
,112.0,4.0,Mittleres Baumholz,,,,subalpine,8.0,10.7,,,,,,3,3,3,3,,,,,,,4857,Mittleres Baumholz_8,1732.2,1,not_young,0,1,0,S. Bernardino,1500_2000
,123.0,4.0,Mittleres Baumholz,,,,subalpine,8.0,0.8,,,,,,3,3,3,3,,,,,,,4863,Mittleres Baumholz_8,1638.3,1,not_young,0,1,0,S. Bernardino,1500_2000
,125.0,2.0,Stangenholz,,,,subalpine,8.0,0.8,,,,1.0,,3,3,8,8,,,,,1.0,,4865,Stangenholz_8,1636.1,1,not_young,1,1,0,S. Bernardino,1500_2000
,131.0,4.0,Mittleres Baumholz,,,,upper subalpine,9.0,1.1,,,1.0,,,2,2,2,2,,,,,,,4866,Mittleres Baumholz_9,1841.9,1,not_young,0,1,0,S. Bernardino,1500_2000
,132.0,2.0,Stangenholz,,,,subalpine,8.0,5.7,,,1.0,,,2,2,2,2,,,,,,,4867,Stangenholz_8,1771.5,1,not_young,0,1,0,S. Bernardino,1500_2000
,133.0,3.0,Schwaches Baumholz,,,,subalpine,8.0,9.9,,,,,,3,3,3,3,,,,,,,4868,Schwaches Baumholz_8,1694.3,1,not_young,0,1,0,S. Bernardino,1500_2000
,134.0,4.0,Mittleres Baumholz,,,,subalpine,8.0,7.6,,,,,,3,3,3,3,,,,,,,4869,Mittleres Baumholz_8,1690.1,1,not_young,0,1,0,S. Bernardino,1500_2000
,135.0,3.0,Schwaches Baumholz,,,,subalpine,8.0,13.7,,,,,,3,3,3,3,,,,,,,4870,Schwaches Baumholz_8,1689.9,1,not_young,0,1,0,S. Bernardino,1500_2000
,136.0,3.0,Schwaches Baumholz,,,,subalpine,8.0,10.3,,,1.0,,1.0,2,2,2,2,,,,0.0,,boschi attualmente con potenziale di legname resinoso. Boschi relativamente ben accessibile con teleferiche,4871,Schwaches Baumholz_8,1702.9,1,not_young,0,1,0,S. Bernardino,1500_2000
,137.0,4.0,Mittleres Baumholz,,,,subalpine,8.0,23.5,,,,,,3,3,3,3,,,,,,,4872,Mittleres Baumholz_8,1741.3,1,not_young,0,1,0,S. Bernardino,1500_2000
,138.0,5.0,Starkes Baumholz,,,,subalpine,8.0,5.7,,,,,,3,3,3,3,,,,,,,4873,Starkes Baumholz_8,1624.8,1,not_young,0,1,0,S. Bernardino,1500_2000
,139.0,6.0,Starkes Baumholz,,,,subalpine,8.0,20.2,,,,,,3,3,3,3,,,,,,,4874,Starkes Baumholz_8,1669.3,1,not_young,0,1,0,S. Bernardino,1500_2000
,149.0,3.0,Schwaches Baumholz,,,,subalpine,8.0,6.7,,,,,,3,3,3,3,,,,,,,4876,Schwaches Baumholz_8,1770.9,1,not_young,0,1,0,S. Bernardino,1500_2000
,150.0,5.0,Starkes Baumholz,,,,subalpine,8.0,1.9,,,1.0,,,2,2,2,2,,,,,,,4877,Starkes Baumholz_8,1705.5,1,not_young,0,1,0,S. Bernardino,1500_2000
,151.0,5.0,Starkes Baumholz,,,,subalpine,8.0,0.7,,,,,,3,3,3,3,,,,,,,4878,Starkes Baumholz_8,1721.1,1,not_young,0,1,0,S. Bernardino,1500_2000
,152.0,5.0,Starkes Baumholz,,,,subalpine,8.0,4.6,,,,,,3,3,3,3,,,,,,,4879,Starkes Baumholz_8,1657.1,1,not_young,0,1,0,S. Bernardino,1500_2000
,159.0,2.0,Stangenholz,,,,subalpine,8.0,4.4,,,1.0,,,2,2,2,2,,,,,,,4881,Stangenholz_8,1708.7,1,not_young,0,1,1,S. Bernardino,1500_2000
,171.0,4.0,Mittleres Baumholz,,,,upper subalpine,9.0,2.2,,,,,,3,3,3,3,,,,,,,4886,Mittleres Baumholz_9,1904.4,1,not_young,0,1,0,S. Bernardino,1500_2000
,180.0,3.0,Schwaches Baumholz,,,,high-montane (relict area of silver fir),12.0,1.0,,,,,,3,3,3,3,,,,,,,4892,Schwaches Baumholz_12,1608.1,1,not_young,0,1,0,S. Bernardino,1500_2000
,186.0,4.0,Mittleres Baumholz,,,,upper subalpine,9.0,0.3,,,,,,3,3,3,3,,,,,,,4895,Mittleres Baumholz_9,1835.7,1,not_young,0,1,0,S. Bernardino,1500_2000
,187.0,2.0,Stangenholz,,,,upper subalpine,9.0,0.8,,,1.0,,,2,2,2,2,,,,,,,4896,Stangenholz_9,1833.8,1,not_young,0,1,0,S. Bernardino,1500_2000
,188.0,4.0,Mittleres Baumholz,,,,upper subalpine,9.0,0.4,,,,,,3,3,3,3,,,,,,,4897,Mittleres Baumholz_9,1946.9,1,not_young,0,1,0,S. Bernardino,1500_2000
,189.0,4.0,Mittleres Baumholz,,,,upper subalpine,9.0,0.3,,,,,,3,3,3,3,,,,,,,4898,Mittleres Baumholz_9,1955.8,1,not_young,0,1,0,S. Bernardino,1500_2000
,230.0,3.0,Schwaches Baumholz,,,,upper subalpine,9.0,0.8,,,,,,3,3,3,3,,,,,,,4900,Schwaches Baumholz_9,1878.6,1,not_young,0,1,0,S. Bernardino,1500_2000
,231.0,5.0,Starkes Baumholz,,,,-,5.0,0.5,,,,,,3,3,3,3,,,,,,,4901,Starkes Baumholz_5,2030.2,1,not_young,0,1,0,S. Bernardino,2000_2500
,232.0,4.0,Mittleres Baumholz,,,,subalpine,8.0,0.3,,,,,,3,3,3,3,,,,,,,4902,Mittleres Baumholz_8,1737.5,1,not_young,0,1,0,S. Bernardino,1500_2000
,234.0,4.0,Mittleres Baumholz,,,,subalpine,8.0,0.7,,,,,,3,3,3,3,,,,,,,4903,Mittleres Baumholz_8,1725.4,1,not_young,0,1,0,S. Bernardino,1500_2000
,237.0,5.0,Starkes Baumholz,,,,subalpine,8.0,0.6,,,1.0,,,2,2,2,2,,,,,,,4905,Starkes Baumholz_8,1722.6,1,not_young,0,1,0,S. Bernardino,1500_2000
,239.0,3.0,Schwaches Baumholz,,,,subalpine,8.0,0.8,,,,,,3,3,3,3,,,,,,,4906,Schwaches Baumholz_8,1733.8,1,not_young,0,1,0,S. Bernardino,1500_2000
,240.0,2.0,Stangenholz,,,,subalpine,8.0,0.6,,,,,,3,3,3,3,,,,,,,4907,Stangenholz_8,1706.3,1,not_young,0,1,0,S. Bernardino,1500_2000
,241.0,2.0,Stangenholz,,,,upper subalpine,9.0,0.6,,,1.0,,,2,2,2,2,,,,,,,4908,Stangenholz_9,1803.7,1,not_young,0,1,0,S. Bernardino,1500_2000
,243.0,2.0,Stangenholz,,,,upper subalpine,9.0,1.8,,,,,,3,3,3,3,,,,,,,4909,Stangenholz_9,1907.1,1,not_young,0,1,0,S. Bernardino,1500_2000
,244.0,4.0,Mittleres Baumholz,,,,upper subalpine,9.0,12.6,,,,,,3,3,3,3,,,,,,,4910,Mittleres Baumholz_9,1887.4,1,not_young,0,1,0,S. Bernardino,1500_2000
,247.0,2.0,Stangenholz,,,,upper subalpine,9.0,0.4,,,,,,3,3,3,3,,,,,,,4911,Stangenholz_9,1799.9,1,not_young,0,1,0,S. Bernardino,1500_2000
,251.0,3.0,Schwaches Baumholz,,,,upper subalpine,9.0,1.6,,,,,,3,3,3,3,,,,,,,4913,Schwaches Baumholz_9,1885.6,1,not_young,0,1,0,S. Bernardino,1500_2000
,252.0,5.0,Starkes Baumholz,,,,upper subalpine,9.0,2.3,,,1.0,,,2,2,2,2,,,,,,,4914,Starkes Baumholz_9,1846.3,1,not_young,0,1,0,S. Bernardino,1500_2000
,254.0,3.0,Schwaches Baumholz,,,,upper subalpine,9.0,4.9,,,,,,3,3,3,3,,,,,,,4915,Schwaches Baumholz_9,1836.8,1,not_young,0,1,0,S. Bernardino,1500_2000
,255.0,3.0,Schwaches Baumholz,,,,upper subalpine,9.0,0.8,,,,,,3,3,3,3,,,,,,,4916,Schwaches Baumholz_9,1948.6,1,not_young,0,1,0,S. Bernardino,1500_2000
,258.0,4.0,Mittleres Baumholz,,,,high-montane (relict area of silver fir),12.0,0.5,,,1.0,,,2,2,2,2,,,,,,,4917,Mittleres Baumholz_12,1594.4,1,not_young,0,1,0,S. Bernardino,1500_2000
,259.0,5.0,Starkes Baumholz,,,,high-montane (relict area of silver fir),12.0,1.1,,,1.0,,,2,2,2,2,,,,,,,4918,Starkes Baumholz_12,1580.0,1,not_young,0,1,0,S. Bernardino,1500_2000
,262.0,3.0,Schwaches Baumholz,,,,-,5.0,0.3,,,,,,3,3,3,3,,,,,,,4919,Schwaches Baumholz_5,2116.7,1,not_young,0,1,0,S. Bernardino,2000_2500
,263.0,4.0,Mittleres Baumholz,,,,-,5.0,1.0,,,,,,3,3,3,3,,,,,,,4920,Mittleres Baumholz_5,2005.8,1,not_young,0,1,0,S. Bernardino,2000_2500
,264.0,2.0,Stangenholz,,,,-,5.0,0.5,,,,,,3,3,3,3,,,,,,,4921,Stangenholz_5,2005.5,1,not_young,0,1,0,S. Bernardino,2000_2500
,95.0,3.0,Schwaches Baumholz,,,,subalpine,8.0,2.2,,,,1.0,,3,3,8,8,,,,,1.0,boschi attualmente con potenziale di legname resinoso. Boschi relativamente ben accessibile con teleferiche,4923,Schwaches Baumholz_8,1778.3,1,not_young,0,1,0,S. Bernardino,1500_2000
,148.0,5.0,Starkes Baumholz,,,,subalpine,8.0,41.0,,,,1.0,,3,3,8,8,,,,,1.0,boschi attualmente con potenziale di legname resinoso. Boschi relativamente ben accessibile con teleferiche,4924,Starkes Baumholz_8,1685.3,1,not_young,1,1,0,S. Bernardino,1500_2000
,242.0,2.0,Stangenholz,,,,upper subalpine,9.0,14.2,,,,1.0,,3,3,8,8,,,,,1.0,boschi attualmente con potenziale di legname resinoso. Boschi relativamente ben accessibile con teleferiche,4925,Stangenholz_9,1887.3,1,not_young,1,1,0,S. Bernardino,1500_2000
,126.0,4.0,Mittleres Baumholz,,,,subalpine,8.0,14.1,,,,1.0,,3,3,8,8,,,,,1.0,boschi attualmente con potenziale di legname resinoso. Boschi relativamente ben accessibile con teleferiche,4926,Mittleres Baumholz_8,1678.4,1,not_young,1,1,0,S. Bernardino,1500_2000
,127.0,4.0,Mittleres Baumholz,,,,subalpine,8.0,11.5,,,,1.0,,3,3,8,8,,,,,1.0,boschi attualmente con potenziale di legname resinoso. Boschi relativamente ben accessibile con teleferiche,4927,Mittleres Baumholz_8,1718.0,1,not_young,1,1,0,S. Bernardino,1500_2000
,130.0,3.0,Schwaches Baumholz,,,,subalpine,8.0,6.1,,,1.0,,1.0,2,2,2,8,,,,1.0,5.0,boschi attualmente con potenziale di legname resinoso. Esbosco difficoltoso quindi attualmente non sfruttati,4928,Schwaches Baumholz_8,1661.1,1,not_young,1,1,0,S. Bernardino,1500_2000
,249.0,3.0,Schwaches Baumholz,,,,upper subalpine,9.0,3.2,,,,1.0,,3,3,8,8,,,,,1.0,boschi attualmente con potenziale di legname resinoso. Boschi relativamente ben accessibile con teleferiche,4930,Schwaches Baumholz_9,1837.3,1,not_young,0,1,0,S. Bernardino,1500_2000
,104.0,4.0,Mittleres Baumholz,,,,subalpine,8.0,0.9,,,1.0,,1.0,2,2,2,8,,,,1.0,5.0,boschi attualmente con potenziale di legname resinoso. Esbosco difficoltoso quindi attualmente non sfruttati,4932,Mittleres Baumholz_8,1635.0,1,not_young,1,1,0,S. Bernardino,1500_2000
,115.0,4.0,Mittleres Baumholz,,,,high-montane (relict area of silver fir),12.0,0.2,,,,,1.0,3,3,3,3,,,,0.0,,,4933,Mittleres Baumholz_12,1519.2,1,not_young,0,1,0,S. Bernardino,1500_2000
,115.0,4.0,Mittleres Baumholz,,,,high-montane (relict area of silver fir),12.0,0.3,,,,,1.0,3,3,3,3,,,,0.0,,,4935,Mittleres Baumholz_12,1592.5,1,not_young,0,1,0,S. Bernardino,1500_2000
,115.0,4.0,Mittleres Baumholz,,,,high-montane (relict area of silver fir),12.0,0.5,,,,,1.0,3,3,3,3,,,,0.0,,,4937,Mittleres Baumholz_12,1569.7,1,not_young,0,1,0,S. Bernardino,1500_2000
,119.0,5.0,Starkes Baumholz,,,,high-montane (relict area of silver fir),12.0,0.4,,,,,1.0,3,3,3,3,,,,0.0,,,4938,Starkes Baumholz_12,1570.0,1,not_young,0,1,0,S. Bernardino,1500_2000
,119.0,5.0,Starkes Baumholz,,,,high-montane (relict area of silver fir),12.0,0.3,,,,,1.0,3,3,3,3,,,,0.0,,,4939,Starkes Baumholz_12,1602.8,1,not_young,0,1,0,S. Bernardino,1500_2000
,119.0,5.0,Starkes Baumholz,,,,high-montane (relict area of silver fir),12.0,12.1,,,,1.0,1.0,3,3,8,8,,,,0.0,1.0,boschi attualmente con potenziale di legname resinoso. Boschi relativamente ben accessibile con teleferiche,4942,Starkes Baumholz_12,1566.3,1,not_young,1,1,0,S. Bernardino,1500_2000
,105023.0,2.0,Stangenholz,200.0,WER (4) / ES (2) / FI (e) / KA (e) / BI (e) / AS (1) / KI (e) / WEI (3),WER (1) / ES (3) / BI (e) / AS (1) / KI (e) / WEI (2) / HAS (3) / UST (1),colline,3.0,0.5,,,,,,3,3,3,3,,,,,,,2701,Stangenholz_3,343.6,0,not_young,0,0,0,Cama,300_500
,105025.0,3.0,Schwaches Baumholz,264.0,BU (2),,colline with beech,2.0,1.0,1.0,,,,,1,1,1,1,,,,,,,2703,Schwaches Baumholz_2,797.0,0,not_young,0,0,0,Cama,500_1000
,105026.0,3.0,Schwaches Baumholz,301.0,BU (6),,colline with beech,2.0,0.8,1.0,,,,,1,1,1,1,,,,,,,2704,Schwaches Baumholz_2,765.3999999999999,0,not_young,0,0,0,Cama,500_1000
,105027.0,3.0,Schwaches Baumholz,291.0,BU (5) / FI (1) / LA (1),,lower/upper montane,7.0,0.9,1.0,,,,,1,1,1,1,,,,,,,2705,Schwaches Baumholz_7,1043.0,1,not_young,0,0,0,Cama,1000_1500
,105036.0,2.0,Stangenholz,238.0,BU (3) / LA (3),,lower/upper montane,7.0,1.9,1.0,,,,,1,1,1,1,,,,,,,2707,Stangenholz_7,1376.7,1,not_young,0,0,0,Cama,1000_1500
,105037.0,2.0,Stangenholz,101.0,FI (2) / LA (5),,high-montane (main area of silver fir),10.0,1.4,1.0,,,,,1,1,1,1,,,,,,,2708,Stangenholz_10,1476.3,1,not_young,0,0,0,Cama,1000_1500
,105038.0,4.0,Mittleres Baumholz,235.0,FI (2) / LA (8),,high-montane (main area of silver fir),10.0,1.0,1.0,,,,,1,1,1,1,,,,,,,2709,Mittleres Baumholz_10,1510.7,1,not_young,0,0,0,Cama,1500_2000
,105039.0,3.0,Schwaches Baumholz,123.0,FI (2) / LA (5),,high-montane (main area of silver fir),10.0,0.9,1.0,,,,,1,1,1,1,,,,,,,2710,Schwaches Baumholz_10,1559.5,1,not_young,0,0,0,Cama,1500_2000
,105040.0,2.0,Stangenholz,88.0,BU (3) / FI (1) / LA (4),,high-montane (main area of silver fir),10.0,0.9,1.0,,,,,1,1,1,1,,,,,,,2711,Stangenholz_10,1618.3,1,not_young,0,0,0,Cama,1500_2000
,105078.0,3.0,Schwaches Baumholz,670.0,SAH (e) / BU (3) / KA (6) / BI (1) / TA (e),BU (6) / KA (3) / HAS (1),lower/upper montane,7.0,0.3,,,1.0,,,2,2,2,2,,,,,,,2731,Schwaches Baumholz_7,910.6,0,not_young,0,0,0,Cama,500_1000
,105090.0,1.0,Jungwuchs/Dickung,83.0,,,lower/upper montane,7.0,4.5,1.0,,,,,1,1,1,1,,,,,,,2735,Jungwuchs/Dickung_7,1142.6,1,young,0,0,0,Cama,1000_1500
,105152.0,4.0,Mittleres Baumholz,236.0,FI (10),,lower/upper montane,7.0,0.3,,,,,,3,1,3,3,1.0,,,,,,2790,Mittleres Baumholz_7,1284.9,1,not_young,0,0,0,Cama,1000_1500
,105155.0,3.0,Schwaches Baumholz,139.0,,,lower/upper montane,7.0,0.2,,,,,,3,1,3,3,1.0,,,,,,2792,Schwaches Baumholz_7,1298.5,1,not_young,0,0,0,Cama,1000_1500
,105156.0,4.0,Mittleres Baumholz,322.0,FI (2) / LA (8),,high-montane (main area of silver fir),10.0,0.4,1.0,,,,,1,1,1,1,,,,,,,2793,Mittleres Baumholz_10,1601.2,1,not_young,0,0,0,Cama,1500_2000
,105229.0,3.0,Schwaches Baumholz,188.0,BU (2),,high-montane (main area of silver fir),10.0,0.3,1.0,,,,,1,1,1,1,,,,,,,2799,Schwaches Baumholz_10,1360.9,1,not_young,0,0,0,Cama,1000_1500
,105230.0,2.0,Stangenholz,64.0,BU (3),,high-montane (main area of silver fir),10.0,1.8,0.0,,,,,3,1,3,3,1.0,,,,,,2800,Stangenholz_10,1498.3,1,not_young,0,0,0,Cama,1000_1500
,105237.0,1.0,Jungwuchs/Dickung,106.0,,,subalpine,8.0,1.1,1.0,,,,,1,1,1,1,,,,,,,2804,Jungwuchs/Dickung_8,1891.7,1,young,0,0,0,Cama,1500_2000
,105238.0,3.0,Schwaches Baumholz,149.0,AER (2) / FI (1) / LA (7),,subalpine,8.0,0.6,1.0,,,,,1,1,1,1,,,,,,,2805,Schwaches Baumholz_8,1828.7,1,not_young,0,0,0,Cama,1500_2000
,105239.0,3.0,Schwaches Baumholz,191.0,FI (2) / LA (8),,high-montane (main area of silver fir),10.0,1.1,1.0,,,,,1,1,1,1,,,,,,,2806,Schwaches Baumholz_10,1725.8,1,not_young,0,0,0,Cama,1500_2000
,105240.0,4.0,Mittleres Baumholz,187.0,AER (3) / LA (7),,subalpine,8.0,1.8,1.0,,,,,1,1,1,1,,,,,,,2807,Mittleres Baumholz_8,1818.2,1,not_young,0,0,0,Cama,1500_2000
,105241.0,4.0,Mittleres Baumholz,417.0,LA (10),,high-montane (main area of silver fir),10.0,0.8,1.0,,,,,1,1,1,1,,,,,,,2808,Mittleres Baumholz_10,1506.2,1,not_young,0,0,0,Cama,1500_2000
,105242.0,2.0,Stangenholz,222.0,BU (6) / LA (1),,high-montane (main area of silver fir),10.0,2.5,1.0,,,,,1,1,1,1,,,,,,,2809,Stangenholz_10,1523.5,1,not_young,0,0,0,Cama,1500_2000
,105243.0,4.0,Mittleres Baumholz,384.0,BU (4) / FI (1) / LA (3),,high-montane (main area of silver fir),10.0,3.7,1.0,,,,,1,1,1,1,,,,,,,2810,Mittleres Baumholz_10,1411.0,1,not_young,0,0,0,Cama,1000_1500
,105244.0,5.0,Starkes Baumholz,402.0,BU (2) / FI (2) / LA (5),,lower/upper montane,7.0,2.0,1.0,,,,,1,1,1,1,,,,,,,2811,Starkes Baumholz_7,1277.4,1,not_young,0,0,0,Cama,1000_1500
,105246.0,5.0,Starkes Baumholz,214.0,BU (5) / LA (4),,lower/upper montane,7.0,0.6,1.0,,,,,1,1,1,1,,,,,,,2812,Starkes Baumholz_7,1215.1,1,not_young,0,0,0,Cama,1000_1500
,105253.0,3.0,Schwaches Baumholz,303.0,TEI (1) / KA (4) / AS (3) / LI (2),FI (2) / KA (3) / LI (1) / HAS (4),colline,3.0,1.0,,,1.0,,,2,2,2,2,,,,,,,2816,Schwaches Baumholz_3,376.5,0,not_young,0,0,0,Cama,300_500
,105257.0,4.0,Mittleres Baumholz,148.0,TEI (6) / ES (1) / FI (1) / KA (e) / NU (e) / OST (e) / KI (e) / RO (2),ES (e) / FI (1) / RO (1) / STP (1) / HAS (7),colline,3.0,0.5,,,,,,3,3,3,3,,,,,,,2817,Mittleres Baumholz_3,382.1,0,not_young,0,0,0,Cama,300_500
,105260.0,2.0,Stangenholz,118.0,,,colline with beech,2.0,6.5,,,,,,3,1,3,3,1.0,,,,,,2819,Stangenholz_2,620.8,0,not_young,0,0,0,Cama,500_1000
,105273.0,3.0,Schwaches Baumholz,169.0,BU (2),,lower/upper montane,7.0,0.4,1.0,,,,,1,1,1,1,,,,,,,2830,Schwaches Baumholz_7,1053.9,1,not_young,0,0,0,Cama,1000_1500
,105277.0,2.0,Stangenholz,127.0,BU (5),,lower/upper montane,7.0,0.4,1.0,,,,,1,1,1,1,,,,,,,2834,Stangenholz_7,1047.5,1,not_young,0,0,0,Cama,1000_1500
,105285.0,4.0,Mittleres Baumholz,125.0,AER (2) / LA (8),,upper subalpine,9.0,1.3,0.0,,,,,3,1,3,3,1.0,,,,,,2840,Mittleres Baumholz_9,1945.9,1,not_young,0,0,0,Cama,1500_2000
,105286.0,2.0,Stangenholz,56.0,AER (1) / LA (9),,upper subalpine,9.0,1.3,,,,,,3,1,3,3,1.0,,,,,,2841,Stangenholz_9,1860.3,1,not_young,0,0,0,Cama,1500_2000
,105289.0,4.0,Mittleres Baumholz,352.0,FI (3) / LA (6) / TA (1),,high-montane (main area of silver fir),10.0,1.1,1.0,,,,,1,1,1,1,,,,,,,2842,Mittleres Baumholz_10,1523.2,1,not_young,0,0,0,Cama,1500_2000
,105297.0,4.0,Mittleres Baumholz,222.0,BAH (e) / ES (2) / KA (6) / OST (e) / KI (1) / LI (1),ES (4) / KA (2) / NU (e) / OST (1) / HAS (3),colline,3.0,1.0,,,1.0,,,2,2,2,2,,,,,,,2845,Mittleres Baumholz_3,381.1,0,not_young,0,0,1,Cama,300_500
,105299.0,3.0,Schwaches Baumholz,305.0,SAH (e) / TEI (1) / SER (6) / ES (3) / KA (e) / LI (e) / TAX (e),SER (2) / ES (2) / KA (e) / TAX (1) / STP (e) / HAS (4) / UST (1),colline,3.0,1.0,,,1.0,,,2,2,2,2,,,,,,,2846,Schwaches Baumholz_3,355.4,0,not_young,0,0,1,Cama,300_500
,105300.0,3.0,Schwaches Baumholz,260.0,SAH (e) / TEI (3) / SER (e) / ES (4) / FI (e) / KA (2) / KI (e) / LI (e) / TAX (1),SAH (e) / ES (2) / FI (e) / KA (1) / KI (e) / LI (e) / TAX (3) / HAS (4),colline,3.0,1.0,,,1.0,,,2,2,2,2,,,,,,,2847,Schwaches Baumholz_3,365.2,0,not_young,0,0,1,Cama,300_500
,105301.0,4.0,Mittleres Baumholz,180.0,ES (e) / KA (8) / KI (e) / LI (2),ES (2) / KA (3) / HAS (5),colline,3.0,3.0,,,1.0,,,2,2,2,2,,,,,,,2848,Mittleres Baumholz_3,475.0,0,not_young,0,0,1,Cama,300_500
,105302.0,2.0,Stangenholz,147.0,BAH (e) / WER (1) / ES (6) / KA (e) / WEI (1) / LI (2) / BUL (e),WER (1) / ES (1) / KA (e) / WEI (e) / HAS (7) / UST (1),colline,3.0,1.4,,,1.0,,,2,2,2,2,,,,,,,2849,Stangenholz_3,402.4,0,not_young,0,0,0,Cama,300_500
,105303.0,3.0,Schwaches Baumholz,155.0,BAH (e) / TEI (e) / ES (2) / KA (1) / BI (e) / OST (5) / LI (2),ES (1) / KA (e) / BI (e) / OST (1) / MBE (e) / LI (e) / HAS (8),colline,3.0,1.9,,,1.0,,,2,2,2,2,,,,,,,2850,Schwaches Baumholz_3,522.5,0,not_young,0,0,1,Cama,500_1000
,105304.0,3.0,Schwaches Baumholz,202.0,TEI (e) / ES (8) / BI (2) / NU (e),ES (3) / HAS (6) / UST (1),colline,3.0,1.2,,,1.0,,,2,2,2,2,,,,,,,2851,Schwaches Baumholz_3,408.0,0,not_young,0,0,1,Cama,300_500
,105440.0,2.0,Stangenholz,155.0,BU (7) / LA (1),,lower/upper montane,7.0,1.3,1.0,,,,,1,1,1,1,,,,,,,2897,Stangenholz_7,1232.3,1,not_young,0,0,0,Cama,1000_1500
,105441.0,2.0,Stangenholz,139.0,BU (3) / FI (3) / LA (3),,high-montane (main area of silver fir),10.0,1.3,1.0,,,,,1,1,1,1,,,,,,,2898,Stangenholz_10,1406.4,1,not_young,0,0,0,Cama,1000_1500
,105471.0,3.0,Schwaches Baumholz,231.0,ES (3) / RO (6) / WEI (1) / BUL (e),ES (1) / FI (e) / RO (2) / ULB (2) / HAS (4) / UST (1),colline,3.0,0.5,,,1.0,,,2,2,2,2,,,,,,,2918,Schwaches Baumholz_3,338.4,0,not_young,0,0,0,Cama,300_500
,105477.0,2.0,Stangenholz,148.0,,,high-montane (main area of silver fir),10.0,0.8,0.0,,,,,3,1,3,3,1.0,,,,,,2921,Stangenholz_10,1418.4,1,not_young,0,0,0,Cama,1000_1500
,105480.0,4.0,Mittleres Baumholz,322.0,BU (8) / FI (1),,lower/upper montane,7.0,2.1,,,1.0,,1.0,2,2,2,2,,,,0.0,,,2922,Mittleres Baumholz_7,1188.5,1,not_young,0,0,0,Cama,1000_1500
,105481.0,2.0,Stangenholz,122.0,BU (6),,lower/upper montane,7.0,0.5,,,1.0,,,2,2,2,2,,,,,,,2923,Stangenholz_7,1167.8,1,not_young,0,0,0,Cama,1000_1500
,105482.0,3.0,Schwaches Baumholz,260.0,BU (2) / WFO (1),,lower/upper montane,7.0,0.4,,,1.0,,,2,2,2,2,,,,,,,2924,Schwaches Baumholz_7,945.4,0,not_young,0,0,0,Cama,500_1000
,105485.0,3.0,Schwaches Baumholz,320.0,,,high-montane (main area of silver fir),10.0,0.6,,,1.0,,,2,2,2,2,,,,,,,2925,Schwaches Baumholz_10,1430.2,1,not_young,0,0,1,Cama,1000_1500
,105486.0,4.0,Mittleres Baumholz,265.0,FI (3) / LA (2),,subalpine,8.0,1.9,,,1.0,,1.0,2,2,2,2,,,,0.0,,,2926,Mittleres Baumholz_8,1722.3,1,not_young,0,0,1,Cama,1500_2000
,105487.0,4.0,Mittleres Baumholz,280.0,SER (3) / ES (7) / RKA (e),SER (e) / ES (1) / KI (1) / HAS (7) / UST (1),colline,3.0,0.3,,,1.0,,,2,2,2,2,,,,,,,2927,Mittleres Baumholz_3,357.5,0,not_young,0,0,1,Cama,300_500
,105503.0,3.0,Schwaches Baumholz,173.0,,,colline with beech,2.0,3.4,,,1.0,,,2,2,2,2,,,,,,,2938,Schwaches Baumholz_2,573.4,0,not_young,0,0,1,Cama,500_1000
,105504.0,3.0,Schwaches Baumholz,237.0,TEI (1) / WER (e) / ES (3) / KA (3) / OST (1) / LI (2),ES (2) / KA (2) / OST (1) / LI (1) / HAS (4),colline,3.0,1.5,,,1.0,,,2,2,2,2,,,,,,,2939,Schwaches Baumholz_3,412.6,0,not_young,0,0,1,Cama,300_500
,105505.0,3.0,Schwaches Baumholz,225.0,ES (3) / KA (5) / KI (1) / LI (1),ES (2) / KA (3) / KI (e) / LI (1) / HAS (3) / UST (1),colline,3.0,0.5,,,1.0,,,2,2,2,2,,,,,,,2940,Schwaches Baumholz_3,378.4,0,not_young,0,0,1,Cama,300_500
,105506.0,2.0,Stangenholz,228.0,KA (1) / NU (e) / RO (9),KA (1) / RO (1) / HAS (7) / UST (1),colline,3.0,0.2,,,1.0,,,6,6,6,6,,,1.0,,,,2941,Stangenholz_3,435.2,0,not_young,0,0,0,Cama,300_500
,105507.0,3.0,Schwaches Baumholz,181.0,ES (2) / KA (4) / KI (e) / RO (4),ES (1) / KA (2) / HAS (7),colline,3.0,1.2,,,1.0,,,2,2,2,2,,,,,,,2942,Schwaches Baumholz_3,428.4,0,not_young,0,0,1,Cama,300_500
,105508.0,2.0,Stangenholz,187.0,ES (3) / KA (5) / OST (1) / RO (e) / LI (1),ES (1) / KA (2) / HAS (6) / UST (1),colline,3.0,1.1,,,1.0,,,6,6,6,6,,,1.0,,,,2943,Stangenholz_3,507.4,0,not_young,0,0,0,Cama,500_1000
,105512.0,3.0,Schwaches Baumholz,538.0,,,colline with beech,2.0,1.6,,,1.0,,,2,2,2,2,,,,,,,2946,Schwaches Baumholz_2,818.3999999999999,0,not_young,0,0,1,Cama,500_1000
,105513.0,4.0,Mittleres Baumholz,414.0,BU (1) / FI (3) / LA (2) / TA (2) / WFO (1),,lower/upper montane,7.0,1.4,,,1.0,,,2,2,2,2,,,,,,,2947,Mittleres Baumholz_7,883.0,0,not_young,0,0,1,Cama,500_1000
,105646.0,3.0,Schwaches Baumholz,297.0,ES (3) / KA (5) / BI (1) / OST (1) / KI (e) / LI (e),ES (1) / KA (4) / BI (e) / OST (e) / KI (e) / HAS (4) / UST (1),hyperinsubric,1.0,1.0,,,1.0,,,2,2,2,2,,,,,,,2984,Schwaches Baumholz_1,419.5,0,not_young,0,0,1,Cama,300_500
,105647.0,3.0,Schwaches Baumholz,241.0,ES (5) / KA (3) / OST (2) / KI (e),ES (4) / KA (1) / HAS (5),colline,3.0,1.0,,,1.0,,,2,2,2,2,,,,,,,2985,Schwaches Baumholz_3,391.1,0,not_young,0,0,1,Cama,300_500
,105648.0,3.0,Schwaches Baumholz,117.0,ES (3) / KA (5) / LA (e) / BI (1) / KI (e) / LI (1) / STP (e) / TA (e),ES (1) / KA (1) / BI (e) / KI (e) / LI (1) / HAS (6) / UST (1) / TA (e),colline,3.0,4.5,,1.0,,,,3,3,4,4,,,,,,,2986,Schwaches Baumholz_3,363.4,0,not_young,0,0,0,Cama,300_500
,105649.0,2.0,Stangenholz,103.0,SAH (1) / BAH (e) / ES (2) / FI (e) / KA (e) / BI (7) / AS (e),SAH (1) / ES (2) / FI (1) / KA (e) / BI (2) / AS (e) / HAS (2) / UST (2) / WFO (e),colline,3.0,1.1,,,,,,3,3,3,3,,,,,,,2987,Stangenholz_3,353.3,0,not_young,0,0,0,Cama,300_500
,105654.0,3.0,Schwaches Baumholz,305.0,BU (4) / FI (1) / LA (1),,lower/upper montane,7.0,1.0,1.0,,,,,1,1,1,1,,,,,,,2991,Schwaches Baumholz_7,1090.3,1,not_young,0,0,0,Cama,1000_1500
,105655.0,5.0,Starkes Baumholz,355.0,FI (2) / LA (7),,lower/upper montane,7.0,1.5,1.0,,,,,1,1,1,1,,,,,,,2992,Starkes Baumholz_7,1307.8,1,not_young,0,0,0,Cama,1000_1500
,105656.0,5.0,Starkes Baumholz,406.0,FI (4) / LA (3) / TA (3),,lower/upper montane,7.0,2.7,1.0,,,,,1,1,1,1,,,,,,,2993,Starkes Baumholz_7,1273.5,1,not_young,0,0,0,Cama,1000_1500
,105675.0,4.0,Mittleres Baumholz,308.0,BU (2) / FI (1),,lower/upper montane,7.0,2.0,1.0,,,,,1,1,1,1,,,,,,,3010,Mittleres Baumholz_7,1343.6,1,not_young,0,0,0,Cama,1000_1500
,105678.0,2.0,Stangenholz,166.0,,,colline,3.0,0.2,,,1.0,,,2,2,2,2,,,,,,,3012,Stangenholz_3,606.0,0,not_young,0,0,1,Cama,500_1000
,105679.0,3.0,Schwaches Baumholz,190.0,,,colline with beech,2.0,0.4,,,1.0,,,2,2,2,2,,,,,,,3013,Schwaches Baumholz_2,863.0,0,not_young,0,0,1,Cama,500_1000
,105725.0,2.0,Stangenholz,322.0,ES (2) / KA (5) / KI (1) / LI (2),ES (2) / KA (3) / KI (e) / LI (1) / HAS (4) / TA (e),colline,3.0,0.7,,,1.0,,,2,2,2,2,,,,,,,3050,Stangenholz_3,364.7,0,not_young,0,0,1,Cama,300_500
,105726.0,4.0,Mittleres Baumholz,210.0,TEI (e) / ES (3) / KA (5) / LI (2) / TA (e),ES (1) / KA (3) / LI (e) / TAX (e) / STP (e) / HAS (6),colline,3.0,0.6,,,1.0,,,2,2,2,2,,,,,,,3051,Mittleres Baumholz_3,358.6,0,not_young,0,0,1,Cama,300_500
,105727.0,4.0,Mittleres Baumholz,264.0,ES (1) / KA (8) / KI (e) / LI (1) / TAX (e),ES (2) / KA (3) / LI (e) / TAX (e) / STP (e) / HAS (5),colline,3.0,1.4,,,1.0,,,2,2,2,2,,,,,,,3052,Mittleres Baumholz_3,382.7,0,not_young,0,0,1,Cama,300_500
,105728.0,3.0,Schwaches Baumholz,369.0,,,colline with beech,2.0,0.5,,,1.0,,,2,2,2,2,,,,,,,3053,Schwaches Baumholz_2,680.4,0,not_young,0,0,1,Cama,500_1000
,105729.0,4.0,Mittleres Baumholz,462.0,BU (1) / FI (2) / LA (2) / TA (2) / WFO (2),,lower/upper montane,7.0,1.5,,,1.0,,,2,2,2,2,,,,,,,3054,Mittleres Baumholz_7,905.1,0,not_young,0,0,1,Cama,500_1000
,105730.0,3.0,Schwaches Baumholz,181.0,,,colline with beech,2.0,4.4,,,1.0,,,2,2,2,2,,,,,,,3055,Schwaches Baumholz_2,821.5,0,not_young,0,0,1,Cama,500_1000
,105731.0,3.0,Schwaches Baumholz,292.0,,,colline with beech,2.0,2.3,,,1.0,,,2,2,2,2,,,,,,,3056,Schwaches Baumholz_2,929.6,0,not_young,0,0,1,Cama,500_1000
,105733.0,3.0,Schwaches Baumholz,174.0,TEI (2) / SER (e) / ES (2) / KA (2) / BI (3) / LI (1) / BUL (e) / BFO (e) / TAX (e),TEI (e) / ES (2) / KA (1) / BI (1) / LI (e) / BFO (e) / TAX (e) / HAS (6),colline with beech,2.0,3.9,,,1.0,,,2,2,2,2,,,,,,,3058,Schwaches Baumholz_2,681.1,0,not_young,0,0,1,Cama,500_1000
,105734.0,3.0,Schwaches Baumholz,102.0,,,colline with beech,2.0,1.7,,,1.0,,,2,2,2,2,,,,,,,3059,Schwaches Baumholz_2,446.9,0,not_young,0,0,1,Cama,300_500
,105735.0,2.0,Stangenholz,214.0,,,colline with beech,2.0,0.5,,,1.0,,,2,2,2,2,,,,,,,3060,Stangenholz_2,720.0,0,not_young,0,0,1,Cama,500_1000
,105756.0,5.0,Starkes Baumholz,358.0,BU (2) / FI (5) / LA (2),,lower/upper montane,7.0,1.1,1.0,,,,,1,1,1,1,,,,,,,3072,Starkes Baumholz_7,1063.6,1,not_young,0,0,0,Cama,1000_1500
,105757.0,4.0,Mittleres Baumholz,362.0,,,lower/upper montane,7.0,1.6,1.0,,,,,1,1,1,1,,,,,,,3073,Mittleres Baumholz_7,1028.3,1,not_young,0,0,0,Cama,1000_1500
,105758.0,2.0,Stangenholz,207.0,BU (7),,high-montane (main area of silver fir),10.0,0.9,1.0,,,,,1,1,1,1,,,,,,,3074,Stangenholz_10,1562.0,1,not_young,0,0,0,Cama,1500_2000
,105759.0,4.0,Mittleres Baumholz,400.0,BU (7) / LA (1),,high-montane (main area of silver fir),10.0,0.8,1.0,,,,,1,1,1,1,,,,,,,3075,Mittleres Baumholz_10,1417.2,1,not_young,0,0,0,Cama,1000_1500
,105876.0,2.0,Stangenholz,197.0,ES (3) / KA (e) / RO (5) / WEI (1) / BUL (1),ES (1) / HAS (6) / UST (3),colline,3.0,0.4,,,,,,3,3,3,3,,,,,,,3108,Stangenholz_3,339.6,0,not_young,0,0,0,Cama,300_500
,105892.0,2.0,Stangenholz,110.0,ES (1) / KA (7) / BI (1) / OST (1) / LI (e),ES (1) / KA (3) / BI (e) / OST (1) / HAS (3) / UST (2),colline,3.0,0.9,,,1.0,,,2,2,2,2,,,,,,,3121,Stangenholz_3,484.9,0,not_young,0,0,1,Cama,300_500
,105895.0,2.0,Stangenholz,367.0,BAH (1) / ES (5) / KA (3) / LI (1),BAH (e) / ES (1) / KA (1) / LI (e) / HAS (7) / UST (1),colline,3.0,0.2,,,1.0,,,2,2,2,2,,,,,,,3122,Stangenholz_3,359.5,0,not_young,0,0,1,Cama,300_500
,105896.0,3.0,Schwaches Baumholz,185.0,,,colline,3.0,3.5,,,1.0,,,2,2,2,2,,,,,,,3123,Schwaches Baumholz_3,421.7,0,not_young,0,0,1,Cama,300_500
,105899.0,3.0,Schwaches Baumholz,244.0,,,colline with beech,2.0,1.3,,,1.0,,,2,2,2,2,,,,,,,3124,Schwaches Baumholz_2,776.0,0,not_young,0,0,1,Cama,500_1000
,105900.0,3.0,Schwaches Baumholz,239.0,,,colline with beech,2.0,2.0,,,1.0,,,2,2,2,2,,,,,,,3125,Schwaches Baumholz_2,627.6,0,not_young,0,0,1,Cama,500_1000
,105901.0,3.0,Schwaches Baumholz,174.0,,,colline with beech,2.0,0.4,,,1.0,,,2,2,2,2,,,,,,,3126,Schwaches Baumholz_2,561.4,0,not_young,0,0,1,Cama,500_1000
,105924.0,2.0,Stangenholz,74.0,ES (3) / KA (2) / BI (2) / AS (1) / WEI (e) / LI (2),BAH (e) / ES (3) / FI (e) / KA (1) / BI (2) / AS (e) / WEI (e) / LI (1) / HAS (3),colline,3.0,0.4,,1.0,,,,3,3,4,4,,,,,,,3140,Stangenholz_3,353.7,0,not_young,0,0,0,Cama,300_500
,105925.0,3.0,Schwaches Baumholz,126.0,BAH (e) / TEI (1) / ES (3) / KA (2) / OST (1) / KI (1) / LI (2),BAH (e) / TEI (e) / ES (3) / KA (1) / KI (1) / LI (e) / HAS (4) / UST (1),colline,3.0,0.4,,1.0,,,,3,3,4,4,,,,,,,3141,Schwaches Baumholz_3,349.8,0,not_young,0,0,0,Cama,300_500
,105926.0,2.0,Stangenholz,121.0,SAH (1) / BAH (e) / ES (2) / KA (1) / BI (3) / OST (3) / WEI (e) / WFO (e),SAH (1) / ES (2) / FI (e) / KA (e) / BI (4) / OST (3) / WFO (e),colline,3.0,0.2,,,,,,3,3,3,3,,,,,,,3142,Stangenholz_3,388.5,0,not_young,0,0,0,Cama,300_500
,105927.0,3.0,Schwaches Baumholz,224.0,ES (3) / KA (4) / OST (1) / KI (e) / LI (2),ES (1) / KA (2) / LI (1) / HAS (4) / UST (2),colline,3.0,0.3,,1.0,,,,3,3,4,4,,,,,,,3143,Schwaches Baumholz_3,358.7,0,not_young,0,0,0,Cama,300_500
,105928.0,3.0,Schwaches Baumholz,145.0,BAH (1) / ES (4) / KA (2) / KI (1) / LI (2),ES (2) / KA (1) / KI (e) / HAS (4) / UST (3),colline,3.0,0.9,,,,,,3,3,3,3,,,,,,,3144,Schwaches Baumholz_3,347.5,0,not_young,0,0,0,Cama,300_500
,105950.0,2.0,Stangenholz,398.0,BU (9) / KA (e) / LA (e) / BFO (1),BU (10),lower/upper montane,7.0,0.7,,,1.0,,1.0,2,2,2,2,,,,0.0,,,3162,Stangenholz_7,975.6,0,not_young,0,0,1,Cama,500_1000
,105951.0,3.0,Schwaches Baumholz,293.0,BAH (e) / SER (3) / ES (2) / KA (2) / AS (2) / LI (1),ES (2) / KA (1) / LI (e) / HAS (7),colline with beech,2.0,1.9,,,1.0,,,2,2,2,2,,,,,,,3163,Schwaches Baumholz_2,789.1,0,not_young,0,0,1,Cama,500_1000
,105974.0,3.0,Schwaches Baumholz,124.0,FI (1) / KA (7) / AS (e) / LI (2),FI (1) / KA (6) / LI (1) / STP (e) / HAS (2),hyperinsubric,1.0,0.2,,,,,,3,3,3,3,,,,,,,3184,Schwaches Baumholz_1,375.6,0,not_young,0,0,0,Cama,300_500
,105975.0,3.0,Schwaches Baumholz,206.0,TEI (1) / KA (7) / LI (2),FI (e) / KA (10),colline with beech,2.0,0.2,,,,,,3,3,3,3,,,,,,,3185,Schwaches Baumholz_2,363.2,0,not_young,0,0,0,Cama,300_500
,105976.0,3.0,Schwaches Baumholz,159.0,KA (10) / LI (e),,colline with beech,2.0,0.6,,,,,,7,7,7,7,,1.0,,,,,3186,Schwaches Baumholz_2,375.9,0,not_young,0,0,0,Cama,300_500
,105989.0,2.0,Stangenholz,119.0,,,lower/upper montane,7.0,1.1,1.0,,,,,1,1,1,1,,,,,,,3190,Stangenholz_7,1270.6,1,not_young,0,0,0,Cama,1000_1500
,105990.0,5.0,Starkes Baumholz,299.0,BU (3) / FI (2) / LA (2),,lower/upper montane,7.0,1.6,1.0,,,,,1,1,1,1,,,,,,,3191,Starkes Baumholz_7,1045.7,1,not_young,0,0,0,Cama,1000_1500
,105992.0,3.0,Schwaches Baumholz,363.0,,,lower/upper montane,7.0,0.4,1.0,,,,,1,1,1,1,,,,,,,3192,Schwaches Baumholz_7,1072.9,1,not_young,0,0,0,Cama,1000_1500
,106000.0,3.0,Schwaches Baumholz,338.0,BU (3) / FI (3) / LA (2),,lower/upper montane,7.0,2.3,1.0,,,,,1,1,1,1,,,,,,,3199,Schwaches Baumholz_7,1163.4,1,not_young,0,0,0,Cama,1000_1500
,106003.0,3.0,Schwaches Baumholz,264.0,BU (2),,colline with beech,2.0,3.0,1.0,,,,,1,1,1,1,,,,,,,3202,Schwaches Baumholz_2,677.8,0,not_young,0,0,0,Cama,500_1000
,106004.0,3.0,Schwaches Baumholz,170.0,BU (5),,colline with beech,2.0,1.2,1.0,,,,,1,1,1,1,,,,,,,3203,Schwaches Baumholz_2,689.3,0,not_young,0,0,0,Cama,500_1000
,106005.0,3.0,Schwaches Baumholz,199.0,BU (5) / FI (1),,lower/upper montane,7.0,2.6,1.0,,,,,1,1,1,1,,,,,,,3204,Schwaches Baumholz_7,770.3999999999999,0,not_young,0,0,0,Cama,500_1000
,106006.0,3.0,Schwaches Baumholz,305.0,BU (2) / LA (5),,lower/upper montane,7.0,1.1,1.0,,,,,1,1,1,1,,,,,,,3205,Schwaches Baumholz_7,1023.4,1,not_young,0,0,0,Cama,1000_1500
,106007.0,2.0,Stangenholz,301.0,BU (5) / FI (1) / LA (3),,high-montane (main area of silver fir),10.0,1.6,1.0,,,,,1,1,1,1,,,,,,,3206,Stangenholz_10,1476.2,1,not_young,0,0,0,Cama,1000_1500
,106008.0,2.0,Stangenholz,209.0,BU (3) / FI (3),,lower/upper montane,7.0,2.6,1.0,,,,,1,1,1,1,,,,,,,3207,Stangenholz_7,1098.0,1,not_young,0,0,0,Cama,1000_1500
,106010.0,2.0,Stangenholz,247.0,BU (2) / FI (4) / LA (4),,high-montane (main area of silver fir),10.0,0.6,1.0,,,,,1,1,1,1,,,,,,,3208,Stangenholz_10,1421.2,1,not_young,0,0,0,Cama,1000_1500
,106011.0,2.0,Stangenholz,238.0,BU (8),,lower/upper montane,7.0,1.2,1.0,,,,,1,1,1,1,,,,,,,3209,Stangenholz_7,979.7,0,not_young,0,0,0,Cama,500_1000
,106012.0,2.0,Stangenholz,377.0,BU (4) / LA (2),,lower/upper montane,7.0,4.9,1.0,,,,,1,1,1,1,,,,,,,3210,Stangenholz_7,913.7,0,not_young,0,0,0,Cama,500_1000
,106013.0,4.0,Mittleres Baumholz,393.0,BU (4) / FI (1) / LA (2),,lower/upper montane,7.0,3.5,1.0,,,,,1,1,1,1,,,,,,,3211,Mittleres Baumholz_7,845.6,0,not_young,0,0,0,Cama,500_1000
,106014.0,4.0,Mittleres Baumholz,366.0,BU (4) / FI (1) / LA (3),,lower/upper montane,7.0,1.5,1.0,,,,,1,1,1,1,,,,,,,3212,Mittleres Baumholz_7,836.5,0,not_young,0,0,0,Cama,500_1000
,106015.0,3.0,Schwaches Baumholz,313.0,BU (2) / FI (3) / LA (4),,lower/upper montane,7.0,2.6,1.0,,,,,1,1,1,1,,,,,,,3213,Schwaches Baumholz_7,1323.0,1,not_young,0,0,0,Cama,1000_1500
,106016.0,2.0,Stangenholz,180.0,BU (4) / FI (1) / LA (2),,lower/upper montane,7.0,1.2,1.0,,,,,1,1,1,1,,,,,,,3214,Stangenholz_7,1171.9,1,not_young,0,0,0,Cama,1000_1500
,106017.0,5.0,Starkes Baumholz,435.0,FI (7) / LA (2),,lower/upper montane,7.0,1.8,1.0,,,,,1,1,1,1,,,,,,,3215,Starkes Baumholz_7,1293.3,1,not_young,0,0,0,Cama,1000_1500
,106018.0,5.0,Starkes Baumholz,436.0,BU (1) / FI (8) / LA (1),,lower/upper montane,7.0,2.7,1.0,,,,,1,1,1,1,,,,,,,3216,Starkes Baumholz_7,1218.8,1,not_young,0,0,0,Cama,1000_1500
,106095.0,4.0,Mittleres Baumholz,48.0,AER (5) / LA (5),,upper subalpine,9.0,0.8,,,,,,3,1,3,3,1.0,,,,,,3222,Mittleres Baumholz_9,1931.2,1,not_young,0,0,0,Cama,1500_2000
,106122.0,4.0,Mittleres Baumholz,380.0,BU (3) / FI (4) / LA (3),,high-montane (main area of silver fir),10.0,0.8,1.0,,,,,1,1,1,1,,,,,,,3236,Mittleres Baumholz_10,1381.4,1,not_young,0,0,0,Cama,1000_1500
,106123.0,4.0,Mittleres Baumholz,177.0,AER (3) / LA (7),,high-montane (main area of silver fir),10.0,1.3,1.0,,,,,1,1,1,1,,,,,,,3237,Mittleres Baumholz_10,1647.2,1,not_young,0,0,0,Cama,1500_2000
,106124.0,4.0,Mittleres Baumholz,287.0,FI (2) / LA (8),,high-montane (main area of silver fir),10.0,0.8,1.0,,,,,1,1,1,1,,,,,,,3238,Mittleres Baumholz_10,1505.8,1,not_young,0,0,0,Cama,1500_2000
,106125.0,4.0,Mittleres Baumholz,342.0,FI (3) / LA (6) / TA (1),,high-montane (main area of silver fir),10.0,1.4,1.0,,,,,1,1,1,1,,,,,,,3239,Mittleres Baumholz_10,1570.6,1,not_young,0,0,0,Cama,1500_2000
,106134.0,2.0,Stangenholz,223.0,LA (6),,high-montane (main area of silver fir),10.0,1.5,0.0,,1.0,,,2,2,2,2,,,,,,,3247,Stangenholz_10,1411.4,1,not_young,0,0,0,Cama,1000_1500
,106135.0,2.0,Stangenholz,219.0,TEI (6) / ES (e) / KA (4) / BI (e) / MBE (e),TEI (6) / KA (3) / MBE (1),colline with beech,2.0,1.2,,,1.0,,,2,2,2,2,,,,,,,3248,Stangenholz_2,946.9,0,not_young,0,0,1,Cama,500_1000
,106136.0,3.0,Schwaches Baumholz,325.0,BAH (1) / BU (1) / TEI (1) / ES (2) / KA (e) / BI (3) / LI (2) / BUL (e) / TA (e),BU (2) / ES (2) / LI (2) / HAS (4),lower/upper montane,7.0,2.5,,,1.0,,1.0,2,2,2,2,,,,0.0,,,3249,Schwaches Baumholz_7,1014.5,1,not_young,0,0,1,Cama,1000_1500
,106184.0,1.0,Jungwuchs/Dickung,108.0,,,colline,3.0,0.2,,,,,,3,3,3,3,,,,,,,3287,Jungwuchs/Dickung_3,352.7,0,young,0,0,0,Cama,300_500
,106186.0,3.0,Schwaches Baumholz,212.0,TEI (2) / ES (2) / FI (1) / KA (5) / BI (e) / AS (e) / KI (e) / WEI (e) / LI (e),TEI (e) / ES (1) / FI (1) / KA (1) / BI (e) / WEI (e) / LI (1) / HAS (7),colline,3.0,1.6,,,,,,7,7,7,7,,1.0,,,,,3288,Schwaches Baumholz_3,360.0,0,not_young,0,0,0,Cama,300_500
,106187.0,2.0,Stangenholz,179.0,WER (5) / ES (e) / KA (e) / AS (2) / WEI (3),WER (2) / ES (1) / AS (2) / WEI (2) / HAS (2) / UST (1),colline,3.0,1.0,,,1.0,,,2,2,2,2,,,,,,,3289,Stangenholz_3,350.9,0,not_young,0,0,0,Cama,300_500
,106188.0,3.0,Schwaches Baumholz,288.0,ES (4) / KA (6) / KI (e),ES (2) / FI (e) / KA (1) / HAS (6) / UST (1),colline,3.0,0.5,,,1.0,,,2,2,2,2,,,,,,,3290,Schwaches Baumholz_3,349.0,0,not_young,0,0,0,Cama,300_500
,106189.0,2.0,Stangenholz,65.0,TEI (3) / ES (2) / KA (2) / AS (2) / KI (1) / LI (e),ES (3) / FI (1) / KA (1) / AS (1) / KI (e) / LI (e) / TAX (e) / HAS (4) / HOL (e),colline,3.0,0.3,,,,,,7,7,7,7,,1.0,,,,,3291,Stangenholz_3,359.7,0,not_young,0,0,0,Cama,300_500
,106190.0,2.0,Stangenholz,73.0,BU (7) / LA (1),,lower/upper montane,7.0,1.3,0.0,,,,,3,1,3,3,1.0,,,,,,3292,Stangenholz_7,1317.6,1,not_young,0,0,0,Cama,1000_1500
,106193.0,4.0,Mittleres Baumholz,211.0,FI (1) / LA (7),,high-montane (main area of silver fir),10.0,0.8,1.0,,,,,1,1,1,1,,,,,,,3293,Mittleres Baumholz_10,1469.1,1,not_young,0,0,0,Cama,1000_1500
,106194.0,3.0,Schwaches Baumholz,111.0,BU (2) / TA (2),,lower/upper montane,7.0,0.4,,,,,,3,1,3,3,1.0,,,,,,3294,Schwaches Baumholz_7,1331.1,1,not_young,0,0,0,Cama,1000_1500
,106195.0,4.0,Mittleres Baumholz,64.0,FI (10),,lower/upper montane,7.0,0.3,,,,,,3,1,3,3,1.0,,,,,,3295,Mittleres Baumholz_7,1288.9,1,not_young,0,0,0,Cama,1000_1500
,106197.0,3.0,Schwaches Baumholz,222.0,,,high-montane (main area of silver fir),10.0,1.0,,,,,,7,1,7,7,1.0,1.0,,,,,3296,Schwaches Baumholz_10,796.8999999999999,0,not_young,0,0,0,Cama,500_1000
,106198.0,3.0,Schwaches Baumholz,222.0,,,colline with beech,2.0,0.6,0.0,,,,,3,1,3,3,1.0,,,,,,3297,Schwaches Baumholz_2,757.3999999999999,0,not_young,0,0,0,Cama,500_1000
,106199.0,3.0,Schwaches Baumholz,258.0,BU (2),,high-montane (main area of silver fir),10.0,1.6,1.0,,,,,1,1,1,1,,,,,,,3298,Schwaches Baumholz_10,793.7,0,not_young,0,0,0,Cama,500_1000
,106200.0,3.0,Schwaches Baumholz,280.0,BU (1),,lower/upper montane,7.0,1.2,0.0,,,,,7,1,7,7,1.0,1.0,,,,,3299,Schwaches Baumholz_7,859.2,0,not_young,0,0,0,Cama,500_1000
,106201.0,3.0,Schwaches Baumholz,321.0,BU (2),,lower/upper montane,7.0,2.0,1.0,,,,,1,1,1,1,,,,,,,3300,Schwaches Baumholz_7,858.2,0,not_young,0,0,0,Cama,500_1000
,106202.0,3.0,Schwaches Baumholz,283.0,BU (5),,lower/upper montane,7.0,1.3,1.0,,,,,1,1,1,1,,,,,,,3301,Schwaches Baumholz_7,949.0,0,not_young,0,0,0,Cama,500_1000
,106203.0,4.0,Mittleres Baumholz,299.0,BU (1) / FI (2) / LA (5) / TA (1),,lower/upper montane,7.0,2.8,1.0,,,,,1,1,1,1,,,,,,,3302,Mittleres Baumholz_7,1367.3,1,not_young,0,0,0,Cama,1000_1500
,106204.0,3.0,Schwaches Baumholz,99.0,AER (4) / LA (6),,subalpine,8.0,0.6,1.0,,,,,1,1,1,1,,,,,,,3303,Schwaches Baumholz_8,1833.0,1,not_young,0,0,0,Cama,1500_2000
,106205.0,4.0,Mittleres Baumholz,204.0,AER (2) / LA (8),,subalpine,8.0,0.7,1.0,,,,,1,1,1,1,,,,,,,3304,Mittleres Baumholz_8,1765.2,1,not_young,0,0,0,Cama,1500_2000
,106206.0,4.0,Mittleres Baumholz,154.0,AER (2) / LA (8),,high-montane (main area of silver fir),10.0,1.7,1.0,,,,,1,1,1,1,,,,,,,3305,Mittleres Baumholz_10,1714.9,1,not_young,0,0,0,Cama,1500_2000
,106208.0,2.0,Stangenholz,255.0,BU (3) / FI (2) / LA (3),,high-montane (main area of silver fir),10.0,1.8,1.0,,,,,1,1,1,1,,,,,,,3306,Stangenholz_10,1618.8,1,not_young,0,0,0,Cama,1500_2000
,106209.0,2.0,Stangenholz,199.0,BU (5) / FI (1) / LA (1),,high-montane (main area of silver fir),10.0,1.9,1.0,,,,,1,1,1,1,,,,,,,3307,Stangenholz_10,1523.8,1,not_young,0,0,0,Cama,1500_2000
,106211.0,4.0,Mittleres Baumholz,370.0,BU (5) / FI (1) / LA (1),,lower/upper montane,7.0,1.2,1.0,,,,,1,1,1,1,,,,,,,3308,Mittleres Baumholz_7,1110.9,1,not_young,0,0,0,Cama,1000_1500
,106212.0,4.0,Mittleres Baumholz,343.0,BU (4) / FI (1) / LA (4),,lower/upper montane,7.0,1.5,1.0,,,,,1,1,1,1,,,,,,,3309,Mittleres Baumholz_7,1293.5,1,not_young,0,0,0,Cama,1000_1500
,106213.0,4.0,Mittleres Baumholz,309.0,BU (2) / FI (3) / LA (5),,high-montane (main area of silver fir),10.0,1.8,1.0,,,,,1,1,1,1,,,,,,,3310,Mittleres Baumholz_10,1424.7,1,not_young,0,0,0,Cama,1000_1500
,106217.0,2.0,Stangenholz,246.0,BU (5) / LA (2),,lower/upper montane,7.0,1.7,1.0,,,,,1,1,1,1,,,,,,,3311,Stangenholz_7,1345.9,1,not_young,0,0,0,Cama,1000_1500
,106218.0,4.0,Mittleres Baumholz,471.0,BU (2) / FI (2) / LA (5),,high-montane (main area of silver fir),10.0,1.1,1.0,,,,,1,1,1,1,,,,,,,3312,Mittleres Baumholz_10,1404.8,1,not_young,0,0,0,Cama,1000_1500
,106219.0,3.0,Schwaches Baumholz,323.0,BU (3) / FI (2) / LA (4),,lower/upper montane,7.0,2.2,1.0,,,,,1,1,1,1,,,,,,,3313,Schwaches Baumholz_7,1300.8,1,not_young,0,0,0,Cama,1000_1500
,106220.0,3.0,Schwaches Baumholz,347.0,BU (1) / FI (2) / LA (7),,high-montane (main area of silver fir),10.0,1.1,1.0,,,,,1,1,1,1,,,,,,,3314,Schwaches Baumholz_10,1539.5,1,not_young,0,0,0,Cama,1500_2000
,106221.0,4.0,Mittleres Baumholz,236.0,AER (1) / LA (9),,subalpine,8.0,2.5,1.0,,,,,1,1,1,1,,,,,,,3315,Mittleres Baumholz_8,1709.3,1,not_young,0,0,0,Cama,1500_2000
,106222.0,4.0,Mittleres Baumholz,364.0,BU (3) / FI (3) / LA (2) / TA (1),,high-montane (main area of silver fir),10.0,1.8,1.0,,,,,1,1,1,1,,,,,,,3316,Mittleres Baumholz_10,1570.8,1,not_young,0,0,0,Cama,1500_2000
,106223.0,4.0,Mittleres Baumholz,191.0,LA (10),,subalpine,8.0,0.9,1.0,,,,,1,1,1,1,,,,,,,3317,Mittleres Baumholz_8,1819.0,1,not_young,0,0,0,Cama,1500_2000
,106305.0,3.0,Schwaches Baumholz,252.0,SAH (e) / ES (2) / KA (4) / BI (e) / KI (1) / LI (3),SAH (e) / ES (3) / KA (1) / KI (e) / HAS (6) / UST (e) / TA (e),colline,3.0,2.1,,1.0,,,,3,3,4,4,,,,,,,3325,Schwaches Baumholz_3,376.0,0,not_young,0,0,0,Cama,300_500
,106308.0,2.0,Stangenholz,149.0,BAH (1) / ES (3) / KA (1) / BI (1) / AS (e) / RO (1) / WEI (1) / LI (2),ES (1) / BI (e) / RO (e) / WEI (2) / MBE (e) / LI (e) / HAS (7),colline,3.0,1.1,,,,,,3,3,3,3,,,,,,,3326,Stangenholz_3,362.1,0,not_young,0,0,0,Cama,300_500
,106309.0,3.0,Schwaches Baumholz,123.0,BAH (1) / ES (5) / KA (1) / KI (1) / LI (2),BAH (1) / ES (1) / KI (e) / LI (e) / HAS (8),colline,3.0,0.3,,,,,,3,3,3,3,,,,,,,3327,Schwaches Baumholz_3,353.4,0,not_young,0,0,0,Cama,300_500
,106336.0,4.0,Mittleres Baumholz,176.0,FI (2) / LA (6) / TA (1),,lower/upper montane,7.0,0.3,,,1.0,,,2,2,2,2,,,,,,,3346,Mittleres Baumholz_7,1315.6,1,not_young,0,0,0,Cama,1000_1500
,106337.0,2.0,Stangenholz,221.0,,,lower/upper montane,7.0,0.8,0.0,,1.0,,,2,2,2,2,,,,,,,3347,Stangenholz_7,1339.1,1,not_young,0,0,0,Cama,1000_1500
,106338.0,2.0,Stangenholz,154.0,FI (1) / LA (1),,lower/upper montane,7.0,0.8,,,1.0,,,2,2,2,2,,,,,,,3348,Stangenholz_7,1331.3,1,not_young,0,0,0,Cama,1000_1500
,106340.0,2.0,Stangenholz,141.0,BU (5),,lower/upper montane,7.0,0.7,,,,,,3,1,3,3,1.0,,,,,,3350,Stangenholz_7,1332.6,1,not_young,0,0,0,Cama,1000_1500
,106341.0,3.0,Schwaches Baumholz,101.0,AER (1) / LA (9),,subalpine,8.0,2.7,,,,,,3,1,3,3,1.0,,,,,,3351,Schwaches Baumholz_8,1798.3,1,not_young,0,0,0,Cama,1500_2000
,106342.0,2.0,Stangenholz,133.0,,,colline,3.0,3.7,,,1.0,,,2,2,2,2,,,,,,,3352,Stangenholz_3,826.6,0,not_young,0,0,1,Cama,500_1000
,106343.0,2.0,Stangenholz,157.0,,,colline,3.0,0.5,,,1.0,,,2,2,2,2,,,,,,,3353,Stangenholz_3,766.7,0,not_young,0,0,1,Cama,500_1000
,106350.0,4.0,Mittleres Baumholz,247.0,SAH (1) / TEI (1) / KA (2) / AS (3) / KI (e) / LI (3),FI (2) / KA (2) / AS (e) / HAS (5) / UST (1),colline,3.0,0.2,,,,,,7,7,7,7,,1.0,,,,,3359,Mittleres Baumholz_3,370.5,0,not_young,0,0,0,Cama,300_500
,106351.0,3.0,Schwaches Baumholz,263.0,ES (1) / KA (6) / LI (3),ES (e) / KA (3) / LI (2) / HAS (5),colline,3.0,0.5,,,,,,3,3,3,3,,,,,,,3360,Schwaches Baumholz_3,388.0,0,not_young,0,0,0,Cama,300_500
,106353.0,3.0,Schwaches Baumholz,65.0,BAH (1) / SER (e) / ES (e) / KA (7) / LI (2),BAH (e) / ES (3) / KA (4) / LI (1) / HAS (2),colline,3.0,0.2,,,,,,3,3,3,3,,,,,,,3362,Schwaches Baumholz_3,381.1,0,not_young,0,0,0,Cama,300_500
,106354.0,3.0,Schwaches Baumholz,95.0,BAH (1) / TEI (1) / REI (1) / ES (1) / KA (6) / KI (e),ES (1) / KA (e) / LI (1) / HAS (8),colline,3.0,0.2,,,,,,3,3,3,3,,,,,,,3363,Schwaches Baumholz_3,385.1,0,not_young,0,0,0,Cama,300_500
,106355.0,3.0,Schwaches Baumholz,218.0,TEI (2) / ES (e) / FI (e) / KA (5) / AS (e) / KI (e) / LI (3),TEI (1) / FI (1) / KA (5) / KI (e) / LI (e) / HAS (3),colline,3.0,5.3,,,,,,3,3,3,3,,,,,,,3364,Schwaches Baumholz_3,369.9,0,not_young,0,0,0,Cama,300_500
,106390.0,2.0,Stangenholz,151.0,TEI (1) / ES (3) / KA (4) / WEI (e) / LI (2),ES (2) / FI (e) / KA (1) / WEI (e) / LI (e) / HAS (7),colline,3.0,0.3,,,1.0,,,2,2,2,2,,,,,,,3394,Stangenholz_3,354.6,0,not_young,0,0,0,Cama,300_500
,106392.0,3.0,Schwaches Baumholz,209.0,TEI (1) / ES (1) / KA (5) / AS (1) / LI (2),KA (1) / LI (e) / HAS (9),colline,3.0,0.3,,,,,,7,7,7,7,,1.0,,,,,3395,Schwaches Baumholz_3,361.6,0,not_young,0,0,0,Cama,300_500
,106405.0,5.0,Starkes Baumholz,425.0,BU (2) / FI (6) / LA (1),,lower/upper montane,7.0,9.0,1.0,,,,,1,1,1,1,,,,,,,3407,Starkes Baumholz_7,1020.8,1,not_young,0,0,0,Cama,1000_1500
,106408.0,4.0,Mittleres Baumholz,274.0,BU (1),,lower/upper montane,7.0,0.6,,,,,,3,1,3,3,1.0,,,,,,3409,Mittleres Baumholz_7,1316.5,1,not_young,0,0,0,Cama,1000_1500
,106413.0,4.0,Mittleres Baumholz,450.0,BU (1) / LA (1) / WFO (8),,lower/upper montane,7.0,0.6,,,1.0,,1.0,2,2,2,8,,,,1.0,,,3413,Mittleres Baumholz_7,1071.2,1,not_young,0,0,0,Cama,1000_1500
,106415.0,2.0,Stangenholz,77.0,BU (3) / FI (1) / LA (1),,high-montane (main area of silver fir),10.0,0.5,,,,,,3,1,3,3,1.0,,,,,,3414,Stangenholz_10,1438.3,1,not_young,0,0,0,Cama,1000_1500
,106416.0,3.0,Schwaches Baumholz,192.0,AER (5) / LA (5),,subalpine,8.0,1.0,,,,,,3,1,3,3,1.0,,,,,,3415,Schwaches Baumholz_8,1781.4,1,not_young,0,0,0,Cama,1500_2000
,106418.0,4.0,Mittleres Baumholz,354.0,LA (9) / TA (1),,high-montane (main area of silver fir),10.0,1.3,1.0,,,,,1,1,1,1,,,,,,,3416,Mittleres Baumholz_10,1649.8,1,not_young,0,0,0,Cama,1500_2000
,106422.0,4.0,Mittleres Baumholz,379.0,BU (6),,lower/upper montane,7.0,0.4,1.0,,,,,1,1,1,1,,,,,,,3420,Mittleres Baumholz_7,1309.5,1,not_young,0,0,0,Cama,1000_1500
,106423.0,2.0,Stangenholz,332.0,FI (7) / LA (3),,lower/upper montane,7.0,1.0,1.0,,,,,1,1,1,1,,,,,,,3421,Stangenholz_7,1374.9,1,not_young,0,0,0,Cama,1000_1500
,106424.0,4.0,Mittleres Baumholz,402.0,BU (1) / FI (5) / LA (3) / TA (1),,high-montane (main area of silver fir),10.0,2.4,1.0,,,,,1,1,1,1,,,,,,,3422,Mittleres Baumholz_10,1441.2,1,not_young,0,0,0,Cama,1000_1500
,106435.0,2.0,Stangenholz,110.0,,,colline with beech,2.0,3.0,1.0,,,,,1,1,1,1,,,,,,,3431,Stangenholz_2,694.5,0,not_young,0,0,0,Cama,500_1000
,106436.0,2.0,Stangenholz,0.0,,,lower/upper montane,7.0,0.2,0.0,,,,,3,1,3,3,1.0,,,,,,3432,Stangenholz_7,986.6,0,not_young,0,0,0,Cama,500_1000
,106437.0,3.0,Schwaches Baumholz,133.0,FI (1),,lower/upper montane,7.0,0.7,1.0,,,,,1,1,1,1,,,,,,,3433,Schwaches Baumholz_7,987.1,0,not_young,0,0,0,Cama,500_1000
,106438.0,4.0,Mittleres Baumholz,183.0,FI (2),,lower/upper montane,7.0,0.6,1.0,,,,,1,1,1,1,,,,,,,3434,Mittleres Baumholz_7,961.2,0,not_young,0,0,0,Cama,500_1000
,106439.0,3.0,Schwaches Baumholz,266.0,BU (1),,lower/upper montane,7.0,0.8,,,,,,7,1,7,7,1.0,1.0,,,,,3435,Schwaches Baumholz_7,823.2999999999998,0,not_young,0,0,0,Cama,500_1000
,106440.0,2.0,Stangenholz,154.0,BU (3),,colline with beech,2.0,0.6,0.0,,,,,3,1,3,3,1.0,,,,,,3436,Stangenholz_2,712.3,0,not_young,0,0,0,Cama,500_1000
,106442.0,3.0,Schwaches Baumholz,288.0,FI (2),,lower/upper montane,7.0,1.4,1.0,,,,,1,1,1,1,,,,,,,3437,Schwaches Baumholz_7,854.0,0,not_young,0,0,0,Cama,500_1000
,106443.0,4.0,Mittleres Baumholz,454.0,FI (2) / LA (7) / TA (1),,high-montane (main area of silver fir),10.0,3.6,1.0,,,,,1,1,1,1,,,,,,,3438,Mittleres Baumholz_10,1470.1,1,not_young,0,0,0,Cama,1000_1500
,106444.0,4.0,Mittleres Baumholz,406.0,FI (3) / LA (6) / TA (1),,high-montane (main area of silver fir),10.0,2.6,1.0,,,,,1,1,1,1,,,,,,,3439,Mittleres Baumholz_10,1525.6,1,not_young,0,0,0,Cama,1500_2000
,106510.0,2.0,Stangenholz,66.0,TEI (2) / ES (1) / LI (7),TEI (e) / ES (1) / HAS (8) / UST (1),colline,3.0,5.6,,1.0,,,,3,3,4,4,,,,,,,3441,Stangenholz_3,405.1,0,not_young,0,0,0,Cama,300_500
,106511.0,3.0,Schwaches Baumholz,247.0,TEI (2) / ES (e) / KA (2) / AS (e) / KI (1) / LI (5),ES (1) / KA (1) / KI (e) / HAS (8),colline,3.0,1.0,,,,,,3,3,3,3,,,,,,,3442,Schwaches Baumholz_3,398.7,0,not_young,0,0,0,Cama,300_500
,106521.0,2.0,Stangenholz,107.0,ES (1) / BI (4) / AS (2) / WEI (2) / WFO (1),ES (e) / BI (3) / AS (e) / WEI (4) / HAS (2) / WFO (1),colline,3.0,0.2,,,,,,3,3,3,3,,,,,,,3448,Stangenholz_3,348.0,0,not_young,0,0,0,Cama,300_500
,106530.0,4.0,Mittleres Baumholz,133.0,LA (8) / LFO (2),,subalpine,8.0,2.0,0.0,,,,,3,1,3,3,1.0,,,,,,3452,Mittleres Baumholz_8,1823.7,1,not_young,0,0,0,Cama,1500_2000
,106532.0,2.0,Stangenholz,44.0,AER (2) / LA (6) / LFO (1),,subalpine,8.0,3.5,1.0,,,,,1,1,1,1,,,,,,,3453,Stangenholz_8,1715.0,1,not_young,0,0,0,Cama,1500_2000
,106538.0,5.0,Starkes Baumholz,251.0,FI (3) / LA (6) / TA (1),,lower/upper montane,7.0,0.3,,,,,,3,1,3,3,1.0,,,,,,3459,Starkes Baumholz_7,1278.8,1,not_young,0,0,0,Cama,1000_1500
,106539.0,4.0,Mittleres Baumholz,434.0,FI (5) / LA (1) / TA (4),,high-montane (main area of silver fir),10.0,1.7,1.0,,,,,1,1,1,1,,,,,,,3460,Mittleres Baumholz_10,1338.7,1,not_young,0,0,0,Cama,1000_1500
,106541.0,3.0,Schwaches Baumholz,359.0,BU (4) / FI (2) / LA (2) / TA (2),,high-montane (main area of silver fir),10.0,0.7,1.0,,,,,1,1,1,1,,,,,,,3462,Schwaches Baumholz_10,1518.6,1,not_young,0,0,0,Cama,1500_2000
,106542.0,2.0,Stangenholz,383.0,FI (2) / LA (2) / TA (2),,high-montane (main area of silver fir),10.0,0.5,1.0,,,,,1,1,1,1,,,,,,,3463,Stangenholz_10,1358.3,1,not_young,0,0,0,Cama,1000_1500
,106543.0,4.0,Mittleres Baumholz,299.0,LA (10),,subalpine,8.0,0.9,1.0,,1.0,,,2,1,2,2,,,,,,,3464,Mittleres Baumholz_8,1748.5,1,not_young,0,0,0,Cama,1500_2000
,106545.0,4.0,Mittleres Baumholz,186.0,AER (3) / FI (3) / LA (4),,high-montane (main area of silver fir),10.0,1.1,1.0,,,,,1,1,1,1,,,,,,,3465,Mittleres Baumholz_10,1645.9,1,not_young,0,0,0,Cama,1500_2000
,106547.0,3.0,Schwaches Baumholz,275.0,TEI (e) / KA (8) / LA (e) / BI (2) / LI (e),KA (7) / HAS (3),colline,3.0,13.3,,,1.0,,,6,6,6,6,,,1.0,,,,3467,Schwaches Baumholz_3,515.4,0,not_young,0,0,0,Cama,500_1000
,106556.0,3.0,Schwaches Baumholz,321.0,BU (5),,colline with beech,2.0,2.0,1.0,,,,,1,1,1,1,,,,,,,3472,Schwaches Baumholz_2,826.1,0,not_young,0,0,0,Cama,500_1000
,106558.0,3.0,Schwaches Baumholz,251.0,BU (6) / FI (1),,lower/upper montane,7.0,1.2,1.0,,,,,1,1,1,1,,,,,,,3473,Schwaches Baumholz_7,1121.2,1,not_young,0,0,0,Cama,1000_1500
,106560.0,2.0,Stangenholz,189.0,BU (4) / FI (4) / LA (1),,lower/upper montane,7.0,2.2,1.0,,,,,1,1,1,1,,,,,,,3474,Stangenholz_7,915.0,0,not_young,0,0,0,Cama,500_1000
,106562.0,3.0,Schwaches Baumholz,293.0,BU (5) / FI (2) / LA (3),,lower/upper montane,7.0,0.8,1.0,,,,,1,1,1,1,,,,,,,3476,Schwaches Baumholz_7,1285.1,1,not_young,0,0,0,Cama,1000_1500
,106563.0,4.0,Mittleres Baumholz,305.0,FI (6) / LA (2) / TA (2),,high-montane (main area of silver fir),10.0,1.9,,,1.0,,1.0,2,2,2,8,,,,1.0,,,3477,Mittleres Baumholz_10,1408.8,1,not_young,0,0,0,Cama,1000_1500
,106564.0,4.0,Mittleres Baumholz,352.0,BU (3),,lower/upper montane,7.0,3.1,,,1.0,,1.0,2,2,2,8,,,,1.0,,,3478,Mittleres Baumholz_7,1058.0,1,not_young,0,0,0,Cama,1000_1500
,106565.0,4.0,Mittleres Baumholz,366.0,LA (8),,lower/upper montane,7.0,0.3,,,1.0,,1.0,2,2,2,8,,,,1.0,,,3479,Mittleres Baumholz_7,1124.7,1,not_young,0,0,0,Cama,1000_1500
,106566.0,3.0,Schwaches Baumholz,241.0,BU (2) / LA (1),,lower/upper montane,7.0,1.2,,,1.0,,1.0,2,2,2,8,,,,1.0,,,3480,Schwaches Baumholz_7,1289.7,1,not_young,0,0,0,Cama,1000_1500
,106567.0,4.0,Mittleres Baumholz,295.0,BU (2) / FI (1) / LA (1) / WFO (5),,lower/upper montane,7.0,2.1,,,1.0,,1.0,2,2,2,8,,,,1.0,,,3481,Mittleres Baumholz_7,1157.0,1,not_young,0,0,0,Cama,1000_1500
,106571.0,2.0,Stangenholz,118.0,,,colline,3.0,1.2,1.0,,,,,1,1,1,1,,,,,,,3482,Stangenholz_3,620.0,0,not_young,0,0,0,Cama,500_1000
,106596.0,2.0,Stangenholz,212.0,BU (4) / FI (1) / LA (3),,high-montane (main area of silver fir),10.0,1.1,1.0,,,,,1,1,1,1,,,,,,,3497,Stangenholz_10,1444.1,1,not_young,0,0,0,Cama,1000_1500
,106599.0,4.0,Mittleres Baumholz,459.0,FI (2) / LA (7) / TA (1),,high-montane (main area of silver fir),10.0,1.4,1.0,,,,,1,1,1,1,,,,,,,3498,Mittleres Baumholz_10,1637.6,1,not_young,0,0,0,Cama,1500_2000
,106704.0,2.0,Stangenholz,224.0,,,lower/upper montane,7.0,0.6,,,,,,3,1,3,3,1.0,,,,,,3531,Stangenholz_7,817.2,0,not_young,0,0,0,Cama,500_1000
,106706.0,1.0,Jungwuchs/Dickung,18.0,BU (2) / AER (4),,high-montane (main area of silver fir),10.0,1.6,,,,,,3,1,3,3,1.0,,,,,,3532,Jungwuchs/Dickung_10,1593.9,1,young,0,0,0,Cama,1500_2000
,106708.0,2.0,Stangenholz,24.0,BU (2),,lower/upper montane,7.0,0.5,,,,,,3,1,3,3,1.0,,,,,,3533,Stangenholz_7,1372.7,1,not_young,0,0,0,Cama,1000_1500
,106714.0,2.0,Stangenholz,176.0,BU (4) / LA (2),,high-montane (main area of silver fir),10.0,1.4,1.0,,,,,1,1,1,1,,,,,,,3534,Stangenholz_10,1546.1,1,not_young,0,0,0,Cama,1500_2000
,106715.0,3.0,Schwaches Baumholz,99.0,LA (7) / LFO (3),,subalpine,8.0,2.3,1.0,,,,,1,1,1,1,,,,,,,3535,Schwaches Baumholz_8,1885.9,1,not_young,0,0,0,Cama,1500_2000
,106719.0,4.0,Mittleres Baumholz,348.0,FI (5) / TA (4),,lower/upper montane,7.0,0.7,1.0,,,,,1,1,1,1,,,,,,,3537,Mittleres Baumholz_7,1109.2,1,not_young,0,0,0,Cama,1000_1500
,106722.0,5.0,Starkes Baumholz,367.0,BU (5) / FI (3),,lower/upper montane,7.0,0.7,1.0,,,,,1,1,1,1,,,,,,,3539,Starkes Baumholz_7,962.7,0,not_young,0,0,0,Cama,500_1000
,106723.0,5.0,Starkes Baumholz,378.0,BU (3) / FI (3) / LA (3),,lower/upper montane,7.0,1.3,1.0,,,,,1,1,1,1,,,,,,,3540,Starkes Baumholz_7,1023.6,1,not_young,0,0,0,Cama,1000_1500
,106724.0,2.0,Stangenholz,205.0,BU (6) / FI (1) / LA (1),,lower/upper montane,7.0,0.8,1.0,,,,,1,1,1,1,,,,,,,3541,Stangenholz_7,959.2,0,not_young,0,0,0,Cama,500_1000
,106725.0,4.0,Mittleres Baumholz,316.0,BU (2) / FI (5) / LA (2),,lower/upper montane,7.0,1.2,1.0,,,,,1,1,1,1,,,,,,,3542,Mittleres Baumholz_7,968.5,0,not_young,0,0,0,Cama,500_1000
,106726.0,5.0,Starkes Baumholz,395.0,BU (2) / FI (6) / LA (1),,lower/upper montane,7.0,2.4,1.0,,,,,1,1,1,1,,,,,,,3543,Starkes Baumholz_7,995.1,0,not_young,0,0,0,Cama,500_1000
,106735.0,3.0,Schwaches Baumholz,192.0,ES (2) / KA (7) / LI (1),ES (2) / FI (e) / KA (4) / KI (e) / LI (e) / HAS (4),colline,3.0,0.2,,,,,,3,3,3,3,,,,,,,3546,Schwaches Baumholz_3,378.8,0,not_young,0,0,0,Cama,300_500
,106779.0,3.0,Schwaches Baumholz,251.0,FI (2) / LA (8),,high-montane (main area of silver fir),10.0,2.7,1.0,,,,,1,1,1,1,,,,,,,3576,Schwaches Baumholz_10,1637.4,1,not_young,0,0,0,Cama,1500_2000
,106781.0,3.0,Schwaches Baumholz,206.0,BU (2) / FI (2) / LA (2),,lower/upper montane,7.0,0.5,0.0,,,,,3,1,3,3,1.0,,,,,,3577,Schwaches Baumholz_7,1013.8,1,not_young,0,0,0,Cama,1000_1500
,106782.0,2.0,Stangenholz,410.0,,,lower/upper montane,7.0,0.4,0.0,,,,,3,1,3,3,1.0,,,,,,3578,Stangenholz_7,1007.2,1,not_young,0,0,0,Cama,1000_1500
,106793.0,4.0,Mittleres Baumholz,384.0,BU (3) / FI (4) / LA (2) / TA (1),,lower/upper montane,7.0,1.9,,,1.0,,1.0,2,2,2,8,,,,1.0,,,3585,Mittleres Baumholz_7,1411.1,1,not_young,0,0,0,Cama,1000_1500
,106794.0,3.0,Schwaches Baumholz,312.0,FI (6) / LA (4),,subalpine,8.0,1.1,,,1.0,,,2,2,2,2,,,,,,,3586,Schwaches Baumholz_8,1697.4,1,not_young,0,0,0,Cama,1500_2000
,106795.0,3.0,Schwaches Baumholz,228.0,FI (7) / LA (2) / TA (1),,subalpine,8.0,0.7,,,1.0,,,2,2,2,2,,,,,,,3587,Schwaches Baumholz_8,1759.2,1,not_young,0,0,0,Cama,1500_2000
,106796.0,4.0,Mittleres Baumholz,442.0,FI (5) / LA (3) / TA (2),,lower/upper montane,7.0,1.8,,,1.0,,,2,2,2,2,,,,,,,3588,Mittleres Baumholz_7,1448.0,1,not_young,0,0,0,Cama,1000_1500
,106797.0,2.0,Stangenholz,281.0,FI (6) / TA (1),,high-montane (main area of silver fir),10.0,0.4,,,1.0,,,2,2,2,2,,,,,,,3589,Stangenholz_10,1505.9,1,not_young,0,0,0,Cama,1500_2000
,106886.0,3.0,Schwaches Baumholz,237.0,TEI (3) / WER (e) / ES (e) / KA (4) / BI (e) / LI (3),ES (1) / KA (e) / LI (1) / HAS (8),colline,3.0,1.7,,1.0,,,,3,3,4,4,,,,,,,3615,Schwaches Baumholz_3,409.1,0,not_young,0,0,0,Cama,300_500
,106887.0,3.0,Schwaches Baumholz,82.0,BAH (e) / TEI (e) / WER (1) / ES (9),ES (1) / STP (e) / HAS (8) / UST (1),colline,3.0,2.0,,1.0,1.0,,,2,2,4,4,,,,,,,3616,Schwaches Baumholz_3,421.9,0,not_young,0,0,0,Cama,300_500
,106888.0,3.0,Schwaches Baumholz,150.0,TEI (3) / WER (1) / ES (2) / KA (3) / KI (e) / LI (1),WER (1) / HAS (9),colline,3.0,0.7,,1.0,,,,3,3,4,4,,,,,,,3617,Schwaches Baumholz_3,399.9,0,not_young,0,0,0,Cama,300_500
,106889.0,3.0,Schwaches Baumholz,132.0,TEI (e) / ES (7) / KA (1) / WEI (e) / LI (2),ES (1) / HAS (9),colline,3.0,0.3,,,,,,3,3,3,3,,,,,,,3618,Schwaches Baumholz_3,392.5,0,not_young,0,0,0,Cama,300_500
,106893.0,3.0,Schwaches Baumholz,267.0,BAH (1) / TEI (3) / ES (1) / KA (e) / KI (e) / LI (5),ES (3) / KA (e) / KI (e) / LI (e) / STP (e) / HAS (5) / UST (2),colline,3.0,1.5,,1.0,,,,3,3,4,4,,,,,,,3619,Schwaches Baumholz_3,425.2,0,not_young,0,0,0,Cama,300_500
,106897.0,1.0,Jungwuchs/Dickung,56.0,,WER (1) / ES (4) / KA (3) / NU (e) / LI (1) / HAS (1),colline,3.0,0.2,,,1.0,,,2,2,2,2,,,,,,,3621,Jungwuchs/Dickung_3,389.0,0,young,0,0,1,Cama,300_500
,106900.0,2.0,Stangenholz,101.0,,,colline with beech,2.0,1.7,1.0,,,,,1,1,1,1,,,,,,,3623,Stangenholz_2,883.2999999999998,0,not_young,0,0,0,Cama,500_1000
,106902.0,2.0,Stangenholz,53.0,,,colline with beech,2.0,0.9,0.0,,,,,3,1,3,3,1.0,,,,,,3625,Stangenholz_2,586.1,0,not_young,0,0,0,Cama,500_1000
,106903.0,2.0,Stangenholz,111.0,,,lower/upper montane,7.0,2.3,,,,,,3,1,3,3,1.0,,,,,,3626,Stangenholz_7,886.5,0,not_young,0,0,0,Cama,500_1000
,106904.0,2.0,Stangenholz,152.0,,,high-montane (main area of silver fir),10.0,1.7,1.0,,,,,1,1,1,1,,,,,,,3627,Stangenholz_10,1695.6,1,not_young,0,0,0,Cama,1500_2000
,106905.0,3.0,Schwaches Baumholz,198.0,LA (10),,subalpine,8.0,2.5,0.0,,,,,3,1,3,3,1.0,,,,,,3628,Schwaches Baumholz_8,1863.5,1,not_young,0,0,0,Cama,1500_2000
,106906.0,3.0,Schwaches Baumholz,179.0,LA (10),,subalpine,8.0,0.6,0.0,,,,,3,1,3,3,1.0,,,,,,3629,Schwaches Baumholz_8,1778.5,1,not_young,0,0,0,Cama,1500_2000
,106907.0,3.0,Schwaches Baumholz,209.0,LA (10),,subalpine,8.0,0.4,,,,,,3,1,3,3,1.0,,,,,,3630,Schwaches Baumholz_8,1751.7,1,not_young,0,0,0,Cama,1500_2000
,106908.0,2.0,Stangenholz,302.0,BU (8),,lower/upper montane,7.0,0.2,0.0,,,,,3,1,3,3,1.0,,,,,,3631,Stangenholz_7,1272.6,1,not_young,0,0,0,Cama,1000_1500
,106909.0,3.0,Schwaches Baumholz,369.0,BU (7) / LA (1),,lower/upper montane,7.0,0.8,0.0,,,,,3,1,3,3,1.0,,,,,,3632,Schwaches Baumholz_7,1300.8,1,not_young,0,0,0,Cama,1000_1500
,106910.0,4.0,Mittleres Baumholz,353.0,BU (1) / FI (2) / LA (6) / TA (1),,high-montane (main area of silver fir),10.0,1.0,1.0,,1.0,,,2,1,2,2,,,,,,,3633,Mittleres Baumholz_10,1504.9,1,not_young,0,0,0,Cama,1500_2000
,106911.0,4.0,Mittleres Baumholz,418.0,LA (9),,high-montane (main area of silver fir),10.0,2.6,1.0,,,,,1,1,1,1,,,,,,,3634,Mittleres Baumholz_10,1658.7,1,not_young,0,0,0,Cama,1500_2000
,106912.0,4.0,Mittleres Baumholz,388.0,FI (2) / LA (6) / TA (2),,high-montane (main area of silver fir),10.0,1.2,1.0,,,,,1,1,1,1,,,,,,,3635,Mittleres Baumholz_10,1562.4,1,not_young,0,0,0,Cama,1500_2000
,106913.0,3.0,Schwaches Baumholz,351.0,BU (8),,lower/upper montane,7.0,0.7,1.0,,,,,1,1,1,1,,,,,,,3636,Schwaches Baumholz_7,1361.7,1,not_young,0,0,0,Cama,1000_1500
,106914.0,4.0,Mittleres Baumholz,341.0,BU (5) / FI (1) / LA (3) / TA (1),,lower/upper montane,7.0,0.2,1.0,,,,,1,1,1,1,,,,,,,3637,Mittleres Baumholz_7,1336.9,1,not_young,0,0,0,Cama,1000_1500
,106960.0,3.0,Schwaches Baumholz,279.0,SAH (e) / WER (2) / ES (5) / AS (2) / WEI (1) / LI (e) / BUL (e) / BFO (e),SAH (e) / WER (1) / ES (2) / AS (1) / WEI (1) / HAS (3) / UST (2),colline,3.0,0.5,,,,,,3,3,3,3,,,,,,,3663,Schwaches Baumholz_3,337.1,0,not_young,0,0,0,Cama,300_500
,106961.0,1.0,Jungwuchs/Dickung,113.0,,RO (10),colline,3.0,0.2,,,,,,3,3,3,3,,,,,,,3664,Jungwuchs/Dickung_3,346.3,0,young,0,0,0,Cama,300_500
,106962.0,2.0,Stangenholz,122.0,SER (1) / WER (2) / ES (7),WER (1) / ES (2) / HAS (7),colline,3.0,0.5,,,,,,3,3,3,3,,,,,,,3665,Stangenholz_3,374.9,0,not_young,0,0,0,Cama,300_500
,106963.0,3.0,Schwaches Baumholz,118.0,SER (2) / ES (7) / WEI (e) / LI (1) / STP (e),SER (1) / ES (4) / LI (e) / ULB (e) / STP (1) / HAS (3) / UST (1),colline,3.0,0.6,,,,,,3,3,3,3,,,,,,,3666,Schwaches Baumholz_3,356.3,0,not_young,0,0,0,Cama,300_500
,106973.0,2.0,Stangenholz,73.0,WER (6) / ES (1) / AS (1) / WEI (2) / LI (e),WER (2) / ES (1) / AS (1) / WEI (2) / HAS (1) / UST (3),colline,3.0,0.3,,,,,,3,3,3,3,,,,,,,3673,Stangenholz_3,334.4,0,not_young,0,0,0,Cama,300_500
,106974.0,3.0,Schwaches Baumholz,165.0,ES (7) / WEI (3) / WFO (e),ES (2) / WEI (1) / HAS (3) / UST (4),colline,3.0,0.6,,,,,,3,3,3,3,,,,,,,3674,Schwaches Baumholz_3,337.6,0,not_young,0,0,0,Cama,300_500
,107014.0,4.0,Mittleres Baumholz,90.0,FI (1),,lower/upper montane,7.0,0.3,1.0,,,,,1,1,1,1,,,,,,,3706,Mittleres Baumholz_7,1000.6,1,not_young,0,0,0,Cama,1000_1500
,107100.0,2.0,Stangenholz,34.0,WER (8) / ES (e) / AS (e) / WEI (2) / LI (e),WER (3) / ES (e) / WEI (1) / HAS (2) / UST (4),colline,3.0,1.7,,,1.0,,,2,2,2,2,,,,,,,3732,Stangenholz_3,428.1,0,not_young,0,0,0,Cama,300_500
,107101.0,3.0,Schwaches Baumholz,184.0,WER (2) / ES (3) / KA (3) / KI (e) / LI (2) / BUL (e),WER (3) / ES (1) / KA (2) / KI (e) / BUL (e) / HAS (4),colline,3.0,1.6,,1.0,,,,3,3,4,4,,,,,,,3733,Schwaches Baumholz_3,436.6,0,not_young,0,0,0,Cama,300_500
,107103.0,4.0,Mittleres Baumholz,141.0,TEI (1) / KA (7) / OST (1) / LI (1),KA (1) / HAS (9),colline,3.0,0.7,,1.0,1.0,,,2,2,4,4,,,,,,,3735,Mittleres Baumholz_3,472.3,0,not_young,0,0,0,Cama,300_500
,107105.0,4.0,Mittleres Baumholz,208.0,BAH (e) / TEI (3) / WER (e) / KA (4) / LI (3),ES (2) / FI (e) / KA (1) / STP (e) / HAS (6) / UST (1),colline,3.0,0.7,,,,,,7,7,7,7,,1.0,,,,,3737,Mittleres Baumholz_3,389.6,0,not_young,0,0,0,Cama,300_500
,107109.0,3.0,Schwaches Baumholz,77.0,TEI (1) / ES (3) / FI (e) / KA (1) / KI (2) / WEI (1) / LI (2),ES (3) / FI (e) / KA (1) / KI (e) / WEI (e) / HAS (5) / UST (1),colline,3.0,0.7,,,1.0,,,2,2,2,2,,,,,,,3739,Schwaches Baumholz_3,378.8,0,not_young,0,0,1,Cama,300_500
,107110.0,4.0,Mittleres Baumholz,179.0,TEI (4) / ES (2) / BI (e) / KI (1) / LI (3),ES (2) / KI (1) / STP (1) / HAS (5) / UST (1) / TA (e),colline,3.0,0.5,,,1.0,,,2,2,2,2,,,,,,,3740,Mittleres Baumholz_3,391.0,0,not_young,0,0,1,Cama,300_500
,107113.0,4.0,Mittleres Baumholz,294.0,BU (2) / FI (2) / LA (5) / TA (1),,high-montane (main area of silver fir),10.0,1.2,1.0,,1.0,,,2,1,2,2,,,,,,,3741,Mittleres Baumholz_10,1483.4,1,not_young,0,0,0,Cama,1000_1500
,107115.0,4.0,Mittleres Baumholz,321.0,BU (2) / FI (2) / LA (5) / TA (1),,high-montane (main area of silver fir),10.0,0.7,1.0,,,,,1,1,1,1,,,,,,,3742,Mittleres Baumholz_10,1506.0,1,not_young,0,0,0,Cama,1500_2000
,107116.0,4.0,Mittleres Baumholz,290.0,BU (4) / FI (1) / LA (4) / TA (1),,lower/upper montane,7.0,0.4,,,,,,3,1,3,3,1.0,,,,,,3743,Mittleres Baumholz_7,1287.5,1,not_young,0,0,0,Cama,1000_1500
,107117.0,2.0,Stangenholz,173.0,,,high-montane (main area of silver fir),10.0,1.0,1.0,,,,,1,1,1,1,,,,,,,3744,Stangenholz_10,1363.5,1,not_young,0,0,0,Cama,1000_1500
,107118.0,4.0,Mittleres Baumholz,445.0,BU (4) / FI (1) / LA (4) / TA (1),,lower/upper montane,7.0,1.0,1.0,,,,,1,1,1,1,,,,,,,3745,Mittleres Baumholz_7,1342.5,1,not_young,0,0,0,Cama,1000_1500
,107119.0,2.0,Stangenholz,167.0,,,lower/upper montane,7.0,0.2,0.0,,,,,3,1,3,3,1.0,,,,,,3746,Stangenholz_7,1266.1,1,not_young,0,0,0,Cama,1000_1500
,107120.0,4.0,Mittleres Baumholz,335.0,BU (1) / FI (3) / LA (3) / TA (2),,lower/upper montane,7.0,0.5,1.0,,,,,1,1,1,1,,,,,,,3747,Mittleres Baumholz_7,1274.2,1,not_young,0,0,0,Cama,1000_1500
,107121.0,4.0,Mittleres Baumholz,354.0,FI (2) / LA (5) / TA (3),,high-montane (main area of silver fir),10.0,0.8,1.0,,,,,1,1,1,1,,,,,,,3748,Mittleres Baumholz_10,1499.5,1,not_young,0,0,0,Cama,1000_1500
,107122.0,4.0,Mittleres Baumholz,374.0,FI (2) / LA (5) / TA (3),,high-montane (main area of silver fir),10.0,0.4,1.0,,,,,1,1,1,1,,,,,,,3749,Mittleres Baumholz_10,1496.0,1,not_young,0,0,0,Cama,1000_1500
,107124.0,4.0,Mittleres Baumholz,357.0,FI (1) / LA (8) / TA (1),,high-montane (main area of silver fir),10.0,0.5,1.0,,,,,1,1,1,1,,,,,,,3750,Mittleres Baumholz_10,1609.3,1,not_young,0,0,0,Cama,1500_2000
,107125.0,4.0,Mittleres Baumholz,295.0,FI (1) / LA (8),,high-montane (main area of silver fir),10.0,0.5,1.0,,1.0,,,2,1,2,2,,,,,,,3751,Mittleres Baumholz_10,1693.0,1,not_young,0,0,0,Cama,1500_2000
,107126.0,4.0,Mittleres Baumholz,376.0,LA (9),,high-montane (main area of silver fir),10.0,0.5,1.0,,1.0,,,2,1,2,2,,,,,,,3752,Mittleres Baumholz_10,1690.6,1,not_young,0,0,0,Cama,1500_2000
,107127.0,2.0,Stangenholz,247.0,,,high-montane (main area of silver fir),10.0,0.5,1.0,,1.0,,,2,1,2,2,,,,,,,3753,Stangenholz_10,1416.5,1,not_young,0,0,0,Cama,1000_1500
,107163.0,3.0,Schwaches Baumholz,233.0,WER (e) / ES (3) / OST (4) / LI (3) / ULB (e),ES (1) / HAS (9),colline,3.0,0.9,,,1.0,,,2,2,2,2,,,,,,,3771,Schwaches Baumholz_3,391.8,0,not_young,0,0,1,Cama,300_500
,107164.0,3.0,Schwaches Baumholz,254.0,TEI (1) / ES (e) / KA (7) / LI (2),ES (2) / KA (3) / HAS (5),colline,3.0,3.9,,,1.0,,,2,2,2,2,,,,,,,3772,Schwaches Baumholz_3,399.4,0,not_young,0,0,1,Cama,300_500
,107172.0,2.0,Stangenholz,87.0,BAH (e) / ES (1) / KA (5) / BI (e) / OST (2) / KI (1) / LI (1),BAH (e) / ES (1) / KA (2) / OST (1) / KI (e) / LI (e) / STP (1) / HAS (4) / UST (1),hyperinsubric,1.0,2.1,0.0,,,,,3,1,3,3,1.0,,,,,,3778,Stangenholz_1,460.8,0,not_young,0,0,0,Cama,300_500
,107173.0,2.0,Stangenholz,160.0,,,colline,3.0,0.3,1.0,,,,,1,1,1,1,,,,,,,3779,Stangenholz_3,472.9,0,not_young,0,0,0,Cama,300_500
,107174.0,3.0,Schwaches Baumholz,156.0,KA (6) / BI (1) / OST (1) / LI (2),KA (6) / BI (e) / OST (e) / LI (e) / STP (1) / HAS (3) / TA (e),hyperinsubric,1.0,0.4,0.0,,,,,3,3,3,3,,,,,,,3780,Schwaches Baumholz_1,434.5,0,not_young,0,0,0,Cama,300_500
,107176.0,3.0,Schwaches Baumholz,241.0,ES (e) / KA (10) / OST (e) / LI (e),KA (4) / LI (e) / HAS (6),colline,3.0,2.3,,,,,,3,3,3,3,,,,,,,3781,Schwaches Baumholz_3,390.1,0,not_young,0,0,0,Cama,300_500
,107180.0,2.0,Stangenholz,167.0,,,colline,3.0,2.3,,,1.0,,,2,2,2,2,,,,,,,3785,Stangenholz_3,753.3999999999999,0,not_young,0,0,1,Cama,500_1000
,107181.0,2.0,Stangenholz,160.0,TEI (3) / KA (6) / BI (1),TEI (1) / KA (5) / MBE (1) / HAS (3),colline with beech,2.0,0.2,1.0,,,,,1,1,1,1,,,,,,,3786,Stangenholz_2,655.9,0,not_young,0,0,0,Cama,500_1000
,107189.0,3.0,Schwaches Baumholz,222.0,FI (e) / KA (9) / BI (e) / AS (e) / LI (e) / WFO (1),FI (2) / KA (8),colline,3.0,0.6,,,1.0,,,2,2,2,2,,,,,,,3794,Schwaches Baumholz_3,411.0,0,not_young,0,0,1,Cama,300_500
,107196.0,4.0,Mittleres Baumholz,381.0,BU (5) / LA (4),,high-montane (main area of silver fir),10.0,1.1,1.0,,,,,1,1,1,1,,,,,,,3799,Mittleres Baumholz_10,1440.0,1,not_young,0,0,0,Cama,1000_1500
,107197.0,4.0,Mittleres Baumholz,376.0,FI (2) / LA (7) / TA (1),,high-montane (main area of silver fir),10.0,1.7,1.0,,,,,1,1,1,1,,,,,,,3800,Mittleres Baumholz_10,1633.8,1,not_young,0,0,0,Cama,1500_2000
,107200.0,3.0,Schwaches Baumholz,304.0,BU (1) / FI (2) / LA (3) / TA (3),,lower/upper montane,7.0,0.4,1.0,,,,,1,1,1,1,,,,,,,3802,Schwaches Baumholz_7,1141.7,1,not_young,0,0,0,Cama,1000_1500
,107205.0,4.0,Mittleres Baumholz,392.0,FI (5) / LA (1) / TA (4),,lower/upper montane,7.0,0.6,0.0,,,,,3,1,3,3,1.0,,,,,,3807,Mittleres Baumholz_7,1334.8,1,not_young,0,0,0,Cama,1000_1500
,107206.0,3.0,Schwaches Baumholz,354.0,LA (10),,subalpine,8.0,0.3,1.0,,1.0,,,2,1,2,2,,,,,,,3808,Schwaches Baumholz_8,1778.2,1,not_young,0,0,0,Cama,1500_2000
,107285.0,2.0,Stangenholz,49.0,WER (8) / OST (e) / WEI (2),WER (2) / OST (e) / WEI (1) / HAS (2) / UST (5),colline,3.0,0.2,,,1.0,,,2,2,2,2,,,,,,,3823,Stangenholz_3,396.7,0,not_young,0,0,0,Cama,300_500
,107287.0,3.0,Schwaches Baumholz,249.0,TEI (3) / ES (3) / KA (1) / BI (e) / AS (1) / LI (2) / TAX (e),ES (1) / KA (e) / AS (e) / LI (1) / TAX (1) / STP (1) / HAS (4) / UST (2),colline,3.0,0.4,,,1.0,,,2,2,2,2,,,,,,,3824,Schwaches Baumholz_3,357.4,0,not_young,0,0,1,Cama,300_500
,107289.0,3.0,Schwaches Baumholz,247.0,SER (5) / ES (3) / KA (e) / KI (e) / LI (1) / TAX (e) / STP (1),SER (1) / WER (1) / ES (2) / TAX (1) / STP (e) / HAS (3) / UST (2),colline,3.0,0.7,,,1.0,,,2,2,2,2,,,,,,,3825,Schwaches Baumholz_3,351.6,0,not_young,0,0,1,Cama,300_500
,107292.0,2.0,Stangenholz,219.0,,,lower/upper montane,7.0,0.3,0.0,,,,,3,1,3,3,1.0,,,,,,3827,Stangenholz_7,1294.4,1,not_young,0,0,0,Cama,1000_1500
,107293.0,3.0,Schwaches Baumholz,143.0,SAH (1) / REI (2) / ES (1) / FI (3) / KA (1) / AS (1) / LI (1) / WFO (e),REI (1) / FI (1) / KA (1) / HAS (5) / UST (2),colline,3.0,0.2,,,,,,3,3,3,3,,,,,,,3828,Schwaches Baumholz_3,360.8,0,not_young,0,0,0,Cama,300_500
,107294.0,1.0,Jungwuchs/Dickung,98.0,,TEI (e) / FI (e) / KA (3) / AS (2) / LI (1) / HAS (4),colline,3.0,0.4,,,,,,3,3,3,3,,,,,,,3829,Jungwuchs/Dickung_3,390.5,0,young,0,0,0,Cama,300_500
,107296.0,3.0,Schwaches Baumholz,189.0,SAH (e) / TEI (1) / FI (e) / KA (6) / KI (e) / LI (3),FI (2) / KA (1) / KI (e) / LI (1) / HAS (6),colline,3.0,0.4,,,,,,7,7,7,7,,1.0,,,,,3830,Schwaches Baumholz_3,379.8,0,not_young,0,0,0,Cama,300_500
,107298.0,2.0,Stangenholz,173.0,ES (1) / KA (1) / NU (e) / RO (6) / LI (2),ES (2) / KA (1) / NU (e) / RO (3) / LI (1) / HAS (3),colline,3.0,0.2,,,1.0,,,2,2,2,2,,,,,,,3831,Stangenholz_3,392.4,0,not_young,0,0,0,Cama,300_500
,107308.0,2.0,Stangenholz,121.0,TEI (e) / ES (1) / KA (7) / AS (1) / LI (1),ES (1) / FI (1) / KA (3) / AS (e) / LI (e) / HAS (5),colline,3.0,2.2,,,,,,3,3,3,3,,,,,,,3836,Stangenholz_3,390.1,0,not_young,0,0,0,Cama,300_500
,107328.0,2.0,Stangenholz,113.0,KA (6) / BI (2) / RO (2),KA (6) / BI (1) / RO (e) / HAS (3),colline,3.0,1.0,,,1.0,,,6,6,6,6,,,1.0,,,,3855,Stangenholz_3,460.8,0,not_young,0,0,0,Cama,300_500
,107329.0,4.0,Mittleres Baumholz,258.0,ES (4) / KA (4) / BI (e) / NU (1) / AS (e) / KI (1) / RO (e) / LI (e),SAH (1) / ES (4) / KA (e) / NU (e) / HAS (5),colline,3.0,0.9,,,1.0,,,2,2,2,2,,,,,,,3856,Mittleres Baumholz_3,366.5,0,not_young,0,0,1,Cama,300_500
,107337.0,3.0,Schwaches Baumholz,339.0,ES (1) / FI (e) / KA (6) / LI (3),BAH (e) / ES (3) / FI (1) / KA (2) / NU (1) / LI (e) / STP (e) / HAS (3),colline,3.0,0.7,,,1.0,,,2,2,2,2,,,,,,,3861,Schwaches Baumholz_3,394.5,0,not_young,0,0,1,Cama,300_500
,107341.0,2.0,Stangenholz,188.0,TEI (1) / ES (1) / KA (5) / BI (1) / OST (2) / LI (e),TEI (e) / ES (e) / KA (6) / OST (e) / STP (e) / HAS (4),colline with beech,2.0,0.8,1.0,,,,,1,1,1,1,,,,,,,3864,Stangenholz_2,610.1,0,not_young,0,0,0,Cama,500_1000
,107342.0,3.0,Schwaches Baumholz,228.0,TEI (e) / ES (e) / KA (9) / BI (1),SAH (e) / KA (9) / HAS (1),high-montane (main area of silver fir),10.0,1.3,0.0,,,,,7,1,7,7,1.0,1.0,,,,,3865,Schwaches Baumholz_10,725.2,0,not_young,0,0,0,Cama,500_1000
,107344.0,3.0,Schwaches Baumholz,204.0,TEI (3) / KA (6) / BI (1),TEI (5) / KA (1) / MBE (1) / HAS (3),high-montane (main area of silver fir),10.0,1.4,,,,,,3,1,3,3,1.0,,,,,,3867,Schwaches Baumholz_10,801.8999999999999,0,not_young,0,0,0,Cama,500_1000
,107347.0,3.0,Schwaches Baumholz,248.0,TEI (1) / KA (6) / BI (2) / LI (e) / WFO (1),TEI (3) / KA (4) / BI (e) / MBE (1) / LI (e) / HAS (2),lower/upper montane,7.0,5.0,,,1.0,,,2,2,2,2,,,,,,,3870,Schwaches Baumholz_7,812.0,0,not_young,0,0,1,Cama,500_1000
,107348.0,3.0,Schwaches Baumholz,201.0,TEI (e) / ES (e) / KA (7) / BI (2) / LI (1),ES (e) / KA (4) / BI (e) / LI (1) / HAS (5),colline with beech,2.0,1.8,0.0,,,,,3,3,3,3,,,,,,,3871,Schwaches Baumholz_2,650.7,0,not_young,0,0,0,Cama,500_1000
,107349.0,5.0,Starkes Baumholz,200.0,KA (9) / BI (1),KA (7) / BI (1) / HAS (2),colline,3.0,1.1,,,1.0,,,2,2,2,2,,,,,,,3872,Starkes Baumholz_3,590.9,0,not_young,0,0,1,Cama,500_1000
,107350.0,3.0,Schwaches Baumholz,195.0,SAH (e) / TEI (e) / ES (e) / KA (9) / BI (1) / KI (e) / LI (e),ES (1) / KA (3) / MBE (1) / LI (e) / STP (e) / HAS (5),colline,3.0,2.1,,,1.0,,,2,2,2,2,,,,,,,3873,Schwaches Baumholz_3,673.2,0,not_young,0,0,1,Cama,500_1000
,107369.0,4.0,Mittleres Baumholz,403.0,FI (1) / LA (7) / TA (1),,high-montane (main area of silver fir),10.0,1.8,1.0,,1.0,,,2,1,2,2,,,,,,,3885,Mittleres Baumholz_10,1535.3,1,not_young,0,0,0,Cama,1500_2000
,107377.0,3.0,Schwaches Baumholz,259.0,BU (3) / FI (1) / LA (4),,high-montane (main area of silver fir),10.0,0.7,1.0,,,,,1,1,1,1,,,,,,,3891,Schwaches Baumholz_10,1405.4,1,not_young,0,0,0,Cama,1000_1500
,107378.0,1.0,Jungwuchs/Dickung,200.0,,,lower/upper montane,7.0,0.6,1.0,,,,,1,1,1,1,,,,,,,3892,Jungwuchs/Dickung_7,1340.7,1,young,0,0,0,Cama,1000_1500
,107379.0,3.0,Schwaches Baumholz,253.0,,,lower/upper montane,7.0,0.9,1.0,,,,,1,1,1,1,,,,,,,3893,Schwaches Baumholz_7,1137.5,1,not_young,0,0,0,Cama,1000_1500
,107381.0,3.0,Schwaches Baumholz,394.0,BU (7),,lower/upper montane,7.0,0.4,1.0,,,,,1,1,1,1,,,,,,,3894,Schwaches Baumholz_7,1303.7,1,not_young,0,0,0,Cama,1000_1500
,107382.0,3.0,Schwaches Baumholz,243.0,BU (3) / FI (1) / LA (3),,lower/upper montane,7.0,1.5,1.0,,,,,1,1,1,1,,,,,,,3895,Schwaches Baumholz_7,1242.9,1,not_young,0,0,0,Cama,1000_1500
,107476.0,3.0,Schwaches Baumholz,220.0,BAH (e) / TEI (3) / ES (1) / KA (1) / KI (1) / LI (4),ES (2) / FI (e) / KA (1) / KI (e) / LI (1) / HAS (6),colline,3.0,0.6,,,,,,3,3,3,3,,,,,,,3910,Schwaches Baumholz_3,390.0,0,not_young,0,0,0,Cama,300_500
,107477.0,2.0,Stangenholz,88.0,TEI (1) / ES (4) / KA (2) / LI (3) / ULB (e),ES (3) / KA (1) / LI (e) / HAS (6),colline,3.0,0.6,,1.0,,,,3,3,4,4,,,,,,,3911,Stangenholz_3,407.5,0,not_young,0,0,0,Cama,300_500
,107478.0,3.0,Schwaches Baumholz,232.0,TEI (8) / ES (e) / KA (e) / BI (e) / KI (e) / LI (2),ES (2) / KA (e) / LI (1) / HAS (6) / UST (1) / TA (e),colline,3.0,3.1,,1.0,,,,3,3,4,4,,,,,,,3912,Schwaches Baumholz_3,417.9,0,not_young,0,0,0,Cama,300_500
,107501.0,3.0,Schwaches Baumholz,218.0,TEI (3) / ES (1) / KA (5) / KI (e) / WEI (e) / LI (1),TEI (e) / ES (2) / FI (1) / KA (3) / KI (e) / LI (1) / HAS (3),colline,3.0,0.6,,,1.0,,,2,2,2,2,,,,,,,3927,Schwaches Baumholz_3,367.7,0,not_young,0,0,0,Cama,300_500
,107504.0,4.0,Mittleres Baumholz,218.0,TEI (4) / ES (1) / KA (1) / KI (1) / LI (3),ES (4) / FI (1) / KA (e) / KI (e) / LI (e) / HAS (4) / UST (1) / TA (e),colline,3.0,1.1,,,1.0,,,2,2,2,2,,,,,,,3928,Mittleres Baumholz_3,380.6,0,not_young,0,0,0,Cama,300_500
,107532.0,3.0,Schwaches Baumholz,216.0,BAH (1) / ES (8) / KA (1),HAS (10),colline,3.0,0.2,,,,,,3,3,3,3,,,,,,,3952,Schwaches Baumholz_3,370.7,0,not_young,0,0,0,Cama,300_500
,107533.0,3.0,Schwaches Baumholz,190.0,SAH (e) / ES (3) / KA (1) / LI (6),SAH (1) / ES (1) / KA (e) / LI (e) / HAS (8),colline,3.0,0.2,,,,,,3,3,3,3,,,,,,,3953,Schwaches Baumholz_3,402.2,0,not_young,0,0,0,Cama,300_500
,107534.0,2.0,Stangenholz,165.0,BAH (1) / WER (e) / ES (8) / BI (1) / NU (e) / KI (e) / WEI (e) / LI (e),BAH (e) / ES (2) / KI (e) / HAS (7) / UST (1),colline,3.0,0.3,,,,,,3,3,3,3,,,,,,,3954,Stangenholz_3,346.8,0,not_young,0,0,0,Cama,300_500
,107538.0,2.0,Stangenholz,166.0,,,high-montane (main area of silver fir),10.0,2.0,0.0,,,,,3,1,3,3,1.0,,,,,,3957,Stangenholz_10,1361.0,1,not_young,0,0,0,Cama,1000_1500
,107545.0,3.0,Schwaches Baumholz,322.0,BU (5) / FI (1),,lower/upper montane,7.0,1.7,1.0,,,,,1,1,1,1,,,,,,,3958,Schwaches Baumholz_7,1251.4,1,not_young,0,0,0,Cama,1000_1500
,107553.0,2.0,Stangenholz,189.0,ES (2) / KA (5) / BI (e) / NU (1) / LI (2),ES (2) / FI (e) / KA (6) / NU (1) / LI (1),colline,3.0,0.2,,,,,,3,3,3,3,,,,,,,3966,Stangenholz_3,447.9,0,not_young,0,0,0,Cama,300_500
,107554.0,3.0,Schwaches Baumholz,253.0,SER (1) / WER (e) / ES (2) / FI (e) / KA (5) / KI (1) / RO (e) / WEI (e) / LI (1),SER (e) / WER (1) / ES (3) / FI (e) / KA (2) / RO (e) / LI (1) / HAS (3),colline,3.0,0.4,,,1.0,,,2,2,2,2,,,,,,,3967,Schwaches Baumholz_3,411.6,0,not_young,0,0,1,Cama,300_500
,107565.0,4.0,Mittleres Baumholz,268.0,FI (2) / LA (8),,high-montane (main area of silver fir),10.0,4.2,1.0,,,,,1,1,1,1,,,,,,,3974,Mittleres Baumholz_10,1612.0,1,not_young,0,0,0,Cama,1500_2000
,107580.0,1.0,Jungwuchs/Dickung,38.0,,,lower/upper montane,7.0,0.5,1.0,,,,,1,1,1,1,,,,,,,3987,Jungwuchs/Dickung_7,1018.5,1,young,0,0,0,Cama,1000_1500
,107582.0,1.0,Jungwuchs/Dickung,116.0,,,lower/upper montane,7.0,2.6,1.0,,,,,1,1,1,1,,,,,,,3988,Jungwuchs/Dickung_7,1100.4,1,young,0,0,0,Cama,1000_1500
,107583.0,1.0,Jungwuchs/Dickung,107.0,,,lower/upper montane,7.0,0.9,1.0,,,,,1,1,1,1,,,,,,,3989,Jungwuchs/Dickung_7,1341.2,1,young,0,0,0,Cama,1000_1500
,107586.0,1.0,Jungwuchs/Dickung,120.0,,,high-montane (main area of silver fir),10.0,0.2,1.0,,,,,1,1,1,1,,,,,,,3990,Jungwuchs/Dickung_10,1559.9,1,young,0,0,0,Cama,1500_2000
,107588.0,2.0,Stangenholz,235.0,,,lower/upper montane,7.0,0.3,1.0,,,,,1,1,1,1,,,,,,,3991,Stangenholz_7,1234.6,1,not_young,0,0,0,Cama,1000_1500
,107589.0,2.0,Stangenholz,246.0,BU (4) / FI (3) / LA (1),,lower/upper montane,7.0,0.3,1.0,,,,,1,1,1,1,,,,,,,3992,Stangenholz_7,807.0,0,not_young,0,0,0,Cama,500_1000
,107599.0,4.0,Mittleres Baumholz,314.0,FI (3) / LA (5) / TA (2),,high-montane (main area of silver fir),10.0,1.2,1.0,,,,,1,1,1,1,,,,,,,3996,Mittleres Baumholz_10,1506.2,1,not_young,0,0,0,Cama,1500_2000
,107690.0,2.0,Stangenholz,195.0,BU (6) / LA (1),,lower/upper montane,7.0,1.1,1.0,,,,,1,1,1,1,,,,,,,4007,Stangenholz_7,1122.0,1,not_young,0,0,0,Cama,1000_1500
,107691.0,4.0,Mittleres Baumholz,230.0,BU (1) / FI (2) / LA (7),,high-montane (main area of silver fir),10.0,1.1,1.0,,,,,1,1,1,1,,,,,,,4008,Mittleres Baumholz_10,1507.0,1,not_young,0,0,0,Cama,1500_2000
,107693.0,4.0,Mittleres Baumholz,267.0,BU (2) / FI (1) / LA (3),,lower/upper montane,7.0,0.7,1.0,,,,,1,1,1,1,,,,,,,4009,Mittleres Baumholz_7,1290.2,1,not_young,0,0,0,Cama,1000_1500
,107694.0,4.0,Mittleres Baumholz,369.0,BU (1) / FI (2) / LA (4),,lower/upper montane,7.0,1.1,1.0,,,,,1,1,1,1,,,,,,,4010,Mittleres Baumholz_7,1100.3,1,not_young,0,0,0,Cama,1000_1500
,107695.0,4.0,Mittleres Baumholz,385.0,BU (2) / FI (2) / LA (4),,lower/upper montane,7.0,2.0,1.0,,,,,1,1,1,1,,,,,,,4011,Mittleres Baumholz_7,1086.6,1,not_young,0,0,0,Cama,1000_1500
,107713.0,3.0,Schwaches Baumholz,135.0,SER (9) / ES (1) / KA (e) / WEI (e) / LI (e) / TAX (e) / TA (e),SER (e) / ES (2) / KA (1) / WEI (e) / LI (e) / TAX (e) / HAS (7) / UST (e),colline,3.0,0.2,,,,,,3,3,3,3,,,,,,,4023,Schwaches Baumholz_3,349.0,0,not_young,0,0,0,Cama,300_500
,107714.0,2.0,Stangenholz,150.0,WER (5) / ES (e) / BI (1) / AS (2) / WEI (2),WER (2) / ES (3) / AS (2) / WEI (3),colline with beech,2.0,0.4,,,1.0,,,2,2,2,2,,,,,,,4024,Stangenholz_2,391.3,0,not_young,0,0,1,Cama,300_500
,107715.0,4.0,Mittleres Baumholz,281.0,TEI (e) / WER (e) / ES (2) / FI (e) / KA (3) / AS (3) / LI (2),ES (4) / FI (e) / AS (1) / LI (1) / STP (e) / HAS (4) / UST (e),hyperinsubric,1.0,2.9,,,1.0,,,6,6,6,6,,1.0,1.0,,,,4025,Mittleres Baumholz_1,403.7,0,not_young,0,0,0,Cama,300_500
,107727.0,5.0,Starkes Baumholz,405.0,BU (1) / FI (4) / LA (1),,lower/upper montane,7.0,2.7,1.0,,,,,1,1,1,1,,,,,,,4034,Starkes Baumholz_7,1071.2,1,not_young,0,0,0,Cama,1000_1500
,107730.0,5.0,Starkes Baumholz,441.0,BU (3) / FI (5) / LA (1),,lower/upper montane,7.0,1.8,1.0,,,,,1,1,1,1,,,,,,,4037,Starkes Baumholz_7,1122.1,1,not_young,0,0,0,Cama,1000_1500
,107731.0,5.0,Starkes Baumholz,371.0,FI (7),,lower/upper montane,7.0,0.7,1.0,,,,,1,1,1,1,,,,,,,4038,Starkes Baumholz_7,1159.2,1,not_young,0,0,0,Cama,1000_1500
,107735.0,2.0,Stangenholz,86.0,ES (4) / KA (3) / BI (1) / LI (2),ES (2) / FI (e) / KA (e) / BI (1) / MBE (3) / LI (1) / WAH (1) / UST (2) / TA (e) / WFO (e),colline with beech,2.0,2.3,,,,,,3,3,3,3,,,,,,,4040,Stangenholz_2,479.2,0,not_young,0,0,0,Cama,300_500
,107736.0,3.0,Schwaches Baumholz,157.0,ES (3) / KA (3) / BI (2) / OST (e) / LI (2),ES (1) / KA (2) / BI (1) / OST (e) / MBE (e) / LI (e) / WAH (e) / STP (e) / HAS (6) / WFO (e),colline,3.0,0.8,,,1.0,,,2,2,2,2,,,,,,,4041,Schwaches Baumholz_3,463.8,0,not_young,0,0,1,Cama,300_500
,107737.0,2.0,Stangenholz,171.0,ES (3) / KA (2) / BI (1) / AS (1) / RO (2) / BUL (1),ES (3) / KA (e) / AS (e) / RO (1) / BUL (e) / HAS (5) / UST (1),hyperinsubric,1.0,0.4,,,1.0,,,2,2,2,2,,,,,,,4042,Stangenholz_1,380.3,0,not_young,0,0,1,Cama,300_500
,107738.0,3.0,Schwaches Baumholz,240.0,ES (7) / FI (e) / KA (1) / KI (1) / LI (1) / STP (e) / TA (e),ES (3) / FI (e) / KA (e) / LI (e) / STP (e) / HAS (5) / UST (2),colline,3.0,1.2,,,,,,3,3,3,3,,,,,,,4043,Schwaches Baumholz_3,380.5,0,not_young,0,0,0,Cama,300_500
,107747.0,4.0,Mittleres Baumholz,304.0,FI (3) / LA (6) / TA (1),,high-montane (main area of silver fir),10.0,2.3,1.0,,,,,1,1,1,1,,,,,,,4045,Mittleres Baumholz_10,1621.2,1,not_young,0,0,0,Cama,1500_2000
,107755.0,4.0,Mittleres Baumholz,241.0,,,colline,3.0,2.2,,,1.0,,,2,2,2,2,,,,,,,4052,Mittleres Baumholz_3,411.9,0,not_young,0,0,0,Cama,300_500
,107872.0,4.0,Mittleres Baumholz,565.0,BU (1) / FI (1) / LA (4) / BFO (1) / TA (3),BU (2) / TA (8),lower/upper montane,7.0,3.0,,,1.0,,1.0,2,2,2,2,,,,0.0,,,4097,Mittleres Baumholz_7,918.2,0,not_young,0,0,0,Cama,500_1000
,107881.0,3.0,Schwaches Baumholz,147.0,TEI (3) / KA (6) / BI (1) / LI (e),TEI (e) / KA (3) / BI (e) / MBE (1) / LI (1) / HAS (3) / UST (2),colline,3.0,2.3,,,1.0,,,2,2,2,2,,,,,,,4104,Schwaches Baumholz_3,580.3,0,not_young,0,0,1,Cama,500_1000
,107882.0,3.0,Schwaches Baumholz,150.0,ES (1) / KA (5) / BI (2) / OST (1) / KI (1),ES (1) / FI (e) / KA (3) / LA (e) / BI (1) / OST (1) / KI (e) / STP (e) / HAS (3) / UST (1),hyperinsubric,1.0,2.2,,,1.0,,,2,2,2,2,,,,,,,4105,Schwaches Baumholz_1,463.4,0,not_young,0,0,1,Cama,300_500
,107883.0,3.0,Schwaches Baumholz,151.0,TEI (e) / ES (e) / KA (8) / BI (2),KA (5) / BI (2) / HAS (3),colline,3.0,1.9,,,1.0,,,2,2,2,2,,,,,,,4106,Schwaches Baumholz_3,543.6,0,not_young,0,0,1,Cama,500_1000
,107886.0,3.0,Schwaches Baumholz,271.0,TEI (e) / FI (e) / KA (6) / BI (e) / AS (3) / RO (e) / LI (1),FI (e) / KA (5) / RO (e) / LI (1) / HAS (4),colline with beech,2.0,0.9,,,,,,3,3,3,3,,,,,,,4109,Schwaches Baumholz_2,378.1,0,not_young,0,0,0,Cama,300_500
,107898.0,3.0,Schwaches Baumholz,183.0,TEI (2) / WER (2) / ES (1) / KA (1) / AS (e) / KI (1) / WEI (1) / LI (2),TEI (e) / WER (1) / ES (2) / KA (e) / AS (e) / WEI (1) / LI (1) / ULB (e) / HAS (5),colline,3.0,1.4,,,,,,3,3,3,3,,,,,,,4114,Schwaches Baumholz_3,376.5,0,not_young,0,0,0,Cama,300_500
,107944.0,4.0,Mittleres Baumholz,200.0,,,colline with beech,2.0,1.0,,,1.0,,,2,2,2,2,,,,,,,4144,Mittleres Baumholz_2,472.9,0,not_young,0,0,0,Cama,300_500
,107946.0,4.0,Mittleres Baumholz,400.0,BU (6) / FI (3) / LA (1),,lower/upper montane,7.0,1.0,,,1.0,,1.0,2,2,2,8,,,,1.0,,,4145,Mittleres Baumholz_7,1416.1,1,not_young,0,0,0,Cama,1000_1500
,107947.0,3.0,Schwaches Baumholz,245.0,BU (2) / FI (2) / LA (2) / TA (1),,lower/upper montane,7.0,0.9,,,1.0,,1.0,2,2,2,2,,,,0.0,,,4146,Schwaches Baumholz_7,1492.3,1,not_young,0,0,0,Cama,1000_1500
,107948.0,3.0,Schwaches Baumholz,242.0,FI (5) / LA (3) / TA (2),,high-montane (main area of silver fir),10.0,1.3,,,1.0,,1.0,2,2,2,8,,,,1.0,,,4147,Schwaches Baumholz_10,1516.8,1,not_young,0,0,0,Cama,1500_2000
,107949.0,3.0,Schwaches Baumholz,160.0,BU (5) / FI (1) / LA (1),,high-montane (main area of silver fir),10.0,1.1,,,1.0,,1.0,2,2,2,8,,,,1.0,,,4148,Schwaches Baumholz_10,1441.5,1,not_young,0,0,0,Cama,1000_1500
,107957.0,1.0,Jungwuchs/Dickung,147.0,FI (2),,high-montane (main area of silver fir),10.0,0.4,1.0,,,,,1,1,1,1,,,,,,,4156,Jungwuchs/Dickung_10,1534.0,1,young,0,0,0,Cama,1500_2000
,107958.0,3.0,Schwaches Baumholz,137.0,FI (10),,lower/upper montane,7.0,0.5,,,,,,3,1,3,3,1.0,,,,,,4157,Schwaches Baumholz_7,1273.2,1,not_young,0,0,0,Cama,1000_1500
,108073.0,2.0,Stangenholz,76.0,FAH (e) / SAH (e) / ES (3) / BI (e) / NU (e) / AS (2) / RO (3) / WEI (2),FAH (e) / ES (1) / BI (e) / AS (e) / RO (2) / WEI (e) / HAS (4) / UST (3),colline,3.0,0.3,,,,,,3,3,3,3,,,,,,,4193,Stangenholz_3,364.1,0,not_young,0,0,0,Cama,300_500
,108074.0,2.0,Stangenholz,98.0,,,colline,3.0,0.3,,,,,,3,3,3,3,,,,,,,4194,Stangenholz_3,342.7,0,not_young,0,0,0,Cama,300_500
,108075.0,2.0,Stangenholz,382.0,BAH (8) / WER (1) / ES (1) / FI (e) / AS (e) / WEI (e),BAH (1) / ES (2) / WEI (1) / HAS (1) / UST (5),colline with beech,2.0,0.2,,,,,,3,3,3,3,,,,,,,4195,Stangenholz_2,349.3,0,not_young,0,0,0,Cama,300_500
,108076.0,3.0,Schwaches Baumholz,179.0,TEI (e) / ES (4) / FI (e) / KA (1) / RO (2) / WEI (2) / LI (1) / BUL (e),ES (2) / FI (e) / KA (e) / RO (e) / WEI (1) / LI (1) / HAS (3) / UST (3),colline,3.0,0.8,,,1.0,,,2,2,2,2,,,,,,,4196,Schwaches Baumholz_3,348.9,0,not_young,0,0,0,Cama,300_500
,108077.0,3.0,Schwaches Baumholz,310.0,REI (5) / WER (2) / ES (2) / WEI (1),WER (1) / ES (2) / WEI (1) / HAS (2) / UST (4),colline,3.0,0.2,,,,,,3,3,3,3,,,,,,,4197,Schwaches Baumholz_3,348.8,0,not_young,0,0,0,Cama,300_500
,108083.0,4.0,Mittleres Baumholz,325.0,BU (8) / FI (1) / TA (1),,high-montane (main area of silver fir),10.0,2.1,1.0,,,,,1,1,1,1,,,,,,,4201,Mittleres Baumholz_10,1365.1,1,not_young,0,0,0,Cama,1000_1500
,108084.0,2.0,Stangenholz,121.0,,,high-montane (main area of silver fir),10.0,2.2,1.0,,,,,1,1,1,1,,,,,,,4202,Stangenholz_10,1550.9,1,not_young,0,0,0,Cama,1500_2000
,108085.0,2.0,Stangenholz,253.0,BU (1),,subalpine,8.0,0.6,1.0,,,,,1,1,1,1,,,,,,,4203,Stangenholz_8,1664.9,1,not_young,0,0,0,Cama,1500_2000
,108086.0,3.0,Schwaches Baumholz,195.0,BU (2) / FI (4) / LA (4),,subalpine,8.0,1.2,1.0,,,,,1,1,1,1,,,,,,,4204,Schwaches Baumholz_8,1691.4,1,not_young,0,0,0,Cama,1500_2000
,108088.0,4.0,Mittleres Baumholz,169.0,BU (3) / FI (2) / LA (1),,high-montane (main area of silver fir),10.0,0.3,,,,,,3,1,3,3,1.0,,,,,,4205,Mittleres Baumholz_10,1458.6,1,not_young,0,0,0,Cama,1000_1500
,108096.0,3.0,Schwaches Baumholz,344.0,BU (4) / FI (4) / LA (1),,high-montane (main area of silver fir),10.0,0.5,,,1.0,,,2,2,2,2,,,,,,,4210,Schwaches Baumholz_10,1567.9,1,not_young,0,0,0,Cama,1500_2000
,108097.0,4.0,Mittleres Baumholz,361.0,FI (6) / LA (3) / TA (1),,high-montane (main area of silver fir),10.0,2.2,,,1.0,,1.0,2,2,2,8,,,,1.0,,,4211,Mittleres Baumholz_10,1597.6,1,not_young,0,0,0,Cama,1500_2000
,108132.0,3.0,Schwaches Baumholz,387.0,,,lower/upper montane,7.0,2.0,,,1.0,,,2,2,2,2,,,,,,,4238,Schwaches Baumholz_7,802.7999999999998,0,not_young,0,0,0,Cama,500_1000
,108137.0,4.0,Mittleres Baumholz,300.0,BU (3),,high-montane (main area of silver fir),10.0,0.6,0.0,,,,,3,1,3,3,1.0,,,,,,4239,Mittleres Baumholz_10,1355.7,1,not_young,0,0,0,Cama,1000_1500
,108139.0,3.0,Schwaches Baumholz,163.0,,,colline with beech,2.0,0.9,0.0,,,,,3,3,3,3,,,,,,,4240,Schwaches Baumholz_2,568.7,0,not_young,0,0,0,Cama,500_1000
,108140.0,2.0,Stangenholz,129.0,KA (10) / BI (e),KA (8) / HAS (2),high-montane (main area of silver fir),10.0,0.2,,,,,,7,1,7,7,1.0,1.0,,,,,4241,Stangenholz_10,759.6,0,not_young,0,0,0,Cama,500_1000
,108142.0,3.0,Schwaches Baumholz,254.0,TEI (6) / KA (2) / BI (2),TEI (1) / KA (4) / BI (1) / MBE (1) / HAS (3),high-montane (main area of silver fir),10.0,0.6,,,,,,7,1,7,7,1.0,1.0,,,,,4243,Schwaches Baumholz_10,815.1,0,not_young,0,0,0,Cama,500_1000
,108147.0,3.0,Schwaches Baumholz,308.0,BU (3) / TEI (1) / ES (e) / KA (6) / BI (e),BU (5) / TEI (1) / KA (2) / BI (2),colline with beech,2.0,0.9,,,1.0,,,2,2,2,2,,,,,,,4247,Schwaches Baumholz_2,986.9,0,not_young,0,0,1,Cama,500_1000
,111185.0,3.0,Schwaches Baumholz,348.0,BU (1),,lower/upper montane,7.0,0.7,1.0,,,,,1,1,1,1,,,,,,,4305,Schwaches Baumholz_7,867.2,0,not_young,0,0,0,Cama,500_1000
,111378.0,3.0,Schwaches Baumholz,216.0,BU (1),,colline with beech,2.0,0.9,,,1.0,,,2,2,2,2,,,,,,,4322,Schwaches Baumholz_2,735.1,0,not_young,0,0,0,Cama,500_1000
,111394.0,2.0,Stangenholz,172.0,BU (2) / FI (6) / LA (2),,lower/upper montane,7.0,0.7,,,,,,3,1,3,3,1.0,,,,,,4331,Stangenholz_7,1307.3,1,not_young,0,0,0,Cama,1000_1500
,111395.0,3.0,Schwaches Baumholz,187.0,BU (2) / FI (7) / LA (1),,lower/upper montane,7.0,0.4,,,,,,3,1,3,3,1.0,,,,,,4332,Schwaches Baumholz_7,1290.1,1,not_young,0,0,0,Cama,1000_1500
,111397.0,4.0,Mittleres Baumholz,297.0,FI (5) / LA (5),,subalpine,8.0,2.5,1.0,,,,,1,1,1,1,,,,,,,4333,Mittleres Baumholz_8,1676.4,1,not_young,0,0,0,Cama,1500_2000
,111398.0,2.0,Stangenholz,176.0,,,high-montane (main area of silver fir),10.0,2.2,0.0,,,,,3,1,3,3,1.0,,,,,,4334,Stangenholz_10,1500.9,1,not_young,0,0,0,Cama,1500_2000
,111400.0,3.0,Schwaches Baumholz,172.0,BU (2) / FI (1) / LA (1),,high-montane (main area of silver fir),10.0,1.3,1.0,,,,,1,1,1,1,,,,,,,4335,Schwaches Baumholz_10,1634.7,1,not_young,0,0,0,Cama,1500_2000
,111589.0,3.0,Schwaches Baumholz,224.0,BU (2),,colline with beech,2.0,1.7,,,1.0,,,2,2,2,2,,,,,,,4336,Schwaches Baumholz_2,852.6,0,not_young,0,0,0,Cama,500_1000
,111596.0,4.0,Mittleres Baumholz,307.0,BU (2) / LA (1) / WFO (6),,lower/upper montane,7.0,0.7,,,1.0,,1.0,2,2,2,2,,,,0.0,,,4341,Mittleres Baumholz_7,1036.4,1,not_young,0,0,0,Cama,1000_1500
,111597.0,4.0,Mittleres Baumholz,238.0,LA (10),,subalpine,8.0,1.6,1.0,,,,,1,1,1,1,,,,,,,4342,Mittleres Baumholz_8,1748.9,1,not_young,0,0,0,Cama,1500_2000
,111599.0,2.0,Stangenholz,50.0,BU (2),,lower/upper montane,7.0,0.6,0.0,,,,,3,1,3,3,1.0,,,,,,4343,Stangenholz_7,1335.1,1,not_young,0,0,0,Cama,1000_1500
,111600.0,2.0,Stangenholz,69.0,BU (1),,high-montane (main area of silver fir),10.0,0.6,1.0,,,,,1,1,1,1,,,,,,,4344,Stangenholz_10,1446.9,1,not_young,0,0,0,Cama,1000_1500
,111611.0,2.0,Stangenholz,244.0,BU (2),,high-montane (main area of silver fir),10.0,0.7,0.0,,,,,3,1,3,3,1.0,,,,,,4352,Stangenholz_10,1423.1,1,not_young,0,0,0,Cama,1000_1500
,111814.0,4.0,Mittleres Baumholz,101.0,LA (10),,subalpine,8.0,0.7,1.0,,,,,1,1,1,1,,,,,,,4353,Mittleres Baumholz_8,1892.2,1,not_young,0,0,0,Cama,1500_2000
,111816.0,1.0,Jungwuchs/Dickung,66.0,AER (3) / LA (7),,subalpine,8.0,2.4,,,,,,3,1,3,3,1.0,,,,,,4354,Jungwuchs/Dickung_8,1820.0,1,young,0,0,0,Cama,1500_2000
,111828.0,3.0,Schwaches Baumholz,247.0,FI (5) / LA (3) / TA (2),,subalpine,8.0,1.7,,,1.0,,,2,2,2,2,,,,,,,4362,Schwaches Baumholz_8,1817.4,1,not_young,0,0,0,Cama,1500_2000
,111831.0,3.0,Schwaches Baumholz,260.0,BU (5) / FI (3) / LA (2),,subalpine,8.0,2.2,,,1.0,,1.0,2,2,2,2,,,,0.0,,,4363,Schwaches Baumholz_8,1716.8,1,not_young,0,0,0,Cama,1500_2000
,111832.0,2.0,Stangenholz,232.0,BU (5) / FI (1),,subalpine,8.0,0.4,,,1.0,,1.0,2,2,2,2,,,,0.0,,,4364,Stangenholz_8,1737.2,1,not_young,0,0,0,Cama,1500_2000
,111833.0,3.0,Schwaches Baumholz,230.0,FI (2) / LA (1) / WFO (1),,colline with beech,2.0,4.3,,,1.0,,,2,2,2,2,,,,,,,4365,Schwaches Baumholz_2,746.7999999999998,0,not_young,0,0,0,Cama,500_1000
,111835.0,4.0,Mittleres Baumholz,235.0,BU (3) / FI (2) / LA (4),,lower/upper montane,7.0,0.6,1.0,,,,,1,1,1,1,,,,,,,4366,Mittleres Baumholz_7,1259.3,1,not_young,0,0,0,Cama,1000_1500
,111836.0,3.0,Schwaches Baumholz,238.0,BU (7) / LA (1),,lower/upper montane,7.0,0.8,1.0,,,,,1,1,1,1,,,,,,,4367,Schwaches Baumholz_7,1165.4,1,not_young,0,0,0,Cama,1000_1500
,111838.0,2.0,Stangenholz,170.0,BU (2) / FI (1) / LA (2),,high-montane (main area of silver fir),10.0,4.8,1.0,,,,,1,1,1,1,,,,,,,4368,Stangenholz_10,1591.0,1,not_young,0,0,0,Cama,1500_2000
,111844.0,5.0,Starkes Baumholz,419.0,FI (3) / LA (3) / TA (2),,lower/upper montane,7.0,1.3,1.0,,,,,1,1,1,1,,,,,,,4370,Starkes Baumholz_7,1088.8,1,not_young,0,0,0,Cama,1000_1500
,112035.0,3.0,Schwaches Baumholz,225.0,FI (2) / LA (8),,subalpine,8.0,1.5,,,1.0,,,2,2,2,2,,,,,,,4377,Schwaches Baumholz_8,1752.8,1,not_young,0,0,1,Cama,1500_2000
,112037.0,3.0,Schwaches Baumholz,301.0,FI (3) / LA (3) / TA (4),,high-montane (main area of silver fir),10.0,1.2,,,1.0,,1.0,2,2,2,8,,,,1.0,,,4378,Schwaches Baumholz_10,1624.6,1,not_young,0,0,0,Cama,1500_2000
,112038.0,3.0,Schwaches Baumholz,295.0,BU (5),,lower/upper montane,7.0,0.5,,,1.0,,,2,2,2,2,,,,,,,4379,Schwaches Baumholz_7,1163.5,1,not_young,0,0,0,Cama,1000_1500
,112039.0,2.0,Stangenholz,318.0,BU (4) / FI (2) / LA (2),,lower/upper montane,7.0,0.9,,,1.0,,1.0,2,2,2,2,,,,0.0,,,4380,Stangenholz_7,1285.0,1,not_young,0,0,0,Cama,1000_1500
,112040.0,4.0,Mittleres Baumholz,286.0,BU (2),,lower/upper montane,7.0,1.5,,,1.0,,1.0,2,2,2,8,,,,1.0,,,4381,Mittleres Baumholz_7,1230.6,1,not_young,0,0,0,Cama,1000_1500
,112041.0,3.0,Schwaches Baumholz,227.0,BU (3) / FI (2) / LA (2) / TA (1),,lower/upper montane,7.0,0.6,,,1.0,,1.0,2,2,2,8,,,,1.0,,,4382,Schwaches Baumholz_7,1355.0,1,not_young,0,0,0,Cama,1000_1500
,112043.0,3.0,Schwaches Baumholz,248.0,BU (3) / FI (2) / LA (2) / WFO (1),,lower/upper montane,7.0,1.1,,,1.0,,,2,2,2,2,,,,,,,4383,Schwaches Baumholz_7,1048.5,1,not_young,0,0,0,Cama,1000_1500
,112044.0,4.0,Mittleres Baumholz,327.0,BU (4),,lower/upper montane,7.0,0.9,,,1.0,,1.0,2,2,2,2,,,,0.0,,,4384,Mittleres Baumholz_7,1020.0,1,not_young,0,0,0,Cama,1000_1500
,112045.0,4.0,Mittleres Baumholz,237.0,BU (2) / FI (3) / LA (2),,lower/upper montane,7.0,1.3,,,1.0,,,2,2,2,2,,,,,,,4385,Mittleres Baumholz_7,1081.5,1,not_young,0,0,0,Cama,1000_1500
,112046.0,4.0,Mittleres Baumholz,316.0,BU (2) / FI (5) / LA (2),,lower/upper montane,7.0,0.9,,,1.0,,1.0,2,2,2,2,,,,0.0,,,4386,Mittleres Baumholz_7,1239.8,1,not_young,0,0,0,Cama,1000_1500
,112047.0,4.0,Mittleres Baumholz,336.0,FI (5) / LA (3) / TA (2),,high-montane (main area of silver fir),10.0,2.2,,,1.0,,1.0,2,2,2,8,,,,1.0,,,4387,Mittleres Baumholz_10,1616.6,1,not_young,0,0,0,Cama,1500_2000
,112048.0,4.0,Mittleres Baumholz,367.0,BU (5) / FI (3) / LA (1),,lower/upper montane,7.0,1.0,,,1.0,,,2,2,2,2,,,,,,,4388,Mittleres Baumholz_7,1196.5,1,not_young,0,0,0,Cama,1000_1500
,112055.0,5.0,Starkes Baumholz,373.0,BU (1) / FI (6) / LA (1),,lower/upper montane,7.0,1.4,1.0,,,,,1,1,1,1,,,,,,,4394,Starkes Baumholz_7,1075.2,1,not_young,0,0,0,Cama,1000_1500
,112057.0,3.0,Schwaches Baumholz,428.0,BU (2) / FI (1),,lower/upper montane,7.0,1.4,1.0,,,,,1,1,1,1,,,,,,,4396,Schwaches Baumholz_7,1139.5,1,not_young,0,0,0,Cama,1000_1500
,112058.0,4.0,Mittleres Baumholz,300.0,FI (5) / TA (4),,lower/upper montane,7.0,0.9,1.0,,,,,1,1,1,1,,,,,,,4397,Mittleres Baumholz_7,1131.2,1,not_young,0,0,0,Cama,1000_1500
,112059.0,5.0,Starkes Baumholz,413.0,FI (2) / LA (2) / TA (5),,lower/upper montane,7.0,0.9,1.0,,,,,1,1,1,1,,,,,,,4398,Starkes Baumholz_7,1113.1,1,not_young,0,0,0,Cama,1000_1500
,112265.0,4.0,Mittleres Baumholz,359.0,BU (7),,lower/upper montane,7.0,0.9,,,1.0,,,2,2,2,2,,,,,,,4410,Mittleres Baumholz_7,1130.0,1,not_young,0,0,0,Cama,1000_1500
,112266.0,3.0,Schwaches Baumholz,154.0,AER (5) / LA (5),,subalpine,8.0,0.9,,,1.0,,,2,2,2,2,,,,,,,4411,Schwaches Baumholz_8,1827.7,1,not_young,0,0,1,Cama,1500_2000
,112270.0,1.0,Jungwuchs/Dickung,149.0,,,subalpine,8.0,1.1,,,1.0,,,2,2,2,2,,,,,,,4412,Jungwuchs/Dickung_8,1656.9,1,young,0,0,1,Cama,1500_2000
,112273.0,4.0,Mittleres Baumholz,355.0,FI (2) / LA (8),,high-montane (main area of silver fir),10.0,2.3,,,1.0,,1.0,2,2,2,2,,,,0.0,,,4414,Mittleres Baumholz_10,1509.8,1,not_young,0,0,1,Cama,1500_2000
,112274.0,4.0,Mittleres Baumholz,407.0,FI (5) / LA (4),,lower/upper montane,7.0,1.6,,,1.0,,1.0,2,2,2,2,,,,0.0,,,4415,Mittleres Baumholz_7,1201.7,1,not_young,0,0,1,Cama,1000_1500
,112280.0,2.0,Stangenholz,87.0,BU (2) / AER (3) / LA (3) / LFO (1),,high-montane (main area of silver fir),10.0,2.5,,,,,,3,1,3,3,1.0,,,,,,4418,Stangenholz_10,1530.3,1,not_young,0,0,0,Cama,1500_2000
,112462.0,4.0,Mittleres Baumholz,241.0,BU (4),,high-montane (main area of silver fir),10.0,1.0,1.0,,,,,1,1,1,1,,,,,,,4422,Mittleres Baumholz_10,1339.0,1,not_young,0,0,0,Cama,1000_1500
,112463.0,4.0,Mittleres Baumholz,334.0,BU (3) / FI (4) / LA (2) / TA (1),,high-montane (main area of silver fir),10.0,4.6,1.0,,,,,1,1,1,1,,,,,,,4423,Mittleres Baumholz_10,1520.4,1,not_young,0,0,0,Cama,1500_2000
,112465.0,4.0,Mittleres Baumholz,453.0,FI (8) / LA (2),,lower/upper montane,7.0,0.7,,,1.0,,1.0,2,2,2,2,,,,0.0,,,4424,Mittleres Baumholz_7,1264.4,1,not_young,0,0,1,Cama,1000_1500
,112466.0,2.0,Stangenholz,437.0,,,lower/upper montane,7.0,1.1,,,1.0,,,2,2,2,2,,,,,,,4425,Stangenholz_7,986.7,0,not_young,0,0,1,Cama,500_1000
,112468.0,2.0,Stangenholz,344.0,FI (2) / LA (3),,lower/upper montane,7.0,1.1,,,1.0,,1.0,2,2,2,2,,,,0.0,,,4426,Stangenholz_7,1126.3,1,not_young,0,0,0,Cama,1000_1500
,112469.0,1.0,Jungwuchs/Dickung,476.0,,,lower/upper montane,7.0,0.6,,,1.0,,1.0,2,2,2,2,,,,0.0,,,4427,Jungwuchs/Dickung_7,1031.4,1,young,0,0,0,Cama,1000_1500
,112470.0,2.0,Stangenholz,200.0,,,colline,3.0,3.1,,,1.0,,,2,2,2,2,,,,,,,4428,Stangenholz_3,633.3,0,not_young,0,0,0,Cama,500_1000
,112471.0,2.0,Stangenholz,442.0,FI (2) / WFO (3),,lower/upper montane,7.0,1.9,,,1.0,,,2,2,2,2,,,,,,,4429,Stangenholz_7,867.2999999999998,0,not_young,0,0,1,Cama,500_1000
,112472.0,1.0,Jungwuchs/Dickung,379.0,,,colline with beech,2.0,1.0,,,1.0,,,2,2,2,2,,,,,,,4430,Jungwuchs/Dickung_2,787.2,0,young,0,0,0,Cama,500_1000
,112473.0,3.0,Schwaches Baumholz,178.0,,,colline with beech,2.0,1.9,,,1.0,,,2,2,2,2,,,,,,,4431,Schwaches Baumholz_2,477.4,0,not_young,0,0,0,Cama,300_500
,112474.0,4.0,Mittleres Baumholz,438.0,FI (3) / LA (2) / WFO (5),,lower/upper montane,7.0,0.4,,,1.0,,,2,2,2,2,,,,,,,4432,Mittleres Baumholz_7,982.1,0,not_young,0,0,0,Cama,500_1000
,112475.0,3.0,Schwaches Baumholz,153.0,FI (2),,colline with beech,2.0,0.8,,,1.0,,,2,2,2,2,,,,,,,4433,Schwaches Baumholz_2,733.8999999999999,0,not_young,0,0,0,Cama,500_1000
,112476.0,4.0,Mittleres Baumholz,184.0,,,colline with beech,2.0,0.7,,,1.0,,,2,2,2,2,,,,,,,4434,Mittleres Baumholz_2,675.0,0,not_young,0,0,0,Cama,500_1000
,112477.0,3.0,Schwaches Baumholz,174.0,BU (3) / FI (1) / LA (1) / WFO (3),,lower/upper montane,7.0,0.7,,,1.0,,,2,2,2,2,,,,,,,4435,Schwaches Baumholz_7,934.9,0,not_young,0,0,0,Cama,500_1000
,112478.0,2.0,Stangenholz,78.0,FI (2),,colline with beech,2.0,1.2,,,1.0,,,2,2,2,2,,,,,,,4436,Stangenholz_2,547.3,0,not_young,0,0,0,Cama,500_1000
,112479.0,3.0,Schwaches Baumholz,113.0,,,colline with beech,2.0,1.8,,,1.0,,,2,2,2,2,,,,,,,4437,Schwaches Baumholz_2,601.9,0,not_young,0,0,0,Cama,500_1000
,112480.0,2.0,Stangenholz,150.0,,,colline with beech,2.0,1.9,,,1.0,,,2,2,2,2,,,,,,,4438,Stangenholz_2,575.5,0,not_young,0,0,0,Cama,500_1000
,112481.0,3.0,Schwaches Baumholz,456.0,BU (2) / FI (3) / LA (1) / WFO (1),,lower/upper montane,7.0,1.9,,,1.0,,1.0,2,2,2,2,,,,0.0,,,4439,Schwaches Baumholz_7,1080.7,1,not_young,0,0,1,Cama,1000_1500
,112484.0,3.0,Schwaches Baumholz,103.0,AER (5) / LA (5),,subalpine,8.0,0.6,,,,,,3,1,3,3,1.0,,,,,,4440,Schwaches Baumholz_8,1769.4,1,not_young,0,0,0,Cama,1500_2000
,112699.0,3.0,Schwaches Baumholz,328.0,FI (2) / LA (8),,lower/upper montane,7.0,1.8,,,1.0,,1.0,2,2,2,2,,,,0.0,,,4441,Schwaches Baumholz_7,1243.8,1,not_young,0,0,1,Cama,1000_1500
,112700.0,2.0,Stangenholz,52.0,BU (4),,high-montane (main area of silver fir),10.0,0.5,,,1.0,,1.0,2,2,2,8,,,,1.0,,,4442,Stangenholz_10,1432.7,1,not_young,0,0,0,Cama,1000_1500
,112701.0,3.0,Schwaches Baumholz,234.0,BU (5) / FI (1) / LA (1),,high-montane (main area of silver fir),10.0,1.4,,,1.0,,1.0,2,2,2,8,,,,1.0,,,4443,Schwaches Baumholz_10,1353.5,1,not_young,0,0,0,Cama,1000_1500
,112702.0,3.0,Schwaches Baumholz,337.0,FI (2) / LA (7),,lower/upper montane,7.0,1.3,,,1.0,,1.0,2,2,2,2,,,,0.0,,,4444,Schwaches Baumholz_7,1303.6,1,not_young,0,0,1,Cama,1000_1500
,112703.0,4.0,Mittleres Baumholz,284.0,FI (3) / LA (3) / TA (1),,high-montane (main area of silver fir),10.0,0.7,,,1.0,,1.0,2,2,2,8,,,,1.0,,,4445,Mittleres Baumholz_10,1459.5,1,not_young,0,0,0,Cama,1000_1500
,112704.0,4.0,Mittleres Baumholz,322.0,BU (2) / FI (3) / LA (1),,lower/upper montane,7.0,2.1,,,1.0,,1.0,2,2,2,8,,,,1.0,,,4446,Mittleres Baumholz_7,1353.2,1,not_young,0,0,0,Cama,1000_1500
,112705.0,2.0,Stangenholz,414.0,BU (4) / FI (1) / LA (1),,lower/upper montane,7.0,0.7,,,1.0,,,2,2,2,2,,,,,,,4447,Stangenholz_7,1177.2,1,not_young,0,0,1,Cama,1000_1500
,112706.0,2.0,Stangenholz,249.0,FI (4) / LA (4) / WFO (2),,lower/upper montane,7.0,0.6,,,1.0,,1.0,2,2,2,2,,,,0.0,,,4448,Stangenholz_7,1244.4,1,not_young,0,0,1,Cama,1000_1500
,112707.0,3.0,Schwaches Baumholz,234.0,BU (2) / WFO (1),,colline with beech,2.0,0.9,,,1.0,,,2,2,2,2,,,,,,,4449,Schwaches Baumholz_2,902.5,0,not_young,0,0,0,Cama,500_1000
,112708.0,3.0,Schwaches Baumholz,165.0,FI (1),,colline with beech,2.0,1.1,,,1.0,,,2,2,2,2,,,,,,,4450,Schwaches Baumholz_2,723.0,0,not_young,0,0,0,Cama,500_1000
,112722.0,2.0,Stangenholz,212.0,BU (5) / LA (3),,high-montane (main area of silver fir),10.0,2.2,0.0,,,,,3,1,3,3,1.0,,,,,,4458,Stangenholz_10,1371.6,1,not_young,0,0,0,Cama,1000_1500
,112723.0,5.0,Starkes Baumholz,309.0,BU (1) / FI (2) / LA (6),,high-montane (main area of silver fir),10.0,1.5,0.0,,,,,3,1,3,3,1.0,,,,,,4459,Starkes Baumholz_10,1422.5,1,not_young,0,0,0,Cama,1000_1500
,112724.0,2.0,Stangenholz,154.0,BU (3),,high-montane (main area of silver fir),10.0,0.5,0.0,,,,,3,1,3,3,1.0,,,,,,4460,Stangenholz_10,1400.0,1,not_young,0,0,0,Cama,1000_1500
,112913.0,4.0,Mittleres Baumholz,383.0,BU (3) / FI (4) / TA (3),,high-montane (main area of silver fir),10.0,0.9,1.0,,,,,1,1,1,1,,,,,,,4461,Mittleres Baumholz_10,1361.9,1,not_young,0,0,0,Cama,1000_1500
,112916.0,3.0,Schwaches Baumholz,159.0,FI (1) / LA (6) / LFO (3),,upper subalpine,9.0,0.6,1.0,,,,,1,1,1,1,,,,,,,4463,Schwaches Baumholz_9,1905.0,1,not_young,0,0,0,Cama,1500_2000
,112917.0,3.0,Schwaches Baumholz,104.0,BU (2) / AER (1) / FI (3),,subalpine,8.0,0.9,1.0,,,,,1,1,1,1,,,,,,,4464,Schwaches Baumholz_8,1740.8,1,not_young,0,0,0,Cama,1500_2000
,112927.0,4.0,Mittleres Baumholz,395.0,BU (5) / LA (3),,lower/upper montane,7.0,1.6,1.0,,,,,1,1,1,1,,,,,,,4465,Mittleres Baumholz_7,1352.6,1,not_young,0,0,0,Cama,1000_1500
,112928.0,3.0,Schwaches Baumholz,219.0,FI (1) / LA (9),,high-montane (main area of silver fir),10.0,1.0,1.0,,,,,1,1,1,1,,,,,,,4466,Schwaches Baumholz_10,1675.7,1,not_young,0,0,0,Cama,1500_2000
,112929.0,1.0,Jungwuchs/Dickung,104.0,,,high-montane (main area of silver fir),10.0,1.1,1.0,,,,,1,1,1,1,,,,,,,4467,Jungwuchs/Dickung_10,1670.9,1,young,0,0,0,Cama,1500_2000
,112932.0,2.0,Stangenholz,82.0,BU (2) / TA (1),,lower/upper montane,7.0,2.7,0.0,,,,,3,1,3,3,1.0,,,,,,4468,Stangenholz_7,1334.3,1,not_young,0,0,0,Cama,1000_1500
,113144.0,3.0,Schwaches Baumholz,121.0,,,subalpine,8.0,0.4,1.0,,,,,1,1,1,1,,,,,,,4473,Schwaches Baumholz_8,1713.4,1,not_young,0,0,0,Cama,1500_2000
,113145.0,2.0,Stangenholz,148.0,FI (1),,colline with beech,2.0,1.0,,,1.0,,,2,2,2,2,,,,,,,4474,Stangenholz_2,504.9,0,not_young,0,0,0,Cama,500_1000
,113146.0,2.0,Stangenholz,200.0,LA (2),,high-montane (main area of silver fir),10.0,0.8,,,1.0,,,2,2,2,2,,,,,,,4475,Stangenholz_10,1586.2,1,not_young,0,0,1,Cama,1500_2000
,113155.0,2.0,Stangenholz,474.0,FI (1) / LA (1) / WFO (1),,lower/upper montane,7.0,4.0,,,1.0,,,2,2,2,2,,,,,,,4482,Stangenholz_7,815.7999999999998,0,not_young,0,0,1,Cama,500_1000
,113336.0,4.0,Mittleres Baumholz,305.0,BU (3) / FI (2) / LA (2) / TA (1),,lower/upper montane,7.0,2.4,,,1.0,,1.0,2,2,2,8,,,,1.0,,,4493,Mittleres Baumholz_7,1278.4,1,not_young,0,0,0,Cama,1000_1500
,113337.0,4.0,Mittleres Baumholz,275.0,BU (2),,colline with beech,2.0,3.9,,,1.0,,1.0,2,2,2,2,,,,0.0,,,4494,Mittleres Baumholz_2,925.0,0,not_young,0,0,0,Cama,500_1000
,113356.0,4.0,Mittleres Baumholz,152.0,BAH (e) / KA (10) / KI (e),,colline,3.0,1.3,,,1.0,,,7,7,7,7,,1.0,,,,,4510,Mittleres Baumholz_3,390.9,0,not_young,0,0,0,Cama,300_500
,113536.0,4.0,Mittleres Baumholz,195.0,FI (7),,lower/upper montane,7.0,0.7,1.0,,,,,1,1,1,1,,,,,,,4525,Mittleres Baumholz_7,919.8,0,not_young,0,0,0,Cama,500_1000
,113539.0,5.0,Starkes Baumholz,284.0,FI (8),,lower/upper montane,7.0,0.9,1.0,,,,,1,1,1,1,,,,,,,4527,Starkes Baumholz_7,1035.3,1,not_young,0,0,0,Cama,1000_1500
,113542.0,4.0,Mittleres Baumholz,366.0,FI (1),,lower/upper montane,7.0,0.9,1.0,,,,,1,1,1,1,,,,,,,4530,Mittleres Baumholz_7,1017.8,1,not_young,0,0,0,Cama,1000_1500
,113757.0,4.0,Mittleres Baumholz,336.0,BU (1) / FI (7),,lower/upper montane,7.0,0.6,1.0,,,,,1,1,1,1,,,,,,,4549,Mittleres Baumholz_7,1157.8,1,not_young,0,0,0,Cama,1000_1500
4.0,,,,,,,,,0.7,,1.0,,,,3,3,4,4,,,,,,,4,plantations,505.2,0,not_young,0,1,0,Soazza,500_1000
4.0,,,,,,,,,0.6,,1.0,,,,3,3,4,4,,,,,,,5,plantations,517.4,0,not_young,0,1,0,Soazza,500_1000
,8228.0,5.0,Starkes Baumholz,402.0,BAH (e) / ES (1) / FI (6) / LA (1) / BI (e) / WEI (e) / MBE (e) / VBE (e) / TA (2),,high-montane (main area of silver fir),10.0,2.2,,,1.0,,,2,2,2,2,,,,,,,10,Starkes Baumholz_10,1281.7,1,not_young,0,1,0,Soazza,1000_1500
,8449.0,4.0,Mittleres Baumholz,185.0,FI (2) / LA (8) / TA (e),FI (6) / LA (4) / VBE (e) / TA (e),high-montane (main area of silver fir),10.0,7.2,,,1.0,1.0,,2,2,8,8,,,,,,,15,Mittleres Baumholz_10,1574.0,1,not_young,1,1,1,Soazza,1500_2000
,8451.0,2.0,Stangenholz,156.0,BI (9) / OST (e) / LI (e) / ST (1),,colline,3.0,4.3,,,1.0,,,2,2,2,2,,,,,,,16,Stangenholz_3,850.2999999999998,0,not_young,0,1,0,Soazza,500_1000
,8468.0,3.0,Schwaches Baumholz,213.0,TEI (3) / WER (e) / ES (e) / KA (e) / BI (2) / WEI (1) / MBE (e) / LI (4),,high-montane (main area of silver fir),10.0,6.0,,,1.0,,,2,2,2,2,,,,,,,17,Schwaches Baumholz_10,973.0,0,not_young,0,1,1,Soazza,500_1000
,8474.0,4.0,Mittleres Baumholz,190.0,BAH (e) / TEI (6) / KA (e) / LA (e) / BI (e) / AS (e) / MBE (e) / VBE (e) / LI (4),,high-montane (main area of silver fir),10.0,5.0,,,1.0,,,2,2,2,2,,,,,,,19,Mittleres Baumholz_10,1244.0,1,not_young,0,1,1,Soazza,1000_1500
,8508.0,3.0,Schwaches Baumholz,177.0,FI (e) / LA (10) / VBE (e),,-,5.0,8.2,,,1.0,,1.0,2,2,2,2,,,,0.0,,,22,Schwaches Baumholz_5,1963.1,1,not_young,0,1,1,Soazza,1500_2000
,8551.0,3.0,Schwaches Baumholz,349.0,FI (9) / LA (1) / VBE (e),FI (10) / LA (e),high-montane (main area of silver fir),10.0,7.5,,,1.0,,1.0,2,2,2,8,,,,1.0,,,26,Schwaches Baumholz_10,1638.1,1,not_young,0,1,1,Soazza,1500_2000
,8566.0,4.0,Mittleres Baumholz,405.0,FI (9) / LA (1),,high-montane (main area of silver fir),10.0,2.7,,,1.0,1.0,,2,2,8,8,,,,,,,30,Mittleres Baumholz_10,1496.7,1,not_young,1,1,1,Soazza,1000_1500
,8567.0,2.0,Stangenholz,255.0,BAH (e) / TEI (e) / FI (7) / LA (e) / BI (2) / WEI (1) / MBE (e) / LI (e),LAB (e),high-montane (main area of silver fir),10.0,4.5,,,1.0,1.0,,2,2,8,8,,,,,,,31,Stangenholz_10,1139.7,1,not_young,1,1,1,Soazza,1000_1500
,8577.0,4.0,Mittleres Baumholz,211.0,TEI (2) / WER (e) / ES (e) / FI (e) / KA (4) / BI (2) / KI (e) / LI (2),FI (2) / ST (8),colline,3.0,2.9,,,1.0,,,7,7,7,7,,1.0,,,,,33,Mittleres Baumholz_3,611.4,0,not_young,0,1,0,Soazza,500_1000
,8592.0,3.0,Schwaches Baumholz,344.0,FI (10) / LA (e) / BI (e) / VBE (e),,high-montane (main area of silver fir),10.0,8.4,,,1.0,1.0,,2,2,8,8,,,,,,,35,Schwaches Baumholz_10,1502.1,1,not_young,1,1,1,Soazza,1500_2000
,8625.0,3.0,Schwaches Baumholz,405.0,FI (4) / LA (6) / VBE (e),,high-montane (main area of silver fir),10.0,1.6,,,1.0,,1.0,2,2,2,8,,,,1.0,,,38,Schwaches Baumholz_10,1635.8,1,not_young,0,1,1,Soazza,1500_2000
,8631.0,5.0,Starkes Baumholz,348.0,FI (5) / LA (4) / BI (e) / WEI (e) / VBE (e) / TA (1),FI (8) / LA (2) / BI (e) / VBE (e) / TA (e),high-montane (main area of silver fir),10.0,5.6,,,1.0,1.0,,2,2,8,8,,,,,,,39,Starkes Baumholz_10,1423.8,1,not_young,1,1,1,Soazza,1000_1500
,8633.0,4.0,Mittleres Baumholz,235.0,AER (e) / FI (3) / LA (7) / BI (e) / TA (e),,high-montane (main area of silver fir),10.0,5.2,,,1.0,1.0,,2,2,8,8,,,,,,,40,Mittleres Baumholz_10,1423.4,1,not_young,1,1,1,Soazza,1000_1500
,8645.0,4.0,Mittleres Baumholz,167.0,FI (e) / LA (10),FI (e) / LA (10),high-montane (main area of silver fir),10.0,2.6,,,1.0,,,2,2,2,2,,,,,,,41,Mittleres Baumholz_10,1745.7,1,not_young,0,1,0,Soazza,1500_2000
,8685.0,2.0,Stangenholz,322.0,BAH (e) / TEI (e) / WER (e) / ES (e) / FI (1) / KA (e) / LA (e) / BI (9) / KI (e) / WEI (e) / LI (e),BAH (e) / TEI (e) / ES (e) / FI (10) / KA (e) / LA (e) / LI (e) / ST (e),high-montane (main area of silver fir),10.0,1.0,,,1.0,,,2,2,2,2,,,,,,,45,Stangenholz_10,1058.7,1,not_young,0,1,1,Soazza,1000_1500
,8696.0,5.0,Starkes Baumholz,166.0,TEI (2) / KA (4) / BI (2) / LI (2),,colline,3.0,1.6,,,,,,3,3,3,3,,,,,,,47,Starkes Baumholz_3,728.7,0,not_young,0,1,0,Soazza,500_1000
,8725.0,2.0,Stangenholz,289.0,FI (10) / BI (e) / WEI (e),AER (1) / FI (1) / LA (e) / BI (7) / WEI (1) / ST (e),high-montane (main area of silver fir),10.0,2.2,,,1.0,1.0,,2,2,8,8,,,,,,,51,Stangenholz_10,1334.1,1,not_young,1,1,1,Soazza,1000_1500
,8726.0,4.0,Mittleres Baumholz,277.0,FI (e) / LA (10) / TA (e),FI (e) / WEI (e) / VBE (e),high-montane (main area of silver fir),10.0,4.4,,,1.0,,,2,2,2,2,,,,,,,52,Mittleres Baumholz_10,1566.7,1,not_young,0,1,1,Soazza,1500_2000
,8740.0,5.0,Starkes Baumholz,373.0,TEI (e) / FI (9) / KA (e) / BI (e) / LI (e) / TA (1),FI (7) / KA (1) / BI (2) / ST (e) / TA (e),high-montane (main area of silver fir),10.0,2.4,,,1.0,,,2,2,2,2,,,,,,,53,Starkes Baumholz_10,1066.7,1,not_young,0,1,1,Soazza,1000_1500
,8742.0,3.0,Schwaches Baumholz,460.0,BAH (6) / FI (4),,high-montane (main area of silver fir),10.0,0.9,,,1.0,,1.0,2,2,2,8,,,,1.0,,,54,Schwaches Baumholz_10,1544.2,1,not_young,0,1,0,Soazza,1500_2000
,8749.0,2.0,Stangenholz,344.0,BAH (e) / TEI (e) / WER (e) / ES (e) / FI (1) / KA (e) / LA (e) / BI (9) / KI (e) / WEI (e) / LI (e),BAH (e) / TEI (e) / ES (e) / FI (10) / KA (e) / LA (e) / LI (e) / ST (e),high-montane (main area of silver fir),10.0,1.3,,,1.0,,,2,2,2,2,,,,,,,55,Stangenholz_10,1059.6,1,not_young,0,1,1,Soazza,1000_1500
,8750.0,3.0,Schwaches Baumholz,68.0,WER (4) / ES (4) / KA (e) / BI (1) / RO (1) / WEI (e) / LI (e),FI (e) / ST (10),colline,3.0,3.1,,,1.0,,,7,7,7,7,,1.0,,,,,56,Schwaches Baumholz_3,603.6,0,not_young,0,1,0,Soazza,500_1000
,8774.0,2.0,Stangenholz,212.0,ES (e) / FI (10) / LA (e) / BI (e),,high-montane (main area of silver fir),10.0,2.1,,,1.0,,1.0,2,2,2,8,,,,1.0,,,58,Stangenholz_10,1080.9,1,not_young,0,1,0,Soazza,1000_1500
,8782.0,3.0,Schwaches Baumholz,275.0,TEI (e) / WER (e) / ES (1) / KA (e) / BI (e) / WEI (e) / MBE (e) / LI (9),,colline,3.0,5.3,,,1.0,,,2,2,2,2,,,,,,,59,Schwaches Baumholz_3,784.6,0,not_young,0,1,1,Soazza,500_1000
,8802.0,3.0,Schwaches Baumholz,161.0,BAH (e) / TEI (4) / LA (e) / BI (2) / AS (1) / MBE (e) / VBE (e) / LI (3),,high-montane (main area of silver fir),10.0,1.4,,,1.0,,,2,2,2,2,,,,,,,60,Schwaches Baumholz_10,1071.9,1,not_young,0,1,1,Soazza,1000_1500
,8814.0,1.0,Jungwuchs/Dickung,103.0,,FI (e) / LA (10),upper subalpine,9.0,1.5,,,1.0,,,2,2,2,2,,,,,,,61,Jungwuchs/Dickung_9,1836.1,1,young,0,1,0,Soazza,1500_2000
,8832.0,4.0,Mittleres Baumholz,402.0,FI (3) / LA (1) / TA (6),,high-montane (main area of silver fir),10.0,10.9,,,1.0,,1.0,2,2,2,2,,,,0.0,,,64,Mittleres Baumholz_10,1024.5,1,not_young,0,1,0,Soazza,1000_1500
,8839.0,4.0,Mittleres Baumholz,434.0,FI (8) / LA (1) / TA (1),AER (e) / FI (10) / LA (e) / VBE (e) / ST (e) / TA (e),high-montane (main area of silver fir),10.0,2.5,,,1.0,,1.0,2,2,2,8,,,,1.0,,,65,Mittleres Baumholz_10,1345.2,1,not_young,0,1,1,Soazza,1000_1500
,8852.0,5.0,Starkes Baumholz,275.0,BAH (e) / ES (e) / FI (8) / BI (1) / WEI (e) / VBE (e) / LI (1) / TA (e),BAH (e) / FI (5) / BI (e) / LI (5) / TA (e),high-montane (main area of silver fir),10.0,8.8,,,1.0,,1.0,2,2,2,2,,,,0.0,,,67,Starkes Baumholz_10,974.9,0,not_young,0,1,0,Soazza,500_1000
,8907.0,3.0,Schwaches Baumholz,50.0,BAH (e) / TEI (4) / LA (e) / BI (2) / AS (1) / MBE (e) / VBE (e) / LI (3),,colline,3.0,3.8,,,1.0,,,2,2,2,2,,,,,,,72,Schwaches Baumholz_3,760.2999999999998,0,not_young,0,1,0,Soazza,500_1000
,8920.0,3.0,Schwaches Baumholz,146.0,TEI (e) / ES (1) / FI (e) / KA (3) / BI (4) / WEI (e) / MBE (e) / LI (2),FI (6) / ST (4),colline,3.0,3.2,,,1.0,,,7,7,7,7,,1.0,,,,,76,Schwaches Baumholz_3,722.6,0,not_young,0,1,0,Soazza,500_1000
,8922.0,4.0,Mittleres Baumholz,584.0,FI (3) / LA (3) / TA (4),FI (7) / LA (e) / TA (3),high-montane (main area of silver fir),10.0,8.6,,,1.0,,1.0,2,2,2,8,,,,1.0,,,77,Mittleres Baumholz_10,1282.0,1,not_young,0,1,0,Soazza,1000_1500
,8933.0,1.0,Jungwuchs/Dickung,133.0,,AER (6) / FI (3) / LA (1) / VBE (e) / TA (e),subalpine,8.0,5.7,,,1.0,,1.0,2,2,2,2,,,,0.0,,,79,Jungwuchs/Dickung_8,1631.2,1,young,0,1,0,Soazza,1500_2000
,8949.0,3.0,Schwaches Baumholz,202.0,FI (e) / LA (10),FI (10) / LA (e),high-montane (main area of silver fir),10.0,4.5,,,1.0,,,2,2,2,2,,,,,,,82,Schwaches Baumholz_10,1670.0,1,not_young,0,1,1,Soazza,1500_2000
,8957.0,2.0,Stangenholz,272.0,TEI (e) / ES (e) / FI (e) / KA (e) / BI (e) / LI (10),,high-montane (main area of silver fir),10.0,3.2,,,1.0,,,2,2,2,2,,,,,,,83,Stangenholz_10,1104.3,1,not_young,0,1,1,Soazza,1000_1500
,9037.0,2.0,Stangenholz,141.0,LA (10),AER (10),upper subalpine,9.0,0.9,,,1.0,,1.0,2,2,2,8,,,,1.0,,,89,Stangenholz_9,1841.9,1,not_young,0,1,0,Soazza,1500_2000
,9051.0,4.0,Mittleres Baumholz,80.0,TEI (4) / KA (2) / BI (1) / LI (3),,colline,3.0,4.1,,,1.0,,,2,2,2,2,,,,,,,91,Mittleres Baumholz_3,673.8,0,not_young,0,1,1,Soazza,500_1000
,9055.0,1.0,Jungwuchs/Dickung,59.0,,FI (e) / LA (10),-,5.0,3.8,,,1.0,,,2,2,2,2,,,,,,,92,Jungwuchs/Dickung_5,1983.0,1,young,0,1,0,Soazza,1500_2000
,9059.0,2.0,Stangenholz,301.0,BAH (e) / TEI (e) / WER (e) / ES (e) / FI (1) / KA (e) / LA (e) / BI (9) / KI (e) / WEI (e) / LI (e),BAH (e) / TEI (e) / ES (e) / FI (10) / KA (e) / LA (e) / LI (e) / ST (e),high-montane (main area of silver fir),10.0,2.9,,,1.0,,,2,2,2,2,,,,,,,93,Stangenholz_10,1138.2,1,not_young,0,1,1,Soazza,1000_1500
,9062.0,1.0,Jungwuchs/Dickung,220.0,,BAH (2) / BU (e) / WER (e) / ES (1) / FI (e) / LA (e) / BI (4) / WEI (1) / VBE (e) / LI (2) / TA (e),high-montane (main area of silver fir),10.0,1.3,,,1.0,,1.0,2,2,2,8,,,,1.0,,,94,Jungwuchs/Dickung_10,1159.4,1,young,0,1,0,Soazza,1000_1500
,9094.0,3.0,Schwaches Baumholz,476.0,FI (7) / LA (e) / TA (3),,high-montane (main area of silver fir),10.0,2.4,,,1.0,,1.0,2,2,2,8,,,,1.0,,,98,Schwaches Baumholz_10,1446.3,1,not_young,0,1,0,Soazza,1000_1500
,9121.0,4.0,Mittleres Baumholz,151.0,FI (9) / LA (1) / BI (e) / VBE (e),AER (e) / FI (4) / LA (1) / BI (5) / LAB (e) / TA (e),high-montane (main area of silver fir),10.0,2.5,,,1.0,,1.0,2,2,2,8,,,,1.0,,,100,Mittleres Baumholz_10,1346.9,1,not_young,1,1,1,Soazza,1000_1500
,9137.0,4.0,Mittleres Baumholz,550.0,FI (7) / LA (e) / TA (3),FI (9) / LA (1) / BI (e),high-montane (main area of silver fir),10.0,3.9,,,1.0,,1.0,2,2,2,2,,,,0.0,,,102,Mittleres Baumholz_10,1336.0,1,not_young,0,1,0,Soazza,1000_1500
,9138.0,3.0,Schwaches Baumholz,386.0,FI (10) / BI (e),,high-montane (main area of silver fir),10.0,4.6,,,1.0,1.0,1.0,2,2,8,8,,,,0.0,,,103,Schwaches Baumholz_10,1162.7,1,not_young,1,1,1,Soazza,1000_1500
,9140.0,5.0,Starkes Baumholz,267.0,FI (6) / LA (4),,upper subalpine,9.0,2.3,,,1.0,,,2,2,2,2,,,,,,,104,Starkes Baumholz_9,1810.5,1,not_young,0,1,1,Soazza,1500_2000
,9166.0,2.0,Stangenholz,342.0,FI (4) / KA (e) / LA (6) / BI (e),,high-montane (main area of silver fir),10.0,1.3,,,1.0,,,2,2,2,2,,,,,,,109,Stangenholz_10,880.7,0,not_young,0,1,1,Soazza,500_1000
,9188.0,2.0,Stangenholz,306.0,TEI (e) / FI (7) / KA (1) / LA (2) / BI (e) / LI (e),,colline,3.0,0.9,,,1.0,,,2,2,2,2,,,,,,,114,Stangenholz_3,797.8999999999999,0,not_young,0,1,1,Soazza,500_1000
,9229.0,2.0,Stangenholz,273.0,TEI (e) / ES (e) / FI (10) / KA (e) / LA (e) / BI (e) / WEI (e) / LI (e),,high-montane (main area of silver fir),10.0,0.9,,,,,,3,3,3,3,,,,,,,118,Stangenholz_10,992.0,0,not_young,0,1,0,Soazza,500_1000
,9250.0,2.0,Stangenholz,369.0,FI (4) / LA (3) / TA (3),,high-montane (main area of silver fir),10.0,1.5,,,1.0,,1.0,2,2,2,8,,,,1.0,,,119,Stangenholz_10,1456.2,1,not_young,0,1,0,Soazza,1000_1500
,9265.0,4.0,Mittleres Baumholz,262.0,FI (9) / LA (1) / BI (e) / VBE (e),AER (e) / FI (4) / LA (1) / BI (5) / LAB (e) / TA (e),high-montane (main area of silver fir),10.0,2.4,,,1.0,,1.0,2,2,2,8,,,,1.0,,,121,Mittleres Baumholz_10,1067.5,1,not_young,0,1,1,Soazza,1000_1500
,9320.0,2.0,Stangenholz,214.0,BAH (e) / TEI (e) / FI (10) / KA (e) / LA (e) / BI (e) / WEI (e) / MBE (e) / LI (e),,high-montane (main area of silver fir),10.0,2.5,,,1.0,1.0,,2,2,8,8,,,,,,,123,Stangenholz_10,1037.1,1,not_young,1,1,1,Soazza,1000_1500
,9350.0,3.0,Schwaches Baumholz,204.0,TEI (2) / FI (4) / LA (3) / LI (1) / TA (e),,high-montane (main area of silver fir),10.0,4.9,,,1.0,,,2,2,2,2,,,,,,,126,Schwaches Baumholz_10,1077.8,1,not_young,0,1,1,Soazza,1000_1500
,9373.0,1.0,Jungwuchs/Dickung,264.0,,FI (4) / LA (3) / BI (3) / VBE (e),high-montane (main area of silver fir),10.0,3.6,,,1.0,1.0,,2,2,8,8,,,,,,,127,Jungwuchs/Dickung_10,1565.8,1,young,1,1,1,Soazza,1500_2000
,9381.0,2.0,Stangenholz,236.0,TEI (e) / ES (1) / FI (3) / KA (1) / LA (e) / BI (3) / KI (e) / WEI (e) / MBE (e) / LI (2) / BUL (e),FI (2) / ST (8),high-montane (main area of silver fir),10.0,2.9,,,,,,3,3,3,3,,,,,,,128,Stangenholz_10,1042.6,1,not_young,0,1,0,Soazza,1000_1500
,9388.0,2.0,Stangenholz,38.0,LA (10),AER (10),upper subalpine,9.0,1.8,,,1.0,,1.0,2,2,2,2,,,,0.0,,,129,Stangenholz_9,1838.5,1,not_young,0,1,0,Soazza,1500_2000
,9392.0,4.0,Mittleres Baumholz,139.0,FI (9) / LA (1),FI (1) / LA (9),high-montane (main area of silver fir),10.0,1.6,,,1.0,1.0,,2,2,8,8,,,,,,,130,Mittleres Baumholz_10,1706.7,1,not_young,1,1,1,Soazza,1500_2000
,9439.0,3.0,Schwaches Baumholz,143.0,TEI (e) / ES (1) / FI (e) / KA (3) / BI (4) / WEI (e) / MBE (e) / LI (2),FI (6) / ST (4),colline,3.0,7.7,,,1.0,,,7,7,7,7,,1.0,,,,,134,Schwaches Baumholz_3,693.5,0,not_young,0,1,0,Soazza,500_1000
,9444.0,4.0,Mittleres Baumholz,427.0,FI (5) / LA (3) / TA (2),AER (e) / FI (5) / BI (e) / WEI (e) / LAB (e) / TA (5),high-montane (main area of silver fir),10.0,2.1,,,1.0,,1.0,2,2,2,8,,,,1.0,,,135,Mittleres Baumholz_10,1374.1,1,not_young,0,1,0,Soazza,1000_1500
,9453.0,5.0,Starkes Baumholz,599.0,FI (2) / LA (4) / TA (4),FI (9) / LA (e) / TA (1),high-montane (main area of silver fir),10.0,6.5,,,1.0,,1.0,2,2,2,8,,,,1.0,,,136,Starkes Baumholz_10,1309.3,1,not_young,0,1,0,Soazza,1000_1500
,9454.0,2.0,Stangenholz,259.0,BAH (e) / FI (3) / KA (e) / BI (3) / WEI (e) / ST (4),,high-montane (main area of silver fir),10.0,1.2,,,1.0,1.0,,2,2,8,8,,,,,,,137,Stangenholz_10,1128.0,1,not_young,1,1,1,Soazza,1000_1500
,9456.0,4.0,Mittleres Baumholz,294.0,FI (8) / LA (1) / TA (1),AER (e) / FI (10) / LA (e) / BI (e) / VBE (e) / ST (e) / TA (e),high-montane (main area of silver fir),10.0,3.3,,,1.0,,1.0,2,2,2,8,,,,1.0,,,138,Mittleres Baumholz_10,1240.4,1,not_young,0,1,1,Soazza,1000_1500
,9468.0,4.0,Mittleres Baumholz,468.0,BAH (e) / FI (7) / LA (e) / BI (e) / WEI (e) / MBE (e) / VBE (e) / TA (3),,high-montane (main area of silver fir),10.0,2.3,,,1.0,,,2,2,2,2,,,,,,,139,Mittleres Baumholz_10,1335.5,1,not_young,0,1,0,Soazza,1000_1500
,9487.0,3.0,Schwaches Baumholz,147.0,BAH (1) / TEI (2) / ES (3) / KA (1) / BI (1) / KI (e) / RO (e) / WEI (e) / MBE (e) / LI (2),,colline,3.0,2.3,,,1.0,,,2,2,2,2,,,,,,,140,Schwaches Baumholz_3,550.3,0,not_young,0,1,1,Soazza,500_1000
,9488.0,3.0,Schwaches Baumholz,208.0,TEI (2) / ES (e) / KA (5) / BI (e) / RO (1) / LI (2),,colline,3.0,2.9,,,1.0,,,7,7,7,7,,1.0,,,,,141,Schwaches Baumholz_3,676.9,0,not_young,0,1,0,Soazza,500_1000
,9489.0,5.0,Starkes Baumholz,223.0,BAH (e) / ES (e) / FI (10) / KA (e) / LA (e) / BI (e) / WEI (e) / VBE (e) / LI (e) / ST (e) / TA (e),,high-montane (main area of silver fir),10.0,4.6,,,1.0,,,2,2,2,2,,,,,,,142,Starkes Baumholz_10,936.7,0,not_young,0,1,1,Soazza,500_1000
,9494.0,4.0,Mittleres Baumholz,526.0,FI (6) / LA (2) / TA (2),FI (7) / LA (1) / TA (2),high-montane (main area of silver fir),10.0,6.3,,,1.0,,1.0,2,2,2,8,,,,1.0,,,143,Mittleres Baumholz_10,1525.3,1,not_young,0,1,0,Soazza,1500_2000
,9509.0,3.0,Schwaches Baumholz,109.0,BAH (e) / TEI (4) / LA (e) / BI (2) / AS (1) / MBE (e) / VBE (e) / LI (3),,high-montane (main area of silver fir),10.0,5.4,,,1.0,,,2,2,2,2,,,,,,,144,Schwaches Baumholz_10,1000.0,0,not_young,0,1,1,Soazza,1000_1500
,9510.0,4.0,Mittleres Baumholz,337.0,FI (7) / LA (3) / TA (e),,subalpine,8.0,3.7,,,1.0,,,2,2,2,2,,,,,,,145,Mittleres Baumholz_8,1691.6,1,not_young,0,1,1,Soazza,1500_2000
,9516.0,3.0,Schwaches Baumholz,175.0,BAH (e) / TEI (1) / WER (e) / ES (1) / FI (e) / KA (2) / BI (2) / AS (1) / WEI (e) / LI (3),,colline,3.0,0.4,,,,,,3,3,3,3,,,,,,,146,Schwaches Baumholz_3,600.0,0,not_young,0,1,0,Soazza,500_1000
,9541.0,4.0,Mittleres Baumholz,319.0,FI (8) / LA (2),,upper subalpine,9.0,3.6,,,1.0,,,2,2,2,2,,,,,,,149,Mittleres Baumholz_9,1852.8,1,not_young,0,1,0,Soazza,1500_2000
,9560.0,3.0,Schwaches Baumholz,375.0,FI (10) / LA (e) / BI (e),,high-montane (main area of silver fir),10.0,2.3,,,1.0,1.0,1.0,2,2,8,8,,,,0.0,,,152,Schwaches Baumholz_10,1176.7,1,not_young,1,1,1,Soazza,1000_1500
,9610.0,1.0,Jungwuchs/Dickung,251.0,BAH (e) / TEI (e) / ES (e) / FI (7) / BI (3) / WEI (e) / LI (e),,high-montane (main area of silver fir),10.0,1.0,,,1.0,1.0,,2,2,8,8,,,,,,,157,Jungwuchs/Dickung_10,1026.6,1,young,1,1,1,Soazza,1000_1500
,9625.0,3.0,Schwaches Baumholz,219.0,FI (e) / LA (10) / VBE (e),,upper subalpine,9.0,5.1,,,1.0,,1.0,2,2,2,8,,,,1.0,,,159,Schwaches Baumholz_9,1834.0,1,not_young,0,1,1,Soazza,1500_2000
,9634.0,4.0,Mittleres Baumholz,341.0,BAH (1) / BU (1) / ES (e) / FI (3) / LA (e) / BI (1) / WEI (e) / VBE (e) / LI (1) / TA (3),BAH (1) / BU (e) / FI (3) / LA (e) / BI (4) / WEI (1) / LI (1) / TA (e),high-montane (main area of silver fir),10.0,23.4,,,1.0,,1.0,2,2,2,8,,,,1.0,,,160,Mittleres Baumholz_10,1207.5,1,not_young,0,1,0,Soazza,1000_1500
,9684.0,3.0,Schwaches Baumholz,205.0,TEI (e) / ES (3) / KA (1) / LA (e) / BI (1) / KI (e) / LI (5),,high-montane (main area of silver fir),10.0,3.8,,,1.0,,,2,2,2,2,,,,,,,166,Schwaches Baumholz_10,661.5,0,not_young,0,1,0,Soazza,500_1000
,9699.0,2.0,Stangenholz,79.0,LA (10),AER (10),upper subalpine,9.0,9.2,,,,,,3,3,3,3,,,,,,,167,Stangenholz_9,1936.5,1,not_young,0,1,0,Soazza,1500_2000
,9708.0,3.0,Schwaches Baumholz,120.0,BAH (e) / TEI (2) / ES (1) / KA (4) / RO (2) / LI (1),BAH (e) / ES (e) / FI (e) / ST (10),colline,3.0,6.5,,,1.0,,,7,7,7,7,,1.0,,,,,169,Schwaches Baumholz_3,578.5,0,not_young,0,1,0,Soazza,500_1000
,9716.0,4.0,Mittleres Baumholz,100.0,FI (e) / LA (10),FI (6) / LA (4),subalpine,8.0,5.9,,,1.0,1.0,,2,2,8,8,,,,,,,170,Mittleres Baumholz_8,1807.9,1,not_young,1,1,1,Soazza,1500_2000
,9733.0,1.0,Jungwuchs/Dickung,75.0,,FI (e) / LA (10),upper subalpine,9.0,2.1,,,1.0,,,2,2,2,2,,,,,,,173,Jungwuchs/Dickung_9,1878.7,1,young,0,1,0,Soazza,1500_2000
,9743.0,2.0,Stangenholz,280.0,AER (8) / FI (1) / LA (e) / BI (1),AER (6) / FI (3) / BI (1) / ST (e) / TA (e),high-montane (main area of silver fir),10.0,1.6,,,1.0,,1.0,2,2,2,8,,,,1.0,,,174,Stangenholz_10,1150.4,1,not_young,0,1,1,Soazza,1000_1500
,9748.0,4.0,Mittleres Baumholz,296.0,BAH (e) / FI (10) / BI (e),BAH (e) / FI (10) / BI (e) / VBE (e) / ST (e),high-montane (main area of silver fir),10.0,7.9,,,1.0,1.0,,2,2,8,8,,,,,,,175,Mittleres Baumholz_10,1316.2,1,not_young,1,1,1,Soazza,1000_1500
,9759.0,3.0,Schwaches Baumholz,201.0,TEI (2) / KA (1) / BI (4) / LI (3),,colline,3.0,3.5,,,1.0,,,2,2,2,2,,,,,,,177,Schwaches Baumholz_3,517.0,0,not_young,0,1,1,Soazza,500_1000
,9767.0,4.0,Mittleres Baumholz,376.0,FI (8) / LA (2),,subalpine,8.0,3.3,,,1.0,,,2,2,2,2,,,,,,,178,Mittleres Baumholz_8,1828.8,1,not_young,0,1,0,Soazza,1500_2000
,9768.0,4.0,Mittleres Baumholz,304.0,TEI (e) / FI (8) / LA (2) / BI (e) / AS (e) / MBE (e) / VBE (e) / LI (e) / TA (e),,high-montane (main area of silver fir),10.0,1.7,,,1.0,,,2,2,2,2,,,,,,,179,Mittleres Baumholz_10,1456.0,1,not_young,0,1,1,Soazza,1000_1500
,9810.0,4.0,Mittleres Baumholz,227.0,FI (e) / LA (10) / MBE (e),AER (e),subalpine,8.0,12.3,,,1.0,,1.0,2,2,2,8,,,,1.0,,,181,Mittleres Baumholz_8,1751.0,1,not_young,0,1,1,Soazza,1500_2000
,9814.0,2.0,Stangenholz,115.0,LA (10),AER (10),upper subalpine,9.0,4.2,,,,,,3,3,3,3,,,,,,,182,Stangenholz_9,1883.5,1,not_young,0,1,0,Soazza,1500_2000
,9821.0,3.0,Schwaches Baumholz,221.0,BAH (e) / TEI (1) / WER (e) / ES (2) / FI (1) / KA (1) / BI (1) / KI (e) / WEI (e) / LI (4),FI (1) / KA (e) / ST (9),high-montane (main area of silver fir),10.0,2.6,,,1.0,,,2,2,2,2,,,,,,,183,Schwaches Baumholz_10,786.2,0,not_young,0,1,1,Soazza,500_1000
,9826.0,3.0,Schwaches Baumholz,254.0,BU (2) / LA (2) / BI (2) / TA (4),,high-montane (main area of silver fir),10.0,1.1,,,1.0,,,2,2,2,2,,,,,,,184,Schwaches Baumholz_10,1171.6,1,not_young,0,1,1,Soazza,1000_1500
,9838.0,4.0,Mittleres Baumholz,374.0,FI (8) / LA (1) / BI (e) / TA (1),FI (e) / LA (e) / VBE (e) / TA (e),high-montane (main area of silver fir),10.0,4.4,,,1.0,,1.0,2,2,2,8,,,,1.0,,,185,Mittleres Baumholz_10,1453.1,1,not_young,0,1,1,Soazza,1000_1500
,9861.0,3.0,Schwaches Baumholz,89.0,BAH (e) / TEI (8) / ES (e) / KA (1) / BI (e) / VBE (e) / LI (1),,high-montane (main area of silver fir),10.0,4.7,,,1.0,,1.0,2,2,2,2,,,,0.0,,,186,Schwaches Baumholz_10,862.1,0,not_young,0,1,1,Soazza,500_1000
,9867.0,3.0,Schwaches Baumholz,81.0,BAH (e) / TEI (e) / ES (5) / KA (3) / BI (e) / KI (e) / RO (e) / WEI (e) / VBE (e) / LI (2),FI (e) / ST (10),colline,3.0,5.7,,,1.0,,,2,2,2,2,,,,,,,188,Schwaches Baumholz_3,561.7,0,not_young,0,1,1,Soazza,500_1000
,9875.0,1.0,Jungwuchs/Dickung,165.0,FI (2) / LA (8),,upper subalpine,9.0,2.0,,,1.0,,1.0,2,2,2,2,,,,0.0,,,190,Jungwuchs/Dickung_9,1949.9,1,young,0,1,1,Soazza,1500_2000
,9898.0,4.0,Mittleres Baumholz,339.0,FI (1) / LA (9) / BI (e) / VBE (e) / TA (e),AER (e) / FI (2) / LA (8) / BI (e) / VBE (e),high-montane (main area of silver fir),10.0,7.3,,,1.0,,1.0,2,2,2,8,,,,1.0,,,194,Mittleres Baumholz_10,1444.7,1,not_young,0,1,1,Soazza,1000_1500
,9907.0,4.0,Mittleres Baumholz,207.0,FI (e) / LA (10) / VBE (e) / TA (e),FI (10) / LA (e) / VBE (e),subalpine,8.0,2.5,,,1.0,1.0,,2,2,8,8,,,,,,,196,Mittleres Baumholz_8,1796.9,1,not_young,0,1,1,Soazza,1500_2000
,9924.0,2.0,Stangenholz,194.0,FI (e) / KA (e) / BI (10) / AS (e),FI (6) / KA (e) / LI (e) / ST (4),colline,3.0,0.9,,,1.0,,,7,7,7,7,,1.0,,,,,197,Stangenholz_3,748.7,0,not_young,0,1,0,Soazza,500_1000
,9940.0,3.0,Schwaches Baumholz,181.0,TEI (e) / ES (e) / FI (e) / KA (4) / BI (e) / RO (1) / WEI (e) / LI (5),,colline,3.0,4.7,,,1.0,,,2,2,2,2,,,,,,,200,Schwaches Baumholz_3,676.5,0,not_young,0,1,1,Soazza,500_1000
,9956.0,4.0,Mittleres Baumholz,346.0,FI (9) / LA (1),FI (8) / LA (2) / BI (e) / ST (e),high-montane (main area of silver fir),10.0,10.6,,,1.0,1.0,,2,2,8,8,,,,,,,202,Mittleres Baumholz_10,1527.4,1,not_young,0,1,1,Soazza,1500_2000
,9975.0,4.0,Mittleres Baumholz,345.0,FI (9) / LA (1),,subalpine,8.0,5.4,,,1.0,,,2,2,2,2,,,,,,,206,Mittleres Baumholz_8,1670.7,1,not_young,0,1,1,Soazza,1500_2000
,9987.0,3.0,Schwaches Baumholz,241.0,BAH (e) / TEI (e) / FI (5) / KA (2) / LA (e) / BI (3) / KI (e) / WEI (e) / MBE (e) / LI (e),,high-montane (main area of silver fir),10.0,2.9,,,1.0,1.0,,2,2,8,8,,,,,,,209,Schwaches Baumholz_10,954.5,0,not_young,1,1,1,Soazza,500_1000
,9990.0,3.0,Schwaches Baumholz,254.0,BAH (e) / TEI (3) / ES (e) / KA (3) / BI (e) / AS (e) / KI (e) / MBE (e) / LI (4),,colline,3.0,1.4,,,,,,7,7,7,7,,1.0,,,,,210,Schwaches Baumholz_3,623.5,0,not_young,0,1,0,Soazza,500_1000
,9995.0,4.0,Mittleres Baumholz,219.0,TEI (3) / ES (e) / KA (4) / KI (e) / RO (e) / LI (3),,colline,3.0,1.1,,,1.0,,,2,2,2,2,,,,,,,211,Mittleres Baumholz_3,657.9,0,not_young,0,1,1,Soazza,500_1000
,10006.0,4.0,Mittleres Baumholz,396.0,FI (5) / LA (5) / BI (e) / VBE (e),,upper subalpine,9.0,7.5,,,1.0,1.0,,2,2,8,8,,,,,,,212,Mittleres Baumholz_9,1866.4,1,not_young,0,1,1,Soazza,1500_2000
,10009.0,4.0,Mittleres Baumholz,538.0,FI (3) / LA (4) / TA (3),FI (10) / LA (e) / TA (e),high-montane (main area of silver fir),10.0,8.5,,,1.0,,1.0,2,2,2,8,,,,1.0,,,213,Mittleres Baumholz_10,1420.6,1,not_young,0,1,0,Soazza,1000_1500
,10019.0,4.0,Mittleres Baumholz,384.0,FI (8) / LA (2),,subalpine,8.0,3.7,,,1.0,,,2,2,2,2,,,,,,,214,Mittleres Baumholz_8,1742.9,1,not_young,0,1,0,Soazza,1500_2000
,10060.0,5.0,Starkes Baumholz,268.0,FI (10) / BI (e) / AS (e),BAH (e) / WER (e) / ES (e) / FI (5) / BI (5) / AS (e) / WEI (e) / VBE (e),high-montane (main area of silver fir),10.0,3.8,,,1.0,,1.0,2,2,2,8,,,,1.0,,,216,Starkes Baumholz_10,1043.4,1,not_young,1,1,1,Soazza,1000_1500
,10064.0,3.0,Schwaches Baumholz,76.0,BAH (e) / TEI (4) / LA (e) / BI (2) / AS (1) / MBE (e) / VBE (e) / LI (3),,high-montane (main area of silver fir),10.0,4.7,,,1.0,,,2,2,2,2,,,,,,,218,Schwaches Baumholz_10,860.0,0,not_young,0,1,1,Soazza,500_1000
,10078.0,2.0,Stangenholz,361.0,FI (6) / LA (4) / WEI (e) / VBE (e),AER (e),high-montane (main area of silver fir),10.0,4.4,,,1.0,,1.0,2,2,2,8,,,,1.0,,,219,Stangenholz_10,1586.5,1,not_young,0,1,1,Soazza,1500_2000
,10083.0,4.0,Mittleres Baumholz,209.0,BU (e) / FI (5) / LA (2) / BI (e) / TA (3),FI (8) / LA (e) / TA (2),high-montane (main area of silver fir),10.0,3.7,,,1.0,,,2,2,2,2,,,,,,,220,Mittleres Baumholz_10,1500.6,1,not_young,0,1,1,Soazza,1500_2000
,10085.0,4.0,Mittleres Baumholz,276.0,FI (e) / LA (6) / VBE (e) / TA (4),AER (e),high-montane (main area of silver fir),10.0,4.6,,,1.0,1.0,,2,2,8,8,,,,,,,221,Mittleres Baumholz_10,1464.0,1,not_young,0,1,1,Soazza,1000_1500
,10087.0,5.0,Starkes Baumholz,399.0,FI (6) / LA (3) / TA (1),FI (8) / LA (e) / TA (2),subalpine,8.0,2.6,,,1.0,,1.0,2,2,2,8,,,,1.0,,,222,Starkes Baumholz_8,1671.9,1,not_young,0,1,0,Soazza,1500_2000
,10091.0,2.0,Stangenholz,346.0,BAH (e) / TEI (e) / WER (e) / ES (e) / FI (1) / KA (e) / LA (e) / BI (9) / KI (e) / WEI (e) / LI (e),BAH (e) / TEI (e) / ES (e) / FI (10) / KA (e) / LA (e) / LI (e) / ST (e),high-montane (main area of silver fir),10.0,1.0,,,1.0,,,2,2,2,2,,,,,,,223,Stangenholz_10,1254.6,1,not_young,0,1,1,Soazza,1000_1500
,10113.0,2.0,Stangenholz,318.0,BAH (e) / TEI (e) / WER (e) / ES (e) / FI (1) / KA (e) / LA (e) / BI (9) / KI (e) / WEI (e) / LI (e),BAH (e) / TEI (e) / ES (e) / FI (10) / KA (e) / LA (e) / LI (e) / ST (e),high-montane (main area of silver fir),10.0,2.6,,,1.0,,,2,2,2,2,,,,,,,225,Stangenholz_10,1100.3,1,not_young,0,1,1,Soazza,1000_1500
,10115.0,4.0,Mittleres Baumholz,583.0,FI (e) / LA (10) / TA (e),,high-montane (main area of silver fir),10.0,6.2,,,1.0,,1.0,2,2,2,8,,,,1.0,,,226,Mittleres Baumholz_10,1531.4,1,not_young,0,1,0,Soazza,1500_2000
,10182.0,4.0,Mittleres Baumholz,487.0,FI (4) / LA (2) / TA (4),,high-montane (main area of silver fir),10.0,4.8,,,1.0,,1.0,2,2,2,8,,,,1.0,,,231,Mittleres Baumholz_10,1305.1,1,not_young,0,1,0,Soazza,1000_1500
,10255.0,3.0,Schwaches Baumholz,338.0,BAH (1) / ES (1) / FI (2) / LA (1) / BI (1) / BUL (1) / ST (1) / TA (2),,high-montane (main area of silver fir),10.0,6.0,,,1.0,,,2,2,2,2,,,,,,,238,Schwaches Baumholz_10,1333.0,1,not_young,0,1,0,Soazza,1000_1500
,10264.0,3.0,Schwaches Baumholz,196.0,TEI (4) / ES (e) / KA (3) / BI (e) / AS (e) / RO (e) / MBE (e) / LI (3) / WAH (e),,colline,3.0,2.0,,,1.0,,,2,2,2,2,,,,,,,239,Schwaches Baumholz_3,754.7999999999998,0,not_young,0,1,1,Soazza,500_1000
,10278.0,4.0,Mittleres Baumholz,226.0,FI (4) / LA (6),,-,5.0,1.8,,,1.0,,,2,2,2,2,,,,,,,240,Mittleres Baumholz_5,1998.3,1,not_young,0,1,1,Soazza,1500_2000
,10299.0,4.0,Mittleres Baumholz,432.0,BAH (e) / FI (8) / LA (2) / BI (e),,high-montane (main area of silver fir),10.0,4.1,,,1.0,1.0,,2,2,8,8,,,,,,,243,Mittleres Baumholz_10,1274.1,1,not_young,1,1,1,Soazza,1000_1500
,10300.0,5.0,Starkes Baumholz,592.0,FI (4) / LA (1) / TA (5),FI (10) / TA (e),high-montane (main area of silver fir),10.0,4.2,,,1.0,,1.0,2,2,2,8,,,,1.0,,,244,Starkes Baumholz_10,1380.0,1,not_young,0,1,0,Soazza,1000_1500
,10338.0,1.0,Jungwuchs/Dickung,162.0,,FI (3) / LA (2) / BI (5) / VBE (e),high-montane (main area of silver fir),10.0,2.9,,,1.0,1.0,,2,2,8,8,,,,,,,246,Jungwuchs/Dickung_10,1329.8,1,young,1,1,1,Soazza,1000_1500
,10361.0,4.0,Mittleres Baumholz,419.0,BU (e) / FI (8) / LA (2) / BI (e) / LI (e) / TA (e),,high-montane (main area of silver fir),10.0,6.5,,,1.0,,1.0,2,2,2,2,,,,0.0,,,248,Mittleres Baumholz_10,1404.1,1,not_young,0,1,1,Soazza,1000_1500
,10369.0,4.0,Mittleres Baumholz,200.0,TEI (4) / KA (2) / BI (1) / LI (3),,high-montane (main area of silver fir),10.0,2.3,,,1.0,,,2,2,2,2,,,,,,,249,Mittleres Baumholz_10,922.0,0,not_young,0,1,1,Soazza,500_1000
,10372.0,4.0,Mittleres Baumholz,241.0,FI (1) / LA (9) / VBE (e) / TA (e),FI (e) / LA (e) / VBE (e),high-montane (main area of silver fir),10.0,2.3,,,1.0,1.0,,2,2,8,8,,,,,,,250,Mittleres Baumholz_10,1596.0,1,not_young,1,1,1,Soazza,1500_2000
,10374.0,1.0,Jungwuchs/Dickung,330.0,FI (2) / LA (3) / BI (5) / WEI (e) / VBE (e),,high-montane (main area of silver fir),10.0,6.3,,,1.0,1.0,,2,2,8,8,,,,,,,251,Jungwuchs/Dickung_10,1318.3,1,young,1,1,1,Soazza,1000_1500
,10386.0,5.0,Starkes Baumholz,303.0,FI (8) / KA (e) / LA (e) / BI (e) / ST (e) / TA (2),,high-montane (main area of silver fir),10.0,5.4,,,1.0,1.0,,2,2,8,8,,,,,,,252,Starkes Baumholz_10,1124.9,1,not_young,0,1,1,Soazza,1000_1500
,10401.0,4.0,Mittleres Baumholz,348.0,TEI (e) / FI (9) / LA (e) / BI (e) / TA (1),FI (9) / LA (e) / BI (1) / TA (e),high-montane (main area of silver fir),10.0,5.5,,,1.0,1.0,,2,2,8,8,,,,,,,254,Mittleres Baumholz_10,1313.1,1,not_young,0,1,1,Soazza,1000_1500
,10418.0,5.0,Starkes Baumholz,319.0,FI (6) / LA (4),,subalpine,8.0,2.6,,,1.0,,,2,2,2,2,,,,,,,257,Starkes Baumholz_8,1797.7,1,not_young,0,1,1,Soazza,1500_2000
,10419.0,2.0,Stangenholz,135.0,FI (7) / KA (e) / LA (3),,colline,3.0,0.9,,,1.0,,,7,7,7,7,,1.0,,,,,258,Stangenholz_3,707.1,0,not_young,0,1,0,Soazza,500_1000
,10423.0,2.0,Stangenholz,268.0,WER (e) / ES (e) / FI (e) / KA (e) / BI (10) / WEI (e) / LI (e),WER (e) / FI (10),high-montane (main area of silver fir),10.0,4.4,,,1.0,,,7,7,7,7,,1.0,,,,,260,Stangenholz_10,923.5,0,not_young,0,1,0,Soazza,500_1000
,10436.0,5.0,Starkes Baumholz,391.0,LA (10) / VBE (e),AER (e) / LA (10) / VBE (e),subalpine,8.0,5.3,,,1.0,,1.0,2,2,2,8,,,,1.0,,,261,Starkes Baumholz_8,1627.1,1,not_young,0,1,1,Soazza,1500_2000
,10439.0,2.0,Stangenholz,249.0,BAH (e) / FI (3) / KA (1) / LA (e) / BI (6) / AS (e) / WEI (e) / TA (e),BAH (e) / AER (e) / FI (1) / LA (e) / BI (9) / AS (e) / WEI (e) / ST (e) / TA (e),high-montane (main area of silver fir),10.0,7.4,,,1.0,,1.0,2,2,2,2,,,,0.0,,,263,Stangenholz_10,1307.0,1,not_young,0,1,1,Soazza,1000_1500
,10442.0,4.0,Mittleres Baumholz,478.0,FI (4) / TA (6),FI (7) / TA (3),high-montane (main area of silver fir),10.0,2.0,,,1.0,,1.0,2,2,2,8,,,,1.0,,,264,Mittleres Baumholz_10,1401.1,1,not_young,0,1,0,Soazza,1000_1500
,10450.0,2.0,Stangenholz,224.0,TEI (e) / ES (e) / FI (e) / KA (e) / BI (4) / KI (e) / WEI (e) / LI (6),,colline,3.0,2.7,,,,,,3,3,3,3,,,,,,,265,Stangenholz_3,772.2999999999998,0,not_young,0,1,0,Soazza,500_1000
,10466.0,3.0,Schwaches Baumholz,306.0,BAH (e) / FI (5) / KA (e) / LA (e) / BI (5) / WEI (e),,high-montane (main area of silver fir),10.0,3.6,,,1.0,1.0,,2,2,8,8,,,,,,,267,Schwaches Baumholz_10,1019.1,1,not_young,1,1,1,Soazza,1000_1500
,10479.0,5.0,Starkes Baumholz,516.0,FI (e) / LA (7) / VBE (e) / TA (3),FI (6) / LA (4) / TA (e),subalpine,8.0,7.1,,,1.0,,1.0,2,2,2,8,,,,1.0,,,268,Starkes Baumholz_8,1590.3,1,not_young,0,1,0,Soazza,1500_2000
,10482.0,4.0,Mittleres Baumholz,214.0,TEI (e) / FI (10) / KA (e) / LA (e) / BI (e),,high-montane (main area of silver fir),10.0,2.9,,,1.0,,,2,2,2,2,,,,,,,269,Mittleres Baumholz_10,1342.6,1,not_young,0,1,1,Soazza,1000_1500
,10529.0,2.0,Stangenholz,361.0,FI (1) / LA (9),,high-montane (main area of silver fir),10.0,4.0,,,1.0,,1.0,2,2,2,8,,,,1.0,,,273,Stangenholz_10,1515.1,1,not_young,0,1,1,Soazza,1500_2000
,10554.0,4.0,Mittleres Baumholz,155.0,BAH (e) / BU (e) / TEI (e) / ES (1) / FI (4) / LA (1) / BI (2) / VBE (e) / LI (1) / TA (1),,high-montane (main area of silver fir),10.0,3.0,,,1.0,,,2,2,2,2,,,,,,,275,Mittleres Baumholz_10,802.3999999999999,0,not_young,0,1,1,Soazza,500_1000
,10558.0,5.0,Starkes Baumholz,430.0,FI (e) / LA (9) / TA (1),FI (5) / LA (5),high-montane (main area of silver fir),10.0,3.1,,,,,1.0,3,3,3,3,,,,0.0,,,276,Starkes Baumholz_10,1523.4,1,not_young,0,1,0,Soazza,1500_2000
,10578.0,4.0,Mittleres Baumholz,510.0,FI (4) / LA (1) / TA (5),FI (10) / TA (e),high-montane (main area of silver fir),10.0,1.0,,,1.0,,1.0,2,2,2,8,,,,1.0,,,278,Mittleres Baumholz_10,1435.8,1,not_young,0,1,0,Soazza,1000_1500
,10587.0,4.0,Mittleres Baumholz,307.0,FI (10) / LA (e),FI (10) / LA (e) / BI (e),high-montane (main area of silver fir),10.0,5.9,,,1.0,1.0,,2,2,8,8,,,,,,,280,Mittleres Baumholz_10,1395.4,1,not_young,1,1,1,Soazza,1000_1500
,10590.0,3.0,Schwaches Baumholz,151.0,TEI (7) / ES (e) / FI (1) / LA (e) / BI (1) / AS (1) / MBE (e) / LI (e),,high-montane (main area of silver fir),10.0,5.0,,,1.0,,,2,2,2,2,,,,,,,281,Schwaches Baumholz_10,1046.3,1,not_young,0,1,1,Soazza,1000_1500
,10600.0,3.0,Schwaches Baumholz,409.0,FI (10) / LA (e) / BI (e),,high-montane (main area of silver fir),10.0,6.4,,,1.0,1.0,,2,2,8,8,,,,,,,282,Schwaches Baumholz_10,1426.5,1,not_young,1,1,1,Soazza,1000_1500
,10630.0,5.0,Starkes Baumholz,403.0,FI (8) / LA (2),AER (e) / FI (10) / LA (e),subalpine,8.0,5.4,,,1.0,,1.0,2,2,2,8,,,,1.0,,,284,Starkes Baumholz_8,1834.9,1,not_young,0,1,0,Soazza,1500_2000
,10635.0,4.0,Mittleres Baumholz,311.0,BAH (e) / TEI (e) / FI (10) / BI (e),BAH (e) / TEI (e) / FI (10) / LA (e) / BI (e) / VBE (e) / ST (e),high-montane (main area of silver fir),10.0,4.0,,,1.0,1.0,,2,2,8,8,,,,,,,286,Mittleres Baumholz_10,1232.0,1,not_young,1,1,1,Soazza,1000_1500
,10641.0,4.0,Mittleres Baumholz,263.0,FI (2) / LA (8) / TA (e),FI (6) / LA (4) / TA (e),subalpine,8.0,4.6,,,1.0,,1.0,2,2,2,8,,,,1.0,,,288,Mittleres Baumholz_8,1732.0,1,not_young,0,1,0,Soazza,1500_2000
,10678.0,3.0,Schwaches Baumholz,250.0,FI (e) / LA (10) / VBE (e),,upper subalpine,9.0,0.8,,,1.0,,,2,2,2,2,,,,,,,289,Schwaches Baumholz_9,1845.7,1,not_young,0,1,1,Soazza,1500_2000
,10706.0,4.0,Mittleres Baumholz,482.0,FI (3) / LA (3) / TA (4),FI (8) / LA (e) / TA (2),high-montane (main area of silver fir),10.0,5.2,,,1.0,,1.0,2,2,2,2,,,,0.0,,,292,Mittleres Baumholz_10,1329.4,1,not_young,0,1,0,Soazza,1000_1500
,10736.0,4.0,Mittleres Baumholz,175.0,BU (2) / TEI (4) / FI (e) / LA (e) / BI (2) / KI (2),,high-montane (main area of silver fir),10.0,3.3,,,1.0,,,2,2,2,2,,,,,,,294,Mittleres Baumholz_10,1384.0,1,not_young,0,1,1,Soazza,1000_1500
,10746.0,5.0,Starkes Baumholz,315.0,BAH (e) / TEI (e) / ES (e) / FI (10) / KA (e) / LA (e) / BI (e) / AS (e) / WEI (e) / LI (e),,high-montane (main area of silver fir),10.0,3.4,,,1.0,1.0,,2,2,8,8,,,,,,,296,Starkes Baumholz_10,862.3999999999999,0,not_young,1,1,1,Soazza,500_1000
,10748.0,1.0,Jungwuchs/Dickung,232.0,AER (e) / FI (9) / LA (1) / WEI (e) / VBE (e),,subalpine,8.0,1.5,,,1.0,,1.0,2,2,2,2,,,,0.0,,,297,Jungwuchs/Dickung_8,1727.1,1,young,0,1,1,Soazza,1500_2000
,10769.0,3.0,Schwaches Baumholz,115.0,TEI (8) / FI (e) / KA (1) / LA (e) / LI (1),,high-montane (main area of silver fir),10.0,4.0,,,1.0,,,2,2,2,2,,,,,,,298,Schwaches Baumholz_10,938.3,0,not_young,0,1,1,Soazza,500_1000
,10801.0,3.0,Schwaches Baumholz,288.0,AER (e) / FI (5) / LA (5) / BI (e) / WEI (e) / VBE (e),,high-montane (main area of silver fir),10.0,2.8,,,1.0,1.0,,2,2,8,8,,,,,,,299,Schwaches Baumholz_10,1446.9,1,not_young,1,1,1,Soazza,1000_1500
,10805.0,4.0,Mittleres Baumholz,163.0,FI (1) / LA (9) / VBE (e) / TA (e),FI (e) / LA (e) / VBE (e),high-montane (main area of silver fir),10.0,5.7,,,1.0,1.0,,2,2,8,8,,,,,,,300,Mittleres Baumholz_10,1599.4,1,not_young,1,1,1,Soazza,1500_2000
,10808.0,5.0,Starkes Baumholz,491.0,AER (e) / FI (6) / LA (4) / VBE (e) / TA (e),FI (10) / LA (e),subalpine,8.0,7.5,,,1.0,,1.0,2,2,2,8,,,,1.0,,,301,Starkes Baumholz_8,1706.3,1,not_young,0,1,0,Soazza,1500_2000
,10826.0,3.0,Schwaches Baumholz,124.0,TEI (e) / WER (e) / ES (1) / FI (e) / KA (1) / LA (e) / BI (1) / WEI (e) / LI (7),,high-montane (main area of silver fir),10.0,2.3,,,1.0,,,2,2,2,2,,,,,,,302,Schwaches Baumholz_10,715.0,0,not_young,0,1,1,Soazza,500_1000
,10833.0,4.0,Mittleres Baumholz,302.0,BAH (e) / FI (3) / LA (7) / BI (e) / VBE (e),AER (e) / FI (3) / LA (1) / BI (6) / ST (e) / TA (e),high-montane (main area of silver fir),10.0,5.1,,,1.0,1.0,,2,2,8,8,,,,,,,303,Mittleres Baumholz_10,1430.5,1,not_young,1,1,1,Soazza,1000_1500
,10848.0,3.0,Schwaches Baumholz,228.0,TEI (3) / KA (3) / BI (3) / OST (e) / LI (1),,high-montane (main area of silver fir),10.0,8.4,,,1.0,,,2,2,2,2,,,,,,,305,Schwaches Baumholz_10,947.4,0,not_young,0,1,1,Soazza,500_1000
,10860.0,3.0,Schwaches Baumholz,217.0,BAH (e) / TEI (e) / KA (4) / BI (1) / KI (e) / RO (e) / LI (5),FI (10) / KA (e) / RO (e) / LI (e),high-montane (main area of silver fir),10.0,1.6,,,1.0,,,2,2,2,2,,,,,,,306,Schwaches Baumholz_10,681.1,0,not_young,0,1,1,Soazza,500_1000
,10867.0,5.0,Starkes Baumholz,319.0,BAH (e) / TEI (1) / FI (5) / KA (2) / LA (e) / BI (1) / WEI (e) / LI (1),ST (e),high-montane (main area of silver fir),10.0,8.7,,,1.0,,,2,2,2,2,,,,,,,307,Starkes Baumholz_10,898.8999999999999,0,not_young,0,1,1,Soazza,500_1000
,10877.0,5.0,Starkes Baumholz,240.0,FI (5) / LA (4) / BI (e) / WEI (e) / VBE (e) / TA (1),FI (8) / LA (2) / BI (e) / VBE (e) / TA (e),high-montane (main area of silver fir),10.0,3.1,,,1.0,1.0,,2,2,8,8,,,,,,,309,Starkes Baumholz_10,1504.2,1,not_young,1,1,1,Soazza,1500_2000
,10895.0,3.0,Schwaches Baumholz,199.0,ES (e) / KA (1) / BI (1) / WEI (e) / LI (8),,colline,3.0,6.3,,,1.0,,,2,2,2,2,,,,,,,313,Schwaches Baumholz_3,526.5,0,not_young,0,1,1,Soazza,500_1000
,10903.0,4.0,Mittleres Baumholz,562.0,FI (1) / LA (5) / VBE (e) / TA (4),FI (9) / LA (e) / TA (1),high-montane (main area of silver fir),10.0,6.3,,,1.0,,1.0,2,2,2,8,,,,1.0,,,314,Mittleres Baumholz_10,1466.5,1,not_young,0,1,0,Soazza,1000_1500
,10953.0,4.0,Mittleres Baumholz,391.0,FI (9) / LA (1) / BI (e),,high-montane (main area of silver fir),10.0,2.6,,,1.0,,1.0,2,2,2,8,,,,1.0,,,321,Mittleres Baumholz_10,1443.5,1,not_young,0,1,1,Soazza,1000_1500
,10959.0,2.0,Stangenholz,350.0,BAH (e) / TEI (e) / WER (e) / ES (e) / FI (1) / KA (e) / LA (e) / BI (9) / KI (e) / WEI (e) / LI (e),BAH (e) / TEI (e) / ES (e) / FI (10) / KA (e) / LA (e) / LI (e) / ST (e),high-montane (main area of silver fir),10.0,1.7,,,1.0,,,2,2,2,2,,,,,,,324,Stangenholz_10,1141.3,1,not_young,0,1,1,Soazza,1000_1500
,10983.0,5.0,Starkes Baumholz,162.0,FI (e) / LA (10),,upper subalpine,9.0,2.4,,,1.0,,,2,2,2,2,,,,,,,326,Starkes Baumholz_9,1938.0,1,not_young,0,1,1,Soazza,1500_2000
,11018.0,4.0,Mittleres Baumholz,331.0,FI (7) / LA (3) / BI (e) / TA (e),,high-montane (main area of silver fir),10.0,1.8,,,1.0,,,2,2,2,2,,,,,,,330,Mittleres Baumholz_10,1514.9,1,not_young,0,1,1,Soazza,1500_2000
,11045.0,4.0,Mittleres Baumholz,381.0,FI (8) / LA (2),,subalpine,8.0,5.6,,,1.0,,1.0,2,2,2,8,,,,1.0,,,332,Mittleres Baumholz_8,1671.7,1,not_young,0,1,1,Soazza,1500_2000
,11047.0,4.0,Mittleres Baumholz,283.0,FI (e) / LA (10),FI (6) / LA (4) / VBE (e),high-montane (main area of silver fir),10.0,4.9,,,1.0,,,2,2,2,2,,,,,,,333,Mittleres Baumholz_10,1682.6,1,not_young,0,1,1,Soazza,1500_2000
,11053.0,3.0,Schwaches Baumholz,366.0,BAH (e) / FI (10) / LA (e) / BI (e),,high-montane (main area of silver fir),10.0,3.5,,,1.0,1.0,,2,2,8,8,,,,,,,335,Schwaches Baumholz_10,1252.4,1,not_young,1,1,1,Soazza,1000_1500
,11057.0,3.0,Schwaches Baumholz,318.0,FI (1) / LA (9),,subalpine,8.0,2.8,,,1.0,,,2,2,2,2,,,,,,,336,Schwaches Baumholz_8,1829.4,1,not_young,0,1,0,Soazza,1500_2000
,11059.0,3.0,Schwaches Baumholz,453.0,BAH (e) / ES (1) / FI (7) / LA (e) / BI (e) / WEI (e) / MBE (e) / VBE (e) / TA (2),,high-montane (main area of silver fir),10.0,5.9,,,1.0,,1.0,2,2,2,2,,,,0.0,,,337,Schwaches Baumholz_10,1413.4,1,not_young,0,1,0,Soazza,1000_1500
,11060.0,4.0,Mittleres Baumholz,372.0,FI (10) / LA (e),,subalpine,8.0,4.9,,,1.0,,1.0,2,2,2,8,,,,1.0,,,338,Mittleres Baumholz_8,1853.8,1,not_young,0,1,1,Soazza,1500_2000
,11063.0,1.0,Jungwuchs/Dickung,307.0,,AER (6) / FI (3) / LA (1) / VBE (e) / TA (e),high-montane (main area of silver fir),10.0,2.7,,,1.0,,1.0,2,2,2,8,,,,1.0,,,339,Jungwuchs/Dickung_10,1591.7,1,young,0,1,0,Soazza,1500_2000
,11067.0,5.0,Starkes Baumholz,245.0,TEI (2) / FI (5) / KA (2) / LA (e) / BI (e) / LI (1) / ST (e) / TA (e),,high-montane (main area of silver fir),10.0,2.5,,,1.0,,,2,2,2,2,,,,,,,340,Starkes Baumholz_10,1008.0,1,not_young,0,1,1,Soazza,1000_1500
,11087.0,2.0,Stangenholz,60.0,FI (e) / LA (10),,upper subalpine,9.0,5.3,,,1.0,,,2,2,2,2,,,,,,,343,Stangenholz_9,1813.5,1,not_young,0,1,0,Soazza,1500_2000
,11100.0,3.0,Schwaches Baumholz,271.0,TEI (e) / ES (e) / FI (e) / KA (6) / LA (e) / BI (3) / KI (e) / WEI (e) / LI (1),,high-montane (main area of silver fir),10.0,7.9,,,1.0,,,7,7,7,7,,1.0,,,,,345,Schwaches Baumholz_10,825.8999999999999,0,not_young,0,1,0,Soazza,500_1000
,11112.0,3.0,Schwaches Baumholz,115.0,BAH (e) / TEI (4) / LA (e) / BI (2) / AS (1) / MBE (e) / VBE (e) / LI (3),,colline,3.0,5.7,,,1.0,,,2,2,2,2,,,,,,,348,Schwaches Baumholz_3,820.3999999999999,0,not_young,0,1,1,Soazza,500_1000
,11113.0,2.0,Stangenholz,490.0,FI (9) / BI (1) / TA (e),,high-montane (main area of silver fir),10.0,2.5,,,1.0,,1.0,2,2,2,8,,,,1.0,,,349,Stangenholz_10,1193.3,1,not_young,0,1,0,Soazza,1000_1500
,11133.0,2.0,Stangenholz,223.0,BAH (e) / TEI (e) / FI (9) / KA (e) / LA (e) / BI (1) / WEI (e) / LI (e),,high-montane (main area of silver fir),10.0,2.0,,,1.0,1.0,,2,2,8,8,,,,,,,353,Stangenholz_10,1037.5,1,not_young,1,1,1,Soazza,1000_1500
,11176.0,2.0,Stangenholz,305.0,BAH (e) / TEI (e) / WER (e) / ES (e) / FI (1) / KA (e) / LA (e) / BI (9) / KI (e) / WEI (e) / LI (e),BAH (e) / TEI (e) / ES (e) / FI (10) / KA (e) / LA (e) / LI (e) / ST (e),high-montane (main area of silver fir),10.0,1.2,,,1.0,,,2,2,2,2,,,,,,,358,Stangenholz_10,1080.9,1,not_young,0,1,1,Soazza,1000_1500
,11198.0,4.0,Mittleres Baumholz,235.0,FI (e) / LA (10) / TA (e),FI (e) / LA (e) / VBE (e),high-montane (main area of silver fir),10.0,7.4,,,1.0,1.0,,2,2,8,8,,,,,,,362,Mittleres Baumholz_10,1688.2,1,not_young,1,1,1,Soazza,1500_2000
,11203.0,1.0,Jungwuchs/Dickung,247.0,,BAH (e) / ES (e) / FI (3) / LA (1) / BI (6) / WEI (e) / LAB (e) / ST (e),high-montane (main area of silver fir),10.0,3.0,,,1.0,,1.0,2,2,2,8,,,,1.0,,,363,Jungwuchs/Dickung_10,1054.6,1,young,0,1,1,Soazza,1000_1500
,11226.0,4.0,Mittleres Baumholz,510.0,FI (3) / LA (2) / TA (5),FI (7) / LA (e) / BI (e) / WEI (e) / TA (3),high-montane (main area of silver fir),10.0,2.3,,,1.0,,1.0,2,2,2,8,,,,1.0,,,367,Mittleres Baumholz_10,1398.4,1,not_young,0,1,0,Soazza,1000_1500
,11232.0,1.0,Jungwuchs/Dickung,115.0,FI (2) / LA (3) / BI (5) / WEI (e) / VBE (e),,high-montane (main area of silver fir),10.0,1.4,,,1.0,,,2,2,2,2,,,,,,,368,Jungwuchs/Dickung_10,1539.4,1,young,0,1,0,Soazza,1500_2000
,11242.0,4.0,Mittleres Baumholz,340.0,BAH (e) / FI (10) / LA (e) / BI (e) / VBE (e) / TA (e),ST (10),high-montane (main area of silver fir),10.0,2.7,,,1.0,1.0,,2,2,8,8,,,,,,,370,Mittleres Baumholz_10,1418.6,1,not_young,1,1,1,Soazza,1000_1500
,11250.0,3.0,Schwaches Baumholz,178.0,BAH (e) / TEI (2) / ES (1) / KA (e) / BI (3) / WEI (1) / LI (3) / BUL (e),,high-montane (main area of silver fir),10.0,5.0,,,1.0,,,2,2,2,2,,,,,,,373,Schwaches Baumholz_10,1203.2,1,not_young,0,1,1,Soazza,1000_1500
,11253.0,5.0,Starkes Baumholz,301.0,FI (6) / LA (4),,upper subalpine,9.0,5.8,,,1.0,,,2,2,2,2,,,,,,,375,Starkes Baumholz_9,1937.2,1,not_young,0,1,1,Soazza,1500_2000
,11256.0,4.0,Mittleres Baumholz,350.0,FI (8) / LA (2),,high-montane (main area of silver fir),10.0,4.4,,,1.0,,,2,2,2,2,,,,,,,376,Mittleres Baumholz_10,1644.0,1,not_young,0,1,0,Soazza,1500_2000
,11265.0,2.0,Stangenholz,369.0,FI (8) / LA (2),,colline,3.0,0.6,,,1.0,,,2,2,2,2,,,,,,,378,Stangenholz_3,756.1,0,not_young,0,1,1,Soazza,500_1000
,11268.0,5.0,Starkes Baumholz,348.0,FI (4) / LA (6) / BI (e) / VBE (e),FI (9) / LA (1),subalpine,8.0,15.7,,,1.0,,1.0,2,2,2,8,,,,1.0,,,379,Starkes Baumholz_8,1632.1,1,not_young,0,1,0,Soazza,1500_2000
,11273.0,1.0,Jungwuchs/Dickung,246.0,,TEI (e) / FI (10) / LA (e) / BI (e) / ST (e),high-montane (main area of silver fir),10.0,2.4,,,1.0,1.0,,2,2,8,8,,,,,,,381,Jungwuchs/Dickung_10,1433.3,1,young,1,1,1,Soazza,1000_1500
,11293.0,1.0,Jungwuchs/Dickung,76.0,,FI (e) / LA (10),upper subalpine,9.0,2.9,,,1.0,,,2,2,2,2,,,,,,,384,Jungwuchs/Dickung_9,1911.3,1,young,0,1,0,Soazza,1500_2000
,11298.0,4.0,Mittleres Baumholz,520.0,FI (e) / LA (10),FI (10),high-montane (main area of silver fir),10.0,2.6,,,1.0,,1.0,2,2,2,8,,,,1.0,,,386,Mittleres Baumholz_10,1490.5,1,not_young,0,1,0,Soazza,1000_1500
,11299.0,3.0,Schwaches Baumholz,365.0,BAH (e) / TEI (2) / ES (1) / KA (e) / BI (3) / WEI (1) / LI (3) / BUL (e),,high-montane (main area of silver fir),10.0,7.7,,,1.0,,,2,2,2,2,,,,,,,387,Schwaches Baumholz_10,1102.0,1,not_young,0,1,1,Soazza,1000_1500
,11310.0,4.0,Mittleres Baumholz,179.0,FI (7) / LA (3) / BI (e) / TA (e),,high-montane (main area of silver fir),10.0,2.0,,,1.0,,,2,2,2,2,,,,,,,388,Mittleres Baumholz_10,1567.6,1,not_young,0,1,1,Soazza,1500_2000
,11326.0,4.0,Mittleres Baumholz,134.0,FI (9) / LA (1) / BI (e) / VBE (e),AER (e) / FI (4) / LA (1) / BI (5) / LAB (e) / TA (e),high-montane (main area of silver fir),10.0,1.1,,,1.0,,1.0,2,2,2,8,,,,1.0,,,389,Mittleres Baumholz_10,1090.4,1,not_young,0,1,1,Soazza,1000_1500
,11363.0,4.0,Mittleres Baumholz,157.0,FI (1) / LA (9) / BI (e) / VBE (e),FI (2) / LA (8) / BI (e) / VBE (e),upper subalpine,9.0,4.5,,,1.0,,1.0,2,2,2,2,,,,0.0,,,391,Mittleres Baumholz_9,1862.3,1,not_young,0,1,1,Soazza,1500_2000
,11392.0,1.0,Jungwuchs/Dickung,126.0,,BAH (e) / ES (e) / FI (3) / LA (1) / BI (6) / WEI (e) / LAB (e) / ST (e),high-montane (main area of silver fir),10.0,5.4,,,1.0,,1.0,2,2,2,8,,,,1.0,,,394,Jungwuchs/Dickung_10,1244.8,1,young,1,1,1,Soazza,1000_1500
,11449.0,4.0,Mittleres Baumholz,344.0,TEI (e) / FI (8) / LA (2) / BI (e) / AS (e) / MBE (e) / VBE (e) / LI (e) / TA (e),,high-montane (main area of silver fir),10.0,3.5,,,1.0,,,2,2,2,2,,,,,,,402,Mittleres Baumholz_10,1147.6,1,not_young,0,1,1,Soazza,1000_1500
,11463.0,4.0,Mittleres Baumholz,304.0,FI (9) / LA (1),,high-montane (main area of silver fir),10.0,5.8,,,1.0,1.0,,2,2,8,8,,,,,,,404,Mittleres Baumholz_10,1525.6,1,not_young,1,1,1,Soazza,1500_2000
,11464.0,1.0,Jungwuchs/Dickung,92.0,,AER (6) / FI (3) / LA (1) / VBE (e) / TA (e),subalpine,8.0,3.6,,,1.0,,1.0,2,2,2,2,,,,0.0,,,405,Jungwuchs/Dickung_8,1694.6,1,young,0,1,0,Soazza,1500_2000
,11469.0,4.0,Mittleres Baumholz,374.0,BAH (e) / FI (10) / LA (e) / BI (e) / WEI (e) / VBE (e) / TA (e),ST (10),high-montane (main area of silver fir),10.0,11.7,,,1.0,1.0,,2,2,8,8,,,,,,,406,Mittleres Baumholz_10,1300.5,1,not_young,1,1,1,Soazza,1000_1500
,11471.0,2.0,Stangenholz,72.0,LA (10),AER (10),-,5.0,7.6,,,,,,3,3,3,3,,,,,,,408,Stangenholz_5,1941.2,1,not_young,0,1,0,Soazza,1500_2000
,11473.0,2.0,Stangenholz,246.0,AER (e) / FI (6) / LA (4) / BI (e) / WEI (e) / VBE (e) / TA (e),,subalpine,8.0,3.9,,,1.0,,1.0,2,2,2,8,,,,1.0,,,409,Stangenholz_8,1798.4,1,not_young,0,1,0,Soazza,1500_2000
,11498.0,3.0,Schwaches Baumholz,195.0,TEI (e) / ES (1) / FI (e) / KA (3) / BI (4) / WEI (e) / MBE (e) / LI (2),FI (6) / ST (4),colline,3.0,3.5,,,1.0,,,7,7,7,7,,1.0,,,,,411,Schwaches Baumholz_3,745.5,0,not_young,0,1,0,Soazza,500_1000
,11535.0,2.0,Stangenholz,273.0,ES (e) / FI (6) / KA (e) / BI (4) / AS (e) / WEI (e) / LI (e),FI (10) / KA (e),high-montane (main area of silver fir),10.0,3.9,,,1.0,1.0,,2,2,8,8,,,,,,,414,Stangenholz_10,881.7999999999998,0,not_young,1,1,1,Soazza,500_1000
,11543.0,3.0,Schwaches Baumholz,126.0,BAH (e) / TEI (1) / ES (e) / FI (1) / KA (1) / LA (1) / BI (2) / MBE (e) / LI (3) / ST (1),,colline,3.0,12.1,,,1.0,,,2,2,2,2,,,,,,,416,Schwaches Baumholz_3,760.0,0,not_young,0,1,1,Soazza,500_1000
,11566.0,4.0,Mittleres Baumholz,346.0,FI (9) / LA (1) / BI (e) / VBE (e),BAH (e) / FI (10) / LA (e) / BI (e) / WEI (e),high-montane (main area of silver fir),10.0,4.5,,,1.0,1.0,,2,2,8,8,,,,,,,419,Mittleres Baumholz_10,1332.1,1,not_young,1,1,1,Soazza,1000_1500
,11572.0,4.0,Mittleres Baumholz,277.0,TEI (e) / FI (7) / KA (2) / BI (1) / KI (e) / LI (e),FI (e) / ST (10),colline,3.0,2.1,,,1.0,,,2,2,2,2,,,,,,,420,Mittleres Baumholz_3,755.0,0,not_young,0,1,1,Soazza,500_1000
,11634.0,3.0,Schwaches Baumholz,190.0,BAH (e) / TEI (2) / ES (1) / KA (e) / BI (3) / WEI (1) / LI (3) / BUL (e),,high-montane (main area of silver fir),10.0,2.1,,,1.0,,,2,2,2,2,,,,,,,425,Schwaches Baumholz_10,1121.9,1,not_young,0,1,1,Soazza,1000_1500
,11643.0,4.0,Mittleres Baumholz,491.0,FI (8) / LA (2),FI (e) / LA (e) / BI (e) / ST (e),subalpine,8.0,0.7,,,1.0,1.0,,2,2,8,8,,,,,,,427,Mittleres Baumholz_8,1828.2,1,not_young,0,1,1,Soazza,1500_2000
,11660.0,3.0,Schwaches Baumholz,374.0,BAH (2) / TEI (e) / ES (2) / BI (1) / WEI (1) / MBE (e) / VBE (e) / LI (4) / BUL (e) / ST (e),LAB (e),high-montane (main area of silver fir),10.0,2.8,,,1.0,,1.0,2,2,2,8,,,,1.0,,,429,Schwaches Baumholz_10,1037.9,1,not_young,1,1,1,Soazza,1000_1500
,11664.0,1.0,Jungwuchs/Dickung,130.0,FI (6) / LA (4) / TA (e),BAH (e) / FI (3) / LA (e) / WEI (7) / VBE (e) / LAB (e) / TA (e),high-montane (main area of silver fir),10.0,3.2,,,1.0,,1.0,2,2,2,8,,,,1.0,,,431,Jungwuchs/Dickung_10,1417.8,1,young,1,1,1,Soazza,1000_1500
,11672.0,2.0,Stangenholz,202.0,BAH (e) / WER (3) / ES (e) / KA (e) / BI (3) / AS (1) / WEI (1) / LI (2),,colline,3.0,2.7,,1.0,,,,3,3,4,4,,,,,,,435,Stangenholz_3,518.3,0,not_young,0,1,0,Soazza,500_1000
,11723.0,3.0,Schwaches Baumholz,246.0,TEI (e) / WER (1) / ES (1) / FI (1) / KA (2) / BI (4) / KI (e) / WEI (e) / LI (1),FI (8) / ST (2),high-montane (main area of silver fir),10.0,2.5,,,1.0,,,7,7,7,7,,1.0,,,,,439,Schwaches Baumholz_10,863.2999999999998,0,not_young,0,1,0,Soazza,500_1000
,11749.0,5.0,Starkes Baumholz,497.0,FI (7) / LA (e) / TA (3),FI (9) / LA (e) / LAB (e) / TA (1),high-montane (main area of silver fir),10.0,7.9,,,1.0,,1.0,2,2,2,8,,,,1.0,,,441,Starkes Baumholz_10,1617.7,1,not_young,0,1,0,Soazza,1500_2000
,11806.0,1.0,Jungwuchs/Dickung,111.0,,FI (e) / LA (10),subalpine,8.0,0.2,,,1.0,,,2,2,2,2,,,,,,,445,Jungwuchs/Dickung_8,1753.2,1,young,0,1,0,Soazza,1500_2000
,11819.0,4.0,Mittleres Baumholz,314.0,FI (7) / LA (3) / TA (e),,subalpine,8.0,6.1,,,1.0,,,2,2,2,2,,,,,,,447,Mittleres Baumholz_8,1794.0,1,not_young,0,1,1,Soazza,1500_2000
,11865.0,2.0,Stangenholz,378.0,BAH (e) / TEI (e) / WER (e) / ES (e) / FI (1) / KA (e) / LA (e) / BI (9) / KI (e) / WEI (e) / LI (e),BAH (e) / TEI (e) / ES (e) / FI (10) / KA (e) / LA (e) / LI (e) / ST (e),high-montane (main area of silver fir),10.0,2.4,,,1.0,,,2,2,2,2,,,,,,,453,Stangenholz_10,1140.0,1,not_young,0,1,1,Soazza,1000_1500
,11866.0,2.0,Stangenholz,270.0,BAH (e) / TEI (e) / ES (e) / FI (5) / KA (1) / LA (1) / BI (2) / AS (1) / LI (e),AER (e) / FI (4) / KA (e) / LA (e) / BI (1) / AS (e) / VBE (e) / ST (5),high-montane (main area of silver fir),10.0,7.9,,,,,,3,3,3,3,,,,,,,454,Stangenholz_10,1012.5,1,not_young,0,1,0,Soazza,1000_1500
,11868.0,3.0,Schwaches Baumholz,280.0,TEI (1) / ES (e) / FI (1) / KA (1) / LA (e) / BI (5) / WEI (e) / LI (2),FI (1) / ST (9),high-montane (main area of silver fir),10.0,3.7,,,,,,3,3,3,3,,,,,,,456,Schwaches Baumholz_10,877.7,0,not_young,0,1,0,Soazza,500_1000
,11870.0,2.0,Stangenholz,280.0,BAH (e) / TEI (e) / WER (e) / ES (e) / FI (1) / KA (e) / LA (e) / BI (9) / KI (e) / WEI (e) / LI (e),BAH (e) / TEI (e) / ES (e) / FI (10) / KA (e) / LA (e) / LI (e) / ST (e),high-montane (main area of silver fir),10.0,6.9,,,1.0,,,2,2,2,2,,,,,,,457,Stangenholz_10,1036.2,1,not_young,0,1,1,Soazza,1000_1500
,11871.0,3.0,Schwaches Baumholz,192.0,BAH (e) / WER (e) / ES (2) / FI (e) / KA (5) / LA (e) / BI (e) / KI (e) / RO (e) / WEI (e) / LI (3),,colline,3.0,4.7,,,1.0,,,2,2,2,2,,,,,,,458,Schwaches Baumholz_3,553.9,0,not_young,0,1,1,Soazza,500_1000
,11874.0,3.0,Schwaches Baumholz,177.0,TEI (1) / FI (1) / KA (5) / BI (2) / KI (e) / LI (1),FI (e) / KA (e) / LI (e) / ST (10),colline,3.0,2.0,,,1.0,,,7,7,7,7,,1.0,,,,,460,Schwaches Baumholz_3,696.6,0,not_young,0,1,0,Soazza,500_1000
,11882.0,3.0,Schwaches Baumholz,195.0,BAH (e) / TEI (e) / WER (e) / ES (1) / FI (e) / KA (e) / BI (e) / AS (e) / WEI (e) / LI (9) / TA (e),,high-montane (main area of silver fir),10.0,4.4,,,1.0,,,2,2,2,2,,,,,,,461,Schwaches Baumholz_10,688.7,0,not_young,0,1,0,Soazza,500_1000
,11890.0,4.0,Mittleres Baumholz,321.0,FI (9) / LA (1) / BI (e),FI (10) / LA (e) / BI (e) / VBE (e) / ST (e),high-montane (main area of silver fir),10.0,6.3,,,1.0,,1.0,2,2,2,2,,,,0.0,,,462,Mittleres Baumholz_10,1436.5,1,not_young,0,1,1,Soazza,1000_1500
,11929.0,3.0,Schwaches Baumholz,123.0,FI (e) / LA (10) / VBE (e),,upper subalpine,9.0,6.8,,,1.0,,1.0,2,2,2,8,,,,1.0,,,464,Schwaches Baumholz_9,1829.2,1,not_young,0,1,1,Soazza,1500_2000
,11941.0,3.0,Schwaches Baumholz,171.0,BAH (e) / TEI (1) / ES (3) / KA (1) / BI (e) / AS (e) / WEI (e) / LI (5),,colline,3.0,13.5,,,1.0,,,2,2,2,2,,,,,,,466,Schwaches Baumholz_3,620.7,0,not_young,0,1,1,Soazza,500_1000
,11963.0,1.0,Jungwuchs/Dickung,66.0,,FI (e) / LA (10),upper subalpine,9.0,1.2,,,1.0,,,2,2,2,2,,,,,,,468,Jungwuchs/Dickung_9,1851.8,1,young,0,1,0,Soazza,1500_2000
,12010.0,3.0,Schwaches Baumholz,297.0,TEI (3) / WER (e) / ES (e) / KA (e) / BI (2) / WEI (1) / MBE (e) / LI (4),,colline,3.0,3.0,,,1.0,,,2,2,2,2,,,,,,,474,Schwaches Baumholz_3,790.6,0,not_young,0,1,1,Soazza,500_1000
,12019.0,4.0,Mittleres Baumholz,437.0,BAH (e) / FI (5) / LA (5) / BI (e) / VBE (e),ST (10),subalpine,8.0,4.8,,,1.0,1.0,,2,2,8,8,,,,,,,475,Mittleres Baumholz_8,1817.6,1,not_young,0,1,1,Soazza,1500_2000
,12050.0,4.0,Mittleres Baumholz,418.0,FI (4) / LA (1) / TA (5),FI (10) / TA (e),high-montane (main area of silver fir),10.0,3.9,,,1.0,,1.0,2,2,2,8,,,,1.0,,,477,Mittleres Baumholz_10,1430.9,1,not_young,0,1,0,Soazza,1000_1500
,12062.0,3.0,Schwaches Baumholz,240.0,FI (10) / LA (e) / BI (e) / WEI (e),,high-montane (main area of silver fir),10.0,2.2,,,1.0,1.0,,2,2,8,8,,,,,,,480,Schwaches Baumholz_10,998.9,0,not_young,1,1,1,Soazza,500_1000
,12093.0,1.0,Jungwuchs/Dickung,62.0,,FI (e) / LA (10),subalpine,8.0,6.6,,,1.0,,,2,2,2,2,,,,,,,482,Jungwuchs/Dickung_8,1746.6,1,young,0,1,0,Soazza,1500_2000
,12102.0,4.0,Mittleres Baumholz,259.0,TEI (e) / FI (10) / KA (e) / LA (e) / BI (e),,high-montane (main area of silver fir),10.0,6.7,,,1.0,,,2,2,2,2,,,,,,,484,Mittleres Baumholz_10,1365.2,1,not_young,0,1,1,Soazza,1000_1500
,12128.0,4.0,Mittleres Baumholz,134.0,FI (e) / LA (10),FI (e) / LA (10),upper subalpine,9.0,1.2,,,1.0,,,2,2,2,2,,,,,,,486,Mittleres Baumholz_9,1841.1,1,not_young,0,1,0,Soazza,1500_2000
,12148.0,4.0,Mittleres Baumholz,354.0,FI (10) / BI (e),FI (8) / KA (e) / BI (1) / VBE (1) / ST (e),high-montane (main area of silver fir),10.0,6.3,,,1.0,1.0,,2,2,8,8,,,,,,,490,Mittleres Baumholz_10,1298.3,1,not_young,0,1,1,Soazza,1000_1500
,12159.0,4.0,Mittleres Baumholz,157.0,FI (6) / LA (4),FI (10) / LA (e),subalpine,8.0,2.9,,,1.0,1.0,,2,2,8,8,,,,,,,491,Mittleres Baumholz_8,1717.0,1,not_young,1,1,1,Soazza,1500_2000
,12172.0,2.0,Stangenholz,259.0,BAH (e) / TEI (e) / WER (e) / FI (8) / KA (e) / BI (2) / WEI (e) / LI (e),LAB (e),high-montane (main area of silver fir),10.0,3.9,,,1.0,1.0,,2,2,8,8,,,,,,,492,Stangenholz_10,1005.7,1,not_young,1,1,1,Soazza,1000_1500
,12263.0,3.0,Schwaches Baumholz,203.0,TEI (4) / ES (e) / KA (2) / BI (e) / AS (e) / KI (e) / LI (4),,colline,3.0,1.0,,,,,,7,7,7,7,,1.0,,,,,497,Schwaches Baumholz_3,620.6,0,not_young,0,1,0,Soazza,500_1000
,12275.0,4.0,Mittleres Baumholz,173.0,FI (1) / LA (9),FI (5) / LA (5),subalpine,8.0,4.2,,,1.0,1.0,,2,2,8,8,,,,,,,498,Mittleres Baumholz_8,1782.8,1,not_young,1,1,1,Soazza,1500_2000
,12282.0,5.0,Starkes Baumholz,281.0,BAH (e) / ES (e) / FI (10) / LA (e) / BI (e) / AS (e) / WEI (e) / VBE (e) / LI (e) / TA (e),,high-montane (main area of silver fir),10.0,5.6,,,1.0,,1.0,2,2,2,8,,,,1.0,,,499,Starkes Baumholz_10,925.0,0,not_young,1,1,1,Soazza,500_1000
,12297.0,2.0,Stangenholz,112.0,LA (10),AER (10),subalpine,8.0,3.9,,,1.0,,1.0,2,2,2,8,,,,1.0,,,502,Stangenholz_8,1798.8,1,not_young,0,1,0,Soazza,1500_2000
,12343.0,1.0,Jungwuchs/Dickung,234.0,,BAH (e) / TEI (2) / ES (e) / FI (6) / KA (1) / KI (e) / WEI (e) / MBE (e) / VBE (e) / LI (1),high-montane (main area of silver fir),10.0,3.5,,,,,,3,3,3,3,,,,,,,504,Jungwuchs/Dickung_10,888.7999999999998,0,young,0,1,0,Soazza,500_1000
,12360.0,2.0,Stangenholz,416.0,BAH (e) / FI (10) / BI (e),,high-montane (main area of silver fir),10.0,3.2,,,1.0,1.0,1.0,2,2,8,8,,,,0.0,,,507,Stangenholz_10,1208.3,1,not_young,1,1,1,Soazza,1000_1500
,12362.0,4.0,Mittleres Baumholz,316.0,FI (4) / LA (6),,-,5.0,3.5,,,1.0,,1.0,2,2,2,2,,,,0.0,,,508,Mittleres Baumholz_5,1994.3,1,not_young,0,1,1,Soazza,1500_2000
,12367.0,2.0,Stangenholz,295.0,BAH (e) / TEI (e) / WER (e) / ES (e) / FI (1) / KA (e) / LA (e) / BI (9) / KI (e) / WEI (e) / LI (e),BAH (e) / TEI (e) / ES (e) / FI (10) / KA (e) / LA (e) / LI (e) / ST (e),high-montane (main area of silver fir),10.0,4.7,,,1.0,,,7,7,7,7,,1.0,,,,,509,Stangenholz_10,925.9,0,not_young,0,1,0,Soazza,500_1000
,12381.0,2.0,Stangenholz,224.0,WER (e) / ES (e) / FI (e) / KA (e) / BI (10) / WEI (e) / LI (e),WER (e) / FI (10),high-montane (main area of silver fir),10.0,2.3,,,1.0,,,7,7,7,7,,1.0,,,,,511,Stangenholz_10,760.1,0,not_young,0,1,0,Soazza,500_1000
,12392.0,4.0,Mittleres Baumholz,208.0,FI (10) / LA (e) / BI (e) / TA (e),BAH (e) / FI (10) / LA (e) / BI (e) / TA (e),high-montane (main area of silver fir),10.0,3.3,,,1.0,,1.0,2,2,2,8,,,,1.0,,,512,Mittleres Baumholz_10,1500.8,1,not_young,1,1,1,Soazza,1500_2000
,12396.0,4.0,Mittleres Baumholz,250.0,FI (8) / LA (2),,high-montane (main area of silver fir),10.0,8.7,,,1.0,1.0,1.0,2,2,8,8,,,,0.0,,,513,Mittleres Baumholz_10,1646.0,1,not_young,1,1,1,Soazza,1500_2000
,12410.0,3.0,Schwaches Baumholz,142.0,BAH (e) / WER (e) / ES (e) / KA (1) / BI (e) / KI (e) / WEI (e) / LI (9),,colline,3.0,10.0,,,,,,3,3,3,3,,,,,,,515,Schwaches Baumholz_3,519.2,0,not_young,0,1,0,Soazza,500_1000
,12411.0,2.0,Stangenholz,243.0,BAH (e) / TEI (e) / ES (e) / FI (5) / KA (1) / LA (1) / BI (2) / AS (1) / LI (e),AER (e) / FI (4) / KA (e) / LA (e) / BI (1) / AS (e) / VBE (e) / ST (5),high-montane (main area of silver fir),10.0,7.9,,,,,,3,3,3,3,,,,,,,516,Stangenholz_10,1058.9,1,not_young,0,1,0,Soazza,1000_1500
,12413.0,2.0,Stangenholz,86.0,LA (10),,upper subalpine,9.0,3.6,,,1.0,,1.0,2,2,2,2,,,,0.0,,,517,Stangenholz_9,1816.3,1,not_young,0,1,0,Soazza,1500_2000
,12425.0,3.0,Schwaches Baumholz,170.0,TEI (e) / WER (1) / ES (1) / FI (1) / KA (2) / BI (4) / KI (e) / WEI (e) / LI (1),FI (8) / ST (2),high-montane (main area of silver fir),10.0,2.4,,,1.0,,,7,7,7,7,,1.0,,,,,519,Schwaches Baumholz_10,698.8,0,not_young,0,1,0,Soazza,500_1000
,12449.0,3.0,Schwaches Baumholz,166.0,TEI (4) / ES (e) / FI (e) / KA (2) / BI (3) / WEI (e) / MBE (e) / LI (1) / BUL (e),,high-montane (main area of silver fir),10.0,0.9,,,,,,3,3,3,3,,,,,,,520,Schwaches Baumholz_10,1014.0,1,not_young,0,1,0,Soazza,1000_1500
,12457.0,4.0,Mittleres Baumholz,154.0,TEI (2) / WER (e) / ES (e) / FI (e) / KA (4) / BI (2) / KI (e) / LI (2),FI (2) / ST (8),colline,3.0,3.5,,,1.0,,,7,7,7,7,,1.0,,,,,521,Mittleres Baumholz_3,692.2,0,not_young,0,1,0,Soazza,500_1000
,12478.0,2.0,Stangenholz,349.0,FI (6) / LA (4),,high-montane (main area of silver fir),10.0,8.6,,,1.0,,1.0,2,2,2,8,,,,1.0,,,524,Stangenholz_10,1485.6,1,not_young,0,1,1,Soazza,1000_1500
,12499.0,1.0,Jungwuchs/Dickung,386.0,BAH (e) / WER (e) / FI (2) / BI (5) / AS (3) / WEI (e) / LI (e),BAH (e) / FI (2) / BI (7) / WEI (1),high-montane (main area of silver fir),10.0,0.9,,,1.0,,1.0,2,2,2,8,,,,1.0,,,526,Jungwuchs/Dickung_10,991.5,0,young,1,1,1,Soazza,500_1000
,12500.0,2.0,Stangenholz,335.0,BAH (e) / TEI (e) / WER (e) / ES (e) / FI (1) / KA (e) / LA (e) / BI (9) / KI (e) / WEI (e) / LI (e),BAH (e) / TEI (e) / ES (e) / FI (10) / KA (e) / LA (e) / LI (e) / ST (e),high-montane (main area of silver fir),10.0,2.7,,,1.0,,,2,2,2,2,,,,,,,527,Stangenholz_10,1054.8,1,not_young,0,1,1,Soazza,1000_1500
,12527.0,4.0,Mittleres Baumholz,317.0,BAH (1) / ES (e) / FI (9) / LA (e) / BI (e) / KI (e),ES (2) / FI (2) / LA (2) / BI (2) / WEI (e) / VBE (e) / ST (2),high-montane (main area of silver fir),10.0,2.0,,,1.0,1.0,1.0,2,2,8,8,,,,0.0,,,531,Mittleres Baumholz_10,1146.7,1,not_young,1,1,1,Soazza,1000_1500
,12532.0,5.0,Starkes Baumholz,246.0,FI (10) / KA (e) / LA (e),AER (e) / FI (e) / WEI (e) / VBE (e) / ST (10),high-montane (main area of silver fir),10.0,5.7,,,,,1.0,3,3,3,3,,,,0.0,,,532,Starkes Baumholz_10,1242.0,1,not_young,0,1,0,Soazza,1000_1500
,12555.0,4.0,Mittleres Baumholz,342.0,BU (1) / FI (4) / LA (3) / BI (e) / LI (1) / TA (1),,high-montane (main area of silver fir),10.0,4.5,,,1.0,,,2,2,2,2,,,,,,,536,Mittleres Baumholz_10,1210.0,1,not_young,0,1,1,Soazza,1000_1500
,12569.0,4.0,Mittleres Baumholz,163.0,BAH (e) / TEI (e) / ES (e) / FI (10) / KA (e) / LA (e) / BI (e) / MBE (e) / VBE (e) / LI (e),BAH (e) / TEI (e) / FI (e) / KA (e) / BI (e) / ST (10),high-montane (main area of silver fir),10.0,7.0,,,1.0,,1.0,2,2,2,2,,,,0.0,,,537,Mittleres Baumholz_10,775.3999999999999,0,not_young,0,1,1,Soazza,500_1000
,12571.0,2.0,Stangenholz,254.0,FI (e) / LA (10) / TA (e),,subalpine,8.0,1.7,,,1.0,,1.0,2,2,2,8,,,,1.0,,,538,Stangenholz_8,1765.3,1,not_young,0,1,0,Soazza,1500_2000
,12573.0,4.0,Mittleres Baumholz,164.0,BAH (10) / FI (e) / VBE (e),BAH (7) / FI (3),upper subalpine,9.0,4.0,,,1.0,1.0,,2,2,8,8,,,,,,,539,Mittleres Baumholz_9,1900.1,1,not_young,0,1,1,Soazza,1500_2000
,12576.0,3.0,Schwaches Baumholz,416.0,FI (e) / LA (10) / TA (e),FI (6) / LA (4),high-montane (main area of silver fir),10.0,3.5,,,1.0,,1.0,2,2,2,2,,,,0.0,,,540,Schwaches Baumholz_10,1490.0,1,not_young,0,1,0,Soazza,1000_1500
,12582.0,1.0,Jungwuchs/Dickung,241.0,,FI (4) / LA (3) / BI (3) / VBE (e),subalpine,8.0,1.6,,,1.0,1.0,,2,2,8,8,,,,,,,541,Jungwuchs/Dickung_8,1677.8,1,young,1,1,1,Soazza,1500_2000
,12587.0,1.0,Jungwuchs/Dickung,88.0,FI (2) / LA (8),FI (4) / LA (6) / TA (e),high-montane (main area of silver fir),10.0,3.5,,,1.0,1.0,1.0,2,2,8,8,,,,0.0,,,542,Jungwuchs/Dickung_10,1526.4,1,young,1,1,1,Soazza,1500_2000
,12620.0,4.0,Mittleres Baumholz,456.0,FI (4) / LA (3) / TA (3),FI (5) / LA (e) / TA (5),high-montane (main area of silver fir),10.0,6.1,,,1.0,,1.0,2,2,2,8,,,,1.0,,,547,Mittleres Baumholz_10,1518.6,1,not_young,0,1,0,Soazza,1500_2000
,12621.0,4.0,Mittleres Baumholz,128.0,BAH (e) / TEI (e) / ES (2) / FI (2) / KA (e) / LA (3) / KI (e) / MBE (e) / LI (3),,colline,3.0,5.0,,1.0,,,,3,3,4,4,,,,,,,548,Mittleres Baumholz_3,566.4,0,not_young,0,1,0,Soazza,500_1000
,12643.0,5.0,Starkes Baumholz,261.0,FI (3) / LA (3) / BI (e) / MBE (e) / VBE (e) / TA (4),FI (3) / LA (1) / BI (6) / MBE (e) / LAB (e) / TA (e),high-montane (main area of silver fir),10.0,4.7,,,1.0,1.0,1.0,2,2,8,8,,,,0.0,,,552,Starkes Baumholz_10,1333.7,1,not_young,1,1,1,Soazza,1000_1500
,12662.0,3.0,Schwaches Baumholz,326.0,FI (2) / KA (2) / BI (2) / SPA (1) / KI (e) / WEI (1) / LI (2),TEI (1) / KA (5) / LI (4),colline,3.0,2.7,,,1.0,,,2,2,2,2,,,,,,,553,Schwaches Baumholz_3,802.0,0,not_young,0,1,1,Soazza,500_1000
,12674.0,4.0,Mittleres Baumholz,449.0,FI (1) / LA (9) / TA (e),AER (e) / FI (7) / LA (3) / TA (e),high-montane (main area of silver fir),10.0,1.8,,,1.0,,1.0,2,2,2,8,,,,1.0,,,555,Mittleres Baumholz_10,1561.1,1,not_young,0,1,0,Soazza,1500_2000
,12678.0,5.0,Starkes Baumholz,275.0,TEI (e) / ES (e) / FI (10) / KA (e) / RO (e) / MBE (e) / LI (e),,high-montane (main area of silver fir),10.0,3.6,,,1.0,,,2,2,2,2,,,,,,,557,Starkes Baumholz_10,728.6,0,not_young,0,1,1,Soazza,500_1000
,12708.0,4.0,Mittleres Baumholz,288.0,FI (8) / LA (2),,upper subalpine,9.0,2.5,,,1.0,,,2,2,2,2,,,,,,,558,Mittleres Baumholz_9,1964.1,1,not_young,0,1,0,Soazza,1500_2000
,12747.0,2.0,Stangenholz,403.0,BAH (e) / FI (10) / BI (e),ST (10),high-montane (main area of silver fir),10.0,3.2,,,1.0,1.0,,2,2,8,8,,,,,,,563,Stangenholz_10,1126.0,1,not_young,1,1,1,Soazza,1000_1500
,12771.0,3.0,Schwaches Baumholz,331.0,TEI (1) / ES (e) / FI (1) / KA (4) / BI (e) / WEI (e) / MBE (e) / LI (4),ES (e) / FI (e) / KA (e) / MBE (e) / LI (e) / ST (10),colline,3.0,1.4,,,1.0,,,2,2,2,2,,,,,,,565,Schwaches Baumholz_3,763.1,0,not_young,0,1,1,Soazza,500_1000
,12773.0,3.0,Schwaches Baumholz,104.0,TEI (e) / ES (2) / KA (4) / BI (2) / MBE (e) / LI (2),TEI (e) / FI (1) / KA (e) / LI (e) / ST (9) / TA (e),colline,3.0,7.1,,,1.0,,,2,2,2,2,,,,,,,566,Schwaches Baumholz_3,599.0,0,not_young,0,1,1,Soazza,500_1000
,12785.0,2.0,Stangenholz,277.0,FI (6) / LA (1) / TA (3),,high-montane (main area of silver fir),10.0,2.0,,,1.0,,1.0,2,2,2,8,,,,1.0,,,568,Stangenholz_10,1638.9,1,not_young,0,1,0,Soazza,1500_2000
,12809.0,4.0,Mittleres Baumholz,197.0,TEI (e) / FI (8) / LA (2) / BI (e) / AS (e) / MBE (e) / VBE (e) / LI (e) / TA (e),,high-montane (main area of silver fir),10.0,2.6,,,1.0,,,2,2,2,2,,,,,,,572,Mittleres Baumholz_10,1179.4,1,not_young,0,1,1,Soazza,1000_1500
,12810.0,4.0,Mittleres Baumholz,276.0,FI (5) / LA (5),,upper subalpine,9.0,3.8,,,1.0,,1.0,2,2,2,2,,,,0.0,,,573,Mittleres Baumholz_9,1897.4,1,not_young,0,1,1,Soazza,1500_2000
,12816.0,2.0,Stangenholz,92.0,LA (10),AER (10),upper subalpine,9.0,5.0,,,,,,3,3,3,3,,,,,,,574,Stangenholz_9,1924.5,1,not_young,0,1,0,Soazza,1500_2000
,12824.0,3.0,Schwaches Baumholz,319.0,TEI (e) / WER (e) / ES (1) / KA (e) / BI (e) / WEI (e) / MBE (e) / LI (9),,colline,3.0,2.0,,,1.0,,,2,2,2,2,,,,,,,576,Schwaches Baumholz_3,607.7,0,not_young,0,1,1,Soazza,500_1000
,12830.0,3.0,Schwaches Baumholz,372.0,FI (9) / LA (e) / BI (1) / AS (e),,high-montane (main area of silver fir),10.0,2.9,,,1.0,,1.0,2,2,2,8,,,,1.0,,,577,Schwaches Baumholz_10,1086.3,1,not_young,0,1,1,Soazza,1000_1500
,12849.0,4.0,Mittleres Baumholz,300.0,FI (9) / LA (1),,subalpine,8.0,2.7,,,1.0,1.0,,2,2,8,8,,,,,,,579,Mittleres Baumholz_8,1733.4,1,not_young,1,1,1,Soazza,1500_2000
,12860.0,2.0,Stangenholz,334.0,BAH (e) / TEI (e) / WER (e) / ES (e) / FI (1) / KA (e) / LA (e) / BI (9) / KI (e) / WEI (e) / LI (e),BAH (e) / TEI (e) / ES (e) / FI (10) / KA (e) / LA (e) / LI (e) / ST (e),high-montane (main area of silver fir),10.0,2.2,,,1.0,,,2,2,2,2,,,,,,,580,Stangenholz_10,1198.4,1,not_young,0,1,1,Soazza,1000_1500
,12873.0,4.0,Mittleres Baumholz,384.0,BAH (e) / FI (10) / LA (e) / BI (e) / VBE (e),FI (10) / LA (e),high-montane (main area of silver fir),10.0,4.1,,,1.0,1.0,,2,2,8,8,,,,,,,582,Mittleres Baumholz_10,1589.9,1,not_young,1,1,1,Soazza,1500_2000
,12882.0,3.0,Schwaches Baumholz,236.0,BAH (e) / TEI (4) / LA (e) / BI (2) / AS (1) / MBE (e) / VBE (e) / LI (3),,high-montane (main area of silver fir),10.0,3.3,,,1.0,,,2,2,2,2,,,,,,,583,Schwaches Baumholz_10,1315.5,1,not_young,0,1,1,Soazza,1000_1500
,12883.0,4.0,Mittleres Baumholz,413.0,FI (e) / LA (10) / VBE (e) / ST (e),,upper subalpine,9.0,2.5,,,1.0,1.0,,2,2,8,8,,,,,,,584,Mittleres Baumholz_9,1946.3,1,not_young,0,1,1,Soazza,1500_2000
,12889.0,4.0,Mittleres Baumholz,428.0,FI (8) / LA (2),FI (e) / LA (e) / BI (e) / ST (e),subalpine,8.0,4.2,,,1.0,1.0,,2,2,8,8,,,,,,,585,Mittleres Baumholz_8,1692.2,1,not_young,0,1,1,Soazza,1500_2000
,12902.0,3.0,Schwaches Baumholz,125.0,BU (e) / TEI (4) / KA (2) / BI (1) / LI (3),,high-montane (main area of silver fir),10.0,2.0,,,1.0,,,2,2,2,2,,,,,,,587,Schwaches Baumholz_10,922.4,0,not_young,0,1,1,Soazza,500_1000
,12908.0,3.0,Schwaches Baumholz,137.0,TEI (e) / WER (1) / ES (1) / FI (1) / KA (2) / BI (4) / KI (e) / WEI (e) / LI (1),FI (8) / ST (2),high-montane (main area of silver fir),10.0,3.3,,,1.0,,,7,7,7,7,,1.0,,,,,588,Schwaches Baumholz_10,777.2,0,not_young,0,1,0,Soazza,500_1000
,12912.0,2.0,Stangenholz,377.0,BAH (e) / FI (9) / LA (e) / BI (1) / WEI (e),BAH (e) / FI (10) / BI (e) / VBE (e) / LAB (e),high-montane (main area of silver fir),10.0,1.4,,,1.0,1.0,,2,2,8,8,,,,,,,589,Stangenholz_10,1257.1,1,not_young,1,1,1,Soazza,1000_1500
,12926.0,2.0,Stangenholz,322.0,BAH (e) / TEI (e) / WER (e) / ES (e) / FI (1) / KA (e) / LA (e) / BI (9) / KI (e) / WEI (e) / LI (e),BAH (e) / TEI (e) / ES (e) / FI (10) / KA (e) / LA (e) / LI (e) / ST (e),high-montane (main area of silver fir),10.0,2.0,,,1.0,,,2,2,2,2,,,,,,,592,Stangenholz_10,1205.3,1,not_young,0,1,1,Soazza,1000_1500
,12986.0,2.0,Stangenholz,207.0,FI (2) / LA (7) / BI (e) / VBE (e) / TA (1),AER (10),subalpine,8.0,1.7,,,1.0,,1.0,2,2,2,2,,,,0.0,,,596,Stangenholz_8,1895.1,1,not_young,0,1,0,Soazza,1500_2000
,12998.0,4.0,Mittleres Baumholz,326.0,FI (10) / LA (e) / VBE (e),FI (10) / LA (e),subalpine,8.0,6.8,,,1.0,,1.0,2,2,2,8,,,,1.0,,,597,Mittleres Baumholz_8,1678.3,1,not_young,0,1,1,Soazza,1500_2000
,13007.0,3.0,Schwaches Baumholz,234.0,BAH (e) / TEI (3) / ES (1) / BI (1) / AS (2) / WEI (e) / LI (3),,high-montane (main area of silver fir),10.0,1.6,,,1.0,,,2,2,2,2,,,,,,,600,Schwaches Baumholz_10,1166.1,1,not_young,0,1,0,Soazza,1000_1500
,13010.0,4.0,Mittleres Baumholz,328.0,FI (6) / LA (4),,upper subalpine,9.0,8.4,,,1.0,,,2,2,2,2,,,,,,,601,Mittleres Baumholz_9,1921.6,1,not_young,0,1,1,Soazza,1500_2000
,13029.0,4.0,Mittleres Baumholz,245.0,FI (7) / LA (3) / BI (e) / TA (e),,high-montane (main area of silver fir),10.0,4.8,,,1.0,,,2,2,2,2,,,,,,,605,Mittleres Baumholz_10,1436.9,1,not_young,0,1,1,Soazza,1000_1500
,13041.0,5.0,Starkes Baumholz,260.0,FI (4) / LA (6) / VBE (e),AER (e) / FI (6) / LA (1) / BI (3) / WEI (e) / VBE (e),high-montane (main area of silver fir),10.0,3.6,,,1.0,1.0,,2,2,8,8,,,,,,,606,Starkes Baumholz_10,1358.3,1,not_young,1,1,1,Soazza,1000_1500
,13044.0,3.0,Schwaches Baumholz,300.0,FI (e) / LA (10) / VBE (e),,subalpine,8.0,1.5,,,1.0,,1.0,2,2,2,2,,,,0.0,,,608,Schwaches Baumholz_8,1813.9,1,not_young,0,1,1,Soazza,1500_2000
,13059.0,4.0,Mittleres Baumholz,265.0,FI (7) / LA (3) / BI (e) / TA (e),,subalpine,8.0,3.1,,,1.0,,,2,2,2,2,,,,,,,611,Mittleres Baumholz_8,1637.6,1,not_young,0,1,1,Soazza,1500_2000
,13080.0,3.0,Schwaches Baumholz,534.0,BAH (e) / FI (4) / LA (e) / MBE (e) / VBE (e) / TA (6),,high-montane (main area of silver fir),10.0,6.2,,,1.0,,1.0,2,2,2,8,,,,1.0,,,613,Schwaches Baumholz_10,1203.0,1,not_young,0,1,0,Soazza,1000_1500
,13131.0,2.0,Stangenholz,366.0,ES (e) / FI (1) / KA (e) / BI (8) / AS (1) / WEI (e) / LI (e),FI (9) / KA (1) / BI (e) / AS (e) / LI (e),high-montane (main area of silver fir),10.0,0.7,,,1.0,1.0,,2,2,8,8,,,,,,,615,Stangenholz_10,870.5,0,not_young,1,1,1,Soazza,500_1000
,13144.0,5.0,Starkes Baumholz,351.0,BAH (e) / TEI (e) / FI (10) / KA (e) / LA (e) / BI (e) / KI (e) / WEI (e) / MBE (e) / VBE (e) / LI (e),,high-montane (main area of silver fir),10.0,7.6,,,1.0,1.0,,2,2,8,8,,,,,,,617,Starkes Baumholz_10,986.3,0,not_young,1,1,1,Soazza,500_1000
,13160.0,3.0,Schwaches Baumholz,140.0,BAH (e) / TEI (e) / WER (e) / FI (7) / KA (e) / BI (3) / WEI (e) / LI (e),,high-montane (main area of silver fir),10.0,3.4,,,1.0,,,7,7,7,7,,1.0,,,,,619,Schwaches Baumholz_10,859.1,0,not_young,0,1,0,Soazza,500_1000
,13161.0,5.0,Starkes Baumholz,202.0,ES (e) / FI (10) / BI (e) / MBE (e) / VBE (e) / TA (e),,high-montane (main area of silver fir),10.0,2.2,,,1.0,,,2,2,2,2,,,,,,,620,Starkes Baumholz_10,737.5,0,not_young,0,1,0,Soazza,500_1000
,13166.0,4.0,Mittleres Baumholz,526.0,FI (3) / LA (7) / TA (e),,high-montane (main area of silver fir),10.0,3.1,,,,,1.0,3,3,3,3,,,,0.0,,,621,Mittleres Baumholz_10,1454.6,1,not_young,0,1,0,Soazza,1000_1500
,13172.0,1.0,Jungwuchs/Dickung,332.0,BAH (e) / FI (10) / BI (e) / MBE (e) / VBE (e) / ST (e),,high-montane (main area of silver fir),10.0,4.4,,,1.0,1.0,,2,2,8,8,,,,,,,622,Jungwuchs/Dickung_10,1166.9,1,young,1,1,1,Soazza,1000_1500
,13199.0,5.0,Starkes Baumholz,281.0,BAH (e) / FI (10) / LA (e) / BI (e) / LI (e) / TA (e),,high-montane (main area of silver fir),10.0,2.8,,,1.0,1.0,,2,2,8,8,,,,,,,624,Starkes Baumholz_10,1351.5,1,not_young,0,1,1,Soazza,1000_1500
,13210.0,5.0,Starkes Baumholz,337.0,FI (10) / KA (e) / LA (e) / BI (e) / MBE (e) / VBE (e) / TA (e),LAB (e),high-montane (main area of silver fir),10.0,4.7,,,1.0,,1.0,2,2,2,2,,,,0.0,,,625,Starkes Baumholz_10,1252.3,1,not_young,0,1,1,Soazza,1000_1500
,13216.0,3.0,Schwaches Baumholz,258.0,AER (e) / FI (4) / LA (6) / VBE (e) / TA (e),FI (8) / LA (2) / TA (e),high-montane (main area of silver fir),10.0,5.2,,,1.0,,1.0,2,2,2,2,,,,0.0,,,626,Schwaches Baumholz_10,1525.1,1,not_young,0,1,0,Soazza,1500_2000
,13244.0,1.0,Jungwuchs/Dickung,81.0,,FI (e) / LA (10),subalpine,8.0,2.2,,,1.0,,,2,2,2,2,,,,,,,627,Jungwuchs/Dickung_8,1765.0,1,young,0,1,0,Soazza,1500_2000
,13271.0,2.0,Stangenholz,388.0,FI (5) / KA (1) / LA (4),FI (8) / KA (2) / LA (e) / BI (e) / VBE (e) / ST (e),colline,3.0,0.7,,,1.0,,,2,2,2,2,,,,,,,628,Stangenholz_3,814.3999999999999,0,not_young,0,1,1,Soazza,500_1000
,13276.0,2.0,Stangenholz,176.0,LA (10),AER (10),upper subalpine,9.0,6.7,,,1.0,,,2,2,2,2,,,,,,,629,Stangenholz_9,1840.0,1,not_young,0,1,0,Soazza,1500_2000
,13290.0,3.0,Schwaches Baumholz,199.0,BU (1) / TEI (2) / KA (e) / BI (6) / KI (1),,high-montane (main area of silver fir),10.0,4.2,,,1.0,,,2,2,2,2,,,,,,,632,Schwaches Baumholz_10,1123.9,1,not_young,0,1,1,Soazza,1000_1500
,13306.0,3.0,Schwaches Baumholz,179.0,TEI (1) / KA (1) / BI (4) / LI (4),,colline,3.0,6.8,,,1.0,,,2,2,2,2,,,,,,,635,Schwaches Baumholz_3,721.8999999999999,0,not_young,0,1,1,Soazza,500_1000
,13338.0,2.0,Stangenholz,149.0,ES (3) / BI (2) / WEI (3) / LI (2),,colline,3.0,1.2,,,1.0,,,2,2,2,2,,,,,,,638,Stangenholz_3,592.8,0,not_young,0,1,0,Soazza,500_1000
,13339.0,3.0,Schwaches Baumholz,166.0,BAH (e) / TEI (3) / ES (1) / BI (1) / AS (2) / WEI (e) / LI (3),,high-montane (main area of silver fir),10.0,7.2,,,1.0,,,2,2,2,2,,,,,,,639,Schwaches Baumholz_10,963.9,0,not_young,0,1,0,Soazza,500_1000
,13358.0,4.0,Mittleres Baumholz,117.0,BAH (e) / TEI (e) / ES (e) / FI (5) / KA (e) / LA (1) / BI (1) / WEI (e) / LI (3) / TA (e),,high-montane (main area of silver fir),10.0,5.3,,,1.0,,1.0,2,2,2,2,,,,0.0,,,643,Mittleres Baumholz_10,788.7999999999998,0,not_young,0,1,0,Soazza,500_1000
,13370.0,1.0,Jungwuchs/Dickung,27.0,,FI (e) / LA (10),subalpine,8.0,3.5,,,1.0,,,2,2,2,2,,,,,,,644,Jungwuchs/Dickung_8,1746.2,1,young,0,1,0,Soazza,1500_2000
,105024.0,3.0,Schwaches Baumholz,290.0,BU (3) / FI (3) / LA (2),,subalpine,8.0,1.9,1.0,,,,,1,1,1,1,,,,,,,2702,Schwaches Baumholz_8,1699.7,1,not_young,0,0,0,Leggia,1500_2000
,105028.0,4.0,Mittleres Baumholz,303.0,BU (4) / FI (1) / LA (1),,lower/upper montane,7.0,1.4,1.0,,,,,1,1,1,1,,,,,,,2706,Mittleres Baumholz_7,1017.1,1,not_young,0,0,0,Leggia,1000_1500
,105061.0,3.0,Schwaches Baumholz,292.0,BU (1) / ES (6) / NU (e) / OST (e) / KI (1) / LI (2),SAH (1) / BU (e) / TEI (e) / ES (1) / HAS (7) / UST (1),colline,3.0,0.5,,,,,,3,3,3,3,,,,,,,2721,Schwaches Baumholz_3,341.9,0,not_young,0,0,0,Leggia,300_500
,105063.0,4.0,Mittleres Baumholz,76.0,KA (10) / KI (e),,colline,3.0,0.7,,,1.0,,,7,7,7,7,,1.0,,,,,2722,Mittleres Baumholz_3,335.2,0,not_young,0,0,0,Leggia,300_500
,105064.0,4.0,Mittleres Baumholz,122.0,KA (10),,colline,3.0,0.6,,,1.0,,,7,7,7,7,,1.0,,,,,2723,Mittleres Baumholz_3,352.0,0,not_young,0,0,0,Leggia,300_500
,105065.0,5.0,Starkes Baumholz,136.0,KA (10) / KI (e),ES (1) / KA (3) / HAS (4) / UST (2),colline,3.0,1.6,,,1.0,,,7,7,7,7,,1.0,,,,,2724,Starkes Baumholz_3,341.9,0,not_young,0,0,0,Leggia,300_500
,105092.0,3.0,Schwaches Baumholz,245.0,FI (3) / LA (7),,-,5.0,2.0,,,,,,3,1,3,3,1.0,,,,,,2736,Schwaches Baumholz_5,1993.9,1,not_young,0,0,0,Leggia,1500_2000
,105093.0,4.0,Mittleres Baumholz,307.0,FI (4) / LA (6),,subalpine,8.0,0.7,,,,,,3,1,3,3,1.0,,,,,,2737,Mittleres Baumholz_8,1881.2,1,not_young,0,0,0,Leggia,1500_2000
,105136.0,3.0,Schwaches Baumholz,296.0,FI (6) / LA (3) / TA (1),,high-montane (main area of silver fir),10.0,1.4,1.0,,,,,1,1,1,1,,,,,,,2778,Schwaches Baumholz_10,1670.9,1,not_young,0,0,0,Leggia,1500_2000
,105138.0,2.0,Stangenholz,228.0,BU (3),,lower/upper montane,7.0,1.1,1.0,,,,,1,1,1,1,,,,,,,2779,Stangenholz_7,1236.0,1,not_young,0,0,0,Leggia,1000_1500
,105139.0,2.0,Stangenholz,220.0,BU (2) / FI (2) / TA (1),,lower/upper montane,7.0,1.1,1.0,,,,,1,1,1,1,,,,,,,2780,Stangenholz_7,1320.0,1,not_young,0,0,0,Leggia,1000_1500
,105140.0,4.0,Mittleres Baumholz,336.0,BU (3) / FI (3) / TA (3),,lower/upper montane,7.0,2.2,1.0,,,,,1,1,1,1,,,,,,,2781,Mittleres Baumholz_7,1237.7,1,not_young,0,0,0,Leggia,1000_1500
,105141.0,3.0,Schwaches Baumholz,234.0,LA (10),,subalpine,8.0,2.4,1.0,,,,,1,1,1,1,,,,,,,2782,Schwaches Baumholz_8,1726.6,1,not_young,0,0,0,Leggia,1500_2000
,105142.0,4.0,Mittleres Baumholz,268.0,BU (2) / TA (3),,lower/upper montane,7.0,1.9,1.0,,,,,1,1,1,1,,,,,,,2783,Mittleres Baumholz_7,1222.6,1,not_young,0,0,0,Leggia,1000_1500
,105143.0,4.0,Mittleres Baumholz,231.0,FI (2) / LA (1) / TA (6),,lower/upper montane,7.0,4.4,1.0,,,,,1,1,1,1,,,,,,,2784,Mittleres Baumholz_7,1431.8,1,not_young,0,0,0,Leggia,1000_1500
,105144.0,3.0,Schwaches Baumholz,346.0,FI (4) / LA (2) / TA (4),,lower/upper montane,7.0,5.2,1.0,,,,,1,1,1,1,,,,,,,2785,Schwaches Baumholz_7,1427.5,1,not_young,0,0,0,Leggia,1000_1500
,105145.0,2.0,Stangenholz,270.0,FI (4) / LA (2) / TA (3),,lower/upper montane,7.0,2.6,1.0,,,,,1,1,1,1,,,,,,,2786,Stangenholz_7,1386.3,1,not_young,0,0,0,Leggia,1000_1500
,105224.0,3.0,Schwaches Baumholz,310.0,BU (5) / FI (1) / LA (2),,lower/upper montane,7.0,1.2,1.0,,,,,1,1,1,1,,,,,,,2794,Schwaches Baumholz_7,1255.6,1,not_young,0,0,0,Leggia,1000_1500
,105225.0,4.0,Mittleres Baumholz,319.0,BU (2) / FI (4) / LA (4),,lower/upper montane,7.0,0.5,1.0,,,,,1,1,1,1,,,,,,,2795,Mittleres Baumholz_7,1148.0,1,not_young,0,0,0,Leggia,1000_1500
,105263.0,2.0,Stangenholz,158.0,TEI (e) / ES (1) / FI (e) / KA (5) / KI (e) / RO (3) / LI (1) / STP (e) / WFO (e),FI (2) / KA (4) / KI (e) / RO (1) / STP (1) / HAS (2),colline,3.0,0.6,,,1.0,,,6,6,6,6,,,1.0,,,,2821,Stangenholz_3,367.6,0,not_young,0,0,0,Leggia,300_500
,105281.0,4.0,Mittleres Baumholz,230.0,FI (3) / LA (7),,subalpine,8.0,1.5,,,,,,3,1,3,3,1.0,,,,,,2837,Mittleres Baumholz_8,1816.3,1,not_young,0,0,0,Leggia,1500_2000
,105282.0,4.0,Mittleres Baumholz,251.0,FI (9) / LA (1),,subalpine,8.0,1.8,,,,,,3,1,3,3,1.0,,,,,,2838,Mittleres Baumholz_8,1809.2,1,not_young,0,0,0,Leggia,1500_2000
,105283.0,3.0,Schwaches Baumholz,245.0,FI (2) / LA (8),,-,5.0,0.8,,,,,,3,1,3,3,1.0,,,,,,2839,Schwaches Baumholz_5,2049.1,1,not_young,0,0,0,Leggia,2000_2500
,105332.0,4.0,Mittleres Baumholz,396.0,BU (3) / FI (1),,lower/upper montane,7.0,1.2,1.0,,,,,1,1,1,1,,,,,,,2866,Mittleres Baumholz_7,1333.2,1,not_young,0,0,0,Leggia,1000_1500
,105333.0,4.0,Mittleres Baumholz,386.0,BU (3),,lower/upper montane,7.0,1.3,1.0,,,,,1,1,1,1,,,,,,,2867,Mittleres Baumholz_7,1153.2,1,not_young,0,0,0,Leggia,1000_1500
,105334.0,3.0,Schwaches Baumholz,335.0,BU (1) / FI (5) / LA (1) / TA (2),,high-montane (main area of silver fir),10.0,0.6,1.0,,,,,1,1,1,1,,,,,,,2868,Schwaches Baumholz_10,1507.2,1,not_young,0,0,0,Leggia,1500_2000
,105335.0,4.0,Mittleres Baumholz,336.0,BU (4),,lower/upper montane,7.0,2.3,1.0,,,,,1,1,1,1,,,,,,,2869,Mittleres Baumholz_7,1314.6,1,not_young,0,0,0,Leggia,1000_1500
,105336.0,1.0,Jungwuchs/Dickung,259.0,BU (3),,lower/upper montane,7.0,0.4,1.0,,,,,1,1,1,1,,,,,,,2870,Jungwuchs/Dickung_7,1203.8,1,young,0,0,0,Leggia,1000_1500
,105337.0,2.0,Stangenholz,281.0,BU (2) / FI (2),,lower/upper montane,7.0,0.7,1.0,,,,,1,1,1,1,,,,,,,2871,Stangenholz_7,1362.1,1,not_young,0,0,0,Leggia,1000_1500
,105338.0,4.0,Mittleres Baumholz,298.0,BU (2),,lower/upper montane,7.0,1.2,1.0,,,,,1,1,1,1,,,,,,,2872,Mittleres Baumholz_7,1074.5,1,not_young,0,0,0,Leggia,1000_1500
,105339.0,4.0,Mittleres Baumholz,396.0,BU (1),,lower/upper montane,7.0,1.4,1.0,,,,,1,1,1,1,,,,,,,2873,Mittleres Baumholz_7,1025.9,1,not_young,0,0,0,Leggia,1000_1500
,105340.0,3.0,Schwaches Baumholz,246.0,BU (2),,colline with beech,2.0,1.1,1.0,,,,,1,1,1,1,,,,,,,2874,Schwaches Baumholz_2,936.7,0,not_young,0,0,0,Leggia,500_1000
,105341.0,4.0,Mittleres Baumholz,354.0,BU (3),,lower/upper montane,7.0,1.4,1.0,,,,,1,1,1,1,,,,,,,2875,Mittleres Baumholz_7,910.6,0,not_young,0,0,0,Leggia,500_1000
,105468.0,3.0,Schwaches Baumholz,244.0,ES (1) / FI (e) / KA (5) / KI (e) / LI (4),ES (3) / FI (1) / KA (3) / KI (e) / LI (1) / HAS (2),colline,3.0,0.4,,,1.0,,,2,2,2,2,,,,,,,2915,Schwaches Baumholz_3,404.5,0,not_young,0,0,1,Leggia,300_500
,105470.0,2.0,Stangenholz,201.0,ES (2) / RO (7) / ULB (1),ES (1) / RO (7) / HAS (1) / HOL (1),colline,3.0,0.5,,,1.0,,,2,2,2,2,,,,,,,2917,Stangenholz_3,332.6,0,not_young,0,0,0,Leggia,300_500
,105472.0,4.0,Mittleres Baumholz,152.0,SAH (1) / BAH (e) / ES (3) / KA (3) / KI (1) / LI (2),SAH (1) / BAH (e) / ES (2) / KA (2) / KI (e) / HAS (4) / UST (1),colline,3.0,0.8,,,,,,3,3,3,3,,,,,,,2919,Mittleres Baumholz_3,341.3,0,not_young,0,0,0,Leggia,300_500
,105537.0,4.0,Mittleres Baumholz,342.0,BU (3),,lower/upper montane,7.0,1.2,1.0,,,,,1,1,1,1,,,,,,,2960,Mittleres Baumholz_7,1112.7,1,not_young,0,0,0,Leggia,1000_1500
,105539.0,3.0,Schwaches Baumholz,259.0,FI (7) / LA (3),,high-montane (main area of silver fir),10.0,1.1,1.0,,,,,1,1,1,1,,,,,,,2962,Schwaches Baumholz_10,1626.1,1,not_young,0,0,0,Leggia,1500_2000
,105540.0,3.0,Schwaches Baumholz,221.0,FI (4) / LA (6),,subalpine,8.0,1.1,1.0,,,,,1,1,1,1,,,,,,,2963,Schwaches Baumholz_8,1774.3,1,not_young,0,0,0,Leggia,1500_2000
,105676.0,2.0,Stangenholz,94.0,,,lower/upper montane,7.0,0.7,1.0,,,,,1,1,1,1,,,,,,,3011,Stangenholz_7,881.6,0,not_young,0,0,0,Leggia,500_1000
,105690.0,4.0,Mittleres Baumholz,302.0,FI (1) / LA (1) / TA (1),,lower/upper montane,7.0,1.2,1.0,,,,,1,1,1,1,,,,,,,3022,Mittleres Baumholz_7,1364.5,1,not_young,0,0,0,Leggia,1000_1500
,105691.0,3.0,Schwaches Baumholz,254.0,FI (2) / LA (2) / TA (1),,lower/upper montane,7.0,1.9,1.0,,,,,1,1,1,1,,,,,,,3023,Schwaches Baumholz_7,1249.7,1,not_young,0,0,0,Leggia,1000_1500
,105717.0,2.0,Stangenholz,187.0,,,colline with beech,2.0,2.3,,,1.0,,,2,2,2,2,,,,,,,3042,Stangenholz_2,735.7999999999998,0,not_young,0,0,0,Leggia,500_1000
,105718.0,3.0,Schwaches Baumholz,109.0,TEI (6) / ES (1) / KA (2) / BI (1),TEI (3) / ES (1) / KA (3) / BI (1) / MBE (2),colline with beech,2.0,2.7,0.0,,,,,3,1,3,3,1.0,,,,,,3043,Schwaches Baumholz_2,618.7,0,not_young,0,0,0,Leggia,500_1000
,105719.0,2.0,Stangenholz,180.0,,,colline with beech,2.0,0.5,,,1.0,,,2,2,2,2,,,,,,,3044,Stangenholz_2,622.3,0,not_young,0,0,0,Leggia,500_1000
,105720.0,3.0,Schwaches Baumholz,193.0,TEI (9) / KA (1) / BI (e),TEI (3) / KA (2) / BI (1) / MBE (3) / UST (1),colline with beech,2.0,5.3,,,1.0,,,2,2,2,2,,,,,,,3045,Schwaches Baumholz_2,638.5,0,not_young,0,0,0,Leggia,500_1000
,105721.0,2.0,Stangenholz,152.0,ES (3) / KA (2) / BI (3) / KI (1) / LI (1) / ULB (e),ES (2) / KA (1) / BI (1) / LI (1) / HAS (5),colline with beech,2.0,0.2,,,1.0,,,2,2,2,2,,,,,,,3046,Stangenholz_2,343.1,0,not_young,0,0,0,Leggia,300_500
,105722.0,3.0,Schwaches Baumholz,167.0,ES (1) / KA (6) / BI (1) / LI (2),BAH (e) / ES (1) / KA (2) / BI (1) / LI (1) / HAS (5),colline with beech,2.0,0.3,,,,,,6,6,6,6,,,1.0,,,,3047,Schwaches Baumholz_2,348.9,0,not_young,0,0,0,Leggia,300_500
,105723.0,4.0,Mittleres Baumholz,213.0,ES (5) / KA (4) / KI (1) / LI (e) / ULB (e),ES (2) / KA (e) / LI (e) / HAS (8) / UST (e),colline with beech,2.0,2.0,,,1.0,,,7,7,7,7,,1.0,,,,,3048,Mittleres Baumholz_2,341.6,0,not_young,0,0,0,Leggia,300_500
,105873.0,2.0,Stangenholz,139.0,KA (8) / BI (e) / AS (1) / KI (e) / LI (e) / WFO (1),FI (e) / KA (8) / HAS (2),colline with beech,2.0,1.3,,,1.0,,,6,6,6,6,,,1.0,,,,3105,Stangenholz_2,361.6,0,not_young,0,0,0,Leggia,300_500
,105874.0,3.0,Schwaches Baumholz,269.0,SER (2) / ES (3) / KA (4) / AS (1) / RO (e),ES (2) / FI (e) / KA (3) / RO (e) / HAS (5),colline,3.0,0.5,,,1.0,,,6,6,6,6,,,1.0,,,,3106,Schwaches Baumholz_3,387.3,0,not_young,0,0,0,Leggia,300_500
,105879.0,3.0,Schwaches Baumholz,271.0,KA (9) / BI (1),KA (4) / HAS (6),colline,3.0,3.4,,,1.0,,,2,2,2,2,,,,,,,3110,Schwaches Baumholz_3,687.3,0,not_young,0,0,0,Leggia,500_1000
,105880.0,3.0,Schwaches Baumholz,236.0,SER (e) / ES (e) / KA (8) / BI (2),ES (e) / KA (2) / HAS (8),colline,3.0,1.4,,,1.0,,,2,2,2,2,,,,,,,3111,Schwaches Baumholz_3,575.2,0,not_young,0,0,0,Leggia,500_1000
,105909.0,3.0,Schwaches Baumholz,328.0,BU (4) / FI (3),,lower/upper montane,7.0,0.9,1.0,,,,,1,1,1,1,,,,,,,3127,Schwaches Baumholz_7,1332.8,1,not_young,0,0,0,Leggia,1000_1500
,105910.0,3.0,Schwaches Baumholz,333.0,BU (6) / FI (1) / LA (1),,high-montane (main area of silver fir),10.0,1.0,1.0,,,,,1,1,1,1,,,,,,,3128,Schwaches Baumholz_10,1379.1,1,not_young,0,0,0,Leggia,1000_1500
,105911.0,4.0,Mittleres Baumholz,358.0,BU (1) / FI (6) / LA (3),,high-montane (main area of silver fir),10.0,1.1,1.0,,,,,1,1,1,1,,,,,,,3129,Mittleres Baumholz_10,1408.9,1,not_young,0,0,0,Leggia,1000_1500
,105912.0,1.0,Jungwuchs/Dickung,360.0,BU (3) / FI (1) / LA (2),,lower/upper montane,7.0,0.7,0.0,,,,,3,3,3,3,,,,,,,3130,Jungwuchs/Dickung_7,1159.8,1,young,0,0,0,Leggia,1000_1500
,105914.0,3.0,Schwaches Baumholz,266.0,FI (3) / LA (3) / TA (2),,high-montane (main area of silver fir),10.0,3.2,1.0,,,,,1,1,1,1,,,,,,,3132,Schwaches Baumholz_10,1504.1,1,not_young,0,0,0,Leggia,1500_2000
,105917.0,2.0,Stangenholz,155.0,FI (4) / TA (4),,high-montane (main area of silver fir),10.0,0.6,1.0,,,,,1,1,1,1,,,,,,,3135,Stangenholz_10,1460.2,1,not_young,0,0,0,Leggia,1000_1500
,105923.0,3.0,Schwaches Baumholz,239.0,SAH (e) / KA (9) / LI (1),SAH (e) / ES (e) / KA (4) / AS (e) / HAS (6),colline,3.0,0.4,,,,,,3,3,3,3,,,,,,,3139,Schwaches Baumholz_3,354.3,0,not_young,0,0,0,Leggia,300_500
,105929.0,2.0,Stangenholz,188.0,ES (1) / KA (e) / BI (9),ES (1) / KA (e) / BI (3) / HAS (6),hyperinsubric,1.0,0.6,,,1.0,,,2,2,2,2,,,,,,,3145,Stangenholz_1,397.1,0,not_young,0,0,0,Leggia,300_500
,105938.0,2.0,Stangenholz,186.0,,,colline with beech,2.0,0.5,,,1.0,,,2,2,2,2,,,,,,,3152,Stangenholz_2,637.2,0,not_young,0,0,0,Leggia,500_1000
,105939.0,2.0,Stangenholz,140.0,,,colline with beech,2.0,0.4,,,1.0,,,2,2,2,2,,,,,,,3153,Stangenholz_2,727.2,0,not_young,0,0,0,Leggia,500_1000
,105940.0,2.0,Stangenholz,109.0,,,lower/upper montane,7.0,1.3,,,1.0,,,2,2,2,2,,,,,,,3154,Stangenholz_7,906.4,0,not_young,0,0,0,Leggia,500_1000
,105941.0,2.0,Stangenholz,143.0,SAH (e) / WER (e) / ES (3) / KA (e) / BI (e) / RO (e) / WEI (6) / LI (1),SAH (e) / WER (e) / ES (2) / KA (e) / WEI (2) / LI (e) / HAS (2) / UST (4),colline,3.0,0.7,,,,,,3,3,3,3,,,,,,,3155,Stangenholz_3,324.4,0,not_young,0,0,0,Leggia,300_500
,105944.0,3.0,Schwaches Baumholz,120.0,ES (3) / BI (2) / KI (e) / WEI (3) / LI (2) / WFO (e),UST (10),colline,3.0,0.2,,,,,,3,3,3,3,,,,,,,3156,Schwaches Baumholz_3,323.4,0,not_young,0,0,0,Leggia,300_500
,105945.0,1.0,Jungwuchs/Dickung,65.0,,BAH (e) / WER (1) / ES (2) / NU (e) / KI (e) / WEI (2) / HAS (3) / UST (2),colline,3.0,0.3,,,,,,3,3,3,3,,,,,,,3157,Jungwuchs/Dickung_3,323.0,0,young,0,0,0,Leggia,300_500
,105948.0,2.0,Stangenholz,201.0,KA (2) / BI (8),KA (e) / BI (3) / HAS (6) / UST (1),hyperinsubric,1.0,0.8,,,1.0,,,2,2,2,2,,,,,,,3160,Stangenholz_1,392.5,0,not_young,0,0,0,Leggia,300_500
,105994.0,4.0,Mittleres Baumholz,417.0,BU (6),,lower/upper montane,7.0,1.1,1.0,,,,,1,1,1,1,,,,,,,3193,Mittleres Baumholz_7,1175.6,1,not_young,0,0,0,Leggia,1000_1500
,105995.0,3.0,Schwaches Baumholz,215.0,BU (3),,lower/upper montane,7.0,0.7,1.0,,,,,1,1,1,1,,,,,,,3194,Schwaches Baumholz_7,1248.9,1,not_young,0,0,0,Leggia,1000_1500
,105996.0,2.0,Stangenholz,249.0,BU (2) / FI (5),,high-montane (main area of silver fir),10.0,1.7,1.0,,,,,1,1,1,1,,,,,,,3195,Stangenholz_10,1584.2,1,not_young,0,0,0,Leggia,1500_2000
,105997.0,2.0,Stangenholz,297.0,BU (3),,high-montane (main area of silver fir),10.0,1.0,1.0,,,,,1,1,1,1,,,,,,,3196,Stangenholz_10,1470.3,1,not_young,0,0,0,Leggia,1000_1500
,105998.0,3.0,Schwaches Baumholz,389.0,BU (1) / FI (3) / LA (4),,lower/upper montane,7.0,3.2,1.0,,,,,1,1,1,1,,,,,,,3197,Schwaches Baumholz_7,1298.8,1,not_young,0,0,0,Leggia,1000_1500
,105999.0,2.0,Stangenholz,305.0,BU (3) / FI (2) / LA (2),,high-montane (main area of silver fir),10.0,1.9,1.0,,,,,1,1,1,1,,,,,,,3198,Stangenholz_10,1248.5,1,not_young,0,0,0,Leggia,1000_1500
,106001.0,2.0,Stangenholz,191.0,BU (5) / FI (1) / LA (1),,lower/upper montane,7.0,0.8,1.0,,,,,1,1,1,1,,,,,,,3200,Stangenholz_7,1104.7,1,not_young,0,0,0,Leggia,1000_1500
,106002.0,3.0,Schwaches Baumholz,242.0,BU (6),,lower/upper montane,7.0,1.0,1.0,,,,,1,1,1,1,,,,,,,3201,Schwaches Baumholz_7,1034.5,1,not_young,0,0,0,Leggia,1000_1500
,106089.0,1.0,Jungwuchs/Dickung,178.0,,ES (1) / KA (1) / OST (2) / LI (e) / HAS (3) / UST (3),colline,3.0,0.4,,,1.0,,,2,2,2,2,,,,,,,3217,Jungwuchs/Dickung_3,350.7,0,young,0,0,0,Leggia,300_500
,106091.0,3.0,Schwaches Baumholz,267.0,TEI (e) / ES (1) / KA (3) / BI (5) / AS (e) / LI (1),ES (1) / FI (e) / KA (2) / BI (1) / LI (e) / HAS (5) / UST (1) / TA (e),colline,3.0,1.2,,,1.0,,,2,2,2,2,,,,,,,3218,Schwaches Baumholz_3,345.9,0,not_young,0,0,0,Leggia,300_500
,106092.0,3.0,Schwaches Baumholz,151.0,KA (7) / BI (2) / LI (1),KA (1) / BI (e) / HAS (7) / UST (2),colline,3.0,1.8,,,1.0,,,2,2,2,2,,,,,,,3219,Schwaches Baumholz_3,382.5,0,not_young,0,0,0,Leggia,300_500
,106093.0,3.0,Schwaches Baumholz,265.0,KA (3) / BI (7),KA (2) / BI (1) / MBE (e) / HAS (7),colline,3.0,0.7,,,,,,3,3,3,3,,,,,,,3220,Schwaches Baumholz_3,657.3,0,not_young,0,0,0,Leggia,500_1000
,106131.0,3.0,Schwaches Baumholz,63.0,SER (e) / FI (2) / BI (e) / NU (1) / ULB (4) / UND (3) / WFO (e),ULB (3) / TAX (e) / HAS (7),colline,3.0,0.2,,,,,,3,3,3,3,,,,,,,3245,Schwaches Baumholz_3,331.7,0,not_young,0,0,0,Leggia,300_500
,106150.0,3.0,Schwaches Baumholz,241.0,ES (e) / KA (9) / KI (1),ES (2) / KA (3) / HAS (5),colline with beech,2.0,1.4,,,1.0,,,7,7,7,7,,1.0,,,,,3261,Schwaches Baumholz_2,365.2,0,not_young,0,0,0,Leggia,300_500
,106151.0,4.0,Mittleres Baumholz,202.0,TEI (1) / KA (7) / BI (2),KA (2) / BI (1) / HAS (7),colline with beech,2.0,0.3,,,1.0,,,6,6,6,6,,,1.0,,,,3262,Mittleres Baumholz_2,357.3,0,not_young,0,0,0,Leggia,300_500
,106152.0,3.0,Schwaches Baumholz,243.0,TEI (e) / KA (10) / BI (e) / KI (e),KA (3) / BI (e) / HAS (7),colline with beech,2.0,0.7,,,,,,6,6,6,6,,,1.0,,,,3263,Schwaches Baumholz_2,366.1,0,not_young,0,0,0,Leggia,300_500
,106153.0,3.0,Schwaches Baumholz,239.0,TEI (e) / KA (6) / BI (4),KA (3) / BI (1) / MBE (e) / HAS (6),hyperinsubric,1.0,1.1,,,1.0,,,6,6,6,6,,,1.0,,,,3264,Schwaches Baumholz_1,433.9,0,not_young,0,0,0,Leggia,300_500
,106154.0,3.0,Schwaches Baumholz,205.0,TEI (e) / KA (8) / BI (2),TEI (e) / KA (2) / BI (2) / HAS (6),hyperinsubric,1.0,1.5,,,,,,6,6,6,6,,,1.0,,,,3265,Schwaches Baumholz_1,408.5,0,not_young,0,0,0,Leggia,300_500
,106157.0,4.0,Mittleres Baumholz,296.0,BU (2) / FI (7) / LA (e) / BI (1) / WEI (e),FI (10) / LA (e) / BI (e),lower/upper montane,7.0,1.6,0.0,,,,,3,3,3,3,,,,,,,3267,Mittleres Baumholz_7,1350.2,1,not_young,0,0,0,Leggia,1000_1500
,106158.0,4.0,Mittleres Baumholz,449.0,BU (1) / FI (6) / LA (2) / BI (e) / TA (1),BU (e) / FI (10) / LA (e),lower/upper montane,7.0,1.8,,,1.0,,,2,2,2,2,,,,,,,3268,Mittleres Baumholz_7,1341.3,1,not_young,0,0,0,Leggia,1000_1500
,106159.0,3.0,Schwaches Baumholz,340.0,BU (5) / FI (2) / BI (e) / TA (3),BU (7) / FI (2) / TA (1),lower/upper montane,7.0,2.0,,,1.0,,,2,2,2,2,,,,,,,3269,Schwaches Baumholz_7,1244.8,1,not_young,0,0,0,Leggia,1000_1500
,106160.0,4.0,Mittleres Baumholz,345.0,BU (5) / FI (2) / LA (e) / BI (e) / TA (3),BU (3) / FI (2) / HAS (3) / TA (2),lower/upper montane,7.0,1.3,,,1.0,,,2,2,2,2,,,,,,,3270,Mittleres Baumholz_7,1266.1,1,not_young,0,0,0,Leggia,1000_1500
,106161.0,3.0,Schwaches Baumholz,352.0,BU (3) / FI (3) / LA (1) / BI (1) / TA (2),BU (6) / FI (3) / TA (1),lower/upper montane,7.0,0.9,,,1.0,,,2,2,2,2,,,,,,,3271,Schwaches Baumholz_7,1281.7,1,not_young,0,0,0,Leggia,1000_1500
,106162.0,2.0,Stangenholz,215.0,,,colline with beech,2.0,4.0,,,1.0,,,2,2,2,2,,,,,,,3272,Stangenholz_2,780.8999999999999,0,not_young,0,0,0,Leggia,500_1000
,106163.0,2.0,Stangenholz,137.0,TEI (9) / KA (1) / BI (e),TEI (4) / HAS (6),lower/upper montane,7.0,0.6,,,1.0,,,2,2,2,2,,,,,,,3273,Stangenholz_7,954.6,0,not_young,0,0,0,Leggia,500_1000
,106164.0,2.0,Stangenholz,133.0,BAH (e) / BU (e) / TEI (10) / LA (e),BU (1) / TEI (9),lower/upper montane,7.0,0.3,,,1.0,,,2,2,2,2,,,,,,,3274,Stangenholz_7,1119.6,1,not_young,0,0,0,Leggia,1000_1500
,106179.0,1.0,Jungwuchs/Dickung,158.0,,ES (2) / NU (e) / HAS (3) / UST (5),colline,3.0,0.5,,,,,,3,3,3,3,,,,,,,3286,Jungwuchs/Dickung_3,323.8,0,young,0,0,0,Leggia,300_500
,106224.0,2.0,Stangenholz,234.0,BU (4) / FI (1) / LA (2),,subalpine,8.0,1.8,1.0,,,,,1,1,1,1,,,,,,,3318,Stangenholz_8,1661.1,1,not_young,0,0,0,Leggia,1500_2000
,106225.0,2.0,Stangenholz,300.0,BU (5) / FI (2) / TA (1),,high-montane (main area of silver fir),10.0,2.8,1.0,,,,,1,1,1,1,,,,,,,3319,Stangenholz_10,1546.6,1,not_young,0,0,0,Leggia,1500_2000
,106226.0,3.0,Schwaches Baumholz,278.0,BU (7) / FI (1),,lower/upper montane,7.0,0.7,1.0,,,,,1,1,1,1,,,,,,,3320,Schwaches Baumholz_7,930.3,0,not_young,0,0,0,Leggia,500_1000
,106227.0,3.0,Schwaches Baumholz,224.0,BU (5) / FI (1) / LA (1),,lower/upper montane,7.0,0.5,1.0,,,,,1,1,1,1,,,,,,,3321,Schwaches Baumholz_7,1045.1,1,not_young,0,0,0,Leggia,1000_1500
,106334.0,2.0,Stangenholz,132.0,BAH (1) / TEI (1) / REI (2) / ES (2) / FI (1) / KI (1) / RO (e) / LI (1) / SFO (1),BAH (1) / ES (3) / FI (2) / KI (1) / RO (3) / HAS (2),colline,3.0,0.8,,,1.0,,,2,2,2,2,,,,,,,3345,Stangenholz_3,330.8,0,not_young,0,0,0,Leggia,300_500
,106339.0,2.0,Stangenholz,231.0,BU (2) / FI (3) / LA (2) / TA (3),,high-montane (main area of silver fir),10.0,1.1,1.0,,,,,1,1,1,1,,,,,,,3349,Stangenholz_10,1453.5,1,not_young,0,0,0,Leggia,1000_1500
,106357.0,3.0,Schwaches Baumholz,318.0,BU (2) / FI (5),,high-montane (main area of silver fir),10.0,0.5,1.0,,,,,1,1,1,1,,,,,,,3366,Schwaches Baumholz_10,1430.4,1,not_young,0,0,0,Leggia,1000_1500
,106358.0,3.0,Schwaches Baumholz,363.0,BU (3),,high-montane (main area of silver fir),10.0,0.4,1.0,,,,,1,1,1,1,,,,,,,3367,Schwaches Baumholz_10,1386.9,1,not_young,0,0,0,Leggia,1000_1500
,106359.0,3.0,Schwaches Baumholz,238.0,FI (7) / LA (2),,subalpine,8.0,0.7,0.0,,,,,3,1,3,3,1.0,,,,,,3368,Schwaches Baumholz_8,1703.4,1,not_young,0,0,0,Leggia,1500_2000
,106360.0,4.0,Mittleres Baumholz,372.0,FI (6) / LA (2) / TA (2),,high-montane (main area of silver fir),10.0,0.5,1.0,,,,,1,1,1,1,,,,,,,3369,Mittleres Baumholz_10,1596.2,1,not_young,0,0,0,Leggia,1500_2000
,106361.0,4.0,Mittleres Baumholz,385.0,FI (7) / LA (1) / TA (2),,high-montane (main area of silver fir),10.0,0.9,1.0,,,,,1,1,1,1,,,,,,,3370,Mittleres Baumholz_10,1610.1,1,not_young,0,0,0,Leggia,1500_2000
,106362.0,3.0,Schwaches Baumholz,324.0,BU (2),,high-montane (main area of silver fir),10.0,0.4,1.0,,,,,1,1,1,1,,,,,,,3371,Schwaches Baumholz_10,1471.3,1,not_young,0,0,0,Leggia,1000_1500
,106363.0,2.0,Stangenholz,319.0,BAH (e) / BU (6) / TEI (e) / FI (1) / LA (e) / BI (2) / AS (e) / WEI (e) / TA (1),BU (8) / FI (1) / LAB (1) / TA (e),lower/upper montane,7.0,2.3,,,1.0,,,2,2,2,2,,,,,,,3372,Stangenholz_7,1199.1,1,not_young,0,0,0,Leggia,1000_1500
,106364.0,3.0,Schwaches Baumholz,231.0,BAH (3) / BU (3) / TEI (e) / SER (2) / KA (e) / BI (1) / AS (1) / TA (e),BAH (3) / BU (1) / HAS (6),lower/upper montane,7.0,0.9,,,1.0,,,2,2,2,2,,,,,,,3373,Schwaches Baumholz_7,1110.4,1,not_young,0,0,0,Leggia,1000_1500
,106365.0,3.0,Schwaches Baumholz,188.0,BU (5) / TEI (1) / FI (1) / LA (1) / BI (2) / TA (e),BU (4) / TEI (e) / FI (4) / LA (1) / BI (1),lower/upper montane,7.0,1.5,,,1.0,,,2,2,2,2,,,,,,,3374,Schwaches Baumholz_7,1155.6,1,not_young,0,0,0,Leggia,1000_1500
,106368.0,2.0,Stangenholz,171.0,,,lower/upper montane,7.0,0.8,0.0,,1.0,,,2,2,2,2,,,,,,,3375,Stangenholz_7,1126.6,1,not_young,0,0,0,Leggia,1000_1500
,106369.0,4.0,Mittleres Baumholz,358.0,,,lower/upper montane,7.0,0.7,,,1.0,,,2,2,2,2,,,,,,,3376,Mittleres Baumholz_7,975.8,0,not_young,0,0,0,Leggia,500_1000
,106370.0,2.0,Stangenholz,177.0,,,colline with beech,2.0,0.8,,,1.0,,,2,2,2,2,,,,,,,3377,Stangenholz_2,547.5,0,not_young,0,0,0,Leggia,500_1000
,106372.0,4.0,Mittleres Baumholz,170.0,KA (10) / KI (e) / BUL (e),KA (2) / HAS (8),colline,3.0,2.6,,,1.0,,,7,7,7,7,,1.0,,,,,3378,Mittleres Baumholz_3,390.3,0,not_young,0,0,0,Leggia,300_500
,106373.0,2.0,Stangenholz,206.0,,,colline with beech,2.0,1.3,,,1.0,,,2,2,2,2,,,,,,,3379,Stangenholz_2,646.8,0,not_young,0,0,0,Leggia,500_1000
,106374.0,3.0,Schwaches Baumholz,172.0,TEI (e) / KA (8) / BI (e) / HAS (2),TEI (e) / KA (8) / BI (2),hyperinsubric,1.0,1.3,,,1.0,,,2,2,2,2,,,,,,,3380,Schwaches Baumholz_1,458.4,0,not_young,0,0,0,Leggia,300_500
,106375.0,3.0,Schwaches Baumholz,176.0,ES (e) / KA (10) / BI (e),ES (e) / KA (6) / BI (e) / MBE (e) / HAS (4),hyperinsubric,1.0,0.9,,,1.0,,,2,2,2,2,,,,,,,3381,Schwaches Baumholz_1,392.2,0,not_young,0,0,0,Leggia,300_500
,106376.0,4.0,Mittleres Baumholz,176.0,ES (e) / KA (8) / BI (2),ES (1) / KA (2) / BI (4) / HAS (3),hyperinsubric,1.0,1.2,,,1.0,,,6,6,6,6,,,1.0,,,,3382,Mittleres Baumholz_1,426.9,0,not_young,0,0,0,Leggia,300_500
,106377.0,4.0,Mittleres Baumholz,277.0,TEI (e) / ZEI (e) / KA (9) / BI (1),KA (3) / HAS (7),colline with beech,2.0,2.2,,,1.0,,,2,2,2,2,,,,,,,3383,Mittleres Baumholz_2,613.3,0,not_young,0,0,0,Leggia,500_1000
,106419.0,3.0,Schwaches Baumholz,289.0,BU (7),,lower/upper montane,7.0,0.4,1.0,,,,,1,1,1,1,,,,,,,3417,Schwaches Baumholz_7,1183.2,1,not_young,0,0,0,Leggia,1000_1500
,106420.0,3.0,Schwaches Baumholz,312.0,BU (7),,lower/upper montane,7.0,0.8,1.0,,,,,1,1,1,1,,,,,,,3418,Schwaches Baumholz_7,1320.9,1,not_young,0,0,0,Leggia,1000_1500
,106421.0,2.0,Stangenholz,322.0,BU (3) / FI (2) / LA (1),,lower/upper montane,7.0,1.2,1.0,,,,,1,1,1,1,,,,,,,3419,Stangenholz_7,1303.9,1,not_young,0,0,0,Leggia,1000_1500
,106425.0,4.0,Mittleres Baumholz,446.0,BU (3) / FI (2),,high-montane (main area of silver fir),10.0,0.5,1.0,,,,,1,1,1,1,,,,,,,3423,Mittleres Baumholz_10,1473.8,1,not_young,0,0,0,Leggia,1000_1500
,106426.0,4.0,Mittleres Baumholz,428.0,FI (7) / LA (2),,high-montane (main area of silver fir),10.0,0.5,1.0,,,,,1,1,1,1,,,,,,,3424,Mittleres Baumholz_10,1512.4,1,not_young,0,0,0,Leggia,1500_2000
,106427.0,4.0,Mittleres Baumholz,424.0,FI (8) / LA (2),,high-montane (main area of silver fir),10.0,1.3,1.0,,,,,1,1,1,1,,,,,,,3425,Mittleres Baumholz_10,1462.9,1,not_young,0,0,0,Leggia,1000_1500
,106428.0,4.0,Mittleres Baumholz,410.0,FI (5) / LA (1) / TA (3),,high-montane (main area of silver fir),10.0,2.6,1.0,,,,,1,1,1,1,,,,,,,3426,Mittleres Baumholz_10,1505.7,1,not_young,0,0,0,Leggia,1500_2000
,106429.0,3.0,Schwaches Baumholz,366.0,BU (2) / FI (2) / LA (1) / TA (2),,high-montane (main area of silver fir),10.0,1.3,1.0,,,,,1,1,1,1,,,,,,,3427,Schwaches Baumholz_10,1411.4,1,not_young,0,0,0,Leggia,1000_1500
,106430.0,3.0,Schwaches Baumholz,318.0,BU (2) / FI (2) / LA (4),,lower/upper montane,7.0,0.6,,,,,,3,3,3,3,,,,,,,3428,Schwaches Baumholz_7,1239.4,1,not_young,0,0,0,Leggia,1000_1500
,106431.0,2.0,Stangenholz,189.0,BU (2) / FI (3) / LA (3),,lower/upper montane,7.0,0.5,,,1.0,,,2,2,2,2,,,,,,,3429,Stangenholz_7,1218.7,1,not_young,0,0,0,Leggia,1000_1500
,106432.0,3.0,Schwaches Baumholz,448.0,BU (1) / FI (5) / LA (3),,lower/upper montane,7.0,0.6,0.0,,,,,3,3,3,3,,,,,,,3430,Schwaches Baumholz_7,1361.0,1,not_young,0,0,0,Leggia,1000_1500
,106447.0,3.0,Schwaches Baumholz,192.0,BU (1) / FI (4) / LA (5),,subalpine,8.0,0.8,1.0,,,,,1,1,1,1,,,,,,,3440,Schwaches Baumholz_8,1772.5,1,not_young,0,0,0,Leggia,1500_2000
,106515.0,2.0,Stangenholz,254.0,BU (2) / FI (3),,high-montane (main area of silver fir),10.0,0.7,1.0,,,,,1,1,1,1,,,,,,,3444,Stangenholz_10,1540.4,1,not_young,0,0,0,Leggia,1500_2000
,106548.0,4.0,Mittleres Baumholz,256.0,FI (4) / LA (5) / TA (1),,subalpine,8.0,2.0,,,,,,3,1,3,3,1.0,,,,,,3468,Mittleres Baumholz_8,1708.3,1,not_young,0,0,0,Leggia,1500_2000
,106550.0,4.0,Mittleres Baumholz,375.0,FI (5) / LA (2) / TA (3),,high-montane (main area of silver fir),10.0,1.6,,,,,,3,1,3,3,1.0,,,,,,3469,Mittleres Baumholz_10,1564.1,1,not_young,0,0,0,Leggia,1500_2000
,106551.0,2.0,Stangenholz,211.0,FI (5) / LA (5),,high-montane (main area of silver fir),10.0,0.4,,,,,,3,1,3,3,1.0,,,,,,3470,Stangenholz_10,1601.5,1,not_young,0,0,0,Leggia,1500_2000
,106553.0,4.0,Mittleres Baumholz,327.0,,,lower/upper montane,7.0,4.2,1.0,,,,,1,1,1,1,,,,,,,3471,Mittleres Baumholz_7,1020.0,1,not_young,0,0,0,Leggia,1000_1500
,106561.0,4.0,Mittleres Baumholz,398.0,BU (1) / FI (4) / LA (3) / TA (2),,high-montane (main area of silver fir),10.0,3.0,1.0,,,,,1,1,1,1,,,,,,,3475,Mittleres Baumholz_10,1439.0,1,not_young,0,0,0,Leggia,1000_1500
,106572.0,4.0,Mittleres Baumholz,205.0,ES (e) / KA (10) / LI (e),KA (2) / HAS (8),colline,3.0,2.7,,,1.0,,,2,2,2,2,,,,,,,3483,Mittleres Baumholz_3,373.1,0,not_young,0,0,0,Leggia,300_500
,106573.0,5.0,Starkes Baumholz,226.0,KA (8) / BI (1) / LI (1),KA (3) / BI (e) / LI (1) / HAS (6),hyperinsubric,1.0,1.6,,,1.0,,,2,2,2,2,,,,,,,3484,Starkes Baumholz_1,440.0,0,not_young,0,0,0,Leggia,300_500
,106574.0,4.0,Mittleres Baumholz,205.0,ES (2) / KA (7) / OST (e) / LI (1),ES (1) / KA (1) / HAS (6) / UST (2),colline,3.0,1.0,,,1.0,,,2,2,2,2,,,,,,,3485,Mittleres Baumholz_3,353.8,0,not_young,0,0,0,Leggia,300_500
,106575.0,2.0,Stangenholz,297.0,ES (6) / KA (1) / OST (1) / LI (2) / TAX (e),ES (3) / KA (e) / OST (e) / LI (e) / HAS (7),colline with beech,2.0,0.4,,,1.0,,,2,2,2,2,,,,,,,3486,Stangenholz_2,348.2,0,not_young,0,0,0,Leggia,300_500
,106576.0,3.0,Schwaches Baumholz,320.0,ES (e) / KI (1) / LI (e) / BUL (e) / WEY (1) / DO (8) / UND (e),ES (1) / KA (3) / HAS (6),hyperinsubric,1.0,1.1,,,1.0,,,2,2,2,2,,,,,,,3487,Schwaches Baumholz_1,427.2,0,not_young,0,0,0,Leggia,300_500
,106580.0,2.0,Stangenholz,159.0,,,lower/upper montane,7.0,0.3,,,1.0,,,2,2,2,2,,,,,,,3488,Stangenholz_7,997.1,0,not_young,0,0,0,Leggia,500_1000
,106581.0,2.0,Stangenholz,140.0,,,colline with beech,2.0,0.7,,,1.0,,,2,2,2,2,,,,,,,3489,Stangenholz_2,847.3999999999999,0,not_young,0,0,0,Leggia,500_1000
,106582.0,2.0,Stangenholz,115.0,,,colline with beech,2.0,2.5,,,1.0,,,2,2,2,2,,,,,,,3490,Stangenholz_2,794.6,0,not_young,0,0,0,Leggia,500_1000
,106586.0,2.0,Stangenholz,10.0,WER (3) / AS (1) / WEI (6),WER (2) / AS (1) / WEI (4) / HAS (1) / UST (2),colline,3.0,0.3,,,,,,3,3,3,3,,,,,,,3493,Stangenholz_3,319.4,0,not_young,0,0,0,Leggia,300_500
,106587.0,2.0,Stangenholz,132.0,REI (e) / WER (1) / AS (5) / WEI (4),AS (2) / WEI (3) / HAS (3) / UST (2),colline,3.0,0.6,,,,,,3,3,3,3,,,,,,,3494,Stangenholz_3,321.8,0,not_young,0,0,0,Leggia,300_500
,106680.0,3.0,Schwaches Baumholz,306.0,TEI (e) / ES (1) / KA (1) / LA (2) / OST (1) / KI (e) / LI (3) / DO (2),TEI (e) / ES (1) / KA (1) / OST (1) / KI (e) / LI (1) / HAS (5) / UST (1),hyperinsubric,1.0,2.0,,,1.0,,,2,2,2,2,,,,,,,3511,Schwaches Baumholz_1,419.7,0,not_young,0,0,0,Leggia,300_500
,106736.0,1.0,Jungwuchs/Dickung,114.0,,WER (e) / ES (e) / FI (e) / BI (e) / RO (6) / ULB (e) / HAS (1) / UST (3),colline,3.0,0.2,,,,,,3,3,3,3,,,,,,,3547,Jungwuchs/Dickung_3,420.6,0,young,0,0,0,Leggia,300_500
,106742.0,4.0,Mittleres Baumholz,335.0,,,lower/upper montane,7.0,1.4,1.0,,,,,1,1,1,1,,,,,,,3551,Mittleres Baumholz_7,1060.0,1,not_young,0,0,0,Leggia,1000_1500
,106743.0,2.0,Stangenholz,123.0,BU (4) / FI (1) / TA (1),,lower/upper montane,7.0,2.3,1.0,,,,,1,1,1,1,,,,,,,3552,Stangenholz_7,1268.2,1,not_young,0,0,0,Leggia,1000_1500
,106744.0,2.0,Stangenholz,288.0,LA (1),,lower/upper montane,7.0,0.6,1.0,,,,,1,1,1,1,,,,,,,3553,Stangenholz_7,1186.3,1,not_young,0,0,0,Leggia,1000_1500
,106746.0,3.0,Schwaches Baumholz,198.0,FI (3) / LA (1) / TA (1),,high-montane (main area of silver fir),10.0,1.8,1.0,,,,,1,1,1,1,,,,,,,3554,Schwaches Baumholz_10,1606.1,1,not_young,0,0,0,Leggia,1500_2000
,106763.0,2.0,Stangenholz,243.0,BU (e) / TEI (7) / FI (e) / KA (2) / LA (e) / BI (1),TEI (6) / FI (e) / MBE (2) / HAS (2),lower/upper montane,7.0,7.3,,,1.0,,,2,2,2,2,,,,,,,3562,Stangenholz_7,1024.3,1,not_young,0,0,0,Leggia,1000_1500
,106766.0,3.0,Schwaches Baumholz,107.0,BU (4) / FI (1) / LA (3) / BI (1) / TA (1),BU (7) / FI (2) / LA (1) / BI (e) / TA (e),lower/upper montane,7.0,1.0,,,1.0,,,2,2,2,2,,,,,,,3563,Schwaches Baumholz_7,1168.0,1,not_young,0,0,0,Leggia,1000_1500
,106767.0,2.0,Stangenholz,88.0,,,lower/upper montane,7.0,2.3,,,1.0,,,2,2,2,2,,,,,,,3564,Stangenholz_7,1001.6,1,not_young,0,0,0,Leggia,1000_1500
,106768.0,2.0,Stangenholz,271.0,BU (e) / TEI (6) / KA (e) / BI (4) / AS (e),BU (1) / TEI (6) / KA (1) / MBE (2),lower/upper montane,7.0,2.6,0.0,,1.0,,,2,2,2,2,,,,,,,3565,Stangenholz_7,1002.6,1,not_young,0,0,0,Leggia,1000_1500
,106769.0,3.0,Schwaches Baumholz,252.0,TEI (9) / FI (e) / KA (1) / BI (e),KA (4) / MBE (6),colline with beech,2.0,1.3,,,1.0,,,2,2,2,2,,,,,,,3566,Schwaches Baumholz_2,796.0,0,not_young,0,0,0,Leggia,500_1000
,106770.0,2.0,Stangenholz,184.0,TEI (9) / KA (1) / LI (e),TEI (7) / KA (e) / MBE (3),colline with beech,2.0,1.7,0.0,,,,,3,1,3,3,1.0,,,,,,3567,Stangenholz_2,836.8999999999999,0,not_young,0,0,0,Leggia,500_1000
,106771.0,3.0,Schwaches Baumholz,261.0,WER (1) / ES (8) / KI (e) / WEI (1) / LI (e),ES (2) / KI (e) / HAS (5) / UST (3),colline,3.0,1.4,,,,,,3,3,3,3,,,,,,,3568,Schwaches Baumholz_3,323.7,0,not_young,0,0,0,Leggia,300_500
,106772.0,3.0,Schwaches Baumholz,265.0,WER (e) / ES (9) / KI (e) / LI (1),ES (2) / LI (e) / HAS (5) / UST (3),colline,3.0,0.7,,,,,,3,3,3,3,,,,,,,3569,Schwaches Baumholz_3,320.9,0,not_young,0,0,0,Leggia,300_500
,106773.0,2.0,Stangenholz,282.0,ES (10),ES (4) / UST (6),colline,3.0,1.0,,,,,,3,3,3,3,,,,,,,3570,Stangenholz_3,322.5,0,not_young,0,0,0,Leggia,300_500
,106774.0,1.0,Jungwuchs/Dickung,114.0,,,colline with beech,2.0,0.5,,,,,,3,3,3,3,,,,,,,3571,Jungwuchs/Dickung_2,329.3,0,young,0,0,0,Leggia,300_500
,106775.0,1.0,Jungwuchs/Dickung,48.0,,,colline with beech,2.0,0.4,,,,,,3,3,3,3,,,,,,,3572,Jungwuchs/Dickung_2,336.8,0,young,0,0,0,Leggia,300_500
,106776.0,2.0,Stangenholz,123.0,,,colline with beech,2.0,0.2,,,,,,3,3,3,3,,,,,,,3573,Stangenholz_2,327.8,0,not_young,0,0,0,Leggia,300_500
,106822.0,3.0,Schwaches Baumholz,321.0,FI (5) / LA (3),,high-montane (main area of silver fir),10.0,1.7,1.0,,,,,1,1,1,1,,,,,,,3607,Schwaches Baumholz_10,1481.8,1,not_young,0,0,0,Leggia,1000_1500
,106823.0,3.0,Schwaches Baumholz,317.0,FI (4) / LA (4) / TA (2),,high-montane (main area of silver fir),10.0,1.6,1.0,,,,,1,1,1,1,,,,,,,3608,Schwaches Baumholz_10,1473.5,1,not_young,0,0,0,Leggia,1000_1500
,106825.0,4.0,Mittleres Baumholz,336.0,FI (4) / LA (4) / TA (2),,high-montane (main area of silver fir),10.0,3.1,1.0,,,,,1,1,1,1,,,,,,,3609,Mittleres Baumholz_10,1620.7,1,not_young,0,0,0,Leggia,1500_2000
,106832.0,4.0,Mittleres Baumholz,331.0,BU (5),,lower/upper montane,7.0,0.9,1.0,,,,,1,1,1,1,,,,,,,3612,Mittleres Baumholz_7,856.6,0,not_young,0,0,0,Leggia,500_1000
,106833.0,4.0,Mittleres Baumholz,380.0,FI (1),,lower/upper montane,7.0,1.0,1.0,,,,,1,1,1,1,,,,,,,3613,Mittleres Baumholz_7,1057.3,1,not_young,0,0,0,Leggia,1000_1500
,106834.0,3.0,Schwaches Baumholz,371.0,,,lower/upper montane,7.0,1.1,1.0,,,,,1,1,1,1,,,,,,,3614,Schwaches Baumholz_7,1108.7,1,not_young,0,0,0,Leggia,1000_1500
,106901.0,2.0,Stangenholz,124.0,,,colline with beech,2.0,1.8,,,1.0,,,2,2,2,2,,,,,,,3624,Stangenholz_2,831.7999999999998,0,not_young,0,0,0,Leggia,500_1000
,106937.0,3.0,Schwaches Baumholz,176.0,FI (3) / LA (3) / TA (2),,subalpine,8.0,3.1,1.0,,,,,1,1,1,1,,,,,,,3646,Schwaches Baumholz_8,1688.5,1,not_young,0,0,0,Leggia,1500_2000
,106938.0,3.0,Schwaches Baumholz,321.0,FI (9) / LA (1),,lower/upper montane,7.0,0.3,,,,,,3,3,3,3,,,,,,,3647,Schwaches Baumholz_7,1387.3,1,not_young,0,0,0,Leggia,1000_1500
,106939.0,4.0,Mittleres Baumholz,383.0,FI (5) / LA (3) / TA (1),,high-montane (main area of silver fir),10.0,2.5,1.0,,,,,1,1,1,1,,,,,,,3648,Mittleres Baumholz_10,1432.1,1,not_young,0,0,0,Leggia,1000_1500
,106940.0,5.0,Starkes Baumholz,377.0,BU (1) / FI (4) / LA (3) / TA (2),,high-montane (main area of silver fir),10.0,2.4,1.0,,,,,1,1,1,1,,,,,,,3649,Starkes Baumholz_10,1516.6,1,not_young,0,0,0,Leggia,1500_2000
,106941.0,4.0,Mittleres Baumholz,321.0,BU (5) / FI (2) / LA (1),,lower/upper montane,7.0,0.8,1.0,,,,,1,1,1,1,,,,,,,3650,Mittleres Baumholz_7,1131.1,1,not_young,0,0,0,Leggia,1000_1500
,106942.0,1.0,Jungwuchs/Dickung,243.0,,,lower/upper montane,7.0,0.2,1.0,,,,,1,1,1,1,,,,,,,3651,Jungwuchs/Dickung_7,1305.3,1,young,0,0,0,Leggia,1000_1500
,106943.0,4.0,Mittleres Baumholz,323.0,BU (5) / FI (2) / TA (1),,lower/upper montane,7.0,4.8,1.0,,,,,1,1,1,1,,,,,,,3652,Mittleres Baumholz_7,1305.4,1,not_young,0,0,0,Leggia,1000_1500
,106944.0,2.0,Stangenholz,181.0,BU (7) / FI (1),,lower/upper montane,7.0,0.4,1.0,,,,,1,1,1,1,,,,,,,3653,Stangenholz_7,1227.1,1,not_young,0,0,0,Leggia,1000_1500
,106957.0,3.0,Schwaches Baumholz,302.0,TEI (3) / ES (e) / KA (6) / BI (1),KA (10),colline with beech,2.0,2.1,,,1.0,,,2,2,2,2,,,,,,,3660,Schwaches Baumholz_2,872.7999999999998,0,not_young,0,0,0,Leggia,500_1000
,106958.0,2.0,Stangenholz,203.0,,,lower/upper montane,7.0,0.3,,,1.0,,,2,2,2,2,,,,,,,3661,Stangenholz_7,959.6,0,not_young,0,0,0,Leggia,500_1000
,106959.0,3.0,Schwaches Baumholz,225.0,TEI (3) / KA (6) / BI (1),TEI (1) / KA (5) / MBE (2) / HAS (2),colline with beech,2.0,0.7,,,,,,3,1,3,3,1.0,,,,,,3662,Schwaches Baumholz_2,727.2,0,not_young,0,0,0,Leggia,500_1000
,106968.0,3.0,Schwaches Baumholz,268.0,BAH (2) / TEI (e) / ES (e) / KA (1) / KI (e) / LI (2) / WEY (1) / DO (3) / WFO (1),BAH (1) / ES (1) / KA (2) / LI (e) / HAS (6),hyperinsubric,1.0,2.6,,,1.0,,,2,2,2,2,,,,,,,3669,Schwaches Baumholz_1,507.4,0,not_young,0,0,0,Leggia,500_1000
,106969.0,2.0,Stangenholz,147.0,,,colline with beech,2.0,0.7,,,1.0,,,2,2,2,2,,,,,,,3670,Stangenholz_2,628.5,0,not_young,0,0,0,Leggia,500_1000
,106970.0,2.0,Stangenholz,139.0,,,colline with beech,2.0,2.1,,,1.0,,,2,2,2,2,,,,,,,3671,Stangenholz_2,755.7,0,not_young,0,0,0,Leggia,500_1000
,106972.0,2.0,Stangenholz,101.0,TEI (e) / KA (7) / BI (3),KA (4) / BI (1) / HAS (5),colline with beech,2.0,0.9,,,,,,3,3,3,3,,,,,,,3672,Stangenholz_2,671.8,0,not_young,0,0,0,Leggia,500_1000
,106976.0,3.0,Schwaches Baumholz,173.0,SER (3) / WER (2) / ES (3) / NU (e) / WEI (2) / LI (e) / BFO (e) / WFO (e),SER (2) / WER (1) / ES (3) / WEI (2) / LI (e) / HAS (2) / UST (4),colline,3.0,0.8,,,,,,3,3,3,3,,,,,,,3676,Schwaches Baumholz_3,326.0,0,not_young,0,0,0,Leggia,300_500
,106977.0,3.0,Schwaches Baumholz,215.0,ES (e) / KA (9) / AS (e) / RO (1) / WFO (e),ES (e) / FI (e) / KA (7) / RO (e) / STP (e) / HAS (3) / HOL (e) / TA (e),colline,3.0,3.2,,,1.0,,,6,6,6,6,,,1.0,,,,3677,Schwaches Baumholz_3,372.8,0,not_young,0,0,0,Leggia,300_500
,107012.0,3.0,Schwaches Baumholz,340.0,,,lower/upper montane,7.0,1.3,1.0,,,,,1,1,1,1,,,,,,,3704,Schwaches Baumholz_7,1144.4,1,not_young,0,0,0,Leggia,1000_1500
,107013.0,2.0,Stangenholz,299.0,BU (5),,lower/upper montane,7.0,0.9,1.0,,,,,1,1,1,1,,,,,,,3705,Stangenholz_7,820.1,0,not_young,0,0,0,Leggia,500_1000
,107019.0,3.0,Schwaches Baumholz,300.0,BU (4) / FI (1) / LA (1),,lower/upper montane,7.0,2.4,1.0,,,,,1,1,1,1,,,,,,,3707,Schwaches Baumholz_7,1235.6,1,not_young,0,0,0,Leggia,1000_1500
,107020.0,4.0,Mittleres Baumholz,359.0,BU (2) / FI (4) / LA (1) / TA (2),,lower/upper montane,7.0,2.9,1.0,,,,,1,1,1,1,,,,,,,3708,Mittleres Baumholz_7,1143.0,1,not_young,0,0,0,Leggia,1000_1500
,107021.0,4.0,Mittleres Baumholz,285.0,FI (6) / LA (3) / TA (1),,subalpine,8.0,0.8,,,,,,3,1,3,3,1.0,,,,,,3709,Mittleres Baumholz_8,1701.9,1,not_young,0,0,0,Leggia,1500_2000
,107023.0,3.0,Schwaches Baumholz,247.0,BU (2) / FI (4) / LA (2) / TA (2),,high-montane (main area of silver fir),10.0,0.8,,,,,,3,1,3,3,1.0,,,,,,3710,Schwaches Baumholz_10,1589.6,1,not_young,0,0,0,Leggia,1500_2000
,107024.0,4.0,Mittleres Baumholz,300.0,FI (4) / LA (6),,upper subalpine,9.0,1.1,,,,,,3,1,3,3,1.0,,,,,,3711,Mittleres Baumholz_9,1939.3,1,not_young,0,0,0,Leggia,1500_2000
,107025.0,2.0,Stangenholz,337.0,FI (3) / LA (3) / TA (4),,high-montane (main area of silver fir),10.0,1.7,,,,,,3,1,3,3,1.0,,,,,,3712,Stangenholz_10,1621.0,1,not_young,0,0,0,Leggia,1500_2000
,107026.0,5.0,Starkes Baumholz,406.0,FI (6) / LA (4),,subalpine,8.0,1.5,,,,,,3,1,3,3,1.0,,,,,,3713,Starkes Baumholz_8,1714.3,1,not_young,0,0,0,Leggia,1500_2000
,107027.0,4.0,Mittleres Baumholz,237.0,FI (3) / LA (5) / LFO (2),,upper subalpine,9.0,1.3,,,,,,3,1,3,3,1.0,,,,,,3714,Mittleres Baumholz_9,1917.7,1,not_young,0,0,0,Leggia,1500_2000
,107028.0,4.0,Mittleres Baumholz,297.0,FI (4) / LA (6),,subalpine,8.0,2.0,,,,,,3,1,3,3,1.0,,,,,,3715,Mittleres Baumholz_8,1885.9,1,not_young,0,0,0,Leggia,1500_2000
,107030.0,5.0,Starkes Baumholz,467.0,FI (6) / LA (3) / TA (1),,subalpine,8.0,1.5,,,,,,3,1,3,3,1.0,,,,,,3716,Starkes Baumholz_8,1707.3,1,not_young,0,0,0,Leggia,1500_2000
,107031.0,3.0,Schwaches Baumholz,413.0,BU (1) / FI (3) / LA (5) / TA (1),,high-montane (main area of silver fir),10.0,0.8,,,,,,3,1,3,3,1.0,,,,,,3717,Schwaches Baumholz_10,1619.9,1,not_young,0,0,0,Leggia,1500_2000
,107032.0,4.0,Mittleres Baumholz,232.0,FI (4) / LA (4) / TA (1),,subalpine,8.0,0.9,,,,,,3,1,3,3,1.0,,,,,,3718,Mittleres Baumholz_8,1687.2,1,not_young,0,0,0,Leggia,1500_2000
,107033.0,4.0,Mittleres Baumholz,307.0,FI (8) / TA (2),,high-montane (main area of silver fir),10.0,1.0,0.0,,,,,3,1,3,3,1.0,,,,,,3719,Mittleres Baumholz_10,1683.5,1,not_young,0,0,0,Leggia,1500_2000
,107034.0,2.0,Stangenholz,231.0,BU (2) / FI (3) / LA (2),,high-montane (main area of silver fir),10.0,0.8,1.0,,,,,1,1,1,1,,,,,,,3720,Stangenholz_10,1579.7,1,not_young,0,0,0,Leggia,1500_2000
,107035.0,3.0,Schwaches Baumholz,163.0,,,lower/upper montane,7.0,1.7,1.0,,,,,1,1,1,1,,,,,,,3721,Schwaches Baumholz_7,806.8999999999999,0,not_young,0,0,0,Leggia,500_1000
,107036.0,2.0,Stangenholz,346.0,BU (4),,lower/upper montane,7.0,1.3,1.0,,,,,1,1,1,1,,,,,,,3722,Stangenholz_7,1045.7,1,not_young,0,0,0,Leggia,1000_1500
,107037.0,4.0,Mittleres Baumholz,273.0,BU (1),,lower/upper montane,7.0,2.4,1.0,,,,,1,1,1,1,,,,,,,3723,Mittleres Baumholz_7,920.7,0,not_young,0,0,0,Leggia,500_1000
,107038.0,4.0,Mittleres Baumholz,410.0,BU (6),,lower/upper montane,7.0,2.6,1.0,,,,,1,1,1,1,,,,,,,3724,Mittleres Baumholz_7,1063.0,1,not_young,0,0,0,Leggia,1000_1500
,107039.0,4.0,Mittleres Baumholz,323.0,BU (4),,lower/upper montane,7.0,2.3,1.0,,,,,1,1,1,1,,,,,,,3725,Mittleres Baumholz_7,1235.8,1,not_young,0,0,0,Leggia,1000_1500
,107040.0,2.0,Stangenholz,189.0,BU (3),,lower/upper montane,7.0,1.7,1.0,,,,,1,1,1,1,,,,,,,3726,Stangenholz_7,1217.1,1,not_young,0,0,0,Leggia,1000_1500
,107041.0,3.0,Schwaches Baumholz,235.0,BU (3) / FI (3),,lower/upper montane,7.0,1.7,1.0,,,,,1,1,1,1,,,,,,,3727,Schwaches Baumholz_7,1308.1,1,not_young,0,0,0,Leggia,1000_1500
,107042.0,2.0,Stangenholz,233.0,BU (3),,lower/upper montane,7.0,0.8,1.0,,,,,1,1,1,1,,,,,,,3728,Stangenholz_7,1209.6,1,not_young,0,0,0,Leggia,1000_1500
,107043.0,3.0,Schwaches Baumholz,295.0,BU (1),,lower/upper montane,7.0,0.6,1.0,,,,,1,1,1,1,,,,,,,3729,Schwaches Baumholz_7,1067.6,1,not_young,0,0,0,Leggia,1000_1500
,107044.0,4.0,Mittleres Baumholz,398.0,BU (3),,lower/upper montane,7.0,0.9,1.0,,,,,1,1,1,1,,,,,,,3730,Mittleres Baumholz_7,1135.7,1,not_young,0,0,0,Leggia,1000_1500
,107133.0,3.0,Schwaches Baumholz,372.0,BU (1) / FI (3) / LA (5),,lower/upper montane,7.0,0.9,,,,,,3,3,3,3,,,,,,,3757,Schwaches Baumholz_7,1342.7,1,not_young,0,0,0,Leggia,1000_1500
,107134.0,4.0,Mittleres Baumholz,339.0,BU (3) / FI (3) / LA (2),,lower/upper montane,7.0,2.4,1.0,,,,,1,1,1,1,,,,,,,3758,Mittleres Baumholz_7,984.6,0,not_young,0,0,0,Leggia,500_1000
,107135.0,5.0,Starkes Baumholz,470.0,BU (5) / FI (1) / LA (2),,lower/upper montane,7.0,1.9,1.0,,,,,1,1,1,1,,,,,,,3759,Starkes Baumholz_7,1121.0,1,not_young,0,0,0,Leggia,1000_1500
,107136.0,2.0,Stangenholz,352.0,BU (4) / FI (3) / LA (1),,high-montane (main area of silver fir),10.0,0.5,1.0,,,,,1,1,1,1,,,,,,,3760,Stangenholz_10,1413.6,1,not_young,0,0,0,Leggia,1000_1500
,107137.0,4.0,Mittleres Baumholz,463.0,FI (8) / LA (1),,lower/upper montane,7.0,1.2,1.0,,,,,1,1,1,1,,,,,,,3761,Mittleres Baumholz_7,1395.2,1,not_young,0,0,0,Leggia,1000_1500
,107139.0,4.0,Mittleres Baumholz,455.0,FI (6) / LA (3) / TA (1),,high-montane (main area of silver fir),10.0,1.3,1.0,,,,,1,1,1,1,,,,,,,3762,Mittleres Baumholz_10,1603.8,1,not_young,0,0,0,Leggia,1500_2000
,107147.0,3.0,Schwaches Baumholz,244.0,TEI (e) / KA (10) / BI (e) / KI (e),FI (1) / KA (7) / STP (e) / HAS (2) / TA (e),colline,3.0,1.3,,,1.0,,,6,6,6,6,,,1.0,,,,3766,Schwaches Baumholz_3,373.2,0,not_young,0,0,0,Leggia,300_500
,107167.0,4.0,Mittleres Baumholz,321.0,ES (1) / KA (3) / OST (1) / KI (1) / LI (4),ES (2) / KA (2) / KI (e) / TAX (e) / HAS (5) / UST (1),colline,3.0,0.7,,,,,,3,3,3,3,,,,,,,3773,Mittleres Baumholz_3,342.7,0,not_young,0,0,0,Leggia,300_500
,107168.0,2.0,Stangenholz,181.0,SER (2) / ES (3) / KA (2) / OST (1) / KI (1) / LI (1),SER (1) / ES (2) / KA (2) / OST (e) / KI (e) / LI (e) / HAS (4) / UST (1),hyperinsubric,1.0,3.3,,,1.0,,,2,2,2,2,,,,,,,3774,Stangenholz_1,459.1,0,not_young,0,0,0,Leggia,300_500
,107169.0,3.0,Schwaches Baumholz,236.0,TEI (e) / KA (8) / BI (2) / LI (e),KA (2) / HAS (8),colline with beech,2.0,1.1,,,1.0,,,2,2,2,2,,,,,,,3775,Schwaches Baumholz_2,605.1,0,not_young,0,0,0,Leggia,500_1000
,107170.0,2.0,Stangenholz,152.0,ES (3) / KA (5) / LI (2),ES (2) / KA (2) / LI (1) / HAS (4) / UST (1),colline with beech,2.0,0.4,,,,,,3,3,3,3,,,,,,,3776,Stangenholz_2,551.4,0,not_young,0,0,0,Leggia,500_1000
,107171.0,2.0,Stangenholz,110.0,SER (3) / ES (3) / KA (2) / BI (1) / LI (1),ES (2) / KA (3) / BI (1) / HAS (4),hyperinsubric,1.0,0.2,,,,,,3,3,3,3,,,,,,,3777,Stangenholz_1,534.0,0,not_young,0,0,0,Leggia,500_1000
,107177.0,3.0,Schwaches Baumholz,178.0,TEI (1) / ES (3) / KA (4) / BI (1) / OST (e) / KI (1),TEI (e) / ES (2) / KA (3) / HAS (5),colline,3.0,1.4,,,,,,3,3,3,3,,,,,,,3782,Schwaches Baumholz_3,427.3,0,not_young,0,0,0,Leggia,300_500
,107178.0,2.0,Stangenholz,113.0,,,colline with beech,2.0,0.7,,,,,,3,1,3,3,1.0,,,,,,3783,Stangenholz_2,700.3,0,not_young,0,0,0,Leggia,500_1000
,107185.0,3.0,Schwaches Baumholz,259.0,ES (e) / FI (e) / KA (6) / KI (e) / LI (4),ES (3) / FI (2) / KA (2) / KI (e) / LI (1) / BUL (e) / HAS (2),colline,3.0,0.6,,,1.0,,,2,2,2,2,,,,,,,3790,Schwaches Baumholz_3,401.0,0,not_young,0,0,1,Leggia,300_500
,107213.0,4.0,Mittleres Baumholz,361.0,BU (4),,lower/upper montane,7.0,1.2,1.0,,,,,1,1,1,1,,,,,,,3810,Mittleres Baumholz_7,1029.0,1,not_young,0,0,0,Leggia,1000_1500
,107214.0,4.0,Mittleres Baumholz,425.0,BU (2),,lower/upper montane,7.0,1.5,1.0,,,,,1,1,1,1,,,,,,,3811,Mittleres Baumholz_7,980.4,0,not_young,0,0,0,Leggia,500_1000
,107215.0,4.0,Mittleres Baumholz,393.0,BU (5),,lower/upper montane,7.0,2.2,1.0,,,,,1,1,1,1,,,,,,,3812,Mittleres Baumholz_7,1154.6,1,not_young,0,0,0,Leggia,1000_1500
,107216.0,3.0,Schwaches Baumholz,270.0,BU (2),,lower/upper montane,7.0,1.9,1.0,,,,,1,1,1,1,,,,,,,3813,Schwaches Baumholz_7,1301.0,1,not_young,0,0,0,Leggia,1000_1500
,107217.0,4.0,Mittleres Baumholz,311.0,BU (3),,lower/upper montane,7.0,2.2,1.0,,,,,1,1,1,1,,,,,,,3814,Mittleres Baumholz_7,1246.3,1,not_young,0,0,0,Leggia,1000_1500
,107218.0,2.0,Stangenholz,264.0,BU (4),,high-montane (main area of silver fir),10.0,1.9,1.0,,,,,1,1,1,1,,,,,,,3815,Stangenholz_10,1587.1,1,not_young,0,0,0,Leggia,1500_2000
,107219.0,3.0,Schwaches Baumholz,367.0,BU (2) / FI (1),,high-montane (main area of silver fir),10.0,2.2,1.0,,,,,1,1,1,1,,,,,,,3816,Schwaches Baumholz_10,1423.7,1,not_young,0,0,0,Leggia,1000_1500
,107220.0,3.0,Schwaches Baumholz,372.0,BU (2) / FI (1),,lower/upper montane,7.0,3.5,1.0,,,,,1,1,1,1,,,,,,,3817,Schwaches Baumholz_7,1347.2,1,not_young,0,0,0,Leggia,1000_1500
,107221.0,4.0,Mittleres Baumholz,334.0,BU (1),,lower/upper montane,7.0,1.8,1.0,,,,,1,1,1,1,,,,,,,3818,Mittleres Baumholz_7,1281.8,1,not_young,0,0,0,Leggia,1000_1500
,107222.0,4.0,Mittleres Baumholz,362.0,BU (2),,lower/upper montane,7.0,1.5,1.0,,,,,1,1,1,1,,,,,,,3819,Mittleres Baumholz_7,1162.6,1,not_young,0,0,0,Leggia,1000_1500
,107223.0,4.0,Mittleres Baumholz,421.0,BU (3),,lower/upper montane,7.0,2.3,1.0,,,,,1,1,1,1,,,,,,,3820,Mittleres Baumholz_7,1215.9,1,not_young,0,0,0,Leggia,1000_1500
,107224.0,4.0,Mittleres Baumholz,402.0,BU (2) / FI (1),,lower/upper montane,7.0,1.2,1.0,,,,,1,1,1,1,,,,,,,3821,Mittleres Baumholz_7,1129.2,1,not_young,0,0,0,Leggia,1000_1500
,107225.0,3.0,Schwaches Baumholz,233.0,BU (2) / FI (5) / LA (2),,high-montane (main area of silver fir),10.0,1.3,1.0,,,,,1,1,1,1,,,,,,,3822,Schwaches Baumholz_10,1634.5,1,not_young,0,0,0,Leggia,1500_2000
,107331.0,3.0,Schwaches Baumholz,184.0,KA (9) / BI (1),ES (e) / KA (9) / MBE (1),colline,3.0,1.3,,,,,,3,3,3,3,,,,,,,3857,Schwaches Baumholz_3,494.2,0,not_young,0,0,0,Leggia,300_500
,107332.0,2.0,Stangenholz,185.0,TEI (8) / ES (1) / KA (1),TEI (4) / ES (2) / KA (1) / MBE (3),colline with beech,2.0,0.8,,,,,,3,1,3,3,1.0,,,,,,3858,Stangenholz_2,722.1,0,not_young,0,0,0,Leggia,500_1000
,107333.0,3.0,Schwaches Baumholz,71.0,,,colline with beech,2.0,1.5,1.0,,,,,1,1,1,1,,,,,,,3859,Schwaches Baumholz_2,767.2999999999998,0,not_young,0,0,0,Leggia,500_1000
,107339.0,3.0,Schwaches Baumholz,356.0,ES (1) / FI (e) / KA (5) / LI (3) / WFO (1),ES (4) / FI (1) / KA (2) / KI (e) / LI (1) / STP (e) / HAS (2),colline,3.0,0.7,,,1.0,,,2,2,2,2,,,,,,,3862,Schwaches Baumholz_3,398.4,0,not_young,0,0,1,Leggia,300_500
,107368.0,1.0,Jungwuchs/Dickung,111.0,,,lower/upper montane,7.0,0.3,1.0,,,,,1,1,1,1,,,,,,,3884,Jungwuchs/Dickung_7,1198.7,1,young,0,0,0,Leggia,1000_1500
,107372.0,2.0,Stangenholz,152.0,BU (1) / AER (1) / FI (5) / LA (2) / LFO (1),,upper subalpine,9.0,2.8,,,,,,3,1,3,3,1.0,,,,,,3886,Stangenholz_9,1878.2,1,not_young,0,0,0,Leggia,1500_2000
,107373.0,2.0,Stangenholz,208.0,BU (2) / FI (3) / LA (4) / TA (1),,subalpine,8.0,0.8,,,,,,3,1,3,3,1.0,,,,,,3887,Stangenholz_8,1754.5,1,not_young,0,0,0,Leggia,1500_2000
,107374.0,2.0,Stangenholz,225.0,FI (4) / LA (5) / TA (1),,subalpine,8.0,0.3,,,,,,3,1,3,3,1.0,,,,,,3888,Stangenholz_8,1777.1,1,not_young,0,0,0,Leggia,1500_2000
,107375.0,2.0,Stangenholz,287.0,BU (1) / FI (5) / LA (2) / TA (2),,high-montane (main area of silver fir),10.0,0.8,,,,,,3,1,3,3,1.0,,,,,,3889,Stangenholz_10,1573.2,1,not_young,0,0,0,Leggia,1500_2000
,107376.0,5.0,Starkes Baumholz,400.0,FI (4) / LA (4) / TA (2),,subalpine,8.0,1.3,,,,,,3,1,3,3,1.0,,,,,,3890,Starkes Baumholz_8,1674.1,1,not_young,0,0,0,Leggia,1500_2000
,107390.0,2.0,Stangenholz,259.0,BU (4) / FI (1),,high-montane (main area of silver fir),10.0,0.3,1.0,,,,,1,1,1,1,,,,,,,3899,Stangenholz_10,1553.2,1,not_young,0,0,0,Leggia,1500_2000
,107488.0,4.0,Mittleres Baumholz,348.0,FI (5) / LA (5),,subalpine,8.0,2.3,1.0,,,,,1,1,1,1,,,,,,,3922,Mittleres Baumholz_8,1682.2,1,not_young,0,0,0,Leggia,1500_2000
,107489.0,3.0,Schwaches Baumholz,282.0,FI (5) / LA (5),,high-montane (main area of silver fir),10.0,1.1,1.0,,,,,1,1,1,1,,,,,,,3923,Schwaches Baumholz_10,1602.8,1,not_young,0,0,0,Leggia,1500_2000
,107490.0,2.0,Stangenholz,238.0,FI (3) / TA (2),,subalpine,8.0,0.7,1.0,,,,,1,1,1,1,,,,,,,3924,Stangenholz_8,1658.6,1,not_young,0,0,0,Leggia,1500_2000
,107491.0,3.0,Schwaches Baumholz,158.0,FI (2) / LA (8),,subalpine,8.0,1.0,1.0,,,,,1,1,1,1,,,,,,,3925,Schwaches Baumholz_8,1838.9,1,not_young,0,0,0,Leggia,1500_2000
,107546.0,2.0,Stangenholz,172.0,FI (2) / LA (3) / TA (2),,high-montane (main area of silver fir),10.0,1.8,1.0,,,,,1,1,1,1,,,,,,,3959,Stangenholz_10,1554.6,1,not_young,0,0,0,Leggia,1500_2000
,107547.0,3.0,Schwaches Baumholz,174.0,AER (5) / FI (1) / LA (3) / TA (1),,high-montane (main area of silver fir),10.0,1.2,1.0,,,,,1,1,1,1,,,,,,,3960,Schwaches Baumholz_10,1608.1,1,not_young,0,0,0,Leggia,1500_2000
,107549.0,2.0,Stangenholz,236.0,,,lower/upper montane,7.0,1.5,1.0,,,,,1,1,1,1,,,,,,,3962,Stangenholz_7,1351.3,1,not_young,0,0,0,Leggia,1000_1500
,107550.0,2.0,Stangenholz,184.0,,,lower/upper montane,7.0,2.0,1.0,,,,,1,1,1,1,,,,,,,3963,Stangenholz_7,1350.9,1,not_young,0,0,0,Leggia,1000_1500
,107551.0,2.0,Stangenholz,197.0,,,lower/upper montane,7.0,0.4,1.0,,,,,1,1,1,1,,,,,,,3964,Stangenholz_7,1287.1,1,not_young,0,0,0,Leggia,1000_1500
,107552.0,3.0,Schwaches Baumholz,286.0,FI (1) / LA (1),,lower/upper montane,7.0,3.2,1.0,,,,,1,1,1,1,,,,,,,3965,Schwaches Baumholz_7,1200.4,1,not_young,0,0,0,Leggia,1000_1500
,107590.0,4.0,Mittleres Baumholz,265.0,FI (2) / LA (7) / TA (1),,subalpine,8.0,1.4,,,,,,3,1,3,3,1.0,,,,,,3993,Mittleres Baumholz_8,1821.4,1,not_young,0,0,0,Leggia,1500_2000
,107756.0,2.0,Stangenholz,140.0,TEI (3) / KA (7) / BI (e) / RO (e) / WFO (e),TEI (e) / KA (10) / WFO (e),colline with beech,2.0,1.6,,,1.0,,,6,6,6,6,,,1.0,,,,4053,Stangenholz_2,492.0,0,not_young,0,0,0,Leggia,300_500
,107757.0,2.0,Stangenholz,102.0,TEI (e) / KA (8) / BI (1) / RO (e) / WFO (1),TEI (e) / FI (e) / KA (7) / BI (1) / RO (e) / HAS (2) / WFO (e),hyperinsubric,1.0,0.9,,,1.0,,,6,6,6,6,,,1.0,,,,4054,Stangenholz_1,448.1,0,not_young,0,0,0,Leggia,300_500
,107794.0,3.0,Schwaches Baumholz,324.0,BU (2),,lower/upper montane,7.0,0.6,1.0,,,,,1,1,1,1,,,,,,,4084,Schwaches Baumholz_7,1417.0,1,not_young,0,0,0,Leggia,1000_1500
,107795.0,4.0,Mittleres Baumholz,380.0,BU (2) / FI (3) / LA (1),,high-montane (main area of silver fir),10.0,2.2,1.0,,,,,1,1,1,1,,,,,,,4085,Mittleres Baumholz_10,1471.2,1,not_young,0,0,0,Leggia,1000_1500
,107796.0,4.0,Mittleres Baumholz,412.0,BU (3),,high-montane (main area of silver fir),10.0,1.6,1.0,,,,,1,1,1,1,,,,,,,4086,Mittleres Baumholz_10,1421.7,1,not_young,0,0,0,Leggia,1000_1500
,107797.0,3.0,Schwaches Baumholz,270.0,BU (3) / FI (1),,lower/upper montane,7.0,1.4,1.0,,,,,1,1,1,1,,,,,,,4087,Schwaches Baumholz_7,1332.3,1,not_young,0,0,0,Leggia,1000_1500
,107798.0,3.0,Schwaches Baumholz,335.0,BU (2) / FI (3),,high-montane (main area of silver fir),10.0,1.6,1.0,,,,,1,1,1,1,,,,,,,4088,Schwaches Baumholz_10,1489.5,1,not_young,0,0,0,Leggia,1000_1500
,107799.0,2.0,Stangenholz,317.0,BU (3),,lower/upper montane,7.0,1.0,1.0,,,,,1,1,1,1,,,,,,,4089,Stangenholz_7,1110.7,1,not_young,0,0,0,Leggia,1000_1500
,107962.0,1.0,Jungwuchs/Dickung,82.0,KA (e) / BFO (e),KA (9) / AS (1),colline,3.0,0.3,,,,,,6,6,6,6,,,1.0,,,,4160,Jungwuchs/Dickung_3,439.8,0,young,0,0,0,Leggia,300_500
,107984.0,2.0,Stangenholz,101.0,,,colline with beech,2.0,2.2,0.0,,,,,3,1,3,3,1.0,,,,,,4178,Stangenholz_2,659.0,0,not_young,0,0,0,Leggia,500_1000
,107986.0,2.0,Stangenholz,358.0,,,lower/upper montane,7.0,2.6,1.0,,,,,1,1,1,1,,,,,,,4180,Stangenholz_7,1050.4,1,not_young,0,0,0,Leggia,1000_1500
,107987.0,1.0,Jungwuchs/Dickung,118.0,,,lower/upper montane,7.0,0.3,1.0,,,,,1,1,1,1,,,,,,,4181,Jungwuchs/Dickung_7,1197.9,1,young,0,0,0,Leggia,1000_1500
,107988.0,3.0,Schwaches Baumholz,271.0,FI (2) / LA (2),,lower/upper montane,7.0,1.3,1.0,,,,,1,1,1,1,,,,,,,4182,Schwaches Baumholz_7,1315.7,1,not_young,0,0,0,Leggia,1000_1500
,107989.0,2.0,Stangenholz,187.0,FI (1) / LA (1),,lower/upper montane,7.0,0.8,1.0,,,,,1,1,1,1,,,,,,,4183,Stangenholz_7,1396.2,1,not_young,0,0,0,Leggia,1000_1500
,107990.0,2.0,Stangenholz,351.0,,,lower/upper montane,7.0,1.6,1.0,,,,,1,1,1,1,,,,,,,4184,Stangenholz_7,1081.8,1,not_young,0,0,0,Leggia,1000_1500
,107991.0,3.0,Schwaches Baumholz,165.0,BU (2) / FI (1),,lower/upper montane,7.0,1.5,1.0,,,,,1,1,1,1,,,,,,,4185,Schwaches Baumholz_7,844.5,0,not_young,0,0,0,Leggia,500_1000
,107992.0,2.0,Stangenholz,80.0,,,colline with beech,2.0,1.2,1.0,,,,,1,1,1,1,,,,,,,4186,Stangenholz_2,703.3,0,not_young,0,0,0,Leggia,500_1000
,107996.0,3.0,Schwaches Baumholz,177.0,,,colline with beech,2.0,2.0,,,,,,3,1,3,3,1.0,,,,,,4189,Schwaches Baumholz_2,548.0,0,not_young,0,0,0,Leggia,500_1000
,107997.0,2.0,Stangenholz,154.0,,,colline with beech,2.0,1.7,1.0,,,,,1,1,1,1,,,,,,,4190,Stangenholz_2,752.2999999999998,0,not_young,0,0,0,Leggia,500_1000
,108120.0,2.0,Stangenholz,38.0,ES (1) / RO (8) / ULB (1),ES (1) / NU (1) / RO (6) / UST (2),colline with beech,2.0,0.2,,,,,,3,3,3,3,,,,,,,4227,Stangenholz_2,334.7,0,not_young,0,0,0,Leggia,300_500
,108173.0,3.0,Schwaches Baumholz,258.0,,,lower/upper montane,7.0,2.3,1.0,,,,,1,1,1,1,,,,,,,4263,Schwaches Baumholz_7,925.5,0,not_young,0,0,0,Leggia,500_1000
,108174.0,3.0,Schwaches Baumholz,332.0,BU (2) / FI (1),,lower/upper montane,7.0,3.3,1.0,,,,,1,1,1,1,,,,,,,4264,Schwaches Baumholz_7,988.6,0,not_young,0,0,0,Leggia,500_1000
,108175.0,3.0,Schwaches Baumholz,325.0,FI (2) / LA (1),,lower/upper montane,7.0,2.6,1.0,,,,,1,1,1,1,,,,,,,4265,Schwaches Baumholz_7,1195.6,1,not_young,0,0,0,Leggia,1000_1500
,108176.0,4.0,Mittleres Baumholz,365.0,,,lower/upper montane,7.0,1.3,1.0,,,,,1,1,1,1,,,,,,,4266,Mittleres Baumholz_7,993.4,0,not_young,0,0,0,Leggia,500_1000
,108177.0,3.0,Schwaches Baumholz,302.0,,,lower/upper montane,7.0,1.5,1.0,,,,,1,1,1,1,,,,,,,4267,Schwaches Baumholz_7,1205.2,1,not_young,0,0,0,Leggia,1000_1500
,108178.0,1.0,Jungwuchs/Dickung,192.0,,,high-montane (main area of silver fir),10.0,1.2,1.0,,,,,1,1,1,1,,,,,,,4268,Jungwuchs/Dickung_10,1538.7,1,young,0,0,0,Leggia,1500_2000
,108180.0,3.0,Schwaches Baumholz,255.0,FI (6) / LA (4),,high-montane (main area of silver fir),10.0,0.7,1.0,,,,,1,1,1,1,,,,,,,4269,Schwaches Baumholz_10,1485.0,1,not_young,0,0,0,Leggia,1000_1500
,108181.0,3.0,Schwaches Baumholz,282.0,FI (4) / LA (3) / TA (3),,lower/upper montane,7.0,1.8,1.0,,,,,1,1,1,1,,,,,,,4270,Schwaches Baumholz_7,1434.2,1,not_young,0,0,0,Leggia,1000_1500
,108182.0,3.0,Schwaches Baumholz,206.0,FI (5) / LA (5),,subalpine,8.0,0.5,1.0,,,,,1,1,1,1,,,,,,,4271,Schwaches Baumholz_8,1736.3,1,not_young,0,0,0,Leggia,1500_2000
,108184.0,3.0,Schwaches Baumholz,204.0,FI (4) / LA (5) / TA (1),,subalpine,8.0,3.7,1.0,,,,,1,1,1,1,,,,,,,4272,Schwaches Baumholz_8,1666.1,1,not_young,0,0,0,Leggia,1500_2000
,108185.0,3.0,Schwaches Baumholz,281.0,BU (3) / FI (3) / LA (2) / TA (1),,high-montane (main area of silver fir),10.0,2.2,1.0,,,,,1,1,1,1,,,,,,,4273,Schwaches Baumholz_10,1486.3,1,not_young,0,0,0,Leggia,1000_1500
,4140.0,2.0,Stangenholz,217.0,FI (8) / LA (e) / TA (e) / WFO (2),,lower/upper montane,7.0,1.3,,,1.0,1.0,,2,2,8,8,,,,,,,7,Stangenholz_7,1319.4,1,not_young,1,0,1,Sta. Maria,1000_1500
,51793.0,5.0,Starkes Baumholz,531.0,FI (10) / WFO (e),,high-montane (main area of silver fir),10.0,2.0,,,1.0,1.0,,2,2,8,8,,,,,,,658,Starkes Baumholz_10,1414.3,1,not_young,1,0,1,Sta. Maria,1000_1500
,80907.0,3.0,Schwaches Baumholz,280.0,,,colline with beech,2.0,3.2,,,,,,3,3,3,3,,,,,,,2284,Schwaches Baumholz_2,978.7,0,not_young,0,0,0,Sta. Maria,500_1000
,80912.0,4.0,Mittleres Baumholz,298.0,,,lower/upper montane,7.0,2.2,,,,,,3,3,3,3,,,,,,,2285,Mittleres Baumholz_7,1050.6,1,not_young,0,0,0,Sta. Maria,1000_1500
,80920.0,4.0,Mittleres Baumholz,248.0,FI (7) / WFO (3),FI (10),lower/upper montane,7.0,0.8,,,1.0,1.0,,2,2,8,8,,,,,,,2286,Mittleres Baumholz_7,1220.3,1,not_young,1,0,1,Sta. Maria,1000_1500
,80921.0,4.0,Mittleres Baumholz,434.0,FI (8) / WFO (2),,lower/upper montane,7.0,0.7,,,1.0,1.0,,2,2,8,8,,,,,,,2287,Mittleres Baumholz_7,1364.6,1,not_young,1,0,1,Sta. Maria,1000_1500
,80922.0,4.0,Mittleres Baumholz,475.0,FI (7) / WFO (3),,high-montane (main area of silver fir),10.0,0.7,,,1.0,1.0,,2,2,8,8,,,,,,,2288,Mittleres Baumholz_10,1229.0,1,not_young,1,0,1,Sta. Maria,1000_1500
,80924.0,4.0,Mittleres Baumholz,476.0,FI (8) / WFO (2),,high-montane (main area of silver fir),10.0,1.8,,,1.0,1.0,,2,2,8,8,,,,,,,2289,Mittleres Baumholz_10,1301.9,1,not_young,1,0,1,Sta. Maria,1000_1500
,80925.0,4.0,Mittleres Baumholz,470.0,FI (10) / LA (e) / ULB (e) / WFO (e),,lower/upper montane,7.0,2.0,,,1.0,1.0,,2,2,8,8,,,,,,,2290,Mittleres Baumholz_7,1297.9,1,not_young,1,0,1,Sta. Maria,1000_1500
,80927.0,5.0,Starkes Baumholz,487.0,FI (10),,lower/upper montane,7.0,0.2,,,1.0,1.0,,2,2,8,8,,,,,,,2291,Starkes Baumholz_7,1424.8,1,not_young,1,0,1,Sta. Maria,1000_1500
,80931.0,1.0,Jungwuchs/Dickung,210.0,FI (3) / LA (1),,high-montane (main area of silver fir),10.0,0.3,,,1.0,,,2,2,2,2,,,,,,,2292,Jungwuchs/Dickung_10,1621.2,1,young,0,0,1,Sta. Maria,1500_2000
,80933.0,3.0,Schwaches Baumholz,274.0,FI (3) / LA (7),,subalpine,8.0,1.5,,,1.0,,,2,2,2,2,,,,,,,2293,Schwaches Baumholz_8,1779.4,1,not_young,0,0,1,Sta. Maria,1500_2000
,80934.0,3.0,Schwaches Baumholz,286.0,FI (5) / LA (5),,subalpine,8.0,2.8,,,1.0,,,2,2,2,2,,,,,,,2294,Schwaches Baumholz_8,1783.4,1,not_young,0,0,1,Sta. Maria,1500_2000
,80935.0,4.0,Mittleres Baumholz,258.0,FI (9) / LA (1),,subalpine,8.0,2.2,,,1.0,,,2,2,2,2,,,,,,,2295,Mittleres Baumholz_8,1820.0,1,not_young,0,0,1,Sta. Maria,1500_2000
,80938.0,4.0,Mittleres Baumholz,273.0,FI (6) / LA (4),,-,5.0,0.7,,,1.0,,,2,2,2,2,,,,,,,2297,Mittleres Baumholz_5,2050.2,1,not_young,0,0,1,Sta. Maria,2000_2500
,80952.0,2.0,Stangenholz,321.0,FI (8) / WFO (2),,lower/upper montane,7.0,1.7,,,1.0,1.0,,2,2,8,8,,,,,,,2298,Stangenholz_7,1350.6,1,not_young,1,0,1,Sta. Maria,1000_1500
,81119.0,2.0,Stangenholz,158.0,,,lower/upper montane,7.0,0.5,,,,,,3,3,3,3,,,,,,,2299,Stangenholz_7,1072.1,1,not_young,0,0,0,Sta. Maria,1000_1500
,81122.0,2.0,Stangenholz,159.0,,,colline with beech,2.0,0.2,,,,,,3,3,3,3,,,,,,,2300,Stangenholz_2,986.0,0,not_young,0,0,0,Sta. Maria,500_1000
,81123.0,3.0,Schwaches Baumholz,93.0,,,colline with beech,2.0,0.7,,,,,,3,3,3,3,,,,,,,2301,Schwaches Baumholz_2,1007.9,1,not_young,0,0,0,Sta. Maria,1000_1500
,81126.0,2.0,Stangenholz,70.0,,,lower/upper montane,7.0,3.0,,,,,,3,3,3,3,,,,,,,2302,Stangenholz_7,1146.3,1,not_young,0,0,0,Sta. Maria,1000_1500
,81127.0,2.0,Stangenholz,68.0,,,lower/upper montane,7.0,0.7,,,,,,3,3,3,3,,,,,,,2303,Stangenholz_7,1063.6,1,not_young,0,0,0,Sta. Maria,1000_1500
,81129.0,2.0,Stangenholz,120.0,,,lower/upper montane,7.0,1.4,,,,,,3,3,3,3,,,,,,,2304,Stangenholz_7,1079.3,1,not_young,0,0,0,Sta. Maria,1000_1500
,81130.0,5.0,Starkes Baumholz,529.0,FI (10),,lower/upper montane,7.0,0.7,,,,,,3,3,3,3,,,,,,,2305,Starkes Baumholz_7,1124.0,1,not_young,0,0,0,Sta. Maria,1000_1500
,81133.0,4.0,Mittleres Baumholz,484.0,FI (9) / TA (e) / WFO (1),,lower/upper montane,7.0,4.9,,,1.0,1.0,,2,2,8,8,,,,,,,2306,Mittleres Baumholz_7,1274.2,1,not_young,1,0,1,Sta. Maria,1000_1500
,81134.0,4.0,Mittleres Baumholz,478.0,FI (9) / LA (e) / TA (e) / WFO (1),,lower/upper montane,7.0,3.2,,,1.0,1.0,,2,2,8,8,,,,,,,2307,Mittleres Baumholz_7,1322.5,1,not_young,1,0,1,Sta. Maria,1000_1500
,81136.0,3.0,Schwaches Baumholz,353.0,FI (8) / WFO (2),,lower/upper montane,7.0,1.5,,,1.0,1.0,,2,2,8,8,,,,,,,2308,Schwaches Baumholz_7,1278.4,1,not_young,1,0,1,Sta. Maria,1000_1500
,81137.0,4.0,Mittleres Baumholz,411.0,FI (8) / TA (e) / WFO (2),FI (8) / LA (e) / TA (2) / WFO (e),lower/upper montane,7.0,0.4,,,1.0,1.0,,2,2,8,8,,,,,,,2309,Mittleres Baumholz_7,1302.9,1,not_young,1,0,1,Sta. Maria,1000_1500
,81138.0,4.0,Mittleres Baumholz,427.0,FI (10) / WFO (e),,lower/upper montane,7.0,0.3,,,1.0,1.0,,2,2,8,8,,,,,,,2310,Mittleres Baumholz_7,1207.7,1,not_young,1,0,1,Sta. Maria,1000_1500
,81139.0,4.0,Mittleres Baumholz,327.0,FI (9) / WFO (1),FI (10),lower/upper montane,7.0,0.3,,,1.0,1.0,,2,2,8,8,,,,,,,2311,Mittleres Baumholz_7,1228.7,1,not_young,1,0,1,Sta. Maria,1000_1500
,81140.0,4.0,Mittleres Baumholz,450.0,FI (9) / LA (e) / TA (e) / WFO (1),,lower/upper montane,7.0,0.6,,,1.0,1.0,,2,2,8,8,,,,,,,2312,Mittleres Baumholz_7,1297.7,1,not_young,1,0,1,Sta. Maria,1000_1500
,81141.0,1.0,Jungwuchs/Dickung,354.0,,FI (5) / BI (5),lower/upper montane,7.0,0.2,,,1.0,1.0,,2,2,8,8,,,,,,,2313,Jungwuchs/Dickung_7,1275.0,1,young,1,0,1,Sta. Maria,1000_1500
,81142.0,2.0,Stangenholz,382.0,FI (10) / LA (e) / TA (e) / WFO (e),,lower/upper montane,7.0,0.5,,,1.0,1.0,,2,2,8,8,,,,,,,2314,Stangenholz_7,1349.7,1,not_young,1,0,1,Sta. Maria,1000_1500
,81148.0,4.0,Mittleres Baumholz,250.0,FI (9) / LA (1),,subalpine,8.0,0.2,,,,,,3,3,3,3,,,,,,,2315,Mittleres Baumholz_8,1930.2,1,not_young,0,0,0,Sta. Maria,1500_2000
,81149.0,3.0,Schwaches Baumholz,261.0,FI (7),,subalpine,8.0,0.6,,,1.0,,,2,2,2,2,,,,,,,2316,Schwaches Baumholz_8,1666.1,1,not_young,0,0,1,Sta. Maria,1500_2000
,81150.0,4.0,Mittleres Baumholz,143.0,FI (9) / LA (1),,subalpine,8.0,0.6,,,1.0,,,2,2,2,2,,,,,,,2317,Mittleres Baumholz_8,1886.7,1,not_young,0,0,1,Sta. Maria,1500_2000
,81152.0,3.0,Schwaches Baumholz,160.0,FI (10),,subalpine,8.0,1.0,,,1.0,,,2,2,2,2,,,,,,,2318,Schwaches Baumholz_8,1830.2,1,not_young,0,0,1,Sta. Maria,1500_2000
,81153.0,4.0,Mittleres Baumholz,242.0,FI (6) / LA (4),,high-montane (main area of silver fir),10.0,0.3,,,1.0,,,2,2,2,2,,,,,,,2319,Mittleres Baumholz_10,1725.1,1,not_young,0,0,1,Sta. Maria,1500_2000
,81154.0,4.0,Mittleres Baumholz,207.0,FI (6) / LA (3) / WFO (1),,subalpine,8.0,1.3,,,1.0,,,2,2,2,2,,,,,,,2320,Mittleres Baumholz_8,1840.8,1,not_young,0,0,1,Sta. Maria,1500_2000
,81155.0,4.0,Mittleres Baumholz,179.0,FI (6) / LA (3) / WFO (1),,subalpine,8.0,1.2,,,1.0,,,2,2,2,2,,,,,,,2321,Mittleres Baumholz_8,1860.8,1,not_young,0,0,1,Sta. Maria,1500_2000
,81156.0,4.0,Mittleres Baumholz,259.0,FI (9),,subalpine,8.0,1.4,,,1.0,,,2,2,2,2,,,,,,,2322,Mittleres Baumholz_8,1804.6,1,not_young,0,0,1,Sta. Maria,1500_2000
,81157.0,4.0,Mittleres Baumholz,125.0,FI (9),,subalpine,8.0,0.8,,,,,,3,3,3,3,,,,,,,2323,Mittleres Baumholz_8,1915.1,1,not_young,0,0,0,Sta. Maria,1500_2000
,81158.0,4.0,Mittleres Baumholz,213.0,FI (10),,subalpine,8.0,0.2,,,,,,3,3,3,3,,,,,,,2324,Mittleres Baumholz_8,1817.7,1,not_young,0,0,0,Sta. Maria,1500_2000
,81162.0,2.0,Stangenholz,95.0,FI (5),,-,5.0,0.9,,,,,,3,3,3,3,,,,,,,2325,Stangenholz_5,2004.5,1,not_young,0,0,0,Sta. Maria,2000_2500
,81163.0,2.0,Stangenholz,353.0,FI (10) / ULB (e),,lower/upper montane,7.0,0.2,,,1.0,1.0,,2,2,8,8,,,,,,,2326,Stangenholz_7,1376.0,1,not_young,1,0,1,Sta. Maria,1000_1500
,81168.0,4.0,Mittleres Baumholz,499.0,FI (5) / LA (3) / TA (2) / WFO (e),,high-montane (main area of silver fir),10.0,0.4,,,1.0,1.0,,2,2,8,8,,,,,,,2327,Mittleres Baumholz_10,1526.9,1,not_young,1,0,1,Sta. Maria,1500_2000
,81169.0,4.0,Mittleres Baumholz,464.0,FI (5) / LA (3) / TA (2) / WFO (e),,high-montane (main area of silver fir),10.0,1.3,,,1.0,1.0,,2,2,8,8,,,,,,,2328,Mittleres Baumholz_10,1522.6,1,not_young,1,0,1,Sta. Maria,1500_2000
,81170.0,4.0,Mittleres Baumholz,494.0,FI (9) / TA (e) / WFO (e),,high-montane (main area of silver fir),10.0,1.3,,,1.0,1.0,,2,2,8,8,,,,,,,2329,Mittleres Baumholz_10,1526.5,1,not_young,1,0,1,Sta. Maria,1500_2000
,81171.0,4.0,Mittleres Baumholz,470.0,FI (9) / TA (e) / WFO (e),,high-montane (main area of silver fir),10.0,1.8,,,1.0,1.0,,2,2,8,8,,,,,,,2330,Mittleres Baumholz_10,1539.7,1,not_young,1,0,1,Sta. Maria,1500_2000
,81172.0,4.0,Mittleres Baumholz,486.0,FI (9) / LA (1) / TA (e) / WFO (e),,lower/upper montane,7.0,1.3,,,1.0,1.0,,2,2,8,8,,,,,,,2331,Mittleres Baumholz_7,1434.0,1,not_young,1,0,1,Sta. Maria,1000_1500
,81173.0,4.0,Mittleres Baumholz,463.0,FI (6) / TA (1) / WFO (3),,lower/upper montane,7.0,0.4,,,1.0,1.0,,2,2,8,8,,,,,,,2332,Mittleres Baumholz_7,1266.6,1,not_young,1,0,1,Sta. Maria,1000_1500
,81174.0,4.0,Mittleres Baumholz,401.0,FI (6) / TA (1) / WFO (3),,lower/upper montane,7.0,0.2,,,1.0,1.0,,2,2,8,8,,,,,,,2333,Mittleres Baumholz_7,1181.4,1,not_young,1,0,1,Sta. Maria,1000_1500
,81175.0,4.0,Mittleres Baumholz,468.0,FI (6) / TA (1) / WFO (3),,lower/upper montane,7.0,3.3,,,1.0,1.0,,2,2,8,8,,,,,,,2334,Mittleres Baumholz_7,1227.8,1,not_young,1,0,1,Sta. Maria,1000_1500
,81176.0,4.0,Mittleres Baumholz,443.0,FI (9) / WFO (1),,lower/upper montane,7.0,1.3,,,1.0,1.0,,2,2,8,8,,,,,,,2335,Mittleres Baumholz_7,1358.4,1,not_young,1,0,1,Sta. Maria,1000_1500
,81343.0,4.0,Mittleres Baumholz,186.0,FI (10) / WFO (e),,lower/upper montane,7.0,1.3,,,,,,3,3,3,3,,,,,,,2336,Mittleres Baumholz_7,1163.6,1,not_young,0,0,0,Sta. Maria,1000_1500
,81345.0,5.0,Starkes Baumholz,205.0,FI (4),,lower/upper montane,7.0,0.5,,,,,,3,3,3,3,,,,,,,2337,Starkes Baumholz_7,1136.3,1,not_young,0,0,0,Sta. Maria,1000_1500
,81346.0,4.0,Mittleres Baumholz,230.0,,,lower/upper montane,7.0,2.4,,,,,,3,3,3,3,,,,,,,2338,Mittleres Baumholz_7,1036.9,1,not_young,0,0,0,Sta. Maria,1000_1500
,81354.0,4.0,Mittleres Baumholz,500.0,FI (7) / LA (1) / TA (1) / WFO (1),,lower/upper montane,7.0,4.8,,,1.0,1.0,,2,2,8,8,,,,,,,2339,Mittleres Baumholz_7,1310.5,1,not_young,1,0,1,Sta. Maria,1000_1500
,81355.0,1.0,Jungwuchs/Dickung,353.0,,FI (3) / LA (4) / BI (1) / TA (1) / WFO (1),lower/upper montane,7.0,0.6,,,1.0,1.0,,2,2,8,8,,,,,,,2340,Jungwuchs/Dickung_7,1382.3,1,young,1,0,1,Sta. Maria,1000_1500
,81356.0,1.0,Jungwuchs/Dickung,233.0,,FI (4) / LA (2) / TA (4),high-montane (main area of silver fir),10.0,1.5,,,,1.0,,3,3,8,8,,,,,,,2341,Jungwuchs/Dickung_10,1507.8,1,young,1,0,0,Sta. Maria,1500_2000
,81357.0,4.0,Mittleres Baumholz,390.0,FI (7) / LA (3) / TA (e),FI (5) / LA (2) / TA (3),lower/upper montane,7.0,0.7,,,1.0,1.0,,2,2,8,8,,,,,,,2342,Mittleres Baumholz_7,1467.6,1,not_young,1,0,1,Sta. Maria,1000_1500
,81358.0,3.0,Schwaches Baumholz,264.0,FI (10),,high-montane (main area of silver fir),10.0,0.8,,,,1.0,,3,3,8,8,,,,,,,2343,Schwaches Baumholz_10,1519.0,1,not_young,1,0,0,Sta. Maria,1500_2000
,81359.0,3.0,Schwaches Baumholz,329.0,FI (10) / LA (e),,lower/upper montane,7.0,0.5,,,1.0,1.0,,2,2,8,8,,,,,,,2344,Schwaches Baumholz_7,1443.6,1,not_young,1,0,1,Sta. Maria,1000_1500
,81360.0,4.0,Mittleres Baumholz,239.0,LA (10),,high-montane (main area of silver fir),10.0,0.2,,,,,,3,3,3,3,,,,,,,2345,Mittleres Baumholz_10,1665.0,1,not_young,0,0,0,Sta. Maria,1500_2000
,81361.0,4.0,Mittleres Baumholz,347.0,FI (7) / LA (3),,high-montane (main area of silver fir),10.0,0.5,,,1.0,1.0,,2,2,8,8,,,,,,,2346,Mittleres Baumholz_10,1555.5,1,not_young,1,0,1,Sta. Maria,1500_2000
,81363.0,4.0,Mittleres Baumholz,409.0,FI (9) / LA (1) / WFO (e),,high-montane (main area of silver fir),10.0,0.2,,,1.0,1.0,,2,2,8,8,,,,,,,2347,Mittleres Baumholz_10,1529.9,1,not_young,1,0,1,Sta. Maria,1500_2000
,81364.0,4.0,Mittleres Baumholz,325.0,FI (8) / LA (2),,high-montane (main area of silver fir),10.0,1.5,,,1.0,1.0,,2,2,8,8,,,,,,,2348,Mittleres Baumholz_10,1645.1,1,not_young,1,0,1,Sta. Maria,1500_2000
,81366.0,4.0,Mittleres Baumholz,383.0,FI (5) / LA (5),,high-montane (main area of silver fir),10.0,0.6,,,1.0,1.0,,2,2,8,8,,,,,,,2349,Mittleres Baumholz_10,1614.2,1,not_young,1,0,1,Sta. Maria,1500_2000
,81367.0,4.0,Mittleres Baumholz,273.0,FI (5) / LA (5),,high-montane (main area of silver fir),10.0,0.2,,,1.0,,,2,2,2,2,,,,,,,2350,Mittleres Baumholz_10,1599.3,1,not_young,0,0,1,Sta. Maria,1500_2000
,81370.0,2.0,Stangenholz,146.0,FI (8) / LA (2),,high-montane (main area of silver fir),10.0,0.2,,,,,,3,3,3,3,,,,,,,2351,Stangenholz_10,1713.8,1,not_young,0,0,0,Sta. Maria,1500_2000
,81373.0,3.0,Schwaches Baumholz,142.0,FI (10),,-,5.0,0.5,,,,,,3,3,3,3,,,,,,,2353,Schwaches Baumholz_5,2043.5,1,not_young,0,0,0,Sta. Maria,2000_2500
,81375.0,3.0,Schwaches Baumholz,289.0,,,lower/upper montane,7.0,2.6,,,,,,3,3,3,3,,,,,,,2354,Schwaches Baumholz_7,1308.5,1,not_young,0,0,0,Sta. Maria,1000_1500
,81377.0,3.0,Schwaches Baumholz,287.0,FI (1),,lower/upper montane,7.0,0.4,,,1.0,,,2,2,2,2,,,,,,,2356,Schwaches Baumholz_7,1241.5,1,not_young,0,0,1,Sta. Maria,1000_1500
,81378.0,3.0,Schwaches Baumholz,303.0,FI (1) / LA (9),,subalpine,8.0,0.8,,,1.0,,,2,2,2,2,,,,,,,2357,Schwaches Baumholz_8,1923.3,1,not_young,0,0,1,Sta. Maria,1500_2000
,81379.0,2.0,Stangenholz,346.0,,,lower/upper montane,7.0,0.2,,,1.0,,,2,2,2,2,,,,,,,2358,Stangenholz_7,1316.6,1,not_young,0,0,1,Sta. Maria,1000_1500
,81380.0,4.0,Mittleres Baumholz,294.0,FI (8) / LA (2),,high-montane (main area of silver fir),10.0,3.2,,,1.0,,,2,2,2,2,,,,,,,2359,Mittleres Baumholz_10,1613.4,1,not_young,0,0,1,Sta. Maria,1500_2000
,81383.0,2.0,Stangenholz,438.0,FI (5) / LA (1) / TA (4),,high-montane (main area of silver fir),10.0,0.3,,,1.0,1.0,,2,2,8,8,,,,,,,2361,Stangenholz_10,1482.8,1,not_young,1,0,1,Sta. Maria,1000_1500
,81384.0,4.0,Mittleres Baumholz,505.0,FI (5) / LA (3) / TA (1) / WFO (1),,high-montane (main area of silver fir),10.0,0.5,,,1.0,1.0,,2,2,8,8,,,,,,,2362,Mittleres Baumholz_10,1463.5,1,not_young,1,0,1,Sta. Maria,1000_1500
,81385.0,4.0,Mittleres Baumholz,576.0,FI (5) / LA (3) / TA (1) / WFO (1),,lower/upper montane,7.0,0.5,,,1.0,1.0,,2,2,8,8,,,,,,,2363,Mittleres Baumholz_7,1415.0,1,not_young,1,0,1,Sta. Maria,1000_1500
,81386.0,4.0,Mittleres Baumholz,473.0,FI (8) / LA (1) / WFO (1),FI (10),lower/upper montane,7.0,4.3,,,,1.0,,3,3,8,8,,,,,,,2364,Mittleres Baumholz_7,1435.7,1,not_young,1,0,0,Sta. Maria,1000_1500
,81387.0,4.0,Mittleres Baumholz,491.0,FI (8) / LA (1) / WFO (1),FI (10),high-montane (main area of silver fir),10.0,0.2,,,1.0,1.0,,2,2,8,8,,,,,,,2365,Mittleres Baumholz_10,1426.9,1,not_young,1,0,1,Sta. Maria,1000_1500
,81388.0,4.0,Mittleres Baumholz,513.0,FI (8) / LA (1) / WFO (1),,high-montane (main area of silver fir),10.0,0.2,,,,1.0,,3,3,8,8,,,,,,,2366,Mittleres Baumholz_10,1457.9,1,not_young,1,0,0,Sta. Maria,1000_1500
,81581.0,4.0,Mittleres Baumholz,280.0,FI (9) / WFO (1),,lower/upper montane,7.0,0.3,,,1.0,1.0,,2,2,8,8,,,,,,,2367,Mittleres Baumholz_7,1421.7,1,not_young,1,0,1,Sta. Maria,1000_1500
,81584.0,1.0,Jungwuchs/Dickung,134.0,FI (6) / LA (4) / TA (e) / WFO (e),,lower/upper montane,7.0,0.3,,,1.0,1.0,,2,2,8,8,,,,,,,2368,Jungwuchs/Dickung_7,1446.6,1,young,1,0,1,Sta. Maria,1000_1500
,81585.0,2.0,Stangenholz,193.0,FI (6) / LA (e) / TA (4) / WFO (e),,lower/upper montane,7.0,0.4,,,1.0,1.0,,2,2,8,8,,,,,,,2369,Stangenholz_7,1451.1,1,not_young,1,0,1,Sta. Maria,1000_1500
,81586.0,2.0,Stangenholz,259.0,FI (10) / LA (e) / TA (e) / WFO (e),,lower/upper montane,7.0,1.4,,,1.0,1.0,,2,2,8,8,,,,,,,2370,Stangenholz_7,1387.5,1,not_young,1,0,1,Sta. Maria,1000_1500
,81587.0,3.0,Schwaches Baumholz,250.0,FI (9) / TA (e),,lower/upper montane,7.0,0.6,,,1.0,1.0,,2,2,8,8,,,,,,,2371,Schwaches Baumholz_7,1380.6,1,not_young,1,0,1,Sta. Maria,1000_1500
,81588.0,2.0,Stangenholz,134.0,FI (e) / LA (10) / BI (e) / WEI (e) / WFO (e),,lower/upper montane,7.0,0.9,,,1.0,,,2,2,2,2,,,,,,,2372,Stangenholz_7,1215.3,1,not_young,0,0,1,Sta. Maria,1000_1500
,81589.0,4.0,Mittleres Baumholz,175.0,FI (9) / BI (1) / TA (e),FI (e) / BI (10) / WEI (e),lower/upper montane,7.0,0.6,,,1.0,,,2,2,2,2,,,,,,,2373,Mittleres Baumholz_7,1152.1,1,not_young,0,0,1,Sta. Maria,1000_1500
,81590.0,1.0,Jungwuchs/Dickung,181.0,,FI (6) / BI (4) / WEI (e),lower/upper montane,7.0,2.7,,,1.0,1.0,,2,2,8,8,,,,,,,2374,Jungwuchs/Dickung_7,1312.5,1,young,1,0,1,Sta. Maria,1000_1500
,81592.0,2.0,Stangenholz,138.0,,FI (4) / BI (6) / WEI (e),lower/upper montane,7.0,1.7,,,1.0,,,2,2,2,2,,,,,,,2375,Stangenholz_7,1365.4,1,not_young,0,0,1,Sta. Maria,1000_1500
,81593.0,2.0,Stangenholz,167.0,FI (8) / TA (1),,lower/upper montane,7.0,0.2,,,1.0,,,2,2,2,2,,,,,,,2376,Stangenholz_7,1331.3,1,not_young,0,0,1,Sta. Maria,1000_1500
,81594.0,2.0,Stangenholz,131.0,FI (2) / LA (e) / BI (8) / WEI (e) / WFO (e),FI (6) / LA (2) / WFO (2),lower/upper montane,7.0,1.1,,,1.0,1.0,,2,2,8,8,,,,,,,2377,Stangenholz_7,1283.7,1,not_young,1,0,1,Sta. Maria,1000_1500
,81595.0,4.0,Mittleres Baumholz,354.0,FI (8),,high-montane (main area of silver fir),10.0,2.7,,,1.0,,,2,2,2,2,,,,,,,2378,Mittleres Baumholz_10,1496.4,1,not_young,0,0,1,Sta. Maria,1000_1500
,81596.0,4.0,Mittleres Baumholz,230.0,FI (8) / LA (2),,subalpine,8.0,0.2,,,1.0,,,2,2,2,2,,,,,,,2379,Mittleres Baumholz_8,1663.6,1,not_young,0,0,1,Sta. Maria,1500_2000
,81597.0,2.0,Stangenholz,235.0,FI (7) / LA (1),,high-montane (main area of silver fir),10.0,1.5,,,1.0,,,2,2,2,2,,,,,,,2380,Stangenholz_10,1442.6,1,not_young,0,0,1,Sta. Maria,1000_1500
,81598.0,2.0,Stangenholz,413.0,FI (3),,high-montane (main area of silver fir),10.0,0.4,,,1.0,,,2,2,2,2,,,,,,,2381,Stangenholz_10,1349.8,1,not_young,0,0,1,Sta. Maria,1000_1500
,81599.0,5.0,Starkes Baumholz,460.0,FI (9),,lower/upper montane,7.0,0.6,,,1.0,,,2,2,2,2,,,,,,,2382,Starkes Baumholz_7,1306.9,1,not_young,0,0,1,Sta. Maria,1000_1500
,81602.0,4.0,Mittleres Baumholz,283.0,FI (5) / LA (2),,high-montane (main area of silver fir),10.0,0.5,,,1.0,,,2,2,2,2,,,,,,,2385,Mittleres Baumholz_10,1489.5,1,not_young,0,0,1,Sta. Maria,1000_1500
,81604.0,4.0,Mittleres Baumholz,313.0,FI (9) / LA (1),,high-montane (main area of silver fir),10.0,2.6,,,1.0,,,2,2,2,2,,,,,,,2387,Mittleres Baumholz_10,1622.5,1,not_young,0,0,1,Sta. Maria,1500_2000
,81605.0,4.0,Mittleres Baumholz,289.0,FI (8) / LA (2),,subalpine,8.0,1.2,,,1.0,,,2,2,2,2,,,,,,,2388,Mittleres Baumholz_8,1667.0,1,not_young,0,0,1,Sta. Maria,1500_2000
,81606.0,4.0,Mittleres Baumholz,470.0,FI (5),,high-montane (main area of silver fir),10.0,1.0,,,1.0,,,2,2,2,2,,,,,,,2389,Mittleres Baumholz_10,1371.1,1,not_young,0,0,1,Sta. Maria,1000_1500
,81607.0,3.0,Schwaches Baumholz,484.0,FI (7) / LA (2),,lower/upper montane,7.0,0.9,,,1.0,,,2,2,2,2,,,,,,,2390,Schwaches Baumholz_7,1319.7,1,not_young,0,0,1,Sta. Maria,1000_1500
,81610.0,1.0,Jungwuchs/Dickung,136.0,,BAH (e) / FI (3) / LA (e) / BI (5) / WEI (2),lower/upper montane,7.0,0.4,,,1.0,,,2,2,2,2,,,,,,,2393,Jungwuchs/Dickung_7,1040.0,1,young,0,0,1,Sta. Maria,1000_1500
,81617.0,1.0,Jungwuchs/Dickung,130.0,,FI (5) / ULB (5) / WFO (e),lower/upper montane,7.0,3.0,,,,,,3,3,3,3,,,,,,,2394,Jungwuchs/Dickung_7,1097.0,1,young,0,0,0,Sta. Maria,1000_1500
,81771.0,4.0,Mittleres Baumholz,242.0,FI (10),FI (10) / ULB (e),lower/upper montane,7.0,0.2,,,1.0,1.0,,2,2,8,8,,,,,,,2395,Mittleres Baumholz_7,1235.5,1,not_young,1,0,1,Sta. Maria,1000_1500
,81772.0,4.0,Mittleres Baumholz,311.0,FI (7) / WFO (3),,lower/upper montane,7.0,1.0,,,1.0,1.0,,2,2,8,8,,,,,,,2396,Mittleres Baumholz_7,1265.5,1,not_young,1,0,1,Sta. Maria,1000_1500
,81773.0,3.0,Schwaches Baumholz,197.0,FI (8) / ULB (1) / WFO (1),,lower/upper montane,7.0,0.3,,,1.0,1.0,,2,2,8,8,,,,,,,2397,Schwaches Baumholz_7,1239.3,1,not_young,1,0,1,Sta. Maria,1000_1500
,81774.0,3.0,Schwaches Baumholz,327.0,FI (8) / WFO (2),,lower/upper montane,7.0,1.0,,,1.0,1.0,,2,2,8,8,,,,,,,2398,Schwaches Baumholz_7,1260.3,1,not_young,1,0,1,Sta. Maria,1000_1500
,81781.0,2.0,Stangenholz,138.0,FI (5) / LA (e) / BI (4) / AS (e) / WEI (1),,lower/upper montane,7.0,0.2,,,1.0,1.0,,2,2,8,8,,,,,,,2399,Stangenholz_7,1326.8,1,not_young,1,0,1,Sta. Maria,1000_1500
,81782.0,4.0,Mittleres Baumholz,354.0,FI (9) / TA (1),FI (10),lower/upper montane,7.0,1.1,,,1.0,,,2,2,2,2,,,,,,,2400,Mittleres Baumholz_7,1000.8,1,not_young,0,0,1,Sta. Maria,1000_1500
,81783.0,3.0,Schwaches Baumholz,240.0,FI (2),,lower/upper montane,7.0,0.3,,,1.0,,,2,2,2,2,,,,,,,2401,Schwaches Baumholz_7,994.6,0,not_young,0,0,1,Sta. Maria,500_1000
,81784.0,2.0,Stangenholz,190.0,FI (10),FI (10) / HAS (e),lower/upper montane,7.0,0.3,,,1.0,,,2,2,2,2,,,,,,,2402,Stangenholz_7,1148.8,1,not_young,0,0,1,Sta. Maria,1000_1500
,81786.0,4.0,Mittleres Baumholz,227.0,FI (6) / LA (3) / WFO (1),,high-montane (main area of silver fir),10.0,0.9,,,1.0,,,2,2,2,2,,,,,,,2403,Mittleres Baumholz_10,1545.7,1,not_young,0,0,1,Sta. Maria,1500_2000
,81787.0,4.0,Mittleres Baumholz,202.0,FI (2) / LA (8),,high-montane (main area of silver fir),10.0,1.4,,,1.0,,,2,2,2,2,,,,,,,2404,Mittleres Baumholz_10,1726.1,1,not_young,0,0,1,Sta. Maria,1500_2000
,81788.0,4.0,Mittleres Baumholz,243.0,FI (6) / LA (3) / WFO (1),,subalpine,8.0,2.7,,,1.0,,,2,2,2,2,,,,,,,2405,Mittleres Baumholz_8,1788.6,1,not_young,0,0,1,Sta. Maria,1500_2000
,81789.0,4.0,Mittleres Baumholz,343.0,FI (8) / WFO (2),,lower/upper montane,7.0,0.4,,,1.0,,,2,2,2,2,,,,,,,2406,Mittleres Baumholz_7,1448.4,1,not_young,0,0,1,Sta. Maria,1000_1500
,81790.0,4.0,Mittleres Baumholz,331.0,FI (8) / WFO (2),,high-montane (main area of silver fir),10.0,0.3,,,1.0,,,2,2,2,2,,,,,,,2407,Mittleres Baumholz_10,1497.2,1,not_young,0,0,1,Sta. Maria,1000_1500
,81791.0,4.0,Mittleres Baumholz,290.0,FI (8) / WFO (2),,high-montane (main area of silver fir),10.0,1.5,,,1.0,,,2,2,2,2,,,,,,,2408,Mittleres Baumholz_10,1534.6,1,not_young,0,0,1,Sta. Maria,1500_2000
,81792.0,4.0,Mittleres Baumholz,247.0,FI (6) / LA (3) / WFO (1),,high-montane (main area of silver fir),10.0,1.0,,,1.0,,,2,2,2,2,,,,,,,2409,Mittleres Baumholz_10,1633.9,1,not_young,0,0,1,Sta. Maria,1500_2000
,81793.0,4.0,Mittleres Baumholz,430.0,FI (3) / LA (5) / WFO (2),,high-montane (main area of silver fir),10.0,3.8,,,1.0,1.0,,2,2,8,8,,,,,,,2410,Mittleres Baumholz_10,1590.3,1,not_young,0,0,1,Sta. Maria,1500_2000
,81795.0,3.0,Schwaches Baumholz,460.0,FI (9),,lower/upper montane,7.0,0.7,,,1.0,,,2,2,2,2,,,,,,,2411,Schwaches Baumholz_7,1293.8,1,not_young,0,0,1,Sta. Maria,1000_1500
,81797.0,4.0,Mittleres Baumholz,364.0,FI (8),,high-montane (main area of silver fir),10.0,1.1,,,1.0,,,2,2,2,2,,,,,,,2413,Mittleres Baumholz_10,1509.4,1,not_young,0,0,1,Sta. Maria,1500_2000
,81798.0,5.0,Starkes Baumholz,401.0,FI (7) / LA (2),,high-montane (main area of silver fir),10.0,1.8,,,1.0,,,2,2,2,2,,,,,,,2414,Starkes Baumholz_10,1483.6,1,not_young,0,0,1,Sta. Maria,1000_1500
,81799.0,4.0,Mittleres Baumholz,181.0,FI (7) / LA (3),,subalpine,8.0,4.0,,,1.0,,,2,2,2,2,,,,,,,2415,Mittleres Baumholz_8,1754.0,1,not_young,0,0,1,Sta. Maria,1500_2000
,81803.0,4.0,Mittleres Baumholz,345.0,FI (1),,high-montane (main area of silver fir),10.0,0.7,,,1.0,,,2,2,2,2,,,,,,,2417,Mittleres Baumholz_10,1298.3,1,not_young,0,0,1,Sta. Maria,1000_1500
,81808.0,2.0,Stangenholz,178.0,FI (10) / LA (e) / TA (e) / WFO (e),,lower/upper montane,7.0,4.6,,,1.0,1.0,,2,2,8,8,,,,,,,2418,Stangenholz_7,1221.9,1,not_young,1,0,1,Sta. Maria,1000_1500
,81810.0,2.0,Stangenholz,163.0,BI (9) / AS (e) / WEI (1),FI (10) / LA (e) / TA (e) / WFO (e),lower/upper montane,7.0,0.9,,,1.0,,,2,2,2,2,,,,,,,2420,Stangenholz_7,1152.0,1,not_young,0,0,1,Sta. Maria,1000_1500
,81811.0,1.0,Jungwuchs/Dickung,190.0,,FI (8) / LA (1) / BI (e) / TA (e) / WFO (1),lower/upper montane,7.0,8.7,,,1.0,1.0,,2,2,8,8,,,,,,,2421,Jungwuchs/Dickung_7,1502.7,1,young,1,0,1,Sta. Maria,1500_2000
,81961.0,2.0,Stangenholz,209.0,FI (8) / LA (e) / ULB (1) / WFO (1),,lower/upper montane,7.0,2.6,,,1.0,1.0,,2,2,8,8,,,,,,,2422,Stangenholz_7,1297.4,1,not_young,1,0,1,Sta. Maria,1000_1500
,81962.0,2.0,Stangenholz,242.0,FI (10),,lower/upper montane,7.0,0.4,,,1.0,1.0,,2,2,8,8,,,,,,,2423,Stangenholz_7,1318.3,1,not_young,1,0,1,Sta. Maria,1000_1500
,81963.0,4.0,Mittleres Baumholz,248.0,FI (9) / WFO (1),,lower/upper montane,7.0,0.6,,,1.0,1.0,,2,2,8,8,,,,,,,2424,Mittleres Baumholz_7,1312.4,1,not_young,1,0,1,Sta. Maria,1000_1500
,81964.0,2.0,Stangenholz,297.0,FI (10) / LA (e) / WFO (e),,lower/upper montane,7.0,1.0,,,1.0,1.0,,2,2,8,8,,,,,,,2425,Stangenholz_7,1388.1,1,not_young,1,0,1,Sta. Maria,1000_1500
,81966.0,4.0,Mittleres Baumholz,459.0,FI (9) / WFO (1),,lower/upper montane,7.0,1.8,,,1.0,1.0,,2,2,8,8,,,,,,,2426,Mittleres Baumholz_7,1202.8,1,not_young,1,0,1,Sta. Maria,1000_1500
,81967.0,3.0,Schwaches Baumholz,148.0,FI (5),,lower/upper montane,7.0,0.5,,,,,,3,3,3,3,,,,,,,2427,Schwaches Baumholz_7,1224.5,1,not_young,0,0,0,Sta. Maria,1000_1500
,81969.0,3.0,Schwaches Baumholz,374.0,FI (10),,lower/upper montane,7.0,0.4,,,1.0,1.0,,2,2,8,8,,,,,,,2428,Schwaches Baumholz_7,1215.1,1,not_young,1,0,1,Sta. Maria,1000_1500
,81970.0,4.0,Mittleres Baumholz,448.0,FI (10),,lower/upper montane,7.0,1.4,,,1.0,1.0,,2,2,8,8,,,,,,,2429,Mittleres Baumholz_7,1180.0,1,not_young,1,0,1,Sta. Maria,1000_1500
,81971.0,2.0,Stangenholz,282.0,FI (10),,high-montane (main area of silver fir),10.0,0.6,,,1.0,1.0,,2,2,8,8,,,,,,,2430,Stangenholz_10,1222.1,1,not_young,1,0,1,Sta. Maria,1000_1500
,81975.0,4.0,Mittleres Baumholz,492.0,FI (6) / LA (3) / TA (1) / WFO (e),,high-montane (main area of silver fir),10.0,2.2,,,1.0,1.0,,2,2,8,8,,,,,,,2431,Mittleres Baumholz_10,1461.3,1,not_young,1,0,1,Sta. Maria,1000_1500
,81977.0,3.0,Schwaches Baumholz,376.0,FI (5) / LA (5),,high-montane (main area of silver fir),10.0,0.7,,,1.0,1.0,,2,2,8,8,,,,,,,2432,Schwaches Baumholz_10,1656.7,1,not_young,0,0,1,Sta. Maria,1500_2000
,81978.0,1.0,Jungwuchs/Dickung,332.0,,FI (4) / LA (2) / TA (4),high-montane (main area of silver fir),10.0,2.2,,,1.0,1.0,,2,2,8,8,,,,,,,2433,Jungwuchs/Dickung_10,1475.6,1,young,1,0,1,Sta. Maria,1000_1500
,81979.0,4.0,Mittleres Baumholz,429.0,FI (8) / LA (1) / TA (1),,high-montane (main area of silver fir),10.0,4.0,,,1.0,1.0,,2,2,8,8,,,,,,,2434,Mittleres Baumholz_10,1684.2,1,not_young,0,0,1,Sta. Maria,1500_2000
,81980.0,4.0,Mittleres Baumholz,458.0,FI (8) / LA (e) / TA (2) / WFO (e),,high-montane (main area of silver fir),10.0,2.7,,,,1.0,,3,3,8,8,,,,,,,2435,Mittleres Baumholz_10,1550.8,1,not_young,1,0,0,Sta. Maria,1500_2000
,81981.0,3.0,Schwaches Baumholz,340.0,FI (4) / LA (4) / WFO (2),,high-montane (main area of silver fir),10.0,0.4,,,,1.0,,3,3,8,8,,,,,,,2436,Schwaches Baumholz_10,1631.9,1,not_young,0,0,0,Sta. Maria,1500_2000
,81982.0,4.0,Mittleres Baumholz,419.0,FI (5) / LA (3) / TA (e) / WFO (2),,high-montane (main area of silver fir),10.0,2.7,,,1.0,1.0,,2,2,8,8,,,,,,,2437,Mittleres Baumholz_10,1575.0,1,not_young,1,0,1,Sta. Maria,1500_2000
,81983.0,4.0,Mittleres Baumholz,367.0,FI (3) / LA (2) / TA (2) / WFO (3),,high-montane (main area of silver fir),10.0,4.1,,,,1.0,,3,3,8,8,,,,,,,2438,Mittleres Baumholz_10,1510.4,1,not_young,1,0,0,Sta. Maria,1500_2000
,81984.0,4.0,Mittleres Baumholz,334.0,FI (9) / LA (1),,subalpine,8.0,2.5,,,1.0,,,2,2,2,2,,,,,,,2439,Mittleres Baumholz_8,1755.7,1,not_young,0,0,1,Sta. Maria,1500_2000
,81985.0,2.0,Stangenholz,241.0,,,high-montane (main area of silver fir),10.0,0.3,,,1.0,,,2,2,2,2,,,,,,,2440,Stangenholz_10,1509.0,1,not_young,0,0,1,Sta. Maria,1500_2000
,81992.0,2.0,Stangenholz,221.0,,,high-montane (main area of silver fir),10.0,0.5,,,,,,3,3,3,3,,,,,,,2444,Stangenholz_10,1430.1,1,not_young,0,0,0,Sta. Maria,1000_1500
,81993.0,3.0,Schwaches Baumholz,290.0,,,lower/upper montane,7.0,0.4,,,1.0,,,2,2,2,2,,,,,,,2445,Schwaches Baumholz_7,1321.3,1,not_young,0,0,1,Sta. Maria,1000_1500
,81995.0,4.0,Mittleres Baumholz,453.0,FI (5),,high-montane (main area of silver fir),10.0,0.2,,,1.0,,,2,2,2,2,,,,,,,2446,Mittleres Baumholz_10,1344.9,1,not_young,0,0,1,Sta. Maria,1000_1500
,81996.0,4.0,Mittleres Baumholz,425.0,FI (5) / LA (4),,high-montane (main area of silver fir),10.0,3.0,,,1.0,,,2,2,2,2,,,,,,,2447,Mittleres Baumholz_10,1413.7,1,not_young,0,0,1,Sta. Maria,1000_1500
,81997.0,4.0,Mittleres Baumholz,338.0,FI (8) / LA (1),,high-montane (main area of silver fir),10.0,2.0,,,1.0,,,2,2,2,2,,,,,,,2448,Mittleres Baumholz_10,1568.5,1,not_young,0,0,1,Sta. Maria,1500_2000
,82001.0,2.0,Stangenholz,141.0,BI (9) / WEI (1),FI (10) / LA (e),lower/upper montane,7.0,2.0,,,1.0,,,2,2,2,2,,,,,,,2449,Stangenholz_7,1247.8,1,not_young,0,0,1,Sta. Maria,1000_1500
,82003.0,4.0,Mittleres Baumholz,382.0,FI (5) / LA (5) / TA (e) / WFO (e),,high-montane (main area of silver fir),10.0,4.1,,,1.0,1.0,,2,2,8,8,,,,,,,2450,Mittleres Baumholz_10,1609.6,1,not_young,1,0,1,Sta. Maria,1500_2000
,82004.0,4.0,Mittleres Baumholz,435.0,FI (10) / LA (e) / TA (e),,high-montane (main area of silver fir),10.0,3.9,,,,1.0,,3,3,8,8,,,,,,,2451,Mittleres Baumholz_10,1511.1,1,not_young,1,0,0,Sta. Maria,1500_2000
,82005.0,4.0,Mittleres Baumholz,335.0,FI (6) / LA (4),,subalpine,8.0,1.7,,,1.0,,,2,2,2,2,,,,,,,2452,Mittleres Baumholz_8,1759.1,1,not_young,0,0,1,Sta. Maria,1500_2000
,82168.0,2.0,Stangenholz,348.0,FI (10),,lower/upper montane,7.0,0.6,,,1.0,1.0,,2,2,8,8,,,,,,,2453,Stangenholz_7,1208.1,1,not_young,1,0,1,Sta. Maria,1000_1500
,82169.0,1.0,Jungwuchs/Dickung,255.0,,FI (5) / ULB (5),lower/upper montane,7.0,0.7,,,1.0,1.0,,2,2,8,8,,,,,,,2454,Jungwuchs/Dickung_7,1181.6,1,young,1,0,1,Sta. Maria,1000_1500
,82170.0,3.0,Schwaches Baumholz,275.0,,,colline with beech,2.0,2.1,,,1.0,,,6,6,6,6,,,1.0,,,,2455,Schwaches Baumholz_2,791.6,0,not_young,0,0,0,Sta. Maria,500_1000
,82171.0,1.0,Jungwuchs/Dickung,313.0,,,lower/upper montane,7.0,0.9,,,1.0,1.0,,2,2,8,8,,,,,,,2456,Jungwuchs/Dickung_7,1219.2,1,young,1,0,1,Sta. Maria,1000_1500
,82178.0,4.0,Mittleres Baumholz,418.0,,,lower/upper montane,7.0,0.7,,,1.0,,,2,2,2,2,,,,,,,2459,Mittleres Baumholz_7,947.4,0,not_young,0,0,1,Sta. Maria,500_1000
,82182.0,3.0,Schwaches Baumholz,312.0,FI (5) / LA (3) / WFO (2),FI (10),high-montane (main area of silver fir),10.0,1.7,,,,1.0,,3,3,8,8,,,,,,,2460,Schwaches Baumholz_10,1561.2,1,not_young,1,0,0,Sta. Maria,1500_2000
,82183.0,4.0,Mittleres Baumholz,418.0,FI (8) / LA (e) / TA (1) / WFO (1),,high-montane (main area of silver fir),10.0,4.6,,,,1.0,,3,3,8,8,,,,,,,2461,Mittleres Baumholz_10,1496.9,1,not_young,1,0,0,Sta. Maria,1000_1500
,82189.0,2.0,Stangenholz,217.0,FI (4) / LA (e) / TA (6) / WFO (e),,lower/upper montane,7.0,0.6,,,1.0,1.0,,2,2,8,8,,,,,,,2462,Stangenholz_7,1418.5,1,not_young,1,0,1,Sta. Maria,1000_1500
,82190.0,4.0,Mittleres Baumholz,377.0,FI (7) / LA (2) / TA (1),,lower/upper montane,7.0,0.4,,,1.0,1.0,,2,2,8,8,,,,,,,2463,Mittleres Baumholz_7,1412.8,1,not_young,1,0,1,Sta. Maria,1000_1500
,82191.0,4.0,Mittleres Baumholz,381.0,FI (7) / LA (e) / TA (1) / WFO (2),FI (3) / LA (e) / TA (7),lower/upper montane,7.0,2.4,,,1.0,1.0,,2,2,8,8,,,,,,,2464,Mittleres Baumholz_7,1406.5,1,not_young,1,0,1,Sta. Maria,1000_1500
,82192.0,4.0,Mittleres Baumholz,323.0,FI (9) / WFO (1),FI (10) / LA (e) / WFO (e),lower/upper montane,7.0,1.7,,,1.0,1.0,,2,2,8,8,,,,,,,2465,Mittleres Baumholz_7,1326.2,1,not_young,1,0,1,Sta. Maria,1000_1500
,82193.0,2.0,Stangenholz,152.0,,,subalpine,8.0,0.2,,,1.0,,,2,2,2,2,,,,,,,2466,Stangenholz_8,1721.4,1,not_young,0,0,1,Sta. Maria,1500_2000
,82196.0,4.0,Mittleres Baumholz,150.0,FI (1) / LA (9),,-,5.0,1.1,,,1.0,,,2,2,2,2,,,,,,,2467,Mittleres Baumholz_5,1951.1,1,not_young,0,0,1,Sta. Maria,1500_2000
,82197.0,3.0,Schwaches Baumholz,292.0,FI (1) / LA (9),,subalpine,8.0,1.4,,,1.0,,,2,2,2,2,,,,,,,2468,Schwaches Baumholz_8,1899.9,1,not_young,0,0,1,Sta. Maria,1500_2000
,82198.0,3.0,Schwaches Baumholz,181.0,FI (1) / LA (9),,-,5.0,0.7,,,1.0,,,2,2,2,2,,,,,,,2469,Schwaches Baumholz_5,1947.0,1,not_young,0,0,1,Sta. Maria,1500_2000
,82199.0,4.0,Mittleres Baumholz,131.0,FI (1) / LA (4),,subalpine,8.0,1.5,,,1.0,,,2,2,2,2,,,,,,,2470,Mittleres Baumholz_8,1825.0,1,not_young,0,0,1,Sta. Maria,1500_2000
,82200.0,3.0,Schwaches Baumholz,48.0,FI (9) / LA (1),,-,5.0,0.4,,,,,,3,3,3,3,,,,,,,2471,Schwaches Baumholz_5,2001.5,1,not_young,0,0,0,Sta. Maria,2000_2500
,82202.0,2.0,Stangenholz,152.0,FI (1) / LA (5),,subalpine,8.0,1.1,,,1.0,,,2,2,2,2,,,,,,,2472,Stangenholz_8,1825.8,1,not_young,0,0,1,Sta. Maria,1500_2000
,82206.0,2.0,Stangenholz,127.0,FI (2) / LA (7) / BI (1) / WFO (e),,lower/upper montane,7.0,0.4,,,1.0,,,2,2,2,2,,,,,,,2473,Stangenholz_7,989.7,0,not_young,0,0,1,Sta. Maria,500_1000
,82369.0,3.0,Schwaches Baumholz,242.0,,,colline with beech,2.0,1.9,,,,,,3,3,3,3,,,,,,,2474,Schwaches Baumholz_2,963.6,0,not_young,0,0,0,Sta. Maria,500_1000
,82370.0,2.0,Stangenholz,215.0,,,lower/upper montane,7.0,1.5,,,1.0,,,2,2,2,2,,,,,,,2475,Stangenholz_7,878.1,0,not_young,0,0,1,Sta. Maria,500_1000
,82371.0,2.0,Stangenholz,162.0,,,colline with beech,2.0,0.6,,,1.0,,,2,2,2,2,,,,,,,2476,Stangenholz_2,894.1,0,not_young,0,0,1,Sta. Maria,500_1000
,82372.0,4.0,Mittleres Baumholz,392.0,FI (1),,colline with beech,2.0,1.9,,,1.0,,,6,6,6,6,,,1.0,,,,2477,Mittleres Baumholz_2,781.3999999999999,0,not_young,0,0,0,Sta. Maria,500_1000
,82373.0,2.0,Stangenholz,134.0,,,lower/upper montane,7.0,1.1,,,1.0,,,2,2,2,2,,,,,,,2478,Stangenholz_7,849.3999999999999,0,not_young,0,0,1,Sta. Maria,500_1000
,82375.0,3.0,Schwaches Baumholz,259.0,,,colline with beech,2.0,1.5,,,1.0,,,2,2,2,2,,,,,,,2480,Schwaches Baumholz_2,858.2,0,not_young,0,0,1,Sta. Maria,500_1000
,82376.0,2.0,Stangenholz,128.0,,,lower/upper montane,7.0,0.2,,,1.0,,,2,2,2,2,,,,,,,2481,Stangenholz_7,870.3999999999999,0,not_young,0,0,1,Sta. Maria,500_1000
,82377.0,3.0,Schwaches Baumholz,207.0,,,colline with beech,2.0,1.3,,,1.0,,,6,6,6,6,,,1.0,,,,2482,Schwaches Baumholz_2,787.6,0,not_young,0,0,0,Sta. Maria,500_1000
,82379.0,4.0,Mittleres Baumholz,476.0,FI (5),,colline with beech,2.0,0.3,,,1.0,,,2,2,2,2,,,,,,,2483,Mittleres Baumholz_2,737.0,0,not_young,0,0,1,Sta. Maria,500_1000
,82380.0,4.0,Mittleres Baumholz,359.0,FI (8),,lower/upper montane,7.0,0.8,,,1.0,,,2,2,2,2,,,,,,,2484,Mittleres Baumholz_7,925.8,0,not_young,0,0,1,Sta. Maria,500_1000
,82381.0,3.0,Schwaches Baumholz,308.0,,,colline with beech,2.0,0.4,,,1.0,,,7,7,7,7,,1.0,,,,,2485,Schwaches Baumholz_2,909.3,0,not_young,0,0,0,Sta. Maria,500_1000
,82385.0,4.0,Mittleres Baumholz,417.0,FI (10) / LA (e) / WFO (e),,lower/upper montane,7.0,1.6,,,1.0,1.0,,2,2,8,8,,,,,,,2488,Mittleres Baumholz_7,1371.9,1,not_young,1,0,1,Sta. Maria,1000_1500
,82386.0,2.0,Stangenholz,234.0,FI (8) / TA (2) / WFO (e),,lower/upper montane,7.0,0.8,,,1.0,1.0,,2,2,8,8,,,,,,,2489,Stangenholz_7,1351.3,1,not_young,1,0,1,Sta. Maria,1000_1500
,82387.0,2.0,Stangenholz,244.0,FI (10),,lower/upper montane,7.0,0.5,,,1.0,1.0,,2,2,8,8,,,,,,,2490,Stangenholz_7,1188.5,1,not_young,1,0,1,Sta. Maria,1000_1500
,82388.0,4.0,Mittleres Baumholz,306.0,FI (4) / TA (e) / WFO (6),,lower/upper montane,7.0,0.4,,,1.0,1.0,,2,2,8,8,,,,,,,2491,Mittleres Baumholz_7,1213.3,1,not_young,1,0,1,Sta. Maria,1000_1500
,82389.0,2.0,Stangenholz,217.0,FI (3) / LA (1) / BI (3) / WEI (2) / WFO (1),,lower/upper montane,7.0,0.6,,,,1.0,,3,3,8,8,,,,,,,2492,Stangenholz_7,1198.4,1,not_young,1,0,0,Sta. Maria,1000_1500
,82390.0,4.0,Mittleres Baumholz,247.0,FI (9) / WFO (1),,lower/upper montane,7.0,0.2,,,1.0,1.0,,2,2,8,8,,,,,,,2493,Mittleres Baumholz_7,1210.5,1,not_young,1,0,1,Sta. Maria,1000_1500
,82391.0,2.0,Stangenholz,209.0,FI (4) / LA (2) / BI (2) / WFO (2),,lower/upper montane,7.0,1.4,,,1.0,1.0,,2,2,8,8,,,,,,,2494,Stangenholz_7,1305.4,1,not_young,1,0,1,Sta. Maria,1000_1500
,82393.0,4.0,Mittleres Baumholz,351.0,FI (6) / LA (e) / WFO (4),,lower/upper montane,7.0,0.3,,,1.0,1.0,,2,2,8,8,,,,,,,2495,Mittleres Baumholz_7,1281.7,1,not_young,1,0,1,Sta. Maria,1000_1500
,82394.0,1.0,Jungwuchs/Dickung,143.0,,FI (9) / LA (e) / TA (1),high-montane (main area of silver fir),10.0,1.8,,,1.0,1.0,,2,2,8,8,,,,,,,2496,Jungwuchs/Dickung_10,1560.4,1,young,0,0,1,Sta. Maria,1500_2000
,82396.0,3.0,Schwaches Baumholz,272.0,FI (9) / WFO (1),,lower/upper montane,7.0,0.4,,,1.0,1.0,,2,2,8,8,,,,,,,2497,Schwaches Baumholz_7,1271.7,1,not_young,1,0,1,Sta. Maria,1000_1500
,82397.0,3.0,Schwaches Baumholz,282.0,FI (8) / WFO (2),,lower/upper montane,7.0,0.9,,,1.0,1.0,,2,2,8,8,,,,,,,2498,Schwaches Baumholz_7,1341.7,1,not_young,1,0,1,Sta. Maria,1000_1500
,82398.0,4.0,Mittleres Baumholz,411.0,FI (8) / TA (e) / WFO (2),,lower/upper montane,7.0,1.9,,,1.0,1.0,,2,2,8,8,,,,,,,2499,Mittleres Baumholz_7,1361.3,1,not_young,1,0,1,Sta. Maria,1000_1500
,82400.0,2.0,Stangenholz,140.0,LA (10) / BI (e),FI (10),lower/upper montane,7.0,0.9,,,1.0,,,2,2,2,2,,,,,,,2500,Stangenholz_7,1112.4,1,not_young,0,0,1,Sta. Maria,1000_1500
,82401.0,2.0,Stangenholz,141.0,BI (10) / AS (e) / WEI (e),FI (9) / LA (1) / TA (e),lower/upper montane,7.0,2.8,,,1.0,1.0,,2,2,8,8,,,,,,,2501,Stangenholz_7,1207.3,1,not_young,1,0,1,Sta. Maria,1000_1500
,82402.0,2.0,Stangenholz,154.0,BI (10) / WEI (e),FI (10) / LA (e),lower/upper montane,7.0,1.1,,,1.0,,,2,2,2,2,,,,,,,2502,Stangenholz_7,1037.6,1,not_young,0,0,1,Sta. Maria,1000_1500
,82404.0,2.0,Stangenholz,99.0,,FI (1) / LA (8) / BI (1) / WFO (e),lower/upper montane,7.0,0.9,,,1.0,1.0,,2,2,8,8,,,,,,,2503,Stangenholz_7,1259.3,1,not_young,1,0,1,Sta. Maria,1000_1500
,82405.0,2.0,Stangenholz,144.0,FI (10),,lower/upper montane,7.0,0.2,,,1.0,1.0,,2,2,8,8,,,,,,,2504,Stangenholz_7,1257.7,1,not_young,1,0,1,Sta. Maria,1000_1500
,82408.0,2.0,Stangenholz,140.0,FI (1) / LA (1) / BI (8) / AS (e) / WEI (e),,lower/upper montane,7.0,0.4,,,1.0,1.0,,2,2,8,8,,,,,,,2505,Stangenholz_7,1356.3,1,not_young,1,0,1,Sta. Maria,1000_1500
,82409.0,2.0,Stangenholz,117.0,LA (10) / BI (e) / WFO (e),,lower/upper montane,7.0,0.7,,,1.0,1.0,,2,2,8,8,,,,,,,2506,Stangenholz_7,1369.9,1,not_young,1,0,1,Sta. Maria,1000_1500
,82412.0,2.0,Stangenholz,100.0,KA (2) / BI (8) / WEI (e),FI (10),colline with beech,2.0,0.2,,,1.0,,,6,6,6,6,,,1.0,,,,2507,Stangenholz_2,906.2,0,not_young,0,0,0,Sta. Maria,500_1000
,82413.0,2.0,Stangenholz,119.0,BAH (7) / FI (3),,lower/upper montane,7.0,0.3,,,1.0,,,2,2,2,2,,,,,,,2508,Stangenholz_7,1044.5,1,not_young,0,0,1,Sta. Maria,1000_1500
,82416.0,2.0,Stangenholz,136.0,KA (e) / BI (10),FI (10) / LA (e),lower/upper montane,7.0,1.9,,,1.0,,,2,2,2,2,,,,,,,2509,Stangenholz_7,989.7,0,not_young,0,0,1,Sta. Maria,500_1000
,82420.0,2.0,Stangenholz,223.0,FI (10) / LA (e) / TA (e),,lower/upper montane,7.0,0.8,,,1.0,1.0,,2,2,8,8,,,,,,,2511,Stangenholz_7,1237.8,1,not_young,1,0,1,Sta. Maria,1000_1500
,82580.0,3.0,Schwaches Baumholz,354.0,,,colline with beech,2.0,0.4,,,,,,3,3,3,3,,,,,,,2512,Schwaches Baumholz_2,899.2,0,not_young,0,0,0,Sta. Maria,500_1000
,82581.0,4.0,Mittleres Baumholz,384.0,FI (9),,colline with beech,2.0,0.8,,,1.0,,,6,6,6,6,,,1.0,,,,2513,Mittleres Baumholz_2,847.0,0,not_young,0,0,0,Sta. Maria,500_1000
,82584.0,2.0,Stangenholz,172.0,,,colline with beech,2.0,0.7,,,,,,3,3,3,3,,,,,,,2515,Stangenholz_2,928.6,0,not_young,0,0,0,Sta. Maria,500_1000
,82585.0,3.0,Schwaches Baumholz,414.0,FI (5),,colline with beech,2.0,1.5,,,1.0,,,2,2,2,2,,,,,,,2516,Schwaches Baumholz_2,890.1,0,not_young,0,0,1,Sta. Maria,500_1000
,82586.0,3.0,Schwaches Baumholz,424.0,FI (5),,colline with beech,2.0,2.1,,,1.0,,,2,2,2,2,,,,,,,2517,Schwaches Baumholz_2,855.1,0,not_young,0,0,1,Sta. Maria,500_1000
,82587.0,3.0,Schwaches Baumholz,463.0,FI (9),,colline with beech,2.0,0.7,,,1.0,,,2,2,2,2,,,,,,,2518,Schwaches Baumholz_2,860.3999999999999,0,not_young,0,0,1,Sta. Maria,500_1000
,82588.0,2.0,Stangenholz,170.0,,,colline with beech,2.0,0.8,,,,,,3,3,3,3,,,,,,,2519,Stangenholz_2,945.2,0,not_young,0,0,0,Sta. Maria,500_1000
,82589.0,3.0,Schwaches Baumholz,291.0,,,lower/upper montane,7.0,0.7,,,1.0,,,2,2,2,2,,,,,,,2520,Schwaches Baumholz_7,986.4,0,not_young,0,0,1,Sta. Maria,500_1000
,82590.0,3.0,Schwaches Baumholz,130.0,,,lower/upper montane,7.0,0.8,,,,,,3,3,3,3,,,,,,,2521,Schwaches Baumholz_7,1056.1,1,not_young,0,0,0,Sta. Maria,1000_1500
,82591.0,3.0,Schwaches Baumholz,268.0,FI (3),,colline with beech,2.0,0.6,,,1.0,,,7,7,7,7,,1.0,,,,,2522,Schwaches Baumholz_2,919.3,0,not_young,0,0,0,Sta. Maria,500_1000
,82592.0,2.0,Stangenholz,213.0,,,colline with beech,2.0,4.0,,,1.0,,,7,7,7,7,,1.0,,,,,2523,Stangenholz_2,972.9,0,not_young,0,0,0,Sta. Maria,500_1000
,82593.0,2.0,Stangenholz,124.0,,,lower/upper montane,7.0,0.9,,,,,,3,3,3,3,,,,,,,2524,Stangenholz_7,1015.2,1,not_young,0,0,0,Sta. Maria,1000_1500
,82594.0,1.0,Jungwuchs/Dickung,323.0,FI (10),,lower/upper montane,7.0,0.2,,,,1.0,,3,3,8,8,,,,,,,2525,Jungwuchs/Dickung_7,1396.7,1,young,1,0,0,Sta. Maria,1000_1500
,82595.0,2.0,Stangenholz,344.0,FI (8) / WFO (2),,lower/upper montane,7.0,0.3,,,1.0,1.0,,2,2,8,8,,,,,,,2526,Stangenholz_7,1349.2,1,not_young,1,0,1,Sta. Maria,1000_1500
,82597.0,5.0,Starkes Baumholz,471.0,FI (8) / TA (e) / WFO (2),,lower/upper montane,7.0,1.2,,,1.0,1.0,,2,2,8,8,,,,,,,2527,Starkes Baumholz_7,1315.9,1,not_young,1,0,1,Sta. Maria,1000_1500
,82598.0,3.0,Schwaches Baumholz,341.0,FI (10) / WFO (e),,lower/upper montane,7.0,0.2,,,1.0,1.0,,2,2,8,8,,,,,,,2528,Schwaches Baumholz_7,1305.5,1,not_young,1,0,1,Sta. Maria,1000_1500
,82600.0,4.0,Mittleres Baumholz,428.0,FI (9) / LA (e) / TA (e) / WFO (1),,lower/upper montane,7.0,2.2,,,,1.0,,3,3,8,8,,,,,,,2529,Mittleres Baumholz_7,1453.7,1,not_young,1,0,0,Sta. Maria,1000_1500
,82601.0,2.0,Stangenholz,303.0,FI (9) / LA (e) / TA (e) / WFO (1),,lower/upper montane,7.0,0.4,,,1.0,1.0,,2,2,8,8,,,,,,,2530,Stangenholz_7,1405.4,1,not_young,1,0,1,Sta. Maria,1000_1500
,82602.0,4.0,Mittleres Baumholz,442.0,FI (10) / WFO (e),FI (10) / TA (e),lower/upper montane,7.0,0.5,,,,1.0,,3,3,8,8,,,,,,,2531,Mittleres Baumholz_7,1439.7,1,not_young,1,0,0,Sta. Maria,1000_1500
,82604.0,3.0,Schwaches Baumholz,426.0,FI (8) / LA (1) / WFO (1),,lower/upper montane,7.0,4.2,,,,1.0,,3,3,8,8,,,,,,,2532,Schwaches Baumholz_7,1385.6,1,not_young,1,0,0,Sta. Maria,1000_1500
,82605.0,2.0,Stangenholz,373.0,FI (10) / ULB (e),,high-montane (main area of silver fir),10.0,0.5,,,1.0,1.0,,2,2,8,8,,,,,,,2533,Stangenholz_10,1498.2,1,not_young,1,0,1,Sta. Maria,1000_1500
,82609.0,4.0,Mittleres Baumholz,356.0,FI (7) / LA (2),,subalpine,8.0,3.7,,,1.0,,,2,2,2,2,,,,,,,2534,Mittleres Baumholz_8,1628.0,1,not_young,0,0,1,Sta. Maria,1500_2000
,82610.0,3.0,Schwaches Baumholz,316.0,FI (8) / LA (2),,high-montane (main area of silver fir),10.0,0.8,,,1.0,,,2,2,2,2,,,,,,,2535,Schwaches Baumholz_10,1473.9,1,not_young,0,0,1,Sta. Maria,1000_1500
,82611.0,2.0,Stangenholz,200.0,,,high-montane (main area of silver fir),10.0,0.5,,,1.0,,,2,2,2,2,,,,,,,2536,Stangenholz_10,1539.6,1,not_young,0,0,1,Sta. Maria,1500_2000
,82612.0,1.0,Jungwuchs/Dickung,184.0,,,subalpine,8.0,0.3,,,1.0,,,2,2,2,2,,,,,,,2537,Jungwuchs/Dickung_8,1776.8,1,young,0,0,1,Sta. Maria,1500_2000
,82613.0,2.0,Stangenholz,130.0,,,high-montane (main area of silver fir),10.0,0.7,,,1.0,,,2,2,2,2,,,,,,,2538,Stangenholz_10,1609.0,1,not_young,0,0,1,Sta. Maria,1500_2000
,82614.0,2.0,Stangenholz,245.0,,,subalpine,8.0,0.4,,,1.0,,,2,2,2,2,,,,,,,2539,Stangenholz_8,1628.6,1,not_young,0,0,1,Sta. Maria,1500_2000
,82615.0,2.0,Stangenholz,145.0,,,subalpine,8.0,0.4,,,,,,3,3,3,3,,,,,,,2540,Stangenholz_8,1687.6,1,not_young,0,0,0,Sta. Maria,1500_2000
,82616.0,2.0,Stangenholz,95.0,,,subalpine,8.0,0.4,,,,,,3,3,3,3,,,,,,,2541,Stangenholz_8,1771.8,1,not_young,0,0,0,Sta. Maria,1500_2000
,82621.0,4.0,Mittleres Baumholz,325.0,FI (8),,lower/upper montane,7.0,7.0,,,1.0,,,2,2,2,2,,,,,,,2542,Mittleres Baumholz_7,1297.3,1,not_young,0,0,1,Sta. Maria,1000_1500
,82798.0,3.0,Schwaches Baumholz,267.0,,,lower/upper montane,7.0,0.9,,,1.0,,,2,2,2,2,,,,,,,2543,Schwaches Baumholz_7,1006.3,1,not_young,0,0,1,Sta. Maria,1000_1500
,82799.0,2.0,Stangenholz,301.0,FI (1),,lower/upper montane,7.0,0.3,,,,,,3,3,3,3,,,,,,,2544,Stangenholz_7,1105.1,1,not_young,0,0,0,Sta. Maria,1000_1500
,82801.0,2.0,Stangenholz,86.0,,,lower/upper montane,7.0,2.2,,,,,,3,3,3,3,,,,,,,2545,Stangenholz_7,1033.0,1,not_young,0,0,0,Sta. Maria,1000_1500
,82806.0,2.0,Stangenholz,124.0,,,lower/upper montane,7.0,0.6,,,1.0,,,2,2,2,2,,,,,,,2546,Stangenholz_7,1052.9,1,not_young,0,0,1,Sta. Maria,1000_1500
,82807.0,2.0,Stangenholz,274.0,FI (2),,lower/upper montane,7.0,0.4,,,,1.0,,3,3,8,8,,,,,,,2547,Stangenholz_7,1130.1,1,not_young,1,0,0,Sta. Maria,1000_1500
,82808.0,1.0,Jungwuchs/Dickung,95.0,FI (7),,lower/upper montane,7.0,0.2,,,,,,3,3,3,3,,,,,,,2548,Jungwuchs/Dickung_7,1134.4,1,young,0,0,0,Sta. Maria,1000_1500
,82809.0,2.0,Stangenholz,58.0,,,lower/upper montane,7.0,1.0,,,,,,3,3,3,3,,,,,,,2549,Stangenholz_7,1082.2,1,not_young,0,0,0,Sta. Maria,1000_1500
,82810.0,5.0,Starkes Baumholz,453.0,FI (10),,lower/upper montane,7.0,3.4,,,1.0,1.0,,2,2,8,8,,,,,,,2550,Starkes Baumholz_7,1145.6,1,not_young,1,0,1,Sta. Maria,1000_1500
,82811.0,4.0,Mittleres Baumholz,458.0,FI (10),,high-montane (main area of silver fir),10.0,0.3,,,1.0,1.0,,2,2,8,8,,,,,,,2551,Mittleres Baumholz_10,1454.8,1,not_young,1,0,1,Sta. Maria,1000_1500
,82812.0,4.0,Mittleres Baumholz,528.0,FI (7) / LA (1) / WFO (2),,lower/upper montane,7.0,1.1,,,1.0,1.0,,2,2,8,8,,,,,,,2552,Mittleres Baumholz_7,1443.4,1,not_young,1,0,1,Sta. Maria,1000_1500
,82813.0,2.0,Stangenholz,243.0,FI (7) / TA (3),,high-montane (main area of silver fir),10.0,0.3,,,1.0,1.0,,2,2,8,8,,,,,,,2553,Stangenholz_10,1558.9,1,not_young,0,0,1,Sta. Maria,1500_2000
,82814.0,1.0,Jungwuchs/Dickung,218.0,,FI (7) / LA (e) / BI (e) / WEI (e) / TA (1) / WFO (2),lower/upper montane,7.0,1.5,,,1.0,1.0,,2,2,8,8,,,,,,,2554,Jungwuchs/Dickung_7,1439.1,1,young,1,0,1,Sta. Maria,1000_1500
,82815.0,2.0,Stangenholz,181.0,FI (8) / LA (e) / TA (2),,high-montane (main area of silver fir),10.0,0.6,,,,1.0,,3,3,8,8,,,,,,,2555,Stangenholz_10,1536.8,1,not_young,0,0,0,Sta. Maria,1500_2000
,82816.0,1.0,Jungwuchs/Dickung,271.0,,FI (2) / LA (4) / BI (4),high-montane (main area of silver fir),10.0,0.8,,,1.0,1.0,,2,2,8,8,,,,,,,2556,Jungwuchs/Dickung_10,1528.0,1,young,1,0,1,Sta. Maria,1500_2000
,82831.0,2.0,Stangenholz,237.0,FI (1),,high-montane (main area of silver fir),10.0,2.0,,,1.0,,,2,2,2,2,,,,,,,2559,Stangenholz_10,1477.0,1,not_young,0,0,1,Sta. Maria,1000_1500
,82832.0,2.0,Stangenholz,208.0,,,lower/upper montane,7.0,0.9,,,,,,3,3,3,3,,,,,,,2560,Stangenholz_7,1296.3,1,not_young,0,0,0,Sta. Maria,1000_1500
,82833.0,4.0,Mittleres Baumholz,479.0,FI (8),,high-montane (main area of silver fir),10.0,0.8,,,1.0,,,2,2,2,2,,,,,,,2561,Mittleres Baumholz_10,1382.1,1,not_young,0,0,1,Sta. Maria,1000_1500
,82834.0,2.0,Stangenholz,275.0,FI (1) / LA (1),,high-montane (main area of silver fir),10.0,1.0,,,1.0,,,2,2,2,2,,,,,,,2562,Stangenholz_10,1472.7,1,not_young,0,0,1,Sta. Maria,1000_1500
,83012.0,4.0,Mittleres Baumholz,557.0,FI (10) / WFO (e),,high-montane (main area of silver fir),10.0,2.2,,,1.0,1.0,,2,2,8,8,,,,,,,2564,Mittleres Baumholz_10,1213.5,1,not_young,1,0,1,Sta. Maria,1000_1500
,83013.0,4.0,Mittleres Baumholz,412.0,FI (10) / ULB (e),,lower/upper montane,7.0,1.3,,,1.0,1.0,,2,2,8,8,,,,,,,2565,Mittleres Baumholz_7,1123.5,1,not_young,1,0,1,Sta. Maria,1000_1500
,83016.0,4.0,Mittleres Baumholz,308.0,BU (e) / FI (10) / LA (e),FI (10),lower/upper montane,7.0,2.3,,,1.0,,,2,2,2,2,,,,,,,2566,Mittleres Baumholz_7,1007.1,1,not_young,0,0,1,Sta. Maria,1000_1500
,83020.0,2.0,Stangenholz,223.0,FI (5) / KA (e) / BI (5),,colline with beech,2.0,0.9,,,1.0,,,2,2,2,2,,,,,,,2568,Stangenholz_2,867.2999999999998,0,not_young,0,0,1,Sta. Maria,500_1000
,83021.0,4.0,Mittleres Baumholz,308.0,FI (6),,colline with beech,2.0,2.5,,,1.0,,,2,2,2,2,,,,,,,2569,Mittleres Baumholz_2,870.7,0,not_young,0,0,1,Sta. Maria,500_1000
,83022.0,3.0,Schwaches Baumholz,391.0,FI (1),,colline with beech,2.0,1.5,,,1.0,,,6,6,6,6,,,1.0,,,,2570,Schwaches Baumholz_2,839.2999999999998,0,not_young,0,0,0,Sta. Maria,500_1000
,83024.0,4.0,Mittleres Baumholz,343.0,FI (8) / KA (2),,colline with beech,2.0,0.9,,,1.0,,,2,2,2,2,,,,,,,2571,Mittleres Baumholz_2,1000.1,1,not_young,0,0,1,Sta. Maria,1000_1500
,83025.0,3.0,Schwaches Baumholz,287.0,FI (5) / KA (2) / BI (3),,colline with beech,2.0,0.4,,,1.0,,,6,6,6,6,,,1.0,,,,2572,Schwaches Baumholz_2,917.4,0,not_young,0,0,0,Sta. Maria,500_1000
,83026.0,2.0,Stangenholz,168.0,FI (10),,lower/upper montane,7.0,0.3,,,1.0,,,2,2,2,2,,,,,,,2573,Stangenholz_7,923.8,0,not_young,0,0,1,Sta. Maria,500_1000
,83028.0,4.0,Mittleres Baumholz,439.0,FI (4) / LA (6),,high-montane (main area of silver fir),10.0,1.9,,,1.0,1.0,,2,2,8,8,,,,,,,2574,Mittleres Baumholz_10,1698.4,1,not_young,0,0,1,Sta. Maria,1500_2000
,83029.0,1.0,Jungwuchs/Dickung,458.0,,,lower/upper montane,7.0,2.8,,,1.0,1.0,,2,2,8,8,,,,,,,2575,Jungwuchs/Dickung_7,1388.0,1,young,1,0,1,Sta. Maria,1000_1500
,83030.0,4.0,Mittleres Baumholz,410.0,FI (9) / LA (1),,subalpine,8.0,0.2,,,1.0,,,2,2,2,2,,,,,,,2576,Mittleres Baumholz_8,1817.2,1,not_young,0,0,1,Sta. Maria,1500_2000
,83031.0,3.0,Schwaches Baumholz,383.0,FI (5) / LA (5),,subalpine,8.0,0.9,,,1.0,1.0,,2,2,8,8,,,,,,,2577,Schwaches Baumholz_8,1743.4,1,not_young,0,0,1,Sta. Maria,1500_2000
,83032.0,4.0,Mittleres Baumholz,270.0,FI (9) / LA (1),,subalpine,8.0,0.4,,,1.0,,,2,2,2,2,,,,,,,2578,Mittleres Baumholz_8,1809.4,1,not_young,0,0,1,Sta. Maria,1500_2000
,83039.0,3.0,Schwaches Baumholz,131.0,,,-,5.0,1.5,,,,,,3,3,3,3,,,,,,,2579,Schwaches Baumholz_5,2041.3,1,not_young,0,0,0,Sta. Maria,2000_2500
,83043.0,2.0,Stangenholz,182.0,,,high-montane (main area of silver fir),10.0,6.7,,,,,,3,3,3,3,,,,,,,2580,Stangenholz_10,1592.3,1,not_young,0,0,0,Sta. Maria,1500_2000
,83220.0,2.0,Stangenholz,149.0,,FI (e) / LA (8) / BI (2) / WEI (e),lower/upper montane,7.0,1.0,,,1.0,,,2,2,2,2,,,,,,,2581,Stangenholz_7,1081.7,1,not_young,0,0,1,Sta. Maria,1000_1500
,83221.0,2.0,Stangenholz,166.0,BI (10) / WEI (e),,lower/upper montane,7.0,3.0,,,1.0,,,2,2,2,2,,,,,,,2582,Stangenholz_7,1124.9,1,not_young,0,0,1,Sta. Maria,1000_1500
,83224.0,4.0,Mittleres Baumholz,295.0,FI (10) / KA (e),,colline with beech,2.0,1.2,,,1.0,,,2,2,2,2,,,,,,,2583,Mittleres Baumholz_2,944.2,0,not_young,0,0,1,Sta. Maria,500_1000
,83225.0,4.0,Mittleres Baumholz,403.0,FI (9) / KA (1),,colline with beech,2.0,2.2,,,1.0,,,2,2,2,2,,,,,,,2584,Mittleres Baumholz_2,950.2,0,not_young,0,0,1,Sta. Maria,500_1000
,83226.0,3.0,Schwaches Baumholz,367.0,FI (9),,colline with beech,2.0,0.8,,,1.0,,,2,2,2,2,,,,,,,2585,Schwaches Baumholz_2,877.7999999999998,0,not_young,0,0,1,Sta. Maria,500_1000
,83227.0,4.0,Mittleres Baumholz,342.0,FI (10) / KA (e),,colline with beech,2.0,1.3,,,1.0,,,2,2,2,2,,,,,,,2586,Mittleres Baumholz_2,908.0,0,not_young,0,0,1,Sta. Maria,500_1000
,83228.0,3.0,Schwaches Baumholz,315.0,FI (10),,colline with beech,2.0,0.2,,,1.0,,,2,2,2,2,,,,,,,2587,Schwaches Baumholz_2,944.1,0,not_young,0,0,1,Sta. Maria,500_1000
,83229.0,2.0,Stangenholz,220.0,FI (9) / BI (1),,colline with beech,2.0,0.3,,,1.0,,,2,2,2,2,,,,,,,2588,Stangenholz_2,901.6,0,not_young,0,0,1,Sta. Maria,500_1000
,83231.0,3.0,Schwaches Baumholz,348.0,FI (10),,lower/upper montane,7.0,1.9,,,1.0,,,2,2,2,2,,,,,,,2589,Schwaches Baumholz_7,1049.2,1,not_young,0,0,1,Sta. Maria,1000_1500
,83232.0,3.0,Schwaches Baumholz,396.0,FI (10) / KA (e),,lower/upper montane,7.0,1.2,,,1.0,,,2,2,2,2,,,,,,,2590,Schwaches Baumholz_7,994.7,0,not_young,0,0,1,Sta. Maria,500_1000
,83233.0,3.0,Schwaches Baumholz,280.0,FI (5) / KA (5),FI (10),lower/upper montane,7.0,0.4,,,1.0,,,2,2,2,2,,,,,,,2591,Schwaches Baumholz_7,1010.0,1,not_young,0,0,1,Sta. Maria,1000_1500
,83234.0,4.0,Mittleres Baumholz,186.0,FI (5) / KA (5),FI (e) / BI (10),colline with beech,2.0,0.9,,,1.0,,,6,6,6,6,,,1.0,,,,2592,Mittleres Baumholz_2,929.1,0,not_young,0,0,0,Sta. Maria,500_1000
,83235.0,2.0,Stangenholz,157.0,KA (10) / BI (e) / AS (e) / WEI (e),,colline with beech,2.0,1.4,,,1.0,,,6,6,6,6,,,1.0,,,,2593,Stangenholz_2,865.7,0,not_young,0,0,0,Sta. Maria,500_1000
,83236.0,2.0,Stangenholz,141.0,BAH (1) / REI (5) / BI (3) / WEI (1),,colline with beech,2.0,0.8,,,1.0,,,6,6,6,6,,,1.0,,,,2594,Stangenholz_2,871.5,0,not_young,0,0,0,Sta. Maria,500_1000
,83237.0,2.0,Stangenholz,123.0,KA (8) / BI (2) / WEI (e),,colline with beech,2.0,0.3,,,1.0,,,6,6,6,6,,,1.0,,,,2595,Stangenholz_2,875.0,0,not_young,0,0,0,Sta. Maria,500_1000
,83238.0,4.0,Mittleres Baumholz,280.0,,,colline,3.0,0.3,,,1.0,,,6,6,6,6,,,1.0,,,,2596,Mittleres Baumholz_3,794.7,0,not_young,0,0,0,Sta. Maria,500_1000
,83240.0,4.0,Mittleres Baumholz,341.0,FI (8),,colline with beech,2.0,1.3,,,1.0,,,2,2,2,2,,,,,,,2597,Mittleres Baumholz_2,818.7999999999998,0,not_young,0,0,1,Sta. Maria,500_1000
,83241.0,3.0,Schwaches Baumholz,286.0,FI (5) / LA (5),,subalpine,8.0,0.6,,,1.0,,,2,2,2,2,,,,,,,2598,Schwaches Baumholz_8,1771.8,1,not_young,0,0,1,Sta. Maria,1500_2000
,83242.0,4.0,Mittleres Baumholz,241.0,FI (6) / LA (4),,subalpine,8.0,0.2,,,1.0,1.0,,2,2,8,8,,,,,,,2599,Mittleres Baumholz_8,1759.1,1,not_young,0,0,1,Sta. Maria,1500_2000
,83243.0,4.0,Mittleres Baumholz,421.0,FI (8) / LA (2),,subalpine,8.0,0.9,,,1.0,1.0,,2,2,8,8,,,,,,,2600,Mittleres Baumholz_8,1793.3,1,not_young,0,0,1,Sta. Maria,1500_2000
,83247.0,4.0,Mittleres Baumholz,278.0,FI (8) / LA (2),,subalpine,8.0,0.6,,,1.0,,,2,2,2,2,,,,,,,2602,Mittleres Baumholz_8,1812.0,1,not_young,0,0,1,Sta. Maria,1500_2000
,83255.0,3.0,Schwaches Baumholz,500.0,FI (6),,upper subalpine,9.0,0.5,,,,,,3,3,3,3,,,,,,,2603,Schwaches Baumholz_9,1865.3,1,not_young,0,0,0,Sta. Maria,1500_2000
,83256.0,2.0,Stangenholz,111.0,,,high-montane (main area of silver fir),10.0,1.6,,,,,,3,3,3,3,,,,,,,2604,Stangenholz_10,1609.6,1,not_young,0,0,0,Sta. Maria,1500_2000
,83408.0,4.0,Mittleres Baumholz,341.0,FI (10) / LA (e) / WFO (e),,lower/upper montane,7.0,0.3,,,1.0,1.0,,2,2,8,8,,,,,,,2605,Mittleres Baumholz_7,1320.8,1,not_young,1,0,1,Sta. Maria,1000_1500
,83409.0,2.0,Stangenholz,308.0,FI (10) / LA (e) / ULB (e) / WFO (e),,lower/upper montane,7.0,3.0,,,1.0,1.0,,2,2,8,8,,,,,,,2606,Stangenholz_7,1273.5,1,not_young,1,0,1,Sta. Maria,1000_1500
,83429.0,4.0,Mittleres Baumholz,142.0,FI (8) / BI (2),,colline with beech,2.0,0.3,,,1.0,,,2,2,2,2,,,,,,,2611,Mittleres Baumholz_2,878.1,0,not_young,0,0,1,Sta. Maria,500_1000
,83430.0,2.0,Stangenholz,136.0,LA (10) / BI (e),,lower/upper montane,7.0,0.5,,,1.0,,,2,2,2,2,,,,,,,2612,Stangenholz_7,1081.2,1,not_young,0,0,1,Sta. Maria,1000_1500
,83431.0,2.0,Stangenholz,164.0,BI (10) / AS (e) / WEI (e),,lower/upper montane,7.0,1.4,,,1.0,,,2,2,2,2,,,,,,,2613,Stangenholz_7,1072.7,1,not_young,0,0,1,Sta. Maria,1000_1500
,83432.0,2.0,Stangenholz,172.0,FI (1) / KA (e) / LA (e) / BI (9) / WEI (e),FI (10),lower/upper montane,7.0,3.0,,,1.0,,,2,2,2,2,,,,,,,2614,Stangenholz_7,987.6,0,not_young,0,0,1,Sta. Maria,500_1000
,83433.0,4.0,Mittleres Baumholz,318.0,FI (10),FI (10),colline with beech,2.0,0.2,,,1.0,,,2,2,2,2,,,,,,,2615,Mittleres Baumholz_2,955.8,0,not_young,0,0,1,Sta. Maria,500_1000
,83434.0,3.0,Schwaches Baumholz,226.0,FI (2) / KA (7) / BI (e),,colline with beech,2.0,1.0,,,1.0,,,6,6,6,6,,,1.0,,,,2616,Schwaches Baumholz_2,909.5,0,not_young,0,0,0,Sta. Maria,500_1000
,83435.0,2.0,Stangenholz,126.0,KA (2) / BI (8) / WEI (e),FI (10) / LA (e),colline with beech,2.0,2.1,,,1.0,,,6,6,6,6,,,1.0,,,,2617,Stangenholz_2,922.7,0,not_young,0,0,0,Sta. Maria,500_1000
,83436.0,2.0,Stangenholz,210.0,KA (e) / BI (10) / WEI (e),FI (10),colline with beech,2.0,1.2,,,1.0,,,2,2,2,2,,,,,,,2618,Stangenholz_2,979.2,0,not_young,0,0,1,Sta. Maria,500_1000
,83438.0,4.0,Mittleres Baumholz,369.0,FI (9) / LA (1),,high-montane (main area of silver fir),10.0,2.1,,,1.0,,,2,2,2,2,,,,,,,2619,Mittleres Baumholz_10,1590.5,1,not_young,0,0,1,Sta. Maria,1500_2000
,83439.0,4.0,Mittleres Baumholz,321.0,FI (6) / LA (1),,high-montane (main area of silver fir),10.0,5.7,,,1.0,,,2,2,2,2,,,,,,,2620,Mittleres Baumholz_10,1377.2,1,not_young,0,0,1,Sta. Maria,1000_1500
,83447.0,4.0,Mittleres Baumholz,178.0,FI (5) / LA (3),,upper subalpine,9.0,0.6,,,,,,3,3,3,3,,,,,,,2621,Mittleres Baumholz_9,1934.9,1,not_young,0,0,0,Sta. Maria,1500_2000
,83449.0,3.0,Schwaches Baumholz,241.0,FI (1),,subalpine,8.0,0.8,,,,,,3,3,3,3,,,,,,,2622,Schwaches Baumholz_8,1708.0,1,not_young,0,0,0,Sta. Maria,1500_2000
,83452.0,2.0,Stangenholz,207.0,,,subalpine,8.0,0.4,,,,,,3,3,3,3,,,,,,,2624,Stangenholz_8,1651.5,1,not_young,0,0,0,Sta. Maria,1500_2000
,83453.0,2.0,Stangenholz,187.0,,,high-montane (main area of silver fir),10.0,2.6,,,1.0,,,2,2,2,2,,,,,,,2625,Stangenholz_10,1565.6,1,not_young,0,0,1,Sta. Maria,1500_2000
,83622.0,2.0,Stangenholz,192.0,KA (10) / BI (e) / AS (e) / WEI (e),,colline,3.0,0.4,,,1.0,,,6,6,6,6,,,1.0,,,,2626,Stangenholz_3,819.2999999999998,0,not_young,0,0,0,Sta. Maria,500_1000
,83624.0,2.0,Stangenholz,151.0,BI (9) / WEI (1),FI (10) / LA (e) / WFO (e),lower/upper montane,7.0,0.8,,,1.0,1.0,,2,2,8,8,,,,,,,2628,Stangenholz_7,1172.4,1,not_young,1,0,1,Sta. Maria,1000_1500
,83625.0,2.0,Stangenholz,203.0,LA (e) / BI (9) / WEI (1),FI (10),lower/upper montane,7.0,3.0,,,1.0,,,2,2,2,2,,,,,,,2629,Stangenholz_7,1062.4,1,not_young,0,0,1,Sta. Maria,1000_1500
,83628.0,2.0,Stangenholz,148.0,FI (10) / BI (e),,lower/upper montane,7.0,0.2,,,,,,3,3,3,3,,,,,,,2630,Stangenholz_7,1122.4,1,not_young,0,0,0,Sta. Maria,1000_1500
,83630.0,4.0,Mittleres Baumholz,204.0,FI (e) / KA (10) / BI (e),,colline with beech,2.0,1.7,,,1.0,,,6,6,6,6,,,1.0,,,,2631,Mittleres Baumholz_2,912.3,0,not_young,0,0,0,Sta. Maria,500_1000
,83631.0,2.0,Stangenholz,256.0,KA (e) / BI (10) / WEI (e),FI (10),lower/upper montane,7.0,0.6,,,1.0,,,2,2,2,2,,,,,,,2632,Stangenholz_7,974.6,0,not_young,0,0,1,Sta. Maria,500_1000
,83633.0,4.0,Mittleres Baumholz,197.0,FI (4) / KA (6),FI (1) / KA (1) / BI (8),lower/upper montane,7.0,0.4,,,1.0,,,2,2,2,2,,,,,,,2633,Mittleres Baumholz_7,1041.0,1,not_young,0,0,1,Sta. Maria,1000_1500
,83636.0,3.0,Schwaches Baumholz,265.0,FI (2),,lower/upper montane,7.0,0.6,,,1.0,,,2,2,2,2,,,,,,,2635,Schwaches Baumholz_7,1263.7,1,not_young,0,0,1,Sta. Maria,1000_1500
,83638.0,3.0,Schwaches Baumholz,172.0,,,lower/upper montane,7.0,1.5,,,1.0,,,2,2,2,2,,,,,,,2636,Schwaches Baumholz_7,1126.8,1,not_young,0,0,1,Sta. Maria,1000_1500
,83639.0,3.0,Schwaches Baumholz,126.0,FI (5),,lower/upper montane,7.0,1.9,,,1.0,,,2,2,2,2,,,,,,,2637,Schwaches Baumholz_7,1230.8,1,not_young,0,0,1,Sta. Maria,1000_1500
,83640.0,2.0,Stangenholz,117.0,,,lower/upper montane,7.0,2.2,,,1.0,,,2,2,2,2,,,,,,,2638,Stangenholz_7,1256.3,1,not_young,0,0,1,Sta. Maria,1000_1500
,83644.0,1.0,Jungwuchs/Dickung,177.0,,,lower/upper montane,7.0,1.0,,,1.0,,,2,2,2,2,,,,,,,2641,Jungwuchs/Dickung_7,1056.1,1,young,0,0,1,Sta. Maria,1000_1500
,83646.0,1.0,Jungwuchs/Dickung,166.0,,,lower/upper montane,7.0,1.0,,,1.0,,,2,2,2,2,,,,,,,2642,Jungwuchs/Dickung_7,1138.0,1,young,0,0,1,Sta. Maria,1000_1500
,83649.0,3.0,Schwaches Baumholz,401.0,,,lower/upper montane,7.0,0.2,,,1.0,,,2,2,2,2,,,,,,,2643,Schwaches Baumholz_7,1358.5,1,not_young,0,0,1,Sta. Maria,1000_1500
,83654.0,3.0,Schwaches Baumholz,238.0,FI (4),,high-montane (main area of silver fir),10.0,1.7,,,1.0,,,2,2,2,2,,,,,,,2647,Schwaches Baumholz_10,1570.1,1,not_young,0,0,1,Sta. Maria,1500_2000
,83655.0,1.0,Jungwuchs/Dickung,183.0,,,high-montane (main area of silver fir),10.0,1.8,,,,,,3,3,3,3,,,,,,,2648,Jungwuchs/Dickung_10,1453.8,1,young,0,0,0,Sta. Maria,1000_1500
,83827.0,4.0,Mittleres Baumholz,510.0,FI (7) / LA (e) / WFO (3),,lower/upper montane,7.0,0.7,,,1.0,1.0,,2,2,8,8,,,,,,,2651,Mittleres Baumholz_7,1389.5,1,not_young,1,0,1,Sta. Maria,1000_1500
,83828.0,4.0,Mittleres Baumholz,497.0,FI (7) / LA (e) / WFO (3),,high-montane (main area of silver fir),10.0,0.8,,,1.0,1.0,,2,2,8,8,,,,,,,2652,Mittleres Baumholz_10,1332.0,1,not_young,1,0,1,Sta. Maria,1000_1500
,83832.0,1.0,Jungwuchs/Dickung,268.0,FI (8),,lower/upper montane,7.0,0.3,,,,1.0,,3,3,8,8,,,,,,,2653,Jungwuchs/Dickung_7,1219.3,1,young,1,0,0,Sta. Maria,1000_1500
,83834.0,2.0,Stangenholz,213.0,FI (5) / BI (5),,lower/upper montane,7.0,0.2,,,,1.0,,3,3,8,8,,,,,,,2654,Stangenholz_7,1112.0,1,not_young,1,0,0,Sta. Maria,1000_1500
,83835.0,1.0,Jungwuchs/Dickung,155.0,FI (8),,lower/upper montane,7.0,0.2,,,,1.0,,3,3,8,8,,,,,,,2655,Jungwuchs/Dickung_7,1147.3,1,young,1,0,0,Sta. Maria,1000_1500
,83836.0,4.0,Mittleres Baumholz,301.0,FI (9) / ULB (e) / WFO (1),,lower/upper montane,7.0,4.0,,,1.0,1.0,,2,2,8,8,,,,,,,2656,Mittleres Baumholz_7,1137.2,1,not_young,1,0,1,Sta. Maria,1000_1500
,83840.0,4.0,Mittleres Baumholz,255.0,FI (7) / WFO (3),FI (10),lower/upper montane,7.0,1.1,,,1.0,,,2,2,2,2,,,,,,,2660,Mittleres Baumholz_7,1088.0,1,not_young,0,0,1,Sta. Maria,1000_1500
,83841.0,4.0,Mittleres Baumholz,224.0,FI (2) / BI (5) / WFO (3),,lower/upper montane,7.0,0.9,,,1.0,1.0,,2,2,8,8,,,,,,,2661,Mittleres Baumholz_7,1179.3,1,not_young,1,0,1,Sta. Maria,1000_1500
,83842.0,2.0,Stangenholz,180.0,BU (e) / TEI (e) / KA (e) / BI (10) / WEI (e) / WFO (e),FI (10),lower/upper montane,7.0,3.5,,,1.0,,,2,2,2,2,,,,,,,2662,Stangenholz_7,1136.6,1,not_young,0,0,1,Sta. Maria,1000_1500
,83844.0,2.0,Stangenholz,186.0,KA (e) / BI (5) / AS (e) / WEI (5),,lower/upper montane,7.0,0.9,,,1.0,,,2,2,2,2,,,,,,,2663,Stangenholz_7,1078.3,1,not_young,0,0,1,Sta. Maria,1000_1500
,83847.0,4.0,Mittleres Baumholz,280.0,FI (9),,high-montane (main area of silver fir),10.0,1.6,,,1.0,,,2,2,2,2,,,,,,,2664,Mittleres Baumholz_10,1511.8,1,not_young,0,0,1,Sta. Maria,1500_2000
,83848.0,2.0,Stangenholz,261.0,FI (3),,lower/upper montane,7.0,0.6,,,1.0,,,2,2,2,2,,,,,,,2665,Stangenholz_7,1367.9,1,not_young,0,0,1,Sta. Maria,1000_1500
,83849.0,4.0,Mittleres Baumholz,271.0,FI (8) / WFO (2),,lower/upper montane,7.0,0.5,,,1.0,,,2,2,2,2,,,,,,,2666,Mittleres Baumholz_7,1425.1,1,not_young,0,0,1,Sta. Maria,1000_1500
,83850.0,4.0,Mittleres Baumholz,299.0,FI (8) / WFO (2),,lower/upper montane,7.0,0.3,,,1.0,,,2,2,2,2,,,,,,,2667,Mittleres Baumholz_7,1326.0,1,not_young,0,0,1,Sta. Maria,1000_1500
,83852.0,4.0,Mittleres Baumholz,258.0,FI (6) / TA (1),,lower/upper montane,7.0,1.2,,,1.0,,,2,2,2,2,,,,,,,2668,Mittleres Baumholz_7,1185.4,1,not_young,0,0,1,Sta. Maria,1000_1500
,83853.0,2.0,Stangenholz,295.0,,,lower/upper montane,7.0,0.6,,,1.0,,,2,2,2,2,,,,,,,2669,Stangenholz_7,1404.7,1,not_young,0,0,1,Sta. Maria,1000_1500
,83854.0,2.0,Stangenholz,202.0,,,lower/upper montane,7.0,0.4,,,1.0,,,2,2,2,2,,,,,,,2670,Stangenholz_7,1274.8,1,not_young,0,0,1,Sta. Maria,1000_1500
,83855.0,4.0,Mittleres Baumholz,206.0,,,lower/upper montane,7.0,0.5,,,1.0,,,2,2,2,2,,,,,,,2671,Mittleres Baumholz_7,1291.5,1,not_young,0,0,1,Sta. Maria,1000_1500
,83856.0,4.0,Mittleres Baumholz,235.0,FI (7),,lower/upper montane,7.0,0.9,,,1.0,,,2,2,2,2,,,,,,,2672,Mittleres Baumholz_7,1483.2,1,not_young,0,0,1,Sta. Maria,1000_1500
,83860.0,4.0,Mittleres Baumholz,177.0,FI (8),,upper subalpine,9.0,0.2,,,,,,3,3,3,3,,,,,,,2673,Mittleres Baumholz_9,1904.2,1,not_young,0,0,0,Sta. Maria,1500_2000
,83861.0,4.0,Mittleres Baumholz,144.0,FI (8),,upper subalpine,9.0,0.3,,,1.0,,,2,2,2,2,,,,,,,2674,Mittleres Baumholz_9,1943.7,1,not_young,0,0,1,Sta. Maria,1500_2000
,83862.0,2.0,Stangenholz,108.0,LA (e),FI (8) / LA (e) / BI (2) / WFO (e),lower/upper montane,7.0,0.8,,,1.0,1.0,,2,2,8,8,,,,,,,2675,Stangenholz_7,1297.3,1,not_young,1,0,1,Sta. Maria,1000_1500
,84039.0,3.0,Schwaches Baumholz,191.0,FI (e) / KA (10) / WFO (e),,colline with beech,2.0,0.9,,,1.0,,,6,6,6,6,,,1.0,,,,2677,Schwaches Baumholz_2,980.0,0,not_young,0,0,0,Sta. Maria,500_1000
,84041.0,1.0,Jungwuchs/Dickung,117.0,,FI (1) / LA (e) / BI (8) / WEI (1),lower/upper montane,7.0,0.5,,,1.0,,,2,2,2,2,,,,,,,2679,Jungwuchs/Dickung_7,1064.2,1,young,0,0,1,Sta. Maria,1000_1500
,84042.0,2.0,Stangenholz,153.0,FI (3) / BI (7) / WEI (e),,lower/upper montane,7.0,1.1,,,1.0,,,2,2,2,2,,,,,,,2680,Stangenholz_7,998.4,0,not_young,0,0,1,Sta. Maria,500_1000
,84043.0,2.0,Stangenholz,152.0,FI (e) / BI (10) / WEI (e) / WFO (e),FI (10) / LA (e) / WFO (e),lower/upper montane,7.0,2.0,,,1.0,,,2,2,2,2,,,,,,,2681,Stangenholz_7,1184.7,1,not_young,0,0,1,Sta. Maria,1000_1500
,84044.0,2.0,Stangenholz,137.0,FI (1) / LA (e) / BI (9) / AS (e) / WEI (e) / WFO (e),FI (10) / TA (e),lower/upper montane,7.0,1.1,,,1.0,1.0,,2,2,8,8,,,,,,,2682,Stangenholz_7,1188.0,1,not_young,1,0,1,Sta. Maria,1000_1500
,84045.0,2.0,Stangenholz,147.0,BI (6) / AS (e) / WEI (e),,lower/upper montane,7.0,0.9,,,1.0,,,2,2,2,2,,,,,,,2683,Stangenholz_7,1130.5,1,not_young,0,0,1,Sta. Maria,1000_1500
,84046.0,2.0,Stangenholz,161.0,KA (e) / BI (7) / WEI (3),FI (10),lower/upper montane,7.0,1.7,,,1.0,,,2,2,2,2,,,,,,,2684,Stangenholz_7,1111.4,1,not_young,0,0,1,Sta. Maria,1000_1500
,84047.0,4.0,Mittleres Baumholz,367.0,FI (10) / WFO (e),,lower/upper montane,7.0,0.5,,,1.0,1.0,,2,2,8,8,,,,,,,2685,Mittleres Baumholz_7,1208.8,1,not_young,1,0,1,Sta. Maria,1000_1500
,84048.0,2.0,Stangenholz,282.0,FI (8),,lower/upper montane,7.0,0.6,,,1.0,,,2,2,2,2,,,,,,,2686,Stangenholz_7,1030.2,1,not_young,0,0,1,Sta. Maria,1000_1500
,84049.0,4.0,Mittleres Baumholz,318.0,FI (9) / WFO (1),,lower/upper montane,7.0,0.8,,,1.0,1.0,,2,2,8,8,,,,,,,2687,Mittleres Baumholz_7,1112.0,1,not_young,1,0,1,Sta. Maria,1000_1500
,84050.0,4.0,Mittleres Baumholz,466.0,FI (9) / WFO (1),,lower/upper montane,7.0,2.1,,,1.0,1.0,,2,2,8,8,,,,,,,2688,Mittleres Baumholz_7,1229.0,1,not_young,1,0,1,Sta. Maria,1000_1500
,84051.0,2.0,Stangenholz,151.0,,,lower/upper montane,7.0,2.0,,,1.0,,,2,2,2,2,,,,,,,2689,Stangenholz_7,1029.9,1,not_young,0,0,1,Sta. Maria,1000_1500
,84057.0,2.0,Stangenholz,140.0,,,lower/upper montane,7.0,0.7,,,1.0,,,2,2,2,2,,,,,,,2691,Stangenholz_7,1172.0,1,not_young,0,0,1,Sta. Maria,1000_1500
,84058.0,3.0,Schwaches Baumholz,275.0,FI (4),,lower/upper montane,7.0,0.6,,,1.0,,,2,2,2,2,,,,,,,2692,Schwaches Baumholz_7,1274.0,1,not_young,0,0,1,Sta. Maria,1000_1500
,84060.0,1.0,Jungwuchs/Dickung,202.0,,,lower/upper montane,7.0,0.4,,,1.0,,,2,2,2,2,,,,,,,2694,Jungwuchs/Dickung_7,1151.4,1,young,0,0,1,Sta. Maria,1000_1500
,84062.0,3.0,Schwaches Baumholz,312.0,FI (4),,high-montane (main area of silver fir),10.0,0.3,,,1.0,,,2,2,2,2,,,,,,,2695,Schwaches Baumholz_10,1366.9,1,not_young,0,0,1,Sta. Maria,1000_1500
,84063.0,3.0,Schwaches Baumholz,261.0,FI (9) / LA (1),,high-montane (main area of silver fir),10.0,3.9,,,1.0,,,2,2,2,2,,,,,,,2696,Schwaches Baumholz_10,1467.6,1,not_young,0,0,1,Sta. Maria,1000_1500
,84064.0,4.0,Mittleres Baumholz,156.0,FI (8) / LA (2),,subalpine,8.0,0.4,,,1.0,,,2,2,2,2,,,,,,,2697,Mittleres Baumholz_8,1710.1,1,not_young,0,0,1,Sta. Maria,1500_2000
,84067.0,2.0,Stangenholz,209.0,FI (8) / WFO (2),FI (7) / LA (e) / ULB (e) / WFO (3),lower/upper montane,7.0,3.4,,,1.0,1.0,,2,2,8,8,,,,,,,2698,Stangenholz_7,1297.5,1,not_young,1,0,1,Sta. Maria,1000_1500
,84068.0,1.0,Jungwuchs/Dickung,499.0,,,high-montane (main area of silver fir),10.0,1.9,,,1.0,1.0,,2,2,8,8,,,,,,,2699,Jungwuchs/Dickung_10,1465.4,1,young,1,0,1,Sta. Maria,1000_1500
,84069.0,1.0,Jungwuchs/Dickung,516.0,,,high-montane (main area of silver fir),10.0,1.1,,,1.0,1.0,,2,2,8,8,,,,,,,2700,Jungwuchs/Dickung_10,1478.8,1,young,1,0,1,Sta. Maria,1000_1500
,130594.0,4.0,Mittleres Baumholz,167.0,,,subalpine,8.0,1.1,,,1.0,,,2,2,2,2,,,,,,,4616,Mittleres Baumholz_8,1813.3,1,not_young,0,0,1,Sta. Maria,1500_2000
,130597.0,4.0,Mittleres Baumholz,130.0,,,upper subalpine,9.0,1.0,,,1.0,,,2,2,2,2,,,,,,,4618,Mittleres Baumholz_9,1860.5,1,not_young,0,0,1,Sta. Maria,1500_2000
,130598.0,3.0,Schwaches Baumholz,104.0,,,subalpine,8.0,0.2,,,1.0,,,2,2,2,2,,,,,,,4619,Schwaches Baumholz_8,1820.0,1,not_young,0,0,1,Sta. Maria,1500_2000
,130599.0,3.0,Schwaches Baumholz,166.0,,,subalpine,8.0,0.2,,,1.0,,,2,2,2,2,,,,,,,4620,Schwaches Baumholz_8,1717.9,1,not_young,0,0,1,Sta. Maria,1500_2000
,131295.0,3.0,Schwaches Baumholz,276.0,FI (9) / WFO (1),,lower/upper montane,7.0,0.8,,,1.0,1.0,,2,2,8,8,,,,,,,4636,Schwaches Baumholz_7,1254.5,1,not_young,1,0,1,Sta. Maria,1000_1500
,131296.0,4.0,Mittleres Baumholz,377.0,FI (10) / WFO (e),,lower/upper montane,7.0,1.3,,,1.0,1.0,,2,2,8,8,,,,,,,4637,Mittleres Baumholz_7,1324.7,1,not_young,1,0,1,Sta. Maria,1000_1500
,131297.0,1.0,Jungwuchs/Dickung,236.0,,FI (7) / ULB (1) / WFO (2),lower/upper montane,7.0,0.9,,,1.0,1.0,,2,2,8,8,,,,,,,4638,Jungwuchs/Dickung_7,1263.7,1,young,1,0,1,Sta. Maria,1000_1500
,131298.0,4.0,Mittleres Baumholz,433.0,FI (10),,lower/upper montane,7.0,0.2,,,1.0,1.0,,2,2,8,8,,,,,,,4639,Mittleres Baumholz_7,1345.9,1,not_young,1,0,1,Sta. Maria,1000_1500
,131299.0,4.0,Mittleres Baumholz,262.0,FI (9) / WFO (1),,lower/upper montane,7.0,1.2,,,1.0,1.0,,2,2,8,8,,,,,,,4640,Mittleres Baumholz_7,1325.8,1,not_young,1,0,1,Sta. Maria,1000_1500
,131311.0,4.0,Mittleres Baumholz,501.0,FI (8) / LA (1) / WFO (1),,high-montane (main area of silver fir),10.0,2.3,,,1.0,1.0,,2,2,8,8,,,,,,,4644,Mittleres Baumholz_10,1491.3,1,not_young,1,0,1,Sta. Maria,1000_1500
,131807.0,4.0,Mittleres Baumholz,480.0,FI (10) / LA (e) / WFO (e),,lower/upper montane,7.0,3.7,,,1.0,1.0,,2,2,8,8,,,,,,,4646,Mittleres Baumholz_7,1437.3,1,not_young,1,0,1,Sta. Maria,1000_1500
,131959.0,4.0,Mittleres Baumholz,379.0,FI (7) / WFO (3),,lower/upper montane,7.0,3.3,,,1.0,1.0,,2,2,8,8,,,,,,,4649,Mittleres Baumholz_7,1365.3,1,not_young,1,0,1,Sta. Maria,1000_1500
,131960.0,2.0,Stangenholz,474.0,FI (10),,high-montane (main area of silver fir),10.0,0.3,,,1.0,1.0,,2,2,8,8,,,,,,,4650,Stangenholz_10,1526.6,1,not_young,0,0,1,Sta. Maria,1500_2000
,131961.0,4.0,Mittleres Baumholz,433.0,FI (10),,lower/upper montane,7.0,1.9,,,1.0,1.0,,2,2,8,8,,,,,,,4651,Mittleres Baumholz_7,1515.8,1,not_young,1,0,1,Sta. Maria,1500_2000
,131962.0,4.0,Mittleres Baumholz,413.0,FI (5) / WFO (5),,lower/upper montane,7.0,0.4,,,1.0,1.0,,2,2,8,8,,,,,,,4652,Mittleres Baumholz_7,1485.6,1,not_young,1,0,1,Sta. Maria,1000_1500
,131964.0,4.0,Mittleres Baumholz,495.0,FI (9) / LA (1) / WFO (e),,high-montane (main area of silver fir),10.0,3.3,,,1.0,1.0,,2,2,8,8,,,,,,,4653,Mittleres Baumholz_10,1517.6,1,not_young,1,0,1,Sta. Maria,1500_2000
,132445.0,4.0,Mittleres Baumholz,247.0,,,high-montane (main area of silver fir),10.0,2.2,,,1.0,1.0,,2,2,8,8,,,,,,,4657,Mittleres Baumholz_10,1593.5,1,not_young,0,0,1,Sta. Maria,1500_2000
,132446.0,1.0,Jungwuchs/Dickung,222.0,FI (5) / LA (5),,high-montane (main area of silver fir),10.0,1.4,,,1.0,1.0,,2,2,8,8,,,,,,,4658,Jungwuchs/Dickung_10,1562.9,1,young,0,0,1,Sta. Maria,1500_2000
,132447.0,3.0,Schwaches Baumholz,287.0,FI (5) / LA (5),,high-montane (main area of silver fir),10.0,0.7,,,1.0,1.0,,2,2,8,8,,,,,,,4659,Schwaches Baumholz_10,1650.2,1,not_young,0,0,1,Sta. Maria,1500_2000
,132623.0,4.0,Mittleres Baumholz,363.0,FI (9),,high-montane (main area of silver fir),10.0,0.8,,,1.0,1.0,,2,2,8,8,,,,,,,4661,Mittleres Baumholz_10,1660.9,1,not_young,0,0,1,Sta. Maria,1500_2000
,132624.0,4.0,Mittleres Baumholz,450.0,FI (3) / LA (6) / WFO (1),,high-montane (main area of silver fir),10.0,3.8,,,1.0,1.0,,2,2,8,8,,,,,,,4662,Mittleres Baumholz_10,1575.5,1,not_young,0,0,1,Sta. Maria,1500_2000
,132625.0,4.0,Mittleres Baumholz,378.0,FI (9),,high-montane (main area of silver fir),10.0,1.5,,,1.0,1.0,,2,2,8,8,,,,,,,4663,Mittleres Baumholz_10,1635.4,1,not_young,0,0,1,Sta. Maria,1500_2000
,136504.0,2.0,Stangenholz,264.0,FI (10) / LA (e) / WFO (e),,lower/upper montane,7.0,2.3,,,1.0,1.0,,2,2,8,8,,,,,,,4677,Stangenholz_7,1361.6,1,not_young,1,0,1,Sta. Maria,1000_1500
,137472.0,5.0,Starkes Baumholz,509.0,FI (10) / WFO (e),,lower/upper montane,7.0,0.3,,,1.0,1.0,,2,2,8,8,,,,,,,4687,Starkes Baumholz_7,1278.4,1,not_young,1,0,1,Sta. Maria,1000_1500
