area_ha,alt_zone,type,age,BAU,HYBRID,WOOD,NONE,BIO,fsID,ds,rst,distance,elev,SHORTNAME
3.6,12,plant10,young,3,4,4,0,3,7359,Jungwuchs/Dickung,Jungwuchs/Dickung_12,0.0,1398.3,Siat
2.2,12,plant10,young,3,4,4,0,3,7365,Jungwuchs/Dickung,Jungwuchs/Dickung_12,0.0,1478.8,Andiast
2.8,12,other,young,3,3,3,0,3,6312,Jungwuchs/Dickung,Jungwuchs/Dickung_12,0.0,1238.6,Surrein
0.2,11,prot_no_nat,young,2,2,2,0,2,7338,Jungwuchs/Dickung,Jungwuchs/Dickung_11,689.2828942577476,1146.2,Surcuolm
0.7,12,plant30,young,3,3,4,0,3,7107,Jungwuchs/Dickung,Jungwuchs/Dickung_12,0.0,1414.6,Surrein
1.1,12,nat15,young,3,3,3,0,1,6315,Jungwuchs/Dickung,Jungwuchs/Dickung_12,6.205833389343684,1382.8,Surrein
0.5,12,nat15,young,1,3,3,0,1,6321,Jungwuchs/Dickung,Jungwuchs/Dickung_12,0.0,1362.7,Surrein
0.1,11,prot_no_nat,young,2,2,2,0,2,7342,Jungwuchs/Dickung,Jungwuchs/Dickung_11,16.99675965302567,1219.5,Sumvitg
2.4,12,other,young,3,3,3,0,3,6322,Jungwuchs/Dickung,Jungwuchs/Dickung_12,7.433997292603316,1463.3,Surrein
0.5,12,nat15,young,3,3,3,0,1,6319,Jungwuchs/Dickung,Jungwuchs/Dickung_12,85.07391410487534,1413.1,Surrein
1.4,11,prot_no_nat,young,2,2,2,0,2,7345,Jungwuchs/Dickung,Jungwuchs/Dickung_11,0.0,1305.0,Surrein
0.7,11,prot_no_nat,young,2,2,2,0,2,7350,Jungwuchs/Dickung,Jungwuchs/Dickung_11,133.03594689146996,1234.6,Obersaxen
1.5,12,plant30,young,3,3,4,0,3,7087,Jungwuchs/Dickung,Jungwuchs/Dickung_12,144.75028332829243,1310.5,Surrein
0.4,11,prot_no_nat,young,2,2,2,0,2,7347,Jungwuchs/Dickung,Jungwuchs/Dickung_11,0.0,1187.8,Cumpadials
0.6,12,plant30,young,3,3,4,0,3,7129,Jungwuchs/Dickung,Jungwuchs/Dickung_12,0.0,1280.7,Surrein
5.9,8,prot_no_nat,young,2,2,2,0,2,7394,Jungwuchs/Dickung,Jungwuchs/Dickung_8,0.0,1556.7,Waltensburg/Vuorz
1.9,8,prot_no_nat,young,2,2,2,0,2,7397,Jungwuchs/Dickung,Jungwuchs/Dickung_8,0.0,1732.5,Rueun
0.7,12,plant10,young,3,4,4,0,3,7369,Jungwuchs/Dickung,Jungwuchs/Dickung_12,146.13679462744804,1341.6,S. Benedetg
4.3,12,plant10,young,3,4,4,0,3,7370,Jungwuchs/Dickung,Jungwuchs/Dickung_12,0.0,1522.2,Surrein
2.2,12,plant10,young,3,4,4,0,3,7367,Jungwuchs/Dickung,Jungwuchs/Dickung_12,0.0,1365.2,Rabius
0.7,11,other,young,3,3,3,0,3,6348,Jungwuchs/Dickung,Jungwuchs/Dickung_11,119.95286210879424,818.8999999999999,Trun
0.9,12,plant10,young,3,4,4,0,3,7373,Jungwuchs/Dickung,Jungwuchs/Dickung_12,0.0,1585.3,Segnas
0.6,12,plant10,young,3,4,4,0,3,7372,Jungwuchs/Dickung,Jungwuchs/Dickung_12,30.91501776093624,1400.1,Sumvitg
0.4,12,plant10,young,3,4,4,0,3,7377,Jungwuchs/Dickung,Jungwuchs/Dickung_12,114.8189177454816,1433.8,Segnas
1.3,12,plant10,young,3,4,4,0,3,7379,Jungwuchs/Dickung,Jungwuchs/Dickung_12,0.0,1880.3,Obersaxen
1.3,12,plant30,young,3,3,4,0,3,7120,Jungwuchs/Dickung,Jungwuchs/Dickung_12,0.0,1582.2,Surrein
1.0,8,prot_no_nat,young,2,2,2,0,2,7415,Jungwuchs/Dickung,Jungwuchs/Dickung_8,19.663348218008437,1764.2,Trun
1.4,8,prot_no_nat,young,2,2,2,0,2,7416,Jungwuchs/Dickung,Jungwuchs/Dickung_8,0.0,1571.0,Surrein
0.2,8,prot_no_nat,young,2,2,2,0,2,7402,Jungwuchs/Dickung,Jungwuchs/Dickung_8,121.5665492848072,1714.7,Sumvitg
1.0,3,prot_no_nat,young,2,2,2,0,2,6916,Jungwuchs/Dickung,Jungwuchs/Dickung_3,539.3322689916929,750.5,Rueun
0.7,8,prot_no_nat,young,2,2,2,0,2,7399,Jungwuchs/Dickung,Jungwuchs/Dickung_8,0.0,1876.9,Siat
1.4,8,prot_no_nat,young,2,2,2,0,2,7406,Jungwuchs/Dickung,Jungwuchs/Dickung_8,0.0,1820.3,Schlans
1.5,5,prot_no_nat,young,2,2,2,0,2,6893,Jungwuchs/Dickung,Jungwuchs/Dickung_5,614.4960972953609,850.5,Trun
0.7,12,plant30,young,3,3,4,0,3,7144,Jungwuchs/Dickung,Jungwuchs/Dickung_12,43.69185761335034,1469.5,Surrein
1.5,8,prot_no_nat,young,2,2,2,0,2,7403,Jungwuchs/Dickung,Jungwuchs/Dickung_8,0.0,1742.5,Sumvitg
2.2,8,prot_no_nat,young,2,2,2,0,2,7404,Jungwuchs/Dickung,Jungwuchs/Dickung_8,0.0,1685.0,Rabius
0.5,12,plant30,young,3,3,4,0,3,7150,Jungwuchs/Dickung,Jungwuchs/Dickung_12,0.0,1430.6,Surrein
0.2,8,prot_no_nat,young,2,2,2,0,2,7410,Jungwuchs/Dickung,Jungwuchs/Dickung_8,127.19378540969328,1660.8,Sedrun
0.4,8,prot_no_nat,young,2,2,2,0,2,7408,Jungwuchs/Dickung,Jungwuchs/Dickung_8,560.9116145447939,1721.4,Trun
1.4,8,prot_no_nat,young,2,2,2,0,2,7411,Jungwuchs/Dickung,Jungwuchs/Dickung_8,0.0,1852.9,Sedrun
0.6,8,prot_no_nat,young,2,2,2,0,2,7412,Jungwuchs/Dickung,Jungwuchs/Dickung_8,0.0,1504.4,Disentis/Mustér
0.8,11,prot_no_nat,young,1,2,2,0,2,6942,Jungwuchs/Dickung,Jungwuchs/Dickung_11,177.6910596255742,733.2,Rueun
0.9,11,prot_no_nat,young,2,2,2,0,2,6714,Jungwuchs/Dickung,Jungwuchs/Dickung_11,18.67596587628349,1508.8,Obersaxen
0.5,8,prot_no_nat,young,2,2,2,0,2,7234,Jungwuchs/Dickung,Jungwuchs/Dickung_8,27.055844806125634,1546.2,Sedrun
0.2,5,prot_no_nat,young,2,2,2,0,2,7237,Jungwuchs/Dickung,Jungwuchs/Dickung_5,443.73677143359953,907.2,Sumvitg
0.2,6,nat15,young,3,3,3,0,1,7238,Jungwuchs/Dickung,Jungwuchs/Dickung_6,14.95992354729356,1302.5,Sumvitg
0.1,5,prot_no_nat,young,2,2,2,0,2,7235,Jungwuchs/Dickung,Jungwuchs/Dickung_5,220.16626959358243,818.3999999999999,Trun
0.6,12,res_no_prot,young,1,1,1,0,1,7236,Jungwuchs/Dickung,Jungwuchs/Dickung_12,0.0,1627.7,Surrein
0.5,11,plant10,young,3,4,4,0,3,7207,Jungwuchs/Dickung,Jungwuchs/Dickung_11,664.91126265359,850.3999999999999,Trun
2.2,11,prot_no_nat,young,2,2,2,0,2,6704,Jungwuchs/Dickung,Jungwuchs/Dickung_11,377.17631641755406,1533.3,Obersaxen
0.9,3,prot_no_nat,young,2,2,2,0,2,6955,Jungwuchs/Dickung,Jungwuchs/Dickung_3,509.1378603425057,752.2999999999998,Rueun
0.7,11,other,young,1,3,3,0,3,6234,Jungwuchs/Dickung,Jungwuchs/Dickung_11,0.0,895.3999999999999,Surrein
1.3,11,plant10,young,3,4,4,0,3,7257,Jungwuchs/Dickung,Jungwuchs/Dickung_11,0.0,990.4,Trun
1.1,11,plant10,young,3,4,4,0,3,7258,Jungwuchs/Dickung,Jungwuchs/Dickung_11,0.0,901.0,Siat
0.5,11,other,young,3,3,3,0,3,6235,Jungwuchs/Dickung,Jungwuchs/Dickung_11,449.4776677827981,929.0,Rabius
3.3,12,nat15,young,3,3,3,0,1,7255,Jungwuchs/Dickung,Jungwuchs/Dickung_12,0.0,2164.0,Surrein
2.2,12,other,young,3,3,3,0,3,7256,Jungwuchs/Dickung,Jungwuchs/Dickung_12,0.0,1216.4,Surrein
1.2,11,other,young,3,3,3,0,3,6241,Jungwuchs/Dickung,Jungwuchs/Dickung_11,326.8583185490429,1072.2,Rabius
2.0,11,prot_no_nat,young,2,2,2,0,2,7261,Jungwuchs/Dickung,Jungwuchs/Dickung_11,0.0,1286.4,Surrein
1.7,12,other,young,3,3,3,0,3,6242,Jungwuchs/Dickung,Jungwuchs/Dickung_12,0.0,1598.4,Surrein
3.0,8,nat15,young,3,3,3,0,1,7262,Jungwuchs/Dickung,Jungwuchs/Dickung_8,0.0,2171.4,Pigniu
0.9,9,nat15,young,3,3,3,0,1,7259,Jungwuchs/Dickung,Jungwuchs/Dickung_9,0.0,2011.8,Surrein
0.6,9,other,young,3,3,3,0,3,7260,Jungwuchs/Dickung,Jungwuchs/Dickung_9,12.679791350340707,1671.1,Cumpadials
0.8,11,plant10,young,3,4,4,0,3,7265,Jungwuchs/Dickung,Jungwuchs/Dickung_11,118.55264715019904,794.8999999999999,Trun
5.1,5,nat15,young,3,3,3,0,1,7266,Jungwuchs/Dickung,Jungwuchs/Dickung_5,7.565384861919048,1916.4,Surrein
4.1,12,prot_no_nat,young,2,2,2,0,2,7263,Jungwuchs/Dickung,Jungwuchs/Dickung_12,0.0,1197.0,Surrein
3.4,11,other,young,3,3,3,0,3,7264,Jungwuchs/Dickung,Jungwuchs/Dickung_11,0.0,1013.8,Siat
0.6,12,other,young,3,3,3,0,3,7269,Jungwuchs/Dickung,Jungwuchs/Dickung_12,0.0,1546.5,Surrein
2.8,12,nat15,young,3,3,3,0,1,7270,Jungwuchs/Dickung,Jungwuchs/Dickung_12,0.0,2533.3,Surrein
0.5,10,nat15,young,3,3,3,0,1,7267,Jungwuchs/Dickung,Jungwuchs/Dickung_10,32.54120112107057,1201.7,Sumvitg
0.3,8,res_no_prot,young,1,1,1,0,1,7268,Jungwuchs/Dickung,Jungwuchs/Dickung_8,84.92766756985938,1936.5,Surrein
7.3,12,plant30,young,3,3,4,0,3,7241,Jungwuchs/Dickung,Jungwuchs/Dickung_12,0.0,1381.9,Surrein
5.3,11,prot_no_nat,young,2,2,2,0,2,7242,Jungwuchs/Dickung,Jungwuchs/Dickung_11,0.0,771.8999999999999,Ilanz
0.7,12,plant10,young,3,4,4,0,3,7239,Jungwuchs/Dickung,Jungwuchs/Dickung_12,0.0,1790.1,Siat
0.3,9,prot_no_nat,young,2,2,2,0,2,7240,Jungwuchs/Dickung,Jungwuchs/Dickung_9,0.0,1497.4,Rueun
0.1,9,res_no_prot,young,1,1,1,0,1,7245,Jungwuchs/Dickung,Jungwuchs/Dickung_9,58.10388049752283,1818.9,Trun
0.9,11,plant30,young,3,3,4,0,3,7246,Jungwuchs/Dickung,Jungwuchs/Dickung_11,0.0,1366.2,Surrein
2.4,11,other,young,3,3,3,0,3,7243,Jungwuchs/Dickung,Jungwuchs/Dickung_11,0.0,1038.6,Cumpadials
0.5,5,other,young,1,3,3,0,3,7244,Jungwuchs/Dickung,Jungwuchs/Dickung_5,0.0,937.3,Cumpadials
5.5,8,plant30,young,3,3,4,0,3,7249,Jungwuchs/Dickung,Jungwuchs/Dickung_8,0.0,1491.0,Surrein
0.5,11,other,young,3,3,3,0,3,6230,Jungwuchs/Dickung,Jungwuchs/Dickung_11,53.53458432364441,1134.8,Disentis/Mustér
1.3,8,plant10,young,3,4,4,0,3,7250,Jungwuchs/Dickung,Jungwuchs/Dickung_8,7.192150783420342,1695.8,Platta
0.5,8,nat15,young,3,3,3,0,1,7247,Jungwuchs/Dickung,Jungwuchs/Dickung_8,533.6076987638966,1429.9,Andiast
0.3,9,plant30,young,3,3,4,0,3,7248,Jungwuchs/Dickung,Jungwuchs/Dickung_9,7.874042552169472,2035.5,Surrein
1.2,11,other,young,3,3,3,0,3,6265,Jungwuchs/Dickung,Jungwuchs/Dickung_11,0.0,1510.1,Cumpadials
1.9,8,other,young,3,3,3,0,3,7253,Jungwuchs/Dickung,Jungwuchs/Dickung_8,0.0,1440.1,Cumpadials
3.1,12,other,young,3,3,3,0,3,7254,Jungwuchs/Dickung,Jungwuchs/Dickung_12,0.0,1603.3,Surrein
0.3,12,plant30,young,3,3,4,0,3,7251,Jungwuchs/Dickung,Jungwuchs/Dickung_12,68.19553604169596,1293.4,Surrein
0.4,12,res_no_prot,young,1,1,1,0,1,7252,Jungwuchs/Dickung,Jungwuchs/Dickung_12,70.62618217798912,1717.9,Surrein
2.0,11,plant10,young,3,4,4,0,3,7289,Jungwuchs/Dickung,Jungwuchs/Dickung_11,0.0,870.2999999999998,Siat
0.6,11,other,young,3,3,3,0,3,7290,Jungwuchs/Dickung,Jungwuchs/Dickung_11,73.45397291876586,1693.7,Zignau
6.1,8,prot_no_nat,young,2,2,2,0,2,7287,Jungwuchs/Dickung,Jungwuchs/Dickung_8,0.0,1176.1,Waltensburg/Vuorz
6.3,8,other,young,3,3,3,0,3,7288,Jungwuchs/Dickung,Jungwuchs/Dickung_8,0.0,1275.5,Surrein
1.8,12,prot_no_nat,young,2,2,2,0,2,7293,Jungwuchs/Dickung,Jungwuchs/Dickung_12,0.0,964.9,Curaglia
0.1,8,plant10,young,3,4,4,0,3,7294,Jungwuchs/Dickung,Jungwuchs/Dickung_8,1240.062355154548,1637.0,Pigniu
0.5,11,prot_no_nat,young,2,2,2,0,2,6530,Jungwuchs/Dickung,Jungwuchs/Dickung_11,476.7341229836503,1013.7,Siat
0.7,12,plant30,young,3,3,4,0,3,7291,Jungwuchs/Dickung,Jungwuchs/Dickung_12,0.0,1709.0,Surrein
0.4,8,nat15,young,3,3,3,0,1,7292,Jungwuchs/Dickung,Jungwuchs/Dickung_8,580.4936357057791,1542.9,Andiast
1.0,11,prot_no_nat,young,1,2,2,0,2,6532,Jungwuchs/Dickung,Jungwuchs/Dickung_11,491.97265012332014,737.8999999999999,Waltensburg/Vuorz
0.7,8,other,young,3,3,3,0,3,7273,Jungwuchs/Dickung,Jungwuchs/Dickung_8,40.820552991279065,1320.8,Sedrun
0.4,8,plant30,young,3,3,4,0,3,7274,Jungwuchs/Dickung,Jungwuchs/Dickung_8,485.0282045797986,1497.4,Sedrun
0.8,5,plant30,young,3,3,4,0,3,7271,Jungwuchs/Dickung,Jungwuchs/Dickung_5,8.248443890387003,1138.2,Surrein
4.8,12,other,young,3,3,3,0,3,7272,Jungwuchs/Dickung,Jungwuchs/Dickung_12,0.0,1572.9,Surrein
0.3,12,nat15,young,3,3,3,0,1,7277,Jungwuchs/Dickung,Jungwuchs/Dickung_12,0.0,1229.1,Sumvitg
0.3,12,nat15,young,3,3,3,0,1,7278,Jungwuchs/Dickung,Jungwuchs/Dickung_12,95.79367922453545,1774.0,Surrein
0.8,12,nat15,young,1,3,3,0,1,6255,Jungwuchs/Dickung,Jungwuchs/Dickung_12,13.355816109201005,1371.3,Surrein
3.0,5,other,young,3,3,3,0,3,7275,Jungwuchs/Dickung,Jungwuchs/Dickung_5,0.0,1538.2,Sumvitg
2.2,11,other,young,3,3,3,0,3,7276,Jungwuchs/Dickung,Jungwuchs/Dickung_11,0.0,1016.3,Rueun
0.1,5,res_no_prot,young,1,1,1,0,1,7281,Jungwuchs/Dickung,Jungwuchs/Dickung_5,14.536882732520146,1992.7,Surrein
0.6,12,plant10,young,3,4,4,0,3,7282,Jungwuchs/Dickung,Jungwuchs/Dickung_12,15.990451777621468,1450.8,Sedrun
7.0,11,prot_no_nat,young,2,2,2,0,2,7279,Jungwuchs/Dickung,Jungwuchs/Dickung_11,0.0,846.3999999999999,Cumpadials
0.6,11,other,young,3,3,3,0,3,6260,Jungwuchs/Dickung,Jungwuchs/Dickung_11,11.935206220845007,1051.5,Rabius
0.6,12,plant10,young,3,4,4,0,3,7280,Jungwuchs/Dickung,Jungwuchs/Dickung_12,0.0,1654.6,Curaglia
0.2,11,plant10,young,3,4,4,0,3,7285,Jungwuchs/Dickung,Jungwuchs/Dickung_11,60.654315529007526,1510.9,Surrein
0.6,11,plant30,young,3,3,4,0,3,7286,Jungwuchs/Dickung,Jungwuchs/Dickung_11,0.0,1039.9,Cumpadials
4.6,12,plant30,young,3,3,4,0,3,7283,Jungwuchs/Dickung,Jungwuchs/Dickung_12,0.0,1848.6,Surrein
2.9,11,other,young,3,3,3,0,3,7284,Jungwuchs/Dickung,Jungwuchs/Dickung_11,0.0,855.2999999999998,Surrein
0.4,11,prot_no_nat,young,2,2,2,0,2,7321,Jungwuchs/Dickung,Jungwuchs/Dickung_11,16.607502747267965,1192.0,Rabius
1.0,11,prot_no_nat,young,2,2,2,0,2,6772,Jungwuchs/Dickung,Jungwuchs/Dickung_11,0.0,1450.4,Obersaxen
1.3,11,prot_no_nat,young,2,2,2,0,2,7319,Jungwuchs/Dickung,Jungwuchs/Dickung_11,27.27208482370415,1159.8,Waltensburg/Vuorz
1.3,11,prot_no_nat,young,2,2,2,0,2,7320,Jungwuchs/Dickung,Jungwuchs/Dickung_11,0.0,1307.1,Sumvitg
0.8,11,other,young,3,3,3,0,3,6305,Jungwuchs/Dickung,Jungwuchs/Dickung_11,17.658224352960797,1273.1,Sumvitg
0.4,11,prot_no_nat,young,2,2,2,0,2,7330,Jungwuchs/Dickung,Jungwuchs/Dickung_11,27.767226962122272,1161.4,Schnaus
4.0,11,prot_no_nat,young,2,2,2,0,2,7327,Jungwuchs/Dickung,Jungwuchs/Dickung_11,0.0,1152.5,Rueun
0.2,11,prot_no_nat,young,2,2,2,0,2,7334,Jungwuchs/Dickung,Jungwuchs/Dickung_11,364.9699544939284,1133.8,Luven
1.5,11,prot_no_nat,young,2,2,2,0,2,7313,Jungwuchs/Dickung,Jungwuchs/Dickung_11,0.0,1390.3,Obersaxen
0.8,8,prot_no_nat,young,2,2,2,0,2,6549,Jungwuchs/Dickung,Jungwuchs/Dickung_8,0.0,1652.3,Waltensburg/Vuorz
3.2,12,plant10,young,3,4,4,0,3,7314,Jungwuchs/Dickung,Jungwuchs/Dickung_12,0.0,1276.2,Rueun
1.6,11,prot_no_nat,young,2,2,2,0,2,7311,Jungwuchs/Dickung,Jungwuchs/Dickung_11,0.0,1169.0,Schlans
1.2,11,prot_no_nat,young,2,2,2,0,2,7312,Jungwuchs/Dickung,Jungwuchs/Dickung_11,0.0,1256.2,Zignau
0.9,11,prot_no_nat,young,2,2,2,0,2,7317,Jungwuchs/Dickung,Jungwuchs/Dickung_11,0.0,1190.8,Trun
1.9,12,plant10,young,3,4,4,0,3,7318,Jungwuchs/Dickung,Jungwuchs/Dickung_12,0.0,1558.7,Trun
0.6,12,other,young,3,3,3,0,3,6327,Jungwuchs/Dickung,Jungwuchs/Dickung_12,84.79672153022739,1286.3,Surrein
6.2,11,prot_no_nat,young,2,2,2,0,2,7315,Jungwuchs/Dickung,Jungwuchs/Dickung_11,0.0,1217.2,Cumpadials
0.3,12,plant10,young,3,4,4,0,3,7316,Jungwuchs/Dickung,Jungwuchs/Dickung_12,37.07848208183708,1581.5,Disentis/Mustér
0.7,12,plant10,young,3,4,4,0,3,7354,Jungwuchs/Dickung,Jungwuchs/Dickung_12,72.15360109342272,1513.4,Rueras
0.5,11,prot_no_nat,young,2,2,2,0,2,7351,Jungwuchs/Dickung,Jungwuchs/Dickung_11,17.711919382116854,1239.8,Trun
0.5,11,prot_no_nat,young,2,2,2,0,2,6842,Jungwuchs/Dickung,Jungwuchs/Dickung_11,23.348987792234603,1418.8,Zignau
3.1,12,plant10,young,3,4,4,0,3,7355,Jungwuchs/Dickung,Jungwuchs/Dickung_12,0.0,1382.5,Surrein
2.4,12,plant10,young,3,4,4,0,3,7362,Jungwuchs/Dickung,Jungwuchs/Dickung_12,0.0,1461.1,Pigniu
3.3,12,res_no_prot,not_young,1,1,1,0,1,1,Mittleres Baumholz,Mittleres Baumholz_12,,1494.9,Disentis/Mustér
23.9,8,res_no_prot,not_young,1,1,1,0,1,2,Stangenholz,Stangenholz_8,,1666.9,Sedrun
12.8,11,res_no_prot,not_young,1,1,1,0,1,3,Mittleres Baumholz,Mittleres Baumholz_11,,1213.0,Cavardiras
3.2,11,res_no_prot,not_young,1,1,1,0,1,4,Stangenholz,Stangenholz_11,,1025.2,Cavardiras
2.7,11,res_no_prot,not_young,1,1,1,0,1,5,Mittleres Baumholz,Mittleres Baumholz_11,,1010.4,Cavardiras
9.9,5,res_no_prot,not_young,1,1,1,0,1,6,Mittleres Baumholz,Mittleres Baumholz_5,,1977.5,Cavardiras
3.1,11,res_no_prot,not_young,1,1,1,0,1,7,Mittleres Baumholz,Mittleres Baumholz_11,,1010.8,Cavardiras
14.5,8,res_no_prot,not_young,1,1,1,0,1,8,Mittleres Baumholz,Mittleres Baumholz_8,,1673.4,Sedrun
1.0,8,res_no_prot,not_young,1,1,1,0,1,9,Starkes Baumholz,Starkes Baumholz_8,,1519.5,Rueras
5.7,8,res_no_prot,not_young,1,1,1,0,1,10,Mittleres Baumholz,Mittleres Baumholz_8,,1836.6,Cavardiras
7.7,8,res_no_prot,not_young,1,1,1,0,1,11,Starkes Baumholz,Starkes Baumholz_8,,1634.7,Sedrun
27.3,5,res_no_prot,not_young,1,1,1,0,1,12,Mittleres Baumholz,Mittleres Baumholz_5,,1950.9,Curaglia
1.9,11,res_no_prot,not_young,1,1,1,0,1,13,Schwaches Baumholz,Schwaches Baumholz_11,,1050.9,Cavardiras
4.4,8,res_no_prot,not_young,1,1,1,0,1,14,Mittleres Baumholz,Mittleres Baumholz_8,,1729.4,Segnas
4.9,9,res_no_prot,not_young,1,1,1,0,1,15,Mittleres Baumholz,Mittleres Baumholz_9,,1919.1,Cavardiras
4.2,8,res_no_prot,not_young,1,1,1,0,1,16,Mittleres Baumholz,Mittleres Baumholz_8,,1557.3,Disentis/Mustér
10.4,5,res_no_prot,not_young,1,1,1,0,1,17,Schwaches Baumholz,Schwaches Baumholz_5,,1972.2,Cavardiras
3.0,11,res_no_prot,not_young,1,1,1,0,1,18,Schwaches Baumholz,Schwaches Baumholz_11,,1044.4,Cavardiras
1.4,8,res_no_prot,not_young,1,1,1,0,1,19,Stangenholz,Stangenholz_8,,1637.7,Breil/Brigels
2.2,11,res_no_prot,not_young,1,1,1,0,1,20,Mittleres Baumholz,Mittleres Baumholz_11,,1083.7,Waltensburg/Vuorz
0.7,8,res_no_prot,not_young,1,1,1,0,1,21,Mittleres Baumholz,Mittleres Baumholz_8,,1810.3,Andiast
8.3,12,res_no_prot,not_young,1,1,1,0,1,22,Mittleres Baumholz,Mittleres Baumholz_12,,1580.3,Surrein
3.2,12,res_no_prot,not_young,1,1,1,0,1,23,Stangenholz,Stangenholz_12,,1535.0,Surrein
1.2,8,res_no_prot,not_young,1,1,1,0,1,24,Mittleres Baumholz,Mittleres Baumholz_8,,1629.1,Sumvitg
2.3,9,res_no_prot,not_young,1,1,1,0,1,25,Starkes Baumholz,Starkes Baumholz_9,,1815.5,Obersaxen
6.4,8,res_no_prot,not_young,1,1,1,0,1,26,Mittleres Baumholz,Mittleres Baumholz_8,,1812.6,Obersaxen
2.7,9,res_no_prot,not_young,1,1,1,0,1,27,Mittleres Baumholz,Mittleres Baumholz_9,,1882.0,Obersaxen
1.1,8,res_no_prot,not_young,1,1,1,0,1,28,Mittleres Baumholz,Mittleres Baumholz_8,,1745.0,Sumvitg
0.9,8,res_no_prot,not_young,1,1,1,0,1,29,Mittleres Baumholz,Mittleres Baumholz_8,,1777.8,Sumvitg
0.7,8,res_no_prot,not_young,1,1,1,0,1,30,Mittleres Baumholz,Mittleres Baumholz_8,,1793.9,Sumvitg
0.5,8,res_no_prot,not_young,1,1,1,0,1,31,Schwaches Baumholz,Schwaches Baumholz_8,,1778.6,Sumvitg
0.6,5,res_no_prot,not_young,1,1,1,0,1,32,Stangenholz,Stangenholz_5,,1970.5,Sumvitg
0.9,8,res_no_prot,not_young,1,1,1,0,1,33,Stangenholz,Stangenholz_8,,1525.2,Sumvitg
0.7,8,res_no_prot,not_young,1,1,1,0,1,34,Schwaches Baumholz,Schwaches Baumholz_8,,1841.0,Sumvitg
0.6,8,res_no_prot,not_young,1,1,1,0,1,35,Schwaches Baumholz,Schwaches Baumholz_8,,1819.3,Obersaxen
3.1,9,res_no_prot,not_young,1,1,1,0,1,36,Mittleres Baumholz,Mittleres Baumholz_9,,1833.8,Obersaxen
2.1,8,res_no_prot,not_young,1,1,1,0,1,37,Mittleres Baumholz,Mittleres Baumholz_8,,1794.8,Sumvitg
1.0,8,res_no_prot,not_young,1,1,1,0,1,38,Schwaches Baumholz,Schwaches Baumholz_8,,1823.8,Sumvitg
1.2,8,res_no_prot,not_young,1,1,1,0,1,39,Schwaches Baumholz,Schwaches Baumholz_8,,1841.3,Sumvitg
2.2,12,res_no_prot,not_young,1,1,1,0,1,40,Mittleres Baumholz,Mittleres Baumholz_12,,1700.6,Surrein
1.2,12,res_no_prot,not_young,1,1,1,0,1,41,Mittleres Baumholz,Mittleres Baumholz_12,,1561.4,Surrein
2.3,12,res_no_prot,not_young,1,1,1,0,1,42,Mittleres Baumholz,Mittleres Baumholz_12,,1556.0,Surrein
1.1,12,res_no_prot,not_young,1,1,1,0,1,43,Mittleres Baumholz,Mittleres Baumholz_12,,1498.8,Surrein
0.7,12,res_no_prot,not_young,1,1,1,0,1,44,Stangenholz,Stangenholz_12,,1536.6,Surrein
1.1,12,res_no_prot,not_young,1,1,1,0,1,45,Starkes Baumholz,Starkes Baumholz_12,,1443.8,Sumvitg
0.9,8,res_no_prot,not_young,1,1,1,0,1,46,Stangenholz,Stangenholz_8,,1663.8,Sumvitg
1.0,12,res_no_prot,not_young,1,1,1,0,1,47,Starkes Baumholz,Starkes Baumholz_12,,1478.2,Sumvitg
0.7,12,res_no_prot,not_young,1,1,1,0,1,48,Mittleres Baumholz,Mittleres Baumholz_12,,1694.6,Surrein
0.5,12,res_no_prot,not_young,1,1,1,0,1,49,Stangenholz,Stangenholz_12,,1698.2,Surrein
2.7,12,res_no_prot,not_young,1,1,1,0,1,50,Mittleres Baumholz,Mittleres Baumholz_12,,1671.1,Surrein
1.1,5,res_no_prot,not_young,1,1,1,0,1,51,Schwaches Baumholz,Schwaches Baumholz_5,,1899.0,Sumvitg
0.6,8,res_no_prot,not_young,1,1,1,0,1,52,Mittleres Baumholz,Mittleres Baumholz_8,,1745.7,Sumvitg
2.5,12,res_no_prot,not_young,1,1,1,0,1,53,Mittleres Baumholz,Mittleres Baumholz_12,,1708.8,Surrein
0.6,12,res_no_prot,not_young,1,1,1,0,1,54,Mittleres Baumholz,Mittleres Baumholz_12,,1736.5,Surrein
1.2,8,res_no_prot,not_young,1,1,1,0,1,55,Stangenholz,Stangenholz_8,,1810.2,Surrein
0.9,5,res_no_prot,not_young,1,1,1,0,1,56,Schwaches Baumholz,Schwaches Baumholz_5,,1906.2,Sumvitg
1.0,8,res_no_prot,not_young,1,1,1,0,1,57,Mittleres Baumholz,Mittleres Baumholz_8,,1859.4,Sumvitg
0.5,8,res_no_prot,not_young,1,1,1,0,1,58,Schwaches Baumholz,Schwaches Baumholz_8,,1748.8,Sumvitg
1.0,8,res_no_prot,not_young,1,1,1,0,1,59,Schwaches Baumholz,Schwaches Baumholz_8,,1715.5,Sumvitg
1.2,12,res_no_prot,not_young,1,1,1,0,1,60,Stangenholz,Stangenholz_12,,1429.9,Surrein
2.1,12,res_no_prot,not_young,1,1,1,0,1,61,Starkes Baumholz,Starkes Baumholz_12,,1517.8,Surrein
1.4,8,res_no_prot,not_young,1,1,1,0,1,62,Stangenholz,Stangenholz_8,,1739.2,Surrein
1.6,12,res_no_prot,not_young,1,1,1,0,1,63,Mittleres Baumholz,Mittleres Baumholz_12,,1704.7,Surrein
1.1,12,res_no_prot,not_young,1,1,1,0,1,64,Mittleres Baumholz,Mittleres Baumholz_12,,1654.4,Surrein
4.8,9,res_no_prot,not_young,1,1,1,0,1,65,Stangenholz,Stangenholz_9,,1936.8,Surrein
1.1,8,res_no_prot,not_young,1,1,1,0,1,66,Stangenholz,Stangenholz_8,,1863.5,Surrein
0.7,8,res_no_prot,not_young,1,1,1,0,1,67,Schwaches Baumholz,Schwaches Baumholz_8,,1844.7,Surrein
2.0,8,res_no_prot,not_young,1,1,1,0,1,68,Mittleres Baumholz,Mittleres Baumholz_8,,1829.3,Sumvitg
1.3,12,res_no_prot,not_young,1,1,1,0,1,69,Mittleres Baumholz,Mittleres Baumholz_12,,1547.7,Surrein
2.1,12,res_no_prot,not_young,1,1,1,0,1,70,Mittleres Baumholz,Mittleres Baumholz_12,,1605.6,Surrein
0.8,8,res_no_prot,not_young,1,1,1,0,1,71,Mittleres Baumholz,Mittleres Baumholz_8,,1777.0,Sumvitg
1.3,12,res_no_prot,not_young,1,1,1,0,1,72,Stangenholz,Stangenholz_12,,1668.3,Surrein
0.6,8,res_no_prot,not_young,1,1,1,0,1,73,Mittleres Baumholz,Mittleres Baumholz_8,,1765.0,Sumvitg
2.1,12,res_no_prot,not_young,1,1,1,0,1,74,Stangenholz,Stangenholz_12,,1582.4,Surrein
0.5,12,res_no_prot,not_young,1,1,1,0,1,75,Stangenholz,Stangenholz_12,,1575.3,Surrein
2.8,8,res_no_prot,not_young,1,1,1,0,1,76,Mittleres Baumholz,Mittleres Baumholz_8,,1691.1,Surrein
2.1,8,res_no_prot,not_young,1,1,1,0,1,77,Mittleres Baumholz,Mittleres Baumholz_8,,1732.1,Sumvitg
0.5,9,res_no_prot,not_young,1,1,1,0,1,78,Stangenholz,Stangenholz_9,,1983.9,Surrein
1.7,9,res_no_prot,not_young,1,1,1,0,1,79,Stangenholz,Stangenholz_9,,1880.3,Surrein
1.3,12,res_no_prot,not_young,1,1,1,0,1,80,Stangenholz,Stangenholz_12,,1607.4,Surrein
1.3,8,res_no_prot,not_young,1,1,1,0,1,81,Mittleres Baumholz,Mittleres Baumholz_8,,1700.5,Surrein
3.2,8,res_no_prot,not_young,1,1,1,0,1,82,Mittleres Baumholz,Mittleres Baumholz_8,,1836.1,Surrein
1.3,8,res_no_prot,not_young,1,1,1,0,1,83,Mittleres Baumholz,Mittleres Baumholz_8,,1730.1,Surrein
1.1,8,res_no_prot,not_young,1,1,1,0,1,84,Mittleres Baumholz,Mittleres Baumholz_8,,1791.5,Surrein
2.1,8,res_no_prot,not_young,1,1,1,0,1,85,Mittleres Baumholz,Mittleres Baumholz_8,,1875.0,Surrein
0.9,9,res_no_prot,not_young,1,1,1,0,1,86,Stangenholz,Stangenholz_9,,1983.8,Surrein
1.7,8,res_no_prot,not_young,1,1,1,0,1,87,Mittleres Baumholz,Mittleres Baumholz_8,,1788.9,Sumvitg
1.0,5,res_no_prot,not_young,1,1,1,0,1,88,Schwaches Baumholz,Schwaches Baumholz_5,,1928.7,Sumvitg
0.9,12,res_no_prot,not_young,1,1,1,0,1,89,Stangenholz,Stangenholz_12,,1638.4,Surrein
0.7,12,res_no_prot,not_young,1,1,1,0,1,90,Mittleres Baumholz,Mittleres Baumholz_12,,1677.2,Surrein
1.8,12,res_no_prot,not_young,1,1,1,0,1,91,Schwaches Baumholz,Schwaches Baumholz_12,,1760.7,Surrein
1.4,12,res_no_prot,not_young,1,1,1,0,1,92,Mittleres Baumholz,Mittleres Baumholz_12,,1664.6,Surrein
2.6,8,res_no_prot,not_young,1,1,1,0,1,93,Mittleres Baumholz,Mittleres Baumholz_8,,1777.2,Obersaxen
5.5,5,res_no_prot,not_young,1,1,1,0,1,94,Mittleres Baumholz,Mittleres Baumholz_5,,1962.0,Obersaxen
1.2,5,res_no_prot,not_young,1,1,1,0,1,95,Mittleres Baumholz,Mittleres Baumholz_5,,1973.5,Obersaxen
1.2,5,res_no_prot,not_young,1,1,1,0,1,96,Schwaches Baumholz,Schwaches Baumholz_5,,1938.1,Obersaxen
3.8,8,res_no_prot,not_young,1,1,1,0,1,97,Mittleres Baumholz,Mittleres Baumholz_8,,1837.9,Trun
2.4,9,res_no_prot,not_young,1,1,1,0,1,98,Mittleres Baumholz,Mittleres Baumholz_9,,1856.5,Trun
0.8,9,res_no_prot,not_young,1,1,1,0,1,99,Schwaches Baumholz,Schwaches Baumholz_9,,1886.0,Trun
0.8,8,res_no_prot,not_young,1,1,1,0,1,100,Schwaches Baumholz,Schwaches Baumholz_8,,1810.1,Trun
1.0,8,res_no_prot,not_young,1,1,1,0,1,101,Schwaches Baumholz,Schwaches Baumholz_8,,1807.7,Trun
1.2,8,res_no_prot,not_young,1,1,1,0,1,102,Mittleres Baumholz,Mittleres Baumholz_8,,1785.8,Trun
3.5,8,res_no_prot,not_young,1,1,1,0,1,103,Mittleres Baumholz,Mittleres Baumholz_8,,1771.9,Trun
2.7,8,res_no_prot,not_young,1,1,1,0,1,104,Mittleres Baumholz,Mittleres Baumholz_8,,1785.0,Trun
0.6,8,res_no_prot,not_young,1,1,1,0,1,105,Mittleres Baumholz,Mittleres Baumholz_8,,1633.7,Trun
1.9,8,res_no_prot,not_young,1,1,1,0,1,106,Mittleres Baumholz,Mittleres Baumholz_8,,1705.2,Trun
0.9,8,res_no_prot,not_young,1,1,1,0,1,107,Mittleres Baumholz,Mittleres Baumholz_8,,1707.1,Trun
5.5,8,res_no_prot,not_young,1,1,1,0,1,108,Mittleres Baumholz,Mittleres Baumholz_8,,1749.2,Trun
0.9,9,res_no_prot,not_young,1,1,1,0,1,109,Starkes Baumholz,Starkes Baumholz_9,,1864.5,Trun
4.2,11,res_no_prot,not_young,1,1,1,0,1,110,Schwaches Baumholz,Schwaches Baumholz_11,,874.3999999999999,Trun
4.9,9,res_no_prot,not_young,1,1,1,0,1,111,Mittleres Baumholz,Mittleres Baumholz_9,,1877.0,Trun
7.5,8,res_no_prot,not_young,1,1,1,0,1,112,Mittleres Baumholz,Mittleres Baumholz_8,,1787.3,Trun
0.6,8,res_no_prot,not_young,1,1,1,0,1,113,Schwaches Baumholz,Schwaches Baumholz_8,,1764.3,Trun
2.9,11,res_no_prot,not_young,1,1,1,0,1,114,Schwaches Baumholz,Schwaches Baumholz_11,,981.4,Schlans
1.3,11,res_no_prot,not_young,1,1,1,0,1,115,Starkes Baumholz,Starkes Baumholz_11,,958.4,Schlans
4.0,9,res_no_prot,not_young,1,1,1,0,1,116,Starkes Baumholz,Starkes Baumholz_9,,1836.0,Trun
1.5,9,res_no_prot,not_young,1,1,1,0,1,117,Mittleres Baumholz,Mittleres Baumholz_9,,1818.9,Trun
1.7,12,res_no_prot,not_young,1,1,1,0,1,118,Stangenholz,Stangenholz_12,,1594.0,Trun
0.5,8,res_no_prot,not_young,1,1,1,0,1,119,Stangenholz,Stangenholz_8,,1647.7,Trun
1.9,9,res_no_prot,not_young,1,1,1,0,1,120,Starkes Baumholz,Starkes Baumholz_9,,1856.1,Trun
6.3,8,res_no_prot,not_young,1,1,1,0,1,121,Mittleres Baumholz,Mittleres Baumholz_8,,1812.4,Trun
1.7,8,res_no_prot,not_young,1,1,1,0,1,122,Schwaches Baumholz,Schwaches Baumholz_8,,1668.1,Trun
3.6,9,res_no_prot,not_young,1,1,1,0,1,123,Mittleres Baumholz,Mittleres Baumholz_9,,1833.0,Trun
3.6,11,res_no_prot,not_young,1,1,1,0,1,124,Schwaches Baumholz,Schwaches Baumholz_11,,867.7,Trun
1.6,9,res_no_prot,not_young,1,1,1,0,1,125,Mittleres Baumholz,Mittleres Baumholz_9,,1875.2,Trun
0.8,8,res_no_prot,not_young,1,1,1,0,1,126,Mittleres Baumholz,Mittleres Baumholz_8,,1724.9,Trun
1.3,9,res_no_prot,not_young,1,1,1,0,1,127,Mittleres Baumholz,Mittleres Baumholz_9,,1880.9,Trun
0.5,8,res_no_prot,not_young,1,1,1,0,1,128,Mittleres Baumholz,Mittleres Baumholz_8,,1733.2,Trun
0.5,8,res_no_prot,not_young,1,1,1,0,1,129,Schwaches Baumholz,Schwaches Baumholz_8,,1722.6,Trun
2.2,8,res_no_prot,not_young,1,1,1,0,1,130,Mittleres Baumholz,Mittleres Baumholz_8,,1704.5,Trun
1.3,8,res_no_prot,not_young,1,1,1,0,1,131,Mittleres Baumholz,Mittleres Baumholz_8,,1784.7,Trun
0.7,8,res_no_prot,not_young,1,1,1,0,1,132,Mittleres Baumholz,Mittleres Baumholz_8,,1581.1,Trun
1.7,11,res_no_prot,not_young,1,1,1,0,1,133,Starkes Baumholz,Starkes Baumholz_11,,1536.3,Trun
3.5,11,res_no_prot,not_young,1,1,1,0,1,134,Starkes Baumholz,Starkes Baumholz_11,,1522.1,Trun
0.7,8,res_no_prot,not_young,1,1,1,0,1,135,Mittleres Baumholz,Mittleres Baumholz_8,,1634.4,Pigniu
1.0,5,res_no_prot,not_young,1,1,1,0,1,136,Mittleres Baumholz,Mittleres Baumholz_5,,1901.2,Pigniu
1.5,8,res_no_prot,not_young,1,1,1,0,1,137,Mittleres Baumholz,Mittleres Baumholz_8,,1567.8,Pigniu
0.5,12,other,not_young,3,3,3,0,3,138,Stangenholz,Stangenholz_12,,1621.5,Sedrun
4.4,8,other,not_young,3,3,3,0,3,139,Schwaches Baumholz,Schwaches Baumholz_8,,1827.2,Platta
0.9,12,other,not_young,3,3,3,0,3,140,Mittleres Baumholz,Mittleres Baumholz_12,,1619.6,Segnas
4.9,8,nat15,not_young,3,3,3,0,1,141,Mittleres Baumholz,Mittleres Baumholz_8,,1586.2,Sedrun
0.6,11,nat15,not_young,3,3,3,0,1,142,Stangenholz,Stangenholz_11,,1324.6,Disentis/Mustér
3.4,12,other,not_young,3,3,3,0,3,143,Starkes Baumholz,Starkes Baumholz_12,,1467.6,Sedrun
2.6,12,other,not_young,3,3,3,0,3,144,Mittleres Baumholz,Mittleres Baumholz_12,,1376.1,Sedrun
1.7,8,other,not_young,3,3,3,0,3,145,Starkes Baumholz,Starkes Baumholz_8,,1714.8,Sedrun
1.1,11,other,not_young,3,3,3,0,3,146,Stangenholz,Stangenholz_11,,1427.5,Segnas
2.3,8,nat15,not_young,3,3,3,0,1,147,Mittleres Baumholz,Mittleres Baumholz_8,,1883.7,Disentis/Mustér
2.9,12,nat15,not_young,3,3,3,0,1,148,Mittleres Baumholz,Mittleres Baumholz_12,,1502.3,Segnas
0.8,11,other,not_young,3,3,3,0,3,149,Stangenholz,Stangenholz_11,,1259.0,Disentis/Mustér
0.8,12,other,not_young,3,3,3,0,3,150,Stangenholz,Stangenholz_12,,1448.3,Sedrun
2.9,11,other,not_young,3,3,3,0,3,151,Stangenholz,Stangenholz_11,,1230.9,Cavardiras
0.8,12,other,not_young,3,3,3,0,3,152,Mittleres Baumholz,Mittleres Baumholz_12,,1549.9,Segnas
5.5,8,other,not_young,3,3,3,0,3,153,Starkes Baumholz,Starkes Baumholz_8,,1651.4,Sedrun
1.8,8,nat15,not_young,3,3,3,0,1,154,Mittleres Baumholz,Mittleres Baumholz_8,,1793.7,Sedrun
1.9,8,nat15,not_young,3,3,3,0,1,155,Stangenholz,Stangenholz_8,,1822.7,Disentis/Mustér
3.6,8,other,not_young,3,3,3,0,3,156,Schwaches Baumholz,Schwaches Baumholz_8,,1899.6,Platta
1.1,12,other,not_young,3,3,3,0,3,157,Stangenholz,Stangenholz_12,,1238.3,Mumpé Medel
3.7,8,other,not_young,3,3,3,0,3,158,Schwaches Baumholz,Schwaches Baumholz_8,,1592.1,Sedrun
1.5,8,nat15,not_young,3,3,3,0,1,159,Stangenholz,Stangenholz_8,,1664.5,Segnas
1.6,8,other,not_young,3,3,3,0,3,160,Stangenholz,Stangenholz_8,,1779.1,Platta
6.6,8,nat15,not_young,3,3,3,0,1,161,Stangenholz,Stangenholz_8,,1749.5,Disentis/Mustér
23.4,11,nat15,not_young,3,3,3,0,1,162,Mittleres Baumholz,Mittleres Baumholz_11,,1387.5,Curaglia
1.2,8,nat15,not_young,3,3,3,0,1,163,Stangenholz,Stangenholz_8,,1745.3,Sedrun
2.1,11,other,not_young,3,3,3,0,3,164,Schwaches Baumholz,Schwaches Baumholz_11,,1085.6,Disentis/Mustér
2.3,11,other,not_young,3,3,3,0,3,165,Stangenholz,Stangenholz_11,,1173.8,Cavardiras
5.6,8,nat15,not_young,3,3,3,0,1,166,Schwaches Baumholz,Schwaches Baumholz_8,,1880.7,Curaglia
1.5,11,other,not_young,3,3,3,0,3,167,Stangenholz,Stangenholz_11,,1013.8,Disentis/Mustér
2.1,5,nat15,not_young,3,3,3,0,1,168,Stangenholz,Stangenholz_5,,1969.5,Disentis/Mustér
0.6,12,other,not_young,3,3,3,0,3,169,Stangenholz,Stangenholz_12,,1551.0,Platta
1.4,11,other,not_young,1,3,3,0,3,170,Schwaches Baumholz,Schwaches Baumholz_11,,984.8,Disentis/Mustér
1.2,11,other,not_young,3,3,3,0,3,171,Stangenholz,Stangenholz_11,,1110.7,Cavardiras
1.0,8,nat15,not_young,3,3,3,0,1,172,Stangenholz,Stangenholz_8,,1690.7,Curaglia
0.6,12,nat15,not_young,3,3,3,0,1,173,Stangenholz,Stangenholz_12,,1520.6,Segnas
2.6,11,other,not_young,3,3,3,0,3,174,Starkes Baumholz,Starkes Baumholz_11,,1161.4,Cavardiras
16.7,8,nat15,not_young,3,3,3,0,1,175,Schwaches Baumholz,Schwaches Baumholz_8,,1649.8,Disentis/Mustér
1.8,12,other,not_young,3,3,3,0,3,176,Starkes Baumholz,Starkes Baumholz_12,,1583.2,Sedrun
3.0,8,other,not_young,3,3,3,0,3,177,Mittleres Baumholz,Mittleres Baumholz_8,,1800.0,Platta
2.0,11,other,not_young,3,3,3,0,3,178,Stangenholz,Stangenholz_11,,1041.7,Disentis/Mustér
0.8,8,nat15,not_young,3,3,3,0,1,179,Mittleres Baumholz,Mittleres Baumholz_8,,1720.0,Disentis/Mustér
0.7,8,other,not_young,3,3,3,0,3,180,Mittleres Baumholz,Mittleres Baumholz_8,,1471.2,Rueras
1.5,11,other,not_young,3,3,3,0,3,181,Stangenholz,Stangenholz_11,,1019.4,Disentis/Mustér
4.0,8,other,not_young,3,3,3,0,3,182,Stangenholz,Stangenholz_8,,1887.5,Sedrun
1.0,11,other,not_young,3,3,3,0,3,183,Mittleres Baumholz,Mittleres Baumholz_11,,1401.4,Curaglia
0.8,12,other,not_young,3,3,3,0,3,184,Stangenholz,Stangenholz_12,,1590.4,Segnas
2.0,8,other,not_young,3,3,3,0,3,185,Stangenholz,Stangenholz_8,,1678.9,Cavardiras
0.6,12,other,not_young,3,3,3,0,3,186,Stangenholz,Stangenholz_12,,1544.7,Sedrun
8.3,12,other,not_young,3,3,3,0,3,187,Starkes Baumholz,Starkes Baumholz_12,,1590.1,Platta
7.7,11,nat15,not_young,3,3,3,0,1,188,Schwaches Baumholz,Schwaches Baumholz_11,,1372.9,Cavardiras
1.3,8,nat15,not_young,3,3,3,0,1,189,Mittleres Baumholz,Mittleres Baumholz_8,,1657.3,Sedrun
6.1,8,nat15,not_young,3,3,3,0,1,190,Mittleres Baumholz,Mittleres Baumholz_8,,1743.1,Sedrun
2.1,11,nat15,not_young,3,3,3,0,1,191,Stangenholz,Stangenholz_11,,1276.6,Disentis/Mustér
0.9,8,nat15,not_young,3,3,3,0,1,192,Mittleres Baumholz,Mittleres Baumholz_8,,1918.7,Disentis/Mustér
1.8,12,other,not_young,3,3,3,0,3,193,Mittleres Baumholz,Mittleres Baumholz_12,,1652.8,Curaglia
1.7,11,other,not_young,3,3,3,0,3,194,Stangenholz,Stangenholz_11,,1074.4,Disentis/Mustér
1.2,5,nat15,not_young,3,3,3,0,1,195,Mittleres Baumholz,Mittleres Baumholz_5,,1917.6,Disentis/Mustér
3.1,11,other,not_young,3,3,3,0,3,196,Mittleres Baumholz,Mittleres Baumholz_11,,1323.5,Cavardiras
9.4,8,nat15,not_young,3,3,3,0,1,197,Mittleres Baumholz,Mittleres Baumholz_8,,1805.5,Disentis/Mustér
0.9,11,other,not_young,3,3,3,0,3,198,Stangenholz,Stangenholz_11,,1256.4,Mumpé Medel
3.5,11,other,not_young,3,3,3,0,3,199,Mittleres Baumholz,Mittleres Baumholz_11,,1189.3,Cavardiras
2.6,8,nat15,not_young,3,3,3,0,1,200,Stangenholz,Stangenholz_8,,1907.3,Disentis/Mustér
0.6,12,other,not_young,3,3,3,0,3,201,Stangenholz,Stangenholz_12,,1424.2,Curaglia
5.1,8,other,not_young,3,3,3,0,3,202,Mittleres Baumholz,Mittleres Baumholz_8,,1753.9,Platta
3.5,12,nat15,not_young,3,3,3,0,1,203,Mittleres Baumholz,Mittleres Baumholz_12,,1576.8,Disentis/Mustér
6.4,12,other,not_young,3,3,3,0,3,204,Mittleres Baumholz,Mittleres Baumholz_12,,1625.4,Curaglia
0.6,8,nat15,not_young,3,3,3,0,1,205,Stangenholz,Stangenholz_8,,1461.7,Sedrun
1.3,8,other,not_young,3,3,3,0,3,206,Mittleres Baumholz,Mittleres Baumholz_8,,1753.9,Platta
1.9,12,other,not_young,3,3,3,0,3,207,Stangenholz,Stangenholz_12,,1602.8,Platta
2.3,5,nat15,not_young,3,3,3,0,1,208,Stangenholz,Stangenholz_5,,1932.6,Disentis/Mustér
3.4,11,other,not_young,3,3,3,0,3,209,Schwaches Baumholz,Schwaches Baumholz_11,,1054.1,Disentis/Mustér
0.6,11,other,not_young,3,3,3,0,3,210,Schwaches Baumholz,Schwaches Baumholz_11,,1201.8,Mumpé Medel
4.4,8,other,not_young,3,3,3,0,3,211,Starkes Baumholz,Starkes Baumholz_8,,1673.5,Sedrun
1.0,11,other,not_young,3,3,3,0,3,212,Stangenholz,Stangenholz_11,,1343.3,Segnas
1.7,8,other,not_young,3,3,3,0,3,213,Stangenholz,Stangenholz_8,,1830.3,Sedrun
8.7,8,nat15,not_young,3,3,3,0,1,214,Mittleres Baumholz,Mittleres Baumholz_8,,1748.5,Sumvitg
10.7,8,nat15,not_young,3,3,3,0,1,215,Schwaches Baumholz,Schwaches Baumholz_8,,1651.9,Sumvitg
1.3,8,nat15,not_young,3,3,3,0,1,216,Stangenholz,Stangenholz_8,,1528.7,Sedrun
2.4,8,nat15,not_young,3,3,3,0,1,217,Schwaches Baumholz,Schwaches Baumholz_8,,1799.4,Disentis/Mustér
2.0,12,other,not_young,3,3,3,0,3,218,Schwaches Baumholz,Schwaches Baumholz_12,,1435.9,Sedrun
1.3,11,other,not_young,3,3,3,0,3,219,Stangenholz,Stangenholz_11,,1284.1,Segnas
0.5,11,other,not_young,3,3,3,0,3,220,Stangenholz,Stangenholz_11,,1282.1,Mumpé Medel
2.6,8,nat15,not_young,3,3,3,0,1,221,Stangenholz,Stangenholz_8,,1691.7,Cavardiras
2.9,8,nat15,not_young,3,3,3,0,1,222,Stangenholz,Stangenholz_8,,1764.0,Disentis/Mustér
1.9,12,other,not_young,3,3,3,0,3,223,Stangenholz,Stangenholz_12,,1471.7,Sedrun
2.3,8,nat15,not_young,3,3,3,0,1,224,Mittleres Baumholz,Mittleres Baumholz_8,,1832.3,Disentis/Mustér
6.9,8,nat15,not_young,3,3,3,0,1,225,Mittleres Baumholz,Mittleres Baumholz_8,,1642.9,Segnas
1.6,11,other,not_young,3,3,3,0,3,226,Mittleres Baumholz,Mittleres Baumholz_11,,1415.8,Cavardiras
19.1,8,nat15,not_young,3,3,3,0,1,227,Schwaches Baumholz,Schwaches Baumholz_8,,1841.9,Curaglia
2.5,11,other,not_young,3,3,3,0,3,228,Mittleres Baumholz,Mittleres Baumholz_11,,1024.6,Disentis/Mustér
1.9,8,nat15,not_young,3,3,3,0,1,229,Stangenholz,Stangenholz_8,,1625.7,Sumvitg
1.9,8,nat15,not_young,3,3,3,0,1,230,Stangenholz,Stangenholz_8,,1756.7,Sedrun
3.9,12,other,not_young,3,3,3,0,3,231,Mittleres Baumholz,Mittleres Baumholz_12,,1280.7,Sedrun
5.5,8,nat15,not_young,3,3,3,0,1,232,Stangenholz,Stangenholz_8,,1614.5,Sumvitg
8.1,8,other,not_young,3,3,3,0,3,233,Starkes Baumholz,Starkes Baumholz_8,,1608.5,Sedrun
12.8,8,nat15,not_young,3,3,3,0,1,234,Stangenholz,Stangenholz_8,,1591.6,Disentis/Mustér
2.8,11,other,not_young,3,3,3,0,3,235,Stangenholz,Stangenholz_11,,1021.1,Disentis/Mustér
0.5,8,other,not_young,3,3,3,0,3,236,Starkes Baumholz,Starkes Baumholz_8,,1856.0,Sedrun
0.6,9,nat15,not_young,3,3,3,0,1,237,Schwaches Baumholz,Schwaches Baumholz_9,,1932.2,Platta
2.0,8,nat15,not_young,3,3,3,0,1,238,Stangenholz,Stangenholz_8,,1582.5,Sumvitg
3.8,12,nat15,not_young,3,3,3,0,1,239,Stangenholz,Stangenholz_12,,1555.8,Sedrun
3.0,12,other,not_young,3,3,3,0,3,240,Stangenholz,Stangenholz_12,,1567.1,Cavardiras
9.0,8,nat15,not_young,3,3,3,0,1,241,Mittleres Baumholz,Mittleres Baumholz_8,,1652.9,Disentis/Mustér
3.3,11,other,not_young,3,3,3,0,3,242,Mittleres Baumholz,Mittleres Baumholz_11,,1354.7,Cavardiras
2.0,12,other,not_young,3,3,3,0,3,243,Stangenholz,Stangenholz_12,,1484.5,Platta
0.8,8,nat15,not_young,3,3,3,0,1,244,Mittleres Baumholz,Mittleres Baumholz_8,,1533.7,Sedrun
2.5,11,other,not_young,3,3,3,0,3,245,Mittleres Baumholz,Mittleres Baumholz_11,,1527.1,Cavardiras
6.3,12,nat15,not_young,3,3,3,0,1,246,Starkes Baumholz,Starkes Baumholz_12,,1546.9,Segnas
1.1,8,nat15,not_young,3,3,3,0,1,247,Starkes Baumholz,Starkes Baumholz_8,,1834.4,Rueras
1.2,12,other,not_young,3,3,3,0,3,248,Starkes Baumholz,Starkes Baumholz_12,,1479.4,Sedrun
1.3,11,other,not_young,3,3,3,0,3,249,Schwaches Baumholz,Schwaches Baumholz_11,,1446.7,Curaglia
0.5,12,other,not_young,3,3,3,0,3,250,Stangenholz,Stangenholz_12,,1453.3,Sedrun
0.7,8,nat15,not_young,3,3,3,0,1,251,Mittleres Baumholz,Mittleres Baumholz_8,,1701.9,Sedrun
0.5,8,nat15,not_young,3,3,3,0,1,252,Schwaches Baumholz,Schwaches Baumholz_8,,1616.3,Rueras
6.4,8,nat15,not_young,3,3,3,0,1,253,Mittleres Baumholz,Mittleres Baumholz_8,,1634.2,Disentis/Mustér
2.2,11,nat15,not_young,3,3,3,0,1,254,Starkes Baumholz,Starkes Baumholz_11,,1187.6,Curaglia
11.1,8,nat15,not_young,3,3,3,0,1,255,Mittleres Baumholz,Mittleres Baumholz_8,,1663.1,Sedrun
1.7,11,other,not_young,3,3,3,0,3,256,Mittleres Baumholz,Mittleres Baumholz_11,,1024.4,Disentis/Mustér
5.6,8,nat15,not_young,3,3,3,0,1,257,Mittleres Baumholz,Mittleres Baumholz_8,,1590.7,Sumvitg
0.5,8,nat15,not_young,3,3,3,0,1,258,Stangenholz,Stangenholz_8,,1525.5,Sedrun
5.1,8,nat15,not_young,3,3,3,0,1,259,Mittleres Baumholz,Mittleres Baumholz_8,,1705.2,Segnas
3.0,11,other,not_young,3,3,3,0,3,260,Starkes Baumholz,Starkes Baumholz_11,,1439.3,Cavardiras
4.5,12,other,not_young,3,3,3,0,3,261,Starkes Baumholz,Starkes Baumholz_12,,1590.5,Cavardiras
0.8,8,nat15,not_young,3,3,3,0,1,262,Mittleres Baumholz,Mittleres Baumholz_8,,1839.9,Disentis/Mustér
4.5,12,other,not_young,3,3,3,0,3,263,Stangenholz,Stangenholz_12,,1479.9,Platta
0.9,12,other,not_young,3,3,3,0,3,264,Stangenholz,Stangenholz_12,,1325.7,Curaglia
1.2,12,other,not_young,3,3,3,0,3,265,Starkes Baumholz,Starkes Baumholz_12,,1549.3,Sedrun
0.7,12,other,not_young,3,3,3,0,3,266,Schwaches Baumholz,Schwaches Baumholz_12,,1349.6,Sedrun
2.3,8,nat15,not_young,3,3,3,0,1,267,Mittleres Baumholz,Mittleres Baumholz_8,,1808.8,Disentis/Mustér
0.5,12,other,not_young,3,3,3,0,3,268,Schwaches Baumholz,Schwaches Baumholz_12,,1368.8,Sedrun
3.9,12,other,not_young,3,3,3,0,3,269,Stangenholz,Stangenholz_12,,1548.6,Sedrun
6.2,8,nat15,not_young,3,3,3,0,1,270,Mittleres Baumholz,Mittleres Baumholz_8,,1556.9,Segnas
1.4,8,nat15,not_young,3,3,3,0,1,271,Stangenholz,Stangenholz_8,,1559.3,Sedrun
2.0,5,nat15,not_young,3,3,3,0,1,272,Schwaches Baumholz,Schwaches Baumholz_5,,1989.2,Platta
0.8,12,other,not_young,3,3,3,0,3,273,Stangenholz,Stangenholz_12,,1492.6,Platta
1.4,12,other,not_young,3,3,3,0,3,274,Stangenholz,Stangenholz_12,,1526.4,Sedrun
2.7,11,other,not_young,3,3,3,0,3,275,Starkes Baumholz,Starkes Baumholz_11,,1232.3,Cavardiras
0.8,8,other,not_young,3,3,3,0,3,276,Starkes Baumholz,Starkes Baumholz_8,,1832.4,Sedrun
1.7,11,other,not_young,3,3,3,0,3,277,Stangenholz,Stangenholz_11,,1495.7,Segnas
1.0,11,other,not_young,3,3,3,0,3,278,Schwaches Baumholz,Schwaches Baumholz_11,,1070.9,Disentis/Mustér
1.6,11,other,not_young,3,3,3,0,3,279,Starkes Baumholz,Starkes Baumholz_11,,1021.8,Cavardiras
4.3,12,nat15,not_young,3,3,3,0,1,280,Mittleres Baumholz,Mittleres Baumholz_12,,1400.5,Disentis/Mustér
4.5,8,nat15,not_young,3,3,3,0,1,281,Stangenholz,Stangenholz_8,,1916.9,Disentis/Mustér
15.2,8,nat15,not_young,3,3,3,0,1,282,Mittleres Baumholz,Mittleres Baumholz_8,,1732.9,Sumvitg
3.2,12,other,not_young,3,3,3,0,3,283,Schwaches Baumholz,Schwaches Baumholz_12,,1347.7,Sedrun
0.5,11,other,not_young,3,3,3,0,3,284,Stangenholz,Stangenholz_11,,1464.9,Segnas
3.7,8,nat15,not_young,3,3,3,0,1,285,Stangenholz,Stangenholz_8,,1655.2,Curaglia
0.7,11,other,not_young,3,3,3,0,3,286,Stangenholz,Stangenholz_11,,1485.2,Segnas
1.9,11,other,not_young,3,3,3,0,3,287,Stangenholz,Stangenholz_11,,1128.6,Mumpé Medel
2.4,12,other,not_young,3,3,3,0,3,288,Mittleres Baumholz,Mittleres Baumholz_12,,1637.7,Segnas
1.4,11,nat15,not_young,3,3,3,0,1,289,Mittleres Baumholz,Mittleres Baumholz_11,,1213.4,Mumpé Medel
6.3,8,other,not_young,3,3,3,0,3,290,Schwaches Baumholz,Schwaches Baumholz_8,,1687.4,Platta
1.8,11,other,not_young,3,3,3,0,3,291,Mittleres Baumholz,Mittleres Baumholz_11,,1021.0,Disentis/Mustér
7.3,8,nat15,not_young,3,3,3,0,1,292,Mittleres Baumholz,Mittleres Baumholz_8,,1621.4,Disentis/Mustér
2.7,8,nat15,not_young,3,3,3,0,1,293,Mittleres Baumholz,Mittleres Baumholz_8,,1753.3,Curaglia
5.0,11,other,not_young,3,3,3,0,3,294,Stangenholz,Stangenholz_11,,1428.0,Cavardiras
9.2,12,other,not_young,3,3,3,0,3,295,Mittleres Baumholz,Mittleres Baumholz_12,,1605.4,Platta
1.2,11,other,not_young,3,3,3,0,3,296,Stangenholz,Stangenholz_11,,1496.9,Segnas
4.4,12,nat15,not_young,3,3,3,0,1,297,Stangenholz,Stangenholz_12,,1486.3,Segnas
0.9,12,other,not_young,3,3,3,0,3,298,Stangenholz,Stangenholz_12,,1421.8,Sedrun
3.4,11,other,not_young,3,3,3,0,3,299,Stangenholz,Stangenholz_11,,1207.0,Cavardiras
0.5,12,other,not_young,3,3,3,0,3,300,Stangenholz,Stangenholz_12,,1324.7,Sedrun
4.8,8,nat15,not_young,3,3,3,0,1,301,Mittleres Baumholz,Mittleres Baumholz_8,,1505.7,Sedrun
0.6,12,nat15,not_young,3,3,3,0,1,302,Stangenholz,Stangenholz_12,,1485.6,Segnas
1.1,12,other,not_young,3,3,3,0,3,303,Stangenholz,Stangenholz_12,,1603.3,Segnas
3.2,8,nat15,not_young,3,3,3,0,1,304,Stangenholz,Stangenholz_8,,1692.1,Curaglia
3.7,11,nat15,not_young,3,3,3,0,1,305,Stangenholz,Stangenholz_11,,1385.9,Disentis/Mustér
1.6,8,nat15,not_young,3,3,3,0,1,306,Mittleres Baumholz,Mittleres Baumholz_8,,1786.7,Sedrun
2.5,11,other,not_young,3,3,3,0,3,307,Stangenholz,Stangenholz_11,,1020.8,Disentis/Mustér
1.3,12,other,not_young,3,3,3,0,3,308,Mittleres Baumholz,Mittleres Baumholz_12,,1364.8,Platta
3.6,8,nat15,not_young,3,3,3,0,1,309,Mittleres Baumholz,Mittleres Baumholz_8,,1801.5,Platta
0.5,8,nat15,not_young,3,3,3,0,1,310,Mittleres Baumholz,Mittleres Baumholz_8,,1655.1,Sedrun
3.5,8,nat15,not_young,3,3,3,0,1,311,Schwaches Baumholz,Schwaches Baumholz_8,,1829.2,Disentis/Mustér
1.2,11,other,not_young,1,3,3,0,3,312,Mittleres Baumholz,Mittleres Baumholz_11,,967.5,Disentis/Mustér
4.8,11,other,not_young,3,3,3,0,3,313,Mittleres Baumholz,Mittleres Baumholz_11,,1397.1,Cavardiras
1.6,8,nat15,not_young,3,3,3,0,1,314,Mittleres Baumholz,Mittleres Baumholz_8,,1929.5,Disentis/Mustér
1.3,12,other,not_young,3,3,3,0,3,315,Stangenholz,Stangenholz_12,,1511.5,Curaglia
4.9,8,nat15,not_young,3,3,3,0,1,316,Schwaches Baumholz,Schwaches Baumholz_8,,1876.5,Disentis/Mustér
3.6,12,other,not_young,3,3,3,0,3,317,Mittleres Baumholz,Mittleres Baumholz_12,,1360.3,Sedrun
4.2,11,other,not_young,3,3,3,0,3,318,Schwaches Baumholz,Schwaches Baumholz_11,,1063.2,Disentis/Mustér
9.0,8,other,not_young,3,3,3,0,3,319,Schwaches Baumholz,Schwaches Baumholz_8,,1839.3,Curaglia
1.0,12,other,not_young,3,3,3,0,3,320,Mittleres Baumholz,Mittleres Baumholz_12,,1220.1,Mumpé Medel
1.0,8,nat15,not_young,3,3,3,0,1,321,Mittleres Baumholz,Mittleres Baumholz_8,,1670.2,Sedrun
1.6,12,other,not_young,3,3,3,0,3,322,Mittleres Baumholz,Mittleres Baumholz_12,,1562.6,Cavardiras
0.7,8,other,not_young,3,3,3,0,3,323,Stangenholz,Stangenholz_8,,1650.2,Sedrun
2.7,11,other,not_young,3,3,3,0,3,324,Stangenholz,Stangenholz_11,,1318.6,Cavardiras
3.9,11,other,not_young,3,3,3,0,3,325,Schwaches Baumholz,Schwaches Baumholz_11,,1105.7,Cavardiras
6.5,11,other,not_young,3,3,3,0,3,326,Mittleres Baumholz,Mittleres Baumholz_11,,1388.3,Cavardiras
1.0,11,other,not_young,1,3,3,0,3,327,Schwaches Baumholz,Schwaches Baumholz_11,,988.9,Disentis/Mustér
3.0,12,nat15,not_young,3,3,3,0,1,328,Stangenholz,Stangenholz_12,,1449.0,Segnas
1.9,11,other,not_young,3,3,3,0,3,329,Schwaches Baumholz,Schwaches Baumholz_11,,1033.9,Cavardiras
0.6,11,other,not_young,3,3,3,0,3,330,Stangenholz,Stangenholz_11,,1173.6,Cavardiras
2.5,5,nat15,not_young,3,3,3,0,1,331,Stangenholz,Stangenholz_5,,1954.4,Disentis/Mustér
14.3,8,other,not_young,3,3,3,0,3,332,Mittleres Baumholz,Mittleres Baumholz_8,,1911.3,Platta
3.4,11,other,not_young,3,3,3,0,3,333,Stangenholz,Stangenholz_11,,1308.3,Cavardiras
0.6,12,other,not_young,3,3,3,0,3,334,Schwaches Baumholz,Schwaches Baumholz_12,,1348.5,Rueras
3.6,12,other,not_young,3,3,3,0,3,335,Stangenholz,Stangenholz_12,,1349.8,Sedrun
1.9,11,nat15,not_young,3,3,3,0,1,336,Mittleres Baumholz,Mittleres Baumholz_11,,1355.2,Mumpé Medel
1.6,12,other,not_young,3,3,3,0,3,337,Mittleres Baumholz,Mittleres Baumholz_12,,1641.4,Platta
14.8,12,nat15,not_young,3,3,3,0,1,338,Mittleres Baumholz,Mittleres Baumholz_12,,1332.1,Disentis/Mustér
2.6,11,other,not_young,3,3,3,0,3,339,Stangenholz,Stangenholz_11,,1200.3,Mumpé Medel
0.7,11,other,not_young,3,3,3,0,3,340,Starkes Baumholz,Starkes Baumholz_11,,1221.7,Disentis/Mustér
7.0,8,nat15,not_young,3,3,3,0,1,341,Mittleres Baumholz,Mittleres Baumholz_8,,1675.8,Disentis/Mustér
1.4,11,other,not_young,3,3,3,0,3,342,Mittleres Baumholz,Mittleres Baumholz_11,,1079.8,Cavardiras
0.6,11,other,not_young,3,3,3,0,3,343,Schwaches Baumholz,Schwaches Baumholz_11,,1595.3,Curaglia
11.7,8,nat15,not_young,3,3,3,0,1,344,Mittleres Baumholz,Mittleres Baumholz_8,,1662.1,Cavardiras
3.2,11,other,not_young,3,3,3,0,3,345,Stangenholz,Stangenholz_11,,1402.8,Segnas
2.3,11,other,not_young,3,3,3,0,3,346,Stangenholz,Stangenholz_11,,1391.3,Cavardiras
6.8,8,nat15,not_young,3,3,3,0,1,347,Mittleres Baumholz,Mittleres Baumholz_8,,1661.2,Disentis/Mustér
7.8,8,nat15,not_young,3,3,3,0,1,348,Starkes Baumholz,Starkes Baumholz_8,,1708.1,Sedrun
4.1,11,other,not_young,3,3,3,0,3,349,Mittleres Baumholz,Mittleres Baumholz_11,,1473.4,Cavardiras
2.4,12,nat15,not_young,3,3,3,0,1,350,Stangenholz,Stangenholz_12,,1460.0,Rueras
1.4,8,other,not_young,3,3,3,0,3,351,Mittleres Baumholz,Mittleres Baumholz_8,,1820.1,Platta
9.8,11,nat15,not_young,3,3,3,0,1,352,Stangenholz,Stangenholz_11,,1334.0,Curaglia
0.5,8,nat15,not_young,3,3,3,0,1,353,Mittleres Baumholz,Mittleres Baumholz_8,,1601.4,Sumvitg
5.4,11,nat15,not_young,3,3,3,0,1,354,Mittleres Baumholz,Mittleres Baumholz_11,,1223.5,Cavardiras
3.3,11,other,not_young,3,3,3,0,3,355,Schwaches Baumholz,Schwaches Baumholz_11,,1025.0,Disentis/Mustér
4.5,11,other,not_young,3,3,3,0,3,356,Stangenholz,Stangenholz_11,,1459.0,Cavardiras
1.6,11,other,not_young,3,3,3,0,3,357,Stangenholz,Stangenholz_11,,1087.4,Cavardiras
0.6,11,other,not_young,3,3,3,0,3,358,Mittleres Baumholz,Mittleres Baumholz_11,,1425.2,Mumpé Medel
2.7,11,other,not_young,3,3,3,0,3,359,Mittleres Baumholz,Mittleres Baumholz_11,,1495.2,Curaglia
1.2,5,other,not_young,3,3,3,0,3,360,Stangenholz,Stangenholz_5,,1356.9,Sedrun
0.5,8,nat15,not_young,3,3,3,0,1,361,Schwaches Baumholz,Schwaches Baumholz_8,,1945.3,Disentis/Mustér
1.7,11,other,not_young,3,3,3,0,3,362,Stangenholz,Stangenholz_11,,1286.8,Mumpé Medel
1.4,8,other,not_young,3,3,3,0,3,363,Mittleres Baumholz,Mittleres Baumholz_8,,1711.5,Curaglia
1.5,11,other,not_young,3,3,3,0,3,364,Stangenholz,Stangenholz_11,,1461.8,Segnas
1.6,12,nat15,not_young,3,3,3,0,1,365,Mittleres Baumholz,Mittleres Baumholz_12,,1452.5,Sedrun
3.3,11,other,not_young,3,3,3,0,3,366,Stangenholz,Stangenholz_11,,1242.9,Cavardiras
1.6,8,nat15,not_young,3,3,3,0,1,367,Mittleres Baumholz,Mittleres Baumholz_8,,1595.0,Segnas
0.7,9,other,not_young,3,3,3,0,3,368,Stangenholz,Stangenholz_9,,1877.3,Sedrun
18.6,8,nat15,not_young,3,3,3,0,1,369,Schwaches Baumholz,Schwaches Baumholz_8,,1825.3,Disentis/Mustér
0.6,11,other,not_young,3,3,3,0,3,370,Stangenholz,Stangenholz_11,,1340.7,Segnas
6.1,8,nat15,not_young,3,3,3,0,1,371,Mittleres Baumholz,Mittleres Baumholz_8,,1885.2,Disentis/Mustér
3.5,11,other,not_young,3,3,3,0,3,372,Mittleres Baumholz,Mittleres Baumholz_11,,1613.3,Curaglia
0.5,12,other,not_young,3,3,3,0,3,373,Schwaches Baumholz,Schwaches Baumholz_12,,1382.6,Sedrun
1.0,12,nat15,not_young,3,3,3,0,1,374,Mittleres Baumholz,Mittleres Baumholz_12,,1620.6,Segnas
1.8,8,other,not_young,3,3,3,0,3,375,Mittleres Baumholz,Mittleres Baumholz_8,,1741.4,Curaglia
0.5,12,other,not_young,3,3,3,0,3,376,Stangenholz,Stangenholz_12,,1622.7,Sedrun
4.3,12,other,not_young,3,3,3,0,3,377,Mittleres Baumholz,Mittleres Baumholz_12,,1498.7,Cavardiras
3.5,5,nat15,not_young,3,3,3,0,1,378,Stangenholz,Stangenholz_5,,1980.4,Curaglia
9.6,11,nat15,not_young,3,3,3,0,1,379,Mittleres Baumholz,Mittleres Baumholz_11,,1297.7,Disentis/Mustér
1.9,11,other,not_young,3,3,3,0,3,380,Stangenholz,Stangenholz_11,,1399.9,Disentis/Mustér
4.0,11,other,not_young,3,3,3,0,3,381,Stangenholz,Stangenholz_11,,1407.2,Segnas
1.9,11,other,not_young,3,3,3,0,3,382,Mittleres Baumholz,Mittleres Baumholz_11,,1523.6,Segnas
3.0,9,other,not_young,3,3,3,0,3,383,Stangenholz,Stangenholz_9,,1926.9,Sedrun
1.4,11,other,not_young,3,3,3,0,3,384,Mittleres Baumholz,Mittleres Baumholz_11,,1547.1,Curaglia
6.2,11,other,not_young,3,3,3,0,3,385,Mittleres Baumholz,Mittleres Baumholz_11,,1201.7,Disentis/Mustér
6.8,8,nat15,not_young,3,3,3,0,1,386,Schwaches Baumholz,Schwaches Baumholz_8,,1942.1,Platta
17.0,8,nat15,not_young,3,3,3,0,1,387,Stangenholz,Stangenholz_8,,1713.9,Sumvitg
12.5,8,nat15,not_young,3,3,3,0,1,388,Schwaches Baumholz,Schwaches Baumholz_8,,1703.7,Disentis/Mustér
1.3,5,nat15,not_young,3,3,3,0,1,389,Schwaches Baumholz,Schwaches Baumholz_5,,1985.0,Disentis/Mustér
0.5,8,nat15,not_young,3,3,3,0,1,390,Mittleres Baumholz,Mittleres Baumholz_8,,1740.6,Sedrun
0.5,11,other,not_young,3,3,3,0,3,391,Schwaches Baumholz,Schwaches Baumholz_11,,1294.5,Segnas
1.4,11,other,not_young,3,3,3,0,3,392,Stangenholz,Stangenholz_11,,1503.1,Segnas
10.9,8,nat15,not_young,3,3,3,0,1,393,Mittleres Baumholz,Mittleres Baumholz_8,,1805.3,Cavardiras
4.7,12,other,not_young,3,3,3,0,3,394,Mittleres Baumholz,Mittleres Baumholz_12,,1656.5,Platta
12.3,11,other,not_young,3,3,3,0,3,395,Stangenholz,Stangenholz_11,,923.7,Dardin
7.4,12,other,not_young,3,3,3,0,3,396,Stangenholz,Stangenholz_12,,1507.2,Breil/Brigels
0.7,8,other,not_young,3,3,3,0,3,397,Mittleres Baumholz,Mittleres Baumholz_8,,1809.5,Breil/Brigels
5.6,11,other,not_young,3,3,3,0,3,398,Stangenholz,Stangenholz_11,,1196.1,Dardin
4.3,12,other,not_young,3,3,3,0,3,399,Mittleres Baumholz,Mittleres Baumholz_12,,1595.6,Breil/Brigels
14.4,11,other,not_young,3,3,3,0,3,400,Stangenholz,Stangenholz_11,,1314.8,Dardin
2.6,11,other,not_young,3,3,3,0,3,401,Mittleres Baumholz,Mittleres Baumholz_11,,1242.4,Dardin
9.8,11,other,not_young,3,3,3,0,3,402,Mittleres Baumholz,Mittleres Baumholz_11,,1556.2,Breil/Brigels
11.7,12,other,not_young,3,3,3,0,3,403,Mittleres Baumholz,Mittleres Baumholz_12,,1541.0,Breil/Brigels
28.2,8,other,not_young,3,3,3,0,3,404,Mittleres Baumholz,Mittleres Baumholz_8,,1660.6,Breil/Brigels
2.2,12,other,not_young,3,3,3,0,3,405,Schwaches Baumholz,Schwaches Baumholz_12,,1437.9,Breil/Brigels
13.3,12,other,not_young,3,3,3,0,3,406,Mittleres Baumholz,Mittleres Baumholz_12,,1427.2,Breil/Brigels
5.8,11,other,not_young,1,3,3,0,3,407,Stangenholz,Stangenholz_11,,759.6,Tavanasa
5.3,11,other,not_young,3,3,3,0,3,408,Stangenholz,Stangenholz_11,,982.5,Tavanasa
0.9,11,other,not_young,3,3,3,0,3,409,Stangenholz,Stangenholz_11,,847.3999999999999,Dardin
1.0,11,other,not_young,3,3,3,0,3,410,Stangenholz,Stangenholz_11,,820.6,Dardin
17.1,8,nat15,not_young,3,3,3,0,1,411,Starkes Baumholz,Starkes Baumholz_8,,1880.3,Breil/Brigels
17.1,8,nat15,not_young,3,3,3,0,1,412,Starkes Baumholz,Starkes Baumholz_8,,1799.8,Breil/Brigels
6.0,8,nat15,not_young,3,3,3,0,1,413,Mittleres Baumholz,Mittleres Baumholz_8,,1738.7,Breil/Brigels
6.9,8,nat15,not_young,3,3,3,0,1,414,Mittleres Baumholz,Mittleres Baumholz_8,,1654.0,Breil/Brigels
0.9,8,other,not_young,3,3,3,0,3,415,Starkes Baumholz,Starkes Baumholz_8,,1781.1,Breil/Brigels
2.1,12,other,not_young,3,3,3,0,3,416,Mittleres Baumholz,Mittleres Baumholz_12,,1534.7,Breil/Brigels
1.1,8,other,not_young,3,3,3,0,3,417,Stangenholz,Stangenholz_8,,1670.3,Breil/Brigels
2.7,8,other,not_young,3,3,3,0,3,418,Starkes Baumholz,Starkes Baumholz_8,,1817.9,Breil/Brigels
7.2,8,other,not_young,3,3,3,0,3,419,Starkes Baumholz,Starkes Baumholz_8,,1748.9,Breil/Brigels
27.1,11,other,not_young,3,3,3,0,3,420,Starkes Baumholz,Starkes Baumholz_11,,1176.6,Dardin
3.5,11,other,not_young,3,3,3,0,3,421,Stangenholz,Stangenholz_11,,774.6,Tavanasa
20.0,11,other,not_young,3,3,3,0,3,422,Starkes Baumholz,Starkes Baumholz_11,,1399.7,Dardin
1.9,11,other,not_young,3,3,3,0,3,423,Starkes Baumholz,Starkes Baumholz_11,,803.6,Tavanasa
7.3,11,other,not_young,3,3,3,0,3,424,Starkes Baumholz,Starkes Baumholz_11,,911.1,Tavanasa
9.3,12,other,not_young,3,3,3,0,3,425,Mittleres Baumholz,Mittleres Baumholz_12,,1487.9,Breil/Brigels
10.2,11,other,not_young,3,3,3,0,3,426,Schwaches Baumholz,Schwaches Baumholz_11,,1153.2,Dardin
1.2,11,other,not_young,3,3,3,0,3,427,Mittleres Baumholz,Mittleres Baumholz_11,,1365.9,Surcuolm
0.7,11,other,not_young,3,3,3,0,3,428,Mittleres Baumholz,Mittleres Baumholz_11,,1025.4,Flond
1.3,11,other,not_young,3,3,3,0,3,429,Mittleres Baumholz,Mittleres Baumholz_11,,1026.0,Flond
2.6,11,other,not_young,3,3,3,0,3,430,Starkes Baumholz,Starkes Baumholz_11,,1046.1,Flond
0.9,11,other,not_young,3,3,3,0,3,431,Mittleres Baumholz,Mittleres Baumholz_11,,1091.3,Flond
0.7,8,other,not_young,3,3,3,0,3,432,Mittleres Baumholz,Mittleres Baumholz_8,,1677.6,Andiast
3.2,11,other,not_young,3,3,3,0,3,433,Mittleres Baumholz,Mittleres Baumholz_11,,1303.3,Waltensburg/Vuorz
0.6,8,other,not_young,3,3,3,0,3,434,Stangenholz,Stangenholz_8,,1805.6,Siat
0.5,8,nat15,not_young,3,3,3,0,1,435,Mittleres Baumholz,Mittleres Baumholz_8,,1479.4,Pigniu
1.6,11,other,not_young,3,3,3,0,3,436,Schwaches Baumholz,Schwaches Baumholz_11,,745.2,Rueun
1.9,11,other,not_young,3,3,3,0,3,437,Schwaches Baumholz,Schwaches Baumholz_11,,976.3,Rueun
0.6,11,other,not_young,3,3,3,0,3,438,Schwaches Baumholz,Schwaches Baumholz_11,,1072.2,Siat
0.5,11,other,not_young,3,3,3,0,3,439,Stangenholz,Stangenholz_11,,1163.4,Siat
1.0,12,other,not_young,3,3,3,0,3,440,Mittleres Baumholz,Mittleres Baumholz_12,,1522.7,Andiast
0.6,12,other,not_young,3,3,3,0,3,441,Mittleres Baumholz,Mittleres Baumholz_12,,1465.7,Siat
0.8,12,other,not_young,3,3,3,0,3,442,Mittleres Baumholz,Mittleres Baumholz_12,,1476.2,Waltensburg/Vuorz
0.5,12,other,not_young,3,3,3,0,3,443,Schwaches Baumholz,Schwaches Baumholz_12,,1154.5,Pigniu
0.8,11,other,not_young,3,3,3,0,3,444,Mittleres Baumholz,Mittleres Baumholz_11,,965.1,Rueun
0.8,11,other,not_young,3,3,3,0,3,445,Schwaches Baumholz,Schwaches Baumholz_11,,958.1,Rueun
1.2,11,other,not_young,3,3,3,0,3,446,Stangenholz,Stangenholz_11,,1183.0,Rueun
0.7,8,nat15,not_young,3,3,3,0,1,447,Mittleres Baumholz,Mittleres Baumholz_8,,1808.6,Siat
2.9,11,other,not_young,3,3,3,0,3,448,Stangenholz,Stangenholz_11,,1184.8,Andiast
2.3,11,other,not_young,3,3,3,0,3,449,Mittleres Baumholz,Mittleres Baumholz_11,,1176.0,Waltensburg/Vuorz
1.2,11,other,not_young,3,3,3,0,3,450,Stangenholz,Stangenholz_11,,1232.4,Andiast
1.4,8,other,not_young,3,3,3,0,3,451,Mittleres Baumholz,Mittleres Baumholz_8,,1791.9,Siat
0.5,8,other,not_young,3,3,3,0,3,452,Mittleres Baumholz,Mittleres Baumholz_8,,1862.9,Siat
0.7,11,other,not_young,3,3,3,0,3,453,Schwaches Baumholz,Schwaches Baumholz_11,,1013.4,Andiast
0.7,11,other,not_young,3,3,3,0,3,454,Schwaches Baumholz,Schwaches Baumholz_11,,756.2999999999998,Waltensburg/Vuorz
2.5,11,other,not_young,1,3,3,0,3,455,Schwaches Baumholz,Schwaches Baumholz_11,,751.7999999999998,Waltensburg/Vuorz
0.7,11,other,not_young,1,3,3,0,3,456,Schwaches Baumholz,Schwaches Baumholz_11,,747.2,Waltensburg/Vuorz
1.4,12,other,not_young,3,3,3,0,3,457,Stangenholz,Stangenholz_12,,1180.0,Andiast
0.9,11,other,not_young,3,3,3,0,3,458,Schwaches Baumholz,Schwaches Baumholz_11,,826.2999999999998,Rueun
0.6,11,other,not_young,3,3,3,0,3,459,Stangenholz,Stangenholz_11,,786.1,Rueun
0.5,11,other,not_young,1,3,3,0,3,460,Schwaches Baumholz,Schwaches Baumholz_11,,739.2999999999998,Waltensburg/Vuorz
0.6,11,other,not_young,3,3,3,0,3,461,Stangenholz,Stangenholz_11,,1040.4,Waltensburg/Vuorz
1.4,8,other,not_young,3,3,3,0,3,462,Schwaches Baumholz,Schwaches Baumholz_8,,1761.2,Siat
0.6,12,other,not_young,3,3,3,0,3,463,Mittleres Baumholz,Mittleres Baumholz_12,,1345.4,Andiast
1.6,11,other,not_young,3,3,3,0,3,464,Schwaches Baumholz,Schwaches Baumholz_11,,1015.7,Siat
0.8,11,other,not_young,3,3,3,0,3,465,Schwaches Baumholz,Schwaches Baumholz_11,,1090.8,Siat
0.5,8,nat15,not_young,3,3,3,0,1,466,Mittleres Baumholz,Mittleres Baumholz_8,,1646.9,Andiast
1.8,8,other,not_young,3,3,3,0,3,467,Mittleres Baumholz,Mittleres Baumholz_8,,1596.7,Andiast
0.5,12,other,not_young,3,3,3,0,3,468,Schwaches Baumholz,Schwaches Baumholz_12,,1616.8,Andiast
0.8,11,other,not_young,3,3,3,0,3,469,Schwaches Baumholz,Schwaches Baumholz_11,,799.8999999999999,Rueun
0.7,11,other,not_young,3,3,3,0,3,470,Schwaches Baumholz,Schwaches Baumholz_11,,820.0,Rueun
1.3,12,other,not_young,3,3,3,0,3,471,Mittleres Baumholz,Mittleres Baumholz_12,,1380.1,Waltensburg/Vuorz
1.8,8,other,not_young,3,3,3,0,3,472,Mittleres Baumholz,Mittleres Baumholz_8,,1721.1,Andiast
2.1,11,other,not_young,3,3,3,0,3,473,Mittleres Baumholz,Mittleres Baumholz_11,,1212.3,Rueun
0.7,11,other,not_young,3,3,3,0,3,474,Stangenholz,Stangenholz_11,,1017.2,Waltensburg/Vuorz
0.6,8,other,not_young,3,3,3,0,3,475,Stangenholz,Stangenholz_8,,1625.6,Waltensburg/Vuorz
2.0,11,other,not_young,3,3,3,0,3,476,Stangenholz,Stangenholz_11,,924.4,Waltensburg/Vuorz
2.3,8,other,not_young,3,3,3,0,3,477,Stangenholz,Stangenholz_8,,1785.8,Waltensburg/Vuorz
1.0,12,other,not_young,3,3,3,0,3,478,Starkes Baumholz,Starkes Baumholz_12,,1292.1,Andiast
1.5,12,other,not_young,3,3,3,0,3,479,Starkes Baumholz,Starkes Baumholz_12,,1237.6,Andiast
1.0,11,other,not_young,3,3,3,0,3,480,Schwaches Baumholz,Schwaches Baumholz_11,,949.8,Waltensburg/Vuorz
0.5,11,other,not_young,3,3,3,0,3,481,Stangenholz,Stangenholz_11,,985.0,Waltensburg/Vuorz
0.5,11,other,not_young,3,3,3,0,3,482,Stangenholz,Stangenholz_11,,972.3,Waltensburg/Vuorz
0.5,11,other,not_young,3,3,3,0,3,483,Stangenholz,Stangenholz_11,,963.5,Waltensburg/Vuorz
0.8,11,other,not_young,3,3,3,0,3,484,Schwaches Baumholz,Schwaches Baumholz_11,,890.2999999999998,Waltensburg/Vuorz
0.6,12,other,not_young,3,3,3,0,3,485,Stangenholz,Stangenholz_12,,1368.9,Andiast
0.6,5,other,not_young,3,3,3,0,3,486,Schwaches Baumholz,Schwaches Baumholz_5,,1904.8,Siat
1.9,12,other,not_young,3,3,3,0,3,487,Schwaches Baumholz,Schwaches Baumholz_12,,1407.9,Waltensburg/Vuorz
0.7,8,other,not_young,3,3,3,0,3,488,Schwaches Baumholz,Schwaches Baumholz_8,,1682.5,Waltensburg/Vuorz
1.0,12,other,not_young,3,3,3,0,3,489,Mittleres Baumholz,Mittleres Baumholz_12,,1408.0,Siat
1.7,12,other,not_young,3,3,3,0,3,490,Schwaches Baumholz,Schwaches Baumholz_12,,1398.8,Waltensburg/Vuorz
1.2,12,other,not_young,3,3,3,0,3,491,Mittleres Baumholz,Mittleres Baumholz_12,,1269.6,Andiast
0.6,8,other,not_young,3,3,3,0,3,492,Schwaches Baumholz,Schwaches Baumholz_8,,1712.4,Waltensburg/Vuorz
1.1,11,other,not_young,3,3,3,0,3,493,Schwaches Baumholz,Schwaches Baumholz_11,,1247.3,Rueun
1.2,12,other,not_young,3,3,3,0,3,494,Starkes Baumholz,Starkes Baumholz_12,,1558.7,Waltensburg/Vuorz
1.6,11,other,not_young,3,3,3,0,3,495,Schwaches Baumholz,Schwaches Baumholz_11,,1184.5,Rueun
0.7,8,other,not_young,3,3,3,0,3,496,Schwaches Baumholz,Schwaches Baumholz_8,,1823.9,Waltensburg/Vuorz
0.6,8,other,not_young,3,3,3,0,3,497,Stangenholz,Stangenholz_8,,1773.6,Waltensburg/Vuorz
0.5,8,other,not_young,3,3,3,0,3,498,Schwaches Baumholz,Schwaches Baumholz_8,,1837.9,Waltensburg/Vuorz
0.5,12,other,not_young,3,3,3,0,3,499,Schwaches Baumholz,Schwaches Baumholz_12,,1427.7,Waltensburg/Vuorz
1.0,8,other,not_young,3,3,3,0,3,500,Schwaches Baumholz,Schwaches Baumholz_8,,1786.1,Waltensburg/Vuorz
1.3,8,other,not_young,3,3,3,0,3,501,Schwaches Baumholz,Schwaches Baumholz_8,,1762.2,Andiast
2.6,11,other,not_young,3,3,3,0,3,502,Schwaches Baumholz,Schwaches Baumholz_11,,1118.2,Waltensburg/Vuorz
1.2,11,other,not_young,3,3,3,0,3,503,Schwaches Baumholz,Schwaches Baumholz_11,,1239.7,Waltensburg/Vuorz
0.6,11,other,not_young,3,3,3,0,3,504,Schwaches Baumholz,Schwaches Baumholz_11,,936.8,Rueun
0.9,12,other,not_young,3,3,3,0,3,505,Schwaches Baumholz,Schwaches Baumholz_12,,1449.3,Rueun
0.6,11,other,not_young,3,3,3,0,3,506,Stangenholz,Stangenholz_11,,772.2,Waltensburg/Vuorz
1.1,8,other,not_young,3,3,3,0,3,507,Schwaches Baumholz,Schwaches Baumholz_8,,1738.3,Waltensburg/Vuorz
1.0,12,other,not_young,3,3,3,0,3,508,Schwaches Baumholz,Schwaches Baumholz_12,,1446.2,Andiast
0.5,11,other,not_young,3,3,3,0,3,509,Stangenholz,Stangenholz_11,,928.5,Cumpadials
0.8,11,other,not_young,3,3,3,0,3,510,Mittleres Baumholz,Mittleres Baumholz_11,,1313.0,Obersaxen
1.3,11,other,not_young,3,3,3,0,3,511,Mittleres Baumholz,Mittleres Baumholz_11,,1165.1,Surrein
2.1,11,other,not_young,3,3,3,0,3,512,Mittleres Baumholz,Mittleres Baumholz_11,,1272.6,Sumvitg
0.7,11,nat15,not_young,3,3,3,0,1,513,Stangenholz,Stangenholz_11,,1228.1,Sumvitg
0.6,8,other,not_young,3,3,3,0,3,514,Mittleres Baumholz,Mittleres Baumholz_8,,1821.7,Surrein
0.8,8,other,not_young,3,3,3,0,3,515,Stangenholz,Stangenholz_8,,1781.3,Surrein
0.5,12,other,not_young,3,3,3,0,3,516,Stangenholz,Stangenholz_12,,1390.0,Surrein
0.5,5,nat15,not_young,3,3,3,0,1,517,Mittleres Baumholz,Mittleres Baumholz_5,,2038.2,Surrein
2.0,11,other,not_young,3,3,3,0,3,518,Mittleres Baumholz,Mittleres Baumholz_11,,1475.5,Obersaxen
0.6,12,other,not_young,3,3,3,0,3,519,Stangenholz,Stangenholz_12,,1529.5,Sumvitg
1.3,12,other,not_young,3,3,3,0,3,520,Stangenholz,Stangenholz_12,,1585.1,Surrein
1.9,11,other,not_young,3,3,3,0,3,521,Stangenholz,Stangenholz_11,,1271.7,Cumpadials
2.0,8,other,not_young,3,3,3,0,3,522,Stangenholz,Stangenholz_8,,1729.6,Surrein
1.8,11,other,not_young,3,3,3,0,3,523,Mittleres Baumholz,Mittleres Baumholz_11,,1414.6,Surrein
0.5,11,other,not_young,3,3,3,0,3,524,Stangenholz,Stangenholz_11,,1499.3,Surrein
0.8,12,other,not_young,3,3,3,0,3,525,Starkes Baumholz,Starkes Baumholz_12,,1506.5,Obersaxen
1.3,8,nat15,not_young,3,3,3,0,1,526,Stangenholz,Stangenholz_8,,1750.4,Obersaxen
2.6,11,nat15,not_young,3,3,3,0,1,527,Starkes Baumholz,Starkes Baumholz_11,,1236.4,Surrein
1.4,11,nat15,not_young,3,3,3,0,1,528,Stangenholz,Stangenholz_11,,1354.3,Surrein
0.6,11,other,not_young,3,3,3,0,3,529,Stangenholz,Stangenholz_11,,1081.5,Rabius
2.9,8,nat15,not_young,3,3,3,0,1,530,Schwaches Baumholz,Schwaches Baumholz_8,,1663.3,Surrein
2.7,8,nat15,not_young,3,3,3,0,1,531,Mittleres Baumholz,Mittleres Baumholz_8,,1750.9,Surrein
1.1,12,other,not_young,3,3,3,0,3,532,Starkes Baumholz,Starkes Baumholz_12,,1220.4,Surrein
2.0,11,other,not_young,3,3,3,0,3,533,Stangenholz,Stangenholz_11,,1061.8,Cumpadials
1.2,11,other,not_young,3,3,3,0,3,534,Starkes Baumholz,Starkes Baumholz_11,,1161.7,Cumpadials
3.0,11,nat15,not_young,3,3,3,0,1,535,Mittleres Baumholz,Mittleres Baumholz_11,,1460.0,Surrein
1.2,8,nat15,not_young,3,3,3,0,1,536,Schwaches Baumholz,Schwaches Baumholz_8,,1711.4,Surrein
1.2,11,nat15,not_young,3,3,3,0,1,537,Schwaches Baumholz,Schwaches Baumholz_11,,1521.2,Surrein
1.2,8,nat15,not_young,3,3,3,0,1,538,Stangenholz,Stangenholz_8,,1606.6,Surrein
1.1,11,other,not_young,3,3,3,0,3,539,Stangenholz,Stangenholz_11,,1122.7,Cumpadials
1.1,11,other,not_young,3,3,3,0,3,540,Stangenholz,Stangenholz_11,,1092.7,Rabius
1.7,12,other,not_young,3,3,3,0,3,541,Schwaches Baumholz,Schwaches Baumholz_12,,1326.3,Surrein
1.7,12,other,not_young,3,3,3,0,3,542,Stangenholz,Stangenholz_12,,1617.0,Obersaxen
2.0,11,nat15,not_young,3,3,3,0,1,543,Mittleres Baumholz,Mittleres Baumholz_11,,1096.6,Surrein
1.4,11,nat15,not_young,3,3,3,0,1,544,Mittleres Baumholz,Mittleres Baumholz_11,,1530.0,Surrein
1.4,8,other,not_young,3,3,3,0,3,545,Starkes Baumholz,Starkes Baumholz_8,,1736.7,Surrein
2.4,8,other,not_young,3,3,3,0,3,546,Mittleres Baumholz,Mittleres Baumholz_8,,1755.5,Rabius
1.2,12,other,not_young,3,3,3,0,3,547,Starkes Baumholz,Starkes Baumholz_12,,1385.3,Surrein
0.6,8,other,not_young,3,3,3,0,3,548,Schwaches Baumholz,Schwaches Baumholz_8,,1786.5,Surrein
1.9,11,nat15,not_young,3,3,3,0,1,549,Schwaches Baumholz,Schwaches Baumholz_11,,1301.4,Surrein
1.4,11,other,not_young,3,3,3,0,3,550,Stangenholz,Stangenholz_11,,1008.7,Cumpadials
1.3,11,other,not_young,3,3,3,0,3,551,Stangenholz,Stangenholz_11,,986.1,Cumpadials
0.9,8,nat15,not_young,3,3,3,0,1,552,Schwaches Baumholz,Schwaches Baumholz_8,,1738.9,Surrein
0.9,8,nat15,not_young,3,3,3,0,1,553,Schwaches Baumholz,Schwaches Baumholz_8,,1777.4,Surrein
1.1,8,nat15,not_young,3,3,3,0,1,554,Schwaches Baumholz,Schwaches Baumholz_8,,1704.6,Surrein
0.5,12,other,not_young,3,3,3,0,3,555,Stangenholz,Stangenholz_12,,1414.3,Surrein
0.5,12,other,not_young,3,3,3,0,3,556,Stangenholz,Stangenholz_12,,1351.7,Surrein
2.4,12,other,not_young,3,3,3,0,3,557,Stangenholz,Stangenholz_12,,1487.3,Surrein
2.9,11,other,not_young,3,3,3,0,3,558,Schwaches Baumholz,Schwaches Baumholz_11,,1247.2,Obersaxen
1.8,12,other,not_young,3,3,3,0,3,559,Stangenholz,Stangenholz_12,,1561.7,Surrein
5.6,8,nat15,not_young,3,3,3,0,1,560,Mittleres Baumholz,Mittleres Baumholz_8,,1595.0,Sumvitg
0.7,11,other,not_young,3,3,3,0,3,561,Stangenholz,Stangenholz_11,,1594.0,Cumpadials
2.2,11,nat15,not_young,3,3,3,0,1,562,Mittleres Baumholz,Mittleres Baumholz_11,,1639.7,Surrein
3.8,8,nat15,not_young,3,3,3,0,1,563,Schwaches Baumholz,Schwaches Baumholz_8,,1758.8,Surrein
0.7,12,other,not_young,3,3,3,0,3,564,Starkes Baumholz,Starkes Baumholz_12,,1395.1,Surrein
0.6,8,other,not_young,3,3,3,0,3,565,Stangenholz,Stangenholz_8,,1684.8,Obersaxen
0.6,11,other,not_young,3,3,3,0,3,566,Schwaches Baumholz,Schwaches Baumholz_11,,1031.4,Obersaxen
0.6,8,other,not_young,3,3,3,0,3,567,Stangenholz,Stangenholz_8,,1662.9,Cumpadials
0.9,12,other,not_young,3,3,3,0,3,568,Starkes Baumholz,Starkes Baumholz_12,,1515.1,Surrein
3.3,11,other,not_young,3,3,3,0,3,569,Schwaches Baumholz,Schwaches Baumholz_11,,1198.3,Cumpadials
1.3,8,other,not_young,3,3,3,0,3,570,Stangenholz,Stangenholz_8,,1728.9,Cumpadials
0.6,11,other,not_young,3,3,3,0,3,571,Stangenholz,Stangenholz_11,,897.0,Rabius
8.5,8,nat15,not_young,3,3,3,0,1,572,Starkes Baumholz,Starkes Baumholz_8,,1623.0,Obersaxen
1.2,12,nat15,not_young,3,3,3,0,1,573,Schwaches Baumholz,Schwaches Baumholz_12,,1638.8,Surrein
1.4,8,other,not_young,3,3,3,0,3,574,Stangenholz,Stangenholz_8,,1690.5,Cumpadials
0.6,11,other,not_young,3,3,3,0,3,575,Schwaches Baumholz,Schwaches Baumholz_11,,999.4,Surrein
1.3,12,other,not_young,3,3,3,0,3,576,Stangenholz,Stangenholz_12,,1585.3,Surrein
2.4,11,other,not_young,3,3,3,0,3,577,Mittleres Baumholz,Mittleres Baumholz_11,,1359.5,Obersaxen
0.6,12,nat15,not_young,3,3,3,0,1,578,Stangenholz,Stangenholz_12,,1514.6,Surrein
1.0,12,nat15,not_young,3,3,3,0,1,579,Stangenholz,Stangenholz_12,,1596.0,Surrein
1.1,11,other,not_young,3,3,3,0,3,580,Starkes Baumholz,Starkes Baumholz_11,,1276.6,Surrein
1.3,11,other,not_young,3,3,3,0,3,581,Stangenholz,Stangenholz_11,,1178.2,Sumvitg
1.1,12,other,not_young,3,3,3,0,3,582,Stangenholz,Stangenholz_12,,1660.4,Surrein
4.1,12,nat15,not_young,3,3,3,0,1,583,Starkes Baumholz,Starkes Baumholz_12,,1547.9,Obersaxen
3.1,11,other,not_young,3,3,3,0,3,584,Starkes Baumholz,Starkes Baumholz_11,,1411.2,Obersaxen
0.7,12,nat15,not_young,3,3,3,0,1,585,Stangenholz,Stangenholz_12,,1526.0,Surrein
0.6,11,other,not_young,3,3,3,0,3,586,Stangenholz,Stangenholz_11,,1179.1,Sumvitg
1.0,12,other,not_young,3,3,3,0,3,587,Schwaches Baumholz,Schwaches Baumholz_12,,1640.8,Obersaxen
0.5,12,other,not_young,3,3,3,0,3,588,Stangenholz,Stangenholz_12,,1294.4,Surrein
0.7,12,other,not_young,3,3,3,0,3,589,Stangenholz,Stangenholz_12,,1604.5,Surrein
0.7,11,other,not_young,3,3,3,0,3,590,Stangenholz,Stangenholz_11,,1492.2,Cumpadials
1.3,11,other,not_young,3,3,3,0,3,591,Mittleres Baumholz,Mittleres Baumholz_11,,1559.7,Cumpadials
0.9,11,other,not_young,3,3,3,0,3,592,Schwaches Baumholz,Schwaches Baumholz_11,,1507.9,Obersaxen
0.7,11,nat15,not_young,3,3,3,0,1,593,Stangenholz,Stangenholz_11,,1201.2,Sumvitg
0.6,10,nat15,not_young,3,3,3,0,1,594,Stangenholz,Stangenholz_10,,1202.2,Sumvitg
1.0,11,other,not_young,3,3,3,0,3,595,Starkes Baumholz,Starkes Baumholz_11,,1412.6,Surrein
1.1,11,other,not_young,3,3,3,0,3,596,Stangenholz,Stangenholz_11,,886.2999999999998,Rabius
2.3,11,other,not_young,3,3,3,0,3,597,Schwaches Baumholz,Schwaches Baumholz_11,,1144.2,Obersaxen
1.7,11,other,not_young,3,3,3,0,3,598,Schwaches Baumholz,Schwaches Baumholz_11,,1195.4,Obersaxen
0.7,11,other,not_young,3,3,3,0,3,599,Stangenholz,Stangenholz_11,,1511.2,Obersaxen
1.9,8,nat15,not_young,3,3,3,0,1,600,Mittleres Baumholz,Mittleres Baumholz_8,,1650.5,Sumvitg
0.8,11,other,not_young,1,3,3,0,3,601,Stangenholz,Stangenholz_11,,875.7999999999998,Surrein
0.7,12,other,not_young,3,3,3,0,3,602,Stangenholz,Stangenholz_12,,1225.3,Rabius
3.7,11,nat15,not_young,3,3,3,0,1,603,Mittleres Baumholz,Mittleres Baumholz_11,,1460.8,Surrein
1.8,11,nat15,not_young,3,3,3,0,1,604,Starkes Baumholz,Starkes Baumholz_11,,1446.4,Surrein
1.7,11,other,not_young,3,3,3,0,3,605,Mittleres Baumholz,Mittleres Baumholz_11,,948.6,Surrein
1.3,11,other,not_young,3,3,3,0,3,606,Stangenholz,Stangenholz_11,,1557.7,Surrein
0.6,11,other,not_young,1,3,3,0,3,607,Stangenholz,Stangenholz_11,,972.4,Cumpadials
0.9,11,other,not_young,3,3,3,0,3,608,Stangenholz,Stangenholz_11,,1241.4,Surrein
1.4,8,other,not_young,3,3,3,0,3,609,Stangenholz,Stangenholz_8,,1706.5,Sumvitg
0.6,12,nat15,not_young,3,3,3,0,1,610,Mittleres Baumholz,Mittleres Baumholz_12,,1678.8,Surrein
0.9,12,nat15,not_young,3,3,3,0,1,611,Stangenholz,Stangenholz_12,,1580.0,Surrein
0.8,12,nat15,not_young,3,3,3,0,1,612,Mittleres Baumholz,Mittleres Baumholz_12,,1717.4,Surrein
2.6,12,nat15,not_young,3,3,3,0,1,613,Mittleres Baumholz,Mittleres Baumholz_12,,1580.5,Surrein
0.6,8,other,not_young,3,3,3,0,3,614,Schwaches Baumholz,Schwaches Baumholz_8,,1690.8,Obersaxen
1.2,11,other,not_young,3,3,3,0,3,615,Schwaches Baumholz,Schwaches Baumholz_11,,1297.9,Surrein
1.5,5,nat15,not_young,3,3,3,0,1,616,Schwaches Baumholz,Schwaches Baumholz_5,,1907.0,Sumvitg
0.8,11,other,not_young,3,3,3,0,3,617,Starkes Baumholz,Starkes Baumholz_11,,1228.4,Surrein
1.0,11,other,not_young,3,3,3,0,3,618,Mittleres Baumholz,Mittleres Baumholz_11,,1238.8,Surrein
0.6,11,other,not_young,3,3,3,0,3,619,Starkes Baumholz,Starkes Baumholz_11,,1148.0,Surrein
0.7,11,other,not_young,3,3,3,0,3,620,Schwaches Baumholz,Schwaches Baumholz_11,,1166.0,Surrein
1.2,11,other,not_young,3,3,3,0,3,621,Stangenholz,Stangenholz_11,,1146.0,Surrein
1.1,11,other,not_young,1,3,3,0,3,622,Stangenholz,Stangenholz_11,,878.7,Surrein
0.6,11,other,not_young,1,3,3,0,3,623,Stangenholz,Stangenholz_11,,878.0,Surrein
0.7,12,nat15,not_young,3,3,3,0,1,624,Stangenholz,Stangenholz_12,,1486.2,Surrein
1.5,12,nat15,not_young,3,3,3,0,1,625,Stangenholz,Stangenholz_12,,1465.9,Surrein
1.3,11,other,not_young,3,3,3,0,3,626,Stangenholz,Stangenholz_11,,1320.3,Obersaxen
0.8,12,other,not_young,3,3,3,0,3,627,Stangenholz,Stangenholz_12,,1568.1,Surrein
1.6,11,other,not_young,3,3,3,0,3,628,Stangenholz,Stangenholz_11,,1418.5,Surrein
0.8,5,nat15,not_young,3,3,3,0,1,629,Stangenholz,Stangenholz_5,,2005.9,Surrein
1.6,5,nat15,not_young,3,3,3,0,1,630,Stangenholz,Stangenholz_5,,1923.5,Sumvitg
1.1,8,nat15,not_young,3,3,3,0,1,631,Mittleres Baumholz,Mittleres Baumholz_8,,1651.0,Sumvitg
1.2,8,nat15,not_young,3,3,3,0,1,632,Mittleres Baumholz,Mittleres Baumholz_8,,1723.0,Sumvitg
1.8,8,nat15,not_young,3,3,3,0,1,633,Starkes Baumholz,Starkes Baumholz_8,,1767.4,Sumvitg
1.3,8,nat15,not_young,3,3,3,0,1,634,Stangenholz,Stangenholz_8,,1705.9,Sumvitg
0.8,12,nat15,not_young,3,3,3,0,1,635,Mittleres Baumholz,Mittleres Baumholz_12,,1453.9,Surrein
0.8,12,nat15,not_young,3,3,3,0,1,636,Mittleres Baumholz,Mittleres Baumholz_12,,1470.3,Surrein
2.8,11,other,not_young,3,3,3,0,3,637,Starkes Baumholz,Starkes Baumholz_11,,1275.7,Obersaxen
1.2,11,other,not_young,3,3,3,0,3,638,Mittleres Baumholz,Mittleres Baumholz_11,,1511.3,Obersaxen
1.7,11,other,not_young,3,3,3,0,3,639,Starkes Baumholz,Starkes Baumholz_11,,1366.8,Surrein
0.9,11,other,not_young,3,3,3,0,3,640,Stangenholz,Stangenholz_11,,1290.9,Surrein
2.0,12,nat15,not_young,3,3,3,0,1,641,Schwaches Baumholz,Schwaches Baumholz_12,,1698.9,Surrein
1.4,12,nat15,not_young,3,3,3,0,1,642,Stangenholz,Stangenholz_12,,1779.4,Surrein
0.6,12,nat15,not_young,3,3,3,0,1,643,Stangenholz,Stangenholz_12,,1429.2,Sumvitg
0.7,8,nat15,not_young,3,3,3,0,1,644,Schwaches Baumholz,Schwaches Baumholz_8,,1743.7,Sumvitg
1.1,8,nat15,not_young,3,3,3,0,1,645,Schwaches Baumholz,Schwaches Baumholz_8,,1697.0,Sumvitg
2.8,8,nat15,not_young,3,3,3,0,1,646,Mittleres Baumholz,Mittleres Baumholz_8,,1709.7,Sumvitg
4.5,8,nat15,not_young,3,3,3,0,1,647,Stangenholz,Stangenholz_8,,1803.4,Sumvitg
1.4,5,nat15,not_young,3,3,3,0,1,648,Starkes Baumholz,Starkes Baumholz_5,,1859.5,Sumvitg
1.2,8,nat15,not_young,3,3,3,0,1,649,Mittleres Baumholz,Mittleres Baumholz_8,,1785.0,Sumvitg
0.9,8,nat15,not_young,3,3,3,0,1,650,Stangenholz,Stangenholz_8,,1728.1,Sumvitg
0.5,12,nat15,not_young,3,3,3,0,1,651,Stangenholz,Stangenholz_12,,1386.6,Surrein
0.5,12,other,not_young,1,3,3,0,3,652,Stangenholz,Stangenholz_12,,1346.5,Surrein
2.8,12,other,not_young,3,3,3,0,3,653,Mittleres Baumholz,Mittleres Baumholz_12,,1551.6,Sumvitg
1.8,11,other,not_young,3,3,3,0,3,654,Mittleres Baumholz,Mittleres Baumholz_11,,1145.1,Obersaxen
0.7,11,other,not_young,3,3,3,0,3,655,Schwaches Baumholz,Schwaches Baumholz_11,,1213.3,Obersaxen
0.8,12,nat15,not_young,3,3,3,0,1,656,Stangenholz,Stangenholz_12,,1483.6,Sumvitg
0.6,5,nat15,not_young,3,3,3,0,1,657,Stangenholz,Stangenholz_5,,1982.2,Sumvitg
0.7,5,nat15,not_young,3,3,3,0,1,658,Schwaches Baumholz,Schwaches Baumholz_5,,1993.5,Sumvitg
0.5,11,other,not_young,3,3,3,0,3,659,Stangenholz,Stangenholz_11,,1068.3,Rabius
0.8,8,other,not_young,3,3,3,0,3,660,Stangenholz,Stangenholz_8,,1662.2,Sumvitg
1.6,11,other,not_young,3,3,3,0,3,661,Mittleres Baumholz,Mittleres Baumholz_11,,1179.8,Obersaxen
1.1,11,other,not_young,3,3,3,0,3,662,Mittleres Baumholz,Mittleres Baumholz_11,,1186.7,Obersaxen
0.9,11,other,not_young,3,3,3,0,3,663,Mittleres Baumholz,Mittleres Baumholz_11,,1181.6,Obersaxen
0.6,11,other,not_young,3,3,3,0,3,664,Stangenholz,Stangenholz_11,,1150.0,Obersaxen
3.3,8,nat15,not_young,3,3,3,0,1,665,Mittleres Baumholz,Mittleres Baumholz_8,,1652.9,Obersaxen
3.1,11,nat15,not_young,3,3,3,0,1,666,Mittleres Baumholz,Mittleres Baumholz_11,,1542.1,Obersaxen
0.8,11,other,not_young,3,3,3,0,3,667,Mittleres Baumholz,Mittleres Baumholz_11,,1493.9,Surrein
1.3,12,other,not_young,3,3,3,0,3,668,Mittleres Baumholz,Mittleres Baumholz_12,,1205.8,Surrein
0.6,5,nat15,not_young,3,3,3,0,1,669,Stangenholz,Stangenholz_5,,1928.6,Sumvitg
1.9,11,other,not_young,3,3,3,0,3,670,Schwaches Baumholz,Schwaches Baumholz_11,,1184.8,Obersaxen
0.5,11,other,not_young,3,3,3,0,3,671,Mittleres Baumholz,Mittleres Baumholz_11,,1121.7,Obersaxen
2.4,11,other,not_young,3,3,3,0,3,672,Starkes Baumholz,Starkes Baumholz_11,,1138.8,Obersaxen
0.7,11,other,not_young,3,3,3,0,3,673,Schwaches Baumholz,Schwaches Baumholz_11,,1404.7,Obersaxen
1.2,8,nat15,not_young,3,3,3,0,1,674,Mittleres Baumholz,Mittleres Baumholz_8,,1825.5,Obersaxen
1.1,8,other,not_young,3,3,3,0,3,675,Stangenholz,Stangenholz_8,,1802.6,Cumpadials
0.7,12,other,not_young,3,3,3,0,3,676,Stangenholz,Stangenholz_12,,1216.7,Surrein
0.5,12,other,not_young,3,3,3,0,3,677,Stangenholz,Stangenholz_12,,1413.3,Surrein
1.3,12,nat15,not_young,3,3,3,0,1,678,Stangenholz,Stangenholz_12,,1449.2,Surrein
3.2,12,nat15,not_young,3,3,3,0,1,679,Stangenholz,Stangenholz_12,,1474.8,Surrein
4.4,11,other,not_young,3,3,3,0,3,680,Mittleres Baumholz,Mittleres Baumholz_11,,1025.7,Surcuolm
2.9,11,other,not_young,3,3,3,0,3,681,Mittleres Baumholz,Mittleres Baumholz_11,,1062.4,Surcuolm
1.7,8,nat15,not_young,3,3,3,0,1,682,Mittleres Baumholz,Mittleres Baumholz_8,,1756.4,Obersaxen
0.9,12,other,not_young,3,3,3,0,3,683,Stangenholz,Stangenholz_12,,1453.9,Surrein
0.7,11,other,not_young,3,3,3,0,3,684,Starkes Baumholz,Starkes Baumholz_11,,1211.9,Cumpadials
0.7,11,nat15,not_young,3,3,3,0,1,685,Stangenholz,Stangenholz_11,,1189.9,Sumvitg
1.9,11,other,not_young,1,3,3,0,3,686,Stangenholz,Stangenholz_11,,879.2999999999998,Surrein
1.4,11,nat15,not_young,3,3,3,0,1,687,Stangenholz,Stangenholz_11,,1173.1,Surrein
0.8,11,other,not_young,3,3,3,0,3,688,Starkes Baumholz,Starkes Baumholz_11,,1393.0,Surrein
0.9,11,other,not_young,3,3,3,0,3,689,Mittleres Baumholz,Mittleres Baumholz_11,,1458.8,Surrein
1.7,12,nat15,not_young,3,3,3,0,1,690,Stangenholz,Stangenholz_12,,1393.4,Surrein
0.5,12,nat15,not_young,3,3,3,0,1,691,Stangenholz,Stangenholz_12,,1422.6,Surrein
1.3,12,nat15,not_young,3,3,3,0,1,692,Stangenholz,Stangenholz_12,,1436.8,Surrein
2.8,11,other,not_young,3,3,3,0,3,693,Mittleres Baumholz,Mittleres Baumholz_11,,1158.5,Surcuolm
0.9,11,other,not_young,3,3,3,0,3,694,Mittleres Baumholz,Mittleres Baumholz_11,,1105.3,Surcuolm
0.6,11,other,not_young,3,3,3,0,3,695,Mittleres Baumholz,Mittleres Baumholz_11,,1119.6,Surcuolm
1.7,11,other,not_young,3,3,3,0,3,696,Mittleres Baumholz,Mittleres Baumholz_11,,1161.0,Surcuolm
0.8,11,other,not_young,3,3,3,0,3,697,Schwaches Baumholz,Schwaches Baumholz_11,,1151.3,Surcuolm
1.0,11,other,not_young,3,3,3,0,3,698,Schwaches Baumholz,Schwaches Baumholz_11,,1196.2,Surcuolm
1.5,11,other,not_young,3,3,3,0,3,699,Mittleres Baumholz,Mittleres Baumholz_11,,1182.0,Surcuolm
0.8,11,other,not_young,3,3,3,0,3,700,Schwaches Baumholz,Schwaches Baumholz_11,,1433.0,Obersaxen
3.5,11,other,not_young,3,3,3,0,3,701,Mittleres Baumholz,Mittleres Baumholz_11,,1147.4,Obersaxen
0.6,8,other,not_young,3,3,3,0,3,702,Schwaches Baumholz,Schwaches Baumholz_8,,1720.3,Obersaxen
1.6,11,nat15,not_young,3,3,3,0,1,703,Stangenholz,Stangenholz_11,,1167.0,Sumvitg
1.9,11,other,not_young,3,3,3,0,3,704,Starkes Baumholz,Starkes Baumholz_11,,1145.9,Sumvitg
1.0,12,nat15,not_young,3,3,3,0,1,705,Stangenholz,Stangenholz_12,,1467.2,Surrein
0.6,11,other,not_young,3,3,3,0,3,706,Schwaches Baumholz,Schwaches Baumholz_11,,1164.7,Surcuolm
1.2,11,other,not_young,3,3,3,0,3,707,Mittleres Baumholz,Mittleres Baumholz_11,,1225.1,Surcuolm
0.8,12,other,not_young,3,3,3,0,3,708,Stangenholz,Stangenholz_12,,1282.3,Surrein
0.6,12,nat15,not_young,3,3,3,0,1,709,Stangenholz,Stangenholz_12,,1731.3,Surrein
0.5,12,nat15,not_young,3,3,3,0,1,710,Schwaches Baumholz,Schwaches Baumholz_12,,1662.6,Surrein
0.8,11,other,not_young,3,3,3,0,3,711,Schwaches Baumholz,Schwaches Baumholz_11,,1212.2,Obersaxen
0.5,12,other,not_young,3,3,3,0,3,712,Mittleres Baumholz,Mittleres Baumholz_12,,1652.9,Obersaxen
0.6,8,nat15,not_young,3,3,3,0,1,713,Schwaches Baumholz,Schwaches Baumholz_8,,1709.4,Obersaxen
1.5,12,nat15,not_young,3,3,3,0,1,714,Schwaches Baumholz,Schwaches Baumholz_12,,1773.7,Surrein
0.7,12,nat15,not_young,3,3,3,0,1,715,Mittleres Baumholz,Mittleres Baumholz_12,,1639.3,Surrein
1.0,12,nat15,not_young,3,3,3,0,1,716,Stangenholz,Stangenholz_12,,1623.7,Surrein
0.5,9,nat15,not_young,3,3,3,0,1,717,Stangenholz,Stangenholz_9,,1896.4,Surrein
1.4,11,other,not_young,3,3,3,0,3,718,Schwaches Baumholz,Schwaches Baumholz_11,,1052.4,Surrein
0.7,12,nat15,not_young,3,3,3,0,1,719,Stangenholz,Stangenholz_12,,1398.7,Surrein
0.7,12,other,not_young,3,3,3,0,3,720,Stangenholz,Stangenholz_12,,1209.7,Surrein
0.6,8,other,not_young,3,3,3,0,3,721,Stangenholz,Stangenholz_8,,1621.3,Surrein
0.5,12,other,not_young,3,3,3,0,3,722,Stangenholz,Stangenholz_12,,1241.5,Surrein
1.3,12,other,not_young,3,3,3,0,3,723,Mittleres Baumholz,Mittleres Baumholz_12,,1287.3,Surrein
1.0,6,nat15,not_young,3,3,3,0,1,724,Stangenholz,Stangenholz_6,,1321.9,Sumvitg
3.7,9,nat15,not_young,3,3,3,0,1,725,Mittleres Baumholz,Mittleres Baumholz_9,,1953.3,Surrein
1.3,12,nat15,not_young,3,3,3,0,1,726,Stangenholz,Stangenholz_12,,1384.2,Surrein
0.6,12,nat15,not_young,3,3,3,0,1,727,Mittleres Baumholz,Mittleres Baumholz_12,,1613.0,Obersaxen
1.1,11,other,not_young,3,3,3,0,3,728,Stangenholz,Stangenholz_11,,911.2,Rabius
0.8,12,nat15,not_young,1,3,3,0,1,729,Stangenholz,Stangenholz_12,,1359.2,Surrein
0.6,12,nat15,not_young,3,3,3,0,1,730,Mittleres Baumholz,Mittleres Baumholz_12,,1590.8,Surrein
1.2,12,nat15,not_young,3,3,3,0,1,731,Mittleres Baumholz,Mittleres Baumholz_12,,1656.9,Surrein
0.5,11,other,not_young,3,3,3,0,3,732,Schwaches Baumholz,Schwaches Baumholz_11,,1398.0,Obersaxen
5.9,11,other,not_young,3,3,3,0,3,733,Stangenholz,Stangenholz_11,,1103.5,Surcuolm
1.1,12,other,not_young,3,3,3,0,3,734,Stangenholz,Stangenholz_12,,1359.2,Surrein
0.9,12,other,not_young,3,3,3,0,3,735,Mittleres Baumholz,Mittleres Baumholz_12,,1546.9,Surrein
1.0,11,other,not_young,3,3,3,0,3,736,Stangenholz,Stangenholz_11,,926.2,Sumvitg
0.5,11,other,not_young,3,3,3,0,3,737,Schwaches Baumholz,Schwaches Baumholz_11,,963.2,Rabius
1.0,12,other,not_young,3,3,3,0,3,738,Stangenholz,Stangenholz_12,,1510.0,Obersaxen
1.0,12,other,not_young,3,3,3,0,3,739,Mittleres Baumholz,Mittleres Baumholz_12,,1600.3,Obersaxen
1.1,12,other,not_young,3,3,3,0,3,740,Mittleres Baumholz,Mittleres Baumholz_12,,1624.3,Obersaxen
2.0,11,other,not_young,3,3,3,0,3,741,Mittleres Baumholz,Mittleres Baumholz_11,,1398.2,Surrein
0.7,12,other,not_young,3,3,3,0,3,742,Stangenholz,Stangenholz_12,,1254.5,Surrein
0.8,12,other,not_young,3,3,3,0,3,743,Stangenholz,Stangenholz_12,,1289.9,Surrein
0.7,12,other,not_young,3,3,3,0,3,744,Stangenholz,Stangenholz_12,,1280.0,Surrein
0.6,12,nat15,not_young,3,3,3,0,1,745,Stangenholz,Stangenholz_12,,1421.3,Surrein
1.1,12,nat15,not_young,3,3,3,0,1,746,Schwaches Baumholz,Schwaches Baumholz_12,,1414.8,Surrein
0.5,12,nat15,not_young,3,3,3,0,1,747,Stangenholz,Stangenholz_12,,1428.3,Surrein
1.0,12,nat15,not_young,1,3,3,0,1,748,Stangenholz,Stangenholz_12,,1414.0,Surrein
1.0,11,other,not_young,3,3,3,0,3,749,Stangenholz,Stangenholz_11,,1144.3,Sumvitg
2.3,11,other,not_young,3,3,3,0,3,750,Stangenholz,Stangenholz_11,,939.9,Rabius
1.0,11,nat15,not_young,3,3,3,0,1,751,Stangenholz,Stangenholz_11,,977.5,Surrein
3.0,8,nat15,not_young,3,3,3,0,1,752,Stangenholz,Stangenholz_8,,1704.1,Surrein
0.7,12,other,not_young,3,3,3,0,3,753,Stangenholz,Stangenholz_12,,1255.4,Surrein
3.5,12,other,not_young,3,3,3,0,3,754,Stangenholz,Stangenholz_12,,1238.6,Surrein
0.5,12,other,not_young,3,3,3,0,3,755,Stangenholz,Stangenholz_12,,1277.0,Surrein
0.7,11,other,not_young,1,3,3,0,3,756,Stangenholz,Stangenholz_11,,936.4,Cumpadials
2.1,12,nat15,not_young,3,3,3,0,1,757,Stangenholz,Stangenholz_12,,1616.1,Surrein
0.5,8,nat15,not_young,3,3,3,0,1,758,Starkes Baumholz,Starkes Baumholz_8,,1718.9,Obersaxen
2.4,11,other,not_young,3,3,3,0,3,759,Schwaches Baumholz,Schwaches Baumholz_11,,1417.4,Obersaxen
2.8,11,other,not_young,3,3,3,0,3,760,Starkes Baumholz,Starkes Baumholz_11,,1483.7,Obersaxen
3.5,11,other,not_young,3,3,3,0,3,761,Stangenholz,Stangenholz_11,,1417.6,Obersaxen
0.7,11,other,not_young,3,3,3,0,3,762,Stangenholz,Stangenholz_11,,1356.7,Obersaxen
0.6,9,nat15,not_young,3,3,3,0,1,763,Stangenholz,Stangenholz_9,,1820.5,Obersaxen
0.8,9,other,not_young,3,3,3,0,3,764,Mittleres Baumholz,Mittleres Baumholz_9,,1875.0,Obersaxen
0.5,9,nat15,not_young,3,3,3,0,1,765,Mittleres Baumholz,Mittleres Baumholz_9,,1902.6,Obersaxen
0.5,5,nat15,not_young,3,3,3,0,1,766,Schwaches Baumholz,Schwaches Baumholz_5,,1885.5,Sumvitg
0.8,9,nat15,not_young,3,3,3,0,1,767,Mittleres Baumholz,Mittleres Baumholz_9,,1856.2,Obersaxen
5.3,8,nat15,not_young,3,3,3,0,1,768,Starkes Baumholz,Starkes Baumholz_8,,1787.4,Obersaxen
0.9,8,nat15,not_young,3,3,3,0,1,769,Starkes Baumholz,Starkes Baumholz_8,,1781.6,Obersaxen
1.3,9,nat15,not_young,3,3,3,0,1,770,Mittleres Baumholz,Mittleres Baumholz_9,,1912.5,Obersaxen
2.1,8,nat15,not_young,3,3,3,0,1,771,Stangenholz,Stangenholz_8,,1801.2,Obersaxen
0.8,9,nat15,not_young,3,3,3,0,1,772,Stangenholz,Stangenholz_9,,1844.2,Obersaxen
0.8,8,other,not_young,3,3,3,0,3,773,Stangenholz,Stangenholz_8,,1679.7,Trun
1.5,12,other,not_young,3,3,3,0,3,774,Stangenholz,Stangenholz_12,,1520.6,Trun
1.5,5,other,not_young,3,3,3,0,3,775,Stangenholz,Stangenholz_5,,822.5,Trun
5.2,11,other,not_young,3,3,3,0,3,776,Starkes Baumholz,Starkes Baumholz_11,,1457.2,Zignau
1.3,8,nat15,not_young,3,3,3,0,1,777,Mittleres Baumholz,Mittleres Baumholz_8,,1667.5,Trun
2.0,8,nat15,not_young,3,3,3,0,1,778,Schwaches Baumholz,Schwaches Baumholz_8,,1695.5,Trun
1.6,8,nat15,not_young,3,3,3,0,1,779,Schwaches Baumholz,Schwaches Baumholz_8,,1748.5,Trun
1.7,8,nat15,not_young,3,3,3,0,1,780,Starkes Baumholz,Starkes Baumholz_8,,1786.2,Trun
1.6,8,nat15,not_young,3,3,3,0,1,781,Stangenholz,Stangenholz_8,,1850.8,Trun
0.7,8,nat15,not_young,3,3,3,0,1,782,Stangenholz,Stangenholz_8,,1793.3,Trun
1.5,8,nat15,not_young,3,3,3,0,1,783,Mittleres Baumholz,Mittleres Baumholz_8,,1768.5,Trun
0.5,8,nat15,not_young,3,3,3,0,1,784,Starkes Baumholz,Starkes Baumholz_8,,1759.1,Trun
1.4,12,other,not_young,3,3,3,0,3,785,Schwaches Baumholz,Schwaches Baumholz_12,,1495.4,Trun
0.8,8,nat15,not_young,3,3,3,0,1,786,Mittleres Baumholz,Mittleres Baumholz_8,,1686.9,Trun
1.9,8,nat15,not_young,3,3,3,0,1,787,Stangenholz,Stangenholz_8,,1759.4,Trun
1.0,8,nat15,not_young,3,3,3,0,1,788,Stangenholz,Stangenholz_8,,1860.0,Trun
1.3,8,nat15,not_young,3,3,3,0,1,789,Stangenholz,Stangenholz_8,,1693.2,Trun
0.7,8,nat15,not_young,3,3,3,0,1,790,Stangenholz,Stangenholz_8,,1759.6,Trun
2.4,11,other,not_young,3,3,3,0,3,791,Mittleres Baumholz,Mittleres Baumholz_11,,1144.1,Trun
0.7,8,other,not_young,3,3,3,0,3,792,Stangenholz,Stangenholz_8,,1749.2,Trun
1.5,8,other,not_young,3,3,3,0,3,793,Stangenholz,Stangenholz_8,,1720.3,Trun
2.2,11,other,not_young,3,3,3,0,3,794,Starkes Baumholz,Starkes Baumholz_11,,1362.3,Zignau
1.5,11,other,not_young,3,3,3,0,3,795,Starkes Baumholz,Starkes Baumholz_11,,1140.8,Zignau
1.6,11,other,not_young,3,3,3,0,3,796,Mittleres Baumholz,Mittleres Baumholz_11,,1337.6,Zignau
1.5,5,other,not_young,3,3,3,0,3,797,Stangenholz,Stangenholz_5,,1913.1,Trun
1.6,12,other,not_young,3,3,3,0,3,798,Schwaches Baumholz,Schwaches Baumholz_12,,1515.2,Trun
0.7,8,nat15,not_young,3,3,3,0,1,799,Mittleres Baumholz,Mittleres Baumholz_8,,1703.0,Trun
1.5,8,other,not_young,3,3,3,0,3,800,Starkes Baumholz,Starkes Baumholz_8,,1588.5,Trun
0.8,11,other,not_young,3,3,3,0,3,801,Stangenholz,Stangenholz_11,,902.3,Trun
1.3,11,other,not_young,3,3,3,0,3,802,Stangenholz,Stangenholz_11,,1076.0,Trun
0.7,8,nat15,not_young,3,3,3,0,1,803,Stangenholz,Stangenholz_8,,1696.8,Trun
3.3,8,nat15,not_young,3,3,3,0,1,804,Starkes Baumholz,Starkes Baumholz_8,,1697.3,Trun
2.0,8,nat15,not_young,3,3,3,0,1,805,Mittleres Baumholz,Mittleres Baumholz_8,,1688.7,Trun
2.8,8,other,not_young,3,3,3,0,3,806,Stangenholz,Stangenholz_8,,1795.7,Schlans
4.2,11,other,not_young,3,3,3,0,3,807,Starkes Baumholz,Starkes Baumholz_11,,1316.5,Schlans
0.5,9,other,not_young,3,3,3,0,3,808,Schwaches Baumholz,Schwaches Baumholz_9,,1887.8,Trun
0.9,11,other,not_young,3,3,3,0,3,809,Stangenholz,Stangenholz_11,,1050.0,Trun
0.8,11,other,not_young,3,3,3,0,3,810,Stangenholz,Stangenholz_11,,1068.9,Trun
0.8,8,other,not_young,3,3,3,0,3,811,Starkes Baumholz,Starkes Baumholz_8,,1692.4,Schlans
0.6,12,other,not_young,3,3,3,0,3,812,Schwaches Baumholz,Schwaches Baumholz_12,,1365.5,Trun
0.6,11,other,not_young,3,3,3,0,3,813,Stangenholz,Stangenholz_11,,1304.6,Trun
0.7,11,other,not_young,3,3,3,0,3,814,Stangenholz,Stangenholz_11,,1351.8,Schlans
3.3,8,other,not_young,3,3,3,0,3,815,Mittleres Baumholz,Mittleres Baumholz_8,,1778.7,Schlans
1.1,11,other,not_young,3,3,3,0,3,816,Schwaches Baumholz,Schwaches Baumholz_11,,1522.2,Zignau
0.8,11,other,not_young,3,3,3,0,3,817,Stangenholz,Stangenholz_11,,1254.2,Trun
3.1,12,nat15,not_young,3,3,3,0,1,818,Stangenholz,Stangenholz_12,,1620.0,Trun
1.6,11,other,not_young,3,3,3,0,3,819,Starkes Baumholz,Starkes Baumholz_11,,888.3999999999999,Trun
1.0,11,other,not_young,3,3,3,0,3,820,Stangenholz,Stangenholz_11,,1371.1,Schlans
0.6,11,other,not_young,1,3,3,0,3,821,Stangenholz,Stangenholz_11,,870.7,Trun
3.7,8,other,not_young,3,3,3,0,3,822,Starkes Baumholz,Starkes Baumholz_8,,1841.3,Schlans
1.7,12,other,not_young,3,3,3,0,3,823,Starkes Baumholz,Starkes Baumholz_12,,1647.6,Schlans
1.5,12,other,not_young,3,3,3,0,3,824,Stangenholz,Stangenholz_12,,1504.4,Trun
0.9,12,other,not_young,3,3,3,0,3,825,Stangenholz,Stangenholz_12,,1457.8,Trun
2.9,8,other,not_young,3,3,3,0,3,826,Mittleres Baumholz,Mittleres Baumholz_8,,1759.0,Schlans
1.2,8,other,not_young,3,3,3,0,3,827,Mittleres Baumholz,Mittleres Baumholz_8,,1907.8,Schlans
1.6,8,nat15,not_young,3,3,3,0,1,828,Mittleres Baumholz,Mittleres Baumholz_8,,1744.2,Trun
0.6,11,other,not_young,3,3,3,0,3,829,Mittleres Baumholz,Mittleres Baumholz_11,,940.7,Trun
0.7,11,other,not_young,3,3,3,0,3,830,Schwaches Baumholz,Schwaches Baumholz_11,,971.1,Trun
0.7,8,other,not_young,3,3,3,0,3,831,Mittleres Baumholz,Mittleres Baumholz_8,,1766.8,Schlans
0.5,11,other,not_young,3,3,3,0,3,832,Stangenholz,Stangenholz_11,,1532.1,Schlans
0.5,8,other,not_young,3,3,3,0,3,833,Stangenholz,Stangenholz_8,,1856.0,Trun
0.8,8,nat15,not_young,3,3,3,0,1,834,Starkes Baumholz,Starkes Baumholz_8,,1720.8,Trun
0.8,8,nat15,not_young,3,3,3,0,1,835,Stangenholz,Stangenholz_8,,1665.6,Trun
0.6,11,other,not_young,3,3,3,0,3,836,Schwaches Baumholz,Schwaches Baumholz_11,,850.8999999999999,Trun
0.8,11,other,not_young,3,3,3,0,3,837,Schwaches Baumholz,Schwaches Baumholz_11,,848.1,Trun
0.6,11,other,not_young,3,3,3,0,3,838,Stangenholz,Stangenholz_11,,883.5,Trun
2.7,8,nat15,not_young,3,3,3,0,1,839,Stangenholz,Stangenholz_8,,1845.1,Trun
1.5,12,nat15,not_young,3,3,3,0,1,840,Mittleres Baumholz,Mittleres Baumholz_12,,1659.2,Trun
0.5,11,other,not_young,3,3,3,0,3,841,Schwaches Baumholz,Schwaches Baumholz_11,,898.5,Trun
0.5,11,other,not_young,3,3,3,0,3,842,Schwaches Baumholz,Schwaches Baumholz_11,,845.7999999999998,Trun
1.3,8,nat15,not_young,3,3,3,0,1,843,Stangenholz,Stangenholz_8,,1718.8,Trun
1.0,8,nat15,not_young,3,3,3,0,1,844,Stangenholz,Stangenholz_8,,1694.5,Trun
1.7,8,nat15,not_young,3,3,3,0,1,845,Stangenholz,Stangenholz_8,,1669.9,Trun
1.2,8,nat15,not_young,3,3,3,0,1,846,Mittleres Baumholz,Mittleres Baumholz_8,,1834.8,Trun
0.7,8,nat15,not_young,3,3,3,0,1,847,Schwaches Baumholz,Schwaches Baumholz_8,,1789.0,Trun
0.9,9,nat15,not_young,3,3,3,0,1,848,Stangenholz,Stangenholz_9,,1958.7,Trun
2.3,8,nat15,not_young,3,3,3,0,1,849,Stangenholz,Stangenholz_8,,1721.9,Trun
0.8,11,other,not_young,3,3,3,0,3,850,Schwaches Baumholz,Schwaches Baumholz_11,,906.9,Zignau
0.5,11,other,not_young,3,3,3,0,3,851,Stangenholz,Stangenholz_11,,1050.1,Trun
0.6,5,other,not_young,3,3,3,0,3,852,Stangenholz,Stangenholz_5,,842.8999999999999,Trun
0.6,11,other,not_young,3,3,3,0,3,853,Mittleres Baumholz,Mittleres Baumholz_11,,1522.0,Schlans
29.7,8,nat15,not_young,3,3,3,0,1,854,Mittleres Baumholz,Mittleres Baumholz_8,,1806.8,Trun
3.7,8,nat15,not_young,3,3,3,0,1,855,Stangenholz,Stangenholz_8,,1774.3,Trun
2.9,8,other,not_young,3,3,3,0,3,856,Mittleres Baumholz,Mittleres Baumholz_8,,1774.0,Trun
1.4,11,other,not_young,3,3,3,0,3,857,Stangenholz,Stangenholz_11,,813.2999999999998,Trun
0.5,8,nat15,not_young,3,3,3,0,1,858,Stangenholz,Stangenholz_8,,1725.5,Trun
0.5,8,nat15,not_young,3,3,3,0,1,859,Stangenholz,Stangenholz_8,,1723.3,Trun
3.2,11,other,not_young,3,3,3,0,3,860,Stangenholz,Stangenholz_11,,1137.4,Zignau
0.7,8,nat15,not_young,3,3,3,0,1,861,Stangenholz,Stangenholz_8,,1728.4,Trun
3.3,12,other,not_young,3,3,3,0,3,862,Stangenholz,Stangenholz_12,,1476.5,Trun
1.4,12,other,not_young,3,3,3,0,3,863,Stangenholz,Stangenholz_12,,1360.1,Trun
0.9,11,other,not_young,3,3,3,0,3,864,Schwaches Baumholz,Schwaches Baumholz_11,,999.2,Schlans
2.1,9,nat15,not_young,3,3,3,0,1,865,Schwaches Baumholz,Schwaches Baumholz_9,,1858.8,Trun
1.7,8,nat15,not_young,3,3,3,0,1,866,Mittleres Baumholz,Mittleres Baumholz_8,,1795.4,Pigniu
1.9,8,nat15,not_young,3,3,3,0,1,867,Mittleres Baumholz,Mittleres Baumholz_8,,1798.0,Pigniu
3.9,11,other,not_young,3,3,3,0,3,868,Stangenholz,Stangenholz_11,,1429.0,Zignau
2.0,11,other,not_young,3,3,3,0,3,869,Schwaches Baumholz,Schwaches Baumholz_11,,1259.2,Zignau
0.5,8,other,not_young,3,3,3,0,3,870,Mittleres Baumholz,Mittleres Baumholz_8,,1799.9,Schlans
0.5,5,other,not_young,3,3,3,0,3,871,Stangenholz,Stangenholz_5,,1965.0,Schlans
1.6,8,nat15,not_young,3,3,3,0,1,872,Mittleres Baumholz,Mittleres Baumholz_8,,1762.5,Pigniu
3.4,11,other,not_young,3,3,3,0,3,873,Schwaches Baumholz,Schwaches Baumholz_11,,930.4,Zignau
1.0,11,other,not_young,3,3,3,0,3,874,Starkes Baumholz,Starkes Baumholz_11,,1523.3,Trun
0.5,8,other,not_young,3,3,3,0,3,875,Stangenholz,Stangenholz_8,,1685.6,Trun
2.0,8,nat15,not_young,3,3,3,0,1,876,Mittleres Baumholz,Mittleres Baumholz_8,,1813.9,Pigniu
2.2,8,nat15,not_young,3,3,3,0,1,877,Mittleres Baumholz,Mittleres Baumholz_8,,1825.9,Pigniu
0.5,8,nat15,not_young,3,3,3,0,1,878,Mittleres Baumholz,Mittleres Baumholz_8,,1861.2,Pigniu
0.8,8,nat15,not_young,3,3,3,0,1,879,Mittleres Baumholz,Mittleres Baumholz_8,,1770.0,Pigniu
2.1,11,other,not_young,3,3,3,0,3,880,Mittleres Baumholz,Mittleres Baumholz_11,,1396.6,Zignau
0.5,11,other,not_young,3,3,3,0,3,881,Stangenholz,Stangenholz_11,,1358.1,Zignau
1.6,8,nat15,not_young,3,3,3,0,1,882,Mittleres Baumholz,Mittleres Baumholz_8,,1844.1,Pigniu
2.1,11,other,not_young,3,3,3,0,3,883,Stangenholz,Stangenholz_11,,1394.4,Zignau
0.6,8,nat15,not_young,3,3,3,0,1,884,Mittleres Baumholz,Mittleres Baumholz_8,,1726.4,Pigniu
0.8,5,nat15,not_young,3,3,3,0,1,885,Mittleres Baumholz,Mittleres Baumholz_5,,1858.3,Pigniu
0.9,11,other,not_young,3,3,3,0,3,886,Stangenholz,Stangenholz_11,,1219.4,Zignau
0.6,5,nat15,not_young,3,3,3,0,1,887,Mittleres Baumholz,Mittleres Baumholz_5,,1850.4,Pigniu
0.9,8,nat15,not_young,3,3,3,0,1,888,Schwaches Baumholz,Schwaches Baumholz_8,,1830.7,Pigniu
0.5,5,nat15,not_young,3,3,3,0,1,889,Schwaches Baumholz,Schwaches Baumholz_5,,1895.6,Pigniu
0.7,8,nat15,not_young,3,3,3,0,1,890,Stangenholz,Stangenholz_8,,1620.1,Pigniu
0.8,8,nat15,not_young,3,3,3,0,1,891,Mittleres Baumholz,Mittleres Baumholz_8,,1613.3,Pigniu
3.7,8,other,not_young,3,3,3,0,3,892,Stangenholz,Stangenholz_8,,1839.6,Schlans
0.6,8,nat15,not_young,3,3,3,0,1,893,Stangenholz,Stangenholz_8,,1654.4,Trun
0.5,11,other,not_young,3,3,3,0,3,894,Stangenholz,Stangenholz_11,,870.8999999999999,Zignau
2.4,5,nat15,not_young,3,3,3,0,1,895,Mittleres Baumholz,Mittleres Baumholz_5,,1874.9,Pigniu
0.6,5,nat15,not_young,3,3,3,0,1,896,Mittleres Baumholz,Mittleres Baumholz_5,,1872.1,Pigniu
2.0,11,other,not_young,1,3,3,0,3,897,Stangenholz,Stangenholz_11,,718.9,Ilanz
1.0,11,other,not_young,1,3,3,0,3,898,Schwaches Baumholz,Schwaches Baumholz_11,,708.2,Ilanz
0.6,11,other,not_young,1,3,3,0,3,899,Schwaches Baumholz,Schwaches Baumholz_11,,708.8,Ilanz
0.8,11,other,not_young,1,3,3,0,3,900,Schwaches Baumholz,Schwaches Baumholz_11,,714.5,Ilanz
1.5,11,other,not_young,1,3,3,0,3,901,Schwaches Baumholz,Schwaches Baumholz_11,,709.4,Ilanz
0.6,11,other,not_young,1,3,3,0,3,902,Stangenholz,Stangenholz_11,,710.6,Ilanz
1.3,11,other,not_young,1,3,3,0,3,903,Schwaches Baumholz,Schwaches Baumholz_11,,713.9,Ilanz
1.2,11,other,not_young,1,3,3,0,3,904,Mittleres Baumholz,Mittleres Baumholz_11,,718.1,Ilanz
0.6,11,other,not_young,1,3,3,0,3,905,Mittleres Baumholz,Mittleres Baumholz_11,,709.7,Ilanz
1.0,11,other,not_young,3,3,3,0,3,906,Starkes Baumholz,Starkes Baumholz_11,,723.2999999999998,Ilanz
0.6,3,other,not_young,3,3,3,0,3,907,Schwaches Baumholz,Schwaches Baumholz_3,,696.1,Ilanz
0.6,3,other,not_young,3,3,3,0,3,908,Schwaches Baumholz,Schwaches Baumholz_3,,698.0,Ilanz
1.1,5,other,not_young,3,3,3,0,3,909,Schwaches Baumholz,Schwaches Baumholz_5,,1919.4,Siat
1.5,11,other,not_young,3,3,3,0,3,910,Mittleres Baumholz,Mittleres Baumholz_11,,1635.2,Ladir
2.6,11,other,not_young,3,3,3,0,3,911,Stangenholz,Stangenholz_11,,950.3,Siat
0.7,5,nat15,not_young,3,3,3,0,1,912,Stangenholz,Stangenholz_5,,1892.5,Siat
1.2,11,other,not_young,3,3,3,0,3,913,Mittleres Baumholz,Mittleres Baumholz_11,,1278.7,Rueun
0.5,11,other,not_young,3,3,3,0,3,914,Schwaches Baumholz,Schwaches Baumholz_11,,1153.5,Rueun
0.9,11,other,not_young,3,3,3,0,3,915,Stangenholz,Stangenholz_11,,717.6,Rueun
2.7,11,other,not_young,3,3,3,0,3,916,Schwaches Baumholz,Schwaches Baumholz_11,,921.8,Rueun
0.6,5,nat15,not_young,3,3,3,0,1,917,Schwaches Baumholz,Schwaches Baumholz_5,,1945.0,Schnaus
2.7,8,other,not_young,3,3,3,0,3,918,Starkes Baumholz,Starkes Baumholz_8,,1671.9,Ladir
2.9,11,other,not_young,3,3,3,0,3,919,Schwaches Baumholz,Schwaches Baumholz_11,,1309.2,Siat
4.0,11,other,not_young,3,3,3,0,3,920,Schwaches Baumholz,Schwaches Baumholz_11,,986.1,Rueun
0.8,8,nat15,not_young,3,3,3,0,1,921,Schwaches Baumholz,Schwaches Baumholz_8,,1596.2,Pigniu
4.3,11,other,not_young,3,3,3,0,3,922,Mittleres Baumholz,Mittleres Baumholz_11,,1551.4,Ladir
0.6,11,other,not_young,3,3,3,0,3,923,Schwaches Baumholz,Schwaches Baumholz_11,,1022.5,Rueun
1.7,11,other,not_young,3,3,3,0,3,924,Schwaches Baumholz,Schwaches Baumholz_11,,1188.5,Rueun
1.2,11,other,not_young,1,3,3,0,3,925,Schwaches Baumholz,Schwaches Baumholz_11,,730.1,Rueun
1.2,11,other,not_young,3,3,3,0,3,926,Stangenholz,Stangenholz_11,,732.8999999999999,Rueun
0.9,5,nat15,not_young,3,3,3,0,1,927,Stangenholz,Stangenholz_5,,1973.8,Siat
1.2,9,nat15,not_young,3,3,3,0,1,928,Schwaches Baumholz,Schwaches Baumholz_9,,1827.7,Siat
0.5,11,other,not_young,3,3,3,0,3,929,Stangenholz,Stangenholz_11,,1300.1,Siat
0.8,11,other,not_young,3,3,3,0,3,930,Mittleres Baumholz,Mittleres Baumholz_11,,1017.2,Luven
0.9,8,other,not_young,3,3,3,0,3,931,Schwaches Baumholz,Schwaches Baumholz_8,,1797.8,Rueun
2.5,5,nat15,not_young,3,3,3,0,1,932,Mittleres Baumholz,Mittleres Baumholz_5,,1861.9,Siat
0.7,11,other,not_young,3,3,3,0,3,933,Stangenholz,Stangenholz_11,,719.3,Rueun
1.0,8,other,not_young,3,3,3,0,3,934,Stangenholz,Stangenholz_8,,1807.4,Rueun
3.4,12,other,not_young,3,3,3,0,3,935,Mittleres Baumholz,Mittleres Baumholz_12,,1467.3,Siat
1.6,3,other,not_young,3,3,3,0,3,936,Schwaches Baumholz,Schwaches Baumholz_3,,743.1,Schnaus
5.2,11,other,not_young,3,3,3,0,3,937,Mittleres Baumholz,Mittleres Baumholz_11,,1304.3,Ruschein
0.9,5,nat15,not_young,3,3,3,0,1,938,Schwaches Baumholz,Schwaches Baumholz_5,,1941.5,Schnaus
1.8,8,other,not_young,3,3,3,0,3,939,Mittleres Baumholz,Mittleres Baumholz_8,,1694.6,Ladir
2.6,8,other,not_young,3,3,3,0,3,940,Mittleres Baumholz,Mittleres Baumholz_8,,1809.5,Ladir
1.9,8,other,not_young,3,3,3,0,3,941,Starkes Baumholz,Starkes Baumholz_8,,1758.9,Ladir
4.8,11,other,not_young,3,3,3,0,3,942,Schwaches Baumholz,Schwaches Baumholz_11,,1422.7,Ruschein
0.8,5,other,not_young,3,3,3,0,3,943,Stangenholz,Stangenholz_5,,1877.3,Rueun
2.9,11,other,not_young,3,3,3,0,3,944,Schwaches Baumholz,Schwaches Baumholz_11,,,Ladir
0.5,8,nat15,not_young,3,3,3,0,1,945,Mittleres Baumholz,Mittleres Baumholz_8,,1505.3,Pigniu
0.6,8,nat15,not_young,3,3,3,0,1,946,Stangenholz,Stangenholz_8,,1466.2,Pigniu
1.0,8,nat15,not_young,3,3,3,0,1,947,Mittleres Baumholz,Mittleres Baumholz_8,,1798.9,Siat
2.4,12,other,not_young,3,3,3,0,3,948,Schwaches Baumholz,Schwaches Baumholz_12,,1112.9,Rueun
1.5,11,other,not_young,1,3,3,0,3,949,Schwaches Baumholz,Schwaches Baumholz_11,,739.3999999999999,Waltensburg/Vuorz
1.4,11,other,not_young,3,3,3,0,3,950,Mittleres Baumholz,Mittleres Baumholz_11,,1230.6,Luven
2.0,11,other,not_young,3,3,3,0,3,951,Schwaches Baumholz,Schwaches Baumholz_11,,1495.3,Ladir
2.4,11,other,not_young,3,3,3,0,3,952,Schwaches Baumholz,Schwaches Baumholz_11,,1406.0,Ladir
1.2,11,other,not_young,3,3,3,0,3,953,Stangenholz,Stangenholz_11,,1367.8,Ladir
3.8,11,other,not_young,3,3,3,0,3,954,Mittleres Baumholz,Mittleres Baumholz_11,,,Ladir
3.0,11,other,not_young,3,3,3,0,3,955,Mittleres Baumholz,Mittleres Baumholz_11,,1429.2,Ladir
1.6,8,other,not_young,3,3,3,0,3,956,Mittleres Baumholz,Mittleres Baumholz_8,,1717.0,Ladir
0.8,11,other,not_young,3,3,3,0,3,957,Mittleres Baumholz,Mittleres Baumholz_11,,1356.7,Siat
2.5,8,other,not_young,3,3,3,0,3,958,Mittleres Baumholz,Mittleres Baumholz_8,,1697.9,Ladir
0.7,8,other,not_young,3,3,3,0,3,959,Schwaches Baumholz,Schwaches Baumholz_8,,1639.8,Rueun
0.7,5,nat15,not_young,3,3,3,0,1,960,Schwaches Baumholz,Schwaches Baumholz_5,,1907.7,Rueun
1.2,12,other,not_young,3,3,3,0,3,961,Stangenholz,Stangenholz_12,,1628.4,Rueun
2.0,11,other,not_young,3,3,3,0,3,962,Schwaches Baumholz,Schwaches Baumholz_11,,1058.3,Rueun
0.5,11,other,not_young,3,3,3,0,3,963,Schwaches Baumholz,Schwaches Baumholz_11,,870.3999999999999,Rueun
0.5,12,nat15,not_young,3,3,3,0,1,964,Stangenholz,Stangenholz_12,,1468.3,Pigniu
14.6,12,other,not_young,3,3,3,0,3,965,Schwaches Baumholz,Schwaches Baumholz_12,,1185.6,Pigniu
0.7,11,other,not_young,3,3,3,0,3,966,Schwaches Baumholz,Schwaches Baumholz_11,,1514.7,Ladir
0.6,11,other,not_young,3,3,3,0,3,967,Starkes Baumholz,Starkes Baumholz_11,,1125.6,Luven
0.9,9,other,not_young,3,3,3,0,3,968,Schwaches Baumholz,Schwaches Baumholz_9,,1868.1,Rueun
3.1,11,other,not_young,3,3,3,0,3,969,Mittleres Baumholz,Mittleres Baumholz_11,,1066.0,Luven
1.2,12,other,not_young,3,3,3,0,3,970,Stangenholz,Stangenholz_12,,1612.1,Rueun
1.9,12,other,not_young,3,3,3,0,3,971,Mittleres Baumholz,Mittleres Baumholz_12,,1534.8,Siat
2.1,8,other,not_young,3,3,3,0,3,972,Mittleres Baumholz,Mittleres Baumholz_8,,1720.5,Ladir
0.6,8,nat15,not_young,3,3,3,0,1,973,Mittleres Baumholz,Mittleres Baumholz_8,,1713.5,Schnaus
1.6,8,nat15,not_young,3,3,3,0,1,974,Schwaches Baumholz,Schwaches Baumholz_8,,1791.2,Schnaus
1.2,5,nat15,not_young,3,3,3,0,1,975,Stangenholz,Stangenholz_5,,2015.2,Schnaus
0.8,11,other,not_young,3,3,3,0,3,976,Schwaches Baumholz,Schwaches Baumholz_11,,840.6,Rueun
3.3,5,other,not_young,3,3,3,0,3,977,Mittleres Baumholz,Mittleres Baumholz_5,,1894.8,Ruschein
3.6,8,other,not_young,3,3,3,0,3,978,Mittleres Baumholz,Mittleres Baumholz_8,,1715.7,Ladir
5.0,8,other,not_young,3,3,3,0,3,979,Mittleres Baumholz,Mittleres Baumholz_8,,1771.5,Ladir
0.5,8,nat15,not_young,3,3,3,0,1,980,Schwaches Baumholz,Schwaches Baumholz_8,,1673.4,Pigniu
0.9,5,other,not_young,3,3,3,0,3,981,Schwaches Baumholz,Schwaches Baumholz_5,,1883.1,Rueun
0.6,8,other,not_young,3,3,3,0,3,982,Mittleres Baumholz,Mittleres Baumholz_8,,1786.3,Rueun
0.7,12,other,not_young,3,3,3,0,3,983,Stangenholz,Stangenholz_12,,1637.0,Rueun
2.6,8,nat15,not_young,3,3,3,0,1,984,Mittleres Baumholz,Mittleres Baumholz_8,,1810.5,Pigniu
0.7,8,other,not_young,3,3,3,0,3,985,Stangenholz,Stangenholz_8,,1744.0,Rueun
1.1,11,other,not_young,3,3,3,0,3,986,Stangenholz,Stangenholz_11,,719.6,Rueun
1.0,11,other,not_young,3,3,3,0,3,987,Schwaches Baumholz,Schwaches Baumholz_11,,1042.1,Siat
0.7,11,other,not_young,3,3,3,0,3,988,Stangenholz,Stangenholz_11,,713.5,Rueun
0.5,3,other,not_young,3,3,3,0,3,989,Schwaches Baumholz,Schwaches Baumholz_3,,710.0,Schnaus
0.7,11,other,not_young,3,3,3,0,3,990,Schwaches Baumholz,Schwaches Baumholz_11,,1267.8,Ruschein
0.7,11,other,not_young,3,3,3,0,3,991,Stangenholz,Stangenholz_11,,714.3,Rueun
1.7,11,other,not_young,3,3,3,0,3,992,Mittleres Baumholz,Mittleres Baumholz_11,,1271.2,Ruschein
0.5,5,nat15,not_young,3,3,3,0,1,993,Mittleres Baumholz,Mittleres Baumholz_5,,1839.0,Siat
0.6,11,other,not_young,3,3,3,0,3,994,Schwaches Baumholz,Schwaches Baumholz_11,,1260.2,Ruschein
0.6,5,nat15,not_young,3,3,3,0,1,995,Stangenholz,Stangenholz_5,,1919.4,Siat
0.5,8,nat15,not_young,3,3,3,0,1,996,Stangenholz,Stangenholz_8,,1795.5,Siat
0.6,5,other,not_young,3,3,3,0,3,997,Stangenholz,Stangenholz_5,,1908.8,Rueun
0.7,8,nat15,not_young,3,3,3,0,1,998,Stangenholz,Stangenholz_8,,1496.1,Pigniu
0.8,11,other,not_young,3,3,3,0,3,999,Mittleres Baumholz,Mittleres Baumholz_11,,824.2,Rueun
0.8,11,other,not_young,3,3,3,0,3,1000,Stangenholz,Stangenholz_11,,1116.5,Rueun
0.5,3,other,not_young,3,3,3,0,3,1001,Stangenholz,Stangenholz_3,,754.3999999999999,Rueun
0.6,5,nat15,not_young,3,3,3,0,1,1002,Schwaches Baumholz,Schwaches Baumholz_5,,1922.2,Schnaus
0.7,11,other,not_young,3,3,3,0,3,1003,Starkes Baumholz,Starkes Baumholz_11,,1257.7,Luven
0.8,11,other,not_young,3,3,3,0,3,1004,Stangenholz,Stangenholz_11,,861.2999999999998,Rueun
2.1,11,other,not_young,3,3,3,0,3,1005,Starkes Baumholz,Starkes Baumholz_11,,1079.1,Luven
1.5,11,other,not_young,3,3,3,0,3,1006,Mittleres Baumholz,Mittleres Baumholz_11,,1403.6,Ladir
3.4,12,other,not_young,3,3,3,0,3,1007,Stangenholz,Stangenholz_12,,1161.8,Rueun
0.5,11,other,not_young,3,3,3,0,3,1008,Schwaches Baumholz,Schwaches Baumholz_11,,1212.8,Siat
0.5,5,nat15,not_young,3,3,3,0,1,1009,Stangenholz,Stangenholz_5,,1883.1,Siat
0.7,11,other,not_young,3,3,3,0,3,1010,Schwaches Baumholz,Schwaches Baumholz_11,,972.3,Rueun
1.3,11,other,not_young,1,3,3,0,3,1011,Schwaches Baumholz,Schwaches Baumholz_11,,733.7999999999998,Rueun
0.7,12,other,not_young,3,3,3,0,3,1012,Schwaches Baumholz,Schwaches Baumholz_12,,1369.9,Rueun
0.6,8,nat15,not_young,3,3,3,0,1,1013,Mittleres Baumholz,Mittleres Baumholz_8,,1657.8,Pigniu
0.8,8,nat15,not_young,3,3,3,0,1,1014,Schwaches Baumholz,Schwaches Baumholz_8,,1809.4,Pigniu
1.0,11,other,not_young,1,3,3,0,3,1015,Schwaches Baumholz,Schwaches Baumholz_11,,732.6,Rueun
1.7,12,other,not_young,3,3,3,0,3,1016,Schwaches Baumholz,Schwaches Baumholz_12,,1443.9,Siat
3.0,12,nat15,not_young,3,3,3,0,1,1017,Starkes Baumholz,Starkes Baumholz_12,,1495.8,Pigniu
4.6,8,nat15,not_young,3,3,3,0,1,1018,Mittleres Baumholz,Mittleres Baumholz_8,,1663.0,Pigniu
0.7,8,nat15,not_young,3,3,3,0,1,1019,Mittleres Baumholz,Mittleres Baumholz_8,,1538.3,Pigniu
0.5,8,nat15,not_young,3,3,3,0,1,1020,Mittleres Baumholz,Mittleres Baumholz_8,,1607.8,Pigniu
0.6,8,nat15,not_young,3,3,3,0,1,1021,Schwaches Baumholz,Schwaches Baumholz_8,,1567.3,Pigniu
2.1,12,res_no_prot,not_young,1,1,1,0,1,1022,Starkes Baumholz,Starkes Baumholz_12,,1484.4,Surrein
1.3,12,res_no_prot,not_young,1,1,1,0,1,1023,Starkes Baumholz,Starkes Baumholz_12,,1570.7,Surrein
8.0,8,prot_no_nat,not_young,2,2,2,0,2,1024,Mittleres Baumholz,Mittleres Baumholz_8,,1746.8,Curaglia
1.3,8,prot_no_nat,not_young,2,2,2,0,2,1025,Stangenholz,Stangenholz_8,,1604.2,Sedrun
9.9,12,prot_no_nat,not_young,2,2,2,0,2,1026,Starkes Baumholz,Starkes Baumholz_12,,1443.3,Sedrun
2.6,8,prot_no_nat,not_young,2,2,2,0,2,1027,Starkes Baumholz,Starkes Baumholz_8,,1768.2,Sedrun
1.2,12,prot_no_nat,not_young,2,2,2,0,2,1028,Mittleres Baumholz,Mittleres Baumholz_12,,1430.9,Segnas
1.2,11,prot_no_nat,not_young,2,2,2,0,2,1029,Stangenholz,Stangenholz_11,,1292.6,Cavardiras
1.7,12,prot_no_nat,not_young,2,2,2,0,2,1030,Stangenholz,Stangenholz_12,,1548.4,Curaglia
5.6,8,prot_no_nat,not_young,2,2,2,0,2,1031,Schwaches Baumholz,Schwaches Baumholz_8,,1609.4,Sedrun
0.6,8,prot_no_nat,not_young,2,2,2,0,2,1032,Stangenholz,Stangenholz_8,,1662.9,Rueras
0.8,12,prot_no_nat,not_young,2,2,2,0,2,1033,Mittleres Baumholz,Mittleres Baumholz_12,,1302.5,Sedrun
2.8,12,prot_no_nat,not_young,2,2,2,0,2,1034,Mittleres Baumholz,Mittleres Baumholz_12,,1620.1,Platta
1.1,12,prot_no_nat,not_young,2,2,2,0,2,1035,Mittleres Baumholz,Mittleres Baumholz_12,,1582.0,Sedrun
0.9,11,prot_no_nat,not_young,2,2,2,0,2,1036,Stangenholz,Stangenholz_11,,1192.1,Disentis/Mustér
2.8,11,prot_no_nat,not_young,2,2,2,0,2,1037,Schwaches Baumholz,Schwaches Baumholz_11,,1312.7,Disentis/Mustér
4.1,8,prot_no_nat,not_young,2,2,2,0,2,1038,Mittleres Baumholz,Mittleres Baumholz_8,,1745.4,Rueras
0.8,12,prot_no_nat,not_young,2,2,2,0,2,1039,Schwaches Baumholz,Schwaches Baumholz_12,,1595.1,Segnas
6.3,8,prot_no_nat,not_young,2,2,2,0,2,1040,Mittleres Baumholz,Mittleres Baumholz_8,,1693.8,Disentis/Mustér
2.1,11,prot_no_nat,not_young,2,2,2,0,2,1041,Starkes Baumholz,Starkes Baumholz_11,,1371.3,Disentis/Mustér
0.5,8,prot_no_nat,not_young,2,2,2,0,2,1042,Stangenholz,Stangenholz_8,,1653.4,Segnas
1.1,12,prot_no_nat,not_young,2,2,2,0,2,1043,Mittleres Baumholz,Mittleres Baumholz_12,,1443.9,Rueras
2.8,11,prot_no_nat,not_young,2,2,2,0,2,1044,Mittleres Baumholz,Mittleres Baumholz_11,,1376.7,Disentis/Mustér
1.0,12,prot_no_nat,not_young,2,2,2,0,2,1045,Starkes Baumholz,Starkes Baumholz_12,,1492.5,Sedrun
2.2,5,prot_no_nat,not_young,2,2,2,0,2,1046,Schwaches Baumholz,Schwaches Baumholz_5,,1900.0,Disentis/Mustér
1.3,12,prot_no_nat,not_young,2,2,2,0,2,1047,Mittleres Baumholz,Mittleres Baumholz_12,,1613.1,Cavardiras
0.6,11,prot_no_nat,not_young,2,2,2,0,2,1048,Stangenholz,Stangenholz_11,,1469.5,Disentis/Mustér
5.6,8,prot_no_nat,not_young,2,2,2,0,2,1049,Schwaches Baumholz,Schwaches Baumholz_8,,1729.8,Curaglia
1.3,8,prot_no_nat,not_young,2,2,2,0,2,1050,Schwaches Baumholz,Schwaches Baumholz_8,,1589.0,Sedrun
0.5,11,prot_no_nat,not_young,2,2,2,0,2,1051,Schwaches Baumholz,Schwaches Baumholz_11,,1174.1,Disentis/Mustér
0.9,11,prot_no_nat,not_young,2,2,2,0,2,1052,Stangenholz,Stangenholz_11,,1049.7,Disentis/Mustér
4.2,8,prot_no_nat,not_young,2,2,2,0,2,1053,Starkes Baumholz,Starkes Baumholz_8,,1812.1,Platta
7.6,12,prot_no_nat,not_young,2,2,2,0,2,1054,Mittleres Baumholz,Mittleres Baumholz_12,,1557.4,Curaglia
5.3,8,prot_no_nat,not_young,2,2,2,0,2,1055,Mittleres Baumholz,Mittleres Baumholz_8,,1722.1,Disentis/Mustér
3.4,8,prot_no_nat,not_young,2,2,2,0,2,1056,Starkes Baumholz,Starkes Baumholz_8,,1743.4,Curaglia
8.8,8,prot_no_nat,not_young,2,2,2,0,2,1057,Schwaches Baumholz,Schwaches Baumholz_8,,1896.1,Curaglia
1.1,11,prot_no_nat,not_young,2,2,2,0,2,1058,Stangenholz,Stangenholz_11,,1587.1,Disentis/Mustér
2.2,12,prot_no_nat,not_young,2,2,2,0,2,1059,Stangenholz,Stangenholz_12,,1578.9,Curaglia
4.1,8,prot_no_nat,not_young,2,2,2,0,2,1060,Mittleres Baumholz,Mittleres Baumholz_8,,1761.0,Curaglia
3.3,11,prot_no_nat,not_young,2,2,2,0,2,1061,Stangenholz,Stangenholz_11,,1343.5,Cavardiras
2.0,11,prot_no_nat,not_young,2,2,2,0,2,1062,Stangenholz,Stangenholz_11,,1018.4,Disentis/Mustér
2.3,12,prot_no_nat,not_young,2,2,2,0,2,1063,Stangenholz,Stangenholz_12,,1450.0,Platta
1.6,12,prot_no_nat,not_young,2,2,2,0,2,1064,Mittleres Baumholz,Mittleres Baumholz_12,,1548.0,Platta
3.8,8,prot_no_nat,not_young,2,2,2,0,2,1065,Mittleres Baumholz,Mittleres Baumholz_8,,1680.1,Segnas
4.6,8,prot_no_nat,not_young,2,2,2,0,2,1066,Mittleres Baumholz,Mittleres Baumholz_8,,1463.2,Sedrun
2.2,8,prot_no_nat,not_young,2,2,2,0,2,1067,Starkes Baumholz,Starkes Baumholz_8,,1732.1,Platta
0.7,8,prot_no_nat,not_young,2,2,2,0,2,1068,Stangenholz,Stangenholz_8,,1467.1,Sedrun
0.9,11,prot_no_nat,not_young,2,2,2,0,2,1069,Mittleres Baumholz,Mittleres Baumholz_11,,1414.0,Disentis/Mustér
1.2,11,prot_no_nat,not_young,2,2,2,0,2,1070,Stangenholz,Stangenholz_11,,1450.1,Segnas
4.3,8,prot_no_nat,not_young,2,2,2,0,2,1071,Schwaches Baumholz,Schwaches Baumholz_8,,1799.8,Curaglia
8.4,8,prot_no_nat,not_young,2,2,2,0,2,1072,Starkes Baumholz,Starkes Baumholz_8,,1725.4,Platta
3.9,11,prot_no_nat,not_young,2,2,2,0,2,1073,Stangenholz,Stangenholz_11,,1340.1,Cavardiras
3.8,8,prot_no_nat,not_young,2,2,2,0,2,1074,Mittleres Baumholz,Mittleres Baumholz_8,,1800.6,Disentis/Mustér
4.1,8,prot_no_nat,not_young,2,2,2,0,2,1075,Mittleres Baumholz,Mittleres Baumholz_8,,1730.6,Segnas
0.6,12,prot_no_nat,not_young,2,2,2,0,2,1076,Mittleres Baumholz,Mittleres Baumholz_12,,1625.8,Curaglia
4.1,8,prot_no_nat,not_young,2,2,2,0,2,1077,Mittleres Baumholz,Mittleres Baumholz_8,,1759.4,Disentis/Mustér
6.2,8,prot_no_nat,not_young,2,2,2,0,2,1078,Mittleres Baumholz,Mittleres Baumholz_8,,1787.2,Rueras
3.1,12,prot_no_nat,not_young,2,2,2,0,2,1079,Stangenholz,Stangenholz_12,,1523.1,Platta
0.6,12,prot_no_nat,not_young,2,2,2,0,2,1080,Stangenholz,Stangenholz_12,,1579.2,Curaglia
4.5,11,prot_no_nat,not_young,2,2,2,0,2,1081,Mittleres Baumholz,Mittleres Baumholz_11,,1477.3,Disentis/Mustér
1.2,8,prot_no_nat,not_young,2,2,2,0,2,1082,Mittleres Baumholz,Mittleres Baumholz_8,,1815.9,Curaglia
5.1,8,prot_no_nat,not_young,2,2,2,0,2,1083,Mittleres Baumholz,Mittleres Baumholz_8,,1684.0,Platta
0.9,8,prot_no_nat,not_young,2,2,2,0,2,1084,Schwaches Baumholz,Schwaches Baumholz_8,,1681.3,Disentis/Mustér
0.6,11,prot_no_nat,not_young,2,2,2,0,2,1085,Mittleres Baumholz,Mittleres Baumholz_11,,1457.2,Curaglia
0.5,12,prot_no_nat,not_young,2,2,2,0,2,1086,Stangenholz,Stangenholz_12,,1525.7,Platta
1.1,11,prot_no_nat,not_young,2,2,2,0,2,1087,Stangenholz,Stangenholz_11,,1355.6,Segnas
5.6,11,prot_no_nat,not_young,2,2,2,0,2,1088,Stangenholz,Stangenholz_11,,1120.1,Disentis/Mustér
6.3,8,prot_no_nat,not_young,2,2,2,0,2,1089,Mittleres Baumholz,Mittleres Baumholz_8,,1757.0,Curaglia
1.0,8,prot_no_nat,not_young,2,2,2,0,2,1090,Stangenholz,Stangenholz_8,,1617.2,Rueras
0.7,8,prot_no_nat,not_young,2,2,2,0,2,1091,Mittleres Baumholz,Mittleres Baumholz_8,,1593.5,Sedrun
4.2,12,prot_no_nat,not_young,2,2,2,0,2,1092,Mittleres Baumholz,Mittleres Baumholz_12,,1409.8,Sedrun
0.8,11,prot_no_nat,not_young,2,2,2,0,2,1093,Mittleres Baumholz,Mittleres Baumholz_11,,1641.4,Disentis/Mustér
3.0,8,prot_no_nat,not_young,2,2,2,0,2,1094,Starkes Baumholz,Starkes Baumholz_8,,1793.3,Curaglia
1.1,12,prot_no_nat,not_young,2,2,2,0,2,1095,Mittleres Baumholz,Mittleres Baumholz_12,,1356.5,Mumpé Medel
1.3,8,prot_no_nat,not_young,2,2,2,0,2,1096,Schwaches Baumholz,Schwaches Baumholz_8,,1664.5,Platta
2.0,11,prot_no_nat,not_young,2,2,2,0,2,1097,Schwaches Baumholz,Schwaches Baumholz_11,,1091.3,Disentis/Mustér
3.1,11,prot_no_nat,not_young,2,2,2,0,2,1098,Mittleres Baumholz,Mittleres Baumholz_11,,1247.2,Disentis/Mustér
8.9,8,prot_no_nat,not_young,2,2,2,0,2,1099,Mittleres Baumholz,Mittleres Baumholz_8,,1699.9,Disentis/Mustér
4.3,11,prot_no_nat,not_young,2,2,2,0,2,1100,Mittleres Baumholz,Mittleres Baumholz_11,,1512.9,Segnas
3.0,8,prot_no_nat,not_young,2,2,2,0,2,1101,Schwaches Baumholz,Schwaches Baumholz_8,,1770.0,Sedrun
3.7,8,prot_no_nat,not_young,2,2,2,0,2,1102,Mittleres Baumholz,Mittleres Baumholz_8,,1756.3,Platta
0.5,12,prot_no_nat,not_young,2,2,2,0,2,1103,Stangenholz,Stangenholz_12,,1671.4,Platta
1.1,11,prot_no_nat,not_young,2,2,2,0,2,1104,Mittleres Baumholz,Mittleres Baumholz_11,,1536.6,Disentis/Mustér
7.1,8,prot_no_nat,not_young,2,2,2,0,2,1105,Mittleres Baumholz,Mittleres Baumholz_8,,1791.1,Disentis/Mustér
5.2,12,prot_no_nat,not_young,2,2,2,0,2,1106,Mittleres Baumholz,Mittleres Baumholz_12,,1579.7,Sedrun
3.5,12,prot_no_nat,not_young,2,2,2,0,2,1107,Mittleres Baumholz,Mittleres Baumholz_12,,1551.0,Platta
2.6,11,prot_no_nat,not_young,2,2,2,0,2,1108,Stangenholz,Stangenholz_11,,1220.1,Cavardiras
3.3,8,prot_no_nat,not_young,2,2,2,0,2,1109,Mittleres Baumholz,Mittleres Baumholz_8,,1617.8,Platta
0.9,11,prot_no_nat,not_young,2,2,2,0,2,1110,Stangenholz,Stangenholz_11,,1604.7,Disentis/Mustér
2.0,12,prot_no_nat,not_young,2,2,2,0,2,1111,Mittleres Baumholz,Mittleres Baumholz_12,,1476.3,Segnas
1.0,11,prot_no_nat,not_young,2,2,2,0,2,1112,Mittleres Baumholz,Mittleres Baumholz_11,,1414.4,Disentis/Mustér
2.6,12,prot_no_nat,not_young,2,2,2,0,2,1113,Stangenholz,Stangenholz_12,,1492.8,Curaglia
7.8,11,prot_no_nat,not_young,2,2,2,0,2,1114,Stangenholz,Stangenholz_11,,1336.2,Curaglia
3.6,11,prot_no_nat,not_young,2,2,2,0,2,1115,Stangenholz,Stangenholz_11,,1096.4,Mumpé Medel
5.2,12,prot_no_nat,not_young,2,2,2,0,2,1116,Starkes Baumholz,Starkes Baumholz_12,,1529.7,Sedrun
2.7,11,prot_no_nat,not_young,2,2,2,0,2,1117,Stangenholz,Stangenholz_11,,1238.2,Cavardiras
7.1,8,prot_no_nat,not_young,2,2,2,0,2,1118,Mittleres Baumholz,Mittleres Baumholz_8,,1707.3,Cavardiras
2.4,12,prot_no_nat,not_young,2,2,2,0,2,1119,Mittleres Baumholz,Mittleres Baumholz_12,,1601.8,Disentis/Mustér
0.5,12,prot_no_nat,not_young,2,2,2,0,2,1120,Schwaches Baumholz,Schwaches Baumholz_12,,1534.4,Sedrun
3.4,12,prot_no_nat,not_young,2,2,2,0,2,1121,Stangenholz,Stangenholz_12,,1290.8,Sedrun
1.0,12,prot_no_nat,not_young,2,2,2,0,2,1122,Mittleres Baumholz,Mittleres Baumholz_12,,1539.2,Platta
2.9,11,prot_no_nat,not_young,2,2,2,0,2,1123,Schwaches Baumholz,Schwaches Baumholz_11,,1203.4,Disentis/Mustér
0.8,11,prot_no_nat,not_young,1,2,2,0,2,1124,Stangenholz,Stangenholz_11,,1037.9,Disentis/Mustér
0.9,11,prot_no_nat,not_young,1,2,2,0,2,1125,Stangenholz,Stangenholz_11,,984.6,Disentis/Mustér
2.8,11,prot_no_nat,not_young,2,2,2,0,2,1126,Starkes Baumholz,Starkes Baumholz_11,,1345.3,Disentis/Mustér
2.4,8,prot_no_nat,not_young,2,2,2,0,2,1127,Mittleres Baumholz,Mittleres Baumholz_8,,1692.0,Segnas
0.5,12,prot_no_nat,not_young,2,2,2,0,2,1128,Starkes Baumholz,Starkes Baumholz_12,,1450.8,Curaglia
1.8,11,prot_no_nat,not_young,2,2,2,0,2,1129,Mittleres Baumholz,Mittleres Baumholz_11,,1271.2,Cavardiras
3.4,12,prot_no_nat,not_young,2,2,2,0,2,1130,Mittleres Baumholz,Mittleres Baumholz_12,,1339.7,Sedrun
9.5,8,prot_no_nat,not_young,2,2,2,0,2,1131,Schwaches Baumholz,Schwaches Baumholz_8,,1590.6,Sedrun
5.9,8,prot_no_nat,not_young,2,2,2,0,2,1132,Mittleres Baumholz,Mittleres Baumholz_8,,1827.7,Sedrun
3.4,12,prot_no_nat,not_young,2,2,2,0,2,1133,Stangenholz,Stangenholz_12,,1553.3,Sedrun
11.6,8,prot_no_nat,not_young,2,2,2,0,2,1134,Starkes Baumholz,Starkes Baumholz_8,,1569.8,Rueras
1.1,12,prot_no_nat,not_young,2,2,2,0,2,1135,Starkes Baumholz,Starkes Baumholz_12,,1499.1,Disentis/Mustér
1.3,12,prot_no_nat,not_young,2,2,2,0,2,1136,Mittleres Baumholz,Mittleres Baumholz_12,,1662.1,Platta
3.5,8,prot_no_nat,not_young,2,2,2,0,2,1137,Mittleres Baumholz,Mittleres Baumholz_8,,1670.4,Disentis/Mustér
4.2,12,prot_no_nat,not_young,2,2,2,0,2,1138,Stangenholz,Stangenholz_12,,1615.8,Platta
8.4,8,prot_no_nat,not_young,2,2,2,0,2,1139,Mittleres Baumholz,Mittleres Baumholz_8,,1786.1,Curaglia
2.5,11,prot_no_nat,not_young,2,2,2,0,2,1140,Stangenholz,Stangenholz_11,,1365.5,Segnas
2.6,12,prot_no_nat,not_young,2,2,2,0,2,1141,Stangenholz,Stangenholz_12,,1398.8,Curaglia
2.6,8,prot_no_nat,not_young,2,2,2,0,2,1142,Schwaches Baumholz,Schwaches Baumholz_8,,1792.9,Disentis/Mustér
13.5,8,prot_no_nat,not_young,2,2,2,0,2,1143,Mittleres Baumholz,Mittleres Baumholz_8,,1729.2,Disentis/Mustér
1.1,11,prot_no_nat,not_young,2,2,2,0,2,1144,Mittleres Baumholz,Mittleres Baumholz_11,,1488.6,Segnas
0.6,12,prot_no_nat,not_young,2,2,2,0,2,1145,Starkes Baumholz,Starkes Baumholz_12,,1464.8,Sedrun
0.6,8,prot_no_nat,not_young,2,2,2,0,2,1146,Starkes Baumholz,Starkes Baumholz_8,,1747.0,Rueras
3.5,11,prot_no_nat,not_young,2,2,2,0,2,1147,Stangenholz,Stangenholz_11,,1141.6,Cavardiras
5.0,8,prot_no_nat,not_young,2,2,2,0,2,1148,Mittleres Baumholz,Mittleres Baumholz_8,,1714.7,Platta
1.9,11,prot_no_nat,not_young,2,2,2,0,2,1149,Mittleres Baumholz,Mittleres Baumholz_11,,1502.6,Disentis/Mustér
2.0,8,prot_no_nat,not_young,2,2,2,0,2,1150,Mittleres Baumholz,Mittleres Baumholz_8,,1806.7,Sedrun
4.7,12,prot_no_nat,not_young,2,2,2,0,2,1151,Schwaches Baumholz,Schwaches Baumholz_12,,1432.5,Sedrun
3.0,11,prot_no_nat,not_young,2,2,2,0,2,1152,Stangenholz,Stangenholz_11,,1538.6,Disentis/Mustér
2.6,11,prot_no_nat,not_young,2,2,2,0,2,1153,Mittleres Baumholz,Mittleres Baumholz_11,,1129.6,Disentis/Mustér
6.0,8,prot_no_nat,not_young,2,2,2,0,2,1154,Mittleres Baumholz,Mittleres Baumholz_8,,1852.9,Platta
2.0,12,prot_no_nat,not_young,2,2,2,0,2,1155,Stangenholz,Stangenholz_12,,1543.3,Segnas
1.8,8,prot_no_nat,not_young,2,2,2,0,2,1156,Schwaches Baumholz,Schwaches Baumholz_8,,1815.7,Disentis/Mustér
1.4,11,prot_no_nat,not_young,2,2,2,0,2,1157,Mittleres Baumholz,Mittleres Baumholz_11,,1091.8,Disentis/Mustér
3.9,12,prot_no_nat,not_young,2,2,2,0,2,1158,Mittleres Baumholz,Mittleres Baumholz_12,,1623.1,Disentis/Mustér
0.8,12,prot_no_nat,not_young,2,2,2,0,2,1159,Mittleres Baumholz,Mittleres Baumholz_12,,1658.8,Platta
6.8,12,prot_no_nat,not_young,2,2,2,0,2,1160,Stangenholz,Stangenholz_12,,1594.3,Platta
7.0,8,prot_no_nat,not_young,2,2,2,0,2,1161,Starkes Baumholz,Starkes Baumholz_8,,1628.2,Sedrun
2.9,11,prot_no_nat,not_young,2,2,2,0,2,1162,Stangenholz,Stangenholz_11,,1149.3,Mumpé Medel
1.6,8,prot_no_nat,not_young,2,2,2,0,2,1163,Schwaches Baumholz,Schwaches Baumholz_8,,1493.4,Sedrun
0.8,8,prot_no_nat,not_young,2,2,2,0,2,1164,Starkes Baumholz,Starkes Baumholz_8,,1609.4,Sedrun
0.8,12,prot_no_nat,not_young,2,2,2,0,2,1165,Mittleres Baumholz,Mittleres Baumholz_12,,1576.3,Platta
5.0,8,prot_no_nat,not_young,2,2,2,0,2,1166,Mittleres Baumholz,Mittleres Baumholz_8,,1688.9,Segnas
2.1,12,prot_no_nat,not_young,2,2,2,0,2,1167,Mittleres Baumholz,Mittleres Baumholz_12,,1481.1,Curaglia
1.0,5,prot_no_nat,not_young,2,2,2,0,2,1168,Stangenholz,Stangenholz_5,,1860.8,Rueras
6.6,8,prot_no_nat,not_young,2,2,2,0,2,1169,Starkes Baumholz,Starkes Baumholz_8,,1531.6,Rueras
10.4,8,prot_no_nat,not_young,2,2,2,0,2,1170,Stangenholz,Stangenholz_8,,1610.5,Rueras
1.8,11,prot_no_nat,not_young,2,2,2,0,2,1171,Mittleres Baumholz,Mittleres Baumholz_11,,1311.3,Disentis/Mustér
3.2,12,prot_no_nat,not_young,2,2,2,0,2,1172,Starkes Baumholz,Starkes Baumholz_12,,1651.2,Platta
2.7,11,prot_no_nat,not_young,2,2,2,0,2,1173,Mittleres Baumholz,Mittleres Baumholz_11,,1350.4,Cavardiras
18.2,8,prot_no_nat,not_young,2,2,2,0,2,1174,Mittleres Baumholz,Mittleres Baumholz_8,,1834.2,Sedrun
2.4,11,prot_no_nat,not_young,2,2,2,0,2,1175,Stangenholz,Stangenholz_11,,1321.5,Disentis/Mustér
4.4,8,prot_no_nat,not_young,2,2,2,0,2,1176,Mittleres Baumholz,Mittleres Baumholz_8,,1605.8,Cavardiras
1.3,11,prot_no_nat,not_young,2,2,2,0,2,1177,Mittleres Baumholz,Mittleres Baumholz_11,,1445.6,Segnas
1.1,11,prot_no_nat,not_young,2,2,2,0,2,1178,Mittleres Baumholz,Mittleres Baumholz_11,,1322.8,Disentis/Mustér
3.4,11,prot_no_nat,not_young,2,2,2,0,2,1179,Mittleres Baumholz,Mittleres Baumholz_11,,1524.5,Disentis/Mustér
2.6,12,res_prot,not_young,1,1,1,0,1,1180,Mittleres Baumholz,Mittleres Baumholz_12,,1594.7,Sedrun
1.3,12,prot_no_nat,not_young,2,2,2,0,2,1181,Stangenholz,Stangenholz_12,,1657.8,Platta
1.3,11,prot_no_nat,not_young,2,2,2,0,2,1182,Mittleres Baumholz,Mittleres Baumholz_11,,1329.3,Disentis/Mustér
0.7,11,prot_no_nat,not_young,2,2,2,0,2,1183,Stangenholz,Stangenholz_11,,1217.8,Mumpé Medel
3.5,12,prot_no_nat,not_young,2,2,2,0,2,1184,Mittleres Baumholz,Mittleres Baumholz_12,,1568.9,Cavardiras
1.3,12,prot_no_nat,not_young,2,2,2,0,2,1185,Schwaches Baumholz,Schwaches Baumholz_12,,1232.5,Mumpé Medel
2.8,11,prot_no_nat,not_young,2,2,2,0,2,1186,Mittleres Baumholz,Mittleres Baumholz_11,,1274.3,Cavardiras
3.1,8,prot_no_nat,not_young,2,2,2,0,2,1187,Stangenholz,Stangenholz_8,,1704.4,Sedrun
2.6,12,prot_no_nat,not_young,2,2,2,0,2,1188,Stangenholz,Stangenholz_12,,1567.2,Disentis/Mustér
3.2,12,prot_no_nat,not_young,2,2,2,0,2,1189,Mittleres Baumholz,Mittleres Baumholz_12,,1568.5,Curaglia
6.3,11,prot_no_nat,not_young,2,2,2,0,2,1190,Mittleres Baumholz,Mittleres Baumholz_11,,1258.4,Disentis/Mustér
1.8,11,prot_no_nat,not_young,2,2,2,0,2,1191,Schwaches Baumholz,Schwaches Baumholz_11,,1351.7,Disentis/Mustér
1.4,11,prot_no_nat,not_young,2,2,2,0,2,1192,Mittleres Baumholz,Mittleres Baumholz_11,,1516.5,Segnas
1.5,12,prot_no_nat,not_young,2,2,2,0,2,1193,Schwaches Baumholz,Schwaches Baumholz_12,,1422.7,Sedrun
4.3,8,prot_no_nat,not_young,2,2,2,0,2,1194,Mittleres Baumholz,Mittleres Baumholz_8,,1776.9,Curaglia
0.9,8,prot_no_nat,not_young,2,2,2,0,2,1195,Stangenholz,Stangenholz_8,,1616.5,Sedrun
4.3,8,prot_no_nat,not_young,2,2,2,0,2,1196,Stangenholz,Stangenholz_8,,1739.0,Rueras
2.2,12,prot_no_nat,not_young,2,2,2,0,2,1197,Mittleres Baumholz,Mittleres Baumholz_12,,1525.6,Segnas
0.6,11,prot_no_nat,not_young,2,2,2,0,2,1198,Schwaches Baumholz,Schwaches Baumholz_11,,1237.0,Disentis/Mustér
6.6,8,prot_no_nat,not_young,2,2,2,0,2,1199,Mittleres Baumholz,Mittleres Baumholz_8,,1786.4,Disentis/Mustér
3.1,11,prot_no_nat,not_young,2,2,2,0,2,1200,Mittleres Baumholz,Mittleres Baumholz_11,,1383.2,Segnas
3.3,12,prot_no_nat,not_young,2,2,2,0,2,1201,Starkes Baumholz,Starkes Baumholz_12,,1452.4,Sedrun
3.6,11,prot_no_nat,not_young,2,2,2,0,2,1202,Stangenholz,Stangenholz_11,,1271.9,Disentis/Mustér
1.9,11,prot_no_nat,not_young,2,2,2,0,2,1203,Mittleres Baumholz,Mittleres Baumholz_11,,1498.4,Disentis/Mustér
1.0,5,prot_no_nat,not_young,2,2,2,0,2,1204,Stangenholz,Stangenholz_5,,1339.4,Sedrun
2.8,11,prot_no_nat,not_young,2,2,2,0,2,1205,Mittleres Baumholz,Mittleres Baumholz_11,,1450.6,Disentis/Mustér
4.0,8,prot_no_nat,not_young,2,2,2,0,2,1206,Starkes Baumholz,Starkes Baumholz_8,,1589.2,Sedrun
3.7,11,prot_no_nat,not_young,2,2,2,0,2,1207,Stangenholz,Stangenholz_11,,1057.4,Disentis/Mustér
0.8,11,prot_no_nat,not_young,2,2,2,0,2,1208,Stangenholz,Stangenholz_11,,1094.9,Cavardiras
1.7,12,prot_no_nat,not_young,2,2,2,0,2,1209,Stangenholz,Stangenholz_12,,1392.6,Segnas
1.4,11,prot_no_nat,not_young,2,2,2,0,2,1210,Stangenholz,Stangenholz_11,,1098.4,Mumpé Medel
1.2,12,prot_no_nat,not_young,2,2,2,0,2,1211,Stangenholz,Stangenholz_12,,1560.1,Platta
2.3,12,prot_no_nat,not_young,2,2,2,0,2,1212,Mittleres Baumholz,Mittleres Baumholz_12,,1577.4,Sedrun
5.4,8,prot_no_nat,not_young,2,2,2,0,2,1213,Schwaches Baumholz,Schwaches Baumholz_8,,1705.3,Segnas
3.7,12,prot_no_nat,not_young,2,2,2,0,2,1214,Starkes Baumholz,Starkes Baumholz_12,,1591.0,Disentis/Mustér
4.2,8,res_prot,not_young,1,1,1,0,1,1215,Mittleres Baumholz,Mittleres Baumholz_8,,1765.3,Sedrun
1.0,8,prot_no_nat,not_young,2,2,2,0,2,1216,Schwaches Baumholz,Schwaches Baumholz_8,,1794.0,Rueras
2.1,12,prot_no_nat,not_young,2,2,2,0,2,1217,Mittleres Baumholz,Mittleres Baumholz_12,,1509.4,Segnas
1.7,8,prot_no_nat,not_young,2,2,2,0,2,1218,Stangenholz,Stangenholz_8,,1711.9,Disentis/Mustér
0.6,11,prot_no_nat,not_young,2,2,2,0,2,1219,Stangenholz,Stangenholz_11,,1227.7,Disentis/Mustér
8.1,8,prot_no_nat,not_young,2,2,2,0,2,1220,Stangenholz,Stangenholz_8,,1872.0,Curaglia
3.2,11,prot_no_nat,not_young,2,2,2,0,2,1221,Starkes Baumholz,Starkes Baumholz_11,,1058.8,Cavardiras
2.0,8,prot_no_nat,not_young,2,2,2,0,2,1222,Stangenholz,Stangenholz_8,,1830.8,Curaglia
1.4,11,prot_no_nat,not_young,2,2,2,0,2,1223,Stangenholz,Stangenholz_11,,1084.9,Cavardiras
0.6,11,prot_no_nat,not_young,2,2,2,0,2,1224,Starkes Baumholz,Starkes Baumholz_11,,1125.7,Disentis/Mustér
16.9,8,prot_no_nat,not_young,2,2,2,0,2,1225,Schwaches Baumholz,Schwaches Baumholz_8,,1808.4,Curaglia
6.1,8,prot_no_nat,not_young,2,2,2,0,2,1226,Mittleres Baumholz,Mittleres Baumholz_8,,1574.4,Disentis/Mustér
4.8,11,prot_no_nat,not_young,2,2,2,0,2,1227,Starkes Baumholz,Starkes Baumholz_11,,1340.1,Cavardiras
3.8,8,res_prot,not_young,2,2,2,0,2,1228,Mittleres Baumholz,Mittleres Baumholz_8,,1784.8,Sedrun
1.8,8,prot_no_nat,not_young,2,2,2,0,2,1229,Mittleres Baumholz,Mittleres Baumholz_8,,1746.7,Platta
1.4,12,prot_no_nat,not_young,2,2,2,0,2,1230,Stangenholz,Stangenholz_12,,1365.1,Sedrun
0.7,11,prot_no_nat,not_young,1,2,2,0,2,1231,Stangenholz,Stangenholz_11,,989.4,Disentis/Mustér
4.2,8,prot_no_nat,not_young,2,2,2,0,2,1232,Mittleres Baumholz,Mittleres Baumholz_8,,1694.1,Disentis/Mustér
1.4,11,prot_no_nat,not_young,2,2,2,0,2,1233,Stangenholz,Stangenholz_11,,1410.8,Cavardiras
3.2,8,prot_no_nat,not_young,2,2,2,0,2,1234,Mittleres Baumholz,Mittleres Baumholz_8,,1625.6,Disentis/Mustér
0.6,8,prot_no_nat,not_young,2,2,2,0,2,1235,Mittleres Baumholz,Mittleres Baumholz_8,,1600.2,Sedrun
0.5,12,prot_no_nat,not_young,2,2,2,0,2,1236,Schwaches Baumholz,Schwaches Baumholz_12,,1595.2,Disentis/Mustér
1.0,11,prot_no_nat,not_young,2,2,2,0,2,1237,Stangenholz,Stangenholz_11,,1069.1,Disentis/Mustér
3.1,8,prot_no_nat,not_young,2,2,2,0,2,1238,Mittleres Baumholz,Mittleres Baumholz_8,,1863.1,Disentis/Mustér
0.9,11,prot_no_nat,not_young,2,2,2,0,2,1239,Stangenholz,Stangenholz_11,,1131.1,Disentis/Mustér
4.3,8,prot_no_nat,not_young,2,2,2,0,2,1240,Mittleres Baumholz,Mittleres Baumholz_8,,1704.7,Disentis/Mustér
3.1,11,prot_no_nat,not_young,2,2,2,0,2,1241,Mittleres Baumholz,Mittleres Baumholz_11,,1407.1,Disentis/Mustér
3.4,12,prot_no_nat,not_young,2,2,2,0,2,1242,Mittleres Baumholz,Mittleres Baumholz_12,,1553.0,Sedrun
1.3,11,prot_no_nat,not_young,2,2,2,0,2,1243,Stangenholz,Stangenholz_11,,1068.7,Disentis/Mustér
1.5,11,prot_no_nat,not_young,2,2,2,0,2,1244,Mittleres Baumholz,Mittleres Baumholz_11,,1533.6,Disentis/Mustér
5.0,8,prot_no_nat,not_young,2,2,2,0,2,1245,Stangenholz,Stangenholz_8,,1660.2,Rueras
5.6,9,prot_no_nat,not_young,2,2,2,0,2,1246,Mittleres Baumholz,Mittleres Baumholz_9,,1903.2,Cavardiras
2.0,11,prot_no_nat,not_young,1,2,2,0,2,1247,Schwaches Baumholz,Schwaches Baumholz_11,,989.2,Disentis/Mustér
2.9,12,prot_no_nat,not_young,2,2,2,0,2,1248,Mittleres Baumholz,Mittleres Baumholz_12,,1582.2,Segnas
2.5,8,prot_no_nat,not_young,2,2,2,0,2,1249,Mittleres Baumholz,Mittleres Baumholz_8,,1516.3,Rueras
1.5,12,prot_no_nat,not_young,2,2,2,0,2,1250,Stangenholz,Stangenholz_12,,1602.4,Platta
4.1,12,prot_no_nat,not_young,2,2,2,0,2,1251,Stangenholz,Stangenholz_12,,1552.9,Platta
2.9,12,prot_no_nat,not_young,2,2,2,0,2,1252,Mittleres Baumholz,Mittleres Baumholz_12,,1487.6,Disentis/Mustér
2.2,11,prot_no_nat,not_young,2,2,2,0,2,1253,Starkes Baumholz,Starkes Baumholz_11,,1521.7,Disentis/Mustér
4.4,12,prot_no_nat,not_young,2,2,2,0,2,1254,Schwaches Baumholz,Schwaches Baumholz_12,,1507.3,Platta
1.8,12,prot_no_nat,not_young,2,2,2,0,2,1255,Mittleres Baumholz,Mittleres Baumholz_12,,1529.3,Sedrun
0.8,11,prot_no_nat,not_young,2,2,2,0,2,1256,Stangenholz,Stangenholz_11,,1346.0,Segnas
5.4,12,prot_no_nat,not_young,2,2,2,0,2,1257,Mittleres Baumholz,Mittleres Baumholz_12,,1556.2,Segnas
3.3,12,prot_no_nat,not_young,2,2,2,0,2,1258,Mittleres Baumholz,Mittleres Baumholz_12,,1648.7,Platta
3.9,8,prot_no_nat,not_young,2,2,2,0,2,1259,Starkes Baumholz,Starkes Baumholz_8,,1684.8,Sedrun
1.2,12,prot_no_nat,not_young,2,2,2,0,2,1260,Mittleres Baumholz,Mittleres Baumholz_12,,1237.1,Mumpé Medel
5.1,8,prot_no_nat,not_young,2,2,2,0,2,1261,Starkes Baumholz,Starkes Baumholz_8,,1699.9,Sedrun
2.8,11,prot_no_nat,not_young,2,2,2,0,2,1262,Mittleres Baumholz,Mittleres Baumholz_11,,1135.5,Disentis/Mustér
1.3,11,prot_no_nat,not_young,2,2,2,0,2,1263,Stangenholz,Stangenholz_11,,1526.3,Cavardiras
2.9,12,prot_no_nat,not_young,2,2,2,0,2,1264,Starkes Baumholz,Starkes Baumholz_12,,1465.5,Curaglia
0.8,11,prot_no_nat,not_young,2,2,2,0,2,1265,Mittleres Baumholz,Mittleres Baumholz_11,,1185.5,Mumpé Medel
6.1,8,prot_no_nat,not_young,2,2,2,0,2,1266,Mittleres Baumholz,Mittleres Baumholz_8,,1657.8,Rueras
6.6,11,prot_no_nat,not_young,2,2,2,0,2,1267,Mittleres Baumholz,Mittleres Baumholz_11,,1478.7,Disentis/Mustér
0.8,11,prot_no_nat,not_young,2,2,2,0,2,1268,Stangenholz,Stangenholz_11,,1255.2,Disentis/Mustér
12.0,8,prot_no_nat,not_young,2,2,2,0,2,1269,Mittleres Baumholz,Mittleres Baumholz_8,,1680.2,Segnas
0.7,11,prot_no_nat,not_young,1,2,2,0,2,1270,Schwaches Baumholz,Schwaches Baumholz_11,,1048.5,Cavardiras
1.5,11,prot_no_nat,not_young,2,2,2,0,2,1271,Stangenholz,Stangenholz_11,,1222.5,Disentis/Mustér
5.9,5,prot_no_nat,not_young,2,2,2,0,2,1272,Schwaches Baumholz,Schwaches Baumholz_5,,1974.9,Platta
5.6,8,prot_no_nat,not_young,2,2,2,0,2,1273,Stangenholz,Stangenholz_8,,1719.9,Rueras
2.0,11,prot_no_nat,not_young,2,2,2,0,2,1274,Mittleres Baumholz,Mittleres Baumholz_11,,1300.0,Disentis/Mustér
4.3,8,prot_no_nat,not_young,2,2,2,0,2,1275,Mittleres Baumholz,Mittleres Baumholz_8,,1742.1,Disentis/Mustér
0.9,8,prot_no_nat,not_young,2,2,2,0,2,1276,Mittleres Baumholz,Mittleres Baumholz_8,,1745.4,Platta
5.6,8,prot_no_nat,not_young,2,2,2,0,2,1277,Mittleres Baumholz,Mittleres Baumholz_8,,1801.5,Sedrun
2.4,8,prot_no_nat,not_young,2,2,2,0,2,1278,Mittleres Baumholz,Mittleres Baumholz_8,,1755.9,Cavardiras
3.4,12,prot_no_nat,not_young,2,2,2,0,2,1279,Schwaches Baumholz,Schwaches Baumholz_12,,1382.3,Sedrun
2.3,11,prot_no_nat,not_young,2,2,2,0,2,1280,Starkes Baumholz,Starkes Baumholz_11,,1276.2,Disentis/Mustér
1.5,11,prot_no_nat,not_young,2,2,2,0,2,1281,Stangenholz,Stangenholz_11,,1496.9,Cavardiras
6.8,11,prot_no_nat,not_young,2,2,2,0,2,1282,Mittleres Baumholz,Mittleres Baumholz_11,,1484.1,Disentis/Mustér
3.2,5,prot_no_nat,not_young,2,2,2,0,2,1283,Mittleres Baumholz,Mittleres Baumholz_5,,1940.6,Disentis/Mustér
1.2,11,prot_no_nat,not_young,2,2,2,0,2,1284,Stangenholz,Stangenholz_11,,1280.1,Cavardiras
2.0,8,prot_no_nat,not_young,2,2,2,0,2,1285,Mittleres Baumholz,Mittleres Baumholz_8,,1619.2,Disentis/Mustér
0.8,11,prot_no_nat,not_young,2,2,2,0,2,1286,Stangenholz,Stangenholz_11,,1520.3,Cavardiras
0.5,12,prot_no_nat,not_young,2,2,2,0,2,1287,Stangenholz,Stangenholz_12,,1202.1,Mumpé Medel
8.2,11,prot_no_nat,not_young,2,2,2,0,2,1288,Schwaches Baumholz,Schwaches Baumholz_11,,1163.1,Cavardiras
5.4,8,prot_no_nat,not_young,2,2,2,0,2,1289,Mittleres Baumholz,Mittleres Baumholz_8,,1720.4,Cavardiras
1.2,11,prot_no_nat,not_young,2,2,2,0,2,1290,Schwaches Baumholz,Schwaches Baumholz_11,,1430.1,Disentis/Mustér
1.6,11,prot_no_nat,not_young,2,2,2,0,2,1291,Mittleres Baumholz,Mittleres Baumholz_11,,1204.2,Cavardiras
2.3,11,prot_no_nat,not_young,2,2,2,0,2,1292,Mittleres Baumholz,Mittleres Baumholz_11,,1112.3,Disentis/Mustér
0.7,11,prot_no_nat,not_young,1,2,2,0,2,1293,Stangenholz,Stangenholz_11,,969.8,Cavardiras
1.6,11,prot_no_nat,not_young,2,2,2,0,2,1294,Stangenholz,Stangenholz_11,,1013.9,Cavardiras
2.9,11,prot_no_nat,not_young,2,2,2,0,2,1295,Mittleres Baumholz,Mittleres Baumholz_11,,1520.2,Segnas
6.3,12,prot_no_nat,not_young,2,2,2,0,2,1296,Starkes Baumholz,Starkes Baumholz_12,,1466.7,Sedrun
1.7,11,prot_no_nat,not_young,2,2,2,0,2,1297,Stangenholz,Stangenholz_11,,1458.5,Segnas
2.3,8,prot_no_nat,not_young,2,2,2,0,2,1298,Starkes Baumholz,Starkes Baumholz_8,,1774.4,Platta
0.5,12,prot_no_nat,not_young,2,2,2,0,2,1299,Stangenholz,Stangenholz_12,,1598.2,Segnas
2.5,8,prot_no_nat,not_young,2,2,2,0,2,1300,Starkes Baumholz,Starkes Baumholz_8,,1588.6,Sedrun
1.3,8,prot_no_nat,not_young,2,2,2,0,2,1301,Stangenholz,Stangenholz_8,,1736.4,Rueras
0.6,12,prot_no_nat,not_young,2,2,2,0,2,1302,Schwaches Baumholz,Schwaches Baumholz_12,,1358.0,Sedrun
5.3,8,prot_no_nat,not_young,2,2,2,0,2,1303,Starkes Baumholz,Starkes Baumholz_8,,1732.7,Rueras
2.0,11,prot_no_nat,not_young,2,2,2,0,2,1304,Stangenholz,Stangenholz_11,,1510.0,Curaglia
1.9,11,prot_no_nat,not_young,2,2,2,0,2,1305,Stangenholz,Stangenholz_11,,1265.4,Disentis/Mustér
1.2,11,prot_no_nat,not_young,2,2,2,0,2,1306,Mittleres Baumholz,Mittleres Baumholz_11,,1541.1,Curaglia
3.0,8,prot_no_nat,not_young,2,2,2,0,2,1307,Starkes Baumholz,Starkes Baumholz_8,,1799.4,Sedrun
0.5,8,prot_no_nat,not_young,2,2,2,0,2,1308,Mittleres Baumholz,Mittleres Baumholz_8,,1779.2,Curaglia
2.1,12,prot_no_nat,not_young,2,2,2,0,2,1309,Mittleres Baumholz,Mittleres Baumholz_12,,1536.3,Sedrun
9.5,8,prot_no_nat,not_young,2,2,2,0,2,1310,Mittleres Baumholz,Mittleres Baumholz_8,,1685.5,Sedrun
3.2,11,prot_no_nat,not_young,2,2,2,0,2,1311,Stangenholz,Stangenholz_11,,1070.9,Cavardiras
2.9,12,prot_no_nat,not_young,2,2,2,0,2,1312,Mittleres Baumholz,Mittleres Baumholz_12,,1455.8,Disentis/Mustér
1.1,12,prot_no_nat,not_young,2,2,2,0,2,1313,Starkes Baumholz,Starkes Baumholz_12,,1416.8,Sedrun
0.6,12,prot_no_nat,not_young,2,2,2,0,2,1314,Schwaches Baumholz,Schwaches Baumholz_12,,1585.5,Curaglia
5.3,8,prot_no_nat,not_young,2,2,2,0,2,1315,Mittleres Baumholz,Mittleres Baumholz_8,,1662.1,Cavardiras
1.7,11,prot_no_nat,not_young,2,2,2,0,2,1316,Stangenholz,Stangenholz_11,,1193.5,Disentis/Mustér
0.9,11,prot_no_nat,not_young,2,2,2,0,2,1317,Stangenholz,Stangenholz_11,,1097.9,Cavardiras
1.1,8,prot_no_nat,not_young,2,2,2,0,2,1318,Stangenholz,Stangenholz_8,,1718.3,Rueras
3.7,11,prot_no_nat,not_young,2,2,2,0,2,1319,Mittleres Baumholz,Mittleres Baumholz_11,,1179.2,Disentis/Mustér
0.9,8,prot_no_nat,not_young,2,2,2,0,2,1320,Schwaches Baumholz,Schwaches Baumholz_8,,1692.6,Platta
1.8,11,prot_no_nat,not_young,2,2,2,0,2,1321,Mittleres Baumholz,Mittleres Baumholz_11,,1296.2,Cavardiras
1.7,8,prot_no_nat,not_young,2,2,2,0,2,1322,Mittleres Baumholz,Mittleres Baumholz_8,,1742.1,Platta
2.8,11,prot_no_nat,not_young,2,2,2,0,2,1323,Starkes Baumholz,Starkes Baumholz_11,,1468.2,Disentis/Mustér
2.4,11,prot_no_nat,not_young,2,2,2,0,2,1324,Stangenholz,Stangenholz_11,,1253.7,Disentis/Mustér
2.0,8,prot_no_nat,not_young,2,2,2,0,2,1325,Starkes Baumholz,Starkes Baumholz_8,,1667.0,Cavardiras
1.8,11,prot_no_nat,not_young,2,2,2,0,2,1326,Mittleres Baumholz,Mittleres Baumholz_11,,1629.0,Disentis/Mustér
2.3,11,prot_no_nat,not_young,2,2,2,0,2,1327,Stangenholz,Stangenholz_11,,1211.9,Cavardiras
2.2,12,prot_no_nat,not_young,2,2,2,0,2,1328,Mittleres Baumholz,Mittleres Baumholz_12,,1684.9,Curaglia
1.0,8,prot_no_nat,not_young,2,2,2,0,2,1329,Mittleres Baumholz,Mittleres Baumholz_8,,1901.2,Curaglia
4.8,12,prot_no_nat,not_young,2,2,2,0,2,1330,Mittleres Baumholz,Mittleres Baumholz_12,,1556.7,Disentis/Mustér
3.6,8,prot_no_nat,not_young,2,2,2,0,2,1331,Mittleres Baumholz,Mittleres Baumholz_8,,1787.3,Platta
1.0,12,prot_no_nat,not_young,2,2,2,0,2,1332,Stangenholz,Stangenholz_12,,1626.7,Segnas
6.5,11,prot_no_nat,not_young,2,2,2,0,2,1333,Mittleres Baumholz,Mittleres Baumholz_11,,1581.5,Disentis/Mustér
2.0,8,prot_no_nat,not_young,2,2,2,0,2,1334,Stangenholz,Stangenholz_8,,1578.1,Sedrun
1.1,12,prot_no_nat,not_young,2,2,2,0,2,1335,Mittleres Baumholz,Mittleres Baumholz_12,,1509.2,Platta
3.6,8,prot_no_nat,not_young,2,2,2,0,2,1336,Mittleres Baumholz,Mittleres Baumholz_8,,1745.6,Sedrun
3.5,11,prot_no_nat,not_young,2,2,2,0,2,1337,Mittleres Baumholz,Mittleres Baumholz_11,,1332.4,Disentis/Mustér
1.7,12,prot_no_nat,not_young,2,2,2,0,2,1338,Stangenholz,Stangenholz_12,,1640.0,Platta
3.0,11,prot_no_nat,not_young,2,2,2,0,2,1339,Starkes Baumholz,Starkes Baumholz_11,,1524.4,Disentis/Mustér
1.5,11,prot_no_nat,not_young,2,2,2,0,2,1340,Starkes Baumholz,Starkes Baumholz_11,,1223.9,Disentis/Mustér
1.5,11,prot_no_nat,not_young,2,2,2,0,2,1341,Stangenholz,Stangenholz_11,,1300.4,Disentis/Mustér
1.1,11,prot_no_nat,not_young,2,2,2,0,2,1342,Mittleres Baumholz,Mittleres Baumholz_11,,1440.0,Disentis/Mustér
1.8,12,prot_no_nat,not_young,2,2,2,0,2,1343,Stangenholz,Stangenholz_12,,1575.3,Platta
1.6,12,prot_no_nat,not_young,2,2,2,0,2,1344,Mittleres Baumholz,Mittleres Baumholz_12,,1577.1,Sedrun
1.9,12,prot_no_nat,not_young,2,2,2,0,2,1345,Mittleres Baumholz,Mittleres Baumholz_12,,1414.7,Sedrun
1.0,11,prot_no_nat,not_young,2,2,2,0,2,1346,Mittleres Baumholz,Mittleres Baumholz_11,,1095.3,Disentis/Mustér
2.3,8,prot_no_nat,not_young,2,2,2,0,2,1347,Mittleres Baumholz,Mittleres Baumholz_8,,1773.2,Sedrun
1.3,12,prot_no_nat,not_young,2,2,2,0,2,1348,Schwaches Baumholz,Schwaches Baumholz_12,,1414.0,Sedrun
1.2,12,prot_no_nat,not_young,2,2,2,0,2,1349,Stangenholz,Stangenholz_12,,1411.0,Sedrun
1.8,11,prot_no_nat,not_young,2,2,2,0,2,1350,Stangenholz,Stangenholz_11,,1225.7,Disentis/Mustér
2.0,12,prot_no_nat,not_young,2,2,2,0,2,1351,Mittleres Baumholz,Mittleres Baumholz_12,,1701.2,Curaglia
9.6,8,prot_no_nat,not_young,2,2,2,0,2,1352,Mittleres Baumholz,Mittleres Baumholz_8,,1677.4,Disentis/Mustér
4.9,11,prot_no_nat,not_young,2,2,2,0,2,1353,Stangenholz,Stangenholz_11,,1486.9,Curaglia
2.1,12,prot_no_nat,not_young,2,2,2,0,2,1354,Schwaches Baumholz,Schwaches Baumholz_12,,1578.0,Platta
0.6,11,prot_no_nat,not_young,2,2,2,0,2,1355,Stangenholz,Stangenholz_11,,1402.2,Disentis/Mustér
1.1,11,prot_no_nat,not_young,2,2,2,0,2,1356,Mittleres Baumholz,Mittleres Baumholz_11,,1446.7,Disentis/Mustér
4.9,12,prot_no_nat,not_young,2,2,2,0,2,1357,Mittleres Baumholz,Mittleres Baumholz_12,,1643.0,Disentis/Mustér
1.0,11,prot_no_nat,not_young,2,2,2,0,2,1358,Mittleres Baumholz,Mittleres Baumholz_11,,1210.2,Mumpé Medel
2.1,12,prot_no_nat,not_young,2,2,2,0,2,1359,Stangenholz,Stangenholz_12,,1476.5,Platta
3.5,11,prot_no_nat,not_young,2,2,2,0,2,1360,Mittleres Baumholz,Mittleres Baumholz_11,,1253.8,Disentis/Mustér
3.4,12,prot_no_nat,not_young,2,2,2,0,2,1361,Stangenholz,Stangenholz_12,,1437.5,Curaglia
22.1,8,res_prot,not_young,1,1,1,0,1,1362,Mittleres Baumholz,Mittleres Baumholz_8,,1672.7,Sedrun
1.6,8,prot_no_nat,not_young,2,2,2,0,2,1363,Mittleres Baumholz,Mittleres Baumholz_8,,1913.1,Platta
1.3,11,prot_no_nat,not_young,2,2,2,0,2,1364,Mittleres Baumholz,Mittleres Baumholz_11,,962.8,Disentis/Mustér
3.7,12,prot_no_nat,not_young,2,2,2,0,2,1365,Schwaches Baumholz,Schwaches Baumholz_12,,1644.6,Disentis/Mustér
1.8,11,prot_no_nat,not_young,2,2,2,0,2,1366,Mittleres Baumholz,Mittleres Baumholz_11,,1471.9,Disentis/Mustér
1.7,12,prot_no_nat,not_young,2,2,2,0,2,1367,Stangenholz,Stangenholz_12,,1519.0,Platta
1.2,11,prot_no_nat,not_young,2,2,2,0,2,1368,Stangenholz,Stangenholz_11,,1425.1,Disentis/Mustér
1.6,12,prot_no_nat,not_young,2,2,2,0,2,1369,Mittleres Baumholz,Mittleres Baumholz_12,,1437.2,Disentis/Mustér
5.6,8,prot_no_nat,not_young,2,2,2,0,2,1370,Starkes Baumholz,Starkes Baumholz_8,,1821.1,Platta
5.0,8,prot_no_nat,not_young,2,2,2,0,2,1371,Stangenholz,Stangenholz_8,,1674.4,Platta
2.4,8,prot_no_nat,not_young,2,2,2,0,2,1372,Stangenholz,Stangenholz_8,,1810.6,Platta
2.7,11,prot_no_nat,not_young,2,2,2,0,2,1373,Starkes Baumholz,Starkes Baumholz_11,,1148.7,Cavardiras
11.2,12,prot_no_nat,not_young,2,2,2,0,2,1374,Schwaches Baumholz,Schwaches Baumholz_12,,1406.5,Sedrun
1.6,8,prot_no_nat,not_young,2,2,2,0,2,1375,Mittleres Baumholz,Mittleres Baumholz_8,,1748.5,Disentis/Mustér
3.6,8,prot_no_nat,not_young,2,2,2,0,2,1376,Mittleres Baumholz,Mittleres Baumholz_8,,1729.4,Platta
1.2,12,prot_no_nat,not_young,2,2,2,0,2,1377,Mittleres Baumholz,Mittleres Baumholz_12,,1391.7,Disentis/Mustér
0.6,8,prot_no_nat,not_young,2,2,2,0,2,1378,Stangenholz,Stangenholz_8,,1839.5,Curaglia
1.2,12,prot_no_nat,not_young,2,2,2,0,2,1379,Stangenholz,Stangenholz_12,,1616.8,Platta
1.9,8,prot_no_nat,not_young,2,2,2,0,2,1380,Mittleres Baumholz,Mittleres Baumholz_8,,1734.2,Platta
1.1,12,prot_no_nat,not_young,2,2,2,0,2,1381,Schwaches Baumholz,Schwaches Baumholz_12,,1476.5,Platta
2.6,8,prot_no_nat,not_young,2,2,2,0,2,1382,Mittleres Baumholz,Mittleres Baumholz_8,,1797.6,Platta
2.7,11,prot_no_nat,not_young,2,2,2,0,2,1383,Mittleres Baumholz,Mittleres Baumholz_11,,1282.3,Disentis/Mustér
2.2,11,prot_no_nat,not_young,2,2,2,0,2,1384,Starkes Baumholz,Starkes Baumholz_11,,1574.6,Disentis/Mustér
0.8,12,prot_no_nat,not_young,2,2,2,0,2,1385,Stangenholz,Stangenholz_12,,1362.6,Mumpé Medel
2.4,12,prot_no_nat,not_young,2,2,2,0,2,1386,Mittleres Baumholz,Mittleres Baumholz_12,,1519.4,Segnas
2.8,12,prot_no_nat,not_young,2,2,2,0,2,1387,Stangenholz,Stangenholz_12,,1380.4,Platta
10.7,8,prot_no_nat,not_young,2,2,2,0,2,1388,Stangenholz,Stangenholz_8,,1768.9,Rueras
1.7,8,prot_no_nat,not_young,2,2,2,0,2,1389,Mittleres Baumholz,Mittleres Baumholz_8,,1681.5,Disentis/Mustér
3.9,12,prot_no_nat,not_young,2,2,2,0,2,1390,Stangenholz,Stangenholz_12,,1575.4,Platta
2.2,11,prot_no_nat,not_young,2,2,2,0,2,1391,Mittleres Baumholz,Mittleres Baumholz_11,,1435.3,Disentis/Mustér
2.6,11,prot_no_nat,not_young,1,2,2,0,2,1392,Stangenholz,Stangenholz_11,,980.8,Disentis/Mustér
3.0,8,prot_no_nat,not_young,2,2,2,0,2,1393,Mittleres Baumholz,Mittleres Baumholz_8,,1685.0,Platta
5.9,8,prot_no_nat,not_young,2,2,2,0,2,1394,Mittleres Baumholz,Mittleres Baumholz_8,,1704.9,Disentis/Mustér
2.5,8,prot_no_nat,not_young,2,2,2,0,2,1395,Mittleres Baumholz,Mittleres Baumholz_8,,1904.6,Disentis/Mustér
5.0,8,prot_no_nat,not_young,2,2,2,0,2,1396,Mittleres Baumholz,Mittleres Baumholz_8,,1648.9,Cavardiras
1.2,11,prot_no_nat,not_young,2,2,2,0,2,1397,Stangenholz,Stangenholz_11,,1057.7,Disentis/Mustér
1.2,11,prot_no_nat,not_young,2,2,2,0,2,1398,Schwaches Baumholz,Schwaches Baumholz_11,,1449.3,Disentis/Mustér
0.9,11,prot_no_nat,not_young,2,2,2,0,2,1399,Stangenholz,Stangenholz_11,,1133.5,Cavardiras
1.7,11,prot_no_nat,not_young,2,2,2,0,2,1400,Stangenholz,Stangenholz_11,,1076.7,Mumpé Medel
15.3,11,prot_no_nat,not_young,2,2,2,0,2,1401,Mittleres Baumholz,Mittleres Baumholz_11,,1611.1,Disentis/Mustér
1.3,8,prot_no_nat,not_young,2,2,2,0,2,1402,Mittleres Baumholz,Mittleres Baumholz_8,,1796.0,Disentis/Mustér
2.4,11,prot_no_nat,not_young,2,2,2,0,2,1403,Mittleres Baumholz,Mittleres Baumholz_11,,1140.1,Disentis/Mustér
5.0,8,prot_no_nat,not_young,2,2,2,0,2,1404,Mittleres Baumholz,Mittleres Baumholz_8,,1719.8,Rueras
2.6,8,prot_no_nat,not_young,2,2,2,0,2,1405,Mittleres Baumholz,Mittleres Baumholz_8,,1759.1,Segnas
1.2,8,prot_no_nat,not_young,2,2,2,0,2,1406,Mittleres Baumholz,Mittleres Baumholz_8,,1657.2,Platta
11.3,8,prot_no_nat,not_young,2,2,2,0,2,1407,Schwaches Baumholz,Schwaches Baumholz_8,,1919.1,Platta
2.6,12,prot_no_nat,not_young,2,2,2,0,2,1408,Stangenholz,Stangenholz_12,,1524.6,Platta
4.0,11,prot_no_nat,not_young,2,2,2,0,2,1409,Mittleres Baumholz,Mittleres Baumholz_11,,1200.4,Disentis/Mustér
2.7,8,prot_no_nat,not_young,2,2,2,0,2,1410,Stangenholz,Stangenholz_8,,1686.5,Rueras
8.8,8,prot_no_nat,not_young,2,2,2,0,2,1411,Mittleres Baumholz,Mittleres Baumholz_8,,1736.6,Disentis/Mustér
3.6,11,prot_no_nat,not_young,2,2,2,0,2,1412,Mittleres Baumholz,Mittleres Baumholz_11,,1182.5,Disentis/Mustér
1.6,8,prot_no_nat,not_young,2,2,2,0,2,1413,Mittleres Baumholz,Mittleres Baumholz_8,,1591.1,Sedrun
2.0,11,prot_no_nat,not_young,2,2,2,0,2,1414,Schwaches Baumholz,Schwaches Baumholz_11,,1387.2,Disentis/Mustér
1.6,11,prot_no_nat,not_young,1,2,2,0,2,1415,Stangenholz,Stangenholz_11,,989.5,Disentis/Mustér
0.5,11,prot_no_nat,not_young,2,2,2,0,2,1416,Stangenholz,Stangenholz_11,,1443.3,Segnas
3.3,12,prot_no_nat,not_young,2,2,2,0,2,1417,Mittleres Baumholz,Mittleres Baumholz_12,,1483.9,Curaglia
0.9,11,prot_no_nat,not_young,2,2,2,0,2,1418,Stangenholz,Stangenholz_11,,1171.0,Disentis/Mustér
4.7,8,prot_no_nat,not_young,2,2,2,0,2,1419,Mittleres Baumholz,Mittleres Baumholz_8,,1676.2,Platta
2.1,8,prot_no_nat,not_young,2,2,2,0,2,1420,Stangenholz,Stangenholz_8,,1939.7,Curaglia
2.2,8,prot_no_nat,not_young,2,2,2,0,2,1421,Starkes Baumholz,Starkes Baumholz_8,,1625.5,Rueras
9.1,8,prot_no_nat,not_young,2,2,2,0,2,1422,Mittleres Baumholz,Mittleres Baumholz_8,,1760.0,Cavardiras
2.6,8,prot_no_nat,not_young,2,2,2,0,2,1423,Mittleres Baumholz,Mittleres Baumholz_8,,1747.8,Disentis/Mustér
3.3,8,prot_no_nat,not_young,2,2,2,0,2,1424,Mittleres Baumholz,Mittleres Baumholz_8,,1898.4,Disentis/Mustér
7.4,5,prot_no_nat,not_young,2,2,2,0,2,1425,Stangenholz,Stangenholz_5,,1853.4,Rueras
2.2,11,prot_no_nat,not_young,2,2,2,0,2,1426,Stangenholz,Stangenholz_11,,1018.8,Disentis/Mustér
1.6,11,prot_no_nat,not_young,2,2,2,0,2,1427,Stangenholz,Stangenholz_11,,1382.9,Cavardiras
3.8,8,prot_no_nat,not_young,2,2,2,0,2,1428,Mittleres Baumholz,Mittleres Baumholz_8,,1794.5,Platta
3.8,8,prot_no_nat,not_young,2,2,2,0,2,1429,Mittleres Baumholz,Mittleres Baumholz_8,,1779.9,Platta
2.2,12,prot_no_nat,not_young,2,2,2,0,2,1430,Stangenholz,Stangenholz_12,,1497.1,Platta
0.5,12,prot_no_nat,not_young,2,2,2,0,2,1431,Stangenholz,Stangenholz_12,,1204.2,Mumpé Medel
1.8,11,prot_no_nat,not_young,2,2,2,0,2,1432,Stangenholz,Stangenholz_11,,1440.4,Cavardiras
1.2,12,prot_no_nat,not_young,2,2,2,0,2,1433,Mittleres Baumholz,Mittleres Baumholz_12,,1340.3,Mumpé Medel
4.6,8,prot_no_nat,not_young,2,2,2,0,2,1434,Mittleres Baumholz,Mittleres Baumholz_8,,1643.1,Platta
1.5,11,prot_no_nat,not_young,2,2,2,0,2,1435,Mittleres Baumholz,Mittleres Baumholz_11,,1210.4,Disentis/Mustér
1.1,12,prot_no_nat,not_young,2,2,2,0,2,1436,Starkes Baumholz,Starkes Baumholz_12,,1535.5,Platta
1.5,8,prot_no_nat,not_young,2,2,2,0,2,1437,Starkes Baumholz,Starkes Baumholz_8,,1748.4,Platta
1.4,8,prot_no_nat,not_young,2,2,2,0,2,1438,Stangenholz,Stangenholz_8,,1787.0,Disentis/Mustér
4.4,12,prot_no_nat,not_young,2,2,2,0,2,1439,Mittleres Baumholz,Mittleres Baumholz_12,,1725.3,Platta
2.5,12,prot_no_nat,not_young,2,2,2,0,2,1440,Mittleres Baumholz,Mittleres Baumholz_12,,1469.6,Segnas
3.4,12,prot_no_nat,not_young,2,2,2,0,2,1441,Starkes Baumholz,Starkes Baumholz_12,,1445.9,Curaglia
1.8,11,prot_no_nat,not_young,2,2,2,0,2,1442,Stangenholz,Stangenholz_11,,1456.6,Disentis/Mustér
6.9,8,prot_no_nat,not_young,2,2,2,0,2,1443,Mittleres Baumholz,Mittleres Baumholz_8,,1754.1,Disentis/Mustér
1.9,8,prot_no_nat,not_young,2,2,2,0,2,1444,Stangenholz,Stangenholz_8,,1686.1,Rueras
4.8,8,prot_no_nat,not_young,2,2,2,0,2,1445,Starkes Baumholz,Starkes Baumholz_8,,1722.8,Sedrun
3.1,11,prot_no_nat,not_young,2,2,2,0,2,1446,Mittleres Baumholz,Mittleres Baumholz_11,,1107.5,Disentis/Mustér
8.8,8,prot_no_nat,not_young,2,2,2,0,2,1447,Mittleres Baumholz,Mittleres Baumholz_8,,1635.1,Platta
1.5,8,prot_no_nat,not_young,2,2,2,0,2,1448,Mittleres Baumholz,Mittleres Baumholz_8,,1723.9,Platta
4.1,11,prot_no_nat,not_young,2,2,2,0,2,1449,Mittleres Baumholz,Mittleres Baumholz_11,,1256.2,Disentis/Mustér
2.3,8,prot_no_nat,not_young,2,2,2,0,2,1450,Mittleres Baumholz,Mittleres Baumholz_8,,1475.9,Sedrun
1.8,8,prot_no_nat,not_young,2,2,2,0,2,1451,Stangenholz,Stangenholz_8,,1774.8,Rueras
7.4,8,prot_no_nat,not_young,2,2,2,0,2,1452,Stangenholz,Stangenholz_8,,1607.3,Rueras
4.5,8,prot_no_nat,not_young,2,2,2,0,2,1453,Schwaches Baumholz,Schwaches Baumholz_8,,1684.6,Sedrun
1.2,11,prot_no_nat,not_young,2,2,2,0,2,1454,Mittleres Baumholz,Mittleres Baumholz_11,,1187.4,Disentis/Mustér
3.0,8,prot_no_nat,not_young,2,2,2,0,2,1455,Starkes Baumholz,Starkes Baumholz_8,,1477.9,Sedrun
1.8,11,prot_no_nat,not_young,2,2,2,0,2,1456,Mittleres Baumholz,Mittleres Baumholz_11,,1439.2,Cavardiras
3.9,11,prot_no_nat,not_young,2,2,2,0,2,1457,Schwaches Baumholz,Schwaches Baumholz_11,,1178.6,Mumpé Medel
1.6,12,prot_no_nat,not_young,2,2,2,0,2,1458,Stangenholz,Stangenholz_12,,1494.6,Segnas
1.2,11,prot_no_nat,not_young,2,2,2,0,2,1459,Stangenholz,Stangenholz_11,,1299.8,Disentis/Mustér
2.6,11,prot_no_nat,not_young,2,2,2,0,2,1460,Mittleres Baumholz,Mittleres Baumholz_11,,1239.5,Mumpé Medel
10.1,8,prot_no_nat,not_young,2,2,2,0,2,1461,Mittleres Baumholz,Mittleres Baumholz_8,,1722.5,Sedrun
8.2,8,prot_no_nat,not_young,2,2,2,0,2,1462,Stangenholz,Stangenholz_8,,1709.4,Rueras
1.3,11,prot_no_nat,not_young,2,2,2,0,2,1463,Starkes Baumholz,Starkes Baumholz_11,,1484.2,Cavardiras
2.1,12,prot_no_nat,not_young,2,2,2,0,2,1464,Stangenholz,Stangenholz_12,,1631.1,Curaglia
6.3,8,prot_no_nat,not_young,2,2,2,0,2,1465,Schwaches Baumholz,Schwaches Baumholz_8,,1690.2,Disentis/Mustér
1.0,11,prot_no_nat,not_young,2,2,2,0,2,1466,Mittleres Baumholz,Mittleres Baumholz_11,,1390.6,Segnas
3.4,8,prot_no_nat,not_young,2,2,2,0,2,1467,Mittleres Baumholz,Mittleres Baumholz_8,,1702.5,Sedrun
4.0,11,prot_no_nat,not_young,2,2,2,0,2,1468,Mittleres Baumholz,Mittleres Baumholz_11,,1218.2,Disentis/Mustér
3.5,12,prot_no_nat,not_young,2,2,2,0,2,1469,Stangenholz,Stangenholz_12,,1570.7,Curaglia
2.6,11,prot_no_nat,not_young,2,2,2,0,2,1470,Mittleres Baumholz,Mittleres Baumholz_11,,1480.0,Segnas
1.1,12,prot_no_nat,not_young,2,2,2,0,2,1471,Stangenholz,Stangenholz_12,,1419.1,Sedrun
3.4,12,prot_no_nat,not_young,2,2,2,0,2,1472,Stangenholz,Stangenholz_12,,1568.2,Sedrun
3.1,11,prot_no_nat,not_young,1,2,2,0,2,1473,Schwaches Baumholz,Schwaches Baumholz_11,,974.2,Disentis/Mustér
1.3,11,prot_no_nat,not_young,2,2,2,0,2,1474,Schwaches Baumholz,Schwaches Baumholz_11,,1275.0,Disentis/Mustér
0.8,12,prot_no_nat,not_young,2,2,2,0,2,1475,Mittleres Baumholz,Mittleres Baumholz_12,,1530.5,Platta
2.1,11,prot_no_nat,not_young,2,2,2,0,2,1476,Mittleres Baumholz,Mittleres Baumholz_11,,1361.4,Disentis/Mustér
1.5,11,prot_no_nat,not_young,1,2,2,0,2,1477,Mittleres Baumholz,Mittleres Baumholz_11,,969.6,Cavardiras
4.0,8,prot_no_nat,not_young,2,2,2,0,2,1478,Mittleres Baumholz,Mittleres Baumholz_8,,1822.5,Disentis/Mustér
1.6,8,prot_no_nat,not_young,2,2,2,0,2,1479,Schwaches Baumholz,Schwaches Baumholz_8,,1462.5,Sedrun
2.6,8,prot_no_nat,not_young,2,2,2,0,2,1480,Mittleres Baumholz,Mittleres Baumholz_8,,1760.1,Platta
1.5,11,prot_no_nat,not_young,2,2,2,0,2,1481,Mittleres Baumholz,Mittleres Baumholz_11,,1098.3,Disentis/Mustér
2.8,12,prot_no_nat,not_young,2,2,2,0,2,1482,Stangenholz,Stangenholz_12,,1573.3,Platta
4.6,8,prot_no_nat,not_young,2,2,2,0,2,1483,Starkes Baumholz,Starkes Baumholz_8,,1746.2,Platta
2.6,8,prot_no_nat,not_young,2,2,2,0,2,1484,Schwaches Baumholz,Schwaches Baumholz_8,,1753.0,Platta
3.6,8,prot_no_nat,not_young,2,2,2,0,2,1485,Stangenholz,Stangenholz_8,,1596.4,Segnas
4.1,8,prot_no_nat,not_young,2,2,2,0,2,1486,Starkes Baumholz,Starkes Baumholz_8,,1833.8,Platta
0.7,8,prot_no_nat,not_young,2,2,2,0,2,1487,Mittleres Baumholz,Mittleres Baumholz_8,,1903.4,Sedrun
1.4,11,prot_no_nat,not_young,2,2,2,0,2,1488,Starkes Baumholz,Starkes Baumholz_11,,1178.1,Cavardiras
0.7,11,prot_no_nat,not_young,1,2,2,0,2,1489,Stangenholz,Stangenholz_11,,966.3,Disentis/Mustér
11.5,8,prot_no_nat,not_young,2,2,2,0,2,1490,Mittleres Baumholz,Mittleres Baumholz_8,,1674.3,Disentis/Mustér
0.8,11,prot_no_nat,not_young,2,2,2,0,2,1491,Stangenholz,Stangenholz_11,,1447.7,Disentis/Mustér
0.7,8,res_prot,not_young,1,1,1,0,1,1492,Stangenholz,Stangenholz_8,,1865.4,Sedrun
1.8,12,prot_no_nat,not_young,2,2,2,0,2,1493,Schwaches Baumholz,Schwaches Baumholz_12,,1215.2,Mumpé Medel
10.8,8,prot_no_nat,not_young,2,2,2,0,2,1494,Stangenholz,Stangenholz_8,,1785.9,Rueras
1.6,8,prot_no_nat,not_young,2,2,2,0,2,1495,Starkes Baumholz,Starkes Baumholz_8,,1691.6,Curaglia
1.5,11,prot_no_nat,not_young,2,2,2,0,2,1496,Stangenholz,Stangenholz_11,,1325.3,Mumpé Medel
1.3,11,prot_no_nat,not_young,2,2,2,0,2,1497,Stangenholz,Stangenholz_11,,1131.0,Disentis/Mustér
3.2,11,prot_no_nat,not_young,2,2,2,0,2,1498,Starkes Baumholz,Starkes Baumholz_11,,1529.8,Disentis/Mustér
10.2,8,prot_no_nat,not_young,2,2,2,0,2,1499,Starkes Baumholz,Starkes Baumholz_8,,1804.9,Sedrun
1.0,5,prot_no_nat,not_young,2,2,2,0,2,1500,Schwaches Baumholz,Schwaches Baumholz_5,,2041.3,Platta
1.0,11,prot_no_nat,not_young,2,2,2,0,2,1501,Mittleres Baumholz,Mittleres Baumholz_11,,1192.9,Mumpé Medel
1.1,8,prot_no_nat,not_young,2,2,2,0,2,1502,Stangenholz,Stangenholz_8,,1622.7,Sedrun
3.3,12,prot_no_nat,not_young,2,2,2,0,2,1503,Mittleres Baumholz,Mittleres Baumholz_12,,1468.6,Segnas
0.8,11,prot_no_nat,not_young,2,2,2,0,2,1504,Stangenholz,Stangenholz_11,,1040.3,Disentis/Mustér
3.9,8,prot_no_nat,not_young,2,2,2,0,2,1505,Starkes Baumholz,Starkes Baumholz_8,,1772.2,Curaglia
3.2,11,prot_no_nat,not_young,2,2,2,0,2,1506,Schwaches Baumholz,Schwaches Baumholz_11,,1338.5,Disentis/Mustér
1.9,8,prot_no_nat,not_young,2,2,2,0,2,1507,Mittleres Baumholz,Mittleres Baumholz_8,,1745.2,Disentis/Mustér
1.6,12,prot_no_nat,not_young,2,2,2,0,2,1508,Mittleres Baumholz,Mittleres Baumholz_12,,1580.6,Disentis/Mustér
0.6,8,prot_no_nat,not_young,2,2,2,0,2,1509,Stangenholz,Stangenholz_8,,1613.7,Sedrun
2.9,8,prot_no_nat,not_young,2,2,2,0,2,1510,Schwaches Baumholz,Schwaches Baumholz_8,,1812.4,Curaglia
2.9,11,prot_no_nat,not_young,2,2,2,0,2,1511,Mittleres Baumholz,Mittleres Baumholz_11,,1184.5,Disentis/Mustér
2.0,8,prot_no_nat,not_young,2,2,2,0,2,1512,Stangenholz,Stangenholz_8,,1747.7,Sedrun
0.5,12,prot_no_nat,not_young,2,2,2,0,2,1513,Stangenholz,Stangenholz_12,,1492.9,Sedrun
2.6,11,prot_no_nat,not_young,2,2,2,0,2,1514,Stangenholz,Stangenholz_11,,1091.2,Cavardiras
6.9,12,prot_no_nat,not_young,2,2,2,0,2,1515,Mittleres Baumholz,Mittleres Baumholz_12,,1466.8,Sedrun
1.5,11,prot_no_nat,not_young,2,2,2,0,2,1516,Stangenholz,Stangenholz_11,,1303.2,Disentis/Mustér
4.6,12,prot_no_nat,not_young,2,2,2,0,2,1517,Mittleres Baumholz,Mittleres Baumholz_12,,1359.9,Sedrun
1.5,12,prot_no_nat,not_young,2,2,2,0,2,1518,Mittleres Baumholz,Mittleres Baumholz_12,,1526.8,Disentis/Mustér
1.3,12,prot_no_nat,not_young,2,2,2,0,2,1519,Schwaches Baumholz,Schwaches Baumholz_12,,1563.3,Curaglia
5.4,11,prot_no_nat,not_young,2,2,2,0,2,1520,Mittleres Baumholz,Mittleres Baumholz_11,,1355.7,Disentis/Mustér
2.2,11,prot_no_nat,not_young,2,2,2,0,2,1521,Mittleres Baumholz,Mittleres Baumholz_11,,1199.3,Disentis/Mustér
4.0,12,prot_no_nat,not_young,2,2,2,0,2,1522,Stangenholz,Stangenholz_12,,1520.2,Platta
2.4,11,prot_no_nat,not_young,2,2,2,0,2,1523,Mittleres Baumholz,Mittleres Baumholz_11,,1517.4,Cavardiras
10.0,8,prot_no_nat,not_young,2,2,2,0,2,1524,Mittleres Baumholz,Mittleres Baumholz_8,,1610.3,Cavardiras
1.5,11,prot_no_nat,not_young,2,2,2,0,2,1525,Mittleres Baumholz,Mittleres Baumholz_11,,1229.9,Disentis/Mustér
3.3,8,prot_no_nat,not_young,2,2,2,0,2,1526,Mittleres Baumholz,Mittleres Baumholz_8,,1678.8,Disentis/Mustér
3.4,8,prot_no_nat,not_young,2,2,2,0,2,1527,Mittleres Baumholz,Mittleres Baumholz_8,,1786.1,Cavardiras
2.8,11,prot_no_nat,not_young,2,2,2,0,2,1528,Mittleres Baumholz,Mittleres Baumholz_11,,1200.9,Disentis/Mustér
1.5,11,prot_no_nat,not_young,2,2,2,0,2,1529,Schwaches Baumholz,Schwaches Baumholz_11,,1206.9,Disentis/Mustér
1.6,8,prot_no_nat,not_young,2,2,2,0,2,1530,Stangenholz,Stangenholz_8,,1784.9,Sedrun
2.0,11,prot_no_nat,not_young,2,2,2,0,2,1531,Schwaches Baumholz,Schwaches Baumholz_11,,1319.7,Disentis/Mustér
2.5,12,prot_no_nat,not_young,2,2,2,0,2,1532,Stangenholz,Stangenholz_12,,1487.6,Platta
2.1,8,prot_no_nat,not_young,2,2,2,0,2,1533,Mittleres Baumholz,Mittleres Baumholz_8,,1777.2,Sedrun
1.1,11,prot_no_nat,not_young,2,2,2,0,2,1534,Stangenholz,Stangenholz_11,,1117.3,Disentis/Mustér
1.1,12,prot_no_nat,not_young,2,2,2,0,2,1535,Mittleres Baumholz,Mittleres Baumholz_12,,1679.0,Platta
1.4,12,prot_no_nat,not_young,2,2,2,0,2,1536,Stangenholz,Stangenholz_12,,1617.9,Platta
1.8,11,prot_no_nat,not_young,2,2,2,0,2,1537,Stangenholz,Stangenholz_11,,1268.9,Cavardiras
4.3,11,prot_no_nat,not_young,2,2,2,0,2,1538,Mittleres Baumholz,Mittleres Baumholz_11,,1186.5,Mumpé Medel
2.9,11,prot_no_nat,not_young,2,2,2,0,2,1539,Mittleres Baumholz,Mittleres Baumholz_11,,1258.3,Disentis/Mustér
6.4,8,prot_no_nat,not_young,2,2,2,0,2,1540,Starkes Baumholz,Starkes Baumholz_8,,1725.7,Platta
2.4,11,prot_no_nat,not_young,1,2,2,0,2,1541,Stangenholz,Stangenholz_11,,979.5,Cavardiras
3.3,12,prot_no_nat,not_young,2,2,2,0,2,1542,Starkes Baumholz,Starkes Baumholz_12,,1473.2,Sedrun
5.4,12,prot_no_nat,not_young,2,2,2,0,2,1543,Starkes Baumholz,Starkes Baumholz_12,,1667.2,Curaglia
0.6,11,prot_no_nat,not_young,2,2,2,0,2,1544,Stangenholz,Stangenholz_11,,1332.1,Disentis/Mustér
3.5,12,prot_no_nat,not_young,2,2,2,0,2,1545,Stangenholz,Stangenholz_12,,1474.4,Curaglia
3.5,11,prot_no_nat,not_young,2,2,2,0,2,1546,Mittleres Baumholz,Mittleres Baumholz_11,,1523.8,Cavardiras
4.9,12,prot_no_nat,not_young,2,2,2,0,2,1547,Starkes Baumholz,Starkes Baumholz_12,,1459.2,Curaglia
2.4,11,prot_no_nat,not_young,2,2,2,0,2,1548,Mittleres Baumholz,Mittleres Baumholz_11,,1336.4,Disentis/Mustér
1.1,8,prot_no_nat,not_young,2,2,2,0,2,1549,Stangenholz,Stangenholz_8,,1737.3,Curaglia
3.2,12,prot_no_nat,not_young,2,2,2,0,2,1550,Schwaches Baumholz,Schwaches Baumholz_12,,1370.9,Platta
7.2,8,prot_no_nat,not_young,2,2,2,0,2,1551,Mittleres Baumholz,Mittleres Baumholz_8,,1519.6,Sedrun
2.4,11,prot_no_nat,not_young,2,2,2,0,2,1552,Stangenholz,Stangenholz_11,,1525.0,Cavardiras
5.7,12,prot_no_nat,not_young,2,2,2,0,2,1553,Stangenholz,Stangenholz_12,,1354.5,Curaglia
3.4,11,prot_no_nat,not_young,2,2,2,0,2,1554,Starkes Baumholz,Starkes Baumholz_11,,1344.6,Disentis/Mustér
2.2,12,prot_no_nat,not_young,2,2,2,0,2,1555,Starkes Baumholz,Starkes Baumholz_12,,1336.6,Curaglia
3.2,8,prot_no_nat,not_young,2,2,2,0,2,1556,Mittleres Baumholz,Mittleres Baumholz_8,,1742.8,Disentis/Mustér
1.4,12,prot_no_nat,not_young,2,2,2,0,2,1557,Stangenholz,Stangenholz_12,,1627.1,Curaglia
3.9,11,prot_no_nat,not_young,2,2,2,0,2,1558,Mittleres Baumholz,Mittleres Baumholz_11,,1429.1,Disentis/Mustér
4.2,11,prot_no_nat,not_young,2,2,2,0,2,1559,Mittleres Baumholz,Mittleres Baumholz_11,,1392.4,Disentis/Mustér
2.1,12,prot_no_nat,not_young,2,2,2,0,2,1560,Stangenholz,Stangenholz_12,,1317.3,Platta
1.0,11,prot_no_nat,not_young,2,2,2,0,2,1561,Schwaches Baumholz,Schwaches Baumholz_11,,1237.7,Disentis/Mustér
8.1,8,prot_no_nat,not_young,2,2,2,0,2,1562,Stangenholz,Stangenholz_8,,1801.3,Rueras
6.1,8,prot_no_nat,not_young,2,2,2,0,2,1563,Mittleres Baumholz,Mittleres Baumholz_8,,1708.2,Sedrun
1.0,8,res_prot,not_young,2,2,2,0,2,1564,Mittleres Baumholz,Mittleres Baumholz_8,,1748.2,Sedrun
13.3,8,prot_no_nat,not_young,2,2,2,0,2,1565,Mittleres Baumholz,Mittleres Baumholz_8,,1889.8,Curaglia
1.4,12,prot_no_nat,not_young,2,2,2,0,2,1566,Mittleres Baumholz,Mittleres Baumholz_12,,1208.0,Mumpé Medel
1.2,12,prot_no_nat,not_young,2,2,2,0,2,1567,Mittleres Baumholz,Mittleres Baumholz_12,,1521.9,Segnas
0.5,12,prot_no_nat,not_young,2,2,2,0,2,1568,Mittleres Baumholz,Mittleres Baumholz_12,,1452.2,Curaglia
1.7,11,prot_no_nat,not_young,2,2,2,0,2,1569,Mittleres Baumholz,Mittleres Baumholz_11,,1219.5,Disentis/Mustér
2.9,12,prot_no_nat,not_young,2,2,2,0,2,1570,Mittleres Baumholz,Mittleres Baumholz_12,,1627.2,Curaglia
2.0,8,prot_no_nat,not_young,2,2,2,0,2,1571,Mittleres Baumholz,Mittleres Baumholz_8,,1624.3,Rueras
2.9,12,prot_no_nat,not_young,2,2,2,0,2,1572,Mittleres Baumholz,Mittleres Baumholz_12,,1558.9,Cavardiras
1.7,8,prot_no_nat,not_young,2,2,2,0,2,1573,Mittleres Baumholz,Mittleres Baumholz_8,,1687.0,Platta
3.3,12,prot_no_nat,not_young,2,2,2,0,2,1574,Starkes Baumholz,Starkes Baumholz_12,,1579.2,Curaglia
0.9,11,prot_no_nat,not_young,2,2,2,0,2,1575,Mittleres Baumholz,Mittleres Baumholz_11,,1187.2,Mumpé Medel
5.6,12,prot_no_nat,not_young,2,2,2,0,2,1576,Stangenholz,Stangenholz_12,,1285.1,Sedrun
6.5,11,prot_no_nat,not_young,2,2,2,0,2,1577,Mittleres Baumholz,Mittleres Baumholz_11,,1445.7,Disentis/Mustér
1.5,12,prot_no_nat,not_young,2,2,2,0,2,1578,Stangenholz,Stangenholz_12,,1589.1,Segnas
1.6,11,prot_no_nat,not_young,2,2,2,0,2,1579,Starkes Baumholz,Starkes Baumholz_11,,1319.6,Mumpé Medel
4.3,11,prot_no_nat,not_young,2,2,2,0,2,1580,Stangenholz,Stangenholz_11,,1469.2,Cavardiras
5.6,11,prot_no_nat,not_young,2,2,2,0,2,1581,Mittleres Baumholz,Mittleres Baumholz_11,,1421.7,Disentis/Mustér
1.8,12,prot_no_nat,not_young,2,2,2,0,2,1582,Mittleres Baumholz,Mittleres Baumholz_12,,1622.9,Curaglia
6.1,8,prot_no_nat,not_young,2,2,2,0,2,1583,Mittleres Baumholz,Mittleres Baumholz_8,,1717.3,Sedrun
1.7,8,prot_no_nat,not_young,2,2,2,0,2,1584,Starkes Baumholz,Starkes Baumholz_8,,1814.5,Sedrun
1.5,11,prot_no_nat,not_young,2,2,2,0,2,1585,Mittleres Baumholz,Mittleres Baumholz_11,,1367.0,Cavardiras
1.3,12,prot_no_nat,not_young,2,2,2,0,2,1586,Stangenholz,Stangenholz_12,,1437.7,Curaglia
4.7,8,prot_no_nat,not_young,2,2,2,0,2,1587,Mittleres Baumholz,Mittleres Baumholz_8,,1700.6,Segnas
0.9,8,prot_no_nat,not_young,2,2,2,0,2,1588,Mittleres Baumholz,Mittleres Baumholz_8,,1794.3,Rueras
9.0,8,prot_no_nat,not_young,2,2,2,0,2,1589,Mittleres Baumholz,Mittleres Baumholz_8,,1719.3,Sedrun
4.6,8,prot_no_nat,not_young,2,2,2,0,2,1590,Starkes Baumholz,Starkes Baumholz_8,,1768.6,Sedrun
2.0,12,prot_no_nat,not_young,2,2,2,0,2,1591,Schwaches Baumholz,Schwaches Baumholz_12,,1389.1,Sedrun
1.2,11,prot_no_nat,not_young,2,2,2,0,2,1592,Mittleres Baumholz,Mittleres Baumholz_11,,1289.2,Disentis/Mustér
0.7,8,prot_no_nat,not_young,2,2,2,0,2,1593,Starkes Baumholz,Starkes Baumholz_8,,1643.3,Sedrun
1.9,8,prot_no_nat,not_young,2,2,2,0,2,1594,Mittleres Baumholz,Mittleres Baumholz_8,,1761.0,Disentis/Mustér
11.4,8,prot_no_nat,not_young,2,2,2,0,2,1595,Mittleres Baumholz,Mittleres Baumholz_8,,1909.1,Disentis/Mustér
0.5,12,prot_no_nat,not_young,2,2,2,0,2,1596,Schwaches Baumholz,Schwaches Baumholz_12,,1345.7,Mumpé Medel
4.7,12,prot_no_nat,not_young,2,2,2,0,2,1597,Mittleres Baumholz,Mittleres Baumholz_12,,1648.5,Curaglia
1.4,11,prot_no_nat,not_young,2,2,2,0,2,1598,Stangenholz,Stangenholz_11,,1357.5,Cavardiras
0.7,12,prot_no_nat,not_young,2,2,2,0,2,1599,Starkes Baumholz,Starkes Baumholz_12,,1535.0,Sedrun
0.6,11,prot_no_nat,not_young,2,2,2,0,2,1600,Stangenholz,Stangenholz_11,,1339.7,Mumpé Medel
2.9,12,prot_no_nat,not_young,2,2,2,0,2,1601,Schwaches Baumholz,Schwaches Baumholz_12,,1486.5,Segnas
6.1,8,prot_no_nat,not_young,2,2,2,0,2,1602,Mittleres Baumholz,Mittleres Baumholz_8,,1717.8,Disentis/Mustér
2.0,12,prot_no_nat,not_young,2,2,2,0,2,1603,Starkes Baumholz,Starkes Baumholz_12,,1544.4,Platta
3.5,8,prot_no_nat,not_young,2,2,2,0,2,1604,Mittleres Baumholz,Mittleres Baumholz_8,,1703.5,Curaglia
2.4,11,prot_no_nat,not_young,2,2,2,0,2,1605,Schwaches Baumholz,Schwaches Baumholz_11,,1259.8,Disentis/Mustér
5.0,8,prot_no_nat,not_young,2,2,2,0,2,1606,Mittleres Baumholz,Mittleres Baumholz_8,,1828.6,Sedrun
1.5,8,prot_no_nat,not_young,2,2,2,0,2,1607,Mittleres Baumholz,Mittleres Baumholz_8,,1466.2,Sedrun
4.4,8,prot_no_nat,not_young,2,2,2,0,2,1608,Mittleres Baumholz,Mittleres Baumholz_8,,1669.8,Segnas
1.0,8,prot_no_nat,not_young,2,2,2,0,2,1609,Starkes Baumholz,Starkes Baumholz_8,,1643.8,Platta
2.5,11,prot_no_nat,not_young,2,2,2,0,2,1610,Starkes Baumholz,Starkes Baumholz_11,,1558.1,Disentis/Mustér
5.8,8,prot_no_nat,not_young,2,2,2,0,2,1611,Starkes Baumholz,Starkes Baumholz_8,,1746.6,Platta
1.9,11,prot_no_nat,not_young,2,2,2,0,2,1612,Schwaches Baumholz,Schwaches Baumholz_11,,1142.7,Mumpé Medel
1.7,11,prot_no_nat,not_young,2,2,2,0,2,1613,Stangenholz,Stangenholz_11,,1125.6,Disentis/Mustér
1.8,11,prot_no_nat,not_young,2,2,2,0,2,1614,Stangenholz,Stangenholz_11,,1413.6,Cavardiras
1.0,12,prot_no_nat,not_young,2,2,2,0,2,1615,Stangenholz,Stangenholz_12,,1543.6,Sedrun
1.9,5,prot_no_nat,not_young,2,2,2,0,2,1616,Schwaches Baumholz,Schwaches Baumholz_5,,2015.8,Platta
1.3,12,prot_no_nat,not_young,2,2,2,0,2,1617,Schwaches Baumholz,Schwaches Baumholz_12,,1547.5,Segnas
1.6,8,prot_no_nat,not_young,2,2,2,0,2,1618,Mittleres Baumholz,Mittleres Baumholz_8,,1718.8,Disentis/Mustér
2.1,12,prot_no_nat,not_young,2,2,2,0,2,1619,Starkes Baumholz,Starkes Baumholz_12,,1576.8,Curaglia
3.2,11,prot_no_nat,not_young,2,2,2,0,2,1620,Stangenholz,Stangenholz_11,,1194.6,Cavardiras
3.6,8,prot_no_nat,not_young,2,2,2,0,2,1621,Mittleres Baumholz,Mittleres Baumholz_8,,1729.4,Segnas
3.4,12,prot_no_nat,not_young,2,2,2,0,2,1622,Mittleres Baumholz,Mittleres Baumholz_12,,1621.9,Disentis/Mustér
3.1,12,prot_no_nat,not_young,2,2,2,0,2,1623,Stangenholz,Stangenholz_12,,1294.0,Curaglia
6.6,12,prot_no_nat,not_young,1,2,2,0,2,1624,Stangenholz,Stangenholz_12,,1257.6,Sedrun
3.1,8,prot_no_nat,not_young,2,2,2,0,2,1625,Mittleres Baumholz,Mittleres Baumholz_8,,1669.5,Segnas
0.8,8,prot_no_nat,not_young,2,2,2,0,2,1626,Mittleres Baumholz,Mittleres Baumholz_8,,1793.1,Sedrun
12.7,8,prot_no_nat,not_young,2,2,2,0,2,1627,Mittleres Baumholz,Mittleres Baumholz_8,,1620.9,Segnas
1.1,12,prot_no_nat,not_young,2,2,2,0,2,1628,Mittleres Baumholz,Mittleres Baumholz_12,,1465.8,Sedrun
1.3,11,prot_no_nat,not_young,2,2,2,0,2,1629,Mittleres Baumholz,Mittleres Baumholz_11,,1106.6,Disentis/Mustér
8.4,8,prot_no_nat,not_young,2,2,2,0,2,1630,Starkes Baumholz,Starkes Baumholz_8,,1767.8,Curaglia
1.2,12,prot_no_nat,not_young,2,2,2,0,2,1631,Mittleres Baumholz,Mittleres Baumholz_12,,1593.4,Platta
1.0,12,prot_no_nat,not_young,2,2,2,0,2,1632,Starkes Baumholz,Starkes Baumholz_12,,1622.9,Curaglia
0.5,12,prot_no_nat,not_young,2,2,2,0,2,1633,Schwaches Baumholz,Schwaches Baumholz_12,,1643.5,Platta
1.3,8,prot_no_nat,not_young,2,2,2,0,2,1634,Mittleres Baumholz,Mittleres Baumholz_8,,1613.6,Platta
3.9,12,prot_no_nat,not_young,2,2,2,0,2,1635,Starkes Baumholz,Starkes Baumholz_12,,1516.3,Sedrun
1.5,11,prot_no_nat,not_young,2,2,2,0,2,1636,Stangenholz,Stangenholz_11,,1034.8,Cavardiras
3.4,11,prot_no_nat,not_young,2,2,2,0,2,1637,Mittleres Baumholz,Mittleres Baumholz_11,,1485.5,Disentis/Mustér
3.5,12,prot_no_nat,not_young,2,2,2,0,2,1638,Mittleres Baumholz,Mittleres Baumholz_12,,1428.0,Segnas
8.9,12,prot_no_nat,not_young,2,2,2,0,2,1639,Mittleres Baumholz,Mittleres Baumholz_12,,1536.1,Disentis/Mustér
3.5,8,prot_no_nat,not_young,2,2,2,0,2,1640,Mittleres Baumholz,Mittleres Baumholz_8,,1743.4,Platta
6.0,11,prot_no_nat,not_young,2,2,2,0,2,1641,Mittleres Baumholz,Mittleres Baumholz_11,,1574.4,Disentis/Mustér
1.8,8,prot_no_nat,not_young,2,2,2,0,2,1642,Stangenholz,Stangenholz_8,,1703.0,Disentis/Mustér
0.5,8,res_prot,not_young,2,2,2,0,2,1643,Mittleres Baumholz,Mittleres Baumholz_8,,1754.3,Sedrun
1.0,11,prot_no_nat,not_young,2,2,2,0,2,1644,Mittleres Baumholz,Mittleres Baumholz_11,,1210.5,Mumpé Medel
2.2,8,prot_no_nat,not_young,2,2,2,0,2,1645,Mittleres Baumholz,Mittleres Baumholz_8,,1847.5,Segnas
1.9,8,prot_no_nat,not_young,2,2,2,0,2,1646,Stangenholz,Stangenholz_8,,1687.5,Rueras
5.3,11,prot_no_nat,not_young,2,2,2,0,2,1647,Mittleres Baumholz,Mittleres Baumholz_11,,1442.0,Segnas
6.5,12,prot_no_nat,not_young,2,2,2,0,2,1648,Mittleres Baumholz,Mittleres Baumholz_12,,1480.5,Segnas
0.9,11,prot_no_nat,not_young,2,2,2,0,2,1649,Mittleres Baumholz,Mittleres Baumholz_11,,1541.8,Disentis/Mustér
0.6,12,prot_no_nat,not_young,2,2,2,0,2,1650,Stangenholz,Stangenholz_12,,1536.1,Platta
3.0,12,prot_no_nat,not_young,2,2,2,0,2,1651,Mittleres Baumholz,Mittleres Baumholz_12,,1520.8,Sedrun
4.7,8,prot_no_nat,not_young,2,2,2,0,2,1652,Stangenholz,Stangenholz_8,,1713.8,Cavardiras
3.5,11,prot_no_nat,not_young,2,2,2,0,2,1653,Mittleres Baumholz,Mittleres Baumholz_11,,1439.1,Disentis/Mustér
3.6,8,prot_no_nat,not_young,2,2,2,0,2,1654,Mittleres Baumholz,Mittleres Baumholz_8,,1719.7,Sedrun
1.3,12,prot_no_nat,not_young,2,2,2,0,2,1655,Stangenholz,Stangenholz_12,,1223.3,Mumpé Medel
1.8,11,prot_no_nat,not_young,2,2,2,0,2,1656,Schwaches Baumholz,Schwaches Baumholz_11,,1274.4,Disentis/Mustér
1.2,12,prot_no_nat,not_young,2,2,2,0,2,1657,Mittleres Baumholz,Mittleres Baumholz_12,,1544.7,Disentis/Mustér
5.3,8,prot_no_nat,not_young,2,2,2,0,2,1658,Starkes Baumholz,Starkes Baumholz_8,,1657.4,Sedrun
1.1,12,prot_no_nat,not_young,2,2,2,0,2,1659,Starkes Baumholz,Starkes Baumholz_12,,1572.5,Segnas
1.9,12,prot_no_nat,not_young,2,2,2,0,2,1660,Stangenholz,Stangenholz_12,,1692.1,Platta
1.7,11,prot_no_nat,not_young,2,2,2,0,2,1661,Schwaches Baumholz,Schwaches Baumholz_11,,1350.3,Disentis/Mustér
5.5,12,prot_no_nat,not_young,2,2,2,0,2,1662,Starkes Baumholz,Starkes Baumholz_12,,1578.9,Curaglia
1.1,8,prot_no_nat,not_young,2,2,2,0,2,1663,Schwaches Baumholz,Schwaches Baumholz_8,,1875.8,Platta
1.2,11,prot_no_nat,not_young,2,2,2,0,2,1664,Stangenholz,Stangenholz_11,,1416.9,Segnas
2.8,8,prot_no_nat,not_young,2,2,2,0,2,1665,Mittleres Baumholz,Mittleres Baumholz_8,,1707.6,Segnas
1.9,11,prot_no_nat,not_young,2,2,2,0,2,1666,Stangenholz,Stangenholz_11,,1179.6,Mumpé Medel
9.2,8,prot_no_nat,not_young,2,2,2,0,2,1667,Mittleres Baumholz,Mittleres Baumholz_8,,1885.5,Disentis/Mustér
2.3,8,prot_no_nat,not_young,2,2,2,0,2,1668,Mittleres Baumholz,Mittleres Baumholz_8,,1846.1,Disentis/Mustér
12.5,8,prot_no_nat,not_young,2,2,2,0,2,1669,Mittleres Baumholz,Mittleres Baumholz_8,,1727.1,Cavardiras
3.4,11,prot_no_nat,not_young,2,2,2,0,2,1670,Mittleres Baumholz,Mittleres Baumholz_11,,1167.0,Disentis/Mustér
2.2,12,prot_no_nat,not_young,2,2,2,0,2,1671,Schwaches Baumholz,Schwaches Baumholz_12,,1639.8,Curaglia
1.6,11,prot_no_nat,not_young,2,2,2,0,2,1672,Mittleres Baumholz,Mittleres Baumholz_11,,1581.5,Segnas
1.3,12,prot_no_nat,not_young,2,2,2,0,2,1673,Mittleres Baumholz,Mittleres Baumholz_12,,1533.7,Sedrun
1.4,12,prot_no_nat,not_young,2,2,2,0,2,1674,Stangenholz,Stangenholz_12,,1530.9,Platta
0.6,8,prot_no_nat,not_young,2,2,2,0,2,1675,Mittleres Baumholz,Mittleres Baumholz_8,,1704.3,Sedrun
3.0,11,prot_no_nat,not_young,2,2,2,0,2,1676,Mittleres Baumholz,Mittleres Baumholz_11,,1327.0,Disentis/Mustér
2.6,12,prot_no_nat,not_young,2,2,2,0,2,1677,Mittleres Baumholz,Mittleres Baumholz_12,,1353.1,Sedrun
4.0,12,prot_no_nat,not_young,2,2,2,0,2,1678,Mittleres Baumholz,Mittleres Baumholz_12,,1539.6,Platta
0.6,12,prot_no_nat,not_young,2,2,2,0,2,1679,Schwaches Baumholz,Schwaches Baumholz_12,,1516.6,Sedrun
0.8,11,prot_no_nat,not_young,2,2,2,0,2,1680,Stangenholz,Stangenholz_11,,1258.9,Cavardiras
3.3,11,prot_no_nat,not_young,2,2,2,0,2,1681,Schwaches Baumholz,Schwaches Baumholz_11,,1414.3,Disentis/Mustér
1.2,8,prot_no_nat,not_young,2,2,2,0,2,1682,Schwaches Baumholz,Schwaches Baumholz_8,,1652.6,Disentis/Mustér
2.4,12,prot_no_nat,not_young,2,2,2,0,2,1683,Stangenholz,Stangenholz_12,,1492.4,Platta
2.2,8,prot_no_nat,not_young,2,2,2,0,2,1684,Stangenholz,Stangenholz_8,,1613.0,Rueras
0.5,12,prot_no_nat,not_young,2,2,2,0,2,1685,Mittleres Baumholz,Mittleres Baumholz_12,,1463.6,Rueras
1.4,11,prot_no_nat,not_young,2,2,2,0,2,1686,Stangenholz,Stangenholz_11,,1419.2,Segnas
2.7,8,prot_no_nat,not_young,2,2,2,0,2,1687,Stangenholz,Stangenholz_8,,1812.2,Rueras
3.8,11,prot_no_nat,not_young,2,2,2,0,2,1688,Mittleres Baumholz,Mittleres Baumholz_11,,1479.7,Disentis/Mustér
3.5,11,prot_no_nat,not_young,2,2,2,0,2,1689,Schwaches Baumholz,Schwaches Baumholz_11,,1056.6,Disentis/Mustér
1.0,12,prot_no_nat,not_young,2,2,2,0,2,1690,Stangenholz,Stangenholz_12,,1431.8,Curaglia
2.9,11,prot_no_nat,not_young,2,2,2,0,2,1691,Stangenholz,Stangenholz_11,,1440.9,Cavardiras
1.5,12,prot_no_nat,not_young,2,2,2,0,2,1692,Schwaches Baumholz,Schwaches Baumholz_12,,1591.1,Curaglia
1.9,11,prot_no_nat,not_young,2,2,2,0,2,1693,Starkes Baumholz,Starkes Baumholz_11,,1142.3,Disentis/Mustér
0.7,12,prot_no_nat,not_young,2,2,2,0,2,1694,Stangenholz,Stangenholz_12,,1506.9,Segnas
1.7,11,prot_no_nat,not_young,2,2,2,0,2,1695,Schwaches Baumholz,Schwaches Baumholz_11,,975.4,Disentis/Mustér
1.2,8,prot_no_nat,not_young,2,2,2,0,2,1696,Mittleres Baumholz,Mittleres Baumholz_8,,1883.7,Sedrun
3.5,8,prot_no_nat,not_young,2,2,2,0,2,1697,Stangenholz,Stangenholz_8,,1655.4,Rueras
0.5,12,prot_no_nat,not_young,2,2,2,0,2,1698,Stangenholz,Stangenholz_12,,1398.9,Sedrun
1.9,12,prot_no_nat,not_young,2,2,2,0,2,1699,Mittleres Baumholz,Mittleres Baumholz_12,,1668.9,Curaglia
0.8,8,prot_no_nat,not_young,2,2,2,0,2,1700,Mittleres Baumholz,Mittleres Baumholz_8,,1680.6,Sedrun
3.0,11,prot_no_nat,not_young,2,2,2,0,2,1701,Mittleres Baumholz,Mittleres Baumholz_11,,1325.6,Obersaxen
3.5,12,prot_no_nat,not_young,2,2,2,0,2,1702,Starkes Baumholz,Starkes Baumholz_12,,1337.5,Breil/Brigels
0.7,12,prot_no_nat,not_young,2,2,2,0,2,1703,Stangenholz,Stangenholz_12,,1577.3,Breil/Brigels
8.4,8,prot_no_nat,not_young,2,2,2,0,2,1704,Stangenholz,Stangenholz_8,,1713.0,Breil/Brigels
1.7,12,prot_no_nat,not_young,2,2,2,0,2,1705,Stangenholz,Stangenholz_12,,1479.0,Breil/Brigels
1.2,12,prot_no_nat,not_young,2,2,2,0,2,1706,Stangenholz,Stangenholz_12,,1477.0,Breil/Brigels
8.3,8,res_prot,not_young,2,2,2,0,2,1707,Mittleres Baumholz,Mittleres Baumholz_8,,1838.5,Breil/Brigels
2.8,12,prot_no_nat,not_young,2,2,2,0,2,1708,Starkes Baumholz,Starkes Baumholz_12,,1540.2,Breil/Brigels
3.2,12,prot_no_nat,not_young,2,2,2,0,2,1709,Starkes Baumholz,Starkes Baumholz_12,,1646.6,Breil/Brigels
9.9,8,prot_no_nat,not_young,2,2,2,0,2,1710,Mittleres Baumholz,Mittleres Baumholz_8,,1646.4,Breil/Brigels
6.9,12,prot_no_nat,not_young,2,2,2,0,2,1711,Mittleres Baumholz,Mittleres Baumholz_12,,1542.2,Breil/Brigels
1.2,12,prot_no_nat,not_young,2,2,2,0,2,1712,Mittleres Baumholz,Mittleres Baumholz_12,,1315.6,Breil/Brigels
1.3,11,prot_no_nat,not_young,2,2,2,0,2,1713,Mittleres Baumholz,Mittleres Baumholz_11,,1034.5,Obersaxen
1.1,11,prot_no_nat,not_young,2,2,2,0,2,1714,Starkes Baumholz,Starkes Baumholz_11,,1124.3,Obersaxen
4.1,11,prot_no_nat,not_young,2,2,2,0,2,1715,Stangenholz,Stangenholz_11,,1150.5,Obersaxen
6.5,11,prot_no_nat,not_young,2,2,2,0,2,1716,Schwaches Baumholz,Schwaches Baumholz_11,,1271.2,Obersaxen
2.7,11,prot_no_nat,not_young,2,2,2,0,2,1717,Schwaches Baumholz,Schwaches Baumholz_11,,1278.0,Obersaxen
4.1,11,prot_no_nat,not_young,2,2,2,0,2,1718,Starkes Baumholz,Starkes Baumholz_11,,1283.6,Obersaxen
1.9,11,prot_no_nat,not_young,2,2,2,0,2,1719,Mittleres Baumholz,Mittleres Baumholz_11,,1200.3,Obersaxen
1.7,11,prot_no_nat,not_young,2,2,2,0,2,1720,Schwaches Baumholz,Schwaches Baumholz_11,,805.1,Tavanasa
1.1,11,prot_no_nat,not_young,2,2,2,0,2,1721,Schwaches Baumholz,Schwaches Baumholz_11,,832.2,Tavanasa
6.9,8,prot_no_nat,not_young,2,2,2,0,2,1722,Mittleres Baumholz,Mittleres Baumholz_8,,1683.6,Breil/Brigels
7.5,11,prot_no_nat,not_young,2,2,2,0,2,1723,Stangenholz,Stangenholz_11,,1310.3,Breil/Brigels
3.8,11,prot_no_nat,not_young,2,2,2,0,2,1724,Schwaches Baumholz,Schwaches Baumholz_11,,1243.9,Dardin
5.8,11,prot_no_nat,not_young,2,2,2,0,2,1725,Stangenholz,Stangenholz_11,,1404.7,Breil/Brigels
1.3,8,prot_no_nat,not_young,2,2,2,0,2,1726,Mittleres Baumholz,Mittleres Baumholz_8,,1738.5,Breil/Brigels
11.1,11,prot_no_nat,not_young,2,2,2,0,2,1727,Starkes Baumholz,Starkes Baumholz_11,,1158.0,Breil/Brigels
32.8,11,prot_no_nat,not_young,2,2,2,0,2,1728,Starkes Baumholz,Starkes Baumholz_11,,1026.9,Tavanasa
1.3,11,prot_no_nat,not_young,2,2,2,0,2,1729,Stangenholz,Stangenholz_11,,1483.6,Dardin
3.4,11,prot_no_nat,not_young,2,2,2,0,2,1730,Stangenholz,Stangenholz_11,,1085.1,Dardin
3.2,11,prot_no_nat,not_young,2,2,2,0,2,1731,Starkes Baumholz,Starkes Baumholz_11,,875.8999999999999,Danis
1.0,12,prot_no_nat,not_young,2,2,2,0,2,1732,Stangenholz,Stangenholz_12,,1472.1,Breil/Brigels
0.5,12,prot_no_nat,not_young,2,2,2,0,2,1733,Stangenholz,Stangenholz_12,,1357.0,Breil/Brigels
5.2,12,prot_no_nat,not_young,2,2,2,0,2,1734,Schwaches Baumholz,Schwaches Baumholz_12,,1364.6,Breil/Brigels
1.3,12,prot_no_nat,not_young,2,2,2,0,2,1735,Stangenholz,Stangenholz_12,,1442.1,Breil/Brigels
1.3,11,prot_no_nat,not_young,2,2,2,0,2,1736,Schwaches Baumholz,Schwaches Baumholz_11,,974.0,Tavanasa
2.6,11,prot_no_nat,not_young,2,2,2,0,2,1737,Mittleres Baumholz,Mittleres Baumholz_11,,1490.5,Dardin
5.1,11,prot_no_nat,not_young,2,2,2,0,2,1738,Starkes Baumholz,Starkes Baumholz_11,,1096.8,Tavanasa
2.4,11,prot_no_nat,not_young,2,2,2,0,2,1739,Mittleres Baumholz,Mittleres Baumholz_11,,1163.2,Dardin
8.8,11,prot_no_nat,not_young,2,2,2,0,2,1740,Schwaches Baumholz,Schwaches Baumholz_11,,1194.7,Dardin
4.2,11,prot_no_nat,not_young,2,2,2,0,2,1741,Schwaches Baumholz,Schwaches Baumholz_11,,1063.2,Tavanasa
15.0,11,prot_no_nat,not_young,2,2,2,0,2,1742,Starkes Baumholz,Starkes Baumholz_11,,927.5,Tavanasa
2.2,11,prot_no_nat,not_young,2,2,2,0,2,1743,Schwaches Baumholz,Schwaches Baumholz_11,,927.2,Tavanasa
10.6,11,prot_no_nat,not_young,2,2,2,0,2,1744,Schwaches Baumholz,Schwaches Baumholz_11,,1024.9,Tavanasa
8.4,11,prot_no_nat,not_young,2,2,2,0,2,1745,Starkes Baumholz,Starkes Baumholz_11,,834.5,Tavanasa
2.8,11,prot_no_nat,not_young,2,2,2,0,2,1746,Stangenholz,Stangenholz_11,,916.0,Tavanasa
3.1,11,prot_no_nat,not_young,2,2,2,0,2,1747,Schwaches Baumholz,Schwaches Baumholz_11,,1097.2,Danis
2.8,11,prot_no_nat,not_young,1,2,2,0,2,1748,Stangenholz,Stangenholz_11,,757.2,Tavanasa
1.2,11,prot_no_nat,not_young,2,2,2,0,2,1749,Schwaches Baumholz,Schwaches Baumholz_11,,800.1,Tavanasa
10.8,11,prot_no_nat,not_young,2,2,2,0,2,1750,Schwaches Baumholz,Schwaches Baumholz_11,,824.5,Tavanasa
12.2,11,prot_no_nat,not_young,2,2,2,0,2,1751,Schwaches Baumholz,Schwaches Baumholz_11,,908.9,Danis
5.7,11,prot_no_nat,not_young,2,2,2,0,2,1752,Schwaches Baumholz,Schwaches Baumholz_11,,824.8999999999999,Tavanasa
5.1,11,prot_no_nat,not_young,2,2,2,0,2,1753,Starkes Baumholz,Starkes Baumholz_11,,834.7,Tavanasa
7.0,11,prot_no_nat,not_young,2,2,2,0,2,1754,Mittleres Baumholz,Mittleres Baumholz_11,,1198.5,Dardin
1.1,11,prot_no_nat,not_young,2,2,2,0,2,1755,Stangenholz,Stangenholz_11,,905.2,Danis
6.0,11,prot_no_nat,not_young,2,2,2,0,2,1756,Schwaches Baumholz,Schwaches Baumholz_11,,803.2999999999998,Tavanasa
4.9,11,prot_no_nat,not_young,2,2,2,0,2,1757,Stangenholz,Stangenholz_11,,922.5,Danis
1.1,11,prot_no_nat,not_young,2,2,2,0,2,1758,Stangenholz,Stangenholz_11,,903.6,Danis
3.6,11,prot_no_nat,not_young,2,2,2,0,2,1759,Stangenholz,Stangenholz_11,,850.3999999999999,Danis
2.3,11,prot_no_nat,not_young,2,2,2,0,2,1760,Stangenholz,Stangenholz_11,,1130.8,Dardin
0.5,11,prot_no_nat,not_young,2,2,2,0,2,1761,Starkes Baumholz,Starkes Baumholz_11,,966.3,Danis
0.9,11,prot_no_nat,not_young,2,2,2,0,2,1762,Stangenholz,Stangenholz_11,,954.1,Danis
7.6,11,prot_no_nat,not_young,2,2,2,0,2,1763,Stangenholz,Stangenholz_11,,1093.1,Danis
1.7,11,prot_no_nat,not_young,2,2,2,0,2,1764,Stangenholz,Stangenholz_11,,977.3,Dardin
8.1,11,prot_no_nat,not_young,2,2,2,0,2,1765,Schwaches Baumholz,Schwaches Baumholz_11,,973.5,Dardin
3.7,11,prot_no_nat,not_young,2,2,2,0,2,1766,Schwaches Baumholz,Schwaches Baumholz_11,,984.3,Dardin
0.8,11,prot_no_nat,not_young,2,2,2,0,2,1767,Stangenholz,Stangenholz_11,,1229.8,Obersaxen
3.8,11,prot_no_nat,not_young,2,2,2,0,2,1768,Starkes Baumholz,Starkes Baumholz_11,,906.4,Tavanasa
7.4,11,prot_no_nat,not_young,2,2,2,0,2,1769,Schwaches Baumholz,Schwaches Baumholz_11,,875.1,Tavanasa
6.4,11,prot_no_nat,not_young,2,2,2,0,2,1770,Starkes Baumholz,Starkes Baumholz_11,,1017.2,Tavanasa
5.6,11,prot_no_nat,not_young,2,2,2,0,2,1771,Starkes Baumholz,Starkes Baumholz_11,,857.1,Tavanasa
3.2,11,prot_no_nat,not_young,2,2,2,0,2,1772,Stangenholz,Stangenholz_11,,927.5,Tavanasa
1.1,11,prot_no_nat,not_young,2,2,2,0,2,1773,Stangenholz,Stangenholz_11,,841.6,Tavanasa
4.1,11,prot_no_nat,not_young,2,2,2,0,2,1774,Mittleres Baumholz,Mittleres Baumholz_11,,1058.4,Tavanasa
1.9,11,prot_no_nat,not_young,2,2,2,0,2,1775,Starkes Baumholz,Starkes Baumholz_11,,1062.2,Tavanasa
3.6,11,prot_no_nat,not_young,2,2,2,0,2,1776,Stangenholz,Stangenholz_11,,866.3999999999999,Tavanasa
0.7,11,prot_no_nat,not_young,2,2,2,0,2,1777,Starkes Baumholz,Starkes Baumholz_11,,1034.8,Tavanasa
1.8,11,prot_no_nat,not_young,2,2,2,0,2,1778,Starkes Baumholz,Starkes Baumholz_11,,935.2,Tavanasa
2.1,11,prot_no_nat,not_young,2,2,2,0,2,1779,Schwaches Baumholz,Schwaches Baumholz_11,,943.0,Obersaxen
24.4,11,prot_no_nat,not_young,2,2,2,0,2,1780,Starkes Baumholz,Starkes Baumholz_11,,940.2,Obersaxen
3.0,11,prot_no_nat,not_young,2,2,2,0,2,1781,Starkes Baumholz,Starkes Baumholz_11,,956.4,Obersaxen
2.0,11,prot_no_nat,not_young,2,2,2,0,2,1782,Schwaches Baumholz,Schwaches Baumholz_11,,1025.3,Obersaxen
1.6,11,prot_no_nat,not_young,2,2,2,0,2,1783,Stangenholz,Stangenholz_11,,986.3,Obersaxen
5.8,11,prot_no_nat,not_young,2,2,2,0,2,1784,Schwaches Baumholz,Schwaches Baumholz_11,,1090.5,Obersaxen
2.8,11,prot_no_nat,not_young,2,2,2,0,2,1785,Schwaches Baumholz,Schwaches Baumholz_11,,1079.5,Obersaxen
0.7,11,prot_no_nat,not_young,2,2,2,0,2,1786,Starkes Baumholz,Starkes Baumholz_11,,989.0,Obersaxen
11.6,8,prot_no_nat,not_young,2,2,2,0,2,1787,Starkes Baumholz,Starkes Baumholz_8,,1750.0,Breil/Brigels
2.3,8,res_prot,not_young,2,2,2,0,2,1788,Mittleres Baumholz,Mittleres Baumholz_8,,1794.1,Breil/Brigels
3.1,8,prot_no_nat,not_young,2,2,2,0,2,1789,Starkes Baumholz,Starkes Baumholz_8,,1656.8,Breil/Brigels
4.5,8,res_prot,not_young,2,2,2,0,2,1790,Mittleres Baumholz,Mittleres Baumholz_8,,1656.1,Breil/Brigels
26.8,8,res_prot,not_young,1,1,1,0,1,1791,Starkes Baumholz,Starkes Baumholz_8,,1689.2,Breil/Brigels
4.2,8,res_prot,not_young,2,2,2,0,2,1792,Mittleres Baumholz,Mittleres Baumholz_8,,1800.0,Breil/Brigels
26.5,8,prot_no_nat,not_young,2,2,2,0,2,1793,Mittleres Baumholz,Mittleres Baumholz_8,,1673.7,Breil/Brigels
4.1,8,prot_no_nat,not_young,2,2,2,0,2,1794,Stangenholz,Stangenholz_8,,1611.6,Breil/Brigels
1.3,8,prot_no_nat,not_young,2,2,2,0,2,1795,Starkes Baumholz,Starkes Baumholz_8,,1781.7,Breil/Brigels
1.4,12,prot_no_nat,not_young,2,2,2,0,2,1796,Stangenholz,Stangenholz_12,,1523.0,Breil/Brigels
1.1,12,prot_no_nat,not_young,2,2,2,0,2,1797,Mittleres Baumholz,Mittleres Baumholz_12,,1540.0,Breil/Brigels
8.8,8,prot_no_nat,not_young,2,2,2,0,2,1798,Starkes Baumholz,Starkes Baumholz_8,,1640.7,Breil/Brigels
13.2,8,prot_no_nat,not_young,2,2,2,0,2,1799,Starkes Baumholz,Starkes Baumholz_8,,1655.8,Breil/Brigels
2.4,12,prot_no_nat,not_young,2,2,2,0,2,1800,Mittleres Baumholz,Mittleres Baumholz_12,,1575.8,Breil/Brigels
0.9,8,prot_no_nat,not_young,2,2,2,0,2,1801,Mittleres Baumholz,Mittleres Baumholz_8,,1783.0,Breil/Brigels
5.0,12,prot_no_nat,not_young,2,2,2,0,2,1802,Stangenholz,Stangenholz_12,,1622.2,Breil/Brigels
3.0,11,prot_no_nat,not_young,2,2,2,0,2,1803,Schwaches Baumholz,Schwaches Baumholz_11,,815.2999999999998,Tavanasa
15.0,8,res_prot,not_young,2,2,2,0,2,1804,Starkes Baumholz,Starkes Baumholz_8,,1742.2,Breil/Brigels
6.4,11,prot_no_nat,not_young,2,2,2,0,2,1805,Starkes Baumholz,Starkes Baumholz_11,,924.3,Tavanasa
7.5,11,prot_no_nat,not_young,2,2,2,0,2,1806,Starkes Baumholz,Starkes Baumholz_11,,963.4,Tavanasa
2.9,11,prot_no_nat,not_young,2,2,2,0,2,1807,Starkes Baumholz,Starkes Baumholz_11,,816.8999999999999,Tavanasa
0.8,11,prot_no_nat,not_young,2,2,2,0,2,1808,Schwaches Baumholz,Schwaches Baumholz_11,,1070.9,Obersaxen
0.7,11,prot_no_nat,not_young,2,2,2,0,2,1809,Mittleres Baumholz,Mittleres Baumholz_11,,1075.6,Obersaxen
0.5,11,prot_no_nat,not_young,2,2,2,0,2,1810,Schwaches Baumholz,Schwaches Baumholz_11,,1080.4,Obersaxen
7.1,11,prot_no_nat,not_young,2,2,2,0,2,1811,Stangenholz,Stangenholz_11,,1225.9,Breil/Brigels
2.5,8,prot_no_nat,not_young,2,2,2,0,2,1812,Stangenholz,Stangenholz_8,,1794.0,Breil/Brigels
5.0,11,prot_no_nat,not_young,2,2,2,0,2,1813,Mittleres Baumholz,Mittleres Baumholz_11,,878.3999999999999,Tavanasa
2.0,11,prot_no_nat,not_young,2,2,2,0,2,1814,Schwaches Baumholz,Schwaches Baumholz_11,,806.1,Tavanasa
4.0,11,prot_no_nat,not_young,2,2,2,0,2,1815,Mittleres Baumholz,Mittleres Baumholz_11,,843.5,Tavanasa
4.9,11,prot_no_nat,not_young,2,2,2,0,2,1816,Schwaches Baumholz,Schwaches Baumholz_11,,811.2999999999998,Tavanasa
4.8,11,prot_no_nat,not_young,2,2,2,0,2,1817,Starkes Baumholz,Starkes Baumholz_11,,1041.2,Tavanasa
0.8,11,prot_no_nat,not_young,2,2,2,0,2,1818,Mittleres Baumholz,Mittleres Baumholz_11,,1177.0,Tavanasa
3.8,11,prot_no_nat,not_young,2,2,2,0,2,1819,Schwaches Baumholz,Schwaches Baumholz_11,,1112.7,Dardin
20.7,11,prot_no_nat,not_young,2,2,2,0,2,1820,Schwaches Baumholz,Schwaches Baumholz_11,,909.5,Dardin
5.3,11,prot_no_nat,not_young,2,2,2,0,2,1821,Starkes Baumholz,Starkes Baumholz_11,,863.2,Tavanasa
2.0,11,prot_no_nat,not_young,2,2,2,0,2,1822,Mittleres Baumholz,Mittleres Baumholz_11,,958.6,Obersaxen
1.6,11,prot_no_nat,not_young,2,2,2,0,2,1823,Schwaches Baumholz,Schwaches Baumholz_11,,823.5,Dardin
1.4,11,prot_no_nat,not_young,2,2,2,0,2,1824,Starkes Baumholz,Starkes Baumholz_11,,817.2,Tavanasa
39.9,12,prot_no_nat,not_young,2,2,2,0,2,1825,Starkes Baumholz,Starkes Baumholz_12,,1519.5,Breil/Brigels
5.3,12,prot_no_nat,not_young,2,2,2,0,2,1826,Starkes Baumholz,Starkes Baumholz_12,,1442.4,Breil/Brigels
14.1,11,prot_no_nat,not_young,2,2,2,0,2,1827,Schwaches Baumholz,Schwaches Baumholz_11,,1029.8,Obersaxen
2.5,11,prot_no_nat,not_young,2,2,2,0,2,1828,Mittleres Baumholz,Mittleres Baumholz_11,,1107.0,Obersaxen
4.4,11,prot_no_nat,not_young,2,2,2,0,2,1829,Starkes Baumholz,Starkes Baumholz_11,,1048.9,Obersaxen
4.6,11,prot_no_nat,not_young,1,2,2,0,2,1830,Stangenholz,Stangenholz_11,,762.3999999999999,Tavanasa
2.2,11,prot_no_nat,not_young,2,2,2,0,2,1831,Schwaches Baumholz,Schwaches Baumholz_11,,775.0,Tavanasa
2.5,11,prot_no_nat,not_young,2,2,2,0,2,1832,Stangenholz,Stangenholz_11,,1192.4,Dardin
3.2,11,prot_no_nat,not_young,2,2,2,0,2,1833,Starkes Baumholz,Starkes Baumholz_11,,814.2999999999998,Tavanasa
7.2,11,prot_no_nat,not_young,2,2,2,0,2,1834,Starkes Baumholz,Starkes Baumholz_11,,1397.7,Surcuolm
2.1,11,prot_no_nat,not_young,2,2,2,0,2,1835,Starkes Baumholz,Starkes Baumholz_11,,1004.6,Flond
1.5,11,prot_no_nat,not_young,2,2,2,0,2,1836,Mittleres Baumholz,Mittleres Baumholz_11,,1076.6,Flond
0.6,11,prot_no_nat,not_young,2,2,2,0,2,1837,Starkes Baumholz,Starkes Baumholz_11,,1224.2,Flond
0.9,11,prot_no_nat,not_young,2,2,2,0,2,1838,Mittleres Baumholz,Mittleres Baumholz_11,,1295.8,Surcuolm
1.9,11,prot_no_nat,not_young,2,2,2,0,2,1839,Starkes Baumholz,Starkes Baumholz_11,,1282.4,Flond
1.5,11,prot_no_nat,not_young,2,2,2,0,2,1840,Starkes Baumholz,Starkes Baumholz_11,,1011.1,Flond
0.5,11,prot_no_nat,not_young,2,2,2,0,2,1841,Starkes Baumholz,Starkes Baumholz_11,,1044.2,Flond
0.8,11,prot_no_nat,not_young,2,2,2,0,2,1842,Schwaches Baumholz,Schwaches Baumholz_11,,935.0,Flond
2.6,11,prot_no_nat,not_young,2,2,2,0,2,1843,Starkes Baumholz,Starkes Baumholz_11,,1045.3,Flond
1.6,11,prot_no_nat,not_young,2,2,2,0,2,1844,Stangenholz,Stangenholz_11,,1235.8,Surcuolm
1.0,11,prot_no_nat,not_young,2,2,2,0,2,1845,Starkes Baumholz,Starkes Baumholz_11,,1052.4,Flond
1.3,11,prot_no_nat,not_young,2,2,2,0,2,1846,Starkes Baumholz,Starkes Baumholz_11,,1073.8,Luven
0.6,11,prot_no_nat,not_young,2,2,2,0,2,1847,Stangenholz,Stangenholz_11,,1263.1,Surcuolm
0.5,11,prot_no_nat,not_young,2,2,2,0,2,1848,Starkes Baumholz,Starkes Baumholz_11,,1261.9,Surcuolm
0.5,11,prot_no_nat,not_young,2,2,2,0,2,1849,Schwaches Baumholz,Schwaches Baumholz_11,,1285.5,Surcuolm
1.4,11,prot_no_nat,not_young,2,2,2,0,2,1850,Mittleres Baumholz,Mittleres Baumholz_11,,1549.4,Surcuolm
0.5,11,prot_no_nat,not_young,2,2,2,0,2,1851,Mittleres Baumholz,Mittleres Baumholz_11,,1124.4,Surcuolm
0.6,11,prot_no_nat,not_young,2,2,2,0,2,1852,Mittleres Baumholz,Mittleres Baumholz_11,,1506.3,Surcuolm
0.8,11,prot_no_nat,not_young,2,2,2,0,2,1853,Starkes Baumholz,Starkes Baumholz_11,,1535.1,Surcuolm
0.5,11,prot_no_nat,not_young,2,2,2,0,2,1854,Stangenholz,Stangenholz_11,,1501.7,Surcuolm
1.5,11,prot_no_nat,not_young,2,2,2,0,2,1855,Mittleres Baumholz,Mittleres Baumholz_11,,1443.5,Surcuolm
2.8,11,prot_no_nat,not_young,2,2,2,0,2,1856,Starkes Baumholz,Starkes Baumholz_11,,1489.4,Surcuolm
1.0,11,prot_no_nat,not_young,2,2,2,0,2,1857,Starkes Baumholz,Starkes Baumholz_11,,1308.2,Surcuolm
0.5,11,prot_no_nat,not_young,2,2,2,0,2,1858,Schwaches Baumholz,Schwaches Baumholz_11,,1083.2,Luven
1.7,11,prot_no_nat,not_young,2,2,2,0,2,1859,Schwaches Baumholz,Schwaches Baumholz_11,,1093.4,Luven
0.5,11,prot_no_nat,not_young,2,2,2,0,2,1860,Mittleres Baumholz,Mittleres Baumholz_11,,1083.2,Luven
2.4,12,prot_no_nat,not_young,2,2,2,0,2,1861,Starkes Baumholz,Starkes Baumholz_12,,1443.2,Andiast
3.5,12,prot_no_nat,not_young,2,2,2,0,2,1862,Mittleres Baumholz,Mittleres Baumholz_12,,1056.1,Andiast
1.2,12,prot_no_nat,not_young,2,2,2,0,2,1863,Schwaches Baumholz,Schwaches Baumholz_12,,1147.7,Andiast
1.7,11,prot_no_nat,not_young,2,2,2,0,2,1864,Schwaches Baumholz,Schwaches Baumholz_11,,1250.8,Andiast
1.0,12,prot_no_nat,not_young,2,2,2,0,2,1865,Schwaches Baumholz,Schwaches Baumholz_12,,1308.0,Andiast
1.6,11,prot_no_nat,not_young,2,2,2,0,2,1866,Mittleres Baumholz,Mittleres Baumholz_11,,1309.4,Waltensburg/Vuorz
1.2,12,prot_no_nat,not_young,2,2,2,0,2,1867,Mittleres Baumholz,Mittleres Baumholz_12,,1545.6,Siat
2.0,11,prot_no_nat,not_young,2,2,2,0,2,1868,Schwaches Baumholz,Schwaches Baumholz_11,,1139.7,Siat
1.5,11,prot_no_nat,not_young,2,2,2,0,2,1869,Stangenholz,Stangenholz_11,,1327.0,Waltensburg/Vuorz
1.0,11,prot_no_nat,not_young,2,2,2,0,2,1870,Mittleres Baumholz,Mittleres Baumholz_11,,1341.3,Waltensburg/Vuorz
2.9,11,prot_no_nat,not_young,2,2,2,0,2,1871,Stangenholz,Stangenholz_11,,1338.4,Waltensburg/Vuorz
1.2,12,prot_no_nat,not_young,2,2,2,0,2,1872,Mittleres Baumholz,Mittleres Baumholz_12,,1450.9,Waltensburg/Vuorz
1.9,11,prot_no_nat,not_young,2,2,2,0,2,1873,Mittleres Baumholz,Mittleres Baumholz_11,,1327.3,Waltensburg/Vuorz
2.2,12,prot_no_nat,not_young,2,2,2,0,2,1874,Mittleres Baumholz,Mittleres Baumholz_12,,1581.8,Waltensburg/Vuorz
0.5,12,prot_no_nat,not_young,2,2,2,0,2,1875,Mittleres Baumholz,Mittleres Baumholz_12,,1630.8,Waltensburg/Vuorz
0.7,11,prot_no_nat,not_young,2,2,2,0,2,1876,Mittleres Baumholz,Mittleres Baumholz_11,,1146.4,Siat
0.7,11,prot_no_nat,not_young,2,2,2,0,2,1877,Schwaches Baumholz,Schwaches Baumholz_11,,1091.9,Siat
1.3,11,prot_no_nat,not_young,2,2,2,0,2,1878,Mittleres Baumholz,Mittleres Baumholz_11,,993.5,Rueun
0.5,11,prot_no_nat,not_young,2,2,2,0,2,1879,Mittleres Baumholz,Mittleres Baumholz_11,,1003.8,Rueun
0.5,11,prot_no_nat,not_young,2,2,2,0,2,1880,Stangenholz,Stangenholz_11,,1252.1,Waltensburg/Vuorz
1.2,11,prot_no_nat,not_young,2,2,2,0,2,1881,Mittleres Baumholz,Mittleres Baumholz_11,,1282.8,Waltensburg/Vuorz
1.0,12,prot_no_nat,not_young,2,2,2,0,2,1882,Mittleres Baumholz,Mittleres Baumholz_12,,1382.0,Andiast
0.8,8,prot_no_nat,not_young,2,2,2,0,2,1883,Schwaches Baumholz,Schwaches Baumholz_8,,1738.9,Andiast
1.0,11,prot_no_nat,not_young,2,2,2,0,2,1884,Mittleres Baumholz,Mittleres Baumholz_11,,1261.7,Siat
1.0,12,prot_no_nat,not_young,2,2,2,0,2,1885,Mittleres Baumholz,Mittleres Baumholz_12,,1617.8,Siat
0.5,12,prot_no_nat,not_young,2,2,2,0,2,1886,Mittleres Baumholz,Mittleres Baumholz_12,,1678.8,Siat
0.5,8,prot_no_nat,not_young,2,2,2,0,2,1887,Schwaches Baumholz,Schwaches Baumholz_8,,1752.1,Siat
0.5,11,prot_no_nat,not_young,2,2,2,0,2,1888,Stangenholz,Stangenholz_11,,930.2,Rueun
2.5,11,prot_no_nat,not_young,2,2,2,0,2,1889,Mittleres Baumholz,Mittleres Baumholz_11,,982.3,Waltensburg/Vuorz
2.0,11,prot_no_nat,not_young,2,2,2,0,2,1890,Schwaches Baumholz,Schwaches Baumholz_11,,932.2,Waltensburg/Vuorz
2.3,11,prot_no_nat,not_young,2,2,2,0,2,1891,Schwaches Baumholz,Schwaches Baumholz_11,,961.7,Rueun
0.6,12,prot_no_nat,not_young,2,2,2,0,2,1892,Mittleres Baumholz,Mittleres Baumholz_12,,1470.4,Siat
7.9,11,prot_no_nat,not_young,1,2,2,0,2,1893,Schwaches Baumholz,Schwaches Baumholz_11,,743.5,Waltensburg/Vuorz
1.4,12,prot_no_nat,not_young,2,2,2,0,2,1894,Stangenholz,Stangenholz_12,,1280.8,Pigniu
1.6,12,prot_no_nat,not_young,2,2,2,0,2,1895,Stangenholz,Stangenholz_12,,1389.3,Andiast
2.7,11,prot_no_nat,not_young,2,2,2,0,2,1896,Mittleres Baumholz,Mittleres Baumholz_11,,823.0,Waltensburg/Vuorz
1.2,12,prot_no_nat,not_young,2,2,2,0,2,1897,Stangenholz,Stangenholz_12,,1452.0,Pigniu
0.7,12,prot_no_nat,not_young,2,2,2,0,2,1898,Stangenholz,Stangenholz_12,,1272.4,Andiast
1.0,8,prot_no_nat,not_young,2,2,2,0,2,1899,Schwaches Baumholz,Schwaches Baumholz_8,,1632.8,Andiast
0.7,11,prot_no_nat,not_young,2,2,2,0,2,1900,Schwaches Baumholz,Schwaches Baumholz_11,,1058.2,Rueun
0.7,11,prot_no_nat,not_young,2,2,2,0,2,1901,Schwaches Baumholz,Schwaches Baumholz_11,,1040.7,Rueun
1.6,12,prot_no_nat,not_young,2,2,2,0,2,1902,Schwaches Baumholz,Schwaches Baumholz_12,,1111.8,Andiast
0.8,11,prot_no_nat,not_young,1,2,2,0,2,1903,Schwaches Baumholz,Schwaches Baumholz_11,,726.8999999999999,Rueun
1.4,11,prot_no_nat,not_young,2,2,2,0,2,1904,Schwaches Baumholz,Schwaches Baumholz_11,,939.4,Rueun
0.6,11,prot_no_nat,not_young,2,2,2,0,2,1905,Schwaches Baumholz,Schwaches Baumholz_11,,1006.8,Siat
1.3,12,prot_no_nat,not_young,2,2,2,0,2,1906,Stangenholz,Stangenholz_12,,1521.9,Andiast
2.2,11,prot_no_nat,not_young,1,2,2,0,2,1907,Schwaches Baumholz,Schwaches Baumholz_11,,750.3999999999999,Waltensburg/Vuorz
1.3,8,prot_no_nat,not_young,2,2,2,0,2,1908,Mittleres Baumholz,Mittleres Baumholz_8,,1496.1,Andiast
0.5,11,prot_no_nat,not_young,2,2,2,0,2,1909,Schwaches Baumholz,Schwaches Baumholz_11,,967.5,Andiast
1.9,11,prot_no_nat,not_young,2,2,2,0,2,1910,Schwaches Baumholz,Schwaches Baumholz_11,,990.3,Andiast
0.8,11,prot_no_nat,not_young,2,2,2,0,2,1911,Schwaches Baumholz,Schwaches Baumholz_11,,871.7999999999998,Waltensburg/Vuorz
9.4,11,prot_no_nat,not_young,2,2,2,0,2,1912,Stangenholz,Stangenholz_11,,951.2,Andiast
1.0,11,prot_no_nat,not_young,2,2,2,0,2,1913,Mittleres Baumholz,Mittleres Baumholz_11,,917.7,Waltensburg/Vuorz
1.8,11,prot_no_nat,not_young,1,2,2,0,2,1914,Schwaches Baumholz,Schwaches Baumholz_11,,750.7999999999998,Waltensburg/Vuorz
0.5,11,prot_no_nat,not_young,2,2,2,0,2,1915,Mittleres Baumholz,Mittleres Baumholz_11,,858.5,Waltensburg/Vuorz
4.3,11,res_prot,not_young,1,1,1,0,1,1916,Starkes Baumholz,Starkes Baumholz_11,,989.4,Waltensburg/Vuorz
0.8,11,res_prot,not_young,1,1,1,0,1,1917,Mittleres Baumholz,Mittleres Baumholz_11,,1050.7,Waltensburg/Vuorz
12.0,11,res_prot,not_young,1,1,1,0,1,1918,Stangenholz,Stangenholz_11,,865.7999999999998,Waltensburg/Vuorz
2.6,11,prot_no_nat,not_young,2,2,2,0,2,1919,Schwaches Baumholz,Schwaches Baumholz_11,,1236.4,Siat
0.8,12,prot_no_nat,not_young,2,2,2,0,2,1920,Schwaches Baumholz,Schwaches Baumholz_12,,1460.3,Andiast
0.9,12,prot_no_nat,not_young,2,2,2,0,2,1921,Mittleres Baumholz,Mittleres Baumholz_12,,1162.0,Andiast
1.0,12,prot_no_nat,not_young,2,2,2,0,2,1922,Schwaches Baumholz,Schwaches Baumholz_12,,1136.0,Andiast
1.4,12,prot_no_nat,not_young,2,2,2,0,2,1923,Schwaches Baumholz,Schwaches Baumholz_12,,1206.3,Andiast
0.6,12,prot_no_nat,not_young,2,2,2,0,2,1924,Stangenholz,Stangenholz_12,,1228.7,Andiast
0.7,12,prot_no_nat,not_young,2,2,2,0,2,1925,Schwaches Baumholz,Schwaches Baumholz_12,,1239.7,Andiast
1.4,11,prot_no_nat,not_young,2,2,2,0,2,1926,Schwaches Baumholz,Schwaches Baumholz_11,,896.2999999999998,Waltensburg/Vuorz
1.4,12,prot_no_nat,not_young,2,2,2,0,2,1927,Schwaches Baumholz,Schwaches Baumholz_12,,1240.7,Andiast
2.2,12,prot_no_nat,not_young,2,2,2,0,2,1928,Schwaches Baumholz,Schwaches Baumholz_12,,1277.7,Andiast
0.9,12,prot_no_nat,not_young,2,2,2,0,2,1929,Stangenholz,Stangenholz_12,,1122.9,Andiast
1.3,12,prot_no_nat,not_young,2,2,2,0,2,1930,Mittleres Baumholz,Mittleres Baumholz_12,,1303.3,Pigniu
0.7,12,prot_no_nat,not_young,2,2,2,0,2,1931,Schwaches Baumholz,Schwaches Baumholz_12,,1436.4,Andiast
2.0,8,prot_no_nat,not_young,2,2,2,0,2,1932,Starkes Baumholz,Starkes Baumholz_8,,1490.4,Andiast
0.6,8,prot_no_nat,not_young,2,2,2,0,2,1933,Mittleres Baumholz,Mittleres Baumholz_8,,1572.3,Andiast
0.9,8,prot_no_nat,not_young,2,2,2,0,2,1934,Schwaches Baumholz,Schwaches Baumholz_8,,1660.2,Andiast
1.5,11,prot_no_nat,not_young,2,2,2,0,2,1935,Stangenholz,Stangenholz_11,,1027.1,Rueun
1.4,11,prot_no_nat,not_young,2,2,2,0,2,1936,Schwaches Baumholz,Schwaches Baumholz_11,,997.5,Rueun
0.5,12,prot_no_nat,not_young,2,2,2,0,2,1937,Stangenholz,Stangenholz_12,,1394.9,Pigniu
0.9,12,prot_no_nat,not_young,2,2,2,0,2,1938,Schwaches Baumholz,Schwaches Baumholz_12,,1142.4,Pigniu
0.9,8,res_prot,not_young,2,2,2,0,2,1939,Schwaches Baumholz,Schwaches Baumholz_8,,1481.0,Andiast
0.7,12,prot_no_nat,not_young,2,2,2,0,2,1940,Mittleres Baumholz,Mittleres Baumholz_12,,1405.0,Andiast
1.1,12,prot_no_nat,not_young,2,2,2,0,2,1941,Starkes Baumholz,Starkes Baumholz_12,,1370.9,Andiast
0.8,11,prot_no_nat,not_young,2,2,2,0,2,1942,Schwaches Baumholz,Schwaches Baumholz_11,,1041.0,Rueun
0.8,11,prot_no_nat,not_young,2,2,2,0,2,1943,Schwaches Baumholz,Schwaches Baumholz_11,,870.3999999999999,Andiast
1.4,12,prot_no_nat,not_young,2,2,2,0,2,1944,Stangenholz,Stangenholz_12,,1205.9,Pigniu
0.5,12,prot_no_nat,not_young,2,2,2,0,2,1945,Stangenholz,Stangenholz_12,,1269.8,Andiast
0.5,12,prot_no_nat,not_young,2,2,2,0,2,1946,Stangenholz,Stangenholz_12,,1486.7,Andiast
0.9,12,prot_no_nat,not_young,2,2,2,0,2,1947,Schwaches Baumholz,Schwaches Baumholz_12,,1398.5,Andiast
4.5,11,prot_no_nat,not_young,2,2,2,0,2,1948,Schwaches Baumholz,Schwaches Baumholz_11,,1116.5,Rueun
1.0,12,prot_no_nat,not_young,2,2,2,0,2,1949,Stangenholz,Stangenholz_12,,1569.1,Andiast
1.8,8,prot_no_nat,not_young,2,2,2,0,2,1950,Mittleres Baumholz,Mittleres Baumholz_8,,1554.9,Andiast
0.8,12,prot_no_nat,not_young,2,2,2,0,2,1951,Mittleres Baumholz,Mittleres Baumholz_12,,1489.0,Andiast
1.4,12,prot_no_nat,not_young,2,2,2,0,2,1952,Starkes Baumholz,Starkes Baumholz_12,,1313.7,Andiast
2.3,12,prot_no_nat,not_young,2,2,2,0,2,1953,Schwaches Baumholz,Schwaches Baumholz_12,,1129.9,Andiast
4.0,11,prot_no_nat,not_young,2,2,2,0,2,1954,Schwaches Baumholz,Schwaches Baumholz_11,,1053.3,Siat
0.9,11,prot_no_nat,not_young,2,2,2,0,2,1955,Stangenholz,Stangenholz_11,,1141.1,Waltensburg/Vuorz
0.8,11,prot_no_nat,not_young,2,2,2,0,2,1956,Schwaches Baumholz,Schwaches Baumholz_11,,1204.0,Waltensburg/Vuorz
1.4,11,prot_no_nat,not_young,2,2,2,0,2,1957,Stangenholz,Stangenholz_11,,1183.8,Waltensburg/Vuorz
0.7,12,prot_no_nat,not_young,2,2,2,0,2,1958,Schwaches Baumholz,Schwaches Baumholz_12,,1406.2,Andiast
1.4,12,prot_no_nat,not_young,2,2,2,0,2,1959,Schwaches Baumholz,Schwaches Baumholz_12,,1150.6,Andiast
0.5,11,prot_no_nat,not_young,2,2,2,0,2,1960,Mittleres Baumholz,Mittleres Baumholz_11,,904.5,Andiast
1.2,12,prot_no_nat,not_young,2,2,2,0,2,1961,Stangenholz,Stangenholz_12,,1474.7,Andiast
3.7,12,prot_no_nat,not_young,2,2,2,0,2,1962,Mittleres Baumholz,Mittleres Baumholz_12,,1511.9,Andiast
1.3,12,prot_no_nat,not_young,2,2,2,0,2,1963,Mittleres Baumholz,Mittleres Baumholz_12,,1409.6,Andiast
0.5,12,prot_no_nat,not_young,2,2,2,0,2,1964,Stangenholz,Stangenholz_12,,1490.5,Siat
0.5,12,prot_no_nat,not_young,2,2,2,0,2,1965,Mittleres Baumholz,Mittleres Baumholz_12,,1480.3,Siat
0.7,12,prot_no_nat,not_young,2,2,2,0,2,1966,Schwaches Baumholz,Schwaches Baumholz_12,,1560.4,Siat
1.0,12,prot_no_nat,not_young,2,2,2,0,2,1967,Mittleres Baumholz,Mittleres Baumholz_12,,1616.7,Siat
2.8,11,prot_no_nat,not_young,2,2,2,0,2,1968,Stangenholz,Stangenholz_11,,1057.7,Waltensburg/Vuorz
0.9,8,prot_no_nat,not_young,2,2,2,0,2,1969,Mittleres Baumholz,Mittleres Baumholz_8,,1635.8,Andiast
1.4,8,prot_no_nat,not_young,2,2,2,0,2,1970,Mittleres Baumholz,Mittleres Baumholz_8,,1644.6,Andiast
1.1,8,prot_no_nat,not_young,2,2,2,0,2,1971,Stangenholz,Stangenholz_8,,1701.0,Andiast
0.5,8,prot_no_nat,not_young,2,2,2,0,2,1972,Stangenholz,Stangenholz_8,,1682.6,Andiast
1.6,8,prot_no_nat,not_young,2,2,2,0,2,1973,Starkes Baumholz,Starkes Baumholz_8,,1671.1,Andiast
0.8,12,prot_no_nat,not_young,2,2,2,0,2,1974,Mittleres Baumholz,Mittleres Baumholz_12,,1467.1,Andiast
1.5,12,prot_no_nat,not_young,2,2,2,0,2,1975,Schwaches Baumholz,Schwaches Baumholz_12,,1505.5,Andiast
1.0,12,prot_no_nat,not_young,2,2,2,0,2,1976,Mittleres Baumholz,Mittleres Baumholz_12,,1655.1,Siat
0.5,8,prot_no_nat,not_young,2,2,2,0,2,1977,Stangenholz,Stangenholz_8,,1689.7,Andiast
2.7,8,prot_no_nat,not_young,2,2,2,0,2,1978,Mittleres Baumholz,Mittleres Baumholz_8,,1775.6,Andiast
1.7,8,prot_no_nat,not_young,2,2,2,0,2,1979,Mittleres Baumholz,Mittleres Baumholz_8,,1681.9,Waltensburg/Vuorz
0.6,12,prot_no_nat,not_young,2,2,2,0,2,1980,Stangenholz,Stangenholz_12,,1287.2,Andiast
1.2,8,prot_no_nat,not_young,2,2,2,0,2,1981,Mittleres Baumholz,Mittleres Baumholz_8,,1677.1,Siat
1.4,8,prot_no_nat,not_young,2,2,2,0,2,1982,Mittleres Baumholz,Mittleres Baumholz_8,,1715.0,Siat
0.6,8,prot_no_nat,not_young,2,2,2,0,2,1983,Mittleres Baumholz,Mittleres Baumholz_8,,1721.9,Siat
0.6,8,prot_no_nat,not_young,2,2,2,0,2,1984,Schwaches Baumholz,Schwaches Baumholz_8,,1766.8,Siat
1.7,12,prot_no_nat,not_young,2,2,2,0,2,1985,Schwaches Baumholz,Schwaches Baumholz_12,,1360.9,Waltensburg/Vuorz
2.3,12,prot_no_nat,not_young,2,2,2,0,2,1986,Schwaches Baumholz,Schwaches Baumholz_12,,1299.3,Waltensburg/Vuorz
1.5,12,prot_no_nat,not_young,2,2,2,0,2,1987,Mittleres Baumholz,Mittleres Baumholz_12,,1354.7,Waltensburg/Vuorz
1.7,11,prot_no_nat,not_young,2,2,2,0,2,1988,Mittleres Baumholz,Mittleres Baumholz_11,,1276.7,Waltensburg/Vuorz
1.1,12,prot_no_nat,not_young,2,2,2,0,2,1989,Schwaches Baumholz,Schwaches Baumholz_12,,1078.4,Andiast
0.6,12,prot_no_nat,not_young,2,2,2,0,2,1990,Schwaches Baumholz,Schwaches Baumholz_12,,1090.9,Andiast
6.8,11,prot_no_nat,not_young,2,2,2,0,2,1991,Schwaches Baumholz,Schwaches Baumholz_11,,1038.4,Waltensburg/Vuorz
0.6,11,prot_no_nat,not_young,2,2,2,0,2,1992,Schwaches Baumholz,Schwaches Baumholz_11,,896.2,Rueun
2.2,11,prot_no_nat,not_young,2,2,2,0,2,1993,Mittleres Baumholz,Mittleres Baumholz_11,,981.2,Waltensburg/Vuorz
2.0,11,prot_no_nat,not_young,2,2,2,0,2,1994,Schwaches Baumholz,Schwaches Baumholz_11,,1057.0,Waltensburg/Vuorz
0.7,11,prot_no_nat,not_young,2,2,2,0,2,1995,Stangenholz,Stangenholz_11,,740.2,Waltensburg/Vuorz
1.6,11,prot_no_nat,not_young,1,2,2,0,2,1996,Stangenholz,Stangenholz_11,,752.8999999999999,Waltensburg/Vuorz
1.9,11,prot_no_nat,not_young,1,2,2,0,2,1997,Schwaches Baumholz,Schwaches Baumholz_11,,754.1,Waltensburg/Vuorz
0.8,11,prot_no_nat,not_young,1,2,2,0,2,1998,Schwaches Baumholz,Schwaches Baumholz_11,,743.8999999999999,Waltensburg/Vuorz
1.6,11,prot_no_nat,not_young,1,2,2,0,2,1999,Schwaches Baumholz,Schwaches Baumholz_11,,759.2,Waltensburg/Vuorz
3.2,12,prot_no_nat,not_young,2,2,2,0,2,2000,Schwaches Baumholz,Schwaches Baumholz_12,,1090.4,Andiast
1.0,12,prot_no_nat,not_young,2,2,2,0,2,2001,Schwaches Baumholz,Schwaches Baumholz_12,,1365.2,Siat
0.6,11,prot_no_nat,not_young,2,2,2,0,2,2002,Schwaches Baumholz,Schwaches Baumholz_11,,851.0,Rueun
0.6,11,prot_no_nat,not_young,1,2,2,0,2,2003,Schwaches Baumholz,Schwaches Baumholz_11,,737.1,Waltensburg/Vuorz
0.5,11,prot_no_nat,not_young,1,2,2,0,2,2004,Stangenholz,Stangenholz_11,,744.7999999999998,Waltensburg/Vuorz
0.5,11,prot_no_nat,not_young,1,2,2,0,2,2005,Schwaches Baumholz,Schwaches Baumholz_11,,739.8999999999999,Waltensburg/Vuorz
1.9,11,prot_no_nat,not_young,1,2,2,0,2,2006,Schwaches Baumholz,Schwaches Baumholz_11,,739.3999999999999,Waltensburg/Vuorz
1.0,8,prot_no_nat,not_young,2,2,2,0,2,2007,Mittleres Baumholz,Mittleres Baumholz_8,,1640.9,Waltensburg/Vuorz
0.5,12,prot_no_nat,not_young,2,2,2,0,2,2008,Schwaches Baumholz,Schwaches Baumholz_12,,1347.5,Siat
0.7,11,prot_no_nat,not_young,2,2,2,0,2,2009,Schwaches Baumholz,Schwaches Baumholz_11,,1143.4,Rueun
0.8,11,prot_no_nat,not_young,2,2,2,0,2,2010,Stangenholz,Stangenholz_11,,1083.7,Rueun
0.5,11,prot_no_nat,not_young,2,2,2,0,2,2011,Schwaches Baumholz,Schwaches Baumholz_11,,993.4,Rueun
0.7,11,prot_no_nat,not_young,2,2,2,0,2,2012,Stangenholz,Stangenholz_11,,1000.5,Rueun
1.0,12,prot_no_nat,not_young,2,2,2,0,2,2013,Schwaches Baumholz,Schwaches Baumholz_12,,1350.8,Siat
1.2,11,prot_no_nat,not_young,2,2,2,0,2,2014,Mittleres Baumholz,Mittleres Baumholz_11,,1273.7,Rueun
0.8,11,prot_no_nat,not_young,2,2,2,0,2,2015,Stangenholz,Stangenholz_11,,869.1,Waltensburg/Vuorz
5.9,11,res_prot,not_young,1,1,1,0,1,2016,Starkes Baumholz,Starkes Baumholz_11,,929.2,Waltensburg/Vuorz
1.5,11,res_prot,not_young,1,1,1,0,1,2017,Starkes Baumholz,Starkes Baumholz_11,,769.2,Waltensburg/Vuorz
1.0,12,prot_no_nat,not_young,2,2,2,0,2,2018,Mittleres Baumholz,Mittleres Baumholz_12,,1539.3,Andiast
1.0,12,prot_no_nat,not_young,2,2,2,0,2,2019,Mittleres Baumholz,Mittleres Baumholz_12,,1530.8,Andiast
1.3,12,prot_no_nat,not_young,2,2,2,0,2,2020,Mittleres Baumholz,Mittleres Baumholz_12,,1567.5,Waltensburg/Vuorz
0.6,8,prot_no_nat,not_young,2,2,2,0,2,2021,Schwaches Baumholz,Schwaches Baumholz_8,,1573.7,Waltensburg/Vuorz
0.7,12,prot_no_nat,not_young,2,2,2,0,2,2022,Mittleres Baumholz,Mittleres Baumholz_12,,1504.4,Waltensburg/Vuorz
0.9,12,prot_no_nat,not_young,2,2,2,0,2,2023,Schwaches Baumholz,Schwaches Baumholz_12,,1365.5,Siat
1.5,8,prot_no_nat,not_young,2,2,2,0,2,2024,Schwaches Baumholz,Schwaches Baumholz_8,,1739.6,Siat
0.5,8,prot_no_nat,not_young,2,2,2,0,2,2025,Mittleres Baumholz,Mittleres Baumholz_8,,1645.7,Andiast
0.6,8,prot_no_nat,not_young,2,2,2,0,2,2026,Stangenholz,Stangenholz_8,,1633.0,Andiast
0.7,8,prot_no_nat,not_young,2,2,2,0,2,2027,Mittleres Baumholz,Mittleres Baumholz_8,,1585.7,Andiast
1.1,8,prot_no_nat,not_young,2,2,2,0,2,2028,Starkes Baumholz,Starkes Baumholz_8,,1580.6,Andiast
1.1,11,res_prot,not_young,1,1,1,0,1,2029,Starkes Baumholz,Starkes Baumholz_11,,808.6,Waltensburg/Vuorz
0.9,12,prot_no_nat,not_young,2,2,2,0,2,2030,Mittleres Baumholz,Mittleres Baumholz_12,,1345.7,Siat
0.8,8,prot_no_nat,not_young,2,2,2,0,2,2031,Mittleres Baumholz,Mittleres Baumholz_8,,1658.2,Waltensburg/Vuorz
0.6,12,prot_no_nat,not_young,2,2,2,0,2,2032,Mittleres Baumholz,Mittleres Baumholz_12,,1311.3,Andiast
1.6,8,prot_no_nat,not_young,2,2,2,0,2,2033,Stangenholz,Stangenholz_8,,1582.3,Andiast
1.5,11,res_prot,not_young,1,1,1,0,1,2034,Starkes Baumholz,Starkes Baumholz_11,,838.6,Waltensburg/Vuorz
0.6,11,res_prot,not_young,1,1,1,0,1,2035,Mittleres Baumholz,Mittleres Baumholz_11,,789.3999999999999,Waltensburg/Vuorz
2.7,11,prot_no_nat,not_young,2,2,2,0,2,2036,Starkes Baumholz,Starkes Baumholz_11,,1052.2,Waltensburg/Vuorz
1.2,11,res_prot,not_young,1,1,1,0,1,2037,Starkes Baumholz,Starkes Baumholz_11,,947.9,Waltensburg/Vuorz
0.9,11,res_prot,not_young,1,1,1,0,1,2038,Starkes Baumholz,Starkes Baumholz_11,,936.2,Waltensburg/Vuorz
0.7,11,prot_no_nat,not_young,2,2,2,0,2,2039,Stangenholz,Stangenholz_11,,939.9,Rueun
0.9,8,res_prot,not_young,2,2,2,0,2,2040,Stangenholz,Stangenholz_8,,1755.0,Andiast
1.1,8,prot_no_nat,not_young,2,2,2,0,2,2041,Mittleres Baumholz,Mittleres Baumholz_8,,1678.5,Andiast
1.5,12,prot_no_nat,not_young,2,2,2,0,2,2042,Schwaches Baumholz,Schwaches Baumholz_12,,1311.7,Andiast
0.5,12,prot_no_nat,not_young,2,2,2,0,2,2043,Mittleres Baumholz,Mittleres Baumholz_12,,1482.2,Siat
0.9,12,prot_no_nat,not_young,2,2,2,0,2,2044,Mittleres Baumholz,Mittleres Baumholz_12,,1603.7,Siat
1.1,11,prot_no_nat,not_young,2,2,2,0,2,2045,Starkes Baumholz,Starkes Baumholz_11,,1064.3,Rueun
1.6,11,prot_no_nat,not_young,2,2,2,0,2,2046,Mittleres Baumholz,Mittleres Baumholz_11,,1238.3,Waltensburg/Vuorz
0.7,12,prot_no_nat,not_young,2,2,2,0,2,2047,Mittleres Baumholz,Mittleres Baumholz_12,,1413.7,Waltensburg/Vuorz
0.9,12,prot_no_nat,not_young,2,2,2,0,2,2048,Mittleres Baumholz,Mittleres Baumholz_12,,1500.7,Waltensburg/Vuorz
1.2,11,prot_no_nat,not_young,2,2,2,0,2,2049,Schwaches Baumholz,Schwaches Baumholz_11,,1237.3,Rueun
1.2,11,prot_no_nat,not_young,2,2,2,0,2,2050,Stangenholz,Stangenholz_11,,1137.3,Siat
2.3,11,prot_no_nat,not_young,2,2,2,0,2,2051,Starkes Baumholz,Starkes Baumholz_11,,859.7,Rueun
0.8,11,prot_no_nat,not_young,2,2,2,0,2,2052,Schwaches Baumholz,Schwaches Baumholz_11,,1045.7,Siat
1.7,11,prot_no_nat,not_young,2,2,2,0,2,2053,Schwaches Baumholz,Schwaches Baumholz_11,,1092.5,Siat
2.2,8,res_prot,not_young,2,2,2,0,2,2054,Mittleres Baumholz,Mittleres Baumholz_8,,1692.3,Andiast
0.9,8,res_prot,not_young,2,2,2,0,2,2055,Mittleres Baumholz,Mittleres Baumholz_8,,1729.0,Andiast
0.5,8,res_prot,not_young,2,2,2,0,2,2056,Mittleres Baumholz,Mittleres Baumholz_8,,1695.3,Andiast
1.8,8,res_prot,not_young,2,2,2,0,2,2057,Starkes Baumholz,Starkes Baumholz_8,,1598.8,Andiast
0.7,11,prot_no_nat,not_young,2,2,2,0,2,2058,Schwaches Baumholz,Schwaches Baumholz_11,,1109.0,Siat
2.3,11,prot_no_nat,not_young,2,2,2,0,2,2059,Stangenholz,Stangenholz_11,,1210.8,Siat
0.8,11,prot_no_nat,not_young,2,2,2,0,2,2060,Schwaches Baumholz,Schwaches Baumholz_11,,1161.5,Siat
0.5,11,prot_no_nat,not_young,2,2,2,0,2,2061,Stangenholz,Stangenholz_11,,1011.0,Siat
0.7,12,prot_no_nat,not_young,2,2,2,0,2,2062,Mittleres Baumholz,Mittleres Baumholz_12,,1373.1,Andiast
0.5,12,prot_no_nat,not_young,2,2,2,0,2,2063,Mittleres Baumholz,Mittleres Baumholz_12,,1328.3,Andiast
0.5,12,prot_no_nat,not_young,2,2,2,0,2,2064,Stangenholz,Stangenholz_12,,1402.1,Andiast
1.0,8,res_prot,not_young,2,2,2,0,2,2065,Starkes Baumholz,Starkes Baumholz_8,,1581.7,Andiast
1.1,12,prot_no_nat,not_young,2,2,2,0,2,2066,Stangenholz,Stangenholz_12,,1379.1,Andiast
1.1,12,prot_no_nat,not_young,2,2,2,0,2,2067,Schwaches Baumholz,Schwaches Baumholz_12,,1056.8,Andiast
1.5,12,prot_no_nat,not_young,2,2,2,0,2,2068,Mittleres Baumholz,Mittleres Baumholz_12,,1003.4,Andiast
1.4,11,prot_no_nat,not_young,2,2,2,0,2,2069,Stangenholz,Stangenholz_11,,940.9,Andiast
1.0,11,prot_no_nat,not_young,2,2,2,0,2,2070,Stangenholz,Stangenholz_11,,1040.8,Andiast
1.8,11,prot_no_nat,not_young,2,2,2,0,2,2071,Schwaches Baumholz,Schwaches Baumholz_11,,1070.0,Siat
1.1,12,prot_no_nat,not_young,2,2,2,0,2,2072,Mittleres Baumholz,Mittleres Baumholz_12,,1567.8,Siat
0.5,12,prot_no_nat,not_young,2,2,2,0,2,2073,Mittleres Baumholz,Mittleres Baumholz_12,,1631.2,Siat
2.2,12,prot_no_nat,not_young,2,2,2,0,2,2074,Schwaches Baumholz,Schwaches Baumholz_12,,1524.2,Andiast
0.5,12,prot_no_nat,not_young,2,2,2,0,2,2075,Mittleres Baumholz,Mittleres Baumholz_12,,1535.5,Andiast
0.6,12,prot_no_nat,not_young,2,2,2,0,2,2076,Mittleres Baumholz,Mittleres Baumholz_12,,1548.7,Andiast
2.1,11,prot_no_nat,not_young,2,2,2,0,2,2077,Starkes Baumholz,Starkes Baumholz_11,,779.0,Rueun
0.6,11,prot_no_nat,not_young,2,2,2,0,2,2078,Stangenholz,Stangenholz_11,,737.8999999999999,Rueun
8.5,11,prot_no_nat,not_young,2,2,2,0,2,2079,Schwaches Baumholz,Schwaches Baumholz_11,,1002.8,Andiast
0.7,11,prot_no_nat,not_young,2,2,2,0,2,2080,Mittleres Baumholz,Mittleres Baumholz_11,,948.2,Andiast
1.5,12,prot_no_nat,not_young,2,2,2,0,2,2081,Mittleres Baumholz,Mittleres Baumholz_12,,1373.5,Andiast
1.7,12,prot_no_nat,not_young,2,2,2,0,2,2082,Mittleres Baumholz,Mittleres Baumholz_12,,1386.0,Andiast
1.1,12,prot_no_nat,not_young,2,2,2,0,2,2083,Mittleres Baumholz,Mittleres Baumholz_12,,1552.9,Andiast
1.0,12,prot_no_nat,not_young,2,2,2,0,2,2084,Mittleres Baumholz,Mittleres Baumholz_12,,1545.3,Andiast
1.5,12,prot_no_nat,not_young,2,2,2,0,2,2085,Starkes Baumholz,Starkes Baumholz_12,,1495.6,Andiast
0.7,12,prot_no_nat,not_young,2,2,2,0,2,2086,Mittleres Baumholz,Mittleres Baumholz_12,,1581.8,Andiast
0.5,12,prot_no_nat,not_young,2,2,2,0,2,2087,Mittleres Baumholz,Mittleres Baumholz_12,,1593.3,Andiast
1.1,12,prot_no_nat,not_young,2,2,2,0,2,2088,Mittleres Baumholz,Mittleres Baumholz_12,,1461.4,Andiast
0.6,12,prot_no_nat,not_young,2,2,2,0,2,2089,Mittleres Baumholz,Mittleres Baumholz_12,,1415.8,Andiast
0.6,12,prot_no_nat,not_young,2,2,2,0,2,2090,Schwaches Baumholz,Schwaches Baumholz_12,,1406.5,Andiast
0.9,12,prot_no_nat,not_young,2,2,2,0,2,2091,Schwaches Baumholz,Schwaches Baumholz_12,,1576.0,Andiast
0.9,12,prot_no_nat,not_young,2,2,2,0,2,2092,Mittleres Baumholz,Mittleres Baumholz_12,,1519.3,Andiast
0.9,11,prot_no_nat,not_young,2,2,2,0,2,2093,Mittleres Baumholz,Mittleres Baumholz_11,,811.5,Rueun
0.6,11,prot_no_nat,not_young,2,2,2,0,2,2094,Schwaches Baumholz,Schwaches Baumholz_11,,854.5,Rueun
0.6,8,prot_no_nat,not_young,2,2,2,0,2,2095,Schwaches Baumholz,Schwaches Baumholz_8,,1574.5,Waltensburg/Vuorz
1.1,12,prot_no_nat,not_young,2,2,2,0,2,2096,Schwaches Baumholz,Schwaches Baumholz_12,,1355.1,Siat
0.7,12,prot_no_nat,not_young,2,2,2,0,2,2097,Schwaches Baumholz,Schwaches Baumholz_12,,1571.5,Andiast
0.9,8,prot_no_nat,not_young,2,2,2,0,2,2098,Mittleres Baumholz,Mittleres Baumholz_8,,1626.8,Andiast
1.7,12,prot_no_nat,not_young,2,2,2,0,2,2099,Mittleres Baumholz,Mittleres Baumholz_12,,1590.6,Andiast
0.7,12,prot_no_nat,not_young,2,2,2,0,2,2100,Schwaches Baumholz,Schwaches Baumholz_12,,1502.2,Waltensburg/Vuorz
0.9,8,prot_no_nat,not_young,2,2,2,0,2,2101,Mittleres Baumholz,Mittleres Baumholz_8,,1696.1,Waltensburg/Vuorz
1.3,12,prot_no_nat,not_young,2,2,2,0,2,2102,Stangenholz,Stangenholz_12,,1240.7,Andiast
0.5,12,prot_no_nat,not_young,2,2,2,0,2,2103,Stangenholz,Stangenholz_12,,1240.3,Andiast
1.1,11,prot_no_nat,not_young,2,2,2,0,2,2104,Stangenholz,Stangenholz_11,,1255.6,Andiast
0.9,11,prot_no_nat,not_young,2,2,2,0,2,2105,Stangenholz,Stangenholz_11,,1287.7,Andiast
1.0,8,prot_no_nat,not_young,2,2,2,0,2,2106,Schwaches Baumholz,Schwaches Baumholz_8,,1634.7,Andiast
1.2,5,prot_no_nat,not_young,2,2,2,0,2,2107,Schwaches Baumholz,Schwaches Baumholz_5,,1915.6,Andiast
0.8,8,prot_no_nat,not_young,2,2,2,0,2,2108,Schwaches Baumholz,Schwaches Baumholz_8,,1771.4,Waltensburg/Vuorz
1.1,8,prot_no_nat,not_young,2,2,2,0,2,2109,Stangenholz,Stangenholz_8,,1701.1,Waltensburg/Vuorz
0.6,12,prot_no_nat,not_young,2,2,2,0,2,2110,Starkes Baumholz,Starkes Baumholz_12,,1532.3,Waltensburg/Vuorz
0.5,12,prot_no_nat,not_young,2,2,2,0,2,2111,Mittleres Baumholz,Mittleres Baumholz_12,,1545.4,Waltensburg/Vuorz
1.5,8,prot_no_nat,not_young,2,2,2,0,2,2112,Schwaches Baumholz,Schwaches Baumholz_8,,1695.5,Waltensburg/Vuorz
0.8,8,prot_no_nat,not_young,2,2,2,0,2,2113,Schwaches Baumholz,Schwaches Baumholz_8,,1752.9,Waltensburg/Vuorz
0.6,8,prot_no_nat,not_young,2,2,2,0,2,2114,Schwaches Baumholz,Schwaches Baumholz_8,,1804.8,Waltensburg/Vuorz
1.5,8,prot_no_nat,not_young,2,2,2,0,2,2115,Stangenholz,Stangenholz_8,,1649.6,Waltensburg/Vuorz
1.5,11,prot_no_nat,not_young,2,2,2,0,2,2116,Mittleres Baumholz,Mittleres Baumholz_11,,830.6,Waltensburg/Vuorz
0.5,11,prot_no_nat,not_young,2,2,2,0,2,2117,Schwaches Baumholz,Schwaches Baumholz_11,,884.6,Waltensburg/Vuorz
2.3,11,prot_no_nat,not_young,2,2,2,0,2,2118,Starkes Baumholz,Starkes Baumholz_11,,921.3,Waltensburg/Vuorz
1.2,11,prot_no_nat,not_young,2,2,2,0,2,2119,Mittleres Baumholz,Mittleres Baumholz_11,,907.9,Waltensburg/Vuorz
0.8,11,prot_no_nat,not_young,2,2,2,0,2,2120,Mittleres Baumholz,Mittleres Baumholz_11,,1220.1,Waltensburg/Vuorz
2.4,11,prot_no_nat,not_young,2,2,2,0,2,2121,Mittleres Baumholz,Mittleres Baumholz_11,,1206.3,Waltensburg/Vuorz
1.0,11,prot_no_nat,not_young,2,2,2,0,2,2122,Mittleres Baumholz,Mittleres Baumholz_11,,1248.8,Waltensburg/Vuorz
0.6,11,prot_no_nat,not_young,2,2,2,0,2,2123,Mittleres Baumholz,Mittleres Baumholz_11,,1169.8,Waltensburg/Vuorz
0.7,11,prot_no_nat,not_young,2,2,2,0,2,2124,Schwaches Baumholz,Schwaches Baumholz_11,,1209.2,Waltensburg/Vuorz
2.0,11,prot_no_nat,not_young,2,2,2,0,2,2125,Stangenholz,Stangenholz_11,,943.8,Waltensburg/Vuorz
1.2,11,prot_no_nat,not_young,2,2,2,0,2,2126,Schwaches Baumholz,Schwaches Baumholz_11,,796.7,Waltensburg/Vuorz
2.0,12,prot_no_nat,not_young,2,2,2,0,2,2127,Stangenholz,Stangenholz_12,,1235.5,Andiast
0.9,12,prot_no_nat,not_young,2,2,2,0,2,2128,Mittleres Baumholz,Mittleres Baumholz_12,,1198.8,Andiast
1.7,12,prot_no_nat,not_young,2,2,2,0,2,2129,Stangenholz,Stangenholz_12,,1219.3,Andiast
1.5,12,prot_no_nat,not_young,2,2,2,0,2,2130,Schwaches Baumholz,Schwaches Baumholz_12,,1199.2,Andiast
1.1,11,prot_no_nat,not_young,2,2,2,0,2,2131,Schwaches Baumholz,Schwaches Baumholz_11,,961.4,Waltensburg/Vuorz
1.0,8,prot_no_nat,not_young,2,2,2,0,2,2132,Schwaches Baumholz,Schwaches Baumholz_8,,1706.2,Waltensburg/Vuorz
0.6,8,prot_no_nat,not_young,2,2,2,0,2,2133,Schwaches Baumholz,Schwaches Baumholz_8,,1793.3,Waltensburg/Vuorz
0.7,11,prot_no_nat,not_young,2,2,2,0,2,2134,Schwaches Baumholz,Schwaches Baumholz_11,,1042.7,Siat
0.8,8,prot_no_nat,not_young,2,2,2,0,2,2135,Schwaches Baumholz,Schwaches Baumholz_8,,1753.5,Waltensburg/Vuorz
0.7,12,prot_no_nat,not_young,2,2,2,0,2,2136,Starkes Baumholz,Starkes Baumholz_12,,1250.6,Andiast
1.3,12,prot_no_nat,not_young,2,2,2,0,2,2137,Mittleres Baumholz,Mittleres Baumholz_12,,1450.9,Andiast
1.5,12,prot_no_nat,not_young,2,2,2,0,2,2138,Starkes Baumholz,Starkes Baumholz_12,,1421.4,Andiast
1.0,11,prot_no_nat,not_young,2,2,2,0,2,2139,Stangenholz,Stangenholz_11,,1201.4,Waltensburg/Vuorz
2.1,11,prot_no_nat,not_young,2,2,2,0,2,2140,Mittleres Baumholz,Mittleres Baumholz_11,,812.7,Waltensburg/Vuorz
3.0,11,prot_no_nat,not_young,2,2,2,0,2,2141,Schwaches Baumholz,Schwaches Baumholz_11,,1008.2,Waltensburg/Vuorz
2.2,11,prot_no_nat,not_young,2,2,2,0,2,2142,Starkes Baumholz,Starkes Baumholz_11,,870.8999999999999,Waltensburg/Vuorz
2.8,11,prot_no_nat,not_young,2,2,2,0,2,2143,Starkes Baumholz,Starkes Baumholz_11,,797.2,Waltensburg/Vuorz
0.7,11,prot_no_nat,not_young,2,2,2,0,2,2144,Mittleres Baumholz,Mittleres Baumholz_11,,798.0,Waltensburg/Vuorz
2.4,11,prot_no_nat,not_young,2,2,2,0,2,2145,Starkes Baumholz,Starkes Baumholz_11,,995.8,Waltensburg/Vuorz
1.7,11,prot_no_nat,not_young,2,2,2,0,2,2146,Schwaches Baumholz,Schwaches Baumholz_11,,964.7,Waltensburg/Vuorz
1.7,11,prot_no_nat,not_young,2,2,2,0,2,2147,Stangenholz,Stangenholz_11,,759.8999999999999,Waltensburg/Vuorz
1.4,11,prot_no_nat,not_young,2,2,2,0,2,2148,Schwaches Baumholz,Schwaches Baumholz_11,,1072.8,Waltensburg/Vuorz
0.9,11,prot_no_nat,not_young,2,2,2,0,2,2149,Mittleres Baumholz,Mittleres Baumholz_11,,1096.9,Waltensburg/Vuorz
1.0,11,prot_no_nat,not_young,2,2,2,0,2,2150,Stangenholz,Stangenholz_11,,1047.5,Waltensburg/Vuorz
1.6,11,prot_no_nat,not_young,2,2,2,0,2,2151,Starkes Baumholz,Starkes Baumholz_11,,793.7999999999998,Waltensburg/Vuorz
1.6,11,prot_no_nat,not_young,2,2,2,0,2,2152,Mittleres Baumholz,Mittleres Baumholz_11,,831.1,Waltensburg/Vuorz
2.9,11,prot_no_nat,not_young,2,2,2,0,2,2153,Mittleres Baumholz,Mittleres Baumholz_11,,808.1,Waltensburg/Vuorz
1.2,11,prot_no_nat,not_young,2,2,2,0,2,2154,Schwaches Baumholz,Schwaches Baumholz_11,,820.0,Waltensburg/Vuorz
0.5,8,prot_no_nat,not_young,2,2,2,0,2,2155,Schwaches Baumholz,Schwaches Baumholz_8,,1774.4,Waltensburg/Vuorz
1.9,8,prot_no_nat,not_young,2,2,2,0,2,2156,Mittleres Baumholz,Mittleres Baumholz_8,,1601.4,Waltensburg/Vuorz
0.5,8,prot_no_nat,not_young,2,2,2,0,2,2157,Schwaches Baumholz,Schwaches Baumholz_8,,1824.9,Waltensburg/Vuorz
0.8,8,prot_no_nat,not_young,2,2,2,0,2,2158,Stangenholz,Stangenholz_8,,1788.4,Waltensburg/Vuorz
0.6,8,prot_no_nat,not_young,2,2,2,0,2,2159,Schwaches Baumholz,Schwaches Baumholz_8,,1647.1,Waltensburg/Vuorz
0.7,8,prot_no_nat,not_young,2,2,2,0,2,2160,Schwaches Baumholz,Schwaches Baumholz_8,,1842.0,Andiast
0.6,12,prot_no_nat,not_young,2,2,2,0,2,2161,Schwaches Baumholz,Schwaches Baumholz_12,,1596.9,Andiast
0.8,11,prot_no_nat,not_young,2,2,2,0,2,2162,Stangenholz,Stangenholz_11,,924.1,Waltensburg/Vuorz
1.2,11,prot_no_nat,not_young,2,2,2,0,2,2163,Schwaches Baumholz,Schwaches Baumholz_11,,912.4,Waltensburg/Vuorz
2.1,11,prot_no_nat,not_young,2,2,2,0,2,2164,Schwaches Baumholz,Schwaches Baumholz_11,,868.5,Waltensburg/Vuorz
2.0,11,prot_no_nat,not_young,2,2,2,0,2,2165,Mittleres Baumholz,Mittleres Baumholz_11,,887.0,Waltensburg/Vuorz
0.6,11,prot_no_nat,not_young,2,2,2,0,2,2166,Stangenholz,Stangenholz_11,,853.0,Waltensburg/Vuorz
1.2,11,prot_no_nat,not_young,2,2,2,0,2,2167,Mittleres Baumholz,Mittleres Baumholz_11,,1114.2,Waltensburg/Vuorz
0.8,11,prot_no_nat,not_young,2,2,2,0,2,2168,Schwaches Baumholz,Schwaches Baumholz_11,,954.2,Waltensburg/Vuorz
1.7,11,prot_no_nat,not_young,2,2,2,0,2,2169,Starkes Baumholz,Starkes Baumholz_11,,1003.4,Waltensburg/Vuorz
1.0,11,prot_no_nat,not_young,2,2,2,0,2,2170,Mittleres Baumholz,Mittleres Baumholz_11,,1283.9,Andiast
0.8,8,prot_no_nat,not_young,2,2,2,0,2,2171,Schwaches Baumholz,Schwaches Baumholz_8,,1711.9,Waltensburg/Vuorz
2.4,8,prot_no_nat,not_young,2,2,2,0,2,2172,Schwaches Baumholz,Schwaches Baumholz_8,,1620.1,Waltensburg/Vuorz
0.6,8,prot_no_nat,not_young,2,2,2,0,2,2173,Schwaches Baumholz,Schwaches Baumholz_8,,1613.3,Waltensburg/Vuorz
0.7,12,prot_no_nat,not_young,2,2,2,0,2,2174,Stangenholz,Stangenholz_12,,1553.0,Waltensburg/Vuorz
1.0,12,prot_no_nat,not_young,2,2,2,0,2,2175,Schwaches Baumholz,Schwaches Baumholz_12,,1566.3,Waltensburg/Vuorz
1.0,12,prot_no_nat,not_young,2,2,2,0,2,2176,Mittleres Baumholz,Mittleres Baumholz_12,,1440.8,Andiast
1.6,12,prot_no_nat,not_young,2,2,2,0,2,2177,Starkes Baumholz,Starkes Baumholz_12,,1459.9,Andiast
1.5,8,prot_no_nat,not_young,2,2,2,0,2,2178,Mittleres Baumholz,Mittleres Baumholz_8,,1636.6,Andiast
1.2,8,prot_no_nat,not_young,2,2,2,0,2,2179,Mittleres Baumholz,Mittleres Baumholz_8,,1610.9,Andiast
2.2,8,prot_no_nat,not_young,2,2,2,0,2,2180,Mittleres Baumholz,Mittleres Baumholz_8,,1684.7,Andiast
0.8,12,prot_no_nat,not_young,2,2,2,0,2,2181,Schwaches Baumholz,Schwaches Baumholz_12,,1611.5,Andiast
1.3,8,prot_no_nat,not_young,2,2,2,0,2,2182,Mittleres Baumholz,Mittleres Baumholz_8,,1658.7,Andiast
0.6,11,prot_no_nat,not_young,2,2,2,0,2,2183,Mittleres Baumholz,Mittleres Baumholz_11,,776.6,Waltensburg/Vuorz
2.4,11,prot_no_nat,not_young,2,2,2,0,2,2184,Mittleres Baumholz,Mittleres Baumholz_11,,866.1,Waltensburg/Vuorz
0.6,11,prot_no_nat,not_young,2,2,2,0,2,2185,Stangenholz,Stangenholz_11,,782.7,Waltensburg/Vuorz
1.3,11,prot_no_nat,not_young,2,2,2,0,2,2186,Schwaches Baumholz,Schwaches Baumholz_11,,803.6,Waltensburg/Vuorz
2.8,11,prot_no_nat,not_young,2,2,2,0,2,2187,Starkes Baumholz,Starkes Baumholz_11,,853.0,Waltensburg/Vuorz
2.1,11,prot_no_nat,not_young,2,2,2,0,2,2188,Schwaches Baumholz,Schwaches Baumholz_11,,793.6,Waltensburg/Vuorz
0.7,11,prot_no_nat,not_young,2,2,2,0,2,2189,Schwaches Baumholz,Schwaches Baumholz_11,,819.7,Waltensburg/Vuorz
0.7,11,prot_no_nat,not_young,2,2,2,0,2,2190,Mittleres Baumholz,Mittleres Baumholz_11,,795.6,Waltensburg/Vuorz
0.9,11,prot_no_nat,not_young,2,2,2,0,2,2191,Stangenholz,Stangenholz_11,,800.7999999999998,Waltensburg/Vuorz
3.1,11,prot_no_nat,not_young,2,2,2,0,2,2192,Stangenholz,Stangenholz_11,,894.0,Waltensburg/Vuorz
1.0,11,prot_no_nat,not_young,2,2,2,0,2,2193,Stangenholz,Stangenholz_11,,788.7,Waltensburg/Vuorz
2.0,11,prot_no_nat,not_young,2,2,2,0,2,2194,Schwaches Baumholz,Schwaches Baumholz_11,,780.1,Waltensburg/Vuorz
2.9,11,res_prot,not_young,1,1,1,0,1,2195,Schwaches Baumholz,Schwaches Baumholz_11,,883.6,Waltensburg/Vuorz
0.9,11,prot_no_nat,not_young,2,2,2,0,2,2196,Stangenholz,Stangenholz_11,,760.0,Waltensburg/Vuorz
0.7,11,prot_no_nat,not_young,2,2,2,0,2,2197,Stangenholz,Stangenholz_11,,759.2999999999998,Rueun
0.8,8,prot_no_nat,not_young,2,2,2,0,2,2198,Schwaches Baumholz,Schwaches Baumholz_8,,1612.4,Andiast
0.5,12,prot_no_nat,not_young,2,2,2,0,2,2199,Mittleres Baumholz,Mittleres Baumholz_12,,1552.8,Andiast
1.4,8,prot_no_nat,not_young,2,2,2,0,2,2200,Mittleres Baumholz,Mittleres Baumholz_8,,1688.2,Andiast
2.1,8,prot_no_nat,not_young,2,2,2,0,2,2201,Mittleres Baumholz,Mittleres Baumholz_8,,1607.4,Andiast
1.3,8,prot_no_nat,not_young,2,2,2,0,2,2202,Schwaches Baumholz,Schwaches Baumholz_8,,1634.9,Andiast
0.9,11,prot_no_nat,not_young,2,2,2,0,2,2203,Mittleres Baumholz,Mittleres Baumholz_11,,1028.0,Waltensburg/Vuorz
1.4,11,prot_no_nat,not_young,2,2,2,0,2,2204,Mittleres Baumholz,Mittleres Baumholz_11,,1092.6,Waltensburg/Vuorz
0.6,11,prot_no_nat,not_young,2,2,2,0,2,2205,Schwaches Baumholz,Schwaches Baumholz_11,,1033.3,Waltensburg/Vuorz
2.2,11,prot_no_nat,not_young,2,2,2,0,2,2206,Starkes Baumholz,Starkes Baumholz_11,,890.2,Waltensburg/Vuorz
0.8,11,prot_no_nat,not_young,2,2,2,0,2,2207,Schwaches Baumholz,Schwaches Baumholz_11,,1147.1,Waltensburg/Vuorz
0.6,11,prot_no_nat,not_young,2,2,2,0,2,2208,Mittleres Baumholz,Mittleres Baumholz_11,,1234.6,Waltensburg/Vuorz
1.6,11,prot_no_nat,not_young,2,2,2,0,2,2209,Schwaches Baumholz,Schwaches Baumholz_11,,1089.0,Waltensburg/Vuorz
3.8,11,prot_no_nat,not_young,2,2,2,0,2,2210,Schwaches Baumholz,Schwaches Baumholz_11,,961.8,Waltensburg/Vuorz
0.5,11,prot_no_nat,not_young,2,2,2,0,2,2211,Stangenholz,Stangenholz_11,,770.5,Waltensburg/Vuorz
1.3,11,prot_no_nat,not_young,2,2,2,0,2,2212,Mittleres Baumholz,Mittleres Baumholz_11,,829.2999999999998,Waltensburg/Vuorz
2.3,8,prot_no_nat,not_young,2,2,2,0,2,2213,Mittleres Baumholz,Mittleres Baumholz_8,,1646.6,Waltensburg/Vuorz
2.9,11,prot_no_nat,not_young,2,2,2,0,2,2214,Stangenholz,Stangenholz_11,,821.5,Waltensburg/Vuorz
0.9,8,prot_no_nat,not_young,2,2,2,0,2,2215,Mittleres Baumholz,Mittleres Baumholz_8,,1654.7,Waltensburg/Vuorz
1.7,12,prot_no_nat,not_young,2,2,2,0,2,2216,Schwaches Baumholz,Schwaches Baumholz_12,,1513.5,Waltensburg/Vuorz
1.1,12,prot_no_nat,not_young,2,2,2,0,2,2217,Schwaches Baumholz,Schwaches Baumholz_12,,1478.6,Waltensburg/Vuorz
1.3,8,prot_no_nat,not_young,2,2,2,0,2,2218,Schwaches Baumholz,Schwaches Baumholz_8,,1794.9,Waltensburg/Vuorz
0.6,11,prot_no_nat,not_young,2,2,2,0,2,2219,Schwaches Baumholz,Schwaches Baumholz_11,,1158.1,Rueun
0.6,11,prot_no_nat,not_young,2,2,2,0,2,2220,Mittleres Baumholz,Mittleres Baumholz_11,,1169.7,Waltensburg/Vuorz
0.5,11,prot_no_nat,not_young,2,2,2,0,2,2221,Stangenholz,Stangenholz_11,,1058.2,Waltensburg/Vuorz
2.2,8,prot_no_nat,not_young,2,2,2,0,2,2222,Schwaches Baumholz,Schwaches Baumholz_8,,1660.1,Andiast
1.6,8,prot_no_nat,not_young,2,2,2,0,2,2223,Mittleres Baumholz,Mittleres Baumholz_8,,1681.0,Andiast
1.3,12,prot_no_nat,not_young,2,2,2,0,2,2224,Schwaches Baumholz,Schwaches Baumholz_12,,1551.2,Waltensburg/Vuorz
0.6,8,prot_no_nat,not_young,2,2,2,0,2,2225,Schwaches Baumholz,Schwaches Baumholz_8,,1628.3,Waltensburg/Vuorz
0.6,8,prot_no_nat,not_young,2,2,2,0,2,2226,Stangenholz,Stangenholz_8,,1669.7,Waltensburg/Vuorz
1.0,8,prot_no_nat,not_young,2,2,2,0,2,2227,Schwaches Baumholz,Schwaches Baumholz_8,,1625.0,Waltensburg/Vuorz
2.5,11,prot_no_nat,not_young,2,2,2,0,2,2228,Schwaches Baumholz,Schwaches Baumholz_11,,926.0,Waltensburg/Vuorz
1.3,11,prot_no_nat,not_young,2,2,2,0,2,2229,Starkes Baumholz,Starkes Baumholz_11,,801.6,Waltensburg/Vuorz
2.2,11,prot_no_nat,not_young,2,2,2,0,2,2230,Mittleres Baumholz,Mittleres Baumholz_11,,876.8999999999999,Waltensburg/Vuorz
4.5,11,prot_no_nat,not_young,2,2,2,0,2,2231,Schwaches Baumholz,Schwaches Baumholz_11,,946.1,Waltensburg/Vuorz
1.2,11,prot_no_nat,not_young,2,2,2,0,2,2232,Schwaches Baumholz,Schwaches Baumholz_11,,963.4,Waltensburg/Vuorz
2.2,11,prot_no_nat,not_young,2,2,2,0,2,2233,Mittleres Baumholz,Mittleres Baumholz_11,,868.3999999999999,Waltensburg/Vuorz
3.6,11,prot_no_nat,not_young,2,2,2,0,2,2234,Mittleres Baumholz,Mittleres Baumholz_11,,820.2999999999998,Waltensburg/Vuorz
0.6,11,prot_no_nat,not_young,2,2,2,0,2,2235,Schwaches Baumholz,Schwaches Baumholz_11,,778.3999999999999,Waltensburg/Vuorz
1.3,11,prot_no_nat,not_young,2,2,2,0,2,2236,Schwaches Baumholz,Schwaches Baumholz_11,,1081.7,Waltensburg/Vuorz
1.3,12,prot_no_nat,not_young,2,2,2,0,2,2237,Schwaches Baumholz,Schwaches Baumholz_12,,1609.4,Waltensburg/Vuorz
2.0,8,prot_no_nat,not_young,2,2,2,0,2,2238,Stangenholz,Stangenholz_8,,1631.2,Waltensburg/Vuorz
0.6,8,prot_no_nat,not_young,2,2,2,0,2,2239,Schwaches Baumholz,Schwaches Baumholz_8,,1690.6,Waltensburg/Vuorz
0.9,8,prot_no_nat,not_young,2,2,2,0,2,2240,Schwaches Baumholz,Schwaches Baumholz_8,,1637.9,Waltensburg/Vuorz
1.0,8,prot_no_nat,not_young,2,2,2,0,2,2241,Schwaches Baumholz,Schwaches Baumholz_8,,1659.0,Waltensburg/Vuorz
0.8,11,prot_no_nat,not_young,2,2,2,0,2,2242,Mittleres Baumholz,Mittleres Baumholz_11,,1247.2,Waltensburg/Vuorz
1.3,11,prot_no_nat,not_young,2,2,2,0,2,2243,Schwaches Baumholz,Schwaches Baumholz_11,,1220.6,Waltensburg/Vuorz
1.4,11,prot_no_nat,not_young,2,2,2,0,2,2244,Schwaches Baumholz,Schwaches Baumholz_11,,1245.4,Waltensburg/Vuorz
1.0,8,prot_no_nat,not_young,2,2,2,0,2,2245,Schwaches Baumholz,Schwaches Baumholz_8,,1794.1,Waltensburg/Vuorz
2.0,12,prot_no_nat,not_young,2,2,2,0,2,2246,Starkes Baumholz,Starkes Baumholz_12,,1281.4,Andiast
0.6,8,prot_no_nat,not_young,2,2,2,0,2,2247,Stangenholz,Stangenholz_8,,1728.2,Waltensburg/Vuorz
1.2,8,prot_no_nat,not_young,2,2,2,0,2,2248,Schwaches Baumholz,Schwaches Baumholz_8,,1780.2,Waltensburg/Vuorz
1.8,8,prot_no_nat,not_young,2,2,2,0,2,2249,Schwaches Baumholz,Schwaches Baumholz_8,,1701.6,Waltensburg/Vuorz
0.8,8,prot_no_nat,not_young,2,2,2,0,2,2250,Schwaches Baumholz,Schwaches Baumholz_8,,1694.7,Andiast
1.0,8,prot_no_nat,not_young,2,2,2,0,2,2251,Mittleres Baumholz,Mittleres Baumholz_8,,1679.9,Andiast
1.5,8,prot_no_nat,not_young,2,2,2,0,2,2252,Starkes Baumholz,Starkes Baumholz_8,,1653.0,Waltensburg/Vuorz
1.3,8,prot_no_nat,not_young,2,2,2,0,2,2253,Schwaches Baumholz,Schwaches Baumholz_8,,1586.4,Waltensburg/Vuorz
2.2,11,prot_no_nat,not_young,2,2,2,0,2,2254,Stangenholz,Stangenholz_11,,1158.7,Waltensburg/Vuorz
3.2,11,prot_no_nat,not_young,2,2,2,0,2,2255,Mittleres Baumholz,Mittleres Baumholz_11,,1035.9,Waltensburg/Vuorz
0.5,12,prot_no_nat,not_young,2,2,2,0,2,2256,Schwaches Baumholz,Schwaches Baumholz_12,,1539.9,Andiast
0.7,8,prot_no_nat,not_young,2,2,2,0,2,2257,Schwaches Baumholz,Schwaches Baumholz_8,,1654.5,Waltensburg/Vuorz
1.1,8,prot_no_nat,not_young,2,2,2,0,2,2258,Schwaches Baumholz,Schwaches Baumholz_8,,1634.9,Waltensburg/Vuorz
0.9,8,prot_no_nat,not_young,2,2,2,0,2,2259,Mittleres Baumholz,Mittleres Baumholz_8,,1597.9,Waltensburg/Vuorz
0.5,8,prot_no_nat,not_young,2,2,2,0,2,2260,Stangenholz,Stangenholz_8,,1586.6,Waltensburg/Vuorz
2.6,8,prot_no_nat,not_young,2,2,2,0,2,2261,Schwaches Baumholz,Schwaches Baumholz_8,,1644.3,Waltensburg/Vuorz
1.5,11,prot_no_nat,not_young,2,2,2,0,2,2262,Mittleres Baumholz,Mittleres Baumholz_11,,1147.3,Waltensburg/Vuorz
0.7,11,prot_no_nat,not_young,2,2,2,0,2,2263,Schwaches Baumholz,Schwaches Baumholz_11,,1054.2,Waltensburg/Vuorz
1.3,11,prot_no_nat,not_young,2,2,2,0,2,2264,Mittleres Baumholz,Mittleres Baumholz_11,,1085.6,Waltensburg/Vuorz
1.2,11,prot_no_nat,not_young,2,2,2,0,2,2265,Mittleres Baumholz,Mittleres Baumholz_11,,1077.5,Waltensburg/Vuorz
3.8,11,prot_no_nat,not_young,2,2,2,0,2,2266,Schwaches Baumholz,Schwaches Baumholz_11,,1084.4,Waltensburg/Vuorz
2.2,11,prot_no_nat,not_young,2,2,2,0,2,2267,Schwaches Baumholz,Schwaches Baumholz_11,,1021.4,Waltensburg/Vuorz
1.0,12,prot_no_nat,not_young,2,2,2,0,2,2268,Mittleres Baumholz,Mittleres Baumholz_12,,1368.5,Andiast
1.5,12,prot_no_nat,not_young,2,2,2,0,2,2269,Schwaches Baumholz,Schwaches Baumholz_12,,1404.8,Andiast
0.8,12,prot_no_nat,not_young,2,2,2,0,2,2270,Mittleres Baumholz,Mittleres Baumholz_12,,1531.2,Andiast
1.0,12,prot_no_nat,not_young,2,2,2,0,2,2271,Mittleres Baumholz,Mittleres Baumholz_12,,1333.5,Andiast
0.7,11,prot_no_nat,not_young,2,2,2,0,2,2272,Stangenholz,Stangenholz_11,,1108.9,Waltensburg/Vuorz
1.1,11,prot_no_nat,not_young,2,2,2,0,2,2273,Schwaches Baumholz,Schwaches Baumholz_11,,1082.0,Waltensburg/Vuorz
0.7,11,prot_no_nat,not_young,2,2,2,0,2,2274,Schwaches Baumholz,Schwaches Baumholz_11,,1121.3,Waltensburg/Vuorz
0.7,11,prot_no_nat,not_young,2,2,2,0,2,2275,Stangenholz,Stangenholz_11,,1096.1,Waltensburg/Vuorz
1.8,11,prot_no_nat,not_young,2,2,2,0,2,2276,Schwaches Baumholz,Schwaches Baumholz_11,,1096.9,Waltensburg/Vuorz
1.4,11,prot_no_nat,not_young,2,2,2,0,2,2277,Mittleres Baumholz,Mittleres Baumholz_11,,1282.1,Waltensburg/Vuorz
1.2,11,prot_no_nat,not_young,2,2,2,0,2,2278,Mittleres Baumholz,Mittleres Baumholz_11,,973.8,Waltensburg/Vuorz
0.9,11,prot_no_nat,not_young,2,2,2,0,2,2279,Schwaches Baumholz,Schwaches Baumholz_11,,1088.7,Waltensburg/Vuorz
1.0,11,prot_no_nat,not_young,2,2,2,0,2,2280,Stangenholz,Stangenholz_11,,944.8,Waltensburg/Vuorz
1.2,11,prot_no_nat,not_young,2,2,2,0,2,2281,Schwaches Baumholz,Schwaches Baumholz_11,,979.7,Waltensburg/Vuorz
1.2,11,prot_no_nat,not_young,2,2,2,0,2,2282,Mittleres Baumholz,Mittleres Baumholz_11,,1227.2,Waltensburg/Vuorz
1.2,11,prot_no_nat,not_young,2,2,2,0,2,2283,Mittleres Baumholz,Mittleres Baumholz_11,,1215.5,Waltensburg/Vuorz
0.5,8,prot_no_nat,not_young,2,2,2,0,2,2284,Schwaches Baumholz,Schwaches Baumholz_8,,1832.0,Waltensburg/Vuorz
0.5,8,prot_no_nat,not_young,2,2,2,0,2,2285,Schwaches Baumholz,Schwaches Baumholz_8,,1564.8,Waltensburg/Vuorz
0.6,8,prot_no_nat,not_young,2,2,2,0,2,2286,Stangenholz,Stangenholz_8,,1692.4,Waltensburg/Vuorz
1.3,8,prot_no_nat,not_young,2,2,2,0,2,2287,Schwaches Baumholz,Schwaches Baumholz_8,,1646.6,Waltensburg/Vuorz
1.2,12,prot_no_nat,not_young,2,2,2,0,2,2288,Mittleres Baumholz,Mittleres Baumholz_12,,1322.9,Waltensburg/Vuorz
1.5,11,prot_no_nat,not_young,2,2,2,0,2,2289,Schwaches Baumholz,Schwaches Baumholz_11,,1312.9,Waltensburg/Vuorz
1.2,11,prot_no_nat,not_young,2,2,2,0,2,2290,Mittleres Baumholz,Mittleres Baumholz_11,,1309.4,Waltensburg/Vuorz
0.7,12,prot_no_nat,not_young,2,2,2,0,2,2291,Starkes Baumholz,Starkes Baumholz_12,,1435.1,Andiast
0.5,12,prot_no_nat,not_young,2,2,2,0,2,2292,Stangenholz,Stangenholz_12,,1412.7,Andiast
0.5,12,prot_no_nat,not_young,2,2,2,0,2,2293,Mittleres Baumholz,Mittleres Baumholz_12,,1390.6,Andiast
1.1,12,prot_no_nat,not_young,2,2,2,0,2,2294,Schwaches Baumholz,Schwaches Baumholz_12,,1347.3,Andiast
1.6,12,prot_no_nat,not_young,2,2,2,0,2,2295,Mittleres Baumholz,Mittleres Baumholz_12,,1254.0,Andiast
2.0,12,prot_no_nat,not_young,2,2,2,0,2,2296,Mittleres Baumholz,Mittleres Baumholz_12,,1373.8,Andiast
1.0,12,prot_no_nat,not_young,2,2,2,0,2,2297,Mittleres Baumholz,Mittleres Baumholz_12,,1327.3,Andiast
0.7,12,prot_no_nat,not_young,2,2,2,0,2,2298,Schwaches Baumholz,Schwaches Baumholz_12,,1506.7,Andiast
0.7,12,prot_no_nat,not_young,2,2,2,0,2,2299,Stangenholz,Stangenholz_12,,1360.6,Andiast
0.7,11,prot_no_nat,not_young,2,2,2,0,2,2300,Starkes Baumholz,Starkes Baumholz_11,,1115.5,Rueun
1.1,11,prot_no_nat,not_young,2,2,2,0,2,2301,Mittleres Baumholz,Mittleres Baumholz_11,,1122.3,Rueun
1.7,11,prot_no_nat,not_young,2,2,2,0,2,2302,Mittleres Baumholz,Mittleres Baumholz_11,,1150.7,Rueun
0.9,11,prot_no_nat,not_young,2,2,2,0,2,2303,Mittleres Baumholz,Mittleres Baumholz_11,,1077.1,Waltensburg/Vuorz
1.7,11,prot_no_nat,not_young,2,2,2,0,2,2304,Schwaches Baumholz,Schwaches Baumholz_11,,1248.6,Rueun
1.8,11,prot_no_nat,not_young,2,2,2,0,2,2305,Starkes Baumholz,Starkes Baumholz_11,,1260.8,Rueun
0.6,12,prot_no_nat,not_young,2,2,2,0,2,2306,Stangenholz,Stangenholz_12,,1567.4,Waltensburg/Vuorz
0.8,12,prot_no_nat,not_young,2,2,2,0,2,2307,Mittleres Baumholz,Mittleres Baumholz_12,,1457.6,Waltensburg/Vuorz
1.0,11,prot_no_nat,not_young,2,2,2,0,2,2308,Mittleres Baumholz,Mittleres Baumholz_11,,1203.4,Waltensburg/Vuorz
1.8,11,prot_no_nat,not_young,2,2,2,0,2,2309,Mittleres Baumholz,Mittleres Baumholz_11,,1121.9,Waltensburg/Vuorz
0.5,12,prot_no_nat,not_young,2,2,2,0,2,2310,Schwaches Baumholz,Schwaches Baumholz_12,,1452.2,Siat
0.7,12,prot_no_nat,not_young,2,2,2,0,2,2311,Schwaches Baumholz,Schwaches Baumholz_12,,1403.6,Siat
0.7,12,prot_no_nat,not_young,2,2,2,0,2,2312,Mittleres Baumholz,Mittleres Baumholz_12,,1399.6,Siat
0.7,12,prot_no_nat,not_young,2,2,2,0,2,2313,Mittleres Baumholz,Mittleres Baumholz_12,,1420.9,Siat
1.1,12,prot_no_nat,not_young,2,2,2,0,2,2314,Stangenholz,Stangenholz_12,,1357.2,Rueun
0.9,12,prot_no_nat,not_young,2,2,2,0,2,2315,Starkes Baumholz,Starkes Baumholz_12,,1310.0,Rueun
1.7,12,prot_no_nat,not_young,2,2,2,0,2,2316,Schwaches Baumholz,Schwaches Baumholz_12,,1568.5,Andiast
3.5,8,prot_no_nat,not_young,2,2,2,0,2,2317,Schwaches Baumholz,Schwaches Baumholz_8,,1655.1,Waltensburg/Vuorz
1.2,8,prot_no_nat,not_young,2,2,2,0,2,2318,Schwaches Baumholz,Schwaches Baumholz_8,,1757.7,Waltensburg/Vuorz
2.0,12,prot_no_nat,not_young,2,2,2,0,2,2319,Starkes Baumholz,Starkes Baumholz_12,,1380.9,Andiast
0.5,11,prot_no_nat,not_young,2,2,2,0,2,2320,Stangenholz,Stangenholz_11,,1279.6,Siat
0.8,12,prot_no_nat,not_young,2,2,2,0,2,2321,Mittleres Baumholz,Mittleres Baumholz_12,,1235.1,Rueun
2.0,12,prot_no_nat,not_young,2,2,2,0,2,2322,Stangenholz,Stangenholz_12,,1256.2,Rueun
2.2,12,prot_no_nat,not_young,2,2,2,0,2,2323,Schwaches Baumholz,Schwaches Baumholz_12,,1265.5,Rueun
0.5,12,prot_no_nat,not_young,2,2,2,0,2,2324,Stangenholz,Stangenholz_12,,1252.0,Rueun
0.8,12,prot_no_nat,not_young,2,2,2,0,2,2325,Stangenholz,Stangenholz_12,,1254.6,Rueun
0.6,12,prot_no_nat,not_young,2,2,2,0,2,2326,Mittleres Baumholz,Mittleres Baumholz_12,,1518.9,Siat
1.0,12,prot_no_nat,not_young,2,2,2,0,2,2327,Mittleres Baumholz,Mittleres Baumholz_12,,1497.0,Waltensburg/Vuorz
0.8,12,prot_no_nat,not_young,2,2,2,0,2,2328,Schwaches Baumholz,Schwaches Baumholz_12,,1476.6,Waltensburg/Vuorz
0.9,12,prot_no_nat,not_young,2,2,2,0,2,2329,Mittleres Baumholz,Mittleres Baumholz_12,,1510.6,Waltensburg/Vuorz
1.6,12,prot_no_nat,not_young,2,2,2,0,2,2330,Mittleres Baumholz,Mittleres Baumholz_12,,1505.6,Waltensburg/Vuorz
2.0,11,prot_no_nat,not_young,2,2,2,0,2,2331,Mittleres Baumholz,Mittleres Baumholz_11,,1332.7,Rueun
1.3,11,prot_no_nat,not_young,2,2,2,0,2,2332,Schwaches Baumholz,Schwaches Baumholz_11,,1278.2,Rueun
1.1,12,prot_no_nat,not_young,2,2,2,0,2,2333,Starkes Baumholz,Starkes Baumholz_12,,1284.1,Rueun
0.9,8,prot_no_nat,not_young,2,2,2,0,2,2334,Stangenholz,Stangenholz_8,,1745.7,Waltensburg/Vuorz
1.5,12,prot_no_nat,not_young,2,2,2,0,2,2335,Mittleres Baumholz,Mittleres Baumholz_12,,1434.9,Siat
1.0,8,prot_no_nat,not_young,2,2,2,0,2,2336,Schwaches Baumholz,Schwaches Baumholz_8,,1811.5,Waltensburg/Vuorz
0.6,8,prot_no_nat,not_young,2,2,2,0,2,2337,Schwaches Baumholz,Schwaches Baumholz_8,,1665.4,Waltensburg/Vuorz
0.8,12,prot_no_nat,not_young,2,2,2,0,2,2338,Mittleres Baumholz,Mittleres Baumholz_12,,1574.8,Waltensburg/Vuorz
1.3,12,prot_no_nat,not_young,2,2,2,0,2,2339,Mittleres Baumholz,Mittleres Baumholz_12,,1491.5,Andiast
0.5,12,prot_no_nat,not_young,2,2,2,0,2,2340,Stangenholz,Stangenholz_12,,1562.1,Waltensburg/Vuorz
0.6,12,prot_no_nat,not_young,2,2,2,0,2,2341,Stangenholz,Stangenholz_12,,1595.4,Waltensburg/Vuorz
1.7,8,prot_no_nat,not_young,2,2,2,0,2,2342,Stangenholz,Stangenholz_8,,1653.3,Waltensburg/Vuorz
1.1,12,prot_no_nat,not_young,2,2,2,0,2,2343,Schwaches Baumholz,Schwaches Baumholz_12,,1544.1,Waltensburg/Vuorz
1.1,8,prot_no_nat,not_young,2,2,2,0,2,2344,Mittleres Baumholz,Mittleres Baumholz_8,,1633.6,Waltensburg/Vuorz
1.0,11,prot_no_nat,not_young,2,2,2,0,2,2345,Schwaches Baumholz,Schwaches Baumholz_11,,921.6,Waltensburg/Vuorz
0.9,12,prot_no_nat,not_young,2,2,2,0,2,2346,Mittleres Baumholz,Mittleres Baumholz_12,,1558.3,Andiast
0.6,12,prot_no_nat,not_young,2,2,2,0,2,2347,Stangenholz,Stangenholz_12,,1396.0,Rueun
1.0,12,prot_no_nat,not_young,2,2,2,0,2,2348,Schwaches Baumholz,Schwaches Baumholz_12,,1456.1,Rueun
0.6,12,prot_no_nat,not_young,2,2,2,0,2,2349,Schwaches Baumholz,Schwaches Baumholz_12,,1424.4,Rueun
0.5,12,prot_no_nat,not_young,2,2,2,0,2,2350,Stangenholz,Stangenholz_12,,1380.4,Pigniu
0.5,12,prot_no_nat,not_young,2,2,2,0,2,2351,Schwaches Baumholz,Schwaches Baumholz_12,,1459.6,Siat
1.4,11,prot_no_nat,not_young,2,2,2,0,2,2352,Schwaches Baumholz,Schwaches Baumholz_11,,870.3999999999999,Waltensburg/Vuorz
0.8,12,prot_no_nat,not_young,2,2,2,0,2,2353,Schwaches Baumholz,Schwaches Baumholz_12,,1459.3,Andiast
1.4,12,prot_no_nat,not_young,2,2,2,0,2,2354,Mittleres Baumholz,Mittleres Baumholz_12,,1479.4,Andiast
1.8,12,prot_no_nat,not_young,2,2,2,0,2,2355,Mittleres Baumholz,Mittleres Baumholz_12,,1445.4,Andiast
2.0,12,prot_no_nat,not_young,2,2,2,0,2,2356,Mittleres Baumholz,Mittleres Baumholz_12,,1483.8,Andiast
0.5,12,prot_no_nat,not_young,2,2,2,0,2,2357,Schwaches Baumholz,Schwaches Baumholz_12,,1542.4,Andiast
1.1,8,prot_no_nat,not_young,2,2,2,0,2,2358,Schwaches Baumholz,Schwaches Baumholz_8,,1566.4,Andiast
2.5,8,prot_no_nat,not_young,2,2,2,0,2,2359,Schwaches Baumholz,Schwaches Baumholz_8,,1623.0,Andiast
0.6,11,prot_no_nat,not_young,2,2,2,0,2,2360,Schwaches Baumholz,Schwaches Baumholz_11,,881.1,Rueun
0.5,11,prot_no_nat,not_young,2,2,2,0,2,2361,Stangenholz,Stangenholz_11,,921.9,Rueun
1.6,12,prot_no_nat,not_young,2,2,2,0,2,2362,Mittleres Baumholz,Mittleres Baumholz_12,,1456.0,Waltensburg/Vuorz
1.8,12,prot_no_nat,not_young,2,2,2,0,2,2363,Stangenholz,Stangenholz_12,,1440.4,Waltensburg/Vuorz
0.7,12,prot_no_nat,not_young,2,2,2,0,2,2364,Schwaches Baumholz,Schwaches Baumholz_12,,1506.9,Waltensburg/Vuorz
1.9,11,prot_no_nat,not_young,2,2,2,0,2,2365,Mittleres Baumholz,Mittleres Baumholz_11,,857.7,Waltensburg/Vuorz
1.6,11,prot_no_nat,not_young,2,2,2,0,2,2366,Stangenholz,Stangenholz_11,,841.2,Waltensburg/Vuorz
1.4,11,prot_no_nat,not_young,2,2,2,0,2,2367,Mittleres Baumholz,Mittleres Baumholz_11,,855.8999999999999,Waltensburg/Vuorz
3.3,11,prot_no_nat,not_young,2,2,2,0,2,2368,Starkes Baumholz,Starkes Baumholz_11,,903.0,Waltensburg/Vuorz
0.6,12,prot_no_nat,not_young,2,2,2,0,2,2369,Schwaches Baumholz,Schwaches Baumholz_12,,1394.9,Rueun
0.8,12,prot_no_nat,not_young,2,2,2,0,2,2370,Schwaches Baumholz,Schwaches Baumholz_12,,1472.4,Rueun
6.1,12,prot_no_nat,not_young,2,2,2,0,2,2371,Schwaches Baumholz,Schwaches Baumholz_12,,1357.2,Andiast
1.1,8,prot_no_nat,not_young,2,2,2,0,2,2372,Schwaches Baumholz,Schwaches Baumholz_8,,1500.8,Andiast
1.4,11,prot_no_nat,not_young,2,2,2,0,2,2373,Mittleres Baumholz,Mittleres Baumholz_11,,811.2999999999998,Waltensburg/Vuorz
2.5,11,prot_no_nat,not_young,2,2,2,0,2,2374,Starkes Baumholz,Starkes Baumholz_11,,777.5,Waltensburg/Vuorz
2.5,11,prot_no_nat,not_young,2,2,2,0,2,2375,Schwaches Baumholz,Schwaches Baumholz_11,,897.2999999999998,Waltensburg/Vuorz
0.5,11,prot_no_nat,not_young,2,2,2,0,2,2376,Stangenholz,Stangenholz_11,,759.7,Waltensburg/Vuorz
1.4,11,prot_no_nat,not_young,2,2,2,0,2,2377,Schwaches Baumholz,Schwaches Baumholz_11,,799.5,Waltensburg/Vuorz
1.1,11,prot_no_nat,not_young,2,2,2,0,2,2378,Schwaches Baumholz,Schwaches Baumholz_11,,776.7999999999998,Waltensburg/Vuorz
0.6,11,prot_no_nat,not_young,2,2,2,0,2,2379,Mittleres Baumholz,Mittleres Baumholz_11,,781.3999999999999,Waltensburg/Vuorz
2.7,11,prot_no_nat,not_young,2,2,2,0,2,2380,Mittleres Baumholz,Mittleres Baumholz_11,,782.2,Waltensburg/Vuorz
1.6,11,prot_no_nat,not_young,2,2,2,0,2,2381,Mittleres Baumholz,Mittleres Baumholz_11,,1031.8,Waltensburg/Vuorz
1.9,11,prot_no_nat,not_young,2,2,2,0,2,2382,Schwaches Baumholz,Schwaches Baumholz_11,,911.3,Rueun
0.9,12,prot_no_nat,not_young,2,2,2,0,2,2383,Stangenholz,Stangenholz_12,,1516.4,Waltensburg/Vuorz
1.1,8,prot_no_nat,not_young,2,2,2,0,2,2384,Mittleres Baumholz,Mittleres Baumholz_8,,1653.0,Waltensburg/Vuorz
1.3,12,prot_no_nat,not_young,2,2,2,0,2,2385,Schwaches Baumholz,Schwaches Baumholz_12,,1565.4,Waltensburg/Vuorz
0.5,12,prot_no_nat,not_young,2,2,2,0,2,2386,Stangenholz,Stangenholz_12,,1591.5,Waltensburg/Vuorz
1.5,8,prot_no_nat,not_young,2,2,2,0,2,2387,Schwaches Baumholz,Schwaches Baumholz_8,,1666.0,Waltensburg/Vuorz
1.7,8,prot_no_nat,not_young,2,2,2,0,2,2388,Stangenholz,Stangenholz_8,,1697.7,Waltensburg/Vuorz
1.8,11,prot_no_nat,not_young,2,2,2,0,2,2389,Schwaches Baumholz,Schwaches Baumholz_11,,974.5,Waltensburg/Vuorz
2.2,11,prot_no_nat,not_young,2,2,2,0,2,2390,Mittleres Baumholz,Mittleres Baumholz_11,,884.7999999999998,Waltensburg/Vuorz
0.5,11,prot_no_nat,not_young,2,2,2,0,2,2391,Schwaches Baumholz,Schwaches Baumholz_11,,869.7,Waltensburg/Vuorz
1.9,12,prot_no_nat,not_young,2,2,2,0,2,2392,Stangenholz,Stangenholz_12,,1485.2,Rueun
0.8,12,prot_no_nat,not_young,2,2,2,0,2,2393,Mittleres Baumholz,Mittleres Baumholz_12,,1297.9,Rueun
1.0,12,prot_no_nat,not_young,2,2,2,0,2,2394,Stangenholz,Stangenholz_12,,1378.3,Pigniu
1.2,11,prot_no_nat,not_young,2,2,2,0,2,2395,Schwaches Baumholz,Schwaches Baumholz_11,,1042.9,Waltensburg/Vuorz
2.4,11,prot_no_nat,not_young,2,2,2,0,2,2396,Mittleres Baumholz,Mittleres Baumholz_11,,953.8,Waltensburg/Vuorz
1.0,11,prot_no_nat,not_young,2,2,2,0,2,2397,Stangenholz,Stangenholz_11,,923.4,Waltensburg/Vuorz
1.6,11,prot_no_nat,not_young,2,2,2,0,2,2398,Schwaches Baumholz,Schwaches Baumholz_11,,845.8999999999999,Waltensburg/Vuorz
1.3,11,prot_no_nat,not_young,2,2,2,0,2,2399,Schwaches Baumholz,Schwaches Baumholz_11,,1125.2,Waltensburg/Vuorz
1.4,11,prot_no_nat,not_young,2,2,2,0,2,2400,Mittleres Baumholz,Mittleres Baumholz_11,,1105.2,Waltensburg/Vuorz
2.5,11,prot_no_nat,not_young,2,2,2,0,2,2401,Mittleres Baumholz,Mittleres Baumholz_11,,1080.0,Waltensburg/Vuorz
0.5,12,prot_no_nat,not_young,2,2,2,0,2,2402,Stangenholz,Stangenholz_12,,1575.6,Waltensburg/Vuorz
1.2,8,prot_no_nat,not_young,2,2,2,0,2,2403,Schwaches Baumholz,Schwaches Baumholz_8,,1624.3,Waltensburg/Vuorz
0.6,8,prot_no_nat,not_young,2,2,2,0,2,2404,Schwaches Baumholz,Schwaches Baumholz_8,,1598.4,Waltensburg/Vuorz
0.6,12,prot_no_nat,not_young,2,2,2,0,2,2405,Mittleres Baumholz,Mittleres Baumholz_12,,1556.4,Waltensburg/Vuorz
0.7,11,prot_no_nat,not_young,2,2,2,0,2,2406,Schwaches Baumholz,Schwaches Baumholz_11,,769.1,Waltensburg/Vuorz
1.4,11,prot_no_nat,not_young,2,2,2,0,2,2407,Mittleres Baumholz,Mittleres Baumholz_11,,957.5,Waltensburg/Vuorz
0.7,11,prot_no_nat,not_young,2,2,2,0,2,2408,Schwaches Baumholz,Schwaches Baumholz_11,,757.0,Rueun
0.8,11,prot_no_nat,not_young,2,2,2,0,2,2409,Schwaches Baumholz,Schwaches Baumholz_11,,1153.7,Waltensburg/Vuorz
1.7,11,prot_no_nat,not_young,2,2,2,0,2,2410,Starkes Baumholz,Starkes Baumholz_11,,1246.3,Waltensburg/Vuorz
1.4,12,prot_no_nat,not_young,2,2,2,0,2,2411,Mittleres Baumholz,Mittleres Baumholz_12,,1382.5,Rueun
1.7,12,prot_no_nat,not_young,2,2,2,0,2,2412,Schwaches Baumholz,Schwaches Baumholz_12,,1502.4,Rueun
1.5,12,prot_no_nat,not_young,2,2,2,0,2,2413,Stangenholz,Stangenholz_12,,1419.0,Rueun
2.4,11,prot_no_nat,not_young,2,2,2,0,2,2414,Schwaches Baumholz,Schwaches Baumholz_11,,932.1,Waltensburg/Vuorz
1.0,8,prot_no_nat,not_young,2,2,2,0,2,2415,Stangenholz,Stangenholz_8,,1574.5,Waltensburg/Vuorz
0.9,12,prot_no_nat,not_young,2,2,2,0,2,2416,Schwaches Baumholz,Schwaches Baumholz_12,,1553.0,Waltensburg/Vuorz
1.3,8,prot_no_nat,not_young,2,2,2,0,2,2417,Schwaches Baumholz,Schwaches Baumholz_8,,1554.7,Waltensburg/Vuorz
0.8,8,prot_no_nat,not_young,2,2,2,0,2,2418,Mittleres Baumholz,Mittleres Baumholz_8,,1645.2,Waltensburg/Vuorz
1.6,8,prot_no_nat,not_young,2,2,2,0,2,2419,Schwaches Baumholz,Schwaches Baumholz_8,,1686.2,Waltensburg/Vuorz
1.1,11,prot_no_nat,not_young,2,2,2,0,2,2420,Schwaches Baumholz,Schwaches Baumholz_11,,1125.1,Waltensburg/Vuorz
0.6,11,prot_no_nat,not_young,2,2,2,0,2,2421,Schwaches Baumholz,Schwaches Baumholz_11,,1116.6,Waltensburg/Vuorz
1.7,11,prot_no_nat,not_young,2,2,2,0,2,2422,Schwaches Baumholz,Schwaches Baumholz_11,,1148.0,Waltensburg/Vuorz
0.5,11,prot_no_nat,not_young,2,2,2,0,2,2423,Mittleres Baumholz,Mittleres Baumholz_11,,1152.5,Waltensburg/Vuorz
0.9,12,prot_no_nat,not_young,2,2,2,0,2,2424,Schwaches Baumholz,Schwaches Baumholz_12,,1385.5,Rueun
0.9,12,prot_no_nat,not_young,2,2,2,0,2,2425,Schwaches Baumholz,Schwaches Baumholz_12,,1432.6,Rueun
1.1,12,prot_no_nat,not_young,2,2,2,0,2,2426,Mittleres Baumholz,Mittleres Baumholz_12,,1321.8,Rueun
0.5,11,prot_no_nat,not_young,2,2,2,0,2,2427,Mittleres Baumholz,Mittleres Baumholz_11,,1297.7,Rueun
1.6,11,prot_no_nat,not_young,2,2,2,0,2,2428,Schwaches Baumholz,Schwaches Baumholz_11,,1133.7,Waltensburg/Vuorz
0.9,11,prot_no_nat,not_young,2,2,2,0,2,2429,Starkes Baumholz,Starkes Baumholz_11,,1064.8,Waltensburg/Vuorz
3.0,11,prot_no_nat,not_young,2,2,2,0,2,2430,Schwaches Baumholz,Schwaches Baumholz_11,,993.2,Waltensburg/Vuorz
2.1,11,prot_no_nat,not_young,2,2,2,0,2,2431,Schwaches Baumholz,Schwaches Baumholz_11,,1088.3,Waltensburg/Vuorz
1.8,11,prot_no_nat,not_young,2,2,2,0,2,2432,Schwaches Baumholz,Schwaches Baumholz_11,,1058.4,Waltensburg/Vuorz
2.6,12,prot_no_nat,not_young,2,2,2,0,2,2433,Schwaches Baumholz,Schwaches Baumholz_12,,1521.2,Andiast
1.7,12,prot_no_nat,not_young,2,2,2,0,2,2434,Schwaches Baumholz,Schwaches Baumholz_12,,1372.7,Andiast
0.6,12,prot_no_nat,not_young,2,2,2,0,2,2435,Stangenholz,Stangenholz_12,,1333.0,Andiast
0.5,8,prot_no_nat,not_young,2,2,2,0,2,2436,Stangenholz,Stangenholz_8,,1777.6,Waltensburg/Vuorz
0.7,8,prot_no_nat,not_young,2,2,2,0,2,2437,Schwaches Baumholz,Schwaches Baumholz_8,,1761.9,Waltensburg/Vuorz
0.5,12,prot_no_nat,not_young,2,2,2,0,2,2438,Mittleres Baumholz,Mittleres Baumholz_12,,1327.5,Andiast
2.0,12,prot_no_nat,not_young,2,2,2,0,2,2439,Stangenholz,Stangenholz_12,,1334.3,Andiast
2.6,12,prot_no_nat,not_young,2,2,2,0,2,2440,Stangenholz,Stangenholz_12,,1342.4,Andiast
1.0,12,prot_no_nat,not_young,2,2,2,0,2,2441,Stangenholz,Stangenholz_12,,1458.0,Andiast
3.1,11,prot_no_nat,not_young,2,2,2,0,2,2442,Mittleres Baumholz,Mittleres Baumholz_11,,1192.4,Waltensburg/Vuorz
2.8,11,prot_no_nat,not_young,2,2,2,0,2,2443,Starkes Baumholz,Starkes Baumholz_11,,1253.4,Waltensburg/Vuorz
3.1,11,prot_no_nat,not_young,2,2,2,0,2,2444,Schwaches Baumholz,Schwaches Baumholz_11,,820.1,Waltensburg/Vuorz
2.5,11,prot_no_nat,not_young,2,2,2,0,2,2445,Schwaches Baumholz,Schwaches Baumholz_11,,1056.7,Siat
1.6,11,prot_no_nat,not_young,2,2,2,0,2,2446,Stangenholz,Stangenholz_11,,1016.5,Siat
1.9,8,prot_no_nat,not_young,2,2,2,0,2,2447,Schwaches Baumholz,Schwaches Baumholz_8,,1711.7,Waltensburg/Vuorz
1.6,8,prot_no_nat,not_young,2,2,2,0,2,2448,Schwaches Baumholz,Schwaches Baumholz_8,,1663.5,Waltensburg/Vuorz
2.8,11,res_prot,not_young,1,1,1,0,1,2449,Mittleres Baumholz,Mittleres Baumholz_11,,995.8,Waltensburg/Vuorz
1.7,11,prot_no_nat,not_young,2,2,2,0,2,2450,Schwaches Baumholz,Schwaches Baumholz_11,,780.6,Waltensburg/Vuorz
1.2,11,prot_no_nat,not_young,2,2,2,0,2,2451,Mittleres Baumholz,Mittleres Baumholz_11,,890.7,Waltensburg/Vuorz
3.2,11,prot_no_nat,not_young,2,2,2,0,2,2452,Mittleres Baumholz,Mittleres Baumholz_11,,1012.8,Waltensburg/Vuorz
0.5,11,prot_no_nat,not_young,2,2,2,0,2,2453,Schwaches Baumholz,Schwaches Baumholz_11,,912.2,Waltensburg/Vuorz
1.3,12,prot_no_nat,not_young,2,2,2,0,2,2454,Schwaches Baumholz,Schwaches Baumholz_12,,1467.0,Andiast
1.2,12,prot_no_nat,not_young,2,2,2,0,2,2455,Starkes Baumholz,Starkes Baumholz_12,,1248.7,Andiast
1.3,8,prot_no_nat,not_young,2,2,2,0,2,2456,Mittleres Baumholz,Mittleres Baumholz_8,,1587.7,Waltensburg/Vuorz
0.6,8,prot_no_nat,not_young,2,2,2,0,2,2457,Starkes Baumholz,Starkes Baumholz_8,,1634.3,Waltensburg/Vuorz
1.1,8,prot_no_nat,not_young,2,2,2,0,2,2458,Schwaches Baumholz,Schwaches Baumholz_8,,1679.6,Waltensburg/Vuorz
0.6,8,prot_no_nat,not_young,2,2,2,0,2,2459,Stangenholz,Stangenholz_8,,1623.6,Waltensburg/Vuorz
3.6,11,prot_no_nat,not_young,2,2,2,0,2,2460,Schwaches Baumholz,Schwaches Baumholz_11,,957.2,Waltensburg/Vuorz
1.9,11,prot_no_nat,not_young,2,2,2,0,2,2461,Schwaches Baumholz,Schwaches Baumholz_11,,1071.5,Waltensburg/Vuorz
0.6,11,prot_no_nat,not_young,2,2,2,0,2,2462,Mittleres Baumholz,Mittleres Baumholz_11,,1090.6,Waltensburg/Vuorz
0.7,11,prot_no_nat,not_young,2,2,2,0,2,2463,Stangenholz,Stangenholz_11,,756.3999999999999,Waltensburg/Vuorz
1.8,8,prot_no_nat,not_young,2,2,2,0,2,2464,Schwaches Baumholz,Schwaches Baumholz_8,,1706.8,Waltensburg/Vuorz
1.3,8,prot_no_nat,not_young,2,2,2,0,2,2465,Schwaches Baumholz,Schwaches Baumholz_8,,1637.9,Waltensburg/Vuorz
2.0,8,prot_no_nat,not_young,2,2,2,0,2,2466,Mittleres Baumholz,Mittleres Baumholz_8,,1670.9,Waltensburg/Vuorz
0.5,12,prot_no_nat,not_young,2,2,2,0,2,2467,Schwaches Baumholz,Schwaches Baumholz_12,,1567.2,Waltensburg/Vuorz
0.8,12,prot_no_nat,not_young,2,2,2,0,2,2468,Stangenholz,Stangenholz_12,,1575.2,Waltensburg/Vuorz
0.7,12,prot_no_nat,not_young,2,2,2,0,2,2469,Stangenholz,Stangenholz_12,,1528.9,Waltensburg/Vuorz
2.5,11,prot_no_nat,not_young,2,2,2,0,2,2470,Starkes Baumholz,Starkes Baumholz_11,,854.7999999999998,Waltensburg/Vuorz
1.1,11,prot_no_nat,not_young,2,2,2,0,2,2471,Mittleres Baumholz,Mittleres Baumholz_11,,824.7,Waltensburg/Vuorz
1.4,11,prot_no_nat,not_young,2,2,2,0,2,2472,Stangenholz,Stangenholz_11,,800.2,Waltensburg/Vuorz
1.2,11,prot_no_nat,not_young,2,2,2,0,2,2473,Mittleres Baumholz,Mittleres Baumholz_11,,775.7,Waltensburg/Vuorz
1.4,11,prot_no_nat,not_young,2,2,2,0,2,2474,Mittleres Baumholz,Mittleres Baumholz_11,,768.6,Waltensburg/Vuorz
3.1,11,prot_no_nat,not_young,2,2,2,0,2,2475,Mittleres Baumholz,Mittleres Baumholz_11,,812.2,Waltensburg/Vuorz
0.6,11,prot_no_nat,not_young,2,2,2,0,2,2476,Schwaches Baumholz,Schwaches Baumholz_11,,774.2,Waltensburg/Vuorz
0.5,8,prot_no_nat,not_young,2,2,2,0,2,2477,Schwaches Baumholz,Schwaches Baumholz_8,,1809.8,Waltensburg/Vuorz
2.6,11,prot_no_nat,not_young,2,2,2,0,2,2478,Starkes Baumholz,Starkes Baumholz_11,,942.1,Waltensburg/Vuorz
0.6,11,prot_no_nat,not_young,2,2,2,0,2,2479,Schwaches Baumholz,Schwaches Baumholz_11,,1090.9,Waltensburg/Vuorz
0.9,11,prot_no_nat,not_young,2,2,2,0,2,2480,Starkes Baumholz,Starkes Baumholz_11,,788.2999999999998,Waltensburg/Vuorz
0.6,11,prot_no_nat,not_young,2,2,2,0,2,2481,Starkes Baumholz,Starkes Baumholz_11,,781.0,Waltensburg/Vuorz
1.0,11,prot_no_nat,not_young,2,2,2,0,2,2482,Mittleres Baumholz,Mittleres Baumholz_11,,939.0,Waltensburg/Vuorz
1.0,11,prot_no_nat,not_young,2,2,2,0,2,2483,Schwaches Baumholz,Schwaches Baumholz_11,,819.7,Waltensburg/Vuorz
2.5,11,prot_no_nat,not_young,2,2,2,0,2,2484,Schwaches Baumholz,Schwaches Baumholz_11,,854.0,Waltensburg/Vuorz
2.1,11,prot_no_nat,not_young,2,2,2,0,2,2485,Starkes Baumholz,Starkes Baumholz_11,,924.2,Waltensburg/Vuorz
0.7,8,prot_no_nat,not_young,2,2,2,0,2,2486,Starkes Baumholz,Starkes Baumholz_8,,1755.9,Sedrun
1.0,8,prot_no_nat,not_young,2,2,2,0,2,2487,Stangenholz,Stangenholz_8,,1635.3,Surrein
1.9,8,prot_no_nat,not_young,2,2,2,0,2,2488,Mittleres Baumholz,Mittleres Baumholz_8,,1684.9,Surrein
1.6,12,prot_no_nat,not_young,2,2,2,0,2,2489,Mittleres Baumholz,Mittleres Baumholz_12,,1638.5,Surrein
2.0,8,prot_no_nat,not_young,2,2,2,0,2,2490,Starkes Baumholz,Starkes Baumholz_8,,1751.2,Surrein
2.0,8,prot_no_nat,not_young,2,2,2,0,2,2491,Mittleres Baumholz,Mittleres Baumholz_8,,1725.2,Surrein
0.8,8,prot_no_nat,not_young,2,2,2,0,2,2492,Starkes Baumholz,Starkes Baumholz_8,,1709.6,Surrein
1.2,11,prot_no_nat,not_young,2,2,2,0,2,2493,Mittleres Baumholz,Mittleres Baumholz_11,,1541.1,Sumvitg
0.6,8,prot_no_nat,not_young,2,2,2,0,2,2494,Mittleres Baumholz,Mittleres Baumholz_8,,1758.2,Sumvitg
0.6,12,prot_no_nat,not_young,2,2,2,0,2,2495,Schwaches Baumholz,Schwaches Baumholz_12,,1567.7,Sumvitg
0.5,11,prot_no_nat,not_young,2,2,2,0,2,2496,Mittleres Baumholz,Mittleres Baumholz_11,,1491.4,Sumvitg
0.8,11,prot_no_nat,not_young,2,2,2,0,2,2497,Schwaches Baumholz,Schwaches Baumholz_11,,1268.2,Obersaxen
2.9,8,prot_no_nat,not_young,2,2,2,0,2,2498,Mittleres Baumholz,Mittleres Baumholz_8,,1665.7,Obersaxen
1.9,12,prot_no_nat,not_young,2,2,2,0,2,2499,Mittleres Baumholz,Mittleres Baumholz_12,,1601.0,Obersaxen
0.6,12,prot_no_nat,not_young,2,2,2,0,2,2500,Schwaches Baumholz,Schwaches Baumholz_12,,1423.1,Sumvitg
2.2,12,prot_no_nat,not_young,2,2,2,0,2,2501,Schwaches Baumholz,Schwaches Baumholz_12,,1365.3,Sumvitg
0.5,6,prot_no_nat,not_young,2,2,2,0,2,2502,Starkes Baumholz,Starkes Baumholz_6,,1297.1,Sumvitg
2.6,11,prot_no_nat,not_young,2,2,2,0,2,2503,Starkes Baumholz,Starkes Baumholz_11,,1309.2,Sumvitg
1.7,11,prot_no_nat,not_young,2,2,2,0,2,2504,Starkes Baumholz,Starkes Baumholz_11,,1190.3,Sumvitg
5.0,12,prot_no_nat,not_young,2,2,2,0,2,2505,Schwaches Baumholz,Schwaches Baumholz_12,,1569.9,Surrein
1.8,12,prot_no_nat,not_young,2,2,2,0,2,2506,Schwaches Baumholz,Schwaches Baumholz_12,,1426.6,Surrein
1.4,12,prot_no_nat,not_young,2,2,2,0,2,2507,Schwaches Baumholz,Schwaches Baumholz_12,,1402.2,Surrein
3.7,12,prot_no_nat,not_young,2,2,2,0,2,2508,Mittleres Baumholz,Mittleres Baumholz_12,,1365.1,Surrein
4.9,12,prot_no_nat,not_young,2,2,2,0,2,2509,Mittleres Baumholz,Mittleres Baumholz_12,,1211.1,Surrein
1.6,12,prot_no_nat,not_young,2,2,2,0,2,2510,Starkes Baumholz,Starkes Baumholz_12,,1410.5,Surrein
1.4,12,prot_no_nat,not_young,2,2,2,0,2,2511,Mittleres Baumholz,Mittleres Baumholz_12,,1506.5,Surrein
0.5,11,prot_no_nat,not_young,2,2,2,0,2,2512,Stangenholz,Stangenholz_11,,1230.9,Cumpadials
0.5,8,prot_no_nat,not_young,2,2,2,0,2,2513,Starkes Baumholz,Starkes Baumholz_8,,1688.6,Surrein
0.6,8,prot_no_nat,not_young,2,2,2,0,2,2514,Schwaches Baumholz,Schwaches Baumholz_8,,1662.5,Obersaxen
1.7,8,prot_no_nat,not_young,2,2,2,0,2,2515,Schwaches Baumholz,Schwaches Baumholz_8,,1629.5,Obersaxen
1.2,12,prot_no_nat,not_young,2,2,2,0,2,2516,Mittleres Baumholz,Mittleres Baumholz_12,,1542.8,Obersaxen
2.1,12,prot_no_nat,not_young,2,2,2,0,2,2517,Schwaches Baumholz,Schwaches Baumholz_12,,1663.2,Obersaxen
1.5,8,prot_no_nat,not_young,2,2,2,0,2,2518,Schwaches Baumholz,Schwaches Baumholz_8,,1590.8,Obersaxen
0.7,12,prot_no_nat,not_young,2,2,2,0,2,2519,Schwaches Baumholz,Schwaches Baumholz_12,,1546.2,Obersaxen
0.6,11,prot_no_nat,not_young,2,2,2,0,2,2520,Schwaches Baumholz,Schwaches Baumholz_11,,1012.7,Rabius
1.4,12,prot_no_nat,not_young,2,2,2,0,2,2521,Schwaches Baumholz,Schwaches Baumholz_12,,1377.5,Sumvitg
0.7,12,prot_no_nat,not_young,2,2,2,0,2,2522,Schwaches Baumholz,Schwaches Baumholz_12,,1351.6,S. Benedetg
0.7,12,prot_no_nat,not_young,2,2,2,0,2,2523,Schwaches Baumholz,Schwaches Baumholz_12,,1480.7,Sumvitg
1.3,12,prot_no_nat,not_young,2,2,2,0,2,2524,Stangenholz,Stangenholz_12,,1494.5,Sumvitg
1.5,12,prot_no_nat,not_young,2,2,2,0,2,2525,Schwaches Baumholz,Schwaches Baumholz_12,,1444.5,Sumvitg
0.9,12,prot_no_nat,not_young,2,2,2,0,2,2526,Schwaches Baumholz,Schwaches Baumholz_12,,1528.7,Sumvitg
0.6,11,prot_no_nat,not_young,2,2,2,0,2,2527,Mittleres Baumholz,Mittleres Baumholz_11,,1266.4,Surrein
3.0,11,prot_no_nat,not_young,2,2,2,0,2,2528,Starkes Baumholz,Starkes Baumholz_11,,1157.8,Surrein
0.6,11,prot_no_nat,not_young,2,2,2,0,2,2529,Mittleres Baumholz,Mittleres Baumholz_11,,1150.6,Surrein
1.4,11,prot_no_nat,not_young,2,2,2,0,2,2530,Mittleres Baumholz,Mittleres Baumholz_11,,1318.1,Surrein
1.6,11,prot_no_nat,not_young,2,2,2,0,2,2531,Mittleres Baumholz,Mittleres Baumholz_11,,1480.7,Surrein
3.5,11,prot_no_nat,not_young,2,2,2,0,2,2532,Mittleres Baumholz,Mittleres Baumholz_11,,1550.2,Surrein
0.6,12,prot_no_nat,not_young,2,2,2,0,2,2533,Schwaches Baumholz,Schwaches Baumholz_12,,1623.8,Surrein
0.5,12,prot_no_nat,not_young,2,2,2,0,2,2534,Mittleres Baumholz,Mittleres Baumholz_12,,1550.0,Surrein
1.2,11,prot_no_nat,not_young,2,2,2,0,2,2535,Stangenholz,Stangenholz_11,,965.3,Cumpadials
3.6,11,prot_no_nat,not_young,2,2,2,0,2,2536,Schwaches Baumholz,Schwaches Baumholz_11,,1026.5,Cumpadials
0.6,8,prot_no_nat,not_young,2,2,2,0,2,2537,Mittleres Baumholz,Mittleres Baumholz_8,,1820.7,Cumpadials
1.0,11,prot_no_nat,not_young,2,2,2,0,2,2538,Stangenholz,Stangenholz_11,,1114.6,Cumpadials
1.6,11,prot_no_nat,not_young,2,2,2,0,2,2539,Schwaches Baumholz,Schwaches Baumholz_11,,960.0,Cumpadials
0.5,12,prot_no_nat,not_young,2,2,2,0,2,2540,Mittleres Baumholz,Mittleres Baumholz_12,,1374.3,Surrein
0.8,12,prot_no_nat,not_young,2,2,2,0,2,2541,Mittleres Baumholz,Mittleres Baumholz_12,,1416.3,Surrein
1.8,12,prot_no_nat,not_young,2,2,2,0,2,2542,Stangenholz,Stangenholz_12,,1268.3,Surrein
0.5,11,prot_no_nat,not_young,2,2,2,0,2,2543,Stangenholz,Stangenholz_11,,1578.7,Cumpadials
2.7,12,prot_no_nat,not_young,2,2,2,0,2,2544,Mittleres Baumholz,Mittleres Baumholz_12,,1498.4,Obersaxen
0.8,12,prot_no_nat,not_young,2,2,2,0,2,2545,Mittleres Baumholz,Mittleres Baumholz_12,,1573.5,Obersaxen
1.4,12,prot_no_nat,not_young,2,2,2,0,2,2546,Mittleres Baumholz,Mittleres Baumholz_12,,1542.6,Obersaxen
0.9,12,prot_no_nat,not_young,2,2,2,0,2,2547,Mittleres Baumholz,Mittleres Baumholz_12,,1483.9,Obersaxen
2.5,12,prot_no_nat,not_young,2,2,2,0,2,2548,Schwaches Baumholz,Schwaches Baumholz_12,,1357.6,Rabius
2.9,11,prot_no_nat,not_young,2,2,2,0,2,2549,Mittleres Baumholz,Mittleres Baumholz_11,,1242.2,Obersaxen
8.2,11,prot_no_nat,not_young,2,2,2,0,2,2550,Schwaches Baumholz,Schwaches Baumholz_11,,1295.7,Obersaxen
0.8,12,prot_no_nat,not_young,2,2,2,0,2,2551,Schwaches Baumholz,Schwaches Baumholz_12,,1203.2,Rabius
3.0,11,prot_no_nat,not_young,2,2,2,0,2,2552,Mittleres Baumholz,Mittleres Baumholz_11,,1346.9,Surrein
4.1,11,prot_no_nat,not_young,2,2,2,0,2,2553,Stangenholz,Stangenholz_11,,1269.9,Surrein
1.9,12,prot_no_nat,not_young,2,2,2,0,2,2554,Stangenholz,Stangenholz_12,,1610.6,Surrein
0.6,12,prot_no_nat,not_young,2,2,2,0,2,2555,Stangenholz,Stangenholz_12,,1582.1,Surrein
2.5,12,prot_no_nat,not_young,2,2,2,0,2,2556,Starkes Baumholz,Starkes Baumholz_12,,1595.4,Surrein
0.5,12,prot_no_nat,not_young,2,2,2,0,2,2557,Stangenholz,Stangenholz_12,,1621.9,Surrein
1.0,8,prot_no_nat,not_young,2,2,2,0,2,2558,Stangenholz,Stangenholz_8,,1799.6,Surrein
2.0,11,prot_no_nat,not_young,2,2,2,0,2,2559,Stangenholz,Stangenholz_11,,1067.1,Cumpadials
1.4,11,prot_no_nat,not_young,2,2,2,0,2,2560,Mittleres Baumholz,Mittleres Baumholz_11,,1099.5,Cumpadials
0.5,11,prot_no_nat,not_young,2,2,2,0,2,2561,Stangenholz,Stangenholz_11,,1219.5,Cumpadials
0.5,11,prot_no_nat,not_young,2,2,2,0,2,2562,Mittleres Baumholz,Mittleres Baumholz_11,,1139.5,Cumpadials
1.7,11,prot_no_nat,not_young,2,2,2,0,2,2563,Schwaches Baumholz,Schwaches Baumholz_11,,1161.0,Cumpadials
0.8,8,prot_no_nat,not_young,2,2,2,0,2,2564,Mittleres Baumholz,Mittleres Baumholz_8,,1700.2,Cumpadials
1.0,9,prot_no_nat,not_young,2,2,2,0,2,2565,Mittleres Baumholz,Mittleres Baumholz_9,,1893.8,Cumpadials
0.7,8,prot_no_nat,not_young,2,2,2,0,2,2566,Mittleres Baumholz,Mittleres Baumholz_8,,1855.2,Cumpadials
0.7,8,prot_no_nat,not_young,2,2,2,0,2,2567,Mittleres Baumholz,Mittleres Baumholz_8,,1751.6,Rabius
1.9,12,prot_no_nat,not_young,2,2,2,0,2,2568,Mittleres Baumholz,Mittleres Baumholz_12,,1556.3,Rabius
0.7,12,prot_no_nat,not_young,2,2,2,0,2,2569,Mittleres Baumholz,Mittleres Baumholz_12,,1493.2,Rabius
0.9,12,prot_no_nat,not_young,2,2,2,0,2,2570,Stangenholz,Stangenholz_12,,1421.8,Rabius
0.8,12,prot_no_nat,not_young,2,2,2,0,2,2571,Schwaches Baumholz,Schwaches Baumholz_12,,1167.2,Surrein
0.7,12,prot_no_nat,not_young,2,2,2,0,2,2572,Schwaches Baumholz,Schwaches Baumholz_12,,1378.1,Surrein
0.6,12,prot_no_nat,not_young,2,2,2,0,2,2573,Mittleres Baumholz,Mittleres Baumholz_12,,1180.9,Surrein
1.7,12,prot_no_nat,not_young,2,2,2,0,2,2574,Schwaches Baumholz,Schwaches Baumholz_12,,1466.8,Surrein
2.3,12,prot_no_nat,not_young,2,2,2,0,2,2575,Mittleres Baumholz,Mittleres Baumholz_12,,1409.5,Surrein
5.6,12,prot_no_nat,not_young,2,2,2,0,2,2576,Mittleres Baumholz,Mittleres Baumholz_12,,1600.0,Surrein
0.5,12,prot_no_nat,not_young,2,2,2,0,2,2577,Mittleres Baumholz,Mittleres Baumholz_12,,1600.0,Surrein
2.6,11,prot_no_nat,not_young,2,2,2,0,2,2578,Mittleres Baumholz,Mittleres Baumholz_11,,1389.4,Cumpadials
1.2,12,prot_no_nat,not_young,2,2,2,0,2,2579,Mittleres Baumholz,Mittleres Baumholz_12,,1434.2,Obersaxen
1.3,11,prot_no_nat,not_young,2,2,2,0,2,2580,Starkes Baumholz,Starkes Baumholz_11,,1444.3,Obersaxen
1.3,12,prot_no_nat,not_young,2,2,2,0,2,2581,Mittleres Baumholz,Mittleres Baumholz_12,,1460.0,Obersaxen
2.0,12,prot_no_nat,not_young,2,2,2,0,2,2582,Mittleres Baumholz,Mittleres Baumholz_12,,1519.5,Obersaxen
2.0,12,prot_no_nat,not_young,2,2,2,0,2,2583,Mittleres Baumholz,Mittleres Baumholz_12,,1522.3,Obersaxen
0.6,11,prot_no_nat,not_young,2,2,2,0,2,2584,Stangenholz,Stangenholz_11,,1342.1,Obersaxen
0.9,12,prot_no_nat,not_young,2,2,2,0,2,2585,Mittleres Baumholz,Mittleres Baumholz_12,,1419.8,Obersaxen
2.2,12,prot_no_nat,not_young,2,2,2,0,2,2586,Mittleres Baumholz,Mittleres Baumholz_12,,1444.9,Obersaxen
2.3,11,prot_no_nat,not_young,2,2,2,0,2,2587,Starkes Baumholz,Starkes Baumholz_11,,1344.1,Obersaxen
1.6,11,prot_no_nat,not_young,2,2,2,0,2,2588,Mittleres Baumholz,Mittleres Baumholz_11,,1310.6,Obersaxen
0.7,11,prot_no_nat,not_young,2,2,2,0,2,2589,Stangenholz,Stangenholz_11,,1426.5,Surcuolm
0.6,11,prot_no_nat,not_young,2,2,2,0,2,2590,Mittleres Baumholz,Mittleres Baumholz_11,,1408.6,Obersaxen
0.7,11,prot_no_nat,not_young,2,2,2,0,2,2591,Mittleres Baumholz,Mittleres Baumholz_11,,1125.3,Rabius
0.6,12,prot_no_nat,not_young,2,2,2,0,2,2592,Schwaches Baumholz,Schwaches Baumholz_12,,1239.0,Rabius
0.5,12,prot_no_nat,not_young,2,2,2,0,2,2593,Mittleres Baumholz,Mittleres Baumholz_12,,1189.9,Rabius
0.8,12,prot_no_nat,not_young,2,2,2,0,2,2594,Schwaches Baumholz,Schwaches Baumholz_12,,1299.6,Rabius
1.0,12,prot_no_nat,not_young,2,2,2,0,2,2595,Stangenholz,Stangenholz_12,,1332.7,Rabius
0.6,12,prot_no_nat,not_young,2,2,2,0,2,2596,Schwaches Baumholz,Schwaches Baumholz_12,,1417.5,Rabius
0.5,12,prot_no_nat,not_young,2,2,2,0,2,2597,Stangenholz,Stangenholz_12,,1306.2,Rabius
1.3,12,prot_no_nat,not_young,2,2,2,0,2,2598,Mittleres Baumholz,Mittleres Baumholz_12,,1417.1,Sumvitg
0.5,12,prot_no_nat,not_young,2,2,2,0,2,2599,Stangenholz,Stangenholz_12,,1364.4,Rabius
1.7,12,prot_no_nat,not_young,2,2,2,0,2,2600,Schwaches Baumholz,Schwaches Baumholz_12,,1278.8,Rabius
0.5,12,prot_no_nat,not_young,2,2,2,0,2,2601,Mittleres Baumholz,Mittleres Baumholz_12,,1307.3,Surrein
0.5,12,prot_no_nat,not_young,2,2,2,0,2,2602,Mittleres Baumholz,Mittleres Baumholz_12,,1189.7,Surrein
0.8,12,prot_no_nat,not_young,2,2,2,0,2,2603,Starkes Baumholz,Starkes Baumholz_12,,1634.3,Surrein
1.6,8,res_prot,not_young,2,2,2,0,2,2604,Mittleres Baumholz,Mittleres Baumholz_8,,1772.6,Surrein
0.6,12,prot_no_nat,not_young,2,2,2,0,2,2605,Stangenholz,Stangenholz_12,,1647.3,Surrein
1.9,12,prot_no_nat,not_young,2,2,2,0,2,2606,Mittleres Baumholz,Mittleres Baumholz_12,,1612.8,Surrein
1.7,11,prot_no_nat,not_young,2,2,2,0,2,2607,Stangenholz,Stangenholz_11,,1247.0,Cumpadials
0.5,12,prot_no_nat,not_young,2,2,2,0,2,2608,Stangenholz,Stangenholz_12,,1325.3,Surrein
2.1,12,prot_no_nat,not_young,2,2,2,0,2,2609,Stangenholz,Stangenholz_12,,1311.1,Surrein
1.8,8,prot_no_nat,not_young,2,2,2,0,2,2610,Mittleres Baumholz,Mittleres Baumholz_8,,1797.4,Cumpadials
0.5,8,prot_no_nat,not_young,2,2,2,0,2,2611,Mittleres Baumholz,Mittleres Baumholz_8,,1677.4,Rabius
2.4,11,prot_no_nat,not_young,2,2,2,0,2,2612,Stangenholz,Stangenholz_11,,1035.4,Sumvitg
2.5,11,prot_no_nat,not_young,2,2,2,0,2,2613,Stangenholz,Stangenholz_11,,1125.3,Sumvitg
0.5,11,prot_no_nat,not_young,2,2,2,0,2,2614,Stangenholz,Stangenholz_11,,1132.1,Sumvitg
4.1,11,prot_no_nat,not_young,2,2,2,0,2,2615,Stangenholz,Stangenholz_11,,1126.4,Rabius
0.5,12,prot_no_nat,not_young,2,2,2,0,2,2616,Stangenholz,Stangenholz_12,,1324.3,S. Benedetg
1.1,12,prot_no_nat,not_young,2,2,2,0,2,2617,Stangenholz,Stangenholz_12,,1408.7,Obersaxen
4.5,12,prot_no_nat,not_young,2,2,2,0,2,2618,Mittleres Baumholz,Mittleres Baumholz_12,,1581.0,Obersaxen
0.5,12,prot_no_nat,not_young,2,2,2,0,2,2619,Mittleres Baumholz,Mittleres Baumholz_12,,1373.8,Obersaxen
0.5,12,prot_no_nat,not_young,2,2,2,0,2,2620,Schwaches Baumholz,Schwaches Baumholz_12,,1359.9,Obersaxen
3.2,12,prot_no_nat,not_young,2,2,2,0,2,2621,Mittleres Baumholz,Mittleres Baumholz_12,,1481.5,Obersaxen
1.5,12,prot_no_nat,not_young,2,2,2,0,2,2622,Mittleres Baumholz,Mittleres Baumholz_12,,1530.8,Obersaxen
1.9,12,prot_no_nat,not_young,2,2,2,0,2,2623,Schwaches Baumholz,Schwaches Baumholz_12,,1481.6,Obersaxen
1.4,12,prot_no_nat,not_young,2,2,2,0,2,2624,Schwaches Baumholz,Schwaches Baumholz_12,,1547.7,Obersaxen
2.9,12,prot_no_nat,not_young,2,2,2,0,2,2625,Mittleres Baumholz,Mittleres Baumholz_12,,1532.1,Obersaxen
0.7,12,prot_no_nat,not_young,2,2,2,0,2,2626,Stangenholz,Stangenholz_12,,1543.0,Obersaxen
5.2,12,prot_no_nat,not_young,2,2,2,0,2,2627,Mittleres Baumholz,Mittleres Baumholz_12,,1634.3,Obersaxen
0.5,12,prot_no_nat,not_young,2,2,2,0,2,2628,Mittleres Baumholz,Mittleres Baumholz_12,,1629.1,Obersaxen
1.0,8,prot_no_nat,not_young,2,2,2,0,2,2629,Stangenholz,Stangenholz_8,,1715.6,Surrein
1.3,8,prot_no_nat,not_young,2,2,2,0,2,2630,Mittleres Baumholz,Mittleres Baumholz_8,,1732.5,Surrein
0.6,8,prot_no_nat,not_young,2,2,2,0,2,2631,Schwaches Baumholz,Schwaches Baumholz_8,,1861.1,Surrein
0.7,11,prot_no_nat,not_young,2,2,2,0,2,2632,Stangenholz,Stangenholz_11,,957.0,Surrein
1.1,8,res_prot,not_young,2,2,2,0,2,2633,Mittleres Baumholz,Mittleres Baumholz_8,,1706.7,Surrein
1.3,8,prot_no_nat,not_young,2,2,2,0,2,2634,Stangenholz,Stangenholz_8,,1676.9,Surrein
0.5,12,prot_no_nat,not_young,2,2,2,0,2,2635,Starkes Baumholz,Starkes Baumholz_12,,1490.7,Surrein
0.5,12,prot_no_nat,not_young,2,2,2,0,2,2636,Mittleres Baumholz,Mittleres Baumholz_12,,1647.5,Surrein
4.3,12,prot_no_nat,not_young,2,2,2,0,2,2637,Mittleres Baumholz,Mittleres Baumholz_12,,1646.0,Surrein
0.5,8,prot_no_nat,not_young,2,2,2,0,2,2638,Stangenholz,Stangenholz_8,,1832.9,Surrein
0.8,8,prot_no_nat,not_young,2,2,2,0,2,2639,Mittleres Baumholz,Mittleres Baumholz_8,,1712.0,Surrein
1.8,8,prot_no_nat,not_young,2,2,2,0,2,2640,Starkes Baumholz,Starkes Baumholz_8,,1607.7,Rabius
1.5,12,prot_no_nat,not_young,2,2,2,0,2,2641,Mittleres Baumholz,Mittleres Baumholz_12,,1339.0,S. Benedetg
0.9,12,prot_no_nat,not_young,2,2,2,0,2,2642,Schwaches Baumholz,Schwaches Baumholz_12,,1332.6,S. Benedetg
0.6,12,prot_no_nat,not_young,2,2,2,0,2,2643,Stangenholz,Stangenholz_12,,1303.9,S. Benedetg
2.0,11,prot_no_nat,not_young,2,2,2,0,2,2644,Stangenholz,Stangenholz_11,,1122.1,Rabius
1.0,11,prot_no_nat,not_young,2,2,2,0,2,2645,Stangenholz,Stangenholz_11,,1080.0,Rabius
0.6,12,prot_no_nat,not_young,2,2,2,0,2,2646,Stangenholz,Stangenholz_12,,1307.5,Surrein
0.8,12,prot_no_nat,not_young,2,2,2,0,2,2647,Stangenholz,Stangenholz_12,,1294.6,Surrein
4.1,12,prot_no_nat,not_young,2,2,2,0,2,2648,Mittleres Baumholz,Mittleres Baumholz_12,,1665.0,Surrein
0.6,8,prot_no_nat,not_young,2,2,2,0,2,2649,Stangenholz,Stangenholz_8,,1755.2,Surrein
2.4,12,prot_no_nat,not_young,2,2,2,0,2,2650,Stangenholz,Stangenholz_12,,1384.3,Surrein
1.2,12,prot_no_nat,not_young,2,2,2,0,2,2651,Stangenholz,Stangenholz_12,,1467.6,Surrein
0.9,12,prot_no_nat,not_young,2,2,2,0,2,2652,Starkes Baumholz,Starkes Baumholz_12,,1490.1,Surrein
2.0,12,prot_no_nat,not_young,2,2,2,0,2,2653,Schwaches Baumholz,Schwaches Baumholz_12,,1546.6,Surrein
1.6,8,prot_no_nat,not_young,2,2,2,0,2,2654,Mittleres Baumholz,Mittleres Baumholz_8,,1739.1,Obersaxen
0.7,8,prot_no_nat,not_young,2,2,2,0,2,2655,Schwaches Baumholz,Schwaches Baumholz_8,,1719.0,Obersaxen
0.6,8,prot_no_nat,not_young,2,2,2,0,2,2656,Mittleres Baumholz,Mittleres Baumholz_8,,1866.2,Surrein
0.8,9,prot_no_nat,not_young,2,2,2,0,2,2657,Schwaches Baumholz,Schwaches Baumholz_9,,1977.0,Surrein
0.7,12,prot_no_nat,not_young,2,2,2,0,2,2658,Stangenholz,Stangenholz_12,,1623.1,Surrein
1.3,12,prot_no_nat,not_young,2,2,2,0,2,2659,Starkes Baumholz,Starkes Baumholz_12,,1499.2,Surrein
1.2,8,prot_no_nat,not_young,2,2,2,0,2,2660,Mittleres Baumholz,Mittleres Baumholz_8,,1680.3,Surrein
0.9,9,prot_no_nat,not_young,2,2,2,0,2,2661,Mittleres Baumholz,Mittleres Baumholz_9,,1842.7,Obersaxen
0.6,9,prot_no_nat,not_young,2,2,2,0,2,2662,Stangenholz,Stangenholz_9,,1870.0,Obersaxen
3.0,8,prot_no_nat,not_young,2,2,2,0,2,2663,Mittleres Baumholz,Mittleres Baumholz_8,,1764.4,Obersaxen
0.8,12,prot_no_nat,not_young,2,2,2,0,2,2664,Stangenholz,Stangenholz_12,,1231.1,Surrein
1.8,8,res_prot,not_young,2,2,2,0,2,2665,Mittleres Baumholz,Mittleres Baumholz_8,,1768.0,Surrein
7.1,11,prot_no_nat,not_young,2,2,2,0,2,2666,Schwaches Baumholz,Schwaches Baumholz_11,,1119.6,Cumpadials
3.1,12,prot_no_nat,not_young,2,2,2,0,2,2667,Mittleres Baumholz,Mittleres Baumholz_12,,1595.0,Rabius
0.5,12,prot_no_nat,not_young,2,2,2,0,2,2668,Mittleres Baumholz,Mittleres Baumholz_12,,1398.8,Rabius
3.7,8,prot_no_nat,not_young,2,2,2,0,2,2669,Mittleres Baumholz,Mittleres Baumholz_8,,1721.2,Surrein
2.1,8,prot_no_nat,not_young,2,2,2,0,2,2670,Mittleres Baumholz,Mittleres Baumholz_8,,1722.1,Surrein
2.5,8,prot_no_nat,not_young,2,2,2,0,2,2671,Schwaches Baumholz,Schwaches Baumholz_8,,1690.1,Obersaxen
0.9,8,prot_no_nat,not_young,2,2,2,0,2,2672,Schwaches Baumholz,Schwaches Baumholz_8,,1697.7,Obersaxen
0.6,12,prot_no_nat,not_young,2,2,2,0,2,2673,Schwaches Baumholz,Schwaches Baumholz_12,,1659.1,Obersaxen
1.2,8,prot_no_nat,not_young,2,2,2,0,2,2674,Stangenholz,Stangenholz_8,,1674.0,Obersaxen
2.3,11,prot_no_nat,not_young,2,2,2,0,2,2675,Mittleres Baumholz,Mittleres Baumholz_11,,1434.3,Obersaxen
0.6,11,prot_no_nat,not_young,2,2,2,0,2,2676,Schwaches Baumholz,Schwaches Baumholz_11,,1419.6,Obersaxen
0.7,11,prot_no_nat,not_young,2,2,2,0,2,2677,Mittleres Baumholz,Mittleres Baumholz_11,,1433.7,Obersaxen
1.3,12,prot_no_nat,not_young,2,2,2,0,2,2678,Schwaches Baumholz,Schwaches Baumholz_12,,1453.4,Surrein
1.5,12,prot_no_nat,not_young,2,2,2,0,2,2679,Mittleres Baumholz,Mittleres Baumholz_12,,1498.0,Surrein
0.7,12,prot_no_nat,not_young,2,2,2,0,2,2680,Schwaches Baumholz,Schwaches Baumholz_12,,1564.9,Surrein
0.6,12,prot_no_nat,not_young,2,2,2,0,2,2681,Stangenholz,Stangenholz_12,,1567.1,Surrein
0.6,12,prot_no_nat,not_young,2,2,2,0,2,2682,Stangenholz,Stangenholz_12,,1578.3,Surrein
1.6,12,prot_no_nat,not_young,2,2,2,0,2,2683,Schwaches Baumholz,Schwaches Baumholz_12,,1486.0,Surrein
2.3,9,prot_no_nat,not_young,2,2,2,0,2,2684,Starkes Baumholz,Starkes Baumholz_9,,1825.0,Obersaxen
4.7,8,prot_no_nat,not_young,2,2,2,0,2,2685,Mittleres Baumholz,Mittleres Baumholz_8,,1757.5,Obersaxen
6.1,8,prot_no_nat,not_young,2,2,2,0,2,2686,Starkes Baumholz,Starkes Baumholz_8,,1765.7,Obersaxen
5.1,9,prot_no_nat,not_young,2,2,2,0,2,2687,Mittleres Baumholz,Mittleres Baumholz_9,,1812.9,Obersaxen
5.5,8,prot_no_nat,not_young,2,2,2,0,2,2688,Starkes Baumholz,Starkes Baumholz_8,,1673.1,Obersaxen
0.8,8,prot_no_nat,not_young,2,2,2,0,2,2689,Starkes Baumholz,Starkes Baumholz_8,,1720.8,Obersaxen
3.0,8,prot_no_nat,not_young,2,2,2,0,2,2690,Mittleres Baumholz,Mittleres Baumholz_8,,1625.9,Obersaxen
1.0,8,prot_no_nat,not_young,2,2,2,0,2,2691,Schwaches Baumholz,Schwaches Baumholz_8,,1643.4,Obersaxen
0.8,12,prot_no_nat,not_young,2,2,2,0,2,2692,Starkes Baumholz,Starkes Baumholz_12,,1611.2,Cumpadials
1.5,8,prot_no_nat,not_young,2,2,2,0,2,2693,Mittleres Baumholz,Mittleres Baumholz_8,,1700.4,Surrein
0.8,11,prot_no_nat,not_young,2,2,2,0,2,2694,Starkes Baumholz,Starkes Baumholz_11,,1450.4,Obersaxen
0.9,11,prot_no_nat,not_young,2,2,2,0,2,2695,Schwaches Baumholz,Schwaches Baumholz_11,,1457.9,Obersaxen
1.5,11,prot_no_nat,not_young,2,2,2,0,2,2696,Mittleres Baumholz,Mittleres Baumholz_11,,1510.4,Obersaxen
2.6,12,prot_no_nat,not_young,2,2,2,0,2,2697,Mittleres Baumholz,Mittleres Baumholz_12,,1550.7,Obersaxen
1.3,12,prot_no_nat,not_young,2,2,2,0,2,2698,Mittleres Baumholz,Mittleres Baumholz_12,,1502.2,Obersaxen
0.5,12,prot_no_nat,not_young,2,2,2,0,2,2699,Mittleres Baumholz,Mittleres Baumholz_12,,1463.5,Obersaxen
1.5,8,prot_no_nat,not_young,2,2,2,0,2,2700,Mittleres Baumholz,Mittleres Baumholz_8,,1744.2,Obersaxen
1.1,12,prot_no_nat,not_young,2,2,2,0,2,2701,Schwaches Baumholz,Schwaches Baumholz_12,,1608.7,Obersaxen
1.1,8,prot_no_nat,not_young,2,2,2,0,2,2702,Stangenholz,Stangenholz_8,,1713.9,Obersaxen
3.1,8,prot_no_nat,not_young,2,2,2,0,2,2703,Mittleres Baumholz,Mittleres Baumholz_8,,1763.0,Surrein
0.7,12,prot_no_nat,not_young,2,2,2,0,2,2704,Starkes Baumholz,Starkes Baumholz_12,,1545.1,Surrein
2.4,8,prot_no_nat,not_young,2,2,2,0,2,2705,Mittleres Baumholz,Mittleres Baumholz_8,,1617.7,Obersaxen
1.2,12,prot_no_nat,not_young,2,2,2,0,2,2706,Starkes Baumholz,Starkes Baumholz_12,,1573.1,Obersaxen
3.0,9,prot_no_nat,not_young,2,2,2,0,2,2707,Mittleres Baumholz,Mittleres Baumholz_9,,1844.9,Obersaxen
1.1,9,prot_no_nat,not_young,2,2,2,0,2,2708,Mittleres Baumholz,Mittleres Baumholz_9,,1803.1,Obersaxen
1.8,8,prot_no_nat,not_young,2,2,2,0,2,2709,Mittleres Baumholz,Mittleres Baumholz_8,,1735.3,Obersaxen
0.9,8,prot_no_nat,not_young,2,2,2,0,2,2710,Mittleres Baumholz,Mittleres Baumholz_8,,1670.4,Obersaxen
0.5,8,prot_no_nat,not_young,2,2,2,0,2,2711,Starkes Baumholz,Starkes Baumholz_8,,1725.1,Obersaxen
0.6,8,prot_no_nat,not_young,2,2,2,0,2,2712,Schwaches Baumholz,Schwaches Baumholz_8,,1713.2,Obersaxen
1.3,8,prot_no_nat,not_young,2,2,2,0,2,2713,Schwaches Baumholz,Schwaches Baumholz_8,,1842.6,Surrein
1.5,12,prot_no_nat,not_young,2,2,2,0,2,2714,Mittleres Baumholz,Mittleres Baumholz_12,,1439.4,Surrein
0.9,12,prot_no_nat,not_young,2,2,2,0,2,2715,Stangenholz,Stangenholz_12,,1404.0,Surrein
0.5,12,prot_no_nat,not_young,2,2,2,0,2,2716,Schwaches Baumholz,Schwaches Baumholz_12,,1393.6,Surrein
1.1,12,prot_no_nat,not_young,2,2,2,0,2,2717,Stangenholz,Stangenholz_12,,1470.8,Surrein
0.9,12,prot_no_nat,not_young,2,2,2,0,2,2718,Stangenholz,Stangenholz_12,,1529.8,Surrein
1.2,12,prot_no_nat,not_young,2,2,2,0,2,2719,Starkes Baumholz,Starkes Baumholz_12,,1525.1,Surrein
0.5,11,prot_no_nat,not_young,2,2,2,0,2,2720,Starkes Baumholz,Starkes Baumholz_11,,1180.9,Cumpadials
0.7,11,prot_no_nat,not_young,2,2,2,0,2,2721,Stangenholz,Stangenholz_11,,1162.3,Cumpadials
0.5,8,prot_no_nat,not_young,2,2,2,0,2,2722,Stangenholz,Stangenholz_8,,1668.5,Cumpadials
0.7,8,prot_no_nat,not_young,2,2,2,0,2,2723,Mittleres Baumholz,Mittleres Baumholz_8,,1623.7,Cumpadials
1.9,11,prot_no_nat,not_young,2,2,2,0,2,2724,Starkes Baumholz,Starkes Baumholz_11,,1560.2,Cumpadials
0.6,11,prot_no_nat,not_young,2,2,2,0,2,2725,Stangenholz,Stangenholz_11,,1460.7,Cumpadials
1.0,11,prot_no_nat,not_young,2,2,2,0,2,2726,Stangenholz,Stangenholz_11,,1463.7,Cumpadials
0.6,12,prot_no_nat,not_young,2,2,2,0,2,2727,Starkes Baumholz,Starkes Baumholz_12,,1432.9,Surrein
0.7,12,prot_no_nat,not_young,2,2,2,0,2,2728,Stangenholz,Stangenholz_12,,1381.4,Surrein
1.9,12,prot_no_nat,not_young,2,2,2,0,2,2729,Starkes Baumholz,Starkes Baumholz_12,,1531.5,Obersaxen
10.1,8,prot_no_nat,not_young,2,2,2,0,2,2730,Starkes Baumholz,Starkes Baumholz_8,,1622.9,Obersaxen
1.7,12,prot_no_nat,not_young,2,2,2,0,2,2731,Mittleres Baumholz,Mittleres Baumholz_12,,1557.0,Obersaxen
0.5,12,prot_no_nat,not_young,2,2,2,0,2,2732,Schwaches Baumholz,Schwaches Baumholz_12,,1567.3,Obersaxen
5.3,8,prot_no_nat,not_young,2,2,2,0,2,2733,Starkes Baumholz,Starkes Baumholz_8,,1698.2,Obersaxen
0.6,12,prot_no_nat,not_young,2,2,2,0,2,2734,Stangenholz,Stangenholz_12,,1654.3,Surrein
1.0,8,prot_no_nat,not_young,2,2,2,0,2,2735,Mittleres Baumholz,Mittleres Baumholz_8,,1757.8,Surrein
0.6,8,prot_no_nat,not_young,2,2,2,0,2,2736,Mittleres Baumholz,Mittleres Baumholz_8,,1810.2,Surrein
1.7,11,prot_no_nat,not_young,2,2,2,0,2,2737,Schwaches Baumholz,Schwaches Baumholz_11,,1245.9,Obersaxen
2.2,11,prot_no_nat,not_young,2,2,2,0,2,2738,Starkes Baumholz,Starkes Baumholz_11,,1504.2,Obersaxen
2.3,8,prot_no_nat,not_young,2,2,2,0,2,2739,Mittleres Baumholz,Mittleres Baumholz_8,,1748.3,Obersaxen
3.8,8,prot_no_nat,not_young,2,2,2,0,2,2740,Mittleres Baumholz,Mittleres Baumholz_8,,1749.0,Obersaxen
0.9,8,prot_no_nat,not_young,2,2,2,0,2,2741,Schwaches Baumholz,Schwaches Baumholz_8,,1585.9,Obersaxen
0.5,11,prot_no_nat,not_young,2,2,2,0,2,2742,Stangenholz,Stangenholz_11,,1366.1,Obersaxen
1.9,11,prot_no_nat,not_young,2,2,2,0,2,2743,Mittleres Baumholz,Mittleres Baumholz_11,,1379.4,Obersaxen
1.2,11,prot_no_nat,not_young,2,2,2,0,2,2744,Stangenholz,Stangenholz_11,,1537.1,Cumpadials
2.2,8,prot_no_nat,not_young,2,2,2,0,2,2745,Mittleres Baumholz,Mittleres Baumholz_8,,1803.2,Cumpadials
1.0,12,prot_no_nat,not_young,2,2,2,0,2,2746,Starkes Baumholz,Starkes Baumholz_12,,1565.8,Surrein
0.5,8,prot_no_nat,not_young,2,2,2,0,2,2747,Starkes Baumholz,Starkes Baumholz_8,,1712.7,Surrein
2.0,11,prot_no_nat,not_young,2,2,2,0,2,2748,Stangenholz,Stangenholz_11,,1225.2,Cumpadials
1.1,12,prot_no_nat,not_young,2,2,2,0,2,2749,Stangenholz,Stangenholz_12,,1587.4,Surrein
0.6,12,prot_no_nat,not_young,2,2,2,0,2,2750,Mittleres Baumholz,Mittleres Baumholz_12,,1403.7,Surrein
0.6,12,prot_no_nat,not_young,2,2,2,0,2,2751,Stangenholz,Stangenholz_12,,1366.7,Surrein
0.6,11,prot_no_nat,not_young,2,2,2,0,2,2752,Schwaches Baumholz,Schwaches Baumholz_11,,1292.5,Obersaxen
1.2,11,prot_no_nat,not_young,2,2,2,0,2,2753,Mittleres Baumholz,Mittleres Baumholz_11,,1287.2,Obersaxen
2.7,11,prot_no_nat,not_young,2,2,2,0,2,2754,Mittleres Baumholz,Mittleres Baumholz_11,,1297.6,Obersaxen
1.4,11,prot_no_nat,not_young,2,2,2,0,2,2755,Mittleres Baumholz,Mittleres Baumholz_11,,1335.9,Obersaxen
2.1,11,prot_no_nat,not_young,2,2,2,0,2,2756,Starkes Baumholz,Starkes Baumholz_11,,1433.5,Obersaxen
0.8,11,prot_no_nat,not_young,2,2,2,0,2,2757,Mittleres Baumholz,Mittleres Baumholz_11,,1402.1,Obersaxen
1.4,11,prot_no_nat,not_young,2,2,2,0,2,2758,Schwaches Baumholz,Schwaches Baumholz_11,,1427.4,Obersaxen
0.6,11,prot_no_nat,not_young,2,2,2,0,2,2759,Mittleres Baumholz,Mittleres Baumholz_11,,1442.4,Obersaxen
2.5,11,prot_no_nat,not_young,2,2,2,0,2,2760,Schwaches Baumholz,Schwaches Baumholz_11,,1414.7,Obersaxen
0.6,11,prot_no_nat,not_young,2,2,2,0,2,2761,Schwaches Baumholz,Schwaches Baumholz_11,,1552.5,Cumpadials
0.6,11,prot_no_nat,not_young,2,2,2,0,2,2762,Starkes Baumholz,Starkes Baumholz_11,,1332.2,Cumpadials
1.9,11,prot_no_nat,not_young,2,2,2,0,2,2763,Schwaches Baumholz,Schwaches Baumholz_11,,1376.9,Cumpadials
0.6,8,prot_no_nat,not_young,2,2,2,0,2,2764,Mittleres Baumholz,Mittleres Baumholz_8,,1833.5,Surrein
1.3,12,prot_no_nat,not_young,2,2,2,0,2,2765,Mittleres Baumholz,Mittleres Baumholz_12,,1590.9,Surrein
0.6,8,prot_no_nat,not_young,2,2,2,0,2,2766,Mittleres Baumholz,Mittleres Baumholz_8,,1728.4,Surrein
0.7,8,prot_no_nat,not_young,2,2,2,0,2,2767,Mittleres Baumholz,Mittleres Baumholz_8,,1846.9,Surrein
0.6,8,prot_no_nat,not_young,2,2,2,0,2,2768,Stangenholz,Stangenholz_8,,1794.3,Surrein
1.6,11,prot_no_nat,not_young,2,2,2,0,2,2769,Stangenholz,Stangenholz_11,,1380.7,Surrein
0.6,11,prot_no_nat,not_young,2,2,2,0,2,2770,Stangenholz,Stangenholz_11,,1155.9,Rabius
0.7,11,prot_no_nat,not_young,2,2,2,0,2,2771,Stangenholz,Stangenholz_11,,1116.8,Sumvitg
1.6,11,prot_no_nat,not_young,2,2,2,0,2,2772,Stangenholz,Stangenholz_11,,1222.1,Sumvitg
1.5,8,prot_no_nat,not_young,2,2,2,0,2,2773,Stangenholz,Stangenholz_8,,1694.4,Surrein
1.6,8,prot_no_nat,not_young,2,2,2,0,2,2774,Mittleres Baumholz,Mittleres Baumholz_8,,1793.2,Surrein
1.5,8,prot_no_nat,not_young,2,2,2,0,2,2775,Starkes Baumholz,Starkes Baumholz_8,,1835.8,Surrein
0.5,8,prot_no_nat,not_young,2,2,2,0,2,2776,Stangenholz,Stangenholz_8,,1753.3,Surrein
1.6,8,prot_no_nat,not_young,2,2,2,0,2,2777,Mittleres Baumholz,Mittleres Baumholz_8,,1828.7,Surrein
0.5,12,prot_no_nat,not_young,2,2,2,0,2,2778,Mittleres Baumholz,Mittleres Baumholz_12,,1481.5,Surrein
0.5,12,prot_no_nat,not_young,2,2,2,0,2,2779,Stangenholz,Stangenholz_12,,1400.0,Surrein
1.4,12,prot_no_nat,not_young,2,2,2,0,2,2780,Starkes Baumholz,Starkes Baumholz_12,,1492.2,Surrein
0.5,12,prot_no_nat,not_young,2,2,2,0,2,2781,Mittleres Baumholz,Mittleres Baumholz_12,,1626.0,Surrein
1.0,12,prot_no_nat,not_young,2,2,2,0,2,2782,Stangenholz,Stangenholz_12,,1408.7,Surrein
3.3,11,prot_no_nat,not_young,2,2,2,0,2,2783,Mittleres Baumholz,Mittleres Baumholz_11,,1465.5,Obersaxen
1.5,11,prot_no_nat,not_young,2,2,2,0,2,2784,Starkes Baumholz,Starkes Baumholz_11,,1393.6,Obersaxen
1.2,11,prot_no_nat,not_young,2,2,2,0,2,2785,Schwaches Baumholz,Schwaches Baumholz_11,,1443.0,Obersaxen
1.4,11,prot_no_nat,not_young,2,2,2,0,2,2786,Stangenholz,Stangenholz_11,,1381.0,Obersaxen
0.9,11,prot_no_nat,not_young,2,2,2,0,2,2787,Mittleres Baumholz,Mittleres Baumholz_11,,1488.0,Obersaxen
1.0,11,prot_no_nat,not_young,2,2,2,0,2,2788,Starkes Baumholz,Starkes Baumholz_11,,1502.1,Obersaxen
3.2,8,prot_no_nat,not_young,2,2,2,0,2,2789,Mittleres Baumholz,Mittleres Baumholz_8,,1685.4,Obersaxen
0.8,11,prot_no_nat,not_young,2,2,2,0,2,2790,Stangenholz,Stangenholz_11,,1418.0,Cumpadials
0.6,11,prot_no_nat,not_young,2,2,2,0,2,2791,Stangenholz,Stangenholz_11,,1394.1,Cumpadials
0.7,11,prot_no_nat,not_young,2,2,2,0,2,2792,Stangenholz,Stangenholz_11,,1519.0,Cumpadials
1.5,8,prot_no_nat,not_young,2,2,2,0,2,2793,Mittleres Baumholz,Mittleres Baumholz_8,,1861.1,Surrein
1.5,8,prot_no_nat,not_young,2,2,2,0,2,2794,Starkes Baumholz,Starkes Baumholz_8,,1838.5,Surrein
0.6,12,prot_no_nat,not_young,2,2,2,0,2,2795,Stangenholz,Stangenholz_12,,1298.6,Surrein
0.5,12,prot_no_nat,not_young,2,2,2,0,2,2796,Mittleres Baumholz,Mittleres Baumholz_12,,1382.4,Surrein
2.2,11,prot_no_nat,not_young,2,2,2,0,2,2797,Stangenholz,Stangenholz_11,,1195.7,Sumvitg
0.6,11,prot_no_nat,not_young,2,2,2,0,2,2798,Stangenholz,Stangenholz_11,,1190.0,Sumvitg
0.8,11,prot_no_nat,not_young,2,2,2,0,2,2799,Stangenholz,Stangenholz_11,,1124.8,Sumvitg
0.5,11,prot_no_nat,not_young,2,2,2,0,2,2800,Stangenholz,Stangenholz_11,,1092.5,Sumvitg
0.9,11,prot_no_nat,not_young,2,2,2,0,2,2801,Stangenholz,Stangenholz_11,,1161.8,Sumvitg
1.5,8,prot_no_nat,not_young,2,2,2,0,2,2802,Starkes Baumholz,Starkes Baumholz_8,,1728.1,Surrein
1.0,8,prot_no_nat,not_young,2,2,2,0,2,2803,Mittleres Baumholz,Mittleres Baumholz_8,,1695.3,Obersaxen
0.8,12,prot_no_nat,not_young,2,2,2,0,2,2804,Stangenholz,Stangenholz_12,,1589.1,Obersaxen
0.7,8,prot_no_nat,not_young,2,2,2,0,2,2805,Schwaches Baumholz,Schwaches Baumholz_8,,1771.6,Obersaxen
2.6,11,prot_no_nat,not_young,2,2,2,0,2,2806,Mittleres Baumholz,Mittleres Baumholz_11,,1138.5,Obersaxen
2.0,11,prot_no_nat,not_young,2,2,2,0,2,2807,Mittleres Baumholz,Mittleres Baumholz_11,,1022.5,Obersaxen
4.3,11,prot_no_nat,not_young,2,2,2,0,2,2808,Stangenholz,Stangenholz_11,,1170.3,Obersaxen
3.5,11,prot_no_nat,not_young,2,2,2,0,2,2809,Mittleres Baumholz,Mittleres Baumholz_11,,1030.0,Obersaxen
1.3,8,prot_no_nat,not_young,2,2,2,0,2,2810,Schwaches Baumholz,Schwaches Baumholz_8,,1595.9,Cumpadials
0.5,12,prot_no_nat,not_young,2,2,2,0,2,2811,Mittleres Baumholz,Mittleres Baumholz_12,,1651.3,Cumpadials
1.3,11,prot_no_nat,not_young,2,2,2,0,2,2812,Mittleres Baumholz,Mittleres Baumholz_11,,1440.8,Cumpadials
1.0,12,prot_no_nat,not_young,2,2,2,0,2,2813,Starkes Baumholz,Starkes Baumholz_12,,1503.5,Surrein
1.0,12,prot_no_nat,not_young,2,2,2,0,2,2814,Mittleres Baumholz,Mittleres Baumholz_12,,1335.4,Surrein
3.1,9,prot_no_nat,not_young,2,2,2,0,2,2815,Schwaches Baumholz,Schwaches Baumholz_9,,1837.0,Obersaxen
1.3,8,prot_no_nat,not_young,2,2,2,0,2,2816,Mittleres Baumholz,Mittleres Baumholz_8,,1745.2,Obersaxen
1.4,8,prot_no_nat,not_young,2,2,2,0,2,2817,Mittleres Baumholz,Mittleres Baumholz_8,,1792.5,Obersaxen
1.3,8,prot_no_nat,not_young,2,2,2,0,2,2818,Mittleres Baumholz,Mittleres Baumholz_8,,1802.6,Obersaxen
2.0,8,prot_no_nat,not_young,2,2,2,0,2,2819,Mittleres Baumholz,Mittleres Baumholz_8,,1739.0,Obersaxen
4.1,8,prot_no_nat,not_young,2,2,2,0,2,2820,Mittleres Baumholz,Mittleres Baumholz_8,,1723.3,Obersaxen
2.5,9,prot_no_nat,not_young,2,2,2,0,2,2821,Mittleres Baumholz,Mittleres Baumholz_9,,1842.6,Obersaxen
1.8,11,prot_no_nat,not_young,2,2,2,0,2,2822,Starkes Baumholz,Starkes Baumholz_11,,1645.7,Sumvitg
1.2,8,prot_no_nat,not_young,2,2,2,0,2,2823,Mittleres Baumholz,Mittleres Baumholz_8,,1690.3,Sumvitg
1.1,12,prot_no_nat,not_young,2,2,2,0,2,2824,Mittleres Baumholz,Mittleres Baumholz_12,,1660.7,Sumvitg
1.7,8,prot_no_nat,not_young,2,2,2,0,2,2825,Mittleres Baumholz,Mittleres Baumholz_8,,1749.5,Sumvitg
1.6,9,prot_no_nat,not_young,2,2,2,0,2,2826,Schwaches Baumholz,Schwaches Baumholz_9,,1962.7,Surrein
2.2,8,prot_no_nat,not_young,2,2,2,0,2,2827,Mittleres Baumholz,Mittleres Baumholz_8,,1741.0,Surrein
1.6,9,prot_no_nat,not_young,2,2,2,0,2,2828,Stangenholz,Stangenholz_9,,1905.9,Surrein
1.9,8,prot_no_nat,not_young,2,2,2,0,2,2829,Schwaches Baumholz,Schwaches Baumholz_8,,1700.8,Surrein
3.4,11,prot_no_nat,not_young,2,2,2,0,2,2830,Starkes Baumholz,Starkes Baumholz_11,,988.3,Obersaxen
2.0,11,prot_no_nat,not_young,2,2,2,0,2,2831,Mittleres Baumholz,Mittleres Baumholz_11,,990.9,Obersaxen
1.6,11,prot_no_nat,not_young,2,2,2,0,2,2832,Mittleres Baumholz,Mittleres Baumholz_11,,1000.0,Obersaxen
1.4,11,prot_no_nat,not_young,2,2,2,0,2,2833,Schwaches Baumholz,Schwaches Baumholz_11,,1050.1,Obersaxen
1.0,11,prot_no_nat,not_young,2,2,2,0,2,2834,Mittleres Baumholz,Mittleres Baumholz_11,,1053.0,Obersaxen
0.9,11,prot_no_nat,not_young,2,2,2,0,2,2835,Mittleres Baumholz,Mittleres Baumholz_11,,1070.7,Obersaxen
1.9,11,prot_no_nat,not_young,2,2,2,0,2,2836,Starkes Baumholz,Starkes Baumholz_11,,1105.4,Obersaxen
1.4,11,prot_no_nat,not_young,2,2,2,0,2,2837,Schwaches Baumholz,Schwaches Baumholz_11,,1087.3,Obersaxen
1.3,11,prot_no_nat,not_young,2,2,2,0,2,2838,Schwaches Baumholz,Schwaches Baumholz_11,,1120.6,Obersaxen
1.5,11,prot_no_nat,not_young,1,2,2,0,2,2839,Stangenholz,Stangenholz_11,,964.4,Cumpadials
2.8,11,prot_no_nat,not_young,2,2,2,0,2,2840,Starkes Baumholz,Starkes Baumholz_11,,1099.2,Obersaxen
0.8,11,prot_no_nat,not_young,2,2,2,0,2,2841,Stangenholz,Stangenholz_11,,1588.7,Cumpadials
0.9,12,prot_no_nat,not_young,2,2,2,0,2,2842,Mittleres Baumholz,Mittleres Baumholz_12,,1469.4,Surrein
1.0,11,prot_no_nat,not_young,2,2,2,0,2,2843,Starkes Baumholz,Starkes Baumholz_11,,1397.9,Surrein
1.1,12,prot_no_nat,not_young,2,2,2,0,2,2844,Mittleres Baumholz,Mittleres Baumholz_12,,1479.5,Surrein
1.3,12,prot_no_nat,not_young,2,2,2,0,2,2845,Mittleres Baumholz,Mittleres Baumholz_12,,1489.3,Surrein
0.9,12,prot_no_nat,not_young,2,2,2,0,2,2846,Mittleres Baumholz,Mittleres Baumholz_12,,1284.9,Surrein
0.6,12,prot_no_nat,not_young,2,2,2,0,2,2847,Schwaches Baumholz,Schwaches Baumholz_12,,1371.6,Surrein
2.5,8,prot_no_nat,not_young,2,2,2,0,2,2848,Mittleres Baumholz,Mittleres Baumholz_8,,1840.7,Sumvitg
1.3,8,prot_no_nat,not_young,2,2,2,0,2,2849,Mittleres Baumholz,Mittleres Baumholz_8,,1810.6,Sumvitg
3.1,9,prot_no_nat,not_young,2,2,2,0,2,2850,Mittleres Baumholz,Mittleres Baumholz_9,,1848.6,Obersaxen
2.2,11,prot_no_nat,not_young,2,2,2,0,2,2851,Mittleres Baumholz,Mittleres Baumholz_11,,1404.2,Obersaxen
1.1,8,prot_no_nat,not_young,2,2,2,0,2,2852,Mittleres Baumholz,Mittleres Baumholz_8,,1727.3,Sumvitg
2.5,8,prot_no_nat,not_young,2,2,2,0,2,2853,Starkes Baumholz,Starkes Baumholz_8,,1681.9,Sumvitg
1.9,8,prot_no_nat,not_young,2,2,2,0,2,2854,Mittleres Baumholz,Mittleres Baumholz_8,,1776.9,Sumvitg
1.4,8,prot_no_nat,not_young,2,2,2,0,2,2855,Starkes Baumholz,Starkes Baumholz_8,,1665.6,Surrein
1.5,8,prot_no_nat,not_young,2,2,2,0,2,2856,Mittleres Baumholz,Mittleres Baumholz_8,,1844.8,Surrein
0.8,12,prot_no_nat,not_young,2,2,2,0,2,2857,Mittleres Baumholz,Mittleres Baumholz_12,,1639.0,Surrein
0.5,8,prot_no_nat,not_young,2,2,2,0,2,2858,Schwaches Baumholz,Schwaches Baumholz_8,,1806.2,Surrein
2.5,8,prot_no_nat,not_young,2,2,2,0,2,2859,Mittleres Baumholz,Mittleres Baumholz_8,,1748.9,Surrein
3.0,8,prot_no_nat,not_young,2,2,2,0,2,2860,Mittleres Baumholz,Mittleres Baumholz_8,,1793.2,Surrein
0.6,11,prot_no_nat,not_young,2,2,2,0,2,2861,Schwaches Baumholz,Schwaches Baumholz_11,,992.4,Obersaxen
4.5,11,prot_no_nat,not_young,2,2,2,0,2,2862,Mittleres Baumholz,Mittleres Baumholz_11,,1082.8,Obersaxen
2.8,11,prot_no_nat,not_young,2,2,2,0,2,2863,Schwaches Baumholz,Schwaches Baumholz_11,,1152.1,Obersaxen
3.7,11,prot_no_nat,not_young,2,2,2,0,2,2864,Stangenholz,Stangenholz_11,,1117.6,Obersaxen
0.7,11,prot_no_nat,not_young,2,2,2,0,2,2865,Mittleres Baumholz,Mittleres Baumholz_11,,1034.3,Obersaxen
2.5,11,prot_no_nat,not_young,2,2,2,0,2,2866,Schwaches Baumholz,Schwaches Baumholz_11,,1154.8,Obersaxen
1.0,11,prot_no_nat,not_young,2,2,2,0,2,2867,Schwaches Baumholz,Schwaches Baumholz_11,,1158.2,Obersaxen
1.6,11,prot_no_nat,not_young,2,2,2,0,2,2868,Starkes Baumholz,Starkes Baumholz_11,,1077.2,Obersaxen
0.5,11,prot_no_nat,not_young,2,2,2,0,2,2869,Starkes Baumholz,Starkes Baumholz_11,,1141.0,Obersaxen
1.2,11,prot_no_nat,not_young,2,2,2,0,2,2870,Schwaches Baumholz,Schwaches Baumholz_11,,1149.4,Obersaxen
1.6,11,prot_no_nat,not_young,2,2,2,0,2,2871,Schwaches Baumholz,Schwaches Baumholz_11,,1144.9,Obersaxen
0.8,11,prot_no_nat,not_young,2,2,2,0,2,2872,Stangenholz,Stangenholz_11,,968.6,Cumpadials
0.8,11,prot_no_nat,not_young,2,2,2,0,2,2873,Stangenholz,Stangenholz_11,,968.8,Cumpadials
1.1,11,prot_no_nat,not_young,2,2,2,0,2,2874,Stangenholz,Stangenholz_11,,1106.7,Disentis/Mustér
0.5,11,prot_no_nat,not_young,2,2,2,0,2,2875,Mittleres Baumholz,Mittleres Baumholz_11,,1060.8,Cumpadials
0.8,11,prot_no_nat,not_young,2,2,2,0,2,2876,Starkes Baumholz,Starkes Baumholz_11,,1068.0,Cumpadials
0.7,11,prot_no_nat,not_young,2,2,2,0,2,2877,Mittleres Baumholz,Mittleres Baumholz_11,,1186.0,Cumpadials
0.6,11,prot_no_nat,not_young,2,2,2,0,2,2878,Mittleres Baumholz,Mittleres Baumholz_11,,1098.9,Cumpadials
0.5,8,prot_no_nat,not_young,2,2,2,0,2,2879,Mittleres Baumholz,Mittleres Baumholz_8,,1839.3,Obersaxen
1.9,9,prot_no_nat,not_young,2,2,2,0,2,2880,Mittleres Baumholz,Mittleres Baumholz_9,,1886.6,Obersaxen
1.4,11,prot_no_nat,not_young,2,2,2,0,2,2881,Mittleres Baumholz,Mittleres Baumholz_11,,1371.4,Cumpadials
0.8,11,prot_no_nat,not_young,2,2,2,0,2,2882,Stangenholz,Stangenholz_11,,1306.9,Cumpadials
1.1,11,prot_no_nat,not_young,2,2,2,0,2,2883,Stangenholz,Stangenholz_11,,1362.2,Cumpadials
0.9,12,prot_no_nat,not_young,2,2,2,0,2,2884,Stangenholz,Stangenholz_12,,1318.0,Surrein
0.6,12,prot_no_nat,not_young,2,2,2,0,2,2885,Stangenholz,Stangenholz_12,,1371.3,Surrein
1.1,8,prot_no_nat,not_young,2,2,2,0,2,2886,Starkes Baumholz,Starkes Baumholz_8,,1668.1,Surrein
0.6,12,prot_no_nat,not_young,2,2,2,0,2,2887,Starkes Baumholz,Starkes Baumholz_12,,1598.7,Sumvitg
2.2,8,prot_no_nat,not_young,2,2,2,0,2,2888,Starkes Baumholz,Starkes Baumholz_8,,1758.8,Sumvitg
3.6,11,prot_no_nat,not_young,2,2,2,0,2,2889,Starkes Baumholz,Starkes Baumholz_11,,1498.7,Sumvitg
0.8,12,prot_no_nat,not_young,2,2,2,0,2,2890,Schwaches Baumholz,Schwaches Baumholz_12,,1598.1,Obersaxen
1.1,11,prot_no_nat,not_young,2,2,2,0,2,2891,Schwaches Baumholz,Schwaches Baumholz_11,,1484.3,Obersaxen
1.5,8,prot_no_nat,not_young,2,2,2,0,2,2892,Mittleres Baumholz,Mittleres Baumholz_8,,1755.5,Sumvitg
2.7,8,prot_no_nat,not_young,2,2,2,0,2,2893,Mittleres Baumholz,Mittleres Baumholz_8,,1645.7,Sumvitg
5.9,11,prot_no_nat,not_young,2,2,2,0,2,2894,Starkes Baumholz,Starkes Baumholz_11,,1646.3,Sumvitg
2.6,11,prot_no_nat,not_young,2,2,2,0,2,2895,Starkes Baumholz,Starkes Baumholz_11,,1598.3,Sumvitg
1.9,11,prot_no_nat,not_young,2,2,2,0,2,2896,Mittleres Baumholz,Mittleres Baumholz_11,,1285.3,Surrein
0.8,11,prot_no_nat,not_young,1,2,2,0,2,2897,Stangenholz,Stangenholz_11,,897.7999999999998,Surrein
0.5,11,prot_no_nat,not_young,2,2,2,0,2,2898,Mittleres Baumholz,Mittleres Baumholz_11,,1208.4,Obersaxen
2.1,11,prot_no_nat,not_young,2,2,2,0,2,2899,Mittleres Baumholz,Mittleres Baumholz_11,,1182.9,Obersaxen
0.9,11,prot_no_nat,not_young,2,2,2,0,2,2900,Mittleres Baumholz,Mittleres Baumholz_11,,1445.7,Sumvitg
2.6,11,prot_no_nat,not_young,2,2,2,0,2,2901,Starkes Baumholz,Starkes Baumholz_11,,1368.5,Sumvitg
2.4,12,prot_no_nat,not_young,2,2,2,0,2,2902,Mittleres Baumholz,Mittleres Baumholz_12,,1539.7,Sumvitg
2.2,8,prot_no_nat,not_young,2,2,2,0,2,2903,Mittleres Baumholz,Mittleres Baumholz_8,,1843.5,Obersaxen
0.9,9,prot_no_nat,not_young,2,2,2,0,2,2904,Mittleres Baumholz,Mittleres Baumholz_9,,1882.1,Obersaxen
1.5,12,prot_no_nat,not_young,2,2,2,0,2,2905,Schwaches Baumholz,Schwaches Baumholz_12,,1222.6,Surrein
0.5,12,prot_no_nat,not_young,2,2,2,0,2,2906,Mittleres Baumholz,Mittleres Baumholz_12,,1214.6,Surrein
0.7,12,prot_no_nat,not_young,2,2,2,0,2,2907,Stangenholz,Stangenholz_12,,1380.1,Surrein
1.7,12,prot_no_nat,not_young,2,2,2,0,2,2908,Mittleres Baumholz,Mittleres Baumholz_12,,1260.0,Surrein
1.4,12,prot_no_nat,not_young,2,2,2,0,2,2909,Schwaches Baumholz,Schwaches Baumholz_12,,1413.7,Surrein
1.3,12,prot_no_nat,not_young,2,2,2,0,2,2910,Schwaches Baumholz,Schwaches Baumholz_12,,1629.3,Surrein
0.8,12,prot_no_nat,not_young,2,2,2,0,2,2911,Stangenholz,Stangenholz_12,,1538.8,Surrein
2.0,12,prot_no_nat,not_young,2,2,2,0,2,2912,Mittleres Baumholz,Mittleres Baumholz_12,,1521.3,Surrein
1.2,12,prot_no_nat,not_young,2,2,2,0,2,2913,Mittleres Baumholz,Mittleres Baumholz_12,,1360.0,Surrein
1.8,12,prot_no_nat,not_young,2,2,2,0,2,2914,Mittleres Baumholz,Mittleres Baumholz_12,,1462.0,Surrein
1.8,11,prot_no_nat,not_young,2,2,2,0,2,2915,Stangenholz,Stangenholz_11,,1451.1,Cumpadials
1.1,11,prot_no_nat,not_young,2,2,2,0,2,2916,Starkes Baumholz,Starkes Baumholz_11,,1487.1,Cumpadials
0.5,11,prot_no_nat,not_young,2,2,2,0,2,2917,Mittleres Baumholz,Mittleres Baumholz_11,,1417.3,Cumpadials
0.9,8,prot_no_nat,not_young,2,2,2,0,2,2918,Starkes Baumholz,Starkes Baumholz_8,,1655.4,Surrein
1.4,12,prot_no_nat,not_young,2,2,2,0,2,2919,Mittleres Baumholz,Mittleres Baumholz_12,,1328.0,Surrein
0.5,12,prot_no_nat,not_young,2,2,2,0,2,2920,Stangenholz,Stangenholz_12,,1257.9,Surrein
1.6,8,prot_no_nat,not_young,2,2,2,0,2,2921,Schwaches Baumholz,Schwaches Baumholz_8,,1755.2,Surrein
1.1,11,prot_no_nat,not_young,2,2,2,0,2,2922,Schwaches Baumholz,Schwaches Baumholz_11,,1321.2,Sumvitg
1.0,11,prot_no_nat,not_young,2,2,2,0,2,2923,Mittleres Baumholz,Mittleres Baumholz_11,,1280.9,Sumvitg
0.6,11,prot_no_nat,not_young,2,2,2,0,2,2924,Schwaches Baumholz,Schwaches Baumholz_11,,1308.9,Sumvitg
1.5,11,prot_no_nat,not_young,2,2,2,0,2,2925,Mittleres Baumholz,Mittleres Baumholz_11,,1447.6,Obersaxen
1.2,11,prot_no_nat,not_young,2,2,2,0,2,2926,Schwaches Baumholz,Schwaches Baumholz_11,,1390.2,Obersaxen
0.5,11,prot_no_nat,not_young,2,2,2,0,2,2927,Stangenholz,Stangenholz_11,,1414.2,Obersaxen
1.6,8,prot_no_nat,not_young,2,2,2,0,2,2928,Mittleres Baumholz,Mittleres Baumholz_8,,1597.3,Sumvitg
2.8,11,prot_no_nat,not_young,2,2,2,0,2,2929,Starkes Baumholz,Starkes Baumholz_11,,1440.0,Sumvitg
1.9,11,prot_no_nat,not_young,1,2,2,0,2,2930,Stangenholz,Stangenholz_11,,880.6,Rabius
2.5,11,prot_no_nat,not_young,1,2,2,0,2,2931,Stangenholz,Stangenholz_11,,899.3999999999999,Rabius
1.3,11,prot_no_nat,not_young,2,2,2,0,2,2932,Schwaches Baumholz,Schwaches Baumholz_11,,1075.2,Rabius
1.9,11,prot_no_nat,not_young,2,2,2,0,2,2933,Schwaches Baumholz,Schwaches Baumholz_11,,1181.1,S. Benedetg
2.9,11,prot_no_nat,not_young,2,2,2,0,2,2934,Mittleres Baumholz,Mittleres Baumholz_11,,1393.9,Sumvitg
1.7,11,prot_no_nat,not_young,2,2,2,0,2,2935,Mittleres Baumholz,Mittleres Baumholz_11,,1434.3,Sumvitg
3.4,11,prot_no_nat,not_young,2,2,2,0,2,2936,Starkes Baumholz,Starkes Baumholz_11,,1450.6,Sumvitg
2.7,11,prot_no_nat,not_young,2,2,2,0,2,2937,Starkes Baumholz,Starkes Baumholz_11,,1561.2,Sumvitg
1.2,11,prot_no_nat,not_young,2,2,2,0,2,2938,Mittleres Baumholz,Mittleres Baumholz_11,,1375.0,Sumvitg
3.4,11,prot_no_nat,not_young,2,2,2,0,2,2939,Starkes Baumholz,Starkes Baumholz_11,,1580.4,Sumvitg
0.7,11,prot_no_nat,not_young,2,2,2,0,2,2940,Mittleres Baumholz,Mittleres Baumholz_11,,1438.2,Sumvitg
2.9,11,prot_no_nat,not_young,2,2,2,0,2,2941,Mittleres Baumholz,Mittleres Baumholz_11,,1550.2,Sumvitg
2.6,11,prot_no_nat,not_young,2,2,2,0,2,2942,Starkes Baumholz,Starkes Baumholz_11,,1351.8,Sumvitg
1.1,8,prot_no_nat,not_young,2,2,2,0,2,2943,Mittleres Baumholz,Mittleres Baumholz_8,,1628.0,Surrein
2.5,12,prot_no_nat,not_young,2,2,2,0,2,2944,Mittleres Baumholz,Mittleres Baumholz_12,,1393.1,Surrein
2.4,12,prot_no_nat,not_young,2,2,2,0,2,2945,Mittleres Baumholz,Mittleres Baumholz_12,,1203.1,Surrein
0.6,12,prot_no_nat,not_young,2,2,2,0,2,2946,Mittleres Baumholz,Mittleres Baumholz_12,,1305.9,Surrein
0.6,12,prot_no_nat,not_young,2,2,2,0,2,2947,Stangenholz,Stangenholz_12,,1462.4,Surrein
2.3,12,prot_no_nat,not_young,2,2,2,0,2,2948,Mittleres Baumholz,Mittleres Baumholz_12,,1341.3,Surrein
1.1,12,prot_no_nat,not_young,2,2,2,0,2,2949,Mittleres Baumholz,Mittleres Baumholz_12,,1571.8,Surrein
0.9,12,prot_no_nat,not_young,2,2,2,0,2,2950,Mittleres Baumholz,Mittleres Baumholz_12,,1416.9,Surrein
1.0,12,prot_no_nat,not_young,2,2,2,0,2,2951,Mittleres Baumholz,Mittleres Baumholz_12,,1194.1,Surrein
0.9,12,prot_no_nat,not_young,2,2,2,0,2,2952,Schwaches Baumholz,Schwaches Baumholz_12,,1560.1,Surrein
3.7,12,prot_no_nat,not_young,2,2,2,0,2,2953,Mittleres Baumholz,Mittleres Baumholz_12,,1535.6,Surrein
1.5,12,prot_no_nat,not_young,2,2,2,0,2,2954,Mittleres Baumholz,Mittleres Baumholz_12,,1576.8,Surrein
0.6,8,prot_no_nat,not_young,2,2,2,0,2,2955,Mittleres Baumholz,Mittleres Baumholz_8,,1682.3,Surrein
1.3,12,prot_no_nat,not_young,2,2,2,0,2,2956,Mittleres Baumholz,Mittleres Baumholz_12,,1580.8,Surrein
1.3,11,prot_no_nat,not_young,2,2,2,0,2,2957,Schwaches Baumholz,Schwaches Baumholz_11,,1494.3,Cumpadials
0.6,11,prot_no_nat,not_young,2,2,2,0,2,2958,Mittleres Baumholz,Mittleres Baumholz_11,,1449.4,Cumpadials
1.1,11,prot_no_nat,not_young,2,2,2,0,2,2959,Schwaches Baumholz,Schwaches Baumholz_11,,1427.5,Cumpadials
0.5,11,prot_no_nat,not_young,2,2,2,0,2,2960,Mittleres Baumholz,Mittleres Baumholz_11,,1210.0,Surrein
1.7,11,prot_no_nat,not_young,2,2,2,0,2,2961,Mittleres Baumholz,Mittleres Baumholz_11,,1380.0,Surrein
2.0,11,prot_no_nat,not_young,2,2,2,0,2,2962,Starkes Baumholz,Starkes Baumholz_11,,1187.1,Surrein
0.8,11,prot_no_nat,not_young,2,2,2,0,2,2963,Mittleres Baumholz,Mittleres Baumholz_11,,1310.4,Surrein
1.6,11,prot_no_nat,not_young,2,2,2,0,2,2964,Mittleres Baumholz,Mittleres Baumholz_11,,1266.4,Surrein
3.3,11,prot_no_nat,not_young,2,2,2,0,2,2965,Mittleres Baumholz,Mittleres Baumholz_11,,1272.0,Surrein
0.9,11,prot_no_nat,not_young,2,2,2,0,2,2966,Starkes Baumholz,Starkes Baumholz_11,,1383.5,Surrein
0.7,11,prot_no_nat,not_young,2,2,2,0,2,2967,Stangenholz,Stangenholz_11,,1524.7,Surrein
0.5,11,prot_no_nat,not_young,2,2,2,0,2,2968,Starkes Baumholz,Starkes Baumholz_11,,1514.0,Surrein
0.6,8,prot_no_nat,not_young,2,2,2,0,2,2969,Mittleres Baumholz,Mittleres Baumholz_8,,1659.7,Surrein
0.7,12,prot_no_nat,not_young,2,2,2,0,2,2970,Mittleres Baumholz,Mittleres Baumholz_12,,1261.9,Surrein
1.8,8,prot_no_nat,not_young,2,2,2,0,2,2971,Schwaches Baumholz,Schwaches Baumholz_8,,1874.0,Sumvitg
0.8,8,prot_no_nat,not_young,2,2,2,0,2,2972,Mittleres Baumholz,Mittleres Baumholz_8,,1880.8,Sumvitg
1.5,12,prot_no_nat,not_young,2,2,2,0,2,2973,Stangenholz,Stangenholz_12,,1415.0,Sumvitg
0.5,11,prot_no_nat,not_young,1,2,2,0,2,2974,Stangenholz,Stangenholz_11,,938.8,Cumpadials
1.4,11,prot_no_nat,not_young,1,2,2,0,2,2975,Stangenholz,Stangenholz_11,,971.6,Cumpadials
0.6,11,prot_no_nat,not_young,1,2,2,0,2,2976,Stangenholz,Stangenholz_11,,973.1,Cumpadials
0.7,11,prot_no_nat,not_young,1,2,2,0,2,2977,Stangenholz,Stangenholz_11,,956.4,Cumpadials
2.2,11,prot_no_nat,not_young,1,2,2,0,2,2978,Stangenholz,Stangenholz_11,,969.7,Disentis/Mustér
1.4,12,prot_no_nat,not_young,2,2,2,0,2,2979,Stangenholz,Stangenholz_12,,1402.2,Sumvitg
1.3,12,prot_no_nat,not_young,2,2,2,0,2,2980,Schwaches Baumholz,Schwaches Baumholz_12,,1320.0,Sumvitg
0.7,11,prot_no_nat,not_young,2,2,2,0,2,2981,Stangenholz,Stangenholz_11,,1319.8,S. Benedetg
0.9,11,prot_no_nat,not_young,2,2,2,0,2,2982,Stangenholz,Stangenholz_11,,1494.5,Surrein
0.9,8,prot_no_nat,not_young,2,2,2,0,2,2983,Mittleres Baumholz,Mittleres Baumholz_8,,1849.2,Sumvitg
0.6,8,prot_no_nat,not_young,2,2,2,0,2,2984,Starkes Baumholz,Starkes Baumholz_8,,1735.0,Sumvitg
1.8,11,prot_no_nat,not_young,1,2,2,0,2,2985,Stangenholz,Stangenholz_11,,897.7,Surrein
1.7,8,prot_no_nat,not_young,2,2,2,0,2,2986,Schwaches Baumholz,Schwaches Baumholz_8,,1815.0,Obersaxen
1.3,8,prot_no_nat,not_young,2,2,2,0,2,2987,Mittleres Baumholz,Mittleres Baumholz_8,,1801.9,Obersaxen
0.6,8,prot_no_nat,not_young,2,2,2,0,2,2988,Mittleres Baumholz,Mittleres Baumholz_8,,1753.8,Obersaxen
1.0,12,prot_no_nat,not_young,2,2,2,0,2,2989,Starkes Baumholz,Starkes Baumholz_12,,1645.0,Obersaxen
2.0,8,prot_no_nat,not_young,2,2,2,0,2,2990,Schwaches Baumholz,Schwaches Baumholz_8,,1752.6,Obersaxen
2.1,8,prot_no_nat,not_young,2,2,2,0,2,2991,Mittleres Baumholz,Mittleres Baumholz_8,,1789.0,Obersaxen
0.8,8,prot_no_nat,not_young,2,2,2,0,2,2992,Mittleres Baumholz,Mittleres Baumholz_8,,1799.2,Obersaxen
0.8,8,prot_no_nat,not_young,2,2,2,0,2,2993,Schwaches Baumholz,Schwaches Baumholz_8,,1671.8,Obersaxen
0.8,8,prot_no_nat,not_young,2,2,2,0,2,2994,Mittleres Baumholz,Mittleres Baumholz_8,,1715.0,Obersaxen
1.4,12,prot_no_nat,not_young,2,2,2,0,2,2995,Schwaches Baumholz,Schwaches Baumholz_12,,1654.1,Obersaxen
1.6,12,prot_no_nat,not_young,2,2,2,0,2,2996,Mittleres Baumholz,Mittleres Baumholz_12,,1653.4,Obersaxen
2.3,8,prot_no_nat,not_young,2,2,2,0,2,2997,Mittleres Baumholz,Mittleres Baumholz_8,,1760.7,Obersaxen
0.8,8,prot_no_nat,not_young,2,2,2,0,2,2998,Schwaches Baumholz,Schwaches Baumholz_8,,1728.8,Obersaxen
1.6,8,prot_no_nat,not_young,2,2,2,0,2,2999,Starkes Baumholz,Starkes Baumholz_8,,1701.0,Obersaxen
3.4,12,prot_no_nat,not_young,2,2,2,0,2,3000,Starkes Baumholz,Starkes Baumholz_12,,1666.9,Obersaxen
2.0,8,prot_no_nat,not_young,2,2,2,0,2,3001,Mittleres Baumholz,Mittleres Baumholz_8,,1663.0,Obersaxen
1.5,8,prot_no_nat,not_young,2,2,2,0,2,3002,Mittleres Baumholz,Mittleres Baumholz_8,,1808.6,Obersaxen
0.8,12,prot_no_nat,not_young,2,2,2,0,2,3003,Schwaches Baumholz,Schwaches Baumholz_12,,1471.3,Surrein
0.5,12,prot_no_nat,not_young,2,2,2,0,2,3004,Stangenholz,Stangenholz_12,,1387.0,Surrein
0.6,12,prot_no_nat,not_young,2,2,2,0,2,3005,Mittleres Baumholz,Mittleres Baumholz_12,,1579.7,Surrein
0.9,11,prot_no_nat,not_young,2,2,2,0,2,3006,Stangenholz,Stangenholz_11,,1228.6,Surrein
3.5,11,prot_no_nat,not_young,2,2,2,0,2,3007,Mittleres Baumholz,Mittleres Baumholz_11,,1573.8,Surrein
0.5,11,prot_no_nat,not_young,2,2,2,0,2,3008,Stangenholz,Stangenholz_11,,1552.0,Surrein
1.7,12,prot_no_nat,not_young,2,2,2,0,2,3009,Starkes Baumholz,Starkes Baumholz_12,,1515.3,Sumvitg
1.4,8,prot_no_nat,not_young,2,2,2,0,2,3010,Mittleres Baumholz,Mittleres Baumholz_8,,1756.2,Sumvitg
1.2,8,prot_no_nat,not_young,2,2,2,0,2,3011,Mittleres Baumholz,Mittleres Baumholz_8,,1788.7,Sumvitg
0.9,11,prot_no_nat,not_young,1,2,2,0,2,3012,Stangenholz,Stangenholz_11,,980.8,Cumpadials
1.7,11,prot_no_nat,not_young,2,2,2,0,2,3013,Starkes Baumholz,Starkes Baumholz_11,,1431.8,Surrein
0.9,11,prot_no_nat,not_young,2,2,2,0,2,3014,Starkes Baumholz,Starkes Baumholz_11,,1262.0,Surrein
4.1,11,prot_no_nat,not_young,2,2,2,0,2,3015,Schwaches Baumholz,Schwaches Baumholz_11,,1045.3,Surrein
0.6,11,prot_no_nat,not_young,2,2,2,0,2,3016,Stangenholz,Stangenholz_11,,1166.9,Surrein
1.0,11,prot_no_nat,not_young,2,2,2,0,2,3017,Stangenholz,Stangenholz_11,,917.3,Surrein
1.6,11,prot_no_nat,not_young,2,2,2,0,2,3018,Stangenholz,Stangenholz_11,,1499.4,Surrein
2.2,11,prot_no_nat,not_young,1,2,2,0,2,3019,Stangenholz,Stangenholz_11,,896.3999999999999,Surrein
3.2,11,prot_no_nat,not_young,1,2,2,0,2,3020,Stangenholz,Stangenholz_11,,887.8999999999999,Surrein
1.2,11,prot_no_nat,not_young,1,2,2,0,2,3021,Stangenholz,Stangenholz_11,,884.6,Surrein
2.6,11,prot_no_nat,not_young,1,2,2,0,2,3022,Stangenholz,Stangenholz_11,,893.0,Surrein
0.9,11,prot_no_nat,not_young,2,2,2,0,2,3023,Stangenholz,Stangenholz_11,,884.2999999999998,Surrein
2.3,11,prot_no_nat,not_young,2,2,2,0,2,3024,Mittleres Baumholz,Mittleres Baumholz_11,,1245.3,Obersaxen
2.2,11,prot_no_nat,not_young,2,2,2,0,2,3025,Mittleres Baumholz,Mittleres Baumholz_11,,1183.1,Obersaxen
3.3,8,prot_no_nat,not_young,2,2,2,0,2,3026,Mittleres Baumholz,Mittleres Baumholz_8,,1697.8,Obersaxen
1.6,11,prot_no_nat,not_young,2,2,2,0,2,3027,Mittleres Baumholz,Mittleres Baumholz_11,,1420.8,Obersaxen
2.2,8,prot_no_nat,not_young,2,2,2,0,2,3028,Mittleres Baumholz,Mittleres Baumholz_8,,1829.4,Obersaxen
2.0,9,prot_no_nat,not_young,2,2,2,0,2,3029,Mittleres Baumholz,Mittleres Baumholz_9,,1852.0,Obersaxen
0.8,8,prot_no_nat,not_young,2,2,2,0,2,3030,Mittleres Baumholz,Mittleres Baumholz_8,,1730.2,Obersaxen
3.6,8,prot_no_nat,not_young,2,2,2,0,2,3031,Mittleres Baumholz,Mittleres Baumholz_8,,1799.2,Obersaxen
5.0,9,prot_no_nat,not_young,2,2,2,0,2,3032,Mittleres Baumholz,Mittleres Baumholz_9,,1863.9,Obersaxen
1.5,9,prot_no_nat,not_young,2,2,2,0,2,3033,Starkes Baumholz,Starkes Baumholz_9,,1873.1,Obersaxen
3.8,8,prot_no_nat,not_young,2,2,2,0,2,3034,Mittleres Baumholz,Mittleres Baumholz_8,,1782.6,Obersaxen
0.5,12,prot_no_nat,not_young,2,2,2,0,2,3035,Mittleres Baumholz,Mittleres Baumholz_12,,1425.0,Surrein
0.5,11,prot_no_nat,not_young,2,2,2,0,2,3036,Starkes Baumholz,Starkes Baumholz_11,,1565.6,Surrein
1.1,11,prot_no_nat,not_young,2,2,2,0,2,3037,Mittleres Baumholz,Mittleres Baumholz_11,,1488.9,Surrein
0.8,11,prot_no_nat,not_young,2,2,2,0,2,3038,Starkes Baumholz,Starkes Baumholz_11,,1211.1,Surrein
0.6,11,prot_no_nat,not_young,2,2,2,0,2,3039,Stangenholz,Stangenholz_11,,1242.2,Surrein
1.2,11,prot_no_nat,not_young,2,2,2,0,2,3040,Stangenholz,Stangenholz_11,,1221.8,Surrein
1.1,11,prot_no_nat,not_young,2,2,2,0,2,3041,Starkes Baumholz,Starkes Baumholz_11,,1286.2,Surrein
0.9,11,prot_no_nat,not_young,2,2,2,0,2,3042,Starkes Baumholz,Starkes Baumholz_11,,1272.8,Surrein
1.2,11,prot_no_nat,not_young,2,2,2,0,2,3043,Mittleres Baumholz,Mittleres Baumholz_11,,1352.6,Surrein
1.9,11,prot_no_nat,not_young,2,2,2,0,2,3044,Mittleres Baumholz,Mittleres Baumholz_11,,1135.4,Surrein
0.6,11,prot_no_nat,not_young,2,2,2,0,2,3045,Stangenholz,Stangenholz_11,,947.9,Surrein
1.1,11,prot_no_nat,not_young,2,2,2,0,2,3046,Starkes Baumholz,Starkes Baumholz_11,,1029.3,Surrein
1.0,11,prot_no_nat,not_young,2,2,2,0,2,3047,Mittleres Baumholz,Mittleres Baumholz_11,,1118.2,Surrein
0.9,11,prot_no_nat,not_young,2,2,2,0,2,3048,Starkes Baumholz,Starkes Baumholz_11,,1126.7,Surrein
3.4,11,prot_no_nat,not_young,2,2,2,0,2,3049,Schwaches Baumholz,Schwaches Baumholz_11,,959.5,Surrein
1.3,12,prot_no_nat,not_young,2,2,2,0,2,3050,Mittleres Baumholz,Mittleres Baumholz_12,,1626.1,Sumvitg
0.6,12,prot_no_nat,not_young,2,2,2,0,2,3051,Mittleres Baumholz,Mittleres Baumholz_12,,1601.1,Sumvitg
0.6,12,prot_no_nat,not_young,2,2,2,0,2,3052,Mittleres Baumholz,Mittleres Baumholz_12,,1625.7,Sumvitg
1.8,12,prot_no_nat,not_young,2,2,2,0,2,3053,Mittleres Baumholz,Mittleres Baumholz_12,,1634.4,Sumvitg
2.4,11,prot_no_nat,not_young,2,2,2,0,2,3054,Mittleres Baumholz,Mittleres Baumholz_11,,1233.9,Obersaxen
0.6,11,prot_no_nat,not_young,2,2,2,0,2,3055,Mittleres Baumholz,Mittleres Baumholz_11,,1163.5,Obersaxen
1.4,11,prot_no_nat,not_young,2,2,2,0,2,3056,Mittleres Baumholz,Mittleres Baumholz_11,,1192.8,Obersaxen
1.4,11,prot_no_nat,not_young,2,2,2,0,2,3057,Mittleres Baumholz,Mittleres Baumholz_11,,1243.4,Obersaxen
0.8,11,prot_no_nat,not_young,2,2,2,0,2,3058,Schwaches Baumholz,Schwaches Baumholz_11,,1222.6,Obersaxen
1.0,11,prot_no_nat,not_young,2,2,2,0,2,3059,Schwaches Baumholz,Schwaches Baumholz_11,,1178.9,Obersaxen
0.7,11,prot_no_nat,not_young,2,2,2,0,2,3060,Mittleres Baumholz,Mittleres Baumholz_11,,1128.5,Obersaxen
1.1,12,prot_no_nat,not_young,2,2,2,0,2,3061,Mittleres Baumholz,Mittleres Baumholz_12,,1442.6,Obersaxen
3.8,11,prot_no_nat,not_young,2,2,2,0,2,3062,Stangenholz,Stangenholz_11,,1390.3,Obersaxen
1.7,11,prot_no_nat,not_young,2,2,2,0,2,3063,Mittleres Baumholz,Mittleres Baumholz_11,,1486.5,Obersaxen
1.9,9,prot_no_nat,not_young,2,2,2,0,2,3064,Starkes Baumholz,Starkes Baumholz_9,,1852.7,Obersaxen
0.7,8,prot_no_nat,not_young,2,2,2,0,2,3065,Schwaches Baumholz,Schwaches Baumholz_8,,1775.7,Surrein
0.8,11,prot_no_nat,not_young,2,2,2,0,2,3066,Stangenholz,Stangenholz_11,,1333.8,Surrein
0.9,11,prot_no_nat,not_young,2,2,2,0,2,3067,Mittleres Baumholz,Mittleres Baumholz_11,,1291.2,Surrein
0.5,11,prot_no_nat,not_young,2,2,2,0,2,3068,Stangenholz,Stangenholz_11,,1277.1,Surrein
0.7,11,prot_no_nat,not_young,2,2,2,0,2,3069,Schwaches Baumholz,Schwaches Baumholz_11,,1249.4,Surrein
1.3,12,prot_no_nat,not_young,2,2,2,0,2,3070,Mittleres Baumholz,Mittleres Baumholz_12,,1505.9,Surrein
0.6,11,prot_no_nat,not_young,2,2,2,0,2,3071,Stangenholz,Stangenholz_11,,925.3,Surrein
2.3,11,prot_no_nat,not_young,2,2,2,0,2,3072,Stangenholz,Stangenholz_11,,953.6,Surrein
0.9,11,prot_no_nat,not_young,2,2,2,0,2,3073,Stangenholz,Stangenholz_11,,1041.0,Surrein
0.6,11,prot_no_nat,not_young,2,2,2,0,2,3074,Stangenholz,Stangenholz_11,,1013.5,Surrein
1.0,12,prot_no_nat,not_young,2,2,2,0,2,3075,Stangenholz,Stangenholz_12,,1517.0,Sumvitg
2.2,11,prot_no_nat,not_young,2,2,2,0,2,3076,Mittleres Baumholz,Mittleres Baumholz_11,,1172.9,Obersaxen
3.0,11,prot_no_nat,not_young,2,2,2,0,2,3077,Mittleres Baumholz,Mittleres Baumholz_11,,1132.8,Obersaxen
2.0,11,prot_no_nat,not_young,2,2,2,0,2,3078,Mittleres Baumholz,Mittleres Baumholz_11,,1137.9,Obersaxen
1.1,11,prot_no_nat,not_young,2,2,2,0,2,3079,Mittleres Baumholz,Mittleres Baumholz_11,,1463.5,Obersaxen
2.9,11,prot_no_nat,not_young,2,2,2,0,2,3080,Mittleres Baumholz,Mittleres Baumholz_11,,1419.4,Obersaxen
2.4,11,prot_no_nat,not_young,2,2,2,0,2,3081,Mittleres Baumholz,Mittleres Baumholz_11,,1379.7,Obersaxen
0.8,11,prot_no_nat,not_young,2,2,2,0,2,3082,Stangenholz,Stangenholz_11,,1394.4,Obersaxen
1.2,11,prot_no_nat,not_young,2,2,2,0,2,3083,Schwaches Baumholz,Schwaches Baumholz_11,,1381.4,Obersaxen
3.2,11,prot_no_nat,not_young,2,2,2,0,2,3084,Mittleres Baumholz,Mittleres Baumholz_11,,1443.1,Obersaxen
2.5,11,prot_no_nat,not_young,2,2,2,0,2,3085,Mittleres Baumholz,Mittleres Baumholz_11,,1147.1,Obersaxen
2.1,11,prot_no_nat,not_young,2,2,2,0,2,3086,Schwaches Baumholz,Schwaches Baumholz_11,,1228.7,Obersaxen
0.7,11,prot_no_nat,not_young,2,2,2,0,2,3087,Schwaches Baumholz,Schwaches Baumholz_11,,1301.1,Obersaxen
4.8,9,res_prot,not_young,2,2,2,0,2,3088,Mittleres Baumholz,Mittleres Baumholz_9,,1904.3,Obersaxen
0.7,11,prot_no_nat,not_young,2,2,2,0,2,3089,Starkes Baumholz,Starkes Baumholz_11,,1307.0,Surrein
1.1,11,prot_no_nat,not_young,2,2,2,0,2,3090,Starkes Baumholz,Starkes Baumholz_11,,1273.5,Surrein
1.2,11,prot_no_nat,not_young,2,2,2,0,2,3091,Schwaches Baumholz,Schwaches Baumholz_11,,1317.0,Surrein
0.8,11,prot_no_nat,not_young,2,2,2,0,2,3092,Stangenholz,Stangenholz_11,,1259.5,Surrein
0.7,11,prot_no_nat,not_young,2,2,2,0,2,3093,Starkes Baumholz,Starkes Baumholz_11,,1428.8,Surrein
1.8,11,prot_no_nat,not_young,2,2,2,0,2,3094,Starkes Baumholz,Starkes Baumholz_11,,1420.5,Surrein
0.6,12,prot_no_nat,not_young,2,2,2,0,2,3095,Mittleres Baumholz,Mittleres Baumholz_12,,1667.9,Surrein
1.3,11,prot_no_nat,not_young,2,2,2,0,2,3096,Schwaches Baumholz,Schwaches Baumholz_11,,1153.5,Surrein
1.4,11,prot_no_nat,not_young,2,2,2,0,2,3097,Stangenholz,Stangenholz_11,,1126.8,Surrein
0.9,11,prot_no_nat,not_young,2,2,2,0,2,3098,Mittleres Baumholz,Mittleres Baumholz_11,,1609.4,Surrein
0.8,11,prot_no_nat,not_young,2,2,2,0,2,3099,Stangenholz,Stangenholz_11,,1430.0,Surrein
0.7,12,prot_no_nat,not_young,2,2,2,0,2,3100,Mittleres Baumholz,Mittleres Baumholz_12,,1451.1,Surrein
1.3,11,prot_no_nat,not_young,2,2,2,0,2,3101,Stangenholz,Stangenholz_11,,1165.0,Cumpadials
1.5,11,prot_no_nat,not_young,2,2,2,0,2,3102,Stangenholz,Stangenholz_11,,1187.2,Cumpadials
1.4,11,prot_no_nat,not_young,2,2,2,0,2,3103,Stangenholz,Stangenholz_11,,1166.2,Cumpadials
2.5,8,prot_no_nat,not_young,2,2,2,0,2,3104,Mittleres Baumholz,Mittleres Baumholz_8,,1695.6,Sumvitg
1.8,5,prot_no_nat,not_young,2,2,2,0,2,3105,Schwaches Baumholz,Schwaches Baumholz_5,,1873.8,Sumvitg
0.5,11,prot_no_nat,not_young,2,2,2,0,2,3106,Starkes Baumholz,Starkes Baumholz_11,,1316.0,Surrein
0.5,11,prot_no_nat,not_young,2,2,2,0,2,3107,Starkes Baumholz,Starkes Baumholz_11,,1190.0,Surrein
1.7,12,prot_no_nat,not_young,2,2,2,0,2,3108,Schwaches Baumholz,Schwaches Baumholz_12,,1508.2,Sumvitg
0.7,12,prot_no_nat,not_young,2,2,2,0,2,3109,Starkes Baumholz,Starkes Baumholz_12,,1270.0,Rabius
4.2,8,prot_no_nat,not_young,2,2,2,0,2,3110,Mittleres Baumholz,Mittleres Baumholz_8,,1745.0,Sumvitg
0.8,11,prot_no_nat,not_young,2,2,2,0,2,3111,Stangenholz,Stangenholz_11,,1142.6,Rabius
0.5,11,prot_no_nat,not_young,2,2,2,0,2,3112,Stangenholz,Stangenholz_11,,1224.2,S. Benedetg
0.7,12,prot_no_nat,not_young,2,2,2,0,2,3113,Stangenholz,Stangenholz_12,,1628.2,Sumvitg
0.9,11,prot_no_nat,not_young,2,2,2,0,2,3114,Mittleres Baumholz,Mittleres Baumholz_11,,1440.5,Obersaxen
0.9,11,prot_no_nat,not_young,2,2,2,0,2,3115,Stangenholz,Stangenholz_11,,1380.7,Obersaxen
0.6,11,prot_no_nat,not_young,2,2,2,0,2,3116,Mittleres Baumholz,Mittleres Baumholz_11,,1444.5,Obersaxen
1.4,11,prot_no_nat,not_young,2,2,2,0,2,3117,Mittleres Baumholz,Mittleres Baumholz_11,,1449.0,Obersaxen
2.4,11,prot_no_nat,not_young,2,2,2,0,2,3118,Mittleres Baumholz,Mittleres Baumholz_11,,1442.0,Obersaxen
0.6,11,prot_no_nat,not_young,2,2,2,0,2,3119,Schwaches Baumholz,Schwaches Baumholz_11,,1382.0,Obersaxen
2.4,8,prot_no_nat,not_young,2,2,2,0,2,3120,Starkes Baumholz,Starkes Baumholz_8,,1647.1,Obersaxen
1.4,11,prot_no_nat,not_young,2,2,2,0,2,3121,Mittleres Baumholz,Mittleres Baumholz_11,,1552.8,Surrein
0.7,11,prot_no_nat,not_young,2,2,2,0,2,3122,Starkes Baumholz,Starkes Baumholz_11,,1535.5,Surrein
0.5,8,prot_no_nat,not_young,2,2,2,0,2,3123,Mittleres Baumholz,Mittleres Baumholz_8,,1700.4,Surrein
0.5,8,prot_no_nat,not_young,2,2,2,0,2,3124,Mittleres Baumholz,Mittleres Baumholz_8,,1731.6,Surrein
0.5,12,prot_no_nat,not_young,2,2,2,0,2,3125,Stangenholz,Stangenholz_12,,1288.6,Surrein
3.0,12,prot_no_nat,not_young,2,2,2,0,2,3126,Mittleres Baumholz,Mittleres Baumholz_12,,1518.4,Surrein
1.2,12,prot_no_nat,not_young,2,2,2,0,2,3127,Starkes Baumholz,Starkes Baumholz_12,,1185.2,Surrein
0.7,12,prot_no_nat,not_young,2,2,2,0,2,3128,Starkes Baumholz,Starkes Baumholz_12,,1170.3,Surrein
0.6,12,prot_no_nat,not_young,2,2,2,0,2,3129,Schwaches Baumholz,Schwaches Baumholz_12,,1189.3,Surrein
1.8,11,prot_no_nat,not_young,2,2,2,0,2,3130,Mittleres Baumholz,Mittleres Baumholz_11,,1196.3,Cumpadials
0.7,11,prot_no_nat,not_young,2,2,2,0,2,3131,Starkes Baumholz,Starkes Baumholz_11,,1240.0,Cumpadials
0.6,11,prot_no_nat,not_young,2,2,2,0,2,3132,Stangenholz,Stangenholz_11,,1121.7,Cumpadials
0.8,5,prot_no_nat,not_young,2,2,2,0,2,3133,Stangenholz,Stangenholz_5,,926.6,Cumpadials
1.1,12,prot_no_nat,not_young,2,2,2,0,2,3134,Starkes Baumholz,Starkes Baumholz_12,,1445.3,Sumvitg
1.3,11,prot_no_nat,not_young,2,2,2,0,2,3135,Stangenholz,Stangenholz_11,,1110.0,Rabius
1.9,11,prot_no_nat,not_young,2,2,2,0,2,3136,Starkes Baumholz,Starkes Baumholz_11,,1140.8,Rabius
0.5,12,prot_no_nat,not_young,2,2,2,0,2,3137,Schwaches Baumholz,Schwaches Baumholz_12,,1404.3,Rabius
0.7,11,prot_no_nat,not_young,1,2,2,0,2,3138,Stangenholz,Stangenholz_11,,958.7,Disentis/Mustér
0.6,11,prot_no_nat,not_young,1,2,2,0,2,3139,Stangenholz,Stangenholz_11,,987.2,Disentis/Mustér
0.8,11,prot_no_nat,not_young,2,2,2,0,2,3140,Stangenholz,Stangenholz_11,,1224.0,Sumvitg
0.5,12,prot_no_nat,not_young,2,2,2,0,2,3141,Stangenholz,Stangenholz_12,,1378.5,Rabius
2.1,8,prot_no_nat,not_young,2,2,2,0,2,3142,Mittleres Baumholz,Mittleres Baumholz_8,,1669.5,Sumvitg
1.1,8,prot_no_nat,not_young,2,2,2,0,2,3143,Mittleres Baumholz,Mittleres Baumholz_8,,1703.9,Sumvitg
2.2,8,prot_no_nat,not_young,2,2,2,0,2,3144,Mittleres Baumholz,Mittleres Baumholz_8,,1722.5,Sumvitg
2.0,8,prot_no_nat,not_young,2,2,2,0,2,3145,Mittleres Baumholz,Mittleres Baumholz_8,,1740.5,Sumvitg
1.5,8,prot_no_nat,not_young,2,2,2,0,2,3146,Mittleres Baumholz,Mittleres Baumholz_8,,1806.3,Sumvitg
0.6,8,prot_no_nat,not_young,2,2,2,0,2,3147,Mittleres Baumholz,Mittleres Baumholz_8,,1823.5,Sumvitg
1.6,12,prot_no_nat,not_young,2,2,2,0,2,3148,Mittleres Baumholz,Mittleres Baumholz_12,,1612.8,Obersaxen
0.8,12,prot_no_nat,not_young,2,2,2,0,2,3149,Mittleres Baumholz,Mittleres Baumholz_12,,1569.1,Obersaxen
0.8,8,prot_no_nat,not_young,2,2,2,0,2,3150,Mittleres Baumholz,Mittleres Baumholz_8,,1741.1,Obersaxen
0.7,8,prot_no_nat,not_young,2,2,2,0,2,3151,Mittleres Baumholz,Mittleres Baumholz_8,,1780.2,Obersaxen
0.7,8,prot_no_nat,not_young,2,2,2,0,2,3152,Stangenholz,Stangenholz_8,,1790.4,Obersaxen
1.8,12,prot_no_nat,not_young,2,2,2,0,2,3153,Mittleres Baumholz,Mittleres Baumholz_12,,1667.7,Obersaxen
2.1,8,prot_no_nat,not_young,2,2,2,0,2,3154,Starkes Baumholz,Starkes Baumholz_8,,1698.2,Obersaxen
0.6,8,prot_no_nat,not_young,2,2,2,0,2,3155,Schwaches Baumholz,Schwaches Baumholz_8,,1692.8,Obersaxen
1.0,8,prot_no_nat,not_young,2,2,2,0,2,3156,Starkes Baumholz,Starkes Baumholz_8,,1688.4,Obersaxen
6.5,8,prot_no_nat,not_young,2,2,2,0,2,3157,Starkes Baumholz,Starkes Baumholz_8,,1793.5,Obersaxen
1.1,8,prot_no_nat,not_young,2,2,2,0,2,3158,Starkes Baumholz,Starkes Baumholz_8,,1705.5,Obersaxen
1.4,8,prot_no_nat,not_young,2,2,2,0,2,3159,Schwaches Baumholz,Schwaches Baumholz_8,,1766.4,Obersaxen
4.2,8,prot_no_nat,not_young,2,2,2,0,2,3160,Mittleres Baumholz,Mittleres Baumholz_8,,1805.7,Obersaxen
3.7,8,prot_no_nat,not_young,2,2,2,0,2,3161,Starkes Baumholz,Starkes Baumholz_8,,1799.1,Surrein
0.8,9,prot_no_nat,not_young,2,2,2,0,2,3162,Schwaches Baumholz,Schwaches Baumholz_9,,1937.9,Cumpadials
1.4,8,prot_no_nat,not_young,2,2,2,0,2,3163,Starkes Baumholz,Starkes Baumholz_8,,1818.5,Surrein
0.9,12,prot_no_nat,not_young,2,2,2,0,2,3164,Stangenholz,Stangenholz_12,,1221.0,Surrein
1.1,12,prot_no_nat,not_young,2,2,2,0,2,3165,Stangenholz,Stangenholz_12,,1182.5,Surrein
0.9,12,prot_no_nat,not_young,2,2,2,0,2,3166,Mittleres Baumholz,Mittleres Baumholz_12,,1247.2,Surrein
1.9,11,prot_no_nat,not_young,1,2,2,0,2,3167,Stangenholz,Stangenholz_11,,1013.0,Cumpadials
0.6,11,prot_no_nat,not_young,2,2,2,0,2,3168,Schwaches Baumholz,Schwaches Baumholz_11,,946.5,Cumpadials
1.2,11,prot_no_nat,not_young,2,2,2,0,2,3169,Stangenholz,Stangenholz_11,,970.2,Cumpadials
1.0,11,prot_no_nat,not_young,1,2,2,0,2,3170,Stangenholz,Stangenholz_11,,1045.1,Cumpadials
1.2,11,prot_no_nat,not_young,2,2,2,0,2,3171,Starkes Baumholz,Starkes Baumholz_11,,1337.8,Sumvitg
2.0,11,prot_no_nat,not_young,2,2,2,0,2,3172,Starkes Baumholz,Starkes Baumholz_11,,1212.5,Sumvitg
1.2,8,prot_no_nat,not_young,2,2,2,0,2,3173,Mittleres Baumholz,Mittleres Baumholz_8,,1854.1,Sumvitg
2.3,11,prot_no_nat,not_young,2,2,2,0,2,3174,Stangenholz,Stangenholz_11,,992.5,Surrein
1.0,12,prot_no_nat,not_young,2,2,2,0,2,3175,Stangenholz,Stangenholz_12,,1628.2,Sumvitg
1.4,11,prot_no_nat,not_young,2,2,2,0,2,3176,Schwaches Baumholz,Schwaches Baumholz_11,,1157.9,Obersaxen
1.4,11,prot_no_nat,not_young,2,2,2,0,2,3177,Schwaches Baumholz,Schwaches Baumholz_11,,929.2,Surcuolm
0.9,11,prot_no_nat,not_young,2,2,2,0,2,3178,Mittleres Baumholz,Mittleres Baumholz_11,,978.5,Surcuolm
1.0,11,prot_no_nat,not_young,2,2,2,0,2,3179,Schwaches Baumholz,Schwaches Baumholz_11,,1009.7,Surcuolm
3.0,11,prot_no_nat,not_young,2,2,2,0,2,3180,Mittleres Baumholz,Mittleres Baumholz_11,,1351.5,Obersaxen
3.1,11,prot_no_nat,not_young,2,2,2,0,2,3181,Schwaches Baumholz,Schwaches Baumholz_11,,1302.1,Obersaxen
1.7,9,prot_no_nat,not_young,2,2,2,0,2,3182,Mittleres Baumholz,Mittleres Baumholz_9,,1821.2,Obersaxen
0.8,8,prot_no_nat,not_young,2,2,2,0,2,3183,Schwaches Baumholz,Schwaches Baumholz_8,,1788.3,Obersaxen
4.3,8,prot_no_nat,not_young,2,2,2,0,2,3184,Mittleres Baumholz,Mittleres Baumholz_8,,1733.8,Obersaxen
3.5,9,prot_no_nat,not_young,2,2,2,0,2,3185,Starkes Baumholz,Starkes Baumholz_9,,1868.3,Obersaxen
0.6,8,prot_no_nat,not_young,2,2,2,0,2,3186,Schwaches Baumholz,Schwaches Baumholz_8,,1846.3,Obersaxen
5.0,8,prot_no_nat,not_young,2,2,2,0,2,3187,Mittleres Baumholz,Mittleres Baumholz_8,,1768.9,Obersaxen
0.5,8,prot_no_nat,not_young,2,2,2,0,2,3188,Mittleres Baumholz,Mittleres Baumholz_8,,1819.4,Obersaxen
3.0,8,prot_no_nat,not_young,2,2,2,0,2,3189,Mittleres Baumholz,Mittleres Baumholz_8,,1749.2,Obersaxen
2.2,8,prot_no_nat,not_young,2,2,2,0,2,3190,Starkes Baumholz,Starkes Baumholz_8,,1664.7,Surrein
0.9,12,prot_no_nat,not_young,2,2,2,0,2,3191,Stangenholz,Stangenholz_12,,1279.0,Surrein
2.0,12,prot_no_nat,not_young,2,2,2,0,2,3192,Mittleres Baumholz,Mittleres Baumholz_12,,1198.3,Surrein
0.8,11,prot_no_nat,not_young,2,2,2,0,2,3193,Starkes Baumholz,Starkes Baumholz_11,,1215.8,Cumpadials
0.9,11,prot_no_nat,not_young,2,2,2,0,2,3194,Stangenholz,Stangenholz_11,,1321.1,Cumpadials
1.5,11,prot_no_nat,not_young,2,2,2,0,2,3195,Starkes Baumholz,Starkes Baumholz_11,,1351.1,Cumpadials
0.9,11,prot_no_nat,not_young,2,2,2,0,2,3196,Stangenholz,Stangenholz_11,,1225.7,Sumvitg
1.2,11,prot_no_nat,not_young,2,2,2,0,2,3197,Mittleres Baumholz,Mittleres Baumholz_11,,1310.8,Sumvitg
1.5,11,prot_no_nat,not_young,2,2,2,0,2,3198,Starkes Baumholz,Starkes Baumholz_11,,1299.1,Sumvitg
1.2,11,prot_no_nat,not_young,2,2,2,0,2,3199,Mittleres Baumholz,Mittleres Baumholz_11,,1280.7,Sumvitg
1.3,6,prot_no_nat,not_young,2,2,2,0,2,3200,Stangenholz,Stangenholz_6,,1219.3,Sumvitg
1.1,11,prot_no_nat,not_young,2,2,2,0,2,3201,Starkes Baumholz,Starkes Baumholz_11,,1413.3,Sumvitg
1.0,11,prot_no_nat,not_young,2,2,2,0,2,3202,Mittleres Baumholz,Mittleres Baumholz_11,,1386.6,Sumvitg
2.0,11,prot_no_nat,not_young,2,2,2,0,2,3203,Schwaches Baumholz,Schwaches Baumholz_11,,1300.0,Sumvitg
1.4,11,prot_no_nat,not_young,2,2,2,0,2,3204,Mittleres Baumholz,Mittleres Baumholz_11,,1439.1,Sumvitg
1.0,11,prot_no_nat,not_young,2,2,2,0,2,3205,Starkes Baumholz,Starkes Baumholz_11,,1493.9,Sumvitg
3.2,8,prot_no_nat,not_young,2,2,2,0,2,3206,Mittleres Baumholz,Mittleres Baumholz_8,,1816.0,Rabius
0.7,11,prot_no_nat,not_young,2,2,2,0,2,3207,Stangenholz,Stangenholz_11,,918.5,Rabius
0.9,11,prot_no_nat,not_young,2,2,2,0,2,3208,Stangenholz,Stangenholz_11,,1525.2,Surrein
0.7,12,prot_no_nat,not_young,2,2,2,0,2,3209,Schwaches Baumholz,Schwaches Baumholz_12,,1336.7,S. Benedetg
1.0,11,prot_no_nat,not_young,2,2,2,0,2,3210,Mittleres Baumholz,Mittleres Baumholz_11,,1422.3,Obersaxen
3.3,8,prot_no_nat,not_young,2,2,2,0,2,3211,Mittleres Baumholz,Mittleres Baumholz_8,,1757.9,Obersaxen
2.1,8,prot_no_nat,not_young,2,2,2,0,2,3212,Mittleres Baumholz,Mittleres Baumholz_8,,1768.8,Obersaxen
1.5,8,prot_no_nat,not_young,2,2,2,0,2,3213,Mittleres Baumholz,Mittleres Baumholz_8,,1830.7,Obersaxen
0.5,8,prot_no_nat,not_young,2,2,2,0,2,3214,Schwaches Baumholz,Schwaches Baumholz_8,,1727.0,Obersaxen
1.4,8,prot_no_nat,not_young,2,2,2,0,2,3215,Starkes Baumholz,Starkes Baumholz_8,,1823.4,Surrein
0.6,11,prot_no_nat,not_young,2,2,2,0,2,3216,Stangenholz,Stangenholz_11,,1481.2,Surrein
1.2,8,prot_no_nat,not_young,2,2,2,0,2,3217,Mittleres Baumholz,Mittleres Baumholz_8,,1794.2,Surrein
0.6,8,prot_no_nat,not_young,2,2,2,0,2,3218,Mittleres Baumholz,Mittleres Baumholz_8,,1735.4,Surrein
0.9,11,prot_no_nat,not_young,2,2,2,0,2,3219,Starkes Baumholz,Starkes Baumholz_11,,1462.8,Surrein
0.8,12,prot_no_nat,not_young,2,2,2,0,2,3220,Mittleres Baumholz,Mittleres Baumholz_12,,1399.9,Surrein
2.1,12,prot_no_nat,not_young,2,2,2,0,2,3221,Mittleres Baumholz,Mittleres Baumholz_12,,1453.0,Surrein
0.9,12,prot_no_nat,not_young,2,2,2,0,2,3222,Stangenholz,Stangenholz_12,,1285.6,Surrein
2.5,12,prot_no_nat,not_young,2,2,2,0,2,3223,Mittleres Baumholz,Mittleres Baumholz_12,,1492.2,Surrein
2.6,11,prot_no_nat,not_young,2,2,2,0,2,3224,Starkes Baumholz,Starkes Baumholz_11,,1484.6,Sumvitg
1.1,11,prot_no_nat,not_young,2,2,2,0,2,3225,Starkes Baumholz,Starkes Baumholz_11,,1553.2,Sumvitg
2.6,11,prot_no_nat,not_young,2,2,2,0,2,3226,Starkes Baumholz,Starkes Baumholz_11,,1504.5,Sumvitg
1.8,11,prot_no_nat,not_young,2,2,2,0,2,3227,Starkes Baumholz,Starkes Baumholz_11,,1499.3,Sumvitg
2.1,12,prot_no_nat,not_young,2,2,2,0,2,3228,Schwaches Baumholz,Schwaches Baumholz_12,,1447.3,Rabius
1.4,12,prot_no_nat,not_young,2,2,2,0,2,3229,Starkes Baumholz,Starkes Baumholz_12,,1488.3,Rabius
1.0,11,prot_no_nat,not_young,2,2,2,0,2,3230,Stangenholz,Stangenholz_11,,1147.7,Surrein
0.6,11,prot_no_nat,not_young,2,2,2,0,2,3231,Mittleres Baumholz,Mittleres Baumholz_11,,1372.4,Surrein
0.6,11,prot_no_nat,not_young,2,2,2,0,2,3232,Stangenholz,Stangenholz_11,,1452.5,Surrein
2.3,11,prot_no_nat,not_young,2,2,2,0,2,3233,Schwaches Baumholz,Schwaches Baumholz_11,,1257.2,Obersaxen
2.3,11,prot_no_nat,not_young,2,2,2,0,2,3234,Mittleres Baumholz,Mittleres Baumholz_11,,1218.2,Obersaxen
1.7,11,prot_no_nat,not_young,2,2,2,0,2,3235,Schwaches Baumholz,Schwaches Baumholz_11,,1210.4,Obersaxen
2.5,11,prot_no_nat,not_young,2,2,2,0,2,3236,Mittleres Baumholz,Mittleres Baumholz_11,,1194.1,Obersaxen
3.4,11,prot_no_nat,not_young,2,2,2,0,2,3237,Mittleres Baumholz,Mittleres Baumholz_11,,1168.0,Obersaxen
0.8,11,prot_no_nat,not_young,2,2,2,0,2,3238,Mittleres Baumholz,Mittleres Baumholz_11,,1148.9,Obersaxen
1.6,11,prot_no_nat,not_young,2,2,2,0,2,3239,Mittleres Baumholz,Mittleres Baumholz_11,,1178.8,Obersaxen
1.3,11,prot_no_nat,not_young,2,2,2,0,2,3240,Mittleres Baumholz,Mittleres Baumholz_11,,1161.2,Obersaxen
3.6,8,prot_no_nat,not_young,2,2,2,0,2,3241,Mittleres Baumholz,Mittleres Baumholz_8,,1732.5,Obersaxen
4.6,12,prot_no_nat,not_young,2,2,2,0,2,3242,Starkes Baumholz,Starkes Baumholz_12,,1665.6,Obersaxen
4.3,8,prot_no_nat,not_young,2,2,2,0,2,3243,Mittleres Baumholz,Mittleres Baumholz_8,,1714.9,Obersaxen
1.9,8,prot_no_nat,not_young,2,2,2,0,2,3244,Mittleres Baumholz,Mittleres Baumholz_8,,1686.9,Obersaxen
0.7,8,prot_no_nat,not_young,2,2,2,0,2,3245,Mittleres Baumholz,Mittleres Baumholz_8,,1790.3,Obersaxen
2.3,8,prot_no_nat,not_young,2,2,2,0,2,3246,Mittleres Baumholz,Mittleres Baumholz_8,,1756.9,Obersaxen
0.8,8,res_prot,not_young,2,2,2,0,2,3247,Schwaches Baumholz,Schwaches Baumholz_8,,1775.6,Obersaxen
0.6,12,prot_no_nat,not_young,2,2,2,0,2,3248,Stangenholz,Stangenholz_12,,1517.6,Surrein
0.6,8,prot_no_nat,not_young,2,2,2,0,2,3249,Mittleres Baumholz,Mittleres Baumholz_8,,1797.7,Surrein
0.7,12,prot_no_nat,not_young,2,2,2,0,2,3250,Mittleres Baumholz,Mittleres Baumholz_12,,1505.7,Surrein
0.7,12,prot_no_nat,not_young,2,2,2,0,2,3251,Mittleres Baumholz,Mittleres Baumholz_12,,1321.5,Surrein
0.8,12,prot_no_nat,not_young,2,2,2,0,2,3252,Stangenholz,Stangenholz_12,,1238.3,Surrein
0.7,12,prot_no_nat,not_young,2,2,2,0,2,3253,Starkes Baumholz,Starkes Baumholz_12,,1273.9,Surrein
0.7,11,prot_no_nat,not_young,2,2,2,0,2,3254,Mittleres Baumholz,Mittleres Baumholz_11,,1282.3,Sumvitg
0.9,8,prot_no_nat,not_young,2,2,2,0,2,3255,Mittleres Baumholz,Mittleres Baumholz_8,,1697.7,Sumvitg
0.8,11,prot_no_nat,not_young,2,2,2,0,2,3256,Stangenholz,Stangenholz_11,,910.0,Surrein
1.3,5,prot_no_nat,not_young,2,2,2,0,2,3257,Stangenholz,Stangenholz_5,,909.7,Sumvitg
0.5,11,prot_no_nat,not_young,2,2,2,0,2,3258,Stangenholz,Stangenholz_11,,1001.7,Cumpadials
1.8,11,prot_no_nat,not_young,2,2,2,0,2,3259,Stangenholz,Stangenholz_11,,974.1,Cumpadials
1.6,11,prot_no_nat,not_young,2,2,2,0,2,3260,Stangenholz,Stangenholz_11,,1563.0,Sumvitg
0.6,12,prot_no_nat,not_young,2,2,2,0,2,3261,Stangenholz,Stangenholz_12,,1609.0,Sumvitg
0.7,12,prot_no_nat,not_young,2,2,2,0,2,3262,Stangenholz,Stangenholz_12,,1587.0,Sumvitg
0.5,12,prot_no_nat,not_young,2,2,2,0,2,3263,Schwaches Baumholz,Schwaches Baumholz_12,,1539.7,Sumvitg
0.6,12,prot_no_nat,not_young,2,2,2,0,2,3264,Stangenholz,Stangenholz_12,,1565.8,Rabius
1.0,8,prot_no_nat,not_young,2,2,2,0,2,3265,Mittleres Baumholz,Mittleres Baumholz_8,,1718.5,Rabius
0.5,11,prot_no_nat,not_young,2,2,2,0,2,3266,Schwaches Baumholz,Schwaches Baumholz_11,,1036.2,Surrein
2.2,11,prot_no_nat,not_young,2,2,2,0,2,3267,Starkes Baumholz,Starkes Baumholz_11,,1414.6,Surrein
0.9,11,prot_no_nat,not_young,2,2,2,0,2,3268,Starkes Baumholz,Starkes Baumholz_11,,1305.8,Surrein
0.8,11,prot_no_nat,not_young,2,2,2,0,2,3269,Mittleres Baumholz,Mittleres Baumholz_11,,1272.0,Obersaxen
1.8,11,prot_no_nat,not_young,2,2,2,0,2,3270,Schwaches Baumholz,Schwaches Baumholz_11,,1280.7,Obersaxen
1.9,11,prot_no_nat,not_young,2,2,2,0,2,3271,Schwaches Baumholz,Schwaches Baumholz_11,,1302.0,Obersaxen
0.9,11,prot_no_nat,not_young,2,2,2,0,2,3272,Schwaches Baumholz,Schwaches Baumholz_11,,1276.0,Obersaxen
0.8,11,prot_no_nat,not_young,2,2,2,0,2,3273,Schwaches Baumholz,Schwaches Baumholz_11,,1294.7,Obersaxen
0.5,11,prot_no_nat,not_young,2,2,2,0,2,3274,Stangenholz,Stangenholz_11,,1316.9,Obersaxen
1.8,11,prot_no_nat,not_young,2,2,2,0,2,3275,Schwaches Baumholz,Schwaches Baumholz_11,,1304.6,Obersaxen
2.9,11,prot_no_nat,not_young,2,2,2,0,2,3276,Schwaches Baumholz,Schwaches Baumholz_11,,1165.4,Obersaxen
0.6,11,prot_no_nat,not_young,2,2,2,0,2,3277,Schwaches Baumholz,Schwaches Baumholz_11,,1374.4,Obersaxen
1.1,11,prot_no_nat,not_young,2,2,2,0,2,3278,Mittleres Baumholz,Mittleres Baumholz_11,,1383.6,Obersaxen
0.7,11,prot_no_nat,not_young,2,2,2,0,2,3279,Mittleres Baumholz,Mittleres Baumholz_11,,1465.6,Obersaxen
1.2,9,prot_no_nat,not_young,2,2,2,0,2,3280,Mittleres Baumholz,Mittleres Baumholz_9,,1850.8,Obersaxen
1.4,8,prot_no_nat,not_young,2,2,2,0,2,3281,Schwaches Baumholz,Schwaches Baumholz_8,,1751.8,Obersaxen
1.7,8,prot_no_nat,not_young,2,2,2,0,2,3282,Schwaches Baumholz,Schwaches Baumholz_8,,1827.5,Obersaxen
1.2,9,prot_no_nat,not_young,2,2,2,0,2,3283,Starkes Baumholz,Starkes Baumholz_9,,1879.6,Obersaxen
1.1,12,prot_no_nat,not_young,2,2,2,0,2,3284,Schwaches Baumholz,Schwaches Baumholz_12,,1688.7,Obersaxen
1.6,5,prot_no_nat,not_young,2,2,2,0,2,3285,Schwaches Baumholz,Schwaches Baumholz_5,,2039.1,Surrein
1.4,12,prot_no_nat,not_young,2,2,2,0,2,3286,Stangenholz,Stangenholz_12,,1341.0,Surrein
0.7,5,prot_no_nat,not_young,2,2,2,0,2,3287,Stangenholz,Stangenholz_5,,2024.5,Surrein
0.5,12,prot_no_nat,not_young,2,2,2,0,2,3288,Stangenholz,Stangenholz_12,,1196.8,Surrein
1.1,12,prot_no_nat,not_young,2,2,2,0,2,3289,Mittleres Baumholz,Mittleres Baumholz_12,,1180.7,Surrein
0.7,12,prot_no_nat,not_young,2,2,2,0,2,3290,Stangenholz,Stangenholz_12,,1273.2,Surrein
0.5,8,prot_no_nat,not_young,2,2,2,0,2,3291,Mittleres Baumholz,Mittleres Baumholz_8,,1544.6,Sumvitg
0.8,8,prot_no_nat,not_young,2,2,2,0,2,3292,Mittleres Baumholz,Mittleres Baumholz_8,,1735.9,Sumvitg
0.5,11,prot_no_nat,not_young,2,2,2,0,2,3293,Starkes Baumholz,Starkes Baumholz_11,,1097.1,Cumpadials
0.7,12,prot_no_nat,not_young,2,2,2,0,2,3294,Stangenholz,Stangenholz_12,,1494.3,Sumvitg
1.8,11,prot_no_nat,not_young,2,2,2,0,2,3295,Starkes Baumholz,Starkes Baumholz_11,,1501.9,Sumvitg
2.0,11,prot_no_nat,not_young,2,2,2,0,2,3296,Stangenholz,Stangenholz_11,,1459.4,Sumvitg
1.2,12,prot_no_nat,not_young,2,2,2,0,2,3297,Mittleres Baumholz,Mittleres Baumholz_12,,1632.5,Sumvitg
1.4,8,prot_no_nat,not_young,2,2,2,0,2,3298,Mittleres Baumholz,Mittleres Baumholz_8,,1618.3,Rabius
0.7,5,prot_no_nat,not_young,2,2,2,0,2,3299,Stangenholz,Stangenholz_5,,1970.3,Rabius
0.8,12,prot_no_nat,not_young,2,2,2,0,2,3300,Stangenholz,Stangenholz_12,,1450.3,Rabius
0.5,12,prot_no_nat,not_young,2,2,2,0,2,3301,Stangenholz,Stangenholz_12,,1401.0,Rabius
1.3,12,prot_no_nat,not_young,2,2,2,0,2,3302,Stangenholz,Stangenholz_12,,1276.1,Rabius
1.1,12,prot_no_nat,not_young,2,2,2,0,2,3303,Schwaches Baumholz,Schwaches Baumholz_12,,1583.9,Obersaxen
0.7,12,prot_no_nat,not_young,2,2,2,0,2,3304,Schwaches Baumholz,Schwaches Baumholz_12,,1596.8,Obersaxen
0.8,12,prot_no_nat,not_young,2,2,2,0,2,3305,Stangenholz,Stangenholz_12,,1521.4,Obersaxen
1.0,12,prot_no_nat,not_young,2,2,2,0,2,3306,Mittleres Baumholz,Mittleres Baumholz_12,,1604.5,Obersaxen
1.0,12,prot_no_nat,not_young,2,2,2,0,2,3307,Stangenholz,Stangenholz_12,,1548.3,Obersaxen
0.9,12,prot_no_nat,not_young,2,2,2,0,2,3308,Stangenholz,Stangenholz_12,,1557.1,Obersaxen
1.1,12,prot_no_nat,not_young,2,2,2,0,2,3309,Mittleres Baumholz,Mittleres Baumholz_12,,1582.6,Obersaxen
2.2,12,prot_no_nat,not_young,2,2,2,0,2,3310,Mittleres Baumholz,Mittleres Baumholz_12,,1591.8,Obersaxen
0.5,12,prot_no_nat,not_young,2,2,2,0,2,3311,Schwaches Baumholz,Schwaches Baumholz_12,,1561.1,Obersaxen
1.4,12,prot_no_nat,not_young,2,2,2,0,2,3312,Mittleres Baumholz,Mittleres Baumholz_12,,1539.7,Obersaxen
1.2,12,prot_no_nat,not_young,2,2,2,0,2,3313,Schwaches Baumholz,Schwaches Baumholz_12,,1558.7,Obersaxen
1.8,12,prot_no_nat,not_young,2,2,2,0,2,3314,Mittleres Baumholz,Mittleres Baumholz_12,,1606.5,Obersaxen
1.6,11,prot_no_nat,not_young,2,2,2,0,2,3315,Mittleres Baumholz,Mittleres Baumholz_11,,1444.5,Obersaxen
6.8,11,prot_no_nat,not_young,2,2,2,0,2,3316,Mittleres Baumholz,Mittleres Baumholz_11,,1495.2,Obersaxen
5.9,12,prot_no_nat,not_young,2,2,2,0,2,3317,Mittleres Baumholz,Mittleres Baumholz_12,,1530.7,Obersaxen
2.6,12,prot_no_nat,not_young,2,2,2,0,2,3318,Starkes Baumholz,Starkes Baumholz_12,,1509.9,Obersaxen
1.7,12,prot_no_nat,not_young,2,2,2,0,2,3319,Mittleres Baumholz,Mittleres Baumholz_12,,1478.3,Obersaxen
1.4,12,prot_no_nat,not_young,2,2,2,0,2,3320,Schwaches Baumholz,Schwaches Baumholz_12,,1565.0,Obersaxen
0.9,11,prot_no_nat,not_young,2,2,2,0,2,3321,Starkes Baumholz,Starkes Baumholz_11,,1579.0,Surrein
0.6,8,prot_no_nat,not_young,2,2,2,0,2,3322,Mittleres Baumholz,Mittleres Baumholz_8,,1583.2,Surrein
0.6,12,prot_no_nat,not_young,2,2,2,0,2,3323,Stangenholz,Stangenholz_12,,1201.1,Surrein
1.1,12,prot_no_nat,not_young,2,2,2,0,2,3324,Mittleres Baumholz,Mittleres Baumholz_12,,1300.2,Surrein
0.7,12,prot_no_nat,not_young,2,2,2,0,2,3325,Mittleres Baumholz,Mittleres Baumholz_12,,1415.6,Surrein
0.5,12,prot_no_nat,not_young,2,2,2,0,2,3326,Stangenholz,Stangenholz_12,,1299.0,Surrein
1.8,5,prot_no_nat,not_young,2,2,2,0,2,3327,Mittleres Baumholz,Mittleres Baumholz_5,,1928.6,Sumvitg
1.7,11,prot_no_nat,not_young,1,2,2,0,2,3328,Stangenholz,Stangenholz_11,,1010.4,Cumpadials
6.4,11,prot_no_nat,not_young,1,2,2,0,2,3329,Stangenholz,Stangenholz_11,,1020.6,Cumpadials
1.8,11,prot_no_nat,not_young,2,2,2,0,2,3330,Starkes Baumholz,Starkes Baumholz_11,,1221.3,Sumvitg
1.2,11,prot_no_nat,not_young,2,2,2,0,2,3331,Starkes Baumholz,Starkes Baumholz_11,,1104.1,Sumvitg
1.8,12,prot_no_nat,not_young,2,2,2,0,2,3332,Mittleres Baumholz,Mittleres Baumholz_12,,1556.6,Sumvitg
3.2,8,prot_no_nat,not_young,2,2,2,0,2,3333,Starkes Baumholz,Starkes Baumholz_8,,1703.7,Sumvitg
1.6,12,prot_no_nat,not_young,2,2,2,0,2,3334,Mittleres Baumholz,Mittleres Baumholz_12,,1661.1,Sumvitg
1.3,8,prot_no_nat,not_young,2,2,2,0,2,3335,Mittleres Baumholz,Mittleres Baumholz_8,,1757.3,Sumvitg
4.3,8,prot_no_nat,not_young,2,2,2,0,2,3336,Starkes Baumholz,Starkes Baumholz_8,,1760.8,Rabius
0.6,12,prot_no_nat,not_young,2,2,2,0,2,3337,Stangenholz,Stangenholz_12,,1325.7,Rabius
0.6,8,prot_no_nat,not_young,2,2,2,0,2,3338,Stangenholz,Stangenholz_8,,1654.2,Rabius
2.1,12,prot_no_nat,not_young,2,2,2,0,2,3339,Schwaches Baumholz,Schwaches Baumholz_12,,1546.0,Obersaxen
0.6,12,prot_no_nat,not_young,2,2,2,0,2,3340,Mittleres Baumholz,Mittleres Baumholz_12,,1579.3,Obersaxen
3.2,12,prot_no_nat,not_young,2,2,2,0,2,3341,Schwaches Baumholz,Schwaches Baumholz_12,,1520.2,Obersaxen
1.2,12,prot_no_nat,not_young,2,2,2,0,2,3342,Mittleres Baumholz,Mittleres Baumholz_12,,1665.3,Obersaxen
2.1,12,prot_no_nat,not_young,2,2,2,0,2,3343,Mittleres Baumholz,Mittleres Baumholz_12,,1669.9,Obersaxen
2.9,12,prot_no_nat,not_young,2,2,2,0,2,3344,Mittleres Baumholz,Mittleres Baumholz_12,,1549.5,Obersaxen
1.0,12,prot_no_nat,not_young,2,2,2,0,2,3345,Schwaches Baumholz,Schwaches Baumholz_12,,1631.3,Obersaxen
6.4,8,prot_no_nat,not_young,2,2,2,0,2,3346,Mittleres Baumholz,Mittleres Baumholz_8,,1717.4,Obersaxen
1.7,8,prot_no_nat,not_young,2,2,2,0,2,3347,Mittleres Baumholz,Mittleres Baumholz_8,,1674.6,Obersaxen
2.9,8,prot_no_nat,not_young,2,2,2,0,2,3348,Mittleres Baumholz,Mittleres Baumholz_8,,1783.1,Obersaxen
0.6,11,prot_no_nat,not_young,2,2,2,0,2,3349,Schwaches Baumholz,Schwaches Baumholz_11,,1257.5,Obersaxen
1.8,12,prot_no_nat,not_young,2,2,2,0,2,3350,Mittleres Baumholz,Mittleres Baumholz_12,,1347.7,Surrein
0.5,12,prot_no_nat,not_young,2,2,2,0,2,3351,Stangenholz,Stangenholz_12,,1394.0,Surrein
0.7,12,prot_no_nat,not_young,2,2,2,0,2,3352,Schwaches Baumholz,Schwaches Baumholz_12,,1311.5,Surrein
1.2,12,prot_no_nat,not_young,2,2,2,0,2,3353,Starkes Baumholz,Starkes Baumholz_12,,1293.9,Surrein
0.6,12,prot_no_nat,not_young,2,2,2,0,2,3354,Schwaches Baumholz,Schwaches Baumholz_12,,1269.7,Surrein
0.5,12,prot_no_nat,not_young,2,2,2,0,2,3355,Stangenholz,Stangenholz_12,,1264.9,Surrein
1.0,12,prot_no_nat,not_young,2,2,2,0,2,3356,Stangenholz,Stangenholz_12,,1524.3,Surrein
0.5,12,prot_no_nat,not_young,2,2,2,0,2,3357,Mittleres Baumholz,Mittleres Baumholz_12,,1626.1,Sumvitg
0.6,11,prot_no_nat,not_young,2,2,2,0,2,3358,Stangenholz,Stangenholz_11,,957.8,Cumpadials
1.6,8,prot_no_nat,not_young,2,2,2,0,2,3359,Starkes Baumholz,Starkes Baumholz_8,,1702.2,Rabius
1.0,8,prot_no_nat,not_young,2,2,2,0,2,3360,Starkes Baumholz,Starkes Baumholz_8,,1764.5,Rabius
1.0,8,prot_no_nat,not_young,2,2,2,0,2,3361,Starkes Baumholz,Starkes Baumholz_8,,1724.2,Rabius
1.8,11,prot_no_nat,not_young,2,2,2,0,2,3362,Stangenholz,Stangenholz_11,,898.7,Sumvitg
0.6,12,prot_no_nat,not_young,2,2,2,0,2,3363,Starkes Baumholz,Starkes Baumholz_12,,1603.5,Obersaxen
1.3,12,prot_no_nat,not_young,2,2,2,0,2,3364,Starkes Baumholz,Starkes Baumholz_12,,1629.1,Obersaxen
4.5,12,prot_no_nat,not_young,2,2,2,0,2,3365,Mittleres Baumholz,Mittleres Baumholz_12,,1323.5,Surrein
2.6,12,prot_no_nat,not_young,2,2,2,0,2,3366,Mittleres Baumholz,Mittleres Baumholz_12,,1334.8,Surrein
0.5,12,prot_no_nat,not_young,2,2,2,0,2,3367,Stangenholz,Stangenholz_12,,1260.7,Surrein
0.5,12,prot_no_nat,not_young,2,2,2,0,2,3368,Stangenholz,Stangenholz_12,,1309.0,Surrein
4.7,11,prot_no_nat,not_young,2,2,2,0,2,3369,Starkes Baumholz,Starkes Baumholz_11,,1283.7,Sumvitg
2.6,11,prot_no_nat,not_young,2,2,2,0,2,3370,Starkes Baumholz,Starkes Baumholz_11,,1184.0,Sumvitg
0.5,5,prot_no_nat,not_young,2,2,2,0,2,3371,Stangenholz,Stangenholz_5,,937.6,Cumpadials
0.7,11,prot_no_nat,not_young,2,2,2,0,2,3372,Stangenholz,Stangenholz_11,,960.3,Cumpadials
1.5,11,prot_no_nat,not_young,2,2,2,0,2,3373,Mittleres Baumholz,Mittleres Baumholz_11,,1346.9,Sumvitg
0.7,11,prot_no_nat,not_young,2,2,2,0,2,3374,Mittleres Baumholz,Mittleres Baumholz_11,,1343.9,Sumvitg
0.8,12,prot_no_nat,not_young,2,2,2,0,2,3375,Stangenholz,Stangenholz_12,,1559.0,Rabius
1.0,8,prot_no_nat,not_young,2,2,2,0,2,3376,Mittleres Baumholz,Mittleres Baumholz_8,,1691.4,Rabius
1.1,5,prot_no_nat,not_young,2,2,2,0,2,3377,Schwaches Baumholz,Schwaches Baumholz_5,,1918.2,Rabius
2.5,11,prot_no_nat,not_young,2,2,2,0,2,3378,Stangenholz,Stangenholz_11,,900.1,Surrein
1.7,11,prot_no_nat,not_young,2,2,2,0,2,3379,Stangenholz,Stangenholz_11,,936.8,Sumvitg
1.3,11,prot_no_nat,not_young,2,2,2,0,2,3380,Stangenholz,Stangenholz_11,,892.2999999999998,Rabius
0.5,12,prot_no_nat,not_young,2,2,2,0,2,3381,Stangenholz,Stangenholz_12,,1652.1,Obersaxen
0.7,11,prot_no_nat,not_young,2,2,2,0,2,3382,Mittleres Baumholz,Mittleres Baumholz_11,,1529.4,Obersaxen
1.3,12,prot_no_nat,not_young,2,2,2,0,2,3383,Mittleres Baumholz,Mittleres Baumholz_12,,1528.6,Obersaxen
1.4,12,prot_no_nat,not_young,2,2,2,0,2,3384,Mittleres Baumholz,Mittleres Baumholz_12,,1648.1,Obersaxen
3.3,8,prot_no_nat,not_young,2,2,2,0,2,3385,Schwaches Baumholz,Schwaches Baumholz_8,,1825.1,Obersaxen
2.9,12,prot_no_nat,not_young,2,2,2,0,2,3386,Mittleres Baumholz,Mittleres Baumholz_12,,1614.8,Obersaxen
4.5,12,prot_no_nat,not_young,2,2,2,0,2,3387,Starkes Baumholz,Starkes Baumholz_12,,1540.7,Obersaxen
0.5,12,prot_no_nat,not_young,2,2,2,0,2,3388,Mittleres Baumholz,Mittleres Baumholz_12,,1585.0,Obersaxen
1.1,12,prot_no_nat,not_young,2,2,2,0,2,3389,Starkes Baumholz,Starkes Baumholz_12,,1544.6,Obersaxen
1.7,12,prot_no_nat,not_young,2,2,2,0,2,3390,Mittleres Baumholz,Mittleres Baumholz_12,,1592.0,Obersaxen
0.5,12,prot_no_nat,not_young,2,2,2,0,2,3391,Starkes Baumholz,Starkes Baumholz_12,,1559.8,Obersaxen
2.7,11,prot_no_nat,not_young,2,2,2,0,2,3392,Schwaches Baumholz,Schwaches Baumholz_11,,1022.9,Surrein
1.7,11,prot_no_nat,not_young,2,2,2,0,2,3393,Stangenholz,Stangenholz_11,,1156.3,Surrein
3.1,11,prot_no_nat,not_young,2,2,2,0,2,3394,Mittleres Baumholz,Mittleres Baumholz_11,,1145.7,Surrein
1.5,11,prot_no_nat,not_young,2,2,2,0,2,3395,Schwaches Baumholz,Schwaches Baumholz_11,,929.4,Surrein
0.8,11,prot_no_nat,not_young,2,2,2,0,2,3396,Mittleres Baumholz,Mittleres Baumholz_11,,1555.0,Surrein
2.2,11,prot_no_nat,not_young,2,2,2,0,2,3397,Starkes Baumholz,Starkes Baumholz_11,,1483.8,Surrein
2.0,8,prot_no_nat,not_young,2,2,2,0,2,3398,Mittleres Baumholz,Mittleres Baumholz_8,,1581.2,Surrein
0.7,11,prot_no_nat,not_young,2,2,2,0,2,3399,Starkes Baumholz,Starkes Baumholz_11,,1471.4,Surrein
0.6,11,prot_no_nat,not_young,2,2,2,0,2,3400,Starkes Baumholz,Starkes Baumholz_11,,1502.3,Surrein
0.5,8,prot_no_nat,not_young,2,2,2,0,2,3401,Mittleres Baumholz,Mittleres Baumholz_8,,1789.3,Surrein
2.3,11,prot_no_nat,not_young,2,2,2,0,2,3402,Stangenholz,Stangenholz_11,,1081.4,Sumvitg
0.8,11,prot_no_nat,not_young,2,2,2,0,2,3403,Starkes Baumholz,Starkes Baumholz_11,,1101.0,Sumvitg
0.8,11,prot_no_nat,not_young,2,2,2,0,2,3404,Starkes Baumholz,Starkes Baumholz_11,,1111.9,Sumvitg
1.6,8,prot_no_nat,not_young,2,2,2,0,2,3405,Mittleres Baumholz,Mittleres Baumholz_8,,1708.9,Sumvitg
0.7,11,prot_no_nat,not_young,2,2,2,0,2,3406,Mittleres Baumholz,Mittleres Baumholz_11,,1332.8,Sumvitg
1.2,11,prot_no_nat,not_young,2,2,2,0,2,3407,Mittleres Baumholz,Mittleres Baumholz_11,,1269.3,Sumvitg
1.0,11,prot_no_nat,not_young,2,2,2,0,2,3408,Schwaches Baumholz,Schwaches Baumholz_11,,1035.9,Surrein
0.5,12,prot_no_nat,not_young,2,2,2,0,2,3409,Schwaches Baumholz,Schwaches Baumholz_12,,1569.2,Surrein
0.9,11,prot_no_nat,not_young,2,2,2,0,2,3410,Stangenholz,Stangenholz_11,,924.1,Surrein
7.0,8,prot_no_nat,not_young,2,2,2,0,2,3411,Mittleres Baumholz,Mittleres Baumholz_8,,1793.2,Obersaxen
1.6,8,prot_no_nat,not_young,2,2,2,0,2,3412,Mittleres Baumholz,Mittleres Baumholz_8,,1715.4,Obersaxen
4.0,8,prot_no_nat,not_young,2,2,2,0,2,3413,Mittleres Baumholz,Mittleres Baumholz_8,,1745.5,Obersaxen
1.4,8,prot_no_nat,not_young,2,2,2,0,2,3414,Schwaches Baumholz,Schwaches Baumholz_8,,1744.8,Obersaxen
3.3,8,prot_no_nat,not_young,2,2,2,0,2,3415,Mittleres Baumholz,Mittleres Baumholz_8,,1716.7,Obersaxen
2.6,8,prot_no_nat,not_young,2,2,2,0,2,3416,Mittleres Baumholz,Mittleres Baumholz_8,,1695.6,Obersaxen
0.5,12,prot_no_nat,not_young,2,2,2,0,2,3417,Stangenholz,Stangenholz_12,,1671.1,Obersaxen
2.6,12,prot_no_nat,not_young,2,2,2,0,2,3418,Mittleres Baumholz,Mittleres Baumholz_12,,1585.9,Obersaxen
0.5,12,prot_no_nat,not_young,2,2,2,0,2,3419,Schwaches Baumholz,Schwaches Baumholz_12,,1590.2,Obersaxen
1.9,12,prot_no_nat,not_young,2,2,2,0,2,3420,Mittleres Baumholz,Mittleres Baumholz_12,,1579.5,Obersaxen
2.4,12,prot_no_nat,not_young,2,2,2,0,2,3421,Schwaches Baumholz,Schwaches Baumholz_12,,1589.8,Obersaxen
1.9,12,prot_no_nat,not_young,2,2,2,0,2,3422,Mittleres Baumholz,Mittleres Baumholz_12,,1611.1,Obersaxen
0.9,12,prot_no_nat,not_young,2,2,2,0,2,3423,Mittleres Baumholz,Mittleres Baumholz_12,,1606.7,Obersaxen
2.6,12,prot_no_nat,not_young,2,2,2,0,2,3424,Starkes Baumholz,Starkes Baumholz_12,,1658.2,Obersaxen
2.6,8,prot_no_nat,not_young,2,2,2,0,2,3425,Starkes Baumholz,Starkes Baumholz_8,,1716.0,Obersaxen
1.0,12,prot_no_nat,not_young,2,2,2,0,2,3426,Stangenholz,Stangenholz_12,,1662.8,Obersaxen
2.0,8,prot_no_nat,not_young,2,2,2,0,2,3427,Starkes Baumholz,Starkes Baumholz_8,,1681.2,Obersaxen
3.9,11,prot_no_nat,not_young,2,2,2,0,2,3428,Schwaches Baumholz,Schwaches Baumholz_11,,948.4,Surrein
0.6,11,prot_no_nat,not_young,2,2,2,0,2,3429,Schwaches Baumholz,Schwaches Baumholz_11,,1089.5,Surrein
1.4,11,prot_no_nat,not_young,2,2,2,0,2,3430,Schwaches Baumholz,Schwaches Baumholz_11,,1066.5,Surrein
2.1,8,prot_no_nat,not_young,2,2,2,0,2,3431,Starkes Baumholz,Starkes Baumholz_8,,1612.3,Surrein
1.4,8,prot_no_nat,not_young,2,2,2,0,2,3432,Starkes Baumholz,Starkes Baumholz_8,,1610.1,Surrein
2.6,8,prot_no_nat,not_young,2,2,2,0,2,3433,Mittleres Baumholz,Mittleres Baumholz_8,,1670.8,Surrein
0.8,8,prot_no_nat,not_young,2,2,2,0,2,3434,Mittleres Baumholz,Mittleres Baumholz_8,,1655.5,Surrein
0.8,12,prot_no_nat,not_young,2,2,2,0,2,3435,Mittleres Baumholz,Mittleres Baumholz_12,,1244.7,Surrein
1.0,12,prot_no_nat,not_young,2,2,2,0,2,3436,Stangenholz,Stangenholz_12,,1239.2,Surrein
2.9,11,prot_no_nat,not_young,1,2,2,0,2,3437,Stangenholz,Stangenholz_11,,1013.5,Cumpadials
0.9,11,prot_no_nat,not_young,1,2,2,0,2,3438,Stangenholz,Stangenholz_11,,952.5,Cumpadials
1.5,11,prot_no_nat,not_young,1,2,2,0,2,3439,Stangenholz,Stangenholz_11,,945.2,Cumpadials
0.5,12,prot_no_nat,not_young,2,2,2,0,2,3440,Schwaches Baumholz,Schwaches Baumholz_12,,1515.8,Sumvitg
1.9,12,prot_no_nat,not_young,2,2,2,0,2,3441,Mittleres Baumholz,Mittleres Baumholz_12,,1622.3,Sumvitg
1.3,12,prot_no_nat,not_young,2,2,2,0,2,3442,Stangenholz,Stangenholz_12,,1562.6,Sumvitg
0.7,8,prot_no_nat,not_young,2,2,2,0,2,3443,Starkes Baumholz,Starkes Baumholz_8,,1590.0,Sumvitg
1.0,8,prot_no_nat,not_young,2,2,2,0,2,3444,Mittleres Baumholz,Mittleres Baumholz_8,,1659.2,Sumvitg
1.5,8,prot_no_nat,not_young,2,2,2,0,2,3445,Mittleres Baumholz,Mittleres Baumholz_8,,1682.3,Sumvitg
0.9,8,prot_no_nat,not_young,2,2,2,0,2,3446,Mittleres Baumholz,Mittleres Baumholz_8,,1663.1,Sumvitg
1.9,11,prot_no_nat,not_young,1,2,2,0,2,3447,Stangenholz,Stangenholz_11,,890.0,Sumvitg
1.3,11,prot_no_nat,not_young,1,2,2,0,2,3448,Stangenholz,Stangenholz_11,,892.2,Surrein
1.6,11,prot_no_nat,not_young,1,2,2,0,2,3449,Stangenholz,Stangenholz_11,,889.1,Surrein
1.1,11,prot_no_nat,not_young,1,2,2,0,2,3450,Stangenholz,Stangenholz_11,,893.2,Surrein
1.4,12,prot_no_nat,not_young,2,2,2,0,2,3451,Schwaches Baumholz,Schwaches Baumholz_12,,1459.2,Sumvitg
2.3,12,prot_no_nat,not_young,2,2,2,0,2,3452,Schwaches Baumholz,Schwaches Baumholz_12,,1454.4,Sumvitg
1.1,12,prot_no_nat,not_young,2,2,2,0,2,3453,Schwaches Baumholz,Schwaches Baumholz_12,,1657.3,Obersaxen
0.6,8,prot_no_nat,not_young,2,2,2,0,2,3454,Mittleres Baumholz,Mittleres Baumholz_8,,1697.7,Obersaxen
1.7,8,prot_no_nat,not_young,2,2,2,0,2,3455,Schwaches Baumholz,Schwaches Baumholz_8,,1700.7,Obersaxen
4.2,8,prot_no_nat,not_young,2,2,2,0,2,3456,Mittleres Baumholz,Mittleres Baumholz_8,,1724.5,Obersaxen
0.9,8,prot_no_nat,not_young,2,2,2,0,2,3457,Schwaches Baumholz,Schwaches Baumholz_8,,1686.4,Obersaxen
2.2,8,prot_no_nat,not_young,2,2,2,0,2,3458,Schwaches Baumholz,Schwaches Baumholz_8,,1770.6,Obersaxen
2.0,8,prot_no_nat,not_young,2,2,2,0,2,3459,Schwaches Baumholz,Schwaches Baumholz_8,,1695.3,Obersaxen
1.2,8,prot_no_nat,not_young,2,2,2,0,2,3460,Schwaches Baumholz,Schwaches Baumholz_8,,1771.3,Obersaxen
2.0,8,prot_no_nat,not_young,2,2,2,0,2,3461,Schwaches Baumholz,Schwaches Baumholz_8,,1806.7,Obersaxen
0.5,8,prot_no_nat,not_young,2,2,2,0,2,3462,Mittleres Baumholz,Mittleres Baumholz_8,,1685.7,Obersaxen
2.5,9,prot_no_nat,not_young,2,2,2,0,2,3463,Mittleres Baumholz,Mittleres Baumholz_9,,1880.4,Obersaxen
0.6,12,prot_no_nat,not_young,2,2,2,0,2,3464,Mittleres Baumholz,Mittleres Baumholz_12,,1651.7,Obersaxen
1.0,8,prot_no_nat,not_young,2,2,2,0,2,3465,Starkes Baumholz,Starkes Baumholz_8,,1678.0,Obersaxen
0.9,12,prot_no_nat,not_young,2,2,2,0,2,3466,Mittleres Baumholz,Mittleres Baumholz_12,,1660.9,Obersaxen
1.0,11,prot_no_nat,not_young,2,2,2,0,2,3467,Stangenholz,Stangenholz_11,,1086.5,Surrein
0.5,11,prot_no_nat,not_young,2,2,2,0,2,3468,Schwaches Baumholz,Schwaches Baumholz_11,,1141.4,Surrein
1.3,11,prot_no_nat,not_young,2,2,2,0,2,3469,Schwaches Baumholz,Schwaches Baumholz_11,,1083.3,Surrein
0.7,11,prot_no_nat,not_young,2,2,2,0,2,3470,Schwaches Baumholz,Schwaches Baumholz_11,,1106.6,Surrein
0.9,11,prot_no_nat,not_young,2,2,2,0,2,3471,Stangenholz,Stangenholz_11,,1181.4,Surrein
0.7,11,prot_no_nat,not_young,2,2,2,0,2,3472,Schwaches Baumholz,Schwaches Baumholz_11,,1133.1,Surrein
0.7,11,prot_no_nat,not_young,2,2,2,0,2,3473,Stangenholz,Stangenholz_11,,886.5,Rabius
1.0,8,prot_no_nat,not_young,2,2,2,0,2,3474,Stangenholz,Stangenholz_8,,1711.9,Obersaxen
1.6,9,prot_no_nat,not_young,2,2,2,0,2,3475,Mittleres Baumholz,Mittleres Baumholz_9,,1877.4,Obersaxen
4.4,8,prot_no_nat,not_young,2,2,2,0,2,3476,Mittleres Baumholz,Mittleres Baumholz_8,,1827.1,Obersaxen
0.9,8,prot_no_nat,not_young,2,2,2,0,2,3477,Stangenholz,Stangenholz_8,,1763.0,Obersaxen
1.9,11,prot_no_nat,not_young,2,2,2,0,2,3478,Schwaches Baumholz,Schwaches Baumholz_11,,1182.7,Obersaxen
3.9,11,prot_no_nat,not_young,2,2,2,0,2,3479,Mittleres Baumholz,Mittleres Baumholz_11,,1386.4,Obersaxen
1.0,8,prot_no_nat,not_young,2,2,2,0,2,3480,Starkes Baumholz,Starkes Baumholz_8,,1750.0,Obersaxen
3.4,11,prot_no_nat,not_young,2,2,2,0,2,3481,Schwaches Baumholz,Schwaches Baumholz_11,,1399.2,Obersaxen
1.1,11,prot_no_nat,not_young,2,2,2,0,2,3482,Mittleres Baumholz,Mittleres Baumholz_11,,1297.2,Obersaxen
5.0,11,prot_no_nat,not_young,2,2,2,0,2,3483,Schwaches Baumholz,Schwaches Baumholz_11,,1219.1,Obersaxen
2.5,8,prot_no_nat,not_young,2,2,2,0,2,3484,Schwaches Baumholz,Schwaches Baumholz_8,,1587.7,Obersaxen
2.4,12,prot_no_nat,not_young,2,2,2,0,2,3485,Mittleres Baumholz,Mittleres Baumholz_12,,1583.2,Obersaxen
5.1,8,prot_no_nat,not_young,2,2,2,0,2,3486,Mittleres Baumholz,Mittleres Baumholz_8,,1641.2,Obersaxen
1.3,8,prot_no_nat,not_young,2,2,2,0,2,3487,Stangenholz,Stangenholz_8,,1810.2,Obersaxen
0.6,9,prot_no_nat,not_young,2,2,2,0,2,3488,Schwaches Baumholz,Schwaches Baumholz_9,,1861.5,Obersaxen
1.0,9,prot_no_nat,not_young,2,2,2,0,2,3489,Mittleres Baumholz,Mittleres Baumholz_9,,1872.1,Obersaxen
0.7,8,prot_no_nat,not_young,2,2,2,0,2,3490,Mittleres Baumholz,Mittleres Baumholz_8,,1756.2,Obersaxen
1.8,9,prot_no_nat,not_young,2,2,2,0,2,3491,Mittleres Baumholz,Mittleres Baumholz_9,,1852.7,Obersaxen
0.8,12,prot_no_nat,not_young,2,2,2,0,2,3492,Stangenholz,Stangenholz_12,,1559.8,Obersaxen
3.4,11,prot_no_nat,not_young,2,2,2,0,2,3493,Stangenholz,Stangenholz_11,,1463.8,Obersaxen
0.7,11,prot_no_nat,not_young,2,2,2,0,2,3494,Schwaches Baumholz,Schwaches Baumholz_11,,1429.9,Obersaxen
2.8,11,prot_no_nat,not_young,2,2,2,0,2,3495,Stangenholz,Stangenholz_11,,1460.7,Obersaxen
1.0,12,prot_no_nat,not_young,2,2,2,0,2,3496,Stangenholz,Stangenholz_12,,1550.3,Obersaxen
1.4,8,prot_no_nat,not_young,2,2,2,0,2,3497,Mittleres Baumholz,Mittleres Baumholz_8,,1679.9,Obersaxen
3.2,11,prot_no_nat,not_young,2,2,2,0,2,3498,Schwaches Baumholz,Schwaches Baumholz_11,,1498.6,Obersaxen
0.6,12,prot_no_nat,not_young,2,2,2,0,2,3499,Mittleres Baumholz,Mittleres Baumholz_12,,1545.9,Obersaxen
1.0,12,prot_no_nat,not_young,2,2,2,0,2,3500,Mittleres Baumholz,Mittleres Baumholz_12,,1527.3,Obersaxen
2.0,11,prot_no_nat,not_young,2,2,2,0,2,3501,Schwaches Baumholz,Schwaches Baumholz_11,,1228.2,Obersaxen
1.2,11,prot_no_nat,not_young,2,2,2,0,2,3502,Schwaches Baumholz,Schwaches Baumholz_11,,1239.6,Obersaxen
0.8,11,prot_no_nat,not_young,2,2,2,0,2,3503,Schwaches Baumholz,Schwaches Baumholz_11,,1424.0,Obersaxen
3.5,11,prot_no_nat,not_young,2,2,2,0,2,3504,Stangenholz,Stangenholz_11,,1452.7,Obersaxen
1.0,11,prot_no_nat,not_young,2,2,2,0,2,3505,Mittleres Baumholz,Mittleres Baumholz_11,,1407.0,Obersaxen
1.4,11,prot_no_nat,not_young,2,2,2,0,2,3506,Stangenholz,Stangenholz_11,,1461.0,Obersaxen
2.2,11,prot_no_nat,not_young,2,2,2,0,2,3507,Mittleres Baumholz,Mittleres Baumholz_11,,1250.2,Obersaxen
5.0,11,prot_no_nat,not_young,2,2,2,0,2,3508,Mittleres Baumholz,Mittleres Baumholz_11,,1289.9,Obersaxen
1.7,11,prot_no_nat,not_young,2,2,2,0,2,3509,Mittleres Baumholz,Mittleres Baumholz_11,,1294.5,Obersaxen
0.5,11,prot_no_nat,not_young,2,2,2,0,2,3510,Schwaches Baumholz,Schwaches Baumholz_11,,1263.4,Obersaxen
1.1,11,prot_no_nat,not_young,2,2,2,0,2,3511,Mittleres Baumholz,Mittleres Baumholz_11,,1374.7,Obersaxen
0.7,11,prot_no_nat,not_young,2,2,2,0,2,3512,Stangenholz,Stangenholz_11,,1354.4,Obersaxen
1.4,8,prot_no_nat,not_young,2,2,2,0,2,3513,Starkes Baumholz,Starkes Baumholz_8,,1630.7,Obersaxen
5.6,12,prot_no_nat,not_young,2,2,2,0,2,3514,Schwaches Baumholz,Schwaches Baumholz_12,,1555.9,Obersaxen
0.5,8,prot_no_nat,not_young,2,2,2,0,2,3515,Mittleres Baumholz,Mittleres Baumholz_8,,1612.4,Obersaxen
4.4,11,prot_no_nat,not_young,2,2,2,0,2,3516,Starkes Baumholz,Starkes Baumholz_11,,1497.0,Obersaxen
1.1,9,prot_no_nat,not_young,2,2,2,0,2,3517,Mittleres Baumholz,Mittleres Baumholz_9,,1840.2,Obersaxen
2.5,11,prot_no_nat,not_young,2,2,2,0,2,3518,Mittleres Baumholz,Mittleres Baumholz_11,,1520.0,Obersaxen
0.5,11,prot_no_nat,not_young,2,2,2,0,2,3519,Stangenholz,Stangenholz_11,,1307.7,Obersaxen
0.6,11,prot_no_nat,not_young,2,2,2,0,2,3520,Mittleres Baumholz,Mittleres Baumholz_11,,1410.8,Obersaxen
0.6,11,prot_no_nat,not_young,2,2,2,0,2,3521,Schwaches Baumholz,Schwaches Baumholz_11,,1238.6,Obersaxen
2.6,11,prot_no_nat,not_young,2,2,2,0,2,3522,Schwaches Baumholz,Schwaches Baumholz_11,,1201.3,Obersaxen
1.7,11,prot_no_nat,not_young,2,2,2,0,2,3523,Mittleres Baumholz,Mittleres Baumholz_11,,1018.6,Obersaxen
1.1,11,prot_no_nat,not_young,2,2,2,0,2,3524,Schwaches Baumholz,Schwaches Baumholz_11,,1060.0,Obersaxen
2.3,9,prot_no_nat,not_young,2,2,2,0,2,3525,Mittleres Baumholz,Mittleres Baumholz_9,,1896.9,Obersaxen
1.9,8,prot_no_nat,not_young,2,2,2,0,2,3526,Mittleres Baumholz,Mittleres Baumholz_8,,1815.5,Obersaxen
0.5,8,prot_no_nat,not_young,2,2,2,0,2,3527,Mittleres Baumholz,Mittleres Baumholz_8,,1789.1,Obersaxen
0.5,8,prot_no_nat,not_young,2,2,2,0,2,3528,Mittleres Baumholz,Mittleres Baumholz_8,,1762.4,Obersaxen
0.7,12,prot_no_nat,not_young,2,2,2,0,2,3529,Schwaches Baumholz,Schwaches Baumholz_12,,1648.3,Obersaxen
2.2,12,prot_no_nat,not_young,2,2,2,0,2,3530,Schwaches Baumholz,Schwaches Baumholz_12,,1674.1,Obersaxen
3.3,9,prot_no_nat,not_young,2,2,2,0,2,3531,Mittleres Baumholz,Mittleres Baumholz_9,,1874.6,Obersaxen
1.7,9,prot_no_nat,not_young,2,2,2,0,2,3532,Mittleres Baumholz,Mittleres Baumholz_9,,1873.7,Obersaxen
2.2,9,prot_no_nat,not_young,2,2,2,0,2,3533,Mittleres Baumholz,Mittleres Baumholz_9,,1894.6,Obersaxen
1.0,8,prot_no_nat,not_young,2,2,2,0,2,3534,Mittleres Baumholz,Mittleres Baumholz_8,,1733.1,Obersaxen
1.0,11,prot_no_nat,not_young,2,2,2,0,2,3535,Schwaches Baumholz,Schwaches Baumholz_11,,1484.1,Obersaxen
0.7,11,prot_no_nat,not_young,2,2,2,0,2,3536,Stangenholz,Stangenholz_11,,1467.1,Obersaxen
1.8,11,prot_no_nat,not_young,2,2,2,0,2,3537,Starkes Baumholz,Starkes Baumholz_11,,1540.7,Obersaxen
0.7,11,prot_no_nat,not_young,2,2,2,0,2,3538,Schwaches Baumholz,Schwaches Baumholz_11,,1507.8,Obersaxen
0.6,8,prot_no_nat,not_young,2,2,2,0,2,3539,Starkes Baumholz,Starkes Baumholz_8,,1589.8,Obersaxen
1.1,11,prot_no_nat,not_young,2,2,2,0,2,3540,Mittleres Baumholz,Mittleres Baumholz_11,,1502.1,Obersaxen
3.1,11,prot_no_nat,not_young,2,2,2,0,2,3541,Schwaches Baumholz,Schwaches Baumholz_11,,1574.5,Obersaxen
3.7,8,prot_no_nat,not_young,2,2,2,0,2,3542,Mittleres Baumholz,Mittleres Baumholz_8,,1720.6,Obersaxen
1.1,8,prot_no_nat,not_young,2,2,2,0,2,3543,Schwaches Baumholz,Schwaches Baumholz_8,,1630.8,Obersaxen
1.3,9,prot_no_nat,not_young,2,2,2,0,2,3544,Mittleres Baumholz,Mittleres Baumholz_9,,1824.8,Obersaxen
3.6,8,prot_no_nat,not_young,2,2,2,0,2,3545,Mittleres Baumholz,Mittleres Baumholz_8,,1772.3,Obersaxen
1.9,8,prot_no_nat,not_young,2,2,2,0,2,3546,Mittleres Baumholz,Mittleres Baumholz_8,,1581.1,Obersaxen
0.8,8,prot_no_nat,not_young,2,2,2,0,2,3547,Stangenholz,Stangenholz_8,,1648.2,Obersaxen
1.9,8,prot_no_nat,not_young,2,2,2,0,2,3548,Mittleres Baumholz,Mittleres Baumholz_8,,1654.8,Obersaxen
3.1,8,prot_no_nat,not_young,2,2,2,0,2,3549,Mittleres Baumholz,Mittleres Baumholz_8,,1586.5,Obersaxen
4.0,8,prot_no_nat,not_young,2,2,2,0,2,3550,Schwaches Baumholz,Schwaches Baumholz_8,,1670.9,Obersaxen
1.3,8,prot_no_nat,not_young,2,2,2,0,2,3551,Schwaches Baumholz,Schwaches Baumholz_8,,1759.2,Obersaxen
5.2,8,prot_no_nat,not_young,2,2,2,0,2,3552,Mittleres Baumholz,Mittleres Baumholz_8,,1725.5,Obersaxen
3.5,8,prot_no_nat,not_young,2,2,2,0,2,3553,Schwaches Baumholz,Schwaches Baumholz_8,,1775.8,Obersaxen
2.6,9,prot_no_nat,not_young,2,2,2,0,2,3554,Starkes Baumholz,Starkes Baumholz_9,,1814.5,Obersaxen
1.4,9,prot_no_nat,not_young,2,2,2,0,2,3555,Schwaches Baumholz,Schwaches Baumholz_9,,1849.1,Obersaxen
0.7,8,prot_no_nat,not_young,2,2,2,0,2,3556,Mittleres Baumholz,Mittleres Baumholz_8,,1757.7,Obersaxen
0.6,8,prot_no_nat,not_young,2,2,2,0,2,3557,Mittleres Baumholz,Mittleres Baumholz_8,,1772.0,Obersaxen
1.1,8,prot_no_nat,not_young,2,2,2,0,2,3558,Mittleres Baumholz,Mittleres Baumholz_8,,1762.2,Obersaxen
1.0,8,prot_no_nat,not_young,2,2,2,0,2,3559,Stangenholz,Stangenholz_8,,1773.5,Obersaxen
0.7,9,prot_no_nat,not_young,2,2,2,0,2,3560,Schwaches Baumholz,Schwaches Baumholz_9,,1885.4,Obersaxen
0.9,8,prot_no_nat,not_young,2,2,2,0,2,3561,Schwaches Baumholz,Schwaches Baumholz_8,,1778.9,Obersaxen
4.5,8,prot_no_nat,not_young,2,2,2,0,2,3562,Starkes Baumholz,Starkes Baumholz_8,,1740.8,Obersaxen
1.6,9,prot_no_nat,not_young,2,2,2,0,2,3563,Schwaches Baumholz,Schwaches Baumholz_9,,1831.5,Obersaxen
1.4,9,prot_no_nat,not_young,2,2,2,0,2,3564,Mittleres Baumholz,Mittleres Baumholz_9,,1861.6,Obersaxen
1.4,9,prot_no_nat,not_young,2,2,2,0,2,3565,Mittleres Baumholz,Mittleres Baumholz_9,,1868.7,Obersaxen
1.8,9,res_prot,not_young,2,2,2,0,2,3566,Mittleres Baumholz,Mittleres Baumholz_9,,1842.0,Obersaxen
1.0,11,prot_no_nat,not_young,2,2,2,0,2,3567,Schwaches Baumholz,Schwaches Baumholz_11,,1590.1,Obersaxen
3.6,9,prot_no_nat,not_young,2,2,2,0,2,3568,Mittleres Baumholz,Mittleres Baumholz_9,,1853.3,Obersaxen
1.5,8,prot_no_nat,not_young,2,2,2,0,2,3569,Mittleres Baumholz,Mittleres Baumholz_8,,1774.6,Obersaxen
1.4,8,prot_no_nat,not_young,2,2,2,0,2,3570,Mittleres Baumholz,Mittleres Baumholz_8,,1833.7,Obersaxen
0.9,9,prot_no_nat,not_young,2,2,2,0,2,3571,Starkes Baumholz,Starkes Baumholz_9,,1880.9,Obersaxen
3.4,8,prot_no_nat,not_young,2,2,2,0,2,3572,Starkes Baumholz,Starkes Baumholz_8,,1721.4,Obersaxen
0.7,8,prot_no_nat,not_young,2,2,2,0,2,3573,Schwaches Baumholz,Schwaches Baumholz_8,,1726.4,Obersaxen
0.7,12,prot_no_nat,not_young,2,2,2,0,2,3574,Mittleres Baumholz,Mittleres Baumholz_12,,1620.0,Obersaxen
0.8,8,prot_no_nat,not_young,2,2,2,0,2,3575,Stangenholz,Stangenholz_8,,1675.0,Obersaxen
0.5,12,prot_no_nat,not_young,2,2,2,0,2,3576,Schwaches Baumholz,Schwaches Baumholz_12,,1596.5,Obersaxen
0.5,12,prot_no_nat,not_young,2,2,2,0,2,3577,Stangenholz,Stangenholz_12,,1633.2,Obersaxen
1.5,8,prot_no_nat,not_young,2,2,2,0,2,3578,Schwaches Baumholz,Schwaches Baumholz_8,,1756.5,Obersaxen
2.4,12,prot_no_nat,not_young,2,2,2,0,2,3579,Schwaches Baumholz,Schwaches Baumholz_12,,1637.9,Obersaxen
3.7,9,prot_no_nat,not_young,2,2,2,0,2,3580,Mittleres Baumholz,Mittleres Baumholz_9,,1870.9,Obersaxen
1.6,9,prot_no_nat,not_young,2,2,2,0,2,3581,Stangenholz,Stangenholz_9,,1846.2,Obersaxen
1.3,8,prot_no_nat,not_young,2,2,2,0,2,3582,Schwaches Baumholz,Schwaches Baumholz_8,,1761.3,Obersaxen
1.0,8,prot_no_nat,not_young,2,2,2,0,2,3583,Stangenholz,Stangenholz_8,,1822.2,Obersaxen
1.2,9,prot_no_nat,not_young,2,2,2,0,2,3584,Stangenholz,Stangenholz_9,,1869.8,Obersaxen
1.8,9,prot_no_nat,not_young,2,2,2,0,2,3585,Stangenholz,Stangenholz_9,,1857.7,Obersaxen
1.5,8,prot_no_nat,not_young,2,2,2,0,2,3586,Mittleres Baumholz,Mittleres Baumholz_8,,1686.8,Obersaxen
1.1,8,prot_no_nat,not_young,2,2,2,0,2,3587,Stangenholz,Stangenholz_8,,1715.3,Obersaxen
5.0,8,prot_no_nat,not_young,2,2,2,0,2,3588,Mittleres Baumholz,Mittleres Baumholz_8,,1795.8,Obersaxen
1.8,8,prot_no_nat,not_young,2,2,2,0,2,3589,Schwaches Baumholz,Schwaches Baumholz_8,,1704.6,Obersaxen
0.5,8,prot_no_nat,not_young,2,2,2,0,2,3590,Mittleres Baumholz,Mittleres Baumholz_8,,1792.9,Obersaxen
4.0,8,prot_no_nat,not_young,2,2,2,0,2,3591,Schwaches Baumholz,Schwaches Baumholz_8,,1780.3,Obersaxen
1.0,8,prot_no_nat,not_young,2,2,2,0,2,3592,Starkes Baumholz,Starkes Baumholz_8,,1784.7,Trun
0.7,8,prot_no_nat,not_young,2,2,2,0,2,3593,Starkes Baumholz,Starkes Baumholz_8,,1667.4,Trun
0.6,8,prot_no_nat,not_young,2,2,2,0,2,3594,Mittleres Baumholz,Mittleres Baumholz_8,,1834.5,Trun
0.7,8,prot_no_nat,not_young,2,2,2,0,2,3595,Starkes Baumholz,Starkes Baumholz_8,,1647.2,Trun
0.7,8,prot_no_nat,not_young,2,2,2,0,2,3596,Stangenholz,Stangenholz_8,,1614.6,Trun
1.6,12,prot_no_nat,not_young,2,2,2,0,2,3597,Starkes Baumholz,Starkes Baumholz_12,,1662.8,Trun
0.5,11,prot_no_nat,not_young,2,2,2,0,2,3598,Stangenholz,Stangenholz_11,,1043.9,Trun
1.4,12,prot_no_nat,not_young,2,2,2,0,2,3599,Stangenholz,Stangenholz_12,,1374.2,Trun
0.8,12,prot_no_nat,not_young,2,2,2,0,2,3600,Schwaches Baumholz,Schwaches Baumholz_12,,1267.0,Trun
1.3,11,prot_no_nat,not_young,2,2,2,0,2,3601,Stangenholz,Stangenholz_11,,1291.3,Schlans
1.7,11,prot_no_nat,not_young,2,2,2,0,2,3602,Stangenholz,Stangenholz_11,,1280.0,Schlans
0.9,11,prot_no_nat,not_young,2,2,2,0,2,3603,Mittleres Baumholz,Mittleres Baumholz_11,,1491.8,Schlans
2.4,8,prot_no_nat,not_young,2,2,2,0,2,3604,Schwaches Baumholz,Schwaches Baumholz_8,,1823.5,Trun
3.7,8,prot_no_nat,not_young,2,2,2,0,2,3605,Mittleres Baumholz,Mittleres Baumholz_8,,1730.9,Trun
3.5,8,prot_no_nat,not_young,2,2,2,0,2,3606,Stangenholz,Stangenholz_8,,1805.4,Trun
2.1,8,prot_no_nat,not_young,2,2,2,0,2,3607,Mittleres Baumholz,Mittleres Baumholz_8,,1676.5,Trun
0.5,8,prot_no_nat,not_young,2,2,2,0,2,3608,Mittleres Baumholz,Mittleres Baumholz_8,,1787.0,Trun
4.6,8,prot_no_nat,not_young,2,2,2,0,2,3609,Mittleres Baumholz,Mittleres Baumholz_8,,1736.8,Trun
1.5,8,prot_no_nat,not_young,2,2,2,0,2,3610,Schwaches Baumholz,Schwaches Baumholz_8,,1814.4,Trun
1.2,8,prot_no_nat,not_young,2,2,2,0,2,3611,Mittleres Baumholz,Mittleres Baumholz_8,,1845.3,Trun
0.8,8,prot_no_nat,not_young,2,2,2,0,2,3612,Schwaches Baumholz,Schwaches Baumholz_8,,1869.8,Trun
2.2,12,prot_no_nat,not_young,2,2,2,0,2,3613,Mittleres Baumholz,Mittleres Baumholz_12,,1572.4,Trun
1.3,12,prot_no_nat,not_young,2,2,2,0,2,3614,Stangenholz,Stangenholz_12,,1200.9,Trun
2.6,12,prot_no_nat,not_young,2,2,2,0,2,3615,Mittleres Baumholz,Mittleres Baumholz_12,,1347.6,Trun
0.9,12,prot_no_nat,not_young,2,2,2,0,2,3616,Stangenholz,Stangenholz_12,,1296.4,Trun
0.8,12,prot_no_nat,not_young,2,2,2,0,2,3617,Mittleres Baumholz,Mittleres Baumholz_12,,1398.4,Trun
0.7,11,prot_no_nat,not_young,2,2,2,0,2,3618,Schwaches Baumholz,Schwaches Baumholz_11,,1166.7,Schlans
1.1,11,prot_no_nat,not_young,2,2,2,0,2,3619,Stangenholz,Stangenholz_11,,1547.8,Zignau
1.8,9,prot_no_nat,not_young,2,2,2,0,2,3620,Starkes Baumholz,Starkes Baumholz_9,,1873.4,Trun
0.8,9,prot_no_nat,not_young,2,2,2,0,2,3621,Mittleres Baumholz,Mittleres Baumholz_9,,1842.9,Trun
0.9,9,prot_no_nat,not_young,2,2,2,0,2,3622,Mittleres Baumholz,Mittleres Baumholz_9,,1900.5,Trun
0.5,8,prot_no_nat,not_young,2,2,2,0,2,3623,Stangenholz,Stangenholz_8,,1748.7,Trun
0.5,12,prot_no_nat,not_young,2,2,2,0,2,3624,Mittleres Baumholz,Mittleres Baumholz_12,,1564.7,Trun
1.7,8,prot_no_nat,not_young,2,2,2,0,2,3625,Mittleres Baumholz,Mittleres Baumholz_8,,1646.9,Trun
0.9,8,prot_no_nat,not_young,2,2,2,0,2,3626,Starkes Baumholz,Starkes Baumholz_8,,1695.8,Trun
3.6,11,prot_no_nat,not_young,2,2,2,0,2,3627,Schwaches Baumholz,Schwaches Baumholz_11,,1377.8,Trun
1.5,8,prot_no_nat,not_young,2,2,2,0,2,3628,Schwaches Baumholz,Schwaches Baumholz_8,,1585.8,Trun
1.3,11,prot_no_nat,not_young,2,2,2,0,2,3629,Schwaches Baumholz,Schwaches Baumholz_11,,1270.0,Schlans
2.4,12,prot_no_nat,not_young,2,2,2,0,2,3630,Schwaches Baumholz,Schwaches Baumholz_12,,1448.4,Trun
3.8,8,res_prot,not_young,2,2,2,0,2,3631,Mittleres Baumholz,Mittleres Baumholz_8,,1694.5,Trun
0.8,12,res_prot,not_young,2,2,2,0,2,3632,Stangenholz,Stangenholz_12,,1461.9,Trun
0.7,12,prot_no_nat,not_young,2,2,2,0,2,3633,Mittleres Baumholz,Mittleres Baumholz_12,,1425.1,Trun
0.9,12,prot_no_nat,not_young,2,2,2,0,2,3634,Stangenholz,Stangenholz_12,,1380.0,Trun
1.1,11,prot_no_nat,not_young,2,2,2,0,2,3635,Mittleres Baumholz,Mittleres Baumholz_11,,1502.9,Schlans
1.8,11,prot_no_nat,not_young,2,2,2,0,2,3636,Stangenholz,Stangenholz_11,,1232.0,Trun
2.0,11,prot_no_nat,not_young,2,2,2,0,2,3637,Stangenholz,Stangenholz_11,,1361.5,Trun
2.2,11,prot_no_nat,not_young,2,2,2,0,2,3638,Mittleres Baumholz,Mittleres Baumholz_11,,1328.2,Trun
1.0,11,prot_no_nat,not_young,2,2,2,0,2,3639,Mittleres Baumholz,Mittleres Baumholz_11,,1312.2,Trun
0.5,11,prot_no_nat,not_young,2,2,2,0,2,3640,Mittleres Baumholz,Mittleres Baumholz_11,,1234.7,Trun
1.8,12,prot_no_nat,not_young,2,2,2,0,2,3641,Stangenholz,Stangenholz_12,,1634.0,Schlans
1.9,11,prot_no_nat,not_young,2,2,2,0,2,3642,Schwaches Baumholz,Schwaches Baumholz_11,,1098.0,Trun
1.8,11,prot_no_nat,not_young,2,2,2,0,2,3643,Starkes Baumholz,Starkes Baumholz_11,,1113.5,Trun
0.5,8,prot_no_nat,not_young,2,2,2,0,2,3644,Mittleres Baumholz,Mittleres Baumholz_8,,1718.8,Trun
1.1,8,prot_no_nat,not_young,2,2,2,0,2,3645,Starkes Baumholz,Starkes Baumholz_8,,1756.8,Trun
0.5,8,prot_no_nat,not_young,2,2,2,0,2,3646,Stangenholz,Stangenholz_8,,1846.7,Trun
0.5,11,prot_no_nat,not_young,2,2,2,0,2,3647,Schwaches Baumholz,Schwaches Baumholz_11,,1231.2,Trun
2.8,11,prot_no_nat,not_young,2,2,2,0,2,3648,Stangenholz,Stangenholz_11,,1228.2,Trun
1.0,12,prot_no_nat,not_young,2,2,2,0,2,3649,Stangenholz,Stangenholz_12,,1292.9,Trun
1.2,12,prot_no_nat,not_young,2,2,2,0,2,3650,Stangenholz,Stangenholz_12,,1447.1,Trun
0.8,12,prot_no_nat,not_young,2,2,2,0,2,3651,Stangenholz,Stangenholz_12,,1555.2,Trun
1.9,8,prot_no_nat,not_young,2,2,2,0,2,3652,Stangenholz,Stangenholz_8,,1734.3,Trun
0.5,11,prot_no_nat,not_young,2,2,2,0,2,3653,Starkes Baumholz,Starkes Baumholz_11,,1345.1,Schlans
1.7,8,prot_no_nat,not_young,2,2,2,0,2,3654,Stangenholz,Stangenholz_8,,1858.0,Trun
1.5,8,prot_no_nat,not_young,2,2,2,0,2,3655,Schwaches Baumholz,Schwaches Baumholz_8,,1772.1,Trun
0.9,11,prot_no_nat,not_young,2,2,2,0,2,3656,Schwaches Baumholz,Schwaches Baumholz_11,,1598.2,Zignau
0.8,11,prot_no_nat,not_young,2,2,2,0,2,3657,Schwaches Baumholz,Schwaches Baumholz_11,,1472.3,Trun
2.2,11,prot_no_nat,not_young,2,2,2,0,2,3658,Stangenholz,Stangenholz_11,,1390.1,Trun
1.0,11,prot_no_nat,not_young,2,2,2,0,2,3659,Schwaches Baumholz,Schwaches Baumholz_11,,1149.6,Trun
1.5,11,prot_no_nat,not_young,2,2,2,0,2,3660,Stangenholz,Stangenholz_11,,1259.2,Trun
1.0,11,prot_no_nat,not_young,2,2,2,0,2,3661,Stangenholz,Stangenholz_11,,1256.8,Trun
1.4,11,prot_no_nat,not_young,2,2,2,0,2,3662,Stangenholz,Stangenholz_11,,1331.1,Trun
2.1,11,prot_no_nat,not_young,2,2,2,0,2,3663,Schwaches Baumholz,Schwaches Baumholz_11,,931.9,Zignau
1.5,11,prot_no_nat,not_young,2,2,2,0,2,3664,Schwaches Baumholz,Schwaches Baumholz_11,,957.7,Zignau
5.6,11,prot_no_nat,not_young,2,2,2,0,2,3665,Stangenholz,Stangenholz_11,,1086.9,Trun
0.9,11,prot_no_nat,not_young,2,2,2,0,2,3666,Starkes Baumholz,Starkes Baumholz_11,,1159.5,Trun
0.7,11,prot_no_nat,not_young,2,2,2,0,2,3667,Schwaches Baumholz,Schwaches Baumholz_11,,1324.1,Trun
1.2,8,prot_no_nat,not_young,2,2,2,0,2,3668,Mittleres Baumholz,Mittleres Baumholz_8,,1671.1,Trun
0.6,12,prot_no_nat,not_young,2,2,2,0,2,3669,Mittleres Baumholz,Mittleres Baumholz_12,,1584.1,Trun
0.8,12,prot_no_nat,not_young,2,2,2,0,2,3670,Mittleres Baumholz,Mittleres Baumholz_12,,1622.2,Trun
5.1,8,prot_no_nat,not_young,2,2,2,0,2,3671,Stangenholz,Stangenholz_8,,1680.3,Schlans
1.5,11,prot_no_nat,not_young,2,2,2,0,2,3672,Mittleres Baumholz,Mittleres Baumholz_11,,1165.0,Trun
0.9,8,prot_no_nat,not_young,2,2,2,0,2,3673,Stangenholz,Stangenholz_8,,1867.8,Trun
1.7,8,prot_no_nat,not_young,2,2,2,0,2,3674,Starkes Baumholz,Starkes Baumholz_8,,1670.3,Trun
1.7,8,prot_no_nat,not_young,2,2,2,0,2,3675,Starkes Baumholz,Starkes Baumholz_8,,1710.9,Trun
1.1,8,prot_no_nat,not_young,2,2,2,0,2,3676,Schwaches Baumholz,Schwaches Baumholz_8,,1654.9,Trun
0.7,8,prot_no_nat,not_young,2,2,2,0,2,3677,Stangenholz,Stangenholz_8,,1647.2,Trun
5.4,8,prot_no_nat,not_young,2,2,2,0,2,3678,Mittleres Baumholz,Mittleres Baumholz_8,,1736.1,Trun
1.1,8,prot_no_nat,not_young,2,2,2,0,2,3679,Stangenholz,Stangenholz_8,,1588.7,Trun
1.2,12,prot_no_nat,not_young,2,2,2,0,2,3680,Schwaches Baumholz,Schwaches Baumholz_12,,1377.1,Trun
1.7,8,res_prot,not_young,2,2,2,0,2,3681,Starkes Baumholz,Starkes Baumholz_8,,1764.7,Trun
0.9,8,res_prot,not_young,2,2,2,0,2,3682,Stangenholz,Stangenholz_8,,1754.6,Trun
1.1,8,res_prot,not_young,2,2,2,0,2,3683,Mittleres Baumholz,Mittleres Baumholz_8,,1738.3,Trun
0.5,8,res_prot,not_young,2,2,2,0,2,3684,Mittleres Baumholz,Mittleres Baumholz_8,,1626.7,Trun
0.6,11,prot_no_nat,not_young,2,2,2,0,2,3685,Starkes Baumholz,Starkes Baumholz_11,,1553.0,Trun
2.2,12,prot_no_nat,not_young,2,2,2,0,2,3686,Mittleres Baumholz,Mittleres Baumholz_12,,1528.2,Zignau
1.1,12,prot_no_nat,not_young,2,2,2,0,2,3687,Schwaches Baumholz,Schwaches Baumholz_12,,1343.3,Trun
0.9,11,prot_no_nat,not_young,2,2,2,0,2,3688,Starkes Baumholz,Starkes Baumholz_11,,1232.0,Trun
0.6,12,prot_no_nat,not_young,2,2,2,0,2,3689,Starkes Baumholz,Starkes Baumholz_12,,1388.6,Trun
0.9,12,prot_no_nat,not_young,2,2,2,0,2,3690,Starkes Baumholz,Starkes Baumholz_12,,1229.6,Trun
2.2,11,prot_no_nat,not_young,2,2,2,0,2,3691,Schwaches Baumholz,Schwaches Baumholz_11,,1054.6,Trun
3.8,11,prot_no_nat,not_young,2,2,2,0,2,3692,Mittleres Baumholz,Mittleres Baumholz_11,,1241.8,Trun
1.2,11,prot_no_nat,not_young,2,2,2,0,2,3693,Schwaches Baumholz,Schwaches Baumholz_11,,1330.2,Trun
2.4,11,prot_no_nat,not_young,2,2,2,0,2,3694,Mittleres Baumholz,Mittleres Baumholz_11,,1295.4,Trun
1.3,8,prot_no_nat,not_young,2,2,2,0,2,3695,Stangenholz,Stangenholz_8,,1696.6,Schlans
0.7,12,prot_no_nat,not_young,2,2,2,0,2,3696,Stangenholz,Stangenholz_12,,1574.4,Trun
2.6,11,prot_no_nat,not_young,2,2,2,0,2,3697,Stangenholz,Stangenholz_11,,1138.4,Trun
9.1,11,prot_no_nat,not_young,2,2,2,0,2,3698,Schwaches Baumholz,Schwaches Baumholz_11,,1155.3,Zignau
1.0,11,prot_no_nat,not_young,2,2,2,0,2,3699,Schwaches Baumholz,Schwaches Baumholz_11,,1001.3,Zignau
2.0,5,prot_no_nat,not_young,2,2,2,0,2,3700,Stangenholz,Stangenholz_5,,812.3999999999999,Trun
0.7,5,prot_no_nat,not_young,2,2,2,0,2,3701,Stangenholz,Stangenholz_5,,815.7999999999998,Trun
5.5,11,prot_no_nat,not_young,2,2,2,0,2,3702,Starkes Baumholz,Starkes Baumholz_11,,1249.2,Zignau
1.9,12,prot_no_nat,not_young,2,2,2,0,2,3703,Stangenholz,Stangenholz_12,,1541.2,Trun
1.7,8,prot_no_nat,not_young,2,2,2,0,2,3704,Stangenholz,Stangenholz_8,,1646.2,Trun
1.5,12,prot_no_nat,not_young,2,2,2,0,2,3705,Mittleres Baumholz,Mittleres Baumholz_12,,1540.9,Trun
1.4,8,prot_no_nat,not_young,2,2,2,0,2,3706,Mittleres Baumholz,Mittleres Baumholz_8,,1645.2,Trun
1.3,8,prot_no_nat,not_young,2,2,2,0,2,3707,Mittleres Baumholz,Mittleres Baumholz_8,,1616.6,Trun
1.5,12,prot_no_nat,not_young,2,2,2,0,2,3708,Starkes Baumholz,Starkes Baumholz_12,,1642.8,Trun
2.5,8,prot_no_nat,not_young,2,2,2,0,2,3709,Mittleres Baumholz,Mittleres Baumholz_8,,1773.2,Schlans
0.7,8,prot_no_nat,not_young,2,2,2,0,2,3710,Starkes Baumholz,Starkes Baumholz_8,,1831.4,Trun
1.6,8,prot_no_nat,not_young,2,2,2,0,2,3711,Schwaches Baumholz,Schwaches Baumholz_8,,1805.2,Schlans
0.7,11,prot_no_nat,not_young,2,2,2,0,2,3712,Schwaches Baumholz,Schwaches Baumholz_11,,1153.7,Trun
0.6,11,prot_no_nat,not_young,2,2,2,0,2,3713,Stangenholz,Stangenholz_11,,1048.8,Trun
1.2,11,prot_no_nat,not_young,2,2,2,0,2,3714,Schwaches Baumholz,Schwaches Baumholz_11,,1114.2,Trun
1.4,12,prot_no_nat,not_young,2,2,2,0,2,3715,Stangenholz,Stangenholz_12,,1535.4,Schlans
1.2,11,prot_no_nat,not_young,2,2,2,0,2,3716,Mittleres Baumholz,Mittleres Baumholz_11,,1464.0,Zignau
2.4,11,prot_no_nat,not_young,2,2,2,0,2,3717,Stangenholz,Stangenholz_11,,1530.0,Zignau
1.2,11,prot_no_nat,not_young,2,2,2,0,2,3718,Mittleres Baumholz,Mittleres Baumholz_11,,1481.1,Zignau
0.9,8,res_prot,not_young,2,2,2,0,2,3719,Stangenholz,Stangenholz_8,,1659.8,Trun
0.6,11,prot_no_nat,not_young,2,2,2,0,2,3720,Mittleres Baumholz,Mittleres Baumholz_11,,1456.4,Schlans
2.9,11,prot_no_nat,not_young,2,2,2,0,2,3721,Starkes Baumholz,Starkes Baumholz_11,,1521.1,Schlans
2.7,11,prot_no_nat,not_young,2,2,2,0,2,3722,Mittleres Baumholz,Mittleres Baumholz_11,,1538.7,Schlans
1.4,11,prot_no_nat,not_young,2,2,2,0,2,3723,Starkes Baumholz,Starkes Baumholz_11,,1560.2,Schlans
0.5,12,prot_no_nat,not_young,2,2,2,0,2,3724,Stangenholz,Stangenholz_12,,1503.6,Trun
1.5,8,prot_no_nat,not_young,2,2,2,0,2,3725,Mittleres Baumholz,Mittleres Baumholz_8,,1708.8,Trun
0.7,8,prot_no_nat,not_young,2,2,2,0,2,3726,Mittleres Baumholz,Mittleres Baumholz_8,,1802.8,Trun
1.3,12,prot_no_nat,not_young,2,2,2,0,2,3727,Stangenholz,Stangenholz_12,,1595.2,Trun
1.7,12,prot_no_nat,not_young,2,2,2,0,2,3728,Stangenholz,Stangenholz_12,,1590.0,Schlans
2.0,11,prot_no_nat,not_young,2,2,2,0,2,3729,Starkes Baumholz,Starkes Baumholz_11,,1291.0,Schlans
4.6,8,prot_no_nat,not_young,2,2,2,0,2,3730,Mittleres Baumholz,Mittleres Baumholz_8,,1668.1,Schlans
0.7,8,prot_no_nat,not_young,2,2,2,0,2,3731,Mittleres Baumholz,Mittleres Baumholz_8,,1760.9,Trun
2.5,11,prot_no_nat,not_young,2,2,2,0,2,3732,Stangenholz,Stangenholz_11,,867.7,Trun
0.6,11,prot_no_nat,not_young,2,2,2,0,2,3733,Stangenholz,Stangenholz_11,,1360.1,Trun
2.3,11,prot_no_nat,not_young,2,2,2,0,2,3734,Starkes Baumholz,Starkes Baumholz_11,,1184.0,Trun
1.9,11,prot_no_nat,not_young,2,2,2,0,2,3735,Stangenholz,Stangenholz_11,,1191.6,Trun
2.9,11,prot_no_nat,not_young,2,2,2,0,2,3736,Stangenholz,Stangenholz_11,,1106.9,Trun
1.5,11,prot_no_nat,not_young,2,2,2,0,2,3737,Stangenholz,Stangenholz_11,,1300.0,Trun
1.8,11,prot_no_nat,not_young,2,2,2,0,2,3738,Mittleres Baumholz,Mittleres Baumholz_11,,1365.4,Trun
2.5,11,prot_no_nat,not_young,2,2,2,0,2,3739,Starkes Baumholz,Starkes Baumholz_11,,1337.0,Schlans
2.8,11,prot_no_nat,not_young,2,2,2,0,2,3740,Stangenholz,Stangenholz_11,,1381.3,Schlans
1.4,11,prot_no_nat,not_young,2,2,2,0,2,3741,Stangenholz,Stangenholz_11,,1204.1,Trun
0.5,11,prot_no_nat,not_young,2,2,2,0,2,3742,Stangenholz,Stangenholz_11,,1281.5,Zignau
0.9,11,prot_no_nat,not_young,2,2,2,0,2,3743,Schwaches Baumholz,Schwaches Baumholz_11,,1519.1,Zignau
2.7,11,prot_no_nat,not_young,2,2,2,0,2,3744,Stangenholz,Stangenholz_11,,1444.2,Zignau
1.2,11,prot_no_nat,not_young,2,2,2,0,2,3745,Mittleres Baumholz,Mittleres Baumholz_11,,1364.0,Zignau
1.9,11,prot_no_nat,not_young,2,2,2,0,2,3746,Schwaches Baumholz,Schwaches Baumholz_11,,1332.6,Zignau
0.8,11,prot_no_nat,not_young,2,2,2,0,2,3747,Starkes Baumholz,Starkes Baumholz_11,,1275.2,Zignau
1.6,11,prot_no_nat,not_young,2,2,2,0,2,3748,Stangenholz,Stangenholz_11,,1202.6,Zignau
3.3,11,prot_no_nat,not_young,2,2,2,0,2,3749,Mittleres Baumholz,Mittleres Baumholz_11,,1401.0,Zignau
1.4,11,prot_no_nat,not_young,2,2,2,0,2,3750,Mittleres Baumholz,Mittleres Baumholz_11,,1407.4,Zignau
0.6,11,prot_no_nat,not_young,2,2,2,0,2,3751,Starkes Baumholz,Starkes Baumholz_11,,1476.1,Zignau
2.0,11,prot_no_nat,not_young,2,2,2,0,2,3752,Stangenholz,Stangenholz_11,,1463.3,Zignau
3.2,12,prot_no_nat,not_young,2,2,2,0,2,3753,Starkes Baumholz,Starkes Baumholz_12,,1649.5,Schlans
1.1,12,prot_no_nat,not_young,2,2,2,0,2,3754,Mittleres Baumholz,Mittleres Baumholz_12,,1585.5,Schlans
2.5,12,prot_no_nat,not_young,2,2,2,0,2,3755,Mittleres Baumholz,Mittleres Baumholz_12,,1593.7,Schlans
1.1,8,prot_no_nat,not_young,2,2,2,0,2,3756,Mittleres Baumholz,Mittleres Baumholz_8,,1677.7,Schlans
1.7,8,prot_no_nat,not_young,2,2,2,0,2,3757,Schwaches Baumholz,Schwaches Baumholz_8,,1741.8,Schlans
0.9,12,prot_no_nat,not_young,2,2,2,0,2,3758,Schwaches Baumholz,Schwaches Baumholz_12,,1402.3,Trun
0.7,12,prot_no_nat,not_young,2,2,2,0,2,3759,Mittleres Baumholz,Mittleres Baumholz_12,,1443.1,Trun
1.5,8,prot_no_nat,not_young,2,2,2,0,2,3760,Mittleres Baumholz,Mittleres Baumholz_8,,1732.9,Trun
2.9,8,prot_no_nat,not_young,2,2,2,0,2,3761,Mittleres Baumholz,Mittleres Baumholz_8,,1803.3,Trun
1.6,9,prot_no_nat,not_young,2,2,2,0,2,3762,Mittleres Baumholz,Mittleres Baumholz_9,,1850.5,Trun
1.0,9,prot_no_nat,not_young,2,2,2,0,2,3763,Mittleres Baumholz,Mittleres Baumholz_9,,1864.9,Trun
0.7,9,prot_no_nat,not_young,2,2,2,0,2,3764,Mittleres Baumholz,Mittleres Baumholz_9,,1887.2,Trun
1.1,11,prot_no_nat,not_young,2,2,2,0,2,3765,Mittleres Baumholz,Mittleres Baumholz_11,,1335.4,Schlans
1.6,11,prot_no_nat,not_young,2,2,2,0,2,3766,Mittleres Baumholz,Mittleres Baumholz_11,,1477.4,Schlans
0.8,11,prot_no_nat,not_young,2,2,2,0,2,3767,Schwaches Baumholz,Schwaches Baumholz_11,,1278.8,Schlans
0.5,11,prot_no_nat,not_young,2,2,2,0,2,3768,Stangenholz,Stangenholz_11,,1318.3,Schlans
1.6,11,prot_no_nat,not_young,2,2,2,0,2,3769,Starkes Baumholz,Starkes Baumholz_11,,1342.2,Schlans
0.5,11,prot_no_nat,not_young,2,2,2,0,2,3770,Mittleres Baumholz,Mittleres Baumholz_11,,1349.9,Schlans
0.8,11,prot_no_nat,not_young,2,2,2,0,2,3771,Starkes Baumholz,Starkes Baumholz_11,,1250.1,Schlans
0.7,11,prot_no_nat,not_young,2,2,2,0,2,3772,Schwaches Baumholz,Schwaches Baumholz_11,,1261.5,Schlans
0.6,11,prot_no_nat,not_young,2,2,2,0,2,3773,Starkes Baumholz,Starkes Baumholz_11,,1348.0,Schlans
0.5,11,prot_no_nat,not_young,2,2,2,0,2,3774,Stangenholz,Stangenholz_11,,866.0,Trun
0.5,11,prot_no_nat,not_young,2,2,2,0,2,3775,Mittleres Baumholz,Mittleres Baumholz_11,,1143.2,Trun
1.1,11,prot_no_nat,not_young,2,2,2,0,2,3776,Mittleres Baumholz,Mittleres Baumholz_11,,1334.8,Trun
1.1,11,prot_no_nat,not_young,2,2,2,0,2,3777,Starkes Baumholz,Starkes Baumholz_11,,1270.5,Trun
0.8,11,prot_no_nat,not_young,2,2,2,0,2,3778,Stangenholz,Stangenholz_11,,1128.4,Trun
0.8,11,prot_no_nat,not_young,2,2,2,0,2,3779,Stangenholz,Stangenholz_11,,1168.0,Trun
4.0,11,prot_no_nat,not_young,2,2,2,0,2,3780,Starkes Baumholz,Starkes Baumholz_11,,1190.0,Trun
0.9,11,prot_no_nat,not_young,2,2,2,0,2,3781,Stangenholz,Stangenholz_11,,1198.2,Trun
0.5,11,prot_no_nat,not_young,2,2,2,0,2,3782,Schwaches Baumholz,Schwaches Baumholz_11,,1097.3,Rabius
2.7,12,prot_no_nat,not_young,2,2,2,0,2,3783,Mittleres Baumholz,Mittleres Baumholz_12,,1641.3,Schlans
0.6,11,prot_no_nat,not_young,2,2,2,0,2,3784,Mittleres Baumholz,Mittleres Baumholz_11,,1398.2,Schlans
1.2,11,prot_no_nat,not_young,2,2,2,0,2,3785,Stangenholz,Stangenholz_11,,1350.5,Schlans
1.4,11,prot_no_nat,not_young,2,2,2,0,2,3786,Schwaches Baumholz,Schwaches Baumholz_11,,1433.9,Schlans
2.0,11,prot_no_nat,not_young,2,2,2,0,2,3787,Starkes Baumholz,Starkes Baumholz_11,,1272.1,Trun
4.1,11,prot_no_nat,not_young,2,2,2,0,2,3788,Stangenholz,Stangenholz_11,,936.9,Trun
1.4,11,prot_no_nat,not_young,2,2,2,0,2,3789,Stangenholz,Stangenholz_11,,1351.1,Zignau
0.5,11,prot_no_nat,not_young,2,2,2,0,2,3790,Stangenholz,Stangenholz_11,,1375.0,Zignau
0.5,11,prot_no_nat,not_young,2,2,2,0,2,3791,Mittleres Baumholz,Mittleres Baumholz_11,,1348.4,Zignau
1.3,11,prot_no_nat,not_young,2,2,2,0,2,3792,Stangenholz,Stangenholz_11,,1180.7,Zignau
1.9,11,prot_no_nat,not_young,2,2,2,0,2,3793,Stangenholz,Stangenholz_11,,1520.3,Zignau
0.5,11,prot_no_nat,not_young,2,2,2,0,2,3794,Starkes Baumholz,Starkes Baumholz_11,,1455.9,Zignau
0.5,11,prot_no_nat,not_young,2,2,2,0,2,3795,Starkes Baumholz,Starkes Baumholz_11,,1497.7,Zignau
0.9,11,prot_no_nat,not_young,2,2,2,0,2,3796,Starkes Baumholz,Starkes Baumholz_11,,1387.3,Zignau
1.5,11,prot_no_nat,not_young,2,2,2,0,2,3797,Mittleres Baumholz,Mittleres Baumholz_11,,1443.0,Zignau
0.6,11,prot_no_nat,not_young,2,2,2,0,2,3798,Mittleres Baumholz,Mittleres Baumholz_11,,1185.2,Trun
0.7,11,prot_no_nat,not_young,2,2,2,0,2,3799,Stangenholz,Stangenholz_11,,1299.2,Trun
1.1,12,prot_no_nat,not_young,2,2,2,0,2,3800,Mittleres Baumholz,Mittleres Baumholz_12,,1458.5,Trun
0.5,11,prot_no_nat,not_young,2,2,2,0,2,3801,Schwaches Baumholz,Schwaches Baumholz_11,,838.8999999999999,Trun
1.5,11,prot_no_nat,not_young,2,2,2,0,2,3802,Starkes Baumholz,Starkes Baumholz_11,,881.1,Trun
0.7,11,prot_no_nat,not_young,2,2,2,0,2,3803,Mittleres Baumholz,Mittleres Baumholz_11,,885.7,Trun
1.0,11,prot_no_nat,not_young,2,2,2,0,2,3804,Mittleres Baumholz,Mittleres Baumholz_11,,1329.8,Trun
0.7,11,prot_no_nat,not_young,2,2,2,0,2,3805,Schwaches Baumholz,Schwaches Baumholz_11,,1356.5,Trun
0.7,11,prot_no_nat,not_young,2,2,2,0,2,3806,Mittleres Baumholz,Mittleres Baumholz_11,,1410.7,Trun
1.1,11,prot_no_nat,not_young,2,2,2,0,2,3807,Stangenholz,Stangenholz_11,,1200.0,Trun
1.2,11,prot_no_nat,not_young,2,2,2,0,2,3808,Stangenholz,Stangenholz_11,,1381.8,Schlans
0.7,11,prot_no_nat,not_young,2,2,2,0,2,3809,Stangenholz,Stangenholz_11,,1253.9,Schlans
1.3,11,prot_no_nat,not_young,2,2,2,0,2,3810,Stangenholz,Stangenholz_11,,1276.9,Schlans
0.6,11,prot_no_nat,not_young,2,2,2,0,2,3811,Starkes Baumholz,Starkes Baumholz_11,,1434.7,Schlans
5.1,11,prot_no_nat,not_young,2,2,2,0,2,3812,Stangenholz,Stangenholz_11,,1206.6,Schlans
0.5,11,prot_no_nat,not_young,2,2,2,0,2,3813,Mittleres Baumholz,Mittleres Baumholz_11,,1197.2,Schlans
1.2,11,prot_no_nat,not_young,2,2,2,0,2,3814,Schwaches Baumholz,Schwaches Baumholz_11,,1105.9,Rabius
0.8,11,prot_no_nat,not_young,2,2,2,0,2,3815,Schwaches Baumholz,Schwaches Baumholz_11,,1059.2,Trun
2.9,11,prot_no_nat,not_young,2,2,2,0,2,3816,Mittleres Baumholz,Mittleres Baumholz_11,,1107.5,Trun
0.9,11,prot_no_nat,not_young,2,2,2,0,2,3817,Starkes Baumholz,Starkes Baumholz_11,,1144.3,Trun
2.0,11,prot_no_nat,not_young,2,2,2,0,2,3818,Mittleres Baumholz,Mittleres Baumholz_11,,1143.5,Trun
1.2,11,prot_no_nat,not_young,2,2,2,0,2,3819,Mittleres Baumholz,Mittleres Baumholz_11,,1142.8,Trun
1.0,12,prot_no_nat,not_young,2,2,2,0,2,3820,Schwaches Baumholz,Schwaches Baumholz_12,,1305.5,Trun
0.6,12,prot_no_nat,not_young,2,2,2,0,2,3821,Schwaches Baumholz,Schwaches Baumholz_12,,1285.1,Trun
2.1,11,prot_no_nat,not_young,2,2,2,0,2,3822,Stangenholz,Stangenholz_11,,1093.3,Trun
0.8,11,prot_no_nat,not_young,2,2,2,0,2,3823,Stangenholz,Stangenholz_11,,1156.6,Trun
0.8,11,prot_no_nat,not_young,2,2,2,0,2,3824,Schwaches Baumholz,Schwaches Baumholz_11,,827.7999999999998,Trun
0.5,11,prot_no_nat,not_young,2,2,2,0,2,3825,Schwaches Baumholz,Schwaches Baumholz_11,,830.8999999999999,Trun
0.6,11,prot_no_nat,not_young,2,2,2,0,2,3826,Mittleres Baumholz,Mittleres Baumholz_11,,1195.7,Trun
1.0,8,prot_no_nat,not_young,2,2,2,0,2,3827,Mittleres Baumholz,Mittleres Baumholz_8,,1580.0,Trun
0.5,8,prot_no_nat,not_young,2,2,2,0,2,3828,Schwaches Baumholz,Schwaches Baumholz_8,,1600.6,Trun
0.8,8,prot_no_nat,not_young,2,2,2,0,2,3829,Stangenholz,Stangenholz_8,,1585.3,Trun
1.7,8,prot_no_nat,not_young,2,2,2,0,2,3830,Mittleres Baumholz,Mittleres Baumholz_8,,1680.0,Trun
2.3,11,prot_no_nat,not_young,2,2,2,0,2,3831,Schwaches Baumholz,Schwaches Baumholz_11,,1363.2,Trun
0.8,11,prot_no_nat,not_young,2,2,2,0,2,3832,Schwaches Baumholz,Schwaches Baumholz_11,,1433.3,Trun
1.4,11,prot_no_nat,not_young,2,2,2,0,2,3833,Schwaches Baumholz,Schwaches Baumholz_11,,941.2,Zignau
1.8,11,prot_no_nat,not_young,2,2,2,0,2,3834,Mittleres Baumholz,Mittleres Baumholz_11,,1063.6,Zignau
0.9,11,prot_no_nat,not_young,2,2,2,0,2,3835,Stangenholz,Stangenholz_11,,887.2,Trun
0.6,11,prot_no_nat,not_young,2,2,2,0,2,3836,Schwaches Baumholz,Schwaches Baumholz_11,,1458.7,Trun
1.2,11,prot_no_nat,not_young,2,2,2,0,2,3837,Stangenholz,Stangenholz_11,,1331.2,Trun
0.5,11,prot_no_nat,not_young,2,2,2,0,2,3838,Starkes Baumholz,Starkes Baumholz_11,,1440.2,Schlans
1.7,11,prot_no_nat,not_young,2,2,2,0,2,3839,Mittleres Baumholz,Mittleres Baumholz_11,,1550.1,Schlans
2.0,11,prot_no_nat,not_young,2,2,2,0,2,3840,Starkes Baumholz,Starkes Baumholz_11,,1498.9,Schlans
1.7,11,prot_no_nat,not_young,2,2,2,0,2,3841,Starkes Baumholz,Starkes Baumholz_11,,1595.1,Schlans
0.7,11,prot_no_nat,not_young,2,2,2,0,2,3842,Starkes Baumholz,Starkes Baumholz_11,,1572.5,Schlans
1.2,11,prot_no_nat,not_young,2,2,2,0,2,3843,Starkes Baumholz,Starkes Baumholz_11,,1598.6,Schlans
0.5,11,prot_no_nat,not_young,2,2,2,0,2,3844,Starkes Baumholz,Starkes Baumholz_11,,1555.7,Schlans
0.8,11,prot_no_nat,not_young,2,2,2,0,2,3845,Starkes Baumholz,Starkes Baumholz_11,,1588.2,Schlans
1.0,12,prot_no_nat,not_young,2,2,2,0,2,3846,Mittleres Baumholz,Mittleres Baumholz_12,,1634.6,Schlans
2.0,12,prot_no_nat,not_young,2,2,2,0,2,3847,Mittleres Baumholz,Mittleres Baumholz_12,,1455.5,Trun
0.7,12,prot_no_nat,not_young,2,2,2,0,2,3848,Schwaches Baumholz,Schwaches Baumholz_12,,1452.1,Trun
2.2,12,prot_no_nat,not_young,2,2,2,0,2,3849,Mittleres Baumholz,Mittleres Baumholz_12,,1463.3,Trun
1.3,12,prot_no_nat,not_young,2,2,2,0,2,3850,Mittleres Baumholz,Mittleres Baumholz_12,,1575.7,Trun
3.4,8,prot_no_nat,not_young,2,2,2,0,2,3851,Starkes Baumholz,Starkes Baumholz_8,,1706.1,Trun
2.5,8,prot_no_nat,not_young,2,2,2,0,2,3852,Mittleres Baumholz,Mittleres Baumholz_8,,1835.4,Schlans
0.5,12,prot_no_nat,not_young,2,2,2,0,2,3853,Mittleres Baumholz,Mittleres Baumholz_12,,1616.4,Schlans
0.6,12,prot_no_nat,not_young,2,2,2,0,2,3854,Starkes Baumholz,Starkes Baumholz_12,,1600.6,Schlans
0.9,8,prot_no_nat,not_young,2,2,2,0,2,3855,Mittleres Baumholz,Mittleres Baumholz_8,,1724.3,Schlans
0.7,11,prot_no_nat,not_young,2,2,2,0,2,3856,Mittleres Baumholz,Mittleres Baumholz_11,,1559.7,Schlans
1.6,11,prot_no_nat,not_young,2,2,2,0,2,3857,Mittleres Baumholz,Mittleres Baumholz_11,,1566.5,Schlans
2.2,11,prot_no_nat,not_young,2,2,2,0,2,3858,Mittleres Baumholz,Mittleres Baumholz_11,,926.2,Zignau
0.9,11,prot_no_nat,not_young,2,2,2,0,2,3859,Schwaches Baumholz,Schwaches Baumholz_11,,1032.3,Zignau
3.5,11,prot_no_nat,not_young,2,2,2,0,2,3860,Stangenholz,Stangenholz_11,,891.3999999999999,Trun
1.3,11,prot_no_nat,not_young,2,2,2,0,2,3861,Starkes Baumholz,Starkes Baumholz_11,,1023.1,Zignau
1.5,11,prot_no_nat,not_young,2,2,2,0,2,3862,Starkes Baumholz,Starkes Baumholz_11,,1467.4,Zignau
2.4,11,prot_no_nat,not_young,2,2,2,0,2,3863,Schwaches Baumholz,Schwaches Baumholz_11,,1552.9,Zignau
1.5,11,prot_no_nat,not_young,2,2,2,0,2,3864,Starkes Baumholz,Starkes Baumholz_11,,1519.1,Zignau
1.3,11,prot_no_nat,not_young,2,2,2,0,2,3865,Starkes Baumholz,Starkes Baumholz_11,,1541.9,Zignau
2.6,11,prot_no_nat,not_young,2,2,2,0,2,3866,Mittleres Baumholz,Mittleres Baumholz_11,,1513.9,Zignau
0.6,8,prot_no_nat,not_young,2,2,2,0,2,3867,Mittleres Baumholz,Mittleres Baumholz_8,,1741.4,Trun
1.3,12,prot_no_nat,not_young,2,2,2,0,2,3868,Mittleres Baumholz,Mittleres Baumholz_12,,1617.8,Trun
0.5,11,prot_no_nat,not_young,2,2,2,0,2,3869,Mittleres Baumholz,Mittleres Baumholz_11,,1535.9,Trun
1.4,11,prot_no_nat,not_young,2,2,2,0,2,3870,Stangenholz,Stangenholz_11,,1006.4,Trun
1.1,11,prot_no_nat,not_young,2,2,2,0,2,3871,Schwaches Baumholz,Schwaches Baumholz_11,,987.9,Trun
1.2,8,prot_no_nat,not_young,2,2,2,0,2,3872,Mittleres Baumholz,Mittleres Baumholz_8,,1698.1,Schlans
0.5,11,prot_no_nat,not_young,2,2,2,0,2,3873,Starkes Baumholz,Starkes Baumholz_11,,1491.7,Schlans
0.6,11,prot_no_nat,not_young,2,2,2,0,2,3874,Starkes Baumholz,Starkes Baumholz_11,,1383.5,Schlans
0.7,11,prot_no_nat,not_young,2,2,2,0,2,3875,Schwaches Baumholz,Schwaches Baumholz_11,,1353.1,Schlans
1.8,11,prot_no_nat,not_young,2,2,2,0,2,3876,Stangenholz,Stangenholz_11,,1364.2,Schlans
0.7,11,prot_no_nat,not_young,2,2,2,0,2,3877,Stangenholz,Stangenholz_11,,1311.5,Schlans
2.1,11,prot_no_nat,not_young,2,2,2,0,2,3878,Stangenholz,Stangenholz_11,,1544.5,Schlans
0.5,8,prot_no_nat,not_young,2,2,2,0,2,3879,Stangenholz,Stangenholz_8,,1749.2,Trun
0.7,8,prot_no_nat,not_young,2,2,2,0,2,3880,Schwaches Baumholz,Schwaches Baumholz_8,,1673.0,Trun
1.5,12,prot_no_nat,not_young,2,2,2,0,2,3881,Mittleres Baumholz,Mittleres Baumholz_12,,1380.9,Trun
0.7,12,prot_no_nat,not_young,2,2,2,0,2,3882,Schwaches Baumholz,Schwaches Baumholz_12,,1329.5,Trun
1.8,12,prot_no_nat,not_young,2,2,2,0,2,3883,Schwaches Baumholz,Schwaches Baumholz_12,,1410.6,Trun
0.5,12,prot_no_nat,not_young,2,2,2,0,2,3884,Stangenholz,Stangenholz_12,,1645.0,Schlans
2.4,8,prot_no_nat,not_young,2,2,2,0,2,3885,Starkes Baumholz,Starkes Baumholz_8,,1764.6,Schlans
1.3,8,prot_no_nat,not_young,2,2,2,0,2,3886,Mittleres Baumholz,Mittleres Baumholz_8,,1689.6,Schlans
1.0,8,prot_no_nat,not_young,2,2,2,0,2,3887,Mittleres Baumholz,Mittleres Baumholz_8,,1891.3,Schlans
1.0,11,prot_no_nat,not_young,2,2,2,0,2,3888,Schwaches Baumholz,Schwaches Baumholz_11,,1520.8,Trun
0.6,11,prot_no_nat,not_young,2,2,2,0,2,3889,Mittleres Baumholz,Mittleres Baumholz_11,,1540.8,Trun
0.8,12,prot_no_nat,not_young,2,2,2,0,2,3890,Schwaches Baumholz,Schwaches Baumholz_12,,1585.6,Trun
0.6,12,prot_no_nat,not_young,2,2,2,0,2,3891,Schwaches Baumholz,Schwaches Baumholz_12,,1567.6,Trun
1.7,12,prot_no_nat,not_young,2,2,2,0,2,3892,Mittleres Baumholz,Mittleres Baumholz_12,,1600.8,Trun
0.6,12,prot_no_nat,not_young,2,2,2,0,2,3893,Schwaches Baumholz,Schwaches Baumholz_12,,1548.1,Trun
0.6,12,prot_no_nat,not_young,2,2,2,0,2,3894,Schwaches Baumholz,Schwaches Baumholz_12,,1578.1,Trun
0.9,8,prot_no_nat,not_young,2,2,2,0,2,3895,Schwaches Baumholz,Schwaches Baumholz_8,,1687.5,Trun
0.7,8,prot_no_nat,not_young,2,2,2,0,2,3896,Schwaches Baumholz,Schwaches Baumholz_8,,1747.5,Trun
0.8,12,prot_no_nat,not_young,2,2,2,0,2,3897,Schwaches Baumholz,Schwaches Baumholz_12,,1625.9,Trun
1.3,11,prot_no_nat,not_young,2,2,2,0,2,3898,Mittleres Baumholz,Mittleres Baumholz_11,,1558.3,Trun
1.7,11,prot_no_nat,not_young,2,2,2,0,2,3899,Stangenholz,Stangenholz_11,,1044.8,Trun
0.6,12,prot_no_nat,not_young,2,2,2,0,2,3900,Stangenholz,Stangenholz_12,,1360.9,Trun
1.1,11,prot_no_nat,not_young,2,2,2,0,2,3901,Mittleres Baumholz,Mittleres Baumholz_11,,1359.3,Trun
0.5,12,prot_no_nat,not_young,2,2,2,0,2,3902,Stangenholz,Stangenholz_12,,1655.6,Schlans
1.0,12,prot_no_nat,not_young,2,2,2,0,2,3903,Stangenholz,Stangenholz_12,,1646.0,Schlans
0.7,8,prot_no_nat,not_young,2,2,2,0,2,3904,Mittleres Baumholz,Mittleres Baumholz_8,,1707.7,Schlans
1.3,8,prot_no_nat,not_young,2,2,2,0,2,3905,Mittleres Baumholz,Mittleres Baumholz_8,,1676.3,Schlans
0.9,8,prot_no_nat,not_young,2,2,2,0,2,3906,Mittleres Baumholz,Mittleres Baumholz_8,,1730.2,Schlans
0.8,8,prot_no_nat,not_young,2,2,2,0,2,3907,Stangenholz,Stangenholz_8,,1696.8,Schlans
1.9,8,prot_no_nat,not_young,2,2,2,0,2,3908,Mittleres Baumholz,Mittleres Baumholz_8,,1715.6,Schlans
1.1,11,prot_no_nat,not_young,2,2,2,0,2,3909,Schwaches Baumholz,Schwaches Baumholz_11,,980.1,Zignau
0.8,8,prot_no_nat,not_young,2,2,2,0,2,3910,Mittleres Baumholz,Mittleres Baumholz_8,,1765.6,Trun
1.0,8,prot_no_nat,not_young,2,2,2,0,2,3911,Mittleres Baumholz,Mittleres Baumholz_8,,1733.7,Trun
2.5,8,prot_no_nat,not_young,2,2,2,0,2,3912,Stangenholz,Stangenholz_8,,1794.0,Trun
0.6,11,prot_no_nat,not_young,2,2,2,0,2,3913,Mittleres Baumholz,Mittleres Baumholz_11,,1458.0,Schlans
1.2,11,prot_no_nat,not_young,2,2,2,0,2,3914,Stangenholz,Stangenholz_11,,1234.7,Schlans
1.4,11,prot_no_nat,not_young,2,2,2,0,2,3915,Stangenholz,Stangenholz_11,,1453.3,Schlans
0.6,11,prot_no_nat,not_young,2,2,2,0,2,3916,Schwaches Baumholz,Schwaches Baumholz_11,,1422.5,Trun
1.2,11,prot_no_nat,not_young,2,2,2,0,2,3917,Stangenholz,Stangenholz_11,,1460.6,Trun
0.5,11,prot_no_nat,not_young,2,2,2,0,2,3918,Stangenholz,Stangenholz_11,,1487.2,Trun
4.0,11,prot_no_nat,not_young,2,2,2,0,2,3919,Mittleres Baumholz,Mittleres Baumholz_11,,1546.1,Trun
1.0,11,prot_no_nat,not_young,2,2,2,0,2,3920,Mittleres Baumholz,Mittleres Baumholz_11,,1442.8,Trun
0.9,11,prot_no_nat,not_young,2,2,2,0,2,3921,Stangenholz,Stangenholz_11,,1458.3,Trun
0.5,11,prot_no_nat,not_young,2,2,2,0,2,3922,Schwaches Baumholz,Schwaches Baumholz_11,,1412.2,Trun
1.8,12,prot_no_nat,not_young,2,2,2,0,2,3923,Stangenholz,Stangenholz_12,,1400.3,Trun
1.4,11,prot_no_nat,not_young,2,2,2,0,2,3924,Mittleres Baumholz,Mittleres Baumholz_11,,1126.5,Trun
1.3,11,prot_no_nat,not_young,2,2,2,0,2,3925,Starkes Baumholz,Starkes Baumholz_11,,1255.8,Trun
0.7,11,prot_no_nat,not_young,2,2,2,0,2,3926,Stangenholz,Stangenholz_11,,849.1,Trun
1.1,11,prot_no_nat,not_young,2,2,2,0,2,3927,Stangenholz,Stangenholz_11,,844.1,Trun
3.1,11,prot_no_nat,not_young,2,2,2,0,2,3928,Schwaches Baumholz,Schwaches Baumholz_11,,952.7,Trun
1.8,12,prot_no_nat,not_young,2,2,2,0,2,3929,Mittleres Baumholz,Mittleres Baumholz_12,,1662.7,Schlans
0.5,8,prot_no_nat,not_young,2,2,2,0,2,3930,Mittleres Baumholz,Mittleres Baumholz_8,,1700.6,Schlans
3.1,8,prot_no_nat,not_young,2,2,2,0,2,3931,Stangenholz,Stangenholz_8,,1779.7,Schlans
2.3,12,prot_no_nat,not_young,2,2,2,0,2,3932,Stangenholz,Stangenholz_12,,1661.3,Schlans
0.7,8,prot_no_nat,not_young,2,2,2,0,2,3933,Mittleres Baumholz,Mittleres Baumholz_8,,1824.0,Schlans
1.3,8,prot_no_nat,not_young,2,2,2,0,2,3934,Starkes Baumholz,Starkes Baumholz_8,,1731.3,Schlans
1.2,5,prot_no_nat,not_young,2,2,2,0,2,3935,Schwaches Baumholz,Schwaches Baumholz_5,,1939.0,Trun
4.5,12,prot_no_nat,not_young,2,2,2,0,2,3936,Schwaches Baumholz,Schwaches Baumholz_12,,1555.2,Trun
3.7,12,prot_no_nat,not_young,2,2,2,0,2,3937,Starkes Baumholz,Starkes Baumholz_12,,1552.5,Trun
1.9,12,prot_no_nat,not_young,2,2,2,0,2,3938,Stangenholz,Stangenholz_12,,1389.1,Trun
0.5,12,prot_no_nat,not_young,2,2,2,0,2,3939,Starkes Baumholz,Starkes Baumholz_12,,1457.7,Trun
0.6,11,prot_no_nat,not_young,2,2,2,0,2,3940,Stangenholz,Stangenholz_11,,1566.5,Trun
1.4,11,prot_no_nat,not_young,2,2,2,0,2,3941,Mittleres Baumholz,Mittleres Baumholz_11,,1330.1,Trun
0.5,11,prot_no_nat,not_young,2,2,2,0,2,3942,Schwaches Baumholz,Schwaches Baumholz_11,,913.6,Trun
1.6,12,prot_no_nat,not_young,2,2,2,0,2,3943,Stangenholz,Stangenholz_12,,1158.9,Trun
1.3,11,prot_no_nat,not_young,2,2,2,0,2,3944,Schwaches Baumholz,Schwaches Baumholz_11,,1139.5,Trun
1.7,11,prot_no_nat,not_young,2,2,2,0,2,3945,Mittleres Baumholz,Mittleres Baumholz_11,,1245.5,Trun
6.3,8,prot_no_nat,not_young,2,2,2,0,2,3946,Schwaches Baumholz,Schwaches Baumholz_8,,1674.8,Trun
1.4,11,prot_no_nat,not_young,2,2,2,0,2,3947,Schwaches Baumholz,Schwaches Baumholz_11,,1355.7,Trun
0.5,11,prot_no_nat,not_young,2,2,2,0,2,3948,Mittleres Baumholz,Mittleres Baumholz_11,,1344.5,Trun
0.5,11,prot_no_nat,not_young,2,2,2,0,2,3949,Schwaches Baumholz,Schwaches Baumholz_11,,1395.2,Trun
0.8,11,prot_no_nat,not_young,2,2,2,0,2,3950,Schwaches Baumholz,Schwaches Baumholz_11,,1491.1,Trun
0.8,11,prot_no_nat,not_young,2,2,2,0,2,3951,Mittleres Baumholz,Mittleres Baumholz_11,,1489.2,Trun
0.6,11,prot_no_nat,not_young,2,2,2,0,2,3952,Starkes Baumholz,Starkes Baumholz_11,,1428.5,Trun
0.8,12,prot_no_nat,not_young,2,2,2,0,2,3953,Stangenholz,Stangenholz_12,,1463.2,Trun
0.5,12,prot_no_nat,not_young,2,2,2,0,2,3954,Starkes Baumholz,Starkes Baumholz_12,,1466.7,Trun
0.7,11,prot_no_nat,not_young,2,2,2,0,2,3955,Mittleres Baumholz,Mittleres Baumholz_11,,1460.6,Trun
0.7,12,prot_no_nat,not_young,2,2,2,0,2,3956,Schwaches Baumholz,Schwaches Baumholz_12,,1509.7,Trun
0.7,12,prot_no_nat,not_young,2,2,2,0,2,3957,Schwaches Baumholz,Schwaches Baumholz_12,,1523.4,Trun
1.5,11,prot_no_nat,not_young,2,2,2,0,2,3958,Stangenholz,Stangenholz_11,,993.5,Trun
1.2,11,prot_no_nat,not_young,2,2,2,0,2,3959,Schwaches Baumholz,Schwaches Baumholz_11,,973.6,Trun
2.7,11,prot_no_nat,not_young,2,2,2,0,2,3960,Stangenholz,Stangenholz_11,,999.5,Trun
2.3,11,prot_no_nat,not_young,2,2,2,0,2,3961,Stangenholz,Stangenholz_11,,1121.6,Trun
0.6,11,prot_no_nat,not_young,2,2,2,0,2,3962,Stangenholz,Stangenholz_11,,974.9,Trun
2.3,11,prot_no_nat,not_young,2,2,2,0,2,3963,Schwaches Baumholz,Schwaches Baumholz_11,,976.0,Trun
1.5,11,prot_no_nat,not_young,2,2,2,0,2,3964,Stangenholz,Stangenholz_11,,971.7,Trun
0.9,11,prot_no_nat,not_young,2,2,2,0,2,3965,Schwaches Baumholz,Schwaches Baumholz_11,,913.3,Trun
1.2,11,prot_no_nat,not_young,2,2,2,0,2,3966,Schwaches Baumholz,Schwaches Baumholz_11,,996.5,Trun
1.5,5,prot_no_nat,not_young,2,2,2,0,2,3967,Stangenholz,Stangenholz_5,,2035.4,Trun
0.8,11,prot_no_nat,not_young,2,2,2,0,2,3968,Stangenholz,Stangenholz_11,,1155.2,Schlans
2.2,11,prot_no_nat,not_young,2,2,2,0,2,3969,Schwaches Baumholz,Schwaches Baumholz_11,,1058.0,Schlans
0.6,11,prot_no_nat,not_young,2,2,2,0,2,3970,Schwaches Baumholz,Schwaches Baumholz_11,,833.7,Trun
0.7,11,prot_no_nat,not_young,2,2,2,0,2,3971,Schwaches Baumholz,Schwaches Baumholz_11,,840.5,Trun
0.8,12,prot_no_nat,not_young,2,2,2,0,2,3972,Stangenholz,Stangenholz_12,,1562.0,Trun
0.7,8,prot_no_nat,not_young,2,2,2,0,2,3973,Starkes Baumholz,Starkes Baumholz_8,,1667.1,Trun
0.5,8,prot_no_nat,not_young,2,2,2,0,2,3974,Mittleres Baumholz,Mittleres Baumholz_8,,1738.5,Trun
1.0,8,prot_no_nat,not_young,2,2,2,0,2,3975,Stangenholz,Stangenholz_8,,1778.9,Trun
3.0,11,prot_no_nat,not_young,2,2,2,0,2,3976,Starkes Baumholz,Starkes Baumholz_11,,1267.8,Schlans
0.5,11,prot_no_nat,not_young,2,2,2,0,2,3977,Mittleres Baumholz,Mittleres Baumholz_11,,1364.7,Schlans
1.0,11,prot_no_nat,not_young,2,2,2,0,2,3978,Schwaches Baumholz,Schwaches Baumholz_11,,1526.1,Zignau
1.2,11,prot_no_nat,not_young,2,2,2,0,2,3979,Stangenholz,Stangenholz_11,,1175.5,Trun
1.8,11,prot_no_nat,not_young,2,2,2,0,2,3980,Schwaches Baumholz,Schwaches Baumholz_11,,1080.9,Trun
4.0,11,prot_no_nat,not_young,2,2,2,0,2,3981,Stangenholz,Stangenholz_11,,1107.6,Trun
1.2,11,prot_no_nat,not_young,2,2,2,0,2,3982,Schwaches Baumholz,Schwaches Baumholz_11,,1206.1,Trun
0.5,11,prot_no_nat,not_young,2,2,2,0,2,3983,Schwaches Baumholz,Schwaches Baumholz_11,,1123.1,Trun
3.0,11,prot_no_nat,not_young,2,2,2,0,2,3984,Starkes Baumholz,Starkes Baumholz_11,,1180.4,Trun
0.5,11,prot_no_nat,not_young,2,2,2,0,2,3985,Stangenholz,Stangenholz_11,,1111.6,Trun
2.3,11,prot_no_nat,not_young,2,2,2,0,2,3986,Schwaches Baumholz,Schwaches Baumholz_11,,927.4,Zignau
2.2,11,prot_no_nat,not_young,2,2,2,0,2,3987,Schwaches Baumholz,Schwaches Baumholz_11,,985.6,Zignau
0.5,12,prot_no_nat,not_young,2,2,2,0,2,3988,Stangenholz,Stangenholz_12,,1366.6,Trun
1.1,12,prot_no_nat,not_young,2,2,2,0,2,3989,Stangenholz,Stangenholz_12,,1353.6,Trun
0.9,8,prot_no_nat,not_young,2,2,2,0,2,3990,Schwaches Baumholz,Schwaches Baumholz_8,,1825.7,Trun
0.8,5,prot_no_nat,not_young,2,2,2,0,2,3991,Schwaches Baumholz,Schwaches Baumholz_5,,845.6,Trun
0.6,11,prot_no_nat,not_young,2,2,2,0,2,3992,Mittleres Baumholz,Mittleres Baumholz_11,,1474.8,Schlans
0.7,8,prot_no_nat,not_young,2,2,2,0,2,3993,Starkes Baumholz,Starkes Baumholz_8,,1674.7,Trun
1.2,8,prot_no_nat,not_young,2,2,2,0,2,3994,Mittleres Baumholz,Mittleres Baumholz_8,,1711.9,Trun
0.8,8,prot_no_nat,not_young,2,2,2,0,2,3995,Starkes Baumholz,Starkes Baumholz_8,,1803.4,Trun
1.3,8,prot_no_nat,not_young,2,2,2,0,2,3996,Schwaches Baumholz,Schwaches Baumholz_8,,1724.6,Trun
0.5,8,prot_no_nat,not_young,2,2,2,0,2,3997,Mittleres Baumholz,Mittleres Baumholz_8,,1742.6,Trun
1.0,9,prot_no_nat,not_young,2,2,2,0,2,3998,Mittleres Baumholz,Mittleres Baumholz_9,,1894.5,Trun
0.5,9,prot_no_nat,not_young,2,2,2,0,2,3999,Mittleres Baumholz,Mittleres Baumholz_9,,1869.7,Trun
1.0,5,prot_no_nat,not_young,2,2,2,0,2,4000,Schwaches Baumholz,Schwaches Baumholz_5,,1931.7,Trun
1.8,8,prot_no_nat,not_young,2,2,2,0,2,4001,Stangenholz,Stangenholz_8,,1691.4,Trun
1.8,8,prot_no_nat,not_young,2,2,2,0,2,4002,Schwaches Baumholz,Schwaches Baumholz_8,,1747.0,Trun
2.1,11,prot_no_nat,not_young,2,2,2,0,2,4003,Schwaches Baumholz,Schwaches Baumholz_11,,1405.9,Zignau
1.1,11,prot_no_nat,not_young,2,2,2,0,2,4004,Stangenholz,Stangenholz_11,,1120.3,Trun
0.8,11,prot_no_nat,not_young,2,2,2,0,2,4005,Stangenholz,Stangenholz_11,,857.3999999999999,Trun
0.7,11,prot_no_nat,not_young,2,2,2,0,2,4006,Schwaches Baumholz,Schwaches Baumholz_11,,898.7,Trun
0.7,11,prot_no_nat,not_young,2,2,2,0,2,4007,Mittleres Baumholz,Mittleres Baumholz_11,,1038.6,Trun
2.7,11,prot_no_nat,not_young,2,2,2,0,2,4008,Stangenholz,Stangenholz_11,,1192.1,Trun
3.4,11,prot_no_nat,not_young,2,2,2,0,2,4009,Stangenholz,Stangenholz_11,,1147.4,Trun
2.8,8,prot_no_nat,not_young,2,2,2,0,2,4010,Mittleres Baumholz,Mittleres Baumholz_8,,1717.4,Trun
3.7,12,prot_no_nat,not_young,2,2,2,0,2,4011,Stangenholz,Stangenholz_12,,1454.8,Trun
2.4,8,prot_no_nat,not_young,2,2,2,0,2,4012,Mittleres Baumholz,Mittleres Baumholz_8,,1768.5,Trun
0.5,8,prot_no_nat,not_young,2,2,2,0,2,4013,Schwaches Baumholz,Schwaches Baumholz_8,,1812.1,Trun
3.0,8,prot_no_nat,not_young,2,2,2,0,2,4014,Mittleres Baumholz,Mittleres Baumholz_8,,1794.8,Trun
1.3,11,prot_no_nat,not_young,2,2,2,0,2,4015,Schwaches Baumholz,Schwaches Baumholz_11,,1511.3,Zignau
1.0,11,prot_no_nat,not_young,2,2,2,0,2,4016,Schwaches Baumholz,Schwaches Baumholz_11,,1094.1,Zignau
0.8,11,prot_no_nat,not_young,2,2,2,0,2,4017,Stangenholz,Stangenholz_11,,1080.5,Zignau
0.5,11,prot_no_nat,not_young,2,2,2,0,2,4018,Schwaches Baumholz,Schwaches Baumholz_11,,851.6,Trun
3.2,12,prot_no_nat,not_young,2,2,2,0,2,4019,Stangenholz,Stangenholz_12,,1364.7,Trun
0.7,12,prot_no_nat,not_young,2,2,2,0,2,4020,Stangenholz,Stangenholz_12,,1260.5,Trun
0.6,8,prot_no_nat,not_young,2,2,2,0,2,4021,Schwaches Baumholz,Schwaches Baumholz_8,,1787.7,Trun
2.3,8,prot_no_nat,not_young,2,2,2,0,2,4022,Stangenholz,Stangenholz_8,,1723.0,Trun
1.4,8,prot_no_nat,not_young,2,2,2,0,2,4023,Mittleres Baumholz,Mittleres Baumholz_8,,1661.2,Trun
1.1,8,prot_no_nat,not_young,2,2,2,0,2,4024,Stangenholz,Stangenholz_8,,1849.2,Trun
4.3,8,prot_no_nat,not_young,2,2,2,0,2,4025,Mittleres Baumholz,Mittleres Baumholz_8,,1725.1,Trun
0.9,8,prot_no_nat,not_young,2,2,2,0,2,4026,Mittleres Baumholz,Mittleres Baumholz_8,,1634.8,Trun
1.0,8,prot_no_nat,not_young,2,2,2,0,2,4027,Mittleres Baumholz,Mittleres Baumholz_8,,1695.0,Trun
1.5,8,prot_no_nat,not_young,2,2,2,0,2,4028,Mittleres Baumholz,Mittleres Baumholz_8,,1743.0,Trun
2.1,12,prot_no_nat,not_young,2,2,2,0,2,4029,Schwaches Baumholz,Schwaches Baumholz_12,,1296.1,Trun
0.9,12,prot_no_nat,not_young,2,2,2,0,2,4030,Schwaches Baumholz,Schwaches Baumholz_12,,1419.7,Trun
0.7,12,prot_no_nat,not_young,2,2,2,0,2,4031,Starkes Baumholz,Starkes Baumholz_12,,1393.7,Trun
2.3,12,prot_no_nat,not_young,2,2,2,0,2,4032,Mittleres Baumholz,Mittleres Baumholz_12,,1535.7,Trun
1.5,8,prot_no_nat,not_young,2,2,2,0,2,4033,Starkes Baumholz,Starkes Baumholz_8,,1649.2,Trun
4.8,11,prot_no_nat,not_young,2,2,2,0,2,4034,Schwaches Baumholz,Schwaches Baumholz_11,,856.1,Schlans
1.2,11,prot_no_nat,not_young,2,2,2,0,2,4035,Schwaches Baumholz,Schwaches Baumholz_11,,966.2,Schlans
1.2,11,prot_no_nat,not_young,2,2,2,0,2,4036,Schwaches Baumholz,Schwaches Baumholz_11,,864.7,Trun
1.0,11,prot_no_nat,not_young,2,2,2,0,2,4037,Schwaches Baumholz,Schwaches Baumholz_11,,957.3,Schlans
2.8,12,prot_no_nat,not_young,2,2,2,0,2,4038,Stangenholz,Stangenholz_12,,1404.6,Trun
4.0,12,prot_no_nat,not_young,2,2,2,0,2,4039,Schwaches Baumholz,Schwaches Baumholz_12,,1591.5,Trun
0.7,8,prot_no_nat,not_young,2,2,2,0,2,4040,Mittleres Baumholz,Mittleres Baumholz_8,,1793.7,Pigniu
0.6,8,prot_no_nat,not_young,2,2,2,0,2,4041,Mittleres Baumholz,Mittleres Baumholz_8,,1759.7,Pigniu
1.3,8,prot_no_nat,not_young,2,2,2,0,2,4042,Mittleres Baumholz,Mittleres Baumholz_8,,1773.1,Pigniu
1.5,8,prot_no_nat,not_young,2,2,2,0,2,4043,Mittleres Baumholz,Mittleres Baumholz_8,,1803.0,Pigniu
1.0,11,prot_no_nat,not_young,2,2,2,0,2,4044,Mittleres Baumholz,Mittleres Baumholz_11,,947.2,Trun
0.6,11,prot_no_nat,not_young,2,2,2,0,2,4045,Stangenholz,Stangenholz_11,,836.5,Trun
0.9,11,prot_no_nat,not_young,2,2,2,0,2,4046,Schwaches Baumholz,Schwaches Baumholz_11,,1058.4,Schlans
7.9,12,prot_no_nat,not_young,2,2,2,0,2,4047,Starkes Baumholz,Starkes Baumholz_12,,1581.3,Trun
1.2,8,prot_no_nat,not_young,2,2,2,0,2,4048,Schwaches Baumholz,Schwaches Baumholz_8,,1640.8,Trun
1.3,12,prot_no_nat,not_young,2,2,2,0,2,4049,Stangenholz,Stangenholz_12,,1589.5,Trun
2.0,11,prot_no_nat,not_young,2,2,2,0,2,4050,Stangenholz,Stangenholz_11,,1070.3,Schlans
2.1,11,prot_no_nat,not_young,2,2,2,0,2,4051,Stangenholz,Stangenholz_11,,1198.8,Schlans
2.4,11,prot_no_nat,not_young,2,2,2,0,2,4052,Stangenholz,Stangenholz_11,,1389.7,Zignau
0.7,11,prot_no_nat,not_young,2,2,2,0,2,4053,Stangenholz,Stangenholz_11,,1291.8,Zignau
0.9,8,prot_no_nat,not_young,2,2,2,0,2,4054,Mittleres Baumholz,Mittleres Baumholz_8,,1745.7,Pigniu
1.9,8,prot_no_nat,not_young,2,2,2,0,2,4055,Mittleres Baumholz,Mittleres Baumholz_8,,1715.7,Pigniu
0.7,8,prot_no_nat,not_young,2,2,2,0,2,4056,Mittleres Baumholz,Mittleres Baumholz_8,,1747.4,Pigniu
0.9,8,prot_no_nat,not_young,2,2,2,0,2,4057,Mittleres Baumholz,Mittleres Baumholz_8,,1701.8,Pigniu
3.5,11,prot_no_nat,not_young,2,2,2,0,2,4058,Mittleres Baumholz,Mittleres Baumholz_11,,891.8999999999999,Trun
0.7,11,prot_no_nat,not_young,2,2,2,0,2,4059,Stangenholz,Stangenholz_11,,1024.3,Zignau
1.5,11,prot_no_nat,not_young,2,2,2,0,2,4060,Schwaches Baumholz,Schwaches Baumholz_11,,942.3,Trun
1.7,11,prot_no_nat,not_young,2,2,2,0,2,4061,Mittleres Baumholz,Mittleres Baumholz_11,,910.6,Trun
0.7,11,prot_no_nat,not_young,2,2,2,0,2,4062,Mittleres Baumholz,Mittleres Baumholz_11,,1125.9,Zignau
0.7,11,prot_no_nat,not_young,2,2,2,0,2,4063,Schwaches Baumholz,Schwaches Baumholz_11,,811.3999999999999,Trun
1.0,11,prot_no_nat,not_young,2,2,2,0,2,4064,Stangenholz,Stangenholz_11,,812.7,Trun
1.3,11,prot_no_nat,not_young,2,2,2,0,2,4065,Stangenholz,Stangenholz_11,,1303.7,Trun
1.4,8,prot_no_nat,not_young,2,2,2,0,2,4066,Mittleres Baumholz,Mittleres Baumholz_8,,1648.4,Pigniu
1.9,8,prot_no_nat,not_young,2,2,2,0,2,4067,Mittleres Baumholz,Mittleres Baumholz_8,,1710.9,Pigniu
0.5,8,prot_no_nat,not_young,2,2,2,0,2,4068,Mittleres Baumholz,Mittleres Baumholz_8,,1704.4,Pigniu
0.8,8,prot_no_nat,not_young,2,2,2,0,2,4069,Mittleres Baumholz,Mittleres Baumholz_8,,1671.2,Pigniu
4.9,8,prot_no_nat,not_young,2,2,2,0,2,4070,Mittleres Baumholz,Mittleres Baumholz_8,,1689.9,Pigniu
0.7,8,prot_no_nat,not_young,2,2,2,0,2,4071,Mittleres Baumholz,Mittleres Baumholz_8,,1655.4,Pigniu
1.1,11,prot_no_nat,not_young,2,2,2,0,2,4072,Starkes Baumholz,Starkes Baumholz_11,,909.0,Trun
1.6,11,prot_no_nat,not_young,2,2,2,0,2,4073,Starkes Baumholz,Starkes Baumholz_11,,1004.7,Trun
0.6,11,prot_no_nat,not_young,2,2,2,0,2,4074,Mittleres Baumholz,Mittleres Baumholz_11,,970.7,Trun
3.0,11,prot_no_nat,not_young,2,2,2,0,2,4075,Stangenholz,Stangenholz_11,,940.9,Zignau
1.9,11,prot_no_nat,not_young,2,2,2,0,2,4076,Mittleres Baumholz,Mittleres Baumholz_11,,1266.6,Schlans
4.3,8,prot_no_nat,not_young,2,2,2,0,2,4077,Mittleres Baumholz,Mittleres Baumholz_8,,1742.2,Pigniu
0.7,8,prot_no_nat,not_young,2,2,2,0,2,4078,Mittleres Baumholz,Mittleres Baumholz_8,,1714.9,Pigniu
2.5,11,prot_no_nat,not_young,2,2,2,0,2,4079,Schwaches Baumholz,Schwaches Baumholz_11,,964.4,Zignau
1.3,11,prot_no_nat,not_young,2,2,2,0,2,4080,Stangenholz,Stangenholz_11,,1010.4,Zignau
0.7,11,prot_no_nat,not_young,2,2,2,0,2,4081,Stangenholz,Stangenholz_11,,1082.4,Zignau
0.8,11,prot_no_nat,not_young,2,2,2,0,2,4082,Mittleres Baumholz,Mittleres Baumholz_11,,1058.7,Zignau
2.1,11,prot_no_nat,not_young,2,2,2,0,2,4083,Schwaches Baumholz,Schwaches Baumholz_11,,1133.2,Zignau
1.0,11,prot_no_nat,not_young,2,2,2,0,2,4084,Stangenholz,Stangenholz_11,,1228.7,Zignau
1.4,11,prot_no_nat,not_young,2,2,2,0,2,4085,Mittleres Baumholz,Mittleres Baumholz_11,,1289.3,Zignau
0.6,11,prot_no_nat,not_young,2,2,2,0,2,4086,Stangenholz,Stangenholz_11,,1307.4,Zignau
5.0,11,prot_no_nat,not_young,2,2,2,0,2,4087,Stangenholz,Stangenholz_11,,1094.8,Zignau
2.3,11,prot_no_nat,not_young,2,2,2,0,2,4088,Schwaches Baumholz,Schwaches Baumholz_11,,1256.7,Zignau
0.9,11,prot_no_nat,not_young,2,2,2,0,2,4089,Starkes Baumholz,Starkes Baumholz_11,,1138.8,Zignau
1.0,11,prot_no_nat,not_young,2,2,2,0,2,4090,Mittleres Baumholz,Mittleres Baumholz_11,,1218.0,Zignau
0.7,11,prot_no_nat,not_young,2,2,2,0,2,4091,Stangenholz,Stangenholz_11,,1189.3,Zignau
2.6,11,prot_no_nat,not_young,2,2,2,0,2,4092,Stangenholz,Stangenholz_11,,1388.6,Zignau
7.7,11,prot_no_nat,not_young,2,2,2,0,2,4093,Stangenholz,Stangenholz_11,,1308.6,Zignau
0.6,8,prot_no_nat,not_young,2,2,2,0,2,4094,Schwaches Baumholz,Schwaches Baumholz_8,,1790.3,Pigniu
2.6,8,prot_no_nat,not_young,2,2,2,0,2,4095,Mittleres Baumholz,Mittleres Baumholz_8,,1736.1,Pigniu
0.7,8,prot_no_nat,not_young,2,2,2,0,2,4096,Schwaches Baumholz,Schwaches Baumholz_8,,1831.0,Trun
1.9,8,prot_no_nat,not_young,2,2,2,0,2,4097,Mittleres Baumholz,Mittleres Baumholz_8,,1728.9,Pigniu
2.0,11,prot_no_nat,not_young,2,2,2,0,2,4098,Mittleres Baumholz,Mittleres Baumholz_11,,1387.8,Zignau
1.9,11,prot_no_nat,not_young,2,2,2,0,2,4099,Starkes Baumholz,Starkes Baumholz_11,,1450.6,Zignau
1.9,11,prot_no_nat,not_young,2,2,2,0,2,4100,Mittleres Baumholz,Mittleres Baumholz_11,,1440.0,Zignau
2.6,11,prot_no_nat,not_young,2,2,2,0,2,4101,Starkes Baumholz,Starkes Baumholz_11,,1290.2,Zignau
6.8,11,prot_no_nat,not_young,2,2,2,0,2,4102,Stangenholz,Stangenholz_11,,1288.0,Zignau
0.7,5,prot_no_nat,not_young,2,2,2,0,2,4103,Stangenholz,Stangenholz_5,,1936.6,Trun
1.0,12,prot_no_nat,not_young,2,2,2,0,2,4104,Schwaches Baumholz,Schwaches Baumholz_12,,1276.2,Trun
1.1,12,prot_no_nat,not_young,2,2,2,0,2,4105,Schwaches Baumholz,Schwaches Baumholz_12,,1491.1,Trun
0.7,12,prot_no_nat,not_young,2,2,2,0,2,4106,Stangenholz,Stangenholz_12,,1332.8,Trun
0.5,12,prot_no_nat,not_young,2,2,2,0,2,4107,Stangenholz,Stangenholz_12,,1400.6,Trun
1.1,8,prot_no_nat,not_young,2,2,2,0,2,4108,Mittleres Baumholz,Mittleres Baumholz_8,,1696.4,Pigniu
1.3,8,prot_no_nat,not_young,2,2,2,0,2,4109,Mittleres Baumholz,Mittleres Baumholz_8,,1654.6,Pigniu
4.9,8,prot_no_nat,not_young,2,2,2,0,2,4110,Mittleres Baumholz,Mittleres Baumholz_8,,1628.0,Pigniu
2.7,11,prot_no_nat,not_young,2,2,2,0,2,4111,Stangenholz,Stangenholz_11,,1116.6,Zignau
0.6,8,prot_no_nat,not_young,2,2,2,0,2,4112,Mittleres Baumholz,Mittleres Baumholz_8,,1728.9,Pigniu
1.4,11,prot_no_nat,not_young,2,2,2,0,2,4113,Stangenholz,Stangenholz_11,,1150.5,Zignau
1.6,11,prot_no_nat,not_young,2,2,2,0,2,4114,Mittleres Baumholz,Mittleres Baumholz_11,,1154.0,Zignau
1.0,11,prot_no_nat,not_young,2,2,2,0,2,4115,Mittleres Baumholz,Mittleres Baumholz_11,,1186.1,Zignau
2.5,11,prot_no_nat,not_young,2,2,2,0,2,4116,Mittleres Baumholz,Mittleres Baumholz_11,,1032.8,Zignau
1.7,11,prot_no_nat,not_young,2,2,2,0,2,4117,Starkes Baumholz,Starkes Baumholz_11,,1220.9,Zignau
0.5,11,prot_no_nat,not_young,2,2,2,0,2,4118,Schwaches Baumholz,Schwaches Baumholz_11,,1141.7,Trun
1.5,8,prot_no_nat,not_young,2,2,2,0,2,4119,Starkes Baumholz,Starkes Baumholz_8,,1717.7,Trun
0.5,8,prot_no_nat,not_young,2,2,2,0,2,4120,Schwaches Baumholz,Schwaches Baumholz_8,,1621.6,Pigniu
3.4,11,prot_no_nat,not_young,2,2,2,0,2,4121,Schwaches Baumholz,Schwaches Baumholz_11,,1587.5,Zignau
0.8,11,prot_no_nat,not_young,2,2,2,0,2,4122,Schwaches Baumholz,Schwaches Baumholz_11,,849.3999999999999,Zignau
1.5,11,prot_no_nat,not_young,2,2,2,0,2,4123,Schwaches Baumholz,Schwaches Baumholz_11,,1247.9,Trun
0.5,12,prot_no_nat,not_young,2,2,2,0,2,4124,Mittleres Baumholz,Mittleres Baumholz_12,,1541.1,Trun
1.0,11,prot_no_nat,not_young,2,2,2,0,2,4125,Schwaches Baumholz,Schwaches Baumholz_11,,1067.9,Trun
1.0,11,prot_no_nat,not_young,2,2,2,0,2,4126,Stangenholz,Stangenholz_11,,1060.4,Trun
2.4,11,prot_no_nat,not_young,2,2,2,0,2,4127,Schwaches Baumholz,Schwaches Baumholz_11,,1296.7,Trun
1.4,11,prot_no_nat,not_young,2,2,2,0,2,4128,Schwaches Baumholz,Schwaches Baumholz_11,,1257.1,Trun
3.6,11,prot_no_nat,not_young,1,2,2,0,2,4129,Schwaches Baumholz,Schwaches Baumholz_11,,714.5,Ilanz
0.7,11,prot_no_nat,not_young,1,2,2,0,2,4130,Starkes Baumholz,Starkes Baumholz_11,,716.9,Ilanz
1.9,11,prot_no_nat,not_young,2,2,2,0,2,4131,Starkes Baumholz,Starkes Baumholz_11,,734.0,Ilanz
0.6,11,prot_no_nat,not_young,2,2,2,0,2,4132,Starkes Baumholz,Starkes Baumholz_11,,741.3999999999999,Ilanz
0.5,11,prot_no_nat,not_young,2,2,2,0,2,4133,Starkes Baumholz,Starkes Baumholz_11,,770.2,Ilanz
0.6,11,prot_no_nat,not_young,2,2,2,0,2,4134,Stangenholz,Stangenholz_11,,836.1,Ilanz
0.9,11,prot_no_nat,not_young,2,2,2,0,2,4135,Mittleres Baumholz,Mittleres Baumholz_11,,786.5,Ilanz
1.7,11,prot_no_nat,not_young,2,2,2,0,2,4136,Starkes Baumholz,Starkes Baumholz_11,,831.3999999999999,Ilanz
0.8,11,prot_no_nat,not_young,2,2,2,0,2,4137,Schwaches Baumholz,Schwaches Baumholz_11,,716.1,Ilanz
1.3,11,prot_no_nat,not_young,2,2,2,0,2,4138,Mittleres Baumholz,Mittleres Baumholz_11,,991.4,Ilanz
2.6,11,prot_no_nat,not_young,2,2,2,0,2,4139,Mittleres Baumholz,Mittleres Baumholz_11,,956.4,Ilanz
2.5,11,prot_no_nat,not_young,2,2,2,0,2,4140,Mittleres Baumholz,Mittleres Baumholz_11,,759.8999999999999,Ilanz
4.0,11,prot_no_nat,not_young,2,2,2,0,2,4141,Starkes Baumholz,Starkes Baumholz_11,,749.8999999999999,Ilanz
0.7,11,prot_no_nat,not_young,2,2,2,0,2,4142,Mittleres Baumholz,Mittleres Baumholz_11,,742.0,Ilanz
1.2,11,prot_no_nat,not_young,2,2,2,0,2,4143,Mittleres Baumholz,Mittleres Baumholz_11,,861.2,Ilanz
0.7,11,prot_no_nat,not_young,2,2,2,0,2,4144,Mittleres Baumholz,Mittleres Baumholz_11,,987.4,Ilanz
0.6,11,prot_no_nat,not_young,2,2,2,0,2,4145,Schwaches Baumholz,Schwaches Baumholz_11,,1041.6,Ilanz
1.6,11,prot_no_nat,not_young,2,2,2,0,2,4146,Starkes Baumholz,Starkes Baumholz_11,,737.6,Ilanz
2.1,11,prot_no_nat,not_young,2,2,2,0,2,4147,Mittleres Baumholz,Mittleres Baumholz_11,,811.7999999999998,Ilanz
0.5,11,prot_no_nat,not_young,1,2,2,0,2,4148,Stangenholz,Stangenholz_11,,705.1,Ilanz
0.9,11,prot_no_nat,not_young,2,2,2,0,2,4149,Starkes Baumholz,Starkes Baumholz_11,,767.0,Ilanz
1.8,11,prot_no_nat,not_young,2,2,2,0,2,4150,Mittleres Baumholz,Mittleres Baumholz_11,,901.6,Ilanz
2.3,11,prot_no_nat,not_young,2,2,2,0,2,4151,Starkes Baumholz,Starkes Baumholz_11,,752.5,Ilanz
1.1,11,prot_no_nat,not_young,2,2,2,0,2,4152,Stangenholz,Stangenholz_11,,817.3999999999999,Ilanz
0.7,11,prot_no_nat,not_young,2,2,2,0,2,4153,Schwaches Baumholz,Schwaches Baumholz_11,,748.2,Ilanz
2.1,11,prot_no_nat,not_young,2,2,2,0,2,4154,Starkes Baumholz,Starkes Baumholz_11,,716.5,Ilanz
1.8,11,prot_no_nat,not_young,2,2,2,0,2,4155,Mittleres Baumholz,Mittleres Baumholz_11,,718.7,Ilanz
1.2,11,prot_no_nat,not_young,2,2,2,0,2,4156,Mittleres Baumholz,Mittleres Baumholz_11,,896.8999999999999,Ilanz
1.2,11,prot_no_nat,not_young,2,2,2,0,2,4157,Schwaches Baumholz,Schwaches Baumholz_11,,937.4,Ilanz
0.8,11,prot_no_nat,not_young,2,2,2,0,2,4158,Stangenholz,Stangenholz_11,,731.2999999999998,Ilanz
2.3,11,prot_no_nat,not_young,2,2,2,0,2,4159,Starkes Baumholz,Starkes Baumholz_11,,866.8999999999999,Ilanz
0.8,11,prot_no_nat,not_young,2,2,2,0,2,4160,Starkes Baumholz,Starkes Baumholz_11,,734.6,Ilanz
1.6,11,prot_no_nat,not_young,2,2,2,0,2,4161,Stangenholz,Stangenholz_11,,727.1,Ilanz
0.6,11,prot_no_nat,not_young,2,2,2,0,2,4162,Mittleres Baumholz,Mittleres Baumholz_11,,776.7999999999998,Ilanz
4.0,11,prot_no_nat,not_young,2,2,2,0,2,4163,Starkes Baumholz,Starkes Baumholz_11,,754.6,Ilanz
0.7,11,prot_no_nat,not_young,2,2,2,0,2,4164,Mittleres Baumholz,Mittleres Baumholz_11,,746.3999999999999,Ilanz
1.0,11,prot_no_nat,not_young,2,2,2,0,2,4165,Starkes Baumholz,Starkes Baumholz_11,,829.7999999999998,Ilanz
1.0,11,prot_no_nat,not_young,2,2,2,0,2,4166,Starkes Baumholz,Starkes Baumholz_11,,818.2,Ilanz
0.6,11,prot_no_nat,not_young,2,2,2,0,2,4167,Mittleres Baumholz,Mittleres Baumholz_11,,790.2999999999998,Ilanz
0.8,11,prot_no_nat,not_young,2,2,2,0,2,4168,Stangenholz,Stangenholz_11,,725.0,Ilanz
0.7,11,prot_no_nat,not_young,2,2,2,0,2,4169,Schwaches Baumholz,Schwaches Baumholz_11,,733.7,Ilanz
3.1,11,prot_no_nat,not_young,2,2,2,0,2,4170,Starkes Baumholz,Starkes Baumholz_11,,948.0,Ilanz
1.7,11,prot_no_nat,not_young,2,2,2,0,2,4171,Mittleres Baumholz,Mittleres Baumholz_11,,787.3999999999999,Ilanz
0.6,11,prot_no_nat,not_young,2,2,2,0,2,4172,Starkes Baumholz,Starkes Baumholz_11,,748.3999999999999,Ilanz
0.6,11,prot_no_nat,not_young,2,2,2,0,2,4173,Stangenholz,Stangenholz_11,,733.7999999999998,Ilanz
0.8,11,prot_no_nat,not_young,2,2,2,0,2,4174,Stangenholz,Stangenholz_11,,762.5,Ilanz
0.7,11,prot_no_nat,not_young,2,2,2,0,2,4175,Stangenholz,Stangenholz_11,,804.2999999999998,Ilanz
0.6,11,prot_no_nat,not_young,2,2,2,0,2,4176,Mittleres Baumholz,Mittleres Baumholz_11,,831.2,Ilanz
0.6,11,prot_no_nat,not_young,2,2,2,0,2,4177,Starkes Baumholz,Starkes Baumholz_11,,886.2,Ilanz
2.3,11,prot_no_nat,not_young,2,2,2,0,2,4178,Starkes Baumholz,Starkes Baumholz_11,,1015.3,Ilanz
1.4,11,prot_no_nat,not_young,2,2,2,0,2,4179,Mittleres Baumholz,Mittleres Baumholz_11,,937.4,Ilanz
1.8,11,prot_no_nat,not_young,2,2,2,0,2,4180,Mittleres Baumholz,Mittleres Baumholz_11,,917.6,Ilanz
1.0,11,prot_no_nat,not_young,2,2,2,0,2,4181,Mittleres Baumholz,Mittleres Baumholz_11,,934.5,Ilanz
1.0,11,prot_no_nat,not_young,2,2,2,0,2,4182,Mittleres Baumholz,Mittleres Baumholz_11,,946.2,Ilanz
1.3,11,prot_no_nat,not_young,2,2,2,0,2,4183,Mittleres Baumholz,Mittleres Baumholz_11,,871.7999999999998,Ilanz
1.4,11,prot_no_nat,not_young,2,2,2,0,2,4184,Mittleres Baumholz,Mittleres Baumholz_11,,824.3999999999999,Ilanz
2.3,11,prot_no_nat,not_young,2,2,2,0,2,4185,Starkes Baumholz,Starkes Baumholz_11,,866.7,Ilanz
1.2,11,prot_no_nat,not_young,2,2,2,0,2,4186,Starkes Baumholz,Starkes Baumholz_11,,799.2,Ilanz
1.5,11,prot_no_nat,not_young,2,2,2,0,2,4187,Mittleres Baumholz,Mittleres Baumholz_11,,825.6,Ilanz
0.6,11,prot_no_nat,not_young,2,2,2,0,2,4188,Stangenholz,Stangenholz_11,,733.2999999999998,Ilanz
1.3,11,prot_no_nat,not_young,2,2,2,0,2,4189,Starkes Baumholz,Starkes Baumholz_11,,755.1,Ilanz
1.8,11,prot_no_nat,not_young,2,2,2,0,2,4190,Mittleres Baumholz,Mittleres Baumholz_11,,850.3999999999999,Ilanz
1.0,11,prot_no_nat,not_young,2,2,2,0,2,4191,Mittleres Baumholz,Mittleres Baumholz_11,,800.5,Ilanz
1.7,11,prot_no_nat,not_young,2,2,2,0,2,4192,Starkes Baumholz,Starkes Baumholz_11,,783.7,Ilanz
1.1,11,prot_no_nat,not_young,2,2,2,0,2,4193,Starkes Baumholz,Starkes Baumholz_11,,713.6,Ilanz
2.1,3,prot_no_nat,not_young,1,2,2,0,2,4194,Schwaches Baumholz,Schwaches Baumholz_3,,704.8,Ilanz
2.4,11,prot_no_nat,not_young,2,2,2,0,2,4195,Starkes Baumholz,Starkes Baumholz_11,,819.6,Ilanz
2.1,11,prot_no_nat,not_young,2,2,2,0,2,4196,Starkes Baumholz,Starkes Baumholz_11,,723.1,Ilanz
0.8,11,prot_no_nat,not_young,2,2,2,0,2,4197,Schwaches Baumholz,Schwaches Baumholz_11,,997.7,Ilanz
2.5,11,prot_no_nat,not_young,2,2,2,0,2,4198,Mittleres Baumholz,Mittleres Baumholz_11,,827.3999999999999,Ilanz
0.6,3,prot_no_nat,not_young,1,2,2,0,2,4199,Schwaches Baumholz,Schwaches Baumholz_3,,702.1,Ilanz
0.8,11,prot_no_nat,not_young,1,2,2,0,2,4200,Schwaches Baumholz,Schwaches Baumholz_11,,702.1,Ilanz
0.7,11,prot_no_nat,not_young,1,2,2,0,2,4201,Schwaches Baumholz,Schwaches Baumholz_11,,703.6,Ilanz
0.9,11,prot_no_nat,not_young,2,2,2,0,2,4202,Schwaches Baumholz,Schwaches Baumholz_11,,926.1,Ilanz
1.7,11,prot_no_nat,not_young,2,2,2,0,2,4203,Starkes Baumholz,Starkes Baumholz_11,,926.4,Ilanz
0.6,11,prot_no_nat,not_young,2,2,2,0,2,4204,Schwaches Baumholz,Schwaches Baumholz_11,,822.8999999999999,Ilanz
0.6,11,prot_no_nat,not_young,2,2,2,0,2,4205,Mittleres Baumholz,Mittleres Baumholz_11,,784.5,Ilanz
1.2,11,prot_no_nat,not_young,2,2,2,0,2,4206,Starkes Baumholz,Starkes Baumholz_11,,873.2999999999998,Ilanz
0.6,11,prot_no_nat,not_young,2,2,2,0,2,4207,Stangenholz,Stangenholz_11,,934.6,Ilanz
0.9,11,prot_no_nat,not_young,2,2,2,0,2,4208,Starkes Baumholz,Starkes Baumholz_11,,747.0,Ilanz
0.7,11,prot_no_nat,not_young,2,2,2,0,2,4209,Schwaches Baumholz,Schwaches Baumholz_11,,829.8999999999999,Ilanz
0.5,11,prot_no_nat,not_young,2,2,2,0,2,4210,Starkes Baumholz,Starkes Baumholz_11,,793.2999999999998,Ilanz
1.1,11,prot_no_nat,not_young,2,2,2,0,2,4211,Starkes Baumholz,Starkes Baumholz_11,,822.0,Ilanz
0.9,11,prot_no_nat,not_young,2,2,2,0,2,4212,Mittleres Baumholz,Mittleres Baumholz_11,,873.0,Ilanz
0.8,11,prot_no_nat,not_young,2,2,2,0,2,4213,Mittleres Baumholz,Mittleres Baumholz_11,,835.8999999999999,Ilanz
0.9,11,prot_no_nat,not_young,2,2,2,0,2,4214,Mittleres Baumholz,Mittleres Baumholz_11,,916.0,Ilanz
2.3,11,prot_no_nat,not_young,2,2,2,0,2,4215,Mittleres Baumholz,Mittleres Baumholz_11,,899.1,Ilanz
0.8,11,prot_no_nat,not_young,2,2,2,0,2,4216,Starkes Baumholz,Starkes Baumholz_11,,730.2,Ilanz
0.7,11,prot_no_nat,not_young,1,2,2,0,2,4217,Schwaches Baumholz,Schwaches Baumholz_11,,716.3,Ilanz
2.4,11,prot_no_nat,not_young,2,2,2,0,2,4218,Starkes Baumholz,Starkes Baumholz_11,,998.9,Ruschein
1.0,5,prot_no_nat,not_young,2,2,2,0,2,4219,Schwaches Baumholz,Schwaches Baumholz_5,,1960.6,Siat
1.5,12,prot_no_nat,not_young,2,2,2,0,2,4220,Schwaches Baumholz,Schwaches Baumholz_12,,1471.7,Siat
0.7,8,prot_no_nat,not_young,2,2,2,0,2,4221,Schwaches Baumholz,Schwaches Baumholz_8,,1833.5,Siat
0.9,12,prot_no_nat,not_young,2,2,2,0,2,4222,Schwaches Baumholz,Schwaches Baumholz_12,,1376.0,Siat
0.6,12,prot_no_nat,not_young,2,2,2,0,2,4223,Stangenholz,Stangenholz_12,,1558.3,Siat
0.5,8,prot_no_nat,not_young,2,2,2,0,2,4224,Mittleres Baumholz,Mittleres Baumholz_8,,1795.4,Siat
1.5,12,prot_no_nat,not_young,2,2,2,0,2,4225,Mittleres Baumholz,Mittleres Baumholz_12,,1492.6,Siat
2.8,5,prot_no_nat,not_young,2,2,2,0,2,4226,Schwaches Baumholz,Schwaches Baumholz_5,,1852.5,Schnaus
4.4,8,prot_no_nat,not_young,2,2,2,0,2,4227,Mittleres Baumholz,Mittleres Baumholz_8,,1678.8,Ruschein
2.9,8,prot_no_nat,not_young,2,2,2,0,2,4228,Mittleres Baumholz,Mittleres Baumholz_8,,1797.4,Ruschein
0.7,8,prot_no_nat,not_young,2,2,2,0,2,4229,Schwaches Baumholz,Schwaches Baumholz_8,,1684.4,Ladir
3.3,8,prot_no_nat,not_young,2,2,2,0,2,4230,Mittleres Baumholz,Mittleres Baumholz_8,,1804.9,Ruschein
0.7,11,prot_no_nat,not_young,1,2,2,0,2,4231,Schwaches Baumholz,Schwaches Baumholz_11,,729.2,Rueun
0.7,11,prot_no_nat,not_young,2,2,2,0,2,4232,Schwaches Baumholz,Schwaches Baumholz_11,,922.6,Rueun
0.5,12,prot_no_nat,not_young,2,2,2,0,2,4233,Stangenholz,Stangenholz_12,,1421.9,Rueun
1.5,11,prot_no_nat,not_young,2,2,2,0,2,4234,Mittleres Baumholz,Mittleres Baumholz_11,,953.1,Rueun
0.6,11,prot_no_nat,not_young,2,2,2,0,2,4235,Stangenholz,Stangenholz_11,,885.1,Rueun
1.2,11,prot_no_nat,not_young,2,2,2,0,2,4236,Mittleres Baumholz,Mittleres Baumholz_11,,1162.1,Rueun
1.1,11,prot_no_nat,not_young,2,2,2,0,2,4237,Schwaches Baumholz,Schwaches Baumholz_11,,740.2,Rueun
0.9,11,prot_no_nat,not_young,2,2,2,0,2,4238,Stangenholz,Stangenholz_11,,840.6,Rueun
0.8,12,prot_no_nat,not_young,2,2,2,0,2,4239,Mittleres Baumholz,Mittleres Baumholz_12,,1317.7,Siat
1.3,11,prot_no_nat,not_young,2,2,2,0,2,4240,Stangenholz,Stangenholz_11,,1228.2,Siat
0.7,11,prot_no_nat,not_young,2,2,2,0,2,4241,Stangenholz,Stangenholz_11,,904.1,Rueun
0.5,12,prot_no_nat,not_young,2,2,2,0,2,4242,Mittleres Baumholz,Mittleres Baumholz_12,,1496.6,Siat
0.8,12,prot_no_nat,not_young,2,2,2,0,2,4243,Mittleres Baumholz,Mittleres Baumholz_12,,1469.7,Siat
0.6,12,prot_no_nat,not_young,2,2,2,0,2,4244,Schwaches Baumholz,Schwaches Baumholz_12,,1454.6,Siat
0.9,11,prot_no_nat,not_young,2,2,2,0,2,4245,Stangenholz,Stangenholz_11,,1414.5,Siat
0.6,12,prot_no_nat,not_young,2,2,2,0,2,4246,Mittleres Baumholz,Mittleres Baumholz_12,,1322.3,Siat
1.2,12,prot_no_nat,not_young,2,2,2,0,2,4247,Stangenholz,Stangenholz_12,,1509.8,Ruschein
6.6,12,prot_no_nat,not_young,2,2,2,0,2,4248,Starkes Baumholz,Starkes Baumholz_12,,1504.7,Ruschein
1.7,8,prot_no_nat,not_young,2,2,2,0,2,4249,Schwaches Baumholz,Schwaches Baumholz_8,,1755.1,Siat
1.0,8,prot_no_nat,not_young,2,2,2,0,2,4250,Schwaches Baumholz,Schwaches Baumholz_8,,1812.1,Siat
1.0,12,prot_no_nat,not_young,2,2,2,0,2,4251,Schwaches Baumholz,Schwaches Baumholz_12,,1616.0,Siat
0.8,8,prot_no_nat,not_young,2,2,2,0,2,4252,Mittleres Baumholz,Mittleres Baumholz_8,,1620.8,Siat
0.7,8,prot_no_nat,not_young,2,2,2,0,2,4253,Mittleres Baumholz,Mittleres Baumholz_8,,1638.3,Siat
1.0,11,prot_no_nat,not_young,2,2,2,0,2,4254,Mittleres Baumholz,Mittleres Baumholz_11,,1275.9,Rueun
0.8,11,prot_no_nat,not_young,2,2,2,0,2,4255,Mittleres Baumholz,Mittleres Baumholz_11,,1109.5,Rueun
4.4,11,prot_no_nat,not_young,2,2,2,0,2,4256,Mittleres Baumholz,Mittleres Baumholz_11,,807.1,Rueun
0.5,12,prot_no_nat,not_young,2,2,2,0,2,4257,Schwaches Baumholz,Schwaches Baumholz_12,,1426.9,Rueun
1.0,11,prot_no_nat,not_young,2,2,2,0,2,4258,Stangenholz,Stangenholz_11,,773.2,Rueun
1.1,11,prot_no_nat,not_young,2,2,2,0,2,4259,Mittleres Baumholz,Mittleres Baumholz_11,,1233.7,Rueun
0.5,12,prot_no_nat,not_young,2,2,2,0,2,4260,Schwaches Baumholz,Schwaches Baumholz_12,,1391.8,Rueun
0.6,11,prot_no_nat,not_young,2,2,2,0,2,4261,Schwaches Baumholz,Schwaches Baumholz_11,,1200.5,Rueun
0.8,11,prot_no_nat,not_young,2,2,2,0,2,4262,Schwaches Baumholz,Schwaches Baumholz_11,,1202.5,Siat
0.5,11,prot_no_nat,not_young,2,2,2,0,2,4263,Schwaches Baumholz,Schwaches Baumholz_11,,1284.7,Siat
0.5,11,prot_no_nat,not_young,2,2,2,0,2,4264,Schwaches Baumholz,Schwaches Baumholz_11,,785.3999999999999,Rueun
0.9,11,prot_no_nat,not_young,2,2,2,0,2,4265,Schwaches Baumholz,Schwaches Baumholz_11,,1423.0,Siat
1.5,11,prot_no_nat,not_young,2,2,2,0,2,4266,Stangenholz,Stangenholz_11,,798.6,Rueun
1.2,12,prot_no_nat,not_young,2,2,2,0,2,4267,Schwaches Baumholz,Schwaches Baumholz_12,,1076.4,Rueun
1.1,11,prot_no_nat,not_young,2,2,2,0,2,4268,Starkes Baumholz,Starkes Baumholz_11,,924.5,Rueun
1.6,11,prot_no_nat,not_young,2,2,2,0,2,4269,Schwaches Baumholz,Schwaches Baumholz_11,,799.5,Rueun
0.6,12,prot_no_nat,not_young,2,2,2,0,2,4270,Mittleres Baumholz,Mittleres Baumholz_12,,1291.1,Rueun
15.0,12,prot_no_nat,not_young,2,2,2,0,2,4271,Stangenholz,Stangenholz_12,,1619.8,Ruschein
1.5,12,prot_no_nat,not_young,2,2,2,0,2,4272,Stangenholz,Stangenholz_12,,1540.7,Ruschein
4.8,12,prot_no_nat,not_young,2,2,2,0,2,4273,Mittleres Baumholz,Mittleres Baumholz_12,,1582.5,Ruschein
0.5,11,prot_no_nat,not_young,2,2,2,0,2,4274,Mittleres Baumholz,Mittleres Baumholz_11,,1285.1,Siat
0.7,11,prot_no_nat,not_young,2,2,2,0,2,4275,Mittleres Baumholz,Mittleres Baumholz_11,,1262.2,Siat
1.2,11,prot_no_nat,not_young,2,2,2,0,2,4276,Schwaches Baumholz,Schwaches Baumholz_11,,1176.6,Siat
1.1,11,prot_no_nat,not_young,2,2,2,0,2,4277,Schwaches Baumholz,Schwaches Baumholz_11,,853.1,Rueun
0.5,11,prot_no_nat,not_young,2,2,2,0,2,4278,Schwaches Baumholz,Schwaches Baumholz_11,,776.8999999999999,Rueun
1.2,11,prot_no_nat,not_young,2,2,2,0,2,4279,Schwaches Baumholz,Schwaches Baumholz_11,,756.2999999999998,Rueun
0.9,11,prot_no_nat,not_young,2,2,2,0,2,4280,Mittleres Baumholz,Mittleres Baumholz_11,,757.2,Rueun
1.0,12,prot_no_nat,not_young,2,2,2,0,2,4281,Mittleres Baumholz,Mittleres Baumholz_12,,1347.7,Pigniu
1.4,12,prot_no_nat,not_young,2,2,2,0,2,4282,Mittleres Baumholz,Mittleres Baumholz_12,,1389.1,Pigniu
0.8,12,prot_no_nat,not_young,2,2,2,0,2,4283,Schwaches Baumholz,Schwaches Baumholz_12,,1406.9,Pigniu
1.4,12,prot_no_nat,not_young,2,2,2,0,2,4284,Schwaches Baumholz,Schwaches Baumholz_12,,1514.1,Pigniu
1.5,8,prot_no_nat,not_young,2,2,2,0,2,4285,Schwaches Baumholz,Schwaches Baumholz_8,,1597.6,Pigniu
0.6,11,prot_no_nat,not_young,2,2,2,0,2,4286,Schwaches Baumholz,Schwaches Baumholz_11,,895.2,Schnaus
1.1,11,prot_no_nat,not_young,2,2,2,0,2,4287,Mittleres Baumholz,Mittleres Baumholz_11,,1199.1,Schnaus
3.9,11,prot_no_nat,not_young,1,2,2,0,2,4288,Schwaches Baumholz,Schwaches Baumholz_11,,709.4,Rueun
0.7,11,prot_no_nat,not_young,2,2,2,0,2,4289,Schwaches Baumholz,Schwaches Baumholz_11,,1171.4,Schnaus
2.4,11,prot_no_nat,not_young,2,2,2,0,2,4290,Starkes Baumholz,Starkes Baumholz_11,,1143.9,Schnaus
1.2,11,prot_no_nat,not_young,2,2,2,0,2,4291,Mittleres Baumholz,Mittleres Baumholz_11,,785.8999999999999,Schnaus
1.3,11,prot_no_nat,not_young,2,2,2,0,2,4292,Stangenholz,Stangenholz_11,,1299.2,Ruschein
1.5,11,prot_no_nat,not_young,2,2,2,0,2,4293,Starkes Baumholz,Starkes Baumholz_11,,873.7999999999998,Schnaus
0.8,11,prot_no_nat,not_young,2,2,2,0,2,4294,Stangenholz,Stangenholz_11,,1449.6,Ruschein
1.3,11,prot_no_nat,not_young,2,2,2,0,2,4295,Schwaches Baumholz,Schwaches Baumholz_11,,1142.9,Rueun
0.8,11,prot_no_nat,not_young,2,2,2,0,2,4296,Starkes Baumholz,Starkes Baumholz_11,,1289.2,Rueun
1.4,11,prot_no_nat,not_young,2,2,2,0,2,4297,Schwaches Baumholz,Schwaches Baumholz_11,,1226.9,Rueun
0.7,11,prot_no_nat,not_young,2,2,2,0,2,4298,Mittleres Baumholz,Mittleres Baumholz_11,,926.1,Rueun
1.7,11,prot_no_nat,not_young,2,2,2,0,2,4299,Mittleres Baumholz,Mittleres Baumholz_11,,779.3999999999999,Rueun
0.6,11,prot_no_nat,not_young,2,2,2,0,2,4300,Stangenholz,Stangenholz_11,,749.2999999999998,Rueun
0.6,11,prot_no_nat,not_young,2,2,2,0,2,4301,Starkes Baumholz,Starkes Baumholz_11,,1100.5,Rueun
0.7,11,prot_no_nat,not_young,2,2,2,0,2,4302,Schwaches Baumholz,Schwaches Baumholz_11,,767.8999999999999,Rueun
2.7,11,prot_no_nat,not_young,2,2,2,0,2,4303,Stangenholz,Stangenholz_11,,1352.3,Ruschein
1.7,11,prot_no_nat,not_young,2,2,2,0,2,4304,Schwaches Baumholz,Schwaches Baumholz_11,,956.8,Schnaus
0.8,11,prot_no_nat,not_young,2,2,2,0,2,4305,Stangenholz,Stangenholz_11,,1131.3,Schnaus
0.9,11,prot_no_nat,not_young,2,2,2,0,2,4306,Stangenholz,Stangenholz_11,,1417.3,Ruschein
1.0,11,prot_no_nat,not_young,2,2,2,0,2,4307,Starkes Baumholz,Starkes Baumholz_11,,963.2,Schnaus
0.5,11,prot_no_nat,not_young,2,2,2,0,2,4308,Mittleres Baumholz,Mittleres Baumholz_11,,753.3999999999999,Schnaus
0.7,8,prot_no_nat,not_young,2,2,2,0,2,4309,Mittleres Baumholz,Mittleres Baumholz_8,,1606.0,Rueun
0.9,8,prot_no_nat,not_young,2,2,2,0,2,4310,Stangenholz,Stangenholz_8,,1619.5,Pigniu
0.5,12,prot_no_nat,not_young,2,2,2,0,2,4311,Stangenholz,Stangenholz_12,,1563.8,Rueun
0.8,8,prot_no_nat,not_young,2,2,2,0,2,4312,Stangenholz,Stangenholz_8,,1661.4,Pigniu
1.7,12,prot_no_nat,not_young,2,2,2,0,2,4313,Schwaches Baumholz,Schwaches Baumholz_12,,1273.4,Pigniu
2.9,11,prot_no_nat,not_young,2,2,2,0,2,4314,Starkes Baumholz,Starkes Baumholz_11,,1192.7,Ruschein
1.8,5,prot_no_nat,not_young,2,2,2,0,2,4315,Schwaches Baumholz,Schwaches Baumholz_5,,1923.4,Siat
0.6,8,prot_no_nat,not_young,2,2,2,0,2,4316,Schwaches Baumholz,Schwaches Baumholz_8,,1783.7,Siat
0.9,12,prot_no_nat,not_young,2,2,2,0,2,4317,Stangenholz,Stangenholz_12,,1434.2,Siat
1.4,12,prot_no_nat,not_young,2,2,2,0,2,4318,Schwaches Baumholz,Schwaches Baumholz_12,,1631.2,Siat
1.1,12,prot_no_nat,not_young,2,2,2,0,2,4319,Mittleres Baumholz,Mittleres Baumholz_12,,1597.0,Siat
4.1,11,prot_no_nat,not_young,2,2,2,0,2,4320,Starkes Baumholz,Starkes Baumholz_11,,960.7,Rueun
0.5,12,prot_no_nat,not_young,2,2,2,0,2,4321,Schwaches Baumholz,Schwaches Baumholz_12,,1392.7,Rueun
1.1,11,prot_no_nat,not_young,2,2,2,0,2,4322,Schwaches Baumholz,Schwaches Baumholz_11,,1088.5,Rueun
0.6,12,prot_no_nat,not_young,2,2,2,0,2,4323,Schwaches Baumholz,Schwaches Baumholz_12,,1327.2,Pigniu
0.6,12,prot_no_nat,not_young,2,2,2,0,2,4324,Schwaches Baumholz,Schwaches Baumholz_12,,1372.4,Pigniu
1.4,12,prot_no_nat,not_young,2,2,2,0,2,4325,Schwaches Baumholz,Schwaches Baumholz_12,,1366.4,Pigniu
0.5,12,prot_no_nat,not_young,2,2,2,0,2,4326,Schwaches Baumholz,Schwaches Baumholz_12,,1562.7,Rueun
1.1,11,prot_no_nat,not_young,2,2,2,0,2,4327,Stangenholz,Stangenholz_11,,1366.5,Ruschein
0.5,11,prot_no_nat,not_young,2,2,2,0,2,4328,Mittleres Baumholz,Mittleres Baumholz_11,,1157.4,Ruschein
1.1,12,prot_no_nat,not_young,2,2,2,0,2,4329,Schwaches Baumholz,Schwaches Baumholz_12,,1642.9,Siat
1.6,12,prot_no_nat,not_young,2,2,2,0,2,4330,Mittleres Baumholz,Mittleres Baumholz_12,,1530.5,Siat
0.9,12,prot_no_nat,not_young,2,2,2,0,2,4331,Mittleres Baumholz,Mittleres Baumholz_12,,1647.1,Siat
1.3,12,prot_no_nat,not_young,2,2,2,0,2,4332,Mittleres Baumholz,Mittleres Baumholz_12,,1624.5,Siat
1.0,12,prot_no_nat,not_young,2,2,2,0,2,4333,Schwaches Baumholz,Schwaches Baumholz_12,,1431.5,Siat
0.6,8,prot_no_nat,not_young,2,2,2,0,2,4334,Mittleres Baumholz,Mittleres Baumholz_8,,1844.4,Siat
0.5,8,prot_no_nat,not_young,2,2,2,0,2,4335,Mittleres Baumholz,Mittleres Baumholz_8,,1819.2,Siat
5.1,8,prot_no_nat,not_young,2,2,2,0,2,4336,Schwaches Baumholz,Schwaches Baumholz_8,,1802.8,Siat
1.1,8,prot_no_nat,not_young,2,2,2,0,2,4337,Stangenholz,Stangenholz_8,,1669.8,Siat
1.2,8,prot_no_nat,not_young,2,2,2,0,2,4338,Mittleres Baumholz,Mittleres Baumholz_8,,1759.3,Siat
0.6,8,prot_no_nat,not_young,2,2,2,0,2,4339,Mittleres Baumholz,Mittleres Baumholz_8,,1661.7,Siat
1.1,8,prot_no_nat,not_young,2,2,2,0,2,4340,Mittleres Baumholz,Mittleres Baumholz_8,,1670.8,Siat
0.7,8,prot_no_nat,not_young,2,2,2,0,2,4341,Mittleres Baumholz,Mittleres Baumholz_8,,1668.8,Siat
2.4,8,prot_no_nat,not_young,2,2,2,0,2,4342,Mittleres Baumholz,Mittleres Baumholz_8,,1711.1,Pigniu
0.6,11,prot_no_nat,not_young,2,2,2,0,2,4343,Stangenholz,Stangenholz_11,,1196.3,Luven
1.7,11,prot_no_nat,not_young,2,2,2,0,2,4344,Starkes Baumholz,Starkes Baumholz_11,,1166.0,Luven
0.8,12,prot_no_nat,not_young,2,2,2,0,2,4345,Schwaches Baumholz,Schwaches Baumholz_12,,1498.7,Siat
2.9,8,prot_no_nat,not_young,2,2,2,0,2,4346,Schwaches Baumholz,Schwaches Baumholz_8,,1674.1,Siat
0.6,12,prot_no_nat,not_young,2,2,2,0,2,4347,Mittleres Baumholz,Mittleres Baumholz_12,,1465.8,Siat
4.3,12,prot_no_nat,not_young,2,2,2,0,2,4348,Mittleres Baumholz,Mittleres Baumholz_12,,1516.4,Siat
5.7,11,prot_no_nat,not_young,2,2,2,0,2,4349,Mittleres Baumholz,Mittleres Baumholz_11,,813.7,Rueun
1.9,12,prot_no_nat,not_young,2,2,2,0,2,4350,Mittleres Baumholz,Mittleres Baumholz_12,,1372.3,Pigniu
1.8,12,prot_no_nat,not_young,2,2,2,0,2,4351,Stangenholz,Stangenholz_12,,1349.1,Pigniu
0.8,12,prot_no_nat,not_young,2,2,2,0,2,4352,Schwaches Baumholz,Schwaches Baumholz_12,,1454.5,Pigniu
0.7,12,prot_no_nat,not_young,2,2,2,0,2,4353,Mittleres Baumholz,Mittleres Baumholz_12,,1403.8,Pigniu
1.0,12,prot_no_nat,not_young,2,2,2,0,2,4354,Mittleres Baumholz,Mittleres Baumholz_12,,1546.7,Pigniu
1.3,12,prot_no_nat,not_young,2,2,2,0,2,4355,Schwaches Baumholz,Schwaches Baumholz_12,,1327.2,Pigniu
0.7,12,prot_no_nat,not_young,2,2,2,0,2,4356,Mittleres Baumholz,Mittleres Baumholz_12,,1585.8,Rueun
0.5,8,prot_no_nat,not_young,2,2,2,0,2,4357,Schwaches Baumholz,Schwaches Baumholz_8,,1761.2,Rueun
1.1,12,prot_no_nat,not_young,2,2,2,0,2,4358,Schwaches Baumholz,Schwaches Baumholz_12,,1466.7,Rueun
0.5,12,prot_no_nat,not_young,2,2,2,0,2,4359,Stangenholz,Stangenholz_12,,1536.9,Rueun
1.2,12,prot_no_nat,not_young,2,2,2,0,2,4360,Stangenholz,Stangenholz_12,,1440.3,Rueun
1.5,8,prot_no_nat,not_young,2,2,2,0,2,4361,Schwaches Baumholz,Schwaches Baumholz_8,,1622.2,Rueun
0.7,12,prot_no_nat,not_young,2,2,2,0,2,4362,Stangenholz,Stangenholz_12,,1598.6,Rueun
0.7,12,prot_no_nat,not_young,2,2,2,0,2,4363,Mittleres Baumholz,Mittleres Baumholz_12,,1566.7,Rueun
1.6,8,prot_no_nat,not_young,2,2,2,0,2,4364,Mittleres Baumholz,Mittleres Baumholz_8,,1643.0,Siat
0.8,12,prot_no_nat,not_young,2,2,2,0,2,4365,Schwaches Baumholz,Schwaches Baumholz_12,,1582.6,Siat
5.8,8,prot_no_nat,not_young,2,2,2,0,2,4366,Schwaches Baumholz,Schwaches Baumholz_8,,1581.2,Siat
1.1,12,prot_no_nat,not_young,2,2,2,0,2,4367,Starkes Baumholz,Starkes Baumholz_12,,1576.4,Siat
1.4,12,prot_no_nat,not_young,2,2,2,0,2,4368,Mittleres Baumholz,Mittleres Baumholz_12,,1565.6,Siat
2.3,8,prot_no_nat,not_young,2,2,2,0,2,4369,Schwaches Baumholz,Schwaches Baumholz_8,,1620.9,Siat
1.5,12,prot_no_nat,not_young,2,2,2,0,2,4370,Schwaches Baumholz,Schwaches Baumholz_12,,1545.9,Siat
1.3,11,prot_no_nat,not_young,2,2,2,0,2,4371,Schwaches Baumholz,Schwaches Baumholz_11,,1136.3,Siat
1.4,11,prot_no_nat,not_young,2,2,2,0,2,4372,Starkes Baumholz,Starkes Baumholz_11,,844.0,Rueun
0.7,11,prot_no_nat,not_young,2,2,2,0,2,4373,Stangenholz,Stangenholz_11,,1333.6,Siat
1.0,11,prot_no_nat,not_young,2,2,2,0,2,4374,Stangenholz,Stangenholz_11,,752.1,Rueun
0.6,12,prot_no_nat,not_young,2,2,2,0,2,4375,Mittleres Baumholz,Mittleres Baumholz_12,,1371.9,Siat
0.7,12,prot_no_nat,not_young,2,2,2,0,2,4376,Stangenholz,Stangenholz_12,,1473.8,Ruschein
0.7,12,prot_no_nat,not_young,2,2,2,0,2,4377,Schwaches Baumholz,Schwaches Baumholz_12,,1397.1,Siat
0.5,12,prot_no_nat,not_young,2,2,2,0,2,4378,Stangenholz,Stangenholz_12,,1400.4,Ruschein
2.6,12,prot_no_nat,not_young,2,2,2,0,2,4379,Stangenholz,Stangenholz_12,,1558.8,Ruschein
0.6,11,prot_no_nat,not_young,2,2,2,0,2,4380,Schwaches Baumholz,Schwaches Baumholz_11,,1392.7,Ruschein
1.7,12,prot_no_nat,not_young,2,2,2,0,2,4381,Stangenholz,Stangenholz_12,,1414.4,Ruschein
0.5,5,prot_no_nat,not_young,2,2,2,0,2,4382,Mittleres Baumholz,Mittleres Baumholz_5,,2014.3,Schnaus
2.9,12,prot_no_nat,not_young,2,2,2,0,2,4383,Starkes Baumholz,Starkes Baumholz_12,,1580.7,Ruschein
0.7,12,prot_no_nat,not_young,2,2,2,0,2,4384,Stangenholz,Stangenholz_12,,1435.6,Pigniu
0.6,12,prot_no_nat,not_young,2,2,2,0,2,4385,Schwaches Baumholz,Schwaches Baumholz_12,,1487.9,Pigniu
1.6,12,prot_no_nat,not_young,2,2,2,0,2,4386,Mittleres Baumholz,Mittleres Baumholz_12,,1584.2,Pigniu
1.7,8,prot_no_nat,not_young,2,2,2,0,2,4387,Mittleres Baumholz,Mittleres Baumholz_8,,1649.6,Rueun
1.9,12,prot_no_nat,not_young,2,2,2,0,2,4388,Stangenholz,Stangenholz_12,,1307.2,Pigniu
0.8,8,prot_no_nat,not_young,2,2,2,0,2,4389,Stangenholz,Stangenholz_8,,1675.1,Rueun
1.7,11,prot_no_nat,not_young,2,2,2,0,2,4390,Mittleres Baumholz,Mittleres Baumholz_11,,1338.4,Luven
1.5,11,prot_no_nat,not_young,2,2,2,0,2,4391,Starkes Baumholz,Starkes Baumholz_11,,1263.5,Luven
5.0,8,prot_no_nat,not_young,2,2,2,0,2,4392,Mittleres Baumholz,Mittleres Baumholz_8,,1753.8,Siat
1.0,8,prot_no_nat,not_young,2,2,2,0,2,4393,Mittleres Baumholz,Mittleres Baumholz_8,,1716.7,Siat
1.2,8,prot_no_nat,not_young,2,2,2,0,2,4394,Mittleres Baumholz,Mittleres Baumholz_8,,1737.7,Siat
1.4,8,prot_no_nat,not_young,2,2,2,0,2,4395,Mittleres Baumholz,Mittleres Baumholz_8,,1613.9,Siat
0.9,12,prot_no_nat,not_young,2,2,2,0,2,4396,Mittleres Baumholz,Mittleres Baumholz_12,,1492.3,Siat
0.7,12,prot_no_nat,not_young,2,2,2,0,2,4397,Schwaches Baumholz,Schwaches Baumholz_12,,1471.4,Siat
0.5,12,prot_no_nat,not_young,2,2,2,0,2,4398,Starkes Baumholz,Starkes Baumholz_12,,1454.5,Siat
0.8,12,prot_no_nat,not_young,2,2,2,0,2,4399,Mittleres Baumholz,Mittleres Baumholz_12,,1418.6,Siat
0.6,8,prot_no_nat,not_young,2,2,2,0,2,4400,Mittleres Baumholz,Mittleres Baumholz_8,,1681.6,Ruschein
1.5,12,prot_no_nat,not_young,2,2,2,0,2,4401,Mittleres Baumholz,Mittleres Baumholz_12,,1396.4,Ruschein
1.0,12,prot_no_nat,not_young,2,2,2,0,2,4402,Starkes Baumholz,Starkes Baumholz_12,,1383.0,Ruschein
1.8,8,prot_no_nat,not_young,2,2,2,0,2,4403,Mittleres Baumholz,Mittleres Baumholz_8,,1720.3,Ruschein
1.3,11,prot_no_nat,not_young,2,2,2,0,2,4404,Starkes Baumholz,Starkes Baumholz_11,,1531.3,Ruschein
1.6,11,prot_no_nat,not_young,2,2,2,0,2,4405,Stangenholz,Stangenholz_11,,768.6,Rueun
0.5,3,prot_no_nat,not_young,2,2,2,0,2,4406,Schwaches Baumholz,Schwaches Baumholz_3,,719.9,Schnaus
2.5,11,prot_no_nat,not_young,2,2,2,0,2,4407,Schwaches Baumholz,Schwaches Baumholz_11,,1111.7,Schnaus
0.8,11,prot_no_nat,not_young,2,2,2,0,2,4408,Mittleres Baumholz,Mittleres Baumholz_11,,1290.4,Ruschein
2.2,11,prot_no_nat,not_young,2,2,2,0,2,4409,Schwaches Baumholz,Schwaches Baumholz_11,,880.2999999999998,Schnaus
2.3,8,prot_no_nat,not_young,2,2,2,0,2,4410,Mittleres Baumholz,Mittleres Baumholz_8,,1695.1,Ruschein
0.9,11,prot_no_nat,not_young,2,2,2,0,2,4411,Stangenholz,Stangenholz_11,,1490.7,Ruschein
0.7,8,res_prot,not_young,2,2,2,0,2,4412,Mittleres Baumholz,Mittleres Baumholz_8,,1662.5,Pigniu
1.7,12,prot_no_nat,not_young,2,2,2,0,2,4413,Mittleres Baumholz,Mittleres Baumholz_12,,1537.2,Rueun
1.5,12,prot_no_nat,not_young,2,2,2,0,2,4414,Schwaches Baumholz,Schwaches Baumholz_12,,1316.4,Pigniu
0.6,12,prot_no_nat,not_young,2,2,2,0,2,4415,Mittleres Baumholz,Mittleres Baumholz_12,,1376.5,Rueun
0.8,8,prot_no_nat,not_young,2,2,2,0,2,4416,Stangenholz,Stangenholz_8,,1843.6,Rueun
2.0,12,prot_no_nat,not_young,2,2,2,0,2,4417,Schwaches Baumholz,Schwaches Baumholz_12,,1320.7,Rueun
0.5,12,prot_no_nat,not_young,2,2,2,0,2,4418,Stangenholz,Stangenholz_12,,1387.6,Rueun
2.1,8,prot_no_nat,not_young,2,2,2,0,2,4419,Schwaches Baumholz,Schwaches Baumholz_8,,1615.0,Rueun
0.8,8,prot_no_nat,not_young,2,2,2,0,2,4420,Stangenholz,Stangenholz_8,,1697.1,Rueun
0.5,8,prot_no_nat,not_young,2,2,2,0,2,4421,Mittleres Baumholz,Mittleres Baumholz_8,,1574.5,Rueun
1.1,11,prot_no_nat,not_young,2,2,2,0,2,4422,Schwaches Baumholz,Schwaches Baumholz_11,,1166.4,Luven
0.5,11,prot_no_nat,not_young,2,2,2,0,2,4423,Schwaches Baumholz,Schwaches Baumholz_11,,816.7,Rueun
0.7,12,prot_no_nat,not_young,2,2,2,0,2,4424,Mittleres Baumholz,Mittleres Baumholz_12,,1578.6,Siat
0.6,8,prot_no_nat,not_young,2,2,2,0,2,4425,Mittleres Baumholz,Mittleres Baumholz_8,,1625.4,Siat
0.9,8,prot_no_nat,not_young,2,2,2,0,2,4426,Stangenholz,Stangenholz_8,,1579.0,Siat
1.1,12,prot_no_nat,not_young,2,2,2,0,2,4427,Schwaches Baumholz,Schwaches Baumholz_12,,1603.5,Ruschein
0.6,12,prot_no_nat,not_young,2,2,2,0,2,4428,Stangenholz,Stangenholz_12,,1524.6,Ruschein
0.5,11,prot_no_nat,not_young,2,2,2,0,2,4429,Schwaches Baumholz,Schwaches Baumholz_11,,954.3,Ruschein
1.9,11,prot_no_nat,not_young,2,2,2,0,2,4430,Starkes Baumholz,Starkes Baumholz_11,,1239.3,Ruschein
3.9,11,prot_no_nat,not_young,2,2,2,0,2,4431,Mittleres Baumholz,Mittleres Baumholz_11,,1407.4,Ladir
2.4,11,prot_no_nat,not_young,2,2,2,0,2,4432,Starkes Baumholz,Starkes Baumholz_11,,1354.6,Ladir
4.6,11,prot_no_nat,not_young,2,2,2,0,2,4433,Mittleres Baumholz,Mittleres Baumholz_11,,1237.0,Ruschein
0.6,11,prot_no_nat,not_young,2,2,2,0,2,4434,Schwaches Baumholz,Schwaches Baumholz_11,,816.2,Schnaus
0.6,11,prot_no_nat,not_young,2,2,2,0,2,4435,Mittleres Baumholz,Mittleres Baumholz_11,,777.5,Schnaus
0.5,11,prot_no_nat,not_young,2,2,2,0,2,4436,Schwaches Baumholz,Schwaches Baumholz_11,,1028.3,Ruschein
1.4,11,prot_no_nat,not_young,2,2,2,0,2,4437,Schwaches Baumholz,Schwaches Baumholz_11,,818.2,Schnaus
0.9,11,prot_no_nat,not_young,2,2,2,0,2,4438,Mittleres Baumholz,Mittleres Baumholz_11,,1106.2,Ruschein
4.4,11,prot_no_nat,not_young,2,2,2,0,2,4439,Mittleres Baumholz,Mittleres Baumholz_11,,1171.4,Ruschein
0.9,9,prot_no_nat,not_young,2,2,2,0,2,4440,Schwaches Baumholz,Schwaches Baumholz_9,,1897.3,Rueun
4.3,12,prot_no_nat,not_young,2,2,2,0,2,4441,Mittleres Baumholz,Mittleres Baumholz_12,,1515.6,Rueun
0.8,8,prot_no_nat,not_young,2,2,2,0,2,4442,Mittleres Baumholz,Mittleres Baumholz_8,,1732.2,Rueun
1.8,12,prot_no_nat,not_young,2,2,2,0,2,4443,Schwaches Baumholz,Schwaches Baumholz_12,,1594.3,Rueun
1.8,11,prot_no_nat,not_young,2,2,2,0,2,4444,Starkes Baumholz,Starkes Baumholz_11,,1268.3,Ladir
3.3,12,prot_no_nat,not_young,2,2,2,0,2,4445,Mittleres Baumholz,Mittleres Baumholz_12,,1047.0,Rueun
0.8,12,prot_no_nat,not_young,2,2,2,0,2,4446,Mittleres Baumholz,Mittleres Baumholz_12,,1160.5,Rueun
1.2,11,prot_no_nat,not_young,2,2,2,0,2,4447,Stangenholz,Stangenholz_11,,1363.8,Ruschein
2.6,11,prot_no_nat,not_young,2,2,2,0,2,4448,Mittleres Baumholz,Mittleres Baumholz_11,,1357.0,Ladir
1.5,8,prot_no_nat,not_young,2,2,2,0,2,4449,Mittleres Baumholz,Mittleres Baumholz_8,,1766.3,Schnaus
0.5,12,prot_no_nat,not_young,2,2,2,0,2,4450,Mittleres Baumholz,Mittleres Baumholz_12,,1472.6,Ruschein
1.7,12,prot_no_nat,not_young,2,2,2,0,2,4451,Stangenholz,Stangenholz_12,,1472.6,Ruschein
0.6,8,prot_no_nat,not_young,2,2,2,0,2,4452,Stangenholz,Stangenholz_8,,1650.3,Ruschein
0.8,8,prot_no_nat,not_young,2,2,2,0,2,4453,Schwaches Baumholz,Schwaches Baumholz_8,,1726.4,Siat
1.8,5,prot_no_nat,not_young,2,2,2,0,2,4454,Schwaches Baumholz,Schwaches Baumholz_5,,1895.0,Rueun
1.7,11,prot_no_nat,not_young,2,2,2,0,2,4455,Mittleres Baumholz,Mittleres Baumholz_11,,1282.6,Luven
2.4,11,prot_no_nat,not_young,2,2,2,0,2,4456,Mittleres Baumholz,Mittleres Baumholz_11,,1064.5,Rueun
0.8,11,prot_no_nat,not_young,2,2,2,0,2,4457,Mittleres Baumholz,Mittleres Baumholz_11,,886.2999999999998,Rueun
0.7,11,prot_no_nat,not_young,2,2,2,0,2,4458,Schwaches Baumholz,Schwaches Baumholz_11,,1177.3,Rueun
2.3,11,prot_no_nat,not_young,2,2,2,0,2,4459,Mittleres Baumholz,Mittleres Baumholz_11,,808.8999999999999,Rueun
0.5,11,prot_no_nat,not_young,2,2,2,0,2,4460,Schwaches Baumholz,Schwaches Baumholz_11,,1160.1,Rueun
1.0,12,prot_no_nat,not_young,2,2,2,0,2,4461,Schwaches Baumholz,Schwaches Baumholz_12,,1355.8,Rueun
3.0,11,prot_no_nat,not_young,2,2,2,0,2,4462,Starkes Baumholz,Starkes Baumholz_11,,1390.8,Ruschein
1.5,8,prot_no_nat,not_young,2,2,2,0,2,4463,Schwaches Baumholz,Schwaches Baumholz_8,,1807.9,Ruschein
1.2,11,prot_no_nat,not_young,1,2,2,0,2,4464,Schwaches Baumholz,Schwaches Baumholz_11,,737.1,Waltensburg/Vuorz
2.0,12,prot_no_nat,not_young,2,2,2,0,2,4465,Mittleres Baumholz,Mittleres Baumholz_12,,1091.6,Rueun
0.5,11,prot_no_nat,not_young,2,2,2,0,2,4466,Schwaches Baumholz,Schwaches Baumholz_11,,960.0,Rueun
0.7,12,prot_no_nat,not_young,2,2,2,0,2,4467,Schwaches Baumholz,Schwaches Baumholz_12,,1127.7,Rueun
2.3,11,prot_no_nat,not_young,2,2,2,0,2,4468,Schwaches Baumholz,Schwaches Baumholz_11,,1082.3,Rueun
1.0,12,prot_no_nat,not_young,2,2,2,0,2,4469,Mittleres Baumholz,Mittleres Baumholz_12,,1400.5,Rueun
1.5,11,prot_no_nat,not_young,2,2,2,0,2,4470,Starkes Baumholz,Starkes Baumholz_11,,1233.9,Ruschein
1.7,11,prot_no_nat,not_young,2,2,2,0,2,4471,Schwaches Baumholz,Schwaches Baumholz_11,,1252.4,Ruschein
1.4,11,prot_no_nat,not_young,2,2,2,0,2,4472,Starkes Baumholz,Starkes Baumholz_11,,1146.5,Luven
2.8,11,prot_no_nat,not_young,2,2,2,0,2,4473,Starkes Baumholz,Starkes Baumholz_11,,1158.7,Luven
1.2,11,prot_no_nat,not_young,2,2,2,0,2,4474,Schwaches Baumholz,Schwaches Baumholz_11,,1188.8,Siat
0.8,11,prot_no_nat,not_young,2,2,2,0,2,4475,Starkes Baumholz,Starkes Baumholz_11,,982.2,Ruschein
6.3,11,prot_no_nat,not_young,2,2,2,0,2,4476,Mittleres Baumholz,Mittleres Baumholz_11,,1307.0,Ruschein
0.7,11,prot_no_nat,not_young,2,2,2,0,2,4477,Stangenholz,Stangenholz_11,,1329.5,Ladir
1.7,11,prot_no_nat,not_young,2,2,2,0,2,4478,Schwaches Baumholz,Schwaches Baumholz_11,,1321.5,Ladir
2.0,11,prot_no_nat,not_young,2,2,2,0,2,4479,Schwaches Baumholz,Schwaches Baumholz_11,,1097.2,Luven
1.2,12,prot_no_nat,not_young,2,2,2,0,2,4480,Mittleres Baumholz,Mittleres Baumholz_12,,1356.1,Rueun
1.1,12,prot_no_nat,not_young,2,2,2,0,2,4481,Schwaches Baumholz,Schwaches Baumholz_12,,1334.6,Rueun
0.5,12,prot_no_nat,not_young,2,2,2,0,2,4482,Schwaches Baumholz,Schwaches Baumholz_12,,1452.8,Rueun
0.6,12,prot_no_nat,not_young,2,2,2,0,2,4483,Schwaches Baumholz,Schwaches Baumholz_12,,1410.0,Rueun
0.5,12,prot_no_nat,not_young,2,2,2,0,2,4484,Schwaches Baumholz,Schwaches Baumholz_12,,1487.4,Rueun
0.9,8,prot_no_nat,not_young,2,2,2,0,2,4485,Stangenholz,Stangenholz_8,,1645.5,Rueun
0.9,8,prot_no_nat,not_young,2,2,2,0,2,4486,Schwaches Baumholz,Schwaches Baumholz_8,,1804.1,Rueun
1.5,11,prot_no_nat,not_young,2,2,2,0,2,4487,Mittleres Baumholz,Mittleres Baumholz_11,,993.2,Flond
1.9,11,prot_no_nat,not_young,2,2,2,0,2,4488,Mittleres Baumholz,Mittleres Baumholz_11,,940.5,Flond
0.9,11,prot_no_nat,not_young,2,2,2,0,2,4489,Mittleres Baumholz,Mittleres Baumholz_11,,1031.5,Flond
3.3,11,prot_no_nat,not_young,2,2,2,0,2,4490,Mittleres Baumholz,Mittleres Baumholz_11,,958.7,Rueun
0.9,11,prot_no_nat,not_young,2,2,2,0,2,4491,Mittleres Baumholz,Mittleres Baumholz_11,,1339.8,Rueun
2.2,11,res_prot,not_young,2,2,2,0,2,4492,Schwaches Baumholz,Schwaches Baumholz_11,,846.5,Rueun
0.9,12,prot_no_nat,not_young,2,2,2,0,2,4493,Schwaches Baumholz,Schwaches Baumholz_12,,1400.3,Rueun
4.1,11,prot_no_nat,not_young,2,2,2,0,2,4494,Schwaches Baumholz,Schwaches Baumholz_11,,1037.1,Rueun
1.4,11,prot_no_nat,not_young,2,2,2,0,2,4495,Mittleres Baumholz,Mittleres Baumholz_11,,1368.9,Ladir
1.8,11,prot_no_nat,not_young,2,2,2,0,2,4496,Schwaches Baumholz,Schwaches Baumholz_11,,811.2999999999998,Rueun
0.7,11,prot_no_nat,not_young,2,2,2,0,2,4497,Mittleres Baumholz,Mittleres Baumholz_11,,1482.7,Siat
0.9,11,prot_no_nat,not_young,2,2,2,0,2,4498,Starkes Baumholz,Starkes Baumholz_11,,800.2999999999998,Rueun
2.0,11,prot_no_nat,not_young,2,2,2,0,2,4499,Starkes Baumholz,Starkes Baumholz_11,,1570.7,Ladir
3.1,11,prot_no_nat,not_young,2,2,2,0,2,4500,Schwaches Baumholz,Schwaches Baumholz_11,,1593.3,Ladir
0.9,8,prot_no_nat,not_young,2,2,2,0,2,4501,Schwaches Baumholz,Schwaches Baumholz_8,,1749.5,Rueun
1.2,8,prot_no_nat,not_young,2,2,2,0,2,4502,Schwaches Baumholz,Schwaches Baumholz_8,,1726.4,Rueun
1.3,8,prot_no_nat,not_young,2,2,2,0,2,4503,Mittleres Baumholz,Mittleres Baumholz_8,,1835.1,Rueun
0.8,8,prot_no_nat,not_young,2,2,2,0,2,4504,Mittleres Baumholz,Mittleres Baumholz_8,,1803.0,Rueun
1.0,8,prot_no_nat,not_young,2,2,2,0,2,4505,Schwaches Baumholz,Schwaches Baumholz_8,,1850.8,Rueun
1.3,9,prot_no_nat,not_young,2,2,2,0,2,4506,Schwaches Baumholz,Schwaches Baumholz_9,,1895.3,Rueun
2.8,11,prot_no_nat,not_young,2,2,2,0,2,4507,Starkes Baumholz,Starkes Baumholz_11,,979.8,Flond
3.7,11,prot_no_nat,not_young,2,2,2,0,2,4508,Starkes Baumholz,Starkes Baumholz_11,,988.8,Flond
2.7,11,prot_no_nat,not_young,2,2,2,0,2,4509,Starkes Baumholz,Starkes Baumholz_11,,1361.4,Surcuolm
1.2,11,prot_no_nat,not_young,2,2,2,0,2,4510,Schwaches Baumholz,Schwaches Baumholz_11,,950.8,Rueun
0.5,11,prot_no_nat,not_young,2,2,2,0,2,4511,Mittleres Baumholz,Mittleres Baumholz_11,,1012.3,Rueun
0.9,11,prot_no_nat,not_young,2,2,2,0,2,4512,Mittleres Baumholz,Mittleres Baumholz_11,,1042.8,Rueun
1.7,11,prot_no_nat,not_young,2,2,2,0,2,4513,Mittleres Baumholz,Mittleres Baumholz_11,,881.2999999999998,Rueun
1.0,12,prot_no_nat,not_young,2,2,2,0,2,4514,Schwaches Baumholz,Schwaches Baumholz_12,,1420.9,Pigniu
1.0,12,prot_no_nat,not_young,2,2,2,0,2,4515,Mittleres Baumholz,Mittleres Baumholz_12,,1536.4,Pigniu
1.1,12,prot_no_nat,not_young,2,2,2,0,2,4516,Stangenholz,Stangenholz_12,,1301.4,Pigniu
0.8,11,prot_no_nat,not_young,2,2,2,0,2,4517,Mittleres Baumholz,Mittleres Baumholz_11,,798.7,Rueun
0.9,3,prot_no_nat,not_young,2,2,2,0,2,4518,Schwaches Baumholz,Schwaches Baumholz_3,,723.8999999999999,Rueun
0.6,11,prot_no_nat,not_young,2,2,2,0,2,4519,Stangenholz,Stangenholz_11,,1324.6,Siat
1.4,11,prot_no_nat,not_young,2,2,2,0,2,4520,Mittleres Baumholz,Mittleres Baumholz_11,,1339.1,Siat
2.5,11,prot_no_nat,not_young,2,2,2,0,2,4521,Schwaches Baumholz,Schwaches Baumholz_11,,979.7,Siat
2.1,11,prot_no_nat,not_young,2,2,2,0,2,4522,Mittleres Baumholz,Mittleres Baumholz_11,,857.3999999999999,Schnaus
1.5,11,prot_no_nat,not_young,2,2,2,0,2,4523,Stangenholz,Stangenholz_11,,1341.5,Ruschein
2.0,12,prot_no_nat,not_young,2,2,2,0,2,4524,Starkes Baumholz,Starkes Baumholz_12,,1497.7,Pigniu
1.0,11,prot_no_nat,not_young,2,2,2,0,2,4525,Starkes Baumholz,Starkes Baumholz_11,,1394.3,Luven
0.5,12,prot_no_nat,not_young,2,2,2,0,2,4526,Mittleres Baumholz,Mittleres Baumholz_12,,1373.3,Pigniu
1.6,8,prot_no_nat,not_young,2,2,2,0,2,4527,Mittleres Baumholz,Mittleres Baumholz_8,,1660.7,Pigniu
0.6,12,prot_no_nat,not_young,2,2,2,0,2,4528,Stangenholz,Stangenholz_12,,1291.4,Pigniu
0.8,8,prot_no_nat,not_young,2,2,2,0,2,4529,Schwaches Baumholz,Schwaches Baumholz_8,,1799.1,Rueun
1.3,12,prot_no_nat,not_young,2,2,2,0,2,4530,Mittleres Baumholz,Mittleres Baumholz_12,,1392.3,Rueun
0.6,11,prot_no_nat,not_young,2,2,2,0,2,4531,Stangenholz,Stangenholz_11,,1327.1,Ruschein
1.0,11,prot_no_nat,not_young,2,2,2,0,2,4532,Starkes Baumholz,Starkes Baumholz_11,,1240.4,Ruschein
1.3,11,prot_no_nat,not_young,2,2,2,0,2,4533,Mittleres Baumholz,Mittleres Baumholz_11,,906.7,Schnaus
0.5,11,prot_no_nat,not_young,2,2,2,0,2,4534,Starkes Baumholz,Starkes Baumholz_11,,964.4,Schnaus
2.0,11,prot_no_nat,not_young,2,2,2,0,2,4535,Schwaches Baumholz,Schwaches Baumholz_11,,1047.5,Schnaus
1.7,11,prot_no_nat,not_young,1,2,2,0,2,4536,Stangenholz,Stangenholz_11,,707.4,Schnaus
5.2,11,prot_no_nat,not_young,2,2,2,0,2,4537,Mittleres Baumholz,Mittleres Baumholz_11,,1277.6,Ruschein
0.5,11,prot_no_nat,not_young,2,2,2,0,2,4538,Mittleres Baumholz,Mittleres Baumholz_11,,1135.3,Ruschein
0.6,11,prot_no_nat,not_young,2,2,2,0,2,4539,Starkes Baumholz,Starkes Baumholz_11,,1316.6,Ruschein
0.7,11,prot_no_nat,not_young,2,2,2,0,2,4540,Mittleres Baumholz,Mittleres Baumholz_11,,844.5,Schnaus
0.5,11,prot_no_nat,not_young,2,2,2,0,2,4541,Starkes Baumholz,Starkes Baumholz_11,,1299.1,Ruschein
1.6,11,prot_no_nat,not_young,2,2,2,0,2,4542,Starkes Baumholz,Starkes Baumholz_11,,1393.8,Ruschein
1.6,11,prot_no_nat,not_young,2,2,2,0,2,4543,Starkes Baumholz,Starkes Baumholz_11,,1158.3,Luven
0.5,11,prot_no_nat,not_young,2,2,2,0,2,4544,Schwaches Baumholz,Schwaches Baumholz_11,,1148.0,Luven
1.1,11,prot_no_nat,not_young,2,2,2,0,2,4545,Starkes Baumholz,Starkes Baumholz_11,,1212.7,Luven
1.8,11,prot_no_nat,not_young,2,2,2,0,2,4546,Schwaches Baumholz,Schwaches Baumholz_11,,816.7,Waltensburg/Vuorz
1.5,8,prot_no_nat,not_young,2,2,2,0,2,4547,Mittleres Baumholz,Mittleres Baumholz_8,,1663.1,Rueun
1.8,8,prot_no_nat,not_young,2,2,2,0,2,4548,Mittleres Baumholz,Mittleres Baumholz_8,,1744.5,Rueun
0.6,8,prot_no_nat,not_young,2,2,2,0,2,4549,Schwaches Baumholz,Schwaches Baumholz_8,,1818.4,Rueun
1.4,12,prot_no_nat,not_young,2,2,2,0,2,4550,Stangenholz,Stangenholz_12,,1573.1,Rueun
11.1,11,prot_no_nat,not_young,2,2,2,0,2,4551,Mittleres Baumholz,Mittleres Baumholz_11,,1536.5,Ruschein
0.6,11,prot_no_nat,not_young,2,2,2,0,2,4552,Stangenholz,Stangenholz_11,,910.2,Schnaus
0.8,11,prot_no_nat,not_young,2,2,2,0,2,4553,Mittleres Baumholz,Mittleres Baumholz_11,,1259.7,Ruschein
0.9,11,prot_no_nat,not_young,2,2,2,0,2,4554,Starkes Baumholz,Starkes Baumholz_11,,1321.0,Ruschein
0.9,11,prot_no_nat,not_young,2,2,2,0,2,4555,Starkes Baumholz,Starkes Baumholz_11,,996.6,Ruschein
1.6,11,prot_no_nat,not_young,2,2,2,0,2,4556,Mittleres Baumholz,Mittleres Baumholz_11,,1314.6,Ruschein
0.5,12,prot_no_nat,not_young,2,2,2,0,2,4557,Schwaches Baumholz,Schwaches Baumholz_12,,1549.9,Siat
0.6,12,prot_no_nat,not_young,2,2,2,0,2,4558,Mittleres Baumholz,Mittleres Baumholz_12,,1587.7,Siat
1.5,11,prot_no_nat,not_young,2,2,2,0,2,4559,Starkes Baumholz,Starkes Baumholz_11,,1220.6,Ruschein
1.2,11,prot_no_nat,not_young,2,2,2,0,2,4560,Starkes Baumholz,Starkes Baumholz_11,,1284.3,Ruschein
1.4,11,prot_no_nat,not_young,2,2,2,0,2,4561,Schwaches Baumholz,Schwaches Baumholz_11,,1443.9,Ladir
0.9,11,prot_no_nat,not_young,2,2,2,0,2,4562,Schwaches Baumholz,Schwaches Baumholz_11,,767.7999999999998,Rueun
0.8,11,prot_no_nat,not_young,2,2,2,0,2,4563,Stangenholz,Stangenholz_11,,777.6,Rueun
5.7,8,prot_no_nat,not_young,2,2,2,0,2,4564,Mittleres Baumholz,Mittleres Baumholz_8,,1752.8,Siat
1.2,11,prot_no_nat,not_young,2,2,2,0,2,4565,Schwaches Baumholz,Schwaches Baumholz_11,,860.0,Waltensburg/Vuorz
0.7,11,prot_no_nat,not_young,2,2,2,0,2,4566,Schwaches Baumholz,Schwaches Baumholz_11,,877.3999999999999,Waltensburg/Vuorz
1.9,11,prot_no_nat,not_young,2,2,2,0,2,4567,Stangenholz,Stangenholz_11,,891.6,Waltensburg/Vuorz
0.7,11,prot_no_nat,not_young,2,2,2,0,2,4568,Schwaches Baumholz,Schwaches Baumholz_11,,895.2,Waltensburg/Vuorz
1.4,12,prot_no_nat,not_young,2,2,2,0,2,4569,Schwaches Baumholz,Schwaches Baumholz_12,,1598.9,Rueun
0.6,8,prot_no_nat,not_young,2,2,2,0,2,4570,Schwaches Baumholz,Schwaches Baumholz_8,,1813.3,Rueun
0.5,5,prot_no_nat,not_young,2,2,2,0,2,4571,Schwaches Baumholz,Schwaches Baumholz_5,,1914.5,Rueun
1.8,8,prot_no_nat,not_young,2,2,2,0,2,4572,Mittleres Baumholz,Mittleres Baumholz_8,,1745.6,Siat
2.4,8,prot_no_nat,not_young,2,2,2,0,2,4573,Mittleres Baumholz,Mittleres Baumholz_8,,1751.7,Siat
1.2,8,prot_no_nat,not_young,2,2,2,0,2,4574,Stangenholz,Stangenholz_8,,1727.3,Siat
1.0,12,prot_no_nat,not_young,2,2,2,0,2,4575,Schwaches Baumholz,Schwaches Baumholz_12,,1628.1,Siat
1.0,12,prot_no_nat,not_young,2,2,2,0,2,4576,Mittleres Baumholz,Mittleres Baumholz_12,,1572.3,Siat
2.0,11,prot_no_nat,not_young,2,2,2,0,2,4577,Mittleres Baumholz,Mittleres Baumholz_11,,858.7999999999998,Rueun
0.7,11,res_prot,not_young,2,2,2,0,2,4578,Mittleres Baumholz,Mittleres Baumholz_11,,935.0,Siat
1.0,3,prot_no_nat,not_young,2,2,2,0,2,4579,Schwaches Baumholz,Schwaches Baumholz_3,,735.2,Schnaus
1.8,11,prot_no_nat,not_young,2,2,2,0,2,4580,Stangenholz,Stangenholz_11,,1023.2,Schnaus
2.6,11,prot_no_nat,not_young,2,2,2,0,2,4581,Schwaches Baumholz,Schwaches Baumholz_11,,1415.8,Ruschein
2.3,11,prot_no_nat,not_young,2,2,2,0,2,4582,Mittleres Baumholz,Mittleres Baumholz_11,,891.1,Schnaus
0.5,11,prot_no_nat,not_young,2,2,2,0,2,4583,Stangenholz,Stangenholz_11,,1282.0,Ruschein
1.7,11,prot_no_nat,not_young,2,2,2,0,2,4584,Mittleres Baumholz,Mittleres Baumholz_11,,1016.8,Schnaus
3.6,11,prot_no_nat,not_young,2,2,2,0,2,4585,Starkes Baumholz,Starkes Baumholz_11,,1109.5,Schnaus
1.6,11,prot_no_nat,not_young,1,2,2,0,2,4586,Schwaches Baumholz,Schwaches Baumholz_11,,706.1,Schnaus
0.7,11,prot_no_nat,not_young,2,2,2,0,2,4587,Starkes Baumholz,Starkes Baumholz_11,,1326.4,Ruschein
0.7,12,prot_no_nat,not_young,2,2,2,0,2,4588,Mittleres Baumholz,Mittleres Baumholz_12,,1594.6,Siat
1.0,12,prot_no_nat,not_young,2,2,2,0,2,4589,Schwaches Baumholz,Schwaches Baumholz_12,,1557.5,Siat
3.4,12,prot_no_nat,not_young,2,2,2,0,2,4590,Mittleres Baumholz,Mittleres Baumholz_12,,1603.1,Siat
1.2,12,prot_no_nat,not_young,2,2,2,0,2,4591,Starkes Baumholz,Starkes Baumholz_12,,1482.6,Siat
0.9,12,prot_no_nat,not_young,2,2,2,0,2,4592,Schwaches Baumholz,Schwaches Baumholz_12,,1382.2,Ruschein
1.7,12,prot_no_nat,not_young,2,2,2,0,2,4593,Mittleres Baumholz,Mittleres Baumholz_12,,1649.8,Ruschein
3.6,5,res_prot,not_young,2,2,2,0,2,4594,Mittleres Baumholz,Mittleres Baumholz_5,,1922.6,Schnaus
1.0,11,prot_no_nat,not_young,2,2,2,0,2,4595,Mittleres Baumholz,Mittleres Baumholz_11,,738.3999999999999,Rueun
1.1,8,prot_no_nat,not_young,2,2,2,0,2,4596,Mittleres Baumholz,Mittleres Baumholz_8,,1708.9,Siat
0.9,8,prot_no_nat,not_young,2,2,2,0,2,4597,Mittleres Baumholz,Mittleres Baumholz_8,,1712.0,Siat
3.3,12,prot_no_nat,not_young,2,2,2,0,2,4598,Mittleres Baumholz,Mittleres Baumholz_12,,1609.1,Siat
2.7,11,prot_no_nat,not_young,2,2,2,0,2,4599,Mittleres Baumholz,Mittleres Baumholz_11,,1619.6,Ladir
2.0,11,prot_no_nat,not_young,2,2,2,0,2,4600,Schwaches Baumholz,Schwaches Baumholz_11,,1607.2,Ladir
3.4,8,prot_no_nat,not_young,2,2,2,0,2,4601,Mittleres Baumholz,Mittleres Baumholz_8,,1649.1,Ladir
1.9,12,prot_no_nat,not_young,2,2,2,0,2,4602,Starkes Baumholz,Starkes Baumholz_12,,1604.3,Ruschein
1.2,12,prot_no_nat,not_young,2,2,2,0,2,4603,Stangenholz,Stangenholz_12,,1597.9,Ruschein
1.4,12,prot_no_nat,not_young,2,2,2,0,2,4604,Starkes Baumholz,Starkes Baumholz_12,,1344.4,Ruschein
0.6,8,prot_no_nat,not_young,2,2,2,0,2,4605,Starkes Baumholz,Starkes Baumholz_8,,1699.4,Ruschein
3.8,12,prot_no_nat,not_young,2,2,2,0,2,4606,Mittleres Baumholz,Mittleres Baumholz_12,,1488.4,Ruschein
0.7,12,prot_no_nat,not_young,2,2,2,0,2,4607,Stangenholz,Stangenholz_12,,1482.6,Ruschein
1.2,12,prot_no_nat,not_young,2,2,2,0,2,4608,Schwaches Baumholz,Schwaches Baumholz_12,,1550.6,Ruschein
1.5,11,prot_no_nat,not_young,2,2,2,0,2,4609,Stangenholz,Stangenholz_11,,982.0,Rueun
1.4,12,prot_no_nat,not_young,2,2,2,0,2,4610,Mittleres Baumholz,Mittleres Baumholz_12,,1450.6,Pigniu
0.5,12,prot_no_nat,not_young,2,2,2,0,2,4611,Schwaches Baumholz,Schwaches Baumholz_12,,1479.6,Pigniu
1.7,8,prot_no_nat,not_young,2,2,2,0,2,4612,Mittleres Baumholz,Mittleres Baumholz_8,,1573.2,Pigniu
1.4,12,prot_no_nat,not_young,2,2,2,0,2,4613,Mittleres Baumholz,Mittleres Baumholz_12,,1527.7,Rueun
1.6,12,prot_no_nat,not_young,2,2,2,0,2,4614,Stangenholz,Stangenholz_12,,1287.4,Pigniu
1.4,12,prot_no_nat,not_young,2,2,2,0,2,4615,Mittleres Baumholz,Mittleres Baumholz_12,,1494.4,Rueun
0.6,8,prot_no_nat,not_young,2,2,2,0,2,4616,Schwaches Baumholz,Schwaches Baumholz_8,,1740.9,Rueun
0.6,8,res_prot,not_young,2,2,2,0,2,4617,Mittleres Baumholz,Mittleres Baumholz_8,,1753.5,Pigniu
1.7,12,prot_no_nat,not_young,2,2,2,0,2,4618,Schwaches Baumholz,Schwaches Baumholz_12,,1462.7,Rueun
0.7,8,prot_no_nat,not_young,2,2,2,0,2,4619,Schwaches Baumholz,Schwaches Baumholz_8,,1608.3,Rueun
0.5,12,prot_no_nat,not_young,2,2,2,0,2,4620,Schwaches Baumholz,Schwaches Baumholz_12,,1398.0,Rueun
0.5,8,prot_no_nat,not_young,2,2,2,0,2,4621,Schwaches Baumholz,Schwaches Baumholz_8,,1720.5,Rueun
4.5,8,prot_no_nat,not_young,2,2,2,0,2,4622,Mittleres Baumholz,Mittleres Baumholz_8,,1621.4,Pigniu
2.1,5,prot_no_nat,not_young,2,2,2,0,2,4623,Schwaches Baumholz,Schwaches Baumholz_5,,1869.5,Schnaus
4.7,8,prot_no_nat,not_young,2,2,2,0,2,4624,Mittleres Baumholz,Mittleres Baumholz_8,,1795.7,Ruschein
2.4,8,prot_no_nat,not_young,2,2,2,0,2,4625,Mittleres Baumholz,Mittleres Baumholz_8,,1744.1,Siat
0.5,11,prot_no_nat,not_young,2,2,2,0,2,4626,Mittleres Baumholz,Mittleres Baumholz_11,,999.0,Ruschein
2.8,11,prot_no_nat,not_young,2,2,2,0,2,4627,Mittleres Baumholz,Mittleres Baumholz_11,,927.5,Ruschein
0.5,8,prot_no_nat,not_young,2,2,2,0,2,4628,Schwaches Baumholz,Schwaches Baumholz_8,,1658.6,Pigniu
0.5,8,prot_no_nat,not_young,2,2,2,0,2,4629,Mittleres Baumholz,Mittleres Baumholz_8,,1730.9,Rueun
0.7,12,prot_no_nat,not_young,2,2,2,0,2,4630,Starkes Baumholz,Starkes Baumholz_12,,1542.3,Rueun
0.8,12,prot_no_nat,not_young,2,2,2,0,2,4631,Stangenholz,Stangenholz_12,,1526.8,Rueun
0.6,8,prot_no_nat,not_young,2,2,2,0,2,4632,Schwaches Baumholz,Schwaches Baumholz_8,,1652.9,Rueun
0.8,12,prot_no_nat,not_young,2,2,2,0,2,4633,Stangenholz,Stangenholz_12,,1617.5,Rueun
0.5,8,prot_no_nat,not_young,2,2,2,0,2,4634,Mittleres Baumholz,Mittleres Baumholz_8,,1649.5,Rueun
0.7,8,prot_no_nat,not_young,2,2,2,0,2,4635,Mittleres Baumholz,Mittleres Baumholz_8,,1731.7,Rueun
1.1,8,prot_no_nat,not_young,2,2,2,0,2,4636,Stangenholz,Stangenholz_8,,1692.5,Rueun
1.9,8,prot_no_nat,not_young,2,2,2,0,2,4637,Starkes Baumholz,Starkes Baumholz_8,,1749.8,Pigniu
0.7,8,prot_no_nat,not_young,2,2,2,0,2,4638,Starkes Baumholz,Starkes Baumholz_8,,1770.9,Pigniu
0.9,8,prot_no_nat,not_young,2,2,2,0,2,4639,Schwaches Baumholz,Schwaches Baumholz_8,,1825.3,Pigniu
1.6,9,prot_no_nat,not_young,2,2,2,0,2,4640,Mittleres Baumholz,Mittleres Baumholz_9,,1861.5,Rueun
0.9,8,prot_no_nat,not_young,2,2,2,0,2,4641,Mittleres Baumholz,Mittleres Baumholz_8,,1837.1,Rueun
1.3,8,prot_no_nat,not_young,2,2,2,0,2,4642,Mittleres Baumholz,Mittleres Baumholz_8,,1791.2,Rueun
2.0,8,prot_no_nat,not_young,2,2,2,0,2,4643,Schwaches Baumholz,Schwaches Baumholz_8,,1714.4,Rueun
1.0,8,prot_no_nat,not_young,2,2,2,0,2,4644,Starkes Baumholz,Starkes Baumholz_8,,1494.5,Pigniu
0.8,12,prot_no_nat,not_young,2,2,2,0,2,4645,Schwaches Baumholz,Schwaches Baumholz_12,,1562.7,Rueun
0.8,11,prot_no_nat,not_young,2,2,2,0,2,4646,Schwaches Baumholz,Schwaches Baumholz_11,,830.7999999999998,Rueun
0.7,11,prot_no_nat,not_young,2,2,2,0,2,4647,Stangenholz,Stangenholz_11,,1168.9,Luven
0.5,11,prot_no_nat,not_young,2,2,2,0,2,4648,Mittleres Baumholz,Mittleres Baumholz_11,,1236.2,Luven
2.0,11,prot_no_nat,not_young,2,2,2,0,2,4649,Starkes Baumholz,Starkes Baumholz_11,,1094.6,Luven
0.5,11,prot_no_nat,not_young,2,2,2,0,2,4650,Mittleres Baumholz,Mittleres Baumholz_11,,974.4,Luven
1.6,11,prot_no_nat,not_young,2,2,2,0,2,4651,Schwaches Baumholz,Schwaches Baumholz_11,,805.0,Rueun
1.3,11,prot_no_nat,not_young,2,2,2,0,2,4652,Stangenholz,Stangenholz_11,,772.1,Rueun
0.5,11,prot_no_nat,not_young,2,2,2,0,2,4653,Schwaches Baumholz,Schwaches Baumholz_11,,1157.4,Siat
0.9,11,prot_no_nat,not_young,2,2,2,0,2,4654,Schwaches Baumholz,Schwaches Baumholz_11,,1239.4,Siat
0.6,11,prot_no_nat,not_young,2,2,2,0,2,4655,Stangenholz,Stangenholz_11,,1364.5,Siat
1.3,11,prot_no_nat,not_young,2,2,2,0,2,4656,Schwaches Baumholz,Schwaches Baumholz_11,,1331.3,Siat
1.9,11,prot_no_nat,not_young,2,2,2,0,2,4657,Schwaches Baumholz,Schwaches Baumholz_11,,1321.3,Siat
0.5,11,prot_no_nat,not_young,2,2,2,0,2,4658,Stangenholz,Stangenholz_11,,1132.0,Siat
1.1,11,prot_no_nat,not_young,2,2,2,0,2,4659,Mittleres Baumholz,Mittleres Baumholz_11,,1411.5,Siat
0.7,11,prot_no_nat,not_young,2,2,2,0,2,4660,Schwaches Baumholz,Schwaches Baumholz_11,,959.4,Siat
0.8,11,prot_no_nat,not_young,2,2,2,0,2,4661,Starkes Baumholz,Starkes Baumholz_11,,972.2,Luven
0.8,11,prot_no_nat,not_young,2,2,2,0,2,4662,Schwaches Baumholz,Schwaches Baumholz_11,,1377.9,Siat
1.0,11,prot_no_nat,not_young,2,2,2,0,2,4663,Starkes Baumholz,Starkes Baumholz_11,,819.2999999999998,Rueun
1.3,11,prot_no_nat,not_young,2,2,2,0,2,4664,Schwaches Baumholz,Schwaches Baumholz_11,,859.2999999999998,Rueun
0.8,11,prot_no_nat,not_young,2,2,2,0,2,4665,Schwaches Baumholz,Schwaches Baumholz_11,,787.8999999999999,Rueun
0.8,11,prot_no_nat,not_young,2,2,2,0,2,4666,Schwaches Baumholz,Schwaches Baumholz_11,,832.7999999999998,Rueun
1.8,11,prot_no_nat,not_young,2,2,2,0,2,4667,Mittleres Baumholz,Mittleres Baumholz_11,,830.8999999999999,Schnaus
2.0,11,prot_no_nat,not_young,2,2,2,0,2,4668,Mittleres Baumholz,Mittleres Baumholz_11,,930.2,Schnaus
1.0,11,prot_no_nat,not_young,2,2,2,0,2,4669,Starkes Baumholz,Starkes Baumholz_11,,1011.4,Schnaus
0.5,11,prot_no_nat,not_young,2,2,2,0,2,4670,Mittleres Baumholz,Mittleres Baumholz_11,,778.6,Schnaus
1.2,11,prot_no_nat,not_young,2,2,2,0,2,4671,Stangenholz,Stangenholz_11,,788.1,Schnaus
0.6,11,prot_no_nat,not_young,2,2,2,0,2,4672,Mittleres Baumholz,Mittleres Baumholz_11,,1002.9,Ruschein
1.2,11,prot_no_nat,not_young,2,2,2,0,2,4673,Schwaches Baumholz,Schwaches Baumholz_11,,739.0,Schnaus
1.0,11,prot_no_nat,not_young,2,2,2,0,2,4674,Schwaches Baumholz,Schwaches Baumholz_11,,1292.2,Ruschein
0.8,11,prot_no_nat,not_young,2,2,2,0,2,4675,Mittleres Baumholz,Mittleres Baumholz_11,,893.7999999999998,Rueun
1.4,11,prot_no_nat,not_young,2,2,2,0,2,4676,Stangenholz,Stangenholz_11,,1298.8,Siat
0.8,11,prot_no_nat,not_young,2,2,2,0,2,4677,Schwaches Baumholz,Schwaches Baumholz_11,,1260.4,Siat
1.3,11,prot_no_nat,not_young,2,2,2,0,2,4678,Starkes Baumholz,Starkes Baumholz_11,,1016.1,Schnaus
2.2,11,prot_no_nat,not_young,2,2,2,0,2,4679,Mittleres Baumholz,Mittleres Baumholz_11,,822.7999999999998,Schnaus
0.7,11,prot_no_nat,not_young,2,2,2,0,2,4680,Mittleres Baumholz,Mittleres Baumholz_11,,962.5,Schnaus
0.7,11,prot_no_nat,not_young,2,2,2,0,2,4681,Stangenholz,Stangenholz_11,,1480.7,Ruschein
0.6,11,prot_no_nat,not_young,2,2,2,0,2,4682,Mittleres Baumholz,Mittleres Baumholz_11,,1331.7,Ruschein
1.4,11,prot_no_nat,not_young,2,2,2,0,2,4683,Mittleres Baumholz,Mittleres Baumholz_11,,785.2,Schnaus
1.6,11,prot_no_nat,not_young,2,2,2,0,2,4684,Schwaches Baumholz,Schwaches Baumholz_11,,809.7,Schnaus
1.3,11,prot_no_nat,not_young,2,2,2,0,2,4685,Starkes Baumholz,Starkes Baumholz_11,,1150.9,Ruschein
3.3,11,prot_no_nat,not_young,2,2,2,0,2,4686,Mittleres Baumholz,Mittleres Baumholz_11,,1393.2,Ruschein
0.5,5,prot_no_nat,not_young,2,2,2,0,2,4687,Schwaches Baumholz,Schwaches Baumholz_5,,1861.3,Siat
2.0,12,prot_no_nat,not_young,2,2,2,0,2,4688,Mittleres Baumholz,Mittleres Baumholz_12,,1552.9,Siat
1.7,8,prot_no_nat,not_young,2,2,2,0,2,4689,Mittleres Baumholz,Mittleres Baumholz_8,,1653.2,Siat
0.6,8,prot_no_nat,not_young,2,2,2,0,2,4690,Mittleres Baumholz,Mittleres Baumholz_8,,1834.9,Siat
0.7,8,prot_no_nat,not_young,2,2,2,0,2,4691,Schwaches Baumholz,Schwaches Baumholz_8,,1743.4,Siat
1.4,11,prot_no_nat,not_young,2,2,2,0,2,4692,Schwaches Baumholz,Schwaches Baumholz_11,,815.5,Rueun
1.9,11,prot_no_nat,not_young,2,2,2,0,2,4693,Schwaches Baumholz,Schwaches Baumholz_11,,823.2,Rueun
0.8,11,prot_no_nat,not_young,1,2,2,0,2,4694,Schwaches Baumholz,Schwaches Baumholz_11,,735.0,Waltensburg/Vuorz
3.1,11,prot_no_nat,not_young,2,2,2,0,2,4695,Mittleres Baumholz,Mittleres Baumholz_11,,966.7,Ruschein
0.9,5,prot_no_nat,not_young,2,2,2,0,2,4696,Schwaches Baumholz,Schwaches Baumholz_5,,1888.4,Siat
1.8,8,prot_no_nat,not_young,2,2,2,0,2,4697,Mittleres Baumholz,Mittleres Baumholz_8,,1856.6,Siat
0.6,8,prot_no_nat,not_young,2,2,2,0,2,4698,Schwaches Baumholz,Schwaches Baumholz_8,,1829.1,Siat
0.7,8,prot_no_nat,not_young,2,2,2,0,2,4699,Stangenholz,Stangenholz_8,,1507.7,Pigniu
0.7,11,prot_no_nat,not_young,2,2,2,0,2,4700,Starkes Baumholz,Starkes Baumholz_11,,888.3999999999999,Rueun
3.2,11,prot_no_nat,not_young,1,2,2,0,2,4701,Schwaches Baumholz,Schwaches Baumholz_11,,736.8999999999999,Rueun
1.4,11,prot_no_nat,not_young,2,2,2,0,2,4702,Mittleres Baumholz,Mittleres Baumholz_11,,901.0,Rueun
0.8,12,prot_no_nat,not_young,2,2,2,0,2,4703,Mittleres Baumholz,Mittleres Baumholz_12,,1324.9,Rueun
1.1,8,prot_no_nat,not_young,2,2,2,0,2,4704,Mittleres Baumholz,Mittleres Baumholz_8,,1790.7,Siat
1.9,8,prot_no_nat,not_young,2,2,2,0,2,4705,Mittleres Baumholz,Mittleres Baumholz_8,,1788.1,Siat
1.3,8,prot_no_nat,not_young,2,2,2,0,2,4706,Mittleres Baumholz,Mittleres Baumholz_8,,1711.8,Siat
1.0,8,prot_no_nat,not_young,2,2,2,0,2,4707,Mittleres Baumholz,Mittleres Baumholz_8,,1680.1,Siat
0.9,8,prot_no_nat,not_young,2,2,2,0,2,4708,Mittleres Baumholz,Mittleres Baumholz_8,,1643.0,Siat
6.3,8,prot_no_nat,not_young,2,2,2,0,2,4709,Mittleres Baumholz,Mittleres Baumholz_8,,1662.4,Siat
1.3,12,prot_no_nat,not_young,2,2,2,0,2,4710,Mittleres Baumholz,Mittleres Baumholz_12,,1565.8,Siat
1.8,8,prot_no_nat,not_young,2,2,2,0,2,4711,Mittleres Baumholz,Mittleres Baumholz_8,,1804.4,Siat
0.6,8,prot_no_nat,not_young,2,2,2,0,2,4712,Mittleres Baumholz,Mittleres Baumholz_8,,1807.2,Siat
0.9,8,prot_no_nat,not_young,2,2,2,0,2,4713,Schwaches Baumholz,Schwaches Baumholz_8,,1743.9,Siat
3.6,8,prot_no_nat,not_young,2,2,2,0,2,4714,Mittleres Baumholz,Mittleres Baumholz_8,,1771.9,Siat
0.6,8,prot_no_nat,not_young,2,2,2,0,2,4715,Schwaches Baumholz,Schwaches Baumholz_8,,1758.1,Siat
0.6,8,prot_no_nat,not_young,2,2,2,0,2,4716,Mittleres Baumholz,Mittleres Baumholz_8,,1666.0,Siat
0.6,11,prot_no_nat,not_young,2,2,2,0,2,4717,Mittleres Baumholz,Mittleres Baumholz_11,,855.2,Rueun
0.5,11,prot_no_nat,not_young,2,2,2,0,2,4718,Schwaches Baumholz,Schwaches Baumholz_11,,748.0,Rueun
0.5,11,prot_no_nat,not_young,2,2,2,0,2,4719,Starkes Baumholz,Starkes Baumholz_11,,859.2999999999998,Rueun
0.7,11,prot_no_nat,not_young,2,2,2,0,2,4720,Mittleres Baumholz,Mittleres Baumholz_11,,1131.5,Rueun
0.6,11,prot_no_nat,not_young,2,2,2,0,2,4721,Schwaches Baumholz,Schwaches Baumholz_11,,1082.7,Rueun
1.4,11,prot_no_nat,not_young,2,2,2,0,2,4722,Stangenholz,Stangenholz_11,,845.1,Rueun
1.6,12,prot_no_nat,not_young,2,2,2,0,2,4723,Schwaches Baumholz,Schwaches Baumholz_12,,1558.8,Siat
2.8,8,prot_no_nat,not_young,2,2,2,0,2,4724,Mittleres Baumholz,Mittleres Baumholz_8,,1643.5,Ruschein
1.2,12,prot_no_nat,not_young,2,2,2,0,2,4725,Mittleres Baumholz,Mittleres Baumholz_12,,1446.3,Siat
0.5,12,prot_no_nat,not_young,2,2,2,0,2,4726,Stangenholz,Stangenholz_12,,1620.7,Ruschein
0.8,12,prot_no_nat,not_young,2,2,2,0,2,4727,Mittleres Baumholz,Mittleres Baumholz_12,,1410.6,Siat
1.2,12,prot_no_nat,not_young,2,2,2,0,2,4728,Schwaches Baumholz,Schwaches Baumholz_12,,1407.7,Siat
0.5,8,prot_no_nat,not_young,2,2,2,0,2,4729,Schwaches Baumholz,Schwaches Baumholz_8,,1777.3,Rueun
0.9,12,prot_no_nat,not_young,2,2,2,0,2,4730,Mittleres Baumholz,Mittleres Baumholz_12,,1594.2,Rueun
1.0,11,prot_no_nat,not_young,2,2,2,0,2,4731,Mittleres Baumholz,Mittleres Baumholz_11,,981.1,Rueun
4.1,12,prot_no_nat,not_young,2,2,2,0,2,4732,Schwaches Baumholz,Schwaches Baumholz_12,,1151.8,Rueun
1.0,11,prot_no_nat,not_young,2,2,2,0,2,4733,Schwaches Baumholz,Schwaches Baumholz_11,,971.5,Rueun
2.9,11,prot_no_nat,not_young,2,2,2,0,2,4734,Schwaches Baumholz,Schwaches Baumholz_11,,849.7,Rueun
0.7,11,prot_no_nat,not_young,2,2,2,0,2,4735,Mittleres Baumholz,Mittleres Baumholz_11,,1315.2,Rueun
0.9,11,prot_no_nat,not_young,2,2,2,0,2,4736,Mittleres Baumholz,Mittleres Baumholz_11,,757.7,Rueun
0.8,12,prot_no_nat,not_young,2,2,2,0,2,4737,Stangenholz,Stangenholz_12,,1459.1,Rueun
0.6,12,prot_no_nat,not_young,2,2,2,0,2,4738,Schwaches Baumholz,Schwaches Baumholz_12,,1344.9,Rueun
3.8,8,prot_no_nat,not_young,2,2,2,0,2,4739,Mittleres Baumholz,Mittleres Baumholz_8,,1791.7,Siat
0.7,8,prot_no_nat,not_young,2,2,2,0,2,4740,Mittleres Baumholz,Mittleres Baumholz_8,,1579.5,Siat
0.6,12,prot_no_nat,not_young,2,2,2,0,2,4741,Schwaches Baumholz,Schwaches Baumholz_12,,1477.4,Siat
1.6,12,prot_no_nat,not_young,2,2,2,0,2,4742,Mittleres Baumholz,Mittleres Baumholz_12,,1483.4,Siat
0.6,12,prot_no_nat,not_young,2,2,2,0,2,4743,Stangenholz,Stangenholz_12,,1492.7,Ruschein
0.9,12,prot_no_nat,not_young,2,2,2,0,2,4744,Mittleres Baumholz,Mittleres Baumholz_12,,1399.7,Siat
0.8,12,prot_no_nat,not_young,2,2,2,0,2,4745,Mittleres Baumholz,Mittleres Baumholz_12,,1508.7,Rueun
1.6,11,prot_no_nat,not_young,2,2,2,0,2,4746,Mittleres Baumholz,Mittleres Baumholz_11,,1153.2,Rueun
0.9,11,prot_no_nat,not_young,2,2,2,0,2,4747,Stangenholz,Stangenholz_11,,1099.2,Rueun
0.6,8,prot_no_nat,not_young,2,2,2,0,2,4748,Mittleres Baumholz,Mittleres Baumholz_8,,1725.0,Schnaus
2.3,8,prot_no_nat,not_young,2,2,2,0,2,4749,Mittleres Baumholz,Mittleres Baumholz_8,,1793.9,Schnaus
0.6,5,prot_no_nat,not_young,2,2,2,0,2,4750,Mittleres Baumholz,Mittleres Baumholz_5,,1857.9,Schnaus
0.5,8,prot_no_nat,not_young,2,2,2,0,2,4751,Schwaches Baumholz,Schwaches Baumholz_8,,1754.2,Ruschein
0.7,11,prot_no_nat,not_young,2,2,2,0,2,4752,Mittleres Baumholz,Mittleres Baumholz_11,,1293.8,Luven
1.1,11,prot_no_nat,not_young,2,2,2,0,2,4753,Starkes Baumholz,Starkes Baumholz_11,,1382.3,Luven
0.7,11,prot_no_nat,not_young,2,2,2,0,2,4754,Schwaches Baumholz,Schwaches Baumholz_11,,838.2,Rueun
0.5,11,prot_no_nat,not_young,2,2,2,0,2,4755,Schwaches Baumholz,Schwaches Baumholz_11,,780.2,Rueun
1.4,12,prot_no_nat,not_young,2,2,2,0,2,4756,Schwaches Baumholz,Schwaches Baumholz_12,,1538.7,Siat
2.6,11,prot_no_nat,not_young,2,2,2,0,2,4757,Mittleres Baumholz,Mittleres Baumholz_11,,767.3999999999999,Rueun
0.5,11,prot_no_nat,not_young,2,2,2,0,2,4758,Starkes Baumholz,Starkes Baumholz_11,,1067.2,Rueun
0.8,11,prot_no_nat,not_young,2,2,2,0,2,4759,Mittleres Baumholz,Mittleres Baumholz_11,,1121.4,Rueun
1.3,11,prot_no_nat,not_young,2,2,2,0,2,4760,Schwaches Baumholz,Schwaches Baumholz_11,,878.0,Rueun
1.7,12,prot_no_nat,not_young,2,2,2,0,2,4761,Schwaches Baumholz,Schwaches Baumholz_12,,1378.4,Siat
0.8,11,prot_no_nat,not_young,2,2,2,0,2,4762,Stangenholz,Stangenholz_11,,1348.3,Siat
3.4,12,prot_no_nat,not_young,2,2,2,0,2,4763,Starkes Baumholz,Starkes Baumholz_12,,1469.6,Ruschein
4.4,12,prot_no_nat,not_young,2,2,2,0,2,4764,Mittleres Baumholz,Mittleres Baumholz_12,,1466.1,Ruschein
2.4,8,prot_no_nat,not_young,2,2,2,0,2,4765,Mittleres Baumholz,Mittleres Baumholz_8,,1742.5,Schnaus
0.7,8,prot_no_nat,not_young,2,2,2,0,2,4766,Starkes Baumholz,Starkes Baumholz_8,,1742.7,Ruschein
6.6,8,prot_no_nat,not_young,2,2,2,0,2,4767,Starkes Baumholz,Starkes Baumholz_8,,1677.7,Ruschein
1.8,11,prot_no_nat,not_young,2,2,2,0,2,4768,Schwaches Baumholz,Schwaches Baumholz_11,,1039.6,Rueun
0.5,11,prot_no_nat,not_young,2,2,2,0,2,4769,Stangenholz,Stangenholz_11,,812.1,Rueun
7.5,11,prot_no_nat,not_young,2,2,2,0,2,4770,Mittleres Baumholz,Mittleres Baumholz_11,,932.2,Rueun
1.1,12,prot_no_nat,not_young,2,2,2,0,2,4771,Mittleres Baumholz,Mittleres Baumholz_12,,1534.1,Pigniu
1.0,12,prot_no_nat,not_young,2,2,2,0,2,4772,Mittleres Baumholz,Mittleres Baumholz_12,,1539.1,Pigniu
4.0,11,prot_no_nat,not_young,2,2,2,0,2,4773,Starkes Baumholz,Starkes Baumholz_11,,1320.0,Luven
1.7,11,prot_no_nat,not_young,2,2,2,0,2,4774,Mittleres Baumholz,Mittleres Baumholz_11,,1424.3,Luven
1.9,11,prot_no_nat,not_young,2,2,2,0,2,4775,Starkes Baumholz,Starkes Baumholz_11,,1386.7,Luven
0.8,11,prot_no_nat,not_young,2,2,2,0,2,4776,Starkes Baumholz,Starkes Baumholz_11,,1315.6,Luven
0.7,11,prot_no_nat,not_young,2,2,2,0,2,4777,Schwaches Baumholz,Schwaches Baumholz_11,,1348.5,Luven
1.5,11,prot_no_nat,not_young,2,2,2,0,2,4778,Starkes Baumholz,Starkes Baumholz_11,,1017.3,Luven
1.5,12,prot_no_nat,not_young,2,2,2,0,2,4779,Schwaches Baumholz,Schwaches Baumholz_12,,1443.6,Pigniu
0.7,12,prot_no_nat,not_young,2,2,2,0,2,4780,Stangenholz,Stangenholz_12,,1380.5,Pigniu
1.8,12,prot_no_nat,not_young,2,2,2,0,2,4781,Mittleres Baumholz,Mittleres Baumholz_12,,1489.4,Pigniu
0.5,12,prot_no_nat,not_young,2,2,2,0,2,4782,Stangenholz,Stangenholz_12,,1549.1,Pigniu
0.5,12,prot_no_nat,not_young,2,2,2,0,2,4783,Schwaches Baumholz,Schwaches Baumholz_12,,1458.3,Pigniu
0.5,12,prot_no_nat,not_young,2,2,2,0,2,4784,Schwaches Baumholz,Schwaches Baumholz_12,,1553.2,Pigniu
1.0,12,prot_no_nat,not_young,2,2,2,0,2,4785,Stangenholz,Stangenholz_12,,1448.5,Pigniu
1.1,12,prot_no_nat,not_young,2,2,2,0,2,4786,Mittleres Baumholz,Mittleres Baumholz_12,,1580.5,Pigniu
1.2,12,prot_no_nat,not_young,2,2,2,0,2,4787,Starkes Baumholz,Starkes Baumholz_12,,1562.5,Pigniu
0.9,12,prot_no_nat,not_young,2,2,2,0,2,4788,Stangenholz,Stangenholz_12,,1408.5,Pigniu
1.3,8,prot_no_nat,not_young,2,2,2,0,2,4789,Mittleres Baumholz,Mittleres Baumholz_8,,1671.2,Siat
0.8,12,prot_no_nat,not_young,2,2,2,0,2,4790,Starkes Baumholz,Starkes Baumholz_12,,1497.1,Pigniu
1.1,11,prot_no_nat,not_young,2,2,2,0,2,4791,Starkes Baumholz,Starkes Baumholz_11,,778.7,Rueun
1.3,11,prot_no_nat,not_young,2,2,2,0,2,4792,Schwaches Baumholz,Schwaches Baumholz_11,,916.5,Rueun
1.2,11,prot_no_nat,not_young,2,2,2,0,2,4793,Stangenholz,Stangenholz_11,,1189.2,Siat
0.7,12,prot_no_nat,not_young,2,2,2,0,2,4794,Stangenholz,Stangenholz_12,,1227.5,Pigniu
0.9,12,prot_no_nat,not_young,2,2,2,0,2,4795,Schwaches Baumholz,Schwaches Baumholz_12,,1607.0,Rueun
1.3,8,prot_no_nat,not_young,2,2,2,0,2,4796,Mittleres Baumholz,Mittleres Baumholz_8,,1701.0,Pigniu
1.4,12,prot_no_nat,not_young,2,2,2,0,2,4797,Stangenholz,Stangenholz_12,,1278.9,Rueun
0.5,8,prot_no_nat,not_young,2,2,2,0,2,4798,Stangenholz,Stangenholz_8,,1763.7,Rueun
7.0,8,prot_no_nat,not_young,2,2,2,0,2,4799,Mittleres Baumholz,Mittleres Baumholz_8,,1836.0,Ruschein
1.2,11,prot_no_nat,not_young,2,2,2,0,2,4800,Schwaches Baumholz,Schwaches Baumholz_11,,971.1,Rueun
0.6,11,prot_no_nat,not_young,2,2,2,0,2,4801,Starkes Baumholz,Starkes Baumholz_11,,952.5,Luven
3.1,11,prot_no_nat,not_young,2,2,2,0,2,4802,Schwaches Baumholz,Schwaches Baumholz_11,,771.5,Rueun
0.8,11,prot_no_nat,not_young,2,2,2,0,2,4803,Schwaches Baumholz,Schwaches Baumholz_11,,745.8999999999999,Rueun
0.7,11,prot_no_nat,not_young,2,2,2,0,2,4804,Schwaches Baumholz,Schwaches Baumholz_11,,1372.4,Ruschein
1.3,12,prot_no_nat,not_young,2,2,2,0,2,4805,Stangenholz,Stangenholz_12,,1342.3,Siat
9.1,12,prot_no_nat,not_young,2,2,2,0,2,4806,Stangenholz,Stangenholz_12,,1272.0,Pigniu
0.9,11,prot_no_nat,not_young,2,2,2,0,2,4807,Schwaches Baumholz,Schwaches Baumholz_11,,946.2,Rueun
2.3,11,prot_no_nat,not_young,2,2,2,0,2,4808,Schwaches Baumholz,Schwaches Baumholz_11,,981.7,Rueun
0.8,11,prot_no_nat,not_young,1,2,2,0,2,4809,Schwaches Baumholz,Schwaches Baumholz_11,,736.8999999999999,Rueun
0.6,11,prot_no_nat,not_young,2,2,2,0,2,4810,Mittleres Baumholz,Mittleres Baumholz_11,,915.9,Rueun
2.2,12,prot_no_nat,not_young,2,2,2,0,2,4811,Schwaches Baumholz,Schwaches Baumholz_12,,1067.4,Rueun
1.9,12,prot_no_nat,not_young,2,2,2,0,2,4812,Mittleres Baumholz,Mittleres Baumholz_12,,1286.8,Rueun
1.1,12,prot_no_nat,not_young,2,2,2,0,2,4813,Schwaches Baumholz,Schwaches Baumholz_12,,1362.9,Rueun
1.0,11,prot_no_nat,not_young,2,2,2,0,2,4814,Mittleres Baumholz,Mittleres Baumholz_11,,908.5,Rueun
3.1,11,prot_no_nat,not_young,1,2,2,0,2,4815,Schwaches Baumholz,Schwaches Baumholz_11,,739.2,Rueun
0.9,11,prot_no_nat,not_young,1,2,2,0,2,4816,Schwaches Baumholz,Schwaches Baumholz_11,,738.3999999999999,Rueun
1.0,11,prot_no_nat,not_young,2,2,2,0,2,4817,Schwaches Baumholz,Schwaches Baumholz_11,,762.7999999999998,Rueun
0.8,11,res_prot,not_young,2,2,2,0,2,4818,Schwaches Baumholz,Schwaches Baumholz_11,,874.0,Rueun
1.7,11,prot_no_nat,not_young,2,2,2,0,2,4819,Schwaches Baumholz,Schwaches Baumholz_11,,826.5,Rueun
0.8,11,prot_no_nat,not_young,2,2,2,0,2,4820,Stangenholz,Stangenholz_11,,1327.5,Ruschein
1.0,11,prot_no_nat,not_young,2,2,2,0,2,4821,Schwaches Baumholz,Schwaches Baumholz_11,,1437.3,Ruschein
0.7,5,prot_no_nat,not_young,2,2,2,0,2,4822,Mittleres Baumholz,Mittleres Baumholz_5,,1896.4,Siat
0.6,8,prot_no_nat,not_young,2,2,2,0,2,4823,Schwaches Baumholz,Schwaches Baumholz_8,,1736.7,Siat
0.7,12,prot_no_nat,not_young,2,2,2,0,2,4824,Stangenholz,Stangenholz_12,,1525.0,Siat
0.9,8,prot_no_nat,not_young,2,2,2,0,2,4825,Mittleres Baumholz,Mittleres Baumholz_8,,1712.9,Siat
1.5,8,prot_no_nat,not_young,2,2,2,0,2,4826,Mittleres Baumholz,Mittleres Baumholz_8,,1735.2,Siat
0.5,11,prot_no_nat,not_young,2,2,2,0,2,4827,Stangenholz,Stangenholz_11,,875.6,Rueun
0.9,11,prot_no_nat,not_young,2,2,2,0,2,4828,Schwaches Baumholz,Schwaches Baumholz_11,,1221.7,Rueun
1.2,11,prot_no_nat,not_young,1,2,2,0,2,4829,Schwaches Baumholz,Schwaches Baumholz_11,,731.3999999999999,Rueun
1.6,11,prot_no_nat,not_young,2,2,2,0,2,4830,Mittleres Baumholz,Mittleres Baumholz_11,,1191.1,Rueun
0.8,11,prot_no_nat,not_young,2,2,2,0,2,4831,Stangenholz,Stangenholz_11,,895.1,Rueun
0.5,11,prot_no_nat,not_young,2,2,2,0,2,4832,Schwaches Baumholz,Schwaches Baumholz_11,,1295.6,Rueun
0.5,11,prot_no_nat,not_young,2,2,2,0,2,4833,Stangenholz,Stangenholz_11,,752.6,Rueun
0.7,11,prot_no_nat,not_young,2,2,2,0,2,4834,Schwaches Baumholz,Schwaches Baumholz_11,,1344.7,Rueun
0.7,11,prot_no_nat,not_young,2,2,2,0,2,4835,Mittleres Baumholz,Mittleres Baumholz_11,,1046.6,Rueun
0.5,11,prot_no_nat,not_young,2,2,2,0,2,4836,Mittleres Baumholz,Mittleres Baumholz_11,,1180.9,Rueun
0.6,8,prot_no_nat,not_young,2,2,2,0,2,4837,Schwaches Baumholz,Schwaches Baumholz_8,,1632.7,Pigniu
1.5,8,prot_no_nat,not_young,2,2,2,0,2,4838,Mittleres Baumholz,Mittleres Baumholz_8,,1677.8,Siat
0.7,8,prot_no_nat,not_young,2,2,2,0,2,4839,Mittleres Baumholz,Mittleres Baumholz_8,,1625.8,Siat
0.8,11,prot_no_nat,not_young,2,2,2,0,2,4840,Starkes Baumholz,Starkes Baumholz_11,,1134.2,Luven
1.4,11,prot_no_nat,not_young,2,2,2,0,2,4841,Mittleres Baumholz,Mittleres Baumholz_11,,1011.6,Luven
1.0,11,prot_no_nat,not_young,2,2,2,0,2,4842,Mittleres Baumholz,Mittleres Baumholz_11,,1027.0,Luven
1.0,11,prot_no_nat,not_young,2,2,2,0,2,4843,Stangenholz,Stangenholz_11,,998.3,Luven
0.9,11,prot_no_nat,not_young,2,2,2,0,2,4844,Mittleres Baumholz,Mittleres Baumholz_11,,744.6,Rueun
0.9,11,prot_no_nat,not_young,2,2,2,0,2,4845,Schwaches Baumholz,Schwaches Baumholz_11,,901.3,Rueun
1.0,12,prot_no_nat,not_young,2,2,2,0,2,4846,Schwaches Baumholz,Schwaches Baumholz_12,,1446.8,Rueun
0.7,11,prot_no_nat,not_young,2,2,2,0,2,4847,Stangenholz,Stangenholz_11,,1001.0,Rueun
0.5,11,prot_no_nat,not_young,2,2,2,0,2,4848,Schwaches Baumholz,Schwaches Baumholz_11,,1011.8,Rueun
5.1,11,prot_no_nat,not_young,2,2,2,0,2,4849,Mittleres Baumholz,Mittleres Baumholz_11,,884.1,Rueun
0.5,12,prot_no_nat,not_young,2,2,2,0,2,4850,Schwaches Baumholz,Schwaches Baumholz_12,,1343.6,Pigniu
0.7,12,prot_no_nat,not_young,2,2,2,0,2,4851,Mittleres Baumholz,Mittleres Baumholz_12,,1427.7,Pigniu
0.5,12,prot_no_nat,not_young,2,2,2,0,2,4852,Stangenholz,Stangenholz_12,,1404.4,Pigniu
1.4,12,prot_no_nat,not_young,2,2,2,0,2,4853,Schwaches Baumholz,Schwaches Baumholz_12,,1482.5,Pigniu
1.5,12,prot_no_nat,not_young,2,2,2,0,2,4854,Schwaches Baumholz,Schwaches Baumholz_12,,1417.2,Pigniu
0.6,8,prot_no_nat,not_young,2,2,2,0,2,4855,Schwaches Baumholz,Schwaches Baumholz_8,,1612.8,Pigniu
0.7,11,prot_no_nat,not_young,2,2,2,0,2,4856,Mittleres Baumholz,Mittleres Baumholz_11,,823.2,Schluein
0.6,11,prot_no_nat,not_young,2,2,2,0,2,4857,Schwaches Baumholz,Schwaches Baumholz_11,,901.5,Schluein
1.7,11,plant10,not_young,3,4,4,0,3,4858,Schwaches Baumholz,Schwaches Baumholz_11,,1208.3,Cavardiras
1.0,11,plant10,not_young,3,4,4,0,3,4859,Mittleres Baumholz,Mittleres Baumholz_11,,1218.4,Mumpé Medel
1.3,12,plant10,not_young,3,4,4,0,3,4860,Mittleres Baumholz,Mittleres Baumholz_12,,1369.0,Mumpé Medel
1.9,11,plant10,not_young,3,4,4,0,3,4861,Mittleres Baumholz,Mittleres Baumholz_11,,1074.2,Cavardiras
1.0,12,plant10,not_young,3,4,4,0,3,4862,Mittleres Baumholz,Mittleres Baumholz_12,,1523.0,Mumpé Medel
3.1,11,plant10,not_young,3,4,4,0,3,4863,Stangenholz,Stangenholz_11,,1300.4,Mumpé Medel
2.1,11,plant10,not_young,3,4,4,0,3,4864,Stangenholz,Stangenholz_11,,1275.7,Mumpé Medel
0.7,8,plant10,not_young,3,4,4,0,3,4865,Mittleres Baumholz,Mittleres Baumholz_8,,1701.0,Curaglia
1.0,11,plant10,not_young,3,4,4,0,3,4866,Stangenholz,Stangenholz_11,,1331.5,Cavardiras
0.6,11,plant10,not_young,3,4,4,0,3,4867,Stangenholz,Stangenholz_11,,1225.0,Mumpé Medel
1.3,11,plant10,not_young,3,4,4,0,3,4868,Mittleres Baumholz,Mittleres Baumholz_11,,1218.0,Mumpé Medel
8.1,12,plant10,not_young,3,4,4,0,3,4869,Starkes Baumholz,Starkes Baumholz_12,,1541.1,Sedrun
5.9,8,plant10,not_young,3,4,4,0,3,4870,Mittleres Baumholz,Mittleres Baumholz_8,,1832.7,Segnas
1.9,12,plant10,not_young,3,4,4,0,3,4871,Mittleres Baumholz,Mittleres Baumholz_12,,1282.4,Mumpé Medel
4.6,8,plant10,not_young,3,4,4,0,3,4872,Mittleres Baumholz,Mittleres Baumholz_8,,1839.1,Segnas
0.9,12,plant10,not_young,3,4,4,0,3,4873,Starkes Baumholz,Starkes Baumholz_12,,1495.3,Sedrun
6.9,8,plant10,not_young,3,4,4,0,3,4874,Mittleres Baumholz,Mittleres Baumholz_8,,1766.5,Curaglia
3.4,8,plant10,not_young,3,4,4,0,3,4875,Stangenholz,Stangenholz_8,,1835.2,Curaglia
2.8,12,plant10,not_young,3,4,4,0,3,4876,Stangenholz,Stangenholz_12,,1354.6,Mumpé Medel
0.9,12,plant10,not_young,3,4,4,0,3,4877,Stangenholz,Stangenholz_12,,1260.6,Mumpé Medel
0.9,8,plant10,not_young,3,4,4,0,3,4878,Mittleres Baumholz,Mittleres Baumholz_8,,1778.0,Curaglia
1.7,11,plant10,not_young,3,4,4,0,3,4879,Mittleres Baumholz,Mittleres Baumholz_11,,1082.9,Cavardiras
1.5,12,plant10,not_young,3,4,4,0,3,4880,Stangenholz,Stangenholz_12,,1267.0,Mumpé Medel
0.7,8,plant10,not_young,3,4,4,0,3,4881,Mittleres Baumholz,Mittleres Baumholz_8,,1786.8,Curaglia
1.3,12,plant10,not_young,3,4,4,0,3,4882,Stangenholz,Stangenholz_12,,1293.5,Mumpé Medel
1.2,12,plant10,not_young,3,4,4,0,3,4883,Stangenholz,Stangenholz_12,,1234.3,Mumpé Medel
4.1,12,plant10,not_young,3,4,4,0,3,4884,Starkes Baumholz,Starkes Baumholz_12,,1486.3,Sedrun
2.7,11,plant10,not_young,3,4,4,0,3,4885,Stangenholz,Stangenholz_11,,1432.8,Mumpé Medel
1.4,8,plant10,not_young,3,4,4,0,3,4886,Mittleres Baumholz,Mittleres Baumholz_8,,1745.7,Platta
1.5,11,plant10,not_young,3,4,4,0,3,4887,Stangenholz,Stangenholz_11,,1351.9,Cavardiras
0.7,8,plant10,not_young,3,4,4,0,3,4888,Mittleres Baumholz,Mittleres Baumholz_8,,1763.8,Curaglia
0.8,12,plant10,not_young,3,4,4,0,3,4889,Mittleres Baumholz,Mittleres Baumholz_12,,1588.6,Curaglia
1.5,11,plant10,not_young,3,4,4,0,3,4890,Stangenholz,Stangenholz_11,,1279.1,Mumpé Medel
0.6,12,plant10,not_young,3,4,4,0,3,4891,Schwaches Baumholz,Schwaches Baumholz_12,,1377.9,Mumpé Medel
0.9,11,plant10,not_young,3,4,4,0,3,4892,Starkes Baumholz,Starkes Baumholz_11,,1152.5,Disentis/Mustér
3.6,12,plant10,not_young,3,4,4,0,3,4893,Stangenholz,Stangenholz_12,,1373.8,Mumpé Medel
3.4,11,plant10,not_young,3,4,4,0,3,4894,Mittleres Baumholz,Mittleres Baumholz_11,,1299.2,Cavardiras
10.4,8,plant10,not_young,3,4,4,0,3,4895,Mittleres Baumholz,Mittleres Baumholz_8,,1698.1,Curaglia
3.1,8,plant10,not_young,3,4,4,0,3,4896,Schwaches Baumholz,Schwaches Baumholz_8,,1725.8,Curaglia
0.7,12,plant10,not_young,3,4,4,0,3,4897,Stangenholz,Stangenholz_12,,1275.8,Mumpé Medel
1.7,8,plant10,not_young,3,4,4,0,3,4898,Starkes Baumholz,Starkes Baumholz_8,,1824.5,Sedrun
8.7,8,plant10,not_young,3,4,4,0,3,4899,Mittleres Baumholz,Mittleres Baumholz_8,,1718.2,Curaglia
1.1,12,plant10,not_young,3,4,4,0,3,4900,Mittleres Baumholz,Mittleres Baumholz_12,,1322.4,Sedrun
1.2,12,plant10,not_young,3,4,4,0,3,4901,Stangenholz,Stangenholz_12,,1319.3,Sedrun
12.1,12,plant10,not_young,3,4,4,0,3,4902,Mittleres Baumholz,Mittleres Baumholz_12,,1302.0,Sedrun
0.8,11,plant10,not_young,3,4,4,0,3,4903,Stangenholz,Stangenholz_11,,1332.7,Mumpé Medel
3.6,11,plant10,not_young,3,4,4,0,3,4904,Stangenholz,Stangenholz_11,,1122.7,Disentis/Mustér
2.1,11,plant10,not_young,3,4,4,0,3,4905,Stangenholz,Stangenholz_11,,1301.4,Mumpé Medel
3.1,12,plant10,not_young,3,4,4,0,3,4906,Mittleres Baumholz,Mittleres Baumholz_12,,1522.3,Curaglia
0.5,12,plant10,not_young,3,4,4,0,3,4907,Stangenholz,Stangenholz_12,,1584.9,Sedrun
2.9,12,plant10,not_young,3,4,4,0,3,4908,Mittleres Baumholz,Mittleres Baumholz_12,,1264.0,Mumpé Medel
1.6,12,plant10,not_young,3,4,4,0,3,4909,Mittleres Baumholz,Mittleres Baumholz_12,,1410.7,Sedrun
1.1,12,plant10,not_young,3,4,4,0,3,4910,Starkes Baumholz,Starkes Baumholz_12,,1396.3,Sedrun
2.8,8,plant10,not_young,3,4,4,0,3,4911,Starkes Baumholz,Starkes Baumholz_8,,1661.2,Curaglia
1.7,12,plant10,not_young,3,4,4,0,3,4912,Mittleres Baumholz,Mittleres Baumholz_12,,1387.7,Mumpé Medel
3.3,8,plant10,not_young,3,4,4,0,3,4913,Starkes Baumholz,Starkes Baumholz_8,,1791.1,Curaglia
0.8,11,plant10,not_young,3,4,4,0,3,4914,Mittleres Baumholz,Mittleres Baumholz_11,,1523.9,Mumpé Medel
2.2,12,plant10,not_young,3,4,4,0,3,4915,Schwaches Baumholz,Schwaches Baumholz_12,,1311.2,Sedrun
8.4,8,plant10,not_young,3,4,4,0,3,4916,Mittleres Baumholz,Mittleres Baumholz_8,,1747.6,Curaglia
6.5,8,plant10,not_young,3,4,4,0,3,4917,Mittleres Baumholz,Mittleres Baumholz_8,,1684.2,Curaglia
2.4,11,plant10,not_young,3,4,4,0,3,4918,Stangenholz,Stangenholz_11,,1396.2,Segnas
3.1,12,plant10,not_young,3,4,4,0,3,4919,Mittleres Baumholz,Mittleres Baumholz_12,,1409.9,Mumpé Medel
2.1,12,plant10,not_young,3,4,4,0,3,4920,Mittleres Baumholz,Mittleres Baumholz_12,,1290.0,Mumpé Medel
1.4,11,plant10,not_young,3,4,4,0,3,4921,Stangenholz,Stangenholz_11,,1328.6,Mumpé Medel
2.3,11,plant10,not_young,3,4,4,0,3,4922,Stangenholz,Stangenholz_11,,1302.4,Mumpé Medel
2.4,11,plant10,not_young,3,4,4,0,3,4923,Mittleres Baumholz,Mittleres Baumholz_11,,1473.9,Curaglia
1.6,8,plant10,not_young,3,4,4,0,3,4924,Mittleres Baumholz,Mittleres Baumholz_8,,1731.0,Curaglia
4.4,12,plant10,not_young,3,4,4,0,3,4925,Mittleres Baumholz,Mittleres Baumholz_12,,1584.2,Curaglia
0.9,12,plant10,not_young,3,4,4,0,3,4926,Starkes Baumholz,Starkes Baumholz_12,,1557.0,Sedrun
4.7,8,plant10,not_young,3,4,4,0,3,4927,Mittleres Baumholz,Mittleres Baumholz_8,,1696.0,Curaglia
2.4,12,plant10,not_young,3,4,4,0,3,4928,Schwaches Baumholz,Schwaches Baumholz_12,,1439.2,Mumpé Medel
3.0,11,plant10,not_young,3,4,4,0,3,4929,Schwaches Baumholz,Schwaches Baumholz_11,,1078.9,Cavardiras
2.7,8,plant10,not_young,3,4,4,0,3,4930,Starkes Baumholz,Starkes Baumholz_8,,1818.2,Curaglia
2.2,11,plant10,not_young,3,4,4,0,3,4931,Stangenholz,Stangenholz_11,,1315.3,Mumpé Medel
0.9,12,plant10,not_young,3,4,4,0,3,4932,Mittleres Baumholz,Mittleres Baumholz_12,,1368.0,Sedrun
1.2,12,plant10,not_young,3,4,4,0,3,4933,Stangenholz,Stangenholz_12,,1352.1,Sedrun
1.5,12,plant10,not_young,3,4,4,0,3,4934,Stangenholz,Stangenholz_12,,1591.1,Curaglia
1.3,12,plant10,not_young,3,4,4,0,3,4935,Stangenholz,Stangenholz_12,,1315.8,Mumpé Medel
1.8,12,plant10,not_young,3,4,4,0,3,4936,Stangenholz,Stangenholz_12,,1570.2,Curaglia
0.7,12,plant10,not_young,3,4,4,0,3,4937,Schwaches Baumholz,Schwaches Baumholz_12,,1482.9,Curaglia
6.6,11,plant10,not_young,3,4,4,0,3,4938,Mittleres Baumholz,Mittleres Baumholz_11,,1143.1,Mumpé Medel
2.1,12,plant10,not_young,3,4,4,0,3,4939,Mittleres Baumholz,Mittleres Baumholz_12,,1557.9,Curaglia
2.4,8,plant10,not_young,3,4,4,0,3,4940,Schwaches Baumholz,Schwaches Baumholz_8,,1671.5,Curaglia
8.5,11,plant10,not_young,3,4,4,0,3,4941,Mittleres Baumholz,Mittleres Baumholz_11,,1488.3,Cavardiras
2.0,12,plant10,not_young,3,4,4,0,3,4942,Mittleres Baumholz,Mittleres Baumholz_12,,1319.5,Mumpé Medel
3.6,12,plant10,not_young,3,4,4,0,3,4943,Stangenholz,Stangenholz_12,,1620.2,Curaglia
5.6,8,plant10,not_young,3,4,4,0,3,4944,Mittleres Baumholz,Mittleres Baumholz_8,,1724.8,Cavardiras
1.7,12,plant10,not_young,3,4,4,0,3,4945,Starkes Baumholz,Starkes Baumholz_12,,1530.6,Sedrun
4.0,12,plant10,not_young,3,4,4,0,3,4946,Starkes Baumholz,Starkes Baumholz_12,,1385.9,Sedrun
0.9,11,plant10,not_young,3,4,4,0,3,4947,Stangenholz,Stangenholz_11,,1206.3,Mumpé Medel
2.6,11,plant10,not_young,3,4,4,0,3,4948,Stangenholz,Stangenholz_11,,1432.0,Mumpé Medel
4.6,8,plant10,not_young,3,4,4,0,3,4949,Mittleres Baumholz,Mittleres Baumholz_8,,1744.9,Sedrun
0.8,12,plant10,not_young,3,4,4,0,3,4950,Schwaches Baumholz,Schwaches Baumholz_12,,1267.0,Mumpé Medel
4.8,11,plant10,not_young,3,4,4,0,3,4951,Mittleres Baumholz,Mittleres Baumholz_11,,1250.2,Cavardiras
4.5,8,plant10,not_young,3,4,4,0,3,4952,Mittleres Baumholz,Mittleres Baumholz_8,,1683.3,Curaglia
3.1,8,plant10,not_young,3,4,4,0,3,4953,Mittleres Baumholz,Mittleres Baumholz_8,,1721.2,Curaglia
0.9,12,plant10,not_young,3,4,4,0,3,4954,Mittleres Baumholz,Mittleres Baumholz_12,,1643.5,Curaglia
3.9,12,plant10,not_young,3,4,4,0,3,4955,Schwaches Baumholz,Schwaches Baumholz_12,,1613.3,Curaglia
3.1,11,plant10,not_young,3,4,4,0,3,4956,Stangenholz,Stangenholz_11,,1448.8,Cavardiras
7.5,12,plant10,not_young,3,4,4,0,3,4957,Mittleres Baumholz,Mittleres Baumholz_12,,1599.9,Curaglia
0.9,12,plant10,not_young,3,4,4,0,3,4958,Mittleres Baumholz,Mittleres Baumholz_12,,1341.5,Sedrun
0.5,8,plant10,not_young,3,4,4,0,3,4959,Stangenholz,Stangenholz_8,,1729.9,Sedrun
3.1,12,plant10,not_young,3,4,4,0,3,4960,Mittleres Baumholz,Mittleres Baumholz_12,,1439.4,Mumpé Medel
18.6,11,plant10,not_young,3,4,4,0,3,4961,Mittleres Baumholz,Mittleres Baumholz_11,,1525.7,Cavardiras
1.9,12,plant10,not_young,3,4,4,0,3,4962,Mittleres Baumholz,Mittleres Baumholz_12,,1280.0,Mumpé Medel
1.6,12,plant10,not_young,3,4,4,0,3,4963,Stangenholz,Stangenholz_12,,1459.0,Mumpé Medel
1.8,12,plant10,not_young,3,4,4,0,3,4964,Mittleres Baumholz,Mittleres Baumholz_12,,1281.2,Mumpé Medel
3.7,11,plant10,not_young,3,4,4,0,3,4965,Mittleres Baumholz,Mittleres Baumholz_11,,1132.9,Disentis/Mustér
4.3,8,plant10,not_young,3,4,4,0,3,4966,Starkes Baumholz,Starkes Baumholz_8,,1846.4,Sedrun
1.6,12,plant10,not_young,3,4,4,0,3,4967,Mittleres Baumholz,Mittleres Baumholz_12,,1536.0,Mumpé Medel
0.5,12,plant10,not_young,3,4,4,0,3,4968,Stangenholz,Stangenholz_12,,1357.1,Sedrun
1.8,12,plant10,not_young,3,4,4,0,3,4969,Stangenholz,Stangenholz_12,,1277.8,Mumpé Medel
1.3,12,plant10,not_young,3,4,4,0,3,4970,Schwaches Baumholz,Schwaches Baumholz_12,,1245.4,Mumpé Medel
1.9,12,plant10,not_young,3,4,4,0,3,4971,Schwaches Baumholz,Schwaches Baumholz_12,,1303.5,Mumpé Medel
1.5,12,plant10,not_young,3,4,4,0,3,4972,Stangenholz,Stangenholz_12,,1284.0,Mumpé Medel
0.6,12,plant10,not_young,3,4,4,0,3,4973,Stangenholz,Stangenholz_12,,1427.4,Mumpé Medel
3.7,11,plant10,not_young,3,4,4,0,3,4974,Mittleres Baumholz,Mittleres Baumholz_11,,1209.6,Cavardiras
2.8,12,plant10,not_young,3,4,4,0,3,4975,Stangenholz,Stangenholz_12,,1509.7,Sedrun
3.2,12,plant10,not_young,3,4,4,0,3,4976,Mittleres Baumholz,Mittleres Baumholz_12,,1243.7,Mumpé Medel
5.3,12,plant10,not_young,3,4,4,0,3,4977,Mittleres Baumholz,Mittleres Baumholz_12,,1372.9,Mumpé Medel
1.8,8,plant10,not_young,3,4,4,0,3,4978,Stangenholz,Stangenholz_8,,1642.6,Cavardiras
6.3,8,plant10,not_young,3,4,4,0,3,4979,Starkes Baumholz,Starkes Baumholz_8,,1722.2,Curaglia
8.2,12,plant10,not_young,3,4,4,0,3,4980,Mittleres Baumholz,Mittleres Baumholz_12,,1662.1,Curaglia
1.0,8,plant10,not_young,3,4,4,0,3,4981,Mittleres Baumholz,Mittleres Baumholz_8,,1737.7,Curaglia
0.9,12,plant10,not_young,3,4,4,0,3,4982,Schwaches Baumholz,Schwaches Baumholz_12,,1375.3,Sedrun
0.7,12,plant10,not_young,3,4,4,0,3,4983,Stangenholz,Stangenholz_12,,1400.0,Sedrun
1.4,12,plant10,not_young,3,4,4,0,3,4984,Mittleres Baumholz,Mittleres Baumholz_12,,1630.1,Curaglia
2.5,12,plant10,not_young,3,4,4,0,3,4985,Stangenholz,Stangenholz_12,,1489.4,Segnas
4.3,8,plant10,not_young,3,4,4,0,3,4986,Starkes Baumholz,Starkes Baumholz_8,,1715.4,Sedrun
1.6,12,plant10,not_young,3,4,4,0,3,4987,Schwaches Baumholz,Schwaches Baumholz_12,,1260.2,Mumpé Medel
1.4,12,plant10,not_young,3,4,4,0,3,4988,Mittleres Baumholz,Mittleres Baumholz_12,,1561.8,Mumpé Medel
11.3,12,plant10,not_young,3,4,4,0,3,4989,Mittleres Baumholz,Mittleres Baumholz_12,,1559.6,Sedrun
0.5,12,plant10,not_young,3,4,4,0,3,4990,Stangenholz,Stangenholz_12,,1436.1,Sedrun
2.8,12,plant10,not_young,3,4,4,0,3,4991,Schwaches Baumholz,Schwaches Baumholz_12,,1652.2,Curaglia
0.5,12,plant10,not_young,3,4,4,0,3,4992,Mittleres Baumholz,Mittleres Baumholz_12,,1659.5,Curaglia
1.4,12,plant10,not_young,3,4,4,0,3,4993,Stangenholz,Stangenholz_12,,1254.2,Mumpé Medel
3.8,8,plant10,not_young,3,4,4,0,3,4994,Schwaches Baumholz,Schwaches Baumholz_8,,1773.8,Segnas
0.6,12,plant10,not_young,3,4,4,0,3,4995,Stangenholz,Stangenholz_12,,1248.5,Mumpé Medel
1.2,12,plant10,not_young,3,4,4,0,3,4996,Mittleres Baumholz,Mittleres Baumholz_12,,1350.5,Mumpé Medel
1.6,12,plant10,not_young,3,4,4,0,3,4997,Starkes Baumholz,Starkes Baumholz_12,,1422.9,Sedrun
6.3,12,plant10,not_young,3,4,4,0,3,4998,Mittleres Baumholz,Mittleres Baumholz_12,,1660.9,Curaglia
3.4,8,plant10,not_young,3,4,4,0,3,4999,Mittleres Baumholz,Mittleres Baumholz_8,,1662.4,Curaglia
0.9,11,plant10,not_young,3,4,4,0,3,5000,Stangenholz,Stangenholz_11,,1298.3,Cavardiras
2.4,12,plant10,not_young,3,4,4,0,3,5001,Mittleres Baumholz,Mittleres Baumholz_12,,1471.9,Sedrun
1.9,8,plant10,not_young,3,4,4,0,3,5002,Stangenholz,Stangenholz_8,,1715.6,Curaglia
2.0,12,plant10,not_young,3,4,4,0,3,5003,Mittleres Baumholz,Mittleres Baumholz_12,,1519.1,Sedrun
2.5,8,plant10,not_young,3,4,4,0,3,5004,Schwaches Baumholz,Schwaches Baumholz_8,,1772.9,Segnas
2.9,12,plant10,not_young,3,4,4,0,3,5005,Starkes Baumholz,Starkes Baumholz_12,,1424.2,Sedrun
3.1,8,plant10,not_young,3,4,4,0,3,5006,Starkes Baumholz,Starkes Baumholz_8,,1736.1,Sedrun
0.7,8,plant10,not_young,3,4,4,0,3,5007,Starkes Baumholz,Starkes Baumholz_8,,1632.5,Sedrun
3.8,12,plant10,not_young,3,4,4,0,3,5008,Mittleres Baumholz,Mittleres Baumholz_12,,1494.3,Curaglia
2.7,8,plant10,not_young,3,4,4,0,3,5009,Mittleres Baumholz,Mittleres Baumholz_8,,1890.1,Segnas
3.8,8,plant10,not_young,3,4,4,0,3,5010,Starkes Baumholz,Starkes Baumholz_8,,1775.6,Curaglia
5.9,8,plant10,not_young,3,4,4,0,3,5011,Mittleres Baumholz,Mittleres Baumholz_8,,1788.9,Curaglia
3.9,11,plant10,not_young,3,4,4,0,3,5012,Mittleres Baumholz,Mittleres Baumholz_11,,1140.6,Mumpé Medel
2.1,12,plant10,not_young,3,4,4,0,3,5013,Mittleres Baumholz,Mittleres Baumholz_12,,1392.0,Sedrun
5.4,11,plant10,not_young,3,4,4,0,3,5014,Stangenholz,Stangenholz_11,,1431.4,Cavardiras
3.1,12,plant10,not_young,3,4,4,0,3,5015,Mittleres Baumholz,Mittleres Baumholz_12,,1391.4,Sedrun
2.4,11,plant10,not_young,3,4,4,0,3,5016,Stangenholz,Stangenholz_11,,1402.4,Segnas
1.8,12,plant10,not_young,3,4,4,0,3,5017,Mittleres Baumholz,Mittleres Baumholz_12,,1347.1,Mumpé Medel
1.0,11,plant10,not_young,3,4,4,0,3,5018,Mittleres Baumholz,Mittleres Baumholz_11,,1081.4,Cavardiras
2.9,11,plant10,not_young,3,4,4,0,3,5019,Schwaches Baumholz,Schwaches Baumholz_11,,1240.0,Cavardiras
1.8,12,plant10,not_young,3,4,4,0,3,5020,Mittleres Baumholz,Mittleres Baumholz_12,,1308.0,Mumpé Medel
2.6,8,plant10,not_young,3,4,4,0,3,5021,Mittleres Baumholz,Mittleres Baumholz_8,,1780.2,Curaglia
3.1,12,plant10,not_young,3,4,4,0,3,5022,Mittleres Baumholz,Mittleres Baumholz_12,,1568.2,Curaglia
0.7,11,plant10,not_young,3,4,4,0,3,5023,Stangenholz,Stangenholz_11,,1360.1,Mumpé Medel
2.0,11,plant10,not_young,3,4,4,0,3,5024,Stangenholz,Stangenholz_11,,1403.4,Segnas
3.3,12,plant10,not_young,3,4,4,0,3,5025,Mittleres Baumholz,Mittleres Baumholz_12,,1461.3,Mumpé Medel
2.9,8,plant10,not_young,3,4,4,0,3,5026,Schwaches Baumholz,Schwaches Baumholz_8,,1669.3,Curaglia
4.7,8,plant10,not_young,3,4,4,0,3,5027,Mittleres Baumholz,Mittleres Baumholz_8,,1744.2,Curaglia
2.2,8,plant10,not_young,3,4,4,0,3,5028,Mittleres Baumholz,Mittleres Baumholz_8,,1742.3,Curaglia
2.0,8,plant10,not_young,3,4,4,0,3,5029,Mittleres Baumholz,Mittleres Baumholz_8,,1893.2,Sedrun
3.4,8,plant10,not_young,3,4,4,0,3,5030,Mittleres Baumholz,Mittleres Baumholz_8,,1708.9,Platta
2.4,11,plant10,not_young,3,4,4,0,3,5031,Starkes Baumholz,Starkes Baumholz_11,,1189.4,Mumpé Medel
0.9,5,plant10,not_young,3,4,4,0,3,5032,Mittleres Baumholz,Mittleres Baumholz_5,,1889.1,Disentis/Mustér
1.0,12,plant10,not_young,3,4,4,0,3,5033,Stangenholz,Stangenholz_12,,1301.7,Mumpé Medel
7.3,11,plant10,not_young,3,4,4,0,3,5034,Starkes Baumholz,Starkes Baumholz_11,,1293.4,Breil/Brigels
8.7,11,plant10,not_young,3,4,4,0,3,5035,Mittleres Baumholz,Mittleres Baumholz_11,,1302.7,Breil/Brigels
4.2,11,plant10,not_young,3,4,4,0,3,5036,Mittleres Baumholz,Mittleres Baumholz_11,,1284.6,Breil/Brigels
1.3,11,plant10,not_young,3,4,4,0,3,5037,Schwaches Baumholz,Schwaches Baumholz_11,,1296.3,Breil/Brigels
1.5,11,plant10,not_young,3,4,4,0,3,5038,Stangenholz,Stangenholz_11,,1296.0,Breil/Brigels
3.9,8,plant10,not_young,3,4,4,0,3,5039,Mittleres Baumholz,Mittleres Baumholz_8,,1755.6,Breil/Brigels
2.2,11,plant10,not_young,3,4,4,0,3,5040,Starkes Baumholz,Starkes Baumholz_11,,1297.7,Breil/Brigels
3.6,11,plant10,not_young,3,4,4,0,3,5041,Mittleres Baumholz,Mittleres Baumholz_11,,1255.2,Breil/Brigels
1.5,11,plant10,not_young,3,4,4,0,3,5042,Mittleres Baumholz,Mittleres Baumholz_11,,1118.7,Flond
0.5,11,plant10,not_young,3,4,4,0,3,5043,Stangenholz,Stangenholz_11,,1111.6,Flond
0.8,11,plant10,not_young,3,4,4,0,3,5044,Mittleres Baumholz,Mittleres Baumholz_11,,968.7,Flond
1.3,11,plant10,not_young,3,4,4,0,3,5045,Mittleres Baumholz,Mittleres Baumholz_11,,1079.6,Flond
0.5,11,plant10,not_young,3,4,4,0,3,5046,Mittleres Baumholz,Mittleres Baumholz_11,,1044.2,Flond
0.6,11,plant10,not_young,3,4,4,0,3,5047,Stangenholz,Stangenholz_11,,1072.1,Siat
0.7,11,plant10,not_young,3,4,4,0,3,5048,Schwaches Baumholz,Schwaches Baumholz_11,,941.8,Rueun
0.7,11,plant10,not_young,3,4,4,0,3,5049,Stangenholz,Stangenholz_11,,1268.4,Waltensburg/Vuorz
1.0,11,plant10,not_young,3,4,4,0,3,5050,Mittleres Baumholz,Mittleres Baumholz_11,,1253.3,Waltensburg/Vuorz
6.5,11,plant10,not_young,3,4,4,0,3,5051,Mittleres Baumholz,Mittleres Baumholz_11,,1436.7,Waltensburg/Vuorz
0.5,11,plant10,not_young,3,4,4,0,3,5052,Schwaches Baumholz,Schwaches Baumholz_11,,1302.1,Waltensburg/Vuorz
0.7,11,plant10,not_young,3,4,4,0,3,5053,Mittleres Baumholz,Mittleres Baumholz_11,,1371.5,Waltensburg/Vuorz
1.0,8,plant10,not_young,3,4,4,0,3,5054,Stangenholz,Stangenholz_8,,1555.9,Andiast
1.0,11,plant10,not_young,3,4,4,0,3,5055,Stangenholz,Stangenholz_11,,1234.5,Waltensburg/Vuorz
0.9,8,plant10,not_young,3,4,4,0,3,5056,Stangenholz,Stangenholz_8,,1474.9,Andiast
1.4,12,plant10,not_young,3,4,4,0,3,5057,Mittleres Baumholz,Mittleres Baumholz_12,,1547.0,Andiast
1.7,12,plant10,not_young,3,4,4,0,3,5058,Mittleres Baumholz,Mittleres Baumholz_12,,1523.2,Andiast
0.7,12,plant10,not_young,3,4,4,0,3,5059,Schwaches Baumholz,Schwaches Baumholz_12,,1491.4,Andiast
0.6,12,plant10,not_young,3,4,4,0,3,5060,Mittleres Baumholz,Mittleres Baumholz_12,,1334.3,Rueun
0.9,11,plant10,not_young,3,4,4,0,3,5061,Stangenholz,Stangenholz_11,,1232.0,Waltensburg/Vuorz
0.9,11,plant10,not_young,3,4,4,0,3,5062,Schwaches Baumholz,Schwaches Baumholz_11,,894.6,Rueun
0.5,11,plant10,not_young,3,4,4,0,3,5063,Schwaches Baumholz,Schwaches Baumholz_11,,1155.9,Siat
0.6,12,plant10,not_young,3,4,4,0,3,5064,Stangenholz,Stangenholz_12,,1526.9,Andiast
0.6,12,plant10,not_young,3,4,4,0,3,5065,Schwaches Baumholz,Schwaches Baumholz_12,,1557.9,Andiast
0.6,11,plant10,not_young,3,4,4,0,3,5066,Schwaches Baumholz,Schwaches Baumholz_11,,833.3999999999999,Rueun
1.7,11,plant10,not_young,3,4,4,0,3,5067,Schwaches Baumholz,Schwaches Baumholz_11,,877.2999999999998,Rueun
1.5,11,plant10,not_young,3,4,4,0,3,5068,Mittleres Baumholz,Mittleres Baumholz_11,,1303.8,Waltensburg/Vuorz
1.0,11,plant10,not_young,3,4,4,0,3,5069,Schwaches Baumholz,Schwaches Baumholz_11,,1209.7,Waltensburg/Vuorz
1.1,11,plant10,not_young,3,4,4,0,3,5070,Starkes Baumholz,Starkes Baumholz_11,,1170.9,Waltensburg/Vuorz
0.6,11,plant10,not_young,3,4,4,0,3,5071,Schwaches Baumholz,Schwaches Baumholz_11,,1184.5,Waltensburg/Vuorz
2.9,11,plant10,not_young,3,4,4,0,3,5072,Stangenholz,Stangenholz_11,,1175.7,Waltensburg/Vuorz
0.7,11,plant10,not_young,3,4,4,0,3,5073,Schwaches Baumholz,Schwaches Baumholz_11,,1104.1,Waltensburg/Vuorz
0.5,11,plant10,not_young,3,4,4,0,3,5074,Schwaches Baumholz,Schwaches Baumholz_11,,1147.5,Waltensburg/Vuorz
0.8,11,plant10,not_young,3,4,4,0,3,5075,Stangenholz,Stangenholz_11,,1061.3,Waltensburg/Vuorz
0.6,11,plant10,not_young,3,4,4,0,3,5076,Schwaches Baumholz,Schwaches Baumholz_11,,1032.2,Waltensburg/Vuorz
1.2,11,plant10,not_young,1,4,4,0,3,5077,Schwaches Baumholz,Schwaches Baumholz_11,,748.5,Waltensburg/Vuorz
1.5,8,plant10,not_young,3,4,4,0,3,5078,Mittleres Baumholz,Mittleres Baumholz_8,,1675.7,Andiast
1.3,11,plant10,not_young,3,4,4,0,3,5079,Stangenholz,Stangenholz_11,,926.6,Waltensburg/Vuorz
1.0,11,plant10,not_young,3,4,4,0,3,5080,Schwaches Baumholz,Schwaches Baumholz_11,,957.9,Waltensburg/Vuorz
0.7,11,plant10,not_young,3,4,4,0,3,5081,Schwaches Baumholz,Schwaches Baumholz_11,,1310.4,Waltensburg/Vuorz
1.2,11,plant10,not_young,3,4,4,0,3,5082,Mittleres Baumholz,Mittleres Baumholz_11,,1317.7,Waltensburg/Vuorz
3.1,11,plant10,not_young,3,4,4,0,3,5083,Starkes Baumholz,Starkes Baumholz_11,,1315.4,Waltensburg/Vuorz
1.7,11,plant10,not_young,3,4,4,0,3,5084,Mittleres Baumholz,Mittleres Baumholz_11,,1316.9,Waltensburg/Vuorz
1.5,11,plant10,not_young,3,4,4,0,3,5085,Mittleres Baumholz,Mittleres Baumholz_11,,1304.4,Waltensburg/Vuorz
0.7,11,plant10,not_young,3,4,4,0,3,5086,Schwaches Baumholz,Schwaches Baumholz_11,,888.5,Waltensburg/Vuorz
1.3,11,plant10,not_young,3,4,4,0,3,5087,Schwaches Baumholz,Schwaches Baumholz_11,,942.9,Waltensburg/Vuorz
2.2,11,plant10,not_young,3,4,4,0,3,5088,Mittleres Baumholz,Mittleres Baumholz_11,,1194.8,Waltensburg/Vuorz
0.5,11,plant10,not_young,3,4,4,0,3,5089,Mittleres Baumholz,Mittleres Baumholz_11,,1228.0,Waltensburg/Vuorz
0.5,11,plant10,not_young,3,4,4,0,3,5090,Mittleres Baumholz,Mittleres Baumholz_11,,1196.4,Waltensburg/Vuorz
1.6,11,plant10,not_young,3,4,4,0,3,5091,Mittleres Baumholz,Mittleres Baumholz_11,,1166.3,Waltensburg/Vuorz
0.5,11,plant10,not_young,3,4,4,0,3,5092,Mittleres Baumholz,Mittleres Baumholz_11,,1253.7,Waltensburg/Vuorz
2.1,11,plant10,not_young,3,4,4,0,3,5093,Mittleres Baumholz,Mittleres Baumholz_11,,1291.1,Waltensburg/Vuorz
1.0,11,plant10,not_young,3,4,4,0,3,5094,Mittleres Baumholz,Mittleres Baumholz_11,,1307.9,Waltensburg/Vuorz
1.0,11,plant10,not_young,3,4,4,0,3,5095,Stangenholz,Stangenholz_11,,1130.9,Waltensburg/Vuorz
1.9,11,plant10,not_young,3,4,4,0,3,5096,Stangenholz,Stangenholz_11,,1129.1,Waltensburg/Vuorz
1.0,12,plant10,not_young,3,4,4,0,3,5097,Mittleres Baumholz,Mittleres Baumholz_12,,1535.4,Andiast
2.2,11,plant10,not_young,3,4,4,0,3,5098,Stangenholz,Stangenholz_11,,1048.9,Waltensburg/Vuorz
0.7,11,plant10,not_young,3,4,4,0,3,5099,Mittleres Baumholz,Mittleres Baumholz_11,,1093.6,Waltensburg/Vuorz
0.5,12,plant10,not_young,3,4,4,0,3,5100,Mittleres Baumholz,Mittleres Baumholz_12,,1429.9,Rueun
0.8,12,plant10,not_young,3,4,4,0,3,5101,Mittleres Baumholz,Mittleres Baumholz_12,,1587.4,Andiast
2.1,12,plant10,not_young,3,4,4,0,3,5102,Mittleres Baumholz,Mittleres Baumholz_12,,1554.7,Andiast
2.3,12,plant10,not_young,3,4,4,0,3,5103,Mittleres Baumholz,Mittleres Baumholz_12,,1573.8,Andiast
0.6,12,plant10,not_young,3,4,4,0,3,5104,Mittleres Baumholz,Mittleres Baumholz_12,,1561.2,Andiast
1.6,11,plant10,not_young,3,4,4,0,3,5105,Starkes Baumholz,Starkes Baumholz_11,,886.3999999999999,Waltensburg/Vuorz
2.4,11,plant10,not_young,3,4,4,0,3,5106,Stangenholz,Stangenholz_11,,968.9,Waltensburg/Vuorz
0.8,11,plant10,not_young,3,4,4,0,3,5107,Schwaches Baumholz,Schwaches Baumholz_11,,1310.6,Waltensburg/Vuorz
1.3,11,plant10,not_young,3,4,4,0,3,5108,Mittleres Baumholz,Mittleres Baumholz_11,,1052.0,Waltensburg/Vuorz
0.6,11,plant10,not_young,3,4,4,0,3,5109,Mittleres Baumholz,Mittleres Baumholz_11,,1041.5,Waltensburg/Vuorz
3.0,11,plant10,not_young,3,4,4,0,3,5110,Schwaches Baumholz,Schwaches Baumholz_11,,848.1,Waltensburg/Vuorz
0.5,11,plant10,not_young,3,4,4,0,3,5111,Stangenholz,Stangenholz_11,,854.6,Waltensburg/Vuorz
0.9,11,plant10,not_young,3,4,4,0,3,5112,Mittleres Baumholz,Mittleres Baumholz_11,,1054.0,Waltensburg/Vuorz
2.0,11,plant10,not_young,3,4,4,0,3,5113,Schwaches Baumholz,Schwaches Baumholz_11,,1055.1,Waltensburg/Vuorz
0.9,11,plant10,not_young,3,4,4,0,3,5114,Stangenholz,Stangenholz_11,,1011.5,Waltensburg/Vuorz
0.7,11,plant10,not_young,3,4,4,0,3,5115,Mittleres Baumholz,Mittleres Baumholz_11,,1159.8,Waltensburg/Vuorz
0.5,12,plant10,not_young,3,4,4,0,3,5116,Stangenholz,Stangenholz_12,,1460.5,Rueun
1.1,11,plant10,not_young,3,4,4,0,3,5117,Stangenholz,Stangenholz_11,,1123.8,Waltensburg/Vuorz
0.5,11,plant10,not_young,3,4,4,0,3,5118,Mittleres Baumholz,Mittleres Baumholz_11,,758.8999999999999,Waltensburg/Vuorz
0.5,11,plant10,not_young,3,4,4,0,3,5119,Stangenholz,Stangenholz_11,,1491.7,Sumvitg
2.5,11,plant10,not_young,3,4,4,0,3,5120,Mittleres Baumholz,Mittleres Baumholz_11,,1065.0,Surrein
2.1,11,plant10,not_young,3,4,4,0,3,5121,Mittleres Baumholz,Mittleres Baumholz_11,,988.2,Surrein
0.8,11,plant10,not_young,3,4,4,0,3,5122,Stangenholz,Stangenholz_11,,1129.2,Surrein
2.0,11,plant10,not_young,3,4,4,0,3,5123,Stangenholz,Stangenholz_11,,1259.8,Surrein
0.8,11,plant10,not_young,3,4,4,0,3,5124,Mittleres Baumholz,Mittleres Baumholz_11,,1194.3,Surrein
1.5,11,plant10,not_young,3,4,4,0,3,5125,Mittleres Baumholz,Mittleres Baumholz_11,,1304.1,Surrein
0.9,11,plant10,not_young,3,4,4,0,3,5126,Starkes Baumholz,Starkes Baumholz_11,,1282.1,Surrein
5.7,11,plant10,not_young,3,4,4,0,3,5127,Schwaches Baumholz,Schwaches Baumholz_11,,986.8,Surrein
0.9,11,plant10,not_young,3,4,4,0,3,5128,Starkes Baumholz,Starkes Baumholz_11,,1206.4,Surrein
0.6,11,plant10,not_young,3,4,4,0,3,5129,Mittleres Baumholz,Mittleres Baumholz_11,,1098.4,Surrein
3.6,11,plant10,not_young,3,4,4,0,3,5130,Stangenholz,Stangenholz_11,,999.6,Surrein
2.0,11,plant10,not_young,3,4,4,0,3,5131,Stangenholz,Stangenholz_11,,1071.2,Surrein
2.1,11,plant10,not_young,3,4,4,0,3,5132,Stangenholz,Stangenholz_11,,958.0,Cumpadials
2.2,11,plant10,not_young,3,4,4,0,3,5133,Mittleres Baumholz,Mittleres Baumholz_11,,1099.7,Surrein
0.5,11,plant10,not_young,3,4,4,0,3,5134,Stangenholz,Stangenholz_11,,1192.7,Surrein
0.6,11,plant10,not_young,3,4,4,0,3,5135,Stangenholz,Stangenholz_11,,1277.0,Surrein
0.6,11,plant10,not_young,3,4,4,0,3,5136,Starkes Baumholz,Starkes Baumholz_11,,1288.7,Surrein
1.0,11,plant10,not_young,3,4,4,0,3,5137,Mittleres Baumholz,Mittleres Baumholz_11,,1386.0,Surrein
0.6,11,plant10,not_young,3,4,4,0,3,5138,Schwaches Baumholz,Schwaches Baumholz_11,,1373.4,Surrein
8.9,11,plant10,not_young,3,4,4,0,3,5139,Schwaches Baumholz,Schwaches Baumholz_11,,969.3,Surrein
3.4,11,plant10,not_young,3,4,4,0,3,5140,Starkes Baumholz,Starkes Baumholz_11,,1191.9,Surrein
0.5,11,plant10,not_young,3,4,4,0,3,5141,Stangenholz,Stangenholz_11,,1461.9,Surrein
3.6,11,plant10,not_young,3,4,4,0,3,5142,Mittleres Baumholz,Mittleres Baumholz_11,,1319.0,Surrein
0.7,11,plant10,not_young,3,4,4,0,3,5143,Mittleres Baumholz,Mittleres Baumholz_11,,1078.7,Surrein
1.9,9,plant10,not_young,3,4,4,0,3,5144,Mittleres Baumholz,Mittleres Baumholz_9,,1863.7,Obersaxen
0.7,9,plant10,not_young,3,4,4,0,3,5145,Stangenholz,Stangenholz_9,,1859.8,Obersaxen
0.8,11,plant10,not_young,3,4,4,0,3,5146,Schwaches Baumholz,Schwaches Baumholz_11,,1041.1,Cumpadials
1.4,11,plant10,not_young,3,4,4,0,3,5147,Starkes Baumholz,Starkes Baumholz_11,,1069.6,Cumpadials
0.9,11,plant10,not_young,3,4,4,0,3,5148,Starkes Baumholz,Starkes Baumholz_11,,1141.4,Cumpadials
1.0,11,plant10,not_young,3,4,4,0,3,5149,Mittleres Baumholz,Mittleres Baumholz_11,,1530.8,Surrein
1.1,11,plant10,not_young,3,4,4,0,3,5150,Schwaches Baumholz,Schwaches Baumholz_11,,1581.0,Surrein
1.5,11,plant10,not_young,3,4,4,0,3,5151,Stangenholz,Stangenholz_11,,976.3,Surrein
5.2,11,plant10,not_young,3,4,4,0,3,5152,Stangenholz,Stangenholz_11,,1437.3,Obersaxen
1.5,11,plant10,not_young,3,4,4,0,3,5153,Schwaches Baumholz,Schwaches Baumholz_11,,1031.2,Surrein
0.9,11,plant10,not_young,3,4,4,0,3,5154,Stangenholz,Stangenholz_11,,1179.1,Sumvitg
1.7,11,plant10,not_young,3,4,4,0,3,5155,Schwaches Baumholz,Schwaches Baumholz_11,,1398.4,Obersaxen
0.6,11,plant10,not_young,3,4,4,0,3,5156,Stangenholz,Stangenholz_11,,1188.4,Sumvitg
2.1,9,plant10,not_young,3,4,4,0,3,5157,Starkes Baumholz,Starkes Baumholz_9,,1883.3,Obersaxen
3.9,11,plant10,not_young,3,4,4,0,3,5158,Schwaches Baumholz,Schwaches Baumholz_11,,985.8,Surrein
11.2,11,plant10,not_young,3,4,4,0,3,5159,Schwaches Baumholz,Schwaches Baumholz_11,,976.2,Cumpadials
1.7,11,plant10,not_young,3,4,4,0,3,5160,Stangenholz,Stangenholz_11,,902.7,Surrein
1.1,11,plant10,not_young,3,4,4,0,3,5161,Schwaches Baumholz,Schwaches Baumholz_11,,980.6,Surrein
0.7,11,plant10,not_young,3,4,4,0,3,5162,Stangenholz,Stangenholz_11,,1539.0,Sumvitg
0.7,11,plant10,not_young,3,4,4,0,3,5163,Stangenholz,Stangenholz_11,,910.8,Surrein
2.1,11,plant10,not_young,3,4,4,0,3,5164,Schwaches Baumholz,Schwaches Baumholz_11,,1000.6,Surrein
1.0,11,plant10,not_young,3,4,4,0,3,5165,Stangenholz,Stangenholz_11,,994.6,Surrein
2.4,11,plant10,not_young,3,4,4,0,3,5166,Mittleres Baumholz,Mittleres Baumholz_11,,1081.2,Surrein
2.2,9,plant10,not_young,3,4,4,0,3,5167,Starkes Baumholz,Starkes Baumholz_9,,1850.4,Obersaxen
1.2,9,plant10,not_young,3,4,4,0,3,5168,Starkes Baumholz,Starkes Baumholz_9,,1832.0,Obersaxen
2.1,8,plant10,not_young,3,4,4,0,3,5169,Mittleres Baumholz,Mittleres Baumholz_8,,1807.1,Obersaxen
1.7,11,plant10,not_young,3,4,4,0,3,5170,Schwaches Baumholz,Schwaches Baumholz_11,,1104.0,Surrein
1.6,11,plant10,not_young,3,4,4,0,3,5171,Schwaches Baumholz,Schwaches Baumholz_11,,1220.0,Surrein
2.3,11,plant10,not_young,3,4,4,0,3,5172,Stangenholz,Stangenholz_11,,1175.1,Surrein
1.2,11,plant10,not_young,3,4,4,0,3,5173,Mittleres Baumholz,Mittleres Baumholz_11,,1247.7,Surrein
0.7,11,plant10,not_young,3,4,4,0,3,5174,Stangenholz,Stangenholz_11,,1142.7,Sumvitg
0.7,11,plant10,not_young,3,4,4,0,3,5175,Mittleres Baumholz,Mittleres Baumholz_11,,1111.9,Surcuolm
0.8,11,plant10,not_young,3,4,4,0,3,5176,Stangenholz,Stangenholz_11,,971.4,Cumpadials
2.1,11,plant10,not_young,3,4,4,0,3,5177,Starkes Baumholz,Starkes Baumholz_11,,1422.4,Sumvitg
4.7,8,plant10,not_young,3,4,4,0,3,5178,Mittleres Baumholz,Mittleres Baumholz_8,,1794.3,Obersaxen
0.9,11,plant10,not_young,3,4,4,0,3,5179,Mittleres Baumholz,Mittleres Baumholz_11,,1409.4,Sumvitg
0.9,11,plant10,not_young,3,4,4,0,3,5180,Mittleres Baumholz,Mittleres Baumholz_11,,1480.5,Sumvitg
1.5,11,plant10,not_young,3,4,4,0,3,5181,Mittleres Baumholz,Mittleres Baumholz_11,,1501.8,Sumvitg
3.3,11,plant10,not_young,3,4,4,0,3,5182,Stangenholz,Stangenholz_11,,1162.5,Surrein
2.2,11,plant10,not_young,3,4,4,0,3,5183,Mittleres Baumholz,Mittleres Baumholz_11,,1441.2,Surrein
0.5,11,plant10,not_young,3,4,4,0,3,5184,Stangenholz,Stangenholz_11,,961.8,Surrein
0.6,8,plant10,not_young,3,4,4,0,3,5185,Mittleres Baumholz,Mittleres Baumholz_8,,1640.0,Sumvitg
1.0,11,plant10,not_young,3,4,4,0,3,5186,Stangenholz,Stangenholz_11,,1383.5,Surrein
1.2,11,plant10,not_young,3,4,4,0,3,5187,Mittleres Baumholz,Mittleres Baumholz_11,,1421.8,Surrein
1.3,11,plant10,not_young,3,4,4,0,3,5188,Mittleres Baumholz,Mittleres Baumholz_11,,1448.1,Sumvitg
0.9,11,plant10,not_young,3,4,4,0,3,5189,Starkes Baumholz,Starkes Baumholz_11,,1421.0,Sumvitg
4.1,11,plant10,not_young,3,4,4,0,3,5190,Schwaches Baumholz,Schwaches Baumholz_11,,1026.1,Surrein
0.5,11,plant10,not_young,3,4,4,0,3,5191,Mittleres Baumholz,Mittleres Baumholz_11,,1075.4,Surrein
2.0,11,plant10,not_young,3,4,4,0,3,5192,Mittleres Baumholz,Mittleres Baumholz_11,,1099.7,Surrein
1.6,11,plant10,not_young,3,4,4,0,3,5193,Mittleres Baumholz,Mittleres Baumholz_11,,1022.9,Surrein
1.6,11,plant10,not_young,3,4,4,0,3,5194,Stangenholz,Stangenholz_11,,956.7,Surrein
1.9,11,plant10,not_young,3,4,4,0,3,5195,Stangenholz,Stangenholz_11,,1008.7,Surrein
1.5,11,plant10,not_young,3,4,4,0,3,5196,Mittleres Baumholz,Mittleres Baumholz_11,,1359.7,Surrein
5.7,8,plant10,not_young,3,4,4,0,3,5197,Starkes Baumholz,Starkes Baumholz_8,,1699.4,Obersaxen
1.0,11,plant10,not_young,3,4,4,0,3,5198,Mittleres Baumholz,Mittleres Baumholz_11,,1371.5,Obersaxen
1.2,11,plant10,not_young,3,4,4,0,3,5199,Schwaches Baumholz,Schwaches Baumholz_11,,1303.5,Obersaxen
1.0,11,plant10,not_young,3,4,4,0,3,5200,Schwaches Baumholz,Schwaches Baumholz_11,,1290.0,Obersaxen
1.1,11,plant10,not_young,3,4,4,0,3,5201,Schwaches Baumholz,Schwaches Baumholz_11,,1475.9,Trun
0.8,11,plant10,not_young,3,4,4,0,3,5202,Stangenholz,Stangenholz_11,,1539.9,Trun
3.7,9,plant10,not_young,3,4,4,0,3,5203,Mittleres Baumholz,Mittleres Baumholz_9,,1913.7,Trun
2.4,9,plant10,not_young,3,4,4,0,3,5204,Mittleres Baumholz,Mittleres Baumholz_9,,1920.4,Trun
3.2,9,plant10,not_young,3,4,4,0,3,5205,Mittleres Baumholz,Mittleres Baumholz_9,,1885.9,Trun
1.7,11,plant10,not_young,3,4,4,0,3,5206,Stangenholz,Stangenholz_11,,1120.8,Trun
0.8,11,plant10,not_young,3,4,4,0,3,5207,Stangenholz,Stangenholz_11,,1071.0,Trun
3.4,11,plant10,not_young,3,4,4,0,3,5208,Mittleres Baumholz,Mittleres Baumholz_11,,1106.7,Trun
1.8,11,plant10,not_young,3,4,4,0,3,5209,Starkes Baumholz,Starkes Baumholz_11,,1142.0,Trun
3.1,11,plant10,not_young,3,4,4,0,3,5210,Mittleres Baumholz,Mittleres Baumholz_11,,1155.3,Zignau
0.8,11,plant10,not_young,3,4,4,0,3,5211,Stangenholz,Stangenholz_11,,1572.7,Zignau
2.4,11,plant10,not_young,3,4,4,0,3,5212,Stangenholz,Stangenholz_11,,1190.9,Trun
0.5,11,plant10,not_young,3,4,4,0,3,5213,Mittleres Baumholz,Mittleres Baumholz_11,,1164.2,Trun
2.5,11,plant10,not_young,3,4,4,0,3,5214,Starkes Baumholz,Starkes Baumholz_11,,1153.3,Trun
0.5,11,plant10,not_young,3,4,4,0,3,5215,Stangenholz,Stangenholz_11,,1107.6,Zignau
0.8,11,plant10,not_young,3,4,4,0,3,5216,Schwaches Baumholz,Schwaches Baumholz_11,,1550.6,Trun
1.3,8,plant10,not_young,3,4,4,0,3,5217,Mittleres Baumholz,Mittleres Baumholz_8,,1663.7,Trun
1.0,8,plant10,not_young,3,4,4,0,3,5218,Mittleres Baumholz,Mittleres Baumholz_8,,1706.3,Trun
2.3,8,plant10,not_young,3,4,4,0,3,5219,Starkes Baumholz,Starkes Baumholz_8,,1629.7,Trun
0.7,8,plant10,not_young,3,4,4,0,3,5220,Mittleres Baumholz,Mittleres Baumholz_8,,1703.4,Trun
1.0,8,plant10,not_young,3,4,4,0,3,5221,Mittleres Baumholz,Mittleres Baumholz_8,,1697.1,Trun
0.9,8,plant10,not_young,3,4,4,0,3,5222,Mittleres Baumholz,Mittleres Baumholz_8,,1583.7,Trun
1.4,8,plant10,not_young,3,4,4,0,3,5223,Starkes Baumholz,Starkes Baumholz_8,,1602.7,Trun
1.2,8,plant10,not_young,3,4,4,0,3,5224,Mittleres Baumholz,Mittleres Baumholz_8,,1714.6,Trun
0.9,8,plant10,not_young,3,4,4,0,3,5225,Starkes Baumholz,Starkes Baumholz_8,,1625.3,Trun
2.5,11,plant10,not_young,3,4,4,0,3,5226,Stangenholz,Stangenholz_11,,936.0,Trun
2.8,11,plant10,not_young,3,4,4,0,3,5227,Schwaches Baumholz,Schwaches Baumholz_11,,905.1,Trun
0.5,11,plant10,not_young,3,4,4,0,3,5228,Stangenholz,Stangenholz_11,,1252.3,Trun
0.8,11,plant10,not_young,3,4,4,0,3,5229,Mittleres Baumholz,Mittleres Baumholz_11,,1325.2,Trun
3.0,8,plant10,not_young,3,4,4,0,3,5230,Mittleres Baumholz,Mittleres Baumholz_8,,1742.1,Trun
0.5,11,plant10,not_young,3,4,4,0,3,5231,Stangenholz,Stangenholz_11,,1478.9,Trun
0.9,8,plant10,not_young,3,4,4,0,3,5232,Starkes Baumholz,Starkes Baumholz_8,,1688.3,Trun
5.6,8,plant10,not_young,3,4,4,0,3,5233,Mittleres Baumholz,Mittleres Baumholz_8,,1715.3,Trun
1.2,11,plant10,not_young,3,4,4,0,3,5234,Schwaches Baumholz,Schwaches Baumholz_11,,1374.7,Trun
1.2,11,plant10,not_young,3,4,4,0,3,5235,Starkes Baumholz,Starkes Baumholz_11,,1383.8,Trun
1.4,11,plant10,not_young,3,4,4,0,3,5236,Schwaches Baumholz,Schwaches Baumholz_11,,1426.7,Trun
4.7,11,plant10,not_young,3,4,4,0,3,5237,Starkes Baumholz,Starkes Baumholz_11,,927.7,Trun
0.5,11,plant10,not_young,3,4,4,0,3,5238,Stangenholz,Stangenholz_11,,1409.5,Trun
1.5,11,plant10,not_young,3,4,4,0,3,5239,Stangenholz,Stangenholz_11,,1404.9,Trun
2.4,11,plant10,not_young,3,4,4,0,3,5240,Starkes Baumholz,Starkes Baumholz_11,,1170.3,Trun
2.6,11,plant10,not_young,3,4,4,0,3,5241,Starkes Baumholz,Starkes Baumholz_11,,1266.5,Trun
0.9,11,plant10,not_young,3,4,4,0,3,5242,Mittleres Baumholz,Mittleres Baumholz_11,,1029.6,Zignau
1.6,11,plant10,not_young,3,4,4,0,3,5243,Stangenholz,Stangenholz_11,,1388.9,Trun
1.1,11,plant10,not_young,3,4,4,0,3,5244,Stangenholz,Stangenholz_11,,1329.4,Trun
0.5,11,plant10,not_young,3,4,4,0,3,5245,Stangenholz,Stangenholz_11,,1423.7,Trun
0.5,11,plant10,not_young,3,4,4,0,3,5246,Mittleres Baumholz,Mittleres Baumholz_11,,1420.0,Trun
0.6,11,plant10,not_young,3,4,4,0,3,5247,Schwaches Baumholz,Schwaches Baumholz_11,,1304.4,Trun
1.3,11,plant10,not_young,3,4,4,0,3,5248,Mittleres Baumholz,Mittleres Baumholz_11,,1358.6,Trun
4.1,11,plant10,not_young,3,4,4,0,3,5249,Schwaches Baumholz,Schwaches Baumholz_11,,949.7,Zignau
2.8,9,plant10,not_young,3,4,4,0,3,5250,Mittleres Baumholz,Mittleres Baumholz_9,,1851.3,Trun
2.1,11,plant10,not_young,3,4,4,0,3,5251,Schwaches Baumholz,Schwaches Baumholz_11,,846.3999999999999,Trun
1.0,11,plant10,not_young,3,4,4,0,3,5252,Schwaches Baumholz,Schwaches Baumholz_11,,872.7999999999998,Trun
0.6,11,plant10,not_young,3,4,4,0,3,5253,Schwaches Baumholz,Schwaches Baumholz_11,,1046.4,Zignau
5.0,11,plant10,not_young,3,4,4,0,3,5254,Schwaches Baumholz,Schwaches Baumholz_11,,846.7999999999998,Trun
0.5,11,plant10,not_young,3,4,4,0,3,5255,Stangenholz,Stangenholz_11,,977.5,Trun
2.6,11,plant10,not_young,3,4,4,0,3,5256,Starkes Baumholz,Starkes Baumholz_11,,1131.4,Trun
0.5,11,plant10,not_young,3,4,4,0,3,5257,Stangenholz,Stangenholz_11,,846.1,Trun
1.2,8,plant10,not_young,3,4,4,0,3,5258,Mittleres Baumholz,Mittleres Baumholz_8,,1585.6,Trun
5.0,11,plant10,not_young,3,4,4,0,3,5259,Stangenholz,Stangenholz_11,,1537.7,Trun
4.4,8,plant10,not_young,3,4,4,0,3,5260,Starkes Baumholz,Starkes Baumholz_8,,1628.4,Trun
3.6,8,plant10,not_young,3,4,4,0,3,5261,Mittleres Baumholz,Mittleres Baumholz_8,,1689.5,Trun
1.0,11,plant10,not_young,3,4,4,0,3,5262,Stangenholz,Stangenholz_11,,1428.2,Trun
0.5,11,plant10,not_young,3,4,4,0,3,5263,Starkes Baumholz,Starkes Baumholz_11,,1258.0,Trun
1.1,11,plant10,not_young,3,4,4,0,3,5264,Schwaches Baumholz,Schwaches Baumholz_11,,1371.6,Trun
2.1,11,plant10,not_young,3,4,4,0,3,5265,Starkes Baumholz,Starkes Baumholz_11,,1206.8,Trun
1.5,11,plant10,not_young,3,4,4,0,3,5266,Mittleres Baumholz,Mittleres Baumholz_11,,1260.6,Trun
0.8,9,plant10,not_young,3,4,4,0,3,5267,Mittleres Baumholz,Mittleres Baumholz_9,,1905.0,Trun
1.6,11,plant10,not_young,3,4,4,0,3,5268,Schwaches Baumholz,Schwaches Baumholz_11,,1424.2,Trun
1.1,12,plant10,not_young,3,4,4,0,3,5269,Schwaches Baumholz,Schwaches Baumholz_12,,1549.5,Trun
3.5,11,plant10,not_young,3,4,4,0,3,5270,Stangenholz,Stangenholz_11,,978.2,Trun
0.7,8,plant10,not_young,3,4,4,0,3,5271,Mittleres Baumholz,Mittleres Baumholz_8,,1831.5,Pigniu
1.2,11,plant10,not_young,3,4,4,0,3,5272,Stangenholz,Stangenholz_11,,839.6,Trun
2.6,11,plant10,not_young,3,4,4,0,3,5273,Starkes Baumholz,Starkes Baumholz_11,,1011.4,Zignau
1.8,11,plant10,not_young,3,4,4,0,3,5274,Schwaches Baumholz,Schwaches Baumholz_11,,1097.2,Zignau
1.2,9,plant10,not_young,3,4,4,0,3,5275,Mittleres Baumholz,Mittleres Baumholz_9,,1905.9,Trun
0.6,8,plant10,not_young,3,4,4,0,3,5276,Mittleres Baumholz,Mittleres Baumholz_8,,1652.9,Trun
1.2,11,plant10,not_young,3,4,4,0,3,5277,Mittleres Baumholz,Mittleres Baumholz_11,,1477.1,Trun
2.8,11,plant10,not_young,3,4,4,0,3,5278,Starkes Baumholz,Starkes Baumholz_11,,1306.5,Trun
1.1,11,plant10,not_young,3,4,4,0,3,5279,Starkes Baumholz,Starkes Baumholz_11,,1242.1,Trun
3.7,11,plant10,not_young,3,4,4,0,3,5280,Stangenholz,Stangenholz_11,,1353.7,Trun
1.9,11,plant10,not_young,3,4,4,0,3,5281,Stangenholz,Stangenholz_11,,1341.7,Trun
2.0,8,plant10,not_young,3,4,4,0,3,5282,Mittleres Baumholz,Mittleres Baumholz_8,,1576.5,Trun
0.5,11,plant10,not_young,3,4,4,0,3,5283,Schwaches Baumholz,Schwaches Baumholz_11,,1505.0,Trun
1.7,11,plant10,not_young,3,4,4,0,3,5284,Mittleres Baumholz,Mittleres Baumholz_11,,1358.8,Trun
2.0,11,plant10,not_young,3,4,4,0,3,5285,Mittleres Baumholz,Mittleres Baumholz_11,,1516.0,Trun
1.2,8,plant10,not_young,3,4,4,0,3,5286,Mittleres Baumholz,Mittleres Baumholz_8,,1659.2,Trun
1.5,11,plant10,not_young,3,4,4,0,3,5287,Starkes Baumholz,Starkes Baumholz_11,,1555.5,Trun
1.0,11,plant10,not_young,3,4,4,0,3,5288,Stangenholz,Stangenholz_11,,1458.0,Trun
1.4,11,plant10,not_young,3,4,4,0,3,5289,Stangenholz,Stangenholz_11,,1459.4,Trun
0.5,11,plant10,not_young,3,4,4,0,3,5290,Stangenholz,Stangenholz_11,,1501.0,Trun
0.9,12,plant10,not_young,3,4,4,0,3,5291,Mittleres Baumholz,Mittleres Baumholz_12,,1565.3,Trun
1.8,11,plant10,not_young,3,4,4,0,3,5292,Starkes Baumholz,Starkes Baumholz_11,,983.4,Trun
3.1,11,plant10,not_young,3,4,4,0,3,5293,Starkes Baumholz,Starkes Baumholz_11,,1158.0,Trun
0.7,11,plant10,not_young,3,4,4,0,3,5294,Starkes Baumholz,Starkes Baumholz_11,,1285.1,Trun
1.5,11,plant10,not_young,3,4,4,0,3,5295,Starkes Baumholz,Starkes Baumholz_11,,1316.0,Trun
2.4,11,plant10,not_young,3,4,4,0,3,5296,Mittleres Baumholz,Mittleres Baumholz_11,,1291.9,Trun
0.5,11,plant10,not_young,3,4,4,0,3,5297,Starkes Baumholz,Starkes Baumholz_11,,1392.5,Trun
2.8,11,plant10,not_young,3,4,4,0,3,5298,Starkes Baumholz,Starkes Baumholz_11,,1173.4,Trun
0.9,11,plant10,not_young,3,4,4,0,3,5299,Starkes Baumholz,Starkes Baumholz_11,,1190.8,Trun
1.5,11,plant10,not_young,3,4,4,0,3,5300,Mittleres Baumholz,Mittleres Baumholz_11,,993.5,Trun
1.7,11,plant10,not_young,3,4,4,0,3,5301,Schwaches Baumholz,Schwaches Baumholz_11,,1190.0,Trun
2.7,11,plant10,not_young,3,4,4,0,3,5302,Starkes Baumholz,Starkes Baumholz_11,,1369.8,Trun
1.3,11,plant10,not_young,3,4,4,0,3,5303,Starkes Baumholz,Starkes Baumholz_11,,1255.6,Trun
1.0,11,plant10,not_young,3,4,4,0,3,5304,Mittleres Baumholz,Mittleres Baumholz_11,,1324.0,Trun
1.4,11,plant10,not_young,3,4,4,0,3,5305,Mittleres Baumholz,Mittleres Baumholz_11,,1305.3,Trun
1.5,11,plant10,not_young,3,4,4,0,3,5306,Schwaches Baumholz,Schwaches Baumholz_11,,1163.0,Trun
0.8,11,plant10,not_young,3,4,4,0,3,5307,Stangenholz,Stangenholz_11,,1176.5,Trun
3.5,11,plant10,not_young,3,4,4,0,3,5308,Starkes Baumholz,Starkes Baumholz_11,,1068.9,Trun
0.8,11,plant10,not_young,3,4,4,0,3,5309,Mittleres Baumholz,Mittleres Baumholz_11,,982.2,Trun
3.2,11,plant10,not_young,3,4,4,0,3,5310,Starkes Baumholz,Starkes Baumholz_11,,1408.3,Trun
1.8,11,plant10,not_young,3,4,4,0,3,5311,Starkes Baumholz,Starkes Baumholz_11,,1363.2,Trun
0.8,5,plant10,not_young,3,4,4,0,3,5312,Schwaches Baumholz,Schwaches Baumholz_5,,842.2999999999998,Zignau
0.5,8,plant10,not_young,3,4,4,0,3,5313,Mittleres Baumholz,Mittleres Baumholz_8,,1657.0,Trun
2.1,11,plant10,not_young,3,4,4,0,3,5314,Mittleres Baumholz,Mittleres Baumholz_11,,1154.6,Trun
0.7,11,plant10,not_young,3,4,4,0,3,5315,Stangenholz,Stangenholz_11,,892.2,Trun
0.8,5,plant10,not_young,3,4,4,0,3,5316,Mittleres Baumholz,Mittleres Baumholz_5,,1907.7,Pigniu
0.5,5,plant10,not_young,3,4,4,0,3,5317,Mittleres Baumholz,Mittleres Baumholz_5,,1873.9,Pigniu
1.4,11,plant10,not_young,1,4,4,0,3,5318,Schwaches Baumholz,Schwaches Baumholz_11,,707.2,Ilanz
1.9,11,plant10,not_young,1,4,4,0,3,5319,Schwaches Baumholz,Schwaches Baumholz_11,,707.8,Ilanz
0.9,11,plant10,not_young,1,4,4,0,3,5320,Schwaches Baumholz,Schwaches Baumholz_11,,708.4,Ilanz
1.0,11,plant10,not_young,3,4,4,0,3,5321,Stangenholz,Stangenholz_11,,728.7,Ilanz
1.5,11,plant10,not_young,3,4,4,0,3,5322,Starkes Baumholz,Starkes Baumholz_11,,835.7,Ilanz
0.7,11,plant10,not_young,3,4,4,0,3,5323,Mittleres Baumholz,Mittleres Baumholz_11,,753.8999999999999,Ilanz
0.6,11,plant10,not_young,1,4,4,0,3,5324,Stangenholz,Stangenholz_11,,713.1,Ilanz
1.0,12,plant10,not_young,3,4,4,0,3,5325,Mittleres Baumholz,Mittleres Baumholz_12,,1489.3,Siat
0.6,8,plant10,not_young,3,4,4,0,3,5326,Stangenholz,Stangenholz_8,,1723.3,Siat
1.0,8,plant10,not_young,3,4,4,0,3,5327,Schwaches Baumholz,Schwaches Baumholz_8,,1674.9,Siat
1.1,11,plant10,not_young,3,4,4,0,3,5328,Schwaches Baumholz,Schwaches Baumholz_11,,1440.2,Siat
0.9,11,plant10,not_young,3,4,4,0,3,5329,Schwaches Baumholz,Schwaches Baumholz_11,,919.4,Rueun
0.9,11,plant10,not_young,3,4,4,0,3,5330,Stangenholz,Stangenholz_11,,779.8999999999999,Rueun
0.6,11,plant10,not_young,3,4,4,0,3,5331,Schwaches Baumholz,Schwaches Baumholz_11,,831.7999999999998,Rueun
5.1,11,plant10,not_young,3,4,4,0,3,5332,Mittleres Baumholz,Mittleres Baumholz_11,,995.4,Siat
1.1,11,plant10,not_young,3,4,4,0,3,5333,Starkes Baumholz,Starkes Baumholz_11,,1365.9,Ruschein
0.7,12,plant10,not_young,3,4,4,0,3,5334,Schwaches Baumholz,Schwaches Baumholz_12,,1534.3,Siat
0.7,11,plant10,not_young,3,4,4,0,3,5335,Schwaches Baumholz,Schwaches Baumholz_11,,874.0,Rueun
2.6,12,plant10,not_young,3,4,4,0,3,5336,Mittleres Baumholz,Mittleres Baumholz_12,,1555.8,Siat
0.5,8,plant10,not_young,3,4,4,0,3,5337,Schwaches Baumholz,Schwaches Baumholz_8,,1771.2,Siat
1.0,11,plant10,not_young,3,4,4,0,3,5338,Stangenholz,Stangenholz_11,,957.1,Rueun
1.4,11,plant10,not_young,3,4,4,0,3,5339,Schwaches Baumholz,Schwaches Baumholz_11,,1017.4,Siat
1.0,11,plant10,not_young,3,4,4,0,3,5340,Mittleres Baumholz,Mittleres Baumholz_11,,1041.5,Siat
0.9,11,plant10,not_young,3,4,4,0,3,5341,Mittleres Baumholz,Mittleres Baumholz_11,,1054.0,Siat
0.7,11,plant10,not_young,3,4,4,0,3,5342,Mittleres Baumholz,Mittleres Baumholz_11,,931.3,Rueun
0.9,12,plant10,not_young,3,4,4,0,3,5343,Mittleres Baumholz,Mittleres Baumholz_12,,1607.2,Siat
2.4,12,plant10,not_young,3,4,4,0,3,5344,Mittleres Baumholz,Mittleres Baumholz_12,,1649.3,Siat
0.5,11,plant10,not_young,3,4,4,0,3,5345,Stangenholz,Stangenholz_11,,1365.4,Ruschein
2.9,11,plant10,not_young,3,4,4,0,3,5346,Mittleres Baumholz,Mittleres Baumholz_11,,1584.0,Ladir
3.6,5,plant10,not_young,3,4,4,0,3,5347,Mittleres Baumholz,Mittleres Baumholz_5,,1888.0,Ruschein
1.1,11,plant10,not_young,3,4,4,0,3,5348,Mittleres Baumholz,Mittleres Baumholz_11,,1458.9,Ladir
0.7,11,plant10,not_young,3,4,4,0,3,5349,Stangenholz,Stangenholz_11,,937.5,Rueun
0.7,11,plant10,not_young,3,4,4,0,3,5350,Schwaches Baumholz,Schwaches Baumholz_11,,1011.1,Siat
1.9,11,plant10,not_young,3,4,4,0,3,5351,Mittleres Baumholz,Mittleres Baumholz_11,,1101.3,Siat
2.9,11,plant10,not_young,3,4,4,0,3,5352,Mittleres Baumholz,Mittleres Baumholz_11,,1026.3,Flond
1.7,11,plant10,not_young,3,4,4,0,3,5353,Mittleres Baumholz,Mittleres Baumholz_11,,1487.2,Siat
1.4,11,plant10,not_young,3,4,4,0,3,5354,Starkes Baumholz,Starkes Baumholz_11,,1032.8,Flond
1.7,11,plant10,not_young,3,4,4,0,3,5355,Schwaches Baumholz,Schwaches Baumholz_11,,1407.2,Siat
0.9,11,plant10,not_young,3,4,4,0,3,5356,Mittleres Baumholz,Mittleres Baumholz_11,,1499.7,Siat
2.1,11,plant10,not_young,3,4,4,0,3,5357,Stangenholz,Stangenholz_11,,1446.7,Siat
0.8,11,plant10,not_young,3,4,4,0,3,5358,Starkes Baumholz,Starkes Baumholz_11,,1573.6,Ladir
1.5,11,plant10,not_young,3,4,4,0,3,5359,Schwaches Baumholz,Schwaches Baumholz_11,,1502.4,Ladir
0.9,11,plant10,not_young,3,4,4,0,3,5360,Mittleres Baumholz,Mittleres Baumholz_11,,1422.3,Siat
0.8,11,plant10,not_young,3,4,4,0,3,5361,Mittleres Baumholz,Mittleres Baumholz_11,,903.1,Rueun
1.0,11,plant10,not_young,3,4,4,0,3,5362,Schwaches Baumholz,Schwaches Baumholz_11,,885.0,Rueun
0.6,11,plant10,not_young,3,4,4,0,3,5363,Schwaches Baumholz,Schwaches Baumholz_11,,916.8,Waltensburg/Vuorz
1.0,11,plant10,not_young,3,4,4,0,3,5364,Stangenholz,Stangenholz_11,,929.6,Waltensburg/Vuorz
0.7,8,plant10,not_young,3,4,4,0,3,5365,Mittleres Baumholz,Mittleres Baumholz_8,,1753.3,Siat
1.7,8,plant10,not_young,3,4,4,0,3,5366,Schwaches Baumholz,Schwaches Baumholz_8,,1725.0,Siat
1.2,12,plant10,not_young,3,4,4,0,3,5367,Mittleres Baumholz,Mittleres Baumholz_12,,1639.0,Siat
2.1,12,plant10,not_young,3,4,4,0,3,5368,Mittleres Baumholz,Mittleres Baumholz_12,,1525.7,Siat
0.6,12,plant10,not_young,3,4,4,0,3,5369,Mittleres Baumholz,Mittleres Baumholz_12,,1481.9,Siat
0.6,11,plant10,not_young,3,4,4,0,3,5370,Schwaches Baumholz,Schwaches Baumholz_11,,965.3,Rueun
1.3,12,plant10,not_young,3,4,4,0,3,5371,Mittleres Baumholz,Mittleres Baumholz_12,,1547.0,Siat
3.0,11,plant10,not_young,3,4,4,0,3,5372,Starkes Baumholz,Starkes Baumholz_11,,1495.1,Ladir
2.1,11,plant10,not_young,3,4,4,0,3,5373,Schwaches Baumholz,Schwaches Baumholz_11,,1620.9,Ladir
0.6,8,plant10,not_young,3,4,4,0,3,5374,Mittleres Baumholz,Mittleres Baumholz_8,,1701.6,Ladir
1.3,8,plant10,not_young,3,4,4,0,3,5375,Mittleres Baumholz,Mittleres Baumholz_8,,1764.1,Pigniu
0.6,11,plant10,not_young,3,4,4,0,3,5376,Starkes Baumholz,Starkes Baumholz_11,,950.5,Rueun
0.5,11,plant10,not_young,3,4,4,0,3,5377,Stangenholz,Stangenholz_11,,895.2999999999998,Rueun
0.9,11,plant10,not_young,3,4,4,0,3,5378,Stangenholz,Stangenholz_11,,887.0,Rueun
0.7,11,plant10,not_young,3,4,4,0,3,5379,Mittleres Baumholz,Mittleres Baumholz_11,,924.4,Rueun
2.1,11,plant10,not_young,3,4,4,0,3,5380,Schwaches Baumholz,Schwaches Baumholz_11,,998.2,Siat
1.2,11,plant10,not_young,3,4,4,0,3,5381,Schwaches Baumholz,Schwaches Baumholz_11,,963.5,Rueun
1.7,11,plant10,not_young,3,4,4,0,3,5382,Mittleres Baumholz,Mittleres Baumholz_11,,1037.3,Siat
1.4,11,plant10,not_young,3,4,4,0,3,5383,Mittleres Baumholz,Mittleres Baumholz_11,,847.7,Rueun
2.5,11,plant10,not_young,3,4,4,0,3,5384,Mittleres Baumholz,Mittleres Baumholz_11,,921.2,Rueun
1.8,12,plant10,not_young,3,4,4,0,3,5385,Mittleres Baumholz,Mittleres Baumholz_12,,1517.2,Siat
1.5,11,plant10,not_young,3,4,4,0,3,5386,Mittleres Baumholz,Mittleres Baumholz_11,,1456.7,Siat
0.6,11,plant10,not_young,3,4,4,0,3,5387,Stangenholz,Stangenholz_11,,1468.4,Siat
1.1,8,plant10,not_young,3,4,4,0,3,5388,Stangenholz,Stangenholz_8,,1749.1,Siat
1.9,11,plant10,not_young,3,4,4,0,3,5389,Schwaches Baumholz,Schwaches Baumholz_11,,854.2999999999998,Rueun
0.5,12,plant10,not_young,3,4,4,0,3,5390,Schwaches Baumholz,Schwaches Baumholz_12,,1674.8,Siat
1.1,8,plant10,not_young,3,4,4,0,3,5391,Stangenholz,Stangenholz_8,,1501.8,Pigniu
0.7,12,plant10,not_young,3,4,4,0,3,5392,Schwaches Baumholz,Schwaches Baumholz_12,,1635.7,Siat
1.1,8,plant10,not_young,3,4,4,0,3,5393,Mittleres Baumholz,Mittleres Baumholz_8,,1683.2,Siat
1.5,12,plant10,not_young,3,4,4,0,3,5394,Mittleres Baumholz,Mittleres Baumholz_12,,1611.5,Siat
1.3,12,plant10,not_young,3,4,4,0,3,5395,Mittleres Baumholz,Mittleres Baumholz_12,,1662.9,Siat
9.7,8,plant10,not_young,3,4,4,0,3,5396,Mittleres Baumholz,Mittleres Baumholz_8,,1812.9,Ladir
0.7,11,plant10,not_young,3,4,4,0,3,5397,Schwaches Baumholz,Schwaches Baumholz_11,,981.8,Siat
0.6,11,plant10,not_young,3,4,4,0,3,5398,Mittleres Baumholz,Mittleres Baumholz_11,,1286.8,Siat
0.7,11,plant10,not_young,3,4,4,0,3,5399,Mittleres Baumholz,Mittleres Baumholz_11,,1446.3,Siat
0.5,12,plant10,not_young,3,4,4,0,3,5400,Mittleres Baumholz,Mittleres Baumholz_12,,1542.2,Siat
1.2,11,plant10,not_young,3,4,4,0,3,5401,Mittleres Baumholz,Mittleres Baumholz_11,,741.7,Rueun
3.2,8,plant10,not_young,3,4,4,0,3,5402,Schwaches Baumholz,Schwaches Baumholz_8,,1704.1,Siat
0.7,12,plant10,not_young,3,4,4,0,3,5403,Stangenholz,Stangenholz_12,,1554.1,Siat
1.5,11,plant10,not_young,3,4,4,0,3,5404,Mittleres Baumholz,Mittleres Baumholz_11,,1474.7,Siat
9.4,11,plant10,not_young,3,4,4,0,3,5405,Stangenholz,Stangenholz_11,,1159.9,Mumpé Medel
0.9,12,plant10,not_young,3,4,4,0,3,5406,Stangenholz,Stangenholz_12,,1269.7,Mumpé Medel
2.5,11,plant10,not_young,3,4,4,0,3,5407,Starkes Baumholz,Starkes Baumholz_11,,1179.6,Mumpé Medel
2.2,12,plant10,not_young,3,4,4,0,3,5408,Mittleres Baumholz,Mittleres Baumholz_12,,1311.5,Mumpé Medel
1.5,11,plant10,not_young,3,4,4,0,3,5409,Schwaches Baumholz,Schwaches Baumholz_11,,1196.8,Disentis/Mustér
1.2,12,plant10,not_young,3,4,4,0,3,5410,Schwaches Baumholz,Schwaches Baumholz_12,,1223.9,Mumpé Medel
0.5,12,plant10,not_young,3,4,4,0,3,5411,Stangenholz,Stangenholz_12,,1332.8,Mumpé Medel
2.0,12,plant10,not_young,3,4,4,0,3,5412,Mittleres Baumholz,Mittleres Baumholz_12,,1286.6,Mumpé Medel
2.2,11,plant10,not_young,3,4,4,0,3,5413,Mittleres Baumholz,Mittleres Baumholz_11,,1251.0,Mumpé Medel
1.0,11,plant10,not_young,3,4,4,0,3,5414,Stangenholz,Stangenholz_11,,1089.0,Mumpé Medel
0.5,11,plant10,not_young,3,4,4,0,3,5415,Stangenholz,Stangenholz_11,,1233.9,Mumpé Medel
1.6,11,plant10,not_young,3,4,4,0,3,5416,Mittleres Baumholz,Mittleres Baumholz_11,,1176.4,Mumpé Medel
2.1,11,plant10,not_young,3,4,4,0,3,5417,Mittleres Baumholz,Mittleres Baumholz_11,,1123.2,Disentis/Mustér
3.4,11,plant10,not_young,3,4,4,0,3,5418,Starkes Baumholz,Starkes Baumholz_11,,1161.7,Disentis/Mustér
1.4,11,plant10,not_young,3,4,4,0,3,5419,Stangenholz,Stangenholz_11,,1156.2,Disentis/Mustér
3.9,11,plant10,not_young,3,4,4,0,3,5420,Mittleres Baumholz,Mittleres Baumholz_11,,1059.7,Mumpé Medel
2.8,11,plant10,not_young,3,4,4,0,3,5421,Stangenholz,Stangenholz_11,,1166.3,Disentis/Mustér
3.0,11,plant10,not_young,3,4,4,0,3,5422,Mittleres Baumholz,Mittleres Baumholz_11,,1219.5,Mumpé Medel
5.6,12,plant10,not_young,3,4,4,0,3,5423,Stangenholz,Stangenholz_12,,1294.2,Sedrun
1.9,11,plant10,not_young,3,4,4,0,3,5424,Starkes Baumholz,Starkes Baumholz_11,,1173.4,Disentis/Mustér
1.8,12,plant10,not_young,3,4,4,0,3,5425,Stangenholz,Stangenholz_12,,1290.1,Sedrun
2.2,8,plant30,not_young,3,3,4,0,3,5426,Mittleres Baumholz,Mittleres Baumholz_8,,1665.1,Sedrun
1.5,11,plant30,not_young,3,3,4,0,3,5427,Mittleres Baumholz,Mittleres Baumholz_11,,1563.6,Cavardiras
2.1,12,plant30,not_young,3,3,4,0,3,5428,Schwaches Baumholz,Schwaches Baumholz_12,,1452.1,Sedrun
3.7,12,plant30,not_young,3,3,4,0,3,5429,Mittleres Baumholz,Mittleres Baumholz_12,,1652.1,Platta
4.8,12,plant30,not_young,3,3,4,0,3,5430,Mittleres Baumholz,Mittleres Baumholz_12,,1317.9,Disentis/Mustér
1.1,8,plant30,not_young,3,3,4,0,3,5431,Stangenholz,Stangenholz_8,,1500.4,Sedrun
2.5,8,plant30,not_young,3,3,4,0,3,5432,Mittleres Baumholz,Mittleres Baumholz_8,,1559.0,Sedrun
6.7,8,plant30,not_young,3,3,4,0,3,5433,Mittleres Baumholz,Mittleres Baumholz_8,,1835.3,Platta
0.8,8,plant30,not_young,3,3,4,0,3,5434,Mittleres Baumholz,Mittleres Baumholz_8,,1534.0,Sedrun
6.3,11,plant30,not_young,3,3,4,0,3,5435,Stangenholz,Stangenholz_11,,1262.0,Disentis/Mustér
0.8,8,plant30,not_young,3,3,4,0,3,5436,Stangenholz,Stangenholz_8,,1466.3,Rueras
4.3,11,plant30,not_young,3,3,4,0,3,5437,Starkes Baumholz,Starkes Baumholz_11,,1474.8,Cavardiras
4.1,11,plant30,not_young,3,3,4,0,3,5438,Starkes Baumholz,Starkes Baumholz_11,,1486.5,Cavardiras
8.3,8,plant30,not_young,3,3,4,0,3,5439,Mittleres Baumholz,Mittleres Baumholz_8,,1604.7,Disentis/Mustér
1.7,12,plant30,not_young,3,3,4,0,3,5440,Starkes Baumholz,Starkes Baumholz_12,,1358.3,Disentis/Mustér
0.6,8,plant30,not_young,3,3,4,0,3,5441,Mittleres Baumholz,Mittleres Baumholz_8,,1543.8,Sedrun
11.1,8,plant30,not_young,3,3,4,0,3,5442,Mittleres Baumholz,Mittleres Baumholz_8,,1861.2,Platta
2.7,8,plant30,not_young,3,3,4,0,3,5443,Mittleres Baumholz,Mittleres Baumholz_8,,1622.2,Sedrun
12.6,8,plant30,not_young,3,3,4,0,3,5444,Mittleres Baumholz,Mittleres Baumholz_8,,1791.9,Platta
8.4,5,plant30,not_young,3,3,4,0,3,5445,Mittleres Baumholz,Mittleres Baumholz_5,,1961.0,Platta
1.3,8,plant30,not_young,3,3,4,0,3,5446,Mittleres Baumholz,Mittleres Baumholz_8,,1692.3,Sedrun
16.9,8,plant30,not_young,3,3,4,0,3,5447,Schwaches Baumholz,Schwaches Baumholz_8,,1911.7,Platta
11.6,8,plant30,not_young,3,3,4,0,3,5448,Mittleres Baumholz,Mittleres Baumholz_8,,1817.2,Platta
1.1,8,plant30,not_young,3,3,4,0,3,5449,Schwaches Baumholz,Schwaches Baumholz_8,,1791.5,Platta
1.6,8,plant30,not_young,3,3,4,0,3,5450,Stangenholz,Stangenholz_8,,1475.8,Sedrun
4.5,8,plant30,not_young,3,3,4,0,3,5451,Stangenholz,Stangenholz_8,,1579.0,Rueras
2.1,8,plant30,not_young,3,3,4,0,3,5452,Starkes Baumholz,Starkes Baumholz_8,,1741.0,Breil/Brigels
2.1,12,plant30,not_young,3,3,4,0,3,5453,Stangenholz,Stangenholz_12,,1376.3,Breil/Brigels
11.9,12,plant30,not_young,3,3,4,0,3,5454,Mittleres Baumholz,Mittleres Baumholz_12,,1591.4,Breil/Brigels
1.0,11,plant30,not_young,3,3,4,0,3,5455,Starkes Baumholz,Starkes Baumholz_11,,1369.6,Surcuolm
1.1,11,plant30,not_young,3,3,4,0,3,5456,Mittleres Baumholz,Mittleres Baumholz_11,,1374.7,Surcuolm
1.0,11,plant30,not_young,3,3,4,0,3,5457,Starkes Baumholz,Starkes Baumholz_11,,1271.7,Flond
0.7,11,plant30,not_young,3,3,4,0,3,5458,Schwaches Baumholz,Schwaches Baumholz_11,,1247.1,Flond
1.9,11,plant30,not_young,3,3,4,0,3,5459,Mittleres Baumholz,Mittleres Baumholz_11,,1247.4,Flond
0.9,11,plant30,not_young,3,3,4,0,3,5460,Mittleres Baumholz,Mittleres Baumholz_11,,1217.7,Flond
0.6,11,plant30,not_young,3,3,4,0,3,5461,Stangenholz,Stangenholz_11,,1476.1,Surcuolm
0.6,11,plant30,not_young,3,3,4,0,3,5462,Schwaches Baumholz,Schwaches Baumholz_11,,1327.0,Surcuolm
1.3,11,plant30,not_young,3,3,4,0,3,5463,Mittleres Baumholz,Mittleres Baumholz_11,,1454.6,Surcuolm
0.8,11,plant30,not_young,3,3,4,0,3,5464,Mittleres Baumholz,Mittleres Baumholz_11,,1478.9,Surcuolm
1.3,11,plant30,not_young,3,3,4,0,3,5465,Starkes Baumholz,Starkes Baumholz_11,,1452.4,Surcuolm
0.6,11,plant30,not_young,3,3,4,0,3,5466,Stangenholz,Stangenholz_11,,1396.5,Surcuolm
1.0,11,plant30,not_young,3,3,4,0,3,5467,Stangenholz,Stangenholz_11,,1510.9,Surcuolm
1.0,11,plant30,not_young,3,3,4,0,3,5468,Mittleres Baumholz,Mittleres Baumholz_11,,1214.7,Flond
2.4,11,plant30,not_young,3,3,4,0,3,5469,Starkes Baumholz,Starkes Baumholz_11,,1502.5,Surcuolm
0.9,11,plant30,not_young,3,3,4,0,3,5470,Stangenholz,Stangenholz_11,,1444.9,Surcuolm
1.6,11,plant30,not_young,3,3,4,0,3,5471,Starkes Baumholz,Starkes Baumholz_11,,1492.0,Surcuolm
3.2,11,plant30,not_young,3,3,4,0,3,5472,Starkes Baumholz,Starkes Baumholz_11,,1474.7,Surcuolm
3.7,11,plant30,not_young,3,3,4,0,3,5473,Mittleres Baumholz,Mittleres Baumholz_11,,1428.9,Surcuolm
0.5,11,plant30,not_young,3,3,4,0,3,5474,Stangenholz,Stangenholz_11,,1313.6,Surcuolm
1.1,11,plant30,not_young,3,3,4,0,3,5475,Mittleres Baumholz,Mittleres Baumholz_11,,1135.4,Luven
0.6,12,plant30,not_young,3,3,4,0,3,5476,Stangenholz,Stangenholz_12,,1529.2,Andiast
1.3,12,plant30,not_young,3,3,4,0,3,5477,Stangenholz,Stangenholz_12,,1553.4,Andiast
0.7,12,plant30,not_young,3,3,4,0,3,5478,Mittleres Baumholz,Mittleres Baumholz_12,,1536.6,Andiast
1.7,12,plant30,not_young,3,3,4,0,3,5479,Starkes Baumholz,Starkes Baumholz_12,,1506.7,Andiast
0.7,12,plant30,not_young,3,3,4,0,3,5480,Mittleres Baumholz,Mittleres Baumholz_12,,1558.6,Andiast
1.3,12,plant30,not_young,3,3,4,0,3,5481,Mittleres Baumholz,Mittleres Baumholz_12,,1585.3,Andiast
0.8,12,plant30,not_young,3,3,4,0,3,5482,Stangenholz,Stangenholz_12,,1535.9,Andiast
3.1,8,plant30,not_young,3,3,4,0,3,5483,Stangenholz,Stangenholz_8,,1616.9,Andiast
0.5,8,plant30,not_young,3,3,4,0,3,5484,Schwaches Baumholz,Schwaches Baumholz_8,,1657.1,Andiast
1.5,8,plant30,not_young,3,3,4,0,3,5485,Mittleres Baumholz,Mittleres Baumholz_8,,1695.2,Andiast
0.8,8,plant30,not_young,3,3,4,0,3,5486,Mittleres Baumholz,Mittleres Baumholz_8,,1766.5,Siat
0.6,8,plant30,not_young,3,3,4,0,3,5487,Mittleres Baumholz,Mittleres Baumholz_8,,1788.7,Siat
2.3,8,plant30,not_young,3,3,4,0,3,5488,Schwaches Baumholz,Schwaches Baumholz_8,,1703.7,Siat
0.5,12,plant30,not_young,3,3,4,0,3,5489,Mittleres Baumholz,Mittleres Baumholz_12,,1555.9,Andiast
0.5,8,plant30,not_young,3,3,4,0,3,5490,Stangenholz,Stangenholz_8,,1564.9,Waltensburg/Vuorz
1.0,12,plant30,not_young,3,3,4,0,3,5491,Schwaches Baumholz,Schwaches Baumholz_12,,1469.0,Andiast
0.5,5,plant30,not_young,3,3,4,0,3,5492,Mittleres Baumholz,Mittleres Baumholz_5,,1886.4,Andiast
0.8,8,plant30,not_young,3,3,4,0,3,5493,Schwaches Baumholz,Schwaches Baumholz_8,,1831.2,Waltensburg/Vuorz
1.0,8,plant30,not_young,3,3,4,0,3,5494,Mittleres Baumholz,Mittleres Baumholz_8,,1818.7,Waltensburg/Vuorz
0.8,12,plant30,not_young,3,3,4,0,3,5495,Schwaches Baumholz,Schwaches Baumholz_12,,1571.0,Waltensburg/Vuorz
0.7,8,plant30,not_young,3,3,4,0,3,5496,Schwaches Baumholz,Schwaches Baumholz_8,,1769.6,Waltensburg/Vuorz
0.5,12,plant30,not_young,3,3,4,0,3,5497,Schwaches Baumholz,Schwaches Baumholz_12,,1607.3,Waltensburg/Vuorz
0.6,12,plant30,not_young,3,3,4,0,3,5498,Mittleres Baumholz,Mittleres Baumholz_12,,1559.1,Waltensburg/Vuorz
0.7,12,plant30,not_young,3,3,4,0,3,5499,Starkes Baumholz,Starkes Baumholz_12,,1589.5,Waltensburg/Vuorz
0.7,12,plant30,not_young,3,3,4,0,3,5500,Stangenholz,Stangenholz_12,,1511.4,Andiast
0.7,12,plant30,not_young,3,3,4,0,3,5501,Schwaches Baumholz,Schwaches Baumholz_12,,1532.1,Andiast
1.7,8,plant30,not_young,3,3,4,0,3,5502,Schwaches Baumholz,Schwaches Baumholz_8,,1742.9,Waltensburg/Vuorz
1.1,8,plant30,not_young,3,3,4,0,3,5503,Schwaches Baumholz,Schwaches Baumholz_8,,1739.2,Waltensburg/Vuorz
0.6,5,plant30,not_young,3,3,4,0,3,5504,Schwaches Baumholz,Schwaches Baumholz_5,,1951.0,Andiast
1.4,5,plant30,not_young,3,3,4,0,3,5505,Stangenholz,Stangenholz_5,,1840.6,Waltensburg/Vuorz
1.0,8,plant30,not_young,3,3,4,0,3,5506,Schwaches Baumholz,Schwaches Baumholz_8,,1779.2,Waltensburg/Vuorz
2.0,8,plant30,not_young,3,3,4,0,3,5507,Schwaches Baumholz,Schwaches Baumholz_8,,1794.0,Waltensburg/Vuorz
1.8,8,plant30,not_young,3,3,4,0,3,5508,Stangenholz,Stangenholz_8,,1719.1,Waltensburg/Vuorz
17.8,12,plant30,not_young,3,3,4,0,3,5509,Stangenholz,Stangenholz_12,,1379.4,Surrein
1.7,12,plant30,not_young,3,3,4,0,3,5510,Stangenholz,Stangenholz_12,,1486.3,Surrein
1.6,11,plant30,not_young,3,3,4,0,3,5511,Starkes Baumholz,Starkes Baumholz_11,,1129.7,Sumvitg
2.9,12,plant30,not_young,3,3,4,0,3,5512,Schwaches Baumholz,Schwaches Baumholz_12,,1500.6,Surrein
0.7,12,plant30,not_young,3,3,4,0,3,5513,Stangenholz,Stangenholz_12,,1422.1,Surrein
2.6,11,plant30,not_young,3,3,4,0,3,5514,Mittleres Baumholz,Mittleres Baumholz_11,,1375.7,Surrein
0.5,11,plant30,not_young,3,3,4,0,3,5515,Stangenholz,Stangenholz_11,,1272.5,Cumpadials
1.2,12,plant30,not_young,3,3,4,0,3,5516,Stangenholz,Stangenholz_12,,1525.5,Surrein
1.8,12,plant30,not_young,3,3,4,0,3,5517,Mittleres Baumholz,Mittleres Baumholz_12,,1569.7,Surrein
0.5,12,plant30,not_young,3,3,4,0,3,5518,Starkes Baumholz,Starkes Baumholz_12,,1493.4,Surrein
1.0,12,plant30,not_young,3,3,4,0,3,5519,Stangenholz,Stangenholz_12,,1525.0,Surrein
2.0,12,plant30,not_young,3,3,4,0,3,5520,Mittleres Baumholz,Mittleres Baumholz_12,,1444.3,Surrein
1.4,12,plant30,not_young,3,3,4,0,3,5521,Stangenholz,Stangenholz_12,,1545.3,Surrein
0.6,11,plant30,not_young,3,3,4,0,3,5522,Stangenholz,Stangenholz_11,,1523.9,Obersaxen
0.6,12,plant30,not_young,3,3,4,0,3,5523,Schwaches Baumholz,Schwaches Baumholz_12,,1498.1,Rabius
0.6,12,plant30,not_young,3,3,4,0,3,5524,Starkes Baumholz,Starkes Baumholz_12,,1514.7,Surrein
0.8,12,plant30,not_young,3,3,4,0,3,5525,Mittleres Baumholz,Mittleres Baumholz_12,,1569.3,Surrein
0.7,8,plant30,not_young,3,3,4,0,3,5526,Stangenholz,Stangenholz_8,,1850.0,Surrein
1.0,12,plant30,not_young,3,3,4,0,3,5527,Mittleres Baumholz,Mittleres Baumholz_12,,1700.4,Surrein
1.1,8,plant30,not_young,3,3,4,0,3,5528,Stangenholz,Stangenholz_8,,1722.8,Surrein
0.7,11,plant30,not_young,3,3,4,0,3,5529,Stangenholz,Stangenholz_11,,1401.9,Surrein
0.7,12,plant30,not_young,3,3,4,0,3,5530,Stangenholz,Stangenholz_12,,1464.1,Sumvitg
1.5,12,plant30,not_young,3,3,4,0,3,5531,Stangenholz,Stangenholz_12,,1434.1,Surrein
0.7,12,plant30,not_young,3,3,4,0,3,5532,Mittleres Baumholz,Mittleres Baumholz_12,,1296.9,Surrein
0.7,12,plant30,not_young,3,3,4,0,3,5533,Stangenholz,Stangenholz_12,,1256.9,Surrein
1.0,11,plant30,not_young,3,3,4,0,3,5534,Stangenholz,Stangenholz_11,,1476.4,Cumpadials
1.0,11,plant30,not_young,3,3,4,0,3,5535,Schwaches Baumholz,Schwaches Baumholz_11,,1216.3,Obersaxen
0.8,12,plant30,not_young,3,3,4,0,3,5536,Mittleres Baumholz,Mittleres Baumholz_12,,1263.8,Surrein
1.2,12,plant30,not_young,3,3,4,0,3,5537,Schwaches Baumholz,Schwaches Baumholz_12,,1320.2,Surrein
1.0,12,plant30,not_young,3,3,4,0,3,5538,Starkes Baumholz,Starkes Baumholz_12,,1363.8,Surrein
0.7,12,plant30,not_young,3,3,4,0,3,5539,Mittleres Baumholz,Mittleres Baumholz_12,,1425.2,Surrein
1.0,12,plant30,not_young,3,3,4,0,3,5540,Mittleres Baumholz,Mittleres Baumholz_12,,1387.1,Surrein
0.7,11,plant30,not_young,3,3,4,0,3,5541,Stangenholz,Stangenholz_11,,1295.7,Cumpadials
0.6,12,plant30,not_young,3,3,4,0,3,5542,Stangenholz,Stangenholz_12,,1270.9,Surrein
1.7,8,plant30,not_young,3,3,4,0,3,5543,Mittleres Baumholz,Mittleres Baumholz_8,,1689.0,Obersaxen
0.9,12,plant30,not_young,3,3,4,0,3,5544,Stangenholz,Stangenholz_12,,1585.5,Obersaxen
1.3,12,plant30,not_young,3,3,4,0,3,5545,Schwaches Baumholz,Schwaches Baumholz_12,,1602.2,Obersaxen
1.0,12,plant30,not_young,3,3,4,0,3,5546,Mittleres Baumholz,Mittleres Baumholz_12,,1651.6,Obersaxen
2.8,8,plant30,not_young,3,3,4,0,3,5547,Mittleres Baumholz,Mittleres Baumholz_8,,1676.1,Obersaxen
0.9,12,plant30,not_young,3,3,4,0,3,5548,Mittleres Baumholz,Mittleres Baumholz_12,,1233.8,Surrein
1.7,12,plant30,not_young,3,3,4,0,3,5549,Starkes Baumholz,Starkes Baumholz_12,,1401.3,Surrein
1.8,12,plant30,not_young,3,3,4,0,3,5550,Starkes Baumholz,Starkes Baumholz_12,,1401.9,Surrein
0.7,8,plant30,not_young,3,3,4,0,3,5551,Starkes Baumholz,Starkes Baumholz_8,,1664.3,Surrein
3.8,12,plant30,not_young,3,3,4,0,3,5552,Stangenholz,Stangenholz_12,,1326.3,Surrein
0.6,8,plant30,not_young,3,3,4,0,3,5553,Mittleres Baumholz,Mittleres Baumholz_8,,1789.5,Surrein
0.6,8,plant30,not_young,3,3,4,0,3,5554,Mittleres Baumholz,Mittleres Baumholz_8,,1662.7,Surrein
4.1,12,plant30,not_young,3,3,4,0,3,5555,Mittleres Baumholz,Mittleres Baumholz_12,,1630.9,Surrein
1.1,12,plant30,not_young,3,3,4,0,3,5556,Schwaches Baumholz,Schwaches Baumholz_12,,1665.6,Obersaxen
2.5,8,plant30,not_young,3,3,4,0,3,5557,Starkes Baumholz,Starkes Baumholz_8,,1720.0,Obersaxen
1.5,8,plant30,not_young,3,3,4,0,3,5558,Mittleres Baumholz,Mittleres Baumholz_8,,1693.4,Obersaxen
4.3,8,plant30,not_young,3,3,4,0,3,5559,Mittleres Baumholz,Mittleres Baumholz_8,,1775.8,Obersaxen
2.1,8,plant30,not_young,3,3,4,0,3,5560,Mittleres Baumholz,Mittleres Baumholz_8,,1736.0,Obersaxen
1.9,8,plant30,not_young,3,3,4,0,3,5561,Mittleres Baumholz,Mittleres Baumholz_8,,1782.4,Obersaxen
4.5,8,plant30,not_young,3,3,4,0,3,5562,Mittleres Baumholz,Mittleres Baumholz_8,,1705.6,Obersaxen
1.2,8,plant30,not_young,3,3,4,0,3,5563,Schwaches Baumholz,Schwaches Baumholz_8,,1852.5,Surrein
1.5,9,plant30,not_young,3,3,4,0,3,5564,Mittleres Baumholz,Mittleres Baumholz_9,,1890.3,Surrein
1.3,8,plant30,not_young,3,3,4,0,3,5565,Stangenholz,Stangenholz_8,,1675.5,Surrein
1.1,8,plant30,not_young,3,3,4,0,3,5566,Mittleres Baumholz,Mittleres Baumholz_8,,1746.8,Surrein
2.4,12,plant30,not_young,3,3,4,0,3,5567,Stangenholz,Stangenholz_12,,1621.8,Surrein
1.7,12,plant30,not_young,3,3,4,0,3,5568,Starkes Baumholz,Starkes Baumholz_12,,1601.4,Surrein
0.6,12,plant30,not_young,3,3,4,0,3,5569,Stangenholz,Stangenholz_12,,1451.3,Sumvitg
1.1,12,plant30,not_young,3,3,4,0,3,5570,Mittleres Baumholz,Mittleres Baumholz_12,,1525.4,Surrein
0.9,8,plant30,not_young,3,3,4,0,3,5571,Stangenholz,Stangenholz_8,,1735.9,Surrein
1.7,12,plant30,not_young,3,3,4,0,3,5572,Starkes Baumholz,Starkes Baumholz_12,,1611.5,Surrein
2.2,8,plant30,not_young,3,3,4,0,3,5573,Stangenholz,Stangenholz_8,,1665.2,Surrein
0.8,12,plant30,not_young,3,3,4,0,3,5574,Stangenholz,Stangenholz_12,,1481.2,Surrein
0.8,12,plant30,not_young,3,3,4,0,3,5575,Stangenholz,Stangenholz_12,,1592.8,Cumpadials
2.2,8,plant30,not_young,3,3,4,0,3,5576,Starkes Baumholz,Starkes Baumholz_8,,1690.9,Cumpadials
0.7,12,plant30,not_young,3,3,4,0,3,5577,Stangenholz,Stangenholz_12,,1412.9,Surrein
1.5,12,plant30,not_young,3,3,4,0,3,5578,Stangenholz,Stangenholz_12,,1276.4,Surrein
0.7,12,plant30,not_young,3,3,4,0,3,5579,Mittleres Baumholz,Mittleres Baumholz_12,,1335.5,Surrein
0.8,12,plant30,not_young,3,3,4,0,3,5580,Starkes Baumholz,Starkes Baumholz_12,,1308.9,Surrein
0.6,12,plant30,not_young,3,3,4,0,3,5581,Stangenholz,Stangenholz_12,,1276.2,Surrein
0.8,11,plant30,not_young,3,3,4,0,3,5582,Stangenholz,Stangenholz_11,,1508.1,Cumpadials
1.2,11,plant30,not_young,3,3,4,0,3,5583,Mittleres Baumholz,Mittleres Baumholz_11,,1562.2,Cumpadials
1.7,12,plant30,not_young,3,3,4,0,3,5584,Stangenholz,Stangenholz_12,,1354.3,Surrein
0.7,12,plant30,not_young,3,3,4,0,3,5585,Stangenholz,Stangenholz_12,,1492.1,Surrein
1.1,11,plant30,not_young,3,3,4,0,3,5586,Mittleres Baumholz,Mittleres Baumholz_11,,1213.6,Obersaxen
1.1,11,plant30,not_young,3,3,4,0,3,5587,Mittleres Baumholz,Mittleres Baumholz_11,,1219.9,Obersaxen
0.7,11,plant30,not_young,3,3,4,0,3,5588,Mittleres Baumholz,Mittleres Baumholz_11,,1234.8,Obersaxen
1.5,12,plant30,not_young,3,3,4,0,3,5589,Stangenholz,Stangenholz_12,,1497.3,Surrein
3.4,11,plant30,not_young,3,3,4,0,3,5590,Schwaches Baumholz,Schwaches Baumholz_11,,1311.0,Cumpadials
1.2,12,plant30,not_young,3,3,4,0,3,5591,Stangenholz,Stangenholz_12,,1372.0,Surrein
0.6,12,plant30,not_young,3,3,4,0,3,5592,Stangenholz,Stangenholz_12,,1448.7,Surrein
0.6,12,plant30,not_young,3,3,4,0,3,5593,Stangenholz,Stangenholz_12,,1407.7,Surrein
0.8,12,plant30,not_young,3,3,4,0,3,5594,Stangenholz,Stangenholz_12,,1397.5,Surrein
2.9,12,plant30,not_young,3,3,4,0,3,5595,Mittleres Baumholz,Mittleres Baumholz_12,,1632.8,Cumpadials
1.0,12,plant30,not_young,3,3,4,0,3,5596,Mittleres Baumholz,Mittleres Baumholz_12,,1535.5,Surrein
1.1,12,plant30,not_young,3,3,4,0,3,5597,Starkes Baumholz,Starkes Baumholz_12,,1635.2,Cumpadials
0.5,12,plant30,not_young,3,3,4,0,3,5598,Mittleres Baumholz,Mittleres Baumholz_12,,1479.3,Surrein
0.6,12,plant30,not_young,3,3,4,0,3,5599,Stangenholz,Stangenholz_12,,1619.2,Surrein
0.5,8,plant30,not_young,3,3,4,0,3,5600,Stangenholz,Stangenholz_8,,1759.5,Surrein
2.2,12,plant30,not_young,3,3,4,0,3,5601,Stangenholz,Stangenholz_12,,1309.2,Surrein
0.6,12,plant30,not_young,3,3,4,0,3,5602,Stangenholz,Stangenholz_12,,1384.0,Surrein
0.6,8,plant30,not_young,3,3,4,0,3,5603,Stangenholz,Stangenholz_8,,1670.8,Obersaxen
1.4,11,plant30,not_young,3,3,4,0,3,5604,Schwaches Baumholz,Schwaches Baumholz_11,,1187.3,Obersaxen
0.8,12,plant30,not_young,3,3,4,0,3,5605,Stangenholz,Stangenholz_12,,1335.1,Surrein
0.9,12,plant30,not_young,3,3,4,0,3,5606,Stangenholz,Stangenholz_12,,1465.6,Surrein
0.7,12,plant30,not_young,3,3,4,0,3,5607,Stangenholz,Stangenholz_12,,1445.7,Surrein
0.8,12,plant30,not_young,3,3,4,0,3,5608,Stangenholz,Stangenholz_12,,1404.3,Surrein
0.7,12,plant30,not_young,3,3,4,0,3,5609,Stangenholz,Stangenholz_12,,1418.8,Surrein
1.1,12,plant30,not_young,3,3,4,0,3,5610,Stangenholz,Stangenholz_12,,1303.8,Surrein
2.7,8,plant30,not_young,3,3,4,0,3,5611,Mittleres Baumholz,Mittleres Baumholz_8,,1683.9,Obersaxen
1.6,12,plant30,not_young,3,3,4,0,3,5612,Schwaches Baumholz,Schwaches Baumholz_12,,1645.6,Obersaxen
1.6,8,plant30,not_young,3,3,4,0,3,5613,Mittleres Baumholz,Mittleres Baumholz_8,,1855.4,Surrein
0.7,12,plant30,not_young,3,3,4,0,3,5614,Stangenholz,Stangenholz_12,,1319.0,Surrein
1.2,11,plant30,not_young,3,3,4,0,3,5615,Mittleres Baumholz,Mittleres Baumholz_11,,1560.5,Cumpadials
1.1,12,plant30,not_young,3,3,4,0,3,5616,Stangenholz,Stangenholz_12,,1269.4,Surrein
2.7,9,plant30,not_young,3,3,4,0,3,5617,Mittleres Baumholz,Mittleres Baumholz_9,,1872.2,Obersaxen
2.0,9,plant30,not_young,3,3,4,0,3,5618,Mittleres Baumholz,Mittleres Baumholz_9,,1894.4,Obersaxen
0.9,9,plant30,not_young,3,3,4,0,3,5619,Schwaches Baumholz,Schwaches Baumholz_9,,1848.3,Obersaxen
1.8,9,plant30,not_young,3,3,4,0,3,5620,Mittleres Baumholz,Mittleres Baumholz_9,,1842.9,Obersaxen
1.1,9,plant30,not_young,3,3,4,0,3,5621,Mittleres Baumholz,Mittleres Baumholz_9,,1864.7,Obersaxen
8.5,11,plant30,not_young,3,3,4,0,3,5622,Mittleres Baumholz,Mittleres Baumholz_11,,1158.1,Obersaxen
1.5,12,plant30,not_young,3,3,4,0,3,5623,Stangenholz,Stangenholz_12,,1385.7,Surrein
0.7,11,plant30,not_young,3,3,4,0,3,5624,Stangenholz,Stangenholz_11,,1500.7,Surrein
0.6,12,plant30,not_young,3,3,4,0,3,5625,Schwaches Baumholz,Schwaches Baumholz_12,,1566.4,Obersaxen
3.8,12,plant30,not_young,3,3,4,0,3,5626,Schwaches Baumholz,Schwaches Baumholz_12,,1596.0,Obersaxen
2.0,12,plant30,not_young,3,3,4,0,3,5627,Mittleres Baumholz,Mittleres Baumholz_12,,1626.2,Obersaxen
9.1,11,plant30,not_young,3,3,4,0,3,5628,Mittleres Baumholz,Mittleres Baumholz_11,,1525.7,Obersaxen
0.6,11,plant30,not_young,3,3,4,0,3,5629,Mittleres Baumholz,Mittleres Baumholz_11,,1561.8,Obersaxen
1.6,11,plant30,not_young,3,3,4,0,3,5630,Mittleres Baumholz,Mittleres Baumholz_11,,1552.9,Obersaxen
0.8,12,plant30,not_young,3,3,4,0,3,5631,Stangenholz,Stangenholz_12,,1282.3,Surrein
0.8,11,plant30,not_young,3,3,4,0,3,5632,Mittleres Baumholz,Mittleres Baumholz_11,,1493.9,Obersaxen
0.8,12,plant30,not_young,1,3,4,0,3,5633,Stangenholz,Stangenholz_12,,1350.8,Surrein
1.1,8,plant30,not_young,3,3,4,0,3,5634,Mittleres Baumholz,Mittleres Baumholz_8,,1670.3,Surrein
0.5,8,plant30,not_young,3,3,4,0,3,5635,Mittleres Baumholz,Mittleres Baumholz_8,,1787.0,Surrein
1.3,12,plant30,not_young,3,3,4,0,3,5636,Stangenholz,Stangenholz_12,,1327.1,Surrein
3.3,12,plant30,not_young,3,3,4,0,3,5637,Stangenholz,Stangenholz_12,,1458.0,Surrein
1.2,12,plant30,not_young,3,3,4,0,3,5638,Stangenholz,Stangenholz_12,,1452.8,Surrein
0.6,12,plant30,not_young,3,3,4,0,3,5639,Mittleres Baumholz,Mittleres Baumholz_12,,1640.2,Surrein
3.3,12,plant30,not_young,3,3,4,0,3,5640,Mittleres Baumholz,Mittleres Baumholz_12,,1657.8,Surrein
2.3,8,plant30,not_young,3,3,4,0,3,5641,Mittleres Baumholz,Mittleres Baumholz_8,,1690.9,Surrein
2.8,11,plant30,not_young,3,3,4,0,3,5642,Mittleres Baumholz,Mittleres Baumholz_11,,1269.5,Obersaxen
0.6,11,plant30,not_young,3,3,4,0,3,5643,Mittleres Baumholz,Mittleres Baumholz_11,,1269.7,Obersaxen
4.5,11,plant30,not_young,3,3,4,0,3,5644,Mittleres Baumholz,Mittleres Baumholz_11,,1314.6,Obersaxen
0.9,8,plant30,not_young,3,3,4,0,3,5645,Mittleres Baumholz,Mittleres Baumholz_8,,1673.4,Surrein
4.0,12,plant30,not_young,3,3,4,0,3,5646,Stangenholz,Stangenholz_12,,1472.9,Surrein
0.8,12,plant30,not_young,3,3,4,0,3,5647,Starkes Baumholz,Starkes Baumholz_12,,1391.6,Surrein
6.5,12,plant30,not_young,3,3,4,0,3,5648,Starkes Baumholz,Starkes Baumholz_12,,1692.6,Surrein
1.5,12,plant30,not_young,3,3,4,0,3,5649,Stangenholz,Stangenholz_12,,1400.9,Surrein
2.0,8,plant30,not_young,3,3,4,0,3,5650,Mittleres Baumholz,Mittleres Baumholz_8,,1891.8,Surrein
1.0,12,plant30,not_young,3,3,4,0,3,5651,Stangenholz,Stangenholz_12,,1310.6,Surrein
0.6,12,plant30,not_young,3,3,4,0,3,5652,Stangenholz,Stangenholz_12,,1335.4,Surrein
0.6,12,plant30,not_young,3,3,4,0,3,5653,Mittleres Baumholz,Mittleres Baumholz_12,,1616.9,Surrein
1.7,12,plant30,not_young,3,3,4,0,3,5654,Mittleres Baumholz,Mittleres Baumholz_12,,1422.7,Surrein
1.0,12,plant30,not_young,3,3,4,0,3,5655,Mittleres Baumholz,Mittleres Baumholz_12,,1587.1,Surrein
2.7,11,plant30,not_young,3,3,4,0,3,5656,Mittleres Baumholz,Mittleres Baumholz_11,,1324.4,Obersaxen
5.0,11,plant30,not_young,3,3,4,0,3,5657,Starkes Baumholz,Starkes Baumholz_11,,1328.9,Obersaxen
2.4,12,plant30,not_young,3,3,4,0,3,5658,Schwaches Baumholz,Schwaches Baumholz_12,,1574.4,Obersaxen
2.9,11,plant30,not_young,3,3,4,0,3,5659,Stangenholz,Stangenholz_11,,1357.8,Obersaxen
0.9,8,plant30,not_young,3,3,4,0,3,5660,Stangenholz,Stangenholz_8,,1663.7,Surrein
0.7,8,plant30,not_young,3,3,4,0,3,5661,Mittleres Baumholz,Mittleres Baumholz_8,,1764.0,Surrein
1.1,8,plant30,not_young,3,3,4,0,3,5662,Stangenholz,Stangenholz_8,,1803.8,Surrein
0.6,12,plant30,not_young,3,3,4,0,3,5663,Mittleres Baumholz,Mittleres Baumholz_12,,1498.1,Surrein
1.2,12,plant30,not_young,3,3,4,0,3,5664,Mittleres Baumholz,Mittleres Baumholz_12,,1672.5,Surrein
1.1,8,plant30,not_young,3,3,4,0,3,5665,Mittleres Baumholz,Mittleres Baumholz_8,,1685.2,Sumvitg
0.6,12,plant30,not_young,3,3,4,0,3,5666,Stangenholz,Stangenholz_12,,1569.4,Surrein
1.8,8,plant30,not_young,3,3,4,0,3,5667,Mittleres Baumholz,Mittleres Baumholz_8,,1854.4,Surrein
1.6,11,plant30,not_young,3,3,4,0,3,5668,Starkes Baumholz,Starkes Baumholz_11,,1274.9,Obersaxen
0.6,11,plant30,not_young,3,3,4,0,3,5669,Starkes Baumholz,Starkes Baumholz_11,,1318.4,Surrein
2.2,12,plant30,not_young,3,3,4,0,3,5670,Stangenholz,Stangenholz_12,,1374.9,Surrein
0.7,12,plant30,not_young,3,3,4,0,3,5671,Stangenholz,Stangenholz_12,,1512.8,Sumvitg
1.5,12,plant30,not_young,3,3,4,0,3,5672,Schwaches Baumholz,Schwaches Baumholz_12,,1474.9,Sumvitg
0.9,12,plant30,not_young,3,3,4,0,3,5673,Mittleres Baumholz,Mittleres Baumholz_12,,1499.5,Sumvitg
0.8,12,plant30,not_young,3,3,4,0,3,5674,Schwaches Baumholz,Schwaches Baumholz_12,,1524.0,Sumvitg
0.6,12,plant30,not_young,3,3,4,0,3,5675,Mittleres Baumholz,Mittleres Baumholz_12,,1575.0,Sumvitg
0.7,8,plant30,not_young,3,3,4,0,3,5676,Stangenholz,Stangenholz_8,,1802.4,Surrein
0.5,9,plant30,not_young,3,3,4,0,3,5677,Mittleres Baumholz,Mittleres Baumholz_9,,1966.3,Surrein
0.5,5,plant30,not_young,3,3,4,0,3,5678,Stangenholz,Stangenholz_5,,2023.0,Surrein
1.2,11,plant30,not_young,3,3,4,0,3,5679,Schwaches Baumholz,Schwaches Baumholz_11,,1500.5,Obersaxen
2.9,9,plant30,not_young,3,3,4,0,3,5680,Mittleres Baumholz,Mittleres Baumholz_9,,1968.7,Surrein
0.8,12,plant30,not_young,3,3,4,0,3,5681,Stangenholz,Stangenholz_12,,1401.8,Surrein
1.5,12,plant30,not_young,3,3,4,0,3,5682,Schwaches Baumholz,Schwaches Baumholz_12,,1515.4,Sumvitg
1.1,12,plant30,not_young,3,3,4,0,3,5683,Stangenholz,Stangenholz_12,,1596.8,Sumvitg
1.1,12,plant30,not_young,3,3,4,0,3,5684,Mittleres Baumholz,Mittleres Baumholz_12,,1561.4,Sumvitg
0.7,12,plant30,not_young,3,3,4,0,3,5685,Stangenholz,Stangenholz_12,,1576.9,Sumvitg
0.9,11,plant30,not_young,3,3,4,0,3,5686,Schwaches Baumholz,Schwaches Baumholz_11,,1217.0,Obersaxen
0.9,11,plant30,not_young,3,3,4,0,3,5687,Stangenholz,Stangenholz_11,,1138.5,Obersaxen
0.6,12,plant30,not_young,3,3,4,0,3,5688,Stangenholz,Stangenholz_12,,1615.4,Surrein
0.5,12,plant30,not_young,3,3,4,0,3,5689,Mittleres Baumholz,Mittleres Baumholz_12,,1560.5,Surrein
1.4,11,plant30,not_young,3,3,4,0,3,5690,Mittleres Baumholz,Mittleres Baumholz_11,,1159.8,Obersaxen
0.6,11,plant30,not_young,3,3,4,0,3,5691,Starkes Baumholz,Starkes Baumholz_11,,1185.3,Obersaxen
4.8,11,plant30,not_young,3,3,4,0,3,5692,Starkes Baumholz,Starkes Baumholz_11,,1185.5,Obersaxen
1.1,11,plant30,not_young,3,3,4,0,3,5693,Mittleres Baumholz,Mittleres Baumholz_11,,1494.5,Obersaxen
1.0,11,plant30,not_young,3,3,4,0,3,5694,Schwaches Baumholz,Schwaches Baumholz_11,,1463.4,Obersaxen
1.4,12,plant30,not_young,3,3,4,0,3,5695,Stangenholz,Stangenholz_12,,1480.3,Surrein
0.6,8,plant30,not_young,3,3,4,0,3,5696,Stangenholz,Stangenholz_8,,1692.2,Surrein
0.6,12,plant30,not_young,3,3,4,0,3,5697,Stangenholz,Stangenholz_12,,1652.5,Surrein
2.3,12,plant30,not_young,3,3,4,0,3,5698,Stangenholz,Stangenholz_12,,1695.2,Surrein
0.5,12,plant30,not_young,3,3,4,0,3,5699,Stangenholz,Stangenholz_12,,1554.2,Surrein
0.6,8,plant30,not_young,3,3,4,0,3,5700,Stangenholz,Stangenholz_8,,1690.9,Surrein
3.0,12,plant30,not_young,3,3,4,0,3,5701,Mittleres Baumholz,Mittleres Baumholz_12,,1681.6,Surrein
0.9,12,plant30,not_young,3,3,4,0,3,5702,Mittleres Baumholz,Mittleres Baumholz_12,,1420.1,Surrein
1.0,11,plant30,not_young,3,3,4,0,3,5703,Mittleres Baumholz,Mittleres Baumholz_11,,1180.6,Obersaxen
1.6,11,plant30,not_young,3,3,4,0,3,5704,Schwaches Baumholz,Schwaches Baumholz_11,,1081.8,Surcuolm
0.5,8,plant30,not_young,3,3,4,0,3,5705,Schwaches Baumholz,Schwaches Baumholz_8,,1757.2,Obersaxen
0.6,11,plant30,not_young,3,3,4,0,3,5706,Schwaches Baumholz,Schwaches Baumholz_11,,1347.2,Obersaxen
0.5,11,plant30,not_young,3,3,4,0,3,5707,Schwaches Baumholz,Schwaches Baumholz_11,,1334.4,Obersaxen
0.5,8,plant30,not_young,3,3,4,0,3,5708,Starkes Baumholz,Starkes Baumholz_8,,1698.0,Surrein
2.3,12,plant30,not_young,3,3,4,0,3,5709,Starkes Baumholz,Starkes Baumholz_12,,1550.3,Surrein
0.5,12,plant30,not_young,3,3,4,0,3,5710,Stangenholz,Stangenholz_12,,1624.9,Surrein
0.7,12,plant30,not_young,3,3,4,0,3,5711,Schwaches Baumholz,Schwaches Baumholz_12,,1471.7,Surrein
0.9,11,plant30,not_young,3,3,4,0,3,5712,Schwaches Baumholz,Schwaches Baumholz_11,,1288.4,Cumpadials
0.6,12,plant30,not_young,1,3,4,0,3,5713,Mittleres Baumholz,Mittleres Baumholz_12,,1345.3,Surrein
0.9,11,plant30,not_young,3,3,4,0,3,5714,Mittleres Baumholz,Mittleres Baumholz_11,,1157.5,Surcuolm
0.6,11,plant30,not_young,3,3,4,0,3,5715,Schwaches Baumholz,Schwaches Baumholz_11,,1384.1,Obersaxen
1.6,11,plant30,not_young,3,3,4,0,3,5716,Schwaches Baumholz,Schwaches Baumholz_11,,1290.9,Obersaxen
1.2,11,plant30,not_young,3,3,4,0,3,5717,Schwaches Baumholz,Schwaches Baumholz_11,,1234.0,Obersaxen
1.1,12,plant30,not_young,3,3,4,0,3,5718,Stangenholz,Stangenholz_12,,1459.2,Surrein
1.1,12,plant30,not_young,3,3,4,0,3,5719,Starkes Baumholz,Starkes Baumholz_12,,1351.3,Surrein
2.0,8,plant30,not_young,3,3,4,0,3,5720,Mittleres Baumholz,Mittleres Baumholz_8,,1896.7,Surrein
0.5,12,plant30,not_young,3,3,4,0,3,5721,Stangenholz,Stangenholz_12,,1360.1,Surrein
0.9,8,plant30,not_young,3,3,4,0,3,5722,Stangenholz,Stangenholz_8,,1811.0,Surrein
0.6,8,plant30,not_young,3,3,4,0,3,5723,Mittleres Baumholz,Mittleres Baumholz_8,,1855.9,Surrein
1.0,12,plant30,not_young,3,3,4,0,3,5724,Mittleres Baumholz,Mittleres Baumholz_12,,1716.3,Surrein
4.9,12,plant30,not_young,3,3,4,0,3,5725,Mittleres Baumholz,Mittleres Baumholz_12,,1636.0,Obersaxen
10.9,8,plant30,not_young,3,3,4,0,3,5726,Mittleres Baumholz,Mittleres Baumholz_8,,1716.0,Obersaxen
0.5,8,plant30,not_young,3,3,4,0,3,5727,Mittleres Baumholz,Mittleres Baumholz_8,,1748.3,Surrein
0.5,8,plant30,not_young,3,3,4,0,3,5728,Stangenholz,Stangenholz_8,,1792.0,Surrein
1.8,12,plant30,not_young,3,3,4,0,3,5729,Mittleres Baumholz,Mittleres Baumholz_12,,1543.5,Sumvitg
0.8,12,plant30,not_young,3,3,4,0,3,5730,Schwaches Baumholz,Schwaches Baumholz_12,,1455.8,Sumvitg
0.5,11,plant30,not_young,3,3,4,0,3,5731,Schwaches Baumholz,Schwaches Baumholz_11,,1248.8,Obersaxen
6.7,12,plant30,not_young,3,3,4,0,3,5732,Mittleres Baumholz,Mittleres Baumholz_12,,1646.7,Obersaxen
1.5,10,plant30,not_young,3,3,4,0,3,5733,Starkes Baumholz,Starkes Baumholz_10,,1366.9,Sumvitg
2.2,8,plant30,not_young,3,3,4,0,3,5734,Mittleres Baumholz,Mittleres Baumholz_8,,1677.2,Sumvitg
1.9,12,plant30,not_young,3,3,4,0,3,5735,Mittleres Baumholz,Mittleres Baumholz_12,,1637.3,Surrein
2.2,12,plant30,not_young,3,3,4,0,3,5736,Mittleres Baumholz,Mittleres Baumholz_12,,1588.1,Obersaxen
3.1,6,plant30,not_young,3,3,4,0,3,5737,Stangenholz,Stangenholz_6,,1272.2,Sumvitg
0.7,8,plant30,not_young,3,3,4,0,3,5738,Schwaches Baumholz,Schwaches Baumholz_8,,1662.1,Sumvitg
0.8,10,plant30,not_young,3,3,4,0,3,5739,Mittleres Baumholz,Mittleres Baumholz_10,,1377.8,Sumvitg
0.6,10,plant30,not_young,3,3,4,0,3,5740,Stangenholz,Stangenholz_10,,1387.9,Sumvitg
0.9,10,plant30,not_young,3,3,4,0,3,5741,Starkes Baumholz,Starkes Baumholz_10,,1378.9,Sumvitg
1.3,12,plant30,not_young,3,3,4,0,3,5742,Mittleres Baumholz,Mittleres Baumholz_12,,1662.0,Sumvitg
1.5,8,plant30,not_young,3,3,4,0,3,5743,Mittleres Baumholz,Mittleres Baumholz_8,,1672.6,Sumvitg
1.0,12,plant30,not_young,3,3,4,0,3,5744,Starkes Baumholz,Starkes Baumholz_12,,1580.4,Sumvitg
0.9,8,plant30,not_young,3,3,4,0,3,5745,Mittleres Baumholz,Mittleres Baumholz_8,,1701.5,Sumvitg
3.2,12,plant30,not_young,3,3,4,0,3,5746,Stangenholz,Stangenholz_12,,1449.4,Surrein
0.8,12,plant30,not_young,3,3,4,0,3,5747,Stangenholz,Stangenholz_12,,1391.9,Surrein
1.7,9,plant30,not_young,3,3,4,0,3,5748,Mittleres Baumholz,Mittleres Baumholz_9,,1959.5,Surrein
2.3,12,plant30,not_young,3,3,4,0,3,5749,Mittleres Baumholz,Mittleres Baumholz_12,,1648.3,Obersaxen
2.5,12,plant30,not_young,3,3,4,0,3,5750,Mittleres Baumholz,Mittleres Baumholz_12,,1627.0,Obersaxen
0.7,10,plant30,not_young,3,3,4,0,3,5751,Starkes Baumholz,Starkes Baumholz_10,,1409.3,Sumvitg
1.0,12,plant30,not_young,3,3,4,0,3,5752,Mittleres Baumholz,Mittleres Baumholz_12,,1499.2,Sumvitg
0.9,8,plant30,not_young,3,3,4,0,3,5753,Mittleres Baumholz,Mittleres Baumholz_8,,1633.3,Sumvitg
2.9,8,plant30,not_young,3,3,4,0,3,5754,Mittleres Baumholz,Mittleres Baumholz_8,,1598.0,Sumvitg
1.3,8,plant30,not_young,3,3,4,0,3,5755,Mittleres Baumholz,Mittleres Baumholz_8,,1698.0,Sumvitg
0.8,8,plant30,not_young,3,3,4,0,3,5756,Mittleres Baumholz,Mittleres Baumholz_8,,1753.3,Sumvitg
1.1,8,plant30,not_young,3,3,4,0,3,5757,Mittleres Baumholz,Mittleres Baumholz_8,,1750.5,Sumvitg
2.2,8,plant30,not_young,3,3,4,0,3,5758,Mittleres Baumholz,Mittleres Baumholz_8,,1735.6,Sumvitg
1.2,11,plant30,not_young,3,3,4,0,3,5759,Stangenholz,Stangenholz_11,,897.7999999999998,Sumvitg
0.5,11,plant30,not_young,3,3,4,0,3,5760,Stangenholz,Stangenholz_11,,897.0,Sumvitg
1.7,5,plant30,not_young,3,3,4,0,3,5761,Schwaches Baumholz,Schwaches Baumholz_5,,2005.5,Surrein
2.2,12,plant30,not_young,3,3,4,0,3,5762,Mittleres Baumholz,Mittleres Baumholz_12,,1541.8,Obersaxen
3.9,12,plant30,not_young,3,3,4,0,3,5763,Schwaches Baumholz,Schwaches Baumholz_12,,1603.6,Obersaxen
1.3,12,plant30,not_young,3,3,4,0,3,5764,Schwaches Baumholz,Schwaches Baumholz_12,,1643.4,Obersaxen
4.5,11,plant30,not_young,3,3,4,0,3,5765,Mittleres Baumholz,Mittleres Baumholz_11,,1148.9,Surcuolm
0.5,12,plant30,not_young,3,3,4,0,3,5766,Starkes Baumholz,Starkes Baumholz_12,,1396.6,Surrein
1.1,12,plant30,not_young,3,3,4,0,3,5767,Stangenholz,Stangenholz_12,,1320.8,Surrein
1.3,8,plant30,not_young,3,3,4,0,3,5768,Schwaches Baumholz,Schwaches Baumholz_8,,1729.3,Surrein
1.0,12,plant30,not_young,3,3,4,0,3,5769,Mittleres Baumholz,Mittleres Baumholz_12,,1398.7,Surrein
1.5,12,plant30,not_young,3,3,4,0,3,5770,Stangenholz,Stangenholz_12,,1304.0,Surrein
0.6,5,plant30,not_young,3,3,4,0,3,5771,Stangenholz,Stangenholz_5,,2000.0,Surrein
1.8,8,plant30,not_young,3,3,4,0,3,5772,Mittleres Baumholz,Mittleres Baumholz_8,,1787.1,Surrein
0.5,8,plant30,not_young,3,3,4,0,3,5773,Mittleres Baumholz,Mittleres Baumholz_8,,1800.6,Surrein
0.5,5,plant30,not_young,3,3,4,0,3,5774,Stangenholz,Stangenholz_5,,2076.9,Surrein
1.3,9,plant30,not_young,3,3,4,0,3,5775,Mittleres Baumholz,Mittleres Baumholz_9,,1946.3,Surrein
1.0,8,plant30,not_young,3,3,4,0,3,5776,Mittleres Baumholz,Mittleres Baumholz_8,,1807.2,Surrein
1.5,9,plant30,not_young,3,3,4,0,3,5777,Mittleres Baumholz,Mittleres Baumholz_9,,1971.5,Surrein
0.5,11,plant30,not_young,3,3,4,0,3,5778,Stangenholz,Stangenholz_11,,891.3999999999999,Sumvitg
4.8,8,plant30,not_young,3,3,4,0,3,5779,Starkes Baumholz,Starkes Baumholz_8,,1805.3,Surrein
0.5,9,plant30,not_young,3,3,4,0,3,5780,Mittleres Baumholz,Mittleres Baumholz_9,,1955.0,Surrein
1.6,8,plant30,not_young,3,3,4,0,3,5781,Stangenholz,Stangenholz_8,,1738.4,Surrein
0.7,12,plant30,not_young,3,3,4,0,3,5782,Stangenholz,Stangenholz_12,,1592.8,Surrein
2.6,12,plant30,not_young,3,3,4,0,3,5783,Mittleres Baumholz,Mittleres Baumholz_12,,1615.3,Obersaxen
4.1,12,plant30,not_young,3,3,4,0,3,5784,Schwaches Baumholz,Schwaches Baumholz_12,,1578.1,Obersaxen
0.8,12,plant30,not_young,3,3,4,0,3,5785,Schwaches Baumholz,Schwaches Baumholz_12,,1572.0,Obersaxen
1.3,12,plant30,not_young,3,3,4,0,3,5786,Schwaches Baumholz,Schwaches Baumholz_12,,1623.3,Surrein
0.6,8,plant30,not_young,3,3,4,0,3,5787,Schwaches Baumholz,Schwaches Baumholz_8,,1765.0,Surrein
5.5,12,plant30,not_young,3,3,4,0,3,5788,Mittleres Baumholz,Mittleres Baumholz_12,,1328.3,Surrein
1.1,9,plant30,not_young,3,3,4,0,3,5789,Starkes Baumholz,Starkes Baumholz_9,,1978.8,Surrein
1.5,9,plant30,not_young,3,3,4,0,3,5790,Mittleres Baumholz,Mittleres Baumholz_9,,1950.8,Surrein
0.7,9,plant30,not_young,3,3,4,0,3,5791,Mittleres Baumholz,Mittleres Baumholz_9,,1883.1,Surrein
1.0,8,plant30,not_young,3,3,4,0,3,5792,Mittleres Baumholz,Mittleres Baumholz_8,,1801.9,Surrein
0.7,12,plant30,not_young,3,3,4,0,3,5793,Stangenholz,Stangenholz_12,,1314.6,Surrein
0.5,12,plant30,not_young,3,3,4,0,3,5794,Stangenholz,Stangenholz_12,,1293.4,Surrein
0.9,12,plant30,not_young,3,3,4,0,3,5795,Schwaches Baumholz,Schwaches Baumholz_12,,1492.2,Sumvitg
0.9,5,plant30,not_young,3,3,4,0,3,5796,Schwaches Baumholz,Schwaches Baumholz_5,,1947.6,Obersaxen
0.5,5,plant30,not_young,3,3,4,0,3,5797,Schwaches Baumholz,Schwaches Baumholz_5,,2019.9,Obersaxen
0.5,9,plant30,not_young,3,3,4,0,3,5798,Mittleres Baumholz,Mittleres Baumholz_9,,1885.3,Obersaxen
0.8,5,plant30,not_young,3,3,4,0,3,5799,Stangenholz,Stangenholz_5,,2049.1,Obersaxen
0.6,8,plant30,not_young,3,3,4,0,3,5800,Stangenholz,Stangenholz_8,,1751.6,Obersaxen
0.7,9,plant30,not_young,3,3,4,0,3,5801,Mittleres Baumholz,Mittleres Baumholz_9,,1914.7,Obersaxen
0.9,8,plant30,not_young,3,3,4,0,3,5802,Mittleres Baumholz,Mittleres Baumholz_8,,1785.3,Obersaxen
0.8,9,plant30,not_young,3,3,4,0,3,5803,Stangenholz,Stangenholz_9,,1851.7,Obersaxen
1.0,9,plant30,not_young,3,3,4,0,3,5804,Mittleres Baumholz,Mittleres Baumholz_9,,1936.2,Obersaxen
2.3,8,plant30,not_young,3,3,4,0,3,5805,Stangenholz,Stangenholz_8,,1697.3,Obersaxen
0.5,12,plant30,not_young,3,3,4,0,3,5806,Starkes Baumholz,Starkes Baumholz_12,,1508.3,Trun
4.2,8,plant30,not_young,3,3,4,0,3,5807,Schwaches Baumholz,Schwaches Baumholz_8,,1690.3,Trun
1.1,12,plant30,not_young,3,3,4,0,3,5808,Stangenholz,Stangenholz_12,,1531.4,Trun
0.9,12,plant30,not_young,3,3,4,0,3,5809,Schwaches Baumholz,Schwaches Baumholz_12,,1528.7,Trun
0.7,12,plant30,not_young,3,3,4,0,3,5810,Mittleres Baumholz,Mittleres Baumholz_12,,1607.0,Schlans
0.6,8,plant30,not_young,3,3,4,0,3,5811,Mittleres Baumholz,Mittleres Baumholz_8,,1661.0,Schlans
2.8,11,plant30,not_young,3,3,4,0,3,5812,Schwaches Baumholz,Schwaches Baumholz_11,,1087.6,Schlans
0.6,11,plant30,not_young,3,3,4,0,3,5813,Stangenholz,Stangenholz_11,,817.5,Trun
0.6,8,plant30,not_young,3,3,4,0,3,5814,Stangenholz,Stangenholz_8,,1839.6,Schlans
0.6,12,plant30,not_young,3,3,4,0,3,5815,Stangenholz,Stangenholz_12,,1513.6,Trun
1.1,12,plant30,not_young,3,3,4,0,3,5816,Stangenholz,Stangenholz_12,,1536.6,Trun
2.3,12,plant30,not_young,3,3,4,0,3,5817,Stangenholz,Stangenholz_12,,1581.0,Trun
1.6,12,plant30,not_young,3,3,4,0,3,5818,Stangenholz,Stangenholz_12,,1506.1,Trun
0.6,12,plant30,not_young,3,3,4,0,3,5819,Stangenholz,Stangenholz_12,,1476.5,Trun
0.7,12,plant30,not_young,3,3,4,0,3,5820,Stangenholz,Stangenholz_12,,1498.0,Trun
0.6,12,plant30,not_young,3,3,4,0,3,5821,Stangenholz,Stangenholz_12,,1528.3,Trun
0.8,12,plant30,not_young,3,3,4,0,3,5822,Stangenholz,Stangenholz_12,,1582.8,Trun
0.5,12,plant30,not_young,3,3,4,0,3,5823,Stangenholz,Stangenholz_12,,1500.8,Trun
1.3,12,plant30,not_young,3,3,4,0,3,5824,Mittleres Baumholz,Mittleres Baumholz_12,,1543.5,Trun
3.4,12,plant30,not_young,3,3,4,0,3,5825,Mittleres Baumholz,Mittleres Baumholz_12,,1626.3,Trun
0.6,12,plant30,not_young,3,3,4,0,3,5826,Starkes Baumholz,Starkes Baumholz_12,,1599.2,Trun
0.5,12,plant30,not_young,3,3,4,0,3,5827,Schwaches Baumholz,Schwaches Baumholz_12,,1625.4,Trun
0.8,12,plant30,not_young,3,3,4,0,3,5828,Schwaches Baumholz,Schwaches Baumholz_12,,1653.3,Trun
0.8,12,plant30,not_young,3,3,4,0,3,5829,Mittleres Baumholz,Mittleres Baumholz_12,,1623.1,Trun
0.9,12,res_no_prot,not_young,1,1,1,0,1,5830,Stangenholz,Stangenholz_12,,1613.9,Trun
2.1,11,plant30,not_young,3,3,4,0,3,5831,Schwaches Baumholz,Schwaches Baumholz_11,,1373.7,Schlans
3.7,12,plant30,not_young,3,3,4,0,3,5832,Mittleres Baumholz,Mittleres Baumholz_12,,1606.0,Trun
0.7,8,plant30,not_young,3,3,4,0,3,5833,Stangenholz,Stangenholz_8,,1787.5,Trun
1.7,11,plant30,not_young,3,3,4,0,3,5834,Schwaches Baumholz,Schwaches Baumholz_11,,976.2,Trun
1.5,12,plant30,not_young,3,3,4,0,3,5835,Schwaches Baumholz,Schwaches Baumholz_12,,1657.5,Trun
1.1,11,plant30,not_young,3,3,4,0,3,5836,Stangenholz,Stangenholz_11,,905.2,Trun
1.0,11,plant30,not_young,3,3,4,0,3,5837,Schwaches Baumholz,Schwaches Baumholz_11,,994.5,Trun
0.6,11,plant30,not_young,3,3,4,0,3,5838,Schwaches Baumholz,Schwaches Baumholz_11,,921.6,Trun
4.3,12,plant30,not_young,3,3,4,0,3,5839,Stangenholz,Stangenholz_12,,1636.8,Trun
2.8,11,plant30,not_young,3,3,4,0,3,5840,Stangenholz,Stangenholz_11,,1491.8,Schlans
3.7,12,plant30,not_young,3,3,4,0,3,5841,Mittleres Baumholz,Mittleres Baumholz_12,,1638.8,Trun
0.5,9,plant30,not_young,3,3,4,0,3,5842,Mittleres Baumholz,Mittleres Baumholz_9,,1899.9,Trun
1.0,11,plant30,not_young,3,3,4,0,3,5843,Stangenholz,Stangenholz_11,,892.8999999999999,Trun
1.1,12,plant30,not_young,3,3,4,0,3,5844,Stangenholz,Stangenholz_12,,1530.1,Trun
3.8,12,plant30,not_young,3,3,4,0,3,5845,Schwaches Baumholz,Schwaches Baumholz_12,,1595.8,Trun
1.1,12,plant30,not_young,3,3,4,0,3,5846,Starkes Baumholz,Starkes Baumholz_12,,1642.2,Trun
0.7,8,plant30,not_young,3,3,4,0,3,5847,Mittleres Baumholz,Mittleres Baumholz_8,,1834.4,Schlans
1.0,8,plant30,not_young,3,3,4,0,3,5848,Mittleres Baumholz,Mittleres Baumholz_8,,1872.0,Schlans
0.5,12,plant30,not_young,3,3,4,0,3,5849,Stangenholz,Stangenholz_12,,1581.7,Trun
3.5,12,plant30,not_young,3,3,4,0,3,5850,Starkes Baumholz,Starkes Baumholz_12,,1502.9,Trun
2.1,11,plant30,not_young,3,3,4,0,3,5851,Mittleres Baumholz,Mittleres Baumholz_11,,898.7,Ilanz
2.9,8,plant30,not_young,3,3,4,0,3,5852,Schwaches Baumholz,Schwaches Baumholz_8,,1781.5,Siat
0.6,8,plant30,not_young,3,3,4,0,3,5853,Mittleres Baumholz,Mittleres Baumholz_8,,1763.5,Siat
0.9,12,plant30,not_young,3,3,4,0,3,5854,Mittleres Baumholz,Mittleres Baumholz_12,,1672.1,Rueun
1.3,8,plant30,not_young,3,3,4,0,3,5855,Mittleres Baumholz,Mittleres Baumholz_8,,1807.8,Rueun
0.7,8,plant30,not_young,3,3,4,0,3,5856,Schwaches Baumholz,Schwaches Baumholz_8,,1762.6,Rueun
0.5,11,plant30,not_young,3,3,4,0,3,5857,Stangenholz,Stangenholz_11,,1247.2,Luven
1.2,12,plant30,not_young,3,3,4,0,3,5858,Starkes Baumholz,Starkes Baumholz_12,,1574.4,Rueun
0.7,8,plant30,not_young,3,3,4,0,3,5859,Mittleres Baumholz,Mittleres Baumholz_8,,1681.2,Rueun
0.8,8,plant30,not_young,3,3,4,0,3,5860,Schwaches Baumholz,Schwaches Baumholz_8,,1697.3,Rueun
2.2,8,plant30,not_young,3,3,4,0,3,5861,Mittleres Baumholz,Mittleres Baumholz_8,,1766.4,Rueun
1.5,11,plant30,not_young,3,3,4,0,3,5862,Starkes Baumholz,Starkes Baumholz_11,,1305.8,Luven
1.3,11,plant30,not_young,3,3,4,0,3,5863,Starkes Baumholz,Starkes Baumholz_11,,1246.8,Luven
0.8,12,plant30,not_young,3,3,4,0,3,5864,Schwaches Baumholz,Schwaches Baumholz_12,,1598.1,Rueun
1.5,8,plant30,not_young,3,3,4,0,3,5865,Mittleres Baumholz,Mittleres Baumholz_8,,1723.9,Rueun
1.5,11,plant30,not_young,3,3,4,0,3,5866,Schwaches Baumholz,Schwaches Baumholz_11,,1455.9,Luven
2.4,11,plant30,not_young,3,3,4,0,3,5867,Starkes Baumholz,Starkes Baumholz_11,,1241.2,Luven
1.1,8,plant30,not_young,3,3,4,0,3,5868,Mittleres Baumholz,Mittleres Baumholz_8,,1797.4,Rueun
1.2,11,plant30,not_young,3,3,4,0,3,5869,Schwaches Baumholz,Schwaches Baumholz_11,,1266.4,Luven
0.8,12,plant30,not_young,3,3,4,0,3,5870,Stangenholz,Stangenholz_12,,1556.8,Rueun
0.9,11,plant30,not_young,3,3,4,0,3,5871,Mittleres Baumholz,Mittleres Baumholz_11,,1266.1,Luven
1.0,11,plant30,not_young,3,3,4,0,3,5872,Schwaches Baumholz,Schwaches Baumholz_11,,1198.2,Luven
2.5,12,plant30,not_young,3,3,4,0,3,5873,Mittleres Baumholz,Mittleres Baumholz_12,,1674.3,Rueun
0.6,11,plant30,not_young,3,3,4,0,3,5874,Mittleres Baumholz,Mittleres Baumholz_11,,1235.6,Luven
2.0,11,plant30,not_young,3,3,4,0,3,5875,Starkes Baumholz,Starkes Baumholz_11,,1282.7,Luven
5.3,8,plant30,not_young,3,3,4,0,3,5876,Mittleres Baumholz,Mittleres Baumholz_8,,1750.1,Siat
0.7,12,plant30,not_young,3,3,4,0,3,5877,Stangenholz,Stangenholz_12,,1612.2,Rueun
1.0,8,plant30,not_young,3,3,4,0,3,5878,Mittleres Baumholz,Mittleres Baumholz_8,,1751.4,Rueun
1.2,12,plant30,not_young,3,3,4,0,3,5879,Mittleres Baumholz,Mittleres Baumholz_12,,1653.9,Rueun
1.5,8,plant30,not_young,3,3,4,0,3,5880,Schwaches Baumholz,Schwaches Baumholz_8,,1840.5,Rueun
1.0,8,plant30,not_young,3,3,4,0,3,5881,Stangenholz,Stangenholz_8,,1684.1,Rueun
0.7,8,plant30,not_young,3,3,4,0,3,5882,Mittleres Baumholz,Mittleres Baumholz_8,,1702.9,Siat
0.8,11,plant30,not_young,3,3,4,0,3,5883,Mittleres Baumholz,Mittleres Baumholz_11,,1249.8,Luven
0.7,11,plant30,not_young,3,3,4,0,3,5884,Starkes Baumholz,Starkes Baumholz_11,,1133.4,Luven
0.7,11,plant30,not_young,3,3,4,0,3,5885,Stangenholz,Stangenholz_11,,1256.9,Luven
4.1,5,nat15,not_young,3,3,3,0,1,5886,Schwaches Baumholz,Schwaches Baumholz_5,,1457.0,Pigniu
0.5,9,prot_no_nat,not_young,2,2,2,0,2,5887,Stangenholz,Stangenholz_9,,1639.2,Rueun
0.1,12,plant30,not_young,3,3,4,0,3,5888,Starkes Baumholz,Starkes Baumholz_12,,1554.3,Surrein
1.0,8,res_no_prot,not_young,1,1,1,0,1,5889,Stangenholz,Stangenholz_8,,1538.1,Sumvitg
0.1,9,plant10,not_young,3,4,4,0,3,5890,Stangenholz,Stangenholz_9,,1911.8,Trun
0.9,12,nat15,not_young,3,3,3,0,1,5891,Mittleres Baumholz,Mittleres Baumholz_12,,1980.7,Andiast
0.8,11,res_no_prot,not_young,1,1,1,0,1,5892,Mittleres Baumholz,Mittleres Baumholz_11,,1103.5,Trun
8.5,11,other,not_young,3,3,3,0,3,5893,Stangenholz,Stangenholz_11,,998.6,Siat
1.7,11,plant10,not_young,3,4,4,0,3,5894,Schwaches Baumholz,Schwaches Baumholz_11,,936.6,Zignau
2.0,11,prot_no_nat,not_young,2,2,2,0,2,5895,Starkes Baumholz,Starkes Baumholz_11,,824.1,Ruschein
1.2,9,nat15,not_young,3,3,3,0,1,5896,Schwaches Baumholz,Schwaches Baumholz_9,,909.9,Obersaxen
4.2,12,prot_no_nat,not_young,2,2,2,0,2,5897,Starkes Baumholz,Starkes Baumholz_12,,1771.0,Surrein
0.3,11,nat15,not_young,3,3,3,0,1,5898,Stangenholz,Stangenholz_11,,1172.7,Surrein
0.1,3,other,not_young,3,3,3,0,3,5899,Schwaches Baumholz,Schwaches Baumholz_3,,753.3999999999999,Rueun
0.2,10,plant30,not_young,3,3,4,0,3,5900,Stangenholz,Stangenholz_10,,1327.8,Sumvitg
1.0,11,plant10,not_young,3,4,4,0,3,5901,Mittleres Baumholz,Mittleres Baumholz_11,,737.1,Ilanz
0.4,11,plant30,not_young,3,3,4,0,3,5902,Mittleres Baumholz,Mittleres Baumholz_11,,1351.3,Luven
8.1,12,prot_no_nat,not_young,2,2,2,0,2,5903,Mittleres Baumholz,Mittleres Baumholz_12,,1222.1,Siat
0.4,11,other,not_young,3,3,3,0,3,5904,Starkes Baumholz,Starkes Baumholz_11,,1255.9,Mumpé Medel
5.0,8,nat15,not_young,3,3,3,0,1,5905,Mittleres Baumholz,Mittleres Baumholz_8,,1589.1,Disentis/Mustér
3.8,11,plant10,not_young,3,4,4,0,3,5906,Stangenholz,Stangenholz_11,,938.6,Siat
2.4,5,plant30,not_young,3,3,4,0,3,5907,Stangenholz,Stangenholz_5,,2368.9,Surrein
3.0,12,other,not_young,3,3,3,0,3,5908,Schwaches Baumholz,Schwaches Baumholz_12,,1196.8,Rueun
6.1,11,other,not_young,3,3,3,0,3,5909,Schwaches Baumholz,Schwaches Baumholz_11,,965.7,Rueun
2.8,5,other,not_young,3,3,3,0,3,5910,Stangenholz,Stangenholz_5,,1580.3,Sumvitg
0.1,12,other,not_young,3,3,3,0,3,5911,Starkes Baumholz,Starkes Baumholz_12,,1619.5,Cumpadials
0.4,5,prot_no_nat,not_young,1,2,2,0,2,5912,Stangenholz,Stangenholz_5,,956.5,Cumpadials
1.8,12,nat15,not_young,3,3,3,0,1,5913,Stangenholz,Stangenholz_12,,2150.4,Surrein
0.5,8,plant10,not_young,3,4,4,0,3,5914,Schwaches Baumholz,Schwaches Baumholz_8,,1606.9,Surrein
0.5,12,plant30,not_young,3,3,4,0,3,5915,Mittleres Baumholz,Mittleres Baumholz_12,,1893.2,Surrein
5.7,8,prot_no_nat,not_young,2,2,2,0,2,5916,Mittleres Baumholz,Mittleres Baumholz_8,,1368.5,Pigniu
1.5,9,plant30,not_young,3,3,4,0,3,5917,Schwaches Baumholz,Schwaches Baumholz_9,,1521.2,Obersaxen
0.2,3,prot_no_nat,not_young,2,2,2,0,2,5918,Mittleres Baumholz,Mittleres Baumholz_3,,720.8999999999999,Schluein
4.0,11,other,not_young,3,3,3,0,3,5919,Stangenholz,Stangenholz_11,,739.7999999999998,Rueun
1.8,11,prot_no_nat,not_young,2,2,2,0,2,5920,Starkes Baumholz,Starkes Baumholz_11,,744.2999999999998,Ruschein
3.6,11,prot_no_nat,not_young,2,2,2,0,2,5921,Mittleres Baumholz,Mittleres Baumholz_11,,758.6,Ilanz
0.6,12,prot_no_nat,not_young,2,2,2,0,2,5922,Starkes Baumholz,Starkes Baumholz_12,,1129.8,Surrein
0.6,11,plant10,not_young,3,4,4,0,3,5923,Starkes Baumholz,Starkes Baumholz_11,,1312.7,Waltensburg/Vuorz
0.2,11,other,not_young,3,3,3,0,3,5924,Starkes Baumholz,Starkes Baumholz_11,,1341.4,Luven
0.7,12,plant30,not_young,3,3,4,0,3,5925,Starkes Baumholz,Starkes Baumholz_12,,1271.1,Surrein
2.7,9,prot_no_nat,not_young,2,2,2,0,2,5926,Mittleres Baumholz,Mittleres Baumholz_9,,2080.0,Obersaxen
2.8,8,res_prot,not_young,2,2,2,0,2,5927,Mittleres Baumholz,Mittleres Baumholz_8,,885.6,Surrein
0.6,11,plant30,not_young,3,3,4,0,3,5928,Schwaches Baumholz,Schwaches Baumholz_11,,1526.1,Obersaxen
7.9,11,prot_no_nat,not_young,2,2,2,0,2,5929,Stangenholz,Stangenholz_11,,835.0,Cumpadials
2.4,11,plant30,not_young,3,3,4,0,3,5930,Schwaches Baumholz,Schwaches Baumholz_11,,922.1,Obersaxen
0.6,12,plant10,not_young,3,4,4,0,3,5931,Schwaches Baumholz,Schwaches Baumholz_12,,2056.5,Curaglia
2.2,12,prot_no_nat,not_young,2,2,2,0,2,5932,Schwaches Baumholz,Schwaches Baumholz_12,,1068.5,Surrein
0.3,11,res_no_prot,not_young,1,1,1,0,1,5933,Stangenholz,Stangenholz_11,,1549.0,Trun
3.0,5,other,not_young,3,3,3,0,3,5934,Schwaches Baumholz,Schwaches Baumholz_5,,1368.4,Trun
0.3,8,nat15,not_young,3,3,3,0,1,5935,Mittleres Baumholz,Mittleres Baumholz_8,,1821.3,Pigniu
0.3,8,res_no_prot,not_young,1,1,1,0,1,5936,Starkes Baumholz,Starkes Baumholz_8,,1606.9,Sumvitg
3.2,11,plant10,not_young,3,4,4,0,3,5937,Stangenholz,Stangenholz_11,,918.8,Surrein
1.4,8,nat15,not_young,3,3,3,0,1,5938,Mittleres Baumholz,Mittleres Baumholz_8,,1866.9,Pigniu
0.4,12,nat15,not_young,3,3,3,0,1,5939,Mittleres Baumholz,Mittleres Baumholz_12,,1768.0,Surrein
2.7,11,prot_no_nat,not_young,2,2,2,0,2,5940,Starkes Baumholz,Starkes Baumholz_11,,1080.8,Ilanz
0.1,12,other,not_young,3,3,3,0,3,5941,Mittleres Baumholz,Mittleres Baumholz_12,,1091.4,Siat
3.8,11,plant10,not_young,3,4,4,0,3,5942,Stangenholz,Stangenholz_11,,1000.9,Siat
0.4,3,other,not_young,3,3,3,0,3,5943,Stangenholz,Stangenholz_3,,709.8,Rueun
0.4,12,res_no_prot,not_young,1,1,1,0,1,5944,Stangenholz,Stangenholz_12,,1673.5,Surrein
0.1,12,nat15,not_young,3,3,3,0,1,5945,Schwaches Baumholz,Schwaches Baumholz_12,,1750.1,Surrein
4.5,5,nat15,not_young,3,3,3,0,1,5946,Stangenholz,Stangenholz_5,,1425.0,Sumvitg
9.7,11,other,not_young,3,3,3,0,3,5947,Stangenholz,Stangenholz_11,,855.2,Sumvitg
1.0,8,res_no_prot,not_young,1,1,1,0,1,5948,Stangenholz,Stangenholz_8,,2328.6,Trun
0.4,11,plant30,not_young,3,3,4,0,3,5949,Mittleres Baumholz,Mittleres Baumholz_11,,1276.5,Obersaxen
0.5,8,prot_no_nat,not_young,2,2,2,0,2,5950,Starkes Baumholz,Starkes Baumholz_8,,1154.4,Trun
7.5,11,other,not_young,3,3,3,0,3,5951,Schwaches Baumholz,Schwaches Baumholz_11,,1190.1,Rueun
2.2,8,plant10,not_young,3,4,4,0,3,5952,Mittleres Baumholz,Mittleres Baumholz_8,,1072.7,Sedrun
0.7,12,plant10,not_young,3,4,4,0,3,5953,Schwaches Baumholz,Schwaches Baumholz_12,,1380.6,Sedrun
0.2,12,plant30,not_young,3,3,4,0,3,5954,Mittleres Baumholz,Mittleres Baumholz_12,,1242.4,Surrein
0.3,11,plant30,not_young,3,3,4,0,3,5955,Mittleres Baumholz,Mittleres Baumholz_11,,1521.2,Obersaxen
1.2,11,prot_no_nat,not_young,2,2,2,0,2,5956,Schwaches Baumholz,Schwaches Baumholz_11,,1593.1,Trun
0.9,12,nat15,not_young,3,3,3,0,1,5957,Mittleres Baumholz,Mittleres Baumholz_12,,998.1,Segnas
1.1,8,other,not_young,3,3,3,0,3,5958,Stangenholz,Stangenholz_8,,1103.7,Rabius
0.1,5,other,not_young,1,3,3,0,3,5959,Stangenholz,Stangenholz_5,,945.9,Cumpadials
0.1,12,plant10,not_young,3,4,4,0,3,5960,Schwaches Baumholz,Schwaches Baumholz_12,,1299.7,Sedrun
5.9,11,other,not_young,3,3,3,0,3,5961,Schwaches Baumholz,Schwaches Baumholz_11,,751.0,Obersaxen
0.5,11,plant30,not_young,3,3,4,0,3,5962,Starkes Baumholz,Starkes Baumholz_11,,1446.4,Surcuolm
3.1,11,prot_no_nat,not_young,2,2,2,0,2,5963,Starkes Baumholz,Starkes Baumholz_11,,946.1,Obersaxen
0.2,10,plant30,not_young,3,3,4,0,3,5964,Mittleres Baumholz,Mittleres Baumholz_10,,1377.8,Sumvitg
0.3,9,res_no_prot,not_young,1,1,1,0,1,5965,Stangenholz,Stangenholz_9,,1869.9,Surrein
0.4,6,nat15,not_young,3,3,3,0,1,5966,Stangenholz,Stangenholz_6,,1277.0,Sumvitg
3.2,11,plant10,not_young,3,4,4,0,3,5967,Stangenholz,Stangenholz_11,,732.3999999999999,Rueun
0.7,12,res_no_prot,not_young,1,1,1,0,1,5968,Mittleres Baumholz,Mittleres Baumholz_12,,1639.8,Surrein
3.3,12,plant30,not_young,3,3,4,0,3,5969,Mittleres Baumholz,Mittleres Baumholz_12,,1076.6,Siat
0.4,11,plant10,not_young,3,4,4,0,3,5970,Starkes Baumholz,Starkes Baumholz_11,,1373.9,Ruschein
0.2,11,other,not_young,3,3,3,0,3,5971,Mittleres Baumholz,Mittleres Baumholz_11,,1611.0,Obersaxen
1.2,12,plant30,not_young,3,3,4,0,3,5972,Schwaches Baumholz,Schwaches Baumholz_12,,1407.4,Sumvitg
1.8,12,plant10,not_young,3,4,4,0,3,5973,Stangenholz,Stangenholz_12,,1221.9,Sedrun
2.2,8,nat15,not_young,3,3,3,0,1,5974,Schwaches Baumholz,Schwaches Baumholz_8,,1474.0,Disentis/Mustér
3.0,8,plant30,not_young,3,3,4,0,3,5975,Stangenholz,Stangenholz_8,,1125.4,Surrein
1.7,9,prot_no_nat,not_young,2,2,2,0,2,5976,Schwaches Baumholz,Schwaches Baumholz_9,,908.2,Cumpadials
3.8,12,other,not_young,3,3,3,0,3,5977,Stangenholz,Stangenholz_12,,1220.2,Surrein
0.5,12,res_no_prot,not_young,1,1,1,0,1,5978,Stangenholz,Stangenholz_12,,1501.3,Sumvitg
0.8,8,prot_no_nat,not_young,2,2,2,0,2,5979,Starkes Baumholz,Starkes Baumholz_8,,1484.8,Cumpadials
0.2,8,other,not_young,3,3,3,0,3,5980,Mittleres Baumholz,Mittleres Baumholz_8,,1590.6,Rueun
8.1,12,prot_no_nat,not_young,2,2,2,0,2,5981,Stangenholz,Stangenholz_12,,1778.2,Surrein
0.8,8,res_prot,not_young,2,2,2,0,2,5982,Schwaches Baumholz,Schwaches Baumholz_8,,1514.3,Andiast
0.7,11,plant10,not_young,3,4,4,0,3,5983,Schwaches Baumholz,Schwaches Baumholz_11,,857.2999999999998,Surrein
2.0,12,plant30,not_young,3,3,4,0,3,5984,Schwaches Baumholz,Schwaches Baumholz_12,,1359.7,Obersaxen
8.3,12,other,not_young,3,3,3,0,3,5985,Stangenholz,Stangenholz_12,,1076.5,Surrein
0.3,12,plant30,not_young,3,3,4,0,3,5986,Schwaches Baumholz,Schwaches Baumholz_12,,1670.9,Trun
1.1,11,other,not_young,3,3,3,0,3,5987,Starkes Baumholz,Starkes Baumholz_11,,750.2999999999998,Ilanz
5.1,11,prot_no_nat,not_young,2,2,2,0,2,5988,Mittleres Baumholz,Mittleres Baumholz_11,,1076.1,Obersaxen
1.3,12,plant30,not_young,3,3,4,0,3,5989,Starkes Baumholz,Starkes Baumholz_12,,2303.0,Surrein
0.8,11,plant30,not_young,3,3,4,0,3,5990,Starkes Baumholz,Starkes Baumholz_11,,1204.3,Cumpadials
0.3,11,nat15,not_young,3,3,3,0,1,5991,Mittleres Baumholz,Mittleres Baumholz_11,,1332.4,Disentis/Mustér
0.3,9,plant30,not_young,3,3,4,0,3,5992,Mittleres Baumholz,Mittleres Baumholz_9,,1981.6,Surrein
0.9,5,res_no_prot,not_young,1,1,1,0,1,5993,Stangenholz,Stangenholz_5,,1808.6,Sumvitg
1.3,12,plant10,not_young,3,4,4,0,3,5994,Stangenholz,Stangenholz_12,,1146.9,Andiast
1.6,5,prot_no_nat,not_young,2,2,2,0,2,5995,Schwaches Baumholz,Schwaches Baumholz_5,,912.5,Sumvitg
0.2,8,plant10,not_young,3,4,4,0,3,5996,Stangenholz,Stangenholz_8,,1490.7,Pigniu
0.4,12,plant10,not_young,3,4,4,0,3,5997,Mittleres Baumholz,Mittleres Baumholz_12,,1451.3,Mumpé Medel
0.3,9,plant10,not_young,3,4,4,0,3,5998,Schwaches Baumholz,Schwaches Baumholz_9,,1870.7,Trun
0.4,8,plant10,not_young,3,4,4,0,3,5999,Starkes Baumholz,Starkes Baumholz_8,,1558.1,Trun
0.6,11,other,not_young,3,3,3,0,3,6000,Schwaches Baumholz,Schwaches Baumholz_11,,1551.2,Surrein
0.6,12,prot_no_nat,not_young,2,2,2,0,2,6001,Mittleres Baumholz,Mittleres Baumholz_12,,1523.6,Surrein
6.5,12,nat15,not_young,3,3,3,0,1,6002,Stangenholz,Stangenholz_12,,2711.3,Surrein
0.7,8,plant30,not_young,3,3,4,0,3,6003,Starkes Baumholz,Starkes Baumholz_8,,1788.6,Cumpadials
0.8,9,other,not_young,3,3,3,0,3,6004,Mittleres Baumholz,Mittleres Baumholz_9,,1809.2,Obersaxen
0.4,10,prot_no_nat,not_young,2,2,2,0,2,6005,Starkes Baumholz,Starkes Baumholz_10,,1422.1,Sumvitg
0.3,5,res_no_prot,not_young,1,1,1,0,1,6006,Mittleres Baumholz,Mittleres Baumholz_5,,1960.7,Obersaxen
0.7,11,plant30,not_young,3,3,4,0,3,6007,Stangenholz,Stangenholz_11,,1897.6,Surrein
0.7,8,nat15,not_young,3,3,3,0,1,6008,Starkes Baumholz,Starkes Baumholz_8,,1025.2,Trun
0.4,12,nat15,not_young,3,3,3,0,1,6009,Schwaches Baumholz,Schwaches Baumholz_12,,1540.9,Breil/Brigels
4.6,11,plant10,not_young,3,4,4,0,3,6010,Schwaches Baumholz,Schwaches Baumholz_11,,741.7999999999998,Waltensburg/Vuorz
6.7,11,prot_no_nat,not_young,2,2,2,0,2,6011,Schwaches Baumholz,Schwaches Baumholz_11,,887.1,Obersaxen
1.4,5,nat15,not_young,3,3,3,0,1,6012,Mittleres Baumholz,Mittleres Baumholz_5,,1879.1,Sedrun
0.5,12,prot_no_nat,not_young,2,2,2,0,2,6013,Mittleres Baumholz,Mittleres Baumholz_12,,1069.7,Pigniu
1.5,11,plant10,not_young,3,4,4,0,3,6014,Schwaches Baumholz,Schwaches Baumholz_11,,986.1,Surrein
5.1,11,prot_no_nat,not_young,2,2,2,0,2,6016,Mittleres Baumholz,Mittleres Baumholz_11,,756.5,Waltensburg/Vuorz
2.8,8,nat15,not_young,3,3,3,0,1,6017,Stangenholz,Stangenholz_8,,1142.9,Pigniu
1.2,11,plant30,not_young,3,3,4,0,3,6018,Schwaches Baumholz,Schwaches Baumholz_11,,1359.8,Obersaxen
0.4,12,nat15,not_young,3,3,3,0,1,6019,Stangenholz,Stangenholz_12,,1721.2,Surrein
7.1,12,other,not_young,3,3,3,0,3,6020,Stangenholz,Stangenholz_12,,1020.6,Siat
0.3,11,res_no_prot,not_young,1,1,1,0,1,6021,Starkes Baumholz,Starkes Baumholz_11,,944.7,Schlans
4.8,11,plant10,not_young,3,4,4,0,3,6022,Schwaches Baumholz,Schwaches Baumholz_11,,844.2999999999998,Rueun
1.2,12,res_prot,not_young,1,1,1,0,1,6023,Stangenholz,Stangenholz_12,,1693.7,Surrein
0.9,3,prot_no_nat,not_young,1,2,2,0,2,6024,Schwaches Baumholz,Schwaches Baumholz_3,,708.1,Ilanz
0.7,5,plant30,not_young,3,3,4,0,3,6025,Mittleres Baumholz,Mittleres Baumholz_5,,2475.4,Surrein
4.2,8,other,not_young,3,3,3,0,3,6026,Stangenholz,Stangenholz_8,,1311.3,Waltensburg/Vuorz
1.1,11,other,not_young,3,3,3,0,3,6027,Schwaches Baumholz,Schwaches Baumholz_11,,905.5,Obersaxen
0.8,12,prot_no_nat,not_young,2,2,2,0,2,6028,Stangenholz,Stangenholz_12,,2224.8,Surrein
0.2,6,prot_no_nat,not_young,2,2,2,0,2,6029,Starkes Baumholz,Starkes Baumholz_6,,1294.5,Sumvitg
0.4,9,prot_no_nat,not_young,2,2,2,0,2,6030,Starkes Baumholz,Starkes Baumholz_9,,1835.9,Trun
1.9,11,other,not_young,3,3,3,0,3,6031,Mittleres Baumholz,Mittleres Baumholz_11,,792.0,Rueun
0.3,8,other,not_young,3,3,3,0,3,6032,Starkes Baumholz,Starkes Baumholz_8,,1699.6,Cumpadials
0.3,8,plant30,not_young,3,3,4,0,3,6033,Mittleres Baumholz,Mittleres Baumholz_8,,1600.9,Surrein
0.8,11,prot_no_nat,not_young,2,2,2,0,2,6034,Mittleres Baumholz,Mittleres Baumholz_11,,940.3,Surrein
6.7,12,prot_no_nat,not_young,2,2,2,0,2,6035,Stangenholz,Stangenholz_12,,887.8999999999999,Surrein
2.8,8,nat15,not_young,3,3,3,0,1,6036,Stangenholz,Stangenholz_8,,1831.5,Pigniu
0.8,9,nat15,not_young,3,3,3,0,1,6037,Stangenholz,Stangenholz_9,,1725.8,Trun
0.8,9,plant30,not_young,3,3,4,0,3,6038,Stangenholz,Stangenholz_9,,1801.9,Obersaxen
4.0,12,plant30,not_young,3,3,4,0,3,6039,Stangenholz,Stangenholz_12,,1607.9,Surrein
1.3,8,plant30,not_young,3,3,4,0,3,6040,Stangenholz,Stangenholz_8,,1072.2,Sedrun
0.5,9,other,not_young,3,3,3,0,3,6041,Schwaches Baumholz,Schwaches Baumholz_9,,1646.3,Surrein
2.0,5,plant30,not_young,3,3,4,0,3,6042,Schwaches Baumholz,Schwaches Baumholz_5,,1271.7,Obersaxen
1.5,11,other,not_young,3,3,3,0,3,6043,Mittleres Baumholz,Mittleres Baumholz_11,,1424.1,Obersaxen
0.4,6,prot_no_nat,not_young,2,2,2,0,2,6044,Stangenholz,Stangenholz_6,,1266.5,Sumvitg
2.0,12,plant30,not_young,3,3,4,0,3,6045,Stangenholz,Stangenholz_12,,1285.3,Surrein
1.1,11,plant10,not_young,3,4,4,0,3,6046,Mittleres Baumholz,Mittleres Baumholz_11,,962.7,Trun
0.2,12,nat15,not_young,3,3,3,0,1,6047,Starkes Baumholz,Starkes Baumholz_12,,1369.7,Sumvitg
0.4,8,other,not_young,3,3,3,0,3,6048,Schwaches Baumholz,Schwaches Baumholz_8,,1220.2,Rueun
2.9,8,other,not_young,3,3,3,0,3,6049,Mittleres Baumholz,Mittleres Baumholz_8,,1149.7,Siat
0.9,11,plant10,not_young,3,4,4,0,3,6050,Stangenholz,Stangenholz_11,,1262.2,Zignau
0.7,8,plant10,not_young,3,4,4,0,3,6051,Schwaches Baumholz,Schwaches Baumholz_8,,1485.5,Pigniu
3.1,12,plant30,not_young,3,3,4,0,3,6052,Schwaches Baumholz,Schwaches Baumholz_12,,828.3999999999999,Rueun
5.5,8,plant30,not_young,3,3,4,0,3,6053,Mittleres Baumholz,Mittleres Baumholz_8,,1667.5,Surrein
1.2,12,plant10,not_young,3,4,4,0,3,6054,Mittleres Baumholz,Mittleres Baumholz_12,,1198.6,Andiast
0.2,8,res_prot,not_young,2,2,2,0,2,6055,Starkes Baumholz,Starkes Baumholz_8,,1687.2,Trun
3.0,12,other,not_young,3,3,3,0,3,6056,Mittleres Baumholz,Mittleres Baumholz_12,,1275.2,Siat
0.2,12,res_no_prot,not_young,1,1,1,0,1,6057,Schwaches Baumholz,Schwaches Baumholz_12,,1612.4,Surrein
2.1,11,plant10,not_young,3,4,4,0,3,6058,Mittleres Baumholz,Mittleres Baumholz_11,,835.8999999999999,Waltensburg/Vuorz
1.9,12,plant30,not_young,3,3,4,0,3,6059,Mittleres Baumholz,Mittleres Baumholz_12,,1287.7,Surrein
1.7,8,res_no_prot,not_young,1,1,1,0,1,6060,Schwaches Baumholz,Schwaches Baumholz_8,,1856.3,Andiast
1.4,11,plant30,not_young,3,3,4,0,3,6061,Stangenholz,Stangenholz_11,,903.1,Schlans
0.3,5,res_no_prot,not_young,1,1,1,0,1,6062,Schwaches Baumholz,Schwaches Baumholz_5,,1877.4,Sumvitg
0.5,8,plant10,not_young,3,4,4,0,3,6063,Stangenholz,Stangenholz_8,,1291.2,Trun
0.8,11,prot_no_nat,not_young,2,2,2,0,2,6064,Starkes Baumholz,Starkes Baumholz_11,,1281.6,Sumvitg
0.8,5,other,not_young,3,3,3,0,3,6065,Mittleres Baumholz,Mittleres Baumholz_5,,1511.9,Siat
1.0,12,nat15,not_young,3,3,3,0,1,6066,Schwaches Baumholz,Schwaches Baumholz_12,,1098.3,Pigniu
0.3,11,nat15,not_young,3,3,3,0,1,6067,Mittleres Baumholz,Mittleres Baumholz_11,,1519.3,Surrein
1.5,5,prot_no_nat,not_young,2,2,2,0,2,6068,Stangenholz,Stangenholz_5,,1432.9,Sumvitg
2.4,5,prot_no_nat,not_young,2,2,2,0,2,6069,Mittleres Baumholz,Mittleres Baumholz_5,,1541.9,Siat
1.6,12,other,not_young,3,3,3,0,3,6070,Schwaches Baumholz,Schwaches Baumholz_12,,1094.5,Andiast
0.8,9,nat15,not_young,3,3,3,0,1,6071,Mittleres Baumholz,Mittleres Baumholz_9,,2292.2,Obersaxen
4.8,8,prot_no_nat,not_young,2,2,2,0,2,6072,Schwaches Baumholz,Schwaches Baumholz_8,,1652.0,Waltensburg/Vuorz
1.9,11,plant30,not_young,3,3,4,0,3,6073,Stangenholz,Stangenholz_11,,1237.0,Luven
3.5,8,prot_no_nat,not_young,2,2,2,0,2,6074,Stangenholz,Stangenholz_8,,2192.6,Waltensburg/Vuorz
3.3,12,prot_no_nat,not_young,2,2,2,0,2,6075,Mittleres Baumholz,Mittleres Baumholz_12,,1819.9,Surrein
0.2,11,plant10,not_young,3,4,4,0,3,6076,Starkes Baumholz,Starkes Baumholz_11,,1017.3,Trun
0.4,12,prot_no_nat,not_young,2,2,2,0,2,6077,Schwaches Baumholz,Schwaches Baumholz_12,,1670.5,Platta
0.4,11,other,not_young,3,3,3,0,3,6078,Starkes Baumholz,Starkes Baumholz_11,,1558.2,Zignau
0.8,11,plant10,not_young,3,4,4,0,3,6079,Starkes Baumholz,Starkes Baumholz_11,,788.3999999999999,Ilanz
0.7,12,plant10,not_young,3,4,4,0,3,6080,Stangenholz,Stangenholz_12,,1245.7,Mumpé Medel
2.5,11,prot_no_nat,not_young,2,2,2,0,2,6081,Stangenholz,Stangenholz_11,,1018.2,Schlans
1.8,12,plant30,not_young,3,3,4,0,3,6082,Stangenholz,Stangenholz_12,,2536.6,Surrein
0.2,5,plant10,not_young,3,4,4,0,3,6083,Stangenholz,Stangenholz_5,,841.7,Zignau
2.3,8,plant30,not_young,3,3,4,0,3,6084,Schwaches Baumholz,Schwaches Baumholz_8,,1132.7,Siat
0.9,3,prot_no_nat,not_young,2,2,2,0,2,6085,Stangenholz,Stangenholz_3,,712.5,Ilanz
3.8,8,other,not_young,3,3,3,0,3,6086,Schwaches Baumholz,Schwaches Baumholz_8,,1332.4,Rueun
0.3,8,prot_no_nat,not_young,2,2,2,0,2,6087,Stangenholz,Stangenholz_8,,1478.9,Sedrun
0.4,11,res_prot,not_young,1,1,1,0,1,6088,Schwaches Baumholz,Schwaches Baumholz_11,,1027.1,Waltensburg/Vuorz
0.2,3,plant10,not_young,3,4,4,0,3,6089,Mittleres Baumholz,Mittleres Baumholz_3,,704.8,Ilanz
0.4,11,other,not_young,3,3,3,0,3,6090,Mittleres Baumholz,Mittleres Baumholz_11,,1209.8,Tavanasa
1.9,11,other,not_young,3,3,3,0,3,6091,Mittleres Baumholz,Mittleres Baumholz_11,,879.5,Rueun
0.1,11,plant10,not_young,3,4,4,0,3,6092,Mittleres Baumholz,Mittleres Baumholz_11,,1557.4,Zignau
0.2,11,plant30,not_young,3,3,4,0,3,6093,Mittleres Baumholz,Mittleres Baumholz_11,,1061.3,Sumvitg
6.3,11,other,not_young,3,3,3,0,3,6094,Stangenholz,Stangenholz_11,,1238.8,Obersaxen
0.2,5,plant10,not_young,3,4,4,0,3,6095,Schwaches Baumholz,Schwaches Baumholz_5,,848.2999999999998,Trun
2.5,12,prot_no_nat,not_young,2,2,2,0,2,6096,Starkes Baumholz,Starkes Baumholz_12,,1285.1,Rueun
1.2,11,other,not_young,3,3,3,0,3,6097,Stangenholz,Stangenholz_11,,1045.4,Schlans
1.3,11,plant10,not_young,3,4,4,0,3,6098,Mittleres Baumholz,Mittleres Baumholz_11,,818.0,Trun
0.4,11,other,not_young,3,3,3,0,3,6099,Starkes Baumholz,Starkes Baumholz_11,,899.3999999999999,Surrein
2.3,11,plant30,not_young,3,3,4,0,3,6100,Stangenholz,Stangenholz_11,,1539.6,Cumpadials
0.6,12,other,not_young,3,3,3,0,3,6101,Mittleres Baumholz,Mittleres Baumholz_12,,2155.0,Surrein
5.8,11,prot_no_nat,not_young,2,2,2,0,2,6102,Schwaches Baumholz,Schwaches Baumholz_11,,801.8999999999999,Rueun
4.2,11,prot_no_nat,not_young,2,2,2,0,2,6103,Mittleres Baumholz,Mittleres Baumholz_11,,786.8999999999999,Trun
0.6,11,nat15,not_young,3,3,3,0,1,6104,Stangenholz,Stangenholz_11,,1317.3,Disentis/Mustér
0.3,12,res_no_prot,not_young,1,1,1,0,1,6105,Starkes Baumholz,Starkes Baumholz_12,,1446.8,Surrein
1.1,8,res_no_prot,not_young,1,1,1,0,1,6106,Mittleres Baumholz,Mittleres Baumholz_8,,1184.1,Sumvitg
1.0,8,nat15,not_young,3,3,3,0,1,6107,Stangenholz,Stangenholz_8,,1452.0,Pigniu
3.9,8,res_no_prot,young,1,1,1,0,1,6108,Jungwuchs/Dickung,Jungwuchs/Dickung_8,,1754.5,Cavardiras
0.9,12,res_no_prot,young,1,1,1,0,1,6109,Jungwuchs/Dickung,Jungwuchs/Dickung_12,,1567.5,Surrein
1.3,12,res_no_prot,young,1,1,1,0,1,6110,Jungwuchs/Dickung,Jungwuchs/Dickung_12,,1580.3,Surrein
0.6,8,res_no_prot,young,1,1,1,0,1,6111,Jungwuchs/Dickung,Jungwuchs/Dickung_8,,1810.1,Sumvitg
0.6,5,res_no_prot,young,1,1,1,0,1,6112,Jungwuchs/Dickung,Jungwuchs/Dickung_5,,1943.2,Sumvitg
0.5,9,res_no_prot,young,1,1,1,0,1,6113,Jungwuchs/Dickung,Jungwuchs/Dickung_9,,1898.8,Surrein
0.6,8,res_no_prot,young,1,1,1,0,1,6114,Jungwuchs/Dickung,Jungwuchs/Dickung_8,,1758.1,Sumvitg
0.5,9,res_no_prot,young,1,1,1,0,1,6115,Jungwuchs/Dickung,Jungwuchs/Dickung_9,,1882.9,Surrein
1.3,12,res_no_prot,young,1,1,1,0,1,6116,Jungwuchs/Dickung,Jungwuchs/Dickung_12,,1559.9,Surrein
2.5,8,res_no_prot,young,1,1,1,0,1,6117,Jungwuchs/Dickung,Jungwuchs/Dickung_8,,1785.4,Surrein
1.0,8,res_no_prot,young,1,1,1,0,1,6118,Jungwuchs/Dickung,Jungwuchs/Dickung_8,,1847.6,Surrein
2.0,12,res_no_prot,young,1,1,1,0,1,6119,Jungwuchs/Dickung,Jungwuchs/Dickung_12,,1522.0,Surrein
2.1,9,res_no_prot,young,1,1,1,0,1,6120,Jungwuchs/Dickung,Jungwuchs/Dickung_9,,1808.4,Trun
0.6,8,nat15,young,3,3,3,0,1,6121,Jungwuchs/Dickung,Jungwuchs/Dickung_8,,1662.6,Disentis/Mustér
1.0,8,other,young,3,3,3,0,3,6122,Jungwuchs/Dickung,Jungwuchs/Dickung_8,,1785.4,Curaglia
1.3,8,nat15,young,3,3,3,0,1,6123,Jungwuchs/Dickung,Jungwuchs/Dickung_8,,1813.2,Sedrun
2.0,12,nat15,young,3,3,3,0,1,6124,Jungwuchs/Dickung,Jungwuchs/Dickung_12,,1546.0,Disentis/Mustér
1.9,12,other,young,3,3,3,0,3,6125,Jungwuchs/Dickung,Jungwuchs/Dickung_12,,1689.8,Platta
1.5,12,other,young,3,3,3,0,3,6126,Jungwuchs/Dickung,Jungwuchs/Dickung_12,,1547.6,Curaglia
4.2,8,nat15,young,3,3,3,0,1,6127,Jungwuchs/Dickung,Jungwuchs/Dickung_8,,1851.3,Disentis/Mustér
1.8,12,nat15,young,3,3,3,0,1,6128,Jungwuchs/Dickung,Jungwuchs/Dickung_12,,1428.0,Disentis/Mustér
1.2,12,other,young,3,3,3,0,3,6129,Jungwuchs/Dickung,Jungwuchs/Dickung_12,,1528.1,Curaglia
0.9,11,other,young,3,3,3,0,3,6130,Jungwuchs/Dickung,Jungwuchs/Dickung_11,,988.7,Cavardiras
6.2,8,nat15,young,3,3,3,0,1,6131,Jungwuchs/Dickung,Jungwuchs/Dickung_8,,1871.3,Disentis/Mustér
1.6,12,nat15,young,3,3,3,0,1,6132,Jungwuchs/Dickung,Jungwuchs/Dickung_12,,1576.4,Curaglia
10.6,11,other,young,3,3,3,0,3,6133,Jungwuchs/Dickung,Jungwuchs/Dickung_11,,1546.4,Segnas
3.8,8,nat15,young,3,3,3,0,1,6134,Jungwuchs/Dickung,Jungwuchs/Dickung_8,,1687.8,Segnas
0.8,8,nat15,young,3,3,3,0,1,6135,Jungwuchs/Dickung,Jungwuchs/Dickung_8,,1612.5,Segnas
1.5,12,nat15,young,3,3,3,0,1,6136,Jungwuchs/Dickung,Jungwuchs/Dickung_12,,1513.1,Disentis/Mustér
3.1,8,other,young,3,3,3,0,3,6137,Jungwuchs/Dickung,Jungwuchs/Dickung_8,,1676.9,Curaglia
4.8,5,nat15,young,3,3,3,0,1,6138,Jungwuchs/Dickung,Jungwuchs/Dickung_5,,1996.0,Platta
8.7,8,other,young,3,3,3,0,3,6139,Jungwuchs/Dickung,Jungwuchs/Dickung_8,,1850.0,Sedrun
0.5,12,other,young,3,3,3,0,3,6140,Jungwuchs/Dickung,Jungwuchs/Dickung_12,,1554.0,Sedrun
1.3,8,nat15,young,3,3,3,0,1,6141,Jungwuchs/Dickung,Jungwuchs/Dickung_8,,1903.8,Disentis/Mustér
12.6,8,nat15,young,3,3,3,0,1,6142,Jungwuchs/Dickung,Jungwuchs/Dickung_8,,1896.5,Disentis/Mustér
1.3,8,nat15,young,3,3,3,0,1,6143,Jungwuchs/Dickung,Jungwuchs/Dickung_8,,1815.3,Curaglia
4.8,8,nat15,young,3,3,3,0,1,6144,Jungwuchs/Dickung,Jungwuchs/Dickung_8,,1741.9,Cavardiras
1.6,12,other,young,3,3,3,0,3,6145,Jungwuchs/Dickung,Jungwuchs/Dickung_12,,1386.8,Curaglia
3.5,8,nat15,young,3,3,3,0,1,6146,Jungwuchs/Dickung,Jungwuchs/Dickung_8,,1825.3,Disentis/Mustér
1.0,12,other,young,3,3,3,0,3,6147,Jungwuchs/Dickung,Jungwuchs/Dickung_12,,1730.3,Platta
1.6,8,nat15,young,3,3,3,0,1,6148,Jungwuchs/Dickung,Jungwuchs/Dickung_8,,1797.8,Disentis/Mustér
2.1,8,nat15,young,3,3,3,0,1,6149,Jungwuchs/Dickung,Jungwuchs/Dickung_8,,1814.2,Disentis/Mustér
2.8,8,nat15,young,3,3,3,0,1,6150,Jungwuchs/Dickung,Jungwuchs/Dickung_8,,1658.1,Curaglia
0.9,12,other,young,3,3,3,0,3,6151,Jungwuchs/Dickung,Jungwuchs/Dickung_12,,1570.3,Segnas
12.9,8,nat15,young,3,3,3,0,1,6152,Jungwuchs/Dickung,Jungwuchs/Dickung_8,,1708.7,Disentis/Mustér
2.3,12,nat15,young,3,3,3,0,1,6153,Jungwuchs/Dickung,Jungwuchs/Dickung_12,,1507.2,Disentis/Mustér
7.5,9,nat15,young,3,3,3,0,1,6154,Jungwuchs/Dickung,Jungwuchs/Dickung_9,,1878.0,Cavardiras
5.0,11,other,young,3,3,3,0,3,6155,Jungwuchs/Dickung,Jungwuchs/Dickung_11,,1570.2,Curaglia
0.6,12,other,young,3,3,3,0,3,6156,Jungwuchs/Dickung,Jungwuchs/Dickung_12,,1547.5,Platta
2.7,12,other,young,3,3,3,0,3,6157,Jungwuchs/Dickung,Jungwuchs/Dickung_12,,1412.1,Curaglia
1.5,11,other,young,3,3,3,0,3,6158,Jungwuchs/Dickung,Jungwuchs/Dickung_11,,1468.9,Cavardiras
5.3,8,nat15,young,3,3,3,0,1,6159,Jungwuchs/Dickung,Jungwuchs/Dickung_8,,1849.8,Cavardiras
0.5,12,other,young,3,3,3,0,3,6160,Jungwuchs/Dickung,Jungwuchs/Dickung_12,,1382.4,Curaglia
4.0,8,nat15,young,3,3,3,0,1,6161,Jungwuchs/Dickung,Jungwuchs/Dickung_8,,1885.0,Sedrun
3.2,12,other,young,3,3,3,0,3,6162,Jungwuchs/Dickung,Jungwuchs/Dickung_12,,1603.5,Curaglia
1.0,11,nat15,young,3,3,3,0,1,6163,Jungwuchs/Dickung,Jungwuchs/Dickung_11,,1341.0,Disentis/Mustér
2.7,5,nat15,young,3,3,3,0,1,6164,Jungwuchs/Dickung,Jungwuchs/Dickung_5,,1991.0,Disentis/Mustér
2.2,12,other,young,3,3,3,0,3,6165,Jungwuchs/Dickung,Jungwuchs/Dickung_12,,1679.2,Curaglia
2.0,11,other,young,3,3,3,0,3,6166,Jungwuchs/Dickung,Jungwuchs/Dickung_11,,1464.3,Cavardiras
3.0,8,nat15,young,3,3,3,0,1,6167,Jungwuchs/Dickung,Jungwuchs/Dickung_8,,1627.6,Disentis/Mustér
3.0,8,other,young,3,3,3,0,3,6168,Jungwuchs/Dickung,Jungwuchs/Dickung_8,,1752.0,Curaglia
1.4,5,nat15,young,3,3,3,0,1,6169,Jungwuchs/Dickung,Jungwuchs/Dickung_5,,1972.5,Platta
3.5,11,other,young,3,3,3,0,3,6170,Jungwuchs/Dickung,Jungwuchs/Dickung_11,,1386.0,Cavardiras
6.5,8,nat15,young,3,3,3,0,1,6171,Jungwuchs/Dickung,Jungwuchs/Dickung_8,,1781.7,Disentis/Mustér
5.7,8,nat15,young,3,3,3,0,1,6172,Jungwuchs/Dickung,Jungwuchs/Dickung_8,,1719.8,Disentis/Mustér
1.3,8,nat15,young,3,3,3,0,1,6173,Jungwuchs/Dickung,Jungwuchs/Dickung_8,,1889.1,Disentis/Mustér
1.5,12,nat15,young,3,3,3,0,1,6174,Jungwuchs/Dickung,Jungwuchs/Dickung_12,,1559.8,Sedrun
7.5,8,nat15,young,3,3,3,0,1,6175,Jungwuchs/Dickung,Jungwuchs/Dickung_8,,1709.6,Disentis/Mustér
26.5,5,nat15,young,3,3,3,0,1,6176,Jungwuchs/Dickung,Jungwuchs/Dickung_5,,1902.1,Disentis/Mustér
10.1,8,nat15,young,3,3,3,0,1,6177,Jungwuchs/Dickung,Jungwuchs/Dickung_8,,1811.6,Segnas
0.7,12,nat15,young,3,3,3,0,1,6178,Jungwuchs/Dickung,Jungwuchs/Dickung_12,,1451.7,Disentis/Mustér
11.9,8,nat15,young,3,3,3,0,1,6179,Jungwuchs/Dickung,Jungwuchs/Dickung_8,,1733.4,Disentis/Mustér
2.9,11,other,young,3,3,3,0,3,6180,Jungwuchs/Dickung,Jungwuchs/Dickung_11,,1394.0,Cavardiras
0.6,8,other,young,3,3,3,0,3,6181,Jungwuchs/Dickung,Jungwuchs/Dickung_8,,1637.0,Rueras
0.7,11,other,young,3,3,3,0,3,6182,Jungwuchs/Dickung,Jungwuchs/Dickung_11,,1639.6,Curaglia
0.9,12,other,young,3,3,3,0,3,6183,Jungwuchs/Dickung,Jungwuchs/Dickung_12,,1452.4,Curaglia
2.1,8,nat15,young,3,3,3,0,1,6184,Jungwuchs/Dickung,Jungwuchs/Dickung_8,,1800.0,Disentis/Mustér
1.1,8,nat15,young,3,3,3,0,1,6185,Jungwuchs/Dickung,Jungwuchs/Dickung_8,,1688.1,Sedrun
0.9,12,other,young,3,3,3,0,3,6186,Jungwuchs/Dickung,Jungwuchs/Dickung_12,,1522.4,Segnas
0.5,8,nat15,young,3,3,3,0,1,6187,Jungwuchs/Dickung,Jungwuchs/Dickung_8,,1722.2,Disentis/Mustér
1.5,12,nat15,young,3,3,3,0,1,6188,Jungwuchs/Dickung,Jungwuchs/Dickung_12,,1483.1,Sedrun
4.3,11,nat15,young,3,3,3,0,1,6189,Jungwuchs/Dickung,Jungwuchs/Dickung_11,,1360.9,Disentis/Mustér
2.7,8,nat15,young,3,3,3,0,1,6190,Jungwuchs/Dickung,Jungwuchs/Dickung_8,,1599.6,Platta
2.7,12,nat15,young,3,3,3,0,1,6191,Jungwuchs/Dickung,Jungwuchs/Dickung_12,,1565.2,Sedrun
3.0,8,nat15,young,3,3,3,0,1,6192,Jungwuchs/Dickung,Jungwuchs/Dickung_8,,1823.9,Disentis/Mustér
51.5,8,nat15,young,3,3,3,0,1,6193,Jungwuchs/Dickung,Jungwuchs/Dickung_8,,1789.2,Disentis/Mustér
8.2,8,nat15,young,3,3,3,0,1,6194,Jungwuchs/Dickung,Jungwuchs/Dickung_8,,1778.7,Disentis/Mustér
4.5,11,other,young,3,3,3,0,3,6195,Jungwuchs/Dickung,Jungwuchs/Dickung_11,,1553.9,Cavardiras
0.5,8,nat15,young,3,3,3,0,1,6196,Jungwuchs/Dickung,Jungwuchs/Dickung_8,,1625.1,Curaglia
1.1,12,other,young,3,3,3,0,3,6197,Jungwuchs/Dickung,Jungwuchs/Dickung_12,,1599.3,Curaglia
11.4,5,nat15,young,3,3,3,0,1,6198,Jungwuchs/Dickung,Jungwuchs/Dickung_5,,1871.3,Disentis/Mustér
1.8,11,other,young,3,3,3,0,3,6199,Jungwuchs/Dickung,Jungwuchs/Dickung_11,,1065.7,Cavardiras
0.8,8,other,young,3,3,3,0,3,6200,Jungwuchs/Dickung,Jungwuchs/Dickung_8,,1661.6,Segnas
10.3,8,nat15,young,3,3,3,0,1,6201,Jungwuchs/Dickung,Jungwuchs/Dickung_8,,1620.1,Disentis/Mustér
1.2,11,other,young,3,3,3,0,3,6202,Jungwuchs/Dickung,Jungwuchs/Dickung_11,,1020.0,Cavardiras
2.5,12,other,young,3,3,3,0,3,6203,Jungwuchs/Dickung,Jungwuchs/Dickung_12,,1494.4,Curaglia
10.6,8,nat15,young,3,3,3,0,1,6204,Jungwuchs/Dickung,Jungwuchs/Dickung_8,,1718.9,Cavardiras
18.7,8,nat15,young,3,3,3,0,1,6205,Jungwuchs/Dickung,Jungwuchs/Dickung_8,,1812.1,Disentis/Mustér
1.3,8,nat15,young,3,3,3,0,1,6206,Jungwuchs/Dickung,Jungwuchs/Dickung_8,,1863.4,Disentis/Mustér
0.9,11,other,young,3,3,3,0,3,6207,Jungwuchs/Dickung,Jungwuchs/Dickung_11,,1025.9,Cavardiras
1.7,8,nat15,young,3,3,3,0,1,6208,Jungwuchs/Dickung,Jungwuchs/Dickung_8,,1785.6,Disentis/Mustér
15.5,8,nat15,young,3,3,3,0,1,6209,Jungwuchs/Dickung,Jungwuchs/Dickung_8,,1775.7,Segnas
7.6,12,nat15,young,3,3,3,0,1,6210,Jungwuchs/Dickung,Jungwuchs/Dickung_12,,1389.7,Disentis/Mustér
1.3,12,nat15,young,3,3,3,0,1,6211,Jungwuchs/Dickung,Jungwuchs/Dickung_12,,1555.2,Disentis/Mustér
1.2,8,nat15,young,3,3,3,0,1,6212,Jungwuchs/Dickung,Jungwuchs/Dickung_8,,1608.2,Camischolas
3.4,12,nat15,young,3,3,3,0,1,6213,Jungwuchs/Dickung,Jungwuchs/Dickung_12,,1390.4,Disentis/Mustér
6.5,5,nat15,young,3,3,3,0,1,6214,Jungwuchs/Dickung,Jungwuchs/Dickung_5,,1854.0,Disentis/Mustér
2.5,12,other,young,3,3,3,0,3,6215,Jungwuchs/Dickung,Jungwuchs/Dickung_12,,1571.1,Breil/Brigels
0.7,12,other,young,3,3,3,0,3,6216,Jungwuchs/Dickung,Jungwuchs/Dickung_12,,1579.2,Breil/Brigels
1.8,12,other,young,3,3,3,0,3,6217,Jungwuchs/Dickung,Jungwuchs/Dickung_12,,1512.9,Breil/Brigels
5.9,11,other,young,3,3,3,0,3,6218,Jungwuchs/Dickung,Jungwuchs/Dickung_11,,1506.4,Dardin
5.2,8,other,young,3,3,3,0,3,6219,Jungwuchs/Dickung,Jungwuchs/Dickung_8,,1780.0,Breil/Brigels
2.0,8,other,young,3,3,3,0,3,6220,Jungwuchs/Dickung,Jungwuchs/Dickung_8,,1660.7,Andiast
0.9,11,other,young,3,3,3,0,3,6221,Jungwuchs/Dickung,Jungwuchs/Dickung_11,,1321.7,Siat
1.3,8,other,young,3,3,3,0,3,6222,Jungwuchs/Dickung,Jungwuchs/Dickung_8,,1789.0,Waltensburg/Vuorz
0.9,12,other,young,3,3,3,0,3,6223,Jungwuchs/Dickung,Jungwuchs/Dickung_12,,1551.0,Waltensburg/Vuorz
1.2,8,other,young,3,3,3,0,3,6224,Jungwuchs/Dickung,Jungwuchs/Dickung_8,,1718.1,Andiast
0.8,8,other,young,3,3,3,0,3,6225,Jungwuchs/Dickung,Jungwuchs/Dickung_8,,1792.5,Waltensburg/Vuorz
0.7,12,other,young,3,3,3,0,3,6226,Jungwuchs/Dickung,Jungwuchs/Dickung_12,,1250.1,Andiast
0.5,11,other,young,3,3,3,0,3,6227,Jungwuchs/Dickung,Jungwuchs/Dickung_11,,1250.5,Siat
0.5,11,other,young,3,3,3,0,3,6228,Jungwuchs/Dickung,Jungwuchs/Dickung_11,,1214.0,Sumvitg
1.1,11,other,young,3,3,3,0,3,6229,Jungwuchs/Dickung,Jungwuchs/Dickung_11,,1397.7,Surrein
0.7,12,other,young,3,3,3,0,3,6231,Jungwuchs/Dickung,Jungwuchs/Dickung_12,,1490.6,Surrein
1.0,12,other,young,3,3,3,0,3,6232,Jungwuchs/Dickung,Jungwuchs/Dickung_12,,1543.8,Surrein
0.9,12,other,young,3,3,3,0,3,6233,Jungwuchs/Dickung,Jungwuchs/Dickung_12,,1545.9,Rabius
1.5,12,other,young,3,3,3,0,3,6236,Jungwuchs/Dickung,Jungwuchs/Dickung_12,,1479.7,Obersaxen
0.5,11,nat15,young,3,3,3,0,1,6237,Jungwuchs/Dickung,Jungwuchs/Dickung_11,,1449.4,Surrein
0.7,9,other,young,3,3,3,0,3,6238,Jungwuchs/Dickung,Jungwuchs/Dickung_9,,1876.0,Cumpadials
0.5,8,other,young,3,3,3,0,3,6239,Jungwuchs/Dickung,Jungwuchs/Dickung_8,,1871.7,Sumvitg
0.6,5,other,young,3,3,3,0,3,6240,Jungwuchs/Dickung,Jungwuchs/Dickung_5,,2018.2,Sumvitg
1.3,8,other,young,3,3,3,0,3,6243,Jungwuchs/Dickung,Jungwuchs/Dickung_8,,1660.0,Rabius
0.6,9,other,young,3,3,3,0,3,6244,Jungwuchs/Dickung,Jungwuchs/Dickung_9,,1893.1,Surrein
0.6,8,other,young,3,3,3,0,3,6245,Jungwuchs/Dickung,Jungwuchs/Dickung_8,,1620.2,Cumpadials
0.6,8,other,young,3,3,3,0,3,6246,Jungwuchs/Dickung,Jungwuchs/Dickung_8,,1650.6,Cumpadials
0.5,8,other,young,3,3,3,0,3,6247,Jungwuchs/Dickung,Jungwuchs/Dickung_8,,1690.6,Cumpadials
0.5,8,other,young,3,3,3,0,3,6248,Jungwuchs/Dickung,Jungwuchs/Dickung_8,,1697.3,Cumpadials
0.5,12,other,young,3,3,3,0,3,6249,Jungwuchs/Dickung,Jungwuchs/Dickung_12,,1514.8,Surrein
0.8,12,other,young,3,3,3,0,3,6250,Jungwuchs/Dickung,Jungwuchs/Dickung_12,,1335.4,Surrein
5.4,11,other,young,3,3,3,0,3,6251,Jungwuchs/Dickung,Jungwuchs/Dickung_11,,1331.1,Obersaxen
0.5,12,nat15,young,3,3,3,0,1,6252,Jungwuchs/Dickung,Jungwuchs/Dickung_12,,1659.4,Surrein
1.2,8,other,young,3,3,3,0,3,6253,Jungwuchs/Dickung,Jungwuchs/Dickung_8,,1665.6,Cumpadials
1.0,12,other,young,3,3,3,0,3,6254,Jungwuchs/Dickung,Jungwuchs/Dickung_12,,1662.2,Surrein
1.2,8,other,young,3,3,3,0,3,6256,Jungwuchs/Dickung,Jungwuchs/Dickung_8,,1845.0,Surrein
1.2,11,other,young,3,3,3,0,3,6257,Jungwuchs/Dickung,Jungwuchs/Dickung_11,,1538.2,Surrein
0.6,12,nat15,young,3,3,3,0,1,6258,Jungwuchs/Dickung,Jungwuchs/Dickung_12,,1571.6,Surrein
0.5,12,other,young,3,3,3,0,3,6259,Jungwuchs/Dickung,Jungwuchs/Dickung_12,,1318.6,Surrein
0.7,11,other,young,3,3,3,0,3,6261,Jungwuchs/Dickung,Jungwuchs/Dickung_11,,965.2,Cumpadials
0.7,8,nat15,young,3,3,3,0,1,6262,Jungwuchs/Dickung,Jungwuchs/Dickung_8,,1630.8,Sumvitg
0.5,11,other,young,1,3,3,0,3,6263,Jungwuchs/Dickung,Jungwuchs/Dickung_11,,887.6,Surrein
2.0,11,other,young,3,3,3,0,3,6264,Jungwuchs/Dickung,Jungwuchs/Dickung_11,,1264.1,Sumvitg
2.9,12,other,young,3,3,3,0,3,6266,Jungwuchs/Dickung,Jungwuchs/Dickung_12,,1517.8,Surrein
1.0,12,other,young,1,3,3,0,3,6267,Jungwuchs/Dickung,Jungwuchs/Dickung_12,,1342.9,Surrein
1.2,11,other,young,3,3,3,0,3,6268,Jungwuchs/Dickung,Jungwuchs/Dickung_11,,1477.4,Surrein
0.6,12,other,young,3,3,3,0,3,6269,Jungwuchs/Dickung,Jungwuchs/Dickung_12,,1343.8,Sumvitg
0.5,11,other,young,3,3,3,0,3,6270,Jungwuchs/Dickung,Jungwuchs/Dickung_11,,917.4,Surrein
1.5,12,nat15,young,3,3,3,0,1,6271,Jungwuchs/Dickung,Jungwuchs/Dickung_12,,1566.4,Surrein
0.5,12,nat15,young,3,3,3,0,1,6272,Jungwuchs/Dickung,Jungwuchs/Dickung_12,,1489.0,Surrein
0.6,12,other,young,3,3,3,0,3,6273,Jungwuchs/Dickung,Jungwuchs/Dickung_12,,1425.6,Surrein
1.5,12,other,young,3,3,3,0,3,6274,Jungwuchs/Dickung,Jungwuchs/Dickung_12,,1469.5,Surrein
1.3,12,nat15,young,3,3,3,0,1,6275,Jungwuchs/Dickung,Jungwuchs/Dickung_12,,1555.1,Surrein
0.6,11,other,young,3,3,3,0,3,6276,Jungwuchs/Dickung,Jungwuchs/Dickung_11,,1142.6,Surrein
0.5,12,nat15,young,3,3,3,0,1,6277,Jungwuchs/Dickung,Jungwuchs/Dickung_12,,1501.0,Surrein
0.8,11,other,young,3,3,3,0,3,6278,Jungwuchs/Dickung,Jungwuchs/Dickung_11,,1128.9,Obersaxen
2.3,12,other,young,3,3,3,0,3,6279,Jungwuchs/Dickung,Jungwuchs/Dickung_12,,1606.4,Surrein
0.5,5,nat15,young,3,3,3,0,1,6280,Jungwuchs/Dickung,Jungwuchs/Dickung_5,,2047.4,Surrein
0.9,12,other,young,3,3,3,0,3,6281,Jungwuchs/Dickung,Jungwuchs/Dickung_12,,1470.0,Surrein
0.8,12,other,young,3,3,3,0,3,6282,Jungwuchs/Dickung,Jungwuchs/Dickung_12,,1435.2,Surrein
0.5,11,other,young,3,3,3,0,3,6283,Jungwuchs/Dickung,Jungwuchs/Dickung_11,,1029.9,Surrein
6.2,12,nat15,young,3,3,3,0,1,6284,Jungwuchs/Dickung,Jungwuchs/Dickung_12,,1550.9,Surrein
0.7,12,nat15,young,3,3,3,0,1,6285,Jungwuchs/Dickung,Jungwuchs/Dickung_12,,1502.2,Surrein
1.2,11,other,young,3,3,3,0,3,6286,Jungwuchs/Dickung,Jungwuchs/Dickung_11,,1348.4,Surrein
1.4,11,other,young,3,3,3,0,3,6287,Jungwuchs/Dickung,Jungwuchs/Dickung_11,,1315.3,Surrein
1.0,8,nat15,young,3,3,3,0,1,6288,Jungwuchs/Dickung,Jungwuchs/Dickung_8,,1704.4,Sumvitg
2.0,12,other,young,3,3,3,0,3,6289,Jungwuchs/Dickung,Jungwuchs/Dickung_12,,1552.6,Surrein
0.6,12,other,young,3,3,3,0,3,6290,Jungwuchs/Dickung,Jungwuchs/Dickung_12,,1251.7,Surrein
0.7,12,other,young,3,3,3,0,3,6291,Jungwuchs/Dickung,Jungwuchs/Dickung_12,,1184.1,Rabius
1.0,11,nat15,young,3,3,3,0,1,6292,Jungwuchs/Dickung,Jungwuchs/Dickung_11,,1480.9,Obersaxen
0.6,5,nat15,young,3,3,3,0,1,6293,Jungwuchs/Dickung,Jungwuchs/Dickung_5,,2011.9,Sumvitg
1.0,5,nat15,young,3,3,3,0,1,6294,Jungwuchs/Dickung,Jungwuchs/Dickung_5,,2028.4,Sumvitg
1.4,11,other,young,3,3,3,0,3,6295,Jungwuchs/Dickung,Jungwuchs/Dickung_11,,1123.3,Rabius
0.5,12,other,young,3,3,3,0,3,6296,Jungwuchs/Dickung,Jungwuchs/Dickung_12,,1243.3,Surrein
0.5,12,nat15,young,3,3,3,0,1,6297,Jungwuchs/Dickung,Jungwuchs/Dickung_12,,1468.9,Surrein
0.9,12,nat15,young,3,3,3,0,1,6298,Jungwuchs/Dickung,Jungwuchs/Dickung_12,,1559.7,Surrein
2.2,12,other,young,3,3,3,0,3,6299,Jungwuchs/Dickung,Jungwuchs/Dickung_12,,1252.5,Surrein
0.7,8,nat15,young,3,3,3,0,1,6300,Jungwuchs/Dickung,Jungwuchs/Dickung_8,,1795.5,Sumvitg
0.7,12,nat15,young,3,3,3,0,1,6301,Jungwuchs/Dickung,Jungwuchs/Dickung_12,,1497.6,Surrein
1.1,12,nat15,young,3,3,3,0,1,6302,Jungwuchs/Dickung,Jungwuchs/Dickung_12,,1487.3,Surrein
1.0,12,nat15,young,3,3,3,0,1,6303,Jungwuchs/Dickung,Jungwuchs/Dickung_12,,1478.0,Surrein
2.7,8,nat15,young,3,3,3,0,1,6304,Jungwuchs/Dickung,Jungwuchs/Dickung_8,,1787.6,Surrein
1.1,5,nat15,young,3,3,3,0,1,6306,Jungwuchs/Dickung,Jungwuchs/Dickung_5,,2032.4,Surrein
0.6,12,nat15,young,3,3,3,0,1,6307,Jungwuchs/Dickung,Jungwuchs/Dickung_12,,1622.7,Surrein
1.7,11,nat15,young,3,3,3,0,1,6308,Jungwuchs/Dickung,Jungwuchs/Dickung_11,,1386.6,Sumvitg
1.2,5,nat15,young,3,3,3,0,1,6309,Jungwuchs/Dickung,Jungwuchs/Dickung_5,,2011.8,Surrein
0.7,11,other,young,3,3,3,0,3,6310,Jungwuchs/Dickung,Jungwuchs/Dickung_11,,1431.6,Surrein
2.5,12,other,young,3,3,3,0,3,6311,Jungwuchs/Dickung,Jungwuchs/Dickung_12,,1176.3,Surrein
0.7,8,other,young,3,3,3,0,3,6313,Jungwuchs/Dickung,Jungwuchs/Dickung_8,,1714.5,Sumvitg
0.7,12,other,young,3,3,3,0,3,6314,Jungwuchs/Dickung,Jungwuchs/Dickung_12,,1371.5,Surrein
6.3,12,nat15,young,3,3,3,0,1,6316,Jungwuchs/Dickung,Jungwuchs/Dickung_12,,1690.1,Surrein
3.2,12,nat15,young,3,3,3,0,1,6317,Jungwuchs/Dickung,Jungwuchs/Dickung_12,,1750.6,Surrein
2.7,11,other,young,3,3,3,0,3,6318,Jungwuchs/Dickung,Jungwuchs/Dickung_11,,1004.9,Cumpadials
0.5,12,nat15,young,1,3,3,0,1,6320,Jungwuchs/Dickung,Jungwuchs/Dickung_12,,1364.4,Surrein
0.5,12,nat15,young,3,3,3,0,1,6323,Jungwuchs/Dickung,Jungwuchs/Dickung_12,,1383.4,Surrein
0.8,12,nat15,young,3,3,3,0,1,6324,Jungwuchs/Dickung,Jungwuchs/Dickung_12,,1396.5,Surrein
3.9,12,other,young,3,3,3,0,3,6325,Jungwuchs/Dickung,Jungwuchs/Dickung_12,,1362.8,Surrein
0.9,12,nat15,young,3,3,3,0,1,6326,Jungwuchs/Dickung,Jungwuchs/Dickung_12,,1622.2,Obersaxen
1.1,5,nat15,young,3,3,3,0,1,6328,Jungwuchs/Dickung,Jungwuchs/Dickung_5,,2039.6,Surrein
1.0,11,other,young,3,3,3,0,3,6329,Jungwuchs/Dickung,Jungwuchs/Dickung_11,,1310.8,Sumvitg
0.5,8,other,young,3,3,3,0,3,6330,Jungwuchs/Dickung,Jungwuchs/Dickung_8,,1664.2,Surrein
1.6,12,other,young,3,3,3,0,3,6331,Jungwuchs/Dickung,Jungwuchs/Dickung_12,,1509.7,Surrein
1.0,12,other,young,3,3,3,0,3,6332,Jungwuchs/Dickung,Jungwuchs/Dickung_12,,1633.1,Surrein
0.8,5,nat15,young,3,3,3,0,1,6333,Jungwuchs/Dickung,Jungwuchs/Dickung_5,,2030.0,Surrein
0.8,5,nat15,young,3,3,3,0,1,6334,Jungwuchs/Dickung,Jungwuchs/Dickung_5,,2041.5,Surrein
3.8,11,other,young,3,3,3,0,3,6335,Jungwuchs/Dickung,Jungwuchs/Dickung_11,,1368.3,Obersaxen
0.5,9,nat15,young,3,3,3,0,1,6336,Jungwuchs/Dickung,Jungwuchs/Dickung_9,,1940.0,Trun
0.5,8,other,young,3,3,3,0,3,6337,Jungwuchs/Dickung,Jungwuchs/Dickung_8,,1714.7,Trun
0.5,8,other,young,3,3,3,0,3,6338,Jungwuchs/Dickung,Jungwuchs/Dickung_8,,1692.1,Trun
3.5,11,other,young,3,3,3,0,3,6339,Jungwuchs/Dickung,Jungwuchs/Dickung_11,,1446.8,Zignau
1.2,8,other,young,3,3,3,0,3,6340,Jungwuchs/Dickung,Jungwuchs/Dickung_8,,1877.7,Schlans
1.2,8,other,young,3,3,3,0,3,6341,Jungwuchs/Dickung,Jungwuchs/Dickung_8,,1697.7,Schlans
1.3,11,other,young,3,3,3,0,3,6342,Jungwuchs/Dickung,Jungwuchs/Dickung_11,,1430.9,Zignau
1.2,8,nat15,young,3,3,3,0,1,6343,Jungwuchs/Dickung,Jungwuchs/Dickung_8,,1776.7,Trun
0.5,11,other,young,3,3,3,0,3,6344,Jungwuchs/Dickung,Jungwuchs/Dickung_11,,1118.4,Zignau
1.5,5,other,young,3,3,3,0,3,6345,Jungwuchs/Dickung,Jungwuchs/Dickung_5,,1940.2,Schlans
0.7,11,other,young,3,3,3,0,3,6346,Jungwuchs/Dickung,Jungwuchs/Dickung_11,,1072.4,Zignau
0.5,8,nat15,young,3,3,3,0,1,6347,Jungwuchs/Dickung,Jungwuchs/Dickung_8,,1823.6,Trun
6.3,8,nat15,young,3,3,3,0,1,6349,Jungwuchs/Dickung,Jungwuchs/Dickung_8,,1613.2,Trun
2.0,8,nat15,young,3,3,3,0,1,6350,Jungwuchs/Dickung,Jungwuchs/Dickung_8,,1744.7,Trun
1.7,8,other,young,3,3,3,0,3,6351,Jungwuchs/Dickung,Jungwuchs/Dickung_8,,1833.1,Schlans
2.2,8,other,young,3,3,3,0,3,6352,Jungwuchs/Dickung,Jungwuchs/Dickung_8,,1888.9,Schlans
0.6,5,other,young,3,3,3,0,3,6353,Jungwuchs/Dickung,Jungwuchs/Dickung_5,,1896.2,Schlans
1.4,8,other,young,3,3,3,0,3,6354,Jungwuchs/Dickung,Jungwuchs/Dickung_8,,1843.6,Schlans
1.7,8,other,young,3,3,3,0,3,6355,Jungwuchs/Dickung,Jungwuchs/Dickung_8,,1751.7,Trun
1.2,8,other,young,3,3,3,0,3,6356,Jungwuchs/Dickung,Jungwuchs/Dickung_8,,1686.3,Trun
1.7,8,other,young,3,3,3,0,3,6357,Jungwuchs/Dickung,Jungwuchs/Dickung_8,,1871.6,Trun
0.6,11,other,young,3,3,3,0,3,6358,Jungwuchs/Dickung,Jungwuchs/Dickung_11,,879.7,Zignau
2.3,11,other,young,1,3,3,0,3,6359,Jungwuchs/Dickung,Jungwuchs/Dickung_11,,706.3,Ilanz
0.7,11,other,young,3,3,3,0,3,6360,Jungwuchs/Dickung,Jungwuchs/Dickung_11,,708.4,Ilanz
0.5,9,other,young,3,3,3,0,3,6361,Jungwuchs/Dickung,Jungwuchs/Dickung_9,,1882.0,Siat
0.7,11,other,young,3,3,3,0,3,6362,Jungwuchs/Dickung,Jungwuchs/Dickung_11,,851.3999999999999,Rueun
0.5,11,other,young,3,3,3,0,3,6363,Jungwuchs/Dickung,Jungwuchs/Dickung_11,,1235.0,Ruschein
2.2,8,other,young,3,3,3,0,3,6364,Jungwuchs/Dickung,Jungwuchs/Dickung_8,,1708.2,Siat
0.8,11,other,young,3,3,3,0,3,6365,Jungwuchs/Dickung,Jungwuchs/Dickung_11,,1210.3,Rueun
0.5,12,other,young,3,3,3,0,3,6366,Jungwuchs/Dickung,Jungwuchs/Dickung_12,,1566.7,Rueun
0.7,9,nat15,young,3,3,3,0,1,6367,Jungwuchs/Dickung,Jungwuchs/Dickung_9,,1840.0,Rueun
2.5,8,nat15,young,3,3,3,0,1,6368,Jungwuchs/Dickung,Jungwuchs/Dickung_8,,1696.9,Pigniu
0.5,5,nat15,young,3,3,3,0,1,6369,Jungwuchs/Dickung,Jungwuchs/Dickung_5,,2001.3,Rueun
0.5,12,other,young,3,3,3,0,3,6370,Jungwuchs/Dickung,Jungwuchs/Dickung_12,,1663.7,Rueun
0.7,12,other,young,3,3,3,0,3,6371,Jungwuchs/Dickung,Jungwuchs/Dickung_12,,1489.7,Siat
0.5,8,prot_no_nat,young,2,2,2,0,2,6372,Jungwuchs/Dickung,Jungwuchs/Dickung_8,,1511.5,Rueras
1.3,8,prot_no_nat,young,2,2,2,0,2,6373,Jungwuchs/Dickung,Jungwuchs/Dickung_8,,1808.5,Curaglia
0.7,12,prot_no_nat,young,2,2,2,0,2,6374,Jungwuchs/Dickung,Jungwuchs/Dickung_12,,1504.7,Sedrun
1.4,8,prot_no_nat,young,2,2,2,0,2,6375,Jungwuchs/Dickung,Jungwuchs/Dickung_8,,1593.6,Rueras
1.1,8,prot_no_nat,young,2,2,2,0,2,6376,Jungwuchs/Dickung,Jungwuchs/Dickung_8,,1630.7,Curaglia
4.5,12,prot_no_nat,young,2,2,2,0,2,6377,Jungwuchs/Dickung,Jungwuchs/Dickung_12,,1534.9,Platta
1.1,8,prot_no_nat,young,2,2,2,0,2,6378,Jungwuchs/Dickung,Jungwuchs/Dickung_8,,1700.9,Sedrun
1.0,12,prot_no_nat,young,2,2,2,0,2,6379,Jungwuchs/Dickung,Jungwuchs/Dickung_12,,1490.6,Sedrun
0.5,11,prot_no_nat,young,2,2,2,0,2,6380,Jungwuchs/Dickung,Jungwuchs/Dickung_11,,1403.9,Disentis/Mustér
1.0,8,prot_no_nat,young,2,2,2,0,2,6381,Jungwuchs/Dickung,Jungwuchs/Dickung_8,,1678.9,Sedrun
2.7,12,prot_no_nat,young,2,2,2,0,2,6382,Jungwuchs/Dickung,Jungwuchs/Dickung_12,,1625.6,Platta
8.3,12,prot_no_nat,young,2,2,2,0,2,6383,Jungwuchs/Dickung,Jungwuchs/Dickung_12,,1576.7,Sedrun
2.2,8,prot_no_nat,young,2,2,2,0,2,6384,Jungwuchs/Dickung,Jungwuchs/Dickung_8,,1628.2,Sedrun
1.1,8,prot_no_nat,young,2,2,2,0,2,6385,Jungwuchs/Dickung,Jungwuchs/Dickung_8,,1601.6,Segnas
2.6,11,prot_no_nat,young,2,2,2,0,2,6386,Jungwuchs/Dickung,Jungwuchs/Dickung_11,,1585.2,Cavardiras
1.6,8,prot_no_nat,young,2,2,2,0,2,6387,Jungwuchs/Dickung,Jungwuchs/Dickung_8,,1708.6,Sedrun
1.4,8,prot_no_nat,young,2,2,2,0,2,6388,Jungwuchs/Dickung,Jungwuchs/Dickung_8,,1529.5,Sedrun
2.4,11,prot_no_nat,young,2,2,2,0,2,6389,Jungwuchs/Dickung,Jungwuchs/Dickung_11,,1417.7,Disentis/Mustér
3.5,12,prot_no_nat,young,2,2,2,0,2,6390,Jungwuchs/Dickung,Jungwuchs/Dickung_12,,1687.2,Curaglia
0.5,12,prot_no_nat,young,2,2,2,0,2,6391,Jungwuchs/Dickung,Jungwuchs/Dickung_12,,1515.8,Curaglia
4.2,12,prot_no_nat,young,2,2,2,0,2,6392,Jungwuchs/Dickung,Jungwuchs/Dickung_12,,1440.6,Curaglia
1.8,8,prot_no_nat,young,2,2,2,0,2,6393,Jungwuchs/Dickung,Jungwuchs/Dickung_8,,1737.8,Sedrun
0.9,11,prot_no_nat,young,2,2,2,0,2,6394,Jungwuchs/Dickung,Jungwuchs/Dickung_11,,1475.4,Segnas
0.7,11,prot_no_nat,young,2,2,2,0,2,6395,Jungwuchs/Dickung,Jungwuchs/Dickung_11,,1530.2,Disentis/Mustér
1.3,11,prot_no_nat,young,2,2,2,0,2,6396,Jungwuchs/Dickung,Jungwuchs/Dickung_11,,1275.3,Cavardiras
1.4,12,prot_no_nat,young,2,2,2,0,2,6397,Jungwuchs/Dickung,Jungwuchs/Dickung_12,,1588.9,Platta
0.5,8,prot_no_nat,young,2,2,2,0,2,6398,Jungwuchs/Dickung,Jungwuchs/Dickung_8,,1524.8,Sedrun
0.5,12,prot_no_nat,young,2,2,2,0,2,6399,Jungwuchs/Dickung,Jungwuchs/Dickung_12,,1550.9,Sedrun
1.3,8,prot_no_nat,young,2,2,2,0,2,6400,Jungwuchs/Dickung,Jungwuchs/Dickung_8,,1607.2,Sedrun
1.8,12,prot_no_nat,young,2,2,2,0,2,6401,Jungwuchs/Dickung,Jungwuchs/Dickung_12,,1631.1,Curaglia
1.8,8,prot_no_nat,young,2,2,2,0,2,6402,Jungwuchs/Dickung,Jungwuchs/Dickung_8,,1671.7,Platta
0.8,12,prot_no_nat,young,2,2,2,0,2,6403,Jungwuchs/Dickung,Jungwuchs/Dickung_12,,1425.8,Sedrun
0.9,12,prot_no_nat,young,2,2,2,0,2,6404,Jungwuchs/Dickung,Jungwuchs/Dickung_12,,1518.2,Sedrun
0.7,8,prot_no_nat,young,2,2,2,0,2,6405,Jungwuchs/Dickung,Jungwuchs/Dickung_8,,1547.0,Sedrun
0.5,8,prot_no_nat,young,2,2,2,0,2,6406,Jungwuchs/Dickung,Jungwuchs/Dickung_8,,1624.1,Rueras
0.5,8,prot_no_nat,young,2,2,2,0,2,6407,Jungwuchs/Dickung,Jungwuchs/Dickung_8,,1588.6,Sedrun
0.8,12,prot_no_nat,young,2,2,2,0,2,6408,Jungwuchs/Dickung,Jungwuchs/Dickung_12,,1536.7,Sedrun
1.0,12,prot_no_nat,young,2,2,2,0,2,6409,Jungwuchs/Dickung,Jungwuchs/Dickung_12,,1515.7,Platta
0.9,11,prot_no_nat,young,2,2,2,0,2,6410,Jungwuchs/Dickung,Jungwuchs/Dickung_11,,1196.2,Disentis/Mustér
0.6,12,prot_no_nat,young,2,2,2,0,2,6411,Jungwuchs/Dickung,Jungwuchs/Dickung_12,,1461.0,Sedrun
4.3,12,prot_no_nat,young,2,2,2,0,2,6412,Jungwuchs/Dickung,Jungwuchs/Dickung_12,,1530.9,Curaglia
0.6,12,prot_no_nat,young,2,2,2,0,2,6413,Jungwuchs/Dickung,Jungwuchs/Dickung_12,,1673.1,Curaglia
2.0,8,prot_no_nat,young,2,2,2,0,2,6414,Jungwuchs/Dickung,Jungwuchs/Dickung_8,,1708.4,Sedrun
1.6,12,prot_no_nat,young,2,2,2,0,2,6415,Jungwuchs/Dickung,Jungwuchs/Dickung_12,,1505.2,Curaglia
0.8,12,prot_no_nat,young,2,2,2,0,2,6416,Jungwuchs/Dickung,Jungwuchs/Dickung_12,,1395.7,Disentis/Mustér
2.5,11,prot_no_nat,young,2,2,2,0,2,6417,Jungwuchs/Dickung,Jungwuchs/Dickung_11,,1392.1,Cavardiras
1.0,12,prot_no_nat,young,2,2,2,0,2,6418,Jungwuchs/Dickung,Jungwuchs/Dickung_12,,1444.6,Sedrun
3.5,8,prot_no_nat,young,2,2,2,0,2,6419,Jungwuchs/Dickung,Jungwuchs/Dickung_8,,1618.3,Sedrun
0.5,8,prot_no_nat,young,2,2,2,0,2,6420,Jungwuchs/Dickung,Jungwuchs/Dickung_8,,1608.3,Rueras
5.8,11,prot_no_nat,young,2,2,2,0,2,6421,Jungwuchs/Dickung,Jungwuchs/Dickung_11,,1600.0,Curaglia
0.8,8,prot_no_nat,young,2,2,2,0,2,6422,Jungwuchs/Dickung,Jungwuchs/Dickung_8,,1647.9,Rueras
1.1,12,prot_no_nat,young,2,2,2,0,2,6423,Jungwuchs/Dickung,Jungwuchs/Dickung_12,,1639.5,Platta
1.4,8,prot_no_nat,young,2,2,2,0,2,6424,Jungwuchs/Dickung,Jungwuchs/Dickung_8,,1643.9,Sedrun
0.8,8,prot_no_nat,young,2,2,2,0,2,6425,Jungwuchs/Dickung,Jungwuchs/Dickung_8,,1839.2,Sedrun
7.9,12,prot_no_nat,young,2,2,2,0,2,6426,Jungwuchs/Dickung,Jungwuchs/Dickung_12,,1604.7,Platta
1.2,12,prot_no_nat,young,2,2,2,0,2,6427,Jungwuchs/Dickung,Jungwuchs/Dickung_12,,1660.9,Curaglia
2.3,8,prot_no_nat,young,2,2,2,0,2,6428,Jungwuchs/Dickung,Jungwuchs/Dickung_8,,1700.4,Curaglia
0.6,8,prot_no_nat,young,2,2,2,0,2,6429,Jungwuchs/Dickung,Jungwuchs/Dickung_8,,1680.9,Sedrun
0.6,8,prot_no_nat,young,2,2,2,0,2,6430,Jungwuchs/Dickung,Jungwuchs/Dickung_8,,1658.3,Platta
3.5,12,prot_no_nat,young,2,2,2,0,2,6431,Jungwuchs/Dickung,Jungwuchs/Dickung_12,,1256.6,Curaglia
0.5,8,prot_no_nat,young,2,2,2,0,2,6432,Jungwuchs/Dickung,Jungwuchs/Dickung_8,,1663.8,Segnas
0.6,12,prot_no_nat,young,2,2,2,0,2,6433,Jungwuchs/Dickung,Jungwuchs/Dickung_12,,1407.2,Segnas
3.3,12,prot_no_nat,young,2,2,2,0,2,6434,Jungwuchs/Dickung,Jungwuchs/Dickung_12,,1458.6,Sedrun
0.6,12,prot_no_nat,young,2,2,2,0,2,6435,Jungwuchs/Dickung,Jungwuchs/Dickung_12,,1484.5,Sedrun
2.1,12,prot_no_nat,young,2,2,2,0,2,6436,Jungwuchs/Dickung,Jungwuchs/Dickung_12,,1431.2,Curaglia
1.6,8,prot_no_nat,young,2,2,2,0,2,6437,Jungwuchs/Dickung,Jungwuchs/Dickung_8,,1705.7,Curaglia
1.6,8,prot_no_nat,young,2,2,2,0,2,6438,Jungwuchs/Dickung,Jungwuchs/Dickung_8,,1616.1,Segnas
0.6,8,prot_no_nat,young,2,2,2,0,2,6439,Jungwuchs/Dickung,Jungwuchs/Dickung_8,,1692.3,Camischolas
0.8,8,prot_no_nat,young,2,2,2,0,2,6440,Jungwuchs/Dickung,Jungwuchs/Dickung_8,,1745.9,Curaglia
2.7,12,prot_no_nat,young,2,2,2,0,2,6441,Jungwuchs/Dickung,Jungwuchs/Dickung_12,,1477.9,Curaglia
1.6,12,prot_no_nat,young,2,2,2,0,2,6442,Jungwuchs/Dickung,Jungwuchs/Dickung_12,,1572.4,Curaglia
3.4,12,prot_no_nat,young,2,2,2,0,2,6443,Jungwuchs/Dickung,Jungwuchs/Dickung_12,,1577.4,Segnas
3.3,11,prot_no_nat,young,2,2,2,0,2,6444,Jungwuchs/Dickung,Jungwuchs/Dickung_11,,1536.8,Cavardiras
1.3,12,prot_no_nat,young,2,2,2,0,2,6445,Jungwuchs/Dickung,Jungwuchs/Dickung_12,,1440.9,Disentis/Mustér
3.0,12,prot_no_nat,young,2,2,2,0,2,6446,Jungwuchs/Dickung,Jungwuchs/Dickung_12,,1617.5,Curaglia
0.5,11,prot_no_nat,young,2,2,2,0,2,6447,Jungwuchs/Dickung,Jungwuchs/Dickung_11,,1325.8,Disentis/Mustér
0.8,8,prot_no_nat,young,2,2,2,0,2,6448,Jungwuchs/Dickung,Jungwuchs/Dickung_8,,1756.1,Sedrun
0.9,11,prot_no_nat,young,2,2,2,0,2,6449,Jungwuchs/Dickung,Jungwuchs/Dickung_11,,1229.4,Disentis/Mustér
4.9,12,prot_no_nat,young,2,2,2,0,2,6450,Jungwuchs/Dickung,Jungwuchs/Dickung_12,,1488.1,Curaglia
3.7,8,prot_no_nat,young,2,2,2,0,2,6451,Jungwuchs/Dickung,Jungwuchs/Dickung_8,,1713.3,Curaglia
5.5,8,prot_no_nat,young,2,2,2,0,2,6452,Jungwuchs/Dickung,Jungwuchs/Dickung_8,,1742.8,Sedrun
1.9,12,prot_no_nat,young,2,2,2,0,2,6453,Jungwuchs/Dickung,Jungwuchs/Dickung_12,,1442.0,Curaglia
1.1,12,prot_no_nat,young,2,2,2,0,2,6454,Jungwuchs/Dickung,Jungwuchs/Dickung_12,,1414.0,Disentis/Mustér
1.6,8,prot_no_nat,young,2,2,2,0,2,6455,Jungwuchs/Dickung,Jungwuchs/Dickung_8,,1822.9,Rueras
0.7,8,prot_no_nat,young,2,2,2,0,2,6456,Jungwuchs/Dickung,Jungwuchs/Dickung_8,,1682.3,Disentis/Mustér
1.4,12,prot_no_nat,young,2,2,2,0,2,6457,Jungwuchs/Dickung,Jungwuchs/Dickung_12,,1471.0,Rueras
3.4,12,prot_no_nat,young,2,2,2,0,2,6458,Jungwuchs/Dickung,Jungwuchs/Dickung_12,,1560.0,Curaglia
2.9,12,prot_no_nat,young,2,2,2,0,2,6459,Jungwuchs/Dickung,Jungwuchs/Dickung_12,,1553.9,Sedrun
4.0,11,prot_no_nat,young,2,2,2,0,2,6460,Jungwuchs/Dickung,Jungwuchs/Dickung_11,,1414.4,Cavardiras
3.5,8,prot_no_nat,young,2,2,2,0,2,6461,Jungwuchs/Dickung,Jungwuchs/Dickung_8,,1721.3,Sedrun
3.1,11,prot_no_nat,young,2,2,2,0,2,6462,Jungwuchs/Dickung,Jungwuchs/Dickung_11,,1289.3,Disentis/Mustér
0.8,8,prot_no_nat,young,2,2,2,0,2,6463,Jungwuchs/Dickung,Jungwuchs/Dickung_8,,1762.2,Sedrun
0.9,8,prot_no_nat,young,2,2,2,0,2,6464,Jungwuchs/Dickung,Jungwuchs/Dickung_8,,1623.3,Disentis/Mustér
0.7,8,prot_no_nat,young,2,2,2,0,2,6465,Jungwuchs/Dickung,Jungwuchs/Dickung_8,,1724.5,Disentis/Mustér
0.5,12,prot_no_nat,young,2,2,2,0,2,6466,Jungwuchs/Dickung,Jungwuchs/Dickung_12,,1562.7,Disentis/Mustér
1.4,8,prot_no_nat,young,2,2,2,0,2,6467,Jungwuchs/Dickung,Jungwuchs/Dickung_8,,1765.9,Disentis/Mustér
1.6,8,prot_no_nat,young,2,2,2,0,2,6468,Jungwuchs/Dickung,Jungwuchs/Dickung_8,,1742.6,Curaglia
0.7,8,prot_no_nat,young,2,2,2,0,2,6469,Jungwuchs/Dickung,Jungwuchs/Dickung_8,,1559.2,Sedrun
3.0,12,prot_no_nat,young,2,2,2,0,2,6470,Jungwuchs/Dickung,Jungwuchs/Dickung_12,,1554.8,Platta
0.6,12,prot_no_nat,young,2,2,2,0,2,6471,Jungwuchs/Dickung,Jungwuchs/Dickung_12,,1501.4,Segnas
0.6,11,prot_no_nat,young,2,2,2,0,2,6472,Jungwuchs/Dickung,Jungwuchs/Dickung_11,,1448.7,Disentis/Mustér
1.7,8,prot_no_nat,young,2,2,2,0,2,6473,Jungwuchs/Dickung,Jungwuchs/Dickung_8,,1594.5,Sedrun
3.3,11,prot_no_nat,young,2,2,2,0,2,6474,Jungwuchs/Dickung,Jungwuchs/Dickung_11,,1347.0,Disentis/Mustér
4.9,11,prot_no_nat,young,2,2,2,0,2,6475,Jungwuchs/Dickung,Jungwuchs/Dickung_11,,1458.0,Cavardiras
2.9,12,prot_no_nat,young,2,2,2,0,2,6476,Jungwuchs/Dickung,Jungwuchs/Dickung_12,,1440.0,Curaglia
1.1,8,prot_no_nat,young,2,2,2,0,2,6477,Jungwuchs/Dickung,Jungwuchs/Dickung_8,,1619.4,Disentis/Mustér
1.0,8,prot_no_nat,young,2,2,2,0,2,6478,Jungwuchs/Dickung,Jungwuchs/Dickung_8,,1639.4,Platta
0.9,12,prot_no_nat,young,2,2,2,0,2,6479,Jungwuchs/Dickung,Jungwuchs/Dickung_12,,1492.4,Disentis/Mustér
1.1,12,prot_no_nat,young,2,2,2,0,2,6480,Jungwuchs/Dickung,Jungwuchs/Dickung_12,,1488.8,Curaglia
3.0,11,prot_no_nat,young,2,2,2,0,2,6481,Jungwuchs/Dickung,Jungwuchs/Dickung_11,,1312.4,Cavardiras
1.1,12,prot_no_nat,young,2,2,2,0,2,6482,Jungwuchs/Dickung,Jungwuchs/Dickung_12,,1675.2,Curaglia
2.6,8,prot_no_nat,young,2,2,2,0,2,6483,Jungwuchs/Dickung,Jungwuchs/Dickung_8,,1574.9,Sedrun
3.1,8,prot_no_nat,young,2,2,2,0,2,6484,Jungwuchs/Dickung,Jungwuchs/Dickung_8,,1842.5,Rueras
1.0,11,prot_no_nat,young,2,2,2,0,2,6485,Jungwuchs/Dickung,Jungwuchs/Dickung_11,,1554.2,Disentis/Mustér
2.2,8,prot_no_nat,young,2,2,2,0,2,6486,Jungwuchs/Dickung,Jungwuchs/Dickung_8,,1682.0,Curaglia
0.5,12,prot_no_nat,young,2,2,2,0,2,6487,Jungwuchs/Dickung,Jungwuchs/Dickung_12,,1640.9,Disentis/Mustér
14.8,12,prot_no_nat,young,2,2,2,0,2,6488,Jungwuchs/Dickung,Jungwuchs/Dickung_12,,1564.7,Curaglia
1.5,12,prot_no_nat,young,2,2,2,0,2,6489,Jungwuchs/Dickung,Jungwuchs/Dickung_12,,1399.9,Curaglia
2.3,12,prot_no_nat,young,2,2,2,0,2,6490,Jungwuchs/Dickung,Jungwuchs/Dickung_12,,1498.9,Curaglia
0.9,8,prot_no_nat,young,2,2,2,0,2,6491,Jungwuchs/Dickung,Jungwuchs/Dickung_8,,1631.4,Sedrun
2.1,8,prot_no_nat,young,2,2,2,0,2,6492,Jungwuchs/Dickung,Jungwuchs/Dickung_8,,1875.2,Sedrun
0.7,8,prot_no_nat,young,2,2,2,0,2,6493,Jungwuchs/Dickung,Jungwuchs/Dickung_8,,1860.3,Disentis/Mustér
2.3,11,prot_no_nat,young,2,2,2,0,2,6494,Jungwuchs/Dickung,Jungwuchs/Dickung_11,,1498.9,Cavardiras
1.4,12,prot_no_nat,young,2,2,2,0,2,6495,Jungwuchs/Dickung,Jungwuchs/Dickung_12,,1572.3,Platta
1.1,12,prot_no_nat,young,2,2,2,0,2,6496,Jungwuchs/Dickung,Jungwuchs/Dickung_12,,1613.2,Curaglia
0.6,8,prot_no_nat,young,2,2,2,0,2,6497,Jungwuchs/Dickung,Jungwuchs/Dickung_8,,1741.0,Curaglia
0.7,11,prot_no_nat,young,2,2,2,0,2,6498,Jungwuchs/Dickung,Jungwuchs/Dickung_11,,1282.6,Disentis/Mustér
0.9,11,prot_no_nat,young,2,2,2,0,2,6499,Jungwuchs/Dickung,Jungwuchs/Dickung_11,,1387.4,Cavardiras
1.2,12,prot_no_nat,young,2,2,2,0,2,6500,Jungwuchs/Dickung,Jungwuchs/Dickung_12,,1438.0,Sedrun
2.0,8,prot_no_nat,young,2,2,2,0,2,6501,Jungwuchs/Dickung,Jungwuchs/Dickung_8,,1620.9,Sedrun
2.5,12,prot_no_nat,young,2,2,2,0,2,6502,Jungwuchs/Dickung,Jungwuchs/Dickung_12,,1554.1,Platta
1.0,8,prot_no_nat,young,2,2,2,0,2,6503,Jungwuchs/Dickung,Jungwuchs/Dickung_8,,1598.0,Sedrun
1.1,11,prot_no_nat,young,2,2,2,0,2,6504,Jungwuchs/Dickung,Jungwuchs/Dickung_11,,1296.7,Disentis/Mustér
3.3,12,prot_no_nat,young,2,2,2,0,2,6505,Jungwuchs/Dickung,Jungwuchs/Dickung_12,,1530.6,Sedrun
2.6,12,prot_no_nat,young,2,2,2,0,2,6506,Jungwuchs/Dickung,Jungwuchs/Dickung_12,,1609.5,Platta
1.2,8,prot_no_nat,young,2,2,2,0,2,6507,Jungwuchs/Dickung,Jungwuchs/Dickung_8,,1696.0,Disentis/Mustér
1.7,12,prot_no_nat,young,2,2,2,0,2,6508,Jungwuchs/Dickung,Jungwuchs/Dickung_12,,1566.7,Sedrun
2.0,8,prot_no_nat,young,2,2,2,0,2,6509,Jungwuchs/Dickung,Jungwuchs/Dickung_8,,1482.3,Sedrun
3.7,8,prot_no_nat,young,2,2,2,0,2,6510,Jungwuchs/Dickung,Jungwuchs/Dickung_8,,1741.9,Curaglia
1.6,12,prot_no_nat,young,2,2,2,0,2,6511,Jungwuchs/Dickung,Jungwuchs/Dickung_12,,1548.8,Curaglia
6.4,8,prot_no_nat,young,2,2,2,0,2,6512,Jungwuchs/Dickung,Jungwuchs/Dickung_8,,1626.5,Disentis/Mustér
3.7,8,prot_no_nat,young,2,2,2,0,2,6513,Jungwuchs/Dickung,Jungwuchs/Dickung_8,,1783.2,Rueras
1.0,8,prot_no_nat,young,2,2,2,0,2,6514,Jungwuchs/Dickung,Jungwuchs/Dickung_8,,1543.5,Rueras
1.6,12,prot_no_nat,young,2,2,2,0,2,6515,Jungwuchs/Dickung,Jungwuchs/Dickung_12,,1468.2,Breil/Brigels
1.0,12,prot_no_nat,young,2,2,2,0,2,6516,Jungwuchs/Dickung,Jungwuchs/Dickung_12,,1321.9,Breil/Brigels
3.0,11,prot_no_nat,young,2,2,2,0,2,6517,Jungwuchs/Dickung,Jungwuchs/Dickung_11,,1388.3,Obersaxen
1.1,11,prot_no_nat,young,2,2,2,0,2,6518,Jungwuchs/Dickung,Jungwuchs/Dickung_11,,1285.3,Obersaxen
0.6,11,prot_no_nat,young,2,2,2,0,2,6519,Jungwuchs/Dickung,Jungwuchs/Dickung_11,,1361.1,Obersaxen
0.9,11,prot_no_nat,young,2,2,2,0,2,6520,Jungwuchs/Dickung,Jungwuchs/Dickung_11,,1302.5,Obersaxen
5.6,12,prot_no_nat,young,2,2,2,0,2,6521,Jungwuchs/Dickung,Jungwuchs/Dickung_12,,1628.5,Breil/Brigels
4.6,12,prot_no_nat,young,2,2,2,0,2,6522,Jungwuchs/Dickung,Jungwuchs/Dickung_12,,1312.8,Breil/Brigels
1.3,11,prot_no_nat,young,2,2,2,0,2,6523,Jungwuchs/Dickung,Jungwuchs/Dickung_11,,831.1,Tavanasa
2.9,12,prot_no_nat,young,2,2,2,0,2,6524,Jungwuchs/Dickung,Jungwuchs/Dickung_12,,1541.6,Breil/Brigels
2.5,12,prot_no_nat,young,2,2,2,0,2,6525,Jungwuchs/Dickung,Jungwuchs/Dickung_12,,1499.5,Breil/Brigels
2.7,8,prot_no_nat,young,2,2,2,0,2,6526,Jungwuchs/Dickung,Jungwuchs/Dickung_8,,1798.4,Breil/Brigels
0.9,8,prot_no_nat,young,2,2,2,0,2,6527,Jungwuchs/Dickung,Jungwuchs/Dickung_8,,1768.1,Breil/Brigels
5.9,8,prot_no_nat,young,2,2,2,0,2,6528,Jungwuchs/Dickung,Jungwuchs/Dickung_8,,1702.9,Breil/Brigels
4.1,8,prot_no_nat,young,2,2,2,0,2,6529,Jungwuchs/Dickung,Jungwuchs/Dickung_8,,1694.5,Breil/Brigels
0.7,12,prot_no_nat,young,2,2,2,0,2,6531,Jungwuchs/Dickung,Jungwuchs/Dickung_12,,1471.0,Andiast
2.2,12,prot_no_nat,young,2,2,2,0,2,6533,Jungwuchs/Dickung,Jungwuchs/Dickung_12,,1562.4,Andiast
0.9,12,prot_no_nat,young,2,2,2,0,2,6534,Jungwuchs/Dickung,Jungwuchs/Dickung_12,,1483.9,Andiast
0.6,12,prot_no_nat,young,2,2,2,0,2,6535,Jungwuchs/Dickung,Jungwuchs/Dickung_12,,1578.7,Andiast
1.1,12,prot_no_nat,young,2,2,2,0,2,6536,Jungwuchs/Dickung,Jungwuchs/Dickung_12,,1535.8,Andiast
3.1,12,prot_no_nat,young,2,2,2,0,2,6537,Jungwuchs/Dickung,Jungwuchs/Dickung_12,,1635.7,Andiast
1.8,8,prot_no_nat,young,2,2,2,0,2,6538,Jungwuchs/Dickung,Jungwuchs/Dickung_8,,1708.0,Waltensburg/Vuorz
0.6,8,prot_no_nat,young,2,2,2,0,2,6539,Jungwuchs/Dickung,Jungwuchs/Dickung_8,,1831.3,Andiast
1.9,11,prot_no_nat,young,2,2,2,0,2,6540,Jungwuchs/Dickung,Jungwuchs/Dickung_11,,1151.1,Waltensburg/Vuorz
1.2,12,prot_no_nat,young,2,2,2,0,2,6541,Jungwuchs/Dickung,Jungwuchs/Dickung_12,,1404.1,Andiast
2.4,11,prot_no_nat,young,2,2,2,0,2,6542,Jungwuchs/Dickung,Jungwuchs/Dickung_11,,1003.2,Waltensburg/Vuorz
0.6,12,prot_no_nat,young,2,2,2,0,2,6543,Jungwuchs/Dickung,Jungwuchs/Dickung_12,,1438.4,Andiast
0.9,12,prot_no_nat,young,2,2,2,0,2,6544,Jungwuchs/Dickung,Jungwuchs/Dickung_12,,1417.0,Andiast
1.0,11,prot_no_nat,young,2,2,2,0,2,6545,Jungwuchs/Dickung,Jungwuchs/Dickung_11,,882.2,Waltensburg/Vuorz
0.7,8,prot_no_nat,young,2,2,2,0,2,6546,Jungwuchs/Dickung,Jungwuchs/Dickung_8,,1596.8,Andiast
0.5,8,prot_no_nat,young,2,2,2,0,2,6547,Jungwuchs/Dickung,Jungwuchs/Dickung_8,,1645.7,Waltensburg/Vuorz
1.0,11,prot_no_nat,young,2,2,2,0,2,6548,Jungwuchs/Dickung,Jungwuchs/Dickung_11,,1224.1,Waltensburg/Vuorz
3.0,8,prot_no_nat,young,2,2,2,0,2,6550,Jungwuchs/Dickung,Jungwuchs/Dickung_8,,1642.3,Waltensburg/Vuorz
0.7,8,prot_no_nat,young,2,2,2,0,2,6551,Jungwuchs/Dickung,Jungwuchs/Dickung_8,,1691.6,Waltensburg/Vuorz
0.5,11,prot_no_nat,young,2,2,2,0,2,6552,Jungwuchs/Dickung,Jungwuchs/Dickung_11,,1041.4,Waltensburg/Vuorz
0.7,12,prot_no_nat,young,2,2,2,0,2,6553,Jungwuchs/Dickung,Jungwuchs/Dickung_12,,1324.3,Andiast
1.3,11,prot_no_nat,young,2,2,2,0,2,6554,Jungwuchs/Dickung,Jungwuchs/Dickung_11,,1057.2,Waltensburg/Vuorz
0.5,12,prot_no_nat,young,2,2,2,0,2,6555,Jungwuchs/Dickung,Jungwuchs/Dickung_12,,1301.5,Waltensburg/Vuorz
0.5,12,prot_no_nat,young,2,2,2,0,2,6556,Jungwuchs/Dickung,Jungwuchs/Dickung_12,,1540.3,Andiast
0.8,12,prot_no_nat,young,2,2,2,0,2,6557,Jungwuchs/Dickung,Jungwuchs/Dickung_12,,1550.6,Waltensburg/Vuorz
1.0,12,prot_no_nat,young,2,2,2,0,2,6558,Jungwuchs/Dickung,Jungwuchs/Dickung_12,,1439.3,Waltensburg/Vuorz
0.8,12,prot_no_nat,young,2,2,2,0,2,6559,Jungwuchs/Dickung,Jungwuchs/Dickung_12,,1543.1,Waltensburg/Vuorz
0.8,12,prot_no_nat,young,2,2,2,0,2,6560,Jungwuchs/Dickung,Jungwuchs/Dickung_12,,1409.0,Siat
0.9,8,prot_no_nat,young,2,2,2,0,2,6561,Jungwuchs/Dickung,Jungwuchs/Dickung_8,,1689.1,Waltensburg/Vuorz
0.9,12,prot_no_nat,young,2,2,2,0,2,6562,Jungwuchs/Dickung,Jungwuchs/Dickung_12,,1586.3,Waltensburg/Vuorz
0.5,8,prot_no_nat,young,2,2,2,0,2,6563,Jungwuchs/Dickung,Jungwuchs/Dickung_8,,1678.4,Andiast
1.3,12,prot_no_nat,young,2,2,2,0,2,6564,Jungwuchs/Dickung,Jungwuchs/Dickung_12,,1552.6,Waltensburg/Vuorz
1.8,8,prot_no_nat,young,2,2,2,0,2,6565,Jungwuchs/Dickung,Jungwuchs/Dickung_8,,1598.0,Waltensburg/Vuorz
1.8,12,prot_no_nat,young,2,2,2,0,2,6566,Jungwuchs/Dickung,Jungwuchs/Dickung_12,,1613.2,Waltensburg/Vuorz
0.8,12,prot_no_nat,young,2,2,2,0,2,6567,Jungwuchs/Dickung,Jungwuchs/Dickung_12,,1606.8,Waltensburg/Vuorz
1.1,8,prot_no_nat,young,2,2,2,0,2,6568,Jungwuchs/Dickung,Jungwuchs/Dickung_8,,1704.4,Waltensburg/Vuorz
1.9,8,prot_no_nat,young,2,2,2,0,2,6569,Jungwuchs/Dickung,Jungwuchs/Dickung_8,,1675.9,Andiast
0.5,11,prot_no_nat,young,2,2,2,0,2,6570,Jungwuchs/Dickung,Jungwuchs/Dickung_11,,1110.6,Waltensburg/Vuorz
0.5,12,prot_no_nat,young,2,2,2,0,2,6571,Jungwuchs/Dickung,Jungwuchs/Dickung_12,,1457.1,Siat
0.6,8,prot_no_nat,young,2,2,2,0,2,6572,Jungwuchs/Dickung,Jungwuchs/Dickung_8,,1627.1,Waltensburg/Vuorz
0.8,12,prot_no_nat,young,2,2,2,0,2,6573,Jungwuchs/Dickung,Jungwuchs/Dickung_12,,1477.0,Waltensburg/Vuorz
0.5,12,prot_no_nat,young,2,2,2,0,2,6574,Jungwuchs/Dickung,Jungwuchs/Dickung_12,,1497.9,Waltensburg/Vuorz
0.9,11,prot_no_nat,young,2,2,2,0,2,6575,Jungwuchs/Dickung,Jungwuchs/Dickung_11,,792.6,Waltensburg/Vuorz
2.1,12,prot_no_nat,young,2,2,2,0,2,6576,Jungwuchs/Dickung,Jungwuchs/Dickung_12,,1353.9,Andiast
1.3,11,prot_no_nat,young,2,2,2,0,2,6577,Jungwuchs/Dickung,Jungwuchs/Dickung_11,,902.8,Waltensburg/Vuorz
1.3,11,prot_no_nat,young,2,2,2,0,2,6578,Jungwuchs/Dickung,Jungwuchs/Dickung_11,,918.2,Waltensburg/Vuorz
0.8,8,prot_no_nat,young,2,2,2,0,2,6579,Jungwuchs/Dickung,Jungwuchs/Dickung_8,,1668.6,Waltensburg/Vuorz
0.8,11,prot_no_nat,young,2,2,2,0,2,6580,Jungwuchs/Dickung,Jungwuchs/Dickung_11,,881.2999999999998,Waltensburg/Vuorz
0.6,8,prot_no_nat,young,2,2,2,0,2,6581,Jungwuchs/Dickung,Jungwuchs/Dickung_8,,1651.4,Waltensburg/Vuorz
0.7,8,prot_no_nat,young,2,2,2,0,2,6582,Jungwuchs/Dickung,Jungwuchs/Dickung_8,,1687.3,Waltensburg/Vuorz
0.7,12,prot_no_nat,young,2,2,2,0,2,6583,Jungwuchs/Dickung,Jungwuchs/Dickung_12,,1458.4,Andiast
0.7,8,prot_no_nat,young,2,2,2,0,2,6584,Jungwuchs/Dickung,Jungwuchs/Dickung_8,,1752.5,Waltensburg/Vuorz
1.4,12,prot_no_nat,young,2,2,2,0,2,6585,Jungwuchs/Dickung,Jungwuchs/Dickung_12,,1480.4,Andiast
2.6,11,prot_no_nat,young,2,2,2,0,2,6586,Jungwuchs/Dickung,Jungwuchs/Dickung_11,,1062.4,Waltensburg/Vuorz
3.1,12,prot_no_nat,young,2,2,2,0,2,6587,Jungwuchs/Dickung,Jungwuchs/Dickung_12,,1591.7,Waltensburg/Vuorz
1.7,12,prot_no_nat,young,2,2,2,0,2,6588,Jungwuchs/Dickung,Jungwuchs/Dickung_12,,1579.1,Waltensburg/Vuorz
0.8,12,prot_no_nat,young,2,2,2,0,2,6589,Jungwuchs/Dickung,Jungwuchs/Dickung_12,,1600.2,Waltensburg/Vuorz
2.8,11,prot_no_nat,young,2,2,2,0,2,6590,Jungwuchs/Dickung,Jungwuchs/Dickung_11,,1138.5,Cumpadials
2.4,8,prot_no_nat,young,2,2,2,0,2,6591,Jungwuchs/Dickung,Jungwuchs/Dickung_8,,1681.5,Surrein
0.8,8,prot_no_nat,young,2,2,2,0,2,6592,Jungwuchs/Dickung,Jungwuchs/Dickung_8,,1701.3,Surrein
0.7,8,prot_no_nat,young,2,2,2,0,2,6593,Jungwuchs/Dickung,Jungwuchs/Dickung_8,,1737.4,Surrein
0.9,12,prot_no_nat,young,2,2,2,0,2,6594,Jungwuchs/Dickung,Jungwuchs/Dickung_12,,1441.4,Surrein
0.5,12,prot_no_nat,young,2,2,2,0,2,6595,Jungwuchs/Dickung,Jungwuchs/Dickung_12,,1564.2,Sumvitg
0.6,12,prot_no_nat,young,2,2,2,0,2,6596,Jungwuchs/Dickung,Jungwuchs/Dickung_12,,1530.6,Rabius
0.9,12,prot_no_nat,young,2,2,2,0,2,6597,Jungwuchs/Dickung,Jungwuchs/Dickung_12,,1575.1,Surrein
0.7,12,prot_no_nat,young,2,2,2,0,2,6598,Jungwuchs/Dickung,Jungwuchs/Dickung_12,,1495.1,Surrein
1.3,12,prot_no_nat,young,2,2,2,0,2,6599,Jungwuchs/Dickung,Jungwuchs/Dickung_12,,1156.4,Rabius
1.1,12,prot_no_nat,young,2,2,2,0,2,6600,Jungwuchs/Dickung,Jungwuchs/Dickung_12,,1286.9,Rabius
0.5,12,prot_no_nat,young,2,2,2,0,2,6601,Jungwuchs/Dickung,Jungwuchs/Dickung_12,,1651.6,Surrein
2.4,12,prot_no_nat,young,2,2,2,0,2,6602,Jungwuchs/Dickung,Jungwuchs/Dickung_12,,1493.7,Rabius
2.1,8,prot_no_nat,young,2,2,2,0,2,6603,Jungwuchs/Dickung,Jungwuchs/Dickung_8,,1774.0,Rabius
0.5,12,prot_no_nat,young,2,2,2,0,2,6604,Jungwuchs/Dickung,Jungwuchs/Dickung_12,,1558.2,Rabius
0.6,12,prot_no_nat,young,2,2,2,0,2,6605,Jungwuchs/Dickung,Jungwuchs/Dickung_12,,1473.9,Rabius
1.2,11,prot_no_nat,young,2,2,2,0,2,6606,Jungwuchs/Dickung,Jungwuchs/Dickung_11,,1348.1,Cumpadials
0.6,11,prot_no_nat,young,2,2,2,0,2,6607,Jungwuchs/Dickung,Jungwuchs/Dickung_11,,1399.3,Obersaxen
0.9,11,prot_no_nat,young,2,2,2,0,2,6608,Jungwuchs/Dickung,Jungwuchs/Dickung_11,,1367.7,Obersaxen
0.8,11,prot_no_nat,young,2,2,2,0,2,6609,Jungwuchs/Dickung,Jungwuchs/Dickung_11,,1389.3,Obersaxen
0.5,12,prot_no_nat,young,2,2,2,0,2,6610,Jungwuchs/Dickung,Jungwuchs/Dickung_12,,1654.8,Surrein
4.3,12,prot_no_nat,young,2,2,2,0,2,6611,Jungwuchs/Dickung,Jungwuchs/Dickung_12,,1598.9,Surrein
0.5,12,prot_no_nat,young,2,2,2,0,2,6612,Jungwuchs/Dickung,Jungwuchs/Dickung_12,,1607.4,Surrein
0.5,12,prot_no_nat,young,2,2,2,0,2,6613,Jungwuchs/Dickung,Jungwuchs/Dickung_12,,1615.7,Rabius
0.9,5,prot_no_nat,young,2,2,2,0,2,6614,Jungwuchs/Dickung,Jungwuchs/Dickung_5,,1948.9,Rabius
0.7,12,prot_no_nat,young,2,2,2,0,2,6615,Jungwuchs/Dickung,Jungwuchs/Dickung_12,,1425.4,Obersaxen
0.7,11,prot_no_nat,young,2,2,2,0,2,6616,Jungwuchs/Dickung,Jungwuchs/Dickung_11,,1127.3,Surrein
0.6,12,prot_no_nat,young,2,2,2,0,2,6617,Jungwuchs/Dickung,Jungwuchs/Dickung_12,,1360.6,Rabius
0.7,12,prot_no_nat,young,2,2,2,0,2,6618,Jungwuchs/Dickung,Jungwuchs/Dickung_12,,1416.0,Surrein
0.5,12,prot_no_nat,young,2,2,2,0,2,6619,Jungwuchs/Dickung,Jungwuchs/Dickung_12,,1704.3,Surrein
0.7,12,prot_no_nat,young,2,2,2,0,2,6620,Jungwuchs/Dickung,Jungwuchs/Dickung_12,,1605.8,Surrein
0.6,12,prot_no_nat,young,2,2,2,0,2,6621,Jungwuchs/Dickung,Jungwuchs/Dickung_12,,1458.3,Surrein
0.8,12,prot_no_nat,young,2,2,2,0,2,6622,Jungwuchs/Dickung,Jungwuchs/Dickung_12,,1467.4,Surrein
1.3,12,prot_no_nat,young,2,2,2,0,2,6623,Jungwuchs/Dickung,Jungwuchs/Dickung_12,,1442.1,Surrein
0.5,8,prot_no_nat,young,2,2,2,0,2,6624,Jungwuchs/Dickung,Jungwuchs/Dickung_8,,1715.2,Surrein
0.5,12,prot_no_nat,young,2,2,2,0,2,6625,Jungwuchs/Dickung,Jungwuchs/Dickung_12,,1260.2,Surrein
0.9,11,prot_no_nat,young,2,2,2,0,2,6626,Jungwuchs/Dickung,Jungwuchs/Dickung_11,,1523.3,Cumpadials
0.8,12,prot_no_nat,young,2,2,2,0,2,6627,Jungwuchs/Dickung,Jungwuchs/Dickung_12,,1505.4,Rabius
1.0,11,prot_no_nat,young,2,2,2,0,2,6628,Jungwuchs/Dickung,Jungwuchs/Dickung_11,,1358.0,Obersaxen
0.8,11,prot_no_nat,young,2,2,2,0,2,6629,Jungwuchs/Dickung,Jungwuchs/Dickung_11,,1487.0,Cumpadials
0.5,11,prot_no_nat,young,2,2,2,0,2,6630,Jungwuchs/Dickung,Jungwuchs/Dickung_11,,1563.9,Cumpadials
3.0,11,prot_no_nat,young,2,2,2,0,2,6631,Jungwuchs/Dickung,Jungwuchs/Dickung_11,,1555.2,Cumpadials
0.6,11,prot_no_nat,young,2,2,2,0,2,6632,Jungwuchs/Dickung,Jungwuchs/Dickung_11,,1573.6,Cumpadials
0.9,11,prot_no_nat,young,2,2,2,0,2,6633,Jungwuchs/Dickung,Jungwuchs/Dickung_11,,1593.8,Cumpadials
1.2,12,prot_no_nat,young,2,2,2,0,2,6634,Jungwuchs/Dickung,Jungwuchs/Dickung_12,,1670.0,Surrein
1.5,12,prot_no_nat,young,2,2,2,0,2,6635,Jungwuchs/Dickung,Jungwuchs/Dickung_12,,1593.2,Surrein
1.8,12,prot_no_nat,young,2,2,2,0,2,6636,Jungwuchs/Dickung,Jungwuchs/Dickung_12,,1560.2,Surrein
2.6,12,prot_no_nat,young,2,2,2,0,2,6637,Jungwuchs/Dickung,Jungwuchs/Dickung_12,,1368.7,Surrein
0.5,12,prot_no_nat,young,2,2,2,0,2,6638,Jungwuchs/Dickung,Jungwuchs/Dickung_12,,1327.0,Surrein
3.8,12,prot_no_nat,young,2,2,2,0,2,6639,Jungwuchs/Dickung,Jungwuchs/Dickung_12,,1530.4,Obersaxen
2.9,11,prot_no_nat,young,2,2,2,0,2,6640,Jungwuchs/Dickung,Jungwuchs/Dickung_11,,1463.6,Obersaxen
1.3,11,prot_no_nat,young,2,2,2,0,2,6641,Jungwuchs/Dickung,Jungwuchs/Dickung_11,,1299.1,Cumpadials
1.5,8,prot_no_nat,young,2,2,2,0,2,6642,Jungwuchs/Dickung,Jungwuchs/Dickung_8,,1806.3,Surrein
0.7,8,prot_no_nat,young,2,2,2,0,2,6643,Jungwuchs/Dickung,Jungwuchs/Dickung_8,,1805.6,Surrein
1.1,12,prot_no_nat,young,2,2,2,0,2,6644,Jungwuchs/Dickung,Jungwuchs/Dickung_12,,1404.2,Surrein
1.2,12,prot_no_nat,young,2,2,2,0,2,6645,Jungwuchs/Dickung,Jungwuchs/Dickung_12,,1440.8,Surrein
1.1,11,prot_no_nat,young,2,2,2,0,2,6646,Jungwuchs/Dickung,Jungwuchs/Dickung_11,,1404.5,Cumpadials
0.8,11,prot_no_nat,young,2,2,2,0,2,6647,Jungwuchs/Dickung,Jungwuchs/Dickung_11,,1382.3,Cumpadials
0.9,11,prot_no_nat,young,2,2,2,0,2,6648,Jungwuchs/Dickung,Jungwuchs/Dickung_11,,1524.1,Cumpadials
0.7,12,prot_no_nat,young,2,2,2,0,2,6649,Jungwuchs/Dickung,Jungwuchs/Dickung_12,,1532.9,Cumpadials
0.7,12,prot_no_nat,young,2,2,2,0,2,6650,Jungwuchs/Dickung,Jungwuchs/Dickung_12,,1402.4,Surrein
1.2,12,prot_no_nat,young,2,2,2,0,2,6651,Jungwuchs/Dickung,Jungwuchs/Dickung_12,,1361.9,Surrein
1.8,12,prot_no_nat,young,2,2,2,0,2,6652,Jungwuchs/Dickung,Jungwuchs/Dickung_12,,1370.3,Surrein
0.6,11,prot_no_nat,young,2,2,2,0,2,6653,Jungwuchs/Dickung,Jungwuchs/Dickung_11,,1036.3,Obersaxen
0.7,12,prot_no_nat,young,2,2,2,0,2,6654,Jungwuchs/Dickung,Jungwuchs/Dickung_12,,1565.1,Surrein
2.7,12,prot_no_nat,young,2,2,2,0,2,6655,Jungwuchs/Dickung,Jungwuchs/Dickung_12,,1407.6,Surrein
0.5,11,prot_no_nat,young,2,2,2,0,2,6656,Jungwuchs/Dickung,Jungwuchs/Dickung_11,,1240.4,Sumvitg
0.8,11,prot_no_nat,young,2,2,2,0,2,6657,Jungwuchs/Dickung,Jungwuchs/Dickung_11,,1557.1,Sumvitg
1.9,8,prot_no_nat,young,2,2,2,0,2,6658,Jungwuchs/Dickung,Jungwuchs/Dickung_8,,1692.1,Sumvitg
2.1,11,prot_no_nat,young,2,2,2,0,2,6659,Jungwuchs/Dickung,Jungwuchs/Dickung_11,,963.8,Obersaxen
2.5,11,prot_no_nat,young,2,2,2,0,2,6660,Jungwuchs/Dickung,Jungwuchs/Dickung_11,,1241.1,Cumpadials
0.7,11,prot_no_nat,young,2,2,2,0,2,6661,Jungwuchs/Dickung,Jungwuchs/Dickung_11,,1063.6,Sumvitg
0.5,12,prot_no_nat,young,2,2,2,0,2,6662,Jungwuchs/Dickung,Jungwuchs/Dickung_12,,1534.4,Surrein
0.5,8,prot_no_nat,young,2,2,2,0,2,6663,Jungwuchs/Dickung,Jungwuchs/Dickung_8,,1683.4,Surrein
2.2,11,prot_no_nat,young,2,2,2,0,2,6664,Jungwuchs/Dickung,Jungwuchs/Dickung_11,,1154.6,Cumpadials
0.6,8,prot_no_nat,young,2,2,2,0,2,6665,Jungwuchs/Dickung,Jungwuchs/Dickung_8,,1624.1,Surrein
0.5,11,prot_no_nat,young,2,2,2,0,2,6666,Jungwuchs/Dickung,Jungwuchs/Dickung_11,,1517.5,Obersaxen
1.0,11,prot_no_nat,young,2,2,2,0,2,6667,Jungwuchs/Dickung,Jungwuchs/Dickung_11,,1231.1,Sumvitg
2.8,11,prot_no_nat,young,2,2,2,0,2,6668,Jungwuchs/Dickung,Jungwuchs/Dickung_11,,1114.5,Obersaxen
0.6,11,prot_no_nat,young,2,2,2,0,2,6669,Jungwuchs/Dickung,Jungwuchs/Dickung_11,,1317.6,Sumvitg
2.5,11,prot_no_nat,young,2,2,2,0,2,6670,Jungwuchs/Dickung,Jungwuchs/Dickung_11,,1475.9,Cumpadials
0.5,11,prot_no_nat,young,2,2,2,0,2,6671,Jungwuchs/Dickung,Jungwuchs/Dickung_11,,1307.8,Cumpadials
0.6,11,prot_no_nat,young,2,2,2,0,2,6672,Jungwuchs/Dickung,Jungwuchs/Dickung_11,,1561.8,Surrein
1.4,11,prot_no_nat,young,2,2,2,0,2,6673,Jungwuchs/Dickung,Jungwuchs/Dickung_11,,1406.0,Sumvitg
0.6,11,prot_no_nat,young,2,2,2,0,2,6674,Jungwuchs/Dickung,Jungwuchs/Dickung_11,,1345.9,Sumvitg
0.6,11,prot_no_nat,young,2,2,2,0,2,6675,Jungwuchs/Dickung,Jungwuchs/Dickung_11,,1118.7,Rabius
0.6,11,prot_no_nat,young,2,2,2,0,2,6676,Jungwuchs/Dickung,Jungwuchs/Dickung_11,,1418.5,Cumpadials
1.5,11,prot_no_nat,young,2,2,2,0,2,6677,Jungwuchs/Dickung,Jungwuchs/Dickung_11,,1387.0,Cumpadials
1.3,11,prot_no_nat,young,2,2,2,0,2,6678,Jungwuchs/Dickung,Jungwuchs/Dickung_11,,1481.3,Cumpadials
0.5,11,prot_no_nat,young,2,2,2,0,2,6679,Jungwuchs/Dickung,Jungwuchs/Dickung_11,,1522.6,Surrein
1.2,11,prot_no_nat,young,2,2,2,0,2,6680,Jungwuchs/Dickung,Jungwuchs/Dickung_11,,1508.3,Surrein
1.8,11,prot_no_nat,young,2,2,2,0,2,6681,Jungwuchs/Dickung,Jungwuchs/Dickung_11,,1504.6,Surrein
1.7,8,prot_no_nat,young,2,2,2,0,2,6682,Jungwuchs/Dickung,Jungwuchs/Dickung_8,,1564.2,Surrein
2.3,11,prot_no_nat,young,2,2,2,0,2,6683,Jungwuchs/Dickung,Jungwuchs/Dickung_11,,1565.5,Surrein
1.5,11,prot_no_nat,young,2,2,2,0,2,6684,Jungwuchs/Dickung,Jungwuchs/Dickung_11,,1536.0,Surrein
0.8,11,prot_no_nat,young,2,2,2,0,2,6685,Jungwuchs/Dickung,Jungwuchs/Dickung_11,,1497.6,Surrein
0.7,8,prot_no_nat,young,2,2,2,0,2,6686,Jungwuchs/Dickung,Jungwuchs/Dickung_8,,1711.3,Sumvitg
0.9,11,prot_no_nat,young,1,2,2,0,2,6687,Jungwuchs/Dickung,Jungwuchs/Dickung_11,,892.6,Surrein
1.3,11,prot_no_nat,young,2,2,2,0,2,6688,Jungwuchs/Dickung,Jungwuchs/Dickung_11,,1358.5,Surrein
0.5,12,prot_no_nat,young,2,2,2,0,2,6689,Jungwuchs/Dickung,Jungwuchs/Dickung_12,,1431.3,Sumvitg
1.5,11,prot_no_nat,young,2,2,2,0,2,6690,Jungwuchs/Dickung,Jungwuchs/Dickung_11,,1192.5,Surrein
0.5,12,prot_no_nat,young,2,2,2,0,2,6691,Jungwuchs/Dickung,Jungwuchs/Dickung_12,,1273.1,Rabius
1.6,11,prot_no_nat,young,2,2,2,0,2,6692,Jungwuchs/Dickung,Jungwuchs/Dickung_11,,1190.2,Surrein
0.5,11,prot_no_nat,young,2,2,2,0,2,6693,Jungwuchs/Dickung,Jungwuchs/Dickung_11,,916.8,Surrein
0.6,11,prot_no_nat,young,1,2,2,0,2,6694,Jungwuchs/Dickung,Jungwuchs/Dickung_11,,885.2999999999998,Surrein
1.7,12,prot_no_nat,young,2,2,2,0,2,6695,Jungwuchs/Dickung,Jungwuchs/Dickung_12,,1630.6,Surrein
1.4,8,prot_no_nat,young,2,2,2,0,2,6696,Jungwuchs/Dickung,Jungwuchs/Dickung_8,,1860.1,Surrein
3.1,11,prot_no_nat,young,2,2,2,0,2,6697,Jungwuchs/Dickung,Jungwuchs/Dickung_11,,1414.7,Surrein
0.9,11,prot_no_nat,young,2,2,2,0,2,6698,Jungwuchs/Dickung,Jungwuchs/Dickung_11,,1256.1,Surrein
0.5,11,prot_no_nat,young,2,2,2,0,2,6699,Jungwuchs/Dickung,Jungwuchs/Dickung_11,,1314.5,Surrein
1.6,11,prot_no_nat,young,2,2,2,0,2,6700,Jungwuchs/Dickung,Jungwuchs/Dickung_11,,1119.8,Surrein
1.7,11,prot_no_nat,young,2,2,2,0,2,6701,Jungwuchs/Dickung,Jungwuchs/Dickung_11,,1067.7,Surrein
1.3,12,prot_no_nat,young,2,2,2,0,2,6702,Jungwuchs/Dickung,Jungwuchs/Dickung_12,,1630.5,Sumvitg
1.2,8,prot_no_nat,young,2,2,2,0,2,6703,Jungwuchs/Dickung,Jungwuchs/Dickung_8,,1709.0,Sumvitg
0.7,12,prot_no_nat,young,2,2,2,0,2,6705,Jungwuchs/Dickung,Jungwuchs/Dickung_12,,1627.4,Surrein
0.9,11,prot_no_nat,young,2,2,2,0,2,6706,Jungwuchs/Dickung,Jungwuchs/Dickung_11,,1328.7,Surrein
0.8,11,prot_no_nat,young,2,2,2,0,2,6707,Jungwuchs/Dickung,Jungwuchs/Dickung_11,,1311.8,Surrein
0.5,11,prot_no_nat,young,2,2,2,0,2,6708,Jungwuchs/Dickung,Jungwuchs/Dickung_11,,1352.2,Surrein
0.8,11,prot_no_nat,young,2,2,2,0,2,6709,Jungwuchs/Dickung,Jungwuchs/Dickung_11,,1338.4,Surrein
1.0,11,prot_no_nat,young,2,2,2,0,2,6710,Jungwuchs/Dickung,Jungwuchs/Dickung_11,,1389.0,Surrein
0.8,11,prot_no_nat,young,2,2,2,0,2,6711,Jungwuchs/Dickung,Jungwuchs/Dickung_11,,1442.7,Surrein
0.8,11,prot_no_nat,young,2,2,2,0,2,6712,Jungwuchs/Dickung,Jungwuchs/Dickung_11,,1218.1,Surrein
1.0,11,prot_no_nat,young,2,2,2,0,2,6713,Jungwuchs/Dickung,Jungwuchs/Dickung_11,,1153.0,Surrein
1.0,12,prot_no_nat,young,2,2,2,0,2,6715,Jungwuchs/Dickung,Jungwuchs/Dickung_12,,1261.8,Surrein
1.3,11,prot_no_nat,young,2,2,2,0,2,6716,Jungwuchs/Dickung,Jungwuchs/Dickung_11,,1087.5,Cumpadials
0.5,11,prot_no_nat,young,2,2,2,0,2,6717,Jungwuchs/Dickung,Jungwuchs/Dickung_11,,1089.7,Cumpadials
1.8,11,prot_no_nat,young,2,2,2,0,2,6718,Jungwuchs/Dickung,Jungwuchs/Dickung_11,,1264.9,Cumpadials
1.4,8,prot_no_nat,young,2,2,2,0,2,6719,Jungwuchs/Dickung,Jungwuchs/Dickung_8,,1883.4,Sumvitg
0.6,11,prot_no_nat,young,2,2,2,0,2,6720,Jungwuchs/Dickung,Jungwuchs/Dickung_11,,1434.7,Surrein
0.7,12,prot_no_nat,young,2,2,2,0,2,6721,Jungwuchs/Dickung,Jungwuchs/Dickung_12,,1371.1,Rabius
0.9,12,prot_no_nat,young,2,2,2,0,2,6722,Jungwuchs/Dickung,Jungwuchs/Dickung_12,,1332.5,Rabius
2.3,12,prot_no_nat,young,2,2,2,0,2,6723,Jungwuchs/Dickung,Jungwuchs/Dickung_12,,1233.3,Rabius
0.7,11,prot_no_nat,young,2,2,2,0,2,6724,Jungwuchs/Dickung,Jungwuchs/Dickung_11,,1525.5,Obersaxen
1.0,12,prot_no_nat,young,2,2,2,0,2,6725,Jungwuchs/Dickung,Jungwuchs/Dickung_12,,1561.8,Obersaxen
1.2,8,prot_no_nat,young,2,2,2,0,2,6726,Jungwuchs/Dickung,Jungwuchs/Dickung_8,,1719.2,Surrein
1.2,12,prot_no_nat,young,2,2,2,0,2,6727,Jungwuchs/Dickung,Jungwuchs/Dickung_12,,1204.1,Surrein
0.8,11,prot_no_nat,young,2,2,2,0,2,6728,Jungwuchs/Dickung,Jungwuchs/Dickung_11,,1269.5,Cumpadials
1.2,11,prot_no_nat,young,2,2,2,0,2,6729,Jungwuchs/Dickung,Jungwuchs/Dickung_11,,1255.1,Cumpadials
1.9,11,prot_no_nat,young,2,2,2,0,2,6730,Jungwuchs/Dickung,Jungwuchs/Dickung_11,,1245.3,Sumvitg
1.9,11,prot_no_nat,young,2,2,2,0,2,6731,Jungwuchs/Dickung,Jungwuchs/Dickung_11,,1188.5,Surrein
0.5,8,prot_no_nat,young,2,2,2,0,2,6732,Jungwuchs/Dickung,Jungwuchs/Dickung_8,,1685.1,Sumvitg
1.4,12,prot_no_nat,young,2,2,2,0,2,6733,Jungwuchs/Dickung,Jungwuchs/Dickung_12,,1587.6,Sumvitg
1.3,8,prot_no_nat,young,2,2,2,0,2,6734,Jungwuchs/Dickung,Jungwuchs/Dickung_8,,1623.5,Sumvitg
0.8,12,prot_no_nat,young,2,2,2,0,2,6735,Jungwuchs/Dickung,Jungwuchs/Dickung_12,,1169.6,Surrein
0.5,12,prot_no_nat,young,2,2,2,0,2,6736,Jungwuchs/Dickung,Jungwuchs/Dickung_12,,1184.0,Surrein
1.8,12,prot_no_nat,young,2,2,2,0,2,6737,Jungwuchs/Dickung,Jungwuchs/Dickung_12,,1212.4,Surrein
0.6,11,prot_no_nat,young,2,2,2,0,2,6738,Jungwuchs/Dickung,Jungwuchs/Dickung_11,,1208.3,Sumvitg
1.1,11,prot_no_nat,young,2,2,2,0,2,6739,Jungwuchs/Dickung,Jungwuchs/Dickung_11,,1230.4,Sumvitg
1.0,11,prot_no_nat,young,2,2,2,0,2,6740,Jungwuchs/Dickung,Jungwuchs/Dickung_11,,1339.6,Sumvitg
0.7,8,prot_no_nat,young,2,2,2,0,2,6741,Jungwuchs/Dickung,Jungwuchs/Dickung_8,,1793.0,Sumvitg
0.7,8,prot_no_nat,young,2,2,2,0,2,6742,Jungwuchs/Dickung,Jungwuchs/Dickung_8,,1662.0,Sumvitg
1.7,12,prot_no_nat,young,2,2,2,0,2,6743,Jungwuchs/Dickung,Jungwuchs/Dickung_12,,1248.7,Surrein
0.7,11,prot_no_nat,young,2,2,2,0,2,6744,Jungwuchs/Dickung,Jungwuchs/Dickung_11,,1303.6,Cumpadials
1.9,11,prot_no_nat,young,2,2,2,0,2,6745,Jungwuchs/Dickung,Jungwuchs/Dickung_11,,1374.3,Cumpadials
1.0,11,prot_no_nat,young,2,2,2,0,2,6746,Jungwuchs/Dickung,Jungwuchs/Dickung_11,,1280.1,Sumvitg
1.3,11,prot_no_nat,young,2,2,2,0,2,6747,Jungwuchs/Dickung,Jungwuchs/Dickung_11,,1278.3,Sumvitg
1.5,6,prot_no_nat,young,2,2,2,0,2,6748,Jungwuchs/Dickung,Jungwuchs/Dickung_6,,1252.6,Sumvitg
0.6,11,prot_no_nat,young,2,2,2,0,2,6749,Jungwuchs/Dickung,Jungwuchs/Dickung_11,,1411.6,Sumvitg
0.9,11,prot_no_nat,young,2,2,2,0,2,6750,Jungwuchs/Dickung,Jungwuchs/Dickung_11,,1377.4,Sumvitg
1.3,11,prot_no_nat,young,2,2,2,0,2,6751,Jungwuchs/Dickung,Jungwuchs/Dickung_11,,1437.4,Sumvitg
0.9,8,prot_no_nat,young,2,2,2,0,2,6752,Jungwuchs/Dickung,Jungwuchs/Dickung_8,,1719.0,Surrein
0.7,11,prot_no_nat,young,2,2,2,0,2,6753,Jungwuchs/Dickung,Jungwuchs/Dickung_11,,1507.4,Sumvitg
1.5,11,prot_no_nat,young,2,2,2,0,2,6754,Jungwuchs/Dickung,Jungwuchs/Dickung_11,,1544.5,Sumvitg
0.5,11,prot_no_nat,young,2,2,2,0,2,6755,Jungwuchs/Dickung,Jungwuchs/Dickung_11,,1500.3,Sumvitg
1.4,11,prot_no_nat,young,2,2,2,0,2,6756,Jungwuchs/Dickung,Jungwuchs/Dickung_11,,1462.0,Sumvitg
0.5,12,prot_no_nat,young,2,2,2,0,2,6757,Jungwuchs/Dickung,Jungwuchs/Dickung_12,,1459.0,Rabius
2.6,12,prot_no_nat,young,2,2,2,0,2,6758,Jungwuchs/Dickung,Jungwuchs/Dickung_12,,1359.1,Rabius
1.1,12,prot_no_nat,young,2,2,2,0,2,6759,Jungwuchs/Dickung,Jungwuchs/Dickung_12,,1528.7,Rabius
2.7,11,prot_no_nat,young,2,2,2,0,2,6760,Jungwuchs/Dickung,Jungwuchs/Dickung_11,,1339.0,Surrein
0.8,11,prot_no_nat,young,2,2,2,0,2,6761,Jungwuchs/Dickung,Jungwuchs/Dickung_11,,1495.4,Surrein
2.3,11,prot_no_nat,young,2,2,2,0,2,6762,Jungwuchs/Dickung,Jungwuchs/Dickung_11,,1226.7,Surrein
1.3,11,prot_no_nat,young,2,2,2,0,2,6763,Jungwuchs/Dickung,Jungwuchs/Dickung_11,,1257.2,Surrein
2.1,11,prot_no_nat,young,2,2,2,0,2,6764,Jungwuchs/Dickung,Jungwuchs/Dickung_11,,1304.7,Surrein
1.6,8,prot_no_nat,young,2,2,2,0,2,6765,Jungwuchs/Dickung,Jungwuchs/Dickung_8,,1725.8,Surrein
0.9,11,prot_no_nat,young,2,2,2,0,2,6766,Jungwuchs/Dickung,Jungwuchs/Dickung_11,,1472.6,Sumvitg
1.6,12,prot_no_nat,young,2,2,2,0,2,6767,Jungwuchs/Dickung,Jungwuchs/Dickung_12,,1506.9,Rabius
1.4,8,prot_no_nat,young,2,2,2,0,2,6768,Jungwuchs/Dickung,Jungwuchs/Dickung_8,,1582.5,Rabius
0.9,12,prot_no_nat,young,2,2,2,0,2,6769,Jungwuchs/Dickung,Jungwuchs/Dickung_12,,1413.3,Rabius
0.7,8,prot_no_nat,young,2,2,2,0,2,6770,Jungwuchs/Dickung,Jungwuchs/Dickung_8,,1661.8,Rabius
3.4,8,prot_no_nat,young,2,2,2,0,2,6771,Jungwuchs/Dickung,Jungwuchs/Dickung_8,,1644.3,Rabius
0.8,12,prot_no_nat,young,2,2,2,0,2,6773,Jungwuchs/Dickung,Jungwuchs/Dickung_12,,1355.4,Surrein
0.7,12,prot_no_nat,young,2,2,2,0,2,6774,Jungwuchs/Dickung,Jungwuchs/Dickung_12,,1387.2,Surrein
1.7,11,prot_no_nat,young,2,2,2,0,2,6775,Jungwuchs/Dickung,Jungwuchs/Dickung_11,,1180.7,Cumpadials
0.6,11,prot_no_nat,young,1,2,2,0,2,6776,Jungwuchs/Dickung,Jungwuchs/Dickung_11,,984.3,Cumpadials
0.9,11,prot_no_nat,young,2,2,2,0,2,6777,Jungwuchs/Dickung,Jungwuchs/Dickung_11,,1521.4,Sumvitg
0.7,8,prot_no_nat,young,2,2,2,0,2,6778,Jungwuchs/Dickung,Jungwuchs/Dickung_8,,1810.6,Sumvitg
0.6,8,prot_no_nat,young,2,2,2,0,2,6779,Jungwuchs/Dickung,Jungwuchs/Dickung_8,,1789.0,Rabius
1.4,12,prot_no_nat,young,2,2,2,0,2,6780,Jungwuchs/Dickung,Jungwuchs/Dickung_12,,1561.2,Obersaxen
0.6,12,prot_no_nat,young,2,2,2,0,2,6781,Jungwuchs/Dickung,Jungwuchs/Dickung_12,,1539.3,Rabius
2.3,12,prot_no_nat,young,2,2,2,0,2,6782,Jungwuchs/Dickung,Jungwuchs/Dickung_12,,1327.1,Rabius
1.6,12,prot_no_nat,young,2,2,2,0,2,6783,Jungwuchs/Dickung,Jungwuchs/Dickung_12,,1400.8,Rabius
0.9,12,prot_no_nat,young,2,2,2,0,2,6784,Jungwuchs/Dickung,Jungwuchs/Dickung_12,,1333.0,Rabius
0.7,12,prot_no_nat,young,2,2,2,0,2,6785,Jungwuchs/Dickung,Jungwuchs/Dickung_12,,1535.3,Rabius
0.7,12,prot_no_nat,young,2,2,2,0,2,6786,Jungwuchs/Dickung,Jungwuchs/Dickung_12,,1473.6,Rabius
0.5,12,prot_no_nat,young,2,2,2,0,2,6787,Jungwuchs/Dickung,Jungwuchs/Dickung_12,,1226.6,Surrein
2.0,12,prot_no_nat,young,2,2,2,0,2,6788,Jungwuchs/Dickung,Jungwuchs/Dickung_12,,1390.2,Surrein
0.7,12,prot_no_nat,young,2,2,2,0,2,6789,Jungwuchs/Dickung,Jungwuchs/Dickung_12,,1521.7,Surrein
0.6,8,prot_no_nat,young,2,2,2,0,2,6790,Jungwuchs/Dickung,Jungwuchs/Dickung_8,,1840.3,Sumvitg
1.0,12,prot_no_nat,young,2,2,2,0,2,6791,Jungwuchs/Dickung,Jungwuchs/Dickung_12,,1348.1,Rabius
1.6,8,prot_no_nat,young,2,2,2,0,2,6792,Jungwuchs/Dickung,Jungwuchs/Dickung_8,,1618.5,Rabius
0.5,8,prot_no_nat,young,2,2,2,0,2,6793,Jungwuchs/Dickung,Jungwuchs/Dickung_8,,1726.0,Rabius
1.6,12,prot_no_nat,young,2,2,2,0,2,6794,Jungwuchs/Dickung,Jungwuchs/Dickung_12,,1321.2,Rabius
0.8,8,prot_no_nat,young,2,2,2,0,2,6795,Jungwuchs/Dickung,Jungwuchs/Dickung_8,,1696.0,Surrein
0.6,11,prot_no_nat,young,2,2,2,0,2,6796,Jungwuchs/Dickung,Jungwuchs/Dickung_11,,1449.3,Surrein
1.6,11,prot_no_nat,young,2,2,2,0,2,6797,Jungwuchs/Dickung,Jungwuchs/Dickung_11,,1033.8,Cumpadials
1.6,11,prot_no_nat,young,2,2,2,0,2,6798,Jungwuchs/Dickung,Jungwuchs/Dickung_11,,1209.3,Sumvitg
0.5,12,prot_no_nat,young,2,2,2,0,2,6799,Jungwuchs/Dickung,Jungwuchs/Dickung_12,,1372.6,Rabius
2.6,11,prot_no_nat,young,2,2,2,0,2,6800,Jungwuchs/Dickung,Jungwuchs/Dickung_11,,1519.3,Surrein
1.6,8,prot_no_nat,young,2,2,2,0,2,6801,Jungwuchs/Dickung,Jungwuchs/Dickung_8,,1741.2,Surrein
0.8,11,prot_no_nat,young,2,2,2,0,2,6802,Jungwuchs/Dickung,Jungwuchs/Dickung_11,,1131.0,Sumvitg
0.9,11,prot_no_nat,young,2,2,2,0,2,6803,Jungwuchs/Dickung,Jungwuchs/Dickung_11,,1107.2,Sumvitg
0.5,11,prot_no_nat,young,2,2,2,0,2,6804,Jungwuchs/Dickung,Jungwuchs/Dickung_11,,1153.4,Sumvitg
1.0,8,prot_no_nat,young,2,2,2,0,2,6805,Jungwuchs/Dickung,Jungwuchs/Dickung_8,,1714.0,Sumvitg
0.7,12,prot_no_nat,young,2,2,2,0,2,6806,Jungwuchs/Dickung,Jungwuchs/Dickung_12,,1672.2,Sumvitg
0.8,8,prot_no_nat,young,2,2,2,0,2,6807,Jungwuchs/Dickung,Jungwuchs/Dickung_8,,1719.8,Sumvitg
2.1,12,prot_no_nat,young,2,2,2,0,2,6808,Jungwuchs/Dickung,Jungwuchs/Dickung_12,,1626.4,Rabius
0.8,12,prot_no_nat,young,2,2,2,0,2,6809,Jungwuchs/Dickung,Jungwuchs/Dickung_12,,1497.1,Surrein
1.2,11,prot_no_nat,young,2,2,2,0,2,6810,Jungwuchs/Dickung,Jungwuchs/Dickung_11,,1123.7,Surrein
1.7,11,prot_no_nat,young,2,2,2,0,2,6811,Jungwuchs/Dickung,Jungwuchs/Dickung_11,,1581.7,Surrein
0.9,11,prot_no_nat,young,2,2,2,0,2,6812,Jungwuchs/Dickung,Jungwuchs/Dickung_11,,1371.1,Surrein
1.5,11,prot_no_nat,young,2,2,2,0,2,6813,Jungwuchs/Dickung,Jungwuchs/Dickung_11,,1398.7,Surrein
1.4,11,prot_no_nat,young,2,2,2,0,2,6814,Jungwuchs/Dickung,Jungwuchs/Dickung_11,,1444.4,Surrein
1.1,12,prot_no_nat,young,2,2,2,0,2,6815,Jungwuchs/Dickung,Jungwuchs/Dickung_12,,1384.7,Surrein
0.8,12,prot_no_nat,young,2,2,2,0,2,6816,Jungwuchs/Dickung,Jungwuchs/Dickung_12,,1644.2,Surrein
0.9,11,prot_no_nat,young,2,2,2,0,2,6817,Jungwuchs/Dickung,Jungwuchs/Dickung_11,,1093.5,Sumvitg
1.4,11,prot_no_nat,young,2,2,2,0,2,6818,Jungwuchs/Dickung,Jungwuchs/Dickung_11,,1114.6,Sumvitg
0.6,11,prot_no_nat,young,2,2,2,0,2,6819,Jungwuchs/Dickung,Jungwuchs/Dickung_11,,1198.6,Sumvitg
0.8,11,prot_no_nat,young,1,2,2,0,2,6820,Jungwuchs/Dickung,Jungwuchs/Dickung_11,,948.3,Cumpadials
0.5,8,prot_no_nat,young,2,2,2,0,2,6821,Jungwuchs/Dickung,Jungwuchs/Dickung_8,,1575.3,Sumvitg
1.1,12,prot_no_nat,young,2,2,2,0,2,6822,Jungwuchs/Dickung,Jungwuchs/Dickung_12,,1421.9,Sumvitg
1.4,11,prot_no_nat,young,2,2,2,0,2,6823,Jungwuchs/Dickung,Jungwuchs/Dickung_11,,1095.5,Surrein
0.5,11,prot_no_nat,young,2,2,2,0,2,6824,Jungwuchs/Dickung,Jungwuchs/Dickung_11,,1153.2,Surrein
0.5,11,prot_no_nat,young,2,2,2,0,2,6825,Jungwuchs/Dickung,Jungwuchs/Dickung_11,,1281.2,Obersaxen
2.4,11,prot_no_nat,young,2,2,2,0,2,6826,Jungwuchs/Dickung,Jungwuchs/Dickung_11,,1370.7,Obersaxen
2.0,11,prot_no_nat,young,2,2,2,0,2,6827,Jungwuchs/Dickung,Jungwuchs/Dickung_11,,1325.6,Obersaxen
1.0,11,prot_no_nat,young,2,2,2,0,2,6828,Jungwuchs/Dickung,Jungwuchs/Dickung_11,,1337.3,Obersaxen
1.1,12,prot_no_nat,young,2,2,2,0,2,6829,Jungwuchs/Dickung,Jungwuchs/Dickung_12,,1602.6,Schlans
0.5,9,prot_no_nat,young,2,2,2,0,2,6830,Jungwuchs/Dickung,Jungwuchs/Dickung_9,,1881.5,Trun
0.6,8,prot_no_nat,young,2,2,2,0,2,6831,Jungwuchs/Dickung,Jungwuchs/Dickung_8,,1780.6,Trun
1.4,11,prot_no_nat,young,2,2,2,0,2,6832,Jungwuchs/Dickung,Jungwuchs/Dickung_11,,1500.7,Trun
0.6,12,prot_no_nat,young,2,2,2,0,2,6833,Jungwuchs/Dickung,Jungwuchs/Dickung_12,,1633.4,Trun
0.6,8,prot_no_nat,young,2,2,2,0,2,6834,Jungwuchs/Dickung,Jungwuchs/Dickung_8,,1839.1,Trun
0.6,11,prot_no_nat,young,2,2,2,0,2,6835,Jungwuchs/Dickung,Jungwuchs/Dickung_11,,1097.1,Trun
1.0,11,prot_no_nat,young,2,2,2,0,2,6836,Jungwuchs/Dickung,Jungwuchs/Dickung_11,,1195.7,Zignau
0.5,8,prot_no_nat,young,2,2,2,0,2,6837,Jungwuchs/Dickung,Jungwuchs/Dickung_8,,1671.6,Trun
1.8,11,prot_no_nat,young,2,2,2,0,2,6838,Jungwuchs/Dickung,Jungwuchs/Dickung_11,,1188.4,Trun
0.5,11,prot_no_nat,young,2,2,2,0,2,6839,Jungwuchs/Dickung,Jungwuchs/Dickung_11,,1260.4,Trun
1.1,11,prot_no_nat,young,2,2,2,0,2,6840,Jungwuchs/Dickung,Jungwuchs/Dickung_11,,1596.8,Schlans
0.7,12,prot_no_nat,young,2,2,2,0,2,6841,Jungwuchs/Dickung,Jungwuchs/Dickung_12,,1466.8,Zignau
1.3,11,prot_no_nat,young,2,2,2,0,2,6843,Jungwuchs/Dickung,Jungwuchs/Dickung_11,,1414.7,Zignau
0.7,11,prot_no_nat,young,2,2,2,0,2,6844,Jungwuchs/Dickung,Jungwuchs/Dickung_11,,1205.4,Schlans
0.8,11,prot_no_nat,young,2,2,2,0,2,6845,Jungwuchs/Dickung,Jungwuchs/Dickung_11,,1483.2,Schlans
0.5,11,prot_no_nat,young,2,2,2,0,2,6846,Jungwuchs/Dickung,Jungwuchs/Dickung_11,,1410.5,Zignau
1.6,11,prot_no_nat,young,2,2,2,0,2,6847,Jungwuchs/Dickung,Jungwuchs/Dickung_11,,1262.2,Zignau
0.7,11,prot_no_nat,young,2,2,2,0,2,6848,Jungwuchs/Dickung,Jungwuchs/Dickung_11,,1261.5,Schlans
1.0,11,prot_no_nat,young,2,2,2,0,2,6849,Jungwuchs/Dickung,Jungwuchs/Dickung_11,,1418.8,Schlans
3.0,11,prot_no_nat,young,2,2,2,0,2,6850,Jungwuchs/Dickung,Jungwuchs/Dickung_11,,1405.2,Zignau
0.6,11,prot_no_nat,young,2,2,2,0,2,6851,Jungwuchs/Dickung,Jungwuchs/Dickung_11,,1476.3,Zignau
2.0,11,prot_no_nat,young,2,2,2,0,2,6852,Jungwuchs/Dickung,Jungwuchs/Dickung_11,,1431.4,Zignau
0.5,11,prot_no_nat,young,2,2,2,0,2,6853,Jungwuchs/Dickung,Jungwuchs/Dickung_11,,1381.9,Zignau
0.6,11,prot_no_nat,young,2,2,2,0,2,6854,Jungwuchs/Dickung,Jungwuchs/Dickung_11,,872.2,Zignau
1.3,11,prot_no_nat,young,2,2,2,0,2,6855,Jungwuchs/Dickung,Jungwuchs/Dickung_11,,1261.7,Trun
1.1,11,prot_no_nat,young,2,2,2,0,2,6856,Jungwuchs/Dickung,Jungwuchs/Dickung_11,,1318.4,Trun
0.8,11,prot_no_nat,young,2,2,2,0,2,6857,Jungwuchs/Dickung,Jungwuchs/Dickung_11,,1277.2,Trun
0.5,11,prot_no_nat,young,2,2,2,0,2,6858,Jungwuchs/Dickung,Jungwuchs/Dickung_11,,1220.3,Trun
0.8,11,prot_no_nat,young,2,2,2,0,2,6859,Jungwuchs/Dickung,Jungwuchs/Dickung_11,,1294.5,Schlans
0.8,11,prot_no_nat,young,2,2,2,0,2,6860,Jungwuchs/Dickung,Jungwuchs/Dickung_11,,1253.8,Schlans
0.9,11,prot_no_nat,young,2,2,2,0,2,6861,Jungwuchs/Dickung,Jungwuchs/Dickung_11,,1145.5,Trun
1.6,11,prot_no_nat,young,2,2,2,0,2,6862,Jungwuchs/Dickung,Jungwuchs/Dickung_11,,978.6,Trun
1.8,11,prot_no_nat,young,2,2,2,0,2,6863,Jungwuchs/Dickung,Jungwuchs/Dickung_11,,1551.9,Trun
1.3,11,prot_no_nat,young,2,2,2,0,2,6864,Jungwuchs/Dickung,Jungwuchs/Dickung_11,,835.3999999999999,Trun
1.9,11,prot_no_nat,young,2,2,2,0,2,6865,Jungwuchs/Dickung,Jungwuchs/Dickung_11,,1506.7,Trun
3.5,11,prot_no_nat,young,2,2,2,0,2,6866,Jungwuchs/Dickung,Jungwuchs/Dickung_11,,1587.1,Schlans
0.9,8,prot_no_nat,young,2,2,2,0,2,6867,Jungwuchs/Dickung,Jungwuchs/Dickung_8,,1665.0,Trun
1.2,11,prot_no_nat,young,2,2,2,0,2,6868,Jungwuchs/Dickung,Jungwuchs/Dickung_11,,1469.2,Zignau
0.7,12,prot_no_nat,young,2,2,2,0,2,6869,Jungwuchs/Dickung,Jungwuchs/Dickung_12,,1558.7,Trun
1.6,11,prot_no_nat,young,2,2,2,0,2,6870,Jungwuchs/Dickung,Jungwuchs/Dickung_11,,1329.0,Schlans
0.7,11,prot_no_nat,young,2,2,2,0,2,6871,Jungwuchs/Dickung,Jungwuchs/Dickung_11,,1453.9,Schlans
2.2,11,prot_no_nat,young,2,2,2,0,2,6872,Jungwuchs/Dickung,Jungwuchs/Dickung_11,,1357.2,Schlans
0.7,11,prot_no_nat,young,2,2,2,0,2,6873,Jungwuchs/Dickung,Jungwuchs/Dickung_11,,1281.9,Schlans
0.7,11,prot_no_nat,young,2,2,2,0,2,6874,Jungwuchs/Dickung,Jungwuchs/Dickung_11,,1137.2,Trun
0.5,11,prot_no_nat,young,2,2,2,0,2,6875,Jungwuchs/Dickung,Jungwuchs/Dickung_11,,1165.2,Trun
1.5,12,prot_no_nat,young,2,2,2,0,2,6876,Jungwuchs/Dickung,Jungwuchs/Dickung_12,,1547.1,Trun
1.4,12,prot_no_nat,young,2,2,2,0,2,6877,Jungwuchs/Dickung,Jungwuchs/Dickung_12,,1442.6,Trun
1.5,8,prot_no_nat,young,2,2,2,0,2,6878,Jungwuchs/Dickung,Jungwuchs/Dickung_8,,1808.5,Trun
1.0,8,prot_no_nat,young,2,2,2,0,2,6879,Jungwuchs/Dickung,Jungwuchs/Dickung_8,,1690.0,Trun
0.6,8,prot_no_nat,young,2,2,2,0,2,6880,Jungwuchs/Dickung,Jungwuchs/Dickung_8,,1702.1,Trun
1.6,8,prot_no_nat,young,2,2,2,0,2,6881,Jungwuchs/Dickung,Jungwuchs/Dickung_8,,1761.7,Trun
0.7,11,prot_no_nat,young,2,2,2,0,2,6882,Jungwuchs/Dickung,Jungwuchs/Dickung_11,,1495.0,Trun
3.1,11,prot_no_nat,young,2,2,2,0,2,6883,Jungwuchs/Dickung,Jungwuchs/Dickung_11,,1473.5,Trun
0.5,8,prot_no_nat,young,2,2,2,0,2,6884,Jungwuchs/Dickung,Jungwuchs/Dickung_8,,1745.3,Schlans
3.5,12,prot_no_nat,young,2,2,2,0,2,6885,Jungwuchs/Dickung,Jungwuchs/Dickung_12,,1629.0,Trun
0.6,12,prot_no_nat,young,2,2,2,0,2,6886,Jungwuchs/Dickung,Jungwuchs/Dickung_12,,1527.6,Trun
0.7,11,prot_no_nat,young,2,2,2,0,2,6887,Jungwuchs/Dickung,Jungwuchs/Dickung_11,,940.5,Trun
0.5,12,prot_no_nat,young,2,2,2,0,2,6888,Jungwuchs/Dickung,Jungwuchs/Dickung_12,,1643.6,Trun
0.5,12,prot_no_nat,young,2,2,2,0,2,6889,Jungwuchs/Dickung,Jungwuchs/Dickung_12,,1542.7,Trun
0.9,8,prot_no_nat,young,2,2,2,0,2,6890,Jungwuchs/Dickung,Jungwuchs/Dickung_8,,1704.9,Trun
0.5,11,prot_no_nat,young,2,2,2,0,2,6891,Jungwuchs/Dickung,Jungwuchs/Dickung_11,,1433.8,Zignau
1.2,11,prot_no_nat,young,2,2,2,0,2,6892,Jungwuchs/Dickung,Jungwuchs/Dickung_11,,1144.8,Trun
1.0,12,prot_no_nat,young,2,2,2,0,2,6894,Jungwuchs/Dickung,Jungwuchs/Dickung_12,,1556.3,Schlans
2.7,11,prot_no_nat,young,2,2,2,0,2,6895,Jungwuchs/Dickung,Jungwuchs/Dickung_11,,1221.1,Zignau
0.8,12,prot_no_nat,young,2,2,2,0,2,6896,Jungwuchs/Dickung,Jungwuchs/Dickung_12,,1476.5,Trun
0.5,11,prot_no_nat,young,2,2,2,0,2,6897,Jungwuchs/Dickung,Jungwuchs/Dickung_11,,859.2,Trun
4.1,11,prot_no_nat,young,2,2,2,0,2,6898,Jungwuchs/Dickung,Jungwuchs/Dickung_11,,909.6,Obersaxen
0.5,11,prot_no_nat,young,2,2,2,0,2,6899,Jungwuchs/Dickung,Jungwuchs/Dickung_11,,1238.7,Trun
1.9,11,prot_no_nat,young,2,2,2,0,2,6900,Jungwuchs/Dickung,Jungwuchs/Dickung_11,,1459.2,Schlans
0.6,11,prot_no_nat,young,2,2,2,0,2,6901,Jungwuchs/Dickung,Jungwuchs/Dickung_11,,1148.5,Zignau
3.2,11,prot_no_nat,young,2,2,2,0,2,6902,Jungwuchs/Dickung,Jungwuchs/Dickung_11,,1122.1,Zignau
0.6,8,prot_no_nat,young,2,2,2,0,2,6903,Jungwuchs/Dickung,Jungwuchs/Dickung_8,,1629.2,Pigniu
0.7,12,prot_no_nat,young,2,2,2,0,2,6904,Jungwuchs/Dickung,Jungwuchs/Dickung_12,,1283.2,Trun
3.0,12,prot_no_nat,young,2,2,2,0,2,6905,Jungwuchs/Dickung,Jungwuchs/Dickung_12,,1596.4,Trun
0.5,11,prot_no_nat,young,1,2,2,0,2,6906,Jungwuchs/Dickung,Jungwuchs/Dickung_11,,709.7,Ilanz
0.5,11,prot_no_nat,young,2,2,2,0,2,6907,Jungwuchs/Dickung,Jungwuchs/Dickung_11,,794.8999999999999,Ilanz
0.6,3,prot_no_nat,young,1,2,2,0,2,6908,Jungwuchs/Dickung,Jungwuchs/Dickung_3,,701.1,Ilanz
0.9,11,prot_no_nat,young,2,2,2,0,2,6909,Jungwuchs/Dickung,Jungwuchs/Dickung_11,,753.1,Ilanz
0.7,11,prot_no_nat,young,1,2,2,0,2,6910,Jungwuchs/Dickung,Jungwuchs/Dickung_11,,714.5,Ilanz
1.1,11,prot_no_nat,young,1,2,2,0,2,6911,Jungwuchs/Dickung,Jungwuchs/Dickung_11,,714.5,Ilanz
0.7,3,prot_no_nat,young,1,2,2,0,2,6912,Jungwuchs/Dickung,Jungwuchs/Dickung_3,,713.2,Ilanz
1.1,12,prot_no_nat,young,2,2,2,0,2,6913,Jungwuchs/Dickung,Jungwuchs/Dickung_12,,1489.9,Siat
0.7,12,prot_no_nat,young,2,2,2,0,2,6914,Jungwuchs/Dickung,Jungwuchs/Dickung_12,,1473.7,Rueun
0.9,11,prot_no_nat,young,2,2,2,0,2,6915,Jungwuchs/Dickung,Jungwuchs/Dickung_11,,1236.1,Siat
0.9,12,prot_no_nat,young,2,2,2,0,2,6917,Jungwuchs/Dickung,Jungwuchs/Dickung_12,,1530.8,Pigniu
1.0,12,prot_no_nat,young,2,2,2,0,2,6918,Jungwuchs/Dickung,Jungwuchs/Dickung_12,,1325.9,Rueun
0.6,11,prot_no_nat,young,2,2,2,0,2,6919,Jungwuchs/Dickung,Jungwuchs/Dickung_11,,923.6,Schnaus
1.6,12,prot_no_nat,young,2,2,2,0,2,6920,Jungwuchs/Dickung,Jungwuchs/Dickung_12,,1552.0,Siat
1.5,12,prot_no_nat,young,2,2,2,0,2,6921,Jungwuchs/Dickung,Jungwuchs/Dickung_12,,1561.6,Siat
0.7,11,prot_no_nat,young,2,2,2,0,2,6922,Jungwuchs/Dickung,Jungwuchs/Dickung_11,,1295.6,Rueun
0.9,12,prot_no_nat,young,2,2,2,0,2,6923,Jungwuchs/Dickung,Jungwuchs/Dickung_12,,1506.1,Pigniu
1.1,12,prot_no_nat,young,2,2,2,0,2,6924,Jungwuchs/Dickung,Jungwuchs/Dickung_12,,1531.7,Pigniu
0.8,12,prot_no_nat,young,2,2,2,0,2,6925,Jungwuchs/Dickung,Jungwuchs/Dickung_12,,1465.7,Rueun
0.7,8,prot_no_nat,young,2,2,2,0,2,6926,Jungwuchs/Dickung,Jungwuchs/Dickung_8,,1660.6,Rueun
0.5,8,prot_no_nat,young,2,2,2,0,2,6927,Jungwuchs/Dickung,Jungwuchs/Dickung_8,,1733.5,Siat
0.5,12,prot_no_nat,young,2,2,2,0,2,6928,Jungwuchs/Dickung,Jungwuchs/Dickung_12,,1530.2,Siat
0.5,11,prot_no_nat,young,2,2,2,0,2,6929,Jungwuchs/Dickung,Jungwuchs/Dickung_11,,966.4,Luven
0.6,8,prot_no_nat,young,2,2,2,0,2,6930,Jungwuchs/Dickung,Jungwuchs/Dickung_8,,1654.7,Pigniu
0.6,12,prot_no_nat,young,2,2,2,0,2,6931,Jungwuchs/Dickung,Jungwuchs/Dickung_12,,1589.2,Rueun
0.9,8,prot_no_nat,young,2,2,2,0,2,6932,Jungwuchs/Dickung,Jungwuchs/Dickung_8,,1811.7,Rueun
3.8,8,prot_no_nat,young,2,2,2,0,2,6933,Jungwuchs/Dickung,Jungwuchs/Dickung_8,,1706.1,Siat
1.1,8,prot_no_nat,young,2,2,2,0,2,6934,Jungwuchs/Dickung,Jungwuchs/Dickung_8,,1690.5,Siat
1.0,12,prot_no_nat,young,2,2,2,0,2,6935,Jungwuchs/Dickung,Jungwuchs/Dickung_12,,1393.0,Siat
0.7,12,prot_no_nat,young,2,2,2,0,2,6936,Jungwuchs/Dickung,Jungwuchs/Dickung_12,,1446.4,Pigniu
0.8,11,prot_no_nat,young,2,2,2,0,2,6937,Jungwuchs/Dickung,Jungwuchs/Dickung_11,,1096.9,Schnaus
1.4,8,prot_no_nat,young,2,2,2,0,2,6938,Jungwuchs/Dickung,Jungwuchs/Dickung_8,,1634.0,Siat
0.5,8,prot_no_nat,young,2,2,2,0,2,6939,Jungwuchs/Dickung,Jungwuchs/Dickung_8,,1835.2,Rueun
1.3,12,prot_no_nat,young,2,2,2,0,2,6940,Jungwuchs/Dickung,Jungwuchs/Dickung_12,,1417.6,Siat
1.4,11,prot_no_nat,young,2,2,2,0,2,6941,Jungwuchs/Dickung,Jungwuchs/Dickung_11,,1320.5,Luven
0.8,11,prot_no_nat,young,2,2,2,0,2,6943,Jungwuchs/Dickung,Jungwuchs/Dickung_11,,874.2999999999998,Rueun
1.2,11,prot_no_nat,young,2,2,2,0,2,6944,Jungwuchs/Dickung,Jungwuchs/Dickung_11,,778.7,Rueun
0.5,8,prot_no_nat,young,2,2,2,0,2,6945,Jungwuchs/Dickung,Jungwuchs/Dickung_8,,1589.7,Rueun
0.6,11,prot_no_nat,young,2,2,2,0,2,6946,Jungwuchs/Dickung,Jungwuchs/Dickung_11,,944.1,Schnaus
0.5,8,prot_no_nat,young,2,2,2,0,2,6947,Jungwuchs/Dickung,Jungwuchs/Dickung_8,,1662.3,Pigniu
0.5,11,prot_no_nat,young,2,2,2,0,2,6948,Jungwuchs/Dickung,Jungwuchs/Dickung_11,,829.8999999999999,Schnaus
0.8,8,prot_no_nat,young,2,2,2,0,2,6949,Jungwuchs/Dickung,Jungwuchs/Dickung_8,,1683.5,Rueun
0.5,11,prot_no_nat,young,2,2,2,0,2,6950,Jungwuchs/Dickung,Jungwuchs/Dickung_11,,1212.2,Siat
1.0,11,prot_no_nat,young,2,2,2,0,2,6951,Jungwuchs/Dickung,Jungwuchs/Dickung_11,,1424.8,Siat
0.8,8,prot_no_nat,young,2,2,2,0,2,6952,Jungwuchs/Dickung,Jungwuchs/Dickung_8,,1700.0,Siat
1.0,8,prot_no_nat,young,2,2,2,0,2,6953,Jungwuchs/Dickung,Jungwuchs/Dickung_8,,1681.0,Siat
1.0,8,prot_no_nat,young,2,2,2,0,2,6954,Jungwuchs/Dickung,Jungwuchs/Dickung_8,,1654.8,Siat
0.9,8,prot_no_nat,young,2,2,2,0,2,6956,Jungwuchs/Dickung,Jungwuchs/Dickung_8,,1640.3,Pigniu
0.6,12,prot_no_nat,young,2,2,2,0,2,6957,Jungwuchs/Dickung,Jungwuchs/Dickung_12,,1526.2,Rueun
0.8,12,prot_no_nat,young,2,2,2,0,2,6958,Jungwuchs/Dickung,Jungwuchs/Dickung_12,,1593.7,Rueun
0.5,8,prot_no_nat,young,2,2,2,0,2,6959,Jungwuchs/Dickung,Jungwuchs/Dickung_8,,1786.9,Rueun
0.5,11,prot_no_nat,young,2,2,2,0,2,6960,Jungwuchs/Dickung,Jungwuchs/Dickung_11,,1265.8,Siat
0.7,11,prot_no_nat,young,2,2,2,0,2,6961,Jungwuchs/Dickung,Jungwuchs/Dickung_11,,877.7999999999998,Schnaus
0.8,8,prot_no_nat,young,2,2,2,0,2,6962,Jungwuchs/Dickung,Jungwuchs/Dickung_8,,1652.8,Siat
1.1,8,prot_no_nat,young,2,2,2,0,2,6963,Jungwuchs/Dickung,Jungwuchs/Dickung_8,,1652.4,Siat
1.2,8,prot_no_nat,young,2,2,2,0,2,6964,Jungwuchs/Dickung,Jungwuchs/Dickung_8,,1664.5,Siat
0.6,8,prot_no_nat,young,2,2,2,0,2,6965,Jungwuchs/Dickung,Jungwuchs/Dickung_8,,1741.4,Siat
1.1,12,prot_no_nat,young,2,2,2,0,2,6966,Jungwuchs/Dickung,Jungwuchs/Dickung_12,,1420.9,Rueun
0.8,11,prot_no_nat,young,2,2,2,0,2,6967,Jungwuchs/Dickung,Jungwuchs/Dickung_11,,771.7999999999998,Rueun
2.7,12,prot_no_nat,young,2,2,2,0,2,6968,Jungwuchs/Dickung,Jungwuchs/Dickung_12,,1524.1,Rueun
0.7,11,prot_no_nat,young,2,2,2,0,2,6969,Jungwuchs/Dickung,Jungwuchs/Dickung_11,,1324.8,Rueun
0.7,11,prot_no_nat,young,2,2,2,0,2,6970,Jungwuchs/Dickung,Jungwuchs/Dickung_11,,1138.8,Luven
0.5,12,prot_no_nat,young,2,2,2,0,2,6971,Jungwuchs/Dickung,Jungwuchs/Dickung_12,,1572.8,Rueun
0.6,8,prot_no_nat,young,2,2,2,0,2,6972,Jungwuchs/Dickung,Jungwuchs/Dickung_8,,1770.9,Siat
0.6,11,prot_no_nat,young,2,2,2,0,2,6973,Jungwuchs/Dickung,Jungwuchs/Dickung_11,,875.2,Rueun
0.9,8,prot_no_nat,young,2,2,2,0,2,6974,Jungwuchs/Dickung,Jungwuchs/Dickung_8,,1740.7,Siat
1.1,8,prot_no_nat,young,2,2,2,0,2,6975,Jungwuchs/Dickung,Jungwuchs/Dickung_8,,1620.8,Siat
0.7,11,prot_no_nat,young,2,2,2,0,2,6976,Jungwuchs/Dickung,Jungwuchs/Dickung_11,,1143.2,Rueun
1.6,11,plant10,young,3,4,4,0,3,6977,Jungwuchs/Dickung,Jungwuchs/Dickung_11,,1494.3,Mumpé Medel
0.5,8,plant10,young,3,4,4,0,3,6978,Jungwuchs/Dickung,Jungwuchs/Dickung_8,,1700.8,Curaglia
2.5,12,plant10,young,3,4,4,0,3,6979,Jungwuchs/Dickung,Jungwuchs/Dickung_12,,1470.4,Mumpé Medel
2.6,12,plant10,young,3,4,4,0,3,6980,Jungwuchs/Dickung,Jungwuchs/Dickung_12,,1489.1,Mumpé Medel
4.9,12,plant10,young,3,4,4,0,3,6981,Jungwuchs/Dickung,Jungwuchs/Dickung_12,,1623.7,Curaglia
3.4,12,plant10,young,3,4,4,0,3,6982,Jungwuchs/Dickung,Jungwuchs/Dickung_12,,1510.3,Mumpé Medel
3.7,12,plant10,young,3,4,4,0,3,6983,Jungwuchs/Dickung,Jungwuchs/Dickung_12,,1616.3,Curaglia
3.6,11,plant30,young,3,3,4,0,3,6984,Jungwuchs/Dickung,Jungwuchs/Dickung_11,,1453.7,Cavardiras
0.9,11,plant10,young,3,4,4,0,3,6985,Jungwuchs/Dickung,Jungwuchs/Dickung_11,,1364.2,Mumpé Medel
2.2,12,plant10,young,3,4,4,0,3,6986,Jungwuchs/Dickung,Jungwuchs/Dickung_12,,1384.6,Mumpé Medel
2.4,12,plant10,young,3,4,4,0,3,6987,Jungwuchs/Dickung,Jungwuchs/Dickung_12,,1390.8,Mumpé Medel
1.9,11,plant10,young,3,4,4,0,3,6988,Jungwuchs/Dickung,Jungwuchs/Dickung_11,,1303.5,Cavardiras
0.9,12,plant10,young,3,4,4,0,3,6989,Jungwuchs/Dickung,Jungwuchs/Dickung_12,,1249.6,Mumpé Medel
1.4,12,plant10,young,3,4,4,0,3,6990,Jungwuchs/Dickung,Jungwuchs/Dickung_12,,1301.9,Mumpé Medel
2.2,11,plant10,young,3,4,4,0,3,6991,Jungwuchs/Dickung,Jungwuchs/Dickung_11,,1194.5,Mumpé Medel
1.2,12,plant10,young,3,4,4,0,3,6992,Jungwuchs/Dickung,Jungwuchs/Dickung_12,,1475.3,Sedrun
1.6,11,plant10,young,3,4,4,0,3,6993,Jungwuchs/Dickung,Jungwuchs/Dickung_11,,1195.2,Mumpé Medel
2.3,8,plant30,young,3,3,4,0,3,6994,Jungwuchs/Dickung,Jungwuchs/Dickung_8,,1917.6,Platta
2.3,11,plant10,young,3,4,4,0,3,6995,Jungwuchs/Dickung,Jungwuchs/Dickung_11,,1467.4,Mumpé Medel
2.0,12,plant30,young,3,3,4,0,3,6996,Jungwuchs/Dickung,Jungwuchs/Dickung_12,,1728.6,Platta
0.9,11,plant10,young,3,4,4,0,3,6997,Jungwuchs/Dickung,Jungwuchs/Dickung_11,,1494.4,Mumpé Medel
8.1,11,plant10,young,3,4,4,0,3,6998,Jungwuchs/Dickung,Jungwuchs/Dickung_11,,1580.0,Mumpé Medel
2.8,8,plant10,young,3,4,4,0,3,6999,Jungwuchs/Dickung,Jungwuchs/Dickung_8,,1587.0,Cavardiras
0.9,8,plant10,young,3,4,4,0,3,7000,Jungwuchs/Dickung,Jungwuchs/Dickung_8,,1811.6,Curaglia
0.8,8,plant10,young,3,4,4,0,3,7001,Jungwuchs/Dickung,Jungwuchs/Dickung_8,,1734.4,Curaglia
1.3,11,plant10,young,3,4,4,0,3,7002,Jungwuchs/Dickung,Jungwuchs/Dickung_11,,1378.5,Mumpé Medel
0.8,12,plant10,young,3,4,4,0,3,7003,Jungwuchs/Dickung,Jungwuchs/Dickung_12,,1298.3,Mumpé Medel
2.1,11,plant10,young,3,4,4,0,3,7004,Jungwuchs/Dickung,Jungwuchs/Dickung_11,,1384.4,Mumpé Medel
3.7,8,plant10,young,3,4,4,0,3,7005,Jungwuchs/Dickung,Jungwuchs/Dickung_8,,1772.1,Segnas
1.2,12,plant10,young,3,4,4,0,3,7006,Jungwuchs/Dickung,Jungwuchs/Dickung_12,,1599.6,Curaglia
2.0,11,plant10,young,3,4,4,0,3,7007,Jungwuchs/Dickung,Jungwuchs/Dickung_11,,1437.6,Mumpé Medel
2.2,12,plant10,young,3,4,4,0,3,7008,Jungwuchs/Dickung,Jungwuchs/Dickung_12,,1617.0,Mumpé Medel
3.0,12,plant10,young,3,4,4,0,3,7009,Jungwuchs/Dickung,Jungwuchs/Dickung_12,,1468.2,Sedrun
5.4,12,plant10,young,3,4,4,0,3,7010,Jungwuchs/Dickung,Jungwuchs/Dickung_12,,1641.1,Curaglia
1.9,11,plant10,young,3,4,4,0,3,7011,Jungwuchs/Dickung,Jungwuchs/Dickung_11,,1194.1,Cavardiras
0.8,11,plant10,young,3,4,4,0,3,7012,Jungwuchs/Dickung,Jungwuchs/Dickung_11,,1381.1,Mumpé Medel
2.1,11,plant10,young,3,4,4,0,3,7013,Jungwuchs/Dickung,Jungwuchs/Dickung_11,,1464.5,Mumpé Medel
5.2,12,plant10,young,3,4,4,0,3,7014,Jungwuchs/Dickung,Jungwuchs/Dickung_12,,1575.7,Mumpé Medel
2.3,11,plant10,young,3,4,4,0,3,7015,Jungwuchs/Dickung,Jungwuchs/Dickung_11,,1506.7,Mumpé Medel
0.6,8,plant10,young,3,4,4,0,3,7016,Jungwuchs/Dickung,Jungwuchs/Dickung_8,,1664.8,Curaglia
0.5,12,plant10,young,3,4,4,0,3,7017,Jungwuchs/Dickung,Jungwuchs/Dickung_12,,1323.0,Sedrun
2.1,12,plant10,young,3,4,4,0,3,7018,Jungwuchs/Dickung,Jungwuchs/Dickung_12,,1562.3,Mumpé Medel
3.1,11,plant10,young,3,4,4,0,3,7019,Jungwuchs/Dickung,Jungwuchs/Dickung_11,,1469.3,Mumpé Medel
3.7,12,plant10,young,3,4,4,0,3,7020,Jungwuchs/Dickung,Jungwuchs/Dickung_12,,1504.8,Mumpé Medel
0.6,12,plant10,young,3,4,4,0,3,7021,Jungwuchs/Dickung,Jungwuchs/Dickung_12,,1673.5,Curaglia
1.7,12,plant10,young,3,4,4,0,3,7022,Jungwuchs/Dickung,Jungwuchs/Dickung_12,,1292.8,Mumpé Medel
1.7,8,plant10,young,3,4,4,0,3,7023,Jungwuchs/Dickung,Jungwuchs/Dickung_8,,1800.1,Segnas
1.8,11,plant10,young,3,4,4,0,3,7024,Jungwuchs/Dickung,Jungwuchs/Dickung_11,,1451.9,Mumpé Medel
2.6,12,plant10,young,3,4,4,0,3,7025,Jungwuchs/Dickung,Jungwuchs/Dickung_12,,1375.7,Mumpé Medel
3.3,12,plant10,young,3,4,4,0,3,7026,Jungwuchs/Dickung,Jungwuchs/Dickung_12,,1641.6,Curaglia
3.8,11,plant10,young,3,4,4,0,3,7027,Jungwuchs/Dickung,Jungwuchs/Dickung_11,,1196.9,Cavardiras
4.4,12,plant10,young,3,4,4,0,3,7028,Jungwuchs/Dickung,Jungwuchs/Dickung_12,,1465.0,Mumpé Medel
2.9,12,plant10,young,3,4,4,0,3,7029,Jungwuchs/Dickung,Jungwuchs/Dickung_12,,1530.7,Mumpé Medel
1.3,8,plant10,young,3,4,4,0,3,7030,Jungwuchs/Dickung,Jungwuchs/Dickung_8,,1753.9,Segnas
1.4,11,plant10,young,3,4,4,0,3,7031,Jungwuchs/Dickung,Jungwuchs/Dickung_11,,1238.8,Mumpé Medel
1.7,12,plant10,young,3,4,4,0,3,7032,Jungwuchs/Dickung,Jungwuchs/Dickung_12,,1498.7,Curaglia
2.9,8,plant10,young,3,4,4,0,3,7033,Jungwuchs/Dickung,Jungwuchs/Dickung_8,,1646.7,Curaglia
4.6,12,plant10,young,3,4,4,0,3,7034,Jungwuchs/Dickung,Jungwuchs/Dickung_12,,1609.2,Curaglia
2.6,12,plant10,young,3,4,4,0,3,7035,Jungwuchs/Dickung,Jungwuchs/Dickung_12,,1412.9,Mumpé Medel
2.9,12,plant10,young,3,4,4,0,3,7036,Jungwuchs/Dickung,Jungwuchs/Dickung_12,,1547.3,Mumpé Medel
1.3,12,plant10,young,3,4,4,0,3,7037,Jungwuchs/Dickung,Jungwuchs/Dickung_12,,1516.3,Mumpé Medel
1.7,11,plant10,young,3,4,4,0,3,7038,Jungwuchs/Dickung,Jungwuchs/Dickung_11,,1330.8,Cavardiras
9.7,12,plant10,young,3,4,4,0,3,7039,Jungwuchs/Dickung,Jungwuchs/Dickung_12,,1629.3,Curaglia
5.0,12,plant10,young,3,4,4,0,3,7040,Jungwuchs/Dickung,Jungwuchs/Dickung_12,,1540.7,Curaglia
1.4,11,plant10,young,3,4,4,0,3,7041,Jungwuchs/Dickung,Jungwuchs/Dickung_11,,1273.4,Mumpé Medel
2.1,11,plant10,young,3,4,4,0,3,7042,Jungwuchs/Dickung,Jungwuchs/Dickung_11,,1415.4,Mumpé Medel
3.7,11,plant10,young,3,4,4,0,3,7043,Jungwuchs/Dickung,Jungwuchs/Dickung_11,,1564.9,Cavardiras
2.6,12,plant10,young,3,4,4,0,3,7044,Jungwuchs/Dickung,Jungwuchs/Dickung_12,,1571.6,Mumpé Medel
1.1,12,plant10,young,3,4,4,0,3,7045,Jungwuchs/Dickung,Jungwuchs/Dickung_12,,1342.7,Sedrun
1.2,11,plant10,young,3,4,4,0,3,7046,Jungwuchs/Dickung,Jungwuchs/Dickung_11,,1258.6,Mumpé Medel
1.3,11,plant10,young,3,4,4,0,3,7047,Jungwuchs/Dickung,Jungwuchs/Dickung_11,,1374.1,Mumpé Medel
0.9,12,plant10,young,3,4,4,0,3,7048,Jungwuchs/Dickung,Jungwuchs/Dickung_12,,1391.8,Sedrun
0.9,12,plant10,young,3,4,4,0,3,7049,Jungwuchs/Dickung,Jungwuchs/Dickung_12,,1650.7,Curaglia
0.5,11,plant10,young,3,4,4,0,3,7050,Jungwuchs/Dickung,Jungwuchs/Dickung_11,,1306.1,Mumpé Medel
0.7,8,plant10,young,3,4,4,0,3,7051,Jungwuchs/Dickung,Jungwuchs/Dickung_8,,1726.6,Platta
2.8,11,plant10,young,3,4,4,0,3,7052,Jungwuchs/Dickung,Jungwuchs/Dickung_11,,1314.7,Breil/Brigels
0.6,11,plant10,young,3,4,4,0,3,7053,Jungwuchs/Dickung,Jungwuchs/Dickung_11,,1298.1,Breil/Brigels
1.4,12,plant30,young,3,3,4,0,3,7054,Jungwuchs/Dickung,Jungwuchs/Dickung_12,,1228.7,Breil/Brigels
1.2,8,plant10,young,3,4,4,0,3,7055,Jungwuchs/Dickung,Jungwuchs/Dickung_8,,1759.2,Breil/Brigels
0.5,12,plant30,young,3,3,4,0,3,7056,Jungwuchs/Dickung,Jungwuchs/Dickung_12,,1581.5,Breil/Brigels
2.7,11,plant30,young,3,3,4,0,3,7057,Jungwuchs/Dickung,Jungwuchs/Dickung_11,,1418.8,Surcuolm
0.6,11,plant30,young,3,3,4,0,3,7058,Jungwuchs/Dickung,Jungwuchs/Dickung_11,,1299.2,Surcuolm
0.6,8,plant30,young,3,3,4,0,3,7059,Jungwuchs/Dickung,Jungwuchs/Dickung_8,,1715.1,Siat
0.7,8,plant10,young,3,4,4,0,3,7060,Jungwuchs/Dickung,Jungwuchs/Dickung_8,,1639.9,Andiast
7.2,12,plant10,young,3,4,4,0,3,7061,Jungwuchs/Dickung,Jungwuchs/Dickung_12,,1623.6,Andiast
0.7,8,plant30,young,3,3,4,0,3,7062,Jungwuchs/Dickung,Jungwuchs/Dickung_8,,1659.3,Waltensburg/Vuorz
1.1,8,plant30,young,3,3,4,0,3,7063,Jungwuchs/Dickung,Jungwuchs/Dickung_8,,1670.6,Waltensburg/Vuorz
0.8,11,plant10,young,3,4,4,0,3,7064,Jungwuchs/Dickung,Jungwuchs/Dickung_11,,948.8,Waltensburg/Vuorz
1.7,11,plant10,young,3,4,4,0,3,7065,Jungwuchs/Dickung,Jungwuchs/Dickung_11,,1291.1,Waltensburg/Vuorz
0.6,11,plant10,young,3,4,4,0,3,7066,Jungwuchs/Dickung,Jungwuchs/Dickung_11,,1322.7,Waltensburg/Vuorz
0.6,11,plant10,young,3,4,4,0,3,7067,Jungwuchs/Dickung,Jungwuchs/Dickung_11,,946.3,Waltensburg/Vuorz
1.5,12,plant10,young,3,4,4,0,3,7068,Jungwuchs/Dickung,Jungwuchs/Dickung_12,,1579.6,Andiast
1.4,12,plant30,young,3,3,4,0,3,7069,Jungwuchs/Dickung,Jungwuchs/Dickung_12,,1585.1,Waltensburg/Vuorz
2.5,11,plant10,young,3,4,4,0,3,7070,Jungwuchs/Dickung,Jungwuchs/Dickung_11,,919.0,Waltensburg/Vuorz
1.6,12,plant10,young,3,4,4,0,3,7071,Jungwuchs/Dickung,Jungwuchs/Dickung_12,,1580.6,Andiast
1.2,8,plant30,young,3,3,4,0,3,7072,Jungwuchs/Dickung,Jungwuchs/Dickung_8,,1576.2,Waltensburg/Vuorz
1.1,11,plant10,young,3,4,4,0,3,7073,Jungwuchs/Dickung,Jungwuchs/Dickung_11,,1047.1,Waltensburg/Vuorz
2.1,11,plant10,young,3,4,4,0,3,7074,Jungwuchs/Dickung,Jungwuchs/Dickung_11,,1164.5,Waltensburg/Vuorz
0.7,11,plant10,young,3,4,4,0,3,7075,Jungwuchs/Dickung,Jungwuchs/Dickung_11,,1166.3,Cumpadials
0.5,11,plant30,young,3,3,4,0,3,7076,Jungwuchs/Dickung,Jungwuchs/Dickung_11,,1137.8,Sumvitg
0.9,12,plant30,young,3,3,4,0,3,7077,Jungwuchs/Dickung,Jungwuchs/Dickung_12,,1654.0,Surrein
2.7,12,plant30,young,3,3,4,0,3,7078,Jungwuchs/Dickung,Jungwuchs/Dickung_12,,1664.2,Surrein
0.6,8,plant30,young,3,3,4,0,3,7079,Jungwuchs/Dickung,Jungwuchs/Dickung_8,,1774.0,Surrein
0.9,12,plant30,young,3,3,4,0,3,7080,Jungwuchs/Dickung,Jungwuchs/Dickung_12,,1254.3,Surrein
1.3,11,plant30,young,3,3,4,0,3,7081,Jungwuchs/Dickung,Jungwuchs/Dickung_11,,1399.0,Cumpadials
1.4,11,plant30,young,3,3,4,0,3,7082,Jungwuchs/Dickung,Jungwuchs/Dickung_11,,1419.4,Cumpadials
1.5,11,plant30,young,3,3,4,0,3,7083,Jungwuchs/Dickung,Jungwuchs/Dickung_11,,1529.6,Cumpadials
3.7,11,plant30,young,3,3,4,0,3,7084,Jungwuchs/Dickung,Jungwuchs/Dickung_11,,1465.8,Cumpadials
1.1,12,plant30,young,3,3,4,0,3,7085,Jungwuchs/Dickung,Jungwuchs/Dickung_12,,1310.6,Surrein
1.0,12,plant30,young,3,3,4,0,3,7086,Jungwuchs/Dickung,Jungwuchs/Dickung_12,,1273.5,Surrein
1.3,12,plant30,young,3,3,4,0,3,7088,Jungwuchs/Dickung,Jungwuchs/Dickung_12,,1506.8,Surrein
0.7,11,plant30,young,3,3,4,0,3,7089,Jungwuchs/Dickung,Jungwuchs/Dickung_11,,1501.8,Cumpadials
0.7,12,plant30,young,3,3,4,0,3,7090,Jungwuchs/Dickung,Jungwuchs/Dickung_12,,1430.7,Surrein
2.7,11,plant10,young,3,4,4,0,3,7091,Jungwuchs/Dickung,Jungwuchs/Dickung_11,,1095.7,Surrein
0.5,12,plant30,young,3,3,4,0,3,7092,Jungwuchs/Dickung,Jungwuchs/Dickung_12,,1337.4,Surrein
0.6,8,plant30,young,3,3,4,0,3,7093,Jungwuchs/Dickung,Jungwuchs/Dickung_8,,1697.1,Surrein
1.3,12,plant30,young,3,3,4,0,3,7094,Jungwuchs/Dickung,Jungwuchs/Dickung_12,,1455.0,Surrein
0.5,8,plant30,young,3,3,4,0,3,7095,Jungwuchs/Dickung,Jungwuchs/Dickung_8,,1740.5,Surrein
0.8,12,plant30,young,3,3,4,0,3,7096,Jungwuchs/Dickung,Jungwuchs/Dickung_12,,1624.4,Surrein
0.5,11,plant10,young,3,4,4,0,3,7097,Jungwuchs/Dickung,Jungwuchs/Dickung_11,,1123.5,Cumpadials
0.6,8,plant30,young,3,3,4,0,3,7098,Jungwuchs/Dickung,Jungwuchs/Dickung_8,,1665.4,Cumpadials
0.9,8,plant30,young,3,3,4,0,3,7099,Jungwuchs/Dickung,Jungwuchs/Dickung_8,,1708.7,Cumpadials
0.7,11,plant30,young,3,3,4,0,3,7100,Jungwuchs/Dickung,Jungwuchs/Dickung_11,,1560.4,Cumpadials
0.6,8,plant30,young,3,3,4,0,3,7101,Jungwuchs/Dickung,Jungwuchs/Dickung_8,,1661.7,Cumpadials
1.3,12,plant30,young,3,3,4,0,3,7102,Jungwuchs/Dickung,Jungwuchs/Dickung_12,,1625.5,Cumpadials
1.9,8,plant30,young,3,3,4,0,3,7103,Jungwuchs/Dickung,Jungwuchs/Dickung_8,,1591.2,Surrein
1.1,8,plant30,young,3,3,4,0,3,7104,Jungwuchs/Dickung,Jungwuchs/Dickung_8,,1724.4,Surrein
0.6,12,plant30,young,3,3,4,0,3,7105,Jungwuchs/Dickung,Jungwuchs/Dickung_12,,1468.5,Surrein
0.7,8,plant30,young,3,3,4,0,3,7106,Jungwuchs/Dickung,Jungwuchs/Dickung_8,,1662.8,Surrein
1.6,12,plant30,young,3,3,4,0,3,7108,Jungwuchs/Dickung,Jungwuchs/Dickung_12,,1421.7,Surrein
2.1,12,plant30,young,3,3,4,0,3,7109,Jungwuchs/Dickung,Jungwuchs/Dickung_12,,1471.1,Surrein
0.5,12,plant30,young,1,3,4,0,3,7110,Jungwuchs/Dickung,Jungwuchs/Dickung_12,,1358.4,Surrein
1.2,12,plant30,young,3,3,4,0,3,7111,Jungwuchs/Dickung,Jungwuchs/Dickung_12,,1551.4,Surrein
0.5,12,plant30,young,3,3,4,0,3,7112,Jungwuchs/Dickung,Jungwuchs/Dickung_12,,1627.3,Surrein
4.2,12,plant30,young,3,3,4,0,3,7113,Jungwuchs/Dickung,Jungwuchs/Dickung_12,,1548.1,Surrein
0.5,8,plant30,young,3,3,4,0,3,7114,Jungwuchs/Dickung,Jungwuchs/Dickung_8,,1737.1,Surrein
1.0,12,plant30,young,3,3,4,0,3,7115,Jungwuchs/Dickung,Jungwuchs/Dickung_12,,1590.5,Surrein
0.5,12,plant30,young,3,3,4,0,3,7116,Jungwuchs/Dickung,Jungwuchs/Dickung_12,,1378.2,Surrein
0.8,12,plant30,young,3,3,4,0,3,7117,Jungwuchs/Dickung,Jungwuchs/Dickung_12,,1357.5,Surrein
0.9,12,plant30,young,3,3,4,0,3,7118,Jungwuchs/Dickung,Jungwuchs/Dickung_12,,1485.4,Surrein
1.4,8,plant30,young,3,3,4,0,3,7119,Jungwuchs/Dickung,Jungwuchs/Dickung_8,,1692.8,Surrein
1.2,11,plant30,young,3,3,4,0,3,7121,Jungwuchs/Dickung,Jungwuchs/Dickung_11,,1482.4,Cumpadials
1.2,12,plant30,young,3,3,4,0,3,7122,Jungwuchs/Dickung,Jungwuchs/Dickung_12,,1510.1,Surrein
1.5,11,plant30,young,3,3,4,0,3,7123,Jungwuchs/Dickung,Jungwuchs/Dickung_11,,1402.6,Cumpadials
0.6,12,plant30,young,1,3,4,0,3,7124,Jungwuchs/Dickung,Jungwuchs/Dickung_12,,1339.8,Surrein
1.1,12,plant30,young,3,3,4,0,3,7125,Jungwuchs/Dickung,Jungwuchs/Dickung_12,,1257.0,Rabius
0.6,8,plant30,young,3,3,4,0,3,7126,Jungwuchs/Dickung,Jungwuchs/Dickung_8,,1634.1,Surrein
1.8,12,plant30,young,3,3,4,0,3,7127,Jungwuchs/Dickung,Jungwuchs/Dickung_12,,1550.1,Surrein
0.5,8,plant30,young,3,3,4,0,3,7128,Jungwuchs/Dickung,Jungwuchs/Dickung_8,,1605.2,Surrein
0.9,12,plant30,young,3,3,4,0,3,7130,Jungwuchs/Dickung,Jungwuchs/Dickung_12,,1355.6,Surrein
1.3,11,plant30,young,3,3,4,0,3,7131,Jungwuchs/Dickung,Jungwuchs/Dickung_11,,1453.1,Surrein
0.5,12,plant30,young,3,3,4,0,3,7132,Jungwuchs/Dickung,Jungwuchs/Dickung_12,,1459.2,Surrein
1.1,12,plant30,young,3,3,4,0,3,7133,Jungwuchs/Dickung,Jungwuchs/Dickung_12,,1513.9,Surrein
1.3,10,plant30,young,3,3,4,0,3,7134,Jungwuchs/Dickung,Jungwuchs/Dickung_10,,1397.0,Sumvitg
1.4,12,plant30,young,3,3,4,0,3,7135,Jungwuchs/Dickung,Jungwuchs/Dickung_12,,1483.7,Sumvitg
0.6,11,plant30,young,3,3,4,0,3,7136,Jungwuchs/Dickung,Jungwuchs/Dickung_11,,1327.0,Obersaxen
1.1,12,plant30,young,3,3,4,0,3,7137,Jungwuchs/Dickung,Jungwuchs/Dickung_12,,1520.8,Surrein
2.9,12,plant30,young,3,3,4,0,3,7138,Jungwuchs/Dickung,Jungwuchs/Dickung_12,,1361.4,Surrein
0.8,12,plant30,young,3,3,4,0,3,7139,Jungwuchs/Dickung,Jungwuchs/Dickung_12,,1429.6,Surrein
0.7,11,plant30,young,3,3,4,0,3,7140,Jungwuchs/Dickung,Jungwuchs/Dickung_11,,1316.9,Cumpadials
0.9,11,plant30,young,3,3,4,0,3,7141,Jungwuchs/Dickung,Jungwuchs/Dickung_11,,1354.0,Surrein
1.0,12,plant30,young,3,3,4,0,3,7142,Jungwuchs/Dickung,Jungwuchs/Dickung_12,,1618.0,Surrein
0.8,12,plant30,young,3,3,4,0,3,7143,Jungwuchs/Dickung,Jungwuchs/Dickung_12,,1598.7,Surrein
0.6,8,plant30,young,3,3,4,0,3,7145,Jungwuchs/Dickung,Jungwuchs/Dickung_8,,1801.3,Surrein
1.1,11,plant30,young,3,3,4,0,3,7146,Jungwuchs/Dickung,Jungwuchs/Dickung_11,,1329.8,Cumpadials
0.6,11,plant30,young,3,3,4,0,3,7147,Jungwuchs/Dickung,Jungwuchs/Dickung_11,,1308.8,Cumpadials
0.9,12,plant30,young,3,3,4,0,3,7148,Jungwuchs/Dickung,Jungwuchs/Dickung_12,,1579.4,Sumvitg
2.9,12,plant30,young,3,3,4,0,3,7149,Jungwuchs/Dickung,Jungwuchs/Dickung_12,,1663.9,Surrein
0.6,12,plant30,young,3,3,4,0,3,7151,Jungwuchs/Dickung,Jungwuchs/Dickung_12,,1385.0,Surrein
1.2,12,plant30,young,3,3,4,0,3,7152,Jungwuchs/Dickung,Jungwuchs/Dickung_12,,1628.9,Surrein
1.8,12,plant30,young,3,3,4,0,3,7153,Jungwuchs/Dickung,Jungwuchs/Dickung_12,,1587.6,Surrein
0.8,12,plant30,young,3,3,4,0,3,7154,Jungwuchs/Dickung,Jungwuchs/Dickung_12,,1571.1,Surrein
1.6,12,plant30,young,3,3,4,0,3,7155,Jungwuchs/Dickung,Jungwuchs/Dickung_12,,1646.1,Surrein
1.1,11,plant30,young,3,3,4,0,3,7156,Jungwuchs/Dickung,Jungwuchs/Dickung_11,,998.4,Sumvitg
0.6,12,plant30,young,3,3,4,0,3,7157,Jungwuchs/Dickung,Jungwuchs/Dickung_12,,1439.8,Surrein
1.1,8,plant30,young,3,3,4,0,3,7158,Jungwuchs/Dickung,Jungwuchs/Dickung_8,,1725.2,Surrein
0.9,12,plant30,young,3,3,4,0,3,7159,Jungwuchs/Dickung,Jungwuchs/Dickung_12,,1537.1,Surrein
1.0,12,plant30,young,3,3,4,0,3,7160,Jungwuchs/Dickung,Jungwuchs/Dickung_12,,1674.3,Surrein
0.6,11,plant30,young,3,3,4,0,3,7161,Jungwuchs/Dickung,Jungwuchs/Dickung_11,,1187.6,Sumvitg
0.5,8,plant30,young,3,3,4,0,3,7162,Jungwuchs/Dickung,Jungwuchs/Dickung_8,,1698.8,Surrein
1.6,11,plant30,young,3,3,4,0,3,7163,Jungwuchs/Dickung,Jungwuchs/Dickung_11,,1091.2,Sumvitg
0.5,12,plant30,young,3,3,4,0,3,7164,Jungwuchs/Dickung,Jungwuchs/Dickung_12,,1374.5,Surrein
0.9,12,plant30,young,3,3,4,0,3,7165,Jungwuchs/Dickung,Jungwuchs/Dickung_12,,1335.2,Surrein
0.7,11,plant10,young,3,4,4,0,3,7166,Jungwuchs/Dickung,Jungwuchs/Dickung_11,,1471.2,Sumvitg
0.7,11,plant10,young,3,4,4,0,3,7167,Jungwuchs/Dickung,Jungwuchs/Dickung_11,,1274.0,Surrein
1.1,12,plant30,young,3,3,4,0,3,7168,Jungwuchs/Dickung,Jungwuchs/Dickung_12,,1625.2,Sumvitg
0.6,8,plant30,young,3,3,4,0,3,7169,Jungwuchs/Dickung,Jungwuchs/Dickung_8,,1730.3,Surrein
0.5,8,plant30,young,3,3,4,0,3,7170,Jungwuchs/Dickung,Jungwuchs/Dickung_8,,1700.1,Surrein
0.6,6,plant30,young,3,3,4,0,3,7171,Jungwuchs/Dickung,Jungwuchs/Dickung_6,,1281.6,Sumvitg
0.8,8,plant30,young,3,3,4,0,3,7172,Jungwuchs/Dickung,Jungwuchs/Dickung_8,,1705.6,Sumvitg
1.7,12,plant30,young,3,3,4,0,3,7173,Jungwuchs/Dickung,Jungwuchs/Dickung_12,,1646.8,Sumvitg
0.5,8,plant30,young,3,3,4,0,3,7174,Jungwuchs/Dickung,Jungwuchs/Dickung_8,,1750.9,Sumvitg
1.0,8,plant30,young,3,3,4,0,3,7175,Jungwuchs/Dickung,Jungwuchs/Dickung_8,,1757.2,Sumvitg
4.1,12,plant30,young,3,3,4,0,3,7176,Jungwuchs/Dickung,Jungwuchs/Dickung_12,,1465.7,Surrein
1.0,12,plant30,young,3,3,4,0,3,7177,Jungwuchs/Dickung,Jungwuchs/Dickung_12,,1481.0,Surrein
1.2,12,plant30,young,3,3,4,0,3,7178,Jungwuchs/Dickung,Jungwuchs/Dickung_12,,1569.3,Surrein
0.5,12,plant30,young,3,3,4,0,3,7179,Jungwuchs/Dickung,Jungwuchs/Dickung_12,,1477.6,Surrein
0.9,12,plant30,young,3,3,4,0,3,7180,Jungwuchs/Dickung,Jungwuchs/Dickung_12,,1444.1,Surrein
1.1,12,plant30,young,3,3,4,0,3,7181,Jungwuchs/Dickung,Jungwuchs/Dickung_12,,1420.6,Surrein
8.2,12,plant30,young,3,3,4,0,3,7182,Jungwuchs/Dickung,Jungwuchs/Dickung_12,,1355.9,Surrein
0.7,12,plant30,young,3,3,4,0,3,7183,Jungwuchs/Dickung,Jungwuchs/Dickung_12,,1421.4,Surrein
0.9,8,plant30,young,3,3,4,0,3,7184,Jungwuchs/Dickung,Jungwuchs/Dickung_8,,1876.7,Surrein
2.1,11,plant10,young,3,4,4,0,3,7185,Jungwuchs/Dickung,Jungwuchs/Dickung_11,,1419.2,Sumvitg
0.7,8,plant30,young,3,3,4,0,3,7186,Jungwuchs/Dickung,Jungwuchs/Dickung_8,,1813.4,Surrein
1.2,8,plant30,young,3,3,4,0,3,7187,Jungwuchs/Dickung,Jungwuchs/Dickung_8,,1807.7,Surrein
0.9,9,plant30,young,3,3,4,0,3,7188,Jungwuchs/Dickung,Jungwuchs/Dickung_9,,1926.9,Surrein
0.5,9,plant30,young,3,3,4,0,3,7189,Jungwuchs/Dickung,Jungwuchs/Dickung_9,,1890.3,Surrein
0.5,9,plant30,young,3,3,4,0,3,7190,Jungwuchs/Dickung,Jungwuchs/Dickung_9,,1952.1,Surrein
0.5,8,plant30,young,3,3,4,0,3,7191,Jungwuchs/Dickung,Jungwuchs/Dickung_8,,1739.5,Surrein
0.7,8,plant30,young,3,3,4,0,3,7192,Jungwuchs/Dickung,Jungwuchs/Dickung_8,,1821.8,Surrein
0.5,8,plant30,young,3,3,4,0,3,7193,Jungwuchs/Dickung,Jungwuchs/Dickung_8,,1789.4,Surrein
1.1,12,plant30,young,3,3,4,0,3,7194,Jungwuchs/Dickung,Jungwuchs/Dickung_12,,1655.3,Surrein
0.5,11,plant10,young,3,4,4,0,3,7195,Jungwuchs/Dickung,Jungwuchs/Dickung_11,,1389.6,Obersaxen
0.7,11,plant10,young,3,4,4,0,3,7196,Jungwuchs/Dickung,Jungwuchs/Dickung_11,,1450.1,Trun
1.5,8,plant30,young,3,3,4,0,3,7197,Jungwuchs/Dickung,Jungwuchs/Dickung_8,,1809.8,Trun
1.3,11,plant10,young,3,4,4,0,3,7198,Jungwuchs/Dickung,Jungwuchs/Dickung_11,,1194.8,Trun
0.9,12,plant30,young,3,3,4,0,3,7199,Jungwuchs/Dickung,Jungwuchs/Dickung_12,,1484.3,Zignau
0.8,11,plant30,young,3,3,4,0,3,7200,Jungwuchs/Dickung,Jungwuchs/Dickung_11,,1432.3,Trun
1.6,11,plant10,young,3,4,4,0,3,7201,Jungwuchs/Dickung,Jungwuchs/Dickung_11,,1532.7,Trun
0.5,11,plant10,young,3,4,4,0,3,7202,Jungwuchs/Dickung,Jungwuchs/Dickung_11,,1157.8,Trun
1.0,11,plant10,young,3,4,4,0,3,7203,Jungwuchs/Dickung,Jungwuchs/Dickung_11,,1495.2,Trun
2.1,11,plant10,young,3,4,4,0,3,7204,Jungwuchs/Dickung,Jungwuchs/Dickung_11,,1280.4,Trun
2.8,11,plant10,young,3,4,4,0,3,7205,Jungwuchs/Dickung,Jungwuchs/Dickung_11,,990.8,Trun
6.0,11,plant10,young,3,4,4,0,3,7206,Jungwuchs/Dickung,Jungwuchs/Dickung_11,,1439.4,Trun
0.6,8,plant30,young,3,3,4,0,3,7208,Jungwuchs/Dickung,Jungwuchs/Dickung_8,,1731.4,Trun
1.9,8,plant10,young,3,4,4,0,3,7209,Jungwuchs/Dickung,Jungwuchs/Dickung_8,,1619.9,Trun
2.1,11,plant10,young,3,4,4,0,3,7210,Jungwuchs/Dickung,Jungwuchs/Dickung_11,,1302.8,Trun
2.7,11,plant10,young,3,4,4,0,3,7211,Jungwuchs/Dickung,Jungwuchs/Dickung_11,,1380.0,Trun
4.0,11,plant10,young,3,4,4,0,3,7212,Jungwuchs/Dickung,Jungwuchs/Dickung_11,,1490.4,Trun
2.0,11,plant10,young,3,4,4,0,3,7213,Jungwuchs/Dickung,Jungwuchs/Dickung_11,,1400.9,Trun
4.0,11,plant10,young,3,4,4,0,3,7214,Jungwuchs/Dickung,Jungwuchs/Dickung_11,,1551.0,Trun
1.5,11,plant10,young,3,4,4,0,3,7215,Jungwuchs/Dickung,Jungwuchs/Dickung_11,,1529.0,Trun
1.7,11,plant10,young,3,4,4,0,3,7216,Jungwuchs/Dickung,Jungwuchs/Dickung_11,,1503.5,Trun
1.5,8,plant10,young,3,4,4,0,3,7217,Jungwuchs/Dickung,Jungwuchs/Dickung_8,,1608.5,Trun
0.9,8,plant10,young,3,4,4,0,3,7218,Jungwuchs/Dickung,Jungwuchs/Dickung_8,,1589.1,Trun
2.0,11,plant10,young,3,4,4,0,3,7219,Jungwuchs/Dickung,Jungwuchs/Dickung_11,,988.6,Trun
1.9,11,plant10,young,3,4,4,0,3,7220,Jungwuchs/Dickung,Jungwuchs/Dickung_11,,1179.6,Trun
1.2,11,plant10,young,3,4,4,0,3,7221,Jungwuchs/Dickung,Jungwuchs/Dickung_11,,994.0,Trun
2.3,11,plant10,young,3,4,4,0,3,7222,Jungwuchs/Dickung,Jungwuchs/Dickung_11,,1245.9,Trun
2.7,12,plant10,young,3,4,4,0,3,7223,Jungwuchs/Dickung,Jungwuchs/Dickung_12,,1543.3,Trun
1.2,11,plant10,young,1,4,4,0,3,7224,Jungwuchs/Dickung,Jungwuchs/Dickung_11,,708.7,Ilanz
1.2,11,plant10,young,1,4,4,0,3,7225,Jungwuchs/Dickung,Jungwuchs/Dickung_11,,704.7,Ilanz
0.6,11,plant10,young,1,4,4,0,3,7226,Jungwuchs/Dickung,Jungwuchs/Dickung_11,,705.0,Ilanz
0.7,12,plant10,young,3,4,4,0,3,7227,Jungwuchs/Dickung,Jungwuchs/Dickung_12,,1578.3,Siat
0.7,11,plant10,young,3,4,4,0,3,7228,Jungwuchs/Dickung,Jungwuchs/Dickung_11,,1410.1,Siat
0.8,11,plant10,young,3,4,4,0,3,7229,Jungwuchs/Dickung,Jungwuchs/Dickung_11,,1524.4,Siat
1.4,11,plant10,young,3,4,4,0,3,7230,Jungwuchs/Dickung,Jungwuchs/Dickung_11,,1194.0,Mumpé Medel
1.8,11,plant10,young,3,4,4,0,3,7231,Jungwuchs/Dickung,Jungwuchs/Dickung_11,,1157.5,Disentis/Mustér
1.6,11,plant10,young,3,4,4,0,3,7232,Jungwuchs/Dickung,Jungwuchs/Dickung_11,,1240.8,Mumpé Medel
2.0,11,plant10,young,3,4,4,0,3,7233,Jungwuchs/Dickung,Jungwuchs/Dickung_11,,1264.3,Mumpé Medel
2.4,12,other,not_young,3,3,3,0,3,7295,Schwaches Baumholz,Schwaches Baumholz_12,,1740.3,Siat
5.2,12,other,not_young,3,3,3,0,3,7296,Schwaches Baumholz,Schwaches Baumholz_12,,1376.7,Waltensburg/Vuorz
0.4,12,other,not_young,3,3,3,0,3,7297,Schwaches Baumholz,Schwaches Baumholz_12,,1502.2,Sedrun
1.3,12,other,not_young,3,3,3,0,3,7298,Schwaches Baumholz,Schwaches Baumholz_12,,1981.0,Zignau
1.8,12,other,not_young,3,3,3,0,3,7299,Schwaches Baumholz,Schwaches Baumholz_12,,1679.5,Obersaxen
1.9,12,prot_no_nat,not_young,2,2,2,0,2,7300,Schwaches Baumholz,Schwaches Baumholz_12,,1391.6,Waltensburg/Vuorz
1.2,12,prot_no_nat,not_young,2,2,2,0,2,7301,Schwaches Baumholz,Schwaches Baumholz_12,,1323.8,Trun
0.6,11,plant10,not_young,3,4,4,0,3,7302,Stangenholz,Stangenholz_11,,1356.8,Segnas
0.3,12,prot_no_nat,not_young,2,2,2,0,2,7303,Schwaches Baumholz,Schwaches Baumholz_12,,1389.9,Mumpé Medel
3.2,11,plant10,not_young,3,4,4,0,3,7304,Stangenholz,Stangenholz_11,,1366.7,Cumpadials
0.8,12,prot_no_nat,not_young,2,2,2,0,2,7305,Schwaches Baumholz,Schwaches Baumholz_12,,1390.7,Surrein
2.1,11,plant10,not_young,3,4,4,0,3,7306,Stangenholz,Stangenholz_11,,1389.8,Surrein
1.9,11,plant10,not_young,3,4,4,0,3,7307,Stangenholz,Stangenholz_11,,1541.4,Trun
1.2,11,plant10,not_young,3,4,4,0,3,7308,Stangenholz,Stangenholz_11,,1453.5,Obersaxen
4.5,12,prot_no_nat,not_young,2,2,2,0,2,7309,Schwaches Baumholz,Schwaches Baumholz_12,,1361.4,Siat
2.4,12,prot_no_nat,not_young,2,2,2,0,2,7310,Schwaches Baumholz,Schwaches Baumholz_12,,1408.8,Pigniu
0.4,12,plant30,not_young,3,3,4,0,3,7322,Stangenholz,Stangenholz_12,,1392.6,Obersaxen
1.0,8,prot_no_nat,not_young,2,2,2,0,2,7323,Stangenholz,Stangenholz_8,,1538.2,Trun
0.2,12,plant30,not_young,3,3,4,0,3,7324,Stangenholz,Stangenholz_12,,1485.0,Disentis/Mustér
1.1,8,prot_no_nat,not_young,2,2,2,0,2,7325,Stangenholz,Stangenholz_8,,1723.2,Obersaxen
1.1,12,plant30,not_young,3,3,4,0,3,7326,Stangenholz,Stangenholz_12,,1503.6,Siat
0.3,8,prot_no_nat,not_young,2,2,2,0,2,7328,Stangenholz,Stangenholz_8,,1846.4,Trun
3.2,12,plant30,not_young,3,3,4,0,3,7329,Stangenholz,Stangenholz_12,,1455.2,Ruschein
0.5,8,prot_no_nat,not_young,2,2,2,0,2,7331,Stangenholz,Stangenholz_8,,1803.7,Trun
2.6,12,plant30,not_young,3,3,4,0,3,7332,Stangenholz,Stangenholz_12,,1624.3,Waltensburg/Vuorz
2.8,12,plant30,not_young,3,3,4,0,3,7333,Stangenholz,Stangenholz_12,,1456.4,Siat
0.7,8,prot_no_nat,not_young,2,2,2,0,2,7335,Stangenholz,Stangenholz_8,,1729.3,Cumpadials
2.9,12,plant30,not_young,3,3,4,0,3,7336,Stangenholz,Stangenholz_12,,1539.5,Rueun
2.6,12,plant30,not_young,3,3,4,0,3,7337,Stangenholz,Stangenholz_12,,1526.6,Andiast
1.9,8,prot_no_nat,not_young,2,2,2,0,2,7339,Stangenholz,Stangenholz_8,,1621.0,Surrein
0.7,12,plant30,not_young,3,3,4,0,3,7340,Stangenholz,Stangenholz_12,,1503.4,Sumvitg
6.5,12,plant30,not_young,3,3,4,0,3,7341,Stangenholz,Stangenholz_12,,1424.9,Pigniu
1.9,12,plant30,not_young,3,3,4,0,3,7343,Stangenholz,Stangenholz_12,,1593.1,Waltensburg/Vuorz
1.7,12,plant30,not_young,3,3,4,0,3,7344,Stangenholz,Stangenholz_12,,1421.7,Andiast
0.6,12,plant30,not_young,3,3,4,0,3,7346,Stangenholz,Stangenholz_12,,1609.3,Curaglia
0.4,12,plant30,not_young,3,3,4,0,3,7348,Stangenholz,Stangenholz_12,,1570.6,Sedrun
0.8,12,plant30,not_young,3,3,4,0,3,7349,Stangenholz,Stangenholz_12,,1541.5,Zignau
2.3,12,plant30,not_young,3,3,4,0,3,7352,Stangenholz,Stangenholz_12,,1491.7,Surrein
0.8,12,plant30,not_young,3,3,4,0,3,7353,Stangenholz,Stangenholz_12,,1548.6,Obersaxen
2.7,11,prot_no_nat,not_young,2,2,2,0,2,7356,Schwaches Baumholz,Schwaches Baumholz_11,,1134.4,Rueun
2.5,11,prot_no_nat,not_young,2,2,2,0,2,7357,Schwaches Baumholz,Schwaches Baumholz_11,,1519.5,Surrein
0.4,11,prot_no_nat,not_young,2,2,2,0,2,7358,Schwaches Baumholz,Schwaches Baumholz_11,,1204.3,Mumpé Medel
3.6,12,prot_no_nat,not_young,2,2,2,0,2,7360,Mittleres Baumholz,Mittleres Baumholz_12,,1332.0,Pigniu
1.6,11,prot_no_nat,not_young,2,2,2,0,2,7361,Schwaches Baumholz,Schwaches Baumholz_11,,1223.0,Schlans
2.9,12,prot_no_nat,not_young,2,2,2,0,2,7363,Mittleres Baumholz,Mittleres Baumholz_12,,1461.1,Siat
1.1,11,prot_no_nat,not_young,2,2,2,0,2,7364,Schwaches Baumholz,Schwaches Baumholz_11,,1080.4,Waltensburg/Vuorz
0.7,12,prot_no_nat,not_young,2,2,2,0,2,7366,Mittleres Baumholz,Mittleres Baumholz_12,,1350.1,Sedrun
1.0,12,prot_no_nat,not_young,2,2,2,0,2,7368,Mittleres Baumholz,Mittleres Baumholz_12,,1398.9,Trun
1.0,11,prot_no_nat,not_young,2,2,2,0,2,7371,Schwaches Baumholz,Schwaches Baumholz_11,,1213.1,Obersaxen
3.6,12,prot_no_nat,not_young,2,2,2,0,2,7374,Mittleres Baumholz,Mittleres Baumholz_12,,1382.9,Surrein
3.2,11,prot_no_nat,not_young,2,2,2,0,2,7375,Schwaches Baumholz,Schwaches Baumholz_11,,1223.0,Obersaxen
0.6,12,plant30,not_young,3,3,4,0,3,7376,Stangenholz,Stangenholz_12,,1427.5,Sedrun
3.6,12,plant30,not_young,3,3,4,0,3,7378,Stangenholz,Stangenholz_12,,1334.8,Surrein
2.8,12,plant30,not_young,3,3,4,0,3,7380,Stangenholz,Stangenholz_12,,1448.7,Sumvitg
1.2,12,plant30,not_young,3,3,4,0,3,7381,Stangenholz,Stangenholz_12,,1393.8,Segnas
0.1,11,prot_no_nat,not_young,2,2,2,0,2,7382,Stangenholz,Stangenholz_11,,1154.1,Luven
1.0,8,prot_no_nat,not_young,2,2,2,0,2,7383,Stangenholz,Stangenholz_8,,1500.2,Sedrun
0.7,11,prot_no_nat,not_young,2,2,2,0,2,7384,Stangenholz,Stangenholz_11,,1245.7,Sumvitg
0.2,8,prot_no_nat,not_young,2,2,2,0,2,7385,Stangenholz,Stangenholz_8,,1833.7,Platta
4.4,11,res_prot,not_young,1,1,1,0,1,7386,Schwaches Baumholz,Schwaches Baumholz_11,,760.0,Ilanz
0.7,11,prot_no_nat,not_young,2,2,2,0,2,7387,Stangenholz,Stangenholz_11,,1180.0,Sumvitg
1.1,8,prot_no_nat,not_young,2,2,2,0,2,7388,Stangenholz,Stangenholz_8,,1773.6,Trun
1.6,11,prot_no_nat,not_young,2,2,2,0,2,7389,Stangenholz,Stangenholz_11,,1159.6,Waltensburg/Vuorz
1.4,8,prot_no_nat,not_young,2,2,2,0,2,7390,Stangenholz,Stangenholz_8,,1575.1,Rabius
2.5,11,prot_no_nat,not_young,2,2,2,0,2,7391,Stangenholz,Stangenholz_11,,1083.1,Trun
2.7,8,prot_no_nat,not_young,2,2,2,0,2,7392,Stangenholz,Stangenholz_8,,1862.7,Rueun
0.6,11,prot_no_nat,not_young,2,2,2,0,2,7393,Stangenholz,Stangenholz_11,,1307.4,Zignau
0.5,8,prot_no_nat,not_young,2,2,2,0,2,7395,Stangenholz,Stangenholz_8,,1626.0,Waltensburg/Vuorz
0.7,11,prot_no_nat,not_young,2,2,2,0,2,7396,Stangenholz,Stangenholz_11,,1156.2,Obersaxen
0.7,11,prot_no_nat,not_young,2,2,2,0,2,7398,Stangenholz,Stangenholz_11,,1240.8,Cavardiras
1.1,8,prot_no_nat,not_young,2,2,2,0,2,7400,Stangenholz,Stangenholz_8,,1721.4,Schnaus
1.8,11,prot_no_nat,not_young,2,2,2,0,2,7401,Stangenholz,Stangenholz_11,,1335.0,Surrein
0.4,11,res_prot,not_young,1,1,1,0,1,7405,Schwaches Baumholz,Schwaches Baumholz_11,,815.7999999999998,Trun
6.0,11,res_prot,not_young,1,1,1,0,1,7407,Schwaches Baumholz,Schwaches Baumholz_11,,840.0,Rueun
3.5,11,prot_no_nat,not_young,2,2,2,0,2,7409,Stangenholz,Stangenholz_11,,1147.5,Siat
1.6,11,prot_no_nat,not_young,2,2,2,0,2,7413,Stangenholz,Stangenholz_11,,1282.7,Surrein
9.7,11,prot_no_nat,not_young,2,2,2,0,2,7414,Stangenholz,Stangenholz_11,,719.6,Rueun
1.2,11,plant10,not_young,3,4,4,0,3,7417,Stangenholz,Stangenholz_11,,1227.3,Waltensburg/Vuorz
1.8,11,plant10,not_young,3,4,4,0,3,7418,Stangenholz,Stangenholz_11,,1323.0,Siat
0.5,11,plant10,not_young,3,4,4,0,3,7419,Stangenholz,Stangenholz_11,,1391.2,Schlans
0.2,11,plant10,not_young,3,4,4,0,3,7420,Stangenholz,Stangenholz_11,,1310.5,S. Benedetg
4.8,8,prot_no_nat,not_young,2,2,2,0,2,7421,Mittleres Baumholz,Mittleres Baumholz_8,,1700.6,Pigniu
2.6,8,prot_no_nat,not_young,2,2,2,0,2,7422,Mittleres Baumholz,Mittleres Baumholz_8,,1710.2,Siat
1.9,8,nat15,not_young,3,3,3,0,1,7423,Schwaches Baumholz,Schwaches Baumholz_8,,1831.1,Siat
3.1,8,nat15,not_young,3,3,3,0,1,7424,Schwaches Baumholz,Schwaches Baumholz_8,,1788.5,Rueun
5.1,8,nat15,not_young,3,3,3,0,1,7425,Schwaches Baumholz,Schwaches Baumholz_8,,1647.6,Waltensburg/Vuorz
1.6,8,nat15,not_young,3,3,3,0,1,7426,Schwaches Baumholz,Schwaches Baumholz_8,,1890.0,Rabius
0.5,8,nat15,not_young,3,3,3,0,1,7427,Schwaches Baumholz,Schwaches Baumholz_8,,1784.9,Segnas
0.4,8,prot_no_nat,not_young,2,2,2,0,2,7428,Mittleres Baumholz,Mittleres Baumholz_8,,1737.3,Curaglia
1.2,8,nat15,not_young,3,3,3,0,1,7429,Schwaches Baumholz,Schwaches Baumholz_8,,1740.0,Surrein
1.8,8,prot_no_nat,not_young,2,2,2,0,2,7430,Mittleres Baumholz,Mittleres Baumholz_8,,1770.5,Sedrun
1.0,8,nat15,not_young,3,3,3,0,1,7431,Schwaches Baumholz,Schwaches Baumholz_8,,1741.4,Trun
0.3,8,prot_no_nat,not_young,2,2,2,0,2,7432,Mittleres Baumholz,Mittleres Baumholz_8,,1903.2,Disentis/Mustér
0.7,8,nat15,not_young,3,3,3,0,1,7433,Schwaches Baumholz,Schwaches Baumholz_8,,1814.4,Obersaxen
0.2,8,prot_no_nat,not_young,2,2,2,0,2,7434,Mittleres Baumholz,Mittleres Baumholz_8,,1763.6,Sumvitg
1.2,8,nat15,not_young,3,3,3,0,1,7435,Schwaches Baumholz,Schwaches Baumholz_8,,1556.1,Obersaxen
2.0,8,prot_no_nat,not_young,2,2,2,0,2,7436,Mittleres Baumholz,Mittleres Baumholz_8,,1545.9,Sumvitg
0.2,8,nat15,not_young,3,3,3,0,1,7437,Schwaches Baumholz,Schwaches Baumholz_8,,1784.3,Schnaus
1.2,8,prot_no_nat,not_young,2,2,2,0,2,7438,Mittleres Baumholz,Mittleres Baumholz_8,,1831.1,Schlans
0.5,8,prot_no_nat,not_young,2,2,2,0,2,7439,Mittleres Baumholz,Mittleres Baumholz_8,,1751.9,Breil/Brigels
2.6,8,prot_no_nat,not_young,2,2,2,0,2,7440,Mittleres Baumholz,Mittleres Baumholz_8,,1529.5,Andiast
0.4,8,prot_no_nat,not_young,2,2,2,0,2,7441,Mittleres Baumholz,Mittleres Baumholz_8,,1721.5,Obersaxen
1.8,8,prot_no_nat,not_young,2,2,2,0,2,7442,Mittleres Baumholz,Mittleres Baumholz_8,,1777.8,Trun
1.9,8,prot_no_nat,not_young,2,2,2,0,2,7443,Mittleres Baumholz,Mittleres Baumholz_8,,1686.6,Surrein
0.5,8,prot_no_nat,not_young,2,2,2,0,2,7444,Mittleres Baumholz,Mittleres Baumholz_8,,1651.3,Cumpadials
