fsID,area,HYBRID,ProtFor,fs_NatRes,fs_NatProt,BAU,WOOD,BIO,ds,Cluster_ID,ds_text,rst,SEmme,Above1000m,area_ha,age,elev,SHORTNAME
1,32587,1,0,2,2,1,1,1,ds6,2769.0,Starkes Baumholz,Starkes Baumholz_6,1,1,3.259,not_young,984.9,Fontannen b. W.
2,54423,4,1,0,1,2,4,2,ds4,2844.0,Schwaches Baumholz,Schwaches Baumholz_6,1,1,5.442,not_young,936.5,Romoos
13,22020,4,0,0,0,3,4,3,ds4,784.0,Schwaches Baumholz,Schwaches Baumholz_13,1,1,2.202,not_young,851.7,Wiggen
16,28403,3,0,0,0,3,3,3,ds5,4812.0,Mittleres Baumholz,Mittleres Baumholz_6,1,1,2.84,not_young,1046.5,Escholzmatt
17,28309,3,0,0,0,3,3,3,ds5,2760.0,Mittleres Baumholz,Mittleres Baumholz_13,1,1,2.831,not_young,974.8,Wiggen
22,25842,3,0,0,0,3,3,3,ds5,715.0,Mittleres Baumholz,Mittleres Baumholz_6,1,1,2.584,not_young,1091.3,Schüpfheim
23,14073,3,0,0,0,3,3,1,ds2,904.0,Jungwuchs/Dickung,Jungwuchs/Dickung_6,1,1,1.407,young,1132.7,Escholzmatt
27,21372,3,0,0,0,3,3,3,ds6,738.0,Starkes Baumholz,Starkes Baumholz_6,1,1,2.137,not_young,1045.7,Schüpfheim
29,22179,3,0,0,0,3,3,3,ds1,972.0,Jungwuchs/Dickung,Jungwuchs/Dickung_6,1,1,2.218,young,1088.5,Escholzmatt
39,13938,3,0,0,0,3,3,3,ds6,756.0,Starkes Baumholz,Starkes Baumholz_6,1,1,1.394,not_young,996.5,Fontannen b. W.
50,48842,2,1,0,1,2,2,2,ds4,756.0,Schwaches Baumholz,Schwaches Baumholz_6,1,1,4.884,not_young,938.2,Romoos
54,16921,3,0,0,0,3,3,3,ds6,504.0,Starkes Baumholz,Starkes Baumholz_13,1,1,1.692,not_young,985.3,Escholzmatt
58,17687,3,0,0,0,3,3,3,ds4,747.0,Schwaches Baumholz,Schwaches Baumholz_6,1,1,1.769,not_young,1080.0,Escholzmatt
65,22592,3,0,0,0,3,3,3,ds4,2770.0,Schwaches Baumholz,Schwaches Baumholz_13,1,1,2.259,not_young,926.7,Romoos
69,56887,2,1,0,1,2,2,2,ds6,6699.0,Starkes Baumholz,Starkes Baumholz_13,1,1,5.689,not_young,929.7,Romoos
81,49727,3,0,0,0,3,3,3,ds6,8763.0,Starkes Baumholz,Starkes Baumholz_13,1,1,4.973,not_young,808.2,Fontannen b. W.
85,15653,3,0,0,0,3,3,3,ds4,2744.0,Schwaches Baumholz,Schwaches Baumholz_6,1,1,1.565,not_young,997.7,Bramboden
87,55178,2,1,0,1,2,2,2,ds3,774.0,Stangenholz,Stangenholz_6,1,1,5.518,not_young,1398.9,Marbach LU
89,45070,3,0,0,0,3,3,3,ds2,836.0,Jungwuchs/Dickung,Jungwuchs/Dickung_6,1,1,4.507,young,1092.0,Schüpfheim
90,41784,3,0,0,0,3,3,1,ds4,4785.0,Schwaches Baumholz,Schwaches Baumholz_13,1,1,4.178,not_young,906.1,Romoos
93,57457,3,0,0,0,3,3,1,ds6,6726.0,Starkes Baumholz,Starkes Baumholz_6,1,1,5.746,not_young,1049.1,Romoos
96,36650,3,0,0,0,3,3,1,ds5,4726.0,Mittleres Baumholz,Mittleres Baumholz_6,1,1,3.665,not_young,1046.2,Bramboden
105,17839,3,0,0,0,3,3,3,ds4,690.0,Schwaches Baumholz,Schwaches Baumholz_13,1,1,1.784,not_young,1000.0,Romoos
122,6533,3,0,0,0,3,3,3,ds2,805.0,Jungwuchs/Dickung,Jungwuchs/Dickung_6,1,1,0.653,young,1065.1,Fontannen b. W.
123,22495,3,0,0,0,3,3,3,ds3,740.0,Stangenholz,Stangenholz_6,1,1,2.25,not_young,1172.0,Escholzmatt
127,20914,3,0,0,0,3,3,3,ds3,729.0,Stangenholz,Stangenholz_6,1,1,2.091,not_young,1090.4,Romoos
128,27201,1,0,2,2,1,1,1,ds3,735.0,Stangenholz,Stangenholz_6,1,1,2.72,not_young,1149.3,Bramboden
136,83647,2,1,0,1,2,2,2,ds5,2646.0,Mittleres Baumholz,Mittleres Baumholz_13,1,1,8.365,not_young,801.0,Flühli LU
137,27306,3,0,0,0,3,3,3,ds6,2662.0,Starkes Baumholz,Starkes Baumholz_6,1,1,2.731,not_young,1093.3,Romoos
149,56296,2,1,0,1,2,2,2,ds5,576.0,Mittleres Baumholz,Mittleres Baumholz_6,1,1,5.63,not_young,1133.1,Finsterwald b. E.
151,16750,3,0,0,0,3,3,3,ds5,581.0,Mittleres Baumholz,Mittleres Baumholz_6,1,1,1.675,not_young,1104.7,Schüpfheim
153,4000,3,0,0,0,3,3,3,ds3,4796.0,Stangenholz,Stangenholz_6,1,1,0.4,not_young,1072.2,Schüpfheim
160,12346,2,1,0,1,2,2,2,ds4,2673.0,Schwaches Baumholz,Schwaches Baumholz_13,1,1,1.235,not_young,968.8,Escholzmatt
184,27557,3,0,0,0,3,3,3,ds4,4692.0,Schwaches Baumholz,Schwaches Baumholz_6,1,1,2.756,not_young,1053.1,Fontannen b. W.
185,34886,2,1,0,1,2,2,2,ds6,2448.0,Starkes Baumholz,Starkes Baumholz_13,1,1,3.489,not_young,967.8,Wiggen
188,22719,1,0,2,2,1,1,1,ds5,4630.0,Mittleres Baumholz,Mittleres Baumholz_6,1,1,2.272,not_young,989.5,Fontannen b. W.
192,14801,3,0,0,0,3,3,3,ds3,658.0,Stangenholz,Stangenholz_6,1,1,1.48,not_young,1183.9,Escholzmatt
203,11895,3,0,0,0,3,3,3,ds4,576.0,Schwaches Baumholz,Schwaches Baumholz_6,1,1,1.189,not_young,1060.7,Escholzmatt
204,43589,3,0,0,0,3,3,3,ds6,4530.0,Starkes Baumholz,Starkes Baumholz_6,1,1,4.359,not_young,1148.6,Escholzmatt
207,33526,2,1,0,1,2,2,1,ds5,516.0,Mittleres Baumholz,Mittleres Baumholz_13,1,1,3.353,not_young,797.2999999999998,Fontannen b. W.
223,43606,3,0,0,0,3,3,3,ds5,4590.0,Mittleres Baumholz,Mittleres Baumholz_13,1,1,4.361,not_young,1021.0,Romoos
227,43209,3,0,0,0,3,3,3,ds5,6630.0,Mittleres Baumholz,Mittleres Baumholz_6,1,1,4.321,not_young,1081.1,Romoos
240,8180,3,0,0,0,3,3,3,ds2,679.0,Jungwuchs/Dickung,Jungwuchs/Dickung_6,1,1,0.818,young,1232.2,Escholzmatt
244,7995,3,0,0,0,3,3,3,ds2,666.0,Jungwuchs/Dickung,Jungwuchs/Dickung_6,1,1,0.799,young,1116.4,Escholzmatt
245,32765,3,0,0,0,3,3,3,ds6,470.0,Starkes Baumholz,Starkes Baumholz_6,1,1,3.277,not_young,991.8,Escholzmatt
246,23490,2,1,0,1,2,2,1,ds3,600.0,Stangenholz,Stangenholz_6,1,1,2.349,not_young,1003.2,Finsterwald b. E.
248,43317,3,0,0,0,3,3,1,ds6,465.0,Starkes Baumholz,Starkes Baumholz_6,1,1,4.332,not_young,1044.2,Bramboden
252,19249,3,0,0,0,3,3,3,ds4,2583.0,Schwaches Baumholz,Schwaches Baumholz_6,1,1,1.925,not_young,1080.1,Escholzmatt
259,32824,2,1,0,1,2,2,2,ds2,660.0,Jungwuchs/Dickung,Jungwuchs/Dickung_13,1,1,3.282,young,972.9,Schüpfheim
268,9307,3,0,0,0,3,3,3,ds2,640.0,Jungwuchs/Dickung,Jungwuchs/Dickung_6,1,1,0.931,young,1038.6,Schüpfheim
269,26890,2,1,0,1,2,2,2,ds3,576.0,Stangenholz,Stangenholz_6,1,1,2.689,not_young,1037.1,Schüpfheim
274,12093,1,0,2,2,1,1,1,ds2,644.0,Jungwuchs/Dickung,Jungwuchs/Dickung_6,1,1,1.209,young,1191.1,Romoos
276,35718,2,1,0,1,2,2,2,ds6,4350.0,Starkes Baumholz,Starkes Baumholz_13,1,1,3.572,not_young,977.5,Escholzmatt
279,23428,3,0,0,0,3,3,3,ds4,2544.0,Schwaches Baumholz,Schwaches Baumholz_6,1,1,2.343,not_young,1031.1,Schüpfheim
280,10621,3,0,0,0,3,3,3,ds3,575.0,Stangenholz,Stangenholz_6,1,1,1.062,not_young,1121.9,Schüpfheim
281,32875,3,0,0,0,3,3,3,ds5,2483.0,Mittleres Baumholz,Mittleres Baumholz_6,1,1,3.287,not_young,1078.6,Schüpfheim
284,22863,3,0,0,0,3,3,1,ds6,2296.0,Starkes Baumholz,Starkes Baumholz_6,1,1,2.286,not_young,1085.8,Fontannen b. W.
292,1128,3,0,0,0,3,3,3,ds4,6630.0,Schwaches Baumholz,Schwaches Baumholz_6,1,1,0.113,not_young,1066.4,Romoos
295,22253,3,0,0,0,3,3,3,ds6,2304.0,Starkes Baumholz,Starkes Baumholz_6,1,1,2.225,not_young,1069.1,Romoos
297,16120,2,1,0,1,2,2,2,ds1,682.0,Jungwuchs/Dickung,Jungwuchs/Dickung_6,1,1,1.612,young,1131.7,Escholzmatt
303,9847,2,1,0,1,2,2,2,ds3,556.0,Stangenholz,Stangenholz_13,1,1,0.985,not_young,757.7999999999998,Hasle LU
316,11413,3,0,0,0,3,3,1,ds2,612.0,Jungwuchs/Dickung,Jungwuchs/Dickung_13,1,1,1.141,young,806.3999999999999,Rengg
317,21587,3,0,0,0,3,3,3,ds5,4499.0,Mittleres Baumholz,Mittleres Baumholz_6,1,1,2.159,not_young,1035.7,Escholzmatt
318,33139,2,1,0,1,2,2,2,ds6,2322.0,Starkes Baumholz,Starkes Baumholz_13,1,1,3.314,not_young,963.4,Escholzmatt
324,18025,3,0,0,0,3,3,3,ds5,4500.0,Mittleres Baumholz,Mittleres Baumholz_13,1,1,1.803,not_young,1017.0,Escholzmatt
325,17026,3,0,0,0,3,3,3,ds5,2450.0,Mittleres Baumholz,Mittleres Baumholz_13,1,1,1.703,not_young,941.1,Escholzmatt
327,24439,3,0,0,0,3,3,3,ds5,414.0,Mittleres Baumholz,Mittleres Baumholz_6,1,1,2.444,not_young,1006.5,Romoos
330,58376,2,1,0,1,2,2,1,ds5,400.0,Mittleres Baumholz,Mittleres Baumholz_13,1,1,5.838,not_young,934.9,Romoos
345,36666,3,0,0,0,3,3,1,ds6,2346.0,Starkes Baumholz,Starkes Baumholz_6,1,1,3.667,not_young,942.9,Fontannen b. W.
367,9478,3,0,0,0,3,3,3,ds4,2472.0,Schwaches Baumholz,Schwaches Baumholz_13,1,1,0.948,not_young,876.5,Schüpfheim
372,91342,2,1,0,1,2,2,1,ds6,4428.0,Starkes Baumholz,Starkes Baumholz_13,1,1,9.134,not_young,950.8,Hasle LU
373,16123,3,0,0,0,3,3,3,ds4,427.0,Schwaches Baumholz,Schwaches Baumholz_13,1,1,1.612,not_young,909.1,Escholzmatt
375,97371,2,1,0,1,2,2,1,ds5,2400.0,Mittleres Baumholz,Mittleres Baumholz_6,1,1,9.737,not_young,1074.3,Finsterwald b. E.
379,30017,3,0,0,0,3,3,3,ds4,429.0,Schwaches Baumholz,Schwaches Baumholz_6,1,1,3.002,not_young,1006.0,Bramboden
380,31663,3,0,0,0,3,3,3,ds5,364.0,Mittleres Baumholz,Mittleres Baumholz_6,1,1,3.166,not_young,1128.3,Escholzmatt
385,46620,3,0,0,0,3,4,3,ds5,352.0,Mittleres Baumholz,Mittleres Baumholz_13,1,1,4.662,not_young,926.7,Doppleschwand
394,24047,3,0,0,0,3,3,3,ds5,6487.0,Mittleres Baumholz,Mittleres Baumholz_6,1,1,2.405,not_young,1150.1,Escholzmatt
395,13883,3,0,0,0,3,3,3,ds2,539.0,Jungwuchs/Dickung,Jungwuchs/Dickung_6,1,1,1.388,young,1087.5,Escholzmatt
399,47225,2,1,0,1,2,2,2,ds2,540.0,Jungwuchs/Dickung,Jungwuchs/Dickung_6,1,1,4.723,young,1199.4,Escholzmatt
407,3194,3,0,0,0,3,3,3,ds2,528.0,Jungwuchs/Dickung,Jungwuchs/Dickung_6,1,1,0.319,young,1061.5,Romoos
423,7763,2,1,0,1,2,2,2,ds2,524.0,Jungwuchs/Dickung,Jungwuchs/Dickung_6,1,1,0.776,young,1068.2,Romoos
424,23827,3,0,0,0,3,3,3,ds6,351.0,Starkes Baumholz,Starkes Baumholz_6,1,1,2.383,not_young,1061.3,Romoos
427,4775,3,0,0,0,3,3,3,ds5,2373.0,Mittleres Baumholz,Mittleres Baumholz_6,1,1,0.478,not_young,990.1,Schüpfheim
434,59914,3,0,0,0,3,3,3,ds6,4466.0,Starkes Baumholz,Starkes Baumholz_13,1,1,5.991,not_young,936.7,Escholzmatt
442,43446,3,0,0,0,3,3,3,ds4,4465.0,Schwaches Baumholz,Schwaches Baumholz_6,1,1,4.345,not_young,1173.8,Romoos
446,54379,2,1,0,1,2,2,2,ds5,2352.0,Mittleres Baumholz,Mittleres Baumholz_6,1,1,5.438,not_young,1081.2,Escholzmatt
458,50107,3,0,0,0,3,3,3,ds6,4224.0,Starkes Baumholz,Starkes Baumholz_13,1,1,5.011,not_young,895.0,Romoos
460,31063,3,0,0,0,3,3,3,ds6,4235.0,Starkes Baumholz,Starkes Baumholz_6,1,1,3.106,not_young,1013.3,Romoos
475,36024,3,0,0,0,3,3,3,ds5,4382.0,Mittleres Baumholz,Mittleres Baumholz_6,1,1,3.602,not_young,1112.5,Bramboden
486,3050,3,0,0,0,3,3,3,ds3,4500.0,Stangenholz,Stangenholz_6,1,1,0.305,not_young,1062.5,Escholzmatt
487,20354,3,0,0,0,3,3,3,ds3,2448.0,Stangenholz,Stangenholz_13,1,1,2.035,not_young,926.0,Schüpfheim
503,21515,4,0,0,0,3,4,3,ds3,392.0,Stangenholz,Stangenholz_6,1,1,2.152,not_young,981.9,Romoos
507,40514,2,1,0,1,2,2,2,ds6,2220.0,Starkes Baumholz,Starkes Baumholz_13,1,1,4.051,not_young,907.6,Schüpfheim
509,14259,3,0,0,0,3,3,3,ds4,2373.0,Schwaches Baumholz,Schwaches Baumholz_6,1,1,1.426,not_young,986.3,Schüpfheim
511,36740,3,0,0,0,3,3,1,ds5,6384.0,Mittleres Baumholz,Mittleres Baumholz_6,1,1,3.674,not_young,1227.6,Bramboden
518,18474,3,0,0,0,3,3,3,ds3,2431.0,Stangenholz,Stangenholz_6,1,1,1.847,not_young,1018.8,Bramboden
519,38288,3,0,0,0,3,3,3,ds5,2301.0,Mittleres Baumholz,Mittleres Baumholz_13,1,1,3.829,not_young,1012.8,Escholzmatt
520,21021,3,0,0,0,3,3,3,ds2,442.0,Jungwuchs/Dickung,Jungwuchs/Dickung_6,1,1,2.102,young,1124.1,Romoos
527,12114,3,0,0,0,3,3,3,ds2,444.0,Jungwuchs/Dickung,Jungwuchs/Dickung_6,1,1,1.211,young,1037.6,Escholzmatt
531,32477,3,0,0,0,3,3,1,ds3,368.0,Stangenholz,Stangenholz_6,1,1,3.248,not_young,1008.0,Romoos
536,23631,4,0,0,0,3,4,3,ds6,184.0,Starkes Baumholz,Starkes Baumholz_6,1,1,2.363,not_young,1036.8,Bramboden
542,17049,2,1,0,1,2,2,2,ds1,495.0,Jungwuchs/Dickung,Jungwuchs/Dickung_6,1,1,1.705,young,1061.2,Schüpfheim
543,11284,2,1,0,1,2,2,2,ds3,360.0,Stangenholz,Stangenholz_13,1,1,1.128,not_young,973.2,Wiggen
546,16944,1,0,2,2,1,1,1,ds4,4390.0,Schwaches Baumholz,Schwaches Baumholz_6,1,1,1.694,not_young,1264.4,Fontannen b. W.
550,37298,3,0,0,0,3,3,3,ds6,6352.0,Starkes Baumholz,Starkes Baumholz_6,1,1,3.73,not_young,998.0,Escholzmatt
551,19402,3,0,0,0,3,3,3,ds4,290.0,Schwaches Baumholz,Schwaches Baumholz_6,1,1,1.94,not_young,1052.1,Escholzmatt
554,9112,3,0,0,0,3,3,1,ds5,228.0,Mittleres Baumholz,Mittleres Baumholz_6,1,1,0.911,not_young,1067.6,Bramboden
556,17314,3,0,0,0,3,3,3,ds1,484.0,Jungwuchs/Dickung,Jungwuchs/Dickung_6,1,1,1.731,young,961.9,Bramboden
564,6751,3,0,0,0,3,3,3,ds3,351.0,Stangenholz,Stangenholz_6,1,1,0.675,not_young,1034.2,Schüpfheim
578,14858,2,1,0,1,2,2,2,ds3,340.0,Stangenholz,Stangenholz_13,1,1,1.486,not_young,927.4,Escholzmatt
581,10842,3,0,0,0,3,3,3,ds5,2255.0,Mittleres Baumholz,Mittleres Baumholz_6,1,1,1.084,not_young,1015.9,Schüpfheim
582,6096,2,1,0,1,2,2,2,ds2,392.0,Jungwuchs/Dickung,Jungwuchs/Dickung_6,1,1,0.61,young,985.8,Escholzmatt
585,35607,2,1,0,1,2,2,1,ds4,2304.0,Schwaches Baumholz,Schwaches Baumholz_13,1,1,3.561,not_young,770.0,Fontannen b. W.
588,43698,2,1,0,1,2,2,2,ds5,2240.0,Mittleres Baumholz,Mittleres Baumholz_13,1,1,4.37,not_young,926.1,Romoos
595,42904,2,1,0,1,2,2,2,ds6,238.0,Starkes Baumholz,Starkes Baumholz_13,1,1,4.29,not_young,938.4,Escholzmatt
600,38909,3,0,0,0,3,3,3,ds6,4335.0,Starkes Baumholz,Starkes Baumholz_6,1,1,3.891,not_young,1021.3,Escholzmatt
607,102074,2,1,0,1,2,2,2,ds6,2288.0,Starkes Baumholz,Starkes Baumholz_13,1,1,10.207,not_young,995.5,Romoos
630,7701,3,0,0,0,3,3,3,ds1,423.0,Jungwuchs/Dickung,Jungwuchs/Dickung_6,1,1,0.77,young,1200.7,Escholzmatt
637,11840,3,0,0,0,3,3,3,ds4,228.0,Schwaches Baumholz,Schwaches Baumholz_6,1,1,1.184,not_young,996.6,Wiggen
639,39513,2,1,0,1,2,2,1,ds6,10.0,Starkes Baumholz,Starkes Baumholz_6,1,1,3.951,not_young,888.8999999999999,Marbach LU
642,12612,3,0,0,0,3,3,3,ds5,152.0,Mittleres Baumholz,Mittleres Baumholz_6,1,1,1.261,not_young,1082.8,Schüpfheim
659,9894,2,1,0,1,2,2,2,ds4,215.0,Schwaches Baumholz,Schwaches Baumholz_6,1,1,0.989,not_young,940.7,Schüpfheim
671,3850,2,1,0,1,2,2,2,ds3,258.0,Stangenholz,Stangenholz_13,1,1,0.385,not_young,948.9,Escholzmatt
676,18284,3,0,0,0,3,3,3,ds5,120.0,Mittleres Baumholz,Mittleres Baumholz_6,1,1,1.828,not_young,1092.3,Escholzmatt
680,24887,2,1,0,1,2,2,2,ds5,2160.0,Mittleres Baumholz,Mittleres Baumholz_6,1,1,2.489,not_young,1045.6,Escholzmatt
682,32757,3,0,0,0,3,3,3,ds2,2352.0,Jungwuchs/Dickung,Jungwuchs/Dickung_6,1,1,3.276,young,1126.9,Escholzmatt
688,21763,3,0,0,0,3,3,3,ds5,2167.0,Mittleres Baumholz,Mittleres Baumholz_13,1,1,2.176,not_young,835.3999999999999,Romoos
689,45096,3,0,0,0,3,3,3,ds5,6240.0,Mittleres Baumholz,Mittleres Baumholz_6,1,1,4.51,not_young,1019.5,Escholzmatt
690,48310,3,0,0,0,3,3,3,ds6,6222.0,Starkes Baumholz,Starkes Baumholz_13,1,1,4.831,not_young,988.4,Escholzmatt
699,16324,3,0,0,0,3,3,1,ds4,2208.0,Schwaches Baumholz,Schwaches Baumholz_6,1,1,1.632,not_young,989.6,Fontannen b. W.
700,47256,3,0,0,0,3,3,3,ds6,2125.0,Starkes Baumholz,Starkes Baumholz_6,1,1,4.726,not_young,1037.7,Schüpfheim
703,28045,3,0,0,0,3,3,1,ds2,300.0,Jungwuchs/Dickung,Jungwuchs/Dickung_6,1,1,2.805,young,788.6,Bramboden
705,20156,3,0,0,0,3,3,3,ds5,2149.0,Mittleres Baumholz,Mittleres Baumholz_6,1,1,2.016,not_young,1054.7,Escholzmatt
707,7656,3,0,0,0,3,3,3,ds2,290.0,Jungwuchs/Dickung,Jungwuchs/Dickung_13,1,1,0.766,young,778.1,Hasle LU
708,19774,3,0,0,0,3,3,3,ds6,77.0,Starkes Baumholz,Starkes Baumholz_13,1,1,1.977,not_young,1023.7,Escholzmatt
715,14964,3,0,0,0,3,3,3,ds2,294.0,Jungwuchs/Dickung,Jungwuchs/Dickung_13,1,1,1.496,young,978.5,Romoos
722,12832,3,0,0,0,3,3,3,ds3,216.0,Stangenholz,Stangenholz_13,1,1,1.283,not_young,973.5,Escholzmatt
727,4012,3,0,0,0,3,3,3,ds6,6240.0,Starkes Baumholz,Starkes Baumholz_6,1,1,0.401,not_young,1096.1,Escholzmatt
731,40094,2,1,0,1,2,2,2,ds4,2184.0,Schwaches Baumholz,Schwaches Baumholz_6,1,1,4.009,not_young,825.5,Escholzmatt
738,27518,3,0,0,0,3,3,1,ds4,4224.0,Schwaches Baumholz,Schwaches Baumholz_6,1,1,2.752,not_young,1129.7,Romoos
744,7478,3,0,0,0,3,3,3,ds1,332.0,Jungwuchs/Dickung,Jungwuchs/Dickung_6,1,1,0.748,young,1107.4,Escholzmatt
749,36734,3,0,0,0,3,3,3,ds5,6195.0,Mittleres Baumholz,Mittleres Baumholz_6,1,1,3.673,not_young,1013.8,Romoos
752,60262,3,0,0,0,3,3,3,ds5,4158.0,Mittleres Baumholz,Mittleres Baumholz_6,1,1,6.026,not_young,1057.5,Romoos
758,4119,3,0,0,0,3,3,3,ds3,186.0,Stangenholz,Stangenholz_6,1,1,0.412,not_young,1062.2,Escholzmatt
760,28680,3,0,0,0,3,3,3,ds4,4212.0,Schwaches Baumholz,Schwaches Baumholz_6,1,1,2.868,not_young,1183.5,Escholzmatt
761,9319,2,1,0,1,2,2,2,ds4,2175.0,Schwaches Baumholz,Schwaches Baumholz_13,1,1,0.932,not_young,950.4,Wiggen
762,26993,3,0,0,0,3,3,3,ds4,2160.0,Schwaches Baumholz,Schwaches Baumholz_6,1,1,2.699,not_young,858.3999999999999,Escholzmatt
765,21568,3,0,0,0,3,3,3,ds2,255.0,Jungwuchs/Dickung,Jungwuchs/Dickung_6,1,1,2.157,young,1152.2,Schüpfheim
770,1621,3,0,0,0,3,3,3,ds4,6240.0,Schwaches Baumholz,Schwaches Baumholz_6,1,1,0.162,not_young,1018.2,Escholzmatt
772,15180,3,0,0,0,3,3,3,ds2,240.0,Jungwuchs/Dickung,Jungwuchs/Dickung_6,1,1,1.518,young,1124.9,Escholzmatt
773,24031,3,0,0,0,3,3,3,ds6,1925.0,Starkes Baumholz,Starkes Baumholz_6,1,1,2.403,not_young,1087.3,Escholzmatt
775,11427,3,0,0,0,3,3,3,ds4,2154.0,Schwaches Baumholz,Schwaches Baumholz_6,1,1,1.143,not_young,976.8,Escholzmatt
780,12452,3,0,0,0,3,3,3,ds5,54.0,Mittleres Baumholz,Mittleres Baumholz_13,1,1,1.245,not_young,1002.0,Hasle LU
785,34749,2,1,0,1,2,2,2,ds6,3990.0,Starkes Baumholz,Starkes Baumholz_6,1,1,3.475,not_young,1007.7,Escholzmatt
787,6664,3,0,0,0,3,3,3,ds1,296.0,Jungwuchs/Dickung,Jungwuchs/Dickung_13,1,1,0.666,young,996.7,Romoos
789,28486,4,1,0,1,2,4,2,ds5,35.0,Mittleres Baumholz,Mittleres Baumholz_6,1,1,2.849,not_young,881.5,Escholzmatt
790,42753,3,0,0,0,3,3,3,ds5,34.0,Mittleres Baumholz,Mittleres Baumholz_6,1,1,4.275,not_young,1000.0,Fontannen b. W.
805,38142,3,0,0,0,3,3,3,ds5,6156.0,Mittleres Baumholz,Mittleres Baumholz_6,1,1,3.814,not_young,1087.4,Romoos
808,12979,3,0,0,0,3,3,3,ds4,84.0,Schwaches Baumholz,Schwaches Baumholz_6,1,1,1.298,not_young,1024.0,Romoos
813,24107,3,0,0,0,3,3,3,ds4,75.0,Schwaches Baumholz,Schwaches Baumholz_6,1,1,2.411,not_young,1017.6,Escholzmatt
816,44590,3,0,0,0,3,3,3,ds6,6066.0,Starkes Baumholz,Starkes Baumholz_6,1,1,4.459,not_young,1051.9,Escholzmatt
822,38976,2,1,0,1,2,2,2,ds4,66.0,Schwaches Baumholz,Schwaches Baumholz_4,1,1,3.898,not_young,735.7,Doppleschwand
830,2944,3,0,0,0,3,3,3,ds3,132.0,Stangenholz,Stangenholz_6,1,1,0.294,not_young,1020.2,Escholzmatt
843,48866,3,0,0,0,3,3,3,ds6,4032.0,Starkes Baumholz,Starkes Baumholz_6,1,1,4.887,not_young,1044.9,Schüpfheim
858,27100,3,0,0,0,3,3,3,ds3,96.0,Stangenholz,Stangenholz_6,1,1,2.71,not_young,725.7999999999998,Rengg
863,22135,3,0,0,0,3,3,3,ds4,4114.0,Schwaches Baumholz,Schwaches Baumholz_13,1,1,2.213,not_young,987.2,Romoos
876,1170,3,0,0,0,3,3,3,ds2,146.0,Jungwuchs/Dickung,Jungwuchs/Dickung_6,1,1,0.117,young,1026.2,Escholzmatt
880,13958,3,0,0,0,3,3,3,ds4,18.0,Schwaches Baumholz,Schwaches Baumholz_6,1,1,1.396,not_young,1003.9,Fontannen b. W.
899,17056,3,0,0,0,3,3,3,ds3,2106.0,Stangenholz,Stangenholz_6,1,1,1.706,not_young,1089.2,Escholzmatt
911,51901,3,0,0,0,3,3,1,ds5,6048.0,Mittleres Baumholz,Mittleres Baumholz_13,1,1,5.19,not_young,965.5,Romoos
915,30872,4,0,0,0,3,4,3,ds3,48.0,Stangenholz,Stangenholz_6,1,1,3.087,not_young,1087.0,Escholzmatt
920,6845,3,0,0,0,3,3,3,ds1,174.0,Jungwuchs/Dickung,Jungwuchs/Dickung_13,1,1,0.684,young,971.8,Escholzmatt
921,18787,3,0,0,0,3,3,3,ds4,2030.0,Schwaches Baumholz,Schwaches Baumholz_6,1,1,1.879,not_young,1071.0,Escholzmatt
928,14758,4,1,0,1,2,4,2,ds2,96.0,Jungwuchs/Dickung,Jungwuchs/Dickung_13,1,1,1.476,young,772.7999999999998,Hasle LU
932,33525,3,0,0,0,3,3,1,ds3,38.0,Stangenholz,Stangenholz_6,1,1,3.353,not_young,1100.0,Fontannen b. W.
938,33540,2,1,0,1,2,2,2,ds5,3990.0,Mittleres Baumholz,Mittleres Baumholz_13,1,1,3.354,not_young,881.7,Schüpfheim
941,26719,3,0,0,0,3,3,3,ds1,150.0,Jungwuchs/Dickung,Jungwuchs/Dickung_6,1,1,2.672,young,1150.4,Schüpfheim
963,13811,3,0,0,0,3,3,3,ds4,1980.0,Schwaches Baumholz,Schwaches Baumholz_6,1,1,1.381,not_young,953.9,Escholzmatt
965,21477,2,1,0,1,2,2,2,ds6,3900.0,Starkes Baumholz,Starkes Baumholz_13,1,1,2.148,not_young,981.0,Escholzmatt
971,4833,2,1,0,1,2,2,2,ds1,123.0,Jungwuchs/Dickung,Jungwuchs/Dickung_13,1,1,0.483,young,919.7,Fontannen b. W.
976,21556,3,0,0,0,3,3,3,ds3,2025.0,Stangenholz,Stangenholz_6,1,1,2.156,not_young,1103.9,Escholzmatt
982,8975,3,0,0,0,3,3,3,ds2,40.0,Jungwuchs/Dickung,Jungwuchs/Dickung_6,1,1,0.898,young,1128.7,Escholzmatt
985,65521,2,1,0,1,2,2,2,ds6,3912.0,Starkes Baumholz,Starkes Baumholz_6,1,1,6.552,not_young,1034.5,Escholzmatt
993,21839,3,0,0,0,3,3,3,ds4,3984.0,Schwaches Baumholz,Schwaches Baumholz_13,1,1,2.184,not_young,851.1,Fontannen b. W.
995,32053,3,0,0,0,3,3,3,ds6,1872.0,Starkes Baumholz,Starkes Baumholz_13,1,1,3.205,not_young,905.8,Romoos
996,33399,2,1,0,1,2,2,2,ds5,3924.0,Mittleres Baumholz,Mittleres Baumholz_13,1,1,3.34,not_young,1004.9,Escholzmatt
999,3638,3,0,0,0,3,3,3,ds1,90.0,Jungwuchs/Dickung,Jungwuchs/Dickung_6,1,1,0.364,young,1139.4,Romoos
1000,33566,3,0,0,0,3,3,3,ds6,1884.0,Starkes Baumholz,Starkes Baumholz_6,1,1,3.357,not_young,1085.7,Escholzmatt
1003,38427,2,1,0,1,2,2,2,ds2,16.0,Jungwuchs/Dickung,Jungwuchs/Dickung_8,1,1,3.843,young,1390.1,Finsterwald b. E.
1005,778,3,0,0,0,3,3,3,ds1,82.0,Jungwuchs/Dickung,Jungwuchs/Dickung_6,1,1,0.078,young,1022.0,Romoos
1006,20345,3,0,0,0,3,3,1,ds2,21.0,Jungwuchs/Dickung,Jungwuchs/Dickung_6,1,1,2.034,young,1021.3,Fontannen b. W.
1010,16074,2,1,0,1,2,2,2,ds1,80.0,Jungwuchs/Dickung,Jungwuchs/Dickung_13,1,1,1.607,young,812.7999999999998,Flühli LU
1017,25139,3,0,0,0,3,3,3,ds3,1990.0,Stangenholz,Stangenholz_13,1,1,2.514,not_young,981.9,Schüpfheim
1019,14083,3,0,0,0,3,3,3,ds4,1926.0,Schwaches Baumholz,Schwaches Baumholz_6,1,1,1.408,not_young,1078.2,Bramboden
1027,58909,2,1,0,1,2,2,2,ds6,1904.0,Starkes Baumholz,Starkes Baumholz_6,1,1,5.891,not_young,844.2999999999998,Hasle LU
1031,47450,2,1,0,1,2,2,2,ds5,3880.0,Mittleres Baumholz,Mittleres Baumholz_6,1,1,4.745,not_young,830.5,Bramboden
1033,22795,3,0,0,0,3,3,3,ds5,1845.0,Mittleres Baumholz,Mittleres Baumholz_13,1,1,2.28,not_young,892.2999999999998,Escholzmatt
1035,69416,2,1,0,1,2,2,1,ds6,5773.0,Starkes Baumholz,Starkes Baumholz_13,1,1,6.942,not_young,832.3999999999999,Fontannen b. W.
1037,55919,3,0,0,0,3,3,3,ds6,3726.0,Starkes Baumholz,Starkes Baumholz_13,1,1,5.592,not_young,940.7,Romoos
1043,19996,4,0,0,0,3,4,3,ds1,44.0,Jungwuchs/Dickung,Jungwuchs/Dickung_6,1,1,2.0,young,868.6,Escholzmatt
1044,46607,3,0,0,0,3,3,3,ds5,5904.0,Mittleres Baumholz,Mittleres Baumholz_13,1,1,4.661,not_young,900.8,Romoos
1050,46892,2,1,0,1,2,2,2,ds6,1680.0,Starkes Baumholz,Starkes Baumholz_13,1,1,4.689,not_young,987.0,Escholzmatt
1051,43014,3,0,0,0,3,3,3,ds5,5899.0,Mittleres Baumholz,Mittleres Baumholz_13,1,1,4.301,not_young,983.9,Fontannen b. W.
1056,76296,2,1,0,1,2,2,2,ds5,3852.0,Mittleres Baumholz,Mittleres Baumholz_6,1,1,7.63,not_young,1072.5,Marbach LU
1057,11918,3,0,0,0,3,3,3,ds1,18.0,Jungwuchs/Dickung,Jungwuchs/Dickung_6,1,1,1.192,young,1147.6,Fontannen b. W.
1061,9408,3,0,0,0,3,3,1,ds6,1695.0,Starkes Baumholz,Starkes Baumholz_6,1,1,0.941,not_young,1130.4,Bramboden
1070,13743,3,0,0,0,3,3,3,ds4,1848.0,Schwaches Baumholz,Schwaches Baumholz_6,1,1,1.374,not_young,982.9,Romoos
1073,61181,3,0,0,0,3,3,3,ds6,5817.0,Starkes Baumholz,Starkes Baumholz_13,1,1,6.118,not_young,974.7,Romoos
1082,49484,3,0,0,0,3,3,1,ds5,3819.0,Mittleres Baumholz,Mittleres Baumholz_6,1,1,4.948,not_young,985.3,Fontannen b. W.
1083,19045,3,0,0,0,3,3,3,ds5,1768.0,Mittleres Baumholz,Mittleres Baumholz_6,1,1,1.905,not_young,1036.3,Escholzmatt
1086,29249,2,1,0,1,2,2,2,ds4,3876.0,Schwaches Baumholz,Schwaches Baumholz_13,1,1,2.925,not_young,967.2,Wiggen
1087,22064,3,0,0,0,3,3,3,ds5,1760.0,Mittleres Baumholz,Mittleres Baumholz_6,1,1,2.206,not_young,1110.2,Escholzmatt
1090,97780,3,0,0,0,3,3,1,ds4,5904.0,Schwaches Baumholz,Schwaches Baumholz_6,1,1,9.778,not_young,1327.2,Sörenberg
1104,69832,3,0,0,0,3,3,3,ds5,3770.0,Mittleres Baumholz,Mittleres Baumholz_6,1,1,6.983,not_young,977.2,Fontannen b. W.
1110,20525,2,1,0,1,2,2,2,ds5,3762.0,Mittleres Baumholz,Mittleres Baumholz_13,1,1,2.053,not_young,935.7,Schüpfheim
1118,36438,3,0,0,0,3,3,3,ds6,5642.0,Starkes Baumholz,Starkes Baumholz_13,1,1,3.644,not_young,962.0,Escholzmatt
1125,40672,3,0,0,0,3,3,1,ds5,5776.0,Mittleres Baumholz,Mittleres Baumholz_6,1,1,4.067,not_young,1113.6,Romoos
1134,5458,3,0,0,0,3,3,3,ds6,1572.0,Starkes Baumholz,Starkes Baumholz_6,1,1,0.546,not_young,999.5,Escholzmatt
1137,22833,2,1,0,1,2,2,2,ds3,1806.0,Stangenholz,Stangenholz_6,1,1,2.283,not_young,954.5,Schüpfheim
1140,22437,3,0,0,0,3,3,3,ds4,1728.0,Schwaches Baumholz,Schwaches Baumholz_6,1,1,2.244,not_young,985.7,Schüpfheim
1152,17325,3,0,0,0,3,3,3,ds4,1704.0,Schwaches Baumholz,Schwaches Baumholz_6,1,1,1.732,not_young,1051.9,Fontannen b. W.
1163,31029,3,0,0,0,3,3,3,ds5,3668.0,Mittleres Baumholz,Mittleres Baumholz_13,1,1,3.103,not_young,885.7,Romoos
1167,12652,3,0,0,0,3,3,3,ds4,1675.0,Schwaches Baumholz,Schwaches Baumholz_6,1,1,1.265,not_young,1213.6,Escholzmatt
1168,43724,3,0,0,0,3,3,1,ds5,3648.0,Mittleres Baumholz,Mittleres Baumholz_13,1,1,4.372,not_young,997.1,Romoos
1171,19578,3,0,0,0,3,3,3,ds6,1631.0,Starkes Baumholz,Starkes Baumholz_6,1,1,1.958,not_young,1061.4,Schüpfheim
1174,46084,2,1,0,1,2,2,2,ds6,5746.0,Starkes Baumholz,Starkes Baumholz_13,1,1,4.608,not_young,1013.6,Escholzmatt
1181,26219,1,0,2,2,1,1,1,ds4,1650.0,Schwaches Baumholz,Schwaches Baumholz_6,1,1,2.622,not_young,1148.3,Bramboden
1185,42609,3,0,0,0,3,3,1,ds5,5664.0,Mittleres Baumholz,Mittleres Baumholz_6,1,1,4.261,not_young,1158.1,Fontannen b. W.
1197,24582,3,0,0,0,3,3,3,ds4,1638.0,Schwaches Baumholz,Schwaches Baumholz_6,1,1,2.458,not_young,1132.1,Escholzmatt
1208,17965,3,0,0,0,3,3,3,ds3,1672.0,Stangenholz,Stangenholz_6,1,1,1.796,not_young,1072.6,Escholzmatt
1209,43097,3,0,0,0,3,3,3,ds5,1550.0,Mittleres Baumholz,Mittleres Baumholz_6,1,1,4.31,not_young,1112.4,Romoos
1211,10307,3,0,0,0,3,3,3,ds4,1600.0,Schwaches Baumholz,Schwaches Baumholz_6,1,1,1.031,not_young,972.2,Schüpfheim
1213,40488,3,0,0,0,3,3,1,ds4,1602.0,Schwaches Baumholz,Schwaches Baumholz_6,1,1,4.049,not_young,1204.8,Romoos
1217,2609,3,0,0,0,3,3,3,ds6,1458.0,Starkes Baumholz,Starkes Baumholz_6,1,1,0.261,not_young,1027.4,Escholzmatt
1221,70709,2,1,0,1,2,2,2,ds5,3560.0,Mittleres Baumholz,Mittleres Baumholz_6,1,1,7.071,not_young,864.8999999999999,Wiggen
1223,40733,2,1,0,1,2,2,2,ds4,3626.0,Schwaches Baumholz,Schwaches Baumholz_6,1,1,4.073,not_young,1001.9,Schüpfheim
1238,22552,3,0,0,0,3,3,1,ds2,1690.0,Jungwuchs/Dickung,Jungwuchs/Dickung_6,1,1,2.255,young,940.6,Bramboden
1245,30479,3,0,0,0,3,3,3,ds5,1490.0,Mittleres Baumholz,Mittleres Baumholz_6,1,1,3.048,not_young,1071.6,Bramboden
1249,18560,3,0,0,0,3,3,3,ds5,1494.0,Mittleres Baumholz,Mittleres Baumholz_6,1,1,1.856,not_young,1023.8,Bramboden
1250,8908,3,0,0,0,3,3,3,ds6,1496.0,Starkes Baumholz,Starkes Baumholz_13,1,1,0.891,not_young,950.1,Schüpfheim
1260,4179,3,0,0,0,3,3,3,ds4,1540.0,Schwaches Baumholz,Schwaches Baumholz_13,1,1,0.418,not_young,1049.1,Schüpfheim
1261,75532,3,0,0,0,3,3,3,ds6,5616.0,Starkes Baumholz,Starkes Baumholz_6,1,1,7.553,not_young,908.8,Bramboden
1262,18971,3,0,0,0,3,3,1,ds3,1606.0,Stangenholz,Stangenholz_6,1,1,1.897,not_young,1337.2,Romoos
1263,36869,3,0,0,0,3,3,3,ds5,1476.0,Mittleres Baumholz,Mittleres Baumholz_6,1,1,3.687,not_young,999.9,Escholzmatt
1281,29879,2,1,0,1,2,2,2,ds4,1515.0,Schwaches Baumholz,Schwaches Baumholz_13,1,1,2.988,not_young,946.8,Romoos
1282,39511,3,0,0,0,3,3,1,ds5,7578.0,Mittleres Baumholz,Mittleres Baumholz_6,1,1,3.951,not_young,1073.9,Bramboden
1286,12746,3,0,0,0,3,3,3,ds6,1280.0,Starkes Baumholz,Starkes Baumholz_13,1,1,1.275,not_young,1005.9,Schüpfheim
1303,25638,3,0,0,0,3,3,3,ds5,3456.0,Mittleres Baumholz,Mittleres Baumholz_6,1,1,2.564,not_young,1115.4,Schüpfheim
1307,13902,3,0,0,0,3,3,3,ds6,1325.0,Starkes Baumholz,Starkes Baumholz_6,1,1,1.39,not_young,1135.6,Escholzmatt
1312,83484,2,1,0,1,2,2,2,ds6,7480.0,Starkes Baumholz,Starkes Baumholz_13,1,1,8.348,not_young,909.1,Schüpfheim
1325,26936,3,0,0,0,3,3,3,ds6,1342.0,Starkes Baumholz,Starkes Baumholz_6,1,1,2.694,not_young,1080.9,Escholzmatt
1327,24297,3,0,0,0,3,3,1,ds3,1521.0,Stangenholz,Stangenholz_6,1,1,2.43,not_young,1165.6,Romoos
1331,16020,3,0,0,0,3,3,3,ds4,3488.0,Schwaches Baumholz,Schwaches Baumholz_6,1,1,1.602,not_young,1005.7,Romoos
1335,11638,2,1,0,1,2,2,2,ds4,1444.0,Schwaches Baumholz,Schwaches Baumholz_13,1,1,1.164,not_young,935.0,Escholzmatt
1342,2300,3,0,0,0,3,3,3,ds2,5642.0,Jungwuchs/Dickung,Jungwuchs/Dickung_13,1,1,0.23,young,992.9,Escholzmatt
1343,1693,3,0,0,0,3,3,3,ds6,1359.0,Starkes Baumholz,Starkes Baumholz_6,1,1,0.169,not_young,1070.0,Romoos
1347,61019,3,0,0,0,3,3,1,ds4,1428.0,Schwaches Baumholz,Schwaches Baumholz_6,1,1,6.102,not_young,1217.4,Escholzmatt
1356,38694,3,0,0,0,3,3,3,ds6,1386.0,Starkes Baumholz,Starkes Baumholz_13,1,1,3.869,not_young,988.7,Escholzmatt
1363,15129,2,1,0,1,2,2,2,ds4,1392.0,Schwaches Baumholz,Schwaches Baumholz_13,1,1,1.513,not_young,948.4,Hasle LU
1364,22924,3,0,0,0,3,3,3,ds3,1458.0,Stangenholz,Stangenholz_6,1,1,2.292,not_young,956.0,Escholzmatt
1369,16577,3,0,0,0,3,3,3,ds3,1463.0,Stangenholz,Stangenholz_13,1,1,1.658,not_young,957.1,Romoos
1370,19582,3,0,0,0,3,3,3,ds4,3438.0,Schwaches Baumholz,Schwaches Baumholz_6,1,1,1.958,not_young,1178.2,Bramboden
1376,61054,3,0,0,0,3,3,3,ds6,5267.0,Starkes Baumholz,Starkes Baumholz_6,1,1,6.105,not_young,1049.4,Romoos
1381,27036,3,0,0,0,3,3,3,ds4,3420.0,Schwaches Baumholz,Schwaches Baumholz_6,1,1,2.704,not_young,1275.5,Romoos
1383,20284,3,0,0,0,3,3,3,ds4,1368.0,Schwaches Baumholz,Schwaches Baumholz_6,1,1,2.028,not_young,1121.4,Schüpfheim
1385,58739,3,0,0,0,3,3,3,ds6,7329.0,Starkes Baumholz,Starkes Baumholz_13,1,1,5.874,not_young,900.2,Bramboden
1389,26438,3,0,0,0,3,3,3,ds2,1488.0,Jungwuchs/Dickung,Jungwuchs/Dickung_13,1,1,2.644,young,947.9,Schüpfheim
1392,54337,3,0,0,0,3,3,3,ds4,3402.0,Schwaches Baumholz,Schwaches Baumholz_6,1,1,5.434,not_young,1034.9,Bramboden
1396,13742,3,0,0,0,3,3,3,ds4,3392.0,Schwaches Baumholz,Schwaches Baumholz_6,1,1,1.374,not_young,921.6,Romoos
1397,9896,3,0,0,0,3,3,3,ds5,1290.0,Mittleres Baumholz,Mittleres Baumholz_6,1,1,0.99,not_young,1186.2,Escholzmatt
1402,18345,3,0,0,0,3,3,3,ds3,1420.0,Stangenholz,Stangenholz_6,1,1,1.834,not_young,1120.3,Escholzmatt
1406,16650,3,0,0,0,3,3,3,ds3,1408.0,Stangenholz,Stangenholz_6,1,1,1.665,not_young,1045.3,Romoos
1409,72115,1,1,2,3,1,1,1,ds4,1350.0,Schwaches Baumholz,Schwaches Baumholz_6,1,1,7.211,not_young,1385.7,Sörenberg
1410,15891,3,0,0,0,3,3,3,ds3,1413.0,Stangenholz,Stangenholz_6,1,1,1.589,not_young,1158.0,Escholzmatt
1411,36299,2,1,0,1,2,2,2,ds5,1274.0,Mittleres Baumholz,Mittleres Baumholz_6,1,1,3.63,not_young,1075.3,Romoos
1413,48722,3,0,0,0,3,3,3,ds4,1340.0,Schwaches Baumholz,Schwaches Baumholz_6,1,1,4.872,not_young,1062.4,Escholzmatt
1416,19263,1,0,2,2,1,1,1,ds5,1265.0,Mittleres Baumholz,Mittleres Baumholz_6,1,1,1.926,not_young,1108.9,Fontannen b. W.
1417,15592,3,0,0,0,3,3,3,ds4,1330.0,Schwaches Baumholz,Schwaches Baumholz_13,1,1,1.559,not_young,889.7999999999998,Escholzmatt
1419,42033,3,0,0,0,3,3,3,ds5,7395.0,Mittleres Baumholz,Mittleres Baumholz_13,1,1,4.203,not_young,850.2999999999998,Bramboden
1430,42469,3,0,0,0,3,3,1,ds6,1215.0,Starkes Baumholz,Starkes Baumholz_13,1,1,4.247,not_young,986.3,Bramboden
1440,4262,3,0,0,0,3,3,3,ds6,1235.0,Starkes Baumholz,Starkes Baumholz_6,1,1,0.426,not_young,1060.9,Escholzmatt
1441,26399,3,0,0,0,3,3,3,ds3,1368.0,Stangenholz,Stangenholz_6,1,1,2.64,not_young,1044.8,Escholzmatt
1453,12901,3,0,0,0,3,3,3,ds3,1365.0,Stangenholz,Stangenholz_6,1,1,1.29,not_young,1024.4,Escholzmatt
1462,3951,1,0,2,2,1,1,1,ds4,1290.0,Schwaches Baumholz,Schwaches Baumholz_6,1,1,0.395,not_young,1224.3,Bramboden
1463,8372,3,0,0,0,3,3,3,ds3,1359.0,Stangenholz,Stangenholz_6,1,1,0.837,not_young,952.6,Romoos
1468,50945,2,1,0,1,2,2,2,ds6,1260.0,Starkes Baumholz,Starkes Baumholz_13,1,1,5.095,not_young,713.5,Escholzmatt
1471,7865,3,0,0,0,3,3,3,ds5,1209.0,Mittleres Baumholz,Mittleres Baumholz_13,1,1,0.787,not_young,972.6,Escholzmatt
1474,12812,2,1,0,1,2,2,2,ds3,1336.0,Stangenholz,Stangenholz_6,1,1,1.281,not_young,1012.2,Schüpfheim
1480,16244,2,1,0,1,2,2,2,ds4,1278.0,Schwaches Baumholz,Schwaches Baumholz_13,1,1,1.624,not_young,814.2999999999998,Marbach LU
1482,35077,3,0,0,0,3,3,1,ds6,3066.0,Starkes Baumholz,Starkes Baumholz_6,1,1,3.508,not_young,1113.4,Bramboden
1487,31607,2,1,0,1,2,2,2,ds6,5130.0,Starkes Baumholz,Starkes Baumholz_6,1,1,3.161,not_young,917.3,Escholzmatt
1493,29000,3,0,0,0,3,3,1,ds6,3091.0,Starkes Baumholz,Starkes Baumholz_13,1,1,2.9,not_young,1011.2,Romoos
1494,44726,3,0,0,0,3,3,3,ds6,3088.0,Starkes Baumholz,Starkes Baumholz_6,1,1,4.473,not_young,927.5,Escholzmatt
1501,27490,2,1,0,1,2,2,2,ds3,1309.0,Stangenholz,Stangenholz_6,1,1,2.749,not_young,1003.9,Escholzmatt
1506,10075,3,0,0,0,3,3,3,ds4,1235.0,Schwaches Baumholz,Schwaches Baumholz_6,1,1,1.008,not_young,921.7,Escholzmatt
1507,30557,3,0,0,0,3,3,1,ds6,5152.0,Starkes Baumholz,Starkes Baumholz_6,1,1,3.056,not_young,1023.6,Escholzmatt
1515,47125,3,0,0,0,3,3,3,ds4,3268.0,Schwaches Baumholz,Schwaches Baumholz_6,1,1,4.712,not_young,1197.6,Romoos
1520,22661,3,0,0,0,3,3,3,ds6,3112.0,Starkes Baumholz,Starkes Baumholz_6,1,1,2.266,not_young,1061.5,Escholzmatt
1521,43679,3,0,0,0,3,3,3,ds5,7280.0,Mittleres Baumholz,Mittleres Baumholz_6,1,1,4.368,not_young,1032.7,Wiggen
1530,45170,3,0,0,0,3,3,3,ds6,7236.0,Starkes Baumholz,Starkes Baumholz_13,1,1,4.517,not_young,944.5,Bramboden
1532,6747,3,0,0,0,3,3,3,ds6,1074.0,Starkes Baumholz,Starkes Baumholz_6,1,1,0.675,not_young,1141.1,Escholzmatt
1537,17336,3,0,0,0,3,3,3,ds5,3168.0,Mittleres Baumholz,Mittleres Baumholz_6,1,1,1.734,not_young,1054.0,Wiggen
1538,37160,4,0,0,0,3,4,3,ds3,1260.0,Stangenholz,Stangenholz_6,1,1,3.716,not_young,715.8,Fontannen b. W.
1543,33059,2,1,0,1,2,2,2,ds5,3164.0,Mittleres Baumholz,Mittleres Baumholz_6,1,1,3.306,not_young,1046.4,Schüpfheim
1548,34008,3,0,0,0,3,3,3,ds5,7245.0,Mittleres Baumholz,Mittleres Baumholz_13,1,1,3.401,not_young,982.6,Bramboden
1551,49359,3,0,0,0,3,3,3,ds6,3162.0,Starkes Baumholz,Starkes Baumholz_13,1,1,4.936,not_young,974.8,Schüpfheim
1554,44665,3,0,0,0,3,3,1,ds5,3145.0,Mittleres Baumholz,Mittleres Baumholz_6,1,1,4.466,not_young,1035.6,Romoos
1560,33322,3,0,0,0,3,3,3,ds5,1089.0,Mittleres Baumholz,Mittleres Baumholz_6,1,1,3.332,not_young,1067.4,Escholzmatt
1561,3700,3,0,0,0,3,3,3,ds6,7280.0,Starkes Baumholz,Starkes Baumholz_6,1,1,0.37,not_young,1086.1,Wiggen
1569,20016,3,0,0,0,3,3,1,ds5,5170.0,Mittleres Baumholz,Mittleres Baumholz_6,1,1,2.002,not_young,1089.0,Escholzmatt
1571,30249,3,0,0,0,3,3,3,ds4,5239.0,Schwaches Baumholz,Schwaches Baumholz_6,1,1,3.025,not_young,1076.1,Escholzmatt
1579,14107,2,1,0,1,2,2,2,ds3,1200.0,Stangenholz,Stangenholz_6,1,1,1.411,not_young,1015.9,Schüpfheim
1582,23044,3,0,0,0,3,3,3,ds3,3245.0,Stangenholz,Stangenholz_6,1,1,2.304,not_young,1190.9,Escholzmatt
1583,29993,3,0,0,0,3,3,3,ds4,1131.0,Schwaches Baumholz,Schwaches Baumholz_6,1,1,2.999,not_young,1040.8,Romoos
1587,7509,3,0,0,0,3,3,3,ds3,1184.0,Stangenholz,Stangenholz_6,1,1,0.751,not_young,1164.8,Escholzmatt
1589,29076,3,0,0,0,3,3,3,ds5,3100.0,Mittleres Baumholz,Mittleres Baumholz_6,1,1,2.908,not_young,1060.9,Escholzmatt
1591,31802,3,0,0,0,3,3,3,ds5,1050.0,Mittleres Baumholz,Mittleres Baumholz_6,1,1,3.18,not_young,1095.7,Escholzmatt
1602,9681,3,0,0,0,3,3,3,ds3,1160.0,Stangenholz,Stangenholz_6,1,1,0.968,not_young,1052.3,Escholzmatt
1604,30349,3,0,0,0,3,3,3,ds5,5126.0,Mittleres Baumholz,Mittleres Baumholz_6,1,1,3.035,not_young,1093.0,Romoos
1606,24912,3,0,0,0,3,3,3,ds5,5115.0,Mittleres Baumholz,Mittleres Baumholz_6,1,1,2.491,not_young,1119.6,Escholzmatt
1618,4496,3,0,0,0,3,3,3,ds3,1144.0,Stangenholz,Stangenholz_6,1,1,0.45,not_young,954.1,Schüpfheim
1619,27233,2,1,0,1,2,2,2,ds6,948.0,Starkes Baumholz,Starkes Baumholz_13,1,1,2.723,not_young,903.9,Escholzmatt
1626,33194,2,1,0,1,2,2,2,ds2,1200.0,Jungwuchs/Dickung,Jungwuchs/Dickung_6,1,1,3.319,young,1404.0,Wiggen
1631,35547,2,1,0,1,2,2,2,ds3,1140.0,Stangenholz,Stangenholz_6,1,1,3.555,not_young,1119.2,Schüpfheim
1632,54470,3,0,0,0,3,3,3,ds6,952.0,Starkes Baumholz,Starkes Baumholz_6,1,1,5.447,not_young,1003.4,Romoos
1633,11564,3,0,0,0,3,3,1,ds2,1194.0,Jungwuchs/Dickung,Jungwuchs/Dickung_6,1,1,1.156,young,1067.2,Romoos
1641,90935,2,1,0,1,2,2,2,ds5,3036.0,Mittleres Baumholz,Mittleres Baumholz_13,1,1,9.094,not_young,860.7,Romoos
1643,34858,3,0,0,0,3,3,3,ds5,984.0,Mittleres Baumholz,Mittleres Baumholz_6,1,1,3.486,not_young,1160.1,Escholzmatt
1650,36594,3,0,0,0,3,3,3,ds3,3159.0,Stangenholz,Stangenholz_6,1,1,3.659,not_young,1132.5,Schüpfheim
1659,10341,2,1,0,1,2,2,2,ds3,1110.0,Stangenholz,Stangenholz_13,1,1,1.034,not_young,990.0,Schüpfheim
1666,24455,3,0,0,0,3,3,3,ds5,3014.0,Mittleres Baumholz,Mittleres Baumholz_6,1,1,2.446,not_young,968.0,Schüpfheim
1672,35884,3,0,0,0,3,3,3,ds2,3196.0,Jungwuchs/Dickung,Jungwuchs/Dickung_6,1,1,3.588,young,1135.1,Schüpfheim
1690,10487,3,0,0,0,3,3,3,ds3,1076.0,Stangenholz,Stangenholz_13,1,1,1.049,not_young,945.5,Romoos
1692,16262,3,0,0,0,3,3,3,ds4,1000.0,Schwaches Baumholz,Schwaches Baumholz_6,1,1,1.626,not_young,1032.9,Schüpfheim
1702,17511,3,0,0,0,3,3,1,ds6,776.0,Starkes Baumholz,Starkes Baumholz_6,1,1,1.751,not_young,1225.7,Fontannen b. W.
1706,29166,2,1,0,1,2,2,2,ds5,927.0,Mittleres Baumholz,Mittleres Baumholz_13,1,1,2.917,not_young,1001.7,Escholzmatt
1710,25231,4,1,0,1,2,4,2,ds3,1040.0,Stangenholz,Stangenholz_13,1,1,2.523,not_young,1139.7,Wiggen
1718,11204,3,0,0,0,3,3,3,ds4,972.0,Schwaches Baumholz,Schwaches Baumholz_6,1,1,1.12,not_young,1029.0,Schüpfheim
1727,7318,3,0,0,0,3,3,3,ds2,1092.0,Jungwuchs/Dickung,Jungwuchs/Dickung_6,1,1,0.732,young,1078.4,Romoos
1737,11532,2,1,0,1,2,2,2,ds5,2922.0,Mittleres Baumholz,Mittleres Baumholz_6,1,1,1.153,not_young,952.8,Escholzmatt
1747,15277,2,1,0,1,2,2,2,ds4,930.0,Schwaches Baumholz,Schwaches Baumholz_13,1,1,1.528,not_young,982.9,Escholzmatt
1763,14362,3,0,0,0,3,3,1,ds4,917.0,Schwaches Baumholz,Schwaches Baumholz_13,1,1,1.436,not_young,849.1,Fontannen b. W.
1766,20732,3,0,0,0,3,3,3,ds6,856.0,Starkes Baumholz,Starkes Baumholz_13,1,1,2.073,not_young,988.3,Hasle LU
1768,19658,3,0,0,0,3,3,3,ds2,1034.0,Jungwuchs/Dickung,Jungwuchs/Dickung_6,1,1,1.966,young,1124.8,Escholzmatt
1771,21914,3,0,0,0,3,3,3,ds6,2912.0,Starkes Baumholz,Starkes Baumholz_6,1,1,2.191,not_young,1063.2,Schüpfheim
1773,15626,3,0,0,0,3,3,3,ds4,2944.0,Schwaches Baumholz,Schwaches Baumholz_13,1,1,1.563,not_young,985.6,Romoos
1779,7826,2,1,0,1,2,2,2,ds5,2886.0,Mittleres Baumholz,Mittleres Baumholz_13,1,1,0.783,not_young,1007.4,Escholzmatt
1784,3880,3,0,0,0,3,3,3,ds4,903.0,Schwaches Baumholz,Schwaches Baumholz_6,1,1,0.388,not_young,1004.4,Escholzmatt
1786,51141,3,0,0,0,3,3,3,ds5,6966.0,Mittleres Baumholz,Mittleres Baumholz_6,1,1,5.114,not_young,1171.0,Romoos
1787,30082,2,1,0,1,2,2,2,ds4,888.0,Schwaches Baumholz,Schwaches Baumholz_13,1,1,3.008,not_young,1011.7,Romoos
1792,54889,2,1,0,1,2,2,2,ds5,816.0,Mittleres Baumholz,Mittleres Baumholz_13,1,1,5.489,not_young,1012.9,Finsterwald b. E.
1799,21813,3,0,0,0,3,3,1,ds4,2925.0,Schwaches Baumholz,Schwaches Baumholz_6,1,1,2.181,not_young,1034.8,Romoos
1801,48263,2,1,0,1,2,2,2,ds5,2862.0,Mittleres Baumholz,Mittleres Baumholz_13,1,1,4.826,not_young,826.2,Romoos
1819,5357,3,0,0,0,3,3,3,ds2,985.0,Jungwuchs/Dickung,Jungwuchs/Dickung_6,1,1,0.536,young,917.3,Wiggen
1831,44592,2,1,0,1,2,2,2,ds5,2816.0,Mittleres Baumholz,Mittleres Baumholz_13,1,1,4.459,not_young,1053.3,Romoos
1833,26655,2,1,0,1,2,2,2,ds5,780.0,Mittleres Baumholz,Mittleres Baumholz_6,1,1,2.665,not_young,961.9,Escholzmatt
1838,16165,2,1,0,1,2,2,2,ds4,834.0,Schwaches Baumholz,Schwaches Baumholz_13,1,1,1.616,not_young,897.8999999999999,Escholzmatt
1840,38403,2,1,0,1,2,2,2,ds6,684.0,Starkes Baumholz,Starkes Baumholz_6,1,1,3.84,not_young,1098.9,Schüpfheim
1842,58505,3,0,0,0,3,3,3,ds6,4796.0,Starkes Baumholz,Starkes Baumholz_6,1,1,5.85,not_young,1088.7,Schüpfheim
1848,43643,3,0,0,0,3,3,3,ds5,2805.0,Mittleres Baumholz,Mittleres Baumholz_6,1,1,4.364,not_young,1158.6,Escholzmatt
1849,13488,3,0,0,0,3,3,3,ds4,816.0,Schwaches Baumholz,Schwaches Baumholz_6,1,1,1.349,not_young,1110.2,Escholzmatt
1851,34996,3,0,0,0,3,3,3,ds6,702.0,Starkes Baumholz,Starkes Baumholz_6,1,1,3.5,not_young,1031.1,Wiggen
1852,18279,2,1,0,1,2,2,2,ds4,2870.0,Schwaches Baumholz,Schwaches Baumholz_13,1,1,1.828,not_young,853.7,Wiggen
1865,9246,2,1,0,1,2,2,2,ds2,930.0,Jungwuchs/Dickung,Jungwuchs/Dickung_6,1,1,0.925,young,1094.3,Wiggen
1867,19554,3,0,0,0,3,3,3,ds3,864.0,Stangenholz,Stangenholz_13,1,1,1.955,not_young,998.8,Romoos
1880,18923,3,0,0,0,3,3,3,ds6,,Starkes Baumholz,Starkes Baumholz_6,1,1,1.892,not_young,990.1,Fontannen b. W.
1881,5150,3,0,0,0,3,3,3,ds5,,Mittleres Baumholz,Mittleres Baumholz_6,1,1,0.515,not_young,973.7,Fontannen b. W.
1885,34216,3,0,0,0,3,3,3,ds6,,Starkes Baumholz,Starkes Baumholz_6,1,1,3.422,not_young,1077.5,Fontannen b. W.
2053,6104,3,0,0,0,3,3,3,ds5,,Mittleres Baumholz,Mittleres Baumholz_6,1,1,0.61,not_young,978.9,Fontannen b. W.
2087,5465,3,0,0,0,3,3,3,ds5,,Mittleres Baumholz,Mittleres Baumholz_6,1,1,0.546,not_young,982.7,Fontannen b. W.
2090,21446,3,0,0,0,3,3,3,ds6,,Starkes Baumholz,Starkes Baumholz_6,1,1,2.145,not_young,1010.3,Fontannen b. W.
2101,5650,1,0,2,2,1,1,1,ds5,,Mittleres Baumholz,Mittleres Baumholz_6,1,1,0.565,not_young,1066.3,Fontannen b. W.
2102,89892,3,0,0,0,3,3,1,ds6,,Starkes Baumholz,Starkes Baumholz_6,1,1,8.989,not_young,1147.0,Fontannen b. W.
2109,9650,1,0,2,2,1,1,1,ds4,,Schwaches Baumholz,Schwaches Baumholz_6,1,1,0.965,not_young,1184.5,Fontannen b. W.
2110,5520,3,0,0,0,3,3,3,ds5,,Mittleres Baumholz,Mittleres Baumholz_6,1,1,0.552,not_young,1001.9,Romoos
2112,1422,3,0,0,0,3,3,3,ds6,,Starkes Baumholz,Starkes Baumholz_6,1,1,0.142,not_young,1115.0,Fontannen b. W.
2115,5244,3,0,0,0,3,3,3,ds5,,Mittleres Baumholz,Mittleres Baumholz_6,1,1,0.524,not_young,1061.1,Romoos
2118,6043,3,0,0,0,3,3,3,ds4,,Schwaches Baumholz,Schwaches Baumholz_6,1,1,0.604,not_young,1242.7,Romoos
2119,75064,3,0,0,0,3,3,3,ds6,,Starkes Baumholz,Starkes Baumholz_6,1,1,7.506,not_young,1111.4,Romoos
2120,6813,3,0,0,0,3,3,3,ds5,,Mittleres Baumholz,Mittleres Baumholz_6,1,1,0.681,not_young,1156.1,Romoos
2124,5019,3,0,0,0,3,3,3,ds6,,Starkes Baumholz,Starkes Baumholz_6,1,1,0.502,not_young,1014.7,Fontannen b. W.
2134,5530,3,0,0,0,3,3,3,ds6,,Starkes Baumholz,Starkes Baumholz_6,1,1,0.553,not_young,995.9,Fontannen b. W.
2161,7301,3,0,0,0,3,3,3,ds5,,Mittleres Baumholz,Mittleres Baumholz_6,1,1,0.73,not_young,993.6,Fontannen b. W.
2162,5871,3,0,0,0,3,3,3,ds5,,Mittleres Baumholz,Mittleres Baumholz_6,1,1,0.587,not_young,1013.3,Fontannen b. W.
2164,5278,3,0,0,0,3,3,3,ds4,,Schwaches Baumholz,Schwaches Baumholz_6,1,1,0.528,not_young,1005.8,Fontannen b. W.
2171,7450,3,0,0,0,3,3,3,ds6,,Starkes Baumholz,Starkes Baumholz_13,1,1,0.745,not_young,951.0,Fontannen b. W.
2181,6400,3,0,0,0,3,3,3,ds6,,Starkes Baumholz,Starkes Baumholz_13,1,1,0.64,not_young,956.9,Fontannen b. W.
2190,7248,3,0,0,0,3,3,3,ds6,,Starkes Baumholz,Starkes Baumholz_6,1,1,0.725,not_young,1038.5,Fontannen b. W.
2193,101195,3,0,0,0,3,3,3,ds6,,Starkes Baumholz,Starkes Baumholz_6,1,1,10.119,not_young,991.8,Fontannen b. W.
2198,5800,3,0,0,0,3,3,1,ds5,,Mittleres Baumholz,Mittleres Baumholz_13,1,1,0.58,not_young,935.9,Fontannen b. W.
2209,13791,3,0,0,0,3,3,3,ds5,,Mittleres Baumholz,Mittleres Baumholz_6,1,1,1.379,not_young,1003.4,Fontannen b. W.
2218,7543,1,0,2,2,1,1,1,ds4,,Schwaches Baumholz,Schwaches Baumholz_6,1,1,0.754,not_young,1003.9,Fontannen b. W.
2226,12876,3,0,0,0,3,3,3,ds6,,Starkes Baumholz,Starkes Baumholz_6,1,1,1.288,not_young,1004.8,Fontannen b. W.
2227,3761,3,0,0,0,3,3,3,ds6,,Starkes Baumholz,Starkes Baumholz_6,1,1,0.376,not_young,991.1,Fontannen b. W.
2241,10233,3,0,0,0,3,3,3,ds5,,Mittleres Baumholz,Mittleres Baumholz_6,1,1,1.023,not_young,1015.9,Fontannen b. W.
2242,30190,3,0,0,0,3,3,3,ds6,,Starkes Baumholz,Starkes Baumholz_13,1,1,3.019,not_young,955.2,Fontannen b. W.
2249,5200,1,0,2,2,1,1,1,ds6,,Starkes Baumholz,Starkes Baumholz_13,1,1,0.52,not_young,980.4,Fontannen b. W.
2251,6150,3,0,0,0,3,3,3,ds6,,Starkes Baumholz,Starkes Baumholz_6,1,1,0.615,not_young,1003.2,Fontannen b. W.
2257,25769,1,0,2,2,1,1,1,ds6,,Starkes Baumholz,Starkes Baumholz_13,1,1,2.577,not_young,934.5,Fontannen b. W.
2263,12831,3,0,0,0,3,3,1,ds6,,Starkes Baumholz,Starkes Baumholz_6,1,1,1.283,not_young,988.7,Fontannen b. W.
2270,7360,3,0,0,0,3,3,3,ds6,,Starkes Baumholz,Starkes Baumholz_6,1,1,0.736,not_young,1079.5,Romoos
2271,26105,3,0,0,0,3,3,3,ds6,,Starkes Baumholz,Starkes Baumholz_6,1,1,2.611,not_young,1057.5,Romoos
2280,13626,1,0,2,2,1,1,1,ds6,,Starkes Baumholz,Starkes Baumholz_6,1,1,1.363,not_young,1115.2,Fontannen b. W.
2281,6576,3,0,0,0,3,3,3,ds6,,Starkes Baumholz,Starkes Baumholz_6,1,1,0.658,not_young,1087.7,Fontannen b. W.
2284,7146,3,0,0,0,3,3,3,ds6,,Starkes Baumholz,Starkes Baumholz_6,1,1,0.715,not_young,987.1,Hasle LU
2286,7976,3,0,0,0,3,3,3,ds5,,Mittleres Baumholz,Mittleres Baumholz_6,1,1,0.798,not_young,1009.4,Hasle LU
2289,20565,3,0,0,0,3,3,3,ds6,,Starkes Baumholz,Starkes Baumholz_6,1,1,2.057,not_young,1014.8,Romoos
2298,3220,3,0,0,0,3,3,3,ds5,,Mittleres Baumholz,Mittleres Baumholz_6,1,1,0.322,not_young,998.2,Fontannen b. W.
2299,6598,3,0,0,0,3,3,3,ds5,,Mittleres Baumholz,Mittleres Baumholz_6,1,1,0.66,not_young,1023.3,Fontannen b. W.
2311,5289,3,0,0,0,3,3,3,ds4,,Schwaches Baumholz,Schwaches Baumholz_6,1,1,0.529,not_young,1041.0,Fontannen b. W.
2329,6334,3,0,0,0,3,3,3,ds6,,Starkes Baumholz,Starkes Baumholz_6,1,1,0.633,not_young,1077.2,Fontannen b. W.
2337,18308,3,0,0,0,3,3,3,ds5,,Mittleres Baumholz,Mittleres Baumholz_6,1,1,1.831,not_young,1065.3,Fontannen b. W.
2338,10250,3,0,0,0,3,3,3,ds6,,Starkes Baumholz,Starkes Baumholz_13,1,1,1.025,not_young,950.1,Fontannen b. W.
2344,19086,3,0,0,0,3,3,3,ds6,,Starkes Baumholz,Starkes Baumholz_13,1,1,1.909,not_young,965.6,Fontannen b. W.
2347,18210,3,0,0,0,3,3,3,ds6,,Starkes Baumholz,Starkes Baumholz_13,1,1,1.821,not_young,954.8,Romoos
2349,7631,3,0,0,0,3,3,3,ds6,,Starkes Baumholz,Starkes Baumholz_6,1,1,0.763,not_young,1063.8,Fontannen b. W.
2354,7036,3,0,0,0,3,3,3,ds4,,Schwaches Baumholz,Schwaches Baumholz_13,1,1,0.704,not_young,961.1,Romoos
2364,2491,3,0,0,0,3,3,3,ds5,,Mittleres Baumholz,Mittleres Baumholz_6,1,1,0.249,not_young,1019.8,Fontannen b. W.
2367,9303,3,0,0,0,3,3,3,ds6,,Starkes Baumholz,Starkes Baumholz_6,1,1,0.93,not_young,1135.9,Fontannen b. W.
2369,80488,3,0,0,0,3,3,3,ds6,,Starkes Baumholz,Starkes Baumholz_13,1,1,8.049,not_young,947.7,Fontannen b. W.
2371,10977,3,0,0,0,3,3,3,ds3,,Stangenholz,Stangenholz_6,1,1,1.098,not_young,1110.5,Fontannen b. W.
2373,55211,3,0,0,0,3,3,3,ds6,,Starkes Baumholz,Starkes Baumholz_13,1,1,5.521,not_young,930.2,Fontannen b. W.
2391,5386,3,0,0,0,3,3,3,ds5,,Mittleres Baumholz,Mittleres Baumholz_6,1,1,0.539,not_young,1019.7,Fontannen b. W.
2393,34480,3,0,0,0,3,3,3,ds6,,Starkes Baumholz,Starkes Baumholz_13,1,1,3.448,not_young,981.4,Romoos
2394,6292,3,0,0,0,3,3,3,ds4,,Schwaches Baumholz,Schwaches Baumholz_6,1,1,0.629,not_young,1109.0,Fontannen b. W.
2403,48905,3,0,0,0,3,3,1,ds6,,Starkes Baumholz,Starkes Baumholz_6,1,1,4.891,not_young,1012.0,Fontannen b. W.
2405,15104,3,0,0,0,3,3,3,ds6,,Starkes Baumholz,Starkes Baumholz_6,1,1,1.51,not_young,1021.6,Romoos
2408,9747,3,0,0,0,3,3,3,ds6,,Starkes Baumholz,Starkes Baumholz_6,1,1,0.975,not_young,989.1,Fontannen b. W.
2409,5179,3,0,0,0,3,3,3,ds5,,Mittleres Baumholz,Mittleres Baumholz_6,1,1,0.518,not_young,1037.6,Romoos
2413,1271,3,0,0,0,3,3,3,ds6,,Starkes Baumholz,Starkes Baumholz_6,1,1,0.127,not_young,1047.2,Fontannen b. W.
2414,22916,3,0,0,0,3,3,3,ds6,,Starkes Baumholz,Starkes Baumholz_13,1,1,2.292,not_young,942.3,Fontannen b. W.
2416,15353,3,0,0,0,3,3,3,ds6,,Starkes Baumholz,Starkes Baumholz_6,1,1,1.535,not_young,1022.0,Romoos
2427,15533,3,0,0,0,3,3,3,ds6,,Starkes Baumholz,Starkes Baumholz_13,1,1,1.553,not_young,955.8,Romoos
2432,9971,3,0,0,0,3,3,3,ds5,,Mittleres Baumholz,Mittleres Baumholz_6,1,1,0.997,not_young,986.3,Romoos
2435,44666,3,0,0,0,3,3,3,ds6,,Starkes Baumholz,Starkes Baumholz_6,1,1,4.467,not_young,969.1,Fontannen b. W.
2439,6300,3,0,0,0,3,3,3,ds5,,Mittleres Baumholz,Mittleres Baumholz_6,1,1,0.63,not_young,1190.0,Fontannen b. W.
2440,11054,3,0,0,0,3,3,3,ds5,,Mittleres Baumholz,Mittleres Baumholz_6,1,1,1.105,not_young,978.6,Romoos
2443,5048,3,0,0,0,3,3,3,ds6,,Starkes Baumholz,Starkes Baumholz_6,1,1,0.505,not_young,1095.0,Fontannen b. W.
2444,11244,1,0,2,2,1,1,1,ds6,,Starkes Baumholz,Starkes Baumholz_6,1,1,1.124,not_young,973.8,Fontannen b. W.
2447,5650,3,0,0,0,3,3,3,ds3,,Stangenholz,Stangenholz_6,1,1,0.565,not_young,1220.4,Fontannen b. W.
2448,13015,3,0,0,0,3,3,3,ds5,,Mittleres Baumholz,Mittleres Baumholz_6,1,1,1.301,not_young,984.9,Romoos
2453,6200,3,0,0,0,3,3,3,ds6,,Starkes Baumholz,Starkes Baumholz_6,1,1,0.62,not_young,1016.6,Romoos
2458,5950,3,0,0,0,3,3,1,ds3,,Stangenholz,Stangenholz_6,1,1,0.595,not_young,1224.0,Fontannen b. W.
2459,7274,3,0,0,0,3,3,3,ds5,,Mittleres Baumholz,Mittleres Baumholz_6,1,1,0.727,not_young,1013.7,Romoos
2460,10400,1,0,2,2,1,1,1,ds5,,Mittleres Baumholz,Mittleres Baumholz_6,1,1,1.04,not_young,1176.6,Fontannen b. W.
2463,8564,3,0,0,0,3,3,3,ds6,,Starkes Baumholz,Starkes Baumholz_6,1,1,0.856,not_young,987.5,Romoos
2465,35606,3,0,0,0,3,3,3,ds6,,Starkes Baumholz,Starkes Baumholz_6,1,1,3.561,not_young,1043.2,Fontannen b. W.
2466,7272,3,0,0,0,3,3,3,ds5,,Mittleres Baumholz,Mittleres Baumholz_6,1,1,0.727,not_young,975.5,Romoos
2467,13218,3,0,0,0,3,3,3,ds5,,Mittleres Baumholz,Mittleres Baumholz_6,1,1,1.322,not_young,1059.3,Romoos
2470,8656,3,0,0,0,3,3,3,ds6,,Starkes Baumholz,Starkes Baumholz_6,1,1,0.866,not_young,1015.8,Romoos
2475,28695,1,0,2,2,1,1,1,ds5,,Mittleres Baumholz,Mittleres Baumholz_6,1,1,2.87,not_young,1039.1,Fontannen b. W.
2476,5200,1,0,2,2,1,1,1,ds5,,Mittleres Baumholz,Mittleres Baumholz_6,1,1,0.52,not_young,1002.0,Fontannen b. W.
2478,90295,3,0,0,0,3,3,3,ds6,,Starkes Baumholz,Starkes Baumholz_6,1,1,9.029,not_young,1099.8,Fontannen b. W.
2479,194620,3,0,0,0,3,3,3,ds6,,Starkes Baumholz,Starkes Baumholz_13,1,1,19.462,not_young,951.8,Romoos
2480,5416,3,0,0,0,3,3,3,ds5,,Mittleres Baumholz,Mittleres Baumholz_6,1,1,0.542,not_young,1022.6,Romoos
2481,26715,3,0,0,0,3,3,3,ds6,,Starkes Baumholz,Starkes Baumholz_6,1,1,2.671,not_young,975.9,Romoos
2483,5550,3,0,0,0,3,3,3,ds5,,Mittleres Baumholz,Mittleres Baumholz_6,1,1,0.555,not_young,1038.8,Romoos
2485,21600,1,0,2,2,1,1,1,ds6,,Starkes Baumholz,Starkes Baumholz_6,1,1,2.16,not_young,973.0,Fontannen b. W.
2486,10000,1,0,2,2,1,1,1,ds6,,Starkes Baumholz,Starkes Baumholz_6,1,1,1.0,not_young,1177.4,Fontannen b. W.
2488,8741,3,0,0,0,3,3,3,ds5,,Mittleres Baumholz,Mittleres Baumholz_6,1,1,0.874,not_young,1048.0,Romoos
2489,5916,3,0,0,0,3,3,3,ds5,,Mittleres Baumholz,Mittleres Baumholz_6,1,1,0.592,not_young,1017.5,Romoos
2491,5150,1,0,2,2,1,1,1,ds6,,Starkes Baumholz,Starkes Baumholz_6,1,1,0.515,not_young,1190.2,Fontannen b. W.
2494,4950,3,0,0,0,3,3,3,ds6,,Starkes Baumholz,Starkes Baumholz_6,1,1,0.495,not_young,1011.4,Romoos
2496,4128,3,0,0,0,3,3,3,ds5,,Mittleres Baumholz,Mittleres Baumholz_6,1,1,0.413,not_young,1160.3,Fontannen b. W.
2502,8900,1,0,2,2,1,1,1,ds5,,Mittleres Baumholz,Mittleres Baumholz_6,1,1,0.89,not_young,1055.8,Fontannen b. W.
2508,22094,3,0,0,0,3,3,3,ds6,,Starkes Baumholz,Starkes Baumholz_6,1,1,2.209,not_young,1012.8,Romoos
2509,24100,3,0,0,0,3,3,3,ds6,,Starkes Baumholz,Starkes Baumholz_6,1,1,2.41,not_young,992.4,Romoos
2510,6289,3,0,0,0,3,3,3,ds5,,Mittleres Baumholz,Mittleres Baumholz_6,1,1,0.629,not_young,1052.7,Romoos
2516,9581,3,0,0,0,3,3,3,ds6,,Starkes Baumholz,Starkes Baumholz_6,1,1,0.958,not_young,1101.3,Romoos
2518,9370,3,0,0,0,3,3,3,ds6,,Starkes Baumholz,Starkes Baumholz_6,1,1,0.937,not_young,1123.1,Fontannen b. W.
2522,7300,3,0,0,0,3,3,3,ds5,,Mittleres Baumholz,Mittleres Baumholz_6,1,1,0.73,not_young,1300.6,Fontannen b. W.
2527,15600,3,0,0,0,3,3,1,ds2,,Jungwuchs/Dickung,Jungwuchs/Dickung_6,1,1,1.56,young,1244.8,Fontannen b. W.
2528,8699,3,0,0,0,3,3,3,ds6,,Starkes Baumholz,Starkes Baumholz_6,1,1,0.87,not_young,1129.0,Romoos
2529,11139,2,1,0,1,2,2,2,ds6,,Starkes Baumholz,Starkes Baumholz_6,1,1,1.114,not_young,1024.3,Romoos
2532,81766,3,0,0,0,3,3,3,ds6,,Starkes Baumholz,Starkes Baumholz_6,1,1,8.177,not_young,937.4,Romoos
2533,5650,3,0,0,0,3,3,3,ds5,,Mittleres Baumholz,Mittleres Baumholz_6,1,1,0.565,not_young,1101.7,Romoos
2536,8205,3,0,0,0,3,3,3,ds6,,Starkes Baumholz,Starkes Baumholz_6,1,1,0.821,not_young,1131.4,Romoos
2539,18441,1,0,2,2,1,1,1,ds6,,Starkes Baumholz,Starkes Baumholz_6,1,1,1.844,not_young,1115.3,Fontannen b. W.
2545,103243,3,0,0,0,3,3,3,ds6,,Starkes Baumholz,Starkes Baumholz_6,1,1,10.324,not_young,1023.7,Fontannen b. W.
2547,11965,3,0,0,0,3,3,3,ds5,,Mittleres Baumholz,Mittleres Baumholz_6,1,1,1.196,not_young,1134.4,Fontannen b. W.
2548,8450,3,0,0,0,3,3,3,ds5,,Mittleres Baumholz,Mittleres Baumholz_6,1,1,0.845,not_young,1045.5,Romoos
2549,6368,3,0,0,0,3,3,3,ds6,,Starkes Baumholz,Starkes Baumholz_6,1,1,0.637,not_young,1134.7,Romoos
2550,5800,3,0,0,0,3,3,3,ds4,,Schwaches Baumholz,Schwaches Baumholz_6,1,1,0.58,not_young,1105.5,Romoos
2551,6550,3,0,0,0,3,3,3,ds6,,Starkes Baumholz,Starkes Baumholz_6,1,1,0.655,not_young,1068.1,Romoos
2553,6700,3,0,0,0,3,3,3,ds6,,Starkes Baumholz,Starkes Baumholz_6,1,1,0.67,not_young,1134.9,Fontannen b. W.
2554,19600,3,0,0,0,3,3,3,ds6,,Starkes Baumholz,Starkes Baumholz_6,1,1,1.96,not_young,1139.1,Fontannen b. W.
2555,4968,3,0,0,0,3,3,3,ds5,,Mittleres Baumholz,Mittleres Baumholz_6,1,1,0.497,not_young,1174.7,Romoos
2559,5572,2,1,0,1,2,2,2,ds5,,Mittleres Baumholz,Mittleres Baumholz_6,1,1,0.557,not_young,1036.5,Romoos
2561,5863,1,0,2,2,1,1,1,ds5,,Mittleres Baumholz,Mittleres Baumholz_6,1,1,0.586,not_young,1108.7,Fontannen b. W.
2562,20576,1,0,2,2,1,1,1,ds6,,Starkes Baumholz,Starkes Baumholz_6,1,1,2.058,not_young,1059.0,Fontannen b. W.
2563,5059,3,0,0,0,3,3,3,ds4,,Schwaches Baumholz,Schwaches Baumholz_6,1,1,0.506,not_young,1193.4,Fontannen b. W.
2566,2047,1,0,2,2,1,1,1,ds5,,Mittleres Baumholz,Mittleres Baumholz_10,1,1,0.205,not_young,1300.0,Fontannen b. W.
2569,45103,3,0,0,0,3,3,3,ds6,,Starkes Baumholz,Starkes Baumholz_6,1,1,4.51,not_young,1115.7,Romoos
2570,49914,3,0,0,0,3,3,3,ds6,,Starkes Baumholz,Starkes Baumholz_6,1,1,4.991,not_young,1101.8,Romoos
2574,5072,2,1,0,1,2,2,2,ds4,,Schwaches Baumholz,Schwaches Baumholz_6,1,1,0.507,not_young,1114.9,Romoos
2575,114204,3,0,0,0,3,3,1,ds6,,Starkes Baumholz,Starkes Baumholz_6,1,1,11.42,not_young,1271.4,Fontannen b. W.
2579,11029,3,0,0,0,3,3,3,ds5,,Mittleres Baumholz,Mittleres Baumholz_6,1,1,1.103,not_young,1154.9,Romoos
2585,93717,3,0,0,0,3,3,3,ds6,,Starkes Baumholz,Starkes Baumholz_6,1,1,9.372,not_young,1079.7,Romoos
2587,8870,1,0,2,2,1,1,1,ds6,,Starkes Baumholz,Starkes Baumholz_6,1,1,0.887,not_young,1041.2,Fontannen b. W.
2588,10519,3,0,0,0,3,3,3,ds5,,Mittleres Baumholz,Mittleres Baumholz_6,1,1,1.052,not_young,1206.0,Romoos
2591,19766,3,0,0,0,3,3,3,ds6,,Starkes Baumholz,Starkes Baumholz_6,1,1,1.977,not_young,961.4,Romoos
2593,9386,1,0,2,2,1,1,1,ds5,,Mittleres Baumholz,Mittleres Baumholz_10,1,1,0.939,not_young,1345.2,Fontannen b. W.
2594,6558,1,0,2,2,1,1,1,ds4,,Schwaches Baumholz,Schwaches Baumholz_10,1,1,0.656,not_young,1312.5,Fontannen b. W.
2597,11515,3,0,0,0,3,3,3,ds5,,Mittleres Baumholz,Mittleres Baumholz_6,1,1,1.152,not_young,1267.8,Romoos
2598,21094,3,0,0,0,3,3,3,ds5,,Mittleres Baumholz,Mittleres Baumholz_6,1,1,2.109,not_young,1027.4,Romoos
2601,5724,3,0,0,0,3,3,3,ds5,,Mittleres Baumholz,Mittleres Baumholz_6,1,1,0.572,not_young,1181.5,Romoos
2602,6993,3,0,0,0,3,3,3,ds6,,Starkes Baumholz,Starkes Baumholz_6,1,1,0.699,not_young,968.2,Romoos
2612,6241,3,0,0,0,3,3,3,ds5,,Mittleres Baumholz,Mittleres Baumholz_6,1,1,0.624,not_young,1070.6,Romoos
2617,6634,3,0,0,0,3,3,3,ds6,,Starkes Baumholz,Starkes Baumholz_6,1,1,0.663,not_young,1143.8,Romoos
2622,5486,3,0,0,0,3,3,3,ds5,,Mittleres Baumholz,Mittleres Baumholz_6,1,1,0.549,not_young,1056.0,Romoos
2629,9576,3,0,0,0,3,3,3,ds5,,Mittleres Baumholz,Mittleres Baumholz_6,1,1,0.958,not_young,1109.3,Romoos
2638,15368,3,0,0,0,3,3,3,ds5,,Mittleres Baumholz,Mittleres Baumholz_6,1,1,1.537,not_young,1056.5,Romoos
2639,8000,3,0,0,0,3,3,3,ds5,,Mittleres Baumholz,Mittleres Baumholz_6,1,1,0.8,not_young,1126.8,Romoos
2640,5282,3,0,0,0,3,3,3,ds5,,Mittleres Baumholz,Mittleres Baumholz_6,1,1,0.528,not_young,1043.7,Romoos
2641,13038,3,0,0,0,3,3,3,ds6,,Starkes Baumholz,Starkes Baumholz_6,1,1,1.304,not_young,997.0,Romoos
2649,10102,3,0,0,0,3,3,3,ds6,,Starkes Baumholz,Starkes Baumholz_6,1,1,1.01,not_young,1086.0,Romoos
2651,5164,3,0,0,0,3,3,3,ds2,,Jungwuchs/Dickung,Jungwuchs/Dickung_6,1,1,0.516,young,1155.8,Romoos
2652,93258,3,0,0,0,3,3,3,ds6,,Starkes Baumholz,Starkes Baumholz_13,1,1,9.326,not_young,1008.0,Romoos
2653,5693,3,0,0,0,3,3,3,ds4,,Schwaches Baumholz,Schwaches Baumholz_13,1,1,0.569,not_young,999.2,Romoos
2654,10300,3,0,0,0,3,3,1,ds6,,Starkes Baumholz,Starkes Baumholz_6,1,1,1.03,not_young,1028.6,Romoos
2656,6697,3,0,0,0,3,3,3,ds6,,Starkes Baumholz,Starkes Baumholz_6,1,1,0.67,not_young,1122.8,Bramboden
2657,6111,3,0,0,0,3,3,3,ds5,,Mittleres Baumholz,Mittleres Baumholz_6,1,1,0.611,not_young,1081.9,Romoos
2661,19864,1,0,2,2,1,1,1,ds6,,Starkes Baumholz,Starkes Baumholz_6,1,1,1.986,not_young,1022.4,Bramboden
2665,4963,3,0,0,0,3,3,3,ds2,,Jungwuchs/Dickung,Jungwuchs/Dickung_6,1,1,0.496,young,996.1,Schüpfheim
2668,9949,3,0,0,0,3,3,3,ds4,,Schwaches Baumholz,Schwaches Baumholz_6,1,1,0.995,not_young,1189.4,Escholzmatt
2669,7700,3,0,0,0,3,3,3,ds5,,Mittleres Baumholz,Mittleres Baumholz_6,1,1,0.77,not_young,1047.3,Schüpfheim
2672,6288,3,0,0,0,3,3,3,ds4,,Schwaches Baumholz,Schwaches Baumholz_6,1,1,0.629,not_young,1021.2,Schüpfheim
2675,5283,3,0,0,0,3,3,3,ds5,,Mittleres Baumholz,Mittleres Baumholz_6,1,1,0.528,not_young,1116.9,Schüpfheim
2676,52575,3,0,0,0,3,3,3,ds6,,Starkes Baumholz,Starkes Baumholz_6,1,1,5.258,not_young,1219.1,Fontannen b. W.
2680,6872,3,0,0,0,3,3,3,ds5,,Mittleres Baumholz,Mittleres Baumholz_6,1,1,0.687,not_young,1043.3,Romoos
2686,5250,3,0,0,0,3,3,3,ds6,,Starkes Baumholz,Starkes Baumholz_6,1,1,0.525,not_young,1018.8,Romoos
2687,5400,3,0,0,0,3,3,3,ds5,,Mittleres Baumholz,Mittleres Baumholz_6,1,1,0.54,not_young,1037.4,Romoos
2688,6728,3,0,0,0,3,3,3,ds4,,Schwaches Baumholz,Schwaches Baumholz_6,1,1,0.673,not_young,1052.4,Romoos
2697,244860,3,0,0,0,3,3,1,ds6,,Starkes Baumholz,Starkes Baumholz_6,1,1,24.486,not_young,1020.8,Fontannen b. W.
2703,6347,3,0,0,0,3,3,3,ds6,,Starkes Baumholz,Starkes Baumholz_6,1,1,0.635,not_young,1133.2,Romoos
2708,32972,3,0,0,0,3,3,3,ds6,,Starkes Baumholz,Starkes Baumholz_6,1,1,3.297,not_young,969.9,Romoos
2712,8428,3,0,0,0,3,3,3,ds5,,Mittleres Baumholz,Mittleres Baumholz_6,1,1,0.843,not_young,1004.0,Romoos
2715,6996,3,0,0,0,3,3,3,ds5,,Mittleres Baumholz,Mittleres Baumholz_6,1,1,0.7,not_young,1043.4,Romoos
2717,63585,3,0,0,0,3,3,3,ds6,,Starkes Baumholz,Starkes Baumholz_6,1,1,6.359,not_young,1088.6,Romoos
2718,12066,3,0,0,0,3,3,3,ds6,,Starkes Baumholz,Starkes Baumholz_13,1,1,1.207,not_young,944.8,Romoos
2721,6918,3,0,0,0,3,3,3,ds5,,Mittleres Baumholz,Mittleres Baumholz_6,1,1,0.692,not_young,1021.3,Romoos
2724,12823,3,0,0,0,3,3,3,ds6,,Starkes Baumholz,Starkes Baumholz_6,1,1,1.282,not_young,1125.8,Romoos
2727,10063,3,0,0,0,3,3,3,ds5,,Mittleres Baumholz,Mittleres Baumholz_6,1,1,1.006,not_young,1021.0,Romoos
2728,6700,3,0,0,0,3,3,3,ds6,,Starkes Baumholz,Starkes Baumholz_6,1,1,0.67,not_young,1009.9,Romoos
2732,48301,3,0,0,0,3,3,1,ds6,,Starkes Baumholz,Starkes Baumholz_6,1,1,4.83,not_young,1236.0,Fontannen b. W.
2739,5700,3,0,0,0,3,3,3,ds6,,Starkes Baumholz,Starkes Baumholz_6,1,1,0.57,not_young,963.7,Romoos
2743,27082,3,0,0,0,3,3,3,ds6,,Starkes Baumholz,Starkes Baumholz_6,1,1,2.708,not_young,995.3,Romoos
2747,7000,3,0,0,0,3,3,3,ds6,,Starkes Baumholz,Starkes Baumholz_6,1,1,0.7,not_young,1094.3,Romoos
2757,6412,3,0,0,0,3,3,3,ds4,,Schwaches Baumholz,Schwaches Baumholz_6,1,1,0.641,not_young,1200.0,Romoos
2758,18737,3,0,0,0,3,3,3,ds6,,Starkes Baumholz,Starkes Baumholz_6,1,1,1.874,not_young,1073.6,Romoos
2765,21500,3,0,0,0,3,3,3,ds5,,Mittleres Baumholz,Mittleres Baumholz_6,1,1,2.15,not_young,1028.2,Romoos
2767,8550,3,0,0,0,3,3,3,ds6,,Starkes Baumholz,Starkes Baumholz_6,1,1,0.855,not_young,1100.8,Romoos
2772,47467,3,0,0,0,3,3,3,ds6,,Starkes Baumholz,Starkes Baumholz_6,1,1,4.747,not_young,1042.8,Romoos
2773,19401,3,0,0,0,3,3,3,ds6,,Starkes Baumholz,Starkes Baumholz_6,1,1,1.94,not_young,1001.9,Romoos
2774,41995,3,0,0,0,3,3,3,ds6,,Starkes Baumholz,Starkes Baumholz_13,1,1,4.199,not_young,934.0,Romoos
2778,12358,3,0,0,0,3,3,3,ds6,,Starkes Baumholz,Starkes Baumholz_13,1,1,1.236,not_young,959.6,Romoos
2783,5428,3,0,0,0,3,3,3,ds2,,Jungwuchs/Dickung,Jungwuchs/Dickung_6,1,1,0.543,young,1241.1,Romoos
2792,7144,3,0,0,0,3,3,1,ds5,,Mittleres Baumholz,Mittleres Baumholz_6,1,1,0.714,not_young,1298.6,Romoos
2796,7550,3,0,0,0,3,3,3,ds5,,Mittleres Baumholz,Mittleres Baumholz_6,1,1,0.755,not_young,1172.5,Romoos
2797,6900,3,0,0,0,3,3,3,ds2,,Jungwuchs/Dickung,Jungwuchs/Dickung_6,1,1,0.69,young,1123.3,Romoos
2799,7700,3,0,0,0,3,3,3,ds6,,Starkes Baumholz,Starkes Baumholz_6,1,1,0.77,not_young,1131.5,Romoos
2802,5600,1,0,2,2,1,1,1,ds3,,Stangenholz,Stangenholz_6,1,1,0.56,not_young,1260.3,Romoos
2803,5514,3,0,0,0,3,3,3,ds6,,Starkes Baumholz,Starkes Baumholz_6,1,1,0.551,not_young,969.4,Romoos
2805,234977,3,0,0,0,3,3,3,ds6,,Starkes Baumholz,Starkes Baumholz_6,1,1,23.498,not_young,1054.5,Romoos
2812,48663,3,0,0,0,3,3,3,ds5,,Mittleres Baumholz,Mittleres Baumholz_6,1,1,4.866,not_young,1060.8,Romoos
2813,8914,3,0,0,0,3,3,3,ds5,,Mittleres Baumholz,Mittleres Baumholz_6,1,1,0.891,not_young,1151.4,Romoos
2814,6632,3,0,0,0,3,3,3,ds4,,Schwaches Baumholz,Schwaches Baumholz_6,1,1,0.663,not_young,1040.1,Romoos
2817,82660,3,0,0,0,3,3,3,ds6,,Starkes Baumholz,Starkes Baumholz_6,1,1,8.266,not_young,1084.3,Romoos
2818,6745,3,0,0,0,3,3,3,ds5,,Mittleres Baumholz,Mittleres Baumholz_6,1,1,0.675,not_young,1223.2,Romoos
2819,5941,3,0,0,0,3,3,3,ds4,,Schwaches Baumholz,Schwaches Baumholz_6,1,1,0.594,not_young,1084.6,Romoos
2827,23773,3,0,0,0,3,3,3,ds6,,Starkes Baumholz,Starkes Baumholz_6,1,1,2.377,not_young,1166.7,Romoos
2829,18959,3,0,0,0,3,3,1,ds5,,Mittleres Baumholz,Mittleres Baumholz_6,1,1,1.896,not_young,1189.4,Romoos
2832,28499,3,0,0,0,3,3,3,ds6,,Starkes Baumholz,Starkes Baumholz_6,1,1,2.85,not_young,1034.8,Romoos
2835,27548,3,0,0,0,3,3,1,ds5,,Mittleres Baumholz,Mittleres Baumholz_6,1,1,2.755,not_young,1107.9,Bramboden
2842,10456,3,0,0,0,3,3,3,ds6,,Starkes Baumholz,Starkes Baumholz_6,1,1,1.046,not_young,1025.2,Bramboden
2844,9185,3,0,0,0,3,3,3,ds6,,Starkes Baumholz,Starkes Baumholz_6,1,1,0.919,not_young,1085.1,Bramboden
2850,7168,3,0,0,0,3,3,3,ds5,,Mittleres Baumholz,Mittleres Baumholz_6,1,1,0.717,not_young,1141.5,Bramboden
2854,9655,3,0,0,0,3,3,3,ds6,,Starkes Baumholz,Starkes Baumholz_6,1,1,0.965,not_young,964.1,Schüpfheim
2857,7458,3,0,0,0,3,3,3,ds6,,Starkes Baumholz,Starkes Baumholz_6,1,1,0.746,not_young,1023.2,Schüpfheim
2862,15990,3,0,0,0,3,3,3,ds6,,Starkes Baumholz,Starkes Baumholz_6,1,1,1.599,not_young,994.9,Schüpfheim
2865,5744,3,0,0,0,3,3,3,ds5,,Mittleres Baumholz,Mittleres Baumholz_6,1,1,0.574,not_young,1029.7,Schüpfheim
2867,31704,3,0,0,0,3,3,1,ds5,,Mittleres Baumholz,Mittleres Baumholz_6,1,1,3.17,not_young,1295.6,Romoos
2869,5493,3,0,0,0,3,3,3,ds5,,Mittleres Baumholz,Mittleres Baumholz_6,1,1,0.549,not_young,1115.4,Romoos
2871,6900,1,0,2,2,1,1,1,ds5,,Mittleres Baumholz,Mittleres Baumholz_6,1,1,0.69,not_young,1209.6,Romoos
2872,14000,1,0,2,2,1,1,1,ds4,,Schwaches Baumholz,Schwaches Baumholz_6,1,1,1.4,not_young,1213.2,Romoos
2873,5965,3,0,0,0,3,3,3,ds5,,Mittleres Baumholz,Mittleres Baumholz_6,1,1,0.597,not_young,1170.4,Romoos
2876,11950,3,0,0,0,3,3,3,ds4,,Schwaches Baumholz,Schwaches Baumholz_6,1,1,1.195,not_young,1207.0,Romoos
2877,54372,3,0,0,0,3,3,3,ds6,,Starkes Baumholz,Starkes Baumholz_6,1,1,5.437,not_young,1110.1,Romoos
2880,9682,1,0,2,2,1,1,1,ds5,,Mittleres Baumholz,Mittleres Baumholz_6,1,1,0.968,not_young,1254.6,Romoos
2883,12200,1,0,2,2,1,1,1,ds4,,Schwaches Baumholz,Schwaches Baumholz_6,1,1,1.22,not_young,1229.8,Romoos
2886,9210,3,0,0,0,3,3,3,ds6,,Starkes Baumholz,Starkes Baumholz_6,1,1,0.921,not_young,1050.8,Romoos
2887,5602,3,0,0,0,3,3,3,ds5,,Mittleres Baumholz,Mittleres Baumholz_6,1,1,0.56,not_young,1040.4,Romoos
2889,5900,3,0,0,0,3,3,1,ds6,,Starkes Baumholz,Starkes Baumholz_6,1,1,0.59,not_young,1137.1,Romoos
2893,7450,1,0,2,2,1,1,1,ds5,,Mittleres Baumholz,Mittleres Baumholz_6,1,1,0.745,not_young,1137.1,Romoos
2894,8300,1,0,2,2,1,1,1,ds5,,Mittleres Baumholz,Mittleres Baumholz_6,1,1,0.83,not_young,1180.0,Romoos
2895,40233,3,0,0,0,3,3,3,ds5,,Mittleres Baumholz,Mittleres Baumholz_6,1,1,4.023,not_young,1224.3,Romoos
2897,8000,3,0,0,0,3,3,3,ds4,,Schwaches Baumholz,Schwaches Baumholz_6,1,1,0.8,not_young,1188.0,Romoos
2898,13941,3,0,0,0,3,3,3,ds6,,Starkes Baumholz,Starkes Baumholz_13,1,1,1.394,not_young,977.0,Romoos
2899,11213,3,0,0,0,3,3,3,ds6,,Starkes Baumholz,Starkes Baumholz_6,1,1,1.121,not_young,1005.9,Romoos
2902,19410,3,0,0,0,3,3,3,ds6,,Starkes Baumholz,Starkes Baumholz_6,1,1,1.941,not_young,1024.1,Romoos
2904,7800,1,0,2,2,1,1,1,ds4,,Schwaches Baumholz,Schwaches Baumholz_6,1,1,0.78,not_young,1152.0,Romoos
2906,8507,3,0,0,0,3,3,3,ds5,,Mittleres Baumholz,Mittleres Baumholz_6,1,1,0.851,not_young,1199.3,Romoos
2908,27300,1,0,2,2,1,1,1,ds5,,Mittleres Baumholz,Mittleres Baumholz_6,1,1,2.73,not_young,1185.2,Romoos
2909,5399,3,0,0,0,3,3,3,ds6,,Starkes Baumholz,Starkes Baumholz_6,1,1,0.54,not_young,1010.1,Romoos
2914,17432,3,0,0,0,3,3,1,ds6,,Starkes Baumholz,Starkes Baumholz_6,1,1,1.743,not_young,1150.3,Bramboden
2915,20400,3,0,0,0,3,3,3,ds5,,Mittleres Baumholz,Mittleres Baumholz_6,1,1,2.04,not_young,1157.1,Romoos
2920,7429,3,0,0,0,3,3,3,ds5,,Mittleres Baumholz,Mittleres Baumholz_6,1,1,0.743,not_young,1161.5,Romoos
2921,9700,1,0,2,2,1,1,1,ds3,,Stangenholz,Stangenholz_6,1,1,0.97,not_young,1202.7,Romoos
2926,21572,3,0,0,0,3,3,3,ds6,,Starkes Baumholz,Starkes Baumholz_6,1,1,2.157,not_young,1036.4,Romoos
2930,6100,3,0,0,0,3,3,3,ds5,,Mittleres Baumholz,Mittleres Baumholz_6,1,1,0.61,not_young,1086.8,Romoos
2936,13914,3,0,0,0,3,3,3,ds6,,Starkes Baumholz,Starkes Baumholz_6,1,1,1.391,not_young,1141.6,Romoos
2937,5683,3,0,0,0,3,3,3,ds6,,Starkes Baumholz,Starkes Baumholz_6,1,1,0.568,not_young,1084.4,Romoos
2939,9897,3,0,0,0,3,3,1,ds6,,Starkes Baumholz,Starkes Baumholz_6,1,1,0.99,not_young,1147.0,Romoos
2940,19958,3,0,0,0,3,3,3,ds5,,Mittleres Baumholz,Mittleres Baumholz_6,1,1,1.996,not_young,1137.4,Romoos
2943,10229,3,0,0,0,3,3,3,ds6,,Starkes Baumholz,Starkes Baumholz_6,1,1,1.023,not_young,1150.8,Romoos
2945,5950,3,0,0,0,3,3,3,ds5,,Mittleres Baumholz,Mittleres Baumholz_6,1,1,0.595,not_young,1135.2,Romoos
2946,21810,3,0,0,0,3,3,1,ds6,,Starkes Baumholz,Starkes Baumholz_6,1,1,2.181,not_young,1110.3,Romoos
2947,5000,3,0,0,0,3,3,3,ds4,,Schwaches Baumholz,Schwaches Baumholz_6,1,1,0.5,not_young,1078.5,Romoos
2949,4957,3,0,0,0,3,3,3,ds5,,Mittleres Baumholz,Mittleres Baumholz_6,1,1,0.496,not_young,1252.3,Bramboden
2950,5802,3,0,0,0,3,3,3,ds1,,Jungwuchs/Dickung,Jungwuchs/Dickung_6,1,1,0.58,young,1131.0,Romoos
2951,5332,3,0,0,0,3,3,3,ds5,,Mittleres Baumholz,Mittleres Baumholz_6,1,1,0.533,not_young,1139.5,Romoos
2953,8533,3,0,0,0,3,3,3,ds2,,Jungwuchs/Dickung,Jungwuchs/Dickung_6,1,1,0.853,young,1137.8,Romoos
2955,5870,3,0,0,0,3,3,3,ds6,,Starkes Baumholz,Starkes Baumholz_6,1,1,0.587,not_young,1024.6,Romoos
2956,7403,3,0,0,0,3,3,3,ds6,,Starkes Baumholz,Starkes Baumholz_6,1,1,0.74,not_young,1012.5,Romoos
2961,4996,3,0,0,0,3,3,1,ds5,,Mittleres Baumholz,Mittleres Baumholz_6,1,1,0.5,not_young,1079.6,Romoos
2962,7539,3,0,0,0,3,3,3,ds6,,Starkes Baumholz,Starkes Baumholz_6,1,1,0.754,not_young,1027.2,Romoos
2963,5590,3,0,0,0,3,3,3,ds6,,Starkes Baumholz,Starkes Baumholz_6,1,1,0.559,not_young,1012.5,Romoos
2965,10012,3,0,0,0,3,3,3,ds3,,Stangenholz,Stangenholz_6,1,1,1.001,not_young,1126.4,Romoos
2967,14933,3,0,0,0,3,3,3,ds5,,Mittleres Baumholz,Mittleres Baumholz_6,1,1,1.493,not_young,1044.0,Romoos
2972,28425,3,0,0,0,3,3,3,ds6,,Starkes Baumholz,Starkes Baumholz_6,1,1,2.843,not_young,1198.7,Bramboden
2974,28889,3,0,0,0,3,3,1,ds5,,Mittleres Baumholz,Mittleres Baumholz_6,1,1,2.889,not_young,1060.0,Romoos
2977,9732,3,0,0,0,3,3,3,ds5,,Mittleres Baumholz,Mittleres Baumholz_6,1,1,0.973,not_young,1144.1,Romoos
2978,7798,3,0,0,0,3,3,3,ds6,,Starkes Baumholz,Starkes Baumholz_6,1,1,0.78,not_young,981.3,Romoos
2980,5515,3,0,0,0,3,3,3,ds6,,Starkes Baumholz,Starkes Baumholz_6,1,1,0.552,not_young,990.1,Romoos
2982,11156,3,0,0,0,3,3,3,ds6,,Starkes Baumholz,Starkes Baumholz_6,1,1,1.116,not_young,1037.8,Romoos
2985,12617,3,0,0,0,3,3,3,ds5,,Mittleres Baumholz,Mittleres Baumholz_6,1,1,1.262,not_young,1129.9,Romoos
2989,37581,3,0,0,0,3,3,3,ds6,,Starkes Baumholz,Starkes Baumholz_6,1,1,3.758,not_young,1104.2,Romoos
2990,6827,3,0,0,0,3,3,3,ds6,,Starkes Baumholz,Starkes Baumholz_13,1,1,0.683,not_young,995.9,Romoos
2992,13707,3,0,0,0,3,3,3,ds6,,Starkes Baumholz,Starkes Baumholz_13,1,1,1.371,not_young,958.7,Romoos
2994,10336,1,0,2,2,1,1,1,ds6,,Starkes Baumholz,Starkes Baumholz_6,1,1,1.034,not_young,1044.6,Romoos
2997,6051,1,0,2,2,1,1,1,ds5,,Mittleres Baumholz,Mittleres Baumholz_6,1,1,0.605,not_young,1054.4,Romoos
2998,16493,3,0,0,0,3,3,3,ds6,,Starkes Baumholz,Starkes Baumholz_6,1,1,1.649,not_young,1039.4,Romoos
3001,9080,3,0,0,0,3,3,1,ds4,,Schwaches Baumholz,Schwaches Baumholz_6,1,1,0.908,not_young,1086.8,Romoos
3004,7739,3,0,0,0,3,3,3,ds6,,Starkes Baumholz,Starkes Baumholz_6,1,1,0.774,not_young,1207.2,Bramboden
3005,20072,3,0,0,0,3,3,1,ds6,,Starkes Baumholz,Starkes Baumholz_6,1,1,2.007,not_young,1031.8,Bramboden
3006,17875,3,0,0,0,3,3,1,ds6,,Starkes Baumholz,Starkes Baumholz_6,1,1,1.787,not_young,1053.7,Romoos
3007,18344,3,0,0,0,3,3,3,ds6,,Starkes Baumholz,Starkes Baumholz_6,1,1,1.834,not_young,1069.1,Romoos
3010,44364,3,0,0,0,3,3,3,ds6,,Starkes Baumholz,Starkes Baumholz_6,1,1,4.436,not_young,1047.9,Romoos
3011,5191,3,0,0,0,3,3,3,ds5,,Mittleres Baumholz,Mittleres Baumholz_6,1,1,0.519,not_young,1034.8,Romoos
3013,5950,3,0,0,0,3,3,3,ds5,,Mittleres Baumholz,Mittleres Baumholz_6,1,1,0.595,not_young,1070.1,Romoos
3014,12934,3,0,0,0,3,3,3,ds6,,Starkes Baumholz,Starkes Baumholz_6,1,1,1.293,not_young,1045.3,Romoos
3015,14903,3,0,0,0,3,3,3,ds6,,Starkes Baumholz,Starkes Baumholz_6,1,1,1.49,not_young,1069.5,Romoos
3016,24938,3,0,0,0,3,3,3,ds6,,Starkes Baumholz,Starkes Baumholz_6,1,1,2.494,not_young,1106.2,Bramboden
3017,4997,1,0,2,2,1,1,1,ds5,,Mittleres Baumholz,Mittleres Baumholz_6,1,1,0.5,not_young,1210.8,Bramboden
3024,5150,3,0,0,0,3,3,3,ds5,,Mittleres Baumholz,Mittleres Baumholz_6,1,1,0.515,not_young,1139.9,Romoos
3025,15741,3,0,0,0,3,3,3,ds6,,Starkes Baumholz,Starkes Baumholz_6,1,1,1.574,not_young,1038.2,Romoos
3029,18524,3,0,0,0,3,3,1,ds6,,Starkes Baumholz,Starkes Baumholz_6,1,1,1.852,not_young,987.7,Bramboden
3030,6450,1,0,2,2,1,1,1,ds5,,Mittleres Baumholz,Mittleres Baumholz_13,1,1,0.645,not_young,1015.5,Romoos
3031,11255,3,0,0,0,3,3,3,ds4,,Schwaches Baumholz,Schwaches Baumholz_6,1,1,1.125,not_young,1041.6,Romoos
3032,5200,3,0,0,0,3,3,3,ds6,,Starkes Baumholz,Starkes Baumholz_6,1,1,0.52,not_young,1089.6,Bramboden
3036,11192,1,0,2,2,1,1,1,ds6,,Starkes Baumholz,Starkes Baumholz_6,1,1,1.119,not_young,978.6,Romoos
3038,6349,3,0,0,0,3,3,3,ds5,,Mittleres Baumholz,Mittleres Baumholz_6,1,1,0.635,not_young,1085.4,Romoos
3040,6772,1,0,2,2,1,1,1,ds3,,Stangenholz,Stangenholz_6,1,1,0.677,not_young,1219.6,Bramboden
3041,7798,3,0,0,0,3,3,1,ds5,,Mittleres Baumholz,Mittleres Baumholz_6,1,1,0.78,not_young,1200.6,Bramboden
3043,5950,3,0,0,0,3,3,3,ds6,,Starkes Baumholz,Starkes Baumholz_6,1,1,0.595,not_young,1026.7,Romoos
3046,12404,1,0,2,2,1,1,1,ds6,,Starkes Baumholz,Starkes Baumholz_13,1,1,1.24,not_young,980.0,Romoos
3047,27450,3,0,0,0,3,3,1,ds6,,Starkes Baumholz,Starkes Baumholz_6,1,1,2.745,not_young,1043.3,Romoos
3048,14784,3,0,0,0,3,3,3,ds6,,Starkes Baumholz,Starkes Baumholz_6,1,1,1.478,not_young,1100.7,Romoos
3052,7448,3,0,0,0,3,3,3,ds6,,Starkes Baumholz,Starkes Baumholz_6,1,1,0.745,not_young,1040.8,Romoos
3054,7100,1,0,2,2,1,1,1,ds5,,Mittleres Baumholz,Mittleres Baumholz_6,1,1,0.71,not_young,975.2,Romoos
3060,5100,3,0,0,0,3,3,3,ds5,,Mittleres Baumholz,Mittleres Baumholz_6,1,1,0.51,not_young,1007.4,Romoos
3061,6100,3,0,0,0,3,3,1,ds6,,Starkes Baumholz,Starkes Baumholz_6,1,1,0.61,not_young,1003.7,Romoos
3066,49010,1,0,2,2,1,1,1,ds6,,Starkes Baumholz,Starkes Baumholz_13,1,1,4.901,not_young,981.2,Romoos
3067,8110,3,0,0,0,3,3,3,ds5,,Mittleres Baumholz,Mittleres Baumholz_6,1,1,0.811,not_young,1081.4,Romoos
3068,15714,3,0,0,0,3,3,3,ds6,,Starkes Baumholz,Starkes Baumholz_6,1,1,1.571,not_young,1014.7,Romoos
3070,7133,3,0,0,0,3,3,3,ds6,,Starkes Baumholz,Starkes Baumholz_6,1,1,0.713,not_young,1051.6,Romoos
3071,6338,3,0,0,0,3,3,3,ds6,,Starkes Baumholz,Starkes Baumholz_6,1,1,0.634,not_young,1078.3,Romoos
3073,18955,1,0,2,2,1,1,1,ds5,,Mittleres Baumholz,Mittleres Baumholz_6,1,1,1.896,not_young,1221.3,Bramboden
3076,7975,3,0,0,0,3,3,3,ds6,,Starkes Baumholz,Starkes Baumholz_6,1,1,0.798,not_young,1084.9,Romoos
3077,5321,3,0,0,0,3,3,3,ds6,,Starkes Baumholz,Starkes Baumholz_6,1,1,0.532,not_young,996.5,Romoos
3079,6445,1,0,2,2,1,1,1,ds4,,Schwaches Baumholz,Schwaches Baumholz_6,1,1,0.644,not_young,1147.8,Bramboden
3080,6022,3,0,0,0,3,3,3,ds4,,Schwaches Baumholz,Schwaches Baumholz_6,1,1,0.602,not_young,1114.4,Bramboden
3084,62418,3,0,0,0,3,3,3,ds6,,Starkes Baumholz,Starkes Baumholz_13,1,1,6.242,not_young,1000.6,Romoos
3087,25009,3,0,0,0,3,3,3,ds6,,Starkes Baumholz,Starkes Baumholz_6,1,1,2.501,not_young,991.0,Romoos
3093,5990,3,0,0,0,3,3,3,ds4,,Schwaches Baumholz,Schwaches Baumholz_6,1,1,0.599,not_young,1131.0,Romoos
3095,5293,3,0,0,0,3,3,3,ds5,,Mittleres Baumholz,Mittleres Baumholz_6,1,1,0.529,not_young,1076.2,Romoos
3097,60245,3,0,0,0,3,3,1,ds6,,Starkes Baumholz,Starkes Baumholz_6,1,1,6.024,not_young,997.7,Bramboden
3099,13873,3,0,0,0,3,3,3,ds6,,Starkes Baumholz,Starkes Baumholz_6,1,1,1.387,not_young,993.7,Romoos
3102,7000,3,0,0,0,3,3,1,ds3,,Stangenholz,Stangenholz_6,1,1,0.7,not_young,984.2,Romoos
3104,13458,3,0,0,0,3,3,3,ds6,,Starkes Baumholz,Starkes Baumholz_13,1,1,1.346,not_young,958.1,Romoos
3105,6683,3,0,0,0,3,3,3,ds6,,Starkes Baumholz,Starkes Baumholz_6,1,1,0.668,not_young,1024.5,Romoos
3107,10609,3,0,0,0,3,3,3,ds6,,Starkes Baumholz,Starkes Baumholz_6,1,1,1.061,not_young,1070.9,Romoos
3108,8190,3,0,0,0,3,3,3,ds6,,Starkes Baumholz,Starkes Baumholz_6,1,1,0.819,not_young,982.8,Romoos
3110,6448,1,0,2,2,1,1,1,ds3,,Stangenholz,Stangenholz_6,1,1,0.645,not_young,1103.8,Bramboden
3111,5100,3,0,0,0,3,3,3,ds3,,Stangenholz,Stangenholz_6,1,1,0.51,not_young,1108.2,Bramboden
3112,5300,3,0,0,0,3,3,3,ds6,,Starkes Baumholz,Starkes Baumholz_6,1,1,0.53,not_young,1101.8,Bramboden
3113,29392,3,0,0,0,3,3,3,ds6,,Starkes Baumholz,Starkes Baumholz_13,1,1,2.939,not_young,950.8,Romoos
3117,7200,3,0,0,0,3,3,1,ds4,,Schwaches Baumholz,Schwaches Baumholz_6,1,1,0.72,not_young,979.5,Romoos
3118,7130,1,0,2,2,1,1,1,ds3,,Stangenholz,Stangenholz_6,1,1,0.713,not_young,1133.6,Bramboden
3122,21214,1,0,2,2,1,1,1,ds6,,Starkes Baumholz,Starkes Baumholz_13,1,1,2.121,not_young,944.5,Romoos
3125,9351,3,0,0,0,3,3,3,ds6,,Starkes Baumholz,Starkes Baumholz_6,1,1,0.935,not_young,1034.5,Romoos
3127,6582,3,0,0,0,3,3,1,ds6,,Starkes Baumholz,Starkes Baumholz_6,1,1,0.658,not_young,1091.3,Bramboden
3128,6850,1,0,2,2,1,1,1,ds6,,Starkes Baumholz,Starkes Baumholz_6,1,1,0.685,not_young,973.7,Romoos
3137,6374,3,0,0,0,3,3,3,ds6,,Starkes Baumholz,Starkes Baumholz_6,1,1,0.637,not_young,1025.9,Romoos
3140,5676,3,0,0,0,3,3,3,ds6,,Starkes Baumholz,Starkes Baumholz_6,1,1,0.568,not_young,1035.3,Bramboden
3142,17896,3,0,0,0,3,3,3,ds6,,Starkes Baumholz,Starkes Baumholz_6,1,1,1.79,not_young,1027.4,Romoos
3143,8500,1,0,2,2,1,1,1,ds4,,Schwaches Baumholz,Schwaches Baumholz_6,1,1,0.85,not_young,1088.2,Bramboden
3144,6400,3,0,0,0,3,3,3,ds6,,Starkes Baumholz,Starkes Baumholz_6,1,1,0.64,not_young,1077.3,Bramboden
3147,45134,3,0,0,0,3,3,1,ds6,,Starkes Baumholz,Starkes Baumholz_6,1,1,4.513,not_young,988.8,Romoos
3150,11791,1,0,2,2,1,1,1,ds2,,Jungwuchs/Dickung,Jungwuchs/Dickung_6,1,1,1.179,young,1073.8,Bramboden
3152,8495,3,0,0,0,3,3,3,ds6,,Starkes Baumholz,Starkes Baumholz_6,1,1,0.849,not_young,1045.4,Bramboden
3153,6727,1,0,2,2,1,1,1,ds4,,Schwaches Baumholz,Schwaches Baumholz_6,1,1,0.673,not_young,1075.2,Bramboden
3154,5365,3,0,0,0,3,3,3,ds6,,Starkes Baumholz,Starkes Baumholz_6,1,1,0.536,not_young,1065.9,Romoos
3161,6620,1,0,2,2,1,1,1,ds5,,Mittleres Baumholz,Mittleres Baumholz_6,1,1,0.662,not_young,1062.6,Bramboden
3171,13590,3,0,0,0,3,3,3,ds6,,Starkes Baumholz,Starkes Baumholz_6,1,1,1.359,not_young,1042.2,Romoos
3172,5909,1,0,2,2,1,1,1,ds4,,Schwaches Baumholz,Schwaches Baumholz_6,1,1,0.591,not_young,1045.0,Bramboden
3174,19630,3,0,0,0,3,3,3,ds6,,Starkes Baumholz,Starkes Baumholz_6,1,1,1.963,not_young,1163.8,Bramboden
3178,6400,3,0,0,0,3,3,3,ds5,,Mittleres Baumholz,Mittleres Baumholz_6,1,1,0.64,not_young,1085.7,Bramboden
3179,92570,3,0,0,0,3,3,3,ds6,,Starkes Baumholz,Starkes Baumholz_6,1,1,9.257,not_young,1051.1,Romoos
3181,9161,1,0,2,2,1,1,1,ds6,,Starkes Baumholz,Starkes Baumholz_6,1,1,0.916,not_young,979.2,Romoos
3182,12607,3,0,0,0,3,3,3,ds6,,Starkes Baumholz,Starkes Baumholz_13,1,1,1.261,not_young,955.6,Romoos
3184,13428,3,0,0,0,3,3,1,ds6,,Starkes Baumholz,Starkes Baumholz_6,1,1,1.343,not_young,978.6,Romoos
3185,8583,3,0,0,0,3,3,3,ds6,,Starkes Baumholz,Starkes Baumholz_6,1,1,0.858,not_young,1005.8,Romoos
3186,7701,1,0,2,2,1,1,1,ds6,,Starkes Baumholz,Starkes Baumholz_6,1,1,0.77,not_young,1020.3,Bramboden
3191,8186,3,0,0,0,3,3,3,ds5,,Mittleres Baumholz,Mittleres Baumholz_6,1,1,0.819,not_young,1070.6,Bramboden
3193,14070,3,0,0,0,3,3,1,ds6,,Starkes Baumholz,Starkes Baumholz_6,1,1,1.407,not_young,1005.6,Bramboden
3195,5834,3,0,0,0,3,3,3,ds6,,Starkes Baumholz,Starkes Baumholz_13,1,1,0.583,not_young,970.5,Romoos
3197,6474,3,0,0,0,3,3,3,ds6,,Starkes Baumholz,Starkes Baumholz_13,1,1,0.647,not_young,991.5,Romoos
3201,58703,3,0,0,0,3,3,1,ds6,,Starkes Baumholz,Starkes Baumholz_6,1,1,5.87,not_young,990.9,Bramboden
3203,9036,3,0,0,0,3,3,1,ds5,,Mittleres Baumholz,Mittleres Baumholz_13,1,1,0.904,not_young,974.0,Romoos
3212,9936,3,0,0,0,3,3,3,ds6,,Starkes Baumholz,Starkes Baumholz_6,1,1,0.994,not_young,985.3,Romoos
3213,26512,3,0,0,0,3,3,3,ds6,,Starkes Baumholz,Starkes Baumholz_6,1,1,2.651,not_young,1147.7,Bramboden
3225,29970,3,0,0,0,3,3,3,ds6,,Starkes Baumholz,Starkes Baumholz_6,1,1,2.997,not_young,1004.3,Bramboden
3227,5451,3,0,0,0,3,3,3,ds6,,Starkes Baumholz,Starkes Baumholz_6,1,1,0.545,not_young,1004.4,Romoos
3235,8224,3,0,0,0,3,3,3,ds5,,Mittleres Baumholz,Mittleres Baumholz_6,1,1,0.822,not_young,1002.1,Romoos
3239,6967,3,0,0,0,3,3,3,ds6,,Starkes Baumholz,Starkes Baumholz_6,1,1,0.697,not_young,1024.1,Bramboden
3246,5625,3,0,0,0,3,3,3,ds5,,Mittleres Baumholz,Mittleres Baumholz_6,1,1,0.563,not_young,983.8,Romoos
3248,57847,3,0,0,0,3,3,3,ds6,,Starkes Baumholz,Starkes Baumholz_13,1,1,5.785,not_young,933.6,Romoos
3255,6613,3,0,0,0,3,3,3,ds6,,Starkes Baumholz,Starkes Baumholz_6,1,1,0.661,not_young,1027.3,Bramboden
3256,15550,3,0,0,0,3,3,3,ds6,,Starkes Baumholz,Starkes Baumholz_13,1,1,1.555,not_young,931.4,Romoos
3261,86939,3,0,0,0,3,3,3,ds6,,Starkes Baumholz,Starkes Baumholz_6,1,1,8.694,not_young,990.3,Bramboden
3268,54164,3,0,0,0,3,3,3,ds6,,Starkes Baumholz,Starkes Baumholz_6,1,1,5.416,not_young,1066.1,Bramboden
3269,6700,3,0,0,0,3,3,3,ds5,,Mittleres Baumholz,Mittleres Baumholz_13,1,1,0.67,not_young,957.2,Romoos
3272,6683,3,0,0,0,3,3,3,ds6,,Starkes Baumholz,Starkes Baumholz_6,1,1,0.668,not_young,971.2,Bramboden
3273,15783,3,0,0,0,3,3,3,ds5,,Mittleres Baumholz,Mittleres Baumholz_13,1,1,1.578,not_young,966.7,Romoos
3275,5679,3,0,0,0,3,3,3,ds5,,Mittleres Baumholz,Mittleres Baumholz_6,1,1,0.568,not_young,1003.9,Romoos
3278,12385,3,0,0,0,3,3,3,ds6,,Starkes Baumholz,Starkes Baumholz_6,1,1,1.239,not_young,1017.0,Bramboden
3279,15895,3,0,0,0,3,3,3,ds6,,Starkes Baumholz,Starkes Baumholz_13,1,1,1.589,not_young,924.7,Romoos
3285,12143,3,0,0,0,3,3,3,ds6,,Starkes Baumholz,Starkes Baumholz_6,1,1,1.214,not_young,1002.2,Bramboden
3287,6253,3,0,0,0,3,3,3,ds5,,Mittleres Baumholz,Mittleres Baumholz_6,1,1,0.625,not_young,1034.3,Bramboden
3288,5550,3,0,0,0,3,3,3,ds6,,Starkes Baumholz,Starkes Baumholz_6,1,1,0.555,not_young,998.2,Bramboden
3293,35900,3,0,0,0,3,3,3,ds6,,Starkes Baumholz,Starkes Baumholz_13,1,1,3.59,not_young,924.2,Romoos
3300,5600,3,0,0,0,3,3,3,ds5,,Mittleres Baumholz,Mittleres Baumholz_13,1,1,0.56,not_young,947.8,Bramboden
3302,6574,3,0,0,0,3,3,3,ds6,,Starkes Baumholz,Starkes Baumholz_13,1,1,0.657,not_young,984.3,Romoos
3304,9050,3,0,0,0,3,3,3,ds6,,Starkes Baumholz,Starkes Baumholz_13,1,1,0.905,not_young,963.6,Romoos
3307,5401,3,0,0,0,3,3,3,ds5,,Mittleres Baumholz,Mittleres Baumholz_13,1,1,0.54,not_young,973.0,Bramboden
3317,55139,3,0,0,0,3,3,3,ds6,,Starkes Baumholz,Starkes Baumholz_13,1,1,5.514,not_young,943.6,Romoos
3326,9997,3,0,0,0,3,3,3,ds6,,Starkes Baumholz,Starkes Baumholz_13,1,1,1.0,not_young,957.6,Romoos
3332,5408,3,0,0,0,3,3,1,ds5,,Mittleres Baumholz,Mittleres Baumholz_6,1,1,0.541,not_young,1198.9,Bramboden
3342,7749,3,0,0,0,3,3,3,ds6,,Starkes Baumholz,Starkes Baumholz_6,1,1,0.775,not_young,991.3,Bramboden
3344,10663,3,0,0,0,3,3,3,ds6,,Starkes Baumholz,Starkes Baumholz_13,1,1,1.066,not_young,1004.1,Romoos
3346,20151,3,0,0,0,3,3,3,ds6,,Starkes Baumholz,Starkes Baumholz_6,1,1,2.015,not_young,993.1,Bramboden
3348,12811,1,0,2,2,1,1,1,ds5,,Mittleres Baumholz,Mittleres Baumholz_6,1,1,1.281,not_young,1052.4,Bramboden
3353,34058,3,0,0,0,3,3,1,ds6,,Starkes Baumholz,Starkes Baumholz_6,1,1,3.406,not_young,1042.6,Bramboden
3355,5792,3,0,0,0,3,3,3,ds5,,Mittleres Baumholz,Mittleres Baumholz_6,1,1,0.579,not_young,975.8,Bramboden
3359,12768,3,0,0,0,3,3,3,ds6,,Starkes Baumholz,Starkes Baumholz_13,1,1,1.277,not_young,987.0,Romoos
3363,41435,1,0,2,2,1,1,1,ds6,,Starkes Baumholz,Starkes Baumholz_6,1,1,4.144,not_young,1115.8,Bramboden
3367,5537,3,0,0,0,3,3,3,ds4,,Schwaches Baumholz,Schwaches Baumholz_13,1,1,0.554,not_young,998.3,Romoos
3389,8759,3,0,0,0,3,3,3,ds6,,Starkes Baumholz,Starkes Baumholz_6,1,1,0.876,not_young,981.3,Bramboden
3393,6300,3,0,0,0,3,3,3,ds5,,Mittleres Baumholz,Mittleres Baumholz_6,1,1,0.63,not_young,1011.7,Bramboden
3397,11700,3,0,0,0,3,3,3,ds6,,Starkes Baumholz,Starkes Baumholz_6,1,1,1.17,not_young,1010.7,Bramboden
3403,15469,1,0,2,2,1,1,1,ds6,,Starkes Baumholz,Starkes Baumholz_6,1,1,1.547,not_young,1046.3,Bramboden
3407,56634,3,0,0,0,3,3,3,ds6,,Starkes Baumholz,Starkes Baumholz_13,1,1,5.663,not_young,872.7,Romoos
3410,8006,1,0,2,2,1,1,1,ds6,,Starkes Baumholz,Starkes Baumholz_6,1,1,0.801,not_young,1142.7,Bramboden
3418,5329,3,0,0,0,3,3,3,ds5,,Mittleres Baumholz,Mittleres Baumholz_6,1,1,0.533,not_young,1079.4,Bramboden
3450,15625,3,0,0,0,3,3,3,ds6,,Starkes Baumholz,Starkes Baumholz_6,1,1,1.562,not_young,1022.8,Bramboden
3454,23018,3,0,0,0,3,3,1,ds6,,Starkes Baumholz,Starkes Baumholz_6,1,1,2.302,not_young,1115.3,Bramboden
3457,10597,3,0,0,0,3,3,3,ds5,,Mittleres Baumholz,Mittleres Baumholz_6,1,1,1.06,not_young,1020.6,Bramboden
3462,7510,3,0,0,0,3,3,3,ds6,,Starkes Baumholz,Starkes Baumholz_6,1,1,0.751,not_young,985.1,Bramboden
3469,19961,3,0,0,0,3,3,3,ds6,,Starkes Baumholz,Starkes Baumholz_6,1,1,1.996,not_young,974.4,Bramboden
3472,5958,3,0,0,0,3,3,3,ds6,,Starkes Baumholz,Starkes Baumholz_6,1,1,0.596,not_young,1097.6,Bramboden
3488,12950,3,0,0,0,3,3,3,ds6,,Starkes Baumholz,Starkes Baumholz_6,1,1,1.295,not_young,1016.1,Bramboden
3489,7872,3,0,0,0,3,3,3,ds6,,Starkes Baumholz,Starkes Baumholz_6,1,1,0.787,not_young,998.5,Bramboden
3492,53923,3,0,0,0,3,3,3,ds6,,Starkes Baumholz,Starkes Baumholz_6,1,1,5.392,not_young,1052.5,Bramboden
3500,5574,3,0,0,0,3,3,3,ds6,,Starkes Baumholz,Starkes Baumholz_6,1,1,0.557,not_young,994.2,Bramboden
3513,4957,3,0,0,0,3,3,3,ds5,,Mittleres Baumholz,Mittleres Baumholz_6,1,1,0.496,not_young,1143.2,Bramboden
3514,5122,3,0,0,0,3,3,3,ds5,,Mittleres Baumholz,Mittleres Baumholz_6,1,1,0.512,not_young,1203.4,Bramboden
3515,6448,3,0,0,0,3,3,3,ds5,,Mittleres Baumholz,Mittleres Baumholz_6,1,1,0.645,not_young,1172.1,Bramboden
3523,5609,3,0,0,0,3,3,3,ds4,,Schwaches Baumholz,Schwaches Baumholz_6,1,1,0.561,not_young,1160.5,Bramboden
3527,5041,3,0,0,0,3,3,3,ds4,,Schwaches Baumholz,Schwaches Baumholz_6,1,1,0.504,not_young,1255.6,Bramboden
3528,5419,3,0,0,0,3,3,3,ds5,,Mittleres Baumholz,Mittleres Baumholz_6,1,1,0.542,not_young,1215.2,Bramboden
3531,8081,3,0,0,0,3,3,3,ds6,,Starkes Baumholz,Starkes Baumholz_6,1,1,0.808,not_young,1022.8,Bramboden
3542,8428,3,0,0,0,3,3,3,ds6,,Starkes Baumholz,Starkes Baumholz_6,1,1,0.843,not_young,1109.4,Bramboden
3551,6152,3,0,0,0,3,3,3,ds5,,Mittleres Baumholz,Mittleres Baumholz_6,1,1,0.615,not_young,1152.5,Bramboden
3555,19562,3,0,0,0,3,3,3,ds6,,Starkes Baumholz,Starkes Baumholz_6,1,1,1.956,not_young,993.7,Bramboden
3556,5434,3,0,0,0,3,3,3,ds4,,Schwaches Baumholz,Schwaches Baumholz_6,1,1,0.543,not_young,1023.2,Bramboden
3559,5289,3,0,0,0,3,3,3,ds3,,Stangenholz,Stangenholz_6,1,1,0.529,not_young,1235.5,Escholzmatt
3562,10398,3,0,0,0,3,3,3,ds5,,Mittleres Baumholz,Mittleres Baumholz_6,1,1,1.04,not_young,994.6,Bramboden
3564,6900,3,0,0,0,3,3,3,ds6,,Starkes Baumholz,Starkes Baumholz_6,1,1,0.69,not_young,981.2,Bramboden
3568,17061,3,0,0,0,3,3,3,ds2,,Jungwuchs/Dickung,Jungwuchs/Dickung_6,1,1,1.706,young,1255.8,Escholzmatt
3572,7450,3,0,0,0,3,3,3,ds6,,Starkes Baumholz,Starkes Baumholz_6,1,1,0.745,not_young,1216.6,Escholzmatt
3573,12100,3,0,0,0,3,3,3,ds6,,Starkes Baumholz,Starkes Baumholz_6,1,1,1.21,not_young,1167.1,Escholzmatt
3579,13244,3,0,0,0,3,3,3,ds5,,Mittleres Baumholz,Mittleres Baumholz_6,1,1,1.324,not_young,1215.0,Escholzmatt
3580,12300,3,0,0,0,3,3,3,ds6,,Starkes Baumholz,Starkes Baumholz_6,1,1,1.23,not_young,1143.7,Bramboden
3585,9417,3,0,0,0,3,3,3,ds6,,Starkes Baumholz,Starkes Baumholz_6,1,1,0.942,not_young,1139.2,Schüpfheim
3586,9615,3,0,0,0,3,3,3,ds6,,Starkes Baumholz,Starkes Baumholz_6,1,1,0.961,not_young,952.3,Bramboden
3590,48907,3,0,0,0,3,3,3,ds6,,Starkes Baumholz,Starkes Baumholz_13,1,1,4.891,not_young,943.5,Bramboden
3600,24901,3,0,0,0,3,3,3,ds6,,Starkes Baumholz,Starkes Baumholz_6,1,1,2.49,not_young,1133.1,Schüpfheim
3601,5294,3,0,0,0,3,3,3,ds4,,Schwaches Baumholz,Schwaches Baumholz_6,1,1,0.529,not_young,1087.7,Bramboden
3602,24023,3,0,0,0,3,3,3,ds6,,Starkes Baumholz,Starkes Baumholz_6,1,1,2.402,not_young,961.2,Bramboden
3605,7880,3,0,0,0,3,3,3,ds6,,Starkes Baumholz,Starkes Baumholz_6,1,1,0.788,not_young,1204.8,Escholzmatt
3606,9600,3,0,0,0,3,3,3,ds5,,Mittleres Baumholz,Mittleres Baumholz_6,1,1,0.96,not_young,1174.3,Escholzmatt
3607,10900,3,0,0,0,3,3,3,ds6,,Starkes Baumholz,Starkes Baumholz_6,1,1,1.09,not_young,1048.2,Bramboden
3611,13050,3,0,0,0,3,3,3,ds6,,Starkes Baumholz,Starkes Baumholz_6,1,1,1.305,not_young,1056.9,Schüpfheim
3615,17750,3,0,0,0,3,3,3,ds6,,Starkes Baumholz,Starkes Baumholz_6,1,1,1.775,not_young,1136.7,Escholzmatt
3620,8400,3,0,0,0,3,3,3,ds6,,Starkes Baumholz,Starkes Baumholz_6,1,1,0.84,not_young,1056.1,Escholzmatt
3622,39792,3,0,0,0,3,3,3,ds6,,Starkes Baumholz,Starkes Baumholz_6,1,1,3.979,not_young,1142.1,Schüpfheim
3623,7800,3,0,0,0,3,3,3,ds3,,Stangenholz,Stangenholz_6,1,1,0.78,not_young,1154.2,Escholzmatt
3626,6950,3,0,0,0,3,3,3,ds6,,Starkes Baumholz,Starkes Baumholz_6,1,1,0.695,not_young,1094.4,Escholzmatt
3629,5600,3,0,0,0,3,3,3,ds2,,Jungwuchs/Dickung,Jungwuchs/Dickung_6,1,1,0.56,young,1174.8,Escholzmatt
3630,22750,3,0,0,0,3,3,3,ds6,,Starkes Baumholz,Starkes Baumholz_6,1,1,2.275,not_young,1095.4,Bramboden
3631,5479,3,0,0,0,3,3,3,ds6,,Starkes Baumholz,Starkes Baumholz_6,1,1,0.548,not_young,1011.4,Bramboden
3632,11300,3,0,0,0,3,3,3,ds4,,Schwaches Baumholz,Schwaches Baumholz_6,1,1,1.13,not_young,1178.5,Escholzmatt
3634,13316,3,0,0,0,3,3,3,ds5,,Mittleres Baumholz,Mittleres Baumholz_6,1,1,1.332,not_young,996.5,Schüpfheim
3635,9444,3,0,0,0,3,3,3,ds6,,Starkes Baumholz,Starkes Baumholz_13,1,1,0.944,not_young,979.0,Schüpfheim
3638,22738,3,0,0,0,3,3,3,ds6,,Starkes Baumholz,Starkes Baumholz_6,1,1,2.274,not_young,1150.1,Schüpfheim
3639,5136,3,0,0,0,3,3,3,ds6,,Starkes Baumholz,Starkes Baumholz_6,1,1,0.514,not_young,1015.9,Schüpfheim
3642,26052,3,0,0,0,3,3,3,ds6,,Starkes Baumholz,Starkes Baumholz_6,1,1,2.605,not_young,1014.3,Bramboden
3647,14500,3,0,0,0,3,3,3,ds6,,Starkes Baumholz,Starkes Baumholz_6,1,1,1.45,not_young,1118.5,Escholzmatt
3648,5850,3,0,0,0,3,3,3,ds5,,Mittleres Baumholz,Mittleres Baumholz_6,1,1,0.585,not_young,1058.1,Schüpfheim
3650,16350,3,0,0,0,3,3,3,ds6,,Starkes Baumholz,Starkes Baumholz_13,1,1,1.635,not_young,952.1,Schüpfheim
3654,5800,3,0,0,0,3,3,3,ds6,,Starkes Baumholz,Starkes Baumholz_6,1,1,0.58,not_young,1107.6,Escholzmatt
3655,10000,3,0,0,0,3,3,3,ds6,,Starkes Baumholz,Starkes Baumholz_6,1,1,1.0,not_young,1068.8,Escholzmatt
3656,6650,3,0,0,0,3,3,3,ds6,,Starkes Baumholz,Starkes Baumholz_6,1,1,0.665,not_young,1031.0,Schüpfheim
3658,12159,3,0,0,0,3,3,3,ds5,,Mittleres Baumholz,Mittleres Baumholz_6,1,1,1.216,not_young,1140.6,Schüpfheim
3661,6150,3,0,0,0,3,3,3,ds6,,Starkes Baumholz,Starkes Baumholz_6,1,1,0.615,not_young,1057.3,Escholzmatt
3662,19693,3,0,0,0,3,3,3,ds6,,Starkes Baumholz,Starkes Baumholz_6,1,1,1.969,not_young,1071.4,Schüpfheim
3663,5900,3,0,0,0,3,3,3,ds6,,Starkes Baumholz,Starkes Baumholz_6,1,1,0.59,not_young,1031.2,Schüpfheim
3664,65577,3,0,0,0,3,3,3,ds6,,Starkes Baumholz,Starkes Baumholz_6,1,1,6.558,not_young,1003.8,Bramboden
3666,164780,3,0,0,0,3,3,3,ds6,,Starkes Baumholz,Starkes Baumholz_6,1,1,16.478,not_young,1181.7,Escholzmatt
3667,7073,3,0,0,0,3,3,3,ds5,,Mittleres Baumholz,Mittleres Baumholz_6,1,1,0.707,not_young,1021.5,Hasle LU
3671,11614,3,0,0,0,3,3,3,ds6,,Starkes Baumholz,Starkes Baumholz_6,1,1,1.161,not_young,1059.7,Schüpfheim
3673,9050,3,0,0,0,3,3,3,ds6,,Starkes Baumholz,Starkes Baumholz_6,1,1,0.905,not_young,1007.2,Escholzmatt
3674,17838,3,0,0,0,3,3,3,ds6,,Starkes Baumholz,Starkes Baumholz_13,1,1,1.784,not_young,942.4,Schüpfheim
3675,6990,3,0,0,0,3,3,3,ds5,,Mittleres Baumholz,Mittleres Baumholz_6,1,1,0.699,not_young,991.2,Schüpfheim
3680,8250,3,0,0,0,3,3,3,ds6,,Starkes Baumholz,Starkes Baumholz_6,1,1,0.825,not_young,975.0,Schüpfheim
3687,5002,3,0,0,0,3,3,3,ds5,,Mittleres Baumholz,Mittleres Baumholz_6,1,1,0.5,not_young,1008.6,Schüpfheim
3689,9895,3,0,0,0,3,3,3,ds6,,Starkes Baumholz,Starkes Baumholz_6,1,1,0.989,not_young,1033.4,Schüpfheim
3690,25663,3,0,0,0,3,3,3,ds6,,Starkes Baumholz,Starkes Baumholz_6,1,1,2.566,not_young,1100.3,Schüpfheim
3697,10557,3,0,0,0,3,3,3,ds5,,Mittleres Baumholz,Mittleres Baumholz_6,1,1,1.056,not_young,992.4,Hasle LU
3699,56190,3,0,0,0,3,3,3,ds6,,Starkes Baumholz,Starkes Baumholz_6,1,1,5.619,not_young,988.0,Schüpfheim
3700,7221,3,0,0,0,3,3,3,ds5,,Mittleres Baumholz,Mittleres Baumholz_6,1,1,0.722,not_young,1216.4,Escholzmatt
3701,34650,3,0,0,0,3,3,3,ds6,,Starkes Baumholz,Starkes Baumholz_13,1,1,3.465,not_young,926.3,Schüpfheim
3703,5950,3,0,0,0,3,3,3,ds5,,Mittleres Baumholz,Mittleres Baumholz_6,1,1,0.595,not_young,1035.7,Schüpfheim
3704,6273,3,0,0,0,3,3,3,ds6,,Starkes Baumholz,Starkes Baumholz_6,1,1,0.627,not_young,1056.3,Schüpfheim
3706,38382,3,0,0,0,3,3,3,ds6,,Starkes Baumholz,Starkes Baumholz_13,1,1,3.838,not_young,937.1,Schüpfheim
3709,13319,3,0,0,0,3,3,3,ds6,,Starkes Baumholz,Starkes Baumholz_6,1,1,1.332,not_young,1010.2,Schüpfheim
3712,11400,3,0,0,0,3,3,3,ds4,,Schwaches Baumholz,Schwaches Baumholz_6,1,1,1.14,not_young,1097.6,Escholzmatt
3713,23550,3,0,0,0,3,3,3,ds6,,Starkes Baumholz,Starkes Baumholz_6,1,1,2.355,not_young,998.2,Escholzmatt
3714,9521,3,0,0,0,3,3,3,ds5,,Mittleres Baumholz,Mittleres Baumholz_6,1,1,0.952,not_young,1020.9,Schüpfheim
3718,75100,3,0,0,0,3,3,3,ds6,,Starkes Baumholz,Starkes Baumholz_6,1,1,7.51,not_young,999.1,Escholzmatt
3725,19400,3,0,0,0,3,3,3,ds5,,Mittleres Baumholz,Mittleres Baumholz_6,1,1,1.94,not_young,1105.7,Escholzmatt
3730,5600,3,0,0,0,3,3,3,ds4,,Schwaches Baumholz,Schwaches Baumholz_6,1,1,0.56,not_young,1189.9,Escholzmatt
3731,5550,3,0,0,0,3,3,3,ds6,,Starkes Baumholz,Starkes Baumholz_6,1,1,0.555,not_young,1007.7,Schüpfheim
3733,5014,3,0,0,0,3,3,3,ds4,,Schwaches Baumholz,Schwaches Baumholz_6,1,1,0.501,not_young,1018.8,Schüpfheim
3734,33746,3,0,0,0,3,3,3,ds6,,Starkes Baumholz,Starkes Baumholz_6,1,1,3.375,not_young,1005.0,Schüpfheim
3736,5094,3,0,0,0,3,3,3,ds6,,Starkes Baumholz,Starkes Baumholz_6,1,1,0.509,not_young,1029.1,Schüpfheim
3743,7853,3,0,0,0,3,3,3,ds6,,Starkes Baumholz,Starkes Baumholz_6,1,1,0.785,not_young,1011.4,Schüpfheim
3746,58907,3,0,0,0,3,3,3,ds6,,Starkes Baumholz,Starkes Baumholz_6,1,1,5.891,not_young,1139.3,Escholzmatt
3748,71591,3,0,0,0,3,3,3,ds6,,Starkes Baumholz,Starkes Baumholz_6,1,1,7.159,not_young,980.1,Escholzmatt
3749,8591,3,0,0,0,3,3,3,ds6,,Starkes Baumholz,Starkes Baumholz_13,1,1,0.859,not_young,989.9,Escholzmatt
3752,11542,3,0,0,0,3,3,3,ds6,,Starkes Baumholz,Starkes Baumholz_13,1,1,1.154,not_young,989.8,Schüpfheim
3754,7050,3,0,0,0,3,3,3,ds6,,Starkes Baumholz,Starkes Baumholz_6,1,1,0.705,not_young,1025.2,Schüpfheim
3755,13391,3,0,0,0,3,3,3,ds6,,Starkes Baumholz,Starkes Baumholz_13,1,1,1.339,not_young,966.4,Schüpfheim
3758,5000,3,0,0,0,3,3,3,ds2,,Jungwuchs/Dickung,Jungwuchs/Dickung_6,1,1,0.5,young,1178.6,Escholzmatt
3762,5493,3,0,0,0,3,3,3,ds3,,Stangenholz,Stangenholz_6,1,1,0.549,not_young,1233.1,Escholzmatt
3770,8623,3,0,0,0,3,3,3,ds6,,Starkes Baumholz,Starkes Baumholz_6,1,1,0.862,not_young,1018.7,Schüpfheim
3774,7230,3,0,0,0,3,3,3,ds6,,Starkes Baumholz,Starkes Baumholz_6,1,1,0.723,not_young,989.6,Schüpfheim
3775,5097,3,0,0,0,3,3,3,ds6,,Starkes Baumholz,Starkes Baumholz_6,1,1,0.51,not_young,988.4,Schüpfheim
3785,5200,3,0,0,0,3,3,3,ds6,,Starkes Baumholz,Starkes Baumholz_6,1,1,0.52,not_young,995.8,Schüpfheim
3788,15300,3,0,0,0,3,3,3,ds6,,Starkes Baumholz,Starkes Baumholz_13,1,1,1.53,not_young,956.5,Schüpfheim
3792,12625,3,0,0,0,3,3,3,ds6,,Starkes Baumholz,Starkes Baumholz_6,1,1,1.263,not_young,982.1,Schüpfheim
3793,5432,3,0,0,0,3,3,3,ds6,,Starkes Baumholz,Starkes Baumholz_13,1,1,0.543,not_young,1005.4,Schüpfheim
3797,7975,3,0,0,0,3,3,3,ds5,,Mittleres Baumholz,Mittleres Baumholz_6,1,1,0.798,not_young,1039.7,Schüpfheim
3799,5150,3,0,0,0,3,3,3,ds6,,Starkes Baumholz,Starkes Baumholz_6,1,1,0.515,not_young,1169.1,Escholzmatt
3800,14772,3,0,0,0,3,3,3,ds6,,Starkes Baumholz,Starkes Baumholz_13,1,1,1.477,not_young,972.2,Schüpfheim
3803,8630,3,0,0,0,3,3,3,ds6,,Starkes Baumholz,Starkes Baumholz_6,1,1,0.863,not_young,1002.4,Schüpfheim
3804,38315,3,0,0,0,3,3,3,ds6,,Starkes Baumholz,Starkes Baumholz_13,1,1,3.831,not_young,984.1,Schüpfheim
3810,59895,3,0,0,0,3,3,3,ds6,,Starkes Baumholz,Starkes Baumholz_6,1,1,5.989,not_young,988.4,Schüpfheim
3814,30440,3,0,0,0,3,3,3,ds6,,Starkes Baumholz,Starkes Baumholz_13,1,1,3.044,not_young,950.9,Schüpfheim
3816,15118,3,0,0,0,3,3,3,ds6,,Starkes Baumholz,Starkes Baumholz_6,1,1,1.512,not_young,997.9,Schüpfheim
3818,19050,3,0,0,0,3,3,3,ds4,,Schwaches Baumholz,Schwaches Baumholz_6,1,1,1.905,not_young,1070.8,Schüpfheim
3819,7269,3,0,0,0,3,3,3,ds4,,Schwaches Baumholz,Schwaches Baumholz_6,1,1,0.727,not_young,1001.3,Schüpfheim
3822,14385,3,0,0,0,3,3,3,ds6,,Starkes Baumholz,Starkes Baumholz_6,1,1,1.439,not_young,1030.1,Schüpfheim
3828,6073,3,0,0,0,3,3,3,ds4,,Schwaches Baumholz,Schwaches Baumholz_6,1,1,0.607,not_young,1016.5,Schüpfheim
3836,6569,3,0,0,0,3,3,3,ds5,,Mittleres Baumholz,Mittleres Baumholz_6,1,1,0.657,not_young,1017.6,Schüpfheim
3840,19750,3,0,0,0,3,3,3,ds6,,Starkes Baumholz,Starkes Baumholz_6,1,1,1.975,not_young,1149.1,Escholzmatt
3841,8450,3,0,0,0,3,3,3,ds2,,Jungwuchs/Dickung,Jungwuchs/Dickung_6,1,1,0.845,young,1034.3,Schüpfheim
3845,6850,3,0,0,0,3,3,3,ds3,,Stangenholz,Stangenholz_6,1,1,0.685,not_young,988.9,Schüpfheim
3854,9228,3,0,0,0,3,3,3,ds3,,Stangenholz,Stangenholz_6,1,1,0.923,not_young,1118.6,Schüpfheim
3855,6950,3,0,0,0,3,3,3,ds2,,Jungwuchs/Dickung,Jungwuchs/Dickung_6,1,1,0.695,young,1008.3,Schüpfheim
3862,14623,3,0,0,0,3,3,3,ds6,,Starkes Baumholz,Starkes Baumholz_6,1,1,1.462,not_young,1040.4,Schüpfheim
3872,6250,3,0,0,0,3,3,3,ds6,,Starkes Baumholz,Starkes Baumholz_6,1,1,0.625,not_young,1185.0,Escholzmatt
3878,12400,3,0,0,0,3,3,3,ds3,,Stangenholz,Stangenholz_6,1,1,1.24,not_young,1179.6,Escholzmatt
3879,8784,3,0,0,0,3,3,3,ds6,,Starkes Baumholz,Starkes Baumholz_13,1,1,0.878,not_young,994.7,Schüpfheim
3880,53291,3,0,0,0,3,3,3,ds6,,Starkes Baumholz,Starkes Baumholz_6,1,1,5.329,not_young,1058.9,Schüpfheim
3881,5818,3,0,0,0,3,3,3,ds2,,Jungwuchs/Dickung,Jungwuchs/Dickung_6,1,1,0.582,young,1116.2,Schüpfheim
3894,7950,3,0,0,0,3,3,3,ds6,,Starkes Baumholz,Starkes Baumholz_6,1,1,0.795,not_young,1071.0,Schüpfheim
3903,65989,3,0,0,0,3,3,3,ds6,,Starkes Baumholz,Starkes Baumholz_6,1,1,6.599,not_young,1041.0,Schüpfheim
3910,44072,3,0,0,0,3,3,3,ds6,,Starkes Baumholz,Starkes Baumholz_6,1,1,4.407,not_young,961.8,Schüpfheim
3912,20526,3,0,0,0,3,3,3,ds2,,Jungwuchs/Dickung,Jungwuchs/Dickung_6,1,1,2.053,young,1059.5,Schüpfheim
3913,16370,3,0,0,0,3,3,3,ds2,,Jungwuchs/Dickung,Jungwuchs/Dickung_6,1,1,1.637,young,1079.5,Schüpfheim
3917,9350,3,0,0,0,3,3,3,ds5,,Mittleres Baumholz,Mittleres Baumholz_6,1,1,0.935,not_young,1201.1,Escholzmatt
3920,6843,3,0,0,0,3,3,3,ds5,,Mittleres Baumholz,Mittleres Baumholz_6,1,1,0.684,not_young,1181.5,Escholzmatt
3921,19377,3,0,0,0,3,3,3,ds6,,Starkes Baumholz,Starkes Baumholz_6,1,1,1.938,not_young,1093.2,Escholzmatt
3925,8161,3,0,0,0,3,3,3,ds6,,Starkes Baumholz,Starkes Baumholz_6,1,1,0.816,not_young,1152.5,Escholzmatt
3926,7688,3,0,0,0,3,3,3,ds5,,Mittleres Baumholz,Mittleres Baumholz_6,1,1,0.769,not_young,1178.0,Escholzmatt
3932,13767,3,0,0,0,3,3,3,ds6,,Starkes Baumholz,Starkes Baumholz_13,1,1,1.377,not_young,1010.4,Escholzmatt
3934,61726,3,0,0,0,3,3,3,ds6,,Starkes Baumholz,Starkes Baumholz_13,1,1,6.173,not_young,991.9,Escholzmatt
3944,73124,2,1,0,1,2,2,2,ds6,,Starkes Baumholz,Starkes Baumholz_13,1,1,7.312,not_young,948.3,Escholzmatt
3956,5008,3,0,0,0,3,3,3,ds5,,Mittleres Baumholz,Mittleres Baumholz_6,1,1,0.501,not_young,1067.3,Escholzmatt
3957,8650,3,0,0,0,3,3,3,ds6,,Starkes Baumholz,Starkes Baumholz_6,1,1,0.865,not_young,1042.4,Escholzmatt
3958,9162,2,1,0,1,2,2,2,ds6,,Starkes Baumholz,Starkes Baumholz_6,1,1,0.916,not_young,1060.4,Escholzmatt
3960,5426,3,0,0,0,3,3,3,ds5,,Mittleres Baumholz,Mittleres Baumholz_6,1,1,0.543,not_young,1069.9,Schüpfheim
3970,5600,3,0,0,0,3,3,3,ds4,,Schwaches Baumholz,Schwaches Baumholz_6,1,1,0.56,not_young,1142.7,Escholzmatt
3971,8811,3,0,0,0,3,3,3,ds6,,Starkes Baumholz,Starkes Baumholz_6,1,1,0.881,not_young,1128.1,Escholzmatt
3983,16228,3,0,0,0,3,3,3,ds6,,Starkes Baumholz,Starkes Baumholz_6,1,1,1.623,not_young,987.6,Schüpfheim
3984,6902,3,0,0,0,3,3,3,ds6,,Starkes Baumholz,Starkes Baumholz_6,1,1,0.69,not_young,1035.4,Schüpfheim
3990,25396,3,0,0,0,3,3,3,ds6,,Starkes Baumholz,Starkes Baumholz_6,1,1,2.54,not_young,1046.1,Schüpfheim
4003,7385,3,0,0,0,3,3,3,ds6,,Starkes Baumholz,Starkes Baumholz_6,1,1,0.739,not_young,975.3,Schüpfheim
4004,5913,3,0,0,0,3,3,3,ds3,,Stangenholz,Stangenholz_6,1,1,0.591,not_young,1070.5,Schüpfheim
4005,9098,3,0,0,0,3,3,3,ds6,,Starkes Baumholz,Starkes Baumholz_6,1,1,0.91,not_young,1074.6,Schüpfheim
4010,10681,3,0,0,0,3,3,3,ds6,,Starkes Baumholz,Starkes Baumholz_13,1,1,1.068,not_young,979.7,Schüpfheim
4011,8334,3,0,0,0,3,3,3,ds6,,Starkes Baumholz,Starkes Baumholz_6,1,1,0.833,not_young,991.1,Schüpfheim
4012,5400,3,0,0,0,3,3,3,ds6,,Starkes Baumholz,Starkes Baumholz_6,1,1,0.54,not_young,1070.7,Schüpfheim
4014,5600,3,0,0,0,3,3,3,ds3,,Stangenholz,Stangenholz_6,1,1,0.56,not_young,1193.8,Escholzmatt
4015,8397,3,0,0,0,3,3,3,ds4,,Schwaches Baumholz,Schwaches Baumholz_6,1,1,0.84,not_young,991.3,Schüpfheim
4018,82165,3,0,0,0,3,3,3,ds6,,Starkes Baumholz,Starkes Baumholz_6,1,1,8.216,not_young,996.4,Schüpfheim
4019,7463,3,0,0,0,3,3,3,ds2,,Jungwuchs/Dickung,Jungwuchs/Dickung_6,1,1,0.746,young,1056.1,Schüpfheim
4028,6231,2,1,0,1,2,2,2,ds3,,Stangenholz,Stangenholz_6,1,1,0.623,not_young,991.5,Schüpfheim
4029,8083,3,0,0,0,3,3,3,ds6,,Starkes Baumholz,Starkes Baumholz_6,1,1,0.808,not_young,1054.6,Schüpfheim
4033,6649,3,0,0,0,3,3,3,ds6,,Starkes Baumholz,Starkes Baumholz_6,1,1,0.665,not_young,989.6,Schüpfheim
4036,18345,3,0,0,0,3,3,3,ds6,,Starkes Baumholz,Starkes Baumholz_6,1,1,1.835,not_young,1014.8,Schüpfheim
4037,6390,3,0,0,0,3,3,3,ds6,,Starkes Baumholz,Starkes Baumholz_6,1,1,0.639,not_young,1020.4,Schüpfheim
4040,10380,3,0,0,0,3,3,3,ds6,,Starkes Baumholz,Starkes Baumholz_6,1,1,1.038,not_young,1148.6,Escholzmatt
4041,14574,2,1,0,1,2,2,2,ds6,,Starkes Baumholz,Starkes Baumholz_6,1,1,1.457,not_young,976.4,Schüpfheim
4042,8173,3,0,0,0,3,3,3,ds4,,Schwaches Baumholz,Schwaches Baumholz_6,1,1,0.817,not_young,1007.3,Schüpfheim
4045,24595,3,0,0,0,3,3,3,ds2,,Jungwuchs/Dickung,Jungwuchs/Dickung_6,1,1,2.46,young,1211.1,Escholzmatt
4048,51701,3,0,0,0,3,3,3,ds6,,Starkes Baumholz,Starkes Baumholz_6,1,1,5.17,not_young,1087.9,Escholzmatt
4057,11887,3,0,0,0,3,3,3,ds3,,Stangenholz,Stangenholz_6,1,1,1.189,not_young,1018.1,Schüpfheim
4060,5405,3,0,0,0,3,3,3,ds5,,Mittleres Baumholz,Mittleres Baumholz_6,1,1,0.541,not_young,1057.2,Schüpfheim
4061,5599,3,0,0,0,3,3,3,ds4,,Schwaches Baumholz,Schwaches Baumholz_6,1,1,0.56,not_young,1061.0,Schüpfheim
4063,113675,2,1,0,1,2,2,2,ds6,,Starkes Baumholz,Starkes Baumholz_13,1,1,11.368,not_young,965.4,Schüpfheim
4064,6053,3,0,0,0,3,3,3,ds3,,Stangenholz,Stangenholz_6,1,1,0.605,not_young,1038.9,Schüpfheim
4065,6841,3,0,0,0,3,3,3,ds4,,Schwaches Baumholz,Schwaches Baumholz_6,1,1,0.684,not_young,1031.2,Schüpfheim
4074,5424,3,0,0,0,3,3,3,ds5,,Mittleres Baumholz,Mittleres Baumholz_6,1,1,0.542,not_young,1051.3,Schüpfheim
4078,13628,3,0,0,0,3,3,3,ds6,,Starkes Baumholz,Starkes Baumholz_6,1,1,1.363,not_young,1180.6,Escholzmatt
4079,5878,3,0,0,0,3,3,3,ds6,,Starkes Baumholz,Starkes Baumholz_6,1,1,0.588,not_young,1122.3,Escholzmatt
4080,36506,2,1,0,1,2,2,2,ds6,,Starkes Baumholz,Starkes Baumholz_6,1,1,3.651,not_young,963.0,Schüpfheim
4081,7050,2,1,0,1,2,2,2,ds6,,Starkes Baumholz,Starkes Baumholz_13,1,1,0.705,not_young,953.6,Schüpfheim
4085,23375,3,0,0,0,3,3,3,ds6,,Starkes Baumholz,Starkes Baumholz_6,1,1,2.338,not_young,1088.2,Schüpfheim
4094,5100,3,0,0,0,3,3,3,ds2,,Jungwuchs/Dickung,Jungwuchs/Dickung_6,1,1,0.51,young,1086.0,Schüpfheim
4098,5227,3,0,0,0,3,3,3,ds2,,Jungwuchs/Dickung,Jungwuchs/Dickung_6,1,1,0.523,young,1206.3,Escholzmatt
4099,32481,3,0,0,0,3,3,3,ds6,,Starkes Baumholz,Starkes Baumholz_6,1,1,3.248,not_young,1029.0,Schüpfheim
4100,6050,3,0,0,0,3,3,3,ds6,,Starkes Baumholz,Starkes Baumholz_6,1,1,0.605,not_young,1047.9,Schüpfheim
4101,7860,3,0,0,0,3,3,3,ds2,,Jungwuchs/Dickung,Jungwuchs/Dickung_6,1,1,0.786,young,1064.7,Schüpfheim
4105,10256,3,0,0,0,3,3,3,ds4,,Schwaches Baumholz,Schwaches Baumholz_6,1,1,1.026,not_young,1023.0,Schüpfheim
4106,6639,3,0,0,0,3,3,3,ds4,,Schwaches Baumholz,Schwaches Baumholz_6,1,1,0.664,not_young,1074.2,Schüpfheim
4111,6700,3,0,0,0,3,3,3,ds4,,Schwaches Baumholz,Schwaches Baumholz_6,1,1,0.67,not_young,1104.2,Schüpfheim
4112,5240,3,0,0,0,3,3,3,ds3,,Stangenholz,Stangenholz_6,1,1,0.524,not_young,1160.6,Escholzmatt
4124,8932,3,0,0,0,3,3,3,ds6,,Starkes Baumholz,Starkes Baumholz_6,1,1,0.893,not_young,1183.2,Escholzmatt
4126,9781,3,0,0,0,3,3,3,ds6,,Starkes Baumholz,Starkes Baumholz_6,1,1,0.978,not_young,1039.6,Schüpfheim
4129,34315,3,0,0,0,3,3,3,ds2,,Jungwuchs/Dickung,Jungwuchs/Dickung_6,1,1,3.431,young,1069.1,Schüpfheim
4135,31796,3,0,0,0,3,3,3,ds6,,Starkes Baumholz,Starkes Baumholz_6,1,1,3.18,not_young,1079.4,Escholzmatt
4136,17620,3,0,0,0,3,3,3,ds5,,Mittleres Baumholz,Mittleres Baumholz_6,1,1,1.762,not_young,1158.3,Escholzmatt
4137,18900,3,0,0,0,3,3,3,ds2,,Jungwuchs/Dickung,Jungwuchs/Dickung_6,1,1,1.89,young,1087.7,Schüpfheim
4138,6882,3,0,0,0,3,3,3,ds6,,Starkes Baumholz,Starkes Baumholz_6,1,1,0.688,not_young,1064.4,Schüpfheim
4141,11800,3,0,0,0,3,3,3,ds3,,Stangenholz,Stangenholz_6,1,1,1.18,not_young,1089.8,Schüpfheim
4142,6705,3,0,0,0,3,3,3,ds5,,Mittleres Baumholz,Mittleres Baumholz_6,1,1,0.671,not_young,1134.4,Escholzmatt
4143,11000,3,0,0,0,3,3,3,ds2,,Jungwuchs/Dickung,Jungwuchs/Dickung_6,1,1,1.1,young,1097.7,Schüpfheim
4147,7908,3,0,0,0,3,3,3,ds6,,Starkes Baumholz,Starkes Baumholz_6,1,1,0.791,not_young,1115.9,Escholzmatt
4148,17022,3,0,0,0,3,3,3,ds6,,Starkes Baumholz,Starkes Baumholz_6,1,1,1.702,not_young,1074.1,Schüpfheim
4149,9395,3,0,0,0,3,3,3,ds6,,Starkes Baumholz,Starkes Baumholz_6,1,1,0.94,not_young,997.7,Schüpfheim
4150,5999,3,0,0,0,3,3,3,ds3,,Stangenholz,Stangenholz_6,1,1,0.6,not_young,1094.6,Schüpfheim
4166,5400,3,0,0,0,3,3,3,ds3,,Stangenholz,Stangenholz_6,1,1,0.54,not_young,1116.6,Schüpfheim
4172,5495,3,0,0,0,3,3,3,ds6,,Starkes Baumholz,Starkes Baumholz_6,1,1,0.55,not_young,1102.8,Escholzmatt
4178,5036,3,0,0,0,3,3,3,ds6,,Starkes Baumholz,Starkes Baumholz_6,1,1,0.504,not_young,999.1,Schüpfheim
4184,5059,3,0,0,0,3,3,3,ds2,,Jungwuchs/Dickung,Jungwuchs/Dickung_6,1,1,0.506,young,1094.9,Escholzmatt
4185,5997,3,0,0,0,3,3,3,ds3,,Stangenholz,Stangenholz_6,1,1,0.6,not_young,1049.3,Schüpfheim
4187,32354,3,0,0,0,3,3,3,ds6,,Starkes Baumholz,Starkes Baumholz_6,1,1,3.235,not_young,1058.3,Escholzmatt
4202,5364,3,0,0,0,3,3,3,ds6,,Starkes Baumholz,Starkes Baumholz_6,1,1,0.536,not_young,1039.2,Escholzmatt
4203,9336,3,0,0,0,3,3,3,ds6,,Starkes Baumholz,Starkes Baumholz_6,1,1,0.934,not_young,1216.4,Escholzmatt
4207,12492,3,0,0,0,3,3,3,ds6,,Starkes Baumholz,Starkes Baumholz_6,1,1,1.249,not_young,1052.1,Escholzmatt
4210,5118,3,0,0,0,3,3,3,ds6,,Starkes Baumholz,Starkes Baumholz_6,1,1,0.512,not_young,1111.0,Escholzmatt
4211,5726,3,0,0,0,3,3,3,ds3,,Stangenholz,Stangenholz_6,1,1,0.573,not_young,1189.3,Escholzmatt
4213,8450,3,0,0,0,3,3,3,ds6,,Starkes Baumholz,Starkes Baumholz_6,1,1,0.845,not_young,1108.2,Escholzmatt
4218,21116,3,0,0,0,3,3,3,ds6,,Starkes Baumholz,Starkes Baumholz_6,1,1,2.112,not_young,1064.2,Escholzmatt
4250,5188,3,0,0,0,3,3,3,ds6,,Starkes Baumholz,Starkes Baumholz_13,1,1,0.519,not_young,1015.2,Escholzmatt
4251,5900,3,0,0,0,3,3,3,ds3,,Stangenholz,Stangenholz_6,1,1,0.59,not_young,1083.7,Schüpfheim
4254,9576,3,0,0,0,3,3,3,ds2,,Jungwuchs/Dickung,Jungwuchs/Dickung_6,1,1,0.958,young,1038.5,Escholzmatt
4263,6126,3,0,0,0,3,3,3,ds2,,Jungwuchs/Dickung,Jungwuchs/Dickung_6,1,1,0.613,young,1030.0,Escholzmatt
4264,5455,3,0,0,0,3,3,3,ds5,,Mittleres Baumholz,Mittleres Baumholz_6,1,1,0.545,not_young,1117.5,Escholzmatt
4265,6205,3,0,0,0,3,3,3,ds2,,Jungwuchs/Dickung,Jungwuchs/Dickung_6,1,1,0.62,young,1100.7,Escholzmatt
4266,14500,3,0,0,0,3,3,3,ds3,,Stangenholz,Stangenholz_6,1,1,1.45,not_young,1140.2,Schüpfheim
4271,7636,3,0,0,0,3,3,3,ds3,,Stangenholz,Stangenholz_13,1,1,0.764,not_young,1014.1,Escholzmatt
4274,5226,3,0,0,0,3,3,3,ds6,,Starkes Baumholz,Starkes Baumholz_6,1,1,0.523,not_young,1037.8,Schüpfheim
4275,11200,3,0,0,0,3,3,3,ds3,,Stangenholz,Stangenholz_6,1,1,1.12,not_young,1109.4,Schüpfheim
4276,4991,3,0,0,0,3,3,3,ds2,,Jungwuchs/Dickung,Jungwuchs/Dickung_6,1,1,0.499,young,1078.3,Schüpfheim
4278,11464,3,0,0,0,3,3,3,ds6,,Starkes Baumholz,Starkes Baumholz_13,1,1,1.146,not_young,1010.0,Escholzmatt
4282,8569,3,0,0,0,3,3,3,ds5,,Mittleres Baumholz,Mittleres Baumholz_6,1,1,0.857,not_young,1067.2,Escholzmatt
4284,14037,3,0,0,0,3,3,3,ds5,,Mittleres Baumholz,Mittleres Baumholz_6,1,1,1.404,not_young,1124.5,Schüpfheim
4286,7600,3,0,0,0,3,3,3,ds4,,Schwaches Baumholz,Schwaches Baumholz_13,1,1,0.76,not_young,1009.1,Escholzmatt
4294,72120,2,1,0,1,2,2,2,ds6,,Starkes Baumholz,Starkes Baumholz_6,1,1,7.212,not_young,1007.3,Schüpfheim
4301,16011,3,0,0,0,3,3,3,ds6,,Starkes Baumholz,Starkes Baumholz_6,1,1,1.601,not_young,1069.7,Escholzmatt
4304,18458,3,0,0,0,3,3,3,ds6,,Starkes Baumholz,Starkes Baumholz_6,1,1,1.846,not_young,1105.5,Escholzmatt
4305,5100,3,0,0,0,3,3,3,ds4,,Schwaches Baumholz,Schwaches Baumholz_13,1,1,0.51,not_young,1012.4,Escholzmatt
4308,6150,3,0,0,0,3,3,3,ds3,,Stangenholz,Stangenholz_13,1,1,0.615,not_young,1020.8,Escholzmatt
4312,6902,3,0,0,0,3,3,3,ds6,,Starkes Baumholz,Starkes Baumholz_13,1,1,0.69,not_young,994.0,Escholzmatt
4313,33782,3,0,0,0,3,3,3,ds6,,Starkes Baumholz,Starkes Baumholz_6,1,1,3.378,not_young,1077.1,Schüpfheim
4317,5150,3,0,0,0,3,3,3,ds5,,Mittleres Baumholz,Mittleres Baumholz_13,1,1,0.515,not_young,995.1,Escholzmatt
4318,18783,3,0,0,0,3,3,3,ds6,,Starkes Baumholz,Starkes Baumholz_6,1,1,1.878,not_young,999.0,Schüpfheim
4319,6118,3,0,0,0,3,3,3,ds5,,Mittleres Baumholz,Mittleres Baumholz_6,1,1,0.612,not_young,1119.9,Schüpfheim
4320,29883,3,0,0,0,3,3,3,ds6,,Starkes Baumholz,Starkes Baumholz_6,1,1,2.988,not_young,1073.0,Schüpfheim
4326,6400,3,0,0,0,3,3,3,ds6,,Starkes Baumholz,Starkes Baumholz_13,1,1,0.64,not_young,1003.4,Escholzmatt
4329,6852,3,0,0,0,3,3,3,ds6,,Starkes Baumholz,Starkes Baumholz_6,1,1,0.685,not_young,1096.5,Schüpfheim
4331,6704,3,0,0,0,3,3,3,ds5,,Mittleres Baumholz,Mittleres Baumholz_6,1,1,0.67,not_young,1035.5,Escholzmatt
4332,13573,3,0,0,0,3,3,3,ds6,,Starkes Baumholz,Starkes Baumholz_6,1,1,1.357,not_young,1133.5,Escholzmatt
4336,8620,3,0,0,0,3,3,3,ds6,,Starkes Baumholz,Starkes Baumholz_6,1,1,0.862,not_young,1047.0,Schüpfheim
4339,11532,3,0,0,0,3,3,3,ds6,,Starkes Baumholz,Starkes Baumholz_6,1,1,1.153,not_young,1050.7,Escholzmatt
4355,66795,3,0,0,0,3,3,3,ds6,,Starkes Baumholz,Starkes Baumholz_13,1,1,6.679,not_young,965.0,Escholzmatt
4361,7418,3,0,0,0,3,3,3,ds5,,Mittleres Baumholz,Mittleres Baumholz_6,1,1,0.742,not_young,1010.7,Escholzmatt
4370,6014,3,0,0,0,3,3,3,ds5,,Mittleres Baumholz,Mittleres Baumholz_6,1,1,0.601,not_young,1124.6,Escholzmatt
4377,28764,3,0,0,0,3,3,3,ds2,,Jungwuchs/Dickung,Jungwuchs/Dickung_6,1,1,2.876,young,1123.8,Schüpfheim
4378,5914,3,0,0,0,3,3,3,ds4,,Schwaches Baumholz,Schwaches Baumholz_6,1,1,0.591,not_young,1076.9,Schüpfheim
4395,6700,3,0,0,0,3,3,3,ds1,,Jungwuchs/Dickung,Jungwuchs/Dickung_6,1,1,0.67,young,1129.8,Schüpfheim
4396,10224,3,0,0,0,3,3,3,ds3,,Stangenholz,Stangenholz_6,1,1,1.022,not_young,1135.7,Schüpfheim
4418,5092,3,0,0,0,3,3,3,ds6,,Starkes Baumholz,Starkes Baumholz_13,1,1,0.509,not_young,992.2,Escholzmatt
4422,9080,3,0,0,0,3,3,3,ds3,,Stangenholz,Stangenholz_6,1,1,0.908,not_young,1060.6,Escholzmatt
4423,8850,3,0,0,0,3,3,3,ds2,,Jungwuchs/Dickung,Jungwuchs/Dickung_6,1,1,0.885,young,1101.0,Schüpfheim
4427,8308,3,0,0,0,3,3,3,ds6,,Starkes Baumholz,Starkes Baumholz_13,1,1,0.831,not_young,990.3,Schüpfheim
4428,5250,3,0,0,0,3,3,3,ds2,,Jungwuchs/Dickung,Jungwuchs/Dickung_6,1,1,0.525,young,1060.0,Escholzmatt
4429,23282,3,0,0,0,3,3,3,ds6,,Starkes Baumholz,Starkes Baumholz_6,1,1,2.328,not_young,1021.6,Escholzmatt
4450,11305,3,0,0,0,3,3,3,ds6,,Starkes Baumholz,Starkes Baumholz_6,1,1,1.13,not_young,1000.0,Schüpfheim
4453,26567,3,0,0,0,3,3,3,ds6,,Starkes Baumholz,Starkes Baumholz_6,1,1,2.657,not_young,1075.2,Schüpfheim
4461,6097,3,0,0,0,3,3,3,ds6,,Starkes Baumholz,Starkes Baumholz_6,1,1,0.61,not_young,1004.4,Schüpfheim
4468,50786,3,0,0,0,3,3,3,ds6,,Starkes Baumholz,Starkes Baumholz_6,1,1,5.079,not_young,1039.1,Escholzmatt
4470,28171,3,0,0,0,3,3,3,ds6,,Starkes Baumholz,Starkes Baumholz_6,1,1,2.817,not_young,1084.6,Schüpfheim
4471,5718,3,0,0,0,3,3,3,ds5,,Mittleres Baumholz,Mittleres Baumholz_6,1,1,0.572,not_young,1124.9,Escholzmatt
4483,38127,3,0,0,0,3,3,3,ds6,,Starkes Baumholz,Starkes Baumholz_6,1,1,3.813,not_young,1025.4,Escholzmatt
4488,7893,3,0,0,0,3,3,3,ds6,,Starkes Baumholz,Starkes Baumholz_13,1,1,0.789,not_young,1006.0,Escholzmatt
4489,5068,3,0,0,0,3,3,3,ds2,,Jungwuchs/Dickung,Jungwuchs/Dickung_13,1,1,0.507,young,1010.1,Escholzmatt
4493,42945,3,0,0,0,3,3,3,ds6,,Starkes Baumholz,Starkes Baumholz_6,1,1,4.295,not_young,1058.7,Escholzmatt
4503,11930,3,0,0,0,3,3,3,ds6,,Starkes Baumholz,Starkes Baumholz_6,1,1,1.193,not_young,1029.3,Escholzmatt
4504,12530,3,0,0,0,3,3,3,ds6,,Starkes Baumholz,Starkes Baumholz_6,1,1,1.253,not_young,1066.7,Schüpfheim
4511,24933,3,0,0,0,3,3,3,ds6,,Starkes Baumholz,Starkes Baumholz_6,1,1,2.493,not_young,1088.2,Schüpfheim
4522,7095,3,0,0,0,3,3,3,ds6,,Starkes Baumholz,Starkes Baumholz_6,1,1,0.709,not_young,1077.2,Schüpfheim
4543,6077,3,0,0,0,3,3,3,ds5,,Mittleres Baumholz,Mittleres Baumholz_6,1,1,0.608,not_young,1027.3,Escholzmatt
4544,51544,3,0,0,0,3,3,3,ds6,,Starkes Baumholz,Starkes Baumholz_6,1,1,5.154,not_young,1002.7,Escholzmatt
4552,7679,3,0,0,0,3,3,3,ds6,,Starkes Baumholz,Starkes Baumholz_6,1,1,0.768,not_young,1044.4,Escholzmatt
4555,9355,3,0,0,0,3,3,3,ds2,,Jungwuchs/Dickung,Jungwuchs/Dickung_6,1,1,0.935,young,1041.5,Schüpfheim
4556,7542,3,0,0,0,3,3,3,ds6,,Starkes Baumholz,Starkes Baumholz_6,1,1,0.754,not_young,1046.5,Schüpfheim
4561,5060,3,0,0,0,3,3,3,ds4,,Schwaches Baumholz,Schwaches Baumholz_13,1,1,0.506,not_young,1010.2,Schüpfheim
4567,14855,3,0,0,0,3,3,3,ds3,,Stangenholz,Stangenholz_6,1,1,1.486,not_young,1051.3,Schüpfheim
4580,5672,3,0,0,0,3,3,3,ds4,,Schwaches Baumholz,Schwaches Baumholz_6,1,1,0.567,not_young,1072.6,Escholzmatt
4584,8231,3,0,0,0,3,3,3,ds5,,Mittleres Baumholz,Mittleres Baumholz_6,1,1,0.823,not_young,1063.4,Escholzmatt
4589,43333,3,0,0,0,3,3,3,ds6,,Starkes Baumholz,Starkes Baumholz_6,1,1,4.333,not_young,1087.7,Escholzmatt
4605,10388,3,0,0,0,3,3,3,ds5,,Mittleres Baumholz,Mittleres Baumholz_13,1,1,1.039,not_young,984.1,Escholzmatt
4638,89433,3,0,0,0,3,3,3,ds6,,Starkes Baumholz,Starkes Baumholz_6,1,1,8.943,not_young,1012.4,Escholzmatt
4649,7219,3,0,0,0,3,3,3,ds6,,Starkes Baumholz,Starkes Baumholz_6,1,1,0.722,not_young,1001.1,Escholzmatt
4675,16913,3,0,0,0,3,3,3,ds6,,Starkes Baumholz,Starkes Baumholz_6,1,1,1.691,not_young,1078.1,Escholzmatt
4688,10688,3,0,0,0,3,3,3,ds6,,Starkes Baumholz,Starkes Baumholz_6,1,1,1.069,not_young,1083.7,Escholzmatt
4689,21835,3,0,0,0,3,3,3,ds6,,Starkes Baumholz,Starkes Baumholz_6,1,1,2.184,not_young,1063.6,Escholzmatt
4690,7298,3,0,0,0,3,3,3,ds6,,Starkes Baumholz,Starkes Baumholz_6,1,1,0.73,not_young,1057.9,Escholzmatt
4692,5348,3,0,0,0,3,3,3,ds6,,Starkes Baumholz,Starkes Baumholz_6,1,1,0.535,not_young,1011.9,Escholzmatt
4698,10488,3,0,0,0,3,3,3,ds6,,Starkes Baumholz,Starkes Baumholz_13,1,1,1.049,not_young,992.8,Escholzmatt
4705,11414,3,0,0,0,3,3,3,ds6,,Starkes Baumholz,Starkes Baumholz_6,1,1,1.141,not_young,1160.0,Escholzmatt
4712,19196,3,0,0,0,3,3,3,ds6,,Starkes Baumholz,Starkes Baumholz_6,1,1,1.92,not_young,1153.9,Escholzmatt
4713,5450,3,0,0,0,3,3,3,ds6,,Starkes Baumholz,Starkes Baumholz_6,1,1,0.545,not_young,1172.4,Escholzmatt
4719,11601,3,0,0,0,3,3,3,ds6,,Starkes Baumholz,Starkes Baumholz_6,1,1,1.16,not_young,1165.3,Escholzmatt
4725,6067,3,0,0,0,3,3,3,ds4,,Schwaches Baumholz,Schwaches Baumholz_6,1,1,0.607,not_young,1189.2,Escholzmatt
4737,5037,3,0,0,0,3,3,3,ds6,,Starkes Baumholz,Starkes Baumholz_13,1,1,0.504,not_young,980.9,Escholzmatt
4740,15648,3,0,0,0,3,3,3,ds6,,Starkes Baumholz,Starkes Baumholz_6,1,1,1.565,not_young,1204.9,Escholzmatt
4750,5660,3,0,0,0,3,3,3,ds6,,Starkes Baumholz,Starkes Baumholz_6,1,1,0.566,not_young,1118.2,Escholzmatt
4751,8393,3,0,0,0,3,3,3,ds6,,Starkes Baumholz,Starkes Baumholz_6,1,1,0.839,not_young,1179.3,Escholzmatt
4752,10054,3,0,0,0,3,3,3,ds6,,Starkes Baumholz,Starkes Baumholz_6,1,1,1.005,not_young,1093.5,Escholzmatt
4759,6750,3,0,0,0,3,3,3,ds2,,Jungwuchs/Dickung,Jungwuchs/Dickung_6,1,1,0.675,young,1060.6,Escholzmatt
4772,198543,3,0,0,0,3,3,3,ds6,,Starkes Baumholz,Starkes Baumholz_6,1,1,19.854,not_young,1090.5,Escholzmatt
4780,7447,3,0,0,0,3,3,3,ds2,,Jungwuchs/Dickung,Jungwuchs/Dickung_6,1,1,0.745,young,1174.4,Escholzmatt
4788,57850,3,0,0,0,3,3,3,ds6,,Starkes Baumholz,Starkes Baumholz_6,1,1,5.785,not_young,1019.1,Escholzmatt
4790,11217,3,0,0,0,3,3,3,ds5,,Mittleres Baumholz,Mittleres Baumholz_6,1,1,1.122,not_young,1176.7,Escholzmatt
4792,14203,3,0,0,0,3,3,3,ds6,,Starkes Baumholz,Starkes Baumholz_6,1,1,1.42,not_young,1059.2,Escholzmatt
4810,9295,3,0,0,0,3,3,3,ds6,,Starkes Baumholz,Starkes Baumholz_6,1,1,0.93,not_young,1021.5,Escholzmatt
4811,12650,3,0,0,0,3,3,3,ds6,,Starkes Baumholz,Starkes Baumholz_13,1,1,1.265,not_young,955.4,Escholzmatt
4813,20234,3,0,0,0,3,3,3,ds5,,Mittleres Baumholz,Mittleres Baumholz_6,1,1,2.023,not_young,1063.8,Escholzmatt
4817,17022,3,0,0,0,3,3,3,ds6,,Starkes Baumholz,Starkes Baumholz_6,1,1,1.702,not_young,1031.7,Escholzmatt
4820,6675,3,0,0,0,3,3,3,ds5,,Mittleres Baumholz,Mittleres Baumholz_6,1,1,0.668,not_young,1203.4,Escholzmatt
4822,6334,3,0,0,0,3,3,3,ds6,,Starkes Baumholz,Starkes Baumholz_6,1,1,0.633,not_young,1163.7,Escholzmatt
4839,6102,3,0,0,0,3,3,3,ds5,,Mittleres Baumholz,Mittleres Baumholz_6,1,1,0.61,not_young,1044.7,Escholzmatt
4846,6015,3,0,0,0,3,3,3,ds4,,Schwaches Baumholz,Schwaches Baumholz_6,1,1,0.602,not_young,1025.3,Escholzmatt
4848,23052,3,0,0,0,3,3,3,ds6,,Starkes Baumholz,Starkes Baumholz_13,1,1,2.305,not_young,959.9,Escholzmatt
4868,13565,3,0,0,0,3,3,3,ds6,,Starkes Baumholz,Starkes Baumholz_6,1,1,1.356,not_young,1030.0,Escholzmatt
4869,8423,3,0,0,0,3,3,3,ds6,,Starkes Baumholz,Starkes Baumholz_6,1,1,0.842,not_young,1195.8,Escholzmatt
4880,5469,3,0,0,0,3,3,3,ds5,,Mittleres Baumholz,Mittleres Baumholz_6,1,1,0.547,not_young,1019.1,Escholzmatt
4884,14548,3,0,0,0,3,3,3,ds5,,Mittleres Baumholz,Mittleres Baumholz_6,1,1,1.455,not_young,1052.9,Escholzmatt
4885,11553,3,0,0,0,3,3,3,ds6,,Starkes Baumholz,Starkes Baumholz_6,1,1,1.155,not_young,1004.9,Escholzmatt
4886,5893,3,0,0,0,3,3,3,ds6,,Starkes Baumholz,Starkes Baumholz_6,1,1,0.589,not_young,1024.9,Escholzmatt
4890,12708,3,0,0,0,3,3,3,ds6,,Starkes Baumholz,Starkes Baumholz_6,1,1,1.271,not_young,1049.1,Escholzmatt
4926,22274,3,0,0,0,3,3,3,ds6,,Starkes Baumholz,Starkes Baumholz_6,1,1,2.227,not_young,1031.5,Escholzmatt
4943,76465,3,0,0,0,3,3,3,ds6,,Starkes Baumholz,Starkes Baumholz_6,1,1,7.646,not_young,997.4,Escholzmatt
4947,24037,3,0,0,0,3,3,3,ds6,,Starkes Baumholz,Starkes Baumholz_6,1,1,2.404,not_young,1136.0,Escholzmatt
4948,5778,3,0,0,0,3,3,3,ds5,,Mittleres Baumholz,Mittleres Baumholz_6,1,1,0.578,not_young,1060.5,Escholzmatt
4967,7550,3,0,0,0,3,3,3,ds6,,Starkes Baumholz,Starkes Baumholz_6,1,1,0.755,not_young,1046.0,Escholzmatt
4973,9507,3,0,0,0,3,3,3,ds6,,Starkes Baumholz,Starkes Baumholz_6,1,1,0.951,not_young,1087.8,Escholzmatt
4980,13517,3,0,0,0,3,3,3,ds6,,Starkes Baumholz,Starkes Baumholz_6,1,1,1.352,not_young,1057.9,Escholzmatt
4989,5921,3,0,0,0,3,3,3,ds2,,Jungwuchs/Dickung,Jungwuchs/Dickung_6,1,1,0.592,young,1190.5,Escholzmatt
4993,7158,3,0,0,0,3,3,3,ds6,,Starkes Baumholz,Starkes Baumholz_6,1,1,0.716,not_young,1076.6,Escholzmatt
5000,11889,3,0,0,0,3,3,3,ds5,,Mittleres Baumholz,Mittleres Baumholz_6,1,1,1.189,not_young,1130.7,Escholzmatt
5004,24484,3,0,0,0,3,3,3,ds6,,Starkes Baumholz,Starkes Baumholz_6,1,1,2.448,not_young,1161.1,Escholzmatt
5007,5918,3,0,0,0,3,3,3,ds6,,Starkes Baumholz,Starkes Baumholz_6,1,1,0.592,not_young,1104.3,Escholzmatt
5010,14900,3,0,0,0,3,3,3,ds6,,Starkes Baumholz,Starkes Baumholz_6,1,1,1.49,not_young,1034.2,Escholzmatt
5012,12711,3,0,0,0,3,3,3,ds6,,Starkes Baumholz,Starkes Baumholz_6,1,1,1.271,not_young,1080.1,Escholzmatt
5013,7333,3,0,0,0,3,3,3,ds6,,Starkes Baumholz,Starkes Baumholz_6,1,1,0.733,not_young,1032.4,Escholzmatt
5014,5775,3,0,0,0,3,3,3,ds6,,Starkes Baumholz,Starkes Baumholz_6,1,1,0.577,not_young,990.7,Escholzmatt
5015,8050,3,0,0,0,3,3,3,ds6,,Starkes Baumholz,Starkes Baumholz_6,1,1,0.805,not_young,1142.3,Escholzmatt
5021,91849,3,0,0,0,3,3,3,ds6,,Starkes Baumholz,Starkes Baumholz_6,1,1,9.185,not_young,1060.4,Escholzmatt
5027,24590,3,0,0,0,3,3,3,ds6,,Starkes Baumholz,Starkes Baumholz_6,1,1,2.459,not_young,1097.4,Escholzmatt
5028,5828,3,0,0,0,3,3,3,ds6,,Starkes Baumholz,Starkes Baumholz_6,1,1,0.583,not_young,1072.1,Escholzmatt
5032,20068,3,0,0,0,3,3,3,ds6,,Starkes Baumholz,Starkes Baumholz_6,1,1,2.007,not_young,1159.3,Escholzmatt
5037,6407,3,0,0,0,3,3,3,ds6,,Starkes Baumholz,Starkes Baumholz_6,1,1,0.641,not_young,1016.5,Escholzmatt
5040,5400,3,0,0,0,3,3,3,ds5,,Mittleres Baumholz,Mittleres Baumholz_6,1,1,0.54,not_young,1089.7,Escholzmatt
5045,6300,3,0,0,0,3,3,3,ds6,,Starkes Baumholz,Starkes Baumholz_6,1,1,0.63,not_young,1033.3,Escholzmatt
5048,17753,3,0,0,0,3,3,3,ds6,,Starkes Baumholz,Starkes Baumholz_6,1,1,1.775,not_young,1078.8,Escholzmatt
5055,23036,3,0,0,0,3,3,3,ds6,,Starkes Baumholz,Starkes Baumholz_6,1,1,2.304,not_young,1055.1,Escholzmatt
5058,5150,3,0,0,0,3,3,3,ds6,,Starkes Baumholz,Starkes Baumholz_6,1,1,0.515,not_young,1029.8,Escholzmatt
5059,7000,3,0,0,0,3,3,3,ds5,,Mittleres Baumholz,Mittleres Baumholz_6,1,1,0.7,not_young,1088.8,Escholzmatt
5061,5568,3,0,0,0,3,3,3,ds6,,Starkes Baumholz,Starkes Baumholz_13,1,1,0.557,not_young,968.7,Escholzmatt
5066,10906,3,0,0,0,3,3,3,ds6,,Starkes Baumholz,Starkes Baumholz_6,1,1,1.091,not_young,1051.1,Escholzmatt
5067,6278,3,0,0,0,3,3,3,ds6,,Starkes Baumholz,Starkes Baumholz_6,1,1,0.628,not_young,1033.2,Escholzmatt
5068,6085,3,0,0,0,3,3,3,ds6,,Starkes Baumholz,Starkes Baumholz_6,1,1,0.609,not_young,1041.7,Escholzmatt
5075,12650,3,0,0,0,3,3,3,ds6,,Starkes Baumholz,Starkes Baumholz_6,1,1,1.265,not_young,1060.7,Escholzmatt
5085,7207,3,0,0,0,3,3,3,ds6,,Starkes Baumholz,Starkes Baumholz_13,1,1,0.721,not_young,989.7,Escholzmatt
5107,34260,3,0,0,0,3,3,3,ds6,,Starkes Baumholz,Starkes Baumholz_6,1,1,3.426,not_young,1108.5,Escholzmatt
5111,32935,3,0,0,0,3,3,3,ds6,,Starkes Baumholz,Starkes Baumholz_6,1,1,3.293,not_young,1026.2,Escholzmatt
5118,5800,3,0,0,0,3,3,3,ds6,,Starkes Baumholz,Starkes Baumholz_6,1,1,0.58,not_young,990.0,Escholzmatt
5119,8890,3,0,0,0,3,3,3,ds5,,Mittleres Baumholz,Mittleres Baumholz_6,1,1,0.889,not_young,1032.5,Escholzmatt
5122,6050,3,0,0,0,3,3,3,ds6,,Starkes Baumholz,Starkes Baumholz_6,1,1,0.605,not_young,977.5,Escholzmatt
5128,5418,3,0,0,0,3,3,3,ds6,,Starkes Baumholz,Starkes Baumholz_13,1,1,0.542,not_young,977.4,Escholzmatt
5133,62884,3,0,0,0,3,3,3,ds6,,Starkes Baumholz,Starkes Baumholz_6,1,1,6.288,not_young,1019.4,Escholzmatt
5152,10421,3,0,0,0,3,3,3,ds6,,Starkes Baumholz,Starkes Baumholz_13,1,1,1.042,not_young,1011.2,Escholzmatt
5154,6646,3,0,0,0,3,3,3,ds6,,Starkes Baumholz,Starkes Baumholz_6,1,1,0.665,not_young,1023.1,Escholzmatt
5167,6322,3,0,0,0,3,3,3,ds5,,Mittleres Baumholz,Mittleres Baumholz_13,1,1,0.632,not_young,997.2,Escholzmatt
5168,6277,3,0,0,0,3,3,3,ds5,,Mittleres Baumholz,Mittleres Baumholz_6,1,1,0.628,not_young,1150.0,Escholzmatt
5177,20419,3,0,0,0,3,3,3,ds6,,Starkes Baumholz,Starkes Baumholz_6,1,1,2.042,not_young,1039.4,Escholzmatt
5178,7807,3,0,0,0,3,3,3,ds5,,Mittleres Baumholz,Mittleres Baumholz_6,1,1,0.781,not_young,1132.9,Escholzmatt
5186,6470,3,0,0,0,3,3,3,ds4,,Schwaches Baumholz,Schwaches Baumholz_6,1,1,0.647,not_young,1073.9,Escholzmatt
5187,9853,3,0,0,0,3,3,3,ds5,,Mittleres Baumholz,Mittleres Baumholz_6,1,1,0.985,not_young,1074.2,Escholzmatt
5190,15458,3,0,0,0,3,3,3,ds6,,Starkes Baumholz,Starkes Baumholz_6,1,1,1.546,not_young,1115.0,Escholzmatt
5191,83050,3,0,0,0,3,3,3,ds6,,Starkes Baumholz,Starkes Baumholz_6,1,1,8.305,not_young,1098.9,Escholzmatt
5193,7073,3,0,0,0,3,3,3,ds6,,Starkes Baumholz,Starkes Baumholz_6,1,1,0.707,not_young,993.7,Escholzmatt
5194,9668,3,0,0,0,3,3,3,ds6,,Starkes Baumholz,Starkes Baumholz_13,1,1,0.967,not_young,971.4,Escholzmatt
5195,5549,3,0,0,0,3,3,3,ds5,,Mittleres Baumholz,Mittleres Baumholz_6,1,1,0.555,not_young,1146.2,Escholzmatt
5197,6660,3,0,0,0,3,3,3,ds6,,Starkes Baumholz,Starkes Baumholz_6,1,1,0.666,not_young,1037.5,Escholzmatt
5199,5822,3,0,0,0,3,3,3,ds4,,Schwaches Baumholz,Schwaches Baumholz_6,1,1,0.582,not_young,1155.5,Escholzmatt
5206,6706,3,0,0,0,3,3,3,ds5,,Mittleres Baumholz,Mittleres Baumholz_6,1,1,0.671,not_young,1154.0,Escholzmatt
5207,7662,3,0,0,0,3,3,3,ds4,,Schwaches Baumholz,Schwaches Baumholz_6,1,1,0.766,not_young,1190.2,Escholzmatt
5210,8975,3,0,0,0,3,3,3,ds5,,Mittleres Baumholz,Mittleres Baumholz_6,1,1,0.898,not_young,1136.0,Escholzmatt
5211,14706,3,0,0,0,3,3,3,ds4,,Schwaches Baumholz,Schwaches Baumholz_6,1,1,1.471,not_young,1172.6,Escholzmatt
5212,67318,3,0,0,0,3,3,3,ds6,,Starkes Baumholz,Starkes Baumholz_6,1,1,6.732,not_young,1079.7,Escholzmatt
5213,5287,3,0,0,0,3,3,3,ds6,,Starkes Baumholz,Starkes Baumholz_6,1,1,0.529,not_young,1000.3,Escholzmatt
5214,13700,3,0,0,0,3,3,3,ds6,,Starkes Baumholz,Starkes Baumholz_6,1,1,1.37,not_young,1068.6,Escholzmatt
5222,6202,3,0,0,0,3,3,3,ds6,,Starkes Baumholz,Starkes Baumholz_6,1,1,0.62,not_young,1150.1,Escholzmatt
5228,6075,3,0,0,0,3,3,3,ds5,,Mittleres Baumholz,Mittleres Baumholz_6,1,1,0.608,not_young,1133.9,Escholzmatt
5235,24700,3,0,0,0,3,3,3,ds6,,Starkes Baumholz,Starkes Baumholz_6,1,1,2.47,not_young,953.8,Escholzmatt
5236,14344,3,0,0,0,3,3,3,ds6,,Starkes Baumholz,Starkes Baumholz_6,1,1,1.434,not_young,1156.3,Escholzmatt
5254,5100,3,0,0,0,3,3,3,ds6,,Starkes Baumholz,Starkes Baumholz_6,1,1,0.51,not_young,1086.7,Escholzmatt
5256,8057,3,0,0,0,3,3,3,ds5,,Mittleres Baumholz,Mittleres Baumholz_6,1,1,0.806,not_young,1008.2,Escholzmatt
5257,14050,3,0,0,0,3,3,3,ds5,,Mittleres Baumholz,Mittleres Baumholz_6,1,1,1.405,not_young,1153.9,Escholzmatt
5261,9592,3,0,0,0,3,3,3,ds5,,Mittleres Baumholz,Mittleres Baumholz_6,1,1,0.959,not_young,1179.4,Escholzmatt
5274,7342,3,0,0,0,3,3,3,ds5,,Mittleres Baumholz,Mittleres Baumholz_6,1,1,0.734,not_young,1155.0,Escholzmatt
5276,67252,3,0,0,0,3,3,3,ds6,,Starkes Baumholz,Starkes Baumholz_13,1,1,6.725,not_young,958.9,Escholzmatt
5278,37800,3,0,0,0,3,3,3,ds6,,Starkes Baumholz,Starkes Baumholz_6,1,1,3.78,not_young,1040.8,Escholzmatt
5282,61487,3,0,0,0,3,3,3,ds6,,Starkes Baumholz,Starkes Baumholz_6,1,1,6.149,not_young,1067.0,Escholzmatt
5285,60599,3,0,0,0,3,3,3,ds6,,Starkes Baumholz,Starkes Baumholz_6,1,1,6.06,not_young,1067.9,Escholzmatt
5286,17679,3,0,0,0,3,3,3,ds6,,Starkes Baumholz,Starkes Baumholz_13,1,1,1.768,not_young,961.3,Escholzmatt
5290,6050,3,0,0,0,3,3,3,ds5,,Mittleres Baumholz,Mittleres Baumholz_6,1,1,0.605,not_young,1121.0,Escholzmatt
5293,6658,3,0,0,0,3,3,3,ds6,,Starkes Baumholz,Starkes Baumholz_6,1,1,0.666,not_young,1004.0,Escholzmatt
5294,42670,3,0,0,0,3,3,3,ds6,,Starkes Baumholz,Starkes Baumholz_13,1,1,4.267,not_young,969.7,Escholzmatt
5300,27738,3,0,0,0,3,3,3,ds6,,Starkes Baumholz,Starkes Baumholz_6,1,1,2.774,not_young,1044.0,Escholzmatt
5301,5930,3,0,0,0,3,3,3,ds5,,Mittleres Baumholz,Mittleres Baumholz_6,1,1,0.593,not_young,1130.7,Escholzmatt
5307,13477,3,0,0,0,3,3,3,ds5,,Mittleres Baumholz,Mittleres Baumholz_6,1,1,1.348,not_young,1163.1,Escholzmatt
5310,7505,3,0,0,0,3,3,3,ds5,,Mittleres Baumholz,Mittleres Baumholz_6,1,1,0.75,not_young,1142.5,Escholzmatt
5314,17429,3,0,0,0,3,3,3,ds6,,Starkes Baumholz,Starkes Baumholz_6,1,1,1.743,not_young,1095.8,Escholzmatt
5317,20460,3,0,0,0,3,3,3,ds5,,Mittleres Baumholz,Mittleres Baumholz_6,1,1,2.046,not_young,1124.7,Escholzmatt
5321,25699,3,0,0,0,3,3,3,ds6,,Starkes Baumholz,Starkes Baumholz_6,1,1,2.57,not_young,1114.6,Escholzmatt
5330,97878,2,1,0,1,2,2,2,ds6,,Starkes Baumholz,Starkes Baumholz_13,1,1,9.788,not_young,955.0,Escholzmatt
5336,5435,3,0,0,0,3,3,3,ds4,,Schwaches Baumholz,Schwaches Baumholz_6,1,1,0.544,not_young,1189.1,Escholzmatt
5344,7800,3,0,0,0,3,3,3,ds6,,Starkes Baumholz,Starkes Baumholz_6,1,1,0.78,not_young,1106.4,Escholzmatt
5347,21187,3,0,0,0,3,3,3,ds6,,Starkes Baumholz,Starkes Baumholz_6,1,1,2.119,not_young,1044.8,Escholzmatt
5356,6551,3,0,0,0,3,3,3,ds5,,Mittleres Baumholz,Mittleres Baumholz_6,1,1,0.655,not_young,1036.9,Escholzmatt
5359,12841,3,0,0,0,3,3,3,ds6,,Starkes Baumholz,Starkes Baumholz_6,1,1,1.284,not_young,1002.1,Escholzmatt
5363,46998,3,0,0,0,3,3,1,ds6,,Starkes Baumholz,Starkes Baumholz_6,1,1,4.7,not_young,1099.1,Escholzmatt
5371,5600,3,0,0,0,3,3,3,ds5,,Mittleres Baumholz,Mittleres Baumholz_6,1,1,0.56,not_young,1115.9,Escholzmatt
5372,5305,3,0,0,0,3,3,3,ds5,,Mittleres Baumholz,Mittleres Baumholz_6,1,1,0.531,not_young,1167.0,Escholzmatt
5377,29244,3,0,0,0,3,3,3,ds6,,Starkes Baumholz,Starkes Baumholz_6,1,1,2.924,not_young,1115.0,Escholzmatt
5383,18709,1,0,2,2,1,1,1,ds6,,Starkes Baumholz,Starkes Baumholz_6,1,1,1.871,not_young,1045.9,Escholzmatt
5384,5223,3,0,0,0,3,3,1,ds6,,Starkes Baumholz,Starkes Baumholz_6,1,1,0.522,not_young,1022.4,Escholzmatt
5388,87900,3,0,0,0,3,3,3,ds6,,Starkes Baumholz,Starkes Baumholz_6,1,1,8.79,not_young,1014.2,Escholzmatt
5396,5085,3,0,0,0,3,3,3,ds6,,Starkes Baumholz,Starkes Baumholz_6,1,1,0.509,not_young,1058.7,Escholzmatt
5398,8514,3,0,0,0,3,3,3,ds5,,Mittleres Baumholz,Mittleres Baumholz_6,1,1,0.851,not_young,1066.9,Escholzmatt
5403,18601,3,0,0,0,3,3,3,ds6,,Starkes Baumholz,Starkes Baumholz_6,1,1,1.86,not_young,966.6,Escholzmatt
5404,11959,1,0,2,2,1,1,1,ds5,,Mittleres Baumholz,Mittleres Baumholz_6,1,1,1.196,not_young,1123.5,Escholzmatt
5408,6236,3,0,0,0,3,3,3,ds5,,Mittleres Baumholz,Mittleres Baumholz_6,1,1,0.624,not_young,1019.3,Escholzmatt
5413,15894,3,0,0,0,3,3,3,ds5,,Mittleres Baumholz,Mittleres Baumholz_6,1,1,1.589,not_young,1125.9,Escholzmatt
5414,12082,3,0,0,0,3,3,3,ds5,,Mittleres Baumholz,Mittleres Baumholz_6,1,1,1.208,not_young,1138.5,Escholzmatt
5416,5846,3,0,0,0,3,3,3,ds5,,Mittleres Baumholz,Mittleres Baumholz_6,1,1,0.585,not_young,1106.8,Escholzmatt
5417,6150,3,0,0,0,3,3,3,ds4,,Schwaches Baumholz,Schwaches Baumholz_6,1,1,0.615,not_young,1078.8,Escholzmatt
5421,15452,3,0,0,0,3,3,3,ds5,,Mittleres Baumholz,Mittleres Baumholz_6,1,1,1.545,not_young,1081.5,Escholzmatt
5422,5012,3,0,0,0,3,3,3,ds6,,Starkes Baumholz,Starkes Baumholz_6,1,1,0.501,not_young,1059.0,Escholzmatt
5430,5432,3,0,0,0,3,3,3,ds5,,Mittleres Baumholz,Mittleres Baumholz_6,1,1,0.543,not_young,1134.3,Escholzmatt
5433,6118,1,0,2,2,1,1,1,ds6,,Starkes Baumholz,Starkes Baumholz_6,1,1,0.612,not_young,1023.7,Escholzmatt
5436,6844,3,0,0,0,3,3,3,ds6,,Starkes Baumholz,Starkes Baumholz_6,1,1,0.684,not_young,998.2,Escholzmatt
5441,5529,3,0,0,0,3,3,3,ds6,,Starkes Baumholz,Starkes Baumholz_6,1,1,0.553,not_young,1016.0,Escholzmatt
5449,5106,3,0,0,0,3,3,3,ds4,,Schwaches Baumholz,Schwaches Baumholz_6,1,1,0.511,not_young,1182.6,Escholzmatt
5454,6650,3,0,0,0,3,3,3,ds3,,Stangenholz,Stangenholz_6,1,1,0.665,not_young,1028.4,Escholzmatt
5457,8900,3,0,0,0,3,3,3,ds5,,Mittleres Baumholz,Mittleres Baumholz_6,1,1,0.89,not_young,1087.0,Escholzmatt
5460,8719,3,0,0,0,3,3,3,ds6,,Starkes Baumholz,Starkes Baumholz_6,1,1,0.872,not_young,1115.2,Escholzmatt
5461,9724,3,0,0,0,3,3,3,ds6,,Starkes Baumholz,Starkes Baumholz_6,1,1,0.972,not_young,1140.5,Escholzmatt
5462,8993,3,0,0,0,3,3,3,ds5,,Mittleres Baumholz,Mittleres Baumholz_6,1,1,0.899,not_young,1169.9,Escholzmatt
5464,8777,3,0,0,0,3,3,3,ds6,,Starkes Baumholz,Starkes Baumholz_6,1,1,0.878,not_young,1037.3,Escholzmatt
5465,8154,3,0,0,0,3,3,3,ds6,,Starkes Baumholz,Starkes Baumholz_13,1,1,0.815,not_young,1008.7,Escholzmatt
5476,9452,3,0,0,0,3,3,3,ds5,,Mittleres Baumholz,Mittleres Baumholz_6,1,1,0.945,not_young,1024.2,Escholzmatt
5477,22961,3,0,0,0,3,3,1,ds6,,Starkes Baumholz,Starkes Baumholz_6,1,1,2.296,not_young,1122.3,Escholzmatt
5484,35447,3,0,0,0,3,3,3,ds6,,Starkes Baumholz,Starkes Baumholz_6,1,1,3.545,not_young,980.5,Escholzmatt
5492,13053,3,0,0,0,3,3,3,ds5,,Mittleres Baumholz,Mittleres Baumholz_6,1,1,1.305,not_young,1122.8,Escholzmatt
5498,7181,3,0,0,0,3,3,3,ds6,,Starkes Baumholz,Starkes Baumholz_6,1,1,0.718,not_young,1066.7,Escholzmatt
5499,5009,3,0,0,0,3,3,3,ds5,,Mittleres Baumholz,Mittleres Baumholz_6,1,1,0.501,not_young,1135.0,Escholzmatt
5508,9134,3,0,0,0,3,3,3,ds5,,Mittleres Baumholz,Mittleres Baumholz_6,1,1,0.913,not_young,1070.1,Escholzmatt
5509,7300,3,0,0,0,3,3,3,ds5,,Mittleres Baumholz,Mittleres Baumholz_6,1,1,0.73,not_young,1060.9,Escholzmatt
5515,5105,3,0,0,0,3,3,3,ds6,,Starkes Baumholz,Starkes Baumholz_6,1,1,0.511,not_young,1068.7,Escholzmatt
5516,8250,3,0,0,0,3,3,3,ds4,,Schwaches Baumholz,Schwaches Baumholz_6,1,1,0.825,not_young,1074.2,Escholzmatt
5517,8815,3,0,0,0,3,3,3,ds5,,Mittleres Baumholz,Mittleres Baumholz_6,1,1,0.882,not_young,1135.8,Escholzmatt
5518,8476,3,0,0,0,3,3,3,ds5,,Mittleres Baumholz,Mittleres Baumholz_6,1,1,0.848,not_young,1143.3,Escholzmatt
5520,5485,3,0,0,0,3,3,3,ds5,,Mittleres Baumholz,Mittleres Baumholz_6,1,1,0.549,not_young,1110.5,Escholzmatt
5522,8150,3,0,0,0,3,3,3,ds3,,Stangenholz,Stangenholz_6,1,1,0.815,not_young,1001.7,Escholzmatt
5525,16681,3,0,0,0,3,3,3,ds6,,Starkes Baumholz,Starkes Baumholz_6,1,1,1.668,not_young,976.6,Escholzmatt
5530,37076,3,0,0,0,3,3,1,ds6,,Starkes Baumholz,Starkes Baumholz_6,1,1,3.708,not_young,1011.7,Escholzmatt
5541,5998,3,0,0,0,3,3,3,ds5,,Mittleres Baumholz,Mittleres Baumholz_13,1,1,0.6,not_young,986.4,Escholzmatt
5542,5173,3,0,0,0,3,3,3,ds4,,Schwaches Baumholz,Schwaches Baumholz_6,1,1,0.517,not_young,1158.4,Escholzmatt
5548,5250,3,0,0,0,3,3,3,ds6,,Starkes Baumholz,Starkes Baumholz_6,1,1,0.525,not_young,1039.4,Escholzmatt
5549,13505,3,0,0,0,3,3,3,ds6,,Starkes Baumholz,Starkes Baumholz_6,1,1,1.351,not_young,1093.7,Escholzmatt
5559,11300,3,0,0,0,3,3,3,ds6,,Starkes Baumholz,Starkes Baumholz_6,1,1,1.13,not_young,1051.3,Escholzmatt
5560,7600,3,0,0,0,3,3,3,ds6,,Starkes Baumholz,Starkes Baumholz_6,1,1,0.76,not_young,1105.9,Escholzmatt
5561,51983,3,0,0,0,3,3,1,ds6,,Starkes Baumholz,Starkes Baumholz_6,1,1,5.198,not_young,1041.2,Escholzmatt
5569,5031,3,0,0,0,3,3,3,ds6,,Starkes Baumholz,Starkes Baumholz_6,1,1,0.503,not_young,1027.5,Escholzmatt
5573,5950,3,0,0,0,3,3,3,ds6,,Starkes Baumholz,Starkes Baumholz_13,1,1,0.595,not_young,978.4,Escholzmatt
5574,5221,3,0,0,0,3,3,3,ds6,,Starkes Baumholz,Starkes Baumholz_6,1,1,0.522,not_young,1071.3,Escholzmatt
5578,6832,3,0,0,0,3,3,3,ds5,,Mittleres Baumholz,Mittleres Baumholz_6,1,1,0.683,not_young,1039.4,Escholzmatt
5583,10050,3,0,0,0,3,3,3,ds6,,Starkes Baumholz,Starkes Baumholz_6,1,1,1.005,not_young,997.3,Escholzmatt
5584,8381,3,0,0,0,3,3,3,ds5,,Mittleres Baumholz,Mittleres Baumholz_13,1,1,0.838,not_young,985.8,Escholzmatt
5586,113525,3,0,0,0,3,3,3,ds6,,Starkes Baumholz,Starkes Baumholz_6,1,1,11.353,not_young,1068.5,Escholzmatt
5587,16850,3,0,0,0,3,3,3,ds6,,Starkes Baumholz,Starkes Baumholz_6,1,1,1.685,not_young,1005.6,Escholzmatt
5589,21800,3,0,0,0,3,3,3,ds6,,Starkes Baumholz,Starkes Baumholz_6,1,1,2.18,not_young,1037.9,Escholzmatt
5590,6778,3,0,0,0,3,3,3,ds3,,Stangenholz,Stangenholz_6,1,1,0.678,not_young,987.1,Escholzmatt
5592,12290,3,0,0,0,3,3,3,ds6,,Starkes Baumholz,Starkes Baumholz_6,1,1,1.229,not_young,1125.1,Escholzmatt
5595,6300,3,0,0,0,3,3,3,ds3,,Stangenholz,Stangenholz_6,1,1,0.63,not_young,1080.5,Escholzmatt
5596,5306,3,0,0,0,3,3,3,ds5,,Mittleres Baumholz,Mittleres Baumholz_6,1,1,0.531,not_young,1052.4,Escholzmatt
5597,5300,3,0,0,0,3,3,3,ds6,,Starkes Baumholz,Starkes Baumholz_6,1,1,0.53,not_young,1044.0,Escholzmatt
5601,8512,3,0,0,0,3,3,3,ds5,,Mittleres Baumholz,Mittleres Baumholz_6,1,1,0.851,not_young,1122.5,Escholzmatt
5604,5333,3,0,0,0,3,3,3,ds4,,Schwaches Baumholz,Schwaches Baumholz_6,1,1,0.533,not_young,1027.0,Escholzmatt
5605,18250,3,0,0,0,3,3,3,ds6,,Starkes Baumholz,Starkes Baumholz_6,1,1,1.825,not_young,1114.4,Escholzmatt
5608,6400,3,0,0,0,3,3,3,ds3,,Stangenholz,Stangenholz_6,1,1,0.64,not_young,1031.3,Escholzmatt
5609,8500,3,0,0,0,3,3,3,ds6,,Starkes Baumholz,Starkes Baumholz_6,1,1,0.85,not_young,1031.3,Escholzmatt
5615,15178,3,0,0,0,3,3,3,ds6,,Starkes Baumholz,Starkes Baumholz_13,1,1,1.518,not_young,1001.6,Escholzmatt
5616,15792,3,0,0,0,3,3,3,ds6,,Starkes Baumholz,Starkes Baumholz_6,1,1,1.579,not_young,1085.7,Escholzmatt
5624,17100,3,0,0,0,3,3,3,ds6,,Starkes Baumholz,Starkes Baumholz_13,1,1,1.71,not_young,957.6,Escholzmatt
5628,22620,3,0,0,0,3,3,3,ds6,,Starkes Baumholz,Starkes Baumholz_6,1,1,2.262,not_young,1043.1,Escholzmatt
5634,6581,3,0,0,0,3,3,3,ds6,,Starkes Baumholz,Starkes Baumholz_6,1,1,0.658,not_young,1020.5,Escholzmatt
5635,12435,3,0,0,0,3,3,3,ds6,,Starkes Baumholz,Starkes Baumholz_6,1,1,1.244,not_young,1019.7,Escholzmatt
5638,5266,3,0,0,0,3,3,3,ds6,,Starkes Baumholz,Starkes Baumholz_13,1,1,0.527,not_young,1000.0,Escholzmatt
5641,20500,3,0,0,0,3,3,3,ds6,,Starkes Baumholz,Starkes Baumholz_13,1,1,2.05,not_young,930.0,Escholzmatt
5642,7660,3,0,0,0,3,3,3,ds4,,Schwaches Baumholz,Schwaches Baumholz_13,1,1,0.766,not_young,963.9,Escholzmatt
5645,6595,3,0,0,0,3,3,3,ds3,,Stangenholz,Stangenholz_13,1,1,0.659,not_young,1004.9,Escholzmatt
5652,7893,3,0,0,0,3,3,3,ds6,,Starkes Baumholz,Starkes Baumholz_6,1,1,0.789,not_young,998.3,Escholzmatt
5653,21100,3,0,0,0,3,3,3,ds6,,Starkes Baumholz,Starkes Baumholz_13,1,1,2.11,not_young,967.9,Escholzmatt
5658,112374,2,1,0,1,2,2,2,ds6,,Starkes Baumholz,Starkes Baumholz_13,1,1,11.237,not_young,952.2,Escholzmatt
5659,5600,3,0,0,0,3,3,3,ds3,,Stangenholz,Stangenholz_13,1,1,0.56,not_young,1032.5,Wiggen
5662,46800,3,0,0,0,3,3,3,ds6,,Starkes Baumholz,Starkes Baumholz_13,1,1,4.68,not_young,975.9,Escholzmatt
5667,8310,3,0,0,0,3,3,3,ds5,,Mittleres Baumholz,Mittleres Baumholz_6,1,1,0.831,not_young,1034.6,Escholzmatt
5668,6383,3,0,0,0,3,3,3,ds5,,Mittleres Baumholz,Mittleres Baumholz_6,1,1,0.638,not_young,1090.4,Escholzmatt
5669,32023,3,0,0,0,3,3,3,ds6,,Starkes Baumholz,Starkes Baumholz_13,1,1,3.202,not_young,981.3,Escholzmatt
5675,6968,3,0,0,0,3,3,3,ds5,,Mittleres Baumholz,Mittleres Baumholz_13,1,1,0.697,not_young,961.1,Wiggen
5677,5068,3,0,0,0,3,3,3,ds6,,Starkes Baumholz,Starkes Baumholz_6,1,1,0.507,not_young,1002.4,Escholzmatt
5681,76554,3,0,0,0,3,3,3,ds6,,Starkes Baumholz,Starkes Baumholz_6,1,1,7.655,not_young,1069.7,Escholzmatt
5682,6065,3,0,0,0,3,3,3,ds6,,Starkes Baumholz,Starkes Baumholz_13,1,1,0.606,not_young,1014.0,Escholzmatt
5684,6752,3,0,0,0,3,3,3,ds5,,Mittleres Baumholz,Mittleres Baumholz_13,1,1,0.675,not_young,977.7,Escholzmatt
5685,9210,3,0,0,0,3,3,3,ds6,,Starkes Baumholz,Starkes Baumholz_6,1,1,0.921,not_young,1124.9,Escholzmatt
5690,8459,3,0,0,0,3,3,3,ds5,,Mittleres Baumholz,Mittleres Baumholz_13,1,1,0.846,not_young,988.0,Escholzmatt
5691,6100,3,0,0,0,3,3,3,ds6,,Starkes Baumholz,Starkes Baumholz_6,1,1,0.61,not_young,1010.2,Escholzmatt
5701,9806,3,0,0,0,3,3,3,ds5,,Mittleres Baumholz,Mittleres Baumholz_6,1,1,0.981,not_young,1033.0,Escholzmatt
5702,5270,3,0,0,0,3,3,3,ds6,,Starkes Baumholz,Starkes Baumholz_6,1,1,0.527,not_young,1008.7,Escholzmatt
5703,4977,3,0,0,0,3,3,3,ds5,,Mittleres Baumholz,Mittleres Baumholz_13,1,1,0.498,not_young,991.4,Escholzmatt
5704,17835,3,0,0,0,3,3,3,ds6,,Starkes Baumholz,Starkes Baumholz_13,1,1,1.783,not_young,984.4,Escholzmatt
5711,13250,2,1,0,1,2,2,2,ds6,,Starkes Baumholz,Starkes Baumholz_6,1,1,1.325,not_young,995.6,Escholzmatt
5715,22151,2,1,0,1,2,2,2,ds6,,Starkes Baumholz,Starkes Baumholz_6,1,1,2.215,not_young,1020.1,Escholzmatt
5716,7189,3,0,0,0,3,3,3,ds4,,Schwaches Baumholz,Schwaches Baumholz_6,1,1,0.719,not_young,1015.7,Escholzmatt
5717,13655,3,0,0,0,3,3,3,ds6,,Starkes Baumholz,Starkes Baumholz_6,1,1,1.365,not_young,1015.4,Escholzmatt
5718,5131,2,1,0,1,2,2,2,ds6,,Starkes Baumholz,Starkes Baumholz_6,1,1,0.513,not_young,1023.0,Escholzmatt
5728,39602,3,0,0,0,3,3,3,ds6,,Starkes Baumholz,Starkes Baumholz_6,1,1,3.96,not_young,1095.3,Escholzmatt
5731,13733,3,0,0,0,3,3,3,ds6,,Starkes Baumholz,Starkes Baumholz_6,1,1,1.373,not_young,1079.2,Escholzmatt
5732,11670,3,0,0,0,3,3,3,ds5,,Mittleres Baumholz,Mittleres Baumholz_6,1,1,1.167,not_young,1056.2,Escholzmatt
5735,6107,3,0,0,0,3,3,3,ds5,,Mittleres Baumholz,Mittleres Baumholz_13,1,1,0.611,not_young,977.5,Escholzmatt
5755,5996,3,0,0,0,3,3,3,ds5,,Mittleres Baumholz,Mittleres Baumholz_6,1,1,0.6,not_young,1016.5,Escholzmatt
5765,5697,3,0,0,0,3,3,3,ds5,,Mittleres Baumholz,Mittleres Baumholz_13,1,1,0.57,not_young,985.8,Escholzmatt
5791,6358,3,0,0,0,3,3,3,ds6,,Starkes Baumholz,Starkes Baumholz_6,1,1,0.636,not_young,1014.3,Escholzmatt
5792,9077,3,0,0,0,3,3,3,ds6,,Starkes Baumholz,Starkes Baumholz_6,1,1,0.908,not_young,1002.6,Wiggen
5793,26391,3,0,0,0,3,3,3,ds6,,Starkes Baumholz,Starkes Baumholz_13,1,1,2.639,not_young,980.3,Escholzmatt
5801,7062,3,0,0,0,3,3,3,ds6,,Starkes Baumholz,Starkes Baumholz_6,1,1,0.706,not_young,1036.4,Escholzmatt
5811,5939,3,0,0,0,3,3,3,ds6,,Starkes Baumholz,Starkes Baumholz_6,1,1,0.594,not_young,981.6,Escholzmatt
5812,14442,3,0,0,0,3,3,3,ds6,,Starkes Baumholz,Starkes Baumholz_6,1,1,1.444,not_young,1013.1,Escholzmatt
5813,60041,2,1,0,1,2,2,2,ds6,,Starkes Baumholz,Starkes Baumholz_6,1,1,6.004,not_young,996.3,Wiggen
5814,14597,3,0,0,0,3,3,3,ds6,,Starkes Baumholz,Starkes Baumholz_6,1,1,1.46,not_young,1034.1,Escholzmatt
5826,193474,2,1,0,1,2,2,2,ds6,,Starkes Baumholz,Starkes Baumholz_13,1,1,19.347,not_young,917.8,Wiggen
5829,5081,3,0,0,0,3,3,3,ds6,,Starkes Baumholz,Starkes Baumholz_6,1,1,0.508,not_young,1008.8,Escholzmatt
5839,96451,2,1,0,1,2,2,2,ds6,,Starkes Baumholz,Starkes Baumholz_13,1,1,9.645,not_young,872.2999999999998,Wiggen
5849,5996,3,0,0,0,3,3,3,ds5,,Mittleres Baumholz,Mittleres Baumholz_6,1,1,0.6,not_young,1016.4,Escholzmatt
5850,5900,3,0,0,0,3,3,3,ds6,,Starkes Baumholz,Starkes Baumholz_6,1,1,0.59,not_young,1015.9,Escholzmatt
5864,5576,3,0,0,0,3,3,3,ds6,,Starkes Baumholz,Starkes Baumholz_6,1,1,0.558,not_young,1043.9,Escholzmatt
5868,6498,3,0,0,0,3,3,3,ds5,,Mittleres Baumholz,Mittleres Baumholz_6,1,1,0.65,not_young,1084.8,Escholzmatt
5877,9439,3,0,0,0,3,3,3,ds5,,Mittleres Baumholz,Mittleres Baumholz_6,1,1,0.944,not_young,1033.1,Escholzmatt
5882,7500,3,0,0,0,3,3,3,ds6,,Starkes Baumholz,Starkes Baumholz_6,1,1,0.75,not_young,1070.5,Wiggen
5883,15570,3,0,0,0,3,3,3,ds6,,Starkes Baumholz,Starkes Baumholz_13,1,1,1.557,not_young,950.3,Escholzmatt
5886,20300,3,0,0,0,3,3,3,ds6,,Starkes Baumholz,Starkes Baumholz_13,1,1,2.03,not_young,1011.3,Escholzmatt
5889,9834,3,0,0,0,3,3,3,ds6,,Starkes Baumholz,Starkes Baumholz_6,1,1,0.983,not_young,1050.4,Wiggen
5891,7044,3,0,0,0,3,3,3,ds3,,Stangenholz,Stangenholz_6,1,1,0.704,not_young,1046.2,Escholzmatt
5893,7368,3,0,0,0,3,3,3,ds5,,Mittleres Baumholz,Mittleres Baumholz_6,1,1,0.737,not_young,1105.4,Escholzmatt
5899,7073,3,0,0,0,3,3,3,ds5,,Mittleres Baumholz,Mittleres Baumholz_6,1,1,0.707,not_young,1037.2,Escholzmatt
5900,10938,3,0,0,0,3,3,3,ds6,,Starkes Baumholz,Starkes Baumholz_6,1,1,1.094,not_young,1080.2,Wiggen
5903,7140,3,0,0,0,3,3,3,ds4,,Schwaches Baumholz,Schwaches Baumholz_13,1,1,0.714,not_young,987.0,Escholzmatt
5905,6904,3,0,0,0,3,3,3,ds5,,Mittleres Baumholz,Mittleres Baumholz_6,1,1,0.69,not_young,1090.0,Wiggen
5906,8243,3,0,0,0,3,3,3,ds6,,Starkes Baumholz,Starkes Baumholz_13,1,1,0.824,not_young,972.2,Escholzmatt
5913,30778,3,0,0,0,3,3,3,ds6,,Starkes Baumholz,Starkes Baumholz_6,1,1,3.078,not_young,1003.1,Escholzmatt
5914,8820,3,0,0,0,3,3,3,ds6,,Starkes Baumholz,Starkes Baumholz_13,1,1,0.882,not_young,968.7,Escholzmatt
5917,7300,3,0,0,0,3,3,3,ds5,,Mittleres Baumholz,Mittleres Baumholz_6,1,1,0.73,not_young,1016.7,Escholzmatt
5922,26403,3,0,0,0,3,3,3,ds6,,Starkes Baumholz,Starkes Baumholz_13,1,1,2.64,not_young,969.0,Escholzmatt
5923,20000,3,0,0,0,3,3,3,ds6,,Starkes Baumholz,Starkes Baumholz_13,1,1,2.0,not_young,919.2,Wiggen
5924,9100,3,0,0,0,3,3,3,ds6,,Starkes Baumholz,Starkes Baumholz_6,1,1,0.91,not_young,1078.4,Escholzmatt
5928,12315,3,0,0,0,3,3,3,ds6,,Starkes Baumholz,Starkes Baumholz_6,1,1,1.232,not_young,994.3,Escholzmatt
5930,14547,3,0,0,0,3,3,3,ds6,,Starkes Baumholz,Starkes Baumholz_6,1,1,1.455,not_young,1010.5,Escholzmatt
5940,31150,3,0,0,0,3,3,3,ds6,,Starkes Baumholz,Starkes Baumholz_13,1,1,3.115,not_young,922.3,Wiggen
5941,63111,3,0,0,0,3,3,3,ds6,,Starkes Baumholz,Starkes Baumholz_6,1,1,6.311,not_young,999.5,Escholzmatt
5945,6105,3,0,0,0,3,3,3,ds5,,Mittleres Baumholz,Mittleres Baumholz_6,1,1,0.611,not_young,988.6,Escholzmatt
5947,9629,3,0,0,0,3,3,3,ds5,,Mittleres Baumholz,Mittleres Baumholz_6,1,1,0.963,not_young,1089.4,Escholzmatt
5969,6975,3,0,0,0,3,3,3,ds6,,Starkes Baumholz,Starkes Baumholz_6,1,1,0.698,not_young,1027.1,Escholzmatt
5970,9505,3,0,0,0,3,3,3,ds6,,Starkes Baumholz,Starkes Baumholz_6,1,1,0.951,not_young,1002.3,Wiggen
5971,5273,3,0,0,0,3,3,3,ds4,,Schwaches Baumholz,Schwaches Baumholz_6,1,1,0.527,not_young,1042.7,Wiggen
5980,14489,3,0,0,0,3,3,3,ds6,,Starkes Baumholz,Starkes Baumholz_6,1,1,1.449,not_young,1017.8,Escholzmatt
5981,6200,3,0,0,0,3,3,3,ds6,,Starkes Baumholz,Starkes Baumholz_6,1,1,0.62,not_young,1060.0,Escholzmatt
5983,6511,3,0,0,0,3,3,3,ds5,,Mittleres Baumholz,Mittleres Baumholz_6,1,1,0.651,not_young,1051.9,Escholzmatt
5986,14586,3,0,0,0,3,3,3,ds6,,Starkes Baumholz,Starkes Baumholz_6,1,1,1.459,not_young,1075.2,Wiggen
5996,24699,3,0,0,0,3,3,3,ds6,,Starkes Baumholz,Starkes Baumholz_6,1,1,2.47,not_young,1002.1,Wiggen
5998,52994,3,0,0,0,3,3,3,ds6,,Starkes Baumholz,Starkes Baumholz_6,1,1,5.299,not_young,977.8,Escholzmatt
6003,11322,3,0,0,0,3,3,3,ds6,,Starkes Baumholz,Starkes Baumholz_13,1,1,1.132,not_young,998.2,Wiggen
6010,103577,3,0,0,0,3,3,3,ds6,,Starkes Baumholz,Starkes Baumholz_13,1,1,10.358,not_young,995.8,Escholzmatt
6015,25385,2,1,0,1,2,2,2,ds6,,Starkes Baumholz,Starkes Baumholz_13,1,1,2.539,not_young,977.4,Escholzmatt
6030,35805,3,0,0,0,3,3,3,ds6,,Starkes Baumholz,Starkes Baumholz_13,1,1,3.58,not_young,900.0,Wiggen
6033,13514,3,0,0,0,3,3,3,ds6,,Starkes Baumholz,Starkes Baumholz_6,1,1,1.351,not_young,1038.4,Wiggen
6041,19756,3,0,0,0,3,3,3,ds6,,Starkes Baumholz,Starkes Baumholz_6,1,1,1.976,not_young,1067.8,Wiggen
6048,5772,3,0,0,0,3,3,3,ds5,,Mittleres Baumholz,Mittleres Baumholz_6,1,1,0.577,not_young,1064.8,Wiggen
6054,6979,3,0,0,0,3,3,3,ds5,,Mittleres Baumholz,Mittleres Baumholz_13,1,1,0.698,not_young,963.3,Wiggen
6055,18477,3,0,0,0,3,3,3,ds6,,Starkes Baumholz,Starkes Baumholz_6,1,1,1.848,not_young,1020.0,Wiggen
6066,34292,3,0,0,0,3,3,3,ds6,,Starkes Baumholz,Starkes Baumholz_13,1,1,3.429,not_young,994.8,Wiggen
6072,16733,3,0,0,0,3,3,3,ds6,,Starkes Baumholz,Starkes Baumholz_6,1,1,1.673,not_young,1024.5,Wiggen
6075,21150,2,1,0,1,2,2,2,ds6,,Starkes Baumholz,Starkes Baumholz_13,1,1,2.115,not_young,957.9,Escholzmatt
6081,6742,3,0,0,0,3,3,3,ds5,,Mittleres Baumholz,Mittleres Baumholz_13,1,1,0.674,not_young,974.3,Wiggen
6083,9705,3,0,0,0,3,3,3,ds6,,Starkes Baumholz,Starkes Baumholz_13,1,1,0.97,not_young,952.8,Wiggen
6089,15381,3,0,0,0,3,3,3,ds6,,Starkes Baumholz,Starkes Baumholz_6,1,1,1.538,not_young,1008.7,Wiggen
6091,7646,3,0,0,0,3,3,3,ds5,,Mittleres Baumholz,Mittleres Baumholz_6,1,1,0.765,not_young,1031.3,Escholzmatt
6094,4977,3,0,0,0,3,3,3,ds6,,Starkes Baumholz,Starkes Baumholz_13,1,1,0.498,not_young,1004.9,Escholzmatt
6099,6850,3,0,0,0,3,3,3,ds4,,Schwaches Baumholz,Schwaches Baumholz_6,1,1,0.685,not_young,985.2,Wiggen
6128,5100,3,0,0,0,3,3,3,ds6,,Starkes Baumholz,Starkes Baumholz_6,1,1,0.51,not_young,1031.5,Escholzmatt
6133,8999,3,0,0,0,3,3,3,ds6,,Starkes Baumholz,Starkes Baumholz_13,1,1,0.9,not_young,953.5,Escholzmatt
6139,73508,3,0,0,0,3,3,3,ds6,,Starkes Baumholz,Starkes Baumholz_13,1,1,7.351,not_young,1016.0,Wiggen
6141,14922,3,0,0,0,3,3,3,ds6,,Starkes Baumholz,Starkes Baumholz_13,1,1,1.492,not_young,978.7,Escholzmatt
6143,18588,3,0,0,0,3,3,3,ds6,,Starkes Baumholz,Starkes Baumholz_6,1,1,1.859,not_young,999.7,Escholzmatt
6153,5022,3,0,0,0,3,3,3,ds6,,Starkes Baumholz,Starkes Baumholz_13,1,1,0.502,not_young,972.3,Escholzmatt
6205,51747,3,0,0,0,3,3,3,ds6,,Starkes Baumholz,Starkes Baumholz_13,1,1,5.175,not_young,1001.4,Escholzmatt
6206,6958,3,0,0,0,3,3,3,ds6,,Starkes Baumholz,Starkes Baumholz_13,1,1,0.696,not_young,974.9,Wiggen
6267,16850,3,0,0,0,3,3,3,ds5,,Mittleres Baumholz,Mittleres Baumholz_13,1,1,1.685,not_young,981.2,Wiggen
4,22722,4,0,0,0,3,4,3,ds3,2910.0,Stangenholz,Stangenholz_6,0,1,2.272,not_young,1113.3,Finsterwald b. E.
5,12196,3,0,0,0,3,3,1,ds6,725.0,Starkes Baumholz,Starkes Baumholz_6,0,1,1.22,not_young,1304.5,Sörenberg
7,30588,4,0,0,0,3,4,3,ds5,4823.0,Mittleres Baumholz,Mittleres Baumholz_13,0,1,3.059,not_young,933.4,Marbach LU
8,43593,2,1,0,1,2,2,2,ds2,2960.0,Jungwuchs/Dickung,Jungwuchs/Dickung_6,0,1,4.359,young,1393.3,Sörenberg
9,13889,3,0,0,0,3,3,3,ds5,732.0,Mittleres Baumholz,Mittleres Baumholz_10,0,1,1.389,not_young,1466.8,Sörenberg
12,21973,2,1,0,1,2,2,2,ds5,2772.0,Mittleres Baumholz,Mittleres Baumholz_8,0,1,2.197,not_young,1429.5,Flühli LU
14,53432,3,0,0,0,3,3,3,ds2,2967.0,Jungwuchs/Dickung,Jungwuchs/Dickung_6,0,1,5.343,young,1474.8,Sörenberg
15,46274,2,1,0,1,2,2,2,ds5,720.0,Mittleres Baumholz,Mittleres Baumholz_6,0,1,4.627,not_young,1261.1,Flühli LU
18,21082,2,1,0,1,2,2,2,ds3,855.0,Stangenholz,Stangenholz_6,0,1,2.108,not_young,1453.0,Marbach LU
19,1200,2,1,0,1,2,2,2,ds2,5005.0,Jungwuchs/Dickung,Jungwuchs/Dickung_6,0,1,0.12,young,1355.3,Finsterwald b. E.
24,39105,2,1,0,1,2,2,1,ds3,840.0,Stangenholz,Stangenholz_6,0,1,3.911,not_young,1439.5,Flühli LU
25,13850,3,0,0,0,3,3,3,ds5,714.0,Mittleres Baumholz,Mittleres Baumholz_6,0,1,1.385,not_young,1332.8,Sörenberg
26,21385,2,1,0,1,2,2,2,ds2,910.0,Jungwuchs/Dickung,Jungwuchs/Dickung_6,0,1,2.139,young,1201.8,Finsterwald b. E.
28,29880,3,0,0,0,3,3,3,ds3,4932.0,Stangenholz,Stangenholz_6,0,1,2.988,not_young,1308.2,Wiggen
30,12299,3,0,0,0,3,3,3,ds5,704.0,Mittleres Baumholz,Mittleres Baumholz_6,0,1,1.23,not_young,1389.4,Wiggen
31,27480,4,0,0,0,3,4,3,ds3,832.0,Stangenholz,Stangenholz_6,0,1,2.748,not_young,1057.6,Finsterwald b. E.
32,24458,2,1,0,1,2,2,2,ds2,897.0,Jungwuchs/Dickung,Jungwuchs/Dickung_6,0,1,2.446,young,1216.7,Finsterwald b. E.
33,29806,2,1,0,1,2,2,2,ds5,708.0,Mittleres Baumholz,Mittleres Baumholz_6,0,1,2.981,not_young,1145.5,Schüpfheim
35,11336,2,1,0,1,2,2,2,ds2,900.0,Jungwuchs/Dickung,Jungwuchs/Dickung_6,0,1,1.134,young,1387.1,Escholzmatt
36,28105,2,1,0,1,2,2,2,ds5,2748.0,Mittleres Baumholz,Mittleres Baumholz_6,0,1,2.81,not_young,1211.0,Schangnau
37,40289,3,0,0,0,3,3,3,ds2,2940.0,Jungwuchs/Dickung,Jungwuchs/Dickung_6,0,1,4.029,young,1379.5,Sörenberg
41,6350,3,0,0,0,3,3,3,ds6,754.0,Starkes Baumholz,Starkes Baumholz_6,0,1,0.635,not_young,1213.1,Sörenberg
42,16035,3,0,0,0,3,3,1,ds3,828.0,Stangenholz,Stangenholz_8,0,1,1.604,not_young,1474.3,Finsterwald b. E.
43,19363,3,0,0,0,3,3,3,ds5,2737.0,Mittleres Baumholz,Mittleres Baumholz_6,0,1,1.936,not_young,1358.3,Sörenberg
44,22561,2,1,0,1,2,2,2,ds6,2556.0,Starkes Baumholz,Starkes Baumholz_6,0,1,2.256,not_young,1123.1,Schangnau
45,32189,2,1,0,1,2,2,2,ds4,2805.0,Schwaches Baumholz,Schwaches Baumholz_6,0,1,3.219,not_young,1411.8,Sörenberg
47,22737,2,1,0,1,2,2,1,ds6,510.0,Starkes Baumholz,Starkes Baumholz_13,0,1,2.274,not_young,1003.9,Finsterwald b. E.
49,53775,1,0,2,2,1,1,1,ds3,816.0,Stangenholz,Stangenholz_8,0,1,5.377,not_young,1449.8,Finsterwald b. E.
51,28909,2,1,0,1,2,2,1,ds5,2728.0,Mittleres Baumholz,Mittleres Baumholz_6,0,1,2.891,not_young,1319.3,Flühli LU
52,6558,3,0,0,0,3,3,3,ds6,506.0,Starkes Baumholz,Starkes Baumholz_6,0,1,0.656,not_young,1450.5,Wiggen
53,47493,2,1,0,1,2,2,2,ds5,4769.0,Mittleres Baumholz,Mittleres Baumholz_13,0,1,4.749,not_young,970.2,Escholzmatt
57,18058,2,1,0,1,2,2,2,ds3,810.0,Stangenholz,Stangenholz_6,0,1,1.806,not_young,1262.7,Sörenberg
59,15643,4,0,0,0,3,4,3,ds3,808.0,Stangenholz,Stangenholz_6,0,1,1.564,not_young,1201.8,Wiggen
60,31772,3,0,0,0,3,3,1,ds5,4763.0,Mittleres Baumholz,Mittleres Baumholz_6,0,1,3.177,not_young,1158.2,Schüpfheim
62,17068,3,0,0,0,3,3,3,ds5,2727.0,Mittleres Baumholz,Mittleres Baumholz_6,0,1,1.707,not_young,1236.4,Sörenberg
64,26651,2,1,0,1,2,2,2,ds4,728.0,Schwaches Baumholz,Schwaches Baumholz_6,0,1,2.665,not_young,1028.8,Finsterwald b. E.
68,32251,2,1,0,1,2,2,2,ds4,2775.0,Schwaches Baumholz,Schwaches Baumholz_6,0,1,3.225,not_young,1220.7,Marbach LU
71,42614,2,1,0,1,2,2,2,ds4,4800.0,Schwaches Baumholz,Schwaches Baumholz_6,0,1,4.261,not_young,1244.4,Marbach LU
72,14399,2,1,0,1,2,2,2,ds4,2765.0,Schwaches Baumholz,Schwaches Baumholz_6,0,1,1.44,not_young,1306.6,Finsterwald b. E.
74,13422,2,1,0,1,2,2,2,ds4,714.0,Schwaches Baumholz,Schwaches Baumholz_6,0,1,1.342,not_young,1045.5,Schüpfheim
75,28314,3,0,0,0,3,3,1,ds1,912.0,Jungwuchs/Dickung,Jungwuchs/Dickung_6,0,1,2.831,young,1295.4,Sörenberg
76,14657,3,0,0,0,3,3,1,ds5,2702.0,Mittleres Baumholz,Mittleres Baumholz_6,0,1,1.466,not_young,1380.5,Sörenberg
77,23908,2,1,0,1,2,2,2,ds4,715.0,Schwaches Baumholz,Schwaches Baumholz_6,0,1,2.391,not_young,1375.9,Schüpfheim
79,17147,2,1,0,1,2,2,2,ds5,2688.0,Mittleres Baumholz,Mittleres Baumholz_6,0,1,1.715,not_young,1104.1,Escholzmatt
80,20639,2,1,0,1,2,2,2,ds5,2691.0,Mittleres Baumholz,Mittleres Baumholz_6,0,1,2.064,not_young,1378.8,Sörenberg
83,35834,2,1,0,1,2,2,2,ds4,705.0,Schwaches Baumholz,Schwaches Baumholz_13,0,1,3.583,not_young,895.7999999999998,Finsterwald b. E.
84,21088,2,1,0,1,2,2,2,ds6,558.0,Starkes Baumholz,Starkes Baumholz_6,0,1,2.109,not_young,1006.7,Sörenberg
86,11186,2,1,0,1,2,2,2,ds4,708.0,Schwaches Baumholz,Schwaches Baumholz_6,0,1,1.119,not_young,1027.8,Escholzmatt
88,11601,3,0,0,0,3,3,3,ds5,644.0,Mittleres Baumholz,Mittleres Baumholz_10,0,1,1.16,not_young,1550.8,Sörenberg
91,39736,2,1,0,1,2,2,2,ds3,2814.0,Stangenholz,Stangenholz_6,0,1,3.974,not_young,1283.7,Escholzmatt
92,32444,3,0,0,0,3,4,3,ds6,2607.0,Starkes Baumholz,Starkes Baumholz_13,0,1,3.244,not_young,920.8,Rengg
94,14905,2,1,0,1,2,2,2,ds6,564.0,Starkes Baumholz,Starkes Baumholz_6,0,1,1.491,not_young,1326.7,Wiggen
95,5856,2,1,0,1,2,2,2,ds4,700.0,Schwaches Baumholz,Schwaches Baumholz_8,0,1,0.586,not_young,1696.7,Flühli LU
98,30959,3,0,0,0,3,4,3,ds6,559.0,Starkes Baumholz,Starkes Baumholz_6,0,1,3.096,not_young,1114.8,Hasle LU
101,42920,2,1,0,1,2,2,2,ds6,2618.0,Starkes Baumholz,Starkes Baumholz_13,0,1,4.292,not_young,968.7,Escholzmatt
102,12522,3,0,0,0,3,3,3,ds5,2676.0,Mittleres Baumholz,Mittleres Baumholz_6,0,1,1.252,not_young,1378.1,Sörenberg
103,7459,3,0,0,0,3,4,3,ds6,574.0,Starkes Baumholz,Starkes Baumholz_13,0,1,0.746,not_young,966.8,Entlebuch
104,4428,3,0,0,0,3,3,3,ds5,624.0,Mittleres Baumholz,Mittleres Baumholz_10,0,1,0.443,not_young,1494.6,Flühli LU
106,1236,2,1,0,1,2,2,2,ds6,567.0,Starkes Baumholz,Starkes Baumholz_6,0,1,0.124,not_young,1119.8,Sörenberg
107,23892,2,1,0,1,2,2,2,ds3,756.0,Stangenholz,Stangenholz_8,0,1,2.389,not_young,1486.8,Escholzmatt
108,33900,2,1,0,1,2,2,1,ds5,630.0,Mittleres Baumholz,Mittleres Baumholz_6,0,1,3.39,not_young,1371.2,Sörenberg
109,26800,2,1,0,1,2,2,2,ds2,810.0,Jungwuchs/Dickung,Jungwuchs/Dickung_10,0,1,2.68,young,1614.8,Wiggen
110,47203,2,1,0,1,2,2,2,ds2,2860.0,Jungwuchs/Dickung,Jungwuchs/Dickung_6,0,1,4.72,young,1305.5,Escholzmatt
112,14550,4,0,0,0,3,4,3,ds4,684.0,Schwaches Baumholz,Schwaches Baumholz_6,0,1,1.455,not_young,1210.3,Marbach LU
113,49874,4,0,0,0,3,4,3,ds5,6749.0,Mittleres Baumholz,Mittleres Baumholz_6,0,1,4.987,not_young,1010.2,Finsterwald b. E.
114,12935,3,0,0,0,3,3,3,ds5,620.0,Mittleres Baumholz,Mittleres Baumholz_6,0,1,1.294,not_young,1308.7,Marbach LU
115,15588,2,1,0,1,2,2,2,ds4,2723.0,Schwaches Baumholz,Schwaches Baumholz_6,0,1,1.559,not_young,1393.4,Wiggen
116,46606,2,1,0,1,2,2,1,ds4,672.0,Schwaches Baumholz,Schwaches Baumholz_6,0,1,4.661,not_young,1315.2,Hasle LU
118,25487,3,0,0,0,3,3,3,ds3,737.0,Stangenholz,Stangenholz_8,0,1,2.549,not_young,1526.2,Finsterwald b. E.
119,6850,2,1,0,1,2,2,2,ds6,586.0,Starkes Baumholz,Starkes Baumholz_6,0,1,0.685,not_young,1435.8,Marbach LU
120,71142,2,1,0,1,2,2,2,ds4,4752.0,Schwaches Baumholz,Schwaches Baumholz_6,0,1,7.114,not_young,1205.9,Hasle LU
124,17811,2,1,0,1,2,2,2,ds5,2653.0,Mittleres Baumholz,Mittleres Baumholz_6,0,1,1.781,not_young,1109.1,Flühli LU
125,41142,4,0,0,0,3,4,3,ds4,2717.0,Schwaches Baumholz,Schwaches Baumholz_6,0,1,4.114,not_young,1018.5,Hasle LU
126,20661,3,0,0,0,3,3,3,ds5,600.0,Mittleres Baumholz,Mittleres Baumholz_10,0,1,2.066,not_young,1415.7,Sörenberg
129,14599,2,1,0,1,2,2,2,ds1,858.0,Jungwuchs/Dickung,Jungwuchs/Dickung_6,0,1,1.46,young,1270.0,Sörenberg
130,48970,4,0,0,0,3,4,3,ds6,594.0,Starkes Baumholz,Starkes Baumholz_6,0,1,4.897,not_young,936.7,Finsterwald b. E.
131,26045,2,1,0,1,2,2,2,ds3,2768.0,Stangenholz,Stangenholz_6,0,1,2.604,not_young,1419.7,Marbach LU
133,14086,2,1,0,1,2,2,1,ds6,605.0,Starkes Baumholz,Starkes Baumholz_6,0,1,1.409,not_young,1137.9,Flühli LU
134,4783,3,0,0,0,3,3,3,ds4,657.0,Schwaches Baumholz,Schwaches Baumholz_10,0,1,0.478,not_young,1457.9,Sörenberg
138,34641,2,1,0,1,2,2,2,ds4,660.0,Schwaches Baumholz,Schwaches Baumholz_6,0,1,3.464,not_young,1457.7,Marbach LU
139,42432,2,1,0,1,2,2,2,ds6,600.0,Starkes Baumholz,Starkes Baumholz_6,0,1,4.243,not_young,1928.4,Marbach LU
140,12241,4,0,0,0,3,4,3,ds5,2639.0,Mittleres Baumholz,Mittleres Baumholz_13,0,1,1.224,not_young,924.0,Schüpfheim
143,50045,2,1,0,1,2,2,2,ds3,4800.0,Stangenholz,Stangenholz_6,0,1,5.005,not_young,1405.9,Sörenberg
144,6505,3,0,0,0,3,3,3,ds4,650.0,Schwaches Baumholz,Schwaches Baumholz_6,0,1,0.65,not_young,1255.5,Flühli LU
145,54188,2,1,0,1,2,2,2,ds6,4712.0,Starkes Baumholz,Starkes Baumholz_13,0,1,5.419,not_young,902.1,Marbach LU
146,44517,1,0,2,2,1,1,1,ds2,770.0,Jungwuchs/Dickung,Jungwuchs/Dickung_6,0,1,4.452,young,1366.6,Finsterwald b. E.
147,6130,3,0,0,0,3,3,3,ds6,621.0,Starkes Baumholz,Starkes Baumholz_6,0,1,0.613,not_young,1214.7,Marbach LU
148,11805,3,0,0,0,3,3,3,ds4,640.0,Schwaches Baumholz,Schwaches Baumholz_8,0,1,1.181,not_young,1608.3,Sörenberg
152,49822,3,0,0,0,3,3,1,ds4,4734.0,Schwaches Baumholz,Schwaches Baumholz_6,0,1,4.982,not_young,1291.6,Finsterwald b. E.
154,21287,2,1,0,1,2,2,2,ds5,2618.0,Mittleres Baumholz,Mittleres Baumholz_6,0,1,2.129,not_young,1397.5,Marbach LU
155,32869,2,1,0,1,2,2,2,ds6,2674.0,Starkes Baumholz,Starkes Baumholz_13,0,1,3.287,not_young,958.2,Marbach LU
156,81062,2,1,0,1,2,2,2,ds6,630.0,Starkes Baumholz,Starkes Baumholz_6,0,1,8.106,not_young,1161.8,Flühli LU
157,11596,3,0,0,0,3,3,3,ds5,570.0,Mittleres Baumholz,Mittleres Baumholz_6,0,1,1.16,not_young,1419.8,Flühli LU
158,13621,3,0,0,0,3,3,3,ds4,635.0,Schwaches Baumholz,Schwaches Baumholz_6,0,1,1.362,not_young,1424.4,Wiggen
161,16805,2,1,0,1,2,2,2,ds1,825.0,Jungwuchs/Dickung,Jungwuchs/Dickung_6,0,1,1.681,young,1310.5,Marbach LU
162,24883,1,0,2,2,1,1,1,ds4,624.0,Schwaches Baumholz,Schwaches Baumholz_6,0,1,2.488,not_young,1426.3,Finsterwald b. E.
164,53343,2,1,0,1,2,2,2,ds6,2424.0,Starkes Baumholz,Starkes Baumholz_6,0,1,5.334,not_young,1006.7,Rengg
166,24401,2,1,0,1,2,2,2,ds4,627.0,Schwaches Baumholz,Schwaches Baumholz_6,0,1,2.44,not_young,1368.0,Escholzmatt
167,31541,3,0,0,0,3,4,3,ds4,4718.0,Schwaches Baumholz,Schwaches Baumholz_6,0,1,3.154,not_young,1051.1,Marbach LU
168,2450,3,0,0,0,3,3,3,ds6,378.0,Starkes Baumholz,Starkes Baumholz_6,0,1,0.245,not_young,1322.8,Sörenberg
169,16430,3,0,0,0,3,3,3,ds4,616.0,Schwaches Baumholz,Schwaches Baumholz_6,0,1,1.643,not_young,1308.9,Sörenberg
170,34584,2,1,0,1,2,2,2,ds6,390.0,Starkes Baumholz,Starkes Baumholz_13,0,1,3.458,not_young,1018.1,Marbach LU
172,8514,3,0,0,0,3,3,3,ds6,387.0,Starkes Baumholz,Starkes Baumholz_6,0,1,0.851,not_young,1437.6,Sörenberg
175,17623,3,0,0,0,3,3,1,ds5,558.0,Mittleres Baumholz,Mittleres Baumholz_6,0,1,1.762,not_young,1341.5,Finsterwald b. E.
178,21292,2,1,0,1,2,2,2,ds2,738.0,Jungwuchs/Dickung,Jungwuchs/Dickung_6,0,1,2.129,young,1348.8,Hasle LU
182,33891,3,0,0,0,3,3,1,ds2,741.0,Jungwuchs/Dickung,Jungwuchs/Dickung_6,0,1,3.389,young,1231.2,Sörenberg
183,56540,2,1,0,1,2,2,2,ds4,600.0,Schwaches Baumholz,Schwaches Baumholz_6,0,1,5.654,not_young,1307.9,Wiggen
186,18077,2,1,0,1,2,2,2,ds5,2590.0,Mittleres Baumholz,Mittleres Baumholz_10,0,1,1.808,not_young,1481.9,Sörenberg
189,19393,2,1,0,1,2,2,2,ds5,540.0,Mittleres Baumholz,Mittleres Baumholz_6,0,1,1.939,not_young,1330.0,Sörenberg
190,46360,2,1,0,1,2,2,2,ds4,4680.0,Schwaches Baumholz,Schwaches Baumholz_6,0,1,4.636,not_young,986.7,Flühli LU
193,14527,3,0,0,0,3,3,3,ds5,2569.0,Mittleres Baumholz,Mittleres Baumholz_6,0,1,1.453,not_young,1259.6,Wiggen
194,4283,2,1,0,1,2,2,2,ds6,412.0,Starkes Baumholz,Starkes Baumholz_6,0,1,0.428,not_young,1265.2,Flühli LU
195,38201,1,0,2,2,1,1,1,ds2,2760.0,Jungwuchs/Dickung,Jungwuchs/Dickung_8,0,1,3.82,young,1568.2,Finsterwald b. E.
197,29023,1,0,2,2,1,1,1,ds4,585.0,Schwaches Baumholz,Schwaches Baumholz_6,0,1,2.902,not_young,1430.2,Flühli LU
198,8650,3,0,0,0,3,3,3,ds5,520.0,Mittleres Baumholz,Mittleres Baumholz_10,0,1,0.865,not_young,1528.9,Sörenberg
199,15271,3,0,0,0,3,3,3,ds6,420.0,Starkes Baumholz,Starkes Baumholz_6,0,1,1.527,not_young,1382.6,Schangnau
201,6532,2,1,0,1,2,2,2,ds3,655.0,Stangenholz,Stangenholz_6,0,1,0.653,not_young,1155.7,Flühli LU
205,31754,3,0,0,0,3,3,1,ds2,705.0,Jungwuchs/Dickung,Jungwuchs/Dickung_10,0,1,3.175,young,1528.8,Flühli LU
208,22277,2,1,0,1,2,2,2,ds2,708.0,Jungwuchs/Dickung,Jungwuchs/Dickung_6,0,1,2.228,young,1183.0,Marbach LU
209,28988,1,0,2,2,1,1,1,ds5,518.0,Mittleres Baumholz,Mittleres Baumholz_6,0,1,2.899,not_young,1311.2,Finsterwald b. E.
210,21987,3,0,0,0,3,4,3,ds6,424.0,Starkes Baumholz,Starkes Baumholz_6,0,1,2.199,not_young,1107.3,Finsterwald b. E.
211,19129,3,0,0,0,3,3,1,ds5,2556.0,Mittleres Baumholz,Mittleres Baumholz_6,0,1,1.913,not_young,1332.0,Sörenberg
212,16601,3,0,0,0,3,4,3,ds5,504.0,Mittleres Baumholz,Mittleres Baumholz_6,0,1,1.66,not_young,1062.7,Rengg
213,16641,2,1,0,1,2,2,2,ds2,696.0,Jungwuchs/Dickung,Jungwuchs/Dickung_6,0,1,1.664,young,1026.9,Hasle LU
214,17779,3,0,0,0,3,3,3,ds4,570.0,Schwaches Baumholz,Schwaches Baumholz_13,0,1,1.778,not_young,1304.6,Marbach LU
215,68128,1,0,2,2,1,1,1,ds3,4725.0,Stangenholz,Stangenholz_8,0,1,6.813,not_young,1507.4,Finsterwald b. E.
216,30168,2,1,0,1,2,2,2,ds5,2544.0,Mittleres Baumholz,Mittleres Baumholz_6,0,1,3.017,not_young,1113.8,Flühli LU
217,24313,2,1,0,1,2,2,2,ds4,2610.0,Schwaches Baumholz,Schwaches Baumholz_10,0,1,2.431,not_young,1498.6,Marbach LU
218,29118,2,1,0,1,2,2,2,ds5,6636.0,Mittleres Baumholz,Mittleres Baumholz_6,0,1,2.912,not_young,1197.2,Flühli LU
220,31019,2,1,0,1,2,2,2,ds5,2548.0,Mittleres Baumholz,Mittleres Baumholz_6,0,1,3.102,not_young,1222.8,Schüpfheim
221,16678,2,1,0,1,2,2,2,ds3,2676.0,Stangenholz,Stangenholz_6,0,1,1.668,not_young,1321.9,Schüpfheim
222,22162,3,0,0,0,3,3,3,ds2,689.0,Jungwuchs/Dickung,Jungwuchs/Dickung_6,0,1,2.216,young,1202.1,Schüpfheim
229,27048,2,1,0,1,2,2,2,ds4,4644.0,Schwaches Baumholz,Schwaches Baumholz_6,0,1,2.705,not_young,1272.0,Sörenberg
230,41041,2,1,0,1,2,2,2,ds2,2720.0,Jungwuchs/Dickung,Jungwuchs/Dickung_6,0,1,4.104,young,1497.1,Marbach LU
231,54458,2,1,0,1,2,2,2,ds6,2508.0,Starkes Baumholz,Starkes Baumholz_13,0,1,5.446,not_young,907.7,Schüpfheim
232,22344,3,0,0,0,3,3,3,ds4,558.0,Schwaches Baumholz,Schwaches Baumholz_10,0,1,2.234,not_young,1517.8,Sörenberg
233,38806,2,1,0,1,2,2,2,ds5,2530.0,Mittleres Baumholz,Mittleres Baumholz_6,0,1,3.881,not_young,1436.5,Sörenberg
236,10111,3,0,0,0,3,3,3,ds4,2598.0,Schwaches Baumholz,Schwaches Baumholz_6,0,1,1.011,not_young,994.8,Flühli LU
238,32526,3,0,0,0,3,3,3,ds5,4575.0,Mittleres Baumholz,Mittleres Baumholz_6,0,1,3.253,not_young,1235.5,Wiggen
239,57398,2,1,0,1,2,2,2,ds6,4560.0,Starkes Baumholz,Starkes Baumholz_6,0,1,5.74,not_young,973.7,Flühli LU
241,15965,2,1,0,1,2,2,2,ds6,455.0,Starkes Baumholz,Starkes Baumholz_6,0,1,1.596,not_young,1041.4,Finsterwald b. E.
242,24728,2,1,0,1,2,2,2,ds5,486.0,Mittleres Baumholz,Mittleres Baumholz_6,0,1,2.473,not_young,1246.9,Hasle LU
243,11320,3,0,0,0,3,3,3,ds6,456.0,Starkes Baumholz,Starkes Baumholz_6,0,1,1.132,not_young,1303.6,Marbach LU
247,37013,3,0,0,0,3,3,3,ds1,735.0,Jungwuchs/Dickung,Jungwuchs/Dickung_6,0,1,3.701,young,1377.5,Wiggen
249,16369,2,1,0,1,2,2,2,ds2,670.0,Jungwuchs/Dickung,Jungwuchs/Dickung_6,0,1,1.637,young,935.3,Flühli LU
250,27997,2,1,0,1,2,2,2,ds2,2704.0,Jungwuchs/Dickung,Jungwuchs/Dickung_6,0,1,2.8,young,1313.2,Flühli LU
251,11677,2,1,0,1,2,2,2,ds4,528.0,Schwaches Baumholz,Schwaches Baumholz_6,0,1,1.168,not_young,1210.3,Flühli LU
253,11488,3,0,0,0,3,3,3,ds6,475.0,Starkes Baumholz,Starkes Baumholz_6,0,1,1.149,not_young,1201.2,Hasle LU
254,39336,2,1,0,1,2,2,2,ds4,4620.0,Schwaches Baumholz,Schwaches Baumholz_10,0,1,3.934,not_young,1622.7,Wiggen
256,32493,2,1,0,1,2,2,2,ds5,6594.0,Mittleres Baumholz,Mittleres Baumholz_6,0,1,3.249,not_young,1034.1,Escholzmatt
257,43655,2,1,0,1,2,2,2,ds6,4576.0,Starkes Baumholz,Starkes Baumholz_13,0,1,4.365,not_young,925.4,Finsterwald b. E.
258,25034,2,1,0,1,2,2,2,ds4,533.0,Schwaches Baumholz,Schwaches Baumholz_6,0,1,2.503,not_young,1234.3,Flühli LU
260,27271,2,1,0,1,2,2,2,ds4,2561.0,Schwaches Baumholz,Schwaches Baumholz_6,0,1,2.727,not_young,1496.4,Escholzmatt
261,55718,4,0,0,0,3,4,3,ds5,2499.0,Mittleres Baumholz,Mittleres Baumholz_6,0,1,5.572,not_young,1140.4,Finsterwald b. E.
262,46261,1,1,2,3,1,1,1,ds3,2625.0,Stangenholz,Stangenholz_6,0,1,4.626,not_young,1417.1,Hasle LU
265,13560,2,1,0,1,2,2,2,ds2,642.0,Jungwuchs/Dickung,Jungwuchs/Dickung_6,0,1,1.356,young,1196.7,Finsterwald b. E.
266,21674,2,1,0,1,2,2,2,ds6,2538.0,Starkes Baumholz,Starkes Baumholz_6,0,1,2.167,not_young,1050.8,Sörenberg
270,12419,2,1,0,1,2,2,2,ds6,492.0,Starkes Baumholz,Starkes Baumholz_6,0,1,1.242,not_young,1429.1,Marbach LU
271,27657,2,1,0,1,2,2,2,ds5,450.0,Mittleres Baumholz,Mittleres Baumholz_6,0,1,2.766,not_young,1425.1,Marbach LU
272,6448,2,1,0,1,2,2,2,ds4,515.0,Schwaches Baumholz,Schwaches Baumholz_13,0,1,0.645,not_young,964.6,Marbach LU
273,13815,3,0,0,0,3,3,3,ds6,490.0,Starkes Baumholz,Starkes Baumholz_6,0,1,1.381,not_young,1275.5,Sörenberg
275,14405,3,0,0,0,3,3,3,ds5,455.0,Mittleres Baumholz,Mittleres Baumholz_6,0,1,1.441,not_young,1229.9,Marbach LU
277,20996,4,0,0,0,3,4,3,ds6,488.0,Starkes Baumholz,Starkes Baumholz_6,0,1,2.1,not_young,968.6,Escholzmatt
278,41037,3,0,0,0,3,3,3,ds5,4530.0,Mittleres Baumholz,Mittleres Baumholz_6,0,1,4.104,not_young,1126.4,Marbach LU
282,39679,2,1,0,1,2,2,2,ds4,510.0,Schwaches Baumholz,Schwaches Baumholz_6,0,1,3.968,not_young,1164.9,Sörenberg
286,9487,3,0,0,0,3,3,3,ds2,624.0,Jungwuchs/Dickung,Jungwuchs/Dickung_6,0,1,0.949,young,1114.8,Hasle LU
287,14349,2,1,0,1,2,2,2,ds5,435.0,Mittleres Baumholz,Mittleres Baumholz_13,0,1,1.435,not_young,950.3,Flühli LU
289,19412,2,1,0,1,2,2,2,ds3,560.0,Stangenholz,Stangenholz_13,0,1,1.941,not_young,1299.4,Flühli LU
290,42966,2,1,0,1,2,2,2,ds5,437.0,Mittleres Baumholz,Mittleres Baumholz_6,0,1,4.297,not_young,1022.0,Schüpfheim
291,40013,2,1,0,1,2,2,1,ds3,2601.0,Stangenholz,Stangenholz_6,0,1,4.001,not_young,1260.2,Flühli LU
296,22069,1,0,2,2,1,1,1,ds3,552.0,Stangenholz,Stangenholz_6,0,1,2.207,not_young,1258.8,Finsterwald b. E.
298,10761,3,0,0,0,3,3,3,ds2,623.0,Jungwuchs/Dickung,Jungwuchs/Dickung_10,0,1,1.076,young,1435.0,Finsterwald b. E.
300,30702,1,0,2,2,1,1,1,ds5,4518.0,Mittleres Baumholz,Mittleres Baumholz_6,0,1,3.07,not_young,1318.9,Finsterwald b. E.
301,61288,2,1,0,1,2,2,2,ds4,2530.0,Schwaches Baumholz,Schwaches Baumholz_6,0,1,6.129,not_young,1459.5,Escholzmatt
302,14528,4,0,0,0,3,4,3,ds6,2316.0,Starkes Baumholz,Starkes Baumholz_6,0,1,1.453,not_young,1098.9,Finsterwald b. E.
304,11843,1,0,2,2,1,1,1,ds5,430.0,Mittleres Baumholz,Mittleres Baumholz_8,0,1,1.184,not_young,1507.4,Finsterwald b. E.
306,14249,2,1,0,1,2,2,2,ds3,546.0,Stangenholz,Stangenholz_13,0,1,1.425,not_young,965.8,Entlebuch
308,29798,2,1,0,1,2,2,2,ds4,2535.0,Schwaches Baumholz,Schwaches Baumholz_6,0,1,2.98,not_young,987.3,Flühli LU
309,4624,3,0,0,0,3,3,3,ds6,268.0,Starkes Baumholz,Starkes Baumholz_6,0,1,0.462,not_young,1323.4,Hasle LU
310,22610,1,1,2,3,1,1,1,ds4,2520.0,Schwaches Baumholz,Schwaches Baumholz_6,0,1,2.261,not_young,1531.6,Flühli LU
311,7137,3,0,0,0,3,3,3,ds3,544.0,Stangenholz,Stangenholz_8,0,1,0.714,not_young,1555.6,Flühli LU
312,32365,2,1,0,1,2,2,2,ds6,4368.0,Starkes Baumholz,Starkes Baumholz_13,0,1,3.236,not_young,834.0,Hasle LU
313,32139,4,0,0,0,3,4,3,ds5,4510.0,Mittleres Baumholz,Mittleres Baumholz_6,0,1,3.214,not_young,1042.5,Hasle LU
314,15831,2,1,0,1,2,2,2,ds3,550.0,Stangenholz,Stangenholz_6,0,1,1.583,not_young,1258.5,Schüpfheim
315,10427,2,1,0,1,2,2,2,ds2,615.0,Jungwuchs/Dickung,Jungwuchs/Dickung_6,0,1,1.043,young,1086.4,Flühli LU
319,26567,3,0,0,0,3,3,1,ds2,2655.0,Jungwuchs/Dickung,Jungwuchs/Dickung_6,0,1,2.657,young,1357.1,Sörenberg
320,25064,3,0,0,0,3,3,3,ds5,2460.0,Mittleres Baumholz,Mittleres Baumholz_6,0,1,2.506,not_young,1374.5,Sörenberg
322,28728,2,1,0,1,2,2,2,ds4,4563.0,Schwaches Baumholz,Schwaches Baumholz_6,0,1,2.873,not_young,1406.3,Escholzmatt
323,24395,2,1,0,1,2,2,2,ds1,672.0,Jungwuchs/Dickung,Jungwuchs/Dickung_6,0,1,2.439,young,1526.0,Wiggen
329,59348,2,1,0,1,2,2,2,ds2,594.0,Jungwuchs/Dickung,Jungwuchs/Dickung_6,0,1,5.935,young,1422.3,Marbach LU
331,51128,4,0,0,0,3,4,3,ds5,6531.0,Mittleres Baumholz,Mittleres Baumholz_6,0,1,5.113,not_young,968.8,Hasle LU
332,38173,4,0,0,0,3,4,3,ds4,6596.0,Schwaches Baumholz,Schwaches Baumholz_13,0,1,3.817,not_young,952.5,Marbach LU
333,29585,3,0,0,0,3,3,3,ds3,533.0,Stangenholz,Stangenholz_8,0,1,2.958,not_young,1645.9,Sörenberg
334,8261,2,1,0,1,2,2,1,ds4,471.0,Schwaches Baumholz,Schwaches Baumholz_6,0,1,0.826,not_young,1377.5,Hasle LU
336,15316,3,0,0,0,3,3,3,ds5,392.0,Mittleres Baumholz,Mittleres Baumholz_6,0,1,1.532,not_young,1457.4,Sörenberg
337,38918,2,1,0,1,2,2,2,ds3,4608.0,Stangenholz,Stangenholz_6,0,1,3.892,not_young,1322.3,Wiggen
338,14953,2,1,0,1,2,2,2,ds4,2496.0,Schwaches Baumholz,Schwaches Baumholz_13,0,1,1.495,not_young,986.6,Finsterwald b. E.
339,30361,2,1,0,1,2,2,2,ds3,520.0,Stangenholz,Stangenholz_8,0,1,3.036,not_young,1605.8,Wiggen
340,14656,4,0,0,0,3,4,3,ds4,459.0,Schwaches Baumholz,Schwaches Baumholz_13,0,1,1.466,not_young,921.2,Marbach LU
341,36257,3,0,0,0,3,3,3,ds3,2562.0,Stangenholz,Stangenholz_6,0,1,3.626,not_young,1287.1,Sörenberg
343,17922,4,0,0,0,3,4,3,ds4,462.0,Schwaches Baumholz,Schwaches Baumholz_6,0,1,1.792,not_young,1035.7,Rengg
344,18792,4,0,0,0,3,4,3,ds6,287.0,Starkes Baumholz,Starkes Baumholz_6,0,1,1.879,not_young,999.0,Marbach LU
347,7336,2,1,0,1,2,2,2,ds6,302.0,Starkes Baumholz,Starkes Baumholz_8,0,1,0.734,not_young,1469.4,Flühli LU
348,22536,2,1,0,1,2,2,2,ds5,384.0,Mittleres Baumholz,Mittleres Baumholz_6,0,1,2.254,not_young,1289.4,Marbach LU
349,4050,4,0,0,0,3,4,3,ds6,6461.0,Starkes Baumholz,Starkes Baumholz_6,0,1,0.405,not_young,1088.0,Schangnau
350,20225,2,1,0,1,2,2,2,ds4,450.0,Schwaches Baumholz,Schwaches Baumholz_10,0,1,2.023,not_young,1456.2,Sörenberg
351,10142,2,1,0,1,2,2,2,ds6,300.0,Starkes Baumholz,Starkes Baumholz_6,0,1,1.014,not_young,1213.2,Flühli LU
352,10636,3,0,0,0,3,4,3,ds2,570.0,Jungwuchs/Dickung,Jungwuchs/Dickung_6,0,1,1.064,young,1017.3,Rengg
353,21408,3,0,0,0,3,3,3,ds4,440.0,Schwaches Baumholz,Schwaches Baumholz_6,0,1,2.141,not_young,1356.7,Finsterwald b. E.
355,28779,3,0,0,0,3,3,3,ds5,4466.0,Mittleres Baumholz,Mittleres Baumholz_6,0,1,2.878,not_young,1105.2,Marbach LU
357,35456,3,0,0,0,3,3,1,ds6,308.0,Starkes Baumholz,Starkes Baumholz_13,0,1,3.546,not_young,967.7,Hasle LU
358,2000,2,1,0,1,2,2,2,ds2,2610.0,Jungwuchs/Dickung,Jungwuchs/Dickung_6,0,1,0.2,young,1409.2,Marbach LU
360,48590,1,0,2,2,1,1,1,ds2,572.0,Jungwuchs/Dickung,Jungwuchs/Dickung_8,0,1,4.859,young,1699.3,Finsterwald b. E.
361,18084,2,1,0,1,2,2,2,ds4,2484.0,Schwaches Baumholz,Schwaches Baumholz_6,0,1,1.808,not_young,1042.2,Flühli LU
362,17095,2,1,0,1,2,2,2,ds5,2420.0,Mittleres Baumholz,Mittleres Baumholz_6,0,1,1.709,not_young,994.1,Flühli LU
363,23652,2,1,0,1,2,2,2,ds4,2486.0,Schwaches Baumholz,Schwaches Baumholz_6,0,1,2.365,not_young,1324.4,Marbach LU
364,27260,2,1,0,1,2,2,2,ds4,4524.0,Schwaches Baumholz,Schwaches Baumholz_6,0,1,2.726,not_young,1022.5,Finsterwald b. E.
365,26159,4,0,0,0,3,4,3,ds6,2360.0,Starkes Baumholz,Starkes Baumholz_6,0,1,2.616,not_young,1121.1,Finsterwald b. E.
366,15256,2,1,0,1,2,2,2,ds5,371.0,Mittleres Baumholz,Mittleres Baumholz_6,0,1,1.526,not_young,1443.5,Marbach LU
368,27220,3,0,0,0,3,4,3,ds5,2409.0,Mittleres Baumholz,Mittleres Baumholz_6,0,1,2.722,not_young,1265.8,Wiggen
369,37819,2,1,0,1,2,2,2,ds3,496.0,Stangenholz,Stangenholz_6,0,1,3.782,not_young,1286.4,Sörenberg
370,4706,3,0,0,0,3,3,3,ds2,567.0,Jungwuchs/Dickung,Jungwuchs/Dickung_6,0,1,0.471,young,1282.9,Sörenberg
371,18715,2,1,0,1,2,2,2,ds3,500.0,Stangenholz,Stangenholz_10,0,1,1.872,not_young,1459.9,Sörenberg
374,2434,2,1,0,1,2,2,2,ds5,362.0,Mittleres Baumholz,Mittleres Baumholz_10,0,1,0.243,not_young,1541.7,Sörenberg
376,44610,3,0,0,0,3,3,3,ds4,4518.0,Schwaches Baumholz,Schwaches Baumholz_6,0,1,4.461,not_young,1246.9,Sörenberg
377,35385,3,0,0,0,3,3,1,ds3,495.0,Stangenholz,Stangenholz_8,0,1,3.539,not_young,1541.4,Flühli LU
378,1750,4,0,0,0,3,4,3,ds3,2530.0,Stangenholz,Stangenholz_6,0,1,0.175,not_young,1377.0,Sörenberg
381,37309,4,0,0,0,3,4,3,ds3,2528.0,Stangenholz,Stangenholz_6,0,1,3.731,not_young,1121.8,Finsterwald b. E.
382,34939,2,1,0,1,2,2,2,ds3,493.0,Stangenholz,Stangenholz_6,0,1,3.494,not_young,1274.1,Schüpfheim
383,4501,1,0,2,2,1,1,1,ds4,430.0,Schwaches Baumholz,Schwaches Baumholz_8,0,1,0.45,not_young,1488.7,Finsterwald b. E.
384,3359,1,0,2,2,1,1,1,ds6,320.0,Starkes Baumholz,Starkes Baumholz_6,0,1,0.336,not_young,1269.2,Finsterwald b. E.
386,6900,3,0,0,0,3,4,3,ds6,334.0,Starkes Baumholz,Starkes Baumholz_6,0,1,0.69,not_young,994.4,Schüpfheim
387,19523,2,1,0,1,2,2,2,ds4,2456.0,Schwaches Baumholz,Schwaches Baumholz_6,0,1,1.952,not_young,1305.5,Flühli LU
388,28905,2,1,0,1,2,2,1,ds3,2522.0,Stangenholz,Stangenholz_6,0,1,2.89,not_young,1206.7,Flühli LU
389,18230,2,1,0,1,2,2,2,ds2,550.0,Jungwuchs/Dickung,Jungwuchs/Dickung_6,0,1,1.823,young,1290.5,Sörenberg
390,3602,3,0,0,0,3,3,3,ds4,420.0,Schwaches Baumholz,Schwaches Baumholz_6,0,1,0.36,not_young,1402.1,Sörenberg
391,16108,2,1,0,1,2,2,2,ds6,2388.0,Starkes Baumholz,Starkes Baumholz_13,0,1,1.611,not_young,1059.8,Wiggen
393,33445,2,1,0,1,2,2,1,ds1,612.0,Jungwuchs/Dickung,Jungwuchs/Dickung_6,0,1,3.344,young,1288.1,Finsterwald b. E.
396,7717,3,0,0,0,3,4,3,ds5,2385.0,Mittleres Baumholz,Mittleres Baumholz_6,0,1,0.772,not_young,1188.5,Finsterwald b. E.
397,58278,2,1,0,1,2,2,1,ds6,340.0,Starkes Baumholz,Starkes Baumholz_13,0,1,5.828,not_young,993.8,Entlebuch
400,12245,3,0,0,0,3,3,3,ds6,335.0,Starkes Baumholz,Starkes Baumholz_6,0,1,1.225,not_young,1419.3,Marbach LU
402,6068,4,0,0,0,3,4,3,ds3,476.0,Stangenholz,Stangenholz_6,0,1,0.607,not_young,997.8,Rengg
403,32429,2,1,0,1,2,2,2,ds5,350.0,Mittleres Baumholz,Mittleres Baumholz_6,0,1,3.243,not_young,1644.1,Sörenberg
405,25591,3,0,0,0,3,3,3,ds6,2394.0,Starkes Baumholz,Starkes Baumholz_6,0,1,2.559,not_young,1060.0,Marbach LU
408,878,3,0,0,0,3,3,3,ds1,600.0,Jungwuchs/Dickung,Jungwuchs/Dickung_6,0,1,0.088,young,1103.2,Finsterwald b. E.
410,23324,2,1,0,1,2,2,2,ds5,4428.0,Mittleres Baumholz,Mittleres Baumholz_6,0,1,2.332,not_young,1417.6,Wiggen
411,19190,2,1,0,1,2,2,2,ds4,2440.0,Schwaches Baumholz,Schwaches Baumholz_6,0,1,1.919,not_young,1283.9,Sörenberg
412,9419,2,1,0,1,2,2,2,ds2,532.0,Jungwuchs/Dickung,Jungwuchs/Dickung_6,0,1,0.942,young,990.8,Flühli LU
413,2620,3,0,0,0,3,3,3,ds6,343.0,Starkes Baumholz,Starkes Baumholz_6,0,1,0.262,not_young,1233.9,Sörenberg
414,13178,3,0,0,0,3,3,3,ds1,595.0,Jungwuchs/Dickung,Jungwuchs/Dickung_6,0,1,1.318,young,1281.7,Hasle LU
417,3820,3,0,0,0,3,3,3,ds2,522.0,Jungwuchs/Dickung,Jungwuchs/Dickung_6,0,1,0.382,young,1346.9,Marbach LU
418,19358,2,1,0,1,2,2,2,ds5,329.0,Mittleres Baumholz,Mittleres Baumholz_6,0,1,1.936,not_young,1403.9,Sörenberg
419,46378,2,1,0,1,2,2,2,ds4,6520.0,Schwaches Baumholz,Schwaches Baumholz_10,0,1,4.638,not_young,1517.3,Wiggen
421,12680,1,0,2,2,1,1,1,ds5,330.0,Mittleres Baumholz,Mittleres Baumholz_10,0,1,1.268,not_young,1430.8,Finsterwald b. E.
422,34718,4,0,0,0,3,4,3,ds5,6461.0,Mittleres Baumholz,Mittleres Baumholz_6,0,1,3.472,not_young,1175.2,Schangnau
425,23377,2,1,0,1,2,2,2,ds1,588.0,Jungwuchs/Dickung,Jungwuchs/Dickung_6,0,1,2.338,young,1298.4,Escholzmatt
426,37789,2,1,0,1,2,2,2,ds4,4472.0,Schwaches Baumholz,Schwaches Baumholz_6,0,1,3.779,not_young,1108.9,Sörenberg
429,14888,3,0,0,0,3,3,3,ds6,365.0,Starkes Baumholz,Starkes Baumholz_6,0,1,1.489,not_young,1216.6,Schangnau
430,33223,2,1,0,1,2,2,2,ds5,4410.0,Mittleres Baumholz,Mittleres Baumholz_13,0,1,3.322,not_young,992.9,Marbach LU
431,35946,2,1,0,1,2,2,2,ds6,2408.0,Starkes Baumholz,Starkes Baumholz_13,0,1,3.595,not_young,985.7,Schüpfheim
433,27494,3,0,0,0,3,3,3,ds4,4476.0,Schwaches Baumholz,Schwaches Baumholz_6,0,1,2.749,not_young,1363.7,Wiggen
436,23297,3,0,0,0,3,3,1,ds6,2422.0,Starkes Baumholz,Starkes Baumholz_6,0,1,2.33,not_young,1084.1,Hasle LU
439,58038,1,0,2,2,1,1,1,ds2,2552.0,Jungwuchs/Dickung,Jungwuchs/Dickung_8,0,1,5.804,young,1618.6,Finsterwald b. E.
440,47606,4,0,0,0,3,4,3,ds4,4464.0,Schwaches Baumholz,Schwaches Baumholz_6,0,1,4.761,not_young,1087.5,Hasle LU
443,55188,2,1,0,1,2,2,1,ds6,360.0,Starkes Baumholz,Starkes Baumholz_6,0,1,5.519,not_young,973.9,Marbach LU
444,19559,1,0,2,2,1,1,1,ds4,4466.0,Schwaches Baumholz,Schwaches Baumholz_8,0,1,1.956,not_young,1452.0,Finsterwald b. E.
445,11836,3,0,0,0,3,3,3,ds6,372.0,Starkes Baumholz,Starkes Baumholz_6,0,1,1.184,not_young,1305.7,Sörenberg
447,4157,3,0,0,0,3,3,1,ds2,510.0,Jungwuchs/Dickung,Jungwuchs/Dickung_6,0,1,0.416,young,1223.0,Finsterwald b. E.
448,41639,3,0,0,0,3,3,3,ds3,2480.0,Stangenholz,Stangenholz_6,0,1,4.164,not_young,1238.4,Flühli LU
450,22120,2,1,0,1,2,2,2,ds6,368.0,Starkes Baumholz,Starkes Baumholz_6,0,1,2.212,not_young,1354.6,Sörenberg
451,17259,3,0,0,0,3,4,3,ds4,2421.0,Schwaches Baumholz,Schwaches Baumholz_13,0,1,1.726,not_young,960.4,Marbach LU
452,20800,4,0,0,0,3,4,3,ds6,2170.0,Starkes Baumholz,Starkes Baumholz_6,0,1,2.08,not_young,1292.2,Schangnau
453,16111,2,1,0,1,2,2,2,ds6,126.0,Starkes Baumholz,Starkes Baumholz_6,0,1,1.611,not_young,1196.2,Schangnau
454,5319,3,0,0,0,3,3,3,ds5,304.0,Mittleres Baumholz,Mittleres Baumholz_6,0,1,0.532,not_young,1384.2,Sörenberg
455,11259,2,1,0,1,2,2,2,ds1,567.0,Jungwuchs/Dickung,Jungwuchs/Dickung_6,0,1,1.126,young,1131.6,Sörenberg
456,9472,3,0,0,0,3,4,3,ds2,497.0,Jungwuchs/Dickung,Jungwuchs/Dickung_6,0,1,0.947,young,1291.7,Schangnau
457,6591,3,0,0,0,3,3,3,ds3,432.0,Stangenholz,Stangenholz_8,0,1,0.659,not_young,1579.2,Sörenberg
459,27164,3,0,0,0,3,4,3,ds5,308.0,Mittleres Baumholz,Mittleres Baumholz_13,0,1,2.716,not_young,1023.8,Marbach LU
462,28121,2,1,0,1,2,2,2,ds5,2350.0,Mittleres Baumholz,Mittleres Baumholz_6,0,1,2.812,not_young,1306.5,Flühli LU
463,4384,3,0,0,0,3,3,3,ds2,488.0,Jungwuchs/Dickung,Jungwuchs/Dickung_6,0,1,0.438,young,1055.7,Flühli LU
464,23701,2,1,0,1,2,2,2,ds1,560.0,Jungwuchs/Dickung,Jungwuchs/Dickung_6,0,1,2.37,young,1189.3,Wiggen
465,14696,2,1,0,1,2,2,2,ds6,2190.0,Starkes Baumholz,Starkes Baumholz_6,0,1,1.47,not_young,1287.2,Flühli LU
466,21626,2,1,0,1,2,2,2,ds5,4390.0,Mittleres Baumholz,Mittleres Baumholz_13,0,1,2.163,not_young,971.3,Entlebuch
467,30276,2,1,0,1,2,2,1,ds2,2528.0,Jungwuchs/Dickung,Jungwuchs/Dickung_6,0,1,3.028,young,1230.0,Flühli LU
468,10235,3,0,0,0,3,3,3,ds6,130.0,Starkes Baumholz,Starkes Baumholz_6,0,1,1.023,not_young,1357.9,Sörenberg
469,36202,2,1,0,1,2,2,1,ds3,4505.0,Stangenholz,Stangenholz_6,0,1,3.62,not_young,1205.8,Finsterwald b. E.
470,20946,3,0,0,0,3,3,3,ds1,550.0,Jungwuchs/Dickung,Jungwuchs/Dickung_6,0,1,2.095,young,1314.3,Flühli LU
471,12420,2,1,0,1,2,2,2,ds6,2184.0,Starkes Baumholz,Starkes Baumholz_13,0,1,1.242,not_young,983.0,Marbach LU
472,1000,2,1,0,1,2,2,2,ds2,2522.0,Jungwuchs/Dickung,Jungwuchs/Dickung_6,0,1,0.1,young,1212.9,Flühli LU
473,49790,4,0,0,0,3,4,3,ds4,4446.0,Schwaches Baumholz,Schwaches Baumholz_6,0,1,4.979,not_young,1067.0,Hasle LU
474,21529,2,1,0,1,2,2,2,ds1,546.0,Jungwuchs/Dickung,Jungwuchs/Dickung_6,0,1,2.153,young,1288.9,Flühli LU
477,19854,2,1,0,1,2,2,2,ds5,2330.0,Mittleres Baumholz,Mittleres Baumholz_6,0,1,1.985,not_young,1262.8,Marbach LU
478,7591,2,1,0,1,2,2,2,ds6,135.0,Starkes Baumholz,Starkes Baumholz_6,0,1,0.759,not_young,1274.1,Wiggen
479,33647,2,1,0,1,2,2,2,ds5,4368.0,Mittleres Baumholz,Mittleres Baumholz_13,0,1,3.365,not_young,937.9,Wiggen
480,40228,2,1,0,1,2,2,2,ds5,8460.0,Mittleres Baumholz,Mittleres Baumholz_6,0,1,4.023,not_young,1418.9,Marbach LU
482,4479,4,0,0,0,3,4,3,ds2,472.0,Jungwuchs/Dickung,Jungwuchs/Dickung_6,0,1,0.448,young,1318.3,Finsterwald b. E.
484,42200,2,1,0,1,2,2,2,ds4,4437.0,Schwaches Baumholz,Schwaches Baumholz_6,0,1,4.22,not_young,1356.1,Flühli LU
485,36053,2,1,0,1,2,2,2,ds5,285.0,Mittleres Baumholz,Mittleres Baumholz_6,0,1,3.605,not_young,1174.8,Marbach LU
488,22421,2,1,0,1,2,2,1,ds5,2322.0,Mittleres Baumholz,Mittleres Baumholz_6,0,1,2.242,not_young,1314.8,Hasle LU
489,26083,3,0,0,0,3,3,1,ds4,2388.0,Schwaches Baumholz,Schwaches Baumholz_6,0,1,2.608,not_young,1161.2,Finsterwald b. E.
492,32824,2,1,0,1,2,2,2,ds4,6464.0,Schwaches Baumholz,Schwaches Baumholz_6,0,1,3.282,not_young,1285.4,Flühli LU
493,100826,2,1,0,1,2,2,2,ds5,6400.0,Mittleres Baumholz,Mittleres Baumholz_6,0,1,10.083,not_young,1193.0,Hasle LU
494,10057,3,0,0,0,3,3,3,ds3,400.0,Stangenholz,Stangenholz_10,0,1,1.006,not_young,1410.8,Schangnau
495,17189,2,1,0,1,2,2,1,ds5,276.0,Mittleres Baumholz,Mittleres Baumholz_13,0,1,1.719,not_young,1311.6,Marbach LU
496,30806,2,1,0,1,2,2,2,ds1,532.0,Jungwuchs/Dickung,Jungwuchs/Dickung_6,0,1,3.081,young,1490.3,Sörenberg
497,14782,2,1,0,1,2,2,2,ds1,531.0,Jungwuchs/Dickung,Jungwuchs/Dickung_6,0,1,1.478,young,1362.5,Schüpfheim
498,16185,4,0,0,0,3,4,3,ds5,2317.0,Mittleres Baumholz,Mittleres Baumholz_13,0,1,1.618,not_young,870.2999999999998,Marbach LU
499,13648,2,1,0,1,2,2,2,ds2,459.0,Jungwuchs/Dickung,Jungwuchs/Dickung_13,0,1,1.365,young,872.5,Entlebuch
500,35546,2,1,0,1,2,2,2,ds5,264.0,Mittleres Baumholz,Mittleres Baumholz_6,0,1,3.555,not_young,1042.2,Flühli LU
502,23110,2,1,0,1,2,2,2,ds2,2509.0,Jungwuchs/Dickung,Jungwuchs/Dickung_13,0,1,2.311,young,857.3999999999999,Finsterwald b. E.
506,18662,2,1,0,1,2,2,2,ds4,2370.0,Schwaches Baumholz,Schwaches Baumholz_6,0,1,1.866,not_young,1072.5,Escholzmatt
508,24030,2,1,0,1,2,2,2,ds5,270.0,Mittleres Baumholz,Mittleres Baumholz_6,0,1,2.403,not_young,1105.5,Sörenberg
510,19454,3,0,0,0,3,3,3,ds2,451.0,Jungwuchs/Dickung,Jungwuchs/Dickung_6,0,1,1.945,young,1472.9,Sörenberg
512,17477,3,0,0,0,3,4,3,ds5,2310.0,Mittleres Baumholz,Mittleres Baumholz_6,0,1,1.748,not_young,1368.7,Finsterwald b. E.
513,4636,2,1,0,1,2,2,2,ds6,172.0,Starkes Baumholz,Starkes Baumholz_8,0,1,0.464,not_young,1493.3,Flühli LU
514,42649,2,1,0,1,2,2,2,ds4,323.0,Schwaches Baumholz,Schwaches Baumholz_6,0,1,4.265,not_young,1145.0,Schangnau
516,27917,2,1,0,1,2,2,2,ds1,513.0,Jungwuchs/Dickung,Jungwuchs/Dickung_6,0,1,2.792,young,1393.6,Marbach LU
517,22894,3,0,0,0,3,3,1,ds1,516.0,Jungwuchs/Dickung,Jungwuchs/Dickung_6,0,1,2.289,young,1318.4,Finsterwald b. E.
521,10616,2,1,0,1,2,2,2,ds3,378.0,Stangenholz,Stangenholz_6,0,1,1.062,not_young,1244.0,Marbach LU
525,19238,2,1,0,1,2,2,2,ds3,2418.0,Stangenholz,Stangenholz_6,0,1,1.924,not_young,1287.2,Marbach LU
526,13989,4,0,0,0,3,4,3,ds5,255.0,Mittleres Baumholz,Mittleres Baumholz_13,0,1,1.399,not_young,943.5,Ebnet
528,6449,1,0,2,2,1,1,1,ds6,176.0,Starkes Baumholz,Starkes Baumholz_10,0,1,0.645,not_young,1387.9,Finsterwald b. E.
529,14335,3,0,0,0,3,4,3,ds2,434.0,Jungwuchs/Dickung,Jungwuchs/Dickung_6,0,1,1.434,young,942.6,Trubschachen
530,30623,2,1,0,1,2,2,1,ds4,306.0,Schwaches Baumholz,Schwaches Baumholz_8,0,1,3.062,not_young,1615.3,Finsterwald b. E.
532,34618,3,0,0,0,3,3,1,ds5,2280.0,Mittleres Baumholz,Mittleres Baumholz_13,0,1,3.462,not_young,1023.4,Flühli LU
533,23733,3,0,0,0,3,4,3,ds4,308.0,Schwaches Baumholz,Schwaches Baumholz_6,0,1,2.373,not_young,1089.5,Finsterwald b. E.
535,7596,4,0,0,0,3,4,3,ds2,436.0,Jungwuchs/Dickung,Jungwuchs/Dickung_6,0,1,0.76,young,1066.2,Marbach LU
537,32685,2,1,0,1,2,2,2,ds6,4302.0,Starkes Baumholz,Starkes Baumholz_13,0,1,3.268,not_young,1000.8,Escholzmatt
539,27733,2,1,0,1,2,2,2,ds6,2240.0,Starkes Baumholz,Starkes Baumholz_13,0,1,2.773,not_young,937.6,Rengg
541,8720,3,0,0,0,3,4,3,ds2,424.0,Jungwuchs/Dickung,Jungwuchs/Dickung_6,0,1,0.872,young,1055.5,Schüpfheim
544,59187,2,1,0,1,2,2,2,ds5,4324.0,Mittleres Baumholz,Mittleres Baumholz_6,0,1,5.919,not_young,1198.6,Flühli LU
545,15488,2,1,0,1,2,2,2,ds5,234.0,Mittleres Baumholz,Mittleres Baumholz_10,0,1,1.549,not_young,1517.9,Wiggen
547,41015,4,0,0,0,3,4,3,ds5,4312.0,Mittleres Baumholz,Mittleres Baumholz_6,0,1,4.101,not_young,1110.3,Finsterwald b. E.
552,18509,2,1,0,1,2,2,2,ds3,352.0,Stangenholz,Stangenholz_13,0,1,1.851,not_young,948.3,Finsterwald b. E.
553,53129,2,1,0,1,2,2,2,ds3,2394.0,Stangenholz,Stangenholz_6,0,1,5.313,not_young,1155.2,Sörenberg
555,21937,4,0,0,0,3,4,3,ds4,2330.0,Schwaches Baumholz,Schwaches Baumholz_6,0,1,2.194,not_young,1243.9,Wiggen
557,34773,2,1,0,1,2,2,2,ds4,4368.0,Schwaches Baumholz,Schwaches Baumholz_10,0,1,3.477,not_young,1610.3,Flühli LU
558,16570,3,0,0,0,3,4,3,ds5,2266.0,Mittleres Baumholz,Mittleres Baumholz_13,0,1,1.657,not_young,935.6,Marbach LU
559,14486,3,0,0,0,3,3,3,ds3,2392.0,Stangenholz,Stangenholz_6,0,1,1.449,not_young,1250.7,Sörenberg
560,28173,2,1,0,1,2,2,2,ds5,2268.0,Mittleres Baumholz,Mittleres Baumholz_6,0,1,2.817,not_young,1368.3,Schüpfheim
561,19037,2,1,0,1,2,2,2,ds4,280.0,Schwaches Baumholz,Schwaches Baumholz_8,0,1,1.904,not_young,1622.4,Sörenberg
562,2876,4,0,0,0,3,4,3,ds2,410.0,Jungwuchs/Dickung,Jungwuchs/Dickung_6,0,1,0.288,young,1311.3,Schangnau
563,33426,2,1,0,1,2,2,2,ds5,4308.0,Mittleres Baumholz,Mittleres Baumholz_6,0,1,3.343,not_young,1290.2,Escholzmatt
565,35020,4,0,0,0,3,4,3,ds5,221.0,Mittleres Baumholz,Mittleres Baumholz_6,0,1,3.502,not_young,1118.2,Trubschachen
566,29584,4,0,0,0,3,4,3,ds5,220.0,Mittleres Baumholz,Mittleres Baumholz_10,0,1,2.958,not_young,1493.4,Finsterwald b. E.
567,30882,2,1,0,1,2,2,2,ds3,2385.0,Stangenholz,Stangenholz_6,0,1,3.088,not_young,1370.4,Wiggen
568,6255,2,1,0,1,2,2,2,ds2,415.0,Jungwuchs/Dickung,Jungwuchs/Dickung_13,0,1,0.626,young,969.4,Wiggen
571,30827,2,1,0,1,2,2,2,ds3,338.0,Stangenholz,Stangenholz_6,0,1,3.083,not_young,1338.9,Marbach LU
572,12782,3,0,0,0,3,3,3,ds4,273.0,Schwaches Baumholz,Schwaches Baumholz_10,0,1,1.278,not_young,1528.0,Sörenberg
575,31877,2,1,0,1,2,2,2,ds3,2376.0,Stangenholz,Stangenholz_6,0,1,3.188,not_young,1290.2,Finsterwald b. E.
576,57429,2,1,0,1,2,2,2,ds5,2250.0,Mittleres Baumholz,Mittleres Baumholz_6,0,1,5.743,not_young,1201.1,Hasle LU
577,22856,2,1,0,1,2,2,2,ds1,468.0,Jungwuchs/Dickung,Jungwuchs/Dickung_6,0,1,2.286,young,973.5,Finsterwald b. E.
579,32181,2,1,0,1,2,2,2,ds4,4354.0,Schwaches Baumholz,Schwaches Baumholz_6,0,1,3.218,not_young,1326.1,Hasle LU
583,39986,3,0,0,0,3,3,3,ds3,2380.0,Stangenholz,Stangenholz_6,0,1,3.999,not_young,1162.5,Sörenberg
584,34231,2,1,0,1,2,2,1,ds5,6328.0,Mittleres Baumholz,Mittleres Baumholz_6,0,1,3.423,not_young,1318.7,Flühli LU
587,31433,2,1,0,1,2,2,2,ds6,228.0,Starkes Baumholz,Starkes Baumholz_6,0,1,3.143,not_young,1063.8,Flühli LU
589,14457,2,1,0,1,2,2,2,ds5,205.0,Mittleres Baumholz,Mittleres Baumholz_6,0,1,1.446,not_young,1412.2,Escholzmatt
590,49905,2,1,0,1,2,2,2,ds3,6463.0,Stangenholz,Stangenholz_6,0,1,4.991,not_young,1405.7,Flühli LU
591,110991,2,1,0,1,2,2,2,ds4,270.0,Schwaches Baumholz,Schwaches Baumholz_6,0,1,11.099,not_young,841.7999999999998,Wiggen
592,31483,4,0,0,0,3,4,3,ds6,4342.0,Starkes Baumholz,Starkes Baumholz_6,0,1,3.148,not_young,979.2,Hasle LU
593,32997,2,1,0,1,2,2,1,ds3,4410.0,Stangenholz,Stangenholz_6,0,1,3.3,not_young,1259.8,Flühli LU
594,13263,2,1,0,1,2,2,2,ds4,256.0,Schwaches Baumholz,Schwaches Baumholz_6,0,1,1.326,not_young,1345.6,Flühli LU
596,57775,2,1,0,1,2,2,1,ds4,6384.0,Schwaches Baumholz,Schwaches Baumholz_6,0,1,5.778,not_young,1202.1,Flühli LU
598,49718,2,1,0,1,2,2,2,ds1,456.0,Jungwuchs/Dickung,Jungwuchs/Dickung_6,0,1,4.972,young,1342.0,Marbach LU
599,5696,2,1,0,1,2,2,2,ds6,236.0,Starkes Baumholz,Starkes Baumholz_6,0,1,0.57,not_young,1254.6,Finsterwald b. E.
602,14835,2,1,0,1,2,2,2,ds6,2292.0,Starkes Baumholz,Starkes Baumholz_13,0,1,1.483,not_young,960.4,Wiggen
603,23370,3,0,0,0,3,4,3,ds3,2367.0,Stangenholz,Stangenholz_8,0,1,2.337,not_young,1494.1,Finsterwald b. E.
604,40014,2,1,0,1,2,2,2,ds5,198.0,Mittleres Baumholz,Mittleres Baumholz_6,0,1,4.001,not_young,1272.9,Flühli LU
605,66344,2,1,0,1,2,2,2,ds2,378.0,Jungwuchs/Dickung,Jungwuchs/Dickung_6,0,1,6.634,young,1221.4,Sörenberg
606,18991,2,1,0,1,2,2,2,ds4,248.0,Schwaches Baumholz,Schwaches Baumholz_13,0,1,1.899,not_young,934.7,Marbach LU
608,21612,2,1,0,1,2,2,2,ds4,250.0,Schwaches Baumholz,Schwaches Baumholz_6,0,1,2.161,not_young,939.8,Rengg
609,25324,2,1,0,1,2,2,2,ds6,243.0,Starkes Baumholz,Starkes Baumholz_6,0,1,2.532,not_young,1202.8,Escholzmatt
610,12911,2,1,0,1,2,2,1,ds1,448.0,Jungwuchs/Dickung,Jungwuchs/Dickung_6,0,1,1.291,young,1471.4,Flühli LU
611,26076,4,0,0,0,3,4,3,ds5,4277.0,Mittleres Baumholz,Mittleres Baumholz_6,0,1,2.608,not_young,1181.9,Wiggen
612,4568,3,0,0,0,3,4,3,ds3,312.0,Stangenholz,Stangenholz_13,0,1,0.457,not_young,973.6,Marbach LU
614,1795,3,0,0,0,3,3,3,ds6,241.0,Starkes Baumholz,Starkes Baumholz_6,0,1,0.179,not_young,1414.3,Finsterwald b. E.
615,54578,2,1,0,1,2,2,1,ds4,252.0,Schwaches Baumholz,Schwaches Baumholz_6,0,1,5.458,not_young,1047.5,Flühli LU
616,9643,3,0,0,0,3,3,3,ds2,380.0,Jungwuchs/Dickung,Jungwuchs/Dickung_10,0,1,0.964,young,1483.5,Sörenberg
617,29910,2,1,0,1,2,2,2,ds5,6318.0,Mittleres Baumholz,Mittleres Baumholz_6,0,1,2.991,not_young,1141.6,Flühli LU
618,40376,2,1,0,1,2,2,2,ds3,306.0,Stangenholz,Stangenholz_6,0,1,4.038,not_young,1397.3,Sörenberg
620,18399,2,1,0,1,2,2,2,ds2,368.0,Jungwuchs/Dickung,Jungwuchs/Dickung_6,0,1,1.84,young,902.7,Marbach LU
621,18264,3,0,0,0,3,3,3,ds1,440.0,Jungwuchs/Dickung,Jungwuchs/Dickung_6,0,1,1.826,young,1231.1,Schangnau
624,32003,4,0,0,0,3,4,3,ds2,361.0,Jungwuchs/Dickung,Jungwuchs/Dickung_8,0,1,3.2,young,1534.9,Finsterwald b. E.
625,12016,3,0,0,0,3,4,3,ds5,174.0,Mittleres Baumholz,Mittleres Baumholz_6,0,1,1.202,not_young,1100.3,Finsterwald b. E.
626,7776,2,1,0,1,2,2,2,ds6,0.0,Starkes Baumholz,Starkes Baumholz_6,0,1,0.778,not_young,1200.0,Finsterwald b. E.
627,14677,3,0,0,0,3,3,3,ds4,2277.0,Schwaches Baumholz,Schwaches Baumholz_6,0,1,1.468,not_young,1192.4,Hasle LU
628,26364,2,1,0,1,2,2,2,ds4,224.0,Schwaches Baumholz,Schwaches Baumholz_6,0,1,2.636,not_young,1313.4,Sörenberg
629,23280,4,0,0,0,3,4,3,ds5,4250.0,Mittleres Baumholz,Mittleres Baumholz_6,0,1,2.328,not_young,1064.5,Rengg
631,15282,3,0,0,0,3,3,1,ds6,12.0,Starkes Baumholz,Starkes Baumholz_10,0,1,1.528,not_young,1644.6,Sörenberg
632,44045,1,1,2,3,1,1,1,ds3,2331.0,Stangenholz,Stangenholz_8,0,1,4.404,not_young,1567.1,Flühli LU
633,29006,2,1,0,1,2,2,2,ds3,288.0,Stangenholz,Stangenholz_6,0,1,2.901,not_young,1323.3,Flühli LU
635,19207,2,1,0,1,2,2,2,ds1,418.0,Jungwuchs/Dickung,Jungwuchs/Dickung_6,0,1,1.921,young,1252.0,Finsterwald b. E.
636,13264,3,0,0,0,3,4,3,ds5,165.0,Mittleres Baumholz,Mittleres Baumholz_6,0,1,1.326,not_young,983.2,Hasle LU
638,7442,3,0,0,0,3,3,3,ds3,295.0,Stangenholz,Stangenholz_13,0,1,0.744,not_young,986.6,Marbach LU
640,5608,4,0,0,0,3,4,3,ds1,414.0,Jungwuchs/Dickung,Jungwuchs/Dickung_6,0,1,0.561,young,1055.5,Hasle LU
643,20379,3,0,0,0,3,3,1,ds4,2270.0,Schwaches Baumholz,Schwaches Baumholz_10,0,1,2.038,not_young,1423.7,Sörenberg
644,6072,3,0,0,0,3,3,3,ds5,155.0,Mittleres Baumholz,Mittleres Baumholz_10,0,1,0.607,not_young,1411.3,Sörenberg
646,26503,4,0,0,0,3,4,3,ds2,350.0,Jungwuchs/Dickung,Jungwuchs/Dickung_6,0,1,2.65,young,1177.7,Hasle LU
647,2518,3,0,0,0,3,3,3,ds6,18.0,Starkes Baumholz,Starkes Baumholz_10,0,1,0.252,not_young,1499.5,Flühli LU
649,22033,3,0,0,0,3,3,3,ds4,208.0,Schwaches Baumholz,Schwaches Baumholz_6,0,1,2.203,not_young,1567.9,Finsterwald b. E.
650,17913,2,1,0,1,2,2,2,ds5,2196.0,Mittleres Baumholz,Mittleres Baumholz_6,0,1,1.791,not_young,1156.9,Schüpfheim
651,12014,2,1,0,1,2,2,2,ds4,2261.0,Schwaches Baumholz,Schwaches Baumholz_10,0,1,1.201,not_young,1424.1,Flühli LU
653,35387,1,1,2,3,1,1,1,ds3,2324.0,Stangenholz,Stangenholz_6,0,1,3.539,not_young,1424.8,Finsterwald b. E.
654,40483,3,0,0,0,3,3,3,ds5,6272.0,Mittleres Baumholz,Mittleres Baumholz_6,0,1,4.048,not_young,1285.3,Flühli LU
655,71173,3,0,0,0,3,4,3,ds6,6188.0,Starkes Baumholz,Starkes Baumholz_13,0,1,7.117,not_young,982.9,Marbach LU
656,24474,2,1,0,1,2,2,2,ds3,2314.0,Stangenholz,Stangenholz_8,0,1,2.447,not_young,1681.4,Flühli LU
657,23427,4,0,0,0,3,4,3,ds5,2187.0,Mittleres Baumholz,Mittleres Baumholz_6,0,1,2.343,not_young,1359.1,Finsterwald b. E.
658,10451,2,1,0,1,2,2,2,ds2,340.0,Jungwuchs/Dickung,Jungwuchs/Dickung_6,0,1,1.045,young,1247.3,Schüpfheim
661,2271,3,0,0,0,3,3,3,ds6,38.0,Starkes Baumholz,Starkes Baumholz_6,0,1,0.227,not_young,1372.8,Sörenberg
662,56202,2,1,0,1,2,2,2,ds5,2190.0,Mittleres Baumholz,Mittleres Baumholz_13,0,1,5.62,not_young,917.9,Marbach LU
665,7174,2,1,0,1,2,2,2,ds1,396.0,Jungwuchs/Dickung,Jungwuchs/Dickung_13,0,1,0.717,young,848.2999999999998,Finsterwald b. E.
666,29333,4,0,0,0,3,4,3,ds5,143.0,Mittleres Baumholz,Mittleres Baumholz_6,0,1,2.933,not_young,1025.5,Hasle LU
667,17921,2,1,0,1,2,2,2,ds6,32.0,Starkes Baumholz,Starkes Baumholz_6,0,1,1.792,not_young,1413.0,Flühli LU
668,18076,2,1,0,1,2,2,2,ds4,207.0,Schwaches Baumholz,Schwaches Baumholz_10,0,1,1.808,not_young,1500.3,Flühli LU
675,60471,4,0,0,0,3,4,3,ds5,8300.0,Mittleres Baumholz,Mittleres Baumholz_6,0,1,6.047,not_young,1183.7,Hasle LU
681,1100,3,0,0,0,3,3,3,ds6,49.0,Starkes Baumholz,Starkes Baumholz_6,0,1,0.11,not_young,1373.8,Sörenberg
683,17097,2,1,0,1,2,2,2,ds6,2107.0,Starkes Baumholz,Starkes Baumholz_6,0,1,1.71,not_young,1181.8,Schüpfheim
684,20251,2,1,0,1,2,2,2,ds6,50.0,Starkes Baumholz,Starkes Baumholz_6,0,1,2.025,not_young,1669.2,Wiggen
685,6826,2,1,0,1,2,2,2,ds1,380.0,Jungwuchs/Dickung,Jungwuchs/Dickung_13,0,1,0.683,young,1119.5,Wiggen
686,31533,4,0,0,0,3,4,3,ds5,4200.0,Mittleres Baumholz,Mittleres Baumholz_6,0,1,3.153,not_young,1200.5,Hasle LU
687,19284,2,1,0,1,2,2,2,ds1,374.0,Jungwuchs/Dickung,Jungwuchs/Dickung_6,0,1,1.928,young,1354.8,Sörenberg
692,3624,3,0,0,0,3,3,3,ds6,58.0,Starkes Baumholz,Starkes Baumholz_10,0,1,0.362,not_young,1469.6,Finsterwald b. E.
693,16793,4,0,0,0,3,4,3,ds6,56.0,Starkes Baumholz,Starkes Baumholz_6,0,1,1.679,not_young,1084.5,Schangnau
695,53496,1,0,2,2,1,1,1,ds3,4320.0,Stangenholz,Stangenholz_6,0,1,5.35,not_young,1390.1,Finsterwald b. E.
696,7357,2,1,0,1,2,2,2,ds1,365.0,Jungwuchs/Dickung,Jungwuchs/Dickung_6,0,1,0.736,young,1330.0,Flühli LU
697,25746,2,1,0,1,2,2,1,ds2,299.0,Jungwuchs/Dickung,Jungwuchs/Dickung_6,0,1,2.575,young,1248.8,Flühli LU
698,29475,2,1,0,1,2,2,2,ds6,2112.0,Starkes Baumholz,Starkes Baumholz_6,0,1,2.948,not_young,1211.5,Finsterwald b. E.
701,12309,3,0,0,0,3,3,3,ds5,108.0,Mittleres Baumholz,Mittleres Baumholz_6,0,1,1.231,not_young,1367.6,Sörenberg
704,54037,2,1,0,1,2,2,2,ds4,4248.0,Schwaches Baumholz,Schwaches Baumholz_6,0,1,5.404,not_young,1221.6,Flühli LU
706,25664,3,0,0,0,3,4,3,ds5,110.0,Mittleres Baumholz,Mittleres Baumholz_6,0,1,2.566,not_young,1312.1,Wiggen
709,10993,2,1,0,1,2,2,2,ds1,360.0,Jungwuchs/Dickung,Jungwuchs/Dickung_6,0,1,1.099,young,1276.5,Hasle LU
710,11534,3,0,0,0,3,4,3,ds4,162.0,Schwaches Baumholz,Schwaches Baumholz_10,0,1,1.153,not_young,1592.6,Sörenberg
711,30808,3,0,0,0,3,4,3,ds4,6290.0,Schwaches Baumholz,Schwaches Baumholz_6,0,1,3.081,not_young,959.7,Hasle LU
713,1450,3,0,0,0,3,3,3,ds3,224.0,Stangenholz,Stangenholz_8,0,1,0.145,not_young,1746.6,Flühli LU
716,2866,3,0,0,0,3,3,3,ds6,74.0,Starkes Baumholz,Starkes Baumholz_6,0,1,0.287,not_young,1238.5,Schüpfheim
718,32589,1,0,2,2,1,1,1,ds1,350.0,Jungwuchs/Dickung,Jungwuchs/Dickung_8,0,1,3.259,young,1581.1,Finsterwald b. E.
719,14112,3,0,0,0,3,3,3,ds5,2142.0,Mittleres Baumholz,Mittleres Baumholz_6,0,1,1.411,not_young,1132.1,Hasle LU
721,30528,2,1,0,1,2,2,2,ds5,6216.0,Mittleres Baumholz,Mittleres Baumholz_6,0,1,3.053,not_young,1331.8,Sörenberg
723,1989,2,1,0,1,2,2,2,ds6,84.0,Starkes Baumholz,Starkes Baumholz_6,0,1,0.199,not_young,1285.4,Sörenberg
724,5754,3,0,0,0,3,4,3,ds6,80.0,Starkes Baumholz,Starkes Baumholz_6,0,1,0.575,not_young,989.7,Rengg
725,14262,2,1,0,1,2,2,2,ds4,2196.0,Schwaches Baumholz,Schwaches Baumholz_6,0,1,1.426,not_young,1179.7,Flühli LU
726,20911,2,1,0,1,2,2,2,ds5,2133.0,Mittleres Baumholz,Mittleres Baumholz_6,0,1,2.091,not_young,1108.2,Sörenberg
729,57065,2,1,0,1,2,2,2,ds2,275.0,Jungwuchs/Dickung,Jungwuchs/Dickung_6,0,1,5.706,young,1198.3,Flühli LU
730,51124,2,1,0,1,2,2,2,ds3,209.0,Stangenholz,Stangenholz_6,0,1,5.112,not_young,1141.0,Flühli LU
733,29179,2,1,0,1,2,2,2,ds5,4172.0,Mittleres Baumholz,Mittleres Baumholz_6,0,1,2.918,not_young,1060.4,Flühli LU
734,7925,4,0,0,0,3,4,3,ds3,208.0,Stangenholz,Stangenholz_6,0,1,0.792,not_young,1152.0,Marbach LU
735,831,3,0,0,0,3,3,3,ds6,89.0,Starkes Baumholz,Starkes Baumholz_10,0,1,0.083,not_young,1414.9,Sörenberg
736,2350,2,1,0,1,2,2,2,ds1,338.0,Jungwuchs/Dickung,Jungwuchs/Dickung_6,0,1,0.235,young,1409.5,Marbach LU
737,16905,3,0,0,0,3,4,3,ds5,84.0,Mittleres Baumholz,Mittleres Baumholz_13,0,1,1.691,not_young,821.7,Escholzmatt
740,28852,3,0,0,0,3,3,3,ds3,2254.0,Stangenholz,Stangenholz_6,0,1,2.885,not_young,1441.5,Wiggen
742,24550,1,0,2,2,1,1,1,ds2,270.0,Jungwuchs/Dickung,Jungwuchs/Dickung_10,0,1,2.455,young,1459.2,Sörenberg
743,66065,3,0,0,0,3,4,3,ds6,4200.0,Starkes Baumholz,Starkes Baumholz_6,0,1,6.606,not_young,1070.9,Marbach LU
745,15168,3,0,0,0,3,3,3,ds6,2156.0,Starkes Baumholz,Starkes Baumholz_6,0,1,1.517,not_young,1052.1,Marbach LU
747,11732,3,0,0,0,3,4,3,ds2,259.0,Jungwuchs/Dickung,Jungwuchs/Dickung_13,0,1,1.173,young,1030.7,Finsterwald b. E.
748,2350,3,0,0,0,3,3,3,ds5,67.0,Mittleres Baumholz,Mittleres Baumholz_8,0,1,0.235,not_young,1610.1,Sörenberg
750,14263,2,1,0,1,2,2,2,ds6,105.0,Starkes Baumholz,Starkes Baumholz_10,0,1,1.426,not_young,1493.9,Schüpfheim
751,42469,2,1,0,1,2,2,2,ds5,6194.0,Mittleres Baumholz,Mittleres Baumholz_6,0,1,4.247,not_young,1025.1,Flühli LU
753,46557,3,0,0,0,3,3,3,ds3,4284.0,Stangenholz,Stangenholz_6,0,1,4.656,not_young,1261.4,Sörenberg
754,19497,2,1,0,1,2,2,2,ds5,2107.0,Mittleres Baumholz,Mittleres Baumholz_6,0,1,1.95,not_young,1363.6,Escholzmatt
755,27647,2,1,0,1,2,2,1,ds2,2296.0,Jungwuchs/Dickung,Jungwuchs/Dickung_6,0,1,2.765,young,1266.3,Flühli LU
756,13850,2,1,0,1,2,2,2,ds6,2163.0,Starkes Baumholz,Starkes Baumholz_6,0,1,1.385,not_young,1396.2,Marbach LU
757,26630,3,0,0,0,3,3,3,ds4,2170.0,Schwaches Baumholz,Schwaches Baumholz_6,0,1,2.663,not_young,1432.4,Sörenberg
759,31731,2,1,0,1,2,2,2,ds5,56.0,Mittleres Baumholz,Mittleres Baumholz_6,0,1,3.173,not_young,1217.1,Flühli LU
764,11319,3,0,0,0,3,3,3,ds6,116.0,Starkes Baumholz,Starkes Baumholz_6,0,1,1.132,not_young,1355.5,Flühli LU
766,33769,4,0,0,0,3,4,3,ds3,190.0,Stangenholz,Stangenholz_6,0,1,3.377,not_young,1429.6,Wiggen
767,9720,2,1,0,1,2,2,2,ds4,126.0,Schwaches Baumholz,Schwaches Baumholz_6,0,1,0.972,not_young,1266.1,Schüpfheim
768,25820,2,1,0,1,2,2,2,ds6,112.0,Starkes Baumholz,Starkes Baumholz_6,0,1,2.582,not_young,1342.7,Sörenberg
771,21193,3,0,0,0,3,3,3,ds5,48.0,Mittleres Baumholz,Mittleres Baumholz_10,0,1,2.119,not_young,1450.6,Finsterwald b. E.
774,21588,3,0,0,0,3,3,3,ds5,2088.0,Mittleres Baumholz,Mittleres Baumholz_6,0,1,2.159,not_young,1336.9,Sörenberg
777,24850,3,0,0,0,3,4,3,ds3,182.0,Stangenholz,Stangenholz_6,0,1,2.485,not_young,1043.5,Hasle LU
778,27165,4,0,0,0,3,4,3,ds4,2156.0,Schwaches Baumholz,Schwaches Baumholz_6,0,1,2.717,not_young,1144.9,Wiggen
779,14515,4,0,0,0,3,4,3,ds3,2223.0,Stangenholz,Stangenholz_6,0,1,1.451,not_young,1148.8,Hasle LU
781,28861,2,1,0,1,2,2,2,ds2,234.0,Jungwuchs/Dickung,Jungwuchs/Dickung_6,0,1,2.886,young,1450.2,Marbach LU
782,17483,3,0,0,0,3,3,3,ds5,4131.0,Mittleres Baumholz,Mittleres Baumholz_6,0,1,1.748,not_young,1167.2,Schangnau
783,7967,2,1,0,1,2,2,2,ds3,168.0,Stangenholz,Stangenholz_6,0,1,0.797,not_young,1422.1,Sörenberg
784,11983,4,0,0,0,3,4,3,ds4,110.0,Schwaches Baumholz,Schwaches Baumholz_6,0,1,1.198,not_young,1107.2,Marbach LU
786,9888,3,0,0,0,3,3,3,ds4,2148.0,Schwaches Baumholz,Schwaches Baumholz_10,0,1,0.989,not_young,1510.3,Sörenberg
788,12828,2,1,0,1,2,2,1,ds2,224.0,Jungwuchs/Dickung,Jungwuchs/Dickung_6,0,1,1.283,young,1734.0,Flühli LU
791,1735,4,0,0,0,3,4,3,ds2,225.0,Jungwuchs/Dickung,Jungwuchs/Dickung_6,0,1,0.173,young,1174.9,Finsterwald b. E.
792,20669,4,0,0,0,3,4,3,ds3,160.0,Stangenholz,Stangenholz_8,0,1,2.067,not_young,1619.6,Finsterwald b. E.
793,18791,3,0,0,0,3,3,3,ds4,2136.0,Schwaches Baumholz,Schwaches Baumholz_10,0,1,1.879,not_young,1529.6,Flühli LU
795,11328,2,1,0,1,2,2,1,ds5,36.0,Mittleres Baumholz,Mittleres Baumholz_13,0,1,1.133,not_young,812.8999999999999,Ebnet
796,38030,3,0,0,0,3,3,3,ds4,6228.0,Schwaches Baumholz,Schwaches Baumholz_6,0,1,3.803,not_young,1148.0,Sörenberg
798,39522,2,1,0,1,2,2,2,ds4,4176.0,Schwaches Baumholz,Schwaches Baumholz_6,0,1,3.952,not_young,1411.4,Escholzmatt
800,19341,2,1,0,1,2,2,1,ds1,286.0,Jungwuchs/Dickung,Jungwuchs/Dickung_6,0,1,1.934,young,1027.6,Flühli LU
802,22039,3,0,0,0,3,3,3,ds4,4180.0,Schwaches Baumholz,Schwaches Baumholz_6,0,1,2.204,not_young,1227.8,Sörenberg
803,1957,2,1,0,1,2,2,2,ds5,26.0,Mittleres Baumholz,Mittleres Baumholz_8,0,1,0.196,not_young,1518.6,Schüpfheim
804,37932,2,1,0,1,2,2,2,ds5,2064.0,Mittleres Baumholz,Mittleres Baumholz_6,0,1,3.793,not_young,1080.2,Finsterwald b. E.
807,28913,2,1,0,1,2,2,2,ds4,2134.0,Schwaches Baumholz,Schwaches Baumholz_6,0,1,2.891,not_young,1452.1,Flühli LU
811,1030,3,0,0,0,3,3,3,ds2,203.0,Jungwuchs/Dickung,Jungwuchs/Dickung_8,0,1,0.103,young,1660.5,Flühli LU
814,65532,2,1,0,1,2,2,2,ds3,4230.0,Stangenholz,Stangenholz_6,0,1,6.553,not_young,1375.8,Marbach LU
815,52355,2,1,0,1,2,2,2,ds3,2178.0,Stangenholz,Stangenholz_6,0,1,5.236,not_young,1410.1,Marbach LU
817,12004,3,0,0,0,3,3,3,ds5,15.0,Mittleres Baumholz,Mittleres Baumholz_6,0,1,1.2,not_young,1233.8,Sörenberg
820,2361,2,1,0,1,2,2,2,ds5,0.0,Mittleres Baumholz,Mittleres Baumholz_6,0,1,0.236,not_young,1387.1,Finsterwald b. E.
821,13288,2,1,0,1,2,2,2,ds5,2055.0,Mittleres Baumholz,Mittleres Baumholz_6,0,1,1.329,not_young,1276.5,Flühli LU
823,23521,4,0,0,0,3,4,3,ds1,264.0,Jungwuchs/Dickung,Jungwuchs/Dickung_8,0,1,2.352,young,1559.4,Finsterwald b. E.
824,13921,2,1,0,1,2,2,2,ds6,1960.0,Starkes Baumholz,Starkes Baumholz_6,0,1,1.392,not_young,1391.9,Marbach LU
825,29537,2,1,0,1,2,2,2,ds5,2040.0,Mittleres Baumholz,Mittleres Baumholz_6,0,1,2.954,not_young,1030.5,Finsterwald b. E.
826,16066,2,1,0,1,2,2,2,ds2,2232.0,Jungwuchs/Dickung,Jungwuchs/Dickung_6,0,1,1.607,young,993.1,Flühli LU
827,10425,2,1,0,1,2,2,2,ds5,4.0,Mittleres Baumholz,Mittleres Baumholz_6,0,1,1.042,not_young,1192.9,Marbach LU
828,40782,2,1,0,1,2,2,2,ds4,2106.0,Schwaches Baumholz,Schwaches Baumholz_6,0,1,4.078,not_young,1314.2,Marbach LU
829,28440,2,1,0,1,2,2,2,ds4,4144.0,Schwaches Baumholz,Schwaches Baumholz_6,0,1,2.844,not_young,1212.0,Hasle LU
831,7819,2,1,0,1,2,2,2,ds2,186.0,Jungwuchs/Dickung,Jungwuchs/Dickung_6,0,1,0.782,young,1440.7,Sörenberg
834,20138,3,0,0,0,3,3,3,ds3,126.0,Stangenholz,Stangenholz_10,0,1,2.014,not_young,1516.4,Flühli LU
835,13725,2,1,0,1,2,2,2,ds1,252.0,Jungwuchs/Dickung,Jungwuchs/Dickung_6,0,1,1.373,young,888.5,Hasle LU
838,44333,2,1,0,1,2,2,2,ds5,6112.0,Mittleres Baumholz,Mittleres Baumholz_6,0,1,4.433,not_young,1294.9,Schüpfheim
839,29120,3,0,0,0,3,3,3,ds6,1976.0,Starkes Baumholz,Starkes Baumholz_6,0,1,2.912,not_young,1199.2,Hasle LU
840,14552,3,0,0,0,3,4,3,ds1,248.0,Jungwuchs/Dickung,Jungwuchs/Dickung_6,0,1,1.455,young,1078.6,Marbach LU
841,15799,4,0,0,0,3,4,3,ds5,4077.0,Mittleres Baumholz,Mittleres Baumholz_13,0,1,1.58,not_young,1028.8,Marbach LU
845,20990,2,1,0,1,2,2,2,ds4,40.0,Schwaches Baumholz,Schwaches Baumholz_6,0,1,2.099,not_young,1133.0,Flühli LU
846,36475,3,0,0,0,3,3,3,ds4,2093.0,Schwaches Baumholz,Schwaches Baumholz_6,0,1,3.648,not_young,1280.0,Sörenberg
847,974,2,1,0,1,2,2,2,ds2,171.0,Jungwuchs/Dickung,Jungwuchs/Dickung_6,0,1,0.097,young,1188.6,Schüpfheim
848,9002,2,1,0,1,2,2,2,ds5,2030.0,Mittleres Baumholz,Mittleres Baumholz_13,0,1,0.9,not_young,1038.4,Finsterwald b. E.
849,8658,2,1,0,1,2,2,2,ds1,240.0,Jungwuchs/Dickung,Jungwuchs/Dickung_6,0,1,0.866,young,966.0,Flühli LU
850,29423,3,0,0,0,3,3,1,ds6,1998.0,Starkes Baumholz,Starkes Baumholz_6,0,1,2.942,not_young,1326.8,Sörenberg
852,32199,2,1,0,1,2,2,2,ds3,2145.0,Stangenholz,Stangenholz_6,0,1,3.22,not_young,1283.5,Marbach LU
854,4094,2,1,0,1,2,2,2,ds2,162.0,Jungwuchs/Dickung,Jungwuchs/Dickung_6,0,1,0.409,young,1140.9,Schangnau
855,52032,2,1,0,1,2,2,2,ds6,1992.0,Starkes Baumholz,Starkes Baumholz_6,0,1,5.203,not_young,1341.1,Flühli LU
856,60725,2,1,0,1,2,2,2,ds2,160.0,Jungwuchs/Dickung,Jungwuchs/Dickung_6,0,1,6.072,young,1485.7,Wiggen
857,8787,3,0,0,0,3,4,3,ds6,2005.0,Starkes Baumholz,Starkes Baumholz_6,0,1,0.879,not_young,1127.0,Finsterwald b. E.
859,6935,3,0,0,0,3,4,3,ds4,35.0,Schwaches Baumholz,Schwaches Baumholz_6,0,1,0.693,not_young,1119.7,Schangnau
861,6785,3,0,0,0,3,4,3,ds2,165.0,Jungwuchs/Dickung,Jungwuchs/Dickung_13,0,1,0.678,young,951.5,Hasle LU
865,5126,3,0,0,0,3,3,3,ds4,24.0,Schwaches Baumholz,Schwaches Baumholz_10,0,1,0.513,not_young,1476.2,Finsterwald b. E.
866,26379,4,0,0,0,3,4,3,ds6,2000.0,Starkes Baumholz,Starkes Baumholz_6,0,1,2.638,not_young,1180.7,Finsterwald b. E.
867,20119,2,1,0,1,2,2,2,ds3,2140.0,Stangenholz,Stangenholz_6,0,1,2.012,not_young,1176.7,Wiggen
869,1850,3,0,0,0,3,4,3,ds5,2000.0,Mittleres Baumholz,Mittleres Baumholz_6,0,1,0.185,not_young,1076.9,Finsterwald b. E.
870,9246,4,0,0,0,3,4,3,ds3,95.0,Stangenholz,Stangenholz_6,0,1,0.925,not_young,985.2,Trubschachen
871,3070,2,1,0,1,2,2,2,ds2,158.0,Jungwuchs/Dickung,Jungwuchs/Dickung_6,0,1,0.307,young,1025.9,Schüpfheim
872,35157,2,1,0,1,2,2,2,ds3,4180.0,Stangenholz,Stangenholz_6,0,1,3.516,not_young,1498.0,Sörenberg
873,24139,2,1,0,1,2,2,2,ds4,4104.0,Schwaches Baumholz,Schwaches Baumholz_13,0,1,2.414,not_young,965.9,Escholzmatt
874,18408,3,0,0,0,3,3,3,ds5,2002.0,Mittleres Baumholz,Mittleres Baumholz_6,0,1,1.841,not_young,1008.9,Rengg
877,23173,4,0,0,0,3,4,3,ds5,2004.0,Mittleres Baumholz,Mittleres Baumholz_6,0,1,2.317,not_young,1146.5,Marbach LU
881,16518,4,0,0,0,3,4,3,ds2,145.0,Jungwuchs/Dickung,Jungwuchs/Dickung_6,0,1,1.652,young,1214.6,Finsterwald b. E.
882,55536,3,0,0,0,3,3,3,ds2,4239.0,Jungwuchs/Dickung,Jungwuchs/Dickung_6,0,1,5.554,young,1419.6,Wiggen
883,46608,1,0,2,2,1,1,1,ds4,2057.0,Schwaches Baumholz,Schwaches Baumholz_6,0,1,4.661,not_young,1392.8,Finsterwald b. E.
884,9888,2,1,0,1,2,2,2,ds3,2121.0,Stangenholz,Stangenholz_6,0,1,0.989,not_young,1445.6,Finsterwald b. E.
885,7155,3,0,0,0,3,4,3,ds3,84.0,Stangenholz,Stangenholz_6,0,1,0.716,not_young,1091.2,Escholzmatt
888,21631,1,1,2,3,1,1,1,ds5,1998.0,Mittleres Baumholz,Mittleres Baumholz_6,0,1,2.163,not_young,1446.0,Finsterwald b. E.
889,4591,2,1,0,1,2,2,2,ds3,72.0,Stangenholz,Stangenholz_6,0,1,0.459,not_young,1163.1,Schangnau
890,12729,3,0,0,0,3,3,3,ds1,207.0,Jungwuchs/Dickung,Jungwuchs/Dickung_6,0,1,1.273,young,1338.1,Sörenberg
891,7788,3,0,0,0,3,3,3,ds4,12.0,Schwaches Baumholz,Schwaches Baumholz_6,0,1,0.779,not_young,1234.0,Sörenberg
892,19480,3,0,0,0,3,3,1,ds3,77.0,Stangenholz,Stangenholz_10,0,1,1.948,not_young,1493.8,Finsterwald b. E.
893,39166,2,1,0,1,2,2,2,ds5,1989.0,Mittleres Baumholz,Mittleres Baumholz_6,0,1,3.917,not_young,1252.2,Marbach LU
894,36486,2,1,0,1,2,2,2,ds4,0.0,Schwaches Baumholz,Schwaches Baumholz_6,0,1,3.649,not_young,1283.3,Finsterwald b. E.
896,43215,4,0,0,0,3,4,3,ds6,6128.0,Starkes Baumholz,Starkes Baumholz_6,0,1,4.322,not_young,1065.4,Marbach LU
897,26634,2,1,0,1,2,2,2,ds5,4026.0,Mittleres Baumholz,Mittleres Baumholz_6,0,1,2.663,not_young,1251.0,Finsterwald b. E.
900,9230,2,1,0,1,2,2,2,ds4,5.0,Schwaches Baumholz,Schwaches Baumholz_6,0,1,0.923,not_young,1259.5,Marbach LU
902,22663,2,1,0,1,2,2,2,ds4,4080.0,Schwaches Baumholz,Schwaches Baumholz_6,0,1,2.266,not_young,1124.2,Marbach LU
903,39761,2,1,0,1,2,2,2,ds3,4144.0,Stangenholz,Stangenholz_6,0,1,3.976,not_young,1274.3,Flühli LU
904,97343,2,1,0,1,2,2,2,ds1,192.0,Jungwuchs/Dickung,Jungwuchs/Dickung_10,0,1,9.734,young,1253.7,Wiggen
907,62255,2,1,0,1,2,2,2,ds2,2160.0,Jungwuchs/Dickung,Jungwuchs/Dickung_6,0,1,6.226,young,1390.2,Marbach LU
908,1277,3,0,0,0,3,3,3,ds3,60.0,Stangenholz,Stangenholz_10,0,1,0.128,not_young,1461.4,Sörenberg
910,35531,3,0,0,0,3,3,3,ds4,4074.0,Schwaches Baumholz,Schwaches Baumholz_10,0,1,3.553,not_young,1419.4,Finsterwald b. E.
913,73352,2,1,0,1,2,2,2,ds3,2100.0,Stangenholz,Stangenholz_6,0,1,7.335,not_young,1278.5,Flühli LU
914,20605,2,1,0,1,2,2,2,ds6,1784.0,Starkes Baumholz,Starkes Baumholz_6,0,1,2.061,not_young,1219.6,Flühli LU
916,14187,2,1,0,1,2,2,2,ds3,2090.0,Stangenholz,Stangenholz_6,0,1,1.419,not_young,1353.5,Schüpfheim
918,51021,2,1,0,1,2,2,2,ds6,3840.0,Starkes Baumholz,Starkes Baumholz_6,0,1,5.102,not_young,1036.2,Schüpfheim
919,29650,2,1,0,1,2,2,2,ds4,2028.0,Schwaches Baumholz,Schwaches Baumholz_6,0,1,2.965,not_young,1443.7,Marbach LU
922,16574,2,1,0,1,2,2,2,ds4,2016.0,Schwaches Baumholz,Schwaches Baumholz_6,0,1,1.657,not_young,1008.3,Flühli LU
924,41640,2,1,0,1,2,2,2,ds2,2145.0,Jungwuchs/Dickung,Jungwuchs/Dickung_6,0,1,4.164,young,1412.9,Sörenberg
929,31826,3,0,0,0,3,3,3,ds3,33.0,Stangenholz,Stangenholz_6,0,1,3.183,not_young,1479.3,Sörenberg
931,38409,2,1,0,1,2,2,2,ds3,4125.0,Stangenholz,Stangenholz_6,0,1,3.841,not_young,1436.0,Wiggen
933,30767,4,0,0,0,3,4,3,ds4,2013.0,Schwaches Baumholz,Schwaches Baumholz_6,0,1,3.077,not_young,1374.6,Finsterwald b. E.
940,25526,3,0,0,0,3,3,3,ds4,2002.0,Schwaches Baumholz,Schwaches Baumholz_6,0,1,2.553,not_young,1262.0,Flühli LU
942,42101,3,0,0,0,3,3,3,ds4,6080.0,Schwaches Baumholz,Schwaches Baumholz_6,0,1,4.21,not_young,1452.9,Sörenberg
944,29171,2,1,0,1,2,2,2,ds4,4046.0,Schwaches Baumholz,Schwaches Baumholz_6,0,1,2.917,not_young,1319.8,Marbach LU
951,11371,2,1,0,1,2,2,2,ds1,144.0,Jungwuchs/Dickung,Jungwuchs/Dickung_6,0,1,1.137,young,1166.3,Escholzmatt
952,5247,2,1,0,1,2,2,2,ds2,72.0,Jungwuchs/Dickung,Jungwuchs/Dickung_13,0,1,0.525,young,1027.9,Escholzmatt
954,37531,2,1,0,1,2,2,2,ds4,6075.0,Schwaches Baumholz,Schwaches Baumholz_10,0,1,3.753,not_young,1443.0,Sörenberg
956,23362,3,0,0,0,3,3,3,ds5,3960.0,Mittleres Baumholz,Mittleres Baumholz_13,0,1,2.336,not_young,1060.6,Marbach LU
957,22229,2,1,0,1,2,2,2,ds2,66.0,Jungwuchs/Dickung,Jungwuchs/Dickung_6,0,1,2.223,young,1437.4,Marbach LU
958,2482,3,0,0,0,3,3,3,ds1,134.0,Jungwuchs/Dickung,Jungwuchs/Dickung_10,0,1,0.248,young,1426.0,Sörenberg
959,37038,2,1,0,1,2,2,2,ds3,0.0,Stangenholz,Stangenholz_8,0,1,3.704,not_young,1440.6,Finsterwald b. E.
960,25142,3,0,0,0,3,4,3,ds4,4030.0,Schwaches Baumholz,Schwaches Baumholz_6,0,1,2.514,not_young,1038.8,Finsterwald b. E.
961,8435,3,0,0,0,3,3,3,ds3,6.0,Stangenholz,Stangenholz_6,0,1,0.844,not_young,1347.4,Marbach LU
962,34993,3,0,0,0,3,3,3,ds5,1914.0,Mittleres Baumholz,Mittleres Baumholz_6,0,1,3.499,not_young,1156.7,Sörenberg
968,40986,2,1,0,1,2,2,2,ds4,1968.0,Schwaches Baumholz,Schwaches Baumholz_6,0,1,4.099,not_young,1211.1,Hasle LU
970,18323,4,0,0,0,3,4,3,ds3,2032.0,Stangenholz,Stangenholz_6,0,1,1.832,not_young,1013.7,Rengg
973,14485,2,1,0,1,2,2,1,ds2,2100.0,Jungwuchs/Dickung,Jungwuchs/Dickung_6,0,1,1.448,young,1291.1,Hasle LU
974,25010,3,0,0,0,3,3,1,ds2,2090.0,Jungwuchs/Dickung,Jungwuchs/Dickung_10,0,1,2.501,young,1462.1,Sörenberg
975,15451,2,1,0,1,2,2,2,ds5,1899.0,Mittleres Baumholz,Mittleres Baumholz_13,0,1,1.545,not_young,847.2999999999998,Schüpfheim
978,12589,2,1,0,1,2,2,2,ds3,2030.0,Stangenholz,Stangenholz_6,0,1,1.259,not_young,1186.3,Escholzmatt
979,1604,3,0,0,0,3,3,3,ds2,42.0,Jungwuchs/Dickung,Jungwuchs/Dickung_6,0,1,0.16,young,1395.9,Schangnau
980,22479,3,0,0,0,3,4,3,ds5,3938.0,Mittleres Baumholz,Mittleres Baumholz_13,0,1,2.248,not_young,995.0,Finsterwald b. E.
988,15711,2,1,0,1,2,2,2,ds3,2023.0,Stangenholz,Stangenholz_6,0,1,1.571,not_young,1301.5,Flühli LU
989,12807,2,1,0,1,2,2,1,ds6,1865.0,Starkes Baumholz,Starkes Baumholz_6,0,1,1.281,not_young,1299.6,Flühli LU
990,33387,3,0,0,0,3,3,3,ds2,32.0,Jungwuchs/Dickung,Jungwuchs/Dickung_6,0,1,3.339,young,1334.0,Sörenberg
992,2350,3,0,0,0,3,3,3,ds3,2010.0,Stangenholz,Stangenholz_10,0,1,0.235,not_young,1489.6,Sörenberg
1001,18871,2,1,0,1,2,2,2,ds5,1876.0,Mittleres Baumholz,Mittleres Baumholz_8,0,1,1.887,not_young,1670.2,Flühli LU
1004,17286,3,0,0,0,3,4,3,ds4,1928.0,Schwaches Baumholz,Schwaches Baumholz_6,0,1,1.729,not_young,1005.7,Rengg
1007,47674,2,1,0,1,2,2,2,ds2,2060.0,Jungwuchs/Dickung,Jungwuchs/Dickung_6,0,1,4.767,young,1433.1,Flühli LU
1008,18273,2,1,0,1,2,2,1,ds1,77.0,Jungwuchs/Dickung,Jungwuchs/Dickung_6,0,1,1.827,young,1363.5,Sörenberg
1009,25405,2,1,0,1,2,2,2,ds5,1870.0,Mittleres Baumholz,Mittleres Baumholz_13,0,1,2.541,not_young,938.0,Rengg
1012,15878,3,0,0,0,3,4,3,ds6,1888.0,Starkes Baumholz,Starkes Baumholz_6,0,1,1.588,not_young,1255.8,Schangnau
1014,23568,4,0,0,0,3,4,3,ds5,1859.0,Mittleres Baumholz,Mittleres Baumholz_6,0,1,2.357,not_young,1067.6,Hasle LU
1015,1600,3,0,0,0,3,4,3,ds4,3975.0,Schwaches Baumholz,Schwaches Baumholz_6,0,1,0.16,not_young,1204.8,Marbach LU
1018,40177,4,0,0,0,3,4,3,ds4,6000.0,Schwaches Baumholz,Schwaches Baumholz_6,0,1,4.018,not_young,1256.4,Finsterwald b. E.
1020,11925,4,0,0,0,3,4,3,ds2,0.0,Jungwuchs/Dickung,Jungwuchs/Dickung_6,0,1,1.192,young,1195.0,Marbach LU
1021,5652,4,0,0,0,3,4,3,ds1,66.0,Jungwuchs/Dickung,Jungwuchs/Dickung_6,0,1,0.565,young,1024.5,Hasle LU
1023,25251,2,1,0,1,2,2,2,ds6,1908.0,Starkes Baumholz,Starkes Baumholz_6,0,1,2.525,not_young,1012.6,Flühli LU
1025,33724,2,1,0,1,2,2,2,ds4,3952.0,Schwaches Baumholz,Schwaches Baumholz_6,0,1,3.372,not_young,1453.7,Flühli LU
1028,17573,4,0,0,0,3,4,3,ds3,1980.0,Stangenholz,Stangenholz_6,0,1,1.757,not_young,1064.0,Finsterwald b. E.
1029,6630,3,0,0,0,3,3,3,ds1,60.0,Jungwuchs/Dickung,Jungwuchs/Dickung_6,0,1,0.663,young,1231.4,Sörenberg
1030,30101,2,1,0,1,2,2,2,ds3,1968.0,Stangenholz,Stangenholz_6,0,1,3.01,not_young,1324.6,Sörenberg
1032,24653,2,1,0,1,2,2,2,ds4,1908.0,Schwaches Baumholz,Schwaches Baumholz_13,0,1,2.465,not_young,999.5,Finsterwald b. E.
1034,47593,2,1,0,1,2,2,2,ds2,4075.0,Jungwuchs/Dickung,Jungwuchs/Dickung_6,0,1,4.759,young,1329.8,Flühli LU
1038,7348,3,0,0,0,3,3,1,ds1,45.0,Jungwuchs/Dickung,Jungwuchs/Dickung_10,0,1,0.735,young,1352.0,Finsterwald b. E.
1041,28974,3,0,0,0,3,3,1,ds3,4005.0,Stangenholz,Stangenholz_6,0,1,2.897,not_young,1227.1,Finsterwald b. E.
1042,19852,2,1,0,1,2,2,2,ds5,1827.0,Mittleres Baumholz,Mittleres Baumholz_6,0,1,1.985,not_young,1276.9,Escholzmatt
1045,26751,3,0,0,0,3,3,3,ds3,1956.0,Stangenholz,Stangenholz_6,0,1,2.675,not_young,1185.0,Marbach LU
1046,37020,3,0,0,0,3,3,3,ds2,2010.0,Jungwuchs/Dickung,Jungwuchs/Dickung_6,0,1,3.702,young,1394.4,Sörenberg
1047,29566,2,1,0,1,2,2,2,ds4,1881.0,Schwaches Baumholz,Schwaches Baumholz_6,0,1,2.957,not_young,1413.9,Schüpfheim
1048,22387,2,1,0,1,2,2,1,ds1,33.0,Jungwuchs/Dickung,Jungwuchs/Dickung_6,0,1,2.239,young,1264.4,Flühli LU
1049,12165,2,1,0,1,2,2,2,ds1,35.0,Jungwuchs/Dickung,Jungwuchs/Dickung_6,0,1,1.217,young,1276.3,Schüpfheim
1052,40265,3,0,0,0,3,3,3,ds4,1875.0,Schwaches Baumholz,Schwaches Baumholz_6,0,1,4.026,not_young,1895.1,Hasle LU
1053,29329,2,1,0,1,2,2,2,ds5,1812.0,Mittleres Baumholz,Mittleres Baumholz_13,0,1,2.933,not_young,981.1,Marbach LU
1055,24586,2,1,0,1,2,2,2,ds4,3916.0,Schwaches Baumholz,Schwaches Baumholz_6,0,1,2.459,not_young,1382.0,Wiggen
1058,17145,3,0,0,0,3,3,3,ds4,3906.0,Schwaches Baumholz,Schwaches Baumholz_6,0,1,1.714,not_young,1209.1,Finsterwald b. E.
1059,21557,2,1,0,1,2,2,2,ds5,1804.0,Mittleres Baumholz,Mittleres Baumholz_6,0,1,2.156,not_young,1007.7,Flühli LU
1060,41812,3,0,0,0,3,3,3,ds2,4032.0,Jungwuchs/Dickung,Jungwuchs/Dickung_8,0,1,4.181,young,1522.2,Wiggen
1062,1565,4,0,0,0,3,4,3,ds1,13.0,Jungwuchs/Dickung,Jungwuchs/Dickung_6,0,1,0.156,young,1014.3,Entlebuch
1064,19502,2,1,0,1,2,2,2,ds1,9.0,Jungwuchs/Dickung,Jungwuchs/Dickung_8,0,1,1.95,young,1340.2,Finsterwald b. E.
1065,29146,4,0,0,0,3,4,3,ds6,3752.0,Starkes Baumholz,Starkes Baumholz_6,0,1,2.915,not_young,961.8,Marbach LU
1067,13399,2,1,0,1,2,2,2,ds4,1860.0,Schwaches Baumholz,Schwaches Baumholz_6,0,1,1.34,not_young,1209.0,Schüpfheim
1074,28636,4,0,0,0,3,4,3,ds6,3760.0,Starkes Baumholz,Starkes Baumholz_6,0,1,2.864,not_young,1054.3,Finsterwald b. E.
1075,32071,2,1,0,1,2,2,2,ds4,5940.0,Schwaches Baumholz,Schwaches Baumholz_6,0,1,3.207,not_young,1301.7,Marbach LU
1076,22308,2,1,0,1,2,2,1,ds4,3888.0,Schwaches Baumholz,Schwaches Baumholz_6,0,1,2.231,not_young,1142.7,Flühli LU
1078,17920,3,0,0,0,3,3,3,ds6,1712.0,Starkes Baumholz,Starkes Baumholz_6,0,1,1.792,not_young,1277.0,Marbach LU
1079,20294,2,1,0,1,2,2,2,ds1,0.0,Jungwuchs/Dickung,Jungwuchs/Dickung_6,0,1,2.029,young,1422.9,Marbach LU
1080,42337,3,0,0,0,3,4,3,ds4,3893.0,Schwaches Baumholz,Schwaches Baumholz_6,0,1,4.234,not_young,1252.8,Finsterwald b. E.
1085,14335,4,0,0,0,3,4,3,ds5,1770.0,Mittleres Baumholz,Mittleres Baumholz_6,0,1,1.433,not_young,1265.1,Marbach LU
1088,17723,2,1,0,1,2,2,2,ds3,1888.0,Stangenholz,Stangenholz_13,0,1,1.772,not_young,909.2,Hasle LU
1089,21721,2,1,0,1,2,2,2,ds4,3864.0,Schwaches Baumholz,Schwaches Baumholz_6,0,1,2.172,not_young,1042.7,Flühli LU
1091,11078,2,1,0,1,2,2,1,ds3,1880.0,Stangenholz,Stangenholz_6,0,1,1.108,not_young,1536.4,Hasle LU
1092,72685,4,0,0,0,3,4,3,ds4,3860.0,Schwaches Baumholz,Schwaches Baumholz_6,0,1,7.269,not_young,1228.7,Finsterwald b. E.
1094,16053,2,1,0,1,2,2,2,ds5,3798.0,Mittleres Baumholz,Mittleres Baumholz_13,0,1,1.605,not_young,916.0,Flühli LU
1095,30920,2,1,0,1,2,2,2,ds5,1746.0,Mittleres Baumholz,Mittleres Baumholz_6,0,1,3.092,not_young,1419.6,Flühli LU
1096,29019,3,0,0,0,3,3,3,ds6,1752.0,Starkes Baumholz,Starkes Baumholz_6,0,1,2.902,not_young,1077.6,Finsterwald b. E.
1097,58659,2,1,0,1,2,2,2,ds6,5868.0,Starkes Baumholz,Starkes Baumholz_6,0,1,5.866,not_young,1013.7,Flühli LU
1100,34994,3,0,0,0,3,3,3,ds4,1806.0,Schwaches Baumholz,Schwaches Baumholz_6,0,1,3.499,not_young,1217.1,Schangnau
1101,50450,2,1,0,1,2,2,2,ds2,3975.0,Jungwuchs/Dickung,Jungwuchs/Dickung_6,0,1,5.045,young,1179.7,Marbach LU
1102,23253,2,1,0,1,2,2,2,ds5,3783.0,Mittleres Baumholz,Mittleres Baumholz_6,0,1,2.325,not_young,1062.2,Escholzmatt
1105,52462,1,0,2,2,1,1,1,ds3,1860.0,Stangenholz,Stangenholz_10,0,1,5.246,not_young,1535.8,Finsterwald b. E.
1107,81100,2,1,0,1,2,2,2,ds2,1914.0,Jungwuchs/Dickung,Jungwuchs/Dickung_6,0,1,8.11,young,1311.8,Flühli LU
1109,51239,3,0,0,0,3,3,3,ds3,5940.0,Stangenholz,Stangenholz_6,0,1,5.124,not_young,1148.3,Sörenberg
1111,3550,3,0,0,0,3,3,3,ds3,3888.0,Stangenholz,Stangenholz_6,0,1,0.355,not_young,1209.2,Flühli LU
1112,23980,2,1,0,1,2,2,2,ds5,3752.0,Mittleres Baumholz,Mittleres Baumholz_6,0,1,2.398,not_young,1399.0,Marbach LU
1113,39381,2,1,0,1,2,2,2,ds6,1530.0,Starkes Baumholz,Starkes Baumholz_6,0,1,3.938,not_young,1234.6,Flühli LU
1114,22605,3,0,0,0,3,3,3,ds4,1782.0,Schwaches Baumholz,Schwaches Baumholz_13,0,1,2.26,not_young,990.5,Finsterwald b. E.
1116,45243,2,1,0,1,2,2,2,ds5,3757.0,Mittleres Baumholz,Mittleres Baumholz_6,0,1,4.524,not_young,1226.2,Flühli LU
1117,43041,2,1,0,1,2,2,2,ds4,5860.0,Schwaches Baumholz,Schwaches Baumholz_6,0,1,4.304,not_young,1411.7,Sörenberg
1119,38765,3,0,0,0,3,3,3,ds5,3744.0,Mittleres Baumholz,Mittleres Baumholz_6,0,1,3.876,not_young,1178.4,Sörenberg
1121,21159,2,1,0,1,2,2,2,ds5,1710.0,Mittleres Baumholz,Mittleres Baumholz_6,0,1,2.116,not_young,1363.8,Flühli LU
1123,48172,2,1,0,1,2,2,2,ds6,5652.0,Starkes Baumholz,Starkes Baumholz_6,0,1,4.817,not_young,1095.2,Flühli LU
1124,16692,2,1,0,1,2,2,2,ds5,3736.0,Mittleres Baumholz,Mittleres Baumholz_6,0,1,1.669,not_young,1298.8,Finsterwald b. E.
1126,22767,2,1,0,1,2,2,2,ds4,3804.0,Schwaches Baumholz,Schwaches Baumholz_13,0,1,2.277,not_young,946.9,Flühli LU
1127,9727,2,1,0,1,2,2,2,ds5,1690.0,Mittleres Baumholz,Mittleres Baumholz_6,0,1,0.973,not_young,1215.4,Marbach LU
1128,10971,3,0,0,0,3,3,3,ds6,1565.0,Starkes Baumholz,Starkes Baumholz_6,0,1,1.097,not_young,1179.4,Sörenberg
1129,26441,2,1,0,1,2,2,2,ds5,1683.0,Mittleres Baumholz,Mittleres Baumholz_6,0,1,2.644,not_young,1126.9,Marbach LU
1130,65066,2,1,0,1,2,2,2,ds3,5902.0,Stangenholz,Stangenholz_6,0,1,6.507,not_young,1447.2,Escholzmatt
1132,8456,4,0,0,0,3,4,3,ds3,1812.0,Stangenholz,Stangenholz_6,0,1,0.846,not_young,1070.1,Hasle LU
1133,19424,2,1,0,1,2,2,2,ds5,1672.0,Mittleres Baumholz,Mittleres Baumholz_6,0,1,1.942,not_young,990.5,Schüpfheim
1135,50722,3,0,0,0,3,3,1,ds2,1870.0,Jungwuchs/Dickung,Jungwuchs/Dickung_6,0,1,5.072,young,1350.3,Sörenberg
1136,46626,1,0,2,2,1,1,1,ds3,3842.0,Stangenholz,Stangenholz_6,0,1,4.663,not_young,1330.7,Sörenberg
1138,34669,2,1,0,1,2,2,2,ds6,3627.0,Starkes Baumholz,Starkes Baumholz_13,0,1,3.467,not_young,998.5,Marbach LU
1139,30555,2,1,0,1,2,2,2,ds4,1742.0,Schwaches Baumholz,Schwaches Baumholz_6,0,1,3.055,not_young,1303.9,Flühli LU
1141,27034,2,1,0,1,2,2,1,ds2,1859.0,Jungwuchs/Dickung,Jungwuchs/Dickung_6,0,1,2.703,young,1303.5,Flühli LU
1143,30437,2,1,0,1,2,2,2,ds4,5808.0,Schwaches Baumholz,Schwaches Baumholz_6,0,1,3.044,not_young,1335.0,Schüpfheim
1145,24401,4,0,0,0,3,4,3,ds4,3773.0,Schwaches Baumholz,Schwaches Baumholz_6,0,1,2.44,not_young,1077.8,Hasle LU
1146,48123,2,1,0,1,2,2,2,ds1,1917.0,Jungwuchs/Dickung,Jungwuchs/Dickung_6,0,1,4.812,young,1416.5,Wiggen
1149,17350,4,0,0,0,3,4,3,ds3,1790.0,Stangenholz,Stangenholz_13,0,1,1.735,not_young,992.8,Marbach LU
1151,31840,2,1,0,1,2,2,2,ds5,1652.0,Mittleres Baumholz,Mittleres Baumholz_6,0,1,3.184,not_young,1200.0,Sörenberg
1153,10742,3,0,0,0,3,3,3,ds6,1605.0,Starkes Baumholz,Starkes Baumholz_6,0,1,1.074,not_young,1217.0,Hasle LU
1154,28544,1,0,2,2,1,1,1,ds4,5796.0,Schwaches Baumholz,Schwaches Baumholz_6,0,1,2.854,not_young,1259.4,Finsterwald b. E.
1155,21983,4,0,0,0,3,4,3,ds5,3680.0,Mittleres Baumholz,Mittleres Baumholz_13,0,1,2.198,not_young,905.7,Schüpfheim
1157,17022,1,1,2,3,1,1,1,ds4,1700.0,Schwaches Baumholz,Schwaches Baumholz_8,0,1,1.702,not_young,1738.3,Finsterwald b. E.
1158,15365,4,0,0,0,3,4,3,ds6,1610.0,Starkes Baumholz,Starkes Baumholz_13,0,1,1.537,not_young,1030.2,Hasle LU
1159,50045,2,1,0,1,2,2,2,ds6,7770.0,Starkes Baumholz,Starkes Baumholz_6,0,1,5.005,not_young,1030.7,Schüpfheim
1160,33618,2,1,0,1,2,2,2,ds5,5712.0,Mittleres Baumholz,Mittleres Baumholz_13,0,1,3.362,not_young,1033.7,Wiggen
1161,10204,3,0,0,0,3,3,1,ds2,1818.0,Jungwuchs/Dickung,Jungwuchs/Dickung_6,0,1,1.02,young,1302.7,Flühli LU
1162,7487,3,0,0,0,3,3,1,ds3,1758.0,Stangenholz,Stangenholz_6,0,1,0.749,not_young,1298.5,Finsterwald b. E.
1164,57685,2,1,0,1,2,2,1,ds4,1680.0,Schwaches Baumholz,Schwaches Baumholz_6,0,1,5.768,not_young,1336.4,Finsterwald b. E.
1166,16548,3,0,0,0,3,3,3,ds5,1620.0,Mittleres Baumholz,Mittleres Baumholz_6,0,1,1.655,not_young,1263.3,Sörenberg
1169,9298,3,0,0,0,3,3,3,ds4,1676.0,Schwaches Baumholz,Schwaches Baumholz_6,0,1,0.93,not_young,1166.9,Flühli LU
1170,50291,2,1,0,1,2,2,2,ds3,1743.0,Stangenholz,Stangenholz_6,0,1,5.029,not_young,1184.9,Marbach LU
1172,18936,2,1,0,1,2,2,2,ds3,1740.0,Stangenholz,Stangenholz_6,0,1,1.894,not_young,1140.2,Escholzmatt
1173,25049,2,1,0,1,2,2,2,ds3,3780.0,Stangenholz,Stangenholz_6,0,1,2.505,not_young,1208.2,Flühli LU
1175,32118,4,0,0,0,3,4,3,ds6,1644.0,Starkes Baumholz,Starkes Baumholz_6,0,1,3.212,not_young,1142.2,Hasle LU
1177,56001,2,1,0,1,2,2,2,ds6,5744.0,Starkes Baumholz,Starkes Baumholz_6,0,1,5.6,not_young,1096.9,Marbach LU
1178,24388,2,1,0,1,2,2,2,ds5,3645.0,Mittleres Baumholz,Mittleres Baumholz_13,0,1,2.439,not_young,945.0,Hasle LU
1180,19750,3,0,0,0,3,4,3,ds5,1584.0,Mittleres Baumholz,Mittleres Baumholz_6,0,1,1.975,not_young,1212.0,Finsterwald b. E.
1182,45865,2,1,0,1,2,2,2,ds1,1848.0,Jungwuchs/Dickung,Jungwuchs/Dickung_6,0,1,4.587,young,1331.2,Sörenberg
1183,44426,2,1,0,1,2,2,2,ds4,5740.0,Schwaches Baumholz,Schwaches Baumholz_6,0,1,4.443,not_young,1254.9,Sörenberg
1186,21419,2,1,0,1,2,2,2,ds4,1640.0,Schwaches Baumholz,Schwaches Baumholz_6,0,1,2.142,not_young,1107.4,Wiggen
1187,35737,2,1,0,1,2,2,2,ds6,5516.0,Starkes Baumholz,Starkes Baumholz_6,0,1,3.574,not_young,1113.0,Flühli LU
1189,28942,2,1,0,1,2,2,2,ds6,3470.0,Starkes Baumholz,Starkes Baumholz_6,0,1,2.894,not_young,1037.4,Flühli LU
1190,19179,2,1,0,1,2,2,2,ds6,1410.0,Starkes Baumholz,Starkes Baumholz_6,0,1,1.918,not_young,1221.4,Schangnau
1191,29092,2,1,0,1,2,2,2,ds5,3618.0,Mittleres Baumholz,Mittleres Baumholz_13,0,1,2.909,not_young,989.5,Rengg
1192,24619,2,1,0,1,2,2,2,ds6,1422.0,Starkes Baumholz,Starkes Baumholz_6,0,1,2.462,not_young,1047.8,Flühli LU
1193,9067,2,1,0,1,2,2,2,ds3,1698.0,Stangenholz,Stangenholz_6,0,1,0.907,not_young,1132.6,Sörenberg
1194,30339,2,1,0,1,2,2,2,ds4,3672.0,Schwaches Baumholz,Schwaches Baumholz_6,0,1,3.034,not_young,1121.9,Schüpfheim
1195,26742,2,1,0,1,2,2,2,ds5,1573.0,Mittleres Baumholz,Mittleres Baumholz_6,0,1,2.674,not_young,942.8,Flühli LU
1196,19631,2,1,0,1,2,2,2,ds4,3674.0,Schwaches Baumholz,Schwaches Baumholz_13,0,1,1.963,not_young,900.7,Wiggen
1198,22018,2,1,0,1,2,2,2,ds3,1700.0,Stangenholz,Stangenholz_8,0,1,2.202,not_young,1430.2,Flühli LU
1200,32630,3,0,0,0,3,3,1,ds2,1755.0,Jungwuchs/Dickung,Jungwuchs/Dickung_8,0,1,3.263,young,1643.4,Flühli LU
1201,27443,2,1,0,1,2,2,2,ds4,3679.0,Schwaches Baumholz,Schwaches Baumholz_13,0,1,2.744,not_young,898.1,Hasle LU
1204,38822,2,1,0,1,2,2,2,ds3,3724.0,Stangenholz,Stangenholz_6,0,1,3.882,not_young,1304.8,Sörenberg
1205,29538,3,0,0,0,3,4,3,ds6,1443.0,Starkes Baumholz,Starkes Baumholz_13,0,1,2.954,not_young,970.1,Marbach LU
1206,23580,3,0,0,0,3,4,3,ds4,3663.0,Schwaches Baumholz,Schwaches Baumholz_6,0,1,2.358,not_young,1017.2,Marbach LU
1207,22155,4,0,0,0,3,4,3,ds4,1611.0,Schwaches Baumholz,Schwaches Baumholz_6,0,1,2.215,not_young,1138.1,Hasle LU
1216,41590,1,0,2,2,1,1,1,ds4,7722.0,Schwaches Baumholz,Schwaches Baumholz_8,0,1,4.159,not_young,1615.8,Finsterwald b. E.
1218,14433,2,1,0,1,2,2,2,ds6,1455.0,Starkes Baumholz,Starkes Baumholz_6,0,1,1.443,not_young,1000.9,Flühli LU
1219,17825,2,1,0,1,2,2,2,ds6,1456.0,Starkes Baumholz,Starkes Baumholz_6,0,1,1.783,not_young,1172.2,Sörenberg
1220,27438,2,1,0,1,2,2,2,ds6,1470.0,Starkes Baumholz,Starkes Baumholz_13,0,1,2.744,not_young,958.8,Wiggen
1222,23190,2,1,0,1,2,2,2,ds2,1719.0,Jungwuchs/Dickung,Jungwuchs/Dickung_6,0,1,2.319,young,1250.9,Finsterwald b. E.
1224,24292,4,0,0,0,3,4,3,ds5,1524.0,Mittleres Baumholz,Mittleres Baumholz_6,0,1,2.429,not_young,1038.9,Marbach LU
1225,21129,2,1,0,1,2,2,2,ds6,1463.0,Starkes Baumholz,Starkes Baumholz_13,0,1,2.113,not_young,981.4,Escholzmatt
1227,34068,2,1,0,1,2,2,2,ds3,1652.0,Stangenholz,Stangenholz_6,0,1,3.407,not_young,1311.2,Flühli LU
1228,50125,2,1,0,1,2,2,2,ds4,1580.0,Schwaches Baumholz,Schwaches Baumholz_6,0,1,5.013,not_young,1366.8,Flühli LU
1229,13554,2,1,0,1,2,2,2,ds4,3618.0,Schwaches Baumholz,Schwaches Baumholz_13,0,1,1.355,not_young,818.7999999999998,Schüpfheim
1230,20706,3,0,0,0,3,3,3,ds5,3555.0,Mittleres Baumholz,Mittleres Baumholz_6,0,1,2.071,not_young,1009.7,Flühli LU
1231,57038,2,1,0,1,2,2,2,ds2,1708.0,Jungwuchs/Dickung,Jungwuchs/Dickung_6,0,1,5.704,young,1316.8,Wiggen
1232,38763,2,1,0,1,2,2,2,ds6,3528.0,Starkes Baumholz,Starkes Baumholz_13,0,1,3.876,not_young,915.6,Wiggen
1233,43391,4,0,0,0,3,4,3,ds4,5661.0,Schwaches Baumholz,Schwaches Baumholz_6,0,1,4.339,not_young,1116.4,Rengg
1234,6605,3,0,0,0,3,4,3,ds6,1484.0,Starkes Baumholz,Starkes Baumholz_6,0,1,0.661,not_young,1162.2,Hasle LU
1235,15940,2,1,0,1,2,2,2,ds5,3544.0,Mittleres Baumholz,Mittleres Baumholz_6,0,1,1.594,not_young,1374.0,Marbach LU
1236,14414,4,0,0,0,3,4,3,ds6,1482.0,Starkes Baumholz,Starkes Baumholz_6,0,1,1.441,not_young,1079.7,Rengg
1237,37769,2,1,0,1,2,2,2,ds5,1508.0,Mittleres Baumholz,Mittleres Baumholz_6,0,1,3.777,not_young,1177.8,Wiggen
1239,21043,2,1,0,1,2,2,2,ds4,1560.0,Schwaches Baumholz,Schwaches Baumholz_6,0,1,2.104,not_young,1416.4,Wiggen
1240,22096,1,0,2,2,1,1,1,ds3,1626.0,Stangenholz,Stangenholz_8,0,1,2.21,not_young,1664.6,Finsterwald b. E.
1243,37644,3,0,0,0,3,3,3,ds3,3667.0,Stangenholz,Stangenholz_10,0,1,3.764,not_young,1489.5,Sörenberg
1246,21290,2,1,0,1,2,2,2,ds5,3528.0,Mittleres Baumholz,Mittleres Baumholz_6,0,1,2.129,not_young,1222.5,Hasle LU
1247,38261,3,0,0,0,3,4,3,ds6,5600.0,Starkes Baumholz,Starkes Baumholz_13,0,1,3.826,not_young,855.2999999999998,Marbach LU
1251,37531,2,1,0,1,2,2,2,ds4,5634.0,Schwaches Baumholz,Schwaches Baumholz_6,0,1,3.753,not_young,1132.6,Escholzmatt
1252,30677,2,1,0,1,2,2,2,ds3,3660.0,Stangenholz,Stangenholz_8,0,1,3.068,not_young,1640.9,Wiggen
1255,47823,2,1,0,1,2,2,2,ds4,3585.0,Schwaches Baumholz,Schwaches Baumholz_13,0,1,4.782,not_young,904.5,Rengg
1256,11859,2,1,0,1,2,2,2,ds4,1548.0,Schwaches Baumholz,Schwaches Baumholz_6,0,1,1.186,not_young,1061.1,Marbach LU
1257,32998,2,1,0,1,2,2,2,ds4,3587.0,Schwaches Baumholz,Schwaches Baumholz_6,0,1,3.3,not_young,1087.0,Flühli LU
1258,63385,2,1,0,1,2,2,2,ds1,1740.0,Jungwuchs/Dickung,Jungwuchs/Dickung_6,0,1,6.339,young,1462.0,Marbach LU
1259,12532,4,0,0,0,3,4,3,ds6,1516.0,Starkes Baumholz,Starkes Baumholz_13,0,1,1.253,not_young,940.5,Ebnet
1264,38569,1,0,2,2,1,1,1,ds3,1605.0,Stangenholz,Stangenholz_10,0,1,3.857,not_young,1458.9,Sörenberg
1265,13529,3,0,0,0,3,3,3,ds4,1542.0,Schwaches Baumholz,Schwaches Baumholz_6,0,1,1.353,not_young,1350.3,Sörenberg
1268,56722,4,0,0,0,3,4,3,ds6,5372.0,Starkes Baumholz,Starkes Baumholz_6,0,1,5.672,not_young,1058.4,Rengg
1269,20084,1,0,2,2,1,1,1,ds5,1467.0,Mittleres Baumholz,Mittleres Baumholz_6,0,1,2.008,not_young,1283.8,Finsterwald b. E.
1270,32521,2,1,0,1,2,2,2,ds4,1530.0,Schwaches Baumholz,Schwaches Baumholz_6,0,1,3.252,not_young,1190.3,Marbach LU
1271,17038,2,1,0,1,2,2,2,ds6,1519.0,Starkes Baumholz,Starkes Baumholz_10,0,1,1.704,not_young,1442.3,Sörenberg
1272,14601,3,0,0,0,3,3,3,ds5,1470.0,Mittleres Baumholz,Mittleres Baumholz_6,0,1,1.46,not_young,1301.1,Flühli LU
1274,21627,2,1,0,1,2,2,1,ds2,1651.0,Jungwuchs/Dickung,Jungwuchs/Dickung_13,0,1,2.163,young,959.8,Hasle LU
1275,44260,2,1,0,1,2,2,2,ds5,1458.0,Mittleres Baumholz,Mittleres Baumholz_6,0,1,4.426,not_young,1311.0,Flühli LU
1276,45959,4,0,0,0,3,4,3,ds5,5536.0,Mittleres Baumholz,Mittleres Baumholz_6,0,1,4.596,not_young,1187.5,Hasle LU
1277,24032,3,0,0,0,3,3,3,ds5,3501.0,Mittleres Baumholz,Mittleres Baumholz_6,0,1,2.403,not_young,990.1,Rengg
1279,16590,3,0,0,0,3,3,3,ds5,3500.0,Mittleres Baumholz,Mittleres Baumholz_6,0,1,1.659,not_young,1288.0,Sörenberg
1284,65996,2,1,0,1,2,2,2,ds4,9680.0,Schwaches Baumholz,Schwaches Baumholz_6,0,1,6.6,not_young,1053.4,Marbach LU
1285,1150,3,0,0,0,3,3,3,ds1,1708.0,Jungwuchs/Dickung,Jungwuchs/Dickung_6,0,1,0.115,young,1355.6,Wiggen
1287,52927,4,0,0,0,3,4,3,ds6,7440.0,Starkes Baumholz,Starkes Baumholz_13,0,1,5.293,not_young,856.5,Marbach LU
1288,33703,4,0,0,0,3,4,3,ds5,1440.0,Mittleres Baumholz,Mittleres Baumholz_6,0,1,3.37,not_young,1081.0,Hasle LU
1289,50727,2,1,0,1,2,2,2,ds3,3620.0,Stangenholz,Stangenholz_6,0,1,5.073,not_young,1352.2,Flühli LU
1291,37640,2,1,0,1,2,2,2,ds3,1575.0,Stangenholz,Stangenholz_6,0,1,3.764,not_young,1186.4,Flühli LU
1294,47413,2,1,0,1,2,2,2,ds6,3344.0,Starkes Baumholz,Starkes Baumholz_13,0,1,4.741,not_young,905.7,Rengg
1295,36842,2,1,0,1,2,2,2,ds3,3612.0,Stangenholz,Stangenholz_6,0,1,3.684,not_young,1302.4,Hasle LU
1296,33380,3,0,0,0,3,3,3,ds5,3486.0,Mittleres Baumholz,Mittleres Baumholz_6,0,1,3.338,not_young,1253.8,Sörenberg
1297,15155,3,0,0,0,3,3,3,ds5,1434.0,Mittleres Baumholz,Mittleres Baumholz_6,0,1,1.516,not_young,1342.6,Finsterwald b. E.
1298,52992,2,1,0,1,2,2,2,ds5,3472.0,Mittleres Baumholz,Mittleres Baumholz_6,0,1,5.299,not_young,1246.8,Finsterwald b. E.
1299,17033,3,0,0,0,3,3,3,ds4,1503.0,Schwaches Baumholz,Schwaches Baumholz_6,0,1,1.703,not_young,1391.6,Sörenberg
1300,40850,2,1,0,1,2,2,1,ds4,1488.0,Schwaches Baumholz,Schwaches Baumholz_6,0,1,4.085,not_young,1256.3,Flühli LU
1301,9047,3,0,0,0,3,3,1,ds5,1428.0,Mittleres Baumholz,Mittleres Baumholz_6,0,1,0.905,not_young,1341.2,Sörenberg
1305,38560,2,1,0,1,2,2,2,ds4,3523.0,Schwaches Baumholz,Schwaches Baumholz_6,0,1,3.856,not_young,1362.8,Sörenberg
1306,20821,2,1,0,1,2,2,2,ds2,1602.0,Jungwuchs/Dickung,Jungwuchs/Dickung_6,0,1,2.082,young,1264.1,Schüpfheim
1310,32670,3,0,0,0,3,3,3,ds3,1536.0,Stangenholz,Stangenholz_8,0,1,3.267,not_young,1657.7,Flühli LU
1313,41514,2,1,0,1,2,2,2,ds6,3375.0,Starkes Baumholz,Starkes Baumholz_13,0,1,4.151,not_young,968.3,Escholzmatt
1314,27746,4,0,0,0,3,4,3,ds5,3454.0,Mittleres Baumholz,Mittleres Baumholz_6,0,1,2.775,not_young,1014.4,Marbach LU
1315,21575,4,0,0,0,3,4,3,ds4,5558.0,Schwaches Baumholz,Schwaches Baumholz_6,0,1,2.158,not_young,1105.6,Finsterwald b. E.
1316,9935,2,1,0,1,2,2,2,ds5,1405.0,Mittleres Baumholz,Mittleres Baumholz_6,0,1,0.993,not_young,1148.6,Schangnau
1317,8650,4,0,0,0,3,4,3,ds5,1404.0,Mittleres Baumholz,Mittleres Baumholz_8,0,1,0.865,not_young,1569.7,Finsterwald b. E.
1318,61997,3,0,0,0,3,3,3,ds2,1596.0,Jungwuchs/Dickung,Jungwuchs/Dickung_8,0,1,6.2,young,1608.9,Sörenberg
1319,43849,2,1,0,1,2,2,2,ds3,1533.0,Stangenholz,Stangenholz_6,0,1,4.385,not_young,1588.6,Wiggen
1320,60887,2,1,0,1,2,2,2,ds6,1328.0,Starkes Baumholz,Starkes Baumholz_13,0,1,6.089,not_young,1470.8,Escholzmatt
1321,39820,2,1,0,1,2,2,2,ds5,3444.0,Mittleres Baumholz,Mittleres Baumholz_13,0,1,3.982,not_young,856.6,Finsterwald b. E.
1322,10577,2,1,0,1,2,2,2,ds4,1456.0,Schwaches Baumholz,Schwaches Baumholz_6,0,1,1.058,not_young,1259.1,Flühli LU
1323,55172,2,1,0,1,2,2,2,ds4,3510.0,Schwaches Baumholz,Schwaches Baumholz_6,0,1,5.517,not_young,1350.3,Sörenberg
1326,22144,2,1,0,1,2,2,2,ds5,3447.0,Mittleres Baumholz,Mittleres Baumholz_6,0,1,2.214,not_young,1005.0,Schüpfheim
1330,21555,2,1,0,1,2,2,2,ds3,1524.0,Stangenholz,Stangenholz_6,0,1,2.155,not_young,1326.3,Marbach LU
1333,27097,4,0,0,0,3,4,3,ds5,1386.0,Mittleres Baumholz,Mittleres Baumholz_6,0,1,2.71,not_young,1440.0,Marbach LU
1334,25390,2,1,0,1,2,2,2,ds5,1391.0,Mittleres Baumholz,Mittleres Baumholz_13,0,1,2.539,not_young,975.9,Escholzmatt
1336,33568,2,1,0,1,2,2,2,ds4,1445.0,Schwaches Baumholz,Schwaches Baumholz_6,0,1,3.357,not_young,1072.5,Sörenberg
1338,32284,2,1,0,1,2,2,2,ds5,1368.0,Mittleres Baumholz,Mittleres Baumholz_6,0,1,3.228,not_young,1270.2,Escholzmatt
1339,29544,3,0,0,0,3,3,3,ds4,3472.0,Schwaches Baumholz,Schwaches Baumholz_6,0,1,2.954,not_young,1265.5,Wiggen
1340,30630,2,1,0,1,2,2,2,ds4,5525.0,Schwaches Baumholz,Schwaches Baumholz_6,0,1,3.063,not_young,1254.9,Marbach LU
1344,27933,4,0,0,0,3,4,3,ds5,5448.0,Mittleres Baumholz,Mittleres Baumholz_6,0,1,2.793,not_young,1059.5,Marbach LU
1346,15697,2,1,0,1,2,2,2,ds6,1372.0,Starkes Baumholz,Starkes Baumholz_6,0,1,1.57,not_young,1287.5,Hasle LU
1348,20460,2,1,0,1,2,2,2,ds5,3400.0,Mittleres Baumholz,Mittleres Baumholz_13,0,1,2.046,not_young,927.9,Marbach LU
1350,29943,2,1,0,1,2,2,2,ds5,5445.0,Mittleres Baumholz,Mittleres Baumholz_6,0,1,2.994,not_young,1407.1,Marbach LU
1351,12637,2,1,0,1,2,2,2,ds6,1380.0,Starkes Baumholz,Starkes Baumholz_6,0,1,1.264,not_young,1325.8,Sörenberg
1353,33544,2,1,0,1,2,2,2,ds3,1484.0,Stangenholz,Stangenholz_6,0,1,3.354,not_young,1309.9,Finsterwald b. E.
1354,26130,2,1,0,1,2,2,2,ds5,1344.0,Mittleres Baumholz,Mittleres Baumholz_6,0,1,2.613,not_young,1295.7,Schüpfheim
1355,21830,2,1,0,1,2,2,2,ds4,1410.0,Schwaches Baumholz,Schwaches Baumholz_6,0,1,2.183,not_young,1299.0,Flühli LU
1357,20137,3,0,0,0,3,3,3,ds3,1477.0,Stangenholz,Stangenholz_6,0,1,2.014,not_young,1364.3,Sörenberg
1358,17446,3,0,0,0,3,3,3,ds5,1351.0,Mittleres Baumholz,Mittleres Baumholz_6,0,1,1.745,not_young,1214.0,Sörenberg
1359,30041,3,0,0,0,3,3,1,ds4,5490.0,Schwaches Baumholz,Schwaches Baumholz_6,0,1,3.004,not_young,1146.7,Finsterwald b. E.
1361,7445,3,0,0,0,3,3,1,ds5,1336.0,Mittleres Baumholz,Mittleres Baumholz_6,0,1,0.744,not_young,1409.5,Finsterwald b. E.
1362,11827,4,0,0,0,3,4,3,ds3,1470.0,Stangenholz,Stangenholz_6,0,1,1.183,not_young,1134.1,Hasle LU
1365,52448,2,1,0,1,2,2,2,ds3,5544.0,Stangenholz,Stangenholz_6,0,1,5.245,not_young,1296.6,Escholzmatt
1367,21890,2,1,0,1,2,2,2,ds4,3432.0,Schwaches Baumholz,Schwaches Baumholz_13,0,1,2.189,not_young,916.5,Wiggen
1371,14563,3,0,0,0,3,3,3,ds4,1386.0,Schwaches Baumholz,Schwaches Baumholz_6,0,1,1.456,not_young,1001.0,Rengg
1372,26807,2,1,0,1,2,2,1,ds2,1512.0,Jungwuchs/Dickung,Jungwuchs/Dickung_6,0,1,2.681,young,1263.6,Hasle LU
1373,29300,2,1,0,1,2,2,2,ds6,1155.0,Starkes Baumholz,Starkes Baumholz_6,0,1,2.93,not_young,1209.9,Marbach LU
1374,48246,4,0,0,0,3,4,3,ds6,3213.0,Starkes Baumholz,Starkes Baumholz_13,0,1,4.825,not_young,917.4,Hasle LU
1375,32770,3,0,0,0,3,4,3,ds3,1452.0,Stangenholz,Stangenholz_13,0,1,3.277,not_young,963.7,Finsterwald b. E.
1377,14760,2,1,0,1,2,2,2,ds3,1442.0,Stangenholz,Stangenholz_6,0,1,1.476,not_young,1188.8,Finsterwald b. E.
1378,26360,4,0,0,0,3,4,3,ds3,1440.0,Stangenholz,Stangenholz_6,0,1,2.636,not_young,1019.5,Hasle LU
1379,22155,3,0,0,0,3,3,3,ds5,3352.0,Mittleres Baumholz,Mittleres Baumholz_6,0,1,2.216,not_young,1104.5,Hasle LU
1382,29392,1,0,2,2,1,1,1,ds4,5457.0,Schwaches Baumholz,Schwaches Baumholz_6,0,1,2.939,not_young,1281.1,Finsterwald b. E.
1384,30310,2,1,0,1,2,2,2,ds4,3408.0,Schwaches Baumholz,Schwaches Baumholz_6,0,1,3.031,not_young,1419.7,Flühli LU
1386,14741,4,0,0,0,3,4,3,ds2,1503.0,Jungwuchs/Dickung,Jungwuchs/Dickung_13,0,1,1.474,young,934.2,Rengg
1387,26772,2,1,0,1,2,2,2,ds3,3472.0,Stangenholz,Stangenholz_6,0,1,2.677,not_young,951.0,Flühli LU
1388,7734,4,0,0,0,3,4,3,ds4,1375.0,Schwaches Baumholz,Schwaches Baumholz_6,0,1,0.773,not_young,1202.7,Marbach LU
1390,32638,4,0,0,0,3,4,3,ds5,5388.0,Mittleres Baumholz,Mittleres Baumholz_6,0,1,3.264,not_young,1088.6,Wiggen
1391,14879,1,0,2,2,1,1,1,ds5,3336.0,Mittleres Baumholz,Mittleres Baumholz_6,0,1,1.488,not_young,1301.9,Finsterwald b. E.
1393,39352,3,0,0,0,3,4,3,ds5,1300.0,Mittleres Baumholz,Mittleres Baumholz_13,0,1,3.935,not_young,1021.8,Hasle LU
1394,22896,3,0,0,0,3,3,1,ds2,1495.0,Jungwuchs/Dickung,Jungwuchs/Dickung_6,0,1,2.29,young,1302.9,Finsterwald b. E.
1395,21197,1,1,2,3,1,1,1,ds2,1482.0,Jungwuchs/Dickung,Jungwuchs/Dickung_8,0,1,2.12,young,1794.1,Finsterwald b. E.
1398,26156,3,0,0,0,3,3,3,ds4,3393.0,Schwaches Baumholz,Schwaches Baumholz_10,0,1,2.616,not_young,1450.3,Flühli LU
1399,9731,2,1,0,1,2,2,2,ds6,1185.0,Starkes Baumholz,Starkes Baumholz_6,0,1,0.973,not_young,1049.8,Flühli LU
1400,21263,3,0,0,0,3,4,3,ds5,3328.0,Mittleres Baumholz,Mittleres Baumholz_6,0,1,2.126,not_young,1220.8,Schangnau
1401,47644,4,0,0,0,3,4,3,ds4,7486.0,Schwaches Baumholz,Schwaches Baumholz_6,0,1,4.764,not_young,1138.7,Hasle LU
1403,20094,2,1,0,1,2,2,2,ds4,1359.0,Schwaches Baumholz,Schwaches Baumholz_6,0,1,2.009,not_young,1200.8,Finsterwald b. E.
1404,13444,4,0,0,0,3,4,3,ds3,1410.0,Stangenholz,Stangenholz_6,0,1,1.344,not_young,1089.8,Schüpfheim
1405,40078,2,1,0,1,2,2,2,ds6,3240.0,Starkes Baumholz,Starkes Baumholz_6,0,1,4.008,not_young,1076.3,Flühli LU
1407,20854,4,0,0,0,3,4,3,ds4,3384.0,Schwaches Baumholz,Schwaches Baumholz_6,0,1,2.085,not_young,1237.2,Schüpfheim
1412,20120,4,0,0,0,3,4,3,ds5,3312.0,Mittleres Baumholz,Mittleres Baumholz_6,0,1,2.012,not_young,1236.5,Finsterwald b. E.
1414,27729,2,1,0,1,2,2,2,ds2,1470.0,Jungwuchs/Dickung,Jungwuchs/Dickung_6,0,1,2.773,young,1239.9,Sörenberg
1418,22559,2,1,0,1,2,2,2,ds3,3444.0,Stangenholz,Stangenholz_13,0,1,2.256,not_young,910.1,Flühli LU
1420,28517,3,0,0,0,3,3,3,ds3,1392.0,Stangenholz,Stangenholz_10,0,1,2.852,not_young,1583.2,Sörenberg
1421,91131,2,1,0,1,2,2,1,ds2,3496.0,Jungwuchs/Dickung,Jungwuchs/Dickung_6,0,1,9.113,young,1385.7,Wiggen
1422,46408,2,1,0,1,2,2,1,ds4,5408.0,Schwaches Baumholz,Schwaches Baumholz_13,0,1,4.641,not_young,853.1,Finsterwald b. E.
1424,2350,2,1,0,1,2,2,2,ds1,1524.0,Jungwuchs/Dickung,Jungwuchs/Dickung_6,0,1,0.235,young,1346.8,Marbach LU
1425,28075,3,0,0,0,3,3,1,ds4,3372.0,Schwaches Baumholz,Schwaches Baumholz_6,0,1,2.808,not_young,1361.5,Sörenberg
1426,41550,3,0,0,0,3,3,3,ds3,5472.0,Stangenholz,Stangenholz_6,0,1,4.155,not_young,1474.0,Sörenberg
1427,13331,3,0,0,0,3,3,1,ds3,1386.0,Stangenholz,Stangenholz_8,0,1,1.333,not_young,1616.3,Sörenberg
1428,17605,2,1,0,1,2,2,2,ds5,3296.0,Mittleres Baumholz,Mittleres Baumholz_6,0,1,1.761,not_young,1111.8,Schüpfheim
1429,34062,2,1,0,1,2,2,2,ds6,3278.0,Starkes Baumholz,Starkes Baumholz_6,0,1,3.406,not_young,1320.0,Sörenberg
1431,16123,3,0,0,0,3,4,3,ds6,1216.0,Starkes Baumholz,Starkes Baumholz_6,0,1,1.612,not_young,1101.3,Finsterwald b. E.
1432,36876,2,1,0,1,2,2,1,ds3,3430.0,Stangenholz,Stangenholz_8,0,1,3.688,not_young,1752.7,Sörenberg
1433,44934,1,0,2,2,1,1,1,ds1,1512.0,Jungwuchs/Dickung,Jungwuchs/Dickung_8,0,1,4.493,young,1578.8,Finsterwald b. E.
1434,11817,3,0,0,0,3,3,3,ds6,1225.0,Starkes Baumholz,Starkes Baumholz_6,0,1,1.182,not_young,1114.0,Flühli LU
1435,14719,2,1,0,1,2,2,2,ds4,1316.0,Schwaches Baumholz,Schwaches Baumholz_6,0,1,1.472,not_young,1226.5,Schangnau
1436,32054,2,1,0,1,2,2,1,ds3,3417.0,Stangenholz,Stangenholz_6,0,1,3.205,not_young,1250.0,Hasle LU
1437,71076,3,0,0,0,3,3,3,ds2,3480.0,Jungwuchs/Dickung,Jungwuchs/Dickung_6,0,1,7.108,young,1230.6,Sörenberg
1438,42380,2,1,0,1,2,2,2,ds3,1380.0,Stangenholz,Stangenholz_6,0,1,4.238,not_young,1057.0,Marbach LU
1439,20349,3,0,0,0,3,3,3,ds3,1370.0,Stangenholz,Stangenholz_6,0,1,2.035,not_young,1242.1,Schangnau
1442,1700,3,0,0,0,3,3,3,ds1,1503.0,Jungwuchs/Dickung,Jungwuchs/Dickung_6,0,1,0.17,young,1323.1,Sörenberg
1443,32578,2,1,0,1,2,2,2,ds5,5334.0,Mittleres Baumholz,Mittleres Baumholz_6,0,1,3.258,not_young,1252.3,Schüpfheim
1444,12754,3,0,0,0,3,4,3,ds3,1374.0,Stangenholz,Stangenholz_10,0,1,1.275,not_young,1518.0,Finsterwald b. E.
1445,35650,2,1,0,1,2,2,2,ds5,1246.0,Mittleres Baumholz,Mittleres Baumholz_6,0,1,3.565,not_young,1099.1,Sörenberg
1446,26280,4,0,0,0,3,4,3,ds4,1296.0,Schwaches Baumholz,Schwaches Baumholz_6,0,1,2.628,not_young,1051.1,Rengg
1447,71174,2,1,0,1,2,2,2,ds5,1232.0,Mittleres Baumholz,Mittleres Baumholz_6,0,1,7.117,not_young,1314.0,Flühli LU
1449,9135,3,0,0,0,3,4,3,ds6,1244.0,Starkes Baumholz,Starkes Baumholz_13,0,1,0.913,not_young,1013.8,Hasle LU
1450,16876,1,1,2,3,1,1,1,ds4,3336.0,Schwaches Baumholz,Schwaches Baumholz_6,0,1,1.688,not_young,1232.3,Flühli LU
1451,2116,3,0,0,0,3,3,3,ds6,3302.0,Starkes Baumholz,Starkes Baumholz_6,0,1,0.212,not_young,1199.0,Sörenberg
1454,11101,3,0,0,0,3,3,3,ds2,1428.0,Jungwuchs/Dickung,Jungwuchs/Dickung_6,0,1,1.11,young,1169.3,Hasle LU
1455,75453,2,1,0,1,2,2,2,ds4,5376.0,Schwaches Baumholz,Schwaches Baumholz_6,0,1,7.545,not_young,1210.0,Marbach LU
1456,30738,2,1,0,1,2,2,2,ds6,3300.0,Starkes Baumholz,Starkes Baumholz_6,0,1,3.074,not_young,1348.6,Marbach LU
1458,47629,3,0,0,0,3,3,1,ds5,3276.0,Mittleres Baumholz,Mittleres Baumholz_6,0,1,4.763,not_young,1173.3,Hasle LU
1459,35548,4,0,0,0,3,4,3,ds6,5355.0,Starkes Baumholz,Starkes Baumholz_6,0,1,3.555,not_young,1106.9,Marbach LU
1461,52596,3,0,0,0,3,4,3,ds6,7413.0,Starkes Baumholz,Starkes Baumholz_13,0,1,5.26,not_young,913.8,Marbach LU
1465,24228,3,0,0,0,3,3,3,ds5,3267.0,Mittleres Baumholz,Mittleres Baumholz_6,0,1,2.423,not_young,1108.8,Flühli LU
1467,21777,3,0,0,0,3,3,3,ds2,1408.0,Jungwuchs/Dickung,Jungwuchs/Dickung_6,0,1,2.178,young,1148.4,Rengg
1469,56988,2,1,0,1,2,2,1,ds5,3256.0,Mittleres Baumholz,Mittleres Baumholz_6,0,1,5.699,not_young,1875.6,Sörenberg
1470,5629,2,1,0,1,2,2,2,ds4,1272.0,Schwaches Baumholz,Schwaches Baumholz_13,0,1,0.563,not_young,963.2,Marbach LU
1472,41140,4,0,0,0,3,4,3,ds4,5364.0,Schwaches Baumholz,Schwaches Baumholz_6,0,1,4.114,not_young,1409.4,Wiggen
1473,13806,3,0,0,0,3,3,3,ds6,1267.0,Starkes Baumholz,Starkes Baumholz_6,0,1,1.381,not_young,1245.7,Sörenberg
1477,31675,4,0,0,0,3,4,3,ds5,5302.0,Mittleres Baumholz,Mittleres Baumholz_6,0,1,3.167,not_young,1190.7,Finsterwald b. E.
1478,13908,2,1,0,1,2,2,2,ds2,1407.0,Jungwuchs/Dickung,Jungwuchs/Dickung_6,0,1,1.391,young,1376.4,Schüpfheim
1481,18499,2,1,0,1,2,2,2,ds3,1341.0,Stangenholz,Stangenholz_6,0,1,1.85,not_young,1237.2,Hasle LU
1483,16147,4,0,0,0,3,4,3,ds5,1204.0,Mittleres Baumholz,Mittleres Baumholz_6,0,1,1.615,not_young,1182.0,Wiggen
1486,12316,4,0,0,0,3,4,3,ds2,1384.0,Jungwuchs/Dickung,Jungwuchs/Dickung_13,0,1,1.232,young,1023.3,Marbach LU
1488,37802,2,1,0,1,2,2,2,ds4,1260.0,Schwaches Baumholz,Schwaches Baumholz_6,0,1,3.78,not_young,1437.4,Sörenberg
1489,26429,2,1,0,1,2,2,2,ds4,3302.0,Schwaches Baumholz,Schwaches Baumholz_6,0,1,2.643,not_young,1256.1,Sörenberg
1491,25352,2,1,0,1,2,2,2,ds2,1376.0,Jungwuchs/Dickung,Jungwuchs/Dickung_6,0,1,2.535,young,1258.1,Schüpfheim
1492,31989,2,1,0,1,2,2,2,ds5,5278.0,Mittleres Baumholz,Mittleres Baumholz_6,0,1,3.199,not_young,1031.8,Rengg
1495,35065,1,0,2,2,1,1,1,ds1,1440.0,Jungwuchs/Dickung,Jungwuchs/Dickung_8,0,1,3.507,young,1509.0,Finsterwald b. E.
1496,40741,2,1,0,1,2,2,2,ds2,1368.0,Jungwuchs/Dickung,Jungwuchs/Dickung_6,0,1,4.074,young,1178.1,Escholzmatt
1497,14226,3,0,0,0,3,3,3,ds3,1305.0,Stangenholz,Stangenholz_13,0,1,1.423,not_young,888.1,Flühli LU
1498,17606,2,1,0,1,2,2,2,ds6,1043.0,Starkes Baumholz,Starkes Baumholz_6,0,1,1.761,not_young,1134.8,Flühli LU
1499,39223,2,1,0,1,2,2,2,ds4,3280.0,Schwaches Baumholz,Schwaches Baumholz_13,0,1,3.922,not_young,909.5,Flühli LU
1500,8515,3,0,0,0,3,3,1,ds6,1044.0,Starkes Baumholz,Starkes Baumholz_6,0,1,0.852,not_young,1240.3,Finsterwald b. E.
1502,6884,2,1,0,1,2,2,2,ds3,1308.0,Stangenholz,Stangenholz_6,0,1,0.688,not_young,1331.0,Wiggen
1503,18559,3,0,0,0,3,3,1,ds4,1233.0,Schwaches Baumholz,Schwaches Baumholz_10,0,1,1.856,not_young,1449.4,Sörenberg
1504,25920,3,0,0,0,3,3,3,ds6,3096.0,Starkes Baumholz,Starkes Baumholz_6,0,1,2.592,not_young,1280.0,Sörenberg
1508,8603,4,0,0,0,3,4,3,ds4,1239.0,Schwaches Baumholz,Schwaches Baumholz_6,0,1,0.86,not_young,999.4,Finsterwald b. E.
1509,32707,1,1,2,3,1,1,1,ds2,1365.0,Jungwuchs/Dickung,Jungwuchs/Dickung_6,0,1,3.271,young,1446.8,Flühli LU
1511,18848,3,0,0,0,3,3,3,ds4,1224.0,Schwaches Baumholz,Schwaches Baumholz_6,0,1,1.885,not_young,1453.8,Marbach LU
1513,2450,3,0,0,0,3,4,3,ds3,1288.0,Stangenholz,Stangenholz_6,0,1,0.245,not_young,1046.0,Flühli LU
1514,11603,4,0,0,0,3,4,3,ds3,1295.0,Stangenholz,Stangenholz_6,0,1,1.16,not_young,1070.6,Marbach LU
1516,37083,4,0,0,0,3,4,3,ds6,1056.0,Starkes Baumholz,Starkes Baumholz_6,0,1,3.708,not_young,1030.7,Hasle LU
1517,29367,3,0,0,0,3,3,3,ds5,3204.0,Mittleres Baumholz,Mittleres Baumholz_6,0,1,2.937,not_young,1168.9,Sörenberg
1519,33811,3,0,0,0,3,3,1,ds5,1152.0,Mittleres Baumholz,Mittleres Baumholz_6,0,1,3.381,not_young,1194.3,Finsterwald b. E.
1522,17966,2,1,0,1,2,2,2,ds5,3206.0,Mittleres Baumholz,Mittleres Baumholz_6,0,1,1.797,not_young,1289.7,Sörenberg
1524,15076,2,1,0,1,2,2,2,ds6,1068.0,Starkes Baumholz,Starkes Baumholz_6,0,1,1.508,not_young,1243.0,Escholzmatt
1525,31254,2,1,0,1,2,2,1,ds4,1222.0,Schwaches Baumholz,Schwaches Baumholz_13,0,1,3.125,not_young,843.6,Hasle LU
1526,36644,2,1,0,1,2,2,1,ds5,1144.0,Mittleres Baumholz,Mittleres Baumholz_6,0,1,3.664,not_young,1051.7,Flühli LU
1527,49419,3,0,0,0,3,4,3,ds3,5360.0,Stangenholz,Stangenholz_6,0,1,4.942,not_young,1206.6,Marbach LU
1531,2000,4,0,0,0,3,4,3,ds4,5302.0,Schwaches Baumholz,Schwaches Baumholz_6,0,1,0.2,not_young,1197.0,Finsterwald b. E.
1533,49247,2,1,0,1,2,2,1,ds1,1403.0,Jungwuchs/Dickung,Jungwuchs/Dickung_6,0,1,4.925,young,1475.8,Flühli LU
1535,21039,2,1,0,1,2,2,2,ds5,3177.0,Mittleres Baumholz,Mittleres Baumholz_13,0,1,2.104,not_young,892.8999999999999,Marbach LU
1536,30333,2,1,0,1,2,2,2,ds5,3180.0,Mittleres Baumholz,Mittleres Baumholz_6,0,1,3.033,not_young,1253.9,Marbach LU
1539,40763,2,1,0,1,2,2,2,ds6,1100.0,Starkes Baumholz,Starkes Baumholz_13,0,1,4.076,not_young,879.0,Schüpfheim
1540,38220,1,0,2,2,1,1,1,ds3,1248.0,Stangenholz,Stangenholz_6,0,1,3.822,not_young,1371.1,Sörenberg
1541,43511,2,1,0,1,2,2,2,ds5,3160.0,Mittleres Baumholz,Mittleres Baumholz_13,0,1,4.351,not_young,978.6,Finsterwald b. E.
1542,10220,4,0,0,0,3,4,3,ds4,1188.0,Schwaches Baumholz,Schwaches Baumholz_13,0,1,1.022,not_young,900.3999999999999,Schüpfheim
1544,12826,3,0,0,0,3,3,3,ds4,1176.0,Schwaches Baumholz,Schwaches Baumholz_10,0,1,1.283,not_young,1540.6,Flühli LU
1546,42900,2,1,0,1,2,2,2,ds6,3165.0,Starkes Baumholz,Starkes Baumholz_6,0,1,4.29,not_young,1018.5,Sörenberg
1550,29813,3,0,0,0,3,3,3,ds4,1183.0,Schwaches Baumholz,Schwaches Baumholz_6,0,1,2.981,not_young,1177.4,Finsterwald b. E.
1552,15138,4,0,0,0,3,4,3,ds4,1168.0,Schwaches Baumholz,Schwaches Baumholz_6,0,1,1.514,not_young,1053.0,Finsterwald b. E.
1553,14126,1,0,2,2,1,1,1,ds2,1296.0,Jungwuchs/Dickung,Jungwuchs/Dickung_10,0,1,1.413,young,1534.4,Finsterwald b. E.
1555,16886,3,0,0,0,3,3,3,ds4,3208.0,Schwaches Baumholz,Schwaches Baumholz_6,0,1,1.689,not_young,988.8,Rengg
1556,34839,4,0,0,0,3,4,3,ds3,1232.0,Stangenholz,Stangenholz_6,0,1,3.484,not_young,1276.3,Hasle LU
1557,13952,2,1,0,1,2,2,2,ds6,1112.0,Starkes Baumholz,Starkes Baumholz_6,0,1,1.395,not_young,1235.7,Marbach LU
1558,47461,2,1,0,1,2,2,2,ds2,1288.0,Jungwuchs/Dickung,Jungwuchs/Dickung_6,0,1,4.746,young,1200.4,Flühli LU
1562,25232,2,1,0,1,2,2,2,ds4,5244.0,Schwaches Baumholz,Schwaches Baumholz_6,0,1,2.523,not_young,1154.6,Flühli LU
1563,17432,3,0,0,0,3,3,1,ds4,3192.0,Schwaches Baumholz,Schwaches Baumholz_10,0,1,1.743,not_young,1577.5,Flühli LU
1564,15260,2,1,0,1,2,2,2,ds2,1281.0,Jungwuchs/Dickung,Jungwuchs/Dickung_6,0,1,1.526,young,1257.2,Sörenberg
1565,14272,2,1,0,1,2,2,2,ds6,1130.0,Starkes Baumholz,Starkes Baumholz_6,0,1,1.427,not_young,1229.2,Flühli LU
1566,15317,3,0,0,0,3,3,3,ds5,1092.0,Mittleres Baumholz,Mittleres Baumholz_6,0,1,1.532,not_young,1410.4,Schangnau
1567,49050,3,0,0,0,3,3,1,ds4,5232.0,Schwaches Baumholz,Schwaches Baumholz_13,0,1,4.905,not_young,966.7,Hasle LU
1568,16219,2,1,0,1,2,2,2,ds5,3132.0,Mittleres Baumholz,Mittleres Baumholz_6,0,1,1.622,not_young,1272.7,Marbach LU
1572,18186,2,1,0,1,2,2,2,ds4,3186.0,Schwaches Baumholz,Schwaches Baumholz_6,0,1,1.819,not_young,1411.3,Finsterwald b. E.
1574,58195,3,0,0,0,3,3,3,ds2,3312.0,Jungwuchs/Dickung,Jungwuchs/Dickung_8,0,1,5.82,young,1553.5,Sörenberg
1576,43319,3,0,0,0,3,4,3,ds6,4995.0,Starkes Baumholz,Starkes Baumholz_6,0,1,4.332,not_young,1059.1,Hasle LU
1578,14457,4,0,0,0,3,4,3,ds5,1075.0,Mittleres Baumholz,Mittleres Baumholz_6,0,1,1.446,not_young,1240.7,Schüpfheim
1580,24364,2,1,0,1,2,2,2,ds4,3177.0,Schwaches Baumholz,Schwaches Baumholz_13,0,1,2.436,not_young,956.0,Rengg
1581,6831,2,1,0,1,2,2,2,ds4,1143.0,Schwaches Baumholz,Schwaches Baumholz_6,0,1,0.683,not_young,1059.1,Marbach LU
1584,15878,2,1,0,1,2,2,2,ds3,1197.0,Stangenholz,Stangenholz_6,0,1,1.588,not_young,1160.9,Flühli LU
1586,70037,2,1,0,1,2,2,2,ds2,3300.0,Jungwuchs/Dickung,Jungwuchs/Dickung_6,0,1,7.004,young,1216.1,Sörenberg
1588,19215,2,1,0,1,2,2,2,ds5,3096.0,Mittleres Baumholz,Mittleres Baumholz_6,0,1,1.921,not_young,1402.0,Flühli LU
1590,13669,2,1,0,1,2,2,2,ds6,915.0,Starkes Baumholz,Starkes Baumholz_6,0,1,1.367,not_young,1493.5,Sörenberg
1592,39089,2,1,0,1,2,2,2,ds4,1118.0,Schwaches Baumholz,Schwaches Baumholz_6,0,1,3.909,not_young,1170.6,Finsterwald b. E.
1593,12224,2,1,0,1,2,2,1,ds6,925.0,Starkes Baumholz,Starkes Baumholz_6,0,1,1.222,not_young,1232.3,Flühli LU
1594,16522,3,0,0,0,3,4,3,ds5,1040.0,Mittleres Baumholz,Mittleres Baumholz_6,0,1,1.652,not_young,1095.4,Entlebuch
1595,4877,3,0,0,0,3,4,3,ds3,1168.0,Stangenholz,Stangenholz_6,0,1,0.488,not_young,1099.4,Hasle LU
1596,54947,2,1,0,1,2,2,2,ds6,2982.0,Starkes Baumholz,Starkes Baumholz_13,0,1,5.495,not_young,875.5,Hasle LU
1597,39363,2,1,0,1,2,2,2,ds5,7170.0,Mittleres Baumholz,Mittleres Baumholz_6,0,1,3.936,not_young,922.2,Flühli LU
1598,10410,3,0,0,0,3,3,3,ds6,921.0,Starkes Baumholz,Starkes Baumholz_6,0,1,1.041,not_young,1127.3,Sörenberg
1601,25601,4,0,0,0,3,4,3,ds5,3087.0,Mittleres Baumholz,Mittleres Baumholz_13,0,1,2.56,not_young,969.4,Finsterwald b. E.
1603,22772,2,1,0,1,2,2,2,ds4,1100.0,Schwaches Baumholz,Schwaches Baumholz_13,0,1,2.277,not_young,930.4,Flühli LU
1605,13667,2,1,0,1,2,2,2,ds3,1165.0,Stangenholz,Stangenholz_6,0,1,1.367,not_young,1058.3,Escholzmatt
1607,19313,1,0,2,2,1,1,1,ds4,1088.0,Schwaches Baumholz,Schwaches Baumholz_8,0,1,1.931,not_young,1542.9,Finsterwald b. E.
1608,40450,2,1,0,1,2,2,2,ds2,1216.0,Jungwuchs/Dickung,Jungwuchs/Dickung_13,0,1,4.045,young,940.8,Rengg
1609,1550,2,1,0,1,2,2,2,ds5,1027.0,Mittleres Baumholz,Mittleres Baumholz_6,0,1,0.155,not_young,1238.5,Flühli LU
1610,10303,2,1,0,1,2,2,2,ds3,1152.0,Stangenholz,Stangenholz_8,0,1,1.03,not_young,1593.8,Schüpfheim
1611,38054,3,0,0,0,3,3,3,ds4,1092.0,Schwaches Baumholz,Schwaches Baumholz_6,0,1,3.805,not_young,1176.6,Hasle LU
1612,29201,2,1,0,1,2,2,2,ds6,935.0,Starkes Baumholz,Starkes Baumholz_6,0,1,2.92,not_young,1001.2,Finsterwald b. E.
1613,25853,2,1,0,1,2,2,2,ds3,1157.0,Stangenholz,Stangenholz_6,0,1,2.585,not_young,1309.0,Finsterwald b. E.
1614,44425,3,0,0,0,3,3,3,ds4,5168.0,Schwaches Baumholz,Schwaches Baumholz_6,0,1,4.443,not_young,1244.2,Marbach LU
1615,46770,2,1,0,1,2,2,2,ds5,3069.0,Mittleres Baumholz,Mittleres Baumholz_6,0,1,4.677,not_young,1136.1,Flühli LU
1616,24215,4,0,0,0,3,4,3,ds5,1017.0,Mittleres Baumholz,Mittleres Baumholz_6,0,1,2.422,not_young,1229.7,Wiggen
1617,16078,3,0,0,0,3,3,3,ds2,1210.0,Jungwuchs/Dickung,Jungwuchs/Dickung_6,0,1,1.608,young,1297.3,Schangnau
1620,51070,2,1,0,1,2,2,2,ds2,3250.0,Jungwuchs/Dickung,Jungwuchs/Dickung_6,0,1,5.107,young,1343.2,Marbach LU
1621,40262,2,1,0,1,2,2,2,ds3,3186.0,Stangenholz,Stangenholz_6,0,1,4.026,not_young,1096.4,Wiggen
1622,10111,4,0,0,0,3,4,3,ds3,1150.0,Stangenholz,Stangenholz_6,0,1,1.011,not_young,996.5,Marbach LU
1623,24485,2,1,0,1,2,2,2,ds4,3123.0,Schwaches Baumholz,Schwaches Baumholz_6,0,1,2.448,not_young,1147.7,Flühli LU
1624,11904,4,0,0,0,3,4,3,ds4,1086.0,Schwaches Baumholz,Schwaches Baumholz_13,0,1,1.19,not_young,1025.8,Marbach LU
1627,9817,2,1,0,1,2,2,2,ds4,1075.0,Schwaches Baumholz,Schwaches Baumholz_13,0,1,0.982,not_young,1186.9,Schangnau
1628,36878,2,1,0,1,2,2,2,ds3,1136.0,Stangenholz,Stangenholz_6,0,1,3.688,not_young,1110.9,Sörenberg
1629,34308,2,1,0,1,2,2,2,ds6,954.0,Starkes Baumholz,Starkes Baumholz_13,0,1,3.431,not_young,988.4,Wiggen
1634,15238,2,1,0,1,2,2,2,ds5,1000.0,Mittleres Baumholz,Mittleres Baumholz_6,0,1,1.524,not_young,1291.3,Flühli LU
1635,58437,2,1,0,1,2,2,2,ds5,3040.0,Mittleres Baumholz,Mittleres Baumholz_13,0,1,5.844,not_young,886.7999999999998,Ebnet
1636,17736,2,1,0,1,2,2,2,ds4,3105.0,Schwaches Baumholz,Schwaches Baumholz_6,0,1,1.774,not_young,1281.2,Marbach LU
1638,40020,4,0,0,0,3,4,3,ds4,5148.0,Schwaches Baumholz,Schwaches Baumholz_8,0,1,4.002,not_young,1446.3,Finsterwald b. E.
1640,53779,4,0,0,0,3,4,3,ds4,1060.0,Schwaches Baumholz,Schwaches Baumholz_6,0,1,5.378,not_young,1028.7,Hasle LU
1645,20859,2,1,0,1,2,2,2,ds5,3024.0,Mittleres Baumholz,Mittleres Baumholz_6,0,1,2.086,not_young,1048.9,Escholzmatt
1646,2650,2,1,0,1,2,2,2,ds3,1118.0,Stangenholz,Stangenholz_6,0,1,0.265,not_young,1351.9,Marbach LU
1647,19058,4,0,0,0,3,4,3,ds6,3036.0,Starkes Baumholz,Starkes Baumholz_13,0,1,1.906,not_young,1037.0,Marbach LU
1648,13877,4,0,0,0,3,4,3,ds6,975.0,Starkes Baumholz,Starkes Baumholz_6,0,1,1.388,not_young,1147.4,Wiggen
1652,16021,2,1,0,1,2,2,2,ds3,3157.0,Stangenholz,Stangenholz_13,0,1,1.602,not_young,1030.5,Wiggen
1653,12713,4,0,0,0,3,4,3,ds6,990.0,Starkes Baumholz,Starkes Baumholz_6,0,1,1.271,not_young,1360.1,Marbach LU
1654,41494,2,1,0,1,2,2,2,ds3,1105.0,Stangenholz,Stangenholz_13,0,1,4.149,not_young,907.0,Finsterwald b. E.
1657,9756,2,1,0,1,2,2,2,ds6,985.0,Starkes Baumholz,Starkes Baumholz_6,0,1,0.976,not_young,1276.5,Escholzmatt
1658,30806,3,0,0,0,3,4,3,ds4,1044.0,Schwaches Baumholz,Schwaches Baumholz_6,0,1,3.081,not_young,1347.3,Marbach LU
1660,8353,2,1,0,1,2,2,2,ds5,980.0,Mittleres Baumholz,Mittleres Baumholz_13,0,1,0.835,not_young,970.6,Marbach LU
1661,22787,4,0,0,0,3,4,3,ds3,3144.0,Stangenholz,Stangenholz_6,0,1,2.279,not_young,1002.2,Hasle LU
1662,14372,3,0,0,0,3,3,3,ds5,975.0,Mittleres Baumholz,Mittleres Baumholz_6,0,1,1.437,not_young,1249.9,Flühli LU
1663,11446,3,0,0,0,3,3,3,ds4,1038.0,Schwaches Baumholz,Schwaches Baumholz_13,0,1,1.145,not_young,975.3,Marbach LU
1664,20246,2,1,0,1,2,2,2,ds3,1090.0,Stangenholz,Stangenholz_8,0,1,2.025,not_young,1365.9,Escholzmatt
1668,22275,3,0,0,0,3,3,3,ds5,3000.0,Mittleres Baumholz,Mittleres Baumholz_6,0,1,2.227,not_young,1115.2,Rengg
1669,49016,4,0,0,0,3,4,3,ds6,3060.0,Starkes Baumholz,Starkes Baumholz_13,0,1,4.902,not_young,988.0,Marbach LU
1670,42588,3,0,0,0,3,4,3,ds5,7095.0,Mittleres Baumholz,Mittleres Baumholz_6,0,1,4.259,not_young,1056.9,Hasle LU
1671,20665,3,0,0,0,3,3,3,ds4,3069.0,Schwaches Baumholz,Schwaches Baumholz_6,0,1,2.066,not_young,1409.4,Sörenberg
1673,43750,3,0,0,0,3,4,3,ds6,4860.0,Starkes Baumholz,Starkes Baumholz_13,0,1,4.375,not_young,923.1,Marbach LU
1674,11921,3,0,0,0,3,4,3,ds5,3006.0,Mittleres Baumholz,Mittleres Baumholz_13,0,1,1.192,not_young,952.6,Escholzmatt
1675,30506,2,1,0,1,2,2,2,ds3,3132.0,Stangenholz,Stangenholz_6,0,1,3.051,not_young,1204.1,Marbach LU
1676,22690,3,0,0,0,3,3,3,ds5,2992.0,Mittleres Baumholz,Mittleres Baumholz_6,0,1,2.269,not_young,1109.4,Finsterwald b. E.
1678,13383,2,1,0,1,2,2,2,ds5,959.0,Mittleres Baumholz,Mittleres Baumholz_13,0,1,1.338,not_young,1018.4,Wiggen
1679,32723,2,1,0,1,2,2,2,ds3,3120.0,Stangenholz,Stangenholz_6,0,1,3.272,not_young,1065.0,Sörenberg
1680,2350,3,0,0,0,3,3,3,ds1,3250.0,Jungwuchs/Dickung,Jungwuchs/Dickung_6,0,1,0.235,young,1361.0,Marbach LU
1683,22631,2,1,0,1,2,2,2,ds6,2808.0,Starkes Baumholz,Starkes Baumholz_6,0,1,2.263,not_young,1291.1,Sörenberg
1684,1950,3,0,0,0,3,3,3,ds2,1136.0,Jungwuchs/Dickung,Jungwuchs/Dickung_6,0,1,0.195,young,1165.7,Sörenberg
1685,20643,2,1,0,1,2,2,2,ds3,3124.0,Stangenholz,Stangenholz_6,0,1,2.064,not_young,1178.3,Sörenberg
1686,18609,2,1,0,1,2,2,2,ds5,2984.0,Mittleres Baumholz,Mittleres Baumholz_6,0,1,1.861,not_young,1429.7,Flühli LU
1687,20363,3,0,0,0,3,4,3,ds6,759.0,Starkes Baumholz,Starkes Baumholz_13,0,1,2.036,not_young,852.6,Schüpfheim
1689,37465,2,1,0,1,2,2,2,ds5,5025.0,Mittleres Baumholz,Mittleres Baumholz_6,0,1,3.747,not_young,1223.7,Marbach LU
1694,22035,2,1,0,1,2,2,2,ds5,936.0,Mittleres Baumholz,Mittleres Baumholz_6,0,1,2.203,not_young,1168.8,Flühli LU
1697,25013,4,0,0,0,3,4,3,ds6,781.0,Starkes Baumholz,Starkes Baumholz_13,0,1,2.501,not_young,963.2,Marbach LU
1700,8495,2,1,0,1,2,2,2,ds5,930.0,Mittleres Baumholz,Mittleres Baumholz_6,0,1,0.849,not_young,1358.6,Hasle LU
1701,6302,2,1,0,1,2,2,1,ds4,996.0,Schwaches Baumholz,Schwaches Baumholz_8,0,1,0.63,not_young,1623.8,Sörenberg
1703,61303,3,0,0,0,3,3,3,ds3,1060.0,Stangenholz,Stangenholz_6,0,1,6.13,not_young,1421.2,Sörenberg
1705,62019,2,1,0,1,2,2,2,ds2,1118.0,Jungwuchs/Dickung,Jungwuchs/Dickung_6,0,1,6.202,young,1465.1,Marbach LU
1707,24591,2,1,0,1,2,2,2,ds4,990.0,Schwaches Baumholz,Schwaches Baumholz_6,0,1,2.459,not_young,1053.0,Escholzmatt
1708,32043,2,1,0,1,2,2,2,ds5,5005.0,Mittleres Baumholz,Mittleres Baumholz_6,0,1,3.204,not_young,1372.9,Finsterwald b. E.
1709,15173,2,1,0,1,2,2,2,ds6,795.0,Starkes Baumholz,Starkes Baumholz_6,0,1,1.517,not_young,1031.1,Flühli LU
1711,8804,3,0,0,0,3,3,3,ds6,796.0,Starkes Baumholz,Starkes Baumholz_6,0,1,0.88,not_young,1246.5,Wiggen
1712,28800,2,1,0,1,2,2,2,ds3,3080.0,Stangenholz,Stangenholz_6,0,1,2.88,not_young,1466.1,Marbach LU
1713,9251,2,1,0,1,2,2,2,ds3,1035.0,Stangenholz,Stangenholz_6,0,1,0.925,not_young,1052.9,Escholzmatt
1714,23829,4,0,0,0,3,4,3,ds5,2959.0,Mittleres Baumholz,Mittleres Baumholz_13,0,1,2.383,not_young,878.8999999999999,Marbach LU
1717,12437,3,0,0,0,3,3,3,ds6,804.0,Starkes Baumholz,Starkes Baumholz_6,0,1,1.244,not_young,1211.9,Hasle LU
1719,20131,2,1,0,1,2,2,2,ds5,2946.0,Mittleres Baumholz,Mittleres Baumholz_6,0,1,2.013,not_young,1350.9,Sörenberg
1720,13735,2,1,0,1,2,2,2,ds3,1036.0,Stangenholz,Stangenholz_6,0,1,1.374,not_young,1029.1,Hasle LU
1721,31638,2,1,0,1,2,2,2,ds3,1027.0,Stangenholz,Stangenholz_6,0,1,3.164,not_young,1181.6,Flühli LU
1723,39911,2,1,0,1,2,2,1,ds4,3015.0,Schwaches Baumholz,Schwaches Baumholz_6,0,1,3.991,not_young,1218.4,Finsterwald b. E.
1724,35032,3,0,0,0,3,3,3,ds4,5052.0,Schwaches Baumholz,Schwaches Baumholz_6,0,1,3.503,not_young,1438.3,Sörenberg
1725,18773,3,0,0,0,3,3,3,ds4,963.0,Schwaches Baumholz,Schwaches Baumholz_6,0,1,1.877,not_young,1309.6,Flühli LU
1726,34985,3,0,0,0,3,3,3,ds3,3066.0,Stangenholz,Stangenholz_10,0,1,3.498,not_young,1493.7,Sörenberg
1729,27945,2,1,0,1,2,2,2,ds5,888.0,Mittleres Baumholz,Mittleres Baumholz_13,0,1,2.794,not_young,992.9,Flühli LU
1731,6555,3,0,0,0,3,3,3,ds2,1086.0,Jungwuchs/Dickung,Jungwuchs/Dickung_10,0,1,0.655,young,1499.9,Flühli LU
1732,17701,1,0,2,2,1,1,1,ds3,1020.0,Stangenholz,Stangenholz_8,0,1,1.77,not_young,1572.6,Finsterwald b. E.
1733,20913,2,1,0,1,2,2,2,ds5,880.0,Mittleres Baumholz,Mittleres Baumholz_6,0,1,2.091,not_young,1159.3,Marbach LU
1735,10660,2,1,0,1,2,2,2,ds6,825.0,Starkes Baumholz,Starkes Baumholz_6,0,1,1.066,not_young,1258.5,Schüpfheim
1736,37138,2,1,0,1,2,2,2,ds6,826.0,Starkes Baumholz,Starkes Baumholz_6,0,1,3.714,not_young,1185.9,Schüpfheim
1738,21005,2,1,0,1,2,2,2,ds5,872.0,Mittleres Baumholz,Mittleres Baumholz_6,0,1,2.101,not_young,1108.1,Marbach LU
1741,21467,4,0,0,0,3,4,3,ds3,3047.0,Stangenholz,Stangenholz_6,0,1,2.147,not_young,996.9,Rengg
1743,11260,2,1,0,1,2,2,2,ds6,845.0,Starkes Baumholz,Starkes Baumholz_6,0,1,1.126,not_young,1240.1,Flühli LU
1744,24147,3,0,0,0,3,3,3,ds5,2916.0,Mittleres Baumholz,Mittleres Baumholz_6,0,1,2.415,not_young,1370.8,Wiggen
1745,39149,2,1,0,1,2,2,2,ds4,928.0,Schwaches Baumholz,Schwaches Baumholz_6,0,1,3.915,not_young,1414.1,Marbach LU
1749,17088,2,1,0,1,2,2,2,ds4,2968.0,Schwaches Baumholz,Schwaches Baumholz_6,0,1,1.709,not_young,1177.5,Escholzmatt
1751,22181,3,0,0,0,3,4,3,ds5,2907.0,Mittleres Baumholz,Mittleres Baumholz_6,0,1,2.218,not_young,1173.6,Marbach LU
1752,60662,3,0,0,0,3,3,1,ds3,7125.0,Stangenholz,Stangenholz_6,0,1,6.066,not_young,1393.8,Flühli LU
1753,11657,1,1,2,3,1,1,1,ds6,840.0,Starkes Baumholz,Starkes Baumholz_6,0,1,1.166,not_young,1321.4,Flühli LU
1755,43863,2,1,0,1,2,2,2,ds5,2910.0,Mittleres Baumholz,Mittleres Baumholz_6,0,1,4.386,not_young,1240.0,Marbach LU
1756,23473,2,1,0,1,2,2,2,ds3,3036.0,Stangenholz,Stangenholz_6,0,1,2.347,not_young,1293.9,Sörenberg
1757,25464,2,1,0,1,2,2,2,ds3,984.0,Stangenholz,Stangenholz_6,0,1,2.546,not_young,1175.4,Schüpfheim
1758,42710,3,0,0,0,3,3,1,ds5,2896.0,Mittleres Baumholz,Mittleres Baumholz_6,0,1,4.271,not_young,1037.3,Hasle LU
1759,15060,3,0,0,0,3,3,1,ds4,924.0,Schwaches Baumholz,Schwaches Baumholz_10,0,1,1.506,not_young,1465.7,Finsterwald b. E.
1760,23654,4,0,0,0,3,4,3,ds6,847.0,Starkes Baumholz,Starkes Baumholz_6,0,1,2.365,not_young,1168.4,Marbach LU
1761,25304,2,1,0,1,2,2,2,ds6,2904.0,Starkes Baumholz,Starkes Baumholz_6,0,1,2.53,not_young,1177.7,Flühli LU
1762,13481,1,0,2,2,1,1,1,ds3,976.0,Stangenholz,Stangenholz_13,0,1,1.348,not_young,948.3,Hasle LU
1764,35108,2,1,0,1,2,2,2,ds6,2916.0,Starkes Baumholz,Starkes Baumholz_6,0,1,3.511,not_young,1020.0,Flühli LU
1765,25087,3,0,0,0,3,4,3,ds4,4992.0,Schwaches Baumholz,Schwaches Baumholz_6,0,1,2.509,not_young,1311.9,Schangnau
1767,26205,2,1,0,1,2,2,2,ds5,2893.0,Mittleres Baumholz,Mittleres Baumholz_6,0,1,2.621,not_young,1244.3,Sörenberg
1769,29452,2,1,0,1,2,2,2,ds3,970.0,Stangenholz,Stangenholz_6,0,1,2.945,not_young,1013.0,Rengg
1770,17097,2,1,0,1,2,2,2,ds5,840.0,Mittleres Baumholz,Mittleres Baumholz_6,0,1,1.71,not_young,1412.7,Marbach LU
1772,4044,4,0,0,0,3,4,3,ds4,906.0,Schwaches Baumholz,Schwaches Baumholz_6,0,1,0.404,not_young,1027.6,Schüpfheim
1774,28554,3,0,0,0,3,3,3,ds3,3010.0,Stangenholz,Stangenholz_6,0,1,2.855,not_young,1068.4,Hasle LU
1775,28932,2,1,0,1,2,2,1,ds5,6972.0,Mittleres Baumholz,Mittleres Baumholz_6,0,1,2.893,not_young,1152.3,Flühli LU
1776,33590,2,1,0,1,2,2,2,ds4,910.0,Schwaches Baumholz,Schwaches Baumholz_6,0,1,3.359,not_young,1384.7,Wiggen
1777,16617,3,0,0,0,3,3,3,ds6,864.0,Starkes Baumholz,Starkes Baumholz_10,0,1,1.662,not_young,1477.5,Schangnau
1778,44372,2,1,0,1,2,2,2,ds4,896.0,Schwaches Baumholz,Schwaches Baumholz_6,0,1,4.437,not_young,1210.0,Marbach LU
1780,37534,2,1,0,1,2,2,2,ds5,6960.0,Mittleres Baumholz,Mittleres Baumholz_13,0,1,3.753,not_young,898.0,Wiggen
1782,1000,3,0,0,0,3,3,3,ds3,5052.0,Stangenholz,Stangenholz_6,0,1,0.1,not_young,1265.0,Sörenberg
1783,22288,2,1,0,1,2,2,2,ds3,3000.0,Stangenholz,Stangenholz_6,0,1,2.229,not_young,967.8,Flühli LU
1785,13927,3,0,0,0,3,3,3,ds4,2940.0,Schwaches Baumholz,Schwaches Baumholz_6,0,1,1.393,not_young,1298.1,Sörenberg
1789,16272,1,1,2,3,1,1,1,ds2,1023.0,Jungwuchs/Dickung,Jungwuchs/Dickung_10,0,1,1.627,young,1498.3,Flühli LU
1790,23858,2,1,0,1,2,2,2,ds2,1010.0,Jungwuchs/Dickung,Jungwuchs/Dickung_6,0,1,2.386,young,1276.9,Sörenberg
1791,46481,4,0,0,0,3,4,3,ds6,2679.0,Starkes Baumholz,Starkes Baumholz_6,0,1,4.648,not_young,1117.1,Trubschachen
1793,39115,2,1,0,1,2,2,2,ds2,3060.0,Jungwuchs/Dickung,Jungwuchs/Dickung_10,0,1,3.911,young,1550.2,Wiggen
1794,11057,2,1,0,1,2,2,2,ds6,635.0,Starkes Baumholz,Starkes Baumholz_6,0,1,1.106,not_young,1282.3,Schüpfheim
1796,14645,3,0,0,0,3,3,3,ds4,2920.0,Schwaches Baumholz,Schwaches Baumholz_6,0,1,1.464,not_young,1205.9,Marbach LU
1797,20822,2,1,0,1,2,2,2,ds6,2691.0,Starkes Baumholz,Starkes Baumholz_6,0,1,2.082,not_young,1291.3,Flühli LU
1798,61772,3,0,0,0,3,3,3,ds1,1073.0,Jungwuchs/Dickung,Jungwuchs/Dickung_8,0,1,6.177,young,1541.7,Sörenberg
1802,23787,2,1,0,1,2,2,2,ds3,2988.0,Stangenholz,Stangenholz_6,0,1,2.379,not_young,1265.9,Finsterwald b. E.
1803,17296,2,1,0,1,2,2,2,ds6,2688.0,Starkes Baumholz,Starkes Baumholz_6,0,1,1.73,not_young,1165.2,Marbach LU
1804,33904,4,0,0,0,3,4,3,ds5,4900.0,Mittleres Baumholz,Mittleres Baumholz_6,0,1,3.39,not_young,1047.2,Finsterwald b. E.
1805,23357,4,0,0,0,3,4,3,ds5,2849.0,Mittleres Baumholz,Mittleres Baumholz_6,0,1,2.336,not_young,1136.9,Hasle LU
1807,20176,2,1,0,1,2,2,2,ds6,644.0,Starkes Baumholz,Starkes Baumholz_6,0,1,2.018,not_young,1175.7,Marbach LU
1808,16853,3,0,0,0,3,3,3,ds5,2848.0,Mittleres Baumholz,Mittleres Baumholz_6,0,1,1.685,not_young,1219.0,Sörenberg
1809,37168,2,1,0,1,2,2,2,ds5,800.0,Mittleres Baumholz,Mittleres Baumholz_13,0,1,3.717,not_young,1020.0,Finsterwald b. E.
1811,44334,4,0,0,0,3,4,3,ds3,2970.0,Stangenholz,Stangenholz_6,0,1,4.433,not_young,1325.1,Finsterwald b. E.
1812,25913,2,1,0,1,2,2,2,ds6,4752.0,Starkes Baumholz,Starkes Baumholz_13,0,1,2.591,not_young,951.8,Rengg
1816,4262,3,0,0,0,3,3,3,ds2,7125.0,Jungwuchs/Dickung,Jungwuchs/Dickung_6,0,1,0.426,young,1345.6,Flühli LU
1817,22206,2,1,0,1,2,2,2,ds5,2844.0,Mittleres Baumholz,Mittleres Baumholz_6,0,1,2.221,not_young,1299.6,Marbach LU
1820,37410,2,1,0,1,2,2,1,ds5,4886.0,Mittleres Baumholz,Mittleres Baumholz_13,0,1,3.741,not_young,972.4,Hasle LU
1821,28020,2,1,0,1,2,2,2,ds5,2834.0,Mittleres Baumholz,Mittleres Baumholz_6,0,1,2.802,not_young,1126.7,Sörenberg
1822,32905,2,1,0,1,2,2,2,ds3,924.0,Stangenholz,Stangenholz_6,0,1,3.291,not_young,1076.6,Flühli LU
1825,23932,1,1,2,3,1,1,1,ds4,852.0,Schwaches Baumholz,Schwaches Baumholz_6,0,1,2.393,not_young,1425.1,Flühli LU
1828,56466,3,0,0,0,3,3,3,ds3,4992.0,Stangenholz,Stangenholz_6,0,1,5.647,not_young,1231.5,Sörenberg
1829,13898,3,0,0,0,3,3,3,ds6,678.0,Starkes Baumholz,Starkes Baumholz_6,0,1,1.39,not_young,1416.4,Sörenberg
1830,27516,2,1,0,1,2,2,2,ds4,4932.0,Schwaches Baumholz,Schwaches Baumholz_6,0,1,2.752,not_young,1338.0,Flühli LU
1832,8281,3,0,0,0,3,4,3,ds4,844.0,Schwaches Baumholz,Schwaches Baumholz_6,0,1,0.828,not_young,1016.0,Entlebuch
1834,24152,2,1,0,1,2,2,2,ds4,2882.0,Schwaches Baumholz,Schwaches Baumholz_6,0,1,2.415,not_young,1268.5,Marbach LU
1836,30452,2,1,0,1,2,2,2,ds4,2884.0,Schwaches Baumholz,Schwaches Baumholz_6,0,1,3.045,not_young,1082.7,Escholzmatt
1837,20925,4,0,0,0,3,4,3,ds5,2820.0,Mittleres Baumholz,Mittleres Baumholz_6,0,1,2.092,not_young,1014.6,Marbach LU
1839,6481,4,0,0,0,3,4,3,ds3,896.0,Stangenholz,Stangenholz_6,0,1,0.648,not_young,1122.5,Rengg
1841,58603,2,1,0,1,2,2,2,ds6,2737.0,Starkes Baumholz,Starkes Baumholz_13,0,1,5.86,not_young,1006.4,Marbach LU
1843,38550,2,1,0,1,2,2,2,ds4,6953.0,Schwaches Baumholz,Schwaches Baumholz_10,0,1,3.855,not_young,1346.7,Schüpfheim
1844,7486,2,1,0,1,2,2,2,ds6,692.0,Starkes Baumholz,Starkes Baumholz_13,0,1,0.749,not_young,977.9,Finsterwald b. E.
1845,25798,2,1,0,1,2,2,2,ds6,2750.0,Starkes Baumholz,Starkes Baumholz_6,0,1,2.58,not_young,1150.2,Schüpfheim
1846,17214,4,0,0,0,3,4,3,ds4,828.0,Schwaches Baumholz,Schwaches Baumholz_6,0,1,1.721,not_young,1092.4,Hasle LU
1850,15468,2,1,0,1,2,2,2,ds5,752.0,Mittleres Baumholz,Mittleres Baumholz_6,0,1,1.547,not_young,1295.6,Hasle LU
1853,25052,2,1,0,1,2,2,2,ds4,2856.0,Schwaches Baumholz,Schwaches Baumholz_6,0,1,2.505,not_young,1251.2,Hasle LU
1854,14317,2,1,0,1,2,2,2,ds5,2793.0,Mittleres Baumholz,Mittleres Baumholz_8,0,1,1.432,not_young,1591.1,Flühli LU
1858,5454,3,0,0,0,3,3,3,ds6,695.0,Starkes Baumholz,Starkes Baumholz_13,0,1,0.545,not_young,992.1,Marbach LU
1859,11134,2,1,0,1,2,2,2,ds4,808.0,Schwaches Baumholz,Schwaches Baumholz_13,0,1,1.113,not_young,1100.5,Wiggen
1860,21081,3,0,0,0,3,3,3,ds6,707.0,Starkes Baumholz,Starkes Baumholz_6,0,1,2.108,not_young,978.9,Rengg
1861,15709,2,1,0,1,2,2,2,ds1,1008.0,Jungwuchs/Dickung,Jungwuchs/Dickung_6,0,1,1.571,young,1449.6,Flühli LU
1862,14396,2,1,0,1,2,2,2,ds5,2784.0,Mittleres Baumholz,Mittleres Baumholz_6,0,1,1.44,not_young,1230.3,Schüpfheim
1863,16896,2,1,0,1,2,2,2,ds5,2786.0,Mittleres Baumholz,Mittleres Baumholz_6,0,1,1.69,not_young,1341.0,Sörenberg
1864,5062,2,1,0,1,2,2,2,ds6,704.0,Starkes Baumholz,Starkes Baumholz_6,0,1,0.506,not_young,1084.5,Sörenberg
1866,51529,2,1,0,1,2,2,2,ds4,6930.0,Schwaches Baumholz,Schwaches Baumholz_6,0,1,5.153,not_young,1116.5,Finsterwald b. E.
1868,16518,2,1,0,1,2,2,2,ds4,2840.0,Schwaches Baumholz,Schwaches Baumholz_6,0,1,1.652,not_young,1361.2,Escholzmatt
1869,33850,2,1,0,1,2,2,2,ds4,803.0,Schwaches Baumholz,Schwaches Baumholz_6,0,1,3.385,not_young,1270.0,Marbach LU
1872,26084,2,1,0,1,2,2,2,ds3,2904.0,Stangenholz,Stangenholz_13,0,1,2.608,not_young,1015.8,Hasle LU
2160,5839,4,0,0,0,3,4,3,ds3,,Stangenholz,Stangenholz_6,0,1,0.584,not_young,1003.2,Rengg
2170,4982,4,0,0,0,3,4,3,ds3,,Stangenholz,Stangenholz_6,0,1,0.498,not_young,1003.8,Rengg
2180,80328,3,0,0,0,3,4,3,ds5,,Mittleres Baumholz,Mittleres Baumholz_6,0,1,8.033,not_young,988.6,Ebnet
2192,7496,3,0,0,0,3,4,3,ds4,,Schwaches Baumholz,Schwaches Baumholz_6,0,1,0.75,not_young,1001.1,Rengg
2212,5579,4,0,0,0,3,4,3,ds3,,Stangenholz,Stangenholz_6,0,1,0.558,not_young,1001.7,Rengg
2282,9823,3,0,0,0,3,3,3,ds5,,Mittleres Baumholz,Mittleres Baumholz_6,0,1,0.982,not_young,1047.2,Rengg
2285,7080,3,0,0,0,3,4,3,ds5,,Mittleres Baumholz,Mittleres Baumholz_6,0,1,0.708,not_young,1060.2,Finsterwald b. E.
2288,6374,4,0,0,0,3,4,3,ds5,,Mittleres Baumholz,Mittleres Baumholz_6,0,1,0.637,not_young,1057.0,Finsterwald b. E.
2421,6715,4,0,0,0,3,4,3,ds6,,Starkes Baumholz,Starkes Baumholz_13,0,1,0.672,not_young,953.8,Ebnet
2423,5042,3,0,0,0,3,4,3,ds6,,Starkes Baumholz,Starkes Baumholz_6,0,1,0.504,not_young,992.8,Ebnet
2452,9148,3,0,0,0,3,4,3,ds6,,Starkes Baumholz,Starkes Baumholz_6,0,1,0.915,not_young,964.8,Ebnet
2456,17567,3,0,0,0,3,4,3,ds6,,Starkes Baumholz,Starkes Baumholz_6,0,1,1.757,not_young,960.7,Ebnet
2487,8697,4,0,0,0,3,4,3,ds3,,Stangenholz,Stangenholz_6,0,1,0.87,not_young,1002.4,Rengg
2513,9508,3,0,0,0,3,3,3,ds5,,Mittleres Baumholz,Mittleres Baumholz_6,0,1,0.951,not_young,1002.2,Rengg
2595,12174,4,0,0,0,3,4,3,ds5,,Mittleres Baumholz,Mittleres Baumholz_13,0,1,1.217,not_young,994.6,Rengg
2610,111004,3,0,0,0,3,3,3,ds6,,Starkes Baumholz,Starkes Baumholz_13,0,1,11.1,not_young,904.0,Ebnet
2648,15583,4,0,0,0,3,4,3,ds4,,Schwaches Baumholz,Schwaches Baumholz_13,0,1,1.558,not_young,989.0,Rengg
2659,5805,4,0,0,0,3,4,3,ds5,,Mittleres Baumholz,Mittleres Baumholz_6,0,1,0.58,not_young,1087.4,Rengg
2660,6023,3,0,0,0,3,4,3,ds4,,Schwaches Baumholz,Schwaches Baumholz_6,0,1,0.602,not_young,1108.3,Rengg
2662,7950,3,0,0,0,3,4,3,ds6,,Starkes Baumholz,Starkes Baumholz_6,0,1,0.795,not_young,1126.9,Finsterwald b. E.
2664,7644,2,1,0,1,2,2,2,ds5,,Mittleres Baumholz,Mittleres Baumholz_13,0,1,0.764,not_young,985.4,Finsterwald b. E.
2666,8527,2,1,0,1,2,2,2,ds6,,Starkes Baumholz,Starkes Baumholz_13,0,1,0.853,not_young,999.5,Finsterwald b. E.
2674,17314,2,1,0,1,2,2,2,ds5,,Mittleres Baumholz,Mittleres Baumholz_6,0,1,1.731,not_young,1309.7,Finsterwald b. E.
2755,8250,2,1,0,1,2,2,2,ds6,,Starkes Baumholz,Starkes Baumholz_6,0,1,0.825,not_young,990.3,Rengg
2764,8738,2,1,0,1,2,2,2,ds5,,Mittleres Baumholz,Mittleres Baumholz_6,0,1,0.874,not_young,987.7,Rengg
2769,7250,2,1,0,1,2,2,2,ds2,,Jungwuchs/Dickung,Jungwuchs/Dickung_6,0,1,0.725,young,995.0,Rengg
2770,6450,2,1,0,1,2,2,2,ds6,,Starkes Baumholz,Starkes Baumholz_6,0,1,0.645,not_young,998.8,Rengg
2776,5396,3,0,0,0,3,4,3,ds6,,Starkes Baumholz,Starkes Baumholz_6,0,1,0.54,not_young,981.6,Rengg
2777,18249,2,1,0,1,2,2,2,ds2,,Jungwuchs/Dickung,Jungwuchs/Dickung_6,0,1,1.825,young,1031.8,Rengg
2780,13965,2,1,0,1,2,2,2,ds6,,Starkes Baumholz,Starkes Baumholz_6,0,1,1.396,not_young,964.1,Rengg
2795,10879,4,0,0,0,3,4,3,ds4,,Schwaches Baumholz,Schwaches Baumholz_6,0,1,1.088,not_young,1006.5,Rengg
2811,5395,4,0,0,0,3,4,3,ds3,,Stangenholz,Stangenholz_6,0,1,0.54,not_young,985.5,Rengg
2816,5950,4,0,0,0,3,4,3,ds3,,Stangenholz,Stangenholz_6,0,1,0.595,not_young,1001.6,Rengg
2828,9161,3,0,0,0,3,4,3,ds4,,Schwaches Baumholz,Schwaches Baumholz_6,0,1,0.916,not_young,1014.8,Rengg
2833,19967,3,0,0,0,3,3,3,ds6,,Starkes Baumholz,Starkes Baumholz_13,0,1,1.997,not_young,957.5,Entlebuch
2834,11585,4,0,0,0,3,4,3,ds6,,Starkes Baumholz,Starkes Baumholz_6,0,1,1.158,not_young,1016.0,Rengg
2836,37121,4,0,0,0,3,4,3,ds5,,Mittleres Baumholz,Mittleres Baumholz_6,0,1,3.712,not_young,1211.6,Rengg
2840,5000,3,0,0,0,3,4,3,ds5,,Mittleres Baumholz,Mittleres Baumholz_6,0,1,0.5,not_young,1181.5,Finsterwald b. E.
2843,7978,4,0,0,0,3,4,3,ds5,,Mittleres Baumholz,Mittleres Baumholz_6,0,1,0.798,not_young,1000.6,Finsterwald b. E.
2845,5300,3,0,0,0,3,3,3,ds4,,Schwaches Baumholz,Schwaches Baumholz_6,0,1,0.53,not_young,1229.0,Finsterwald b. E.
2846,5750,4,0,0,0,3,4,3,ds6,,Starkes Baumholz,Starkes Baumholz_13,0,1,0.575,not_young,991.7,Finsterwald b. E.
2847,9750,4,0,0,0,3,4,3,ds6,,Starkes Baumholz,Starkes Baumholz_6,0,1,0.975,not_young,1111.9,Finsterwald b. E.
2849,7600,3,0,0,0,3,4,3,ds6,,Starkes Baumholz,Starkes Baumholz_6,0,1,0.76,not_young,1006.5,Finsterwald b. E.
2852,6829,3,0,0,0,3,3,3,ds6,,Starkes Baumholz,Starkes Baumholz_6,0,1,0.683,not_young,1152.2,Finsterwald b. E.
2864,6670,4,0,0,0,3,4,3,ds4,,Schwaches Baumholz,Schwaches Baumholz_6,0,1,0.667,not_young,1106.0,Finsterwald b. E.
2866,6012,3,0,0,0,3,3,3,ds6,,Starkes Baumholz,Starkes Baumholz_6,0,1,0.601,not_young,1072.8,Finsterwald b. E.
2929,5272,3,0,0,0,3,4,3,ds3,,Stangenholz,Stangenholz_6,0,1,0.527,not_young,1052.2,Rengg
2944,9843,2,1,0,1,2,2,2,ds6,,Starkes Baumholz,Starkes Baumholz_6,0,1,0.984,not_young,990.8,Rengg
2952,17794,4,0,0,0,3,4,3,ds6,,Starkes Baumholz,Starkes Baumholz_6,0,1,1.779,not_young,1017.7,Rengg
2957,43748,2,1,0,1,2,2,2,ds6,,Starkes Baumholz,Starkes Baumholz_13,0,1,4.375,not_young,942.0,Rengg
2968,5355,2,1,0,1,2,2,2,ds5,,Mittleres Baumholz,Mittleres Baumholz_6,0,1,0.535,not_young,1006.0,Rengg
2976,10414,4,0,0,0,3,4,3,ds6,,Starkes Baumholz,Starkes Baumholz_6,0,1,1.041,not_young,1010.9,Rengg
2979,7239,2,1,0,1,2,2,2,ds3,,Stangenholz,Stangenholz_6,0,1,0.724,not_young,1007.3,Rengg
2986,19053,4,0,0,0,3,4,3,ds6,,Starkes Baumholz,Starkes Baumholz_6,0,1,1.905,not_young,1054.9,Rengg
3003,12834,4,0,0,0,3,4,3,ds4,,Schwaches Baumholz,Schwaches Baumholz_6,0,1,1.283,not_young,1094.8,Rengg
3008,7294,4,0,0,0,3,4,3,ds6,,Starkes Baumholz,Starkes Baumholz_6,0,1,0.729,not_young,992.5,Rengg
3009,30324,4,0,0,0,3,4,3,ds5,,Mittleres Baumholz,Mittleres Baumholz_6,0,1,3.032,not_young,1044.9,Rengg
3022,5196,4,0,0,0,3,4,3,ds3,,Stangenholz,Stangenholz_6,0,1,0.52,not_young,1068.6,Rengg
3028,26689,2,1,0,1,2,2,2,ds6,,Starkes Baumholz,Starkes Baumholz_6,0,1,2.669,not_young,969.3,Rengg
3045,9341,4,0,0,0,3,4,3,ds6,,Starkes Baumholz,Starkes Baumholz_6,0,1,0.934,not_young,978.9,Rengg
3062,11089,2,1,0,1,2,2,2,ds5,,Mittleres Baumholz,Mittleres Baumholz_6,0,1,1.109,not_young,1017.1,Rengg
3074,8417,4,0,0,0,3,4,3,ds5,,Mittleres Baumholz,Mittleres Baumholz_6,0,1,0.842,not_young,1035.1,Rengg
3075,5808,4,0,0,0,3,4,3,ds6,,Starkes Baumholz,Starkes Baumholz_6,0,1,0.581,not_young,982.1,Rengg
3082,7210,4,0,0,0,3,4,3,ds3,,Stangenholz,Stangenholz_6,0,1,0.721,not_young,1005.3,Entlebuch
3085,6928,4,0,0,0,3,4,3,ds5,,Mittleres Baumholz,Mittleres Baumholz_6,0,1,0.693,not_young,1006.6,Rengg
3101,5000,3,0,0,0,3,4,3,ds6,,Starkes Baumholz,Starkes Baumholz_6,0,1,0.5,not_young,1021.2,Rengg
3114,12479,4,0,0,0,3,4,3,ds6,,Starkes Baumholz,Starkes Baumholz_6,0,1,1.248,not_young,1000.8,Rengg
3145,5887,4,0,0,0,3,4,3,ds6,,Starkes Baumholz,Starkes Baumholz_6,0,1,0.589,not_young,1006.5,Rengg
3149,12832,4,0,0,0,3,4,3,ds6,,Starkes Baumholz,Starkes Baumholz_13,0,1,1.283,not_young,966.8,Rengg
3151,5650,3,0,0,0,3,4,3,ds5,,Mittleres Baumholz,Mittleres Baumholz_6,0,1,0.565,not_young,1011.3,Rengg
3155,7660,4,0,0,0,3,4,3,ds6,,Starkes Baumholz,Starkes Baumholz_6,0,1,0.766,not_young,1047.7,Rengg
3158,10092,4,0,0,0,3,4,3,ds5,,Mittleres Baumholz,Mittleres Baumholz_6,0,1,1.009,not_young,1055.1,Rengg
3159,12525,4,0,0,0,3,4,3,ds6,,Starkes Baumholz,Starkes Baumholz_6,0,1,1.252,not_young,1032.6,Rengg
3165,15092,3,0,0,0,3,3,3,ds6,,Starkes Baumholz,Starkes Baumholz_6,0,1,1.509,not_young,1008.7,Rengg
3180,5400,3,0,0,0,3,3,3,ds4,,Schwaches Baumholz,Schwaches Baumholz_6,0,1,0.54,not_young,995.1,Rengg
3190,8750,3,0,0,0,3,3,3,ds3,,Stangenholz,Stangenholz_6,0,1,0.875,not_young,1016.1,Rengg
3194,7558,3,0,0,0,3,3,3,ds5,,Mittleres Baumholz,Mittleres Baumholz_6,0,1,0.756,not_young,997.1,Rengg
3200,12405,4,0,0,0,3,4,3,ds5,,Mittleres Baumholz,Mittleres Baumholz_6,0,1,1.24,not_young,986.4,Rengg
3204,9363,3,0,0,0,3,4,3,ds3,,Stangenholz,Stangenholz_6,0,1,0.936,not_young,1134.4,Rengg
3205,7200,3,0,0,0,3,4,3,ds6,,Starkes Baumholz,Starkes Baumholz_6,0,1,0.72,not_young,1079.6,Rengg
3207,13440,3,0,0,0,3,3,3,ds2,,Jungwuchs/Dickung,Jungwuchs/Dickung_6,0,1,1.344,young,1018.7,Rengg
3208,6861,3,0,0,0,3,3,3,ds5,,Mittleres Baumholz,Mittleres Baumholz_6,0,1,0.686,not_young,1037.8,Rengg
3210,7200,4,0,0,0,3,4,3,ds5,,Mittleres Baumholz,Mittleres Baumholz_6,0,1,0.72,not_young,978.9,Rengg
3214,52213,3,0,0,0,3,3,3,ds6,,Starkes Baumholz,Starkes Baumholz_13,0,1,5.221,not_young,971.5,Rengg
3215,11915,3,0,0,0,3,3,3,ds3,,Stangenholz,Stangenholz_6,0,1,1.191,not_young,992.4,Rengg
3221,6947,3,0,0,0,3,3,3,ds5,,Mittleres Baumholz,Mittleres Baumholz_6,0,1,0.695,not_young,1042.5,Rengg
3222,9250,4,0,0,0,3,4,3,ds6,,Starkes Baumholz,Starkes Baumholz_6,0,1,0.925,not_young,1010.7,Rengg
3223,5610,4,0,0,0,3,4,3,ds5,,Mittleres Baumholz,Mittleres Baumholz_6,0,1,0.561,not_young,1166.2,Rengg
3228,15550,4,0,0,0,3,4,3,ds6,,Starkes Baumholz,Starkes Baumholz_6,0,1,1.555,not_young,1067.4,Rengg
3232,5750,3,0,0,0,3,4,3,ds6,,Starkes Baumholz,Starkes Baumholz_6,0,1,0.575,not_young,1042.5,Rengg
3237,6950,3,0,0,0,3,4,3,ds6,,Starkes Baumholz,Starkes Baumholz_6,0,1,0.695,not_young,998.6,Rengg
3238,36965,3,0,0,0,3,4,3,ds6,,Starkes Baumholz,Starkes Baumholz_6,0,1,3.697,not_young,1075.7,Rengg
3241,9608,3,0,0,0,3,4,3,ds5,,Mittleres Baumholz,Mittleres Baumholz_13,0,1,0.961,not_young,984.6,Entlebuch
3243,11150,4,0,0,0,3,4,3,ds6,,Starkes Baumholz,Starkes Baumholz_6,0,1,1.115,not_young,1134.0,Rengg
3251,8722,3,0,0,0,3,3,3,ds3,,Stangenholz,Stangenholz_6,0,1,0.872,not_young,1020.9,Rengg
3252,5336,3,0,0,0,3,3,3,ds6,,Starkes Baumholz,Starkes Baumholz_6,0,1,0.534,not_young,1120.0,Rengg
3253,61138,4,0,0,0,3,4,3,ds6,,Starkes Baumholz,Starkes Baumholz_6,0,1,6.114,not_young,1064.5,Rengg
3262,6767,3,0,0,0,3,3,3,ds5,,Mittleres Baumholz,Mittleres Baumholz_6,0,1,0.677,not_young,1066.4,Rengg
3264,12930,4,0,0,0,3,4,3,ds5,,Mittleres Baumholz,Mittleres Baumholz_6,0,1,1.293,not_young,1168.2,Rengg
3267,12290,3,0,0,0,3,3,3,ds5,,Mittleres Baumholz,Mittleres Baumholz_6,0,1,1.229,not_young,1003.4,Rengg
3280,65334,4,0,0,0,3,4,3,ds6,,Starkes Baumholz,Starkes Baumholz_6,0,1,6.533,not_young,983.1,Rengg
3281,9952,3,0,0,0,3,4,3,ds4,,Schwaches Baumholz,Schwaches Baumholz_6,0,1,0.995,not_young,1071.3,Rengg
3282,9168,4,0,0,0,3,4,3,ds6,,Starkes Baumholz,Starkes Baumholz_6,0,1,0.917,not_young,1010.7,Rengg
3290,42605,3,0,0,0,3,3,3,ds6,,Starkes Baumholz,Starkes Baumholz_6,0,1,4.26,not_young,990.6,Rengg
3291,16454,4,0,0,0,3,4,3,ds6,,Starkes Baumholz,Starkes Baumholz_6,0,1,1.645,not_young,1133.9,Rengg
3309,5888,3,0,0,0,3,3,3,ds6,,Starkes Baumholz,Starkes Baumholz_6,0,1,0.589,not_young,1000.6,Rengg
3310,9763,3,0,0,0,3,3,3,ds5,,Mittleres Baumholz,Mittleres Baumholz_6,0,1,0.976,not_young,1087.8,Rengg
3321,52290,4,0,0,0,3,4,3,ds6,,Starkes Baumholz,Starkes Baumholz_6,0,1,5.229,not_young,1030.8,Rengg
3322,15276,3,0,0,0,3,3,3,ds5,,Mittleres Baumholz,Mittleres Baumholz_6,0,1,1.528,not_young,1136.5,Rengg
3323,10286,3,0,0,0,3,3,3,ds6,,Starkes Baumholz,Starkes Baumholz_6,0,1,1.029,not_young,1074.5,Rengg
3325,8344,3,0,0,0,3,4,3,ds6,,Starkes Baumholz,Starkes Baumholz_6,0,1,0.834,not_young,1018.7,Entlebuch
3331,5772,3,0,0,0,3,3,3,ds5,,Mittleres Baumholz,Mittleres Baumholz_6,0,1,0.577,not_young,1045.0,Rengg
3336,26960,4,0,0,0,3,4,3,ds6,,Starkes Baumholz,Starkes Baumholz_6,0,1,2.696,not_young,996.3,Rengg
3345,7742,4,0,0,0,3,4,3,ds4,,Schwaches Baumholz,Schwaches Baumholz_6,0,1,0.774,not_young,1030.8,Entlebuch
3351,16415,3,0,0,0,3,3,3,ds5,,Mittleres Baumholz,Mittleres Baumholz_6,0,1,1.641,not_young,1010.9,Rengg
3352,6000,3,0,0,0,3,3,3,ds3,,Stangenholz,Stangenholz_6,0,1,0.6,not_young,1082.1,Rengg
3361,8793,4,0,0,0,3,4,3,ds6,,Starkes Baumholz,Starkes Baumholz_6,0,1,0.879,not_young,1028.9,Rengg
3369,7086,3,0,0,0,3,3,3,ds6,,Starkes Baumholz,Starkes Baumholz_6,0,1,0.709,not_young,1025.7,Rengg
3371,6848,4,0,0,0,3,4,3,ds5,,Mittleres Baumholz,Mittleres Baumholz_6,0,1,0.685,not_young,986.7,Rengg
3378,6250,3,0,0,0,3,3,3,ds3,,Stangenholz,Stangenholz_6,0,1,0.625,not_young,1185.9,Rengg
3383,6900,4,0,0,0,3,4,3,ds4,,Schwaches Baumholz,Schwaches Baumholz_6,0,1,0.69,not_young,1073.1,Finsterwald b. E.
3384,15212,4,0,0,0,3,4,3,ds6,,Starkes Baumholz,Starkes Baumholz_13,0,1,1.521,not_young,979.0,Rengg
3388,6044,4,0,0,0,3,4,3,ds4,,Schwaches Baumholz,Schwaches Baumholz_6,0,1,0.604,not_young,1012.1,Entlebuch
3398,12665,4,0,0,0,3,4,3,ds5,,Mittleres Baumholz,Mittleres Baumholz_6,0,1,1.267,not_young,1223.1,Finsterwald b. E.
3399,56425,3,0,0,0,3,3,3,ds6,,Starkes Baumholz,Starkes Baumholz_6,0,1,5.643,not_young,1121.7,Rengg
3414,14886,3,0,0,0,3,3,3,ds3,,Stangenholz,Stangenholz_6,0,1,1.489,not_young,1167.2,Rengg
3427,8426,3,0,0,0,3,4,3,ds5,,Mittleres Baumholz,Mittleres Baumholz_6,0,1,0.843,not_young,1104.1,Rengg
3429,6729,4,0,0,0,3,4,3,ds3,,Stangenholz,Stangenholz_6,0,1,0.673,not_young,964.5,Finsterwald b. E.
3435,10141,3,0,0,0,3,3,3,ds6,,Starkes Baumholz,Starkes Baumholz_6,0,1,1.014,not_young,1153.2,Rengg
3442,14450,4,0,0,0,3,4,3,ds6,,Starkes Baumholz,Starkes Baumholz_6,0,1,1.445,not_young,1003.5,Finsterwald b. E.
3446,89437,3,0,0,0,3,4,3,ds6,,Starkes Baumholz,Starkes Baumholz_6,0,1,8.944,not_young,1166.9,Finsterwald b. E.
3447,20300,4,0,0,0,3,4,3,ds6,,Starkes Baumholz,Starkes Baumholz_6,0,1,2.03,not_young,1087.8,Finsterwald b. E.
3448,22992,2,1,0,1,2,2,2,ds6,,Starkes Baumholz,Starkes Baumholz_13,0,1,2.299,not_young,954.2,Finsterwald b. E.
3451,14462,3,0,0,0,3,4,3,ds5,,Mittleres Baumholz,Mittleres Baumholz_6,0,1,1.446,not_young,1126.4,Finsterwald b. E.
3464,5382,3,0,0,0,3,4,3,ds6,,Starkes Baumholz,Starkes Baumholz_13,0,1,0.538,not_young,984.2,Entlebuch
3465,12200,4,0,0,0,3,4,3,ds6,,Starkes Baumholz,Starkes Baumholz_6,0,1,1.22,not_young,1028.6,Finsterwald b. E.
3473,10025,3,0,0,0,3,4,3,ds5,,Mittleres Baumholz,Mittleres Baumholz_6,0,1,1.003,not_young,1228.9,Finsterwald b. E.
3477,30053,3,0,0,0,3,3,3,ds6,,Starkes Baumholz,Starkes Baumholz_6,0,1,3.005,not_young,1116.4,Rengg
3478,6500,4,0,0,0,3,4,3,ds6,,Starkes Baumholz,Starkes Baumholz_6,0,1,0.65,not_young,1098.6,Finsterwald b. E.
3479,6750,3,0,0,0,3,4,3,ds6,,Starkes Baumholz,Starkes Baumholz_6,0,1,0.675,not_young,1033.9,Finsterwald b. E.
3480,7050,4,0,0,0,3,4,3,ds5,,Mittleres Baumholz,Mittleres Baumholz_13,0,1,0.705,not_young,983.2,Finsterwald b. E.
3485,5950,4,0,0,0,3,4,3,ds6,,Starkes Baumholz,Starkes Baumholz_6,0,1,0.595,not_young,1157.4,Finsterwald b. E.
3486,16900,3,0,0,0,3,4,3,ds5,,Mittleres Baumholz,Mittleres Baumholz_6,0,1,1.69,not_young,1064.9,Finsterwald b. E.
3491,5400,4,0,0,0,3,4,3,ds5,,Mittleres Baumholz,Mittleres Baumholz_6,0,1,0.54,not_young,1206.2,Finsterwald b. E.
3494,7700,4,0,0,0,3,4,3,ds6,,Starkes Baumholz,Starkes Baumholz_6,0,1,0.77,not_young,1049.9,Finsterwald b. E.
3495,5016,3,0,0,0,3,3,3,ds6,,Starkes Baumholz,Starkes Baumholz_6,0,1,0.502,not_young,1164.8,Rengg
3499,5400,3,0,0,0,3,4,3,ds6,,Starkes Baumholz,Starkes Baumholz_6,0,1,0.54,not_young,1133.2,Finsterwald b. E.
3504,14950,4,0,0,0,3,4,3,ds5,,Mittleres Baumholz,Mittleres Baumholz_6,0,1,1.495,not_young,1186.0,Finsterwald b. E.
3508,6750,4,0,0,0,3,4,3,ds4,,Schwaches Baumholz,Schwaches Baumholz_6,0,1,0.675,not_young,1076.5,Finsterwald b. E.
3509,24360,4,0,0,0,3,4,3,ds6,,Starkes Baumholz,Starkes Baumholz_6,0,1,2.436,not_young,1164.3,Finsterwald b. E.
3512,6200,3,0,0,0,3,4,3,ds6,,Starkes Baumholz,Starkes Baumholz_6,0,1,0.62,not_young,1101.3,Finsterwald b. E.
3517,21037,3,0,0,0,3,4,3,ds6,,Starkes Baumholz,Starkes Baumholz_6,0,1,2.104,not_young,988.6,Finsterwald b. E.
3518,8350,4,0,0,0,3,4,3,ds6,,Starkes Baumholz,Starkes Baumholz_6,0,1,0.835,not_young,1174.5,Finsterwald b. E.
3519,27550,4,0,0,0,3,4,3,ds6,,Starkes Baumholz,Starkes Baumholz_6,0,1,2.755,not_young,1019.0,Finsterwald b. E.
3522,5000,4,0,0,0,3,4,3,ds6,,Starkes Baumholz,Starkes Baumholz_13,0,1,0.5,not_young,985.8,Finsterwald b. E.
3530,6600,4,0,0,0,3,4,3,ds6,,Starkes Baumholz,Starkes Baumholz_6,0,1,0.66,not_young,1140.1,Finsterwald b. E.
3534,56118,4,0,0,0,3,4,3,ds6,,Starkes Baumholz,Starkes Baumholz_6,0,1,5.612,not_young,1087.5,Finsterwald b. E.
3536,5650,3,0,0,0,3,3,3,ds6,,Starkes Baumholz,Starkes Baumholz_6,0,1,0.565,not_young,1064.7,Finsterwald b. E.
3538,20154,4,0,0,0,3,4,3,ds6,,Starkes Baumholz,Starkes Baumholz_13,0,1,2.015,not_young,966.0,Finsterwald b. E.
3541,6200,4,0,0,0,3,4,3,ds5,,Mittleres Baumholz,Mittleres Baumholz_6,0,1,0.62,not_young,1112.6,Finsterwald b. E.
3546,7916,3,0,0,0,3,3,3,ds6,,Starkes Baumholz,Starkes Baumholz_6,0,1,0.792,not_young,999.6,Finsterwald b. E.
3547,5079,3,0,0,0,3,3,3,ds5,,Mittleres Baumholz,Mittleres Baumholz_6,0,1,0.508,not_young,1008.9,Finsterwald b. E.
3548,5000,4,0,0,0,3,4,3,ds6,,Starkes Baumholz,Starkes Baumholz_6,0,1,0.5,not_young,1141.9,Finsterwald b. E.
3549,13600,4,0,0,0,3,4,3,ds6,,Starkes Baumholz,Starkes Baumholz_6,0,1,1.36,not_young,1127.2,Finsterwald b. E.
3552,9050,4,0,0,0,3,4,3,ds6,,Starkes Baumholz,Starkes Baumholz_6,0,1,0.905,not_young,1139.7,Finsterwald b. E.
3554,10630,4,0,0,0,3,4,3,ds5,,Mittleres Baumholz,Mittleres Baumholz_6,0,1,1.063,not_young,990.5,Finsterwald b. E.
3560,11952,4,0,0,0,3,4,3,ds6,,Starkes Baumholz,Starkes Baumholz_13,0,1,1.195,not_young,965.7,Finsterwald b. E.
3567,9559,4,0,0,0,3,4,3,ds4,,Schwaches Baumholz,Schwaches Baumholz_6,0,1,0.956,not_young,999.5,Finsterwald b. E.
3569,6961,3,0,0,0,3,3,3,ds6,,Starkes Baumholz,Starkes Baumholz_6,0,1,0.696,not_young,1175.4,Finsterwald b. E.
3571,5892,3,0,0,0,3,4,3,ds6,,Starkes Baumholz,Starkes Baumholz_6,0,1,0.589,not_young,1003.2,Finsterwald b. E.
3576,6800,3,0,0,0,3,4,3,ds5,,Mittleres Baumholz,Mittleres Baumholz_6,0,1,0.68,not_young,1077.6,Finsterwald b. E.
3578,15899,2,1,0,1,2,2,2,ds6,,Starkes Baumholz,Starkes Baumholz_13,0,1,1.59,not_young,984.4,Finsterwald b. E.
3581,16874,4,0,0,0,3,4,3,ds4,,Schwaches Baumholz,Schwaches Baumholz_6,0,1,1.687,not_young,1243.0,Finsterwald b. E.
3583,100147,4,0,0,0,3,4,3,ds5,,Mittleres Baumholz,Mittleres Baumholz_6,0,1,10.015,not_young,1261.7,Finsterwald b. E.
3584,13000,2,1,0,1,2,2,2,ds5,,Mittleres Baumholz,Mittleres Baumholz_13,0,1,1.3,not_young,958.4,Finsterwald b. E.
3587,5489,3,0,0,0,3,3,3,ds5,,Mittleres Baumholz,Mittleres Baumholz_6,0,1,0.549,not_young,1114.2,Finsterwald b. E.
3588,6550,3,0,0,0,3,3,3,ds6,,Starkes Baumholz,Starkes Baumholz_6,0,1,0.655,not_young,1175.4,Finsterwald b. E.
3593,12149,3,0,0,0,3,4,3,ds6,,Starkes Baumholz,Starkes Baumholz_6,0,1,1.215,not_young,1006.3,Finsterwald b. E.
3594,13250,3,0,0,0,3,3,3,ds5,,Mittleres Baumholz,Mittleres Baumholz_6,0,1,1.325,not_young,1194.5,Finsterwald b. E.
3595,37373,4,0,0,0,3,4,3,ds6,,Starkes Baumholz,Starkes Baumholz_6,0,1,3.737,not_young,1233.5,Finsterwald b. E.
3596,6708,3,0,0,0,3,3,3,ds5,,Mittleres Baumholz,Mittleres Baumholz_6,0,1,0.671,not_young,1117.0,Finsterwald b. E.
3597,8706,4,0,0,0,3,4,3,ds5,,Mittleres Baumholz,Mittleres Baumholz_6,0,1,0.871,not_young,1016.2,Finsterwald b. E.
3609,5444,4,0,0,0,3,4,3,ds6,,Starkes Baumholz,Starkes Baumholz_6,0,1,0.544,not_young,1196.7,Finsterwald b. E.
3614,7901,3,0,0,0,3,4,3,ds5,,Mittleres Baumholz,Mittleres Baumholz_6,0,1,0.79,not_young,1257.4,Finsterwald b. E.
3616,8700,4,0,0,0,3,4,3,ds6,,Starkes Baumholz,Starkes Baumholz_6,0,1,0.87,not_young,1024.4,Finsterwald b. E.
3618,13364,3,0,0,0,3,3,3,ds6,,Starkes Baumholz,Starkes Baumholz_6,0,1,1.336,not_young,1191.3,Finsterwald b. E.
3619,34851,2,1,0,1,2,2,2,ds5,,Mittleres Baumholz,Mittleres Baumholz_6,0,1,3.485,not_young,1003.2,Finsterwald b. E.
3621,10800,4,0,0,0,3,4,3,ds6,,Starkes Baumholz,Starkes Baumholz_6,0,1,1.08,not_young,1172.9,Finsterwald b. E.
3628,7500,4,0,0,0,3,4,3,ds5,,Mittleres Baumholz,Mittleres Baumholz_6,0,1,0.75,not_young,1015.7,Finsterwald b. E.
3636,6051,3,0,0,0,3,3,3,ds5,,Mittleres Baumholz,Mittleres Baumholz_6,0,1,0.605,not_young,1120.9,Finsterwald b. E.
3637,3058,4,0,0,0,3,4,3,ds5,,Mittleres Baumholz,Mittleres Baumholz_6,0,1,0.306,not_young,1043.6,Finsterwald b. E.
3640,8775,4,0,0,0,3,4,3,ds6,,Starkes Baumholz,Starkes Baumholz_6,0,1,0.878,not_young,1071.2,Finsterwald b. E.
3644,8700,4,0,0,0,3,4,3,ds5,,Mittleres Baumholz,Mittleres Baumholz_6,0,1,0.87,not_young,1023.9,Finsterwald b. E.
3645,6905,4,0,0,0,3,4,3,ds5,,Mittleres Baumholz,Mittleres Baumholz_6,0,1,0.691,not_young,1079.9,Finsterwald b. E.
3646,7253,3,0,0,0,3,4,3,ds5,,Mittleres Baumholz,Mittleres Baumholz_6,0,1,0.725,not_young,1041.8,Finsterwald b. E.
3651,11450,3,0,0,0,3,4,3,ds4,,Schwaches Baumholz,Schwaches Baumholz_6,0,1,1.145,not_young,1133.7,Finsterwald b. E.
3652,6186,4,0,0,0,3,4,3,ds4,,Schwaches Baumholz,Schwaches Baumholz_6,0,1,0.619,not_young,1042.9,Finsterwald b. E.
3653,25074,4,0,0,0,3,4,3,ds6,,Starkes Baumholz,Starkes Baumholz_6,0,1,2.507,not_young,1073.8,Finsterwald b. E.
3660,33550,4,0,0,0,3,4,3,ds6,,Starkes Baumholz,Starkes Baumholz_6,0,1,3.355,not_young,1224.6,Finsterwald b. E.
3669,12917,4,0,0,0,3,4,3,ds6,,Starkes Baumholz,Starkes Baumholz_6,0,1,1.292,not_young,997.8,Finsterwald b. E.
3672,6739,3,0,0,0,3,3,3,ds6,,Starkes Baumholz,Starkes Baumholz_6,0,1,0.674,not_young,1128.1,Finsterwald b. E.
3678,11250,3,0,0,0,3,4,3,ds4,,Schwaches Baumholz,Schwaches Baumholz_6,0,1,1.125,not_young,1125.5,Finsterwald b. E.
3682,7040,3,0,0,0,3,4,3,ds4,,Schwaches Baumholz,Schwaches Baumholz_6,0,1,0.704,not_young,1244.0,Finsterwald b. E.
3683,31291,3,0,0,0,3,4,3,ds5,,Mittleres Baumholz,Mittleres Baumholz_6,0,1,3.129,not_young,1052.2,Finsterwald b. E.
3685,9100,4,0,0,0,3,4,3,ds4,,Schwaches Baumholz,Schwaches Baumholz_6,0,1,0.91,not_young,1164.9,Finsterwald b. E.
3686,5250,3,0,0,0,3,4,3,ds5,,Mittleres Baumholz,Mittleres Baumholz_6,0,1,0.525,not_young,1159.4,Finsterwald b. E.
3688,7195,3,0,0,0,3,4,3,ds5,,Mittleres Baumholz,Mittleres Baumholz_6,0,1,0.719,not_young,1172.7,Finsterwald b. E.
3691,13211,3,0,0,0,3,4,3,ds6,,Starkes Baumholz,Starkes Baumholz_6,0,1,1.321,not_young,1183.4,Finsterwald b. E.
3693,149563,4,0,0,0,3,4,3,ds6,,Starkes Baumholz,Starkes Baumholz_6,0,1,14.956,not_young,1099.0,Finsterwald b. E.
3694,7550,4,0,0,0,3,4,3,ds2,,Jungwuchs/Dickung,Jungwuchs/Dickung_6,0,1,0.755,young,1145.5,Finsterwald b. E.
3695,8400,4,0,0,0,3,4,3,ds5,,Mittleres Baumholz,Mittleres Baumholz_6,0,1,0.84,not_young,1075.1,Finsterwald b. E.
3696,7094,4,0,0,0,3,4,3,ds4,,Schwaches Baumholz,Schwaches Baumholz_6,0,1,0.709,not_young,1083.8,Finsterwald b. E.
3705,5000,3,0,0,0,3,4,3,ds6,,Starkes Baumholz,Starkes Baumholz_6,0,1,0.5,not_young,997.9,Finsterwald b. E.
3708,27720,4,0,0,0,3,4,3,ds6,,Starkes Baumholz,Starkes Baumholz_6,0,1,2.772,not_young,1123.0,Finsterwald b. E.
3710,9585,3,0,0,0,3,4,3,ds6,,Starkes Baumholz,Starkes Baumholz_6,0,1,0.959,not_young,1094.9,Finsterwald b. E.
3711,6750,3,0,0,0,3,4,3,ds6,,Starkes Baumholz,Starkes Baumholz_6,0,1,0.675,not_young,1097.9,Finsterwald b. E.
3716,26200,4,0,0,0,3,4,3,ds6,,Starkes Baumholz,Starkes Baumholz_6,0,1,2.62,not_young,1104.4,Finsterwald b. E.
3717,5759,4,0,0,0,3,4,3,ds5,,Mittleres Baumholz,Mittleres Baumholz_6,0,1,0.576,not_young,1072.4,Finsterwald b. E.
3720,6191,4,0,0,0,3,4,3,ds5,,Mittleres Baumholz,Mittleres Baumholz_6,0,1,0.619,not_young,1101.4,Finsterwald b. E.
3721,13959,4,0,0,0,3,4,3,ds3,,Stangenholz,Stangenholz_6,0,1,1.396,not_young,1164.1,Finsterwald b. E.
3723,9800,4,0,0,0,3,4,3,ds3,,Stangenholz,Stangenholz_6,0,1,0.98,not_young,1177.4,Finsterwald b. E.
3728,6100,4,0,0,0,3,4,3,ds4,,Schwaches Baumholz,Schwaches Baumholz_6,0,1,0.61,not_young,1138.6,Finsterwald b. E.
3729,5350,4,0,0,0,3,4,3,ds6,,Starkes Baumholz,Starkes Baumholz_6,0,1,0.535,not_young,1181.8,Finsterwald b. E.
3735,7750,4,0,0,0,3,4,3,ds5,,Mittleres Baumholz,Mittleres Baumholz_6,0,1,0.775,not_young,1223.9,Finsterwald b. E.
3740,24600,3,0,0,0,3,4,3,ds6,,Starkes Baumholz,Starkes Baumholz_6,0,1,2.46,not_young,1123.6,Finsterwald b. E.
3742,7186,3,0,0,0,3,3,3,ds6,,Starkes Baumholz,Starkes Baumholz_13,0,1,0.719,not_young,974.0,Finsterwald b. E.
3744,32300,4,0,0,0,3,4,3,ds6,,Starkes Baumholz,Starkes Baumholz_6,0,1,3.23,not_young,1124.1,Finsterwald b. E.
3745,276,4,0,0,0,3,4,3,ds4,,Schwaches Baumholz,Schwaches Baumholz_6,0,1,0.028,not_young,1110.4,Finsterwald b. E.
3750,7850,3,0,0,0,3,4,3,ds6,,Starkes Baumholz,Starkes Baumholz_6,0,1,0.785,not_young,1193.5,Finsterwald b. E.
3751,5,4,0,0,0,3,4,3,ds6,,Starkes Baumholz,Starkes Baumholz_6,0,1,0.001,not_young,1036.0,Finsterwald b. E.
3761,7500,3,0,0,0,3,4,3,ds2,,Jungwuchs/Dickung,Jungwuchs/Dickung_6,0,1,0.75,young,1198.1,Finsterwald b. E.
3767,9319,4,0,0,0,3,4,3,ds6,,Starkes Baumholz,Starkes Baumholz_6,0,1,0.932,not_young,1133.6,Finsterwald b. E.
3771,6784,3,0,0,0,3,4,3,ds5,,Mittleres Baumholz,Mittleres Baumholz_6,0,1,0.678,not_young,1051.3,Finsterwald b. E.
3772,6587,4,0,0,0,3,4,3,ds5,,Mittleres Baumholz,Mittleres Baumholz_6,0,1,0.659,not_young,1022.1,Finsterwald b. E.
3777,8522,4,0,0,0,3,4,3,ds4,,Schwaches Baumholz,Schwaches Baumholz_6,0,1,0.852,not_young,1162.1,Finsterwald b. E.
3780,62150,4,0,0,0,3,4,3,ds6,,Starkes Baumholz,Starkes Baumholz_6,0,1,6.215,not_young,1202.6,Finsterwald b. E.
3782,5962,4,0,0,0,3,4,3,ds4,,Schwaches Baumholz,Schwaches Baumholz_6,0,1,0.596,not_young,1080.8,Finsterwald b. E.
3786,5945,2,1,0,1,2,2,2,ds5,,Mittleres Baumholz,Mittleres Baumholz_6,0,1,0.594,not_young,1186.0,Finsterwald b. E.
3787,9450,2,1,0,1,2,2,2,ds5,,Mittleres Baumholz,Mittleres Baumholz_6,0,1,0.945,not_young,1183.1,Finsterwald b. E.
3791,8050,3,0,0,0,3,4,3,ds3,,Stangenholz,Stangenholz_6,0,1,0.805,not_young,1281.5,Finsterwald b. E.
3796,44523,4,0,0,0,3,4,3,ds6,,Starkes Baumholz,Starkes Baumholz_6,0,1,4.452,not_young,1033.6,Finsterwald b. E.
3798,7041,2,1,0,1,2,2,2,ds4,,Schwaches Baumholz,Schwaches Baumholz_6,0,1,0.704,not_young,1195.6,Finsterwald b. E.
3801,5237,3,0,0,0,3,3,3,ds6,,Starkes Baumholz,Starkes Baumholz_6,0,1,0.524,not_young,1145.0,Finsterwald b. E.
3802,7650,3,0,0,0,3,4,3,ds4,,Schwaches Baumholz,Schwaches Baumholz_6,0,1,0.765,not_young,1295.8,Finsterwald b. E.
3805,1366,2,1,0,1,2,2,2,ds5,,Mittleres Baumholz,Mittleres Baumholz_6,0,1,0.137,not_young,1380.7,Finsterwald b. E.
3807,14800,4,0,0,0,3,4,3,ds5,,Mittleres Baumholz,Mittleres Baumholz_6,0,1,1.48,not_young,1259.0,Finsterwald b. E.
3808,9645,4,0,0,0,3,4,3,ds5,,Mittleres Baumholz,Mittleres Baumholz_6,0,1,0.965,not_young,1151.1,Finsterwald b. E.
3811,47550,2,1,0,1,2,2,2,ds6,,Starkes Baumholz,Starkes Baumholz_6,0,1,4.755,not_young,1228.6,Finsterwald b. E.
3812,16358,2,1,0,1,2,2,2,ds5,,Mittleres Baumholz,Mittleres Baumholz_6,0,1,1.636,not_young,1297.5,Finsterwald b. E.
3813,8321,4,0,0,0,3,4,3,ds6,,Starkes Baumholz,Starkes Baumholz_13,0,1,0.832,not_young,1025.5,Finsterwald b. E.
3815,7150,4,0,0,0,3,4,3,ds5,,Mittleres Baumholz,Mittleres Baumholz_6,0,1,0.715,not_young,1202.0,Finsterwald b. E.
3823,5918,2,1,0,1,2,2,2,ds4,,Schwaches Baumholz,Schwaches Baumholz_6,0,1,0.592,not_young,1334.7,Finsterwald b. E.
3826,8063,2,1,0,1,2,2,2,ds3,,Stangenholz,Stangenholz_6,0,1,0.806,not_young,1385.0,Finsterwald b. E.
3831,7950,2,1,0,1,2,2,2,ds5,,Mittleres Baumholz,Mittleres Baumholz_6,0,1,0.795,not_young,1332.0,Finsterwald b. E.
3837,7479,2,1,0,1,2,2,2,ds3,,Stangenholz,Stangenholz_6,0,1,0.748,not_young,1040.2,Finsterwald b. E.
3838,5300,4,0,0,0,3,4,3,ds5,,Mittleres Baumholz,Mittleres Baumholz_6,0,1,0.53,not_young,1305.4,Finsterwald b. E.
3839,15125,4,0,0,0,3,4,3,ds5,,Mittleres Baumholz,Mittleres Baumholz_6,0,1,1.513,not_young,1351.4,Finsterwald b. E.
3842,6350,2,1,0,1,2,2,2,ds3,,Stangenholz,Stangenholz_6,0,1,0.635,not_young,1242.8,Finsterwald b. E.
3846,5550,3,0,0,0,3,4,3,ds3,,Stangenholz,Stangenholz_6,0,1,0.555,not_young,1076.4,Finsterwald b. E.
3848,47900,2,1,0,1,2,2,2,ds6,,Starkes Baumholz,Starkes Baumholz_6,0,1,4.79,not_young,1233.1,Finsterwald b. E.
3850,10630,3,0,0,0,3,4,3,ds2,,Jungwuchs/Dickung,Jungwuchs/Dickung_6,0,1,1.063,young,1103.3,Finsterwald b. E.
3851,4967,3,0,0,0,3,4,3,ds5,,Mittleres Baumholz,Mittleres Baumholz_6,0,1,0.497,not_young,1346.2,Finsterwald b. E.
3852,12041,2,1,0,1,2,2,2,ds5,,Mittleres Baumholz,Mittleres Baumholz_6,0,1,1.204,not_young,1348.0,Finsterwald b. E.
3853,6250,4,0,0,0,3,4,3,ds5,,Mittleres Baumholz,Mittleres Baumholz_6,0,1,0.625,not_young,1241.5,Finsterwald b. E.
3857,6170,4,0,0,0,3,4,3,ds3,,Stangenholz,Stangenholz_6,0,1,0.617,not_young,1117.9,Finsterwald b. E.
3858,17150,2,1,0,1,2,2,2,ds6,,Starkes Baumholz,Starkes Baumholz_6,0,1,1.715,not_young,1245.8,Finsterwald b. E.
3859,10300,2,1,0,1,2,2,2,ds5,,Mittleres Baumholz,Mittleres Baumholz_6,0,1,1.03,not_young,1317.0,Finsterwald b. E.
3861,5682,2,1,0,1,2,2,2,ds5,,Mittleres Baumholz,Mittleres Baumholz_6,0,1,0.568,not_young,1288.0,Finsterwald b. E.
3863,5891,4,0,0,0,3,4,3,ds3,,Stangenholz,Stangenholz_6,0,1,0.589,not_young,1352.5,Finsterwald b. E.
3865,28000,2,1,0,1,2,2,2,ds5,,Mittleres Baumholz,Mittleres Baumholz_6,0,1,2.8,not_young,1350.6,Finsterwald b. E.
3866,77342,3,0,0,0,3,4,3,ds6,,Starkes Baumholz,Starkes Baumholz_6,0,1,7.734,not_young,1095.7,Finsterwald b. E.
3867,16854,2,1,0,1,2,2,2,ds4,,Schwaches Baumholz,Schwaches Baumholz_6,0,1,1.685,not_young,1403.0,Finsterwald b. E.
3871,6184,3,0,0,0,3,4,3,ds5,,Mittleres Baumholz,Mittleres Baumholz_6,0,1,0.618,not_young,1098.0,Finsterwald b. E.
3876,6200,4,0,0,0,3,4,3,ds5,,Mittleres Baumholz,Mittleres Baumholz_6,0,1,0.62,not_young,1260.0,Finsterwald b. E.
3882,12349,3,0,0,0,3,4,3,ds5,,Mittleres Baumholz,Mittleres Baumholz_6,0,1,1.235,not_young,1105.8,Finsterwald b. E.
3884,15797,2,1,0,1,2,2,2,ds5,,Mittleres Baumholz,Mittleres Baumholz_6,0,1,1.58,not_young,1035.8,Finsterwald b. E.
3893,5650,2,1,0,1,2,2,2,ds2,,Jungwuchs/Dickung,Jungwuchs/Dickung_6,0,1,0.565,young,1399.5,Finsterwald b. E.
3895,7400,2,1,0,1,2,2,2,ds6,,Starkes Baumholz,Starkes Baumholz_13,0,1,0.74,not_young,971.6,Finsterwald b. E.
3896,6700,4,0,0,0,3,4,3,ds5,,Mittleres Baumholz,Mittleres Baumholz_6,0,1,0.67,not_young,1256.3,Finsterwald b. E.
3908,10491,2,1,0,1,2,2,2,ds4,,Schwaches Baumholz,Schwaches Baumholz_6,0,1,1.049,not_young,1375.8,Finsterwald b. E.
3909,16150,2,1,0,1,2,2,2,ds5,,Mittleres Baumholz,Mittleres Baumholz_6,0,1,1.615,not_young,1393.5,Finsterwald b. E.
3914,23883,4,0,0,0,3,4,3,ds6,,Starkes Baumholz,Starkes Baumholz_6,0,1,2.388,not_young,1101.5,Finsterwald b. E.
3915,10697,4,0,0,0,3,4,3,ds6,,Starkes Baumholz,Starkes Baumholz_13,0,1,1.07,not_young,1009.3,Hasle LU
3916,6537,3,0,0,0,3,3,3,ds6,,Starkes Baumholz,Starkes Baumholz_6,0,1,0.654,not_young,1163.7,Hasle LU
3918,13304,3,0,0,0,3,3,1,ds6,,Starkes Baumholz,Starkes Baumholz_6,0,1,1.33,not_young,1146.2,Schüpfheim
3919,39393,3,0,0,0,3,4,3,ds5,,Mittleres Baumholz,Mittleres Baumholz_6,0,1,3.939,not_young,1260.4,Finsterwald b. E.
3922,8362,2,1,0,1,2,2,2,ds6,,Starkes Baumholz,Starkes Baumholz_6,0,1,0.836,not_young,1066.5,Schüpfheim
3923,6974,3,0,0,0,3,3,1,ds4,,Schwaches Baumholz,Schwaches Baumholz_10,0,1,0.697,not_young,1454.7,Finsterwald b. E.
3928,12790,2,1,0,1,2,2,2,ds4,,Schwaches Baumholz,Schwaches Baumholz_6,0,1,1.279,not_young,1261.5,Schüpfheim
3929,11073,4,0,0,0,3,4,3,ds6,,Starkes Baumholz,Starkes Baumholz_6,0,1,1.107,not_young,1165.7,Finsterwald b. E.
3931,5666,4,0,0,0,3,4,3,ds4,,Schwaches Baumholz,Schwaches Baumholz_6,0,1,0.567,not_young,1303.8,Hasle LU
3933,6800,4,0,0,0,3,4,3,ds1,,Jungwuchs/Dickung,Jungwuchs/Dickung_8,0,1,0.68,young,1598.5,Finsterwald b. E.
3937,10000,2,1,0,1,2,2,2,ds6,,Starkes Baumholz,Starkes Baumholz_6,0,1,1.0,not_young,1036.1,Schüpfheim
3938,6399,4,0,0,0,3,4,3,ds6,,Starkes Baumholz,Starkes Baumholz_6,0,1,0.64,not_young,1180.3,Schüpfheim
3939,9063,3,0,0,0,3,3,3,ds4,,Schwaches Baumholz,Schwaches Baumholz_6,0,1,0.906,not_young,1243.9,Schüpfheim
3940,8291,1,0,2,2,1,1,1,ds4,,Schwaches Baumholz,Schwaches Baumholz_6,0,1,0.829,not_young,1350.3,Finsterwald b. E.
3941,75537,4,0,0,0,3,4,3,ds6,,Starkes Baumholz,Starkes Baumholz_13,0,1,7.554,not_young,958.3,Schüpfheim
3942,7053,1,0,2,2,1,1,1,ds4,,Schwaches Baumholz,Schwaches Baumholz_8,0,1,0.705,not_young,1675.5,Finsterwald b. E.
3943,12810,1,0,2,2,1,1,1,ds6,,Starkes Baumholz,Starkes Baumholz_6,0,1,1.281,not_young,1398.8,Finsterwald b. E.
3945,6260,2,1,0,1,2,2,2,ds3,,Stangenholz,Stangenholz_6,0,1,0.626,not_young,1068.7,Escholzmatt
3947,8291,2,1,0,1,2,2,2,ds6,,Starkes Baumholz,Starkes Baumholz_6,0,1,0.829,not_young,1080.3,Schüpfheim
3948,70832,1,0,2,2,1,1,1,ds6,,Starkes Baumholz,Starkes Baumholz_6,0,1,7.083,not_young,1360.3,Finsterwald b. E.
3951,5704,3,0,0,0,3,3,3,ds5,,Mittleres Baumholz,Mittleres Baumholz_6,0,1,0.57,not_young,1234.7,Schüpfheim
3952,10287,1,0,2,2,1,1,1,ds4,,Schwaches Baumholz,Schwaches Baumholz_10,0,1,1.029,not_young,1540.0,Finsterwald b. E.
3953,11850,3,0,0,0,3,3,3,ds6,,Starkes Baumholz,Starkes Baumholz_6,0,1,1.185,not_young,1147.7,Escholzmatt
3954,18326,1,0,2,2,1,1,1,ds5,,Mittleres Baumholz,Mittleres Baumholz_6,0,1,1.833,not_young,1376.3,Finsterwald b. E.
3959,8915,4,0,0,0,3,4,3,ds6,,Starkes Baumholz,Starkes Baumholz_6,0,1,0.891,not_young,1331.1,Finsterwald b. E.
3961,33062,3,0,0,0,3,4,3,ds6,,Starkes Baumholz,Starkes Baumholz_6,0,1,3.306,not_young,1090.2,Finsterwald b. E.
3963,9995,4,0,0,0,3,4,3,ds6,,Starkes Baumholz,Starkes Baumholz_6,0,1,0.999,not_young,1065.9,Finsterwald b. E.
3965,2870,2,1,0,1,2,2,2,ds5,,Mittleres Baumholz,Mittleres Baumholz_6,0,1,0.287,not_young,1431.8,Finsterwald b. E.
3968,84534,4,0,0,0,3,4,3,ds6,,Starkes Baumholz,Starkes Baumholz_6,0,1,8.453,not_young,1258.1,Finsterwald b. E.
3969,20736,4,0,0,0,3,4,3,ds6,,Starkes Baumholz,Starkes Baumholz_6,0,1,2.074,not_young,1320.1,Finsterwald b. E.
3982,28825,2,1,0,1,2,2,2,ds5,,Mittleres Baumholz,Mittleres Baumholz_6,0,1,2.882,not_young,1336.8,Finsterwald b. E.
3987,16122,2,1,0,1,2,2,2,ds4,,Schwaches Baumholz,Schwaches Baumholz_6,0,1,1.612,not_young,1435.3,Finsterwald b. E.
3989,26149,4,0,0,0,3,4,3,ds6,,Starkes Baumholz,Starkes Baumholz_6,0,1,2.615,not_young,1312.6,Finsterwald b. E.
3993,8502,2,1,0,1,2,2,2,ds3,,Stangenholz,Stangenholz_6,0,1,0.85,not_young,1468.0,Finsterwald b. E.
3994,18796,2,1,0,1,2,2,2,ds6,,Starkes Baumholz,Starkes Baumholz_6,0,1,1.88,not_young,1282.8,Finsterwald b. E.
3995,9628,2,1,0,1,2,2,2,ds5,,Mittleres Baumholz,Mittleres Baumholz_6,0,1,0.963,not_young,1297.7,Finsterwald b. E.
3999,7764,2,1,0,1,2,2,2,ds5,,Mittleres Baumholz,Mittleres Baumholz_13,0,1,0.776,not_young,1025.6,Finsterwald b. E.
4002,5916,2,1,0,1,2,2,2,ds5,,Mittleres Baumholz,Mittleres Baumholz_6,0,1,0.592,not_young,1287.0,Finsterwald b. E.
4009,7586,2,1,0,1,2,2,2,ds3,,Stangenholz,Stangenholz_6,0,1,0.759,not_young,1302.1,Finsterwald b. E.
4013,16600,2,1,0,1,2,2,2,ds6,,Starkes Baumholz,Starkes Baumholz_13,0,1,1.66,not_young,917.6,Finsterwald b. E.
4017,49710,2,1,0,1,2,2,2,ds6,,Starkes Baumholz,Starkes Baumholz_6,0,1,4.971,not_young,1255.7,Finsterwald b. E.
4023,6250,2,1,0,1,2,2,2,ds3,,Stangenholz,Stangenholz_6,0,1,0.625,not_young,1255.4,Finsterwald b. E.
4026,8900,2,1,0,1,2,2,2,ds6,,Starkes Baumholz,Starkes Baumholz_13,0,1,0.89,not_young,990.6,Finsterwald b. E.
4027,8648,4,0,0,0,3,4,3,ds6,,Starkes Baumholz,Starkes Baumholz_6,0,1,0.865,not_young,1075.5,Finsterwald b. E.
4030,31968,2,1,0,1,2,2,2,ds4,,Schwaches Baumholz,Schwaches Baumholz_8,0,1,3.197,not_young,1508.7,Finsterwald b. E.
4034,19798,2,1,0,1,2,2,2,ds6,,Starkes Baumholz,Starkes Baumholz_13,0,1,1.98,not_young,939.8,Finsterwald b. E.
4035,6371,2,1,0,1,2,2,2,ds5,,Mittleres Baumholz,Mittleres Baumholz_6,0,1,0.637,not_young,1002.4,Finsterwald b. E.
4044,17735,2,1,0,1,2,2,2,ds6,,Starkes Baumholz,Starkes Baumholz_13,0,1,1.774,not_young,952.2,Finsterwald b. E.
4046,9349,3,0,0,0,3,4,3,ds6,,Starkes Baumholz,Starkes Baumholz_6,0,1,0.935,not_young,1247.6,Finsterwald b. E.
4051,5972,4,0,0,0,3,4,3,ds6,,Starkes Baumholz,Starkes Baumholz_6,0,1,0.597,not_young,978.3,Hasle LU
4053,5798,2,1,0,1,2,2,2,ds4,,Schwaches Baumholz,Schwaches Baumholz_6,0,1,0.58,not_young,1230.0,Finsterwald b. E.
4055,15976,2,1,0,1,2,2,2,ds5,,Mittleres Baumholz,Mittleres Baumholz_13,0,1,1.598,not_young,959.4,Finsterwald b. E.
4069,64711,3,0,0,0,3,4,3,ds6,,Starkes Baumholz,Starkes Baumholz_13,0,1,6.471,not_young,903.8,Hasle LU
4071,22241,3,0,0,0,3,4,3,ds6,,Starkes Baumholz,Starkes Baumholz_6,0,1,2.224,not_young,993.4,Hasle LU
4077,11766,2,1,0,1,2,2,2,ds4,,Schwaches Baumholz,Schwaches Baumholz_8,0,1,1.177,not_young,1599.5,Finsterwald b. E.
4086,5580,4,0,0,0,3,4,3,ds4,,Schwaches Baumholz,Schwaches Baumholz_6,0,1,0.558,not_young,1070.3,Hasle LU
4089,5397,4,0,0,0,3,4,3,ds4,,Schwaches Baumholz,Schwaches Baumholz_6,0,1,0.54,not_young,1045.3,Hasle LU
4090,5370,2,1,0,1,2,2,2,ds4,,Schwaches Baumholz,Schwaches Baumholz_13,0,1,0.537,not_young,992.3,Finsterwald b. E.
4092,11541,2,1,0,1,2,2,2,ds4,,Schwaches Baumholz,Schwaches Baumholz_6,0,1,1.154,not_young,1320.8,Finsterwald b. E.
4093,17667,2,1,0,1,2,2,2,ds4,,Schwaches Baumholz,Schwaches Baumholz_8,0,1,1.767,not_young,1515.5,Finsterwald b. E.
4109,7545,4,0,0,0,3,4,3,ds3,,Stangenholz,Stangenholz_8,0,1,0.755,not_young,1662.1,Finsterwald b. E.
4114,10500,3,0,0,0,3,3,3,ds6,,Starkes Baumholz,Starkes Baumholz_13,0,1,1.05,not_young,945.6,Hasle LU
4117,6311,2,1,0,1,2,2,2,ds6,,Starkes Baumholz,Starkes Baumholz_13,0,1,0.631,not_young,957.4,Finsterwald b. E.
4118,79673,2,1,0,1,2,2,2,ds6,,Starkes Baumholz,Starkes Baumholz_6,0,1,7.967,not_young,1387.3,Finsterwald b. E.
4120,40901,2,1,0,1,2,2,2,ds6,,Starkes Baumholz,Starkes Baumholz_13,0,1,4.09,not_young,949.8,Finsterwald b. E.
4121,6737,3,0,0,0,3,4,3,ds4,,Schwaches Baumholz,Schwaches Baumholz_6,0,1,0.674,not_young,1151.3,Finsterwald b. E.
4123,6716,1,0,2,2,1,1,1,ds5,,Mittleres Baumholz,Mittleres Baumholz_13,0,1,0.672,not_young,980.4,Hasle LU
4127,5915,3,0,0,0,3,3,3,ds6,,Starkes Baumholz,Starkes Baumholz_6,0,1,0.591,not_young,991.5,Hasle LU
4134,8210,4,0,0,0,3,4,3,ds6,,Starkes Baumholz,Starkes Baumholz_6,0,1,0.821,not_young,987.4,Hasle LU
4139,9449,4,0,0,0,3,4,3,ds6,,Starkes Baumholz,Starkes Baumholz_6,0,1,0.945,not_young,997.8,Hasle LU
4140,5491,3,0,0,0,3,3,1,ds5,,Mittleres Baumholz,Mittleres Baumholz_6,0,1,0.549,not_young,1017.9,Hasle LU
4144,5560,2,1,0,1,2,2,2,ds4,,Schwaches Baumholz,Schwaches Baumholz_10,0,1,0.556,not_young,1493.6,Finsterwald b. E.
4146,5850,2,1,0,1,2,2,2,ds2,,Jungwuchs/Dickung,Jungwuchs/Dickung_6,0,1,0.585,young,1254.0,Finsterwald b. E.
4155,12008,3,0,0,0,3,4,3,ds6,,Starkes Baumholz,Starkes Baumholz_6,0,1,1.201,not_young,982.4,Hasle LU
4157,6057,3,0,0,0,3,4,3,ds6,,Starkes Baumholz,Starkes Baumholz_6,0,1,0.606,not_young,1172.5,Finsterwald b. E.
4162,16960,1,0,2,2,1,1,1,ds6,,Starkes Baumholz,Starkes Baumholz_13,0,1,1.696,not_young,964.3,Hasle LU
4167,16207,4,0,0,0,3,4,3,ds6,,Starkes Baumholz,Starkes Baumholz_13,0,1,1.621,not_young,946.0,Hasle LU
4168,41686,2,1,0,1,2,2,2,ds6,,Starkes Baumholz,Starkes Baumholz_13,0,1,4.169,not_young,930.0,Hasle LU
4170,23183,2,1,0,1,2,2,2,ds5,,Mittleres Baumholz,Mittleres Baumholz_6,0,1,2.318,not_young,1444.4,Finsterwald b. E.
4171,100623,2,1,0,1,2,2,2,ds6,,Starkes Baumholz,Starkes Baumholz_6,0,1,10.062,not_young,1254.1,Finsterwald b. E.
4175,9054,2,1,0,1,2,2,2,ds5,,Mittleres Baumholz,Mittleres Baumholz_6,0,1,0.905,not_young,1426.3,Finsterwald b. E.
4177,7600,3,0,0,0,3,4,3,ds6,,Starkes Baumholz,Starkes Baumholz_6,0,1,0.76,not_young,1049.9,Hasle LU
4181,6599,4,0,0,0,3,4,3,ds5,,Mittleres Baumholz,Mittleres Baumholz_6,0,1,0.66,not_young,1079.6,Finsterwald b. E.
4182,5030,2,1,0,1,2,2,2,ds2,,Jungwuchs/Dickung,Jungwuchs/Dickung_8,0,1,0.503,young,1505.3,Finsterwald b. E.
4186,4962,3,0,0,0,3,4,3,ds5,,Mittleres Baumholz,Mittleres Baumholz_6,0,1,0.496,not_young,1088.6,Hasle LU
4189,15055,4,0,0,0,3,4,3,ds4,,Schwaches Baumholz,Schwaches Baumholz_13,0,1,1.505,not_young,985.2,Hasle LU
4190,40790,1,0,2,2,1,1,1,ds6,,Starkes Baumholz,Starkes Baumholz_10,0,1,4.079,not_young,1433.8,Finsterwald b. E.
4192,23647,4,0,0,0,3,4,3,ds2,,Jungwuchs/Dickung,Jungwuchs/Dickung_6,0,1,2.365,young,1268.3,Hasle LU
4193,6600,4,0,0,0,3,4,3,ds6,,Starkes Baumholz,Starkes Baumholz_13,0,1,0.66,not_young,1039.8,Hasle LU
4194,20119,1,0,2,2,1,1,1,ds6,,Starkes Baumholz,Starkes Baumholz_6,0,1,2.012,not_young,1371.6,Finsterwald b. E.
4199,15207,3,0,0,0,3,3,3,ds6,,Starkes Baumholz,Starkes Baumholz_13,0,1,1.521,not_young,1023.7,Hasle LU
4200,5320,4,0,0,0,3,4,3,ds5,,Mittleres Baumholz,Mittleres Baumholz_6,0,1,0.532,not_young,1058.8,Hasle LU
4201,20075,4,0,0,0,3,4,3,ds5,,Mittleres Baumholz,Mittleres Baumholz_6,0,1,2.007,not_young,1223.6,Finsterwald b. E.
4204,17583,2,1,0,1,2,2,2,ds6,,Starkes Baumholz,Starkes Baumholz_6,0,1,1.758,not_young,1348.7,Hasle LU
4208,10901,3,0,0,0,3,3,3,ds6,,Starkes Baumholz,Starkes Baumholz_6,0,1,1.09,not_young,1257.7,Hasle LU
4209,10072,4,0,0,0,3,4,3,ds4,,Schwaches Baumholz,Schwaches Baumholz_6,0,1,1.007,not_young,1353.6,Finsterwald b. E.
4215,5189,4,0,0,0,3,4,3,ds2,,Jungwuchs/Dickung,Jungwuchs/Dickung_6,0,1,0.519,young,999.5,Schüpfheim
4216,18988,4,0,0,0,3,4,3,ds5,,Mittleres Baumholz,Mittleres Baumholz_10,0,1,1.899,not_young,1497.3,Finsterwald b. E.
4217,130581,1,0,2,2,1,1,1,ds4,,Schwaches Baumholz,Schwaches Baumholz_8,0,1,13.058,not_young,1566.5,Finsterwald b. E.
4219,6428,1,0,2,2,1,1,1,ds3,,Stangenholz,Stangenholz_8,0,1,0.643,not_young,1677.2,Finsterwald b. E.
4220,11473,3,0,0,0,3,3,3,ds5,,Mittleres Baumholz,Mittleres Baumholz_10,0,1,1.147,not_young,1455.5,Finsterwald b. E.
4221,19893,2,1,0,1,2,2,2,ds6,,Starkes Baumholz,Starkes Baumholz_6,0,1,1.989,not_young,1054.4,Escholzmatt
4222,17050,3,0,0,0,3,4,3,ds1,,Jungwuchs/Dickung,Jungwuchs/Dickung_6,0,1,1.705,young,1285.9,Escholzmatt
4224,11980,2,1,0,1,2,2,2,ds5,,Mittleres Baumholz,Mittleres Baumholz_6,0,1,1.198,not_young,1131.3,Escholzmatt
4225,5150,2,1,0,1,2,2,2,ds4,,Schwaches Baumholz,Schwaches Baumholz_6,0,1,0.515,not_young,1424.6,Escholzmatt
4226,13009,3,0,0,0,3,3,3,ds5,,Mittleres Baumholz,Mittleres Baumholz_6,0,1,1.301,not_young,1337.7,Flühli LU
4227,6504,2,1,0,1,2,2,2,ds4,,Schwaches Baumholz,Schwaches Baumholz_6,0,1,0.65,not_young,1202.4,Flühli LU
4229,11809,2,1,0,1,2,2,2,ds6,,Starkes Baumholz,Starkes Baumholz_6,0,1,1.181,not_young,1300.4,Flühli LU
4230,10724,3,0,0,0,3,3,3,ds5,,Mittleres Baumholz,Mittleres Baumholz_10,0,1,1.072,not_young,1433.6,Flühli LU
4231,5739,4,0,0,0,3,4,3,ds5,,Mittleres Baumholz,Mittleres Baumholz_6,0,1,0.574,not_young,1104.2,Wiggen
4232,8108,2,1,0,1,2,2,2,ds6,,Starkes Baumholz,Starkes Baumholz_13,0,1,0.811,not_young,1013.3,Wiggen
4233,49225,2,1,0,1,2,2,1,ds6,,Starkes Baumholz,Starkes Baumholz_6,0,1,4.922,not_young,1221.3,Flühli LU
4234,17712,3,0,0,0,3,3,3,ds6,,Starkes Baumholz,Starkes Baumholz_6,0,1,1.771,not_young,1133.3,Flühli LU
4235,9123,2,1,0,1,2,2,2,ds4,,Schwaches Baumholz,Schwaches Baumholz_6,0,1,0.912,not_young,1228.9,Flühli LU
4236,5100,2,1,0,1,2,2,2,ds4,,Schwaches Baumholz,Schwaches Baumholz_6,0,1,0.51,not_young,1394.5,Flühli LU
4237,6600,3,0,0,0,3,3,3,ds3,,Stangenholz,Stangenholz_6,0,1,0.66,not_young,1287.6,Sörenberg
4238,5575,3,0,0,0,3,4,3,ds6,,Starkes Baumholz,Starkes Baumholz_6,0,1,0.557,not_young,1022.2,Marbach LU
4239,16334,2,1,0,1,2,2,2,ds6,,Starkes Baumholz,Starkes Baumholz_6,0,1,1.633,not_young,1087.6,Escholzmatt
4240,40747,2,1,0,1,2,2,2,ds6,,Starkes Baumholz,Starkes Baumholz_6,0,1,4.075,not_young,1279.9,Flühli LU
4241,22979,3,0,0,0,3,3,3,ds4,,Schwaches Baumholz,Schwaches Baumholz_8,0,1,2.298,not_young,1599.3,Flühli LU
4242,5642,3,0,0,0,3,3,3,ds5,,Mittleres Baumholz,Mittleres Baumholz_10,0,1,0.564,not_young,1443.4,Flühli LU
4245,8638,3,0,0,0,3,3,3,ds5,,Mittleres Baumholz,Mittleres Baumholz_10,0,1,0.864,not_young,1481.3,Flühli LU
4246,8880,2,1,0,1,2,2,2,ds6,,Starkes Baumholz,Starkes Baumholz_10,0,1,0.888,not_young,1453.6,Flühli LU
4247,26252,3,0,0,0,3,3,3,ds5,,Mittleres Baumholz,Mittleres Baumholz_6,0,1,2.625,not_young,1104.5,Flühli LU
4248,5612,3,0,0,0,3,3,3,ds5,,Mittleres Baumholz,Mittleres Baumholz_6,0,1,0.561,not_young,980.3,Marbach LU
4249,29596,2,1,0,1,2,2,2,ds6,,Starkes Baumholz,Starkes Baumholz_13,0,1,2.96,not_young,953.6,Hasle LU
4252,7024,3,0,0,0,3,3,3,ds4,,Schwaches Baumholz,Schwaches Baumholz_6,0,1,0.702,not_young,1003.5,Hasle LU
4253,36173,4,0,0,0,3,4,3,ds6,,Starkes Baumholz,Starkes Baumholz_13,0,1,3.617,not_young,1049.9,Finsterwald b. E.
4255,6982,4,0,0,0,3,4,3,ds4,,Schwaches Baumholz,Schwaches Baumholz_6,0,1,0.698,not_young,1117.0,Finsterwald b. E.
4256,7893,4,0,0,0,3,4,3,ds5,,Mittleres Baumholz,Mittleres Baumholz_6,0,1,0.789,not_young,1323.2,Finsterwald b. E.
4259,31577,4,0,0,0,3,4,3,ds6,,Starkes Baumholz,Starkes Baumholz_6,0,1,3.158,not_young,1140.3,Finsterwald b. E.
4261,12961,3,0,0,0,3,3,1,ds6,,Starkes Baumholz,Starkes Baumholz_6,0,1,1.296,not_young,1053.3,Hasle LU
4262,8986,3,0,0,0,3,3,3,ds6,,Starkes Baumholz,Starkes Baumholz_13,0,1,0.899,not_young,962.9,Hasle LU
4267,8461,4,0,0,0,3,4,3,ds6,,Starkes Baumholz,Starkes Baumholz_6,0,1,0.846,not_young,957.1,Hasle LU
4269,9310,3,0,0,0,3,3,3,ds6,,Starkes Baumholz,Starkes Baumholz_6,0,1,0.931,not_young,980.9,Hasle LU
4270,5312,3,0,0,0,3,4,3,ds3,,Stangenholz,Stangenholz_6,0,1,0.531,not_young,1017.9,Finsterwald b. E.
4272,6569,4,0,0,0,3,4,3,ds6,,Starkes Baumholz,Starkes Baumholz_6,0,1,0.657,not_young,980.3,Hasle LU
4273,21705,2,1,0,1,2,2,2,ds5,,Mittleres Baumholz,Mittleres Baumholz_13,0,1,2.17,not_young,963.1,Finsterwald b. E.
4277,7266,4,0,0,0,3,4,3,ds6,,Starkes Baumholz,Starkes Baumholz_6,0,1,0.727,not_young,1097.8,Hasle LU
4280,25070,2,1,0,1,2,2,2,ds6,,Starkes Baumholz,Starkes Baumholz_13,0,1,2.507,not_young,954.5,Hasle LU
4281,6008,4,0,0,0,3,4,3,ds2,,Jungwuchs/Dickung,Jungwuchs/Dickung_8,0,1,0.601,young,1542.5,Finsterwald b. E.
4285,13950,3,0,0,0,3,3,1,ds6,,Starkes Baumholz,Starkes Baumholz_6,0,1,1.395,not_young,1077.9,Hasle LU
4287,5793,3,0,0,0,3,4,3,ds6,,Starkes Baumholz,Starkes Baumholz_6,0,1,0.579,not_young,977.9,Hasle LU
4288,5400,4,0,0,0,3,4,3,ds6,,Starkes Baumholz,Starkes Baumholz_6,0,1,0.54,not_young,1000.3,Hasle LU
4290,6845,2,1,0,1,2,2,2,ds5,,Mittleres Baumholz,Mittleres Baumholz_13,0,1,0.684,not_young,977.6,Finsterwald b. E.
4291,20187,2,1,0,1,2,2,2,ds5,,Mittleres Baumholz,Mittleres Baumholz_6,0,1,2.019,not_young,1155.0,Finsterwald b. E.
4292,6281,4,0,0,0,3,4,3,ds3,,Stangenholz,Stangenholz_13,0,1,0.628,not_young,1023.0,Finsterwald b. E.
4295,7994,4,0,0,0,3,4,3,ds6,,Starkes Baumholz,Starkes Baumholz_6,0,1,0.799,not_young,1036.8,Hasle LU
4297,8147,4,0,0,0,3,4,3,ds5,,Mittleres Baumholz,Mittleres Baumholz_6,0,1,0.815,not_young,1012.1,Finsterwald b. E.
4299,30346,4,0,0,0,3,4,3,ds6,,Starkes Baumholz,Starkes Baumholz_6,0,1,3.035,not_young,987.7,Hasle LU
4300,27704,2,1,0,1,2,2,2,ds6,,Starkes Baumholz,Starkes Baumholz_6,0,1,2.77,not_young,1234.5,Finsterwald b. E.
4302,7819,4,0,0,0,3,4,3,ds6,,Starkes Baumholz,Starkes Baumholz_6,0,1,0.782,not_young,1103.7,Hasle LU
4303,11568,4,0,0,0,3,4,3,ds5,,Mittleres Baumholz,Mittleres Baumholz_6,0,1,1.157,not_young,1036.3,Hasle LU
4306,5663,3,0,0,0,3,3,3,ds5,,Mittleres Baumholz,Mittleres Baumholz_13,0,1,0.566,not_young,968.2,Hasle LU
4309,5120,2,1,0,1,2,2,2,ds4,,Schwaches Baumholz,Schwaches Baumholz_13,0,1,0.512,not_young,1005.6,Finsterwald b. E.
4310,8764,4,0,0,0,3,4,3,ds6,,Starkes Baumholz,Starkes Baumholz_6,0,1,0.876,not_young,1097.4,Finsterwald b. E.
4311,5540,2,1,0,1,2,2,2,ds3,,Stangenholz,Stangenholz_10,0,1,0.554,not_young,1451.2,Finsterwald b. E.
4314,8593,3,0,0,0,3,3,3,ds6,,Starkes Baumholz,Starkes Baumholz_6,0,1,0.859,not_young,988.9,Hasle LU
4315,21463,2,1,0,1,2,2,2,ds6,,Starkes Baumholz,Starkes Baumholz_13,0,1,2.146,not_young,964.3,Hasle LU
4316,37221,2,1,0,1,2,2,2,ds5,,Mittleres Baumholz,Mittleres Baumholz_10,0,1,3.722,not_young,1422.4,Finsterwald b. E.
4321,6247,2,1,0,1,2,2,2,ds4,,Schwaches Baumholz,Schwaches Baumholz_6,0,1,0.625,not_young,982.3,Hasle LU
4323,52372,4,0,0,0,3,4,3,ds6,,Starkes Baumholz,Starkes Baumholz_6,0,1,5.237,not_young,993.9,Hasle LU
4324,22067,1,0,2,2,1,1,1,ds6,,Starkes Baumholz,Starkes Baumholz_13,0,1,2.207,not_young,980.9,Hasle LU
4325,7575,4,0,0,0,3,4,3,ds5,,Mittleres Baumholz,Mittleres Baumholz_13,0,1,0.757,not_young,1056.8,Finsterwald b. E.
4327,5741,3,0,0,0,3,4,3,ds4,,Schwaches Baumholz,Schwaches Baumholz_6,0,1,0.574,not_young,1011.4,Hasle LU
4328,7008,4,0,0,0,3,4,3,ds5,,Mittleres Baumholz,Mittleres Baumholz_6,0,1,0.701,not_young,1026.7,Hasle LU
4330,7502,3,0,0,0,3,4,3,ds5,,Mittleres Baumholz,Mittleres Baumholz_6,0,1,0.75,not_young,1043.9,Hasle LU
4333,4961,4,0,0,0,3,4,3,ds6,,Starkes Baumholz,Starkes Baumholz_6,0,1,0.496,not_young,1012.3,Hasle LU
4335,14929,3,0,0,0,3,3,3,ds6,,Starkes Baumholz,Starkes Baumholz_6,0,1,1.493,not_young,1046.5,Hasle LU
4337,5997,3,0,0,0,3,4,3,ds6,,Starkes Baumholz,Starkes Baumholz_6,0,1,0.6,not_young,1002.0,Hasle LU
4338,5365,3,0,0,0,3,3,3,ds5,,Mittleres Baumholz,Mittleres Baumholz_6,0,1,0.536,not_young,1003.9,Hasle LU
4340,8157,3,0,0,0,3,4,3,ds4,,Schwaches Baumholz,Schwaches Baumholz_6,0,1,0.816,not_young,1012.8,Hasle LU
4341,12571,4,0,0,0,3,4,3,ds6,,Starkes Baumholz,Starkes Baumholz_6,0,1,1.257,not_young,988.6,Hasle LU
4342,5345,3,0,0,0,3,3,3,ds6,,Starkes Baumholz,Starkes Baumholz_6,0,1,0.535,not_young,1033.2,Hasle LU
4343,7405,3,0,0,0,3,3,3,ds4,,Schwaches Baumholz,Schwaches Baumholz_6,0,1,0.74,not_young,1061.9,Hasle LU
4345,5969,3,0,0,0,3,3,3,ds5,,Mittleres Baumholz,Mittleres Baumholz_6,0,1,0.597,not_young,1050.0,Hasle LU
4347,75813,4,0,0,0,3,4,3,ds6,,Starkes Baumholz,Starkes Baumholz_6,0,1,7.581,not_young,1071.3,Hasle LU
4349,8726,3,0,0,0,3,4,3,ds5,,Mittleres Baumholz,Mittleres Baumholz_6,0,1,0.873,not_young,990.9,Hasle LU
4351,8195,4,0,0,0,3,4,3,ds6,,Starkes Baumholz,Starkes Baumholz_6,0,1,0.82,not_young,1060.2,Hasle LU
4352,5250,2,1,0,1,2,2,2,ds5,,Mittleres Baumholz,Mittleres Baumholz_13,0,1,0.525,not_young,982.2,Finsterwald b. E.
4354,11093,2,1,0,1,2,2,2,ds4,,Schwaches Baumholz,Schwaches Baumholz_6,0,1,1.109,not_young,1405.9,Finsterwald b. E.
4356,14091,3,0,0,0,3,3,3,ds5,,Mittleres Baumholz,Mittleres Baumholz_6,0,1,1.409,not_young,1050.8,Hasle LU
4357,5827,4,0,0,0,3,4,3,ds6,,Starkes Baumholz,Starkes Baumholz_6,0,1,0.583,not_young,1018.8,Hasle LU
4358,5200,3,0,0,0,3,3,3,ds3,,Stangenholz,Stangenholz_6,0,1,0.52,not_young,1103.6,Hasle LU
4359,6031,4,0,0,0,3,4,3,ds4,,Schwaches Baumholz,Schwaches Baumholz_6,0,1,0.603,not_young,1022.7,Hasle LU
4360,6305,4,0,0,0,3,4,3,ds5,,Mittleres Baumholz,Mittleres Baumholz_6,0,1,0.63,not_young,1201.5,Finsterwald b. E.
4362,7897,4,0,0,0,3,4,3,ds4,,Schwaches Baumholz,Schwaches Baumholz_6,0,1,0.79,not_young,1027.8,Hasle LU
4363,5727,3,0,0,0,3,3,3,ds6,,Starkes Baumholz,Starkes Baumholz_6,0,1,0.573,not_young,1082.1,Hasle LU
4364,9573,2,1,0,1,2,2,2,ds5,,Mittleres Baumholz,Mittleres Baumholz_6,0,1,0.957,not_young,1335.0,Finsterwald b. E.
4365,26454,4,0,0,0,3,4,3,ds5,,Mittleres Baumholz,Mittleres Baumholz_6,0,1,2.645,not_young,1150.2,Hasle LU
4366,30802,3,0,0,0,3,3,1,ds6,,Starkes Baumholz,Starkes Baumholz_13,0,1,3.08,not_young,1022.1,Hasle LU
4368,7362,3,0,0,0,3,4,3,ds6,,Starkes Baumholz,Starkes Baumholz_6,0,1,0.736,not_young,1051.0,Hasle LU
4372,9150,4,0,0,0,3,4,3,ds3,,Stangenholz,Stangenholz_6,0,1,0.915,not_young,994.0,Hasle LU
4373,5619,4,0,0,0,3,4,3,ds5,,Mittleres Baumholz,Mittleres Baumholz_6,0,1,0.562,not_young,1037.9,Finsterwald b. E.
4374,8165,4,0,0,0,3,4,3,ds5,,Mittleres Baumholz,Mittleres Baumholz_13,0,1,0.817,not_young,986.4,Finsterwald b. E.
4376,13923,3,0,0,0,3,3,3,ds6,,Starkes Baumholz,Starkes Baumholz_6,0,1,1.392,not_young,1033.2,Hasle LU
4380,19853,1,0,2,2,1,1,1,ds5,,Mittleres Baumholz,Mittleres Baumholz_13,0,1,1.985,not_young,953.7,Hasle LU
4381,7852,4,0,0,0,3,4,3,ds5,,Mittleres Baumholz,Mittleres Baumholz_6,0,1,0.785,not_young,1083.7,Finsterwald b. E.
4382,6532,2,1,0,1,2,2,1,ds5,,Mittleres Baumholz,Mittleres Baumholz_6,0,1,0.653,not_young,1389.1,Finsterwald b. E.
4383,12000,3,0,0,0,3,3,3,ds6,,Starkes Baumholz,Starkes Baumholz_6,0,1,1.2,not_young,1075.9,Hasle LU
4384,6250,3,0,0,0,3,4,3,ds5,,Mittleres Baumholz,Mittleres Baumholz_6,0,1,0.625,not_young,1044.8,Hasle LU
4386,5212,4,0,0,0,3,4,3,ds5,,Mittleres Baumholz,Mittleres Baumholz_6,0,1,0.521,not_young,1162.3,Hasle LU
4387,8088,4,0,0,0,3,4,3,ds5,,Mittleres Baumholz,Mittleres Baumholz_6,0,1,0.809,not_young,1137.1,Hasle LU
4388,11882,3,0,0,0,3,4,3,ds6,,Starkes Baumholz,Starkes Baumholz_6,0,1,1.188,not_young,1136.8,Finsterwald b. E.
4389,8300,3,0,0,0,3,3,3,ds6,,Starkes Baumholz,Starkes Baumholz_6,0,1,0.83,not_young,1084.3,Finsterwald b. E.
4390,6166,2,1,0,1,2,2,2,ds5,,Mittleres Baumholz,Mittleres Baumholz_6,0,1,0.617,not_young,1323.8,Finsterwald b. E.
4391,5100,4,0,0,0,3,4,3,ds3,,Stangenholz,Stangenholz_6,0,1,0.51,not_young,1018.3,Hasle LU
4392,5200,3,0,0,0,3,3,1,ds4,,Schwaches Baumholz,Schwaches Baumholz_13,0,1,0.52,not_young,1031.1,Hasle LU
4393,33385,2,1,0,1,2,2,2,ds6,,Starkes Baumholz,Starkes Baumholz_13,0,1,3.339,not_young,972.4,Finsterwald b. E.
4394,6229,2,1,0,1,2,2,2,ds5,,Mittleres Baumholz,Mittleres Baumholz_13,0,1,0.623,not_young,989.2,Finsterwald b. E.
4398,10848,4,0,0,0,3,4,3,ds6,,Starkes Baumholz,Starkes Baumholz_6,0,1,1.085,not_young,1047.5,Hasle LU
4399,7186,4,0,0,0,3,4,3,ds6,,Starkes Baumholz,Starkes Baumholz_13,0,1,0.719,not_young,1001.0,Finsterwald b. E.
4400,8179,4,0,0,0,3,4,3,ds5,,Mittleres Baumholz,Mittleres Baumholz_6,0,1,0.818,not_young,1107.1,Hasle LU
4401,5963,3,0,0,0,3,3,3,ds5,,Mittleres Baumholz,Mittleres Baumholz_13,0,1,0.596,not_young,1032.2,Hasle LU
4402,10815,2,1,0,1,2,2,2,ds5,,Mittleres Baumholz,Mittleres Baumholz_6,0,1,1.082,not_young,1260.9,Finsterwald b. E.
4405,8349,1,1,2,3,1,1,1,ds4,,Schwaches Baumholz,Schwaches Baumholz_8,0,1,0.835,not_young,1608.0,Finsterwald b. E.
4408,6477,3,0,0,0,3,4,3,ds5,,Mittleres Baumholz,Mittleres Baumholz_6,0,1,0.648,not_young,1064.2,Hasle LU
4409,5614,3,0,0,0,3,3,3,ds5,,Mittleres Baumholz,Mittleres Baumholz_13,0,1,0.561,not_young,1011.3,Hasle LU
4410,9500,4,0,0,0,3,4,3,ds6,,Starkes Baumholz,Starkes Baumholz_6,0,1,0.95,not_young,1053.2,Hasle LU
4411,7933,3,0,0,0,3,4,3,ds5,,Mittleres Baumholz,Mittleres Baumholz_6,0,1,0.793,not_young,1142.7,Finsterwald b. E.
4414,19918,3,0,0,0,3,3,1,ds6,,Starkes Baumholz,Starkes Baumholz_13,0,1,1.992,not_young,1029.6,Hasle LU
4415,15321,4,0,0,0,3,4,3,ds6,,Starkes Baumholz,Starkes Baumholz_6,0,1,1.532,not_young,1153.1,Hasle LU
4417,40613,4,0,0,0,3,4,3,ds6,,Starkes Baumholz,Starkes Baumholz_6,0,1,4.061,not_young,1080.6,Finsterwald b. E.
4424,7389,4,0,0,0,3,4,3,ds4,,Schwaches Baumholz,Schwaches Baumholz_13,0,1,0.739,not_young,1013.8,Hasle LU
4426,7234,4,0,0,0,3,4,3,ds4,,Schwaches Baumholz,Schwaches Baumholz_6,0,1,0.723,not_young,1165.8,Finsterwald b. E.
4431,23309,4,0,0,0,3,4,3,ds6,,Starkes Baumholz,Starkes Baumholz_6,0,1,2.331,not_young,1034.1,Hasle LU
4432,37490,4,0,0,0,3,4,3,ds6,,Starkes Baumholz,Starkes Baumholz_6,0,1,3.749,not_young,1066.1,Hasle LU
4433,10763,3,0,0,0,3,3,1,ds5,,Mittleres Baumholz,Mittleres Baumholz_13,0,1,1.076,not_young,989.5,Hasle LU
4434,20787,2,1,0,1,2,2,2,ds6,,Starkes Baumholz,Starkes Baumholz_13,0,1,2.079,not_young,981.4,Finsterwald b. E.
4435,13479,3,0,0,0,3,3,3,ds6,,Starkes Baumholz,Starkes Baumholz_6,0,1,1.348,not_young,1077.1,Hasle LU
4436,7742,4,0,0,0,3,4,3,ds6,,Starkes Baumholz,Starkes Baumholz_6,0,1,0.774,not_young,1104.5,Hasle LU
4438,4991,3,0,0,0,3,3,3,ds6,,Starkes Baumholz,Starkes Baumholz_13,0,1,0.499,not_young,1020.7,Hasle LU
4439,16766,3,0,0,0,3,4,3,ds6,,Starkes Baumholz,Starkes Baumholz_13,0,1,1.677,not_young,1018.0,Hasle LU
4441,5247,3,0,0,0,3,4,3,ds5,,Mittleres Baumholz,Mittleres Baumholz_6,0,1,0.525,not_young,993.9,Finsterwald b. E.
4443,20784,3,0,0,0,3,3,3,ds6,,Starkes Baumholz,Starkes Baumholz_13,0,1,2.078,not_young,1035.1,Hasle LU
4444,8230,4,0,0,0,3,4,3,ds4,,Schwaches Baumholz,Schwaches Baumholz_6,0,1,0.823,not_young,1026.1,Hasle LU
4445,7842,3,0,0,0,3,3,3,ds6,,Starkes Baumholz,Starkes Baumholz_6,0,1,0.784,not_young,1094.3,Hasle LU
4446,7487,3,0,0,0,3,4,3,ds4,,Schwaches Baumholz,Schwaches Baumholz_6,0,1,0.749,not_young,1032.0,Hasle LU
4448,29878,2,1,0,1,2,2,2,ds5,,Mittleres Baumholz,Mittleres Baumholz_6,0,1,2.988,not_young,1330.0,Finsterwald b. E.
4449,20596,4,0,0,0,3,4,3,ds6,,Starkes Baumholz,Starkes Baumholz_6,0,1,2.06,not_young,1097.9,Hasle LU
4451,60925,4,0,0,0,3,4,3,ds6,,Starkes Baumholz,Starkes Baumholz_6,0,1,6.092,not_young,1053.2,Hasle LU
4456,5340,3,0,0,0,3,3,3,ds6,,Starkes Baumholz,Starkes Baumholz_6,0,1,0.534,not_young,1115.2,Hasle LU
4457,5024,4,0,0,0,3,4,3,ds5,,Mittleres Baumholz,Mittleres Baumholz_6,0,1,0.502,not_young,1130.1,Hasle LU
4458,41133,1,1,2,3,1,1,1,ds5,,Mittleres Baumholz,Mittleres Baumholz_8,0,1,4.113,not_young,1527.4,Finsterwald b. E.
4460,5050,3,0,0,0,3,3,3,ds6,,Starkes Baumholz,Starkes Baumholz_6,0,1,0.505,not_young,1069.8,Hasle LU
4462,5941,3,0,0,0,3,3,3,ds5,,Mittleres Baumholz,Mittleres Baumholz_13,0,1,0.594,not_young,971.7,Hasle LU
4463,38787,3,0,0,0,3,3,1,ds6,,Starkes Baumholz,Starkes Baumholz_13,0,1,3.879,not_young,990.9,Hasle LU
4465,19031,1,1,2,3,1,1,1,ds5,,Mittleres Baumholz,Mittleres Baumholz_10,0,1,1.903,not_young,1563.1,Finsterwald b. E.
4466,7941,3,0,0,0,3,3,1,ds4,,Schwaches Baumholz,Schwaches Baumholz_6,0,1,0.794,not_young,1377.4,Finsterwald b. E.
4467,8730,1,0,2,2,1,1,1,ds4,,Schwaches Baumholz,Schwaches Baumholz_6,0,1,0.873,not_young,1471.1,Finsterwald b. E.
4469,7720,3,0,0,0,3,3,3,ds5,,Mittleres Baumholz,Mittleres Baumholz_13,0,1,0.772,not_young,995.1,Finsterwald b. E.
4472,5099,4,0,0,0,3,4,3,ds5,,Mittleres Baumholz,Mittleres Baumholz_6,0,1,0.51,not_young,1144.8,Hasle LU
4473,8224,4,0,0,0,3,4,3,ds6,,Starkes Baumholz,Starkes Baumholz_6,0,1,0.822,not_young,1090.2,Hasle LU
4475,8150,3,0,0,0,3,4,3,ds6,,Starkes Baumholz,Starkes Baumholz_6,0,1,0.815,not_young,1125.0,Hasle LU
4476,5046,3,0,0,0,3,3,3,ds6,,Starkes Baumholz,Starkes Baumholz_6,0,1,0.505,not_young,1018.2,Finsterwald b. E.
4477,50101,1,0,2,2,1,1,1,ds6,,Starkes Baumholz,Starkes Baumholz_6,0,1,5.01,not_young,1483.2,Finsterwald b. E.
4478,17066,4,0,0,0,3,4,3,ds6,,Starkes Baumholz,Starkes Baumholz_6,0,1,1.707,not_young,1037.8,Hasle LU
4479,6700,4,0,0,0,3,4,3,ds4,,Schwaches Baumholz,Schwaches Baumholz_6,0,1,0.67,not_young,1071.2,Hasle LU
4480,7618,3,0,0,0,3,3,3,ds6,,Starkes Baumholz,Starkes Baumholz_13,0,1,0.762,not_young,969.7,Hasle LU
4481,7783,3,0,0,0,3,3,3,ds6,,Starkes Baumholz,Starkes Baumholz_6,0,1,0.778,not_young,1127.2,Hasle LU
4482,12916,1,0,2,2,1,1,1,ds5,,Mittleres Baumholz,Mittleres Baumholz_6,0,1,1.292,not_young,1365.0,Finsterwald b. E.
4485,7313,3,0,0,0,3,4,3,ds6,,Starkes Baumholz,Starkes Baumholz_6,0,1,0.731,not_young,1082.9,Hasle LU
4486,119430,4,0,0,0,3,4,3,ds6,,Starkes Baumholz,Starkes Baumholz_6,0,1,11.943,not_young,1050.0,Hasle LU
4487,5050,3,0,0,0,3,3,3,ds5,,Mittleres Baumholz,Mittleres Baumholz_6,0,1,0.505,not_young,1113.9,Hasle LU
4490,6750,3,0,0,0,3,3,3,ds6,,Starkes Baumholz,Starkes Baumholz_6,0,1,0.675,not_young,1143.4,Hasle LU
4491,5680,3,0,0,0,3,3,3,ds5,,Mittleres Baumholz,Mittleres Baumholz_13,0,1,0.568,not_young,978.8,Hasle LU
4492,38146,4,0,0,0,3,4,3,ds5,,Mittleres Baumholz,Mittleres Baumholz_6,0,1,3.815,not_young,1211.0,Finsterwald b. E.
4496,12942,3,0,0,0,3,3,3,ds6,,Starkes Baumholz,Starkes Baumholz_6,0,1,1.294,not_young,1000.9,Hasle LU
4498,6771,1,0,2,2,1,1,1,ds4,,Schwaches Baumholz,Schwaches Baumholz_6,0,1,0.677,not_young,1453.9,Finsterwald b. E.
4500,11057,3,0,0,0,3,3,1,ds5,,Mittleres Baumholz,Mittleres Baumholz_6,0,1,1.106,not_young,1316.9,Finsterwald b. E.
4501,18641,3,0,0,0,3,3,3,ds5,,Mittleres Baumholz,Mittleres Baumholz_13,0,1,1.864,not_young,977.6,Hasle LU
4502,7697,1,0,2,2,1,1,1,ds5,,Mittleres Baumholz,Mittleres Baumholz_6,0,1,0.77,not_young,1403.4,Finsterwald b. E.
4505,31521,3,0,0,0,3,4,3,ds6,,Starkes Baumholz,Starkes Baumholz_6,0,1,3.152,not_young,1124.8,Hasle LU
4506,9780,4,0,0,0,3,4,3,ds4,,Schwaches Baumholz,Schwaches Baumholz_6,0,1,0.978,not_young,1144.9,Finsterwald b. E.
4507,4993,3,0,0,0,3,3,3,ds5,,Mittleres Baumholz,Mittleres Baumholz_6,0,1,0.499,not_young,1136.4,Hasle LU
4510,26154,3,0,0,0,3,3,3,ds6,,Starkes Baumholz,Starkes Baumholz_6,0,1,2.615,not_young,1141.6,Hasle LU
4512,11660,3,0,0,0,3,3,3,ds6,,Starkes Baumholz,Starkes Baumholz_6,0,1,1.166,not_young,997.2,Hasle LU
4514,5033,3,0,0,0,3,3,3,ds5,,Mittleres Baumholz,Mittleres Baumholz_13,0,1,0.503,not_young,979.0,Hasle LU
4515,16825,4,0,0,0,3,4,3,ds6,,Starkes Baumholz,Starkes Baumholz_6,0,1,1.682,not_young,1199.6,Hasle LU
4516,9502,3,0,0,0,3,3,3,ds5,,Mittleres Baumholz,Mittleres Baumholz_6,0,1,0.95,not_young,992.5,Hasle LU
4518,28619,3,0,0,0,3,3,3,ds6,,Starkes Baumholz,Starkes Baumholz_6,0,1,2.862,not_young,1163.9,Hasle LU
4519,5357,4,0,0,0,3,4,3,ds5,,Mittleres Baumholz,Mittleres Baumholz_6,0,1,0.536,not_young,1030.5,Hasle LU
4520,5072,4,0,0,0,3,4,3,ds4,,Schwaches Baumholz,Schwaches Baumholz_6,0,1,0.507,not_young,1022.6,Schüpfheim
4521,6144,4,0,0,0,3,4,3,ds6,,Starkes Baumholz,Starkes Baumholz_6,0,1,0.614,not_young,1017.8,Hasle LU
4523,28278,3,0,0,0,3,4,3,ds6,,Starkes Baumholz,Starkes Baumholz_6,0,1,2.828,not_young,1226.9,Finsterwald b. E.
4524,7940,3,0,0,0,3,3,3,ds6,,Starkes Baumholz,Starkes Baumholz_13,0,1,0.794,not_young,1029.3,Finsterwald b. E.
4525,7526,3,0,0,0,3,3,3,ds5,,Mittleres Baumholz,Mittleres Baumholz_6,0,1,0.753,not_young,1186.5,Hasle LU
4527,7448,4,0,0,0,3,4,3,ds4,,Schwaches Baumholz,Schwaches Baumholz_6,0,1,0.745,not_young,1131.2,Finsterwald b. E.
4529,18263,3,0,0,0,3,3,3,ds6,,Starkes Baumholz,Starkes Baumholz_13,0,1,1.826,not_young,997.2,Finsterwald b. E.
4530,52397,4,0,0,0,3,4,3,ds6,,Starkes Baumholz,Starkes Baumholz_6,0,1,5.24,not_young,1081.8,Hasle LU
4531,6597,4,0,0,0,3,4,3,ds6,,Starkes Baumholz,Starkes Baumholz_6,0,1,0.66,not_young,1003.2,Hasle LU
4533,33085,3,0,0,0,3,4,3,ds6,,Starkes Baumholz,Starkes Baumholz_6,0,1,3.309,not_young,1209.8,Hasle LU
4534,5412,4,0,0,0,3,4,3,ds5,,Mittleres Baumholz,Mittleres Baumholz_6,0,1,0.541,not_young,1096.7,Hasle LU
4536,6151,4,0,0,0,3,4,3,ds4,,Schwaches Baumholz,Schwaches Baumholz_13,0,1,0.615,not_young,975.3,Hasle LU
4537,6344,4,0,0,0,3,4,3,ds4,,Schwaches Baumholz,Schwaches Baumholz_6,0,1,0.634,not_young,1184.7,Hasle LU
4538,6999,3,0,0,0,3,3,3,ds2,,Jungwuchs/Dickung,Jungwuchs/Dickung_6,0,1,0.7,young,1192.1,Hasle LU
4539,6560,4,0,0,0,3,4,3,ds6,,Starkes Baumholz,Starkes Baumholz_13,0,1,0.656,not_young,1020.1,Hasle LU
4540,13581,4,0,0,0,3,4,3,ds6,,Starkes Baumholz,Starkes Baumholz_6,0,1,1.358,not_young,1199.1,Finsterwald b. E.
4541,4992,3,0,0,0,3,4,3,ds5,,Mittleres Baumholz,Mittleres Baumholz_6,0,1,0.499,not_young,1179.4,Finsterwald b. E.
4542,5743,1,0,2,2,1,1,1,ds5,,Mittleres Baumholz,Mittleres Baumholz_6,0,1,0.574,not_young,1262.4,Finsterwald b. E.
4545,5803,3,0,0,0,3,3,3,ds4,,Schwaches Baumholz,Schwaches Baumholz_6,0,1,0.58,not_young,1201.1,Hasle LU
4546,16651,4,0,0,0,3,4,3,ds5,,Mittleres Baumholz,Mittleres Baumholz_13,0,1,1.665,not_young,1003.5,Hasle LU
4548,5184,3,0,0,0,3,3,3,ds6,,Starkes Baumholz,Starkes Baumholz_6,0,1,0.518,not_young,1189.5,Hasle LU
4549,5211,4,0,0,0,3,4,3,ds6,,Starkes Baumholz,Starkes Baumholz_6,0,1,0.521,not_young,1031.9,Hasle LU
4550,5670,4,0,0,0,3,4,3,ds6,,Starkes Baumholz,Starkes Baumholz_6,0,1,0.567,not_young,1189.2,Finsterwald b. E.
4551,5260,3,0,0,0,3,3,1,ds6,,Starkes Baumholz,Starkes Baumholz_6,0,1,0.526,not_young,1213.1,Finsterwald b. E.
4557,7875,4,0,0,0,3,4,3,ds2,,Jungwuchs/Dickung,Jungwuchs/Dickung_6,0,1,0.787,young,1183.7,Hasle LU
4559,143380,4,0,0,0,3,4,3,ds6,,Starkes Baumholz,Starkes Baumholz_6,0,1,14.338,not_young,1109.0,Hasle LU
4560,7643,4,0,0,0,3,4,3,ds5,,Mittleres Baumholz,Mittleres Baumholz_6,0,1,0.764,not_young,1205.7,Hasle LU
4562,42154,1,0,2,2,1,1,1,ds5,,Mittleres Baumholz,Mittleres Baumholz_6,0,1,4.215,not_young,1322.8,Finsterwald b. E.
4563,7001,4,0,0,0,3,4,3,ds4,,Schwaches Baumholz,Schwaches Baumholz_6,0,1,0.7,not_young,1168.7,Hasle LU
4564,11495,3,0,0,0,3,3,3,ds4,,Schwaches Baumholz,Schwaches Baumholz_13,0,1,1.149,not_young,999.4,Finsterwald b. E.
4565,29941,4,0,0,0,3,4,3,ds5,,Mittleres Baumholz,Mittleres Baumholz_6,0,1,2.994,not_young,1077.5,Hasle LU
4566,5826,3,0,0,0,3,3,3,ds5,,Mittleres Baumholz,Mittleres Baumholz_6,0,1,0.583,not_young,1023.6,Finsterwald b. E.
4568,7207,3,0,0,0,3,3,3,ds6,,Starkes Baumholz,Starkes Baumholz_6,0,1,0.721,not_young,1104.2,Finsterwald b. E.
4569,12379,4,0,0,0,3,4,3,ds6,,Starkes Baumholz,Starkes Baumholz_6,0,1,1.238,not_young,1203.6,Hasle LU
4571,6602,3,0,0,0,3,3,3,ds6,,Starkes Baumholz,Starkes Baumholz_6,0,1,0.66,not_young,1169.6,Hasle LU
4572,6843,4,0,0,0,3,4,3,ds6,,Starkes Baumholz,Starkes Baumholz_6,0,1,0.684,not_young,1033.2,Hasle LU
4573,5093,3,0,0,0,3,3,3,ds5,,Mittleres Baumholz,Mittleres Baumholz_6,0,1,0.509,not_young,1156.4,Hasle LU
4574,37945,4,0,0,0,3,4,3,ds6,,Starkes Baumholz,Starkes Baumholz_6,0,1,3.795,not_young,1204.2,Hasle LU
4575,11204,4,0,0,0,3,4,3,ds6,,Starkes Baumholz,Starkes Baumholz_6,0,1,1.12,not_young,1183.7,Finsterwald b. E.
4576,6077,3,0,0,0,3,3,3,ds6,,Starkes Baumholz,Starkes Baumholz_6,0,1,0.608,not_young,1131.8,Finsterwald b. E.
4577,5046,3,0,0,0,3,4,3,ds4,,Schwaches Baumholz,Schwaches Baumholz_6,0,1,0.505,not_young,1101.6,Hasle LU
4579,22751,3,0,0,0,3,3,3,ds6,,Starkes Baumholz,Starkes Baumholz_6,0,1,2.275,not_young,1093.5,Hasle LU
4581,6284,4,0,0,0,3,4,3,ds4,,Schwaches Baumholz,Schwaches Baumholz_6,0,1,0.628,not_young,1084.0,Hasle LU
4582,10403,4,0,0,0,3,4,3,ds5,,Mittleres Baumholz,Mittleres Baumholz_13,0,1,1.04,not_young,995.7,Hasle LU
4583,6400,3,0,0,0,3,4,3,ds6,,Starkes Baumholz,Starkes Baumholz_6,0,1,0.64,not_young,1213.5,Hasle LU
4586,5250,4,0,0,0,3,4,3,ds4,,Schwaches Baumholz,Schwaches Baumholz_6,0,1,0.525,not_young,1251.8,Hasle LU
4587,9389,4,0,0,0,3,4,3,ds5,,Mittleres Baumholz,Mittleres Baumholz_6,0,1,0.939,not_young,1267.0,Finsterwald b. E.
4588,14769,3,0,0,0,3,3,3,ds6,,Starkes Baumholz,Starkes Baumholz_6,0,1,1.477,not_young,1193.6,Finsterwald b. E.
4590,37931,3,0,0,0,3,3,3,ds6,,Starkes Baumholz,Starkes Baumholz_6,0,1,3.793,not_young,1124.8,Finsterwald b. E.
4591,4991,4,0,0,0,3,4,3,ds3,,Stangenholz,Stangenholz_6,0,1,0.499,not_young,1062.6,Schüpfheim
4592,5469,4,0,0,0,3,4,3,ds6,,Starkes Baumholz,Starkes Baumholz_6,0,1,0.547,not_young,1224.0,Finsterwald b. E.
4594,8200,4,0,0,0,3,4,3,ds5,,Mittleres Baumholz,Mittleres Baumholz_6,0,1,0.82,not_young,1176.4,Hasle LU
4595,7907,3,0,0,0,3,4,3,ds5,,Mittleres Baumholz,Mittleres Baumholz_13,0,1,0.791,not_young,1015.7,Finsterwald b. E.
4596,7965,4,0,0,0,3,4,3,ds6,,Starkes Baumholz,Starkes Baumholz_6,0,1,0.796,not_young,1130.2,Hasle LU
4597,5361,3,0,0,0,3,4,3,ds4,,Schwaches Baumholz,Schwaches Baumholz_6,0,1,0.536,not_young,1126.0,Hasle LU
4598,47332,3,0,0,0,3,4,3,ds6,,Starkes Baumholz,Starkes Baumholz_6,0,1,4.733,not_young,1226.9,Hasle LU
4600,267545,3,0,0,0,3,3,1,ds6,,Starkes Baumholz,Starkes Baumholz_6,0,1,26.754,not_young,1037.0,Hasle LU
4601,5936,4,0,0,0,3,4,3,ds5,,Mittleres Baumholz,Mittleres Baumholz_6,0,1,0.594,not_young,1044.7,Hasle LU
4602,29911,3,0,0,0,3,3,3,ds5,,Mittleres Baumholz,Mittleres Baumholz_6,0,1,2.991,not_young,1246.6,Hasle LU
4603,5000,4,0,0,0,3,4,3,ds4,,Schwaches Baumholz,Schwaches Baumholz_6,0,1,0.5,not_young,1253.8,Finsterwald b. E.
4604,7173,4,0,0,0,3,4,3,ds4,,Schwaches Baumholz,Schwaches Baumholz_6,0,1,0.717,not_young,1196.6,Hasle LU
4606,7326,3,0,0,0,3,3,3,ds5,,Mittleres Baumholz,Mittleres Baumholz_6,0,1,0.733,not_young,1034.0,Hasle LU
4607,7499,1,0,2,2,1,1,1,ds5,,Mittleres Baumholz,Mittleres Baumholz_6,0,1,0.75,not_young,1367.0,Finsterwald b. E.
4608,6944,4,0,0,0,3,4,3,ds5,,Mittleres Baumholz,Mittleres Baumholz_6,0,1,0.694,not_young,1196.5,Hasle LU
4609,24480,1,0,2,2,1,1,1,ds5,,Mittleres Baumholz,Mittleres Baumholz_6,0,1,2.448,not_young,1427.3,Finsterwald b. E.
4610,6016,1,0,2,2,1,1,1,ds3,,Stangenholz,Stangenholz_8,0,1,0.602,not_young,1530.5,Finsterwald b. E.
4611,6247,1,0,2,2,1,1,1,ds4,,Schwaches Baumholz,Schwaches Baumholz_8,0,1,0.625,not_young,1521.7,Finsterwald b. E.
4613,26183,1,0,2,2,1,1,1,ds5,,Mittleres Baumholz,Mittleres Baumholz_8,0,1,2.618,not_young,1488.5,Finsterwald b. E.
4614,5118,1,0,2,2,1,1,1,ds3,,Stangenholz,Stangenholz_8,0,1,0.512,not_young,1523.2,Finsterwald b. E.
4615,52801,3,0,0,0,3,3,3,ds6,,Starkes Baumholz,Starkes Baumholz_6,0,1,5.28,not_young,1131.0,Hasle LU
4616,5287,4,0,0,0,3,4,3,ds5,,Mittleres Baumholz,Mittleres Baumholz_6,0,1,0.529,not_young,1149.7,Hasle LU
4617,12059,4,0,0,0,3,4,3,ds6,,Starkes Baumholz,Starkes Baumholz_13,0,1,1.206,not_young,1041.8,Finsterwald b. E.
4618,5300,4,0,0,0,3,4,3,ds5,,Mittleres Baumholz,Mittleres Baumholz_6,0,1,0.53,not_young,1125.0,Finsterwald b. E.
4619,129556,1,0,2,2,1,1,1,ds6,,Starkes Baumholz,Starkes Baumholz_6,0,1,12.956,not_young,1259.3,Finsterwald b. E.
4620,6618,3,0,0,0,3,4,3,ds5,,Mittleres Baumholz,Mittleres Baumholz_6,0,1,0.662,not_young,1060.6,Hasle LU
4621,16773,3,0,0,0,3,4,3,ds6,,Starkes Baumholz,Starkes Baumholz_13,0,1,1.677,not_young,998.3,Hasle LU
4622,8170,3,0,0,0,3,4,3,ds5,,Mittleres Baumholz,Mittleres Baumholz_6,0,1,0.817,not_young,1118.5,Finsterwald b. E.
4623,9437,3,0,0,0,3,3,3,ds2,,Jungwuchs/Dickung,Jungwuchs/Dickung_6,0,1,0.944,young,1041.6,Hasle LU
4624,6790,1,0,2,2,1,1,1,ds5,,Mittleres Baumholz,Mittleres Baumholz_10,0,1,0.679,not_young,1447.4,Finsterwald b. E.
4625,32016,4,0,0,0,3,4,3,ds6,,Starkes Baumholz,Starkes Baumholz_6,0,1,3.202,not_young,1089.9,Hasle LU
4627,6736,4,0,0,0,3,4,3,ds4,,Schwaches Baumholz,Schwaches Baumholz_6,0,1,0.674,not_young,1191.0,Finsterwald b. E.
4628,27150,4,0,0,0,3,4,3,ds5,,Mittleres Baumholz,Mittleres Baumholz_6,0,1,2.715,not_young,1216.6,Hasle LU
4629,7591,4,0,0,0,3,4,3,ds5,,Mittleres Baumholz,Mittleres Baumholz_6,0,1,0.759,not_young,1209.6,Finsterwald b. E.
4631,20700,3,0,0,0,3,4,3,ds5,,Mittleres Baumholz,Mittleres Baumholz_13,0,1,2.07,not_young,1005.5,Hasle LU
4632,5800,4,0,0,0,3,4,3,ds6,,Starkes Baumholz,Starkes Baumholz_6,0,1,0.58,not_young,1162.4,Finsterwald b. E.
4634,5550,4,0,0,0,3,4,3,ds3,,Stangenholz,Stangenholz_6,0,1,0.555,not_young,1169.7,Finsterwald b. E.
4636,9537,4,0,0,0,3,4,3,ds3,,Stangenholz,Stangenholz_6,0,1,0.954,not_young,1283.2,Finsterwald b. E.
4639,8100,1,0,2,2,1,1,1,ds5,,Mittleres Baumholz,Mittleres Baumholz_6,0,1,0.81,not_young,1326.5,Finsterwald b. E.
4641,5116,3,0,0,0,3,4,3,ds5,,Mittleres Baumholz,Mittleres Baumholz_6,0,1,0.512,not_young,1199.4,Hasle LU
4643,7140,4,0,0,0,3,4,3,ds6,,Starkes Baumholz,Starkes Baumholz_6,0,1,0.714,not_young,1159.0,Finsterwald b. E.
4644,27776,1,0,2,2,1,1,1,ds6,,Starkes Baumholz,Starkes Baumholz_10,0,1,2.778,not_young,1486.2,Finsterwald b. E.
4645,5340,3,0,0,0,3,3,3,ds5,,Mittleres Baumholz,Mittleres Baumholz_6,0,1,0.534,not_young,1001.2,Hasle LU
4646,8203,1,0,2,2,1,1,1,ds4,,Schwaches Baumholz,Schwaches Baumholz_10,0,1,0.82,not_young,1415.4,Finsterwald b. E.
4650,7740,3,0,0,0,3,3,1,ds6,,Starkes Baumholz,Starkes Baumholz_6,0,1,0.774,not_young,1097.4,Schüpfheim
4652,11492,4,0,0,0,3,4,3,ds3,,Stangenholz,Stangenholz_6,0,1,1.149,not_young,1184.6,Hasle LU
4653,34656,2,1,0,1,2,2,2,ds5,,Mittleres Baumholz,Mittleres Baumholz_6,0,1,3.466,not_young,1266.1,Hasle LU
4655,9614,4,0,0,0,3,4,3,ds6,,Starkes Baumholz,Starkes Baumholz_6,0,1,0.961,not_young,1175.6,Hasle LU
4656,6037,4,0,0,0,3,4,3,ds6,,Starkes Baumholz,Starkes Baumholz_6,0,1,0.604,not_young,1037.9,Finsterwald b. E.
4659,8295,3,0,0,0,3,3,3,ds6,,Starkes Baumholz,Starkes Baumholz_6,0,1,0.83,not_young,1190.9,Hasle LU
4660,14750,3,0,0,0,3,3,3,ds6,,Starkes Baumholz,Starkes Baumholz_13,0,1,1.475,not_young,1025.3,Hasle LU
4661,7100,4,0,0,0,3,4,3,ds3,,Stangenholz,Stangenholz_6,0,1,0.71,not_young,1254.7,Hasle LU
4663,17852,1,0,2,2,1,1,1,ds6,,Starkes Baumholz,Starkes Baumholz_6,0,1,1.785,not_young,1104.1,Hasle LU
4664,42994,3,0,0,0,3,3,3,ds6,,Starkes Baumholz,Starkes Baumholz_6,0,1,4.299,not_young,1235.3,Hasle LU
4665,12178,3,0,0,0,3,4,3,ds5,,Mittleres Baumholz,Mittleres Baumholz_6,0,1,1.218,not_young,1281.2,Hasle LU
4666,21600,4,0,0,0,3,4,3,ds5,,Mittleres Baumholz,Mittleres Baumholz_6,0,1,2.16,not_young,1228.9,Hasle LU
4667,15234,3,0,0,0,3,3,3,ds5,,Mittleres Baumholz,Mittleres Baumholz_6,0,1,1.523,not_young,997.6,Hasle LU
4668,13102,3,0,0,0,3,4,3,ds5,,Mittleres Baumholz,Mittleres Baumholz_6,0,1,1.31,not_young,1104.3,Finsterwald b. E.
4670,27612,2,1,0,1,2,2,2,ds6,,Starkes Baumholz,Starkes Baumholz_6,0,1,2.761,not_young,951.4,Schüpfheim
4671,5794,4,0,0,0,3,4,3,ds5,,Mittleres Baumholz,Mittleres Baumholz_6,0,1,0.579,not_young,1159.7,Finsterwald b. E.
4673,7788,3,0,0,0,3,3,3,ds2,,Jungwuchs/Dickung,Jungwuchs/Dickung_6,0,1,0.779,young,1218.6,Hasle LU
4674,5807,3,0,0,0,3,3,3,ds5,,Mittleres Baumholz,Mittleres Baumholz_6,0,1,0.581,not_young,1193.0,Hasle LU
4676,7066,4,0,0,0,3,4,3,ds4,,Schwaches Baumholz,Schwaches Baumholz_6,0,1,0.707,not_young,1215.6,Hasle LU
4677,12155,4,0,0,0,3,4,3,ds5,,Mittleres Baumholz,Mittleres Baumholz_6,0,1,1.215,not_young,1036.2,Hasle LU
4678,26227,3,0,0,0,3,4,3,ds4,,Schwaches Baumholz,Schwaches Baumholz_6,0,1,2.623,not_young,1251.5,Hasle LU
4680,7252,2,1,0,1,2,2,2,ds6,,Starkes Baumholz,Starkes Baumholz_6,0,1,0.725,not_young,1009.9,Schüpfheim
4681,9576,3,0,0,0,3,3,3,ds5,,Mittleres Baumholz,Mittleres Baumholz_8,0,1,0.958,not_young,1479.6,Finsterwald b. E.
4683,32231,2,1,0,1,2,2,2,ds6,,Starkes Baumholz,Starkes Baumholz_6,0,1,3.223,not_young,1009.5,Schüpfheim
4684,5240,3,0,0,0,3,4,3,ds6,,Starkes Baumholz,Starkes Baumholz_6,0,1,0.524,not_young,1126.2,Schüpfheim
4685,76517,3,0,0,0,3,4,3,ds6,,Starkes Baumholz,Starkes Baumholz_6,0,1,7.652,not_young,1204.9,Hasle LU
4686,5270,4,0,0,0,3,4,3,ds5,,Mittleres Baumholz,Mittleres Baumholz_6,0,1,0.527,not_young,1132.7,Finsterwald b. E.
4687,6371,3,0,0,0,3,3,1,ds4,,Schwaches Baumholz,Schwaches Baumholz_6,0,1,0.637,not_young,1420.0,Finsterwald b. E.
4693,4977,3,0,0,0,3,3,3,ds5,,Mittleres Baumholz,Mittleres Baumholz_13,0,1,0.498,not_young,1016.7,Hasle LU
4694,7295,3,0,0,0,3,3,3,ds5,,Mittleres Baumholz,Mittleres Baumholz_6,0,1,0.729,not_young,1225.5,Hasle LU
4695,16141,3,0,0,0,3,3,1,ds5,,Mittleres Baumholz,Mittleres Baumholz_6,0,1,1.614,not_young,1428.4,Finsterwald b. E.
4696,21149,3,0,0,0,3,3,3,ds5,,Mittleres Baumholz,Mittleres Baumholz_6,0,1,2.115,not_young,1000.7,Hasle LU
4697,6950,4,0,0,0,3,4,3,ds6,,Starkes Baumholz,Starkes Baumholz_6,0,1,0.695,not_young,1190.8,Finsterwald b. E.
4699,9117,3,0,0,0,3,3,3,ds6,,Starkes Baumholz,Starkes Baumholz_13,0,1,0.912,not_young,1050.0,Hasle LU
4700,9230,3,0,0,0,3,3,3,ds5,,Mittleres Baumholz,Mittleres Baumholz_6,0,1,0.923,not_young,1185.0,Hasle LU
4702,65357,1,0,2,2,1,1,1,ds6,,Starkes Baumholz,Starkes Baumholz_6,0,1,6.536,not_young,1100.4,Schüpfheim
4703,5992,4,0,0,0,3,4,3,ds4,,Schwaches Baumholz,Schwaches Baumholz_6,0,1,0.599,not_young,1084.7,Hasle LU
4704,11014,3,0,0,0,3,3,1,ds6,,Starkes Baumholz,Starkes Baumholz_6,0,1,1.101,not_young,1358.4,Finsterwald b. E.
4707,5900,4,0,0,0,3,4,3,ds3,,Stangenholz,Stangenholz_6,0,1,0.59,not_young,1060.0,Hasle LU
4708,5117,3,0,0,0,3,4,3,ds5,,Mittleres Baumholz,Mittleres Baumholz_6,0,1,0.512,not_young,1308.4,Finsterwald b. E.
4709,5950,4,0,0,0,3,4,3,ds5,,Mittleres Baumholz,Mittleres Baumholz_6,0,1,0.595,not_young,1206.9,Finsterwald b. E.
4710,20684,3,0,0,0,3,4,3,ds4,,Schwaches Baumholz,Schwaches Baumholz_13,0,1,2.068,not_young,1033.5,Finsterwald b. E.
4714,11073,4,0,0,0,3,4,3,ds6,,Starkes Baumholz,Starkes Baumholz_6,0,1,1.107,not_young,1179.8,Finsterwald b. E.
4715,10607,2,1,0,1,2,2,2,ds6,,Starkes Baumholz,Starkes Baumholz_6,0,1,1.061,not_young,998.6,Schüpfheim
4716,5184,4,0,0,0,3,4,3,ds4,,Schwaches Baumholz,Schwaches Baumholz_6,0,1,0.518,not_young,1019.1,Hasle LU
4717,8269,4,0,0,0,3,4,3,ds4,,Schwaches Baumholz,Schwaches Baumholz_6,0,1,0.827,not_young,1282.9,Hasle LU
4721,18441,3,0,0,0,3,3,1,ds6,,Starkes Baumholz,Starkes Baumholz_6,0,1,1.844,not_young,1137.5,Schüpfheim
4722,24700,4,0,0,0,3,4,3,ds6,,Starkes Baumholz,Starkes Baumholz_6,0,1,2.47,not_young,1246.0,Finsterwald b. E.
4723,47916,3,0,0,0,3,3,1,ds6,,Starkes Baumholz,Starkes Baumholz_6,0,1,4.792,not_young,1233.9,Finsterwald b. E.
4724,5717,3,0,0,0,3,3,3,ds3,,Stangenholz,Stangenholz_10,0,1,0.572,not_young,1505.9,Finsterwald b. E.
4727,7521,4,0,0,0,3,4,3,ds5,,Mittleres Baumholz,Mittleres Baumholz_6,0,1,0.752,not_young,1289.5,Finsterwald b. E.
4732,5837,3,0,0,0,3,4,3,ds5,,Mittleres Baumholz,Mittleres Baumholz_6,0,1,0.584,not_young,1304.5,Hasle LU
4733,10208,4,0,0,0,3,4,3,ds6,,Starkes Baumholz,Starkes Baumholz_6,0,1,1.021,not_young,1097.3,Hasle LU
4734,11545,4,0,0,0,3,4,3,ds5,,Mittleres Baumholz,Mittleres Baumholz_6,0,1,1.155,not_young,1063.5,Hasle LU
4735,9286,3,0,0,0,3,3,3,ds3,,Stangenholz,Stangenholz_6,0,1,0.929,not_young,1131.3,Hasle LU
4738,12231,3,0,0,0,3,3,3,ds4,,Schwaches Baumholz,Schwaches Baumholz_10,0,1,1.223,not_young,1492.4,Finsterwald b. E.
4739,9851,4,0,0,0,3,4,3,ds6,,Starkes Baumholz,Starkes Baumholz_6,0,1,0.985,not_young,1069.8,Hasle LU
4741,18901,2,1,0,1,2,2,2,ds4,,Schwaches Baumholz,Schwaches Baumholz_6,0,1,1.89,not_young,1335.1,Finsterwald b. E.
4743,26128,4,0,0,0,3,4,3,ds6,,Starkes Baumholz,Starkes Baumholz_6,0,1,2.613,not_young,1040.7,Hasle LU
4744,5782,3,0,0,0,3,4,3,ds4,,Schwaches Baumholz,Schwaches Baumholz_6,0,1,0.578,not_young,1039.4,Finsterwald b. E.
4745,54391,3,0,0,0,3,3,1,ds5,,Mittleres Baumholz,Mittleres Baumholz_6,0,1,5.439,not_young,1338.3,Finsterwald b. E.
4747,5059,3,0,0,0,3,3,3,ds4,,Schwaches Baumholz,Schwaches Baumholz_6,0,1,0.506,not_young,1318.0,Finsterwald b. E.
4749,12850,2,1,0,1,2,2,2,ds2,,Jungwuchs/Dickung,Jungwuchs/Dickung_6,0,1,1.285,young,1303.1,Hasle LU
4753,7350,2,1,0,1,2,2,2,ds5,,Mittleres Baumholz,Mittleres Baumholz_6,0,1,0.735,not_young,1038.7,Finsterwald b. E.
4754,19523,3,0,0,0,3,3,3,ds4,,Schwaches Baumholz,Schwaches Baumholz_10,0,1,1.952,not_young,1509.9,Finsterwald b. E.
4755,20069,4,0,0,0,3,4,3,ds6,,Starkes Baumholz,Starkes Baumholz_6,0,1,2.007,not_young,1137.3,Hasle LU
4756,5577,4,0,0,0,3,4,3,ds4,,Schwaches Baumholz,Schwaches Baumholz_6,0,1,0.558,not_young,1168.4,Hasle LU
4757,25933,3,0,0,0,3,4,3,ds6,,Starkes Baumholz,Starkes Baumholz_6,0,1,2.593,not_young,1177.3,Finsterwald b. E.
4758,19764,4,0,0,0,3,4,3,ds6,,Starkes Baumholz,Starkes Baumholz_6,0,1,1.976,not_young,1293.3,Hasle LU
4760,7513,3,0,0,0,3,3,3,ds5,,Mittleres Baumholz,Mittleres Baumholz_6,0,1,0.751,not_young,1409.6,Finsterwald b. E.
4761,7789,4,0,0,0,3,4,3,ds6,,Starkes Baumholz,Starkes Baumholz_6,0,1,0.779,not_young,1198.0,Hasle LU
4762,49771,3,0,0,0,3,4,3,ds6,,Starkes Baumholz,Starkes Baumholz_6,0,1,4.977,not_young,1209.3,Hasle LU
4763,58030,4,0,0,0,3,4,3,ds6,,Starkes Baumholz,Starkes Baumholz_6,0,1,5.803,not_young,1227.8,Hasle LU
4764,11455,2,1,0,1,2,2,2,ds4,,Schwaches Baumholz,Schwaches Baumholz_6,0,1,1.145,not_young,1052.8,Finsterwald b. E.
4765,15777,3,0,0,0,3,3,3,ds6,,Starkes Baumholz,Starkes Baumholz_6,0,1,1.578,not_young,1119.1,Hasle LU
4766,36504,4,0,0,0,3,4,3,ds5,,Mittleres Baumholz,Mittleres Baumholz_6,0,1,3.65,not_young,1348.4,Finsterwald b. E.
4767,5194,3,0,0,0,3,4,3,ds5,,Mittleres Baumholz,Mittleres Baumholz_6,0,1,0.519,not_young,1191.8,Finsterwald b. E.
4768,7781,4,0,0,0,3,4,3,ds2,,Jungwuchs/Dickung,Jungwuchs/Dickung_6,0,1,0.778,young,1139.3,Hasle LU
4769,15747,3,0,0,0,3,3,3,ds5,,Mittleres Baumholz,Mittleres Baumholz_6,0,1,1.575,not_young,1105.6,Finsterwald b. E.
4770,6666,4,0,0,0,3,4,3,ds5,,Mittleres Baumholz,Mittleres Baumholz_6,0,1,0.667,not_young,1138.1,Schüpfheim
4771,21751,4,0,0,0,3,4,3,ds6,,Starkes Baumholz,Starkes Baumholz_6,0,1,2.175,not_young,1256.8,Finsterwald b. E.
4773,22123,3,0,0,0,3,4,3,ds6,,Starkes Baumholz,Starkes Baumholz_6,0,1,2.212,not_young,1209.4,Finsterwald b. E.
4775,5694,3,0,0,0,3,3,3,ds4,,Schwaches Baumholz,Schwaches Baumholz_6,0,1,0.569,not_young,1137.1,Hasle LU
4776,12321,4,0,0,0,3,4,3,ds4,,Schwaches Baumholz,Schwaches Baumholz_6,0,1,1.232,not_young,1247.9,Hasle LU
4777,69418,3,0,0,0,3,3,1,ds5,,Mittleres Baumholz,Mittleres Baumholz_10,0,1,6.942,not_young,1453.3,Finsterwald b. E.
4778,7129,3,0,0,0,3,4,3,ds3,,Stangenholz,Stangenholz_6,0,1,0.713,not_young,1328.1,Finsterwald b. E.
4779,6746,4,0,0,0,3,4,3,ds6,,Starkes Baumholz,Starkes Baumholz_6,0,1,0.675,not_young,1214.3,Finsterwald b. E.
4781,5203,2,1,0,1,2,2,2,ds6,,Starkes Baumholz,Starkes Baumholz_6,0,1,0.52,not_young,1124.2,Finsterwald b. E.
4782,6450,4,0,0,0,3,4,3,ds5,,Mittleres Baumholz,Mittleres Baumholz_6,0,1,0.645,not_young,1210.9,Finsterwald b. E.
4783,18870,3,0,0,0,3,3,3,ds5,,Mittleres Baumholz,Mittleres Baumholz_6,0,1,1.887,not_young,1382.6,Finsterwald b. E.
4784,6538,4,0,0,0,3,4,3,ds5,,Mittleres Baumholz,Mittleres Baumholz_6,0,1,0.654,not_young,1202.4,Hasle LU
4785,12400,2,1,0,1,2,2,2,ds6,,Starkes Baumholz,Starkes Baumholz_6,0,1,1.24,not_young,973.1,Schüpfheim
4786,5700,4,0,0,0,3,4,3,ds6,,Starkes Baumholz,Starkes Baumholz_6,0,1,0.57,not_young,1218.6,Finsterwald b. E.
4789,104589,2,1,0,1,2,2,2,ds6,,Starkes Baumholz,Starkes Baumholz_6,0,1,10.459,not_young,1144.2,Schüpfheim
4791,19792,4,0,0,0,3,4,3,ds5,,Mittleres Baumholz,Mittleres Baumholz_6,0,1,1.979,not_young,1252.0,Finsterwald b. E.
4795,10538,4,0,0,0,3,4,3,ds5,,Mittleres Baumholz,Mittleres Baumholz_6,0,1,1.054,not_young,1170.3,Hasle LU
4796,12614,4,0,0,0,3,4,3,ds6,,Starkes Baumholz,Starkes Baumholz_6,0,1,1.261,not_young,1248.0,Finsterwald b. E.
4797,7489,2,1,0,1,2,2,2,ds6,,Starkes Baumholz,Starkes Baumholz_6,0,1,0.749,not_young,1042.4,Schüpfheim
4798,29125,4,0,0,0,3,4,3,ds6,,Starkes Baumholz,Starkes Baumholz_6,0,1,2.912,not_young,1141.6,Hasle LU
4799,7960,4,0,0,0,3,4,3,ds4,,Schwaches Baumholz,Schwaches Baumholz_6,0,1,0.796,not_young,1248.0,Hasle LU
4800,27427,2,1,0,1,2,2,2,ds6,,Starkes Baumholz,Starkes Baumholz_13,0,1,2.743,not_young,934.1,Schüpfheim
4801,5953,2,1,0,1,2,2,2,ds5,,Mittleres Baumholz,Mittleres Baumholz_6,0,1,0.595,not_young,1145.8,Finsterwald b. E.
4802,8712,3,0,0,0,3,3,3,ds3,,Stangenholz,Stangenholz_10,0,1,0.871,not_young,1525.3,Finsterwald b. E.
4804,33138,3,0,0,0,3,3,3,ds6,,Starkes Baumholz,Starkes Baumholz_6,0,1,3.314,not_young,1119.1,Hasle LU
4805,6768,3,0,0,0,3,4,3,ds6,,Starkes Baumholz,Starkes Baumholz_6,0,1,0.677,not_young,1287.6,Finsterwald b. E.
4806,6532,3,0,0,0,3,3,3,ds3,,Stangenholz,Stangenholz_10,0,1,0.653,not_young,1509.4,Finsterwald b. E.
4807,15440,3,0,0,0,3,3,3,ds5,,Mittleres Baumholz,Mittleres Baumholz_6,0,1,1.544,not_young,1268.9,Finsterwald b. E.
4808,6009,4,0,0,0,3,4,3,ds6,,Starkes Baumholz,Starkes Baumholz_6,0,1,0.601,not_young,996.0,Schüpfheim
4809,30444,2,1,0,1,2,2,2,ds6,,Starkes Baumholz,Starkes Baumholz_6,0,1,3.044,not_young,1136.7,Finsterwald b. E.
4812,6000,4,0,0,0,3,4,3,ds5,,Mittleres Baumholz,Mittleres Baumholz_6,0,1,0.6,not_young,1223.4,Hasle LU
4814,12900,3,0,0,0,3,4,3,ds2,,Jungwuchs/Dickung,Jungwuchs/Dickung_6,0,1,1.29,young,1250.0,Hasle LU
4815,7100,2,1,0,1,2,2,2,ds6,,Starkes Baumholz,Starkes Baumholz_6,0,1,0.71,not_young,1043.2,Schüpfheim
4816,18209,4,0,0,0,3,4,3,ds6,,Starkes Baumholz,Starkes Baumholz_6,0,1,1.821,not_young,1032.6,Hasle LU
4818,19517,3,0,0,0,3,3,3,ds3,,Stangenholz,Stangenholz_10,0,1,1.952,not_young,1490.7,Finsterwald b. E.
4819,22079,3,0,0,0,3,3,3,ds3,,Stangenholz,Stangenholz_10,0,1,2.208,not_young,1501.3,Finsterwald b. E.
4823,5659,3,0,0,0,3,4,3,ds6,,Starkes Baumholz,Starkes Baumholz_6,0,1,0.566,not_young,1356.6,Hasle LU
4824,5551,3,0,0,0,3,3,3,ds5,,Mittleres Baumholz,Mittleres Baumholz_6,0,1,0.555,not_young,1285.1,Finsterwald b. E.
4825,8104,2,1,0,1,2,2,2,ds4,,Schwaches Baumholz,Schwaches Baumholz_6,0,1,0.81,not_young,1054.6,Finsterwald b. E.
4826,9113,3,0,0,0,3,3,3,ds3,,Stangenholz,Stangenholz_8,0,1,0.911,not_young,1468.9,Finsterwald b. E.
4827,58720,2,1,0,1,2,2,2,ds6,,Starkes Baumholz,Starkes Baumholz_6,0,1,5.872,not_young,999.1,Schüpfheim
4828,5127,4,0,0,0,3,4,3,ds6,,Starkes Baumholz,Starkes Baumholz_6,0,1,0.513,not_young,1185.3,Schüpfheim
4829,9150,4,0,0,0,3,4,3,ds3,,Stangenholz,Stangenholz_6,0,1,0.915,not_young,1229.0,Hasle LU
4830,14595,2,1,0,1,2,2,2,ds4,,Schwaches Baumholz,Schwaches Baumholz_6,0,1,1.459,not_young,1349.9,Hasle LU
4831,13447,2,1,0,1,2,2,2,ds4,,Schwaches Baumholz,Schwaches Baumholz_6,0,1,1.345,not_young,1108.1,Finsterwald b. E.
4832,5419,3,0,0,0,3,3,3,ds5,,Mittleres Baumholz,Mittleres Baumholz_6,0,1,0.542,not_young,1375.5,Finsterwald b. E.
4833,16000,4,0,0,0,3,4,3,ds6,,Starkes Baumholz,Starkes Baumholz_13,0,1,1.6,not_young,952.8,Schüpfheim
4834,5478,4,0,0,0,3,4,3,ds6,,Starkes Baumholz,Starkes Baumholz_13,0,1,0.548,not_young,1101.6,Hasle LU
4835,5368,3,0,0,0,3,3,3,ds5,,Mittleres Baumholz,Mittleres Baumholz_6,0,1,0.537,not_young,1184.3,Hasle LU
4836,7406,3,0,0,0,3,3,3,ds4,,Schwaches Baumholz,Schwaches Baumholz_6,0,1,0.741,not_young,1189.9,Finsterwald b. E.
4837,7600,4,0,0,0,3,4,3,ds2,,Jungwuchs/Dickung,Jungwuchs/Dickung_6,0,1,0.76,young,1276.5,Hasle LU
4838,6669,3,0,0,0,3,4,3,ds3,,Stangenholz,Stangenholz_6,0,1,0.667,not_young,1166.0,Hasle LU
4840,7960,2,1,0,1,2,2,2,ds1,,Jungwuchs/Dickung,Jungwuchs/Dickung_6,0,1,0.796,young,1077.4,Finsterwald b. E.
4841,9866,3,0,0,0,3,3,3,ds5,,Mittleres Baumholz,Mittleres Baumholz_6,0,1,0.987,not_young,1141.2,Hasle LU
4842,20267,2,1,0,1,2,2,2,ds5,,Mittleres Baumholz,Mittleres Baumholz_6,0,1,2.027,not_young,1365.8,Finsterwald b. E.
4845,8925,2,1,0,1,2,2,2,ds6,,Starkes Baumholz,Starkes Baumholz_6,0,1,0.892,not_young,1075.9,Schüpfheim
4847,6361,4,0,0,0,3,4,3,ds2,,Jungwuchs/Dickung,Jungwuchs/Dickung_6,0,1,0.636,young,1199.0,Schüpfheim
4849,7641,3,0,0,0,3,4,3,ds2,,Jungwuchs/Dickung,Jungwuchs/Dickung_6,0,1,0.764,young,1175.9,Schüpfheim
4850,23142,4,0,0,0,3,4,3,ds6,,Starkes Baumholz,Starkes Baumholz_6,0,1,2.314,not_young,1120.0,Hasle LU
4851,5700,2,1,0,1,2,2,2,ds6,,Starkes Baumholz,Starkes Baumholz_6,0,1,0.57,not_young,1210.1,Finsterwald b. E.
4852,6410,3,0,0,0,3,4,3,ds3,,Stangenholz,Stangenholz_6,0,1,0.641,not_young,1225.3,Finsterwald b. E.
4853,5175,4,0,0,0,3,4,3,ds3,,Stangenholz,Stangenholz_6,0,1,0.517,not_young,1232.2,Hasle LU
4854,26337,2,1,0,1,2,2,2,ds6,,Starkes Baumholz,Starkes Baumholz_6,0,1,2.634,not_young,1283.8,Hasle LU
4855,5550,3,0,0,0,3,4,3,ds5,,Mittleres Baumholz,Mittleres Baumholz_6,0,1,0.555,not_young,1270.4,Hasle LU
4856,11588,2,1,0,1,2,2,2,ds4,,Schwaches Baumholz,Schwaches Baumholz_10,0,1,1.159,not_young,1466.4,Finsterwald b. E.
4857,5216,4,0,0,0,3,4,3,ds4,,Schwaches Baumholz,Schwaches Baumholz_6,0,1,0.522,not_young,1160.0,Hasle LU
4858,11450,2,1,0,1,2,2,2,ds4,,Schwaches Baumholz,Schwaches Baumholz_6,0,1,1.145,not_young,1159.9,Finsterwald b. E.
4860,11891,3,0,0,0,3,3,3,ds5,,Mittleres Baumholz,Mittleres Baumholz_10,0,1,1.189,not_young,1456.8,Finsterwald b. E.
4862,45398,4,0,0,0,3,4,3,ds6,,Starkes Baumholz,Starkes Baumholz_6,0,1,4.54,not_young,1051.1,Hasle LU
4863,12400,2,1,0,1,2,2,2,ds4,,Schwaches Baumholz,Schwaches Baumholz_6,0,1,1.24,not_young,1210.2,Finsterwald b. E.
4864,9041,2,1,0,1,2,2,2,ds4,,Schwaches Baumholz,Schwaches Baumholz_6,0,1,0.904,not_young,1316.7,Hasle LU
4865,69308,3,0,0,0,3,3,3,ds6,,Starkes Baumholz,Starkes Baumholz_6,0,1,6.931,not_young,1134.0,Hasle LU
4866,11500,2,1,0,1,2,2,2,ds2,,Jungwuchs/Dickung,Jungwuchs/Dickung_6,0,1,1.15,young,1386.6,Hasle LU
4867,9185,2,1,0,1,2,2,2,ds5,,Mittleres Baumholz,Mittleres Baumholz_6,0,1,0.919,not_young,1302.9,Hasle LU
4871,8547,4,0,0,0,3,4,3,ds5,,Mittleres Baumholz,Mittleres Baumholz_6,0,1,0.855,not_young,1230.1,Hasle LU
4873,23908,4,0,0,0,3,4,3,ds6,,Starkes Baumholz,Starkes Baumholz_6,0,1,2.391,not_young,1326.5,Hasle LU
4876,12377,3,0,0,0,3,3,3,ds2,,Jungwuchs/Dickung,Jungwuchs/Dickung_8,0,1,1.238,young,1507.5,Finsterwald b. E.
4878,18450,2,1,0,1,2,2,2,ds2,,Jungwuchs/Dickung,Jungwuchs/Dickung_6,0,1,1.845,young,1339.8,Hasle LU
4879,5832,3,0,0,0,3,3,3,ds3,,Stangenholz,Stangenholz_8,0,1,0.583,not_young,1513.4,Finsterwald b. E.
4881,9209,3,0,0,0,3,4,3,ds4,,Schwaches Baumholz,Schwaches Baumholz_6,0,1,0.921,not_young,1194.2,Hasle LU
4882,8781,2,1,0,1,2,2,2,ds4,,Schwaches Baumholz,Schwaches Baumholz_6,0,1,0.878,not_young,1112.2,Finsterwald b. E.
4887,5051,3,0,0,0,3,3,3,ds5,,Mittleres Baumholz,Mittleres Baumholz_6,0,1,0.505,not_young,1362.3,Finsterwald b. E.
4888,17107,2,1,0,1,2,2,2,ds2,,Jungwuchs/Dickung,Jungwuchs/Dickung_10,0,1,1.711,young,1417.8,Hasle LU
4889,42515,2,1,0,1,2,2,2,ds5,,Mittleres Baumholz,Mittleres Baumholz_6,0,1,4.251,not_young,1174.8,Finsterwald b. E.
4891,8198,2,1,0,1,2,2,2,ds4,,Schwaches Baumholz,Schwaches Baumholz_6,0,1,0.82,not_young,1150.1,Finsterwald b. E.
4894,7526,4,0,0,0,3,4,3,ds3,,Stangenholz,Stangenholz_6,0,1,0.753,not_young,1222.9,Schüpfheim
4895,17943,3,0,0,0,3,3,3,ds6,,Starkes Baumholz,Starkes Baumholz_6,0,1,1.794,not_young,1394.0,Finsterwald b. E.
4896,22496,3,0,0,0,3,3,3,ds6,,Starkes Baumholz,Starkes Baumholz_6,0,1,2.25,not_young,1425.3,Finsterwald b. E.
4897,31105,4,0,0,0,3,4,3,ds6,,Starkes Baumholz,Starkes Baumholz_6,0,1,3.111,not_young,1196.6,Schüpfheim
4898,11036,4,0,0,0,3,4,3,ds5,,Mittleres Baumholz,Mittleres Baumholz_6,0,1,1.104,not_young,1130.4,Hasle LU
4900,12350,2,1,0,1,2,2,2,ds2,,Jungwuchs/Dickung,Jungwuchs/Dickung_6,0,1,1.235,young,1342.4,Hasle LU
4901,11652,2,1,0,1,2,2,2,ds6,,Starkes Baumholz,Starkes Baumholz_6,0,1,1.165,not_young,1413.8,Hasle LU
4902,94900,3,0,0,0,3,4,3,ds6,,Starkes Baumholz,Starkes Baumholz_6,0,1,9.49,not_young,1223.0,Hasle LU
4903,5082,4,0,0,0,3,4,3,ds4,,Schwaches Baumholz,Schwaches Baumholz_10,0,1,0.508,not_young,1471.1,Finsterwald b. E.
4906,5000,4,0,0,0,3,4,3,ds6,,Starkes Baumholz,Starkes Baumholz_6,0,1,0.5,not_young,1227.2,Hasle LU
4907,6942,3,0,0,0,3,4,3,ds5,,Mittleres Baumholz,Mittleres Baumholz_6,0,1,0.694,not_young,1190.8,Hasle LU
4908,5529,3,0,0,0,3,4,3,ds6,,Starkes Baumholz,Starkes Baumholz_6,0,1,0.553,not_young,1068.9,Finsterwald b. E.
4909,7264,2,1,0,1,2,2,2,ds6,,Starkes Baumholz,Starkes Baumholz_6,0,1,0.726,not_young,1398.6,Hasle LU
4913,18427,4,0,0,0,3,4,3,ds6,,Starkes Baumholz,Starkes Baumholz_6,0,1,1.843,not_young,1174.9,Hasle LU
4914,67986,2,1,0,1,2,2,2,ds5,,Mittleres Baumholz,Mittleres Baumholz_6,0,1,6.799,not_young,1198.8,Finsterwald b. E.
4916,7306,3,0,0,0,3,4,3,ds5,,Mittleres Baumholz,Mittleres Baumholz_6,0,1,0.731,not_young,1133.4,Hasle LU
4917,9677,4,0,0,0,3,4,3,ds5,,Mittleres Baumholz,Mittleres Baumholz_6,0,1,0.968,not_young,1248.6,Hasle LU
4918,7200,3,0,0,0,3,4,3,ds3,,Stangenholz,Stangenholz_6,0,1,0.72,not_young,1347.4,Hasle LU
4919,5318,4,0,0,0,3,4,3,ds6,,Starkes Baumholz,Starkes Baumholz_6,0,1,0.532,not_young,1140.6,Finsterwald b. E.
4920,24104,3,0,0,0,3,4,3,ds6,,Starkes Baumholz,Starkes Baumholz_6,0,1,2.41,not_young,992.7,Schüpfheim
4921,6986,4,0,0,0,3,4,3,ds4,,Schwaches Baumholz,Schwaches Baumholz_6,0,1,0.699,not_young,1225.3,Finsterwald b. E.
4922,6848,3,0,0,0,3,4,3,ds6,,Starkes Baumholz,Starkes Baumholz_6,0,1,0.685,not_young,1059.6,Hasle LU
4923,7336,4,0,0,0,3,4,3,ds6,,Starkes Baumholz,Starkes Baumholz_6,0,1,0.734,not_young,1122.2,Finsterwald b. E.
4924,6256,4,0,0,0,3,4,3,ds4,,Schwaches Baumholz,Schwaches Baumholz_6,0,1,0.626,not_young,1222.5,Hasle LU
4925,6100,3,0,0,0,3,4,3,ds4,,Schwaches Baumholz,Schwaches Baumholz_6,0,1,0.61,not_young,1222.0,Hasle LU
4927,25362,3,0,0,0,3,4,3,ds5,,Mittleres Baumholz,Mittleres Baumholz_6,0,1,2.536,not_young,1054.9,Hasle LU
4929,24662,4,0,0,0,3,4,3,ds5,,Mittleres Baumholz,Mittleres Baumholz_6,0,1,2.466,not_young,1301.2,Finsterwald b. E.
4930,6672,4,0,0,0,3,4,3,ds4,,Schwaches Baumholz,Schwaches Baumholz_10,0,1,0.667,not_young,1523.3,Finsterwald b. E.
4931,5328,3,0,0,0,3,3,3,ds4,,Schwaches Baumholz,Schwaches Baumholz_6,0,1,0.533,not_young,1124.7,Schüpfheim
4932,83840,2,1,0,1,2,2,2,ds6,,Starkes Baumholz,Starkes Baumholz_6,0,1,8.384,not_young,1131.5,Schüpfheim
4933,19317,4,0,0,0,3,4,3,ds6,,Starkes Baumholz,Starkes Baumholz_6,0,1,1.932,not_young,1008.0,Schüpfheim
4934,4954,2,1,0,1,2,2,2,ds3,,Stangenholz,Stangenholz_6,0,1,0.495,not_young,1283.7,Schüpfheim
4935,56930,2,1,0,1,2,2,2,ds5,,Mittleres Baumholz,Mittleres Baumholz_6,0,1,5.693,not_young,1251.7,Hasle LU
4936,5040,4,0,0,0,3,4,3,ds6,,Starkes Baumholz,Starkes Baumholz_6,0,1,0.504,not_young,1292.5,Hasle LU
4937,23707,4,0,0,0,3,4,3,ds6,,Starkes Baumholz,Starkes Baumholz_6,0,1,2.371,not_young,1060.1,Hasle LU
4939,7174,4,0,0,0,3,4,3,ds6,,Starkes Baumholz,Starkes Baumholz_6,0,1,0.717,not_young,1056.8,Schüpfheim
4940,5002,3,0,0,0,3,3,3,ds3,,Stangenholz,Stangenholz_6,0,1,0.5,not_young,1308.8,Finsterwald b. E.
4941,22420,3,0,0,0,3,3,3,ds6,,Starkes Baumholz,Starkes Baumholz_6,0,1,2.242,not_young,1340.9,Finsterwald b. E.
4942,14976,3,0,0,0,3,3,3,ds5,,Mittleres Baumholz,Mittleres Baumholz_6,0,1,1.498,not_young,1379.1,Finsterwald b. E.
4944,6200,4,0,0,0,3,4,3,ds6,,Starkes Baumholz,Starkes Baumholz_6,0,1,0.62,not_young,1264.1,Schüpfheim
4945,5727,4,0,0,0,3,4,3,ds5,,Mittleres Baumholz,Mittleres Baumholz_6,0,1,0.573,not_young,1336.2,Hasle LU
4946,10873,3,0,0,0,3,4,3,ds5,,Mittleres Baumholz,Mittleres Baumholz_6,0,1,1.087,not_young,1130.9,Finsterwald b. E.
4950,12950,2,1,0,1,2,2,2,ds2,,Jungwuchs/Dickung,Jungwuchs/Dickung_6,0,1,1.295,young,1247.4,Schüpfheim
4951,30656,3,0,0,0,3,3,3,ds5,,Mittleres Baumholz,Mittleres Baumholz_6,0,1,3.066,not_young,1238.9,Hasle LU
4953,6826,4,0,0,0,3,4,3,ds5,,Mittleres Baumholz,Mittleres Baumholz_6,0,1,0.683,not_young,1281.6,Schüpfheim
4954,5500,2,1,0,1,2,2,2,ds5,,Mittleres Baumholz,Mittleres Baumholz_6,0,1,0.55,not_young,1241.8,Schüpfheim
4955,6290,3,0,0,0,3,3,3,ds4,,Schwaches Baumholz,Schwaches Baumholz_6,0,1,0.629,not_young,1268.5,Hasle LU
4956,5477,3,0,0,0,3,4,3,ds5,,Mittleres Baumholz,Mittleres Baumholz_6,0,1,0.548,not_young,1162.6,Finsterwald b. E.
4957,6430,3,0,0,0,3,3,3,ds5,,Mittleres Baumholz,Mittleres Baumholz_6,0,1,0.643,not_young,1371.2,Finsterwald b. E.
4958,26150,2,1,0,1,2,2,2,ds6,,Starkes Baumholz,Starkes Baumholz_6,0,1,2.615,not_young,1235.9,Schüpfheim
4959,7213,3,0,0,0,3,3,3,ds3,,Stangenholz,Stangenholz_8,0,1,0.721,not_young,1618.4,Finsterwald b. E.
4960,10899,2,1,0,1,2,2,2,ds3,,Stangenholz,Stangenholz_6,0,1,1.09,not_young,1213.3,Schüpfheim
4961,6442,3,0,0,0,3,4,3,ds4,,Schwaches Baumholz,Schwaches Baumholz_6,0,1,0.644,not_young,1287.8,Hasle LU
4963,32203,4,0,0,0,3,4,3,ds6,,Starkes Baumholz,Starkes Baumholz_6,0,1,3.22,not_young,1079.9,Hasle LU
4964,7195,3,0,0,0,3,3,3,ds5,,Mittleres Baumholz,Mittleres Baumholz_6,0,1,0.719,not_young,1296.6,Finsterwald b. E.
4965,21923,2,1,0,1,2,2,2,ds5,,Mittleres Baumholz,Mittleres Baumholz_8,0,1,2.192,not_young,1548.3,Hasle LU
4966,6150,3,0,0,0,3,3,3,ds4,,Schwaches Baumholz,Schwaches Baumholz_6,0,1,0.615,not_young,1361.9,Finsterwald b. E.
4968,41193,2,1,0,1,2,2,2,ds5,,Mittleres Baumholz,Mittleres Baumholz_6,0,1,4.119,not_young,1267.5,Hasle LU
4969,16116,2,1,0,1,2,2,2,ds2,,Jungwuchs/Dickung,Jungwuchs/Dickung_6,0,1,1.612,young,1273.0,Schüpfheim
4970,6002,2,1,0,1,2,2,2,ds6,,Starkes Baumholz,Starkes Baumholz_6,0,1,0.6,not_young,1333.9,Hasle LU
4971,5912,4,0,0,0,3,4,3,ds5,,Mittleres Baumholz,Mittleres Baumholz_6,0,1,0.591,not_young,1248.3,Finsterwald b. E.
4972,5550,2,1,0,1,2,2,2,ds2,,Jungwuchs/Dickung,Jungwuchs/Dickung_6,0,1,0.555,young,1266.4,Hasle LU
4974,9386,3,0,0,0,3,3,3,ds6,,Starkes Baumholz,Starkes Baumholz_6,0,1,0.939,not_young,1081.4,Hasle LU
4975,8752,2,1,0,1,2,2,2,ds3,,Stangenholz,Stangenholz_6,0,1,0.875,not_young,1259.2,Hasle LU
4977,5213,2,1,0,1,2,2,2,ds3,,Stangenholz,Stangenholz_6,0,1,0.521,not_young,1213.9,Schüpfheim
4978,8619,3,0,0,0,3,3,3,ds5,,Mittleres Baumholz,Mittleres Baumholz_6,0,1,0.862,not_young,1088.0,Hasle LU
4979,10162,3,0,0,0,3,3,3,ds4,,Schwaches Baumholz,Schwaches Baumholz_6,0,1,1.016,not_young,1239.4,Hasle LU
4981,8019,3,0,0,0,3,3,3,ds3,,Stangenholz,Stangenholz_8,0,1,0.802,not_young,1629.0,Finsterwald b. E.
4982,12286,3,0,0,0,3,3,3,ds5,,Mittleres Baumholz,Mittleres Baumholz_8,0,1,1.229,not_young,1540.5,Finsterwald b. E.
4983,6185,3,0,0,0,3,3,3,ds4,,Schwaches Baumholz,Schwaches Baumholz_6,0,1,0.618,not_young,1296.3,Hasle LU
4984,15607,2,1,0,1,2,2,2,ds5,,Mittleres Baumholz,Mittleres Baumholz_6,0,1,1.561,not_young,1335.8,Hasle LU
4986,5900,2,1,0,1,2,2,2,ds4,,Schwaches Baumholz,Schwaches Baumholz_6,0,1,0.59,not_young,1300.6,Schüpfheim
4987,5912,2,1,0,1,2,2,2,ds4,,Schwaches Baumholz,Schwaches Baumholz_6,0,1,0.591,not_young,1372.7,Hasle LU
4988,24525,3,0,0,0,3,4,3,ds5,,Mittleres Baumholz,Mittleres Baumholz_6,0,1,2.453,not_young,1388.8,Finsterwald b. E.
4992,6713,4,0,0,0,3,4,3,ds6,,Starkes Baumholz,Starkes Baumholz_6,0,1,0.671,not_young,1294.6,Finsterwald b. E.
4994,6021,3,0,0,0,3,3,3,ds5,,Mittleres Baumholz,Mittleres Baumholz_6,0,1,0.602,not_young,1151.9,Schüpfheim
4995,5686,4,0,0,0,3,4,3,ds6,,Starkes Baumholz,Starkes Baumholz_6,0,1,0.569,not_young,1084.3,Hasle LU
4996,7307,3,0,0,0,3,4,3,ds5,,Mittleres Baumholz,Mittleres Baumholz_6,0,1,0.731,not_young,1101.0,Hasle LU
4997,6871,4,0,0,0,3,4,3,ds4,,Schwaches Baumholz,Schwaches Baumholz_6,0,1,0.687,not_young,1330.3,Finsterwald b. E.
4998,5014,3,0,0,0,3,3,3,ds4,,Schwaches Baumholz,Schwaches Baumholz_8,0,1,0.501,not_young,1634.6,Finsterwald b. E.
5002,5650,4,0,0,0,3,4,3,ds4,,Schwaches Baumholz,Schwaches Baumholz_6,0,1,0.565,not_young,1280.2,Hasle LU
5003,47972,3,0,0,0,3,3,3,ds6,,Starkes Baumholz,Starkes Baumholz_6,0,1,4.797,not_young,1324.5,Finsterwald b. E.
5005,12426,3,0,0,0,3,4,3,ds6,,Starkes Baumholz,Starkes Baumholz_6,0,1,1.243,not_young,1215.2,Finsterwald b. E.
5006,64531,2,1,0,1,2,2,2,ds6,,Starkes Baumholz,Starkes Baumholz_10,0,1,6.453,not_young,1415.9,Hasle LU
5009,23603,3,0,0,0,3,3,3,ds6,,Starkes Baumholz,Starkes Baumholz_6,0,1,2.36,not_young,1423.7,Finsterwald b. E.
5011,11000,3,0,0,0,3,4,3,ds4,,Schwaches Baumholz,Schwaches Baumholz_6,0,1,1.1,not_young,1250.9,Hasle LU
5016,34812,2,1,0,1,2,2,2,ds6,,Starkes Baumholz,Starkes Baumholz_6,0,1,3.481,not_young,1358.5,Schüpfheim
5017,5880,2,1,0,1,2,2,2,ds3,,Stangenholz,Stangenholz_10,0,1,0.588,not_young,1454.9,Schüpfheim
5018,26700,4,0,0,0,3,4,3,ds5,,Mittleres Baumholz,Mittleres Baumholz_6,0,1,2.67,not_young,1399.1,Finsterwald b. E.
5019,4954,4,0,0,0,3,4,3,ds5,,Mittleres Baumholz,Mittleres Baumholz_6,0,1,0.495,not_young,1138.4,Finsterwald b. E.
5020,5100,4,0,0,0,3,4,3,ds4,,Schwaches Baumholz,Schwaches Baumholz_10,0,1,0.51,not_young,1417.0,Finsterwald b. E.
5022,7367,2,1,0,1,2,2,2,ds3,,Stangenholz,Stangenholz_8,0,1,0.737,not_young,1652.4,Hasle LU
5023,5484,3,0,0,0,3,4,3,ds5,,Mittleres Baumholz,Mittleres Baumholz_6,0,1,0.548,not_young,1158.6,Hasle LU
5024,5763,2,1,0,1,2,2,2,ds6,,Starkes Baumholz,Starkes Baumholz_10,0,1,0.576,not_young,1461.5,Schüpfheim
5025,6278,3,0,0,0,3,4,3,ds6,,Starkes Baumholz,Starkes Baumholz_6,0,1,0.628,not_young,1199.4,Hasle LU
5026,29123,4,0,0,0,3,4,3,ds6,,Starkes Baumholz,Starkes Baumholz_6,0,1,2.912,not_young,1097.7,Hasle LU
5030,8793,2,1,0,1,2,2,2,ds4,,Schwaches Baumholz,Schwaches Baumholz_8,0,1,0.879,not_young,1532.4,Schüpfheim
5031,16571,3,0,0,0,3,3,3,ds4,,Schwaches Baumholz,Schwaches Baumholz_8,0,1,1.657,not_young,1600.1,Finsterwald b. E.
5033,8314,2,1,0,1,2,2,2,ds6,,Starkes Baumholz,Starkes Baumholz_6,0,1,0.831,not_young,1336.4,Schüpfheim
5035,35803,2,1,0,1,2,2,2,ds6,,Starkes Baumholz,Starkes Baumholz_6,0,1,3.58,not_young,1287.5,Hasle LU
5036,55880,4,0,0,0,3,4,3,ds6,,Starkes Baumholz,Starkes Baumholz_6,0,1,5.588,not_young,1236.3,Hasle LU
5039,8312,3,0,0,0,3,4,3,ds6,,Starkes Baumholz,Starkes Baumholz_6,0,1,0.831,not_young,1100.4,Hasle LU
5043,8251,2,1,0,1,2,2,2,ds6,,Starkes Baumholz,Starkes Baumholz_6,0,1,0.825,not_young,1041.9,Schüpfheim
5044,7463,3,0,0,0,3,3,3,ds4,,Schwaches Baumholz,Schwaches Baumholz_8,0,1,0.746,not_young,1496.8,Finsterwald b. E.
5046,23665,2,1,0,1,2,2,2,ds6,,Starkes Baumholz,Starkes Baumholz_6,0,1,2.367,not_young,1001.7,Schüpfheim
5047,26432,2,1,0,1,2,2,2,ds6,,Starkes Baumholz,Starkes Baumholz_6,0,1,2.643,not_young,1258.8,Hasle LU
5050,5873,4,0,0,0,3,4,3,ds5,,Mittleres Baumholz,Mittleres Baumholz_13,0,1,0.587,not_young,1131.1,Hasle LU
5051,6510,2,1,0,1,2,2,2,ds5,,Mittleres Baumholz,Mittleres Baumholz_6,0,1,0.651,not_young,1270.6,Hasle LU
5052,5974,3,0,0,0,3,3,3,ds3,,Stangenholz,Stangenholz_13,0,1,0.597,not_young,1099.9,Finsterwald b. E.
5053,77067,2,1,0,1,2,2,2,ds6,,Starkes Baumholz,Starkes Baumholz_6,0,1,7.707,not_young,1355.4,Schüpfheim
5054,11028,4,0,0,0,3,4,3,ds5,,Mittleres Baumholz,Mittleres Baumholz_6,0,1,1.103,not_young,1124.2,Hasle LU
5056,5750,2,1,0,1,2,2,2,ds4,,Schwaches Baumholz,Schwaches Baumholz_10,0,1,0.575,not_young,1414.2,Schüpfheim
5060,14419,2,1,0,1,2,2,2,ds6,,Starkes Baumholz,Starkes Baumholz_10,0,1,1.442,not_young,1408.6,Schüpfheim
5062,11338,4,0,0,0,3,4,3,ds6,,Starkes Baumholz,Starkes Baumholz_13,0,1,1.134,not_young,1120.7,Hasle LU
5063,21126,3,0,0,0,3,3,3,ds6,,Starkes Baumholz,Starkes Baumholz_6,0,1,2.113,not_young,1110.4,Hasle LU
5064,54427,2,1,0,1,2,2,2,ds5,,Mittleres Baumholz,Mittleres Baumholz_6,0,1,5.443,not_young,1235.7,Hasle LU
5065,5004,3,0,0,0,3,3,3,ds5,,Mittleres Baumholz,Mittleres Baumholz_13,0,1,0.5,not_young,1103.3,Finsterwald b. E.
5073,5200,2,1,0,1,2,2,2,ds5,,Mittleres Baumholz,Mittleres Baumholz_6,0,1,0.52,not_young,1273.7,Hasle LU
5074,9387,3,0,0,0,3,3,3,ds4,,Schwaches Baumholz,Schwaches Baumholz_8,0,1,0.939,not_young,1625.8,Finsterwald b. E.
5076,8316,2,1,0,1,2,2,2,ds5,,Mittleres Baumholz,Mittleres Baumholz_8,0,1,0.832,not_young,1532.6,Schüpfheim
5077,12213,3,0,0,0,3,4,3,ds5,,Mittleres Baumholz,Mittleres Baumholz_6,0,1,1.221,not_young,1406.3,Finsterwald b. E.
5078,6952,3,0,0,0,3,4,3,ds6,,Starkes Baumholz,Starkes Baumholz_6,0,1,0.695,not_young,1173.4,Hasle LU
5080,62775,2,1,0,1,2,2,2,ds6,,Starkes Baumholz,Starkes Baumholz_6,0,1,6.278,not_young,1344.0,Finsterwald b. E.
5082,19695,2,1,0,1,2,2,2,ds5,,Mittleres Baumholz,Mittleres Baumholz_6,0,1,1.969,not_young,1269.3,Hasle LU
5084,5160,3,0,0,0,3,3,3,ds6,,Starkes Baumholz,Starkes Baumholz_6,0,1,0.516,not_young,1109.9,Hasle LU
5087,28090,3,0,0,0,3,3,3,ds6,,Starkes Baumholz,Starkes Baumholz_6,0,1,2.809,not_young,1124.9,Hasle LU
5088,6774,3,0,0,0,3,3,3,ds6,,Starkes Baumholz,Starkes Baumholz_6,0,1,0.677,not_young,1100.5,Hasle LU
5089,6474,1,0,2,2,1,1,1,ds5,,Mittleres Baumholz,Mittleres Baumholz_10,0,1,0.647,not_young,1531.9,Finsterwald b. E.
5090,15482,3,0,0,0,3,4,3,ds4,,Schwaches Baumholz,Schwaches Baumholz_8,0,1,1.548,not_young,1570.2,Finsterwald b. E.
5092,6122,2,1,0,1,2,2,2,ds4,,Schwaches Baumholz,Schwaches Baumholz_6,0,1,0.612,not_young,1299.2,Hasle LU
5093,7858,1,1,2,3,1,1,1,ds4,,Schwaches Baumholz,Schwaches Baumholz_10,0,1,0.786,not_young,1564.0,Finsterwald b. E.
5094,5232,3,0,0,0,3,3,3,ds4,,Schwaches Baumholz,Schwaches Baumholz_8,0,1,0.523,not_young,1631.6,Finsterwald b. E.
5096,6311,2,1,0,1,2,2,2,ds5,,Mittleres Baumholz,Mittleres Baumholz_10,0,1,0.631,not_young,1440.3,Schüpfheim
5097,6322,3,0,0,0,3,3,3,ds6,,Starkes Baumholz,Starkes Baumholz_6,0,1,0.632,not_young,1135.3,Hasle LU
5100,50340,4,0,0,0,3,4,3,ds5,,Mittleres Baumholz,Mittleres Baumholz_6,0,1,5.034,not_young,1434.6,Finsterwald b. E.
5103,59680,4,0,0,0,3,4,3,ds6,,Starkes Baumholz,Starkes Baumholz_6,0,1,5.968,not_young,1181.1,Finsterwald b. E.
5105,6433,3,0,0,0,3,3,3,ds6,,Starkes Baumholz,Starkes Baumholz_6,0,1,0.643,not_young,1142.3,Schüpfheim
5106,6077,2,1,0,1,2,2,2,ds5,,Mittleres Baumholz,Mittleres Baumholz_6,0,1,0.608,not_young,1280.5,Hasle LU
5108,26165,2,1,0,1,2,2,2,ds6,,Starkes Baumholz,Starkes Baumholz_6,0,1,2.616,not_young,1258.0,Hasle LU
5109,15363,4,0,0,0,3,4,3,ds4,,Schwaches Baumholz,Schwaches Baumholz_10,0,1,1.536,not_young,1449.5,Finsterwald b. E.
5113,10904,2,1,0,1,2,2,2,ds4,,Schwaches Baumholz,Schwaches Baumholz_8,0,1,1.09,not_young,1532.5,Schüpfheim
5114,13821,3,0,0,0,3,3,3,ds6,,Starkes Baumholz,Starkes Baumholz_6,0,1,1.382,not_young,1121.8,Hasle LU
5115,6303,4,0,0,0,3,4,3,ds5,,Mittleres Baumholz,Mittleres Baumholz_10,0,1,0.63,not_young,1512.2,Finsterwald b. E.
5117,5491,3,0,0,0,3,3,3,ds5,,Mittleres Baumholz,Mittleres Baumholz_6,0,1,0.549,not_young,1126.0,Hasle LU
5120,6827,3,0,0,0,3,3,3,ds2,,Jungwuchs/Dickung,Jungwuchs/Dickung_6,0,1,0.683,young,1239.4,Hasle LU
5121,8377,2,1,0,1,2,2,1,ds3,,Stangenholz,Stangenholz_8,0,1,0.838,not_young,1556.3,Hasle LU
5125,7227,3,0,0,0,3,3,3,ds3,,Stangenholz,Stangenholz_6,0,1,0.723,not_young,1127.7,Hasle LU
5126,8111,2,1,0,1,2,2,1,ds4,,Schwaches Baumholz,Schwaches Baumholz_6,0,1,0.811,not_young,1461.5,Hasle LU
5127,5064,1,0,2,2,1,1,1,ds5,,Mittleres Baumholz,Mittleres Baumholz_6,0,1,0.506,not_young,1368.5,Finsterwald b. E.
5130,5142,3,0,0,0,3,3,3,ds1,,Jungwuchs/Dickung,Jungwuchs/Dickung_6,0,1,0.514,young,1146.1,Finsterwald b. E.
5131,7018,4,0,0,0,3,4,3,ds5,,Mittleres Baumholz,Mittleres Baumholz_6,0,1,0.702,not_young,1173.1,Hasle LU
5132,5200,3,0,0,0,3,3,3,ds5,,Mittleres Baumholz,Mittleres Baumholz_6,0,1,0.52,not_young,1212.9,Finsterwald b. E.
5134,5695,4,0,0,0,3,4,3,ds5,,Mittleres Baumholz,Mittleres Baumholz_6,0,1,0.57,not_young,1224.5,Finsterwald b. E.
5135,5481,4,0,0,0,3,4,3,ds4,,Schwaches Baumholz,Schwaches Baumholz_8,0,1,0.548,not_young,1620.2,Finsterwald b. E.
5136,8774,4,0,0,0,3,4,3,ds4,,Schwaches Baumholz,Schwaches Baumholz_6,0,1,0.877,not_young,1368.0,Finsterwald b. E.
5137,18063,3,0,0,0,3,3,3,ds6,,Starkes Baumholz,Starkes Baumholz_6,0,1,1.806,not_young,1199.3,Hasle LU
5139,5851,1,0,2,2,1,1,1,ds4,,Schwaches Baumholz,Schwaches Baumholz_10,0,1,0.585,not_young,1491.6,Finsterwald b. E.
5140,14288,1,0,2,2,1,1,1,ds5,,Mittleres Baumholz,Mittleres Baumholz_6,0,1,1.429,not_young,1400.2,Finsterwald b. E.
5142,15255,3,0,0,0,3,3,3,ds6,,Starkes Baumholz,Starkes Baumholz_6,0,1,1.525,not_young,1363.7,Hasle LU
5144,10835,2,1,0,1,2,2,2,ds6,,Starkes Baumholz,Starkes Baumholz_8,0,1,1.083,not_young,1514.7,Schüpfheim
5145,90892,2,1,0,1,2,2,2,ds5,,Mittleres Baumholz,Mittleres Baumholz_8,0,1,9.089,not_young,1509.8,Hasle LU
5146,7351,3,0,0,0,3,3,3,ds6,,Starkes Baumholz,Starkes Baumholz_6,0,1,0.735,not_young,1168.5,Schüpfheim
5147,6224,4,0,0,0,3,4,3,ds5,,Mittleres Baumholz,Mittleres Baumholz_6,0,1,0.622,not_young,1211.3,Hasle LU
5148,5558,4,0,0,0,3,4,3,ds4,,Schwaches Baumholz,Schwaches Baumholz_8,0,1,0.556,not_young,1567.7,Finsterwald b. E.
5149,7330,2,1,0,1,2,2,2,ds6,,Starkes Baumholz,Starkes Baumholz_13,0,1,0.733,not_young,959.8,Schüpfheim
5150,12728,2,1,0,1,2,2,2,ds6,,Starkes Baumholz,Starkes Baumholz_10,0,1,1.273,not_young,1409.0,Schüpfheim
5151,5700,4,0,0,0,3,4,3,ds5,,Mittleres Baumholz,Mittleres Baumholz_6,0,1,0.57,not_young,1234.4,Finsterwald b. E.
5155,6950,4,0,0,0,3,4,3,ds3,,Stangenholz,Stangenholz_8,0,1,0.695,not_young,1508.2,Finsterwald b. E.
5157,5563,3,0,0,0,3,3,3,ds5,,Mittleres Baumholz,Mittleres Baumholz_6,0,1,0.556,not_young,1195.5,Finsterwald b. E.
5158,5801,3,0,0,0,3,3,3,ds6,,Starkes Baumholz,Starkes Baumholz_6,0,1,0.58,not_young,1143.3,Schüpfheim
5161,5650,4,0,0,0,3,4,3,ds5,,Mittleres Baumholz,Mittleres Baumholz_6,0,1,0.565,not_young,1212.0,Finsterwald b. E.
5162,5261,3,0,0,0,3,4,3,ds5,,Mittleres Baumholz,Mittleres Baumholz_8,0,1,0.526,not_young,1593.9,Finsterwald b. E.
5163,14238,1,0,2,2,1,1,1,ds5,,Mittleres Baumholz,Mittleres Baumholz_6,0,1,1.424,not_young,1330.8,Finsterwald b. E.
5164,12350,3,0,0,0,3,4,3,ds6,,Starkes Baumholz,Starkes Baumholz_6,0,1,1.235,not_young,1269.8,Finsterwald b. E.
5166,51171,3,0,0,0,3,3,3,ds6,,Starkes Baumholz,Starkes Baumholz_6,0,1,5.117,not_young,1212.0,Finsterwald b. E.
5169,7272,2,1,0,1,2,2,2,ds6,,Starkes Baumholz,Starkes Baumholz_6,0,1,0.727,not_young,1365.5,Schüpfheim
5170,6118,2,1,0,1,2,2,1,ds4,,Schwaches Baumholz,Schwaches Baumholz_10,0,1,0.612,not_young,1484.5,Hasle LU
5173,29599,3,0,0,0,3,3,3,ds6,,Starkes Baumholz,Starkes Baumholz_6,0,1,2.96,not_young,1256.7,Hasle LU
5174,7350,2,1,0,1,2,2,1,ds3,,Stangenholz,Stangenholz_10,0,1,0.735,not_young,1494.6,Hasle LU
5175,13840,3,0,0,0,3,3,1,ds5,,Mittleres Baumholz,Mittleres Baumholz_6,0,1,1.384,not_young,1303.5,Finsterwald b. E.
5181,7436,3,0,0,0,3,3,3,ds3,,Stangenholz,Stangenholz_6,0,1,0.744,not_young,1222.4,Hasle LU
5182,21712,2,1,0,1,2,2,2,ds5,,Mittleres Baumholz,Mittleres Baumholz_8,0,1,2.171,not_young,1509.1,Schüpfheim
5183,18496,2,1,0,1,2,2,2,ds6,,Starkes Baumholz,Starkes Baumholz_6,0,1,1.85,not_young,1319.6,Schüpfheim
5184,6889,3,0,0,0,3,3,3,ds5,,Mittleres Baumholz,Mittleres Baumholz_6,0,1,0.689,not_young,1182.6,Hasle LU
5185,56721,4,0,0,0,3,4,3,ds5,,Mittleres Baumholz,Mittleres Baumholz_6,0,1,5.672,not_young,1278.9,Finsterwald b. E.
5188,5036,3,0,0,0,3,3,3,ds5,,Mittleres Baumholz,Mittleres Baumholz_10,0,1,0.504,not_young,1388.3,Schüpfheim
5189,5987,3,0,0,0,3,4,3,ds4,,Schwaches Baumholz,Schwaches Baumholz_8,0,1,0.599,not_young,1661.7,Finsterwald b. E.
5198,5866,4,0,0,0,3,4,3,ds6,,Starkes Baumholz,Starkes Baumholz_13,0,1,0.587,not_young,1145.3,Finsterwald b. E.
5200,6238,1,0,2,2,1,1,1,ds4,,Schwaches Baumholz,Schwaches Baumholz_6,0,1,0.624,not_young,1369.7,Finsterwald b. E.
5201,31900,4,0,0,0,3,4,3,ds4,,Schwaches Baumholz,Schwaches Baumholz_6,0,1,3.19,not_young,1276.5,Finsterwald b. E.
5203,8157,3,0,0,0,3,3,3,ds6,,Starkes Baumholz,Starkes Baumholz_6,0,1,0.816,not_young,1186.6,Schüpfheim
5204,5319,3,0,0,0,3,3,3,ds5,,Mittleres Baumholz,Mittleres Baumholz_6,0,1,0.532,not_young,1233.1,Hasle LU
5205,5450,4,0,0,0,3,4,3,ds4,,Schwaches Baumholz,Schwaches Baumholz_6,0,1,0.545,not_young,1253.0,Finsterwald b. E.
5209,5434,1,1,2,3,1,1,1,ds3,,Stangenholz,Stangenholz_8,0,1,0.543,not_young,1513.5,Finsterwald b. E.
5215,5100,2,1,0,1,2,2,2,ds5,,Mittleres Baumholz,Mittleres Baumholz_6,0,1,0.51,not_young,1296.7,Schüpfheim
5216,7153,1,0,2,2,1,1,1,ds6,,Starkes Baumholz,Starkes Baumholz_6,0,1,0.715,not_young,1337.6,Finsterwald b. E.
5219,12604,3,0,0,0,3,3,3,ds6,,Starkes Baumholz,Starkes Baumholz_6,0,1,1.26,not_young,1194.6,Hasle LU
5220,16128,3,0,0,0,3,3,3,ds6,,Starkes Baumholz,Starkes Baumholz_6,0,1,1.613,not_young,1175.4,Hasle LU
5221,7865,3,0,0,0,3,4,3,ds5,,Mittleres Baumholz,Mittleres Baumholz_13,0,1,0.787,not_young,1169.0,Finsterwald b. E.
5223,13975,3,0,0,0,3,3,3,ds6,,Starkes Baumholz,Starkes Baumholz_6,0,1,1.397,not_young,1226.4,Schüpfheim
5224,6350,4,0,0,0,3,4,3,ds5,,Mittleres Baumholz,Mittleres Baumholz_6,0,1,0.635,not_young,1296.2,Finsterwald b. E.
5225,271629,2,1,0,1,2,2,2,ds6,,Starkes Baumholz,Starkes Baumholz_6,0,1,27.163,not_young,1297.2,Schüpfheim
5227,263979,2,1,0,1,2,2,2,ds6,,Starkes Baumholz,Starkes Baumholz_6,0,1,26.398,not_young,1143.6,Schüpfheim
5230,5361,2,1,0,1,2,2,2,ds1,,Jungwuchs/Dickung,Jungwuchs/Dickung_10,0,1,0.536,young,1391.6,Schüpfheim
5231,7300,3,0,0,0,3,4,3,ds4,,Schwaches Baumholz,Schwaches Baumholz_10,0,1,0.73,not_young,1518.8,Finsterwald b. E.
5233,11300,4,0,0,0,3,4,3,ds2,,Jungwuchs/Dickung,Jungwuchs/Dickung_6,0,1,1.13,young,1372.6,Finsterwald b. E.
5234,6800,4,0,0,0,3,4,3,ds2,,Jungwuchs/Dickung,Jungwuchs/Dickung_6,0,1,0.68,young,1397.4,Finsterwald b. E.
5237,6019,2,1,0,1,2,2,2,ds4,,Schwaches Baumholz,Schwaches Baumholz_10,0,1,0.602,not_young,1429.9,Schüpfheim
5238,18549,3,0,0,0,3,3,3,ds6,,Starkes Baumholz,Starkes Baumholz_6,0,1,1.855,not_young,1212.4,Hasle LU
5239,11834,2,1,0,1,2,2,2,ds5,,Mittleres Baumholz,Mittleres Baumholz_6,0,1,1.183,not_young,1366.1,Hasle LU
5240,7350,3,0,0,0,3,4,3,ds4,,Schwaches Baumholz,Schwaches Baumholz_6,0,1,0.735,not_young,1269.3,Finsterwald b. E.
5241,10100,4,0,0,0,3,4,3,ds3,,Stangenholz,Stangenholz_6,0,1,1.01,not_young,1299.3,Finsterwald b. E.
5242,7942,2,1,0,1,2,2,2,ds5,,Mittleres Baumholz,Mittleres Baumholz_8,0,1,0.794,not_young,1467.2,Schüpfheim
5243,17331,3,0,0,0,3,3,3,ds5,,Mittleres Baumholz,Mittleres Baumholz_6,0,1,1.733,not_young,1168.3,Schüpfheim
5244,30118,3,0,0,0,3,3,3,ds6,,Starkes Baumholz,Starkes Baumholz_6,0,1,3.012,not_young,1168.1,Hasle LU
5245,6381,1,0,2,2,1,1,1,ds4,,Schwaches Baumholz,Schwaches Baumholz_10,0,1,0.638,not_young,1488.3,Finsterwald b. E.
5246,23200,2,1,0,1,2,2,2,ds6,,Starkes Baumholz,Starkes Baumholz_6,0,1,2.32,not_young,1147.8,Schüpfheim
5247,5049,2,1,0,1,2,2,2,ds4,,Schwaches Baumholz,Schwaches Baumholz_10,0,1,0.505,not_young,1409.1,Schüpfheim
5248,5615,3,0,0,0,3,3,3,ds6,,Starkes Baumholz,Starkes Baumholz_6,0,1,0.561,not_young,1239.1,Hasle LU
5249,21656,1,1,2,3,1,1,1,ds5,,Mittleres Baumholz,Mittleres Baumholz_6,0,1,2.166,not_young,1446.5,Hasle LU
5251,8143,3,0,0,0,3,4,3,ds4,,Schwaches Baumholz,Schwaches Baumholz_6,0,1,0.814,not_young,1319.4,Schüpfheim
5252,8400,4,0,0,0,3,4,3,ds2,,Jungwuchs/Dickung,Jungwuchs/Dickung_6,0,1,0.84,young,1304.0,Finsterwald b. E.
5253,5200,3,0,0,0,3,4,3,ds1,,Jungwuchs/Dickung,Jungwuchs/Dickung_6,0,1,0.52,young,1289.2,Finsterwald b. E.
5255,31663,3,0,0,0,3,3,3,ds6,,Starkes Baumholz,Starkes Baumholz_6,0,1,3.166,not_young,1226.1,Hasle LU
5263,5698,3,0,0,0,3,3,3,ds4,,Schwaches Baumholz,Schwaches Baumholz_6,0,1,0.57,not_young,1172.2,Schüpfheim
5264,68600,4,0,0,0,3,4,3,ds5,,Mittleres Baumholz,Mittleres Baumholz_8,0,1,6.86,not_young,1547.3,Finsterwald b. E.
5265,10000,4,0,0,0,3,4,3,ds4,,Schwaches Baumholz,Schwaches Baumholz_6,0,1,1.0,not_young,1351.0,Finsterwald b. E.
5266,9950,3,0,0,0,3,4,3,ds5,,Mittleres Baumholz,Mittleres Baumholz_8,0,1,0.995,not_young,1571.7,Finsterwald b. E.
5267,7433,3,0,0,0,3,3,1,ds6,,Starkes Baumholz,Starkes Baumholz_13,0,1,0.743,not_young,1184.0,Finsterwald b. E.
5268,28488,4,0,0,0,3,4,3,ds4,,Schwaches Baumholz,Schwaches Baumholz_8,0,1,2.849,not_young,1644.9,Finsterwald b. E.
5270,45093,3,0,0,0,3,3,3,ds6,,Starkes Baumholz,Starkes Baumholz_6,0,1,4.509,not_young,1204.4,Schüpfheim
5272,5562,2,1,0,1,2,2,2,ds6,,Starkes Baumholz,Starkes Baumholz_6,0,1,0.556,not_young,987.5,Schüpfheim
5273,7353,4,0,0,0,3,4,3,ds5,,Mittleres Baumholz,Mittleres Baumholz_6,0,1,0.735,not_young,1340.3,Finsterwald b. E.
5275,100008,4,0,0,0,3,4,3,ds6,,Starkes Baumholz,Starkes Baumholz_10,0,1,10.001,not_young,1435.4,Finsterwald b. E.
5280,25082,3,0,0,0,3,3,3,ds6,,Starkes Baumholz,Starkes Baumholz_6,0,1,2.508,not_young,1311.3,Hasle LU
5283,4990,1,0,2,2,1,1,1,ds5,,Mittleres Baumholz,Mittleres Baumholz_6,0,1,0.499,not_young,1182.8,Finsterwald b. E.
5284,20300,3,0,0,0,3,3,3,ds5,,Mittleres Baumholz,Mittleres Baumholz_6,0,1,2.03,not_young,1315.8,Finsterwald b. E.
5287,7026,1,0,2,2,1,1,1,ds5,,Mittleres Baumholz,Mittleres Baumholz_6,0,1,0.703,not_young,1200.1,Finsterwald b. E.
5289,5469,1,0,2,2,1,1,1,ds6,,Starkes Baumholz,Starkes Baumholz_6,0,1,0.547,not_young,1179.3,Finsterwald b. E.
5291,10270,1,1,2,3,1,1,1,ds5,,Mittleres Baumholz,Mittleres Baumholz_10,0,1,1.027,not_young,1475.7,Hasle LU
5292,10413,1,0,2,2,1,1,1,ds5,,Mittleres Baumholz,Mittleres Baumholz_6,0,1,1.041,not_young,1394.7,Finsterwald b. E.
5295,5935,2,1,0,1,2,2,2,ds4,,Schwaches Baumholz,Schwaches Baumholz_6,0,1,0.593,not_young,1351.9,Hasle LU
5296,5028,2,1,0,1,2,2,2,ds3,,Stangenholz,Stangenholz_10,0,1,0.503,not_young,1385.9,Schüpfheim
5297,16020,3,0,0,0,3,3,3,ds6,,Starkes Baumholz,Starkes Baumholz_6,0,1,1.602,not_young,1329.2,Hasle LU
5298,37159,1,1,2,3,1,1,1,ds5,,Mittleres Baumholz,Mittleres Baumholz_10,0,1,3.716,not_young,1479.0,Finsterwald b. E.
5299,13600,4,0,0,0,3,4,3,ds4,,Schwaches Baumholz,Schwaches Baumholz_8,0,1,1.36,not_young,1493.4,Finsterwald b. E.
5302,19381,1,0,2,2,1,1,1,ds5,,Mittleres Baumholz,Mittleres Baumholz_6,0,1,1.938,not_young,1174.1,Finsterwald b. E.
5303,5100,2,1,0,1,2,2,2,ds5,,Mittleres Baumholz,Mittleres Baumholz_6,0,1,0.51,not_young,1257.6,Schüpfheim
5306,33325,1,1,2,3,1,1,1,ds3,,Stangenholz,Stangenholz_8,0,1,3.333,not_young,1534.2,Finsterwald b. E.
5308,6906,2,1,0,1,2,2,2,ds6,,Starkes Baumholz,Starkes Baumholz_6,0,1,0.691,not_young,968.7,Schüpfheim
5309,89716,2,1,0,1,2,2,2,ds6,,Starkes Baumholz,Starkes Baumholz_6,0,1,8.972,not_young,1242.7,Schüpfheim
5311,8250,2,1,0,1,2,2,2,ds6,,Starkes Baumholz,Starkes Baumholz_6,0,1,0.825,not_young,1156.0,Schüpfheim
5312,87999,3,0,0,0,3,4,3,ds6,,Starkes Baumholz,Starkes Baumholz_6,0,1,8.8,not_young,1245.6,Finsterwald b. E.
5313,6250,3,0,0,0,3,3,3,ds3,,Stangenholz,Stangenholz_6,0,1,0.625,not_young,1321.3,Finsterwald b. E.
5315,24050,2,1,0,1,2,2,2,ds4,,Schwaches Baumholz,Schwaches Baumholz_10,0,1,2.405,not_young,1416.0,Schüpfheim
5316,5950,3,0,0,0,3,3,3,ds4,,Schwaches Baumholz,Schwaches Baumholz_6,0,1,0.595,not_young,1315.4,Finsterwald b. E.
5318,5401,1,0,2,2,1,1,1,ds4,,Schwaches Baumholz,Schwaches Baumholz_6,0,1,0.54,not_young,1198.9,Finsterwald b. E.
5319,5059,1,0,2,2,1,1,1,ds3,,Stangenholz,Stangenholz_6,0,1,0.506,not_young,1197.6,Finsterwald b. E.
5320,5147,3,0,0,0,3,3,3,ds4,,Schwaches Baumholz,Schwaches Baumholz_6,0,1,0.515,not_young,1289.8,Finsterwald b. E.
5322,15085,2,1,0,1,2,2,2,ds5,,Mittleres Baumholz,Mittleres Baumholz_6,0,1,1.508,not_young,1421.3,Hasle LU
5323,20135,4,0,0,0,3,4,3,ds6,,Starkes Baumholz,Starkes Baumholz_6,0,1,2.014,not_young,1223.2,Finsterwald b. E.
5324,15184,2,1,0,1,2,2,2,ds5,,Mittleres Baumholz,Mittleres Baumholz_6,0,1,1.518,not_young,1277.6,Schüpfheim
5325,36496,3,0,0,0,3,3,3,ds6,,Starkes Baumholz,Starkes Baumholz_6,0,1,3.65,not_young,1181.7,Hasle LU
5326,14173,2,1,0,1,2,2,2,ds5,,Mittleres Baumholz,Mittleres Baumholz_6,0,1,1.417,not_young,1387.2,Hasle LU
5327,8533,3,0,0,0,3,4,3,ds4,,Schwaches Baumholz,Schwaches Baumholz_6,0,1,0.853,not_young,1224.1,Finsterwald b. E.
5328,5274,4,0,0,0,3,4,3,ds6,,Starkes Baumholz,Starkes Baumholz_10,0,1,0.527,not_young,1395.7,Finsterwald b. E.
5331,9762,3,0,0,0,3,3,3,ds5,,Mittleres Baumholz,Mittleres Baumholz_6,0,1,0.976,not_young,1264.5,Schüpfheim
5332,5200,3,0,0,0,3,4,3,ds6,,Starkes Baumholz,Starkes Baumholz_10,0,1,0.52,not_young,1454.3,Finsterwald b. E.
5333,19543,1,0,2,2,1,1,1,ds6,,Starkes Baumholz,Starkes Baumholz_6,0,1,1.954,not_young,1327.9,Finsterwald b. E.
5334,9521,2,1,0,1,2,2,2,ds4,,Schwaches Baumholz,Schwaches Baumholz_6,0,1,0.952,not_young,1422.5,Hasle LU
5335,7417,4,0,0,0,3,4,3,ds1,,Jungwuchs/Dickung,Jungwuchs/Dickung_6,0,1,0.742,young,1369.4,Finsterwald b. E.
5338,12363,3,0,0,0,3,3,3,ds5,,Mittleres Baumholz,Mittleres Baumholz_6,0,1,1.236,not_young,1322.6,Hasle LU
5339,7350,3,0,0,0,3,3,3,ds2,,Jungwuchs/Dickung,Jungwuchs/Dickung_6,0,1,0.735,young,1352.3,Finsterwald b. E.
5342,10000,3,0,0,0,3,3,3,ds5,,Mittleres Baumholz,Mittleres Baumholz_6,0,1,1.0,not_young,1334.3,Finsterwald b. E.
5343,11776,3,0,0,0,3,4,3,ds3,,Stangenholz,Stangenholz_8,0,1,1.178,not_young,1682.8,Finsterwald b. E.
5346,6853,1,1,2,3,1,1,1,ds4,,Schwaches Baumholz,Schwaches Baumholz_10,0,1,0.685,not_young,1505.0,Finsterwald b. E.
5349,22556,2,1,0,1,2,2,1,ds5,,Mittleres Baumholz,Mittleres Baumholz_6,0,1,2.256,not_young,1404.4,Hasle LU
5350,8850,2,1,0,1,2,2,2,ds5,,Mittleres Baumholz,Mittleres Baumholz_6,0,1,0.885,not_young,1290.8,Schüpfheim
5352,19972,2,1,0,1,2,2,2,ds5,,Mittleres Baumholz,Mittleres Baumholz_6,0,1,1.997,not_young,1359.8,Schüpfheim
5353,6385,2,1,0,1,2,2,2,ds5,,Mittleres Baumholz,Mittleres Baumholz_6,0,1,0.638,not_young,1338.8,Schüpfheim
5354,5050,1,1,2,3,1,1,1,ds3,,Stangenholz,Stangenholz_8,0,1,0.505,not_young,1492.7,Finsterwald b. E.
5355,6400,3,0,0,0,3,3,3,ds1,,Jungwuchs/Dickung,Jungwuchs/Dickung_6,0,1,0.64,young,1389.0,Finsterwald b. E.
5357,5679,2,1,0,1,2,2,2,ds6,,Starkes Baumholz,Starkes Baumholz_6,0,1,0.568,not_young,1263.4,Schüpfheim
5358,19443,1,1,2,3,1,1,1,ds4,,Schwaches Baumholz,Schwaches Baumholz_6,0,1,1.944,not_young,1401.3,Finsterwald b. E.
5360,5066,2,1,0,1,2,2,2,ds5,,Mittleres Baumholz,Mittleres Baumholz_6,0,1,0.507,not_young,1260.2,Schüpfheim
5362,7225,2,1,0,1,2,2,2,ds1,,Jungwuchs/Dickung,Jungwuchs/Dickung_6,0,1,0.722,young,1374.6,Hasle LU
5364,9297,2,1,0,1,2,2,2,ds5,,Mittleres Baumholz,Mittleres Baumholz_6,0,1,0.93,not_young,1367.4,Schüpfheim
5365,7781,2,1,0,1,2,2,2,ds1,,Jungwuchs/Dickung,Jungwuchs/Dickung_6,0,1,0.778,young,1404.5,Hasle LU
5366,6946,4,0,0,0,3,4,3,ds4,,Schwaches Baumholz,Schwaches Baumholz_6,0,1,0.695,not_young,1217.4,Finsterwald b. E.
5367,5900,3,0,0,0,3,3,3,ds4,,Schwaches Baumholz,Schwaches Baumholz_6,0,1,0.59,not_young,1359.9,Finsterwald b. E.
5368,6217,2,1,0,1,2,2,2,ds3,,Stangenholz,Stangenholz_6,0,1,0.622,not_young,1271.5,Schüpfheim
5369,4950,3,0,0,0,3,3,3,ds5,,Mittleres Baumholz,Mittleres Baumholz_6,0,1,0.495,not_young,1239.8,Schüpfheim
5370,9675,4,0,0,0,3,4,3,ds6,,Starkes Baumholz,Starkes Baumholz_10,0,1,0.968,not_young,1424.4,Finsterwald b. E.
5373,5775,2,1,0,1,2,2,2,ds4,,Schwaches Baumholz,Schwaches Baumholz_6,0,1,0.577,not_young,1404.6,Schüpfheim
5374,8419,3,0,0,0,3,3,3,ds3,,Stangenholz,Stangenholz_6,0,1,0.842,not_young,1296.3,Finsterwald b. E.
5375,5567,1,0,2,2,1,1,1,ds2,,Jungwuchs/Dickung,Jungwuchs/Dickung_6,0,1,0.557,young,1209.9,Finsterwald b. E.
5376,10050,3,0,0,0,3,3,3,ds2,,Jungwuchs/Dickung,Jungwuchs/Dickung_6,0,1,1.005,young,1374.8,Finsterwald b. E.
5379,10006,1,0,2,2,1,1,1,ds6,,Starkes Baumholz,Starkes Baumholz_6,0,1,1.001,not_young,1233.8,Finsterwald b. E.
5380,17026,1,1,2,3,1,1,1,ds4,,Schwaches Baumholz,Schwaches Baumholz_10,0,1,1.703,not_young,1444.5,Finsterwald b. E.
5381,7777,1,0,2,2,1,1,1,ds5,,Mittleres Baumholz,Mittleres Baumholz_6,0,1,0.778,not_young,1222.9,Finsterwald b. E.
5385,8381,2,1,0,1,2,2,2,ds5,,Mittleres Baumholz,Mittleres Baumholz_6,0,1,0.838,not_young,1304.9,Schüpfheim
5386,6249,2,1,0,1,2,2,2,ds5,,Mittleres Baumholz,Mittleres Baumholz_6,0,1,0.625,not_young,1411.3,Schüpfheim
5387,7900,4,0,0,0,3,4,3,ds5,,Mittleres Baumholz,Mittleres Baumholz_10,0,1,0.79,not_young,1494.8,Finsterwald b. E.
5389,5994,3,0,0,0,3,3,3,ds5,,Mittleres Baumholz,Mittleres Baumholz_6,0,1,0.599,not_young,1254.7,Schüpfheim
5390,9225,1,0,2,2,1,1,1,ds5,,Mittleres Baumholz,Mittleres Baumholz_10,0,1,0.923,not_young,1466.6,Finsterwald b. E.
5391,7150,2,1,0,1,2,2,2,ds6,,Starkes Baumholz,Starkes Baumholz_6,0,1,0.715,not_young,1327.5,Schüpfheim
5392,7537,1,1,2,3,1,1,1,ds3,,Stangenholz,Stangenholz_10,0,1,0.754,not_young,1484.2,Finsterwald b. E.
5393,9800,2,1,0,1,2,2,2,ds6,,Starkes Baumholz,Starkes Baumholz_6,0,1,0.98,not_young,1239.7,Schüpfheim
5394,43322,1,0,2,2,1,1,1,ds6,,Starkes Baumholz,Starkes Baumholz_6,0,1,4.332,not_young,1257.9,Finsterwald b. E.
5395,18150,4,0,0,0,3,4,3,ds6,,Starkes Baumholz,Starkes Baumholz_6,0,1,1.815,not_young,1250.9,Finsterwald b. E.
5397,12426,2,1,0,1,2,2,2,ds2,,Jungwuchs/Dickung,Jungwuchs/Dickung_6,0,1,1.243,young,1294.8,Schüpfheim
5399,9302,3,0,0,0,3,3,3,ds1,,Jungwuchs/Dickung,Jungwuchs/Dickung_6,0,1,0.93,young,1264.8,Finsterwald b. E.
5400,5053,3,0,0,0,3,3,3,ds3,,Stangenholz,Stangenholz_6,0,1,0.505,not_young,1328.7,Finsterwald b. E.
5401,5093,4,0,0,0,3,4,3,ds4,,Schwaches Baumholz,Schwaches Baumholz_8,0,1,0.509,not_young,1544.0,Finsterwald b. E.
5402,18650,4,0,0,0,3,4,3,ds6,,Starkes Baumholz,Starkes Baumholz_10,0,1,1.865,not_young,1453.7,Finsterwald b. E.
5406,10514,3,0,0,0,3,3,1,ds4,,Schwaches Baumholz,Schwaches Baumholz_6,0,1,1.051,not_young,1213.7,Finsterwald b. E.
5407,5514,1,0,2,2,1,1,1,ds4,,Schwaches Baumholz,Schwaches Baumholz_6,0,1,0.551,not_young,1301.8,Finsterwald b. E.
5409,38428,2,1,0,1,2,2,2,ds6,,Starkes Baumholz,Starkes Baumholz_6,0,1,3.843,not_young,1350.9,Schüpfheim
5411,5183,1,1,2,3,1,1,1,ds2,,Jungwuchs/Dickung,Jungwuchs/Dickung_8,0,1,0.518,young,1488.5,Finsterwald b. E.
5412,25888,3,0,0,0,3,3,3,ds6,,Starkes Baumholz,Starkes Baumholz_6,0,1,2.589,not_young,1377.1,Finsterwald b. E.
5418,20450,3,0,0,0,3,3,3,ds6,,Starkes Baumholz,Starkes Baumholz_6,0,1,2.045,not_young,1294.3,Finsterwald b. E.
5419,65351,4,0,0,0,3,4,3,ds4,,Schwaches Baumholz,Schwaches Baumholz_8,0,1,6.535,not_young,1635.1,Finsterwald b. E.
5424,6800,2,1,0,1,2,2,2,ds6,,Starkes Baumholz,Starkes Baumholz_6,0,1,0.68,not_young,1168.5,Schüpfheim
5425,7231,2,1,0,1,2,2,2,ds4,,Schwaches Baumholz,Schwaches Baumholz_6,0,1,0.723,not_young,1258.6,Schüpfheim
5426,59821,3,0,0,0,3,3,3,ds6,,Starkes Baumholz,Starkes Baumholz_6,0,1,5.982,not_young,1264.7,Schüpfheim
5427,5565,3,0,0,0,3,3,3,ds2,,Jungwuchs/Dickung,Jungwuchs/Dickung_6,0,1,0.556,young,1235.4,Schüpfheim
5428,8483,3,0,0,0,3,3,3,ds6,,Starkes Baumholz,Starkes Baumholz_6,0,1,0.848,not_young,1341.5,Finsterwald b. E.
5429,5903,4,0,0,0,3,4,3,ds4,,Schwaches Baumholz,Schwaches Baumholz_8,0,1,0.59,not_young,1604.3,Finsterwald b. E.
5431,29400,2,1,0,1,2,2,2,ds6,,Starkes Baumholz,Starkes Baumholz_6,0,1,2.94,not_young,1161.4,Schüpfheim
5432,10614,1,0,2,2,1,1,1,ds3,,Stangenholz,Stangenholz_10,0,1,1.061,not_young,1486.5,Finsterwald b. E.
5435,6457,1,0,2,2,1,1,1,ds5,,Mittleres Baumholz,Mittleres Baumholz_6,0,1,0.646,not_young,1356.7,Finsterwald b. E.
5437,45052,2,1,0,1,2,2,2,ds6,,Starkes Baumholz,Starkes Baumholz_6,0,1,4.505,not_young,1288.2,Schüpfheim
5438,11926,1,0,2,2,1,1,1,ds4,,Schwaches Baumholz,Schwaches Baumholz_6,0,1,1.193,not_young,1279.3,Finsterwald b. E.
5439,123353,3,0,0,0,3,4,3,ds6,,Starkes Baumholz,Starkes Baumholz_10,0,1,12.335,not_young,1478.7,Finsterwald b. E.
5440,51999,3,0,0,0,3,3,3,ds6,,Starkes Baumholz,Starkes Baumholz_6,0,1,5.2,not_young,1227.5,Schüpfheim
5442,5985,3,0,0,0,3,4,3,ds5,,Mittleres Baumholz,Mittleres Baumholz_6,0,1,0.598,not_young,1264.2,Schüpfheim
5443,7600,2,1,0,1,2,2,2,ds5,,Mittleres Baumholz,Mittleres Baumholz_6,0,1,0.76,not_young,1108.5,Schüpfheim
5444,7702,3,0,0,0,3,3,3,ds4,,Schwaches Baumholz,Schwaches Baumholz_6,0,1,0.77,not_young,1242.5,Finsterwald b. E.
5445,6224,2,1,0,1,2,2,2,ds6,,Starkes Baumholz,Starkes Baumholz_6,0,1,0.622,not_young,1334.9,Schüpfheim
5447,23984,2,1,0,1,2,2,2,ds5,,Mittleres Baumholz,Mittleres Baumholz_6,0,1,2.398,not_young,1282.3,Schüpfheim
5450,5589,2,1,0,1,2,2,2,ds3,,Stangenholz,Stangenholz_13,0,1,0.559,not_young,954.7,Escholzmatt
5451,4970,2,1,0,1,2,2,2,ds5,,Mittleres Baumholz,Mittleres Baumholz_13,0,1,0.497,not_young,960.8,Escholzmatt
5453,12237,1,0,2,2,1,1,1,ds5,,Mittleres Baumholz,Mittleres Baumholz_6,0,1,1.224,not_young,1333.0,Finsterwald b. E.
5456,16546,1,0,2,2,1,1,1,ds5,,Mittleres Baumholz,Mittleres Baumholz_6,0,1,1.655,not_young,1298.9,Finsterwald b. E.
5463,5662,2,1,0,1,2,2,2,ds2,,Jungwuchs/Dickung,Jungwuchs/Dickung_6,0,1,0.566,young,1269.1,Schüpfheim
5467,5916,1,0,2,2,1,1,1,ds3,,Stangenholz,Stangenholz_6,0,1,0.592,not_young,1290.9,Finsterwald b. E.
5468,11744,1,0,2,2,1,1,1,ds4,,Schwaches Baumholz,Schwaches Baumholz_6,0,1,1.174,not_young,1339.5,Finsterwald b. E.
5469,8844,3,0,0,0,3,3,3,ds6,,Starkes Baumholz,Starkes Baumholz_6,0,1,0.884,not_young,1307.5,Finsterwald b. E.
5473,101869,2,1,0,1,2,2,2,ds6,,Starkes Baumholz,Starkes Baumholz_6,0,1,10.187,not_young,1022.1,Schüpfheim
5474,13908,2,1,0,1,2,2,2,ds5,,Mittleres Baumholz,Mittleres Baumholz_6,0,1,1.391,not_young,1218.6,Schüpfheim
5475,15455,4,0,0,0,3,4,3,ds3,,Stangenholz,Stangenholz_8,0,1,1.546,not_young,1673.3,Finsterwald b. E.
5479,8284,2,1,0,1,2,2,2,ds5,,Mittleres Baumholz,Mittleres Baumholz_6,0,1,0.828,not_young,1044.5,Schüpfheim
5480,5673,2,1,0,1,2,2,2,ds5,,Mittleres Baumholz,Mittleres Baumholz_6,0,1,0.567,not_young,1284.4,Schüpfheim
5481,25959,1,0,2,2,1,1,1,ds5,,Mittleres Baumholz,Mittleres Baumholz_6,0,1,2.596,not_young,1330.9,Finsterwald b. E.
5482,7799,2,1,0,1,2,2,2,ds6,,Starkes Baumholz,Starkes Baumholz_6,0,1,0.78,not_young,1065.7,Schüpfheim
5483,6220,3,0,0,0,3,3,1,ds3,,Stangenholz,Stangenholz_6,0,1,0.622,not_young,1350.5,Finsterwald b. E.
5488,6130,4,0,0,0,3,4,3,ds2,,Jungwuchs/Dickung,Jungwuchs/Dickung_6,0,1,0.613,young,1246.3,Schüpfheim
5489,5212,1,0,2,2,1,1,1,ds5,,Mittleres Baumholz,Mittleres Baumholz_6,0,1,0.521,not_young,1362.2,Finsterwald b. E.
5490,4971,2,1,0,1,2,2,2,ds4,,Schwaches Baumholz,Schwaches Baumholz_8,0,1,0.497,not_young,1504.6,Schüpfheim
5496,5200,1,0,2,2,1,1,1,ds5,,Mittleres Baumholz,Mittleres Baumholz_6,0,1,0.52,not_young,1278.1,Finsterwald b. E.
5497,5675,1,0,2,2,1,1,1,ds2,,Jungwuchs/Dickung,Jungwuchs/Dickung_6,0,1,0.568,young,1343.1,Finsterwald b. E.
5500,12973,2,1,0,1,2,2,2,ds6,,Starkes Baumholz,Starkes Baumholz_6,0,1,1.297,not_young,1074.5,Schüpfheim
5501,6308,1,0,2,2,1,1,1,ds5,,Mittleres Baumholz,Mittleres Baumholz_6,0,1,0.631,not_young,1384.1,Finsterwald b. E.
5502,6629,1,0,2,2,1,1,1,ds3,,Stangenholz,Stangenholz_6,0,1,0.663,not_young,1269.8,Finsterwald b. E.
5503,5043,1,0,2,2,1,1,1,ds4,,Schwaches Baumholz,Schwaches Baumholz_6,0,1,0.504,not_young,1373.7,Finsterwald b. E.
5504,7531,2,1,0,1,2,2,2,ds5,,Mittleres Baumholz,Mittleres Baumholz_6,0,1,0.753,not_young,1247.4,Schüpfheim
5505,7952,1,0,2,2,1,1,1,ds5,,Mittleres Baumholz,Mittleres Baumholz_10,0,1,0.795,not_young,1475.6,Finsterwald b. E.
5506,20345,3,0,0,0,3,3,3,ds6,,Starkes Baumholz,Starkes Baumholz_6,0,1,2.034,not_young,1350.2,Finsterwald b. E.
5507,6412,4,0,0,0,3,4,3,ds2,,Jungwuchs/Dickung,Jungwuchs/Dickung_5,0,1,0.641,young,1709.8,Finsterwald b. E.
5511,12015,2,1,0,1,2,2,2,ds6,,Starkes Baumholz,Starkes Baumholz_6,0,1,1.201,not_young,1362.5,Schüpfheim
5512,10345,3,0,0,0,3,3,1,ds5,,Mittleres Baumholz,Mittleres Baumholz_6,0,1,1.035,not_young,1264.1,Finsterwald b. E.
5513,9774,4,0,0,0,3,4,3,ds5,,Mittleres Baumholz,Mittleres Baumholz_6,0,1,0.977,not_young,1269.1,Finsterwald b. E.
5519,9069,3,0,0,0,3,3,3,ds6,,Starkes Baumholz,Starkes Baumholz_6,0,1,0.907,not_young,1371.4,Finsterwald b. E.
5521,7387,1,0,2,2,1,1,1,ds2,,Jungwuchs/Dickung,Jungwuchs/Dickung_6,0,1,0.739,young,1386.4,Finsterwald b. E.
5523,58797,3,0,0,0,3,4,3,ds6,,Starkes Baumholz,Starkes Baumholz_13,0,1,5.88,not_young,968.8,Schüpfheim
5524,11850,4,0,0,0,3,4,3,ds3,,Stangenholz,Stangenholz_8,0,1,1.185,not_young,1657.4,Finsterwald b. E.
5527,8349,2,1,0,1,2,2,2,ds2,,Jungwuchs/Dickung,Jungwuchs/Dickung_6,0,1,0.835,young,1272.5,Schüpfheim
5528,10510,2,1,0,1,2,2,2,ds5,,Mittleres Baumholz,Mittleres Baumholz_6,0,1,1.051,not_young,1285.6,Schüpfheim
5529,5250,1,0,2,2,1,1,1,ds6,,Starkes Baumholz,Starkes Baumholz_6,0,1,0.525,not_young,1331.9,Finsterwald b. E.
5531,7610,2,1,0,1,2,2,2,ds5,,Mittleres Baumholz,Mittleres Baumholz_10,0,1,0.761,not_young,1380.2,Schüpfheim
5532,30084,2,1,0,1,2,2,2,ds6,,Starkes Baumholz,Starkes Baumholz_13,0,1,3.008,not_young,1018.6,Schüpfheim
5533,9495,1,0,2,2,1,1,1,ds6,,Starkes Baumholz,Starkes Baumholz_6,0,1,0.949,not_young,1301.8,Finsterwald b. E.
5536,15604,2,1,0,1,2,2,2,ds5,,Mittleres Baumholz,Mittleres Baumholz_6,0,1,1.56,not_young,1148.7,Schüpfheim
5537,5008,1,0,2,2,1,1,1,ds6,,Starkes Baumholz,Starkes Baumholz_6,0,1,0.501,not_young,1329.4,Finsterwald b. E.
5538,7300,3,0,0,0,3,3,3,ds4,,Schwaches Baumholz,Schwaches Baumholz_10,0,1,0.73,not_young,1469.4,Finsterwald b. E.
5543,5062,2,1,0,1,2,2,2,ds4,,Schwaches Baumholz,Schwaches Baumholz_8,0,1,0.506,not_young,1520.7,Schüpfheim
5544,7211,3,0,0,0,3,3,1,ds3,,Stangenholz,Stangenholz_6,0,1,0.721,not_young,1235.3,Finsterwald b. E.
5545,6567,2,1,0,1,2,2,2,ds5,,Mittleres Baumholz,Mittleres Baumholz_6,0,1,0.657,not_young,1417.1,Schüpfheim
5547,6145,4,0,0,0,3,4,3,ds6,,Starkes Baumholz,Starkes Baumholz_13,0,1,0.614,not_young,950.9,Schüpfheim
5550,10450,1,0,2,2,1,1,1,ds3,,Stangenholz,Stangenholz_6,0,1,1.045,not_young,1336.4,Finsterwald b. E.
5551,5500,1,0,2,2,1,1,1,ds6,,Starkes Baumholz,Starkes Baumholz_6,0,1,0.55,not_young,1385.6,Finsterwald b. E.
5552,8615,3,0,0,0,3,3,3,ds2,,Jungwuchs/Dickung,Jungwuchs/Dickung_6,0,1,0.862,young,1322.6,Finsterwald b. E.
5553,5896,2,1,0,1,2,2,2,ds5,,Mittleres Baumholz,Mittleres Baumholz_6,0,1,0.59,not_young,1030.4,Schüpfheim
5554,13757,3,0,0,0,3,4,3,ds6,,Starkes Baumholz,Starkes Baumholz_6,0,1,1.376,not_young,1045.9,Schüpfheim
5555,12919,2,1,0,1,2,2,2,ds5,,Mittleres Baumholz,Mittleres Baumholz_6,0,1,1.292,not_young,1162.6,Schüpfheim
5556,10278,2,1,0,1,2,2,2,ds2,,Jungwuchs/Dickung,Jungwuchs/Dickung_6,0,1,1.028,young,1270.1,Schüpfheim
5557,6302,3,0,0,0,3,3,3,ds4,,Schwaches Baumholz,Schwaches Baumholz_6,0,1,0.63,not_young,1334.8,Schüpfheim
5563,55085,3,0,0,0,3,4,3,ds4,,Schwaches Baumholz,Schwaches Baumholz_8,0,1,5.509,not_young,1580.8,Finsterwald b. E.
5564,5074,2,1,0,1,2,2,2,ds4,,Schwaches Baumholz,Schwaches Baumholz_6,0,1,0.507,not_young,1040.0,Escholzmatt
5565,10975,4,0,0,0,3,4,3,ds1,,Jungwuchs/Dickung,Jungwuchs/Dickung_8,0,1,1.098,young,1653.9,Finsterwald b. E.
5566,22344,1,0,2,2,1,1,1,ds2,,Jungwuchs/Dickung,Jungwuchs/Dickung_6,0,1,2.234,young,1394.3,Finsterwald b. E.
5567,35891,1,0,2,2,1,1,1,ds6,,Starkes Baumholz,Starkes Baumholz_6,0,1,3.589,not_young,1280.5,Finsterwald b. E.
5568,27930,4,0,0,0,3,4,3,ds6,,Starkes Baumholz,Starkes Baumholz_13,0,1,2.793,not_young,945.0,Schüpfheim
5571,7360,2,1,0,1,2,2,2,ds6,,Starkes Baumholz,Starkes Baumholz_6,0,1,0.736,not_young,1199.1,Schüpfheim
5572,6419,2,1,0,1,2,2,2,ds5,,Mittleres Baumholz,Mittleres Baumholz_6,0,1,0.642,not_young,1394.1,Schüpfheim
5577,7157,1,0,2,2,1,1,1,ds5,,Mittleres Baumholz,Mittleres Baumholz_6,0,1,0.716,not_young,1295.2,Finsterwald b. E.
5579,18510,4,0,0,0,3,4,3,ds6,,Starkes Baumholz,Starkes Baumholz_6,0,1,1.851,not_young,977.0,Schüpfheim
5581,9950,1,0,2,2,1,1,1,ds4,,Schwaches Baumholz,Schwaches Baumholz_6,0,1,0.995,not_young,1376.3,Finsterwald b. E.
5582,6077,1,0,2,2,1,1,1,ds5,,Mittleres Baumholz,Mittleres Baumholz_6,0,1,0.608,not_young,1403.0,Finsterwald b. E.
5585,5500,1,0,2,2,1,1,1,ds6,,Starkes Baumholz,Starkes Baumholz_6,0,1,0.55,not_young,1404.1,Finsterwald b. E.
5588,5222,2,1,0,1,2,2,2,ds4,,Schwaches Baumholz,Schwaches Baumholz_6,0,1,0.522,not_young,1105.1,Schüpfheim
5591,8725,2,1,0,1,2,2,2,ds4,,Schwaches Baumholz,Schwaches Baumholz_6,0,1,0.872,not_young,1035.2,Escholzmatt
5593,8520,2,1,0,1,2,2,2,ds6,,Starkes Baumholz,Starkes Baumholz_6,0,1,0.852,not_young,1049.0,Schüpfheim
5594,5228,2,1,0,1,2,2,2,ds4,,Schwaches Baumholz,Schwaches Baumholz_10,0,1,0.523,not_young,1467.2,Schüpfheim
5598,6501,2,1,0,1,2,2,2,ds6,,Starkes Baumholz,Starkes Baumholz_6,0,1,0.65,not_young,1052.9,Schüpfheim
5599,29439,1,0,2,2,1,1,1,ds6,,Starkes Baumholz,Starkes Baumholz_6,0,1,2.944,not_young,1360.0,Finsterwald b. E.
5600,5546,1,0,2,2,1,1,1,ds6,,Starkes Baumholz,Starkes Baumholz_6,0,1,0.555,not_young,1339.6,Finsterwald b. E.
5602,5134,2,1,0,1,2,2,2,ds3,,Stangenholz,Stangenholz_6,0,1,0.513,not_young,1061.9,Escholzmatt
5603,6375,3,0,0,0,3,3,3,ds4,,Schwaches Baumholz,Schwaches Baumholz_6,0,1,0.638,not_young,1386.3,Schüpfheim
5607,5458,2,1,0,1,2,2,2,ds6,,Starkes Baumholz,Starkes Baumholz_6,0,1,0.546,not_young,1001.4,Schüpfheim
5610,6813,3,0,0,0,3,4,3,ds6,,Starkes Baumholz,Starkes Baumholz_6,0,1,0.681,not_young,1291.2,Schüpfheim
5611,5730,2,1,0,1,2,2,2,ds5,,Mittleres Baumholz,Mittleres Baumholz_6,0,1,0.573,not_young,1331.3,Schüpfheim
5612,6865,1,0,2,2,1,1,1,ds3,,Stangenholz,Stangenholz_8,0,1,0.686,not_young,1719.0,Finsterwald b. E.
5614,7183,2,1,0,1,2,2,2,ds6,,Starkes Baumholz,Starkes Baumholz_6,0,1,0.718,not_young,1073.8,Schüpfheim
5617,17000,4,0,0,0,3,4,3,ds6,,Starkes Baumholz,Starkes Baumholz_6,0,1,1.7,not_young,1061.7,Schüpfheim
5619,6900,3,0,0,0,3,4,3,ds6,,Starkes Baumholz,Starkes Baumholz_6,0,1,0.69,not_young,1098.7,Schüpfheim
5620,10606,3,0,0,0,3,4,3,ds5,,Mittleres Baumholz,Mittleres Baumholz_6,0,1,1.061,not_young,1241.8,Schüpfheim
5621,28043,3,0,0,0,3,3,3,ds4,,Schwaches Baumholz,Schwaches Baumholz_8,0,1,2.804,not_young,1603.5,Finsterwald b. E.
5625,5125,1,0,2,2,1,1,1,ds4,,Schwaches Baumholz,Schwaches Baumholz_10,0,1,0.513,not_young,1515.6,Finsterwald b. E.
5626,6150,2,1,0,1,2,2,2,ds6,,Starkes Baumholz,Starkes Baumholz_6,0,1,0.615,not_young,1130.4,Schüpfheim
5627,5067,3,0,0,0,3,3,3,ds4,,Schwaches Baumholz,Schwaches Baumholz_6,0,1,0.507,not_young,1341.7,Schüpfheim
5630,14054,4,0,0,0,3,4,3,ds6,,Starkes Baumholz,Starkes Baumholz_6,0,1,1.405,not_young,1077.8,Schüpfheim
5631,8765,1,0,2,2,1,1,1,ds5,,Mittleres Baumholz,Mittleres Baumholz_6,0,1,0.876,not_young,1415.1,Finsterwald b. E.
5632,24450,1,0,2,2,1,1,1,ds6,,Starkes Baumholz,Starkes Baumholz_10,0,1,2.445,not_young,1443.8,Finsterwald b. E.
5633,5100,1,0,2,2,1,1,1,ds4,,Schwaches Baumholz,Schwaches Baumholz_10,0,1,0.51,not_young,1510.7,Finsterwald b. E.
5636,43131,2,1,0,1,2,2,2,ds6,,Starkes Baumholz,Starkes Baumholz_6,0,1,4.313,not_young,1070.3,Schüpfheim
5637,5036,1,0,2,2,1,1,1,ds5,,Mittleres Baumholz,Mittleres Baumholz_6,0,1,0.504,not_young,1326.4,Finsterwald b. E.
5639,25540,1,0,2,2,1,1,1,ds5,,Mittleres Baumholz,Mittleres Baumholz_10,0,1,2.554,not_young,1504.2,Finsterwald b. E.
5643,38386,2,1,0,1,2,2,2,ds6,,Starkes Baumholz,Starkes Baumholz_6,0,1,3.839,not_young,1330.6,Schüpfheim
5646,7049,1,0,2,2,1,1,1,ds3,,Stangenholz,Stangenholz_6,0,1,0.705,not_young,1391.2,Finsterwald b. E.
5648,4996,3,0,0,0,3,3,3,ds4,,Schwaches Baumholz,Schwaches Baumholz_6,0,1,0.5,not_young,1418.7,Schüpfheim
5650,5521,2,1,0,1,2,2,2,ds6,,Starkes Baumholz,Starkes Baumholz_6,0,1,0.552,not_young,1022.5,Schüpfheim
5651,5047,1,0,2,2,1,1,1,ds5,,Mittleres Baumholz,Mittleres Baumholz_6,0,1,0.505,not_young,1366.2,Finsterwald b. E.
5654,5312,1,0,2,2,1,1,1,ds4,,Schwaches Baumholz,Schwaches Baumholz_10,0,1,0.531,not_young,1541.9,Finsterwald b. E.
5655,79606,3,0,0,0,3,3,3,ds5,,Mittleres Baumholz,Mittleres Baumholz_10,0,1,7.961,not_young,1442.4,Finsterwald b. E.
5660,5899,1,0,2,2,1,1,1,ds5,,Mittleres Baumholz,Mittleres Baumholz_8,0,1,0.59,not_young,1519.7,Finsterwald b. E.
5661,25109,1,0,2,2,1,1,1,ds5,,Mittleres Baumholz,Mittleres Baumholz_6,0,1,2.511,not_young,1373.5,Finsterwald b. E.
5663,5417,3,0,0,0,3,3,3,ds3,,Stangenholz,Stangenholz_8,0,1,0.542,not_young,1659.6,Finsterwald b. E.
5664,18141,3,0,0,0,3,4,3,ds6,,Starkes Baumholz,Starkes Baumholz_6,0,1,1.814,not_young,1211.2,Schüpfheim
5665,10086,1,0,2,2,1,1,1,ds4,,Schwaches Baumholz,Schwaches Baumholz_6,0,1,1.009,not_young,1413.8,Finsterwald b. E.
5671,17112,3,0,0,0,3,3,3,ds4,,Schwaches Baumholz,Schwaches Baumholz_6,0,1,1.711,not_young,1382.6,Schüpfheim
5674,9472,4,0,0,0,3,4,3,ds5,,Mittleres Baumholz,Mittleres Baumholz_6,0,1,0.947,not_young,1268.0,Escholzmatt
5680,22442,3,0,0,0,3,3,3,ds4,,Schwaches Baumholz,Schwaches Baumholz_10,0,1,2.244,not_young,1463.0,Finsterwald b. E.
5683,9983,4,0,0,0,3,4,3,ds5,,Mittleres Baumholz,Mittleres Baumholz_6,0,1,0.998,not_young,1228.6,Escholzmatt
5686,7882,2,1,0,1,2,2,2,ds6,,Starkes Baumholz,Starkes Baumholz_6,0,1,0.788,not_young,1160.8,Schüpfheim
5687,45633,2,1,0,1,2,2,2,ds6,,Starkes Baumholz,Starkes Baumholz_6,0,1,4.563,not_young,1167.2,Schüpfheim
5688,5446,4,0,0,0,3,4,3,ds3,,Stangenholz,Stangenholz_6,0,1,0.545,not_young,1211.1,Schüpfheim
5692,6056,1,0,2,2,1,1,1,ds4,,Schwaches Baumholz,Schwaches Baumholz_6,0,1,0.606,not_young,1425.0,Finsterwald b. E.
5696,8273,3,0,0,0,3,3,3,ds6,,Starkes Baumholz,Starkes Baumholz_6,0,1,0.827,not_young,1227.0,Schüpfheim
5697,5799,1,0,2,2,1,1,1,ds2,,Jungwuchs/Dickung,Jungwuchs/Dickung_5,0,1,0.58,young,1733.8,Finsterwald b. E.
5698,44374,3,0,0,0,3,3,3,ds4,,Schwaches Baumholz,Schwaches Baumholz_8,0,1,4.437,not_young,1616.2,Finsterwald b. E.
5700,6667,1,0,2,2,1,1,1,ds4,,Schwaches Baumholz,Schwaches Baumholz_6,0,1,0.667,not_young,1416.3,Finsterwald b. E.
5705,11023,1,0,2,2,1,1,1,ds4,,Schwaches Baumholz,Schwaches Baumholz_6,0,1,1.102,not_young,1394.5,Finsterwald b. E.
5706,13249,1,0,2,2,1,1,1,ds5,,Mittleres Baumholz,Mittleres Baumholz_6,0,1,1.325,not_young,1406.0,Finsterwald b. E.
5707,32283,1,0,2,2,1,1,1,ds5,,Mittleres Baumholz,Mittleres Baumholz_8,0,1,3.228,not_young,1573.8,Finsterwald b. E.
5709,16988,4,0,0,0,3,4,3,ds6,,Starkes Baumholz,Starkes Baumholz_6,0,1,1.699,not_young,1249.1,Schüpfheim
5712,5507,4,0,0,0,3,4,3,ds6,,Starkes Baumholz,Starkes Baumholz_13,0,1,0.551,not_young,1017.3,Escholzmatt
5713,106116,2,1,0,1,2,2,2,ds6,,Starkes Baumholz,Starkes Baumholz_6,0,1,10.612,not_young,1187.1,Schüpfheim
5721,12263,1,0,2,2,1,1,1,ds3,,Stangenholz,Stangenholz_6,0,1,1.226,not_young,1403.5,Finsterwald b. E.
5724,15263,2,1,0,1,2,2,2,ds5,,Mittleres Baumholz,Mittleres Baumholz_6,0,1,1.526,not_young,1374.2,Escholzmatt
5725,22391,1,0,2,2,1,1,1,ds5,,Mittleres Baumholz,Mittleres Baumholz_6,0,1,2.239,not_young,1419.8,Finsterwald b. E.
5726,12712,3,0,0,0,3,3,3,ds4,,Schwaches Baumholz,Schwaches Baumholz_10,0,1,1.271,not_young,1441.1,Finsterwald b. E.
5729,7308,3,0,0,0,3,4,3,ds5,,Mittleres Baumholz,Mittleres Baumholz_6,0,1,0.731,not_young,1134.8,Escholzmatt
5730,30000,1,0,2,2,1,1,1,ds5,,Mittleres Baumholz,Mittleres Baumholz_8,0,1,3.0,not_young,1548.0,Finsterwald b. E.
5733,16467,1,0,2,2,1,1,1,ds4,,Schwaches Baumholz,Schwaches Baumholz_10,0,1,1.647,not_young,1560.2,Finsterwald b. E.
5734,10440,4,0,0,0,3,4,3,ds6,,Starkes Baumholz,Starkes Baumholz_6,0,1,1.044,not_young,1042.6,Escholzmatt
5737,12157,1,0,2,2,1,1,1,ds4,,Schwaches Baumholz,Schwaches Baumholz_6,0,1,1.216,not_young,1329.7,Finsterwald b. E.
5739,7734,1,0,2,2,1,1,1,ds3,,Stangenholz,Stangenholz_8,0,1,0.773,not_young,1728.1,Finsterwald b. E.
5741,7950,4,0,0,0,3,4,3,ds6,,Starkes Baumholz,Starkes Baumholz_13,0,1,0.795,not_young,981.5,Escholzmatt
5742,5629,1,0,2,2,1,1,1,ds5,,Mittleres Baumholz,Mittleres Baumholz_8,0,1,0.563,not_young,1499.9,Finsterwald b. E.
5745,6450,1,0,2,2,1,1,1,ds4,,Schwaches Baumholz,Schwaches Baumholz_6,0,1,0.645,not_young,1409.5,Finsterwald b. E.
5746,5123,4,0,0,0,3,4,3,ds5,,Mittleres Baumholz,Mittleres Baumholz_6,0,1,0.512,not_young,1077.9,Escholzmatt
5747,5990,4,0,0,0,3,4,3,ds5,,Mittleres Baumholz,Mittleres Baumholz_6,0,1,0.599,not_young,1374.3,Schüpfheim
5752,43211,3,0,0,0,3,3,1,ds6,,Starkes Baumholz,Starkes Baumholz_6,0,1,4.321,not_young,1333.6,Finsterwald b. E.
5754,7884,1,0,2,2,1,1,1,ds3,,Stangenholz,Stangenholz_6,0,1,0.788,not_young,1428.8,Finsterwald b. E.
5756,6110,1,0,2,2,1,1,1,ds4,,Schwaches Baumholz,Schwaches Baumholz_10,0,1,0.611,not_young,1467.3,Finsterwald b. E.
5759,19350,2,1,0,1,2,2,2,ds6,,Starkes Baumholz,Starkes Baumholz_6,0,1,1.935,not_young,1081.4,Schüpfheim
5760,5952,1,0,2,2,1,1,1,ds1,,Jungwuchs/Dickung,Jungwuchs/Dickung_8,0,1,0.595,young,1632.4,Finsterwald b. E.
5761,22442,1,0,2,2,1,1,1,ds5,,Mittleres Baumholz,Mittleres Baumholz_8,0,1,2.244,not_young,1579.9,Finsterwald b. E.
5762,5050,1,0,2,2,1,1,1,ds3,,Stangenholz,Stangenholz_8,0,1,0.505,not_young,1443.2,Finsterwald b. E.
5763,6322,1,0,2,2,1,1,1,ds4,,Schwaches Baumholz,Schwaches Baumholz_8,0,1,0.632,not_young,1448.6,Finsterwald b. E.
5764,47106,3,0,0,0,3,4,3,ds6,,Starkes Baumholz,Starkes Baumholz_6,0,1,4.711,not_young,1184.9,Schüpfheim
5767,15918,2,1,0,1,2,2,2,ds6,,Starkes Baumholz,Starkes Baumholz_13,0,1,1.592,not_young,987.1,Escholzmatt
5768,18025,4,0,0,0,3,4,3,ds6,,Starkes Baumholz,Starkes Baumholz_6,0,1,1.803,not_young,1122.7,Escholzmatt
5769,10403,4,0,0,0,3,4,3,ds6,,Starkes Baumholz,Starkes Baumholz_6,0,1,1.04,not_young,1148.6,Escholzmatt
5770,9905,1,0,2,2,1,1,1,ds5,,Mittleres Baumholz,Mittleres Baumholz_8,0,1,0.991,not_young,1548.6,Finsterwald b. E.
5771,81373,3,0,0,0,3,3,3,ds5,,Mittleres Baumholz,Mittleres Baumholz_10,0,1,8.137,not_young,1522.3,Finsterwald b. E.
5772,46092,1,0,2,2,1,1,1,ds5,,Mittleres Baumholz,Mittleres Baumholz_6,0,1,4.609,not_young,1431.5,Finsterwald b. E.
5773,17336,1,0,2,2,1,1,1,ds4,,Schwaches Baumholz,Schwaches Baumholz_8,0,1,1.734,not_young,1576.1,Finsterwald b. E.
5774,161800,2,1,0,1,2,2,2,ds6,,Starkes Baumholz,Starkes Baumholz_6,0,1,16.18,not_young,1000.8,Schüpfheim
5775,7035,1,0,2,2,1,1,1,ds4,,Schwaches Baumholz,Schwaches Baumholz_8,0,1,0.703,not_young,1530.1,Finsterwald b. E.
5776,15762,3,0,0,0,3,3,3,ds5,,Mittleres Baumholz,Mittleres Baumholz_6,0,1,1.576,not_young,1309.5,Finsterwald b. E.
5777,167963,2,1,0,1,2,2,2,ds6,,Starkes Baumholz,Starkes Baumholz_6,0,1,16.796,not_young,1225.8,Schüpfheim
5780,9150,2,1,0,1,2,2,2,ds6,,Starkes Baumholz,Starkes Baumholz_6,0,1,0.915,not_young,977.8,Schüpfheim
5781,5070,1,0,2,2,1,1,1,ds3,,Stangenholz,Stangenholz_10,0,1,0.507,not_young,1431.9,Finsterwald b. E.
5782,5438,4,0,0,0,3,4,3,ds3,,Stangenholz,Stangenholz_6,0,1,0.544,not_young,1266.9,Schüpfheim
5783,6800,1,0,2,2,1,1,1,ds3,,Stangenholz,Stangenholz_8,0,1,0.68,not_young,1448.3,Finsterwald b. E.
5784,7840,1,0,2,2,1,1,1,ds5,,Mittleres Baumholz,Mittleres Baumholz_6,0,1,0.784,not_young,1345.9,Finsterwald b. E.
5787,11258,1,0,2,2,1,1,1,ds4,,Schwaches Baumholz,Schwaches Baumholz_8,0,1,1.126,not_young,1587.7,Finsterwald b. E.
5788,7995,1,0,2,2,1,1,1,ds2,,Jungwuchs/Dickung,Jungwuchs/Dickung_8,0,1,0.8,young,1459.4,Finsterwald b. E.
5790,18400,3,0,0,0,3,3,3,ds5,,Mittleres Baumholz,Mittleres Baumholz_10,0,1,1.84,not_young,1500.9,Finsterwald b. E.
5794,5467,1,0,2,2,1,1,1,ds3,,Stangenholz,Stangenholz_6,0,1,0.547,not_young,1347.0,Finsterwald b. E.
5795,5786,1,0,2,2,1,1,1,ds3,,Stangenholz,Stangenholz_8,0,1,0.579,not_young,1459.2,Finsterwald b. E.
5796,6418,1,0,2,2,1,1,1,ds4,,Schwaches Baumholz,Schwaches Baumholz_10,0,1,0.642,not_young,1497.0,Finsterwald b. E.
5797,72811,2,1,0,1,2,2,2,ds6,,Starkes Baumholz,Starkes Baumholz_6,0,1,7.281,not_young,1013.9,Flühli LU
5798,49695,2,1,0,1,2,2,2,ds6,,Starkes Baumholz,Starkes Baumholz_6,0,1,4.97,not_young,1354.2,Schüpfheim
5799,4988,1,0,2,2,1,1,1,ds3,,Stangenholz,Stangenholz_8,0,1,0.499,not_young,1688.2,Finsterwald b. E.
5800,7454,1,0,2,2,1,1,1,ds6,,Starkes Baumholz,Starkes Baumholz_8,0,1,0.745,not_young,1518.1,Finsterwald b. E.
5803,8400,2,1,0,1,2,2,2,ds6,,Starkes Baumholz,Starkes Baumholz_6,0,1,0.84,not_young,1215.2,Escholzmatt
5806,6700,2,1,0,1,2,2,2,ds6,,Starkes Baumholz,Starkes Baumholz_6,0,1,0.67,not_young,1072.2,Flühli LU
5807,6471,2,1,0,1,2,2,2,ds6,,Starkes Baumholz,Starkes Baumholz_6,0,1,0.647,not_young,1103.8,Flühli LU
5808,15937,3,0,0,0,3,3,3,ds4,,Schwaches Baumholz,Schwaches Baumholz_10,0,1,1.594,not_young,1447.6,Finsterwald b. E.
5809,8915,3,0,0,0,3,3,3,ds3,,Stangenholz,Stangenholz_8,0,1,0.892,not_young,1640.5,Finsterwald b. E.
5810,148471,2,1,0,1,2,2,2,ds6,,Starkes Baumholz,Starkes Baumholz_6,0,1,14.847,not_young,1287.1,Escholzmatt
5815,6844,1,0,2,2,1,1,1,ds1,,Jungwuchs/Dickung,Jungwuchs/Dickung_8,0,1,0.684,young,1486.4,Finsterwald b. E.
5816,6050,2,1,0,1,2,2,2,ds5,,Mittleres Baumholz,Mittleres Baumholz_6,0,1,0.605,not_young,1301.9,Flühli LU
5817,5227,1,0,2,2,1,1,1,ds4,,Schwaches Baumholz,Schwaches Baumholz_10,0,1,0.523,not_young,1512.8,Finsterwald b. E.
5818,5021,2,1,0,1,2,2,2,ds5,,Mittleres Baumholz,Mittleres Baumholz_10,0,1,0.502,not_young,1436.4,Escholzmatt
5819,7759,2,1,0,1,2,2,2,ds5,,Mittleres Baumholz,Mittleres Baumholz_6,0,1,0.776,not_young,1020.0,Flühli LU
5820,12830,1,0,2,2,1,1,1,ds2,,Jungwuchs/Dickung,Jungwuchs/Dickung_8,0,1,1.283,young,1651.3,Finsterwald b. E.
5821,40610,3,0,0,0,3,3,3,ds4,,Schwaches Baumholz,Schwaches Baumholz_8,0,1,4.061,not_young,1622.5,Finsterwald b. E.
5822,12603,2,1,0,1,2,2,2,ds4,,Schwaches Baumholz,Schwaches Baumholz_8,0,1,1.26,not_young,1474.5,Escholzmatt
5824,6500,4,0,0,0,3,4,3,ds1,,Jungwuchs/Dickung,Jungwuchs/Dickung_6,0,1,0.65,young,1280.0,Flühli LU
5825,13093,3,0,0,0,3,3,3,ds4,,Schwaches Baumholz,Schwaches Baumholz_6,0,1,1.309,not_young,1344.8,Finsterwald b. E.
5827,16300,2,1,0,1,2,2,2,ds6,,Starkes Baumholz,Starkes Baumholz_6,0,1,1.63,not_young,1105.7,Flühli LU
5828,34720,2,1,0,1,2,2,2,ds6,,Starkes Baumholz,Starkes Baumholz_6,0,1,3.472,not_young,1185.8,Flühli LU
5832,7293,2,1,0,1,2,2,2,ds6,,Starkes Baumholz,Starkes Baumholz_6,0,1,0.729,not_young,1060.0,Schüpfheim
5833,16407,2,1,0,1,2,2,2,ds5,,Mittleres Baumholz,Mittleres Baumholz_10,0,1,1.641,not_young,1423.5,Flühli LU
5834,17352,1,0,2,2,1,1,1,ds3,,Stangenholz,Stangenholz_10,0,1,1.735,not_young,1558.5,Finsterwald b. E.
5835,5750,1,0,2,2,1,1,1,ds2,,Jungwuchs/Dickung,Jungwuchs/Dickung_5,0,1,0.575,young,1718.9,Finsterwald b. E.
5836,31887,2,1,0,1,2,2,2,ds6,,Starkes Baumholz,Starkes Baumholz_6,0,1,3.189,not_young,1278.8,Flühli LU
5837,10700,1,0,2,2,1,1,1,ds5,,Mittleres Baumholz,Mittleres Baumholz_8,0,1,1.07,not_young,1578.9,Finsterwald b. E.
5841,6300,3,0,0,0,3,4,3,ds4,,Schwaches Baumholz,Schwaches Baumholz_6,0,1,0.63,not_young,1290.9,Escholzmatt
5842,40679,2,1,0,1,2,2,2,ds5,,Mittleres Baumholz,Mittleres Baumholz_6,0,1,4.068,not_young,1334.2,Escholzmatt
5843,49436,2,1,0,1,2,2,2,ds6,,Starkes Baumholz,Starkes Baumholz_6,0,1,4.944,not_young,1107.3,Flühli LU
5844,5745,2,1,0,1,2,2,2,ds6,,Starkes Baumholz,Starkes Baumholz_6,0,1,0.574,not_young,1088.5,Flühli LU
5845,5918,2,1,0,1,2,2,2,ds6,,Starkes Baumholz,Starkes Baumholz_6,0,1,0.592,not_young,1077.5,Flühli LU
5846,103241,2,1,0,1,2,2,2,ds6,,Starkes Baumholz,Starkes Baumholz_6,0,1,10.324,not_young,1011.3,Escholzmatt
5847,7796,1,0,2,2,1,1,1,ds5,,Mittleres Baumholz,Mittleres Baumholz_8,0,1,0.78,not_young,1584.5,Finsterwald b. E.
5848,7450,3,0,0,0,3,3,3,ds4,,Schwaches Baumholz,Schwaches Baumholz_10,0,1,0.745,not_young,1437.0,Finsterwald b. E.
5851,13946,4,0,0,0,3,4,3,ds6,,Starkes Baumholz,Starkes Baumholz_6,0,1,1.395,not_young,1235.4,Escholzmatt
5852,8238,2,1,0,1,2,2,2,ds5,,Mittleres Baumholz,Mittleres Baumholz_6,0,1,0.824,not_young,1359.1,Flühli LU
5853,6736,2,1,0,1,2,2,2,ds5,,Mittleres Baumholz,Mittleres Baumholz_6,0,1,0.674,not_young,1191.8,Flühli LU
5854,6981,2,1,0,1,2,2,2,ds5,,Mittleres Baumholz,Mittleres Baumholz_6,0,1,0.698,not_young,1053.0,Flühli LU
5855,5705,1,0,2,2,1,1,1,ds1,,Jungwuchs/Dickung,Jungwuchs/Dickung_8,0,1,0.571,young,1666.4,Finsterwald b. E.
5856,20117,1,0,2,2,1,1,1,ds2,,Jungwuchs/Dickung,Jungwuchs/Dickung_5,0,1,2.012,young,1712.0,Finsterwald b. E.
5857,5300,1,0,2,2,1,1,1,ds3,,Stangenholz,Stangenholz_5,0,1,0.53,not_young,1727.3,Finsterwald b. E.
5858,8365,1,0,2,2,1,1,1,ds2,,Jungwuchs/Dickung,Jungwuchs/Dickung_8,0,1,0.836,young,1641.4,Finsterwald b. E.
5859,67731,1,0,2,2,1,1,1,ds3,,Stangenholz,Stangenholz_10,0,1,6.773,not_young,1489.1,Finsterwald b. E.
5860,5823,1,0,2,2,1,1,1,ds3,,Stangenholz,Stangenholz_8,0,1,0.582,not_young,1476.8,Finsterwald b. E.
5861,12713,1,0,2,2,1,1,1,ds4,,Schwaches Baumholz,Schwaches Baumholz_8,0,1,1.271,not_young,1537.4,Finsterwald b. E.
5862,30282,2,1,0,1,2,2,2,ds6,,Starkes Baumholz,Starkes Baumholz_6,0,1,3.028,not_young,971.4,Flühli LU
5863,6700,1,0,2,2,1,1,1,ds4,,Schwaches Baumholz,Schwaches Baumholz_8,0,1,0.67,not_young,1502.1,Finsterwald b. E.
5865,8131,3,0,0,0,3,4,3,ds4,,Schwaches Baumholz,Schwaches Baumholz_6,0,1,0.813,not_young,1289.4,Escholzmatt
5866,10847,2,1,0,1,2,2,2,ds5,,Mittleres Baumholz,Mittleres Baumholz_6,0,1,1.085,not_young,1240.8,Flühli LU
5869,16824,2,1,0,1,2,2,2,ds6,,Starkes Baumholz,Starkes Baumholz_6,0,1,1.682,not_young,1099.2,Escholzmatt
5870,8650,2,1,0,1,2,2,2,ds6,,Starkes Baumholz,Starkes Baumholz_6,0,1,0.865,not_young,1126.3,Flühli LU
5871,5609,3,0,0,0,3,4,3,ds5,,Mittleres Baumholz,Mittleres Baumholz_6,0,1,0.561,not_young,1261.2,Schüpfheim
5872,76972,1,0,2,2,1,1,1,ds5,,Mittleres Baumholz,Mittleres Baumholz_8,0,1,7.697,not_young,1472.3,Finsterwald b. E.
5874,11735,2,1,0,1,2,2,2,ds6,,Starkes Baumholz,Starkes Baumholz_6,0,1,1.173,not_young,1072.7,Flühli LU
5875,7088,4,0,0,0,3,4,3,ds4,,Schwaches Baumholz,Schwaches Baumholz_6,0,1,0.709,not_young,1285.3,Schüpfheim
5876,8259,1,0,2,2,1,1,1,ds4,,Schwaches Baumholz,Schwaches Baumholz_8,0,1,0.826,not_young,1629.7,Finsterwald b. E.
5878,6895,2,1,0,1,2,2,2,ds3,,Stangenholz,Stangenholz_6,0,1,0.689,not_young,1331.6,Escholzmatt
5880,5272,4,0,0,0,3,4,3,ds3,,Stangenholz,Stangenholz_6,0,1,0.527,not_young,1254.8,Schüpfheim
5881,13978,1,0,2,2,1,1,1,ds3,,Stangenholz,Stangenholz_8,0,1,1.398,not_young,1646.6,Finsterwald b. E.
5884,16023,1,0,2,2,1,1,1,ds3,,Stangenholz,Stangenholz_8,0,1,1.602,not_young,1495.7,Finsterwald b. E.
5885,7150,1,0,2,2,1,1,1,ds2,,Jungwuchs/Dickung,Jungwuchs/Dickung_5,0,1,0.715,young,1771.3,Finsterwald b. E.
5887,12089,2,1,0,1,2,2,2,ds5,,Mittleres Baumholz,Mittleres Baumholz_6,0,1,1.209,not_young,1413.5,Schüpfheim
5890,14800,1,0,2,2,1,1,1,ds3,,Stangenholz,Stangenholz_10,0,1,1.48,not_young,1512.6,Finsterwald b. E.
5892,12072,3,0,0,0,3,3,3,ds6,,Starkes Baumholz,Starkes Baumholz_6,0,1,1.207,not_young,1276.9,Schüpfheim
5894,15316,4,0,0,0,3,4,3,ds6,,Starkes Baumholz,Starkes Baumholz_6,0,1,1.532,not_young,1040.2,Escholzmatt
5895,7562,2,1,0,1,2,2,2,ds6,,Starkes Baumholz,Starkes Baumholz_6,0,1,0.756,not_young,1125.4,Flühli LU
5896,7079,1,0,2,2,1,1,1,ds1,,Jungwuchs/Dickung,Jungwuchs/Dickung_8,0,1,0.708,young,1679.7,Finsterwald b. E.
5897,6473,1,0,2,2,1,1,1,ds4,,Schwaches Baumholz,Schwaches Baumholz_8,0,1,0.647,not_young,1560.0,Finsterwald b. E.
5902,11503,2,1,0,1,2,2,2,ds5,,Mittleres Baumholz,Mittleres Baumholz_6,0,1,1.15,not_young,1345.5,Escholzmatt
5904,8649,1,0,2,2,1,1,1,ds4,,Schwaches Baumholz,Schwaches Baumholz_8,0,1,0.865,not_young,1509.4,Finsterwald b. E.
5908,21441,2,1,0,1,2,2,2,ds5,,Mittleres Baumholz,Mittleres Baumholz_8,0,1,2.144,not_young,1508.6,Schüpfheim
5909,6862,2,1,0,1,2,2,2,ds4,,Schwaches Baumholz,Schwaches Baumholz_8,0,1,0.686,not_young,1451.8,Flühli LU
5910,5201,1,0,2,2,1,1,1,ds3,,Stangenholz,Stangenholz_8,0,1,0.52,not_young,1636.4,Finsterwald b. E.
5911,7766,1,0,2,2,1,1,1,ds3,,Stangenholz,Stangenholz_8,0,1,0.777,not_young,1674.4,Finsterwald b. E.
5912,8700,1,0,2,2,1,1,1,ds4,,Schwaches Baumholz,Schwaches Baumholz_10,0,1,0.87,not_young,1546.3,Finsterwald b. E.
5915,7806,4,0,0,0,3,4,3,ds5,,Mittleres Baumholz,Mittleres Baumholz_6,0,1,0.781,not_young,1296.5,Escholzmatt
5916,7411,3,0,0,0,3,3,3,ds5,,Mittleres Baumholz,Mittleres Baumholz_6,0,1,0.741,not_young,1184.8,Schüpfheim
5918,5839,2,1,0,1,2,2,2,ds5,,Mittleres Baumholz,Mittleres Baumholz_6,0,1,0.584,not_young,1267.4,Schüpfheim
5919,17191,1,0,2,2,1,1,1,ds3,,Stangenholz,Stangenholz_8,0,1,1.719,not_young,1583.1,Finsterwald b. E.
5921,18450,2,1,0,1,2,2,2,ds6,,Starkes Baumholz,Starkes Baumholz_6,0,1,1.845,not_young,1351.8,Flühli LU
5925,60130,2,1,0,1,2,2,2,ds6,,Starkes Baumholz,Starkes Baumholz_6,0,1,6.013,not_young,1276.1,Schüpfheim
5926,25230,1,0,2,2,1,1,1,ds4,,Schwaches Baumholz,Schwaches Baumholz_10,0,1,2.523,not_young,1483.1,Finsterwald b. E.
5927,5694,2,1,0,1,2,2,2,ds5,,Mittleres Baumholz,Mittleres Baumholz_6,0,1,0.569,not_young,1299.6,Flühli LU
5931,8175,1,0,2,2,1,1,1,ds3,,Stangenholz,Stangenholz_5,0,1,0.817,not_young,1748.9,Finsterwald b. E.
5935,7452,2,1,0,1,2,2,2,ds6,,Starkes Baumholz,Starkes Baumholz_6,0,1,0.745,not_young,1088.1,Flühli LU
5936,31901,2,1,0,1,2,2,2,ds6,,Starkes Baumholz,Starkes Baumholz_6,0,1,3.19,not_young,978.2,Flühli LU
5937,76208,1,0,2,2,1,1,1,ds5,,Mittleres Baumholz,Mittleres Baumholz_10,0,1,7.621,not_young,1416.1,Finsterwald b. E.
5938,18199,1,0,2,2,1,1,1,ds4,,Schwaches Baumholz,Schwaches Baumholz_10,0,1,1.82,not_young,1524.6,Finsterwald b. E.
5942,18493,1,0,2,2,1,1,1,ds3,,Stangenholz,Stangenholz_10,0,1,1.849,not_young,1461.7,Finsterwald b. E.
5943,49550,1,0,2,2,1,1,1,ds6,,Starkes Baumholz,Starkes Baumholz_6,0,1,4.955,not_young,1410.3,Finsterwald b. E.
5949,5186,3,0,0,0,3,3,3,ds5,,Mittleres Baumholz,Mittleres Baumholz_6,0,1,0.519,not_young,1340.4,Finsterwald b. E.
5950,6418,2,1,0,1,2,2,2,ds4,,Schwaches Baumholz,Schwaches Baumholz_10,0,1,0.642,not_young,1444.0,Escholzmatt
5951,7804,2,1,0,1,2,2,2,ds6,,Starkes Baumholz,Starkes Baumholz_6,0,1,0.78,not_young,1161.5,Flühli LU
5952,6478,4,0,0,0,3,4,3,ds5,,Mittleres Baumholz,Mittleres Baumholz_6,0,1,0.648,not_young,1148.9,Escholzmatt
5953,5063,2,1,0,1,2,2,2,ds6,,Starkes Baumholz,Starkes Baumholz_6,0,1,0.506,not_young,1275.2,Flühli LU
5955,17515,4,0,0,0,3,4,3,ds6,,Starkes Baumholz,Starkes Baumholz_6,0,1,1.751,not_young,1027.7,Escholzmatt
5956,52023,3,0,0,0,3,3,3,ds6,,Starkes Baumholz,Starkes Baumholz_6,0,1,5.202,not_young,1229.9,Schüpfheim
5957,91092,4,0,0,0,3,4,3,ds6,,Starkes Baumholz,Starkes Baumholz_13,0,1,9.109,not_young,976.9,Escholzmatt
5958,34973,1,0,2,2,1,1,1,ds3,,Stangenholz,Stangenholz_8,0,1,3.497,not_young,1694.5,Finsterwald b. E.
5960,6999,3,0,0,0,3,4,3,ds6,,Starkes Baumholz,Starkes Baumholz_6,0,1,0.7,not_young,1027.1,Escholzmatt
5961,6153,3,0,0,0,3,4,3,ds6,,Starkes Baumholz,Starkes Baumholz_6,0,1,0.615,not_young,1092.9,Escholzmatt
5962,9230,2,1,0,1,2,2,2,ds6,,Starkes Baumholz,Starkes Baumholz_6,0,1,0.923,not_young,1296.3,Flühli LU
5964,11940,2,1,0,1,2,2,2,ds4,,Schwaches Baumholz,Schwaches Baumholz_8,0,1,1.194,not_young,1470.7,Escholzmatt
5965,5022,1,0,2,2,1,1,1,ds3,,Stangenholz,Stangenholz_8,0,1,0.502,not_young,1562.5,Finsterwald b. E.
5968,9909,2,1,0,1,2,2,2,ds6,,Starkes Baumholz,Starkes Baumholz_6,0,1,0.991,not_young,1146.1,Schüpfheim
5972,8252,1,0,2,2,1,1,1,ds3,,Stangenholz,Stangenholz_10,0,1,0.825,not_young,1456.5,Finsterwald b. E.
5975,5120,2,1,0,1,2,2,2,ds4,,Schwaches Baumholz,Schwaches Baumholz_6,0,1,0.512,not_young,1152.4,Schüpfheim
5976,6907,1,0,2,2,1,1,1,ds3,,Stangenholz,Stangenholz_10,0,1,0.691,not_young,1454.7,Finsterwald b. E.
5977,5409,3,0,0,0,3,4,3,ds5,,Mittleres Baumholz,Mittleres Baumholz_6,0,1,0.541,not_young,1181.2,Escholzmatt
5978,6277,1,0,2,2,1,1,1,ds4,,Schwaches Baumholz,Schwaches Baumholz_10,0,1,0.628,not_young,1472.8,Finsterwald b. E.
5979,9125,1,0,2,2,1,1,1,ds4,,Schwaches Baumholz,Schwaches Baumholz_10,0,1,0.912,not_young,1451.3,Finsterwald b. E.
5984,14042,1,0,2,2,1,1,1,ds3,,Stangenholz,Stangenholz_8,0,1,1.404,not_young,1607.2,Finsterwald b. E.
5985,26353,2,1,0,1,2,2,2,ds5,,Mittleres Baumholz,Mittleres Baumholz_8,0,1,2.635,not_young,1512.0,Escholzmatt
5988,23429,2,1,0,1,2,2,2,ds6,,Starkes Baumholz,Starkes Baumholz_6,0,1,2.343,not_young,995.2,Escholzmatt
5989,5110,3,0,0,0,3,3,3,ds6,,Starkes Baumholz,Starkes Baumholz_6,0,1,0.511,not_young,987.9,Flühli LU
5990,11037,3,0,0,0,3,3,3,ds6,,Starkes Baumholz,Starkes Baumholz_6,0,1,1.104,not_young,1111.9,Flühli LU
5991,49152,1,0,2,2,1,1,1,ds4,,Schwaches Baumholz,Schwaches Baumholz_8,0,1,4.915,not_young,1657.6,Finsterwald b. E.
5994,9127,4,0,0,0,3,4,3,ds6,,Starkes Baumholz,Starkes Baumholz_6,0,1,0.913,not_young,1101.5,Escholzmatt
5995,8840,2,1,0,1,2,2,2,ds5,,Mittleres Baumholz,Mittleres Baumholz_6,0,1,0.884,not_young,1109.5,Flühli LU
5997,9645,3,0,0,0,3,3,3,ds6,,Starkes Baumholz,Starkes Baumholz_6,0,1,0.964,not_young,1231.8,Flühli LU
5999,5000,2,1,0,1,2,2,2,ds4,,Schwaches Baumholz,Schwaches Baumholz_6,0,1,0.5,not_young,1343.9,Escholzmatt
6000,7193,2,1,0,1,2,2,2,ds5,,Mittleres Baumholz,Mittleres Baumholz_6,0,1,0.719,not_young,1074.5,Escholzmatt
6001,8663,2,1,0,1,2,2,2,ds5,,Mittleres Baumholz,Mittleres Baumholz_6,0,1,0.866,not_young,1203.8,Flühli LU
6002,8073,1,0,2,2,1,1,1,ds2,,Jungwuchs/Dickung,Jungwuchs/Dickung_5,0,1,0.807,young,1768.9,Finsterwald b. E.
6004,8562,1,0,2,2,1,1,1,ds1,,Jungwuchs/Dickung,Jungwuchs/Dickung_5,0,1,0.856,young,1776.3,Finsterwald b. E.
6005,9902,1,0,2,2,1,1,1,ds3,,Stangenholz,Stangenholz_10,0,1,0.99,not_young,1553.0,Finsterwald b. E.
6006,12913,1,0,2,2,1,1,1,ds2,,Jungwuchs/Dickung,Jungwuchs/Dickung_8,0,1,1.291,young,1638.7,Finsterwald b. E.
6007,36045,3,0,0,0,3,3,3,ds4,,Schwaches Baumholz,Schwaches Baumholz_8,0,1,3.604,not_young,1623.7,Finsterwald b. E.
6008,12953,2,1,0,1,2,2,2,ds5,,Mittleres Baumholz,Mittleres Baumholz_6,0,1,1.295,not_young,1383.9,Schüpfheim
6009,127634,1,0,2,2,1,1,1,ds6,,Starkes Baumholz,Starkes Baumholz_10,0,1,12.763,not_young,1573.0,Finsterwald b. E.
6011,5196,2,1,0,1,2,2,2,ds5,,Mittleres Baumholz,Mittleres Baumholz_8,0,1,0.52,not_young,1524.8,Flühli LU
6012,11486,3,0,0,0,3,3,3,ds6,,Starkes Baumholz,Starkes Baumholz_6,0,1,1.149,not_young,1228.1,Flühli LU
6013,9587,3,0,0,0,3,3,3,ds6,,Starkes Baumholz,Starkes Baumholz_13,0,1,0.959,not_young,963.9,Flühli LU
6014,27982,1,0,2,2,1,1,1,ds4,,Schwaches Baumholz,Schwaches Baumholz_10,0,1,2.798,not_young,1479.4,Finsterwald b. E.
6016,38984,4,0,0,0,3,4,3,ds6,,Starkes Baumholz,Starkes Baumholz_13,0,1,3.898,not_young,970.4,Escholzmatt
6017,73529,2,1,0,1,2,2,2,ds6,,Starkes Baumholz,Starkes Baumholz_6,0,1,7.353,not_young,1318.2,Escholzmatt
6018,8047,2,1,0,1,2,2,2,ds5,,Mittleres Baumholz,Mittleres Baumholz_6,0,1,0.805,not_young,1139.7,Flühli LU
6019,147026,3,0,0,0,3,3,3,ds5,,Mittleres Baumholz,Mittleres Baumholz_10,0,1,14.703,not_young,1453.6,Finsterwald b. E.
6021,4979,2,1,0,1,2,2,2,ds4,,Schwaches Baumholz,Schwaches Baumholz_6,0,1,0.498,not_young,1123.6,Flühli LU
6022,7287,2,1,0,1,2,2,2,ds4,,Schwaches Baumholz,Schwaches Baumholz_8,0,1,0.729,not_young,1571.6,Flühli LU
6023,17288,1,0,2,2,1,1,1,ds3,,Stangenholz,Stangenholz_8,0,1,1.729,not_young,1561.7,Finsterwald b. E.
6024,13139,2,1,0,1,2,2,2,ds4,,Schwaches Baumholz,Schwaches Baumholz_8,0,1,1.314,not_young,1529.9,Escholzmatt
6025,16550,1,0,2,2,1,1,1,ds4,,Schwaches Baumholz,Schwaches Baumholz_10,0,1,1.655,not_young,1544.3,Finsterwald b. E.
6027,11556,2,1,0,1,2,2,2,ds6,,Starkes Baumholz,Starkes Baumholz_6,0,1,1.156,not_young,1147.7,Schüpfheim
6028,14260,1,0,2,2,1,1,1,ds2,,Jungwuchs/Dickung,Jungwuchs/Dickung_8,0,1,1.426,young,1555.2,Finsterwald b. E.
6029,81637,2,1,0,1,2,2,2,ds6,,Starkes Baumholz,Starkes Baumholz_6,0,1,8.164,not_young,1417.4,Escholzmatt
6035,24654,3,0,0,0,3,3,1,ds5,,Mittleres Baumholz,Mittleres Baumholz_6,0,1,2.465,not_young,1429.0,Finsterwald b. E.
6036,7250,2,1,0,1,2,2,2,ds6,,Starkes Baumholz,Starkes Baumholz_6,0,1,0.725,not_young,1065.3,Flühli LU
6037,11558,2,1,0,1,2,2,2,ds4,,Schwaches Baumholz,Schwaches Baumholz_6,0,1,1.156,not_young,1119.2,Schüpfheim
6038,38788,3,0,0,0,3,3,3,ds5,,Mittleres Baumholz,Mittleres Baumholz_10,0,1,3.879,not_young,1419.4,Finsterwald b. E.
6040,6284,1,0,2,2,1,1,1,ds3,,Stangenholz,Stangenholz_8,0,1,0.628,not_young,1575.1,Finsterwald b. E.
6042,41953,2,1,0,1,2,2,2,ds6,,Starkes Baumholz,Starkes Baumholz_6,0,1,4.195,not_young,1258.3,Escholzmatt
6043,9750,2,1,0,1,2,2,2,ds4,,Schwaches Baumholz,Schwaches Baumholz_6,0,1,0.975,not_young,1354.5,Escholzmatt
6044,5776,2,1,0,1,2,2,2,ds5,,Mittleres Baumholz,Mittleres Baumholz_6,0,1,0.578,not_young,991.1,Flühli LU
6046,16456,2,1,0,1,2,2,2,ds6,,Starkes Baumholz,Starkes Baumholz_6,0,1,1.646,not_young,1106.3,Flühli LU
6047,26783,1,0,2,2,1,1,1,ds3,,Stangenholz,Stangenholz_10,0,1,2.678,not_young,1467.7,Finsterwald b. E.
6050,6621,3,0,0,0,3,3,3,ds6,,Starkes Baumholz,Starkes Baumholz_6,0,1,0.662,not_young,1053.6,Flühli LU
6051,5000,3,0,0,0,3,3,3,ds3,,Stangenholz,Stangenholz_10,0,1,0.5,not_young,1425.5,Finsterwald b. E.
6053,7328,3,0,0,0,3,3,3,ds6,,Starkes Baumholz,Starkes Baumholz_6,0,1,0.733,not_young,1105.6,Flühli LU
6056,37481,2,1,0,1,2,2,2,ds6,,Starkes Baumholz,Starkes Baumholz_6,0,1,3.748,not_young,1071.0,Escholzmatt
6057,6073,2,1,0,1,2,2,2,ds6,,Starkes Baumholz,Starkes Baumholz_6,0,1,0.607,not_young,1291.9,Flühli LU
6059,4958,3,0,0,0,3,3,3,ds5,,Mittleres Baumholz,Mittleres Baumholz_6,0,1,0.496,not_young,1197.2,Flühli LU
6060,13611,2,1,0,1,2,2,2,ds5,,Mittleres Baumholz,Mittleres Baumholz_6,0,1,1.361,not_young,1070.0,Flühli LU
6061,6199,1,0,2,2,1,1,1,ds2,,Jungwuchs/Dickung,Jungwuchs/Dickung_8,0,1,0.62,young,1600.2,Finsterwald b. E.
6062,11604,3,0,0,0,3,3,3,ds4,,Schwaches Baumholz,Schwaches Baumholz_6,0,1,1.16,not_young,1418.5,Finsterwald b. E.
6063,5054,3,0,0,0,3,3,3,ds2,,Jungwuchs/Dickung,Jungwuchs/Dickung_6,0,1,0.505,young,1309.2,Schüpfheim
6064,8050,2,1,0,1,2,2,2,ds5,,Mittleres Baumholz,Mittleres Baumholz_6,0,1,0.805,not_young,1125.4,Flühli LU
6065,5150,1,0,2,2,1,1,1,ds2,,Jungwuchs/Dickung,Jungwuchs/Dickung_10,0,1,0.515,young,1572.0,Finsterwald b. E.
6068,7550,2,1,0,1,2,2,2,ds6,,Starkes Baumholz,Starkes Baumholz_6,0,1,0.755,not_young,1046.6,Flühli LU
6069,32965,3,0,0,0,3,3,3,ds5,,Mittleres Baumholz,Mittleres Baumholz_6,0,1,3.296,not_young,1284.4,Escholzmatt
6070,8463,2,1,0,1,2,2,2,ds5,,Mittleres Baumholz,Mittleres Baumholz_6,0,1,0.846,not_young,1386.1,Escholzmatt
6071,6550,2,1,0,1,2,2,2,ds6,,Starkes Baumholz,Starkes Baumholz_6,0,1,0.655,not_young,1302.5,Flühli LU
6073,29408,2,1,0,1,2,2,2,ds5,,Mittleres Baumholz,Mittleres Baumholz_6,0,1,2.941,not_young,1377.9,Flühli LU
6074,18594,1,0,2,2,1,1,1,ds3,,Stangenholz,Stangenholz_8,0,1,1.859,not_young,1634.1,Finsterwald b. E.
6077,13161,3,0,0,0,3,4,3,ds5,,Mittleres Baumholz,Mittleres Baumholz_6,0,1,1.316,not_young,1160.0,Escholzmatt
6078,8724,2,1,0,1,2,2,2,ds5,,Mittleres Baumholz,Mittleres Baumholz_6,0,1,0.872,not_young,1019.7,Flühli LU
6079,19799,2,1,0,1,2,2,2,ds6,,Starkes Baumholz,Starkes Baumholz_6,0,1,1.98,not_young,1185.4,Flühli LU
6080,20079,2,1,0,1,2,2,2,ds6,,Starkes Baumholz,Starkes Baumholz_6,0,1,2.008,not_young,1204.8,Schüpfheim
6082,20250,2,1,0,1,2,2,2,ds6,,Starkes Baumholz,Starkes Baumholz_6,0,1,2.025,not_young,1003.5,Flühli LU
6085,50571,3,0,0,0,3,3,3,ds6,,Starkes Baumholz,Starkes Baumholz_6,0,1,5.057,not_young,1238.6,Flühli LU
6086,68259,1,0,2,2,1,1,1,ds2,,Jungwuchs/Dickung,Jungwuchs/Dickung_8,0,1,6.826,young,1569.8,Finsterwald b. E.
6087,10060,3,0,0,0,3,3,3,ds5,,Mittleres Baumholz,Mittleres Baumholz_10,0,1,1.006,not_young,1491.5,Finsterwald b. E.
6090,28083,2,1,0,1,2,2,2,ds6,,Starkes Baumholz,Starkes Baumholz_8,0,1,2.808,not_young,1567.1,Flühli LU
6095,6492,2,1,0,1,2,2,2,ds3,,Stangenholz,Stangenholz_10,0,1,0.649,not_young,1418.1,Escholzmatt
6096,51036,2,1,0,1,2,2,2,ds6,,Starkes Baumholz,Starkes Baumholz_6,0,1,5.104,not_young,1385.2,Flühli LU
6097,40208,2,1,0,1,2,2,2,ds6,,Starkes Baumholz,Starkes Baumholz_10,0,1,4.021,not_young,1398.9,Escholzmatt
6098,6441,1,0,2,2,1,1,1,ds3,,Stangenholz,Stangenholz_8,0,1,0.644,not_young,1597.8,Finsterwald b. E.
6100,9540,2,1,0,1,2,2,2,ds4,,Schwaches Baumholz,Schwaches Baumholz_6,0,1,0.954,not_young,1374.6,Escholzmatt
6103,8667,2,1,0,1,2,2,2,ds6,,Starkes Baumholz,Starkes Baumholz_6,0,1,0.867,not_young,1061.5,Flühli LU
6104,9500,2,1,0,1,2,2,2,ds5,,Mittleres Baumholz,Mittleres Baumholz_6,0,1,0.95,not_young,1238.6,Flühli LU
6105,34094,3,0,0,0,3,3,3,ds5,,Mittleres Baumholz,Mittleres Baumholz_10,0,1,3.409,not_young,1553.5,Finsterwald b. E.
6106,29019,3,0,0,0,3,3,3,ds3,,Stangenholz,Stangenholz_8,0,1,2.902,not_young,1568.1,Finsterwald b. E.
6108,19900,2,1,0,1,2,2,2,ds6,,Starkes Baumholz,Starkes Baumholz_6,0,1,1.99,not_young,1165.1,Flühli LU
6109,18394,2,1,0,1,2,2,2,ds4,,Schwaches Baumholz,Schwaches Baumholz_6,0,1,1.839,not_young,1199.1,Flühli LU
6110,5937,2,1,0,1,2,2,2,ds5,,Mittleres Baumholz,Mittleres Baumholz_8,0,1,0.594,not_young,1528.6,Flühli LU
6113,6841,2,1,0,1,2,2,2,ds5,,Mittleres Baumholz,Mittleres Baumholz_6,0,1,0.684,not_young,1239.5,Flühli LU
6114,8086,1,0,2,2,1,1,1,ds2,,Jungwuchs/Dickung,Jungwuchs/Dickung_10,0,1,0.809,young,1582.1,Finsterwald b. E.
6115,73754,2,1,0,1,2,2,2,ds6,,Starkes Baumholz,Starkes Baumholz_6,0,1,7.375,not_young,1021.6,Flühli LU
6117,6655,2,1,0,1,2,2,2,ds5,,Mittleres Baumholz,Mittleres Baumholz_6,0,1,0.665,not_young,1146.7,Escholzmatt
6118,8308,2,1,0,1,2,2,2,ds5,,Mittleres Baumholz,Mittleres Baumholz_6,0,1,0.831,not_young,1262.4,Flühli LU
6120,6392,3,0,0,0,3,3,3,ds4,,Schwaches Baumholz,Schwaches Baumholz_10,0,1,0.639,not_young,1540.5,Finsterwald b. E.
6121,7727,2,1,0,1,2,2,2,ds5,,Mittleres Baumholz,Mittleres Baumholz_6,0,1,0.773,not_young,970.0,Flühli LU
6122,8000,2,1,0,1,2,2,2,ds4,,Schwaches Baumholz,Schwaches Baumholz_6,0,1,0.8,not_young,1079.1,Flühli LU
6123,9472,2,1,0,1,2,2,2,ds4,,Schwaches Baumholz,Schwaches Baumholz_6,0,1,0.947,not_young,1176.9,Flühli LU
6124,9945,2,1,0,1,2,2,2,ds5,,Mittleres Baumholz,Mittleres Baumholz_10,0,1,0.995,not_young,1454.4,Escholzmatt
6125,13609,2,1,0,1,2,2,2,ds3,,Stangenholz,Stangenholz_8,0,1,1.361,not_young,1606.7,Flühli LU
6129,56839,2,1,0,1,2,2,2,ds5,,Mittleres Baumholz,Mittleres Baumholz_8,0,1,5.684,not_young,1541.2,Escholzmatt
6130,16018,3,0,0,0,3,3,1,ds3,,Stangenholz,Stangenholz_5,0,1,1.602,not_young,1775.8,Flühli LU
6131,38341,2,1,0,1,2,2,2,ds6,,Starkes Baumholz,Starkes Baumholz_6,0,1,3.834,not_young,1040.0,Flühli LU
6132,7240,1,0,2,2,1,1,1,ds3,,Stangenholz,Stangenholz_8,0,1,0.724,not_young,1599.2,Finsterwald b. E.
6134,7226,2,1,0,1,2,2,2,ds6,,Starkes Baumholz,Starkes Baumholz_6,0,1,0.723,not_young,1041.9,Flühli LU
6136,5853,3,0,0,0,3,4,3,ds5,,Mittleres Baumholz,Mittleres Baumholz_6,0,1,0.585,not_young,1005.3,Escholzmatt
6137,9295,2,1,0,1,2,2,2,ds3,,Stangenholz,Stangenholz_8,0,1,0.93,not_young,1570.9,Flühli LU
6138,16534,1,0,2,2,1,1,1,ds1,,Jungwuchs/Dickung,Jungwuchs/Dickung_8,0,1,1.653,young,1679.3,Finsterwald b. E.
6142,7050,2,1,0,1,2,2,2,ds6,,Starkes Baumholz,Starkes Baumholz_13,0,1,0.705,not_young,1016.2,Escholzmatt
6144,50976,2,1,0,1,2,2,2,ds6,,Starkes Baumholz,Starkes Baumholz_6,0,1,5.098,not_young,1370.7,Flühli LU
6146,5805,2,1,0,1,2,2,2,ds3,,Stangenholz,Stangenholz_8,0,1,0.581,not_young,1515.0,Escholzmatt
6147,15114,2,1,0,1,2,2,2,ds6,,Starkes Baumholz,Starkes Baumholz_8,0,1,1.511,not_young,1575.2,Flühli LU
6149,13557,2,1,0,1,2,2,2,ds6,,Starkes Baumholz,Starkes Baumholz_6,0,1,1.356,not_young,1234.9,Flühli LU
6151,8552,2,1,0,1,2,2,2,ds5,,Mittleres Baumholz,Mittleres Baumholz_6,0,1,0.855,not_young,1204.8,Escholzmatt
6154,6827,2,1,0,1,2,2,2,ds4,,Schwaches Baumholz,Schwaches Baumholz_6,0,1,0.683,not_young,1236.9,Escholzmatt
6156,22057,3,0,0,0,3,3,1,ds2,,Jungwuchs/Dickung,Jungwuchs/Dickung_5,0,1,2.206,young,1771.3,Flühli LU
6157,5700,2,1,0,1,2,2,2,ds6,,Starkes Baumholz,Starkes Baumholz_6,0,1,0.57,not_young,1021.2,Flühli LU
6158,11204,1,0,2,2,1,1,1,ds2,,Jungwuchs/Dickung,Jungwuchs/Dickung_8,0,1,1.12,young,1721.2,Finsterwald b. E.
6159,5266,2,1,0,1,2,2,2,ds6,,Starkes Baumholz,Starkes Baumholz_6,0,1,0.527,not_young,1051.0,Flühli LU
6160,5537,4,0,0,0,3,4,3,ds6,,Starkes Baumholz,Starkes Baumholz_6,0,1,0.554,not_young,1005.2,Escholzmatt
6161,4977,2,1,0,1,2,2,2,ds4,,Schwaches Baumholz,Schwaches Baumholz_10,0,1,0.498,not_young,1469.6,Flühli LU
6162,11187,3,0,0,0,3,3,3,ds6,,Starkes Baumholz,Starkes Baumholz_6,0,1,1.119,not_young,1045.0,Flühli LU
6165,31640,2,1,0,1,2,2,2,ds6,,Starkes Baumholz,Starkes Baumholz_6,0,1,3.164,not_young,1227.8,Escholzmatt
6166,36190,2,1,0,1,2,2,2,ds6,,Starkes Baumholz,Starkes Baumholz_6,0,1,3.619,not_young,1009.2,Flühli LU
6167,7843,2,1,0,1,2,2,2,ds5,,Mittleres Baumholz,Mittleres Baumholz_6,0,1,0.784,not_young,1241.6,Flühli LU
6168,5855,1,0,2,2,1,1,1,ds1,,Jungwuchs/Dickung,Jungwuchs/Dickung_8,0,1,0.586,young,1668.0,Finsterwald b. E.
6169,26802,3,0,0,0,3,3,3,ds5,,Mittleres Baumholz,Mittleres Baumholz_10,0,1,2.68,not_young,1512.0,Finsterwald b. E.
6170,15543,2,1,0,1,2,2,2,ds6,,Starkes Baumholz,Starkes Baumholz_6,0,1,1.554,not_young,1016.3,Flühli LU
6171,32202,1,0,2,2,1,1,1,ds2,,Jungwuchs/Dickung,Jungwuchs/Dickung_8,0,1,3.22,young,1616.6,Finsterwald b. E.
6173,132993,2,1,0,1,2,2,2,ds6,,Starkes Baumholz,Starkes Baumholz_13,0,1,13.299,not_young,992.8,Escholzmatt
6174,22579,2,1,0,1,2,2,2,ds6,,Starkes Baumholz,Starkes Baumholz_6,0,1,2.258,not_young,998.0,Escholzmatt
6175,10729,3,0,0,0,3,3,3,ds6,,Starkes Baumholz,Starkes Baumholz_6,0,1,1.073,not_young,1380.2,Flühli LU
6177,13625,2,1,0,1,2,2,2,ds5,,Mittleres Baumholz,Mittleres Baumholz_8,0,1,1.363,not_young,1613.2,Flühli LU
6179,24627,2,1,0,1,2,2,2,ds5,,Mittleres Baumholz,Mittleres Baumholz_6,0,1,2.463,not_young,1169.5,Escholzmatt
6180,6234,2,1,0,1,2,2,2,ds5,,Mittleres Baumholz,Mittleres Baumholz_8,0,1,0.623,not_young,1560.8,Flühli LU
6182,7905,2,1,0,1,2,2,2,ds6,,Starkes Baumholz,Starkes Baumholz_6,0,1,0.79,not_young,1260.0,Flühli LU
6183,6350,2,1,0,1,2,2,2,ds3,,Stangenholz,Stangenholz_6,0,1,0.635,not_young,1240.5,Escholzmatt
6184,6249,2,1,0,1,2,2,2,ds5,,Mittleres Baumholz,Mittleres Baumholz_6,0,1,0.625,not_young,1314.9,Escholzmatt
6185,5922,3,0,0,0,3,3,3,ds6,,Starkes Baumholz,Starkes Baumholz_6,0,1,0.592,not_young,1158.0,Flühli LU
6188,6705,1,0,2,2,1,1,1,ds2,,Jungwuchs/Dickung,Jungwuchs/Dickung_8,0,1,0.671,young,1631.2,Finsterwald b. E.
6189,7025,2,1,0,1,2,2,2,ds5,,Mittleres Baumholz,Mittleres Baumholz_6,0,1,0.702,not_young,1311.2,Escholzmatt
6190,18600,2,1,0,1,2,2,2,ds6,,Starkes Baumholz,Starkes Baumholz_6,0,1,1.86,not_young,1089.6,Flühli LU
6195,6168,2,1,0,1,2,2,2,ds5,,Mittleres Baumholz,Mittleres Baumholz_6,0,1,0.617,not_young,1349.7,Escholzmatt
6196,11984,1,0,2,2,1,1,1,ds3,,Stangenholz,Stangenholz_8,0,1,1.198,not_young,1598.6,Finsterwald b. E.
6197,30013,2,1,0,1,2,2,2,ds4,,Schwaches Baumholz,Schwaches Baumholz_8,0,1,3.001,not_young,1524.7,Escholzmatt
6200,35573,2,1,0,1,2,2,2,ds6,,Starkes Baumholz,Starkes Baumholz_6,0,1,3.557,not_young,1042.7,Escholzmatt
6201,8953,3,0,0,0,3,3,3,ds6,,Starkes Baumholz,Starkes Baumholz_13,0,1,0.895,not_young,994.6,Escholzmatt
6202,5140,2,1,0,1,2,2,2,ds4,,Schwaches Baumholz,Schwaches Baumholz_8,0,1,0.514,not_young,1618.8,Flühli LU
6204,5013,2,1,0,1,2,2,2,ds5,,Mittleres Baumholz,Mittleres Baumholz_8,0,1,0.501,not_young,1563.0,Flühli LU
6208,11698,2,1,0,1,2,2,2,ds5,,Mittleres Baumholz,Mittleres Baumholz_6,0,1,1.17,not_young,1198.0,Escholzmatt
6209,6478,1,0,2,2,1,1,1,ds2,,Jungwuchs/Dickung,Jungwuchs/Dickung_8,0,1,0.648,young,1689.1,Finsterwald b. E.
6211,9950,3,0,0,0,3,3,3,ds4,,Schwaches Baumholz,Schwaches Baumholz_10,0,1,0.995,not_young,1546.7,Finsterwald b. E.
6212,5811,2,1,0,1,2,2,2,ds3,,Stangenholz,Stangenholz_8,0,1,0.581,not_young,1636.3,Escholzmatt
6214,13404,3,0,0,0,3,3,3,ds5,,Mittleres Baumholz,Mittleres Baumholz_8,0,1,1.34,not_young,1488.2,Finsterwald b. E.
6215,38324,3,0,0,0,3,3,1,ds6,,Starkes Baumholz,Starkes Baumholz_8,0,1,3.832,not_young,1478.8,Finsterwald b. E.
6216,10102,3,0,0,0,3,3,3,ds6,,Starkes Baumholz,Starkes Baumholz_6,0,1,1.01,not_young,1145.7,Flühli LU
6217,5710,3,0,0,0,3,3,3,ds1,,Jungwuchs/Dickung,Jungwuchs/Dickung_6,0,1,0.571,young,1294.8,Flühli LU
6220,6051,3,0,0,0,3,3,3,ds6,,Starkes Baumholz,Starkes Baumholz_6,0,1,0.605,not_young,1202.0,Flühli LU
6221,34551,2,1,0,1,2,2,2,ds5,,Mittleres Baumholz,Mittleres Baumholz_6,0,1,3.455,not_young,1383.9,Flühli LU
6222,10606,3,0,0,0,3,3,1,ds4,,Schwaches Baumholz,Schwaches Baumholz_10,0,1,1.061,not_young,1485.3,Finsterwald b. E.
6223,11184,3,0,0,0,3,4,3,ds6,,Starkes Baumholz,Starkes Baumholz_6,0,1,1.118,not_young,1147.0,Flühli LU
6224,10251,2,1,0,1,2,2,2,ds6,,Starkes Baumholz,Starkes Baumholz_6,0,1,1.025,not_young,951.0,Flühli LU
6225,9292,3,0,0,0,3,3,3,ds6,,Starkes Baumholz,Starkes Baumholz_6,0,1,0.929,not_young,1170.7,Flühli LU
6226,31957,2,1,0,1,2,2,2,ds6,,Starkes Baumholz,Starkes Baumholz_6,0,1,3.196,not_young,1073.5,Escholzmatt
6227,5404,2,1,0,1,2,2,2,ds3,,Stangenholz,Stangenholz_10,0,1,0.54,not_young,1425.9,Escholzmatt
6228,10011,2,1,0,1,2,2,2,ds6,,Starkes Baumholz,Starkes Baumholz_6,0,1,1.001,not_young,1405.8,Flühli LU
6229,11895,3,0,0,0,3,3,3,ds2,,Jungwuchs/Dickung,Jungwuchs/Dickung_6,0,1,1.19,young,1314.7,Flühli LU
6230,14331,3,0,0,0,3,3,3,ds5,,Mittleres Baumholz,Mittleres Baumholz_6,0,1,1.433,not_young,1283.1,Flühli LU
6231,9906,1,0,2,2,1,1,1,ds2,,Jungwuchs/Dickung,Jungwuchs/Dickung_8,0,1,0.991,young,1610.5,Finsterwald b. E.
6232,6524,1,0,2,2,1,1,1,ds2,,Jungwuchs/Dickung,Jungwuchs/Dickung_8,0,1,0.652,young,1680.0,Finsterwald b. E.
6233,5594,3,0,0,0,3,3,3,ds5,,Mittleres Baumholz,Mittleres Baumholz_6,0,1,0.559,not_young,973.0,Flühli LU
6234,6307,2,1,0,1,2,2,2,ds5,,Mittleres Baumholz,Mittleres Baumholz_6,0,1,0.631,not_young,1158.5,Escholzmatt
6235,14868,2,1,0,1,2,2,2,ds5,,Mittleres Baumholz,Mittleres Baumholz_6,0,1,1.487,not_young,1017.5,Flühli LU
6236,66343,2,1,0,1,2,2,2,ds6,,Starkes Baumholz,Starkes Baumholz_8,0,1,6.634,not_young,1421.5,Escholzmatt
6237,9464,2,1,0,1,2,2,2,ds4,,Schwaches Baumholz,Schwaches Baumholz_8,0,1,0.946,not_young,1611.8,Escholzmatt
6238,7355,2,1,0,1,2,2,2,ds4,,Schwaches Baumholz,Schwaches Baumholz_6,0,1,0.736,not_young,1011.3,Flühli LU
6240,7374,1,0,2,2,1,1,1,ds2,,Jungwuchs/Dickung,Jungwuchs/Dickung_8,0,1,0.737,young,1633.8,Finsterwald b. E.
6242,5851,3,0,0,0,3,3,3,ds4,,Schwaches Baumholz,Schwaches Baumholz_10,0,1,0.585,not_young,1497.6,Finsterwald b. E.
6245,6281,2,1,0,1,2,2,2,ds5,,Mittleres Baumholz,Mittleres Baumholz_8,0,1,0.628,not_young,1540.9,Escholzmatt
6246,16591,2,1,0,1,2,2,2,ds5,,Mittleres Baumholz,Mittleres Baumholz_6,0,1,1.659,not_young,1132.3,Escholzmatt
6247,4977,2,1,0,1,2,2,2,ds5,,Mittleres Baumholz,Mittleres Baumholz_6,0,1,0.498,not_young,1348.3,Escholzmatt
6248,5483,2,1,0,1,2,2,2,ds4,,Schwaches Baumholz,Schwaches Baumholz_8,0,1,0.548,not_young,1541.5,Escholzmatt
6249,5133,2,1,0,1,2,2,2,ds6,,Starkes Baumholz,Starkes Baumholz_6,0,1,0.513,not_young,1239.6,Escholzmatt
6250,6819,3,0,0,0,3,3,3,ds6,,Starkes Baumholz,Starkes Baumholz_6,0,1,0.682,not_young,1351.8,Flühli LU
6251,14415,2,1,0,1,2,2,2,ds5,,Mittleres Baumholz,Mittleres Baumholz_10,0,1,1.441,not_young,1502.4,Flühli LU
6254,6400,2,1,0,1,2,2,2,ds5,,Mittleres Baumholz,Mittleres Baumholz_6,0,1,0.64,not_young,1192.8,Escholzmatt
6255,6355,2,1,0,1,2,2,2,ds5,,Mittleres Baumholz,Mittleres Baumholz_10,0,1,0.635,not_young,1466.2,Flühli LU
6257,28050,2,1,0,1,2,2,2,ds6,,Starkes Baumholz,Starkes Baumholz_6,0,1,2.805,not_young,1132.8,Escholzmatt
6258,9353,2,1,0,1,2,2,2,ds5,,Mittleres Baumholz,Mittleres Baumholz_6,0,1,0.935,not_young,1114.9,Escholzmatt
6259,6000,3,0,0,0,3,3,3,ds4,,Schwaches Baumholz,Schwaches Baumholz_6,0,1,0.6,not_young,1395.2,Flühli LU
6261,5353,4,0,0,0,3,4,3,ds4,,Schwaches Baumholz,Schwaches Baumholz_6,0,1,0.535,not_young,1071.6,Flühli LU
6265,6960,3,0,0,0,3,3,3,ds2,,Jungwuchs/Dickung,Jungwuchs/Dickung_8,0,1,0.696,young,1625.4,Flühli LU
6266,10880,1,0,2,2,1,1,1,ds1,,Jungwuchs/Dickung,Jungwuchs/Dickung_8,0,1,1.088,young,1615.9,Finsterwald b. E.
6268,28791,2,1,0,1,2,2,2,ds5,,Mittleres Baumholz,Mittleres Baumholz_10,0,1,2.879,not_young,1491.4,Escholzmatt
6269,6848,3,0,0,0,3,3,3,ds5,,Mittleres Baumholz,Mittleres Baumholz_8,0,1,0.685,not_young,1483.4,Finsterwald b. E.
6270,14123,2,1,0,1,2,2,2,ds6,,Starkes Baumholz,Starkes Baumholz_6,0,1,1.412,not_young,1435.4,Flühli LU
6272,7935,2,1,0,1,2,2,2,ds6,,Starkes Baumholz,Starkes Baumholz_13,0,1,0.793,not_young,996.5,Escholzmatt
6273,12550,2,1,0,1,2,2,2,ds5,,Mittleres Baumholz,Mittleres Baumholz_6,0,1,1.255,not_young,1278.1,Escholzmatt
6275,9034,2,1,0,1,2,2,2,ds5,,Mittleres Baumholz,Mittleres Baumholz_6,0,1,0.903,not_young,1206.1,Escholzmatt
6276,14420,1,0,2,2,1,1,1,ds1,,Jungwuchs/Dickung,Jungwuchs/Dickung_5,0,1,1.442,young,1713.7,Finsterwald b. E.
6279,20950,2,1,0,1,2,2,2,ds6,,Starkes Baumholz,Starkes Baumholz_6,0,1,2.095,not_young,1388.5,Escholzmatt
6280,49509,2,1,0,1,2,2,2,ds6,,Starkes Baumholz,Starkes Baumholz_6,0,1,4.951,not_young,995.8,Escholzmatt
6281,6094,3,0,0,0,3,3,3,ds4,,Schwaches Baumholz,Schwaches Baumholz_6,0,1,0.609,not_young,1120.8,Escholzmatt
6282,9050,2,1,0,1,2,2,2,ds3,,Stangenholz,Stangenholz_10,0,1,0.905,not_young,1468.1,Escholzmatt
6283,8550,3,0,0,0,3,3,3,ds1,,Jungwuchs/Dickung,Jungwuchs/Dickung_6,0,1,0.855,young,1365.9,Flühli LU
6284,7358,4,0,0,0,3,4,3,ds6,,Starkes Baumholz,Starkes Baumholz_6,0,1,0.736,not_young,1322.0,Flühli LU
6285,37270,2,1,0,1,2,2,2,ds6,,Starkes Baumholz,Starkes Baumholz_6,0,1,3.727,not_young,1352.1,Flühli LU
6286,12284,2,1,0,1,2,2,2,ds6,,Starkes Baumholz,Starkes Baumholz_6,0,1,1.228,not_young,1388.0,Flühli LU
6287,7260,1,0,2,2,1,1,1,ds2,,Jungwuchs/Dickung,Jungwuchs/Dickung_8,0,1,0.726,young,1673.6,Finsterwald b. E.
6290,13458,3,0,0,0,3,3,1,ds3,,Stangenholz,Stangenholz_10,0,1,1.346,not_young,1505.4,Finsterwald b. E.
6292,23666,3,0,0,0,3,3,3,ds6,,Starkes Baumholz,Starkes Baumholz_6,0,1,2.367,not_young,1090.7,Escholzmatt
6295,9769,3,0,0,0,3,3,3,ds5,,Mittleres Baumholz,Mittleres Baumholz_6,0,1,0.977,not_young,1166.8,Escholzmatt
6300,29068,2,1,0,1,2,2,2,ds5,,Mittleres Baumholz,Mittleres Baumholz_8,0,1,2.907,not_young,1521.8,Escholzmatt
6301,11393,2,1,0,1,2,2,2,ds4,,Schwaches Baumholz,Schwaches Baumholz_8,0,1,1.139,not_young,1623.2,Escholzmatt
6302,12387,3,0,0,0,3,3,3,ds5,,Mittleres Baumholz,Mittleres Baumholz_6,0,1,1.239,not_young,1096.3,Flühli LU
6303,52061,1,0,2,2,1,1,1,ds1,,Jungwuchs/Dickung,Jungwuchs/Dickung_5,0,1,5.206,young,1783.0,Finsterwald b. E.
6305,5566,3,0,0,0,3,3,3,ds5,,Mittleres Baumholz,Mittleres Baumholz_6,0,1,0.557,not_young,1350.7,Flühli LU
6306,22724,2,1,0,1,2,2,2,ds6,,Starkes Baumholz,Starkes Baumholz_6,0,1,2.272,not_young,1389.2,Flühli LU
6307,6189,3,0,0,0,3,3,3,ds5,,Mittleres Baumholz,Mittleres Baumholz_6,0,1,0.619,not_young,1301.9,Escholzmatt
6310,129113,2,1,0,1,2,2,2,ds6,,Starkes Baumholz,Starkes Baumholz_13,0,1,12.911,not_young,997.2,Escholzmatt
6311,6860,3,0,0,0,3,3,3,ds3,,Stangenholz,Stangenholz_8,0,1,0.686,not_young,1598.8,Flühli LU
6312,9237,3,0,0,0,3,3,3,ds6,,Starkes Baumholz,Starkes Baumholz_6,0,1,0.924,not_young,1158.3,Escholzmatt
6317,9758,3,0,0,0,3,3,3,ds5,,Mittleres Baumholz,Mittleres Baumholz_6,0,1,0.976,not_young,1081.5,Flühli LU
6318,9786,2,1,0,1,2,2,2,ds4,,Schwaches Baumholz,Schwaches Baumholz_8,0,1,0.979,not_young,1585.8,Escholzmatt
6319,6153,1,0,2,2,1,1,1,ds1,,Jungwuchs/Dickung,Jungwuchs/Dickung_5,0,1,0.615,young,1821.5,Finsterwald b. E.
6320,20888,2,1,0,1,2,2,2,ds4,,Schwaches Baumholz,Schwaches Baumholz_6,0,1,2.089,not_young,1431.3,Escholzmatt
6321,6050,3,0,0,0,3,3,3,ds6,,Starkes Baumholz,Starkes Baumholz_6,0,1,0.605,not_young,1242.4,Escholzmatt
6326,5435,3,0,0,0,3,4,3,ds4,,Schwaches Baumholz,Schwaches Baumholz_6,0,1,0.543,not_young,1186.5,Escholzmatt
6327,62661,4,0,0,0,3,4,3,ds6,,Starkes Baumholz,Starkes Baumholz_6,0,1,6.266,not_young,1145.0,Flühli LU
6329,5610,2,1,0,1,2,2,2,ds4,,Schwaches Baumholz,Schwaches Baumholz_6,0,1,0.561,not_young,1351.4,Flühli LU
6330,16716,3,0,0,0,3,3,3,ds3,,Stangenholz,Stangenholz_8,0,1,1.672,not_young,1577.8,Flühli LU
6331,13799,1,0,2,2,1,1,1,ds2,,Jungwuchs/Dickung,Jungwuchs/Dickung_5,0,1,1.38,young,1830.6,Finsterwald b. E.
6333,23227,2,1,0,1,2,2,2,ds6,,Starkes Baumholz,Starkes Baumholz_6,0,1,2.323,not_young,1372.6,Escholzmatt
6334,122666,3,0,0,0,3,4,3,ds4,,Schwaches Baumholz,Schwaches Baumholz_8,0,1,12.267,not_young,1598.1,Finsterwald b. E.
6336,27563,3,0,0,0,3,3,3,ds3,,Stangenholz,Stangenholz_10,0,1,2.756,not_young,1501.7,Finsterwald b. E.
6337,9410,3,0,0,0,3,3,3,ds3,,Stangenholz,Stangenholz_8,0,1,0.941,not_young,1568.4,Finsterwald b. E.
6338,8200,2,1,0,1,2,2,2,ds4,,Schwaches Baumholz,Schwaches Baumholz_6,0,1,0.82,not_young,1421.7,Escholzmatt
6339,5161,1,0,2,2,1,1,1,ds1,,Jungwuchs/Dickung,Jungwuchs/Dickung_5,0,1,0.516,young,1874.7,Finsterwald b. E.
6340,15130,3,0,0,0,3,3,3,ds3,,Stangenholz,Stangenholz_10,0,1,1.513,not_young,1491.8,Finsterwald b. E.
6343,62909,4,0,0,0,3,4,3,ds6,,Starkes Baumholz,Starkes Baumholz_13,0,1,6.291,not_young,913.1,Escholzmatt
6344,4991,2,1,0,1,2,2,2,ds4,,Schwaches Baumholz,Schwaches Baumholz_6,0,1,0.499,not_young,1086.7,Escholzmatt
6346,5206,3,0,0,0,3,4,3,ds5,,Mittleres Baumholz,Mittleres Baumholz_6,0,1,0.521,not_young,1019.2,Escholzmatt
6347,11151,2,1,0,1,2,2,2,ds6,,Starkes Baumholz,Starkes Baumholz_6,0,1,1.115,not_young,1027.5,Flühli LU
6349,5159,3,0,0,0,3,3,3,ds6,,Starkes Baumholz,Starkes Baumholz_6,0,1,0.516,not_young,1055.1,Flühli LU
6351,5808,2,1,0,1,2,2,2,ds2,,Jungwuchs/Dickung,Jungwuchs/Dickung_10,0,1,0.581,young,1482.1,Escholzmatt
6352,10995,3,0,0,0,3,3,3,ds5,,Mittleres Baumholz,Mittleres Baumholz_6,0,1,1.1,not_young,1070.0,Flühli LU
6354,11132,2,1,0,1,2,2,2,ds6,,Starkes Baumholz,Starkes Baumholz_6,0,1,1.113,not_young,1029.6,Flühli LU
6356,7613,4,0,0,0,3,4,3,ds6,,Starkes Baumholz,Starkes Baumholz_6,0,1,0.761,not_young,1030.6,Escholzmatt
6359,6450,4,0,0,0,3,4,3,ds6,,Starkes Baumholz,Starkes Baumholz_6,0,1,0.645,not_young,1183.0,Flühli LU
6362,5957,3,0,0,0,3,4,3,ds6,,Starkes Baumholz,Starkes Baumholz_6,0,1,0.596,not_young,1040.6,Trubschachen
6366,5786,2,1,0,1,2,2,2,ds2,,Jungwuchs/Dickung,Jungwuchs/Dickung_6,0,1,0.579,young,1097.2,Escholzmatt
6367,6000,2,1,0,1,2,2,2,ds3,,Stangenholz,Stangenholz_10,0,1,0.6,not_young,1455.6,Escholzmatt
6368,27291,2,1,0,1,2,2,2,ds5,,Mittleres Baumholz,Mittleres Baumholz_8,0,1,2.729,not_young,1547.2,Escholzmatt
6369,5777,3,0,0,0,3,3,3,ds5,,Mittleres Baumholz,Mittleres Baumholz_10,0,1,0.578,not_young,1498.0,Finsterwald b. E.
6370,13500,3,0,0,0,3,3,3,ds6,,Starkes Baumholz,Starkes Baumholz_13,0,1,1.35,not_young,968.8,Marbach LU
6371,19100,4,0,0,0,3,4,3,ds1,,Jungwuchs/Dickung,Jungwuchs/Dickung_6,0,1,1.91,young,1304.9,Escholzmatt
6372,5764,2,1,0,1,2,2,2,ds4,,Schwaches Baumholz,Schwaches Baumholz_8,0,1,0.576,not_young,1649.2,Escholzmatt
6373,8624,2,1,0,1,2,2,2,ds6,,Starkes Baumholz,Starkes Baumholz_6,0,1,0.862,not_young,1046.5,Flühli LU
6375,8715,2,1,0,1,2,2,2,ds6,,Starkes Baumholz,Starkes Baumholz_6,0,1,0.872,not_young,1415.1,Escholzmatt
6376,8159,3,0,0,0,3,3,3,ds2,,Jungwuchs/Dickung,Jungwuchs/Dickung_10,0,1,0.816,young,1554.8,Flühli LU
6377,12055,3,0,0,0,3,3,3,ds6,,Starkes Baumholz,Starkes Baumholz_6,0,1,1.206,not_young,1313.0,Flühli LU
6378,5600,4,0,0,0,3,4,3,ds3,,Stangenholz,Stangenholz_6,0,1,0.56,not_young,1306.3,Escholzmatt
6380,5781,2,1,0,1,2,2,2,ds5,,Mittleres Baumholz,Mittleres Baumholz_6,0,1,0.578,not_young,1397.8,Escholzmatt
6381,5194,3,0,0,0,3,3,3,ds3,,Stangenholz,Stangenholz_13,0,1,0.519,not_young,1013.2,Trubschachen
6382,21200,4,0,0,0,3,4,3,ds2,,Jungwuchs/Dickung,Jungwuchs/Dickung_6,0,1,2.12,young,1267.2,Escholzmatt
6383,5250,2,1,0,1,2,2,2,ds5,,Mittleres Baumholz,Mittleres Baumholz_6,0,1,0.525,not_young,1269.0,Escholzmatt
6384,5350,2,1,0,1,2,2,2,ds6,,Starkes Baumholz,Starkes Baumholz_6,0,1,0.535,not_young,1020.2,Flühli LU
6387,15786,2,1,0,1,2,2,2,ds6,,Starkes Baumholz,Starkes Baumholz_6,0,1,1.579,not_young,1193.3,Escholzmatt
6388,5511,2,1,0,1,2,2,2,ds5,,Mittleres Baumholz,Mittleres Baumholz_8,0,1,0.551,not_young,1481.0,Flühli LU
6390,5050,2,1,0,1,2,2,2,ds5,,Mittleres Baumholz,Mittleres Baumholz_6,0,1,0.505,not_young,980.0,Flühli LU
6391,24009,3,0,0,0,3,3,3,ds2,,Jungwuchs/Dickung,Jungwuchs/Dickung_8,0,1,2.401,young,1579.7,Flühli LU
6392,5000,1,0,2,2,1,1,1,ds4,,Schwaches Baumholz,Schwaches Baumholz_6,0,1,0.5,not_young,1320.9,Flühli LU
6393,5333,2,1,0,1,2,2,2,ds5,,Mittleres Baumholz,Mittleres Baumholz_6,0,1,0.533,not_young,1306.6,Wiggen
6394,10223,3,0,0,0,3,3,3,ds6,,Starkes Baumholz,Starkes Baumholz_13,0,1,1.022,not_young,1012.1,Marbach LU
6395,12550,3,0,0,0,3,3,3,ds1,,Jungwuchs/Dickung,Jungwuchs/Dickung_6,0,1,1.255,young,1379.3,Wiggen
6396,5771,2,1,0,1,2,2,2,ds3,,Stangenholz,Stangenholz_6,0,1,0.577,not_young,1169.9,Flühli LU
6397,6732,2,1,0,1,2,2,2,ds4,,Schwaches Baumholz,Schwaches Baumholz_6,0,1,0.673,not_young,1430.2,Marbach LU
6398,6624,3,0,0,0,3,3,3,ds1,,Jungwuchs/Dickung,Jungwuchs/Dickung_6,0,1,0.662,young,1327.0,Sörenberg
6399,5262,3,0,0,0,3,3,3,ds5,,Mittleres Baumholz,Mittleres Baumholz_13,0,1,0.526,not_young,1019.9,Sörenberg
6400,7761,3,0,0,0,3,3,3,ds6,,Starkes Baumholz,Starkes Baumholz_6,0,1,0.776,not_young,1063.8,Marbach LU
6401,16670,1,1,2,3,1,1,1,ds2,,Jungwuchs/Dickung,Jungwuchs/Dickung_5,0,1,1.667,young,1755.7,Flühli LU
6402,7200,3,0,0,0,3,3,3,ds1,,Jungwuchs/Dickung,Jungwuchs/Dickung_6,0,1,0.72,young,1303.6,Sörenberg
6403,39516,1,1,2,3,1,1,1,ds2,,Jungwuchs/Dickung,Jungwuchs/Dickung_5,0,1,3.952,young,1758.3,Flühli LU
6404,9500,3,0,0,0,3,3,3,ds2,,Jungwuchs/Dickung,Jungwuchs/Dickung_6,0,1,0.95,young,1235.6,Sörenberg
6405,119378,1,1,2,3,1,1,1,ds2,,Jungwuchs/Dickung,Jungwuchs/Dickung_5,0,1,11.938,young,1733.3,Flühli LU
6406,25500,4,0,0,0,3,4,3,ds5,,Mittleres Baumholz,Mittleres Baumholz_10,0,1,2.55,not_young,1502.0,Marbach LU
6407,5900,3,0,0,0,3,3,3,ds4,,Schwaches Baumholz,Schwaches Baumholz_6,0,1,0.59,not_young,1336.4,Sörenberg
6408,28227,3,0,0,0,3,3,3,ds5,,Mittleres Baumholz,Mittleres Baumholz_6,0,1,2.823,not_young,1447.8,Marbach LU
6409,5863,2,1,0,1,2,2,2,ds6,,Starkes Baumholz,Starkes Baumholz_6,0,1,0.586,not_young,1132.1,Marbach LU
6410,12431,2,1,0,1,2,2,2,ds5,,Mittleres Baumholz,Mittleres Baumholz_6,0,1,1.243,not_young,1440.6,Marbach LU
6411,9050,3,0,0,0,3,3,3,ds3,,Stangenholz,Stangenholz_6,0,1,0.905,not_young,1294.6,Sörenberg
6412,10350,3,0,0,0,3,3,3,ds3,,Stangenholz,Stangenholz_10,0,1,1.035,not_young,1549.3,Sörenberg
6413,17308,2,1,0,1,2,2,2,ds4,,Schwaches Baumholz,Schwaches Baumholz_5,0,1,1.731,not_young,1746.5,Sörenberg
6414,5200,3,0,0,0,3,3,3,ds3,,Stangenholz,Stangenholz_6,0,1,0.52,not_young,1412.0,Sörenberg
6415,7978,4,0,0,0,3,4,3,ds6,,Starkes Baumholz,Starkes Baumholz_6,0,1,0.798,not_young,1239.0,Marbach LU
6416,7888,3,0,0,0,3,3,3,ds2,,Jungwuchs/Dickung,Jungwuchs/Dickung_6,0,1,0.789,young,1321.3,Sörenberg
6417,7655,3,0,0,0,3,3,3,ds4,,Schwaches Baumholz,Schwaches Baumholz_6,0,1,0.765,not_young,1215.4,Sörenberg
6418,7998,3,0,0,0,3,3,3,ds1,,Jungwuchs/Dickung,Jungwuchs/Dickung_8,0,1,0.8,young,1714.2,Sörenberg
6419,9090,2,1,0,1,2,2,2,ds5,,Mittleres Baumholz,Mittleres Baumholz_6,0,1,0.909,not_young,1378.5,Sörenberg
6420,5539,2,1,0,1,2,2,2,ds4,,Schwaches Baumholz,Schwaches Baumholz_6,0,1,0.554,not_young,1308.9,Marbach LU
6421,12050,3,0,0,0,3,3,3,ds2,,Jungwuchs/Dickung,Jungwuchs/Dickung_8,0,1,1.205,young,1638.9,Sörenberg
6422,4976,2,1,0,1,2,2,2,ds6,,Starkes Baumholz,Starkes Baumholz_6,0,1,0.498,not_young,1353.3,Marbach LU
6423,8861,2,1,0,1,2,2,2,ds6,,Starkes Baumholz,Starkes Baumholz_6,0,1,0.886,not_young,1099.1,Sörenberg
6424,5636,3,0,0,0,3,3,3,ds3,,Stangenholz,Stangenholz_6,0,1,0.564,not_young,1247.9,Sörenberg
6425,8511,2,1,0,1,2,2,2,ds6,,Starkes Baumholz,Starkes Baumholz_6,0,1,0.851,not_young,1301.2,Sörenberg
6426,73310,3,0,0,0,3,3,3,ds5,,Mittleres Baumholz,Mittleres Baumholz_6,0,1,7.331,not_young,1558.2,Sörenberg
6427,6692,2,1,0,1,2,2,2,ds6,,Starkes Baumholz,Starkes Baumholz_6,0,1,0.669,not_young,1137.4,Sörenberg
6428,5050,2,1,0,1,2,2,2,ds4,,Schwaches Baumholz,Schwaches Baumholz_6,0,1,0.505,not_young,1169.3,Sörenberg
6429,23227,3,0,0,0,3,3,3,ds4,,Schwaches Baumholz,Schwaches Baumholz_6,0,1,2.323,not_young,1432.5,Sörenberg
6430,9799,2,1,0,1,2,2,2,ds3,,Stangenholz,Stangenholz_6,0,1,0.98,not_young,1295.4,Sörenberg
6431,15367,3,0,0,0,3,3,3,ds6,,Starkes Baumholz,Starkes Baumholz_6,0,1,1.537,not_young,1254.4,Schangnau
6432,7050,2,1,0,1,2,2,2,ds5,,Mittleres Baumholz,Mittleres Baumholz_6,0,1,0.705,not_young,1137.5,Schangnau
6433,58052,3,0,0,0,3,3,3,ds4,,Schwaches Baumholz,Schwaches Baumholz_10,0,1,5.805,not_young,1540.2,Sörenberg
6434,42983,3,0,0,0,3,3,3,ds6,,Starkes Baumholz,Starkes Baumholz_6,0,1,4.298,not_young,1240.8,Marbach LU
6435,11223,3,0,0,0,3,3,3,ds2,,Jungwuchs/Dickung,Jungwuchs/Dickung_6,0,1,1.122,young,1247.8,Sörenberg
6436,11037,3,0,0,0,3,3,3,ds6,,Starkes Baumholz,Starkes Baumholz_6,0,1,1.104,not_young,1315.0,Sörenberg
6437,23282,2,1,0,1,2,2,2,ds6,,Starkes Baumholz,Starkes Baumholz_10,0,1,2.328,not_young,1473.0,Sörenberg
6438,5748,3,0,0,0,3,3,3,ds6,,Starkes Baumholz,Starkes Baumholz_6,0,1,0.575,not_young,1249.3,Sörenberg
6439,12296,3,0,0,0,3,3,3,ds4,,Schwaches Baumholz,Schwaches Baumholz_6,0,1,1.23,not_young,1462.9,Sörenberg
6440,11480,1,0,2,2,1,1,1,ds6,,Starkes Baumholz,Starkes Baumholz_6,0,1,1.148,not_young,1297.7,Sörenberg
6441,28524,2,1,0,1,2,2,2,ds6,,Starkes Baumholz,Starkes Baumholz_6,0,1,2.852,not_young,1410.6,Sörenberg
6442,8584,3,0,0,0,3,3,3,ds5,,Mittleres Baumholz,Mittleres Baumholz_10,0,1,0.858,not_young,1471.3,Sörenberg
6443,11051,2,1,0,1,2,2,2,ds6,,Starkes Baumholz,Starkes Baumholz_6,0,1,1.105,not_young,1062.0,Flühli LU
6444,8800,2,1,0,1,2,2,2,ds5,,Mittleres Baumholz,Mittleres Baumholz_6,0,1,0.88,not_young,1086.6,Escholzmatt
6445,7541,2,1,0,1,2,2,2,ds5,,Mittleres Baumholz,Mittleres Baumholz_8,0,1,0.754,not_young,1534.9,Flühli LU
6446,11347,3,0,0,0,3,3,3,ds6,,Starkes Baumholz,Starkes Baumholz_13,0,1,1.135,not_young,938.9,Marbach LU
6447,14012,3,0,0,0,3,3,3,ds3,,Stangenholz,Stangenholz_8,0,1,1.401,not_young,1670.1,Flühli LU
6450,29664,2,1,0,1,2,2,2,ds6,,Starkes Baumholz,Starkes Baumholz_6,0,1,2.966,not_young,1152.8,Flühli LU
6451,6608,2,1,0,1,2,2,2,ds6,,Starkes Baumholz,Starkes Baumholz_6,0,1,0.661,not_young,1165.2,Flühli LU
6453,12800,4,0,0,0,3,4,3,ds6,,Starkes Baumholz,Starkes Baumholz_13,0,1,1.28,not_young,971.8,Marbach LU
6457,9300,2,1,0,1,2,2,2,ds4,,Schwaches Baumholz,Schwaches Baumholz_6,0,1,0.93,not_young,1118.9,Escholzmatt
6458,11764,2,1,0,1,2,2,2,ds6,,Starkes Baumholz,Starkes Baumholz_6,0,1,1.176,not_young,1004.1,Flühli LU
6459,5209,3,0,0,0,3,3,3,ds5,,Mittleres Baumholz,Mittleres Baumholz_6,0,1,0.521,not_young,1394.1,Flühli LU
6460,6419,3,0,0,0,3,4,3,ds5,,Mittleres Baumholz,Mittleres Baumholz_13,0,1,0.642,not_young,1000.0,Escholzmatt
6461,13240,2,1,0,1,2,2,2,ds3,,Stangenholz,Stangenholz_6,0,1,1.324,not_young,1119.3,Escholzmatt
6462,8174,2,1,0,1,2,2,2,ds3,,Stangenholz,Stangenholz_8,0,1,0.817,not_young,1609.3,Escholzmatt
6465,25700,2,1,0,1,2,2,2,ds6,,Starkes Baumholz,Starkes Baumholz_6,0,1,2.57,not_young,1012.5,Flühli LU
6466,8081,2,1,0,1,2,2,2,ds6,,Starkes Baumholz,Starkes Baumholz_6,0,1,0.808,not_young,1184.1,Flühli LU
6468,34599,3,0,0,0,3,3,3,ds4,,Schwaches Baumholz,Schwaches Baumholz_8,0,1,3.46,not_young,1613.6,Finsterwald b. E.
6469,7752,2,1,0,1,2,2,2,ds6,,Starkes Baumholz,Starkes Baumholz_6,0,1,0.775,not_young,1148.8,Flühli LU
6470,7375,2,1,0,1,2,2,2,ds6,,Starkes Baumholz,Starkes Baumholz_6,0,1,0.738,not_young,1082.4,Flühli LU
6471,10850,2,1,0,1,2,2,2,ds4,,Schwaches Baumholz,Schwaches Baumholz_6,0,1,1.085,not_young,1264.1,Escholzmatt
6472,5486,2,1,0,1,2,2,2,ds3,,Stangenholz,Stangenholz_8,0,1,0.549,not_young,1528.7,Wiggen
6473,64506,2,1,0,1,2,2,2,ds6,,Starkes Baumholz,Starkes Baumholz_6,0,1,6.451,not_young,1383.1,Flühli LU
6474,52332,2,1,0,1,2,2,2,ds6,,Starkes Baumholz,Starkes Baumholz_6,0,1,5.233,not_young,1400.7,Escholzmatt
6475,6687,3,0,0,0,3,3,3,ds3,,Stangenholz,Stangenholz_8,0,1,0.669,not_young,1673.2,Flühli LU
6476,9832,2,1,0,1,2,2,2,ds4,,Schwaches Baumholz,Schwaches Baumholz_8,0,1,0.983,not_young,1584.8,Flühli LU
6477,12901,3,0,0,0,3,3,3,ds5,,Mittleres Baumholz,Mittleres Baumholz_8,0,1,1.29,not_young,1695.0,Flühli LU
6478,6450,4,0,0,0,3,4,3,ds6,,Starkes Baumholz,Starkes Baumholz_6,0,1,0.645,not_young,1031.9,Flühli LU
6479,16684,2,1,0,1,2,2,2,ds6,,Starkes Baumholz,Starkes Baumholz_6,0,1,1.668,not_young,1150.1,Escholzmatt
6481,5500,2,1,0,1,2,2,2,ds2,,Jungwuchs/Dickung,Jungwuchs/Dickung_6,0,1,0.55,young,1321.6,Escholzmatt
6482,9450,2,1,0,1,2,2,2,ds4,,Schwaches Baumholz,Schwaches Baumholz_6,0,1,0.945,not_young,1116.5,Flühli LU
6483,6550,2,1,0,1,2,2,2,ds6,,Starkes Baumholz,Starkes Baumholz_6,0,1,0.655,not_young,1086.2,Flühli LU
6484,8385,2,1,0,1,2,2,2,ds6,,Starkes Baumholz,Starkes Baumholz_6,0,1,0.838,not_young,980.1,Flühli LU
6485,30542,4,0,0,0,3,4,3,ds6,,Starkes Baumholz,Starkes Baumholz_13,0,1,3.054,not_young,1005.6,Escholzmatt
6486,5431,2,1,0,1,2,2,2,ds5,,Mittleres Baumholz,Mittleres Baumholz_6,0,1,0.543,not_young,1197.9,Escholzmatt
6488,54602,2,1,0,1,2,2,2,ds6,,Starkes Baumholz,Starkes Baumholz_6,0,1,5.46,not_young,1034.1,Flühli LU
6489,5184,4,0,0,0,3,4,3,ds6,,Starkes Baumholz,Starkes Baumholz_6,0,1,0.518,not_young,1041.9,Escholzmatt
6490,7550,3,0,0,0,3,4,3,ds5,,Mittleres Baumholz,Mittleres Baumholz_6,0,1,0.755,not_young,1113.6,Flühli LU
6491,5781,3,0,0,0,3,3,3,ds6,,Starkes Baumholz,Starkes Baumholz_6,0,1,0.578,not_young,1394.3,Flühli LU
6492,9250,2,1,0,1,2,2,2,ds5,,Mittleres Baumholz,Mittleres Baumholz_6,0,1,0.925,not_young,1142.4,Flühli LU
6493,10477,3,0,0,0,3,3,3,ds3,,Stangenholz,Stangenholz_8,0,1,1.048,not_young,1650.9,Flühli LU
6494,7824,3,0,0,0,3,3,3,ds4,,Schwaches Baumholz,Schwaches Baumholz_13,0,1,0.782,not_young,978.4,Flühli LU
6497,7100,2,1,0,1,2,2,2,ds5,,Mittleres Baumholz,Mittleres Baumholz_6,0,1,0.71,not_young,1193.3,Flühli LU
6498,10496,3,0,0,0,3,3,3,ds4,,Schwaches Baumholz,Schwaches Baumholz_8,0,1,1.05,not_young,1625.5,Flühli LU
6500,6566,2,1,0,1,2,2,2,ds5,,Mittleres Baumholz,Mittleres Baumholz_8,0,1,0.657,not_young,1474.6,Flühli LU
6501,7650,4,0,0,0,3,4,3,ds5,,Mittleres Baumholz,Mittleres Baumholz_13,0,1,0.765,not_young,969.9,Marbach LU
6502,8116,2,1,0,1,2,2,2,ds6,,Starkes Baumholz,Starkes Baumholz_6,0,1,0.812,not_young,1138.9,Flühli LU
6504,7372,2,1,0,1,2,2,2,ds6,,Starkes Baumholz,Starkes Baumholz_6,0,1,0.737,not_young,1205.3,Escholzmatt
6505,7150,2,1,0,1,2,2,2,ds4,,Schwaches Baumholz,Schwaches Baumholz_6,0,1,0.715,not_young,1419.3,Escholzmatt
6506,12524,3,0,0,0,3,3,3,ds4,,Schwaches Baumholz,Schwaches Baumholz_8,0,1,1.252,not_young,1629.6,Finsterwald b. E.
6507,27871,2,1,0,1,2,2,2,ds6,,Starkes Baumholz,Starkes Baumholz_6,0,1,2.787,not_young,1185.0,Escholzmatt
6508,11900,2,1,0,1,2,2,2,ds2,,Jungwuchs/Dickung,Jungwuchs/Dickung_6,0,1,1.19,young,1290.7,Escholzmatt
6509,8005,4,0,0,0,3,4,3,ds6,,Starkes Baumholz,Starkes Baumholz_13,0,1,0.801,not_young,963.7,Escholzmatt
6510,8300,2,1,0,1,2,2,2,ds3,,Stangenholz,Stangenholz_6,0,1,0.83,not_young,1138.7,Flühli LU
6512,8300,2,1,0,1,2,2,2,ds6,,Starkes Baumholz,Starkes Baumholz_6,0,1,0.83,not_young,1168.7,Flühli LU
6515,27300,4,0,0,0,3,4,3,ds6,,Starkes Baumholz,Starkes Baumholz_13,0,1,2.73,not_young,971.1,Marbach LU
6516,36015,2,1,0,1,2,2,2,ds6,,Starkes Baumholz,Starkes Baumholz_6,0,1,3.601,not_young,1293.1,Flühli LU
6517,11875,2,1,0,1,2,2,2,ds5,,Mittleres Baumholz,Mittleres Baumholz_10,0,1,1.187,not_young,1562.0,Flühli LU
6519,10400,2,1,0,1,2,2,2,ds4,,Schwaches Baumholz,Schwaches Baumholz_8,0,1,1.04,not_young,1533.2,Wiggen
6520,11250,2,1,0,1,2,2,2,ds3,,Stangenholz,Stangenholz_6,0,1,1.125,not_young,1438.9,Escholzmatt
6521,8050,2,1,0,1,2,2,2,ds5,,Mittleres Baumholz,Mittleres Baumholz_6,0,1,0.805,not_young,1224.0,Flühli LU
6523,6850,4,0,0,0,3,4,3,ds6,,Starkes Baumholz,Starkes Baumholz_6,0,1,0.685,not_young,1100.9,Flühli LU
6524,54121,2,1,0,1,2,2,2,ds4,,Schwaches Baumholz,Schwaches Baumholz_8,0,1,5.412,not_young,1575.3,Wiggen
6525,6650,3,0,0,0,3,3,3,ds5,,Mittleres Baumholz,Mittleres Baumholz_6,0,1,0.665,not_young,1061.5,Flühli LU
6526,68293,4,0,0,0,3,4,3,ds6,,Starkes Baumholz,Starkes Baumholz_13,0,1,6.829,not_young,908.8,Trubschachen
6527,8900,2,1,0,1,2,2,2,ds3,,Stangenholz,Stangenholz_6,0,1,0.89,not_young,1180.5,Flühli LU
6528,16446,3,0,0,0,3,3,3,ds6,,Starkes Baumholz,Starkes Baumholz_13,0,1,1.645,not_young,983.5,Flühli LU
6529,7742,2,1,0,1,2,2,2,ds5,,Mittleres Baumholz,Mittleres Baumholz_8,0,1,0.774,not_young,1518.0,Flühli LU
6530,9250,4,0,0,0,3,4,3,ds6,,Starkes Baumholz,Starkes Baumholz_13,0,1,0.925,not_young,950.8,Trubschachen
6531,6182,4,0,0,0,3,4,3,ds4,,Schwaches Baumholz,Schwaches Baumholz_6,0,1,0.618,not_young,1205.6,Escholzmatt
6532,8650,2,1,0,1,2,2,2,ds5,,Mittleres Baumholz,Mittleres Baumholz_6,0,1,0.865,not_young,1136.9,Flühli LU
6533,95085,2,1,0,1,2,2,2,ds6,,Starkes Baumholz,Starkes Baumholz_6,0,1,9.509,not_young,1112.0,Flühli LU
6534,5100,2,1,0,1,2,2,2,ds5,,Mittleres Baumholz,Mittleres Baumholz_6,0,1,0.51,not_young,1231.7,Flühli LU
6535,5964,2,1,0,1,2,2,2,ds5,,Mittleres Baumholz,Mittleres Baumholz_8,0,1,0.596,not_young,1467.5,Flühli LU
6538,15150,3,0,0,0,3,3,3,ds4,,Schwaches Baumholz,Schwaches Baumholz_6,0,1,1.515,not_young,1028.9,Flühli LU
6540,14053,2,1,0,1,2,2,2,ds6,,Starkes Baumholz,Starkes Baumholz_6,0,1,1.405,not_young,995.0,Escholzmatt
6541,5200,2,1,0,1,2,2,2,ds4,,Schwaches Baumholz,Schwaches Baumholz_6,0,1,0.52,not_young,1196.5,Flühli LU
6543,19333,2,1,0,1,2,2,2,ds5,,Mittleres Baumholz,Mittleres Baumholz_6,0,1,1.933,not_young,1200.2,Escholzmatt
6544,9450,2,1,0,1,2,2,2,ds3,,Stangenholz,Stangenholz_6,0,1,0.945,not_young,1289.7,Flühli LU
6547,6300,2,1,0,1,2,2,2,ds3,,Stangenholz,Stangenholz_6,0,1,0.63,not_young,1218.4,Flühli LU
6548,5100,3,0,0,0,3,4,3,ds5,,Mittleres Baumholz,Mittleres Baumholz_6,0,1,0.51,not_young,1102.2,Flühli LU
6549,42401,4,0,0,0,3,4,3,ds6,,Starkes Baumholz,Starkes Baumholz_13,0,1,4.24,not_young,929.9,Marbach LU
6550,6050,4,0,0,0,3,4,3,ds3,,Stangenholz,Stangenholz_6,0,1,0.605,not_young,1208.1,Escholzmatt
6551,5550,2,1,0,1,2,2,2,ds5,,Mittleres Baumholz,Mittleres Baumholz_6,0,1,0.555,not_young,1398.5,Escholzmatt
6552,38939,2,1,0,1,2,2,2,ds6,,Starkes Baumholz,Starkes Baumholz_6,0,1,3.894,not_young,1138.9,Flühli LU
6553,16050,3,0,0,0,3,4,3,ds6,,Starkes Baumholz,Starkes Baumholz_6,0,1,1.605,not_young,1205.9,Flühli LU
6554,5900,3,0,0,0,3,4,3,ds4,,Schwaches Baumholz,Schwaches Baumholz_6,0,1,0.59,not_young,965.5,Trubschachen
6555,5145,2,1,0,1,2,2,2,ds6,,Starkes Baumholz,Starkes Baumholz_6,0,1,0.514,not_young,1320.8,Flühli LU
6556,10400,2,1,0,1,2,2,2,ds2,,Jungwuchs/Dickung,Jungwuchs/Dickung_6,0,1,1.04,young,1202.7,Flühli LU
6557,5900,4,0,0,0,3,4,3,ds5,,Mittleres Baumholz,Mittleres Baumholz_6,0,1,0.59,not_young,1188.1,Flühli LU
6558,21350,3,0,0,0,3,3,3,ds6,,Starkes Baumholz,Starkes Baumholz_13,0,1,2.135,not_young,938.8,Marbach LU
6559,5150,2,1,0,1,2,2,2,ds5,,Mittleres Baumholz,Mittleres Baumholz_6,0,1,0.515,not_young,1186.8,Flühli LU
6562,6150,2,1,0,1,2,2,2,ds5,,Mittleres Baumholz,Mittleres Baumholz_13,0,1,0.615,not_young,998.4,Escholzmatt
6563,8600,4,0,0,0,3,4,3,ds2,,Jungwuchs/Dickung,Jungwuchs/Dickung_6,0,1,0.86,young,1236.8,Escholzmatt
6564,18150,2,1,0,1,2,2,2,ds3,,Stangenholz,Stangenholz_6,0,1,1.815,not_young,1310.7,Flühli LU
6565,10555,2,1,0,1,2,2,2,ds3,,Stangenholz,Stangenholz_8,0,1,1.055,not_young,1555.4,Wiggen
6566,5700,3,0,0,0,3,3,3,ds6,,Starkes Baumholz,Starkes Baumholz_6,0,1,0.57,not_young,1252.9,Flühli LU
6567,9000,2,1,0,1,2,2,2,ds4,,Schwaches Baumholz,Schwaches Baumholz_6,0,1,0.9,not_young,1289.7,Escholzmatt
6568,8750,4,0,0,0,3,4,3,ds3,,Stangenholz,Stangenholz_6,0,1,0.875,not_young,1238.3,Escholzmatt
6570,12085,2,1,0,1,2,2,2,ds6,,Starkes Baumholz,Starkes Baumholz_13,0,1,1.208,not_young,956.5,Escholzmatt
6573,8400,4,0,0,0,3,4,3,ds6,,Starkes Baumholz,Starkes Baumholz_6,0,1,0.84,not_young,1291.0,Escholzmatt
6574,8273,2,1,0,1,2,2,2,ds4,,Schwaches Baumholz,Schwaches Baumholz_8,0,1,0.827,not_young,1525.1,Flühli LU
6575,5839,2,1,0,1,2,2,2,ds6,,Starkes Baumholz,Starkes Baumholz_8,0,1,0.584,not_young,1457.8,Flühli LU
6576,13514,2,1,0,1,2,2,2,ds5,,Mittleres Baumholz,Mittleres Baumholz_6,0,1,1.351,not_young,1218.0,Flühli LU
6578,8998,3,0,0,0,3,4,3,ds6,,Starkes Baumholz,Starkes Baumholz_13,0,1,0.9,not_young,993.5,Escholzmatt
6579,7424,2,1,0,1,2,2,2,ds6,,Starkes Baumholz,Starkes Baumholz_13,0,1,0.742,not_young,958.0,Escholzmatt
6580,5174,4,0,0,0,3,4,3,ds6,,Starkes Baumholz,Starkes Baumholz_6,0,1,0.517,not_young,993.4,Trubschachen
6581,6856,4,0,0,0,3,4,3,ds6,,Starkes Baumholz,Starkes Baumholz_6,0,1,0.686,not_young,1034.7,Trubschachen
6582,8525,2,1,0,1,2,2,2,ds4,,Schwaches Baumholz,Schwaches Baumholz_8,0,1,0.853,not_young,1608.0,Wiggen
6583,5020,2,1,0,1,2,2,2,ds4,,Schwaches Baumholz,Schwaches Baumholz_6,0,1,0.502,not_young,1216.7,Escholzmatt
6584,13783,3,0,0,0,3,4,3,ds6,,Starkes Baumholz,Starkes Baumholz_6,0,1,1.378,not_young,1019.7,Trubschachen
6585,5888,3,0,0,0,3,3,3,ds6,,Starkes Baumholz,Starkes Baumholz_6,0,1,0.589,not_young,1003.4,Trubschachen
6586,6424,2,1,0,1,2,2,2,ds5,,Mittleres Baumholz,Mittleres Baumholz_6,0,1,0.642,not_young,1034.6,Escholzmatt
6587,20577,3,0,0,0,3,3,3,ds2,,Jungwuchs/Dickung,Jungwuchs/Dickung_10,0,1,2.058,young,1507.5,Flühli LU
6589,45619,3,0,0,0,3,3,3,ds6,,Starkes Baumholz,Starkes Baumholz_13,0,1,4.562,not_young,951.0,Marbach LU
6590,8500,3,0,0,0,3,3,3,ds6,,Starkes Baumholz,Starkes Baumholz_6,0,1,0.85,not_young,1180.0,Flühli LU
6591,18415,3,0,0,0,3,3,3,ds3,,Stangenholz,Stangenholz_10,0,1,1.841,not_young,1506.8,Flühli LU
6594,8192,2,1,0,1,2,2,2,ds6,,Starkes Baumholz,Starkes Baumholz_13,0,1,0.819,not_young,970.0,Escholzmatt
6596,8003,4,0,0,0,3,4,3,ds4,,Schwaches Baumholz,Schwaches Baumholz_6,0,1,0.8,not_young,1255.8,Escholzmatt
6597,33035,2,1,0,1,2,2,2,ds5,,Mittleres Baumholz,Mittleres Baumholz_10,0,1,3.304,not_young,1463.8,Escholzmatt
6598,5050,3,0,0,0,3,3,3,ds2,,Jungwuchs/Dickung,Jungwuchs/Dickung_6,0,1,0.505,young,1318.0,Flühli LU
6599,26313,2,1,0,1,2,2,2,ds4,,Schwaches Baumholz,Schwaches Baumholz_6,0,1,2.631,not_young,1278.6,Escholzmatt
6600,7350,2,1,0,1,2,2,2,ds4,,Schwaches Baumholz,Schwaches Baumholz_6,0,1,0.735,not_young,1399.5,Escholzmatt
6601,5882,3,0,0,0,3,4,3,ds6,,Starkes Baumholz,Starkes Baumholz_6,0,1,0.588,not_young,1045.3,Trubschachen
6603,37835,2,1,0,1,2,2,2,ds5,,Mittleres Baumholz,Mittleres Baumholz_6,0,1,3.784,not_young,1330.5,Escholzmatt
6604,7237,2,1,0,1,2,2,2,ds2,,Jungwuchs/Dickung,Jungwuchs/Dickung_8,0,1,0.724,young,1672.6,Wiggen
6605,11650,2,1,0,1,2,2,2,ds2,,Jungwuchs/Dickung,Jungwuchs/Dickung_6,0,1,1.165,young,1287.4,Flühli LU
6606,9467,4,0,0,0,3,4,3,ds5,,Mittleres Baumholz,Mittleres Baumholz_6,0,1,0.947,not_young,1339.8,Escholzmatt
6607,9150,2,1,0,1,2,2,2,ds4,,Schwaches Baumholz,Schwaches Baumholz_6,0,1,0.915,not_young,1402.0,Escholzmatt
6608,5650,4,0,0,0,3,4,3,ds1,,Jungwuchs/Dickung,Jungwuchs/Dickung_6,0,1,0.565,young,1280.7,Escholzmatt
6609,30428,3,0,0,0,3,3,3,ds6,,Starkes Baumholz,Starkes Baumholz_6,0,1,3.043,not_young,1272.4,Flühli LU
6610,9413,2,1,0,1,2,2,2,ds6,,Starkes Baumholz,Starkes Baumholz_6,0,1,0.941,not_young,1344.3,Flühli LU
6611,7000,3,0,0,0,3,4,3,ds3,,Stangenholz,Stangenholz_6,0,1,0.7,not_young,1295.4,Escholzmatt
6612,9421,2,1,0,1,2,2,2,ds3,,Stangenholz,Stangenholz_6,0,1,0.942,not_young,1274.9,Flühli LU
6613,6500,2,1,0,1,2,2,2,ds6,,Starkes Baumholz,Starkes Baumholz_6,0,1,0.65,not_young,1322.9,Flühli LU
6614,7200,2,1,0,1,2,2,2,ds4,,Schwaches Baumholz,Schwaches Baumholz_6,0,1,0.72,not_young,1366.3,Escholzmatt
6615,8829,3,0,0,0,3,3,3,ds6,,Starkes Baumholz,Starkes Baumholz_6,0,1,0.883,not_young,1213.1,Flühli LU
6616,19990,2,1,0,1,2,2,2,ds5,,Mittleres Baumholz,Mittleres Baumholz_6,0,1,1.999,not_young,1212.3,Escholzmatt
6617,6583,2,1,0,1,2,2,2,ds4,,Schwaches Baumholz,Schwaches Baumholz_6,0,1,0.658,not_young,1180.8,Escholzmatt
6622,5450,2,1,0,1,2,2,2,ds3,,Stangenholz,Stangenholz_8,0,1,0.545,not_young,1688.9,Wiggen
6624,12141,2,1,0,1,2,2,2,ds5,,Mittleres Baumholz,Mittleres Baumholz_8,0,1,1.214,not_young,1534.4,Flühli LU
6625,12062,2,1,0,1,2,2,2,ds5,,Mittleres Baumholz,Mittleres Baumholz_6,0,1,1.206,not_young,1407.8,Flühli LU
6626,5300,2,1,0,1,2,2,2,ds4,,Schwaches Baumholz,Schwaches Baumholz_6,0,1,0.53,not_young,1310.9,Escholzmatt
6627,8201,4,0,0,0,3,4,3,ds3,,Stangenholz,Stangenholz_6,0,1,0.82,not_young,1300.4,Escholzmatt
6628,12643,3,0,0,0,3,3,3,ds6,,Starkes Baumholz,Starkes Baumholz_6,0,1,1.264,not_young,1005.0,Flühli LU
6630,12908,2,1,0,1,2,2,2,ds3,,Stangenholz,Stangenholz_8,0,1,1.291,not_young,1520.1,Wiggen
6633,8550,3,0,0,0,3,3,3,ds4,,Schwaches Baumholz,Schwaches Baumholz_8,0,1,0.855,not_young,1715.0,Flühli LU
6635,32888,4,0,0,0,3,4,3,ds6,,Starkes Baumholz,Starkes Baumholz_13,0,1,3.289,not_young,994.5,Marbach LU
6636,7350,2,1,0,1,2,2,2,ds5,,Mittleres Baumholz,Mittleres Baumholz_6,0,1,0.735,not_young,1345.7,Escholzmatt
6637,11400,2,1,0,1,2,2,2,ds3,,Stangenholz,Stangenholz_10,0,1,1.14,not_young,1464.6,Escholzmatt
6638,12379,3,0,0,0,3,3,3,ds5,,Mittleres Baumholz,Mittleres Baumholz_6,0,1,1.238,not_young,1236.3,Flühli LU
6639,11237,3,0,0,0,3,3,3,ds6,,Starkes Baumholz,Starkes Baumholz_6,0,1,1.124,not_young,1319.7,Flühli LU
6640,41830,3,0,0,0,3,3,3,ds6,,Starkes Baumholz,Starkes Baumholz_6,0,1,4.183,not_young,1078.1,Flühli LU
6643,7452,2,1,0,1,2,2,2,ds4,,Schwaches Baumholz,Schwaches Baumholz_6,0,1,0.745,not_young,1410.7,Escholzmatt
6644,15168,2,1,0,1,2,2,2,ds2,,Jungwuchs/Dickung,Jungwuchs/Dickung_8,0,1,1.517,young,1702.3,Wiggen
6645,5925,2,1,0,1,2,2,2,ds3,,Stangenholz,Stangenholz_8,0,1,0.592,not_young,1606.9,Wiggen
6646,12509,2,1,0,1,2,2,2,ds6,,Starkes Baumholz,Starkes Baumholz_6,0,1,1.251,not_young,1445.1,Flühli LU
6647,5011,4,0,0,0,3,4,3,ds3,,Stangenholz,Stangenholz_6,0,1,0.501,not_young,1138.2,Escholzmatt
6648,9969,2,1,0,1,2,2,2,ds6,,Starkes Baumholz,Starkes Baumholz_6,0,1,0.997,not_young,1040.4,Escholzmatt
6649,7200,2,1,0,1,2,2,2,ds2,,Jungwuchs/Dickung,Jungwuchs/Dickung_6,0,1,0.72,young,1376.1,Flühli LU
6650,9450,2,1,0,1,2,2,2,ds4,,Schwaches Baumholz,Schwaches Baumholz_6,0,1,0.945,not_young,1291.1,Escholzmatt
6651,8355,2,1,0,1,2,2,2,ds3,,Stangenholz,Stangenholz_8,0,1,0.836,not_young,1673.3,Wiggen
6652,9533,2,1,0,1,2,2,2,ds3,,Stangenholz,Stangenholz_8,0,1,0.953,not_young,1645.3,Wiggen
6654,6502,3,0,0,0,3,3,3,ds3,,Stangenholz,Stangenholz_8,0,1,0.65,not_young,1684.7,Wiggen
6655,15487,2,1,0,1,2,2,2,ds5,,Mittleres Baumholz,Mittleres Baumholz_6,0,1,1.549,not_young,1243.6,Escholzmatt
6656,10007,3,0,0,0,3,3,3,ds6,,Starkes Baumholz,Starkes Baumholz_6,0,1,1.001,not_young,1389.3,Flühli LU
6657,6900,3,0,0,0,3,3,3,ds4,,Schwaches Baumholz,Schwaches Baumholz_8,0,1,0.69,not_young,1689.1,Flühli LU
6658,6250,2,1,0,1,2,2,2,ds4,,Schwaches Baumholz,Schwaches Baumholz_6,0,1,0.625,not_young,1257.8,Escholzmatt
6659,36700,2,1,0,1,2,2,2,ds1,,Jungwuchs/Dickung,Jungwuchs/Dickung_6,0,1,3.67,young,1351.6,Flühli LU
6660,18255,3,0,0,0,3,3,3,ds6,,Starkes Baumholz,Starkes Baumholz_13,0,1,1.826,not_young,938.5,Marbach LU
6662,10635,2,1,0,1,2,2,2,ds3,,Stangenholz,Stangenholz_8,0,1,1.063,not_young,1633.9,Wiggen
6663,5350,3,0,0,0,3,3,3,ds4,,Schwaches Baumholz,Schwaches Baumholz_6,0,1,0.535,not_young,1127.7,Flühli LU
6664,5001,4,0,0,0,3,4,3,ds6,,Starkes Baumholz,Starkes Baumholz_13,0,1,0.5,not_young,985.4,Wiggen
6665,7266,2,1,0,1,2,2,2,ds5,,Mittleres Baumholz,Mittleres Baumholz_6,0,1,0.727,not_young,1042.2,Escholzmatt
6666,5012,2,1,0,1,2,2,2,ds5,,Mittleres Baumholz,Mittleres Baumholz_6,0,1,0.501,not_young,1077.6,Escholzmatt
6667,5425,2,1,0,1,2,2,2,ds3,,Stangenholz,Stangenholz_6,0,1,0.543,not_young,1115.5,Escholzmatt
6669,11361,2,1,0,1,2,2,2,ds6,,Starkes Baumholz,Starkes Baumholz_10,0,1,1.136,not_young,1477.3,Flühli LU
6670,10326,2,1,0,1,2,2,2,ds6,,Starkes Baumholz,Starkes Baumholz_6,0,1,1.033,not_young,1302.3,Flühli LU
6671,6280,4,0,0,0,3,4,3,ds6,,Starkes Baumholz,Starkes Baumholz_6,0,1,0.628,not_young,1140.4,Trubschachen
6673,8405,2,1,0,1,2,2,2,ds5,,Mittleres Baumholz,Mittleres Baumholz_6,0,1,0.841,not_young,1407.5,Escholzmatt
6674,7470,2,1,0,1,2,2,2,ds3,,Stangenholz,Stangenholz_6,0,1,0.747,not_young,1341.1,Flühli LU
6675,21844,2,1,0,1,2,2,2,ds2,,Jungwuchs/Dickung,Jungwuchs/Dickung_6,0,1,2.184,young,1341.6,Flühli LU
6677,22950,2,1,0,1,2,2,2,ds6,,Starkes Baumholz,Starkes Baumholz_6,0,1,2.295,not_young,1437.7,Escholzmatt
6678,9800,2,1,0,1,2,2,2,ds6,,Starkes Baumholz,Starkes Baumholz_6,0,1,0.98,not_young,1360.2,Flühli LU
6679,31081,3,0,0,0,3,3,3,ds4,,Schwaches Baumholz,Schwaches Baumholz_8,0,1,3.108,not_young,1466.0,Flühli LU
6680,7939,4,0,0,0,3,4,3,ds3,,Stangenholz,Stangenholz_6,0,1,0.794,not_young,1264.0,Escholzmatt
6681,5771,2,1,0,1,2,2,2,ds4,,Schwaches Baumholz,Schwaches Baumholz_8,0,1,0.577,not_young,1614.2,Wiggen
6682,5125,2,1,0,1,2,2,2,ds3,,Stangenholz,Stangenholz_10,0,1,0.513,not_young,1460.0,Flühli LU
6683,7510,3,0,0,0,3,3,3,ds5,,Mittleres Baumholz,Mittleres Baumholz_10,0,1,0.751,not_young,1443.5,Flühli LU
6684,76706,4,0,0,0,3,4,3,ds6,,Starkes Baumholz,Starkes Baumholz_13,0,1,7.671,not_young,979.4,Trubschachen
6685,38650,2,1,0,1,2,2,2,ds6,,Starkes Baumholz,Starkes Baumholz_6,0,1,3.865,not_young,1388.2,Escholzmatt
6686,12600,4,0,0,0,3,4,3,ds6,,Starkes Baumholz,Starkes Baumholz_6,0,1,1.26,not_young,1010.2,Escholzmatt
6687,7642,2,1,0,1,2,2,2,ds4,,Schwaches Baumholz,Schwaches Baumholz_10,0,1,0.764,not_young,1428.3,Escholzmatt
6688,7700,3,0,0,0,3,3,3,ds3,,Stangenholz,Stangenholz_8,0,1,0.77,not_young,1649.3,Wiggen
6689,5728,4,0,0,0,3,4,3,ds6,,Starkes Baumholz,Starkes Baumholz_6,0,1,0.573,not_young,991.8,Marbach LU
6690,5900,2,1,0,1,2,2,2,ds6,,Starkes Baumholz,Starkes Baumholz_10,0,1,0.59,not_young,1427.1,Flühli LU
6691,17888,2,1,0,1,2,2,2,ds2,,Jungwuchs/Dickung,Jungwuchs/Dickung_6,0,1,1.789,young,1391.6,Flühli LU
6692,13850,3,0,0,0,3,3,3,ds3,,Stangenholz,Stangenholz_8,0,1,1.385,not_young,1648.0,Flühli LU
6693,56788,3,0,0,0,3,3,3,ds5,,Mittleres Baumholz,Mittleres Baumholz_8,0,1,5.679,not_young,1537.9,Flühli LU
6694,12152,3,0,0,0,3,3,3,ds3,,Stangenholz,Stangenholz_10,0,1,1.215,not_young,1455.8,Flühli LU
6695,5905,2,1,0,1,2,2,2,ds6,,Starkes Baumholz,Starkes Baumholz_6,0,1,0.59,not_young,1073.8,Escholzmatt
6696,7353,3,0,0,0,3,3,3,ds6,,Starkes Baumholz,Starkes Baumholz_6,0,1,0.735,not_young,1380.8,Flühli LU
6697,5763,4,0,0,0,3,4,3,ds4,,Schwaches Baumholz,Schwaches Baumholz_6,0,1,0.576,not_young,1051.3,Escholzmatt
6698,5400,3,0,0,0,3,3,3,ds1,,Jungwuchs/Dickung,Jungwuchs/Dickung_8,0,1,0.54,young,1625.3,Wiggen
6699,44952,3,0,0,0,3,3,3,ds4,,Schwaches Baumholz,Schwaches Baumholz_8,0,1,4.495,not_young,1613.9,Flühli LU
6700,6406,2,1,0,1,2,2,2,ds5,,Mittleres Baumholz,Mittleres Baumholz_6,0,1,0.641,not_young,1153.7,Escholzmatt
6701,5900,2,1,0,1,2,2,2,ds3,,Stangenholz,Stangenholz_6,0,1,0.59,not_young,1352.9,Flühli LU
6703,24050,2,1,0,1,2,2,2,ds4,,Schwaches Baumholz,Schwaches Baumholz_8,0,1,2.405,not_young,1520.0,Wiggen
6704,8818,2,1,0,1,2,2,2,ds4,,Schwaches Baumholz,Schwaches Baumholz_6,0,1,0.882,not_young,1325.6,Flühli LU
6705,6200,4,0,0,0,3,4,3,ds4,,Schwaches Baumholz,Schwaches Baumholz_6,0,1,0.62,not_young,1277.0,Escholzmatt
6706,10788,3,0,0,0,3,3,3,ds4,,Schwaches Baumholz,Schwaches Baumholz_8,0,1,1.079,not_young,1693.4,Flühli LU
6707,62004,4,0,0,0,3,4,3,ds6,,Starkes Baumholz,Starkes Baumholz_13,0,1,6.2,not_young,921.6,Marbach LU
6709,5131,3,0,0,0,3,3,3,ds3,,Stangenholz,Stangenholz_10,0,1,0.513,not_young,1441.2,Flühli LU
6711,6533,3,0,0,0,3,3,3,ds5,,Mittleres Baumholz,Mittleres Baumholz_6,0,1,0.653,not_young,1357.9,Flühli LU
6712,31200,2,1,0,1,2,2,2,ds1,,Jungwuchs/Dickung,Jungwuchs/Dickung_8,0,1,3.12,young,1474.1,Flühli LU
6714,13804,4,0,0,0,3,4,3,ds6,,Starkes Baumholz,Starkes Baumholz_13,0,1,1.38,not_young,938.6,Marbach LU
6716,12874,2,1,0,1,2,2,2,ds6,,Starkes Baumholz,Starkes Baumholz_6,0,1,1.287,not_young,1050.9,Escholzmatt
6717,7920,2,1,0,1,2,2,2,ds5,,Mittleres Baumholz,Mittleres Baumholz_10,0,1,0.792,not_young,1428.5,Flühli LU
6718,6912,3,0,0,0,3,3,3,ds3,,Stangenholz,Stangenholz_10,0,1,0.691,not_young,1560.2,Flühli LU
6719,8641,3,0,0,0,3,4,3,ds6,,Starkes Baumholz,Starkes Baumholz_6,0,1,0.864,not_young,1065.4,Trubschachen
6721,5750,2,1,0,1,2,2,2,ds5,,Mittleres Baumholz,Mittleres Baumholz_13,0,1,0.575,not_young,985.3,Wiggen
6722,9341,3,0,0,0,3,4,3,ds6,,Starkes Baumholz,Starkes Baumholz_6,0,1,0.934,not_young,1133.2,Trubschachen
6723,7544,2,1,0,1,2,2,2,ds4,,Schwaches Baumholz,Schwaches Baumholz_6,0,1,0.754,not_young,1159.6,Escholzmatt
6725,8341,4,0,0,0,3,4,3,ds6,,Starkes Baumholz,Starkes Baumholz_13,0,1,0.834,not_young,1013.6,Wiggen
6726,13680,2,1,0,1,2,2,2,ds6,,Starkes Baumholz,Starkes Baumholz_6,0,1,1.368,not_young,1424.3,Escholzmatt
6727,5130,2,1,0,1,2,2,2,ds4,,Schwaches Baumholz,Schwaches Baumholz_6,0,1,0.513,not_young,1215.3,Escholzmatt
6728,34809,2,1,0,1,2,2,2,ds6,,Starkes Baumholz,Starkes Baumholz_10,0,1,3.481,not_young,1490.1,Escholzmatt
6729,23086,2,1,0,1,2,2,2,ds4,,Schwaches Baumholz,Schwaches Baumholz_10,0,1,2.309,not_young,1555.3,Wiggen
6730,6976,2,1,0,1,2,2,2,ds2,,Jungwuchs/Dickung,Jungwuchs/Dickung_6,0,1,0.698,young,1385.1,Flühli LU
6731,6505,2,1,0,1,2,2,2,ds5,,Mittleres Baumholz,Mittleres Baumholz_6,0,1,0.65,not_young,1038.4,Wiggen
6735,5664,2,1,0,1,2,2,2,ds2,,Jungwuchs/Dickung,Jungwuchs/Dickung_6,0,1,0.566,young,1182.9,Flühli LU
6736,11050,3,0,0,0,3,3,3,ds2,,Jungwuchs/Dickung,Jungwuchs/Dickung_6,0,1,1.105,young,1439.7,Flühli LU
6738,72989,3,0,0,0,3,3,3,ds4,,Schwaches Baumholz,Schwaches Baumholz_8,0,1,7.299,not_young,1623.1,Wiggen
6739,7843,2,1,0,1,2,2,2,ds6,,Starkes Baumholz,Starkes Baumholz_6,0,1,0.784,not_young,1246.8,Flühli LU
6740,5826,3,0,0,0,3,3,3,ds6,,Starkes Baumholz,Starkes Baumholz_6,0,1,0.583,not_young,1207.5,Flühli LU
6742,8200,2,1,0,1,2,2,2,ds2,,Jungwuchs/Dickung,Jungwuchs/Dickung_8,0,1,0.82,young,1473.5,Flühli LU
6743,6550,2,1,0,1,2,2,2,ds2,,Jungwuchs/Dickung,Jungwuchs/Dickung_6,0,1,0.655,young,1230.8,Escholzmatt
6744,60203,2,1,0,1,2,2,2,ds4,,Schwaches Baumholz,Schwaches Baumholz_6,0,1,6.02,not_young,1012.9,Flühli LU
6746,10345,2,1,0,1,2,2,2,ds3,,Stangenholz,Stangenholz_8,0,1,1.034,not_young,1646.3,Wiggen
6748,42517,2,1,0,1,2,2,2,ds6,,Starkes Baumholz,Starkes Baumholz_13,0,1,4.252,not_young,1006.0,Wiggen
6749,5200,2,1,0,1,2,2,2,ds2,,Jungwuchs/Dickung,Jungwuchs/Dickung_6,0,1,0.52,young,1039.2,Wiggen
6750,11982,2,1,0,1,2,2,2,ds5,,Mittleres Baumholz,Mittleres Baumholz_6,0,1,1.198,not_young,1070.9,Escholzmatt
6751,26353,2,1,0,1,2,2,2,ds6,,Starkes Baumholz,Starkes Baumholz_8,0,1,2.635,not_young,1539.3,Wiggen
6752,10311,2,1,0,1,2,2,2,ds6,,Starkes Baumholz,Starkes Baumholz_6,0,1,1.031,not_young,1219.3,Escholzmatt
6753,5600,3,0,0,0,3,3,3,ds6,,Starkes Baumholz,Starkes Baumholz_10,0,1,0.56,not_young,1511.2,Wiggen
6754,5453,3,0,0,0,3,3,3,ds5,,Mittleres Baumholz,Mittleres Baumholz_6,0,1,0.545,not_young,1336.9,Flühli LU
6756,9381,3,0,0,0,3,3,3,ds4,,Schwaches Baumholz,Schwaches Baumholz_8,0,1,0.938,not_young,1549.2,Flühli LU
6758,9450,3,0,0,0,3,3,3,ds2,,Jungwuchs/Dickung,Jungwuchs/Dickung_10,0,1,0.945,young,1492.3,Wiggen
6759,16699,3,0,0,0,3,3,3,ds5,,Mittleres Baumholz,Mittleres Baumholz_6,0,1,1.67,not_young,1296.3,Flühli LU
6760,27181,3,0,0,0,3,3,3,ds6,,Starkes Baumholz,Starkes Baumholz_6,0,1,2.718,not_young,1218.1,Flühli LU
6761,66622,3,0,0,0,3,3,3,ds6,,Starkes Baumholz,Starkes Baumholz_13,0,1,6.662,not_young,971.5,Marbach LU
6762,11800,2,1,0,1,2,2,2,ds2,,Jungwuchs/Dickung,Jungwuchs/Dickung_6,0,1,1.18,young,1490.9,Wiggen
6763,5094,3,0,0,0,3,4,3,ds6,,Starkes Baumholz,Starkes Baumholz_6,0,1,0.509,not_young,1083.9,Marbach LU
6764,29116,4,0,0,0,3,4,3,ds5,,Mittleres Baumholz,Mittleres Baumholz_6,0,1,2.912,not_young,1296.7,Wiggen
6765,11738,3,0,0,0,3,3,3,ds5,,Mittleres Baumholz,Mittleres Baumholz_6,0,1,1.174,not_young,1297.9,Wiggen
6766,6972,4,0,0,0,3,4,3,ds5,,Mittleres Baumholz,Mittleres Baumholz_6,0,1,0.697,not_young,1323.0,Wiggen
6767,6194,4,0,0,0,3,4,3,ds3,,Stangenholz,Stangenholz_6,0,1,0.619,not_young,1353.9,Marbach LU
6769,8250,3,0,0,0,3,3,3,ds4,,Schwaches Baumholz,Schwaches Baumholz_10,0,1,0.825,not_young,1464.4,Wiggen
6770,9310,4,0,0,0,3,4,3,ds5,,Mittleres Baumholz,Mittleres Baumholz_6,0,1,0.931,not_young,1040.5,Marbach LU
6771,7850,2,1,0,1,2,2,2,ds2,,Jungwuchs/Dickung,Jungwuchs/Dickung_10,0,1,0.785,young,1469.0,Marbach LU
6772,8088,3,0,0,0,3,3,3,ds3,,Stangenholz,Stangenholz_6,0,1,0.809,not_young,1285.7,Wiggen
6773,15753,3,0,0,0,3,4,3,ds5,,Mittleres Baumholz,Mittleres Baumholz_6,0,1,1.575,not_young,1388.4,Wiggen
6774,10200,3,0,0,0,3,3,3,ds4,,Schwaches Baumholz,Schwaches Baumholz_8,0,1,1.02,not_young,1590.0,Sörenberg
6775,5379,2,1,0,1,2,2,2,ds6,,Starkes Baumholz,Starkes Baumholz_6,0,1,0.538,not_young,1117.9,Marbach LU
6776,8738,4,0,0,0,3,4,3,ds6,,Starkes Baumholz,Starkes Baumholz_6,0,1,0.874,not_young,1132.4,Marbach LU
6777,15600,3,0,0,0,3,3,3,ds6,,Starkes Baumholz,Starkes Baumholz_6,0,1,1.56,not_young,1454.1,Marbach LU
6778,5200,3,0,0,0,3,3,3,ds4,,Schwaches Baumholz,Schwaches Baumholz_6,0,1,0.52,not_young,1270.0,Sörenberg
6779,7620,3,0,0,0,3,3,3,ds4,,Schwaches Baumholz,Schwaches Baumholz_6,0,1,0.762,not_young,1122.5,Sörenberg
6780,6800,3,0,0,0,3,3,3,ds2,,Jungwuchs/Dickung,Jungwuchs/Dickung_6,0,1,0.68,young,1252.7,Sörenberg
6781,5635,2,1,0,1,2,2,2,ds5,,Mittleres Baumholz,Mittleres Baumholz_6,0,1,0.564,not_young,1054.1,Sörenberg
6782,7611,3,0,0,0,3,3,3,ds2,,Jungwuchs/Dickung,Jungwuchs/Dickung_6,0,1,0.761,young,1294.7,Sörenberg
6783,7212,3,0,0,0,3,3,3,ds5,,Mittleres Baumholz,Mittleres Baumholz_13,0,1,0.721,not_young,1038.8,Marbach LU
6784,8625,2,1,0,1,2,2,2,ds4,,Schwaches Baumholz,Schwaches Baumholz_6,0,1,0.863,not_young,1288.5,Marbach LU
6785,5450,2,1,0,1,2,2,2,ds6,,Starkes Baumholz,Starkes Baumholz_6,0,1,0.545,not_young,1408.2,Marbach LU
6786,4978,3,0,0,0,3,3,3,ds5,,Mittleres Baumholz,Mittleres Baumholz_6,0,1,0.498,not_young,1317.3,Marbach LU
6787,15040,3,0,0,0,3,3,3,ds4,,Schwaches Baumholz,Schwaches Baumholz_6,0,1,1.504,not_young,1281.7,Sörenberg
6788,5587,3,0,0,0,3,3,3,ds5,,Mittleres Baumholz,Mittleres Baumholz_6,0,1,0.559,not_young,1186.1,Sörenberg
6789,5473,3,0,0,0,3,3,3,ds5,,Mittleres Baumholz,Mittleres Baumholz_6,0,1,0.547,not_young,1068.5,Sörenberg
6790,6350,4,0,0,0,3,4,3,ds6,,Starkes Baumholz,Starkes Baumholz_6,0,1,0.635,not_young,1264.7,Marbach LU
6791,5887,4,0,0,0,3,4,3,ds3,,Stangenholz,Stangenholz_6,0,1,0.589,not_young,1282.3,Marbach LU
6792,9400,3,0,0,0,3,3,3,ds3,,Stangenholz,Stangenholz_6,0,1,0.94,not_young,1290.4,Sörenberg
6793,16214,2,1,0,1,2,2,2,ds4,,Schwaches Baumholz,Schwaches Baumholz_5,0,1,1.621,not_young,1808.3,Sörenberg
6794,6493,3,0,0,0,3,3,3,ds5,,Mittleres Baumholz,Mittleres Baumholz_6,0,1,0.649,not_young,1134.9,Marbach LU
6795,5070,3,0,0,0,3,3,3,ds3,,Stangenholz,Stangenholz_6,0,1,0.507,not_young,1191.2,Marbach LU
6796,30533,3,0,0,0,3,3,3,ds6,,Starkes Baumholz,Starkes Baumholz_6,0,1,3.053,not_young,1211.8,Marbach LU
6797,5650,4,0,0,0,3,4,3,ds6,,Starkes Baumholz,Starkes Baumholz_6,0,1,0.565,not_young,1263.3,Marbach LU
6798,5645,3,0,0,0,3,3,3,ds2,,Jungwuchs/Dickung,Jungwuchs/Dickung_6,0,1,0.564,young,1398.2,Sörenberg
6799,5215,2,1,0,1,2,2,2,ds6,,Starkes Baumholz,Starkes Baumholz_6,0,1,0.521,not_young,1240.2,Schangnau
6800,6761,3,0,0,0,3,3,3,ds4,,Schwaches Baumholz,Schwaches Baumholz_6,0,1,0.676,not_young,1399.0,Sörenberg
6801,6109,2,1,0,1,2,2,2,ds5,,Mittleres Baumholz,Mittleres Baumholz_6,0,1,0.611,not_young,1326.4,Sörenberg
6802,79094,2,1,0,1,2,2,2,ds1,,Jungwuchs/Dickung,Jungwuchs/Dickung_6,0,1,7.909,young,1239.9,Sörenberg
6803,6908,3,0,0,0,3,3,3,ds3,,Stangenholz,Stangenholz_10,0,1,0.691,not_young,1563.8,Sörenberg
6804,5691,3,0,0,0,3,3,3,ds5,,Mittleres Baumholz,Mittleres Baumholz_6,0,1,0.569,not_young,1358.0,Sörenberg
6805,21097,3,0,0,0,3,3,3,ds3,,Stangenholz,Stangenholz_10,0,1,2.11,not_young,1548.8,Sörenberg
6806,5150,2,1,0,1,2,2,2,ds6,,Starkes Baumholz,Starkes Baumholz_6,0,1,0.515,not_young,1307.9,Sörenberg
6807,19679,2,1,0,1,2,2,2,ds2,,Jungwuchs/Dickung,Jungwuchs/Dickung_6,0,1,1.968,young,1403.3,Sörenberg
6808,5133,3,0,0,0,3,3,3,ds6,,Starkes Baumholz,Starkes Baumholz_6,0,1,0.513,not_young,1311.2,Sörenberg
6809,14266,3,0,0,0,3,3,3,ds5,,Mittleres Baumholz,Mittleres Baumholz_6,0,1,1.427,not_young,1297.7,Flühli LU
6810,56965,2,1,0,1,2,2,2,ds6,,Starkes Baumholz,Starkes Baumholz_6,0,1,5.697,not_young,1235.0,Escholzmatt
6811,33534,3,0,0,0,3,3,1,ds4,,Schwaches Baumholz,Schwaches Baumholz_8,0,1,3.353,not_young,1749.8,Flühli LU
6812,75540,2,1,0,1,2,2,2,ds4,,Schwaches Baumholz,Schwaches Baumholz_8,0,1,7.554,not_young,1577.6,Wiggen
6814,5421,3,0,0,0,3,4,3,ds6,,Starkes Baumholz,Starkes Baumholz_6,0,1,0.542,not_young,1132.7,Trubschachen
6817,30434,2,1,0,1,2,2,2,ds5,,Mittleres Baumholz,Mittleres Baumholz_8,0,1,3.043,not_young,1620.0,Wiggen
6818,5400,4,0,0,0,3,4,3,ds6,,Starkes Baumholz,Starkes Baumholz_13,0,1,0.54,not_young,981.0,Marbach LU
6820,5852,2,1,0,1,2,2,2,ds4,,Schwaches Baumholz,Schwaches Baumholz_6,0,1,0.585,not_young,1424.8,Flühli LU
6821,28050,2,1,0,1,2,2,2,ds5,,Mittleres Baumholz,Mittleres Baumholz_6,0,1,2.805,not_young,1307.7,Escholzmatt
6822,12021,3,0,0,0,3,3,3,ds4,,Schwaches Baumholz,Schwaches Baumholz_8,0,1,1.202,not_young,1588.1,Flühli LU
6824,20532,2,1,0,1,2,2,2,ds6,,Starkes Baumholz,Starkes Baumholz_6,0,1,2.053,not_young,1004.9,Flühli LU
6825,51257,2,1,0,1,2,2,2,ds6,,Starkes Baumholz,Starkes Baumholz_6,0,1,5.126,not_young,1161.0,Escholzmatt
6826,8101,2,1,0,1,2,2,2,ds5,,Mittleres Baumholz,Mittleres Baumholz_10,0,1,0.81,not_young,1435.6,Flühli LU
6827,7287,2,1,0,1,2,2,2,ds6,,Starkes Baumholz,Starkes Baumholz_6,0,1,0.729,not_young,989.0,Flühli LU
6829,5550,3,0,0,0,3,4,3,ds6,,Starkes Baumholz,Starkes Baumholz_6,0,1,0.555,not_young,1284.5,Escholzmatt
6830,5951,2,1,0,1,2,2,2,ds3,,Stangenholz,Stangenholz_10,0,1,0.595,not_young,1453.1,Escholzmatt
6831,8064,2,1,0,1,2,2,2,ds2,,Jungwuchs/Dickung,Jungwuchs/Dickung_8,0,1,0.806,young,1525.7,Flühli LU
6832,7220,4,0,0,0,3,4,3,ds6,,Starkes Baumholz,Starkes Baumholz_13,0,1,0.722,not_young,962.1,Marbach LU
6833,11550,2,1,0,1,2,2,2,ds3,,Stangenholz,Stangenholz_6,0,1,1.155,not_young,1063.7,Wiggen
6834,9752,4,0,0,0,3,4,3,ds6,,Starkes Baumholz,Starkes Baumholz_6,0,1,0.975,not_young,1149.5,Trubschachen
6837,5396,2,1,0,1,2,2,2,ds4,,Schwaches Baumholz,Schwaches Baumholz_6,0,1,0.54,not_young,1085.5,Wiggen
6838,37527,3,0,0,0,3,3,3,ds3,,Stangenholz,Stangenholz_6,0,1,3.753,not_young,1442.3,Flühli LU
6839,5050,2,1,0,1,2,2,2,ds5,,Mittleres Baumholz,Mittleres Baumholz_8,0,1,0.505,not_young,1622.2,Wiggen
6840,6100,2,1,0,1,2,2,2,ds2,,Jungwuchs/Dickung,Jungwuchs/Dickung_6,0,1,0.61,young,1460.5,Wiggen
6841,5450,2,1,0,1,2,2,2,ds2,,Jungwuchs/Dickung,Jungwuchs/Dickung_8,0,1,0.545,young,1614.4,Wiggen
6845,12550,2,1,0,1,2,2,2,ds5,,Mittleres Baumholz,Mittleres Baumholz_8,0,1,1.255,not_young,1634.7,Wiggen
6846,6300,2,1,0,1,2,2,2,ds4,,Schwaches Baumholz,Schwaches Baumholz_8,0,1,0.63,not_young,1650.7,Wiggen
6847,20850,3,0,0,0,3,3,3,ds1,,Jungwuchs/Dickung,Jungwuchs/Dickung_8,0,1,2.085,young,1678.0,Flühli LU
6848,82728,3,0,0,0,3,3,3,ds6,,Starkes Baumholz,Starkes Baumholz_10,0,1,8.273,not_young,1546.4,Wiggen
6849,7305,3,0,0,0,3,3,3,ds4,,Schwaches Baumholz,Schwaches Baumholz_6,0,1,0.73,not_young,982.5,Flühli LU
6852,10228,2,1,0,1,2,2,2,ds5,,Mittleres Baumholz,Mittleres Baumholz_6,0,1,1.023,not_young,1106.2,Escholzmatt
6853,13840,2,1,0,1,2,2,2,ds5,,Mittleres Baumholz,Mittleres Baumholz_8,0,1,1.384,not_young,1554.2,Flühli LU
6855,7500,2,1,0,1,2,2,2,ds4,,Schwaches Baumholz,Schwaches Baumholz_6,0,1,0.75,not_young,1312.4,Escholzmatt
6857,6024,2,1,0,1,2,2,2,ds2,,Jungwuchs/Dickung,Jungwuchs/Dickung_6,0,1,0.602,young,1115.3,Wiggen
6858,6614,3,0,0,0,3,3,3,ds1,,Jungwuchs/Dickung,Jungwuchs/Dickung_10,0,1,0.661,young,1481.2,Wiggen
6859,16169,2,1,0,1,2,2,2,ds3,,Stangenholz,Stangenholz_10,0,1,1.617,not_young,1461.8,Wiggen
6860,5950,3,0,0,0,3,3,3,ds2,,Jungwuchs/Dickung,Jungwuchs/Dickung_8,0,1,0.595,young,1594.9,Flühli LU
6861,22450,2,1,0,1,2,2,2,ds5,,Mittleres Baumholz,Mittleres Baumholz_8,0,1,2.245,not_young,1622.7,Wiggen
6862,6441,4,0,0,0,3,4,3,ds5,,Mittleres Baumholz,Mittleres Baumholz_6,0,1,0.644,not_young,1189.6,Trubschachen
6864,6390,2,1,0,1,2,2,2,ds6,,Starkes Baumholz,Starkes Baumholz_6,0,1,0.639,not_young,1091.2,Wiggen
6865,8250,2,1,0,1,2,2,2,ds3,,Stangenholz,Stangenholz_6,0,1,0.825,not_young,1413.3,Wiggen
6866,8000,2,1,0,1,2,2,2,ds4,,Schwaches Baumholz,Schwaches Baumholz_10,0,1,0.8,not_young,1444.1,Flühli LU
6867,22951,3,0,0,0,3,4,3,ds6,,Starkes Baumholz,Starkes Baumholz_13,0,1,2.295,not_young,1015.3,Marbach LU
6868,5750,2,1,0,1,2,2,2,ds1,,Jungwuchs/Dickung,Jungwuchs/Dickung_10,0,1,0.575,young,1463.8,Wiggen
6869,21315,3,0,0,0,3,3,3,ds6,,Starkes Baumholz,Starkes Baumholz_6,0,1,2.131,not_young,1130.7,Flühli LU
6872,117551,3,0,0,0,3,4,3,ds6,,Starkes Baumholz,Starkes Baumholz_6,0,1,11.755,not_young,1045.2,Marbach LU
6873,5400,4,0,0,0,3,4,3,ds5,,Mittleres Baumholz,Mittleres Baumholz_6,0,1,0.54,not_young,1032.8,Marbach LU
6874,17000,2,1,0,1,2,2,2,ds6,,Starkes Baumholz,Starkes Baumholz_6,0,1,1.7,not_young,1221.0,Escholzmatt
6875,91373,3,0,0,0,3,3,3,ds6,,Starkes Baumholz,Starkes Baumholz_8,0,1,9.137,not_young,1551.0,Wiggen
6876,5100,3,0,0,0,3,4,3,ds6,,Starkes Baumholz,Starkes Baumholz_6,0,1,0.51,not_young,1155.0,Trubschachen
6878,29578,2,1,0,1,2,2,2,ds5,,Mittleres Baumholz,Mittleres Baumholz_8,0,1,2.958,not_young,1528.5,Escholzmatt
6879,7300,2,1,0,1,2,2,2,ds4,,Schwaches Baumholz,Schwaches Baumholz_8,0,1,0.73,not_young,1642.6,Wiggen
6880,8554,2,1,0,1,2,2,2,ds6,,Starkes Baumholz,Starkes Baumholz_6,0,1,0.855,not_young,1382.1,Flühli LU
6881,11350,3,0,0,0,3,3,3,ds4,,Schwaches Baumholz,Schwaches Baumholz_8,0,1,1.135,not_young,1630.2,Flühli LU
6884,13727,2,1,0,1,2,2,2,ds1,,Jungwuchs/Dickung,Jungwuchs/Dickung_10,0,1,1.373,young,1485.9,Flühli LU
6885,20294,2,1,0,1,2,2,2,ds6,,Starkes Baumholz,Starkes Baumholz_6,0,1,2.029,not_young,1273.3,Flühli LU
6886,15336,4,0,0,0,3,4,3,ds6,,Starkes Baumholz,Starkes Baumholz_6,0,1,1.534,not_young,1041.8,Marbach LU
6888,17338,3,0,0,0,3,3,1,ds4,,Schwaches Baumholz,Schwaches Baumholz_8,0,1,1.734,not_young,1714.5,Flühli LU
6890,6650,2,1,0,1,2,2,2,ds5,,Mittleres Baumholz,Mittleres Baumholz_6,0,1,0.665,not_young,1288.4,Flühli LU
6891,43223,3,0,0,0,3,3,3,ds5,,Mittleres Baumholz,Mittleres Baumholz_6,0,1,4.322,not_young,1435.2,Flühli LU
6892,15989,3,0,0,0,3,3,3,ds4,,Schwaches Baumholz,Schwaches Baumholz_6,0,1,1.599,not_young,1388.6,Flühli LU
6893,24933,3,0,0,0,3,3,3,ds4,,Schwaches Baumholz,Schwaches Baumholz_6,0,1,2.493,not_young,1410.9,Flühli LU
6894,27741,2,1,0,1,2,2,2,ds6,,Starkes Baumholz,Starkes Baumholz_6,0,1,2.774,not_young,1120.2,Flühli LU
6895,5050,2,1,0,1,2,2,2,ds3,,Stangenholz,Stangenholz_10,0,1,0.505,not_young,1486.4,Wiggen
6898,10486,3,0,0,0,3,3,3,ds3,,Stangenholz,Stangenholz_8,0,1,1.049,not_young,1477.7,Flühli LU
6900,7100,2,1,0,1,2,2,2,ds5,,Mittleres Baumholz,Mittleres Baumholz_6,0,1,0.71,not_young,1131.4,Wiggen
6901,10083,2,1,0,1,2,2,2,ds2,,Jungwuchs/Dickung,Jungwuchs/Dickung_6,0,1,1.008,young,1430.7,Flühli LU
6902,8187,2,1,0,1,2,2,2,ds2,,Jungwuchs/Dickung,Jungwuchs/Dickung_6,0,1,0.819,young,1353.3,Flühli LU
6903,13028,3,0,0,0,3,3,3,ds4,,Schwaches Baumholz,Schwaches Baumholz_6,0,1,1.303,not_young,1421.8,Flühli LU
6904,9099,3,0,0,0,3,3,3,ds5,,Mittleres Baumholz,Mittleres Baumholz_6,0,1,0.91,not_young,1392.4,Flühli LU
6906,5300,4,0,0,0,3,4,3,ds2,,Jungwuchs/Dickung,Jungwuchs/Dickung_6,0,1,0.53,young,1360.1,Escholzmatt
6907,5438,3,0,0,0,3,3,3,ds6,,Starkes Baumholz,Starkes Baumholz_6,0,1,0.544,not_young,1077.0,Flühli LU
6908,8572,1,0,2,2,1,1,1,ds4,,Schwaches Baumholz,Schwaches Baumholz_8,0,1,0.857,not_young,1678.3,Flühli LU
6909,17084,1,0,2,2,1,1,1,ds3,,Stangenholz,Stangenholz_8,0,1,1.708,not_young,1654.9,Flühli LU
6910,5100,4,0,0,0,3,4,3,ds5,,Mittleres Baumholz,Mittleres Baumholz_6,0,1,0.51,not_young,1088.9,Trubschachen
6911,29701,4,0,0,0,3,4,3,ds6,,Starkes Baumholz,Starkes Baumholz_6,0,1,2.97,not_young,1117.0,Trubschachen
6913,7059,2,1,0,1,2,2,2,ds4,,Schwaches Baumholz,Schwaches Baumholz_6,0,1,0.706,not_young,1345.0,Escholzmatt
6914,24049,3,0,0,0,3,3,3,ds4,,Schwaches Baumholz,Schwaches Baumholz_6,0,1,2.405,not_young,1413.5,Flühli LU
6915,7391,3,0,0,0,3,4,3,ds5,,Mittleres Baumholz,Mittleres Baumholz_6,0,1,0.739,not_young,1234.7,Trubschachen
6916,5600,4,0,0,0,3,4,3,ds6,,Starkes Baumholz,Starkes Baumholz_6,0,1,0.56,not_young,1082.4,Trubschachen
6917,5500,3,0,0,0,3,3,3,ds2,,Jungwuchs/Dickung,Jungwuchs/Dickung_10,0,1,0.55,young,1531.3,Wiggen
6918,7234,3,0,0,0,3,3,3,ds3,,Stangenholz,Stangenholz_8,0,1,0.723,not_young,1499.5,Flühli LU
6919,6166,3,0,0,0,3,4,3,ds5,,Mittleres Baumholz,Mittleres Baumholz_6,0,1,0.617,not_young,1320.1,Escholzmatt
6920,7733,2,1,0,1,2,2,2,ds5,,Mittleres Baumholz,Mittleres Baumholz_10,0,1,0.773,not_young,1479.1,Flühli LU
6921,14558,4,0,0,0,3,4,3,ds6,,Starkes Baumholz,Starkes Baumholz_6,0,1,1.456,not_young,1170.9,Trubschachen
6923,8861,3,0,0,0,3,3,3,ds4,,Schwaches Baumholz,Schwaches Baumholz_6,0,1,0.886,not_young,1454.6,Flühli LU
6924,20626,4,0,0,0,3,4,3,ds6,,Starkes Baumholz,Starkes Baumholz_13,0,1,2.063,not_young,967.4,Marbach LU
6925,9750,2,1,0,1,2,2,2,ds3,,Stangenholz,Stangenholz_6,0,1,0.975,not_young,1406.4,Flühli LU
6926,9600,2,1,0,1,2,2,2,ds5,,Mittleres Baumholz,Mittleres Baumholz_10,0,1,0.96,not_young,1477.2,Wiggen
6928,5859,3,0,0,0,3,3,3,ds4,,Schwaches Baumholz,Schwaches Baumholz_6,0,1,0.586,not_young,1366.4,Flühli LU
6930,9050,2,1,0,1,2,2,2,ds3,,Stangenholz,Stangenholz_6,0,1,0.905,not_young,1252.9,Flühli LU
6932,8377,3,0,0,0,3,3,3,ds4,,Schwaches Baumholz,Schwaches Baumholz_6,0,1,0.838,not_young,996.8,Flühli LU
6933,7173,3,0,0,0,3,4,3,ds5,,Mittleres Baumholz,Mittleres Baumholz_6,0,1,0.717,not_young,1137.3,Wiggen
6934,7450,2,1,0,1,2,2,2,ds3,,Stangenholz,Stangenholz_8,0,1,0.745,not_young,1641.2,Wiggen
6935,5750,2,1,0,1,2,2,2,ds4,,Schwaches Baumholz,Schwaches Baumholz_8,0,1,0.575,not_young,1579.8,Wiggen
6936,44000,3,0,0,0,3,3,3,ds4,,Schwaches Baumholz,Schwaches Baumholz_8,0,1,4.4,not_young,1596.1,Wiggen
6937,5369,3,0,0,0,3,3,3,ds5,,Mittleres Baumholz,Mittleres Baumholz_6,0,1,0.537,not_young,1386.0,Wiggen
6938,9400,3,0,0,0,3,3,3,ds4,,Schwaches Baumholz,Schwaches Baumholz_10,0,1,0.94,not_young,1498.9,Flühli LU
6941,7347,2,1,0,1,2,2,2,ds3,,Stangenholz,Stangenholz_6,0,1,0.735,not_young,1354.8,Flühli LU
6942,12566,2,1,0,1,2,2,2,ds6,,Starkes Baumholz,Starkes Baumholz_6,0,1,1.257,not_young,1232.5,Flühli LU
6943,85856,2,1,0,1,2,2,2,ds1,,Jungwuchs/Dickung,Jungwuchs/Dickung_6,0,1,8.586,young,1520.1,Flühli LU
6944,7613,3,0,0,0,3,3,3,ds5,,Mittleres Baumholz,Mittleres Baumholz_10,0,1,0.761,not_young,1470.8,Flühli LU
6945,5189,3,0,0,0,3,3,3,ds5,,Mittleres Baumholz,Mittleres Baumholz_10,0,1,0.519,not_young,1497.8,Wiggen
6946,6000,2,1,0,1,2,2,2,ds4,,Schwaches Baumholz,Schwaches Baumholz_6,0,1,0.6,not_young,1291.3,Flühli LU
6947,35548,2,1,0,1,2,2,2,ds6,,Starkes Baumholz,Starkes Baumholz_6,0,1,3.555,not_young,1310.9,Escholzmatt
6948,6450,2,1,0,1,2,2,2,ds2,,Jungwuchs/Dickung,Jungwuchs/Dickung_10,0,1,0.645,young,1544.7,Wiggen
6949,18669,3,0,0,0,3,3,1,ds3,,Stangenholz,Stangenholz_6,0,1,1.867,not_young,1448.9,Flühli LU
6951,6050,3,0,0,0,3,3,3,ds2,,Jungwuchs/Dickung,Jungwuchs/Dickung_6,0,1,0.605,young,1300.7,Flühli LU
6952,5095,2,1,0,1,2,2,2,ds5,,Mittleres Baumholz,Mittleres Baumholz_6,0,1,0.51,not_young,1169.3,Flühli LU
6953,12029,3,0,0,0,3,3,3,ds4,,Schwaches Baumholz,Schwaches Baumholz_10,0,1,1.203,not_young,1473.5,Flühli LU
6954,6267,3,0,0,0,3,4,3,ds6,,Starkes Baumholz,Starkes Baumholz_6,0,1,0.627,not_young,1074.4,Trubschachen
6955,28829,2,1,0,1,2,2,2,ds2,,Jungwuchs/Dickung,Jungwuchs/Dickung_6,0,1,2.883,young,1309.4,Flühli LU
6956,6086,3,0,0,0,3,3,3,ds4,,Schwaches Baumholz,Schwaches Baumholz_6,0,1,0.609,not_young,1432.2,Wiggen
6957,50258,3,0,0,0,3,4,3,ds6,,Starkes Baumholz,Starkes Baumholz_13,0,1,5.026,not_young,964.2,Wiggen
6958,5850,3,0,0,0,3,3,3,ds3,,Stangenholz,Stangenholz_8,0,1,0.585,not_young,1483.8,Flühli LU
6959,7850,2,1,0,1,2,2,2,ds3,,Stangenholz,Stangenholz_6,0,1,0.785,not_young,1383.1,Escholzmatt
6960,30100,3,0,0,0,3,4,3,ds6,,Starkes Baumholz,Starkes Baumholz_6,0,1,3.01,not_young,1063.2,Trubschachen
6961,9200,3,0,0,0,3,3,3,ds4,,Schwaches Baumholz,Schwaches Baumholz_6,0,1,0.92,not_young,1322.6,Flühli LU
6962,9500,2,1,0,1,2,2,2,ds4,,Schwaches Baumholz,Schwaches Baumholz_10,0,1,0.95,not_young,1474.5,Wiggen
6963,35166,3,0,0,0,3,3,3,ds6,,Starkes Baumholz,Starkes Baumholz_6,0,1,3.517,not_young,1392.8,Flühli LU
6964,18100,3,0,0,0,3,3,1,ds3,,Stangenholz,Stangenholz_8,0,1,1.81,not_young,1602.9,Flühli LU
6965,5650,3,0,0,0,3,3,3,ds4,,Schwaches Baumholz,Schwaches Baumholz_10,0,1,0.565,not_young,1521.1,Flühli LU
6966,27341,4,0,0,0,3,4,3,ds6,,Starkes Baumholz,Starkes Baumholz_13,0,1,2.734,not_young,999.8,Marbach LU
6967,9350,3,0,0,0,3,3,3,ds3,,Stangenholz,Stangenholz_6,0,1,0.935,not_young,1278.4,Flühli LU
6968,7443,3,0,0,0,3,3,3,ds6,,Starkes Baumholz,Starkes Baumholz_6,0,1,0.744,not_young,1228.4,Trubschachen
6970,6991,1,0,2,2,1,1,1,ds2,,Jungwuchs/Dickung,Jungwuchs/Dickung_10,0,1,0.699,young,1552.6,Flühli LU
6973,6200,2,1,0,1,2,2,2,ds4,,Schwaches Baumholz,Schwaches Baumholz_8,0,1,0.62,not_young,1588.0,Wiggen
6974,5158,2,1,0,1,2,2,2,ds2,,Jungwuchs/Dickung,Jungwuchs/Dickung_6,0,1,0.516,young,1345.2,Escholzmatt
6975,8450,3,0,0,0,3,4,3,ds4,,Schwaches Baumholz,Schwaches Baumholz_6,0,1,0.845,not_young,1241.0,Wiggen
6976,19250,1,0,2,2,1,1,1,ds4,,Schwaches Baumholz,Schwaches Baumholz_8,0,1,1.925,not_young,1658.9,Flühli LU
6977,16387,3,0,0,0,3,3,3,ds6,,Starkes Baumholz,Starkes Baumholz_6,0,1,1.639,not_young,1076.0,Trubschachen
6978,37414,2,1,0,1,2,2,2,ds5,,Mittleres Baumholz,Mittleres Baumholz_10,0,1,3.741,not_young,1568.0,Wiggen
6979,8897,2,1,0,1,2,2,2,ds3,,Stangenholz,Stangenholz_6,0,1,0.89,not_young,1319.4,Flühli LU
6980,6203,2,1,0,1,2,2,1,ds4,,Schwaches Baumholz,Schwaches Baumholz_10,0,1,0.62,not_young,1487.2,Flühli LU
6981,16150,3,0,0,0,3,3,3,ds6,,Starkes Baumholz,Starkes Baumholz_6,0,1,1.615,not_young,1187.5,Trubschachen
6982,14143,2,1,0,1,2,2,2,ds5,,Mittleres Baumholz,Mittleres Baumholz_6,0,1,1.414,not_young,1446.7,Escholzmatt
6983,6150,2,1,0,1,2,2,2,ds5,,Mittleres Baumholz,Mittleres Baumholz_6,0,1,0.615,not_young,1434.5,Wiggen
6984,5450,2,1,0,1,2,2,2,ds5,,Mittleres Baumholz,Mittleres Baumholz_10,0,1,0.545,not_young,1441.1,Flühli LU
6985,12941,3,0,0,0,3,3,3,ds4,,Schwaches Baumholz,Schwaches Baumholz_6,0,1,1.294,not_young,1406.9,Flühli LU
6986,55921,3,0,0,0,3,4,3,ds6,,Starkes Baumholz,Starkes Baumholz_6,0,1,5.592,not_young,1048.7,Trubschachen
6988,5562,3,0,0,0,3,4,3,ds4,,Schwaches Baumholz,Schwaches Baumholz_6,0,1,0.556,not_young,1248.9,Wiggen
6989,14000,2,1,0,1,2,2,2,ds5,,Mittleres Baumholz,Mittleres Baumholz_6,0,1,1.4,not_young,1398.7,Escholzmatt
6990,5850,2,1,0,1,2,2,2,ds3,,Stangenholz,Stangenholz_8,0,1,0.585,not_young,1608.8,Wiggen
6991,5950,3,0,0,0,3,3,3,ds6,,Starkes Baumholz,Starkes Baumholz_6,0,1,0.595,not_young,1237.0,Flühli LU
6992,27450,1,0,2,2,1,1,1,ds4,,Schwaches Baumholz,Schwaches Baumholz_8,0,1,2.745,not_young,1618.9,Flühli LU
6993,7643,3,0,0,0,3,3,3,ds4,,Schwaches Baumholz,Schwaches Baumholz_6,0,1,0.764,not_young,1322.8,Flühli LU
6994,5033,4,0,0,0,3,4,3,ds4,,Schwaches Baumholz,Schwaches Baumholz_6,0,1,0.503,not_young,1049.1,Marbach LU
6995,5221,3,0,0,0,3,3,3,ds6,,Starkes Baumholz,Starkes Baumholz_6,0,1,0.522,not_young,1116.4,Flühli LU
6996,6250,1,0,2,2,1,1,1,ds3,,Stangenholz,Stangenholz_10,0,1,0.625,not_young,1501.4,Flühli LU
6997,6200,2,1,0,1,2,2,2,ds4,,Schwaches Baumholz,Schwaches Baumholz_6,0,1,0.62,not_young,1269.4,Flühli LU
6998,5791,2,1,0,1,2,2,1,ds3,,Stangenholz,Stangenholz_8,0,1,0.579,not_young,1579.8,Flühli LU
6999,6479,3,0,0,0,3,3,3,ds4,,Schwaches Baumholz,Schwaches Baumholz_6,0,1,0.648,not_young,1461.2,Flühli LU
7001,19600,2,1,0,1,2,2,2,ds4,,Schwaches Baumholz,Schwaches Baumholz_8,0,1,1.96,not_young,1614.4,Wiggen
7002,7967,3,0,0,0,3,3,1,ds3,,Stangenholz,Stangenholz_10,0,1,0.797,not_young,1487.2,Flühli LU
7003,8150,2,1,0,1,2,2,2,ds4,,Schwaches Baumholz,Schwaches Baumholz_6,0,1,0.815,not_young,1274.5,Flühli LU
7004,30344,3,0,0,0,3,3,1,ds3,,Stangenholz,Stangenholz_10,0,1,3.034,not_young,1461.7,Flühli LU
7005,7235,1,0,2,2,1,1,1,ds3,,Stangenholz,Stangenholz_10,0,1,0.724,not_young,1526.3,Flühli LU
7006,68976,3,0,0,0,3,3,1,ds5,,Mittleres Baumholz,Mittleres Baumholz_8,0,1,6.898,not_young,1555.3,Flühli LU
7007,7095,4,0,0,0,3,4,3,ds6,,Starkes Baumholz,Starkes Baumholz_13,0,1,0.709,not_young,989.8,Marbach LU
7008,6473,3,0,0,0,3,3,3,ds5,,Mittleres Baumholz,Mittleres Baumholz_6,0,1,0.647,not_young,1321.6,Wiggen
7009,5145,2,1,0,1,2,2,2,ds6,,Starkes Baumholz,Starkes Baumholz_6,0,1,0.515,not_young,1133.3,Flühli LU
7011,59975,3,0,0,0,3,3,1,ds5,,Mittleres Baumholz,Mittleres Baumholz_10,0,1,5.997,not_young,1514.8,Flühli LU
7014,5450,4,0,0,0,3,4,3,ds3,,Stangenholz,Stangenholz_6,0,1,0.545,not_young,1290.4,Wiggen
7015,8650,2,1,0,1,2,2,2,ds4,,Schwaches Baumholz,Schwaches Baumholz_6,0,1,0.865,not_young,1293.3,Wiggen
7016,6900,2,1,0,1,2,2,2,ds3,,Stangenholz,Stangenholz_8,0,1,0.69,not_young,1488.4,Wiggen
7017,36600,2,1,0,1,2,2,2,ds5,,Mittleres Baumholz,Mittleres Baumholz_10,0,1,3.66,not_young,1474.8,Wiggen
7018,23667,3,0,0,0,3,3,3,ds6,,Starkes Baumholz,Starkes Baumholz_6,0,1,2.367,not_young,1180.6,Flühli LU
7019,7057,3,0,0,0,3,4,3,ds5,,Mittleres Baumholz,Mittleres Baumholz_6,0,1,0.706,not_young,1234.7,Wiggen
7020,7200,3,0,0,0,3,4,3,ds3,,Stangenholz,Stangenholz_6,0,1,0.72,not_young,1281.5,Wiggen
7021,6300,2,1,0,1,2,2,2,ds2,,Jungwuchs/Dickung,Jungwuchs/Dickung_8,0,1,0.63,young,1509.5,Wiggen
7022,23712,3,0,0,0,3,3,3,ds6,,Starkes Baumholz,Starkes Baumholz_6,0,1,2.371,not_young,1344.5,Wiggen
7023,66934,2,1,0,1,2,2,2,ds6,,Starkes Baumholz,Starkes Baumholz_6,0,1,6.693,not_young,1180.4,Wiggen
7026,5239,3,0,0,0,3,3,3,ds3,,Stangenholz,Stangenholz_6,0,1,0.524,not_young,1315.1,Flühli LU
7027,5927,3,0,0,0,3,3,3,ds6,,Starkes Baumholz,Starkes Baumholz_6,0,1,0.593,not_young,1114.9,Flühli LU
7028,45746,2,1,0,1,2,2,2,ds6,,Starkes Baumholz,Starkes Baumholz_13,0,1,4.575,not_young,948.6,Wiggen
7029,5101,1,0,2,2,1,1,1,ds4,,Schwaches Baumholz,Schwaches Baumholz_10,0,1,0.51,not_young,1470.5,Flühli LU
7030,22634,3,0,0,0,3,3,3,ds6,,Starkes Baumholz,Starkes Baumholz_6,0,1,2.263,not_young,1086.8,Flühli LU
7031,11800,3,0,0,0,3,4,3,ds6,,Starkes Baumholz,Starkes Baumholz_6,0,1,1.18,not_young,1112.8,Trubschachen
7032,5150,4,0,0,0,3,4,3,ds6,,Starkes Baumholz,Starkes Baumholz_6,0,1,0.515,not_young,1211.9,Trubschachen
7033,15041,4,0,0,0,3,4,3,ds6,,Starkes Baumholz,Starkes Baumholz_13,0,1,1.504,not_young,979.6,Marbach LU
7034,7900,4,0,0,0,3,4,3,ds2,,Jungwuchs/Dickung,Jungwuchs/Dickung_6,0,1,0.79,young,1340.2,Wiggen
7035,11300,3,0,0,0,3,4,3,ds5,,Mittleres Baumholz,Mittleres Baumholz_6,0,1,1.13,not_young,1299.1,Wiggen
7036,6000,2,1,0,1,2,2,2,ds4,,Schwaches Baumholz,Schwaches Baumholz_6,0,1,0.6,not_young,1376.7,Wiggen
7037,82098,2,1,0,1,2,2,2,ds6,,Starkes Baumholz,Starkes Baumholz_6,0,1,8.21,not_young,1261.6,Flühli LU
7039,8077,3,0,0,0,3,3,3,ds4,,Schwaches Baumholz,Schwaches Baumholz_6,0,1,0.808,not_young,1315.8,Flühli LU
7040,10479,4,0,0,0,3,4,3,ds6,,Starkes Baumholz,Starkes Baumholz_6,0,1,1.048,not_young,1039.9,Marbach LU
7042,5155,3,0,0,0,3,3,3,ds1,,Jungwuchs/Dickung,Jungwuchs/Dickung_6,0,1,0.516,young,1420.7,Wiggen
7043,22150,1,0,2,2,1,1,1,ds3,,Stangenholz,Stangenholz_8,0,1,2.215,not_young,1639.0,Flühli LU
7044,5067,2,1,0,1,2,2,2,ds6,,Starkes Baumholz,Starkes Baumholz_6,0,1,0.507,not_young,1076.0,Flühli LU
7045,12692,4,0,0,0,3,4,3,ds6,,Starkes Baumholz,Starkes Baumholz_6,0,1,1.269,not_young,1156.4,Marbach LU
7046,13938,1,0,2,2,1,1,1,ds5,,Mittleres Baumholz,Mittleres Baumholz_8,0,1,1.394,not_young,1549.1,Flühli LU
7047,21813,2,1,0,1,2,2,2,ds6,,Starkes Baumholz,Starkes Baumholz_6,0,1,2.181,not_young,1393.0,Escholzmatt
7048,7381,3,0,0,0,3,3,3,ds3,,Stangenholz,Stangenholz_6,0,1,0.738,not_young,1375.3,Wiggen
7049,5730,3,0,0,0,3,3,3,ds4,,Schwaches Baumholz,Schwaches Baumholz_6,0,1,0.573,not_young,1283.7,Flühli LU
7050,7400,1,0,2,2,1,1,1,ds4,,Schwaches Baumholz,Schwaches Baumholz_8,0,1,0.74,not_young,1626.3,Flühli LU
7051,5318,2,1,0,1,2,2,2,ds3,,Stangenholz,Stangenholz_6,0,1,0.532,not_young,1111.2,Flühli LU
7052,108997,2,1,0,1,2,2,2,ds5,,Mittleres Baumholz,Mittleres Baumholz_10,0,1,10.9,not_young,1550.0,Wiggen
7053,5700,2,1,0,1,2,2,2,ds4,,Schwaches Baumholz,Schwaches Baumholz_10,0,1,0.57,not_young,1492.1,Wiggen
7054,12800,2,1,0,1,2,2,2,ds3,,Stangenholz,Stangenholz_6,0,1,1.28,not_young,1378.2,Wiggen
7055,8540,4,0,0,0,3,4,3,ds5,,Mittleres Baumholz,Mittleres Baumholz_6,0,1,0.854,not_young,1349.5,Wiggen
7056,5400,2,1,0,1,2,2,2,ds4,,Schwaches Baumholz,Schwaches Baumholz_6,0,1,0.54,not_young,1442.9,Wiggen
7057,10500,2,1,0,1,2,2,2,ds1,,Jungwuchs/Dickung,Jungwuchs/Dickung_10,0,1,1.05,young,1569.2,Wiggen
7058,6160,2,1,0,1,2,2,2,ds5,,Mittleres Baumholz,Mittleres Baumholz_6,0,1,0.616,not_young,1119.9,Flühli LU
7059,6939,2,1,0,1,2,2,2,ds4,,Schwaches Baumholz,Schwaches Baumholz_10,0,1,0.694,not_young,1417.8,Flühli LU
7060,6450,2,1,0,1,2,2,2,ds3,,Stangenholz,Stangenholz_6,0,1,0.645,not_young,1390.5,Wiggen
7061,6191,3,0,0,0,3,3,3,ds5,,Mittleres Baumholz,Mittleres Baumholz_6,0,1,0.619,not_young,1377.6,Wiggen
7062,8550,2,1,0,1,2,2,2,ds1,,Jungwuchs/Dickung,Jungwuchs/Dickung_10,0,1,0.855,young,1582.1,Wiggen
7063,10661,1,0,2,2,1,1,1,ds3,,Stangenholz,Stangenholz_6,0,1,1.066,not_young,1457.0,Flühli LU
7064,25950,2,1,0,1,2,2,2,ds6,,Starkes Baumholz,Starkes Baumholz_13,0,1,2.595,not_young,972.1,Wiggen
7065,6750,2,1,0,1,2,2,2,ds2,,Jungwuchs/Dickung,Jungwuchs/Dickung_6,0,1,0.675,young,1441.1,Wiggen
7066,15267,1,0,2,2,1,1,1,ds2,,Jungwuchs/Dickung,Jungwuchs/Dickung_6,0,1,1.527,young,1414.6,Flühli LU
7068,7983,4,0,0,0,3,4,3,ds2,,Jungwuchs/Dickung,Jungwuchs/Dickung_6,0,1,0.798,young,1338.2,Wiggen
7069,100691,2,1,0,1,2,2,2,ds4,,Schwaches Baumholz,Schwaches Baumholz_8,0,1,10.069,not_young,1553.7,Wiggen
7070,8696,2,1,0,1,2,2,2,ds6,,Starkes Baumholz,Starkes Baumholz_6,0,1,0.87,not_young,1043.9,Flühli LU
7071,8267,3,0,0,0,3,3,3,ds5,,Mittleres Baumholz,Mittleres Baumholz_10,0,1,0.827,not_young,1457.9,Wiggen
7072,6191,2,1,0,1,2,2,2,ds4,,Schwaches Baumholz,Schwaches Baumholz_6,0,1,0.619,not_young,1072.3,Flühli LU
7073,7680,2,1,0,1,2,2,2,ds4,,Schwaches Baumholz,Schwaches Baumholz_6,0,1,0.768,not_young,1025.0,Flühli LU
7074,6450,2,1,0,1,2,2,2,ds4,,Schwaches Baumholz,Schwaches Baumholz_8,0,1,0.645,not_young,1569.8,Wiggen
7075,6200,2,1,0,1,2,2,2,ds5,,Mittleres Baumholz,Mittleres Baumholz_10,0,1,0.62,not_young,1470.2,Wiggen
7076,5876,3,0,0,0,3,3,3,ds4,,Schwaches Baumholz,Schwaches Baumholz_6,0,1,0.588,not_young,1281.3,Flühli LU
7077,6149,4,0,0,0,3,4,3,ds3,,Stangenholz,Stangenholz_6,0,1,0.615,not_young,1121.8,Marbach LU
7078,13130,2,1,0,1,2,2,2,ds6,,Starkes Baumholz,Starkes Baumholz_13,0,1,1.313,not_young,1044.2,Wiggen
7079,7662,2,1,0,1,2,2,2,ds4,,Schwaches Baumholz,Schwaches Baumholz_6,0,1,0.766,not_young,1088.6,Flühli LU
7080,120627,2,1,0,1,2,2,2,ds6,,Starkes Baumholz,Starkes Baumholz_6,0,1,12.063,not_young,1346.0,Flühli LU
7081,10912,4,0,0,0,3,4,3,ds6,,Starkes Baumholz,Starkes Baumholz_13,0,1,1.091,not_young,1044.4,Marbach LU
7082,5827,3,0,0,0,3,3,3,ds5,,Mittleres Baumholz,Mittleres Baumholz_6,0,1,0.583,not_young,1326.1,Flühli LU
7083,9349,2,1,0,1,2,2,2,ds4,,Schwaches Baumholz,Schwaches Baumholz_6,0,1,0.935,not_young,1438.6,Wiggen
7084,6000,2,1,0,1,2,2,2,ds5,,Mittleres Baumholz,Mittleres Baumholz_10,0,1,0.6,not_young,1477.7,Wiggen
7085,20996,4,0,0,0,3,4,3,ds6,,Starkes Baumholz,Starkes Baumholz_13,0,1,2.1,not_young,962.6,Marbach LU
7086,8598,4,0,0,0,3,4,3,ds6,,Starkes Baumholz,Starkes Baumholz_13,0,1,0.86,not_young,975.2,Marbach LU
7087,5540,2,1,0,1,2,2,2,ds5,,Mittleres Baumholz,Mittleres Baumholz_6,0,1,0.554,not_young,1043.6,Flühli LU
7088,5971,4,0,0,0,3,4,3,ds6,,Starkes Baumholz,Starkes Baumholz_13,0,1,0.597,not_young,1031.9,Marbach LU
7089,5600,4,0,0,0,3,4,3,ds1,,Jungwuchs/Dickung,Jungwuchs/Dickung_6,0,1,0.56,young,1360.5,Wiggen
7090,14574,1,0,2,2,1,1,1,ds3,,Stangenholz,Stangenholz_10,0,1,1.457,not_young,1453.9,Flühli LU
7091,11037,4,0,0,0,3,4,3,ds6,,Starkes Baumholz,Starkes Baumholz_13,0,1,1.104,not_young,985.2,Marbach LU
7092,6607,3,0,0,0,3,4,3,ds6,,Starkes Baumholz,Starkes Baumholz_6,0,1,0.661,not_young,1052.6,Marbach LU
7093,100375,1,1,2,3,1,1,1,ds3,,Stangenholz,Stangenholz_8,0,1,10.037,not_young,1627.8,Flühli LU
7094,11860,1,0,2,2,1,1,1,ds5,,Mittleres Baumholz,Mittleres Baumholz_8,0,1,1.186,not_young,1485.1,Flühli LU
7095,11550,2,1,0,1,2,2,2,ds5,,Mittleres Baumholz,Mittleres Baumholz_13,0,1,1.155,not_young,981.8,Wiggen
7096,9992,3,0,0,0,3,4,3,ds3,,Stangenholz,Stangenholz_6,0,1,0.999,not_young,1290.2,Wiggen
7097,11011,2,1,0,1,2,2,2,ds6,,Starkes Baumholz,Starkes Baumholz_6,0,1,1.101,not_young,1438.6,Wiggen
7098,7000,3,0,0,0,3,3,3,ds5,,Mittleres Baumholz,Mittleres Baumholz_6,0,1,0.7,not_young,1337.5,Wiggen
7099,7850,2,1,0,1,2,2,2,ds5,,Mittleres Baumholz,Mittleres Baumholz_6,0,1,0.785,not_young,1400.8,Flühli LU
7100,5350,1,1,2,3,1,1,1,ds3,,Stangenholz,Stangenholz_8,0,1,0.535,not_young,1624.5,Flühli LU
7102,5550,2,1,0,1,2,2,2,ds1,,Jungwuchs/Dickung,Jungwuchs/Dickung_6,0,1,0.555,young,1431.5,Wiggen
7103,8500,1,0,2,2,1,1,1,ds3,,Stangenholz,Stangenholz_6,0,1,0.85,not_young,1396.8,Flühli LU
7104,9150,2,1,0,1,2,2,2,ds1,,Jungwuchs/Dickung,Jungwuchs/Dickung_10,0,1,0.915,young,1580.8,Wiggen
7106,10556,2,1,0,1,2,2,2,ds5,,Mittleres Baumholz,Mittleres Baumholz_6,0,1,1.056,not_young,1454.5,Wiggen
7107,7851,2,1,0,1,2,2,2,ds5,,Mittleres Baumholz,Mittleres Baumholz_6,0,1,0.785,not_young,1058.6,Wiggen
7108,26627,1,0,2,2,1,1,1,ds3,,Stangenholz,Stangenholz_6,0,1,2.663,not_young,1436.4,Flühli LU
7109,32597,2,1,0,1,2,2,2,ds5,,Mittleres Baumholz,Mittleres Baumholz_8,0,1,3.26,not_young,1490.7,Wiggen
7110,5850,2,1,0,1,2,2,2,ds1,,Jungwuchs/Dickung,Jungwuchs/Dickung_10,0,1,0.585,young,1513.8,Wiggen
7112,7650,2,1,0,1,2,2,1,ds5,,Mittleres Baumholz,Mittleres Baumholz_6,0,1,0.765,not_young,1407.5,Flühli LU
7113,7880,3,0,0,0,3,4,3,ds6,,Starkes Baumholz,Starkes Baumholz_6,0,1,0.788,not_young,1068.6,Marbach LU
7114,12500,2,1,0,1,2,2,2,ds2,,Jungwuchs/Dickung,Jungwuchs/Dickung_6,0,1,1.25,young,1451.8,Wiggen
7115,27212,2,1,0,1,2,2,2,ds6,,Starkes Baumholz,Starkes Baumholz_6,0,1,2.721,not_young,1126.8,Flühli LU
7116,8784,2,1,0,1,2,2,2,ds2,,Jungwuchs/Dickung,Jungwuchs/Dickung_6,0,1,0.878,young,1437.8,Wiggen
7117,10281,3,0,0,0,3,3,1,ds5,,Mittleres Baumholz,Mittleres Baumholz_6,0,1,1.028,not_young,1369.0,Flühli LU
7118,7814,4,0,0,0,3,4,3,ds6,,Starkes Baumholz,Starkes Baumholz_6,0,1,0.781,not_young,1167.8,Marbach LU
7119,5211,2,1,0,1,2,2,2,ds6,,Starkes Baumholz,Starkes Baumholz_6,0,1,0.521,not_young,1029.2,Wiggen
7120,12979,2,1,0,1,2,2,2,ds5,,Mittleres Baumholz,Mittleres Baumholz_6,0,1,1.298,not_young,1455.9,Wiggen
7121,4950,3,0,0,0,3,3,3,ds5,,Mittleres Baumholz,Mittleres Baumholz_6,0,1,0.495,not_young,1221.8,Wiggen
7122,37047,3,0,0,0,3,3,3,ds6,,Starkes Baumholz,Starkes Baumholz_6,0,1,3.705,not_young,1276.1,Flühli LU
7124,6201,2,1,0,1,2,2,2,ds5,,Mittleres Baumholz,Mittleres Baumholz_13,0,1,0.62,not_young,1135.2,Wiggen
7125,21042,2,1,0,1,2,2,2,ds6,,Starkes Baumholz,Starkes Baumholz_6,0,1,2.104,not_young,1457.7,Wiggen
7126,5800,2,1,0,1,2,2,2,ds5,,Mittleres Baumholz,Mittleres Baumholz_6,0,1,0.58,not_young,1346.4,Flühli LU
7127,5067,3,0,0,0,3,3,3,ds4,,Schwaches Baumholz,Schwaches Baumholz_6,0,1,0.507,not_young,1218.1,Flühli LU
7128,5208,3,0,0,0,3,3,3,ds5,,Mittleres Baumholz,Mittleres Baumholz_6,0,1,0.521,not_young,1354.0,Flühli LU
7130,19207,3,0,0,0,3,3,1,ds4,,Schwaches Baumholz,Schwaches Baumholz_6,0,1,1.921,not_young,1444.8,Flühli LU
7131,6908,4,0,0,0,3,4,3,ds5,,Mittleres Baumholz,Mittleres Baumholz_6,0,1,0.691,not_young,1030.7,Marbach LU
7132,65707,1,1,2,3,1,1,1,ds6,,Starkes Baumholz,Starkes Baumholz_8,0,1,6.571,not_young,1533.6,Flühli LU
7133,62434,4,0,0,0,3,4,3,ds6,,Starkes Baumholz,Starkes Baumholz_13,0,1,6.243,not_young,951.9,Marbach LU
7134,7978,4,0,0,0,3,4,3,ds6,,Starkes Baumholz,Starkes Baumholz_6,0,1,0.798,not_young,1109.1,Marbach LU
7135,32193,4,0,0,0,3,4,3,ds6,,Starkes Baumholz,Starkes Baumholz_13,0,1,3.219,not_young,978.4,Marbach LU
7137,6552,3,0,0,0,3,3,3,ds6,,Starkes Baumholz,Starkes Baumholz_6,0,1,0.655,not_young,1366.9,Flühli LU
7138,8048,4,0,0,0,3,4,3,ds6,,Starkes Baumholz,Starkes Baumholz_6,0,1,0.805,not_young,1026.6,Marbach LU
7139,5700,2,1,0,1,2,2,2,ds2,,Jungwuchs/Dickung,Jungwuchs/Dickung_6,0,1,0.57,young,1452.1,Wiggen
7140,7284,3,0,0,0,3,3,3,ds4,,Schwaches Baumholz,Schwaches Baumholz_6,0,1,0.728,not_young,1316.8,Flühli LU
7141,11021,2,1,0,1,2,2,2,ds6,,Starkes Baumholz,Starkes Baumholz_6,0,1,1.102,not_young,1096.6,Wiggen
7142,7550,2,1,0,1,2,2,2,ds6,,Starkes Baumholz,Starkes Baumholz_6,0,1,0.755,not_young,1312.9,Flühli LU
7143,8106,3,0,0,0,3,3,3,ds4,,Schwaches Baumholz,Schwaches Baumholz_6,0,1,0.811,not_young,1290.5,Flühli LU
7144,15037,4,0,0,0,3,4,3,ds6,,Starkes Baumholz,Starkes Baumholz_6,0,1,1.504,not_young,1214.8,Marbach LU
7145,5170,2,1,0,1,2,2,2,ds5,,Mittleres Baumholz,Mittleres Baumholz_6,0,1,0.517,not_young,1125.4,Flühli LU
7146,8948,3,0,0,0,3,3,3,ds5,,Mittleres Baumholz,Mittleres Baumholz_6,0,1,0.895,not_young,978.4,Flühli LU
7147,5954,4,0,0,0,3,4,3,ds6,,Starkes Baumholz,Starkes Baumholz_13,0,1,0.595,not_young,1021.8,Marbach LU
7148,6541,3,0,0,0,3,3,3,ds5,,Mittleres Baumholz,Mittleres Baumholz_6,0,1,0.654,not_young,1052.1,Wiggen
7149,10600,2,1,0,1,2,2,2,ds4,,Schwaches Baumholz,Schwaches Baumholz_10,0,1,1.06,not_young,1514.5,Wiggen
7150,11350,2,1,0,1,2,2,2,ds4,,Schwaches Baumholz,Schwaches Baumholz_6,0,1,1.135,not_young,1434.6,Wiggen
7151,11300,1,1,2,3,1,1,1,ds3,,Stangenholz,Stangenholz_10,0,1,1.13,not_young,1549.2,Flühli LU
7152,6550,3,0,0,0,3,3,3,ds4,,Schwaches Baumholz,Schwaches Baumholz_6,0,1,0.655,not_young,1253.7,Flühli LU
7153,9752,3,0,0,0,3,3,1,ds5,,Mittleres Baumholz,Mittleres Baumholz_6,0,1,0.975,not_young,1453.0,Flühli LU
7154,9600,1,1,2,3,1,1,1,ds3,,Stangenholz,Stangenholz_8,0,1,0.96,not_young,1574.8,Flühli LU
7155,5443,3,0,0,0,3,4,3,ds6,,Starkes Baumholz,Starkes Baumholz_6,0,1,0.544,not_young,1060.3,Marbach LU
7156,25500,2,1,0,1,2,2,2,ds5,,Mittleres Baumholz,Mittleres Baumholz_10,0,1,2.55,not_young,1601.8,Wiggen
7157,6200,2,1,0,1,2,2,2,ds5,,Mittleres Baumholz,Mittleres Baumholz_6,0,1,0.62,not_young,1214.0,Wiggen
7158,5780,3,0,0,0,3,3,3,ds3,,Stangenholz,Stangenholz_6,0,1,0.578,not_young,1327.4,Flühli LU
7159,5838,4,0,0,0,3,4,3,ds6,,Starkes Baumholz,Starkes Baumholz_6,0,1,0.584,not_young,1251.1,Marbach LU
7160,5800,2,1,0,1,2,2,2,ds6,,Starkes Baumholz,Starkes Baumholz_6,0,1,0.58,not_young,1452.3,Wiggen
7161,8812,3,0,0,0,3,3,3,ds6,,Starkes Baumholz,Starkes Baumholz_6,0,1,0.881,not_young,1281.5,Flühli LU
7162,14833,4,0,0,0,3,4,3,ds5,,Mittleres Baumholz,Mittleres Baumholz_13,0,1,1.483,not_young,1044.6,Marbach LU
7163,19565,2,1,0,1,2,2,1,ds5,,Mittleres Baumholz,Mittleres Baumholz_10,0,1,1.956,not_young,1454.7,Flühli LU
7164,12948,3,0,0,0,3,4,3,ds6,,Starkes Baumholz,Starkes Baumholz_6,0,1,1.295,not_young,1180.9,Marbach LU
7165,36000,2,1,0,1,2,2,2,ds6,,Starkes Baumholz,Starkes Baumholz_6,0,1,3.6,not_young,1241.8,Flühli LU
7166,80398,1,1,2,3,1,1,1,ds4,,Schwaches Baumholz,Schwaches Baumholz_8,0,1,8.04,not_young,1577.2,Flühli LU
7167,5845,3,0,0,0,3,3,3,ds6,,Starkes Baumholz,Starkes Baumholz_6,0,1,0.585,not_young,1214.9,Wiggen
7168,5850,2,1,0,1,2,2,2,ds6,,Starkes Baumholz,Starkes Baumholz_6,0,1,0.585,not_young,1375.4,Flühli LU
7169,7366,3,0,0,0,3,3,3,ds5,,Mittleres Baumholz,Mittleres Baumholz_6,0,1,0.737,not_young,1309.9,Flühli LU
7170,5652,4,0,0,0,3,4,3,ds4,,Schwaches Baumholz,Schwaches Baumholz_6,0,1,0.565,not_young,1105.1,Marbach LU
7173,7219,3,0,0,0,3,3,3,ds2,,Jungwuchs/Dickung,Jungwuchs/Dickung_6,0,1,0.722,young,1044.5,Wiggen
7174,7005,2,1,0,1,2,2,2,ds5,,Mittleres Baumholz,Mittleres Baumholz_6,0,1,0.7,not_young,1468.0,Wiggen
7175,13222,2,1,0,1,2,2,2,ds6,,Starkes Baumholz,Starkes Baumholz_6,0,1,1.322,not_young,1410.9,Wiggen
7177,6650,3,0,0,0,3,3,3,ds5,,Mittleres Baumholz,Mittleres Baumholz_6,0,1,0.665,not_young,1312.2,Wiggen
7178,12706,1,0,2,2,1,1,1,ds5,,Mittleres Baumholz,Mittleres Baumholz_8,0,1,1.271,not_young,1450.1,Flühli LU
7180,27029,3,0,0,0,3,4,3,ds6,,Starkes Baumholz,Starkes Baumholz_6,0,1,2.703,not_young,1084.1,Marbach LU
7181,32109,2,1,0,1,2,2,2,ds2,,Jungwuchs/Dickung,Jungwuchs/Dickung_6,0,1,3.211,young,1441.1,Wiggen
7182,7656,3,0,0,0,3,3,3,ds4,,Schwaches Baumholz,Schwaches Baumholz_6,0,1,0.766,not_young,966.2,Flühli LU
7183,69802,1,1,2,3,1,1,1,ds4,,Schwaches Baumholz,Schwaches Baumholz_10,0,1,6.98,not_young,1562.6,Flühli LU
7186,6126,2,1,0,1,2,2,2,ds4,,Schwaches Baumholz,Schwaches Baumholz_6,0,1,0.613,not_young,1358.2,Flühli LU
7187,7887,3,0,0,0,3,3,3,ds3,,Stangenholz,Stangenholz_6,0,1,0.789,not_young,1284.4,Flühli LU
7189,10460,4,0,0,0,3,4,3,ds5,,Mittleres Baumholz,Mittleres Baumholz_6,0,1,1.046,not_young,1187.3,Wiggen
7190,6850,2,1,0,1,2,2,2,ds5,,Mittleres Baumholz,Mittleres Baumholz_6,0,1,0.685,not_young,1232.5,Flühli LU
7191,6686,3,0,0,0,3,3,3,ds5,,Mittleres Baumholz,Mittleres Baumholz_6,0,1,0.669,not_young,1109.2,Wiggen
7192,24345,1,1,2,3,1,1,1,ds3,,Stangenholz,Stangenholz_10,0,1,2.434,not_young,1496.6,Flühli LU
7193,11609,3,0,0,0,3,3,3,ds6,,Starkes Baumholz,Starkes Baumholz_8,0,1,1.161,not_young,1531.2,Flühli LU
7194,5407,2,1,0,1,2,2,2,ds3,,Stangenholz,Stangenholz_6,0,1,0.541,not_young,1149.3,Flühli LU
7196,7064,2,1,0,1,2,2,2,ds4,,Schwaches Baumholz,Schwaches Baumholz_6,0,1,0.706,not_young,1355.2,Flühli LU
7197,28801,4,0,0,0,3,4,3,ds6,,Starkes Baumholz,Starkes Baumholz_6,0,1,2.88,not_young,1030.6,Marbach LU
7198,7315,2,1,0,1,2,2,2,ds5,,Mittleres Baumholz,Mittleres Baumholz_6,0,1,0.732,not_young,1345.4,Wiggen
7199,17600,1,1,2,3,1,1,1,ds4,,Schwaches Baumholz,Schwaches Baumholz_10,0,1,1.76,not_young,1496.2,Flühli LU
7200,6250,2,1,0,1,2,2,2,ds4,,Schwaches Baumholz,Schwaches Baumholz_6,0,1,0.625,not_young,1481.3,Wiggen
7201,8750,2,1,0,1,2,2,2,ds2,,Jungwuchs/Dickung,Jungwuchs/Dickung_6,0,1,0.875,young,1473.1,Wiggen
7202,12888,2,1,0,1,2,2,2,ds5,,Mittleres Baumholz,Mittleres Baumholz_6,0,1,1.289,not_young,1401.3,Wiggen
7203,21960,4,0,0,0,3,4,3,ds6,,Starkes Baumholz,Starkes Baumholz_6,0,1,2.196,not_young,1058.1,Marbach LU
7204,157367,2,1,0,1,2,2,2,ds6,,Starkes Baumholz,Starkes Baumholz_10,0,1,15.737,not_young,1524.7,Wiggen
7205,8050,1,1,2,3,1,1,1,ds3,,Stangenholz,Stangenholz_6,0,1,0.805,not_young,1387.8,Flühli LU
7207,7148,4,0,0,0,3,4,3,ds5,,Mittleres Baumholz,Mittleres Baumholz_6,0,1,0.715,not_young,1153.4,Wiggen
7208,43250,2,1,0,1,2,2,2,ds1,,Jungwuchs/Dickung,Jungwuchs/Dickung_10,0,1,4.325,young,1546.1,Wiggen
7209,6106,3,0,0,0,3,3,3,ds5,,Mittleres Baumholz,Mittleres Baumholz_6,0,1,0.611,not_young,1045.6,Flühli LU
7210,13229,3,0,0,0,3,3,3,ds6,,Starkes Baumholz,Starkes Baumholz_10,0,1,1.323,not_young,1495.3,Flühli LU
7211,15628,2,1,0,1,2,2,2,ds5,,Mittleres Baumholz,Mittleres Baumholz_6,0,1,1.563,not_young,1374.8,Wiggen
7212,8798,2,1,0,1,2,2,2,ds6,,Starkes Baumholz,Starkes Baumholz_6,0,1,0.88,not_young,1072.8,Flühli LU
7213,6151,3,0,0,0,3,3,3,ds3,,Stangenholz,Stangenholz_6,0,1,0.615,not_young,1303.1,Flühli LU
7216,8667,2,1,0,1,2,2,2,ds5,,Mittleres Baumholz,Mittleres Baumholz_6,0,1,0.867,not_young,1394.0,Wiggen
7217,7150,4,0,0,0,3,4,3,ds5,,Mittleres Baumholz,Mittleres Baumholz_6,0,1,0.715,not_young,1304.5,Wiggen
7218,81510,1,1,2,3,1,1,1,ds5,,Mittleres Baumholz,Mittleres Baumholz_6,0,1,8.151,not_young,1469.2,Flühli LU
7219,17450,3,0,0,0,3,3,3,ds5,,Mittleres Baumholz,Mittleres Baumholz_8,0,1,1.745,not_young,1525.2,Flühli LU
7220,6345,3,0,0,0,3,3,3,ds3,,Stangenholz,Stangenholz_6,0,1,0.635,not_young,1244.9,Flühli LU
7221,5630,2,1,0,1,2,2,2,ds5,,Mittleres Baumholz,Mittleres Baumholz_6,0,1,0.563,not_young,1370.3,Wiggen
7223,12608,2,1,0,1,2,2,2,ds6,,Starkes Baumholz,Starkes Baumholz_6,0,1,1.261,not_young,1364.3,Wiggen
7225,11648,4,0,0,0,3,4,3,ds5,,Mittleres Baumholz,Mittleres Baumholz_6,0,1,1.165,not_young,1265.2,Wiggen
7226,26781,3,0,0,0,3,3,3,ds6,,Starkes Baumholz,Starkes Baumholz_6,0,1,2.678,not_young,1222.2,Flühli LU
7227,5339,3,0,0,0,3,3,3,ds6,,Starkes Baumholz,Starkes Baumholz_6,0,1,0.534,not_young,1073.2,Wiggen
7228,23110,1,1,2,3,1,1,1,ds4,,Schwaches Baumholz,Schwaches Baumholz_6,0,1,2.311,not_young,1383.8,Flühli LU
7229,6102,3,0,0,0,3,3,3,ds5,,Mittleres Baumholz,Mittleres Baumholz_6,0,1,0.61,not_young,1225.3,Flühli LU
7231,32890,2,1,0,1,2,2,2,ds6,,Starkes Baumholz,Starkes Baumholz_6,0,1,3.289,not_young,1190.8,Flühli LU
7232,7012,2,1,0,1,2,2,2,ds4,,Schwaches Baumholz,Schwaches Baumholz_6,0,1,0.701,not_young,1094.2,Flühli LU
7233,11083,3,0,0,0,3,3,3,ds5,,Mittleres Baumholz,Mittleres Baumholz_6,0,1,1.108,not_young,990.7,Flühli LU
7235,141477,2,1,0,1,2,2,2,ds6,,Starkes Baumholz,Starkes Baumholz_6,0,1,14.148,not_young,1199.2,Wiggen
7236,13599,3,0,0,0,3,3,3,ds2,,Jungwuchs/Dickung,Jungwuchs/Dickung_6,0,1,1.36,young,1304.8,Wiggen
7237,7230,3,0,0,0,3,3,3,ds5,,Mittleres Baumholz,Mittleres Baumholz_6,0,1,0.723,not_young,1270.5,Flühli LU
7238,5417,3,0,0,0,3,3,3,ds6,,Starkes Baumholz,Starkes Baumholz_6,0,1,0.542,not_young,1250.4,Flühli LU
7239,6682,2,1,0,1,2,2,2,ds5,,Mittleres Baumholz,Mittleres Baumholz_6,0,1,0.668,not_young,1113.2,Flühli LU
7240,4990,3,0,0,0,3,4,3,ds5,,Mittleres Baumholz,Mittleres Baumholz_6,0,1,0.499,not_young,1144.7,Marbach LU
7241,11938,2,1,0,1,2,2,2,ds1,,Jungwuchs/Dickung,Jungwuchs/Dickung_6,0,1,1.194,young,1443.2,Wiggen
7242,49944,2,1,0,1,2,2,2,ds1,,Jungwuchs/Dickung,Jungwuchs/Dickung_6,0,1,4.994,young,1291.7,Wiggen
7244,8445,3,0,0,0,3,3,3,ds4,,Schwaches Baumholz,Schwaches Baumholz_6,0,1,0.845,not_young,1244.3,Flühli LU
7245,18543,3,0,0,0,3,4,3,ds6,,Starkes Baumholz,Starkes Baumholz_6,0,1,1.854,not_young,1121.5,Marbach LU
7246,9476,4,0,0,0,3,4,3,ds6,,Starkes Baumholz,Starkes Baumholz_6,0,1,0.948,not_young,1118.1,Marbach LU
7247,9877,4,0,0,0,3,4,3,ds6,,Starkes Baumholz,Starkes Baumholz_6,0,1,0.988,not_young,1352.0,Wiggen
7248,18669,2,1,0,1,2,2,2,ds6,,Starkes Baumholz,Starkes Baumholz_6,0,1,1.867,not_young,1074.9,Flühli LU
7249,5383,2,1,0,1,2,2,2,ds4,,Schwaches Baumholz,Schwaches Baumholz_6,0,1,0.538,not_young,1304.0,Flühli LU
7250,5204,3,0,0,0,3,4,3,ds5,,Mittleres Baumholz,Mittleres Baumholz_6,0,1,0.52,not_young,1303.2,Wiggen
7251,15063,2,1,0,1,2,2,2,ds2,,Jungwuchs/Dickung,Jungwuchs/Dickung_6,0,1,1.506,young,1435.2,Wiggen
7252,10902,4,0,0,0,3,4,3,ds6,,Starkes Baumholz,Starkes Baumholz_6,0,1,1.09,not_young,1115.7,Wiggen
7253,15797,3,0,0,0,3,3,3,ds4,,Schwaches Baumholz,Schwaches Baumholz_8,0,1,1.58,not_young,1603.6,Flühli LU
7254,10527,3,0,0,0,3,3,3,ds4,,Schwaches Baumholz,Schwaches Baumholz_6,0,1,1.053,not_young,1248.5,Flühli LU
7255,8907,2,1,0,1,2,2,2,ds5,,Mittleres Baumholz,Mittleres Baumholz_13,0,1,0.891,not_young,1085.0,Wiggen
7256,6845,2,1,0,1,2,2,2,ds4,,Schwaches Baumholz,Schwaches Baumholz_6,0,1,0.684,not_young,1314.6,Wiggen
7257,7872,2,1,0,1,2,2,2,ds1,,Jungwuchs/Dickung,Jungwuchs/Dickung_6,0,1,0.787,young,1357.9,Wiggen
7258,28411,2,1,0,1,2,2,2,ds6,,Starkes Baumholz,Starkes Baumholz_6,0,1,2.841,not_young,1339.0,Wiggen
7259,5600,2,1,0,1,2,2,2,ds5,,Mittleres Baumholz,Mittleres Baumholz_6,0,1,0.56,not_young,1000.2,Flühli LU
7260,7600,4,0,0,0,3,4,3,ds6,,Starkes Baumholz,Starkes Baumholz_6,0,1,0.76,not_young,1130.9,Marbach LU
7261,8121,4,0,0,0,3,4,3,ds4,,Schwaches Baumholz,Schwaches Baumholz_6,0,1,0.812,not_young,1138.5,Wiggen
7262,6285,4,0,0,0,3,4,3,ds3,,Stangenholz,Stangenholz_6,0,1,0.629,not_young,1067.8,Marbach LU
7263,13106,3,0,0,0,3,4,3,ds2,,Jungwuchs/Dickung,Jungwuchs/Dickung_6,0,1,1.311,young,1385.6,Wiggen
7264,6550,3,0,0,0,3,4,3,ds3,,Stangenholz,Stangenholz_6,0,1,0.655,not_young,1291.2,Wiggen
7266,13822,4,0,0,0,3,4,3,ds6,,Starkes Baumholz,Starkes Baumholz_6,0,1,1.382,not_young,1140.1,Marbach LU
7267,5200,3,0,0,0,3,3,3,ds4,,Schwaches Baumholz,Schwaches Baumholz_6,0,1,0.52,not_young,1260.1,Flühli LU
7268,13328,2,1,0,1,2,2,2,ds6,,Starkes Baumholz,Starkes Baumholz_6,0,1,1.333,not_young,1063.4,Flühli LU
7269,8482,2,1,0,1,2,2,2,ds5,,Mittleres Baumholz,Mittleres Baumholz_6,0,1,0.848,not_young,1045.0,Flühli LU
7270,5735,2,1,0,1,2,2,2,ds4,,Schwaches Baumholz,Schwaches Baumholz_6,0,1,0.574,not_young,1148.4,Flühli LU
7271,11361,2,1,0,1,2,2,2,ds5,,Mittleres Baumholz,Mittleres Baumholz_6,0,1,1.136,not_young,1094.1,Flühli LU
7272,45509,2,1,0,1,2,2,2,ds6,,Starkes Baumholz,Starkes Baumholz_6,0,1,4.551,not_young,1003.7,Flühli LU
7273,32547,4,0,0,0,3,4,3,ds6,,Starkes Baumholz,Starkes Baumholz_6,0,1,3.255,not_young,1038.2,Marbach LU
7274,8758,3,0,0,0,3,3,3,ds5,,Mittleres Baumholz,Mittleres Baumholz_6,0,1,0.876,not_young,1189.6,Flühli LU
7275,6800,3,0,0,0,3,4,3,ds5,,Mittleres Baumholz,Mittleres Baumholz_6,0,1,0.68,not_young,1317.8,Wiggen
7276,6291,3,0,0,0,3,3,3,ds5,,Mittleres Baumholz,Mittleres Baumholz_6,0,1,0.629,not_young,1282.1,Flühli LU
7277,5839,2,1,0,1,2,2,2,ds4,,Schwaches Baumholz,Schwaches Baumholz_6,0,1,0.584,not_young,1201.5,Flühli LU
7278,9450,3,0,0,0,3,3,3,ds6,,Starkes Baumholz,Starkes Baumholz_6,0,1,0.945,not_young,1303.3,Flühli LU
7279,44247,3,0,0,0,3,3,3,ds6,,Starkes Baumholz,Starkes Baumholz_8,0,1,4.425,not_young,1579.3,Flühli LU
7280,7009,3,0,0,0,3,4,3,ds4,,Schwaches Baumholz,Schwaches Baumholz_6,0,1,0.701,not_young,1318.4,Wiggen
7281,11665,2,1,0,1,2,2,2,ds4,,Schwaches Baumholz,Schwaches Baumholz_6,0,1,1.167,not_young,1227.1,Flühli LU
7282,6050,1,1,2,3,1,1,1,ds2,,Jungwuchs/Dickung,Jungwuchs/Dickung_6,0,1,0.605,young,1258.4,Flühli LU
7285,7166,3,0,0,0,3,3,3,ds6,,Starkes Baumholz,Starkes Baumholz_6,0,1,0.717,not_young,1260.0,Flühli LU
7286,5948,3,0,0,0,3,4,3,ds4,,Schwaches Baumholz,Schwaches Baumholz_6,0,1,0.595,not_young,1383.8,Wiggen
7287,8500,1,1,2,3,1,1,1,ds3,,Stangenholz,Stangenholz_6,0,1,0.85,not_young,1301.2,Flühli LU
7288,5550,4,0,0,0,3,4,3,ds6,,Starkes Baumholz,Starkes Baumholz_6,0,1,0.555,not_young,1102.7,Marbach LU
7289,6767,4,0,0,0,3,4,3,ds5,,Mittleres Baumholz,Mittleres Baumholz_6,0,1,0.677,not_young,1285.5,Wiggen
7290,5617,2,1,0,1,2,2,2,ds4,,Schwaches Baumholz,Schwaches Baumholz_6,0,1,0.562,not_young,1203.9,Flühli LU
7291,5760,3,0,0,0,3,3,3,ds5,,Mittleres Baumholz,Mittleres Baumholz_6,0,1,0.576,not_young,1236.4,Flühli LU
7292,5796,2,1,0,1,2,2,2,ds6,,Starkes Baumholz,Starkes Baumholz_6,0,1,0.58,not_young,1112.0,Flühli LU
7293,7626,2,1,0,1,2,2,2,ds6,,Starkes Baumholz,Starkes Baumholz_6,0,1,0.763,not_young,1164.8,Flühli LU
7294,25643,2,1,0,1,2,2,2,ds5,,Mittleres Baumholz,Mittleres Baumholz_6,0,1,2.564,not_young,1154.5,Flühli LU
7295,6490,2,1,0,1,2,2,2,ds4,,Schwaches Baumholz,Schwaches Baumholz_6,0,1,0.649,not_young,1206.9,Flühli LU
7296,8344,3,0,0,0,3,3,3,ds4,,Schwaches Baumholz,Schwaches Baumholz_6,0,1,0.834,not_young,1073.2,Flühli LU
7298,8627,4,0,0,0,3,4,3,ds6,,Starkes Baumholz,Starkes Baumholz_6,0,1,0.863,not_young,1175.0,Marbach LU
7299,5669,3,0,0,0,3,3,3,ds2,,Jungwuchs/Dickung,Jungwuchs/Dickung_6,0,1,0.567,young,1318.3,Flühli LU
7300,7459,2,1,0,1,2,2,2,ds5,,Mittleres Baumholz,Mittleres Baumholz_6,0,1,0.746,not_young,1094.3,Flühli LU
7302,5480,4,0,0,0,3,4,3,ds2,,Jungwuchs/Dickung,Jungwuchs/Dickung_6,0,1,0.548,young,1248.2,Wiggen
7303,5210,2,1,0,1,2,2,2,ds5,,Mittleres Baumholz,Mittleres Baumholz_6,0,1,0.521,not_young,1195.9,Flühli LU
7305,35418,3,0,0,0,3,3,3,ds6,,Starkes Baumholz,Starkes Baumholz_10,0,1,3.542,not_young,1535.4,Flühli LU
7306,9129,2,1,0,1,2,2,2,ds6,,Starkes Baumholz,Starkes Baumholz_6,0,1,0.913,not_young,1037.8,Flühli LU
7307,5150,4,0,0,0,3,4,3,ds5,,Mittleres Baumholz,Mittleres Baumholz_6,0,1,0.515,not_young,1165.1,Marbach LU
7308,10045,2,1,0,1,2,2,2,ds6,,Starkes Baumholz,Starkes Baumholz_6,0,1,1.004,not_young,1282.8,Wiggen
7309,13468,3,0,0,0,3,3,3,ds3,,Stangenholz,Stangenholz_6,0,1,1.347,not_young,1329.1,Flühli LU
7310,40784,4,0,0,0,3,4,3,ds5,,Mittleres Baumholz,Mittleres Baumholz_6,0,1,4.078,not_young,1283.0,Wiggen
7311,6837,3,0,0,0,3,3,3,ds5,,Mittleres Baumholz,Mittleres Baumholz_6,0,1,0.684,not_young,1092.3,Flühli LU
7312,8527,3,0,0,0,3,3,3,ds3,,Stangenholz,Stangenholz_6,0,1,0.853,not_young,1206.0,Flühli LU
7313,38000,4,0,0,0,3,4,3,ds6,,Starkes Baumholz,Starkes Baumholz_6,0,1,3.8,not_young,1056.6,Marbach LU
7314,5900,4,0,0,0,3,4,3,ds5,,Mittleres Baumholz,Mittleres Baumholz_13,0,1,0.59,not_young,971.9,Marbach LU
7315,5300,2,1,0,1,2,2,2,ds3,,Stangenholz,Stangenholz_13,0,1,0.53,not_young,1174.6,Flühli LU
7316,14350,4,0,0,0,3,4,3,ds2,,Jungwuchs/Dickung,Jungwuchs/Dickung_6,0,1,1.435,young,1321.8,Wiggen
7317,9097,4,0,0,0,3,4,3,ds6,,Starkes Baumholz,Starkes Baumholz_13,0,1,0.91,not_young,956.9,Marbach LU
7318,23783,2,1,0,1,2,2,2,ds6,,Starkes Baumholz,Starkes Baumholz_13,0,1,2.378,not_young,1096.4,Wiggen
7319,12123,1,1,2,3,1,1,1,ds3,,Stangenholz,Stangenholz_13,0,1,1.212,not_young,1179.6,Flühli LU
7320,9993,2,1,0,1,2,2,2,ds6,,Starkes Baumholz,Starkes Baumholz_6,0,1,0.999,not_young,1229.5,Wiggen
7321,7282,4,0,0,0,3,4,3,ds5,,Mittleres Baumholz,Mittleres Baumholz_6,0,1,0.728,not_young,1346.4,Wiggen
7322,29790,2,1,0,1,2,2,2,ds6,,Starkes Baumholz,Starkes Baumholz_6,0,1,2.979,not_young,1010.5,Flühli LU
7324,24162,2,1,0,1,2,2,2,ds5,,Mittleres Baumholz,Mittleres Baumholz_6,0,1,2.416,not_young,1093.3,Flühli LU
7325,12115,1,0,2,2,1,1,1,ds6,,Starkes Baumholz,Starkes Baumholz_6,0,1,1.212,not_young,1191.0,Flühli LU
7326,44958,3,0,0,0,3,4,3,ds6,,Starkes Baumholz,Starkes Baumholz_6,0,1,4.496,not_young,1108.5,Marbach LU
7327,8630,3,0,0,0,3,4,3,ds5,,Mittleres Baumholz,Mittleres Baumholz_6,0,1,0.863,not_young,1268.5,Wiggen
7328,26748,2,1,0,1,2,2,1,ds6,,Starkes Baumholz,Starkes Baumholz_6,0,1,2.675,not_young,1151.7,Flühli LU
7329,10482,2,1,0,1,2,2,2,ds4,,Schwaches Baumholz,Schwaches Baumholz_6,0,1,1.048,not_young,1101.3,Flühli LU
7330,5293,3,0,0,0,3,4,3,ds4,,Schwaches Baumholz,Schwaches Baumholz_6,0,1,0.529,not_young,1338.1,Wiggen
7331,28569,3,0,0,0,3,3,3,ds6,,Starkes Baumholz,Starkes Baumholz_6,0,1,2.857,not_young,1117.3,Flühli LU
7332,19101,4,0,0,0,3,4,3,ds6,,Starkes Baumholz,Starkes Baumholz_6,0,1,1.91,not_young,1265.9,Wiggen
7333,6800,3,0,0,0,3,4,3,ds3,,Stangenholz,Stangenholz_6,0,1,0.68,not_young,1296.3,Wiggen
7334,6646,2,1,0,1,2,2,2,ds4,,Schwaches Baumholz,Schwaches Baumholz_6,0,1,0.665,not_young,1145.8,Flühli LU
7336,5850,3,0,0,0,3,3,3,ds4,,Schwaches Baumholz,Schwaches Baumholz_6,0,1,0.585,not_young,1233.4,Flühli LU
7337,16630,3,0,0,0,3,3,3,ds5,,Mittleres Baumholz,Mittleres Baumholz_6,0,1,1.663,not_young,1278.2,Flühli LU
7338,5000,3,0,0,0,3,4,3,ds3,,Stangenholz,Stangenholz_6,0,1,0.5,not_young,1161.3,Marbach LU
7339,8512,1,1,2,3,1,1,1,ds3,,Stangenholz,Stangenholz_13,0,1,0.851,not_young,1180.0,Flühli LU
7340,7010,2,1,0,1,2,2,2,ds5,,Mittleres Baumholz,Mittleres Baumholz_6,0,1,0.701,not_young,1154.7,Wiggen
7341,10237,4,0,0,0,3,4,3,ds5,,Mittleres Baumholz,Mittleres Baumholz_6,0,1,1.024,not_young,1286.6,Wiggen
7342,9690,4,0,0,0,3,4,3,ds4,,Schwaches Baumholz,Schwaches Baumholz_6,0,1,0.969,not_young,1312.8,Wiggen
7343,5160,4,0,0,0,3,4,3,ds4,,Schwaches Baumholz,Schwaches Baumholz_6,0,1,0.516,not_young,1240.9,Wiggen
7344,69327,2,1,0,1,2,2,1,ds6,,Starkes Baumholz,Starkes Baumholz_6,0,1,6.933,not_young,1239.6,Flühli LU
7345,25682,4,0,0,0,3,4,3,ds6,,Starkes Baumholz,Starkes Baumholz_6,0,1,2.568,not_young,1161.7,Marbach LU
7346,26473,2,1,0,1,2,2,2,ds6,,Starkes Baumholz,Starkes Baumholz_6,0,1,2.647,not_young,1275.7,Flühli LU
7347,6063,2,1,0,1,2,2,2,ds6,,Starkes Baumholz,Starkes Baumholz_6,0,1,0.606,not_young,1077.1,Flühli LU
7348,18104,4,0,0,0,3,4,3,ds4,,Schwaches Baumholz,Schwaches Baumholz_6,0,1,1.81,not_young,1239.5,Wiggen
7349,11456,2,1,0,1,2,2,2,ds5,,Mittleres Baumholz,Mittleres Baumholz_6,0,1,1.146,not_young,1207.4,Flühli LU
7350,32859,4,0,0,0,3,4,3,ds6,,Starkes Baumholz,Starkes Baumholz_6,0,1,3.286,not_young,1095.9,Marbach LU
7351,9692,4,0,0,0,3,4,3,ds6,,Starkes Baumholz,Starkes Baumholz_6,0,1,0.969,not_young,1203.3,Marbach LU
7352,14900,2,1,0,1,2,2,2,ds6,,Starkes Baumholz,Starkes Baumholz_6,0,1,1.49,not_young,1120.0,Flühli LU
7353,9215,2,1,0,1,2,2,1,ds4,,Schwaches Baumholz,Schwaches Baumholz_6,0,1,0.921,not_young,1179.9,Flühli LU
7354,15000,3,0,0,0,3,3,3,ds5,,Mittleres Baumholz,Mittleres Baumholz_6,0,1,1.5,not_young,1104.2,Marbach LU
7355,9783,4,0,0,0,3,4,3,ds6,,Starkes Baumholz,Starkes Baumholz_6,0,1,0.978,not_young,1155.1,Marbach LU
7356,14799,2,1,0,1,2,2,2,ds5,,Mittleres Baumholz,Mittleres Baumholz_6,0,1,1.48,not_young,1288.8,Wiggen
7357,5900,2,1,0,1,2,2,2,ds5,,Mittleres Baumholz,Mittleres Baumholz_13,0,1,0.59,not_young,1106.4,Flühli LU
7358,15622,3,0,0,0,3,3,3,ds4,,Schwaches Baumholz,Schwaches Baumholz_6,0,1,1.562,not_young,1312.3,Flühli LU
7359,10865,2,1,0,1,2,2,2,ds6,,Starkes Baumholz,Starkes Baumholz_6,0,1,1.087,not_young,1065.5,Wiggen
7360,6850,4,0,0,0,3,4,3,ds2,,Jungwuchs/Dickung,Jungwuchs/Dickung_6,0,1,0.685,young,1303.0,Wiggen
7361,5250,2,1,0,1,2,2,2,ds6,,Starkes Baumholz,Starkes Baumholz_6,0,1,0.525,not_young,1102.8,Flühli LU
7362,12265,3,0,0,0,3,3,3,ds3,,Stangenholz,Stangenholz_6,0,1,1.226,not_young,1307.3,Flühli LU
7363,10476,4,0,0,0,3,4,3,ds6,,Starkes Baumholz,Starkes Baumholz_6,0,1,1.048,not_young,1200.3,Marbach LU
7365,14948,4,0,0,0,3,4,3,ds5,,Mittleres Baumholz,Mittleres Baumholz_13,0,1,1.495,not_young,1175.1,Wiggen
7366,5186,4,0,0,0,3,4,3,ds5,,Mittleres Baumholz,Mittleres Baumholz_6,0,1,0.519,not_young,1210.5,Wiggen
7367,5314,2,1,0,1,2,2,2,ds2,,Jungwuchs/Dickung,Jungwuchs/Dickung_6,0,1,0.531,young,1280.8,Wiggen
7369,6700,2,1,0,1,2,2,2,ds3,,Stangenholz,Stangenholz_6,0,1,0.67,not_young,1186.9,Flühli LU
7370,8170,3,0,0,0,3,3,3,ds5,,Mittleres Baumholz,Mittleres Baumholz_6,0,1,0.817,not_young,1253.5,Marbach LU
7371,20204,4,0,0,0,3,4,3,ds6,,Starkes Baumholz,Starkes Baumholz_6,0,1,2.02,not_young,1277.0,Wiggen
7373,7159,2,1,0,1,2,2,1,ds5,,Mittleres Baumholz,Mittleres Baumholz_13,0,1,0.716,not_young,1091.4,Flühli LU
7374,5620,2,1,0,1,2,2,1,ds6,,Starkes Baumholz,Starkes Baumholz_6,0,1,0.562,not_young,1068.6,Flühli LU
7375,6626,3,0,0,0,3,3,3,ds6,,Starkes Baumholz,Starkes Baumholz_6,0,1,0.663,not_young,1220.5,Marbach LU
7376,13540,4,0,0,0,3,4,3,ds6,,Starkes Baumholz,Starkes Baumholz_13,0,1,1.354,not_young,977.4,Marbach LU
7377,34784,2,1,0,1,2,2,2,ds5,,Mittleres Baumholz,Mittleres Baumholz_6,0,1,3.478,not_young,1038.5,Flühli LU
7379,5150,2,1,0,1,2,2,2,ds3,,Stangenholz,Stangenholz_6,0,1,0.515,not_young,1218.8,Flühli LU
7380,10400,3,0,0,0,3,3,3,ds4,,Schwaches Baumholz,Schwaches Baumholz_6,0,1,1.04,not_young,1290.0,Flühli LU
7381,6043,4,0,0,0,3,4,3,ds5,,Mittleres Baumholz,Mittleres Baumholz_6,0,1,0.604,not_young,1221.5,Wiggen
7382,6343,2,1,0,1,2,2,2,ds5,,Mittleres Baumholz,Mittleres Baumholz_6,0,1,0.634,not_young,1206.3,Flühli LU
7383,5400,2,1,0,1,2,2,2,ds3,,Stangenholz,Stangenholz_6,0,1,0.54,not_young,1256.4,Flühli LU
7384,5050,3,0,0,0,3,3,3,ds2,,Jungwuchs/Dickung,Jungwuchs/Dickung_6,0,1,0.505,young,1060.7,Marbach LU
7386,5000,2,1,0,1,2,2,2,ds5,,Mittleres Baumholz,Mittleres Baumholz_6,0,1,0.5,not_young,1250.0,Flühli LU
7387,13198,3,0,0,0,3,3,3,ds6,,Starkes Baumholz,Starkes Baumholz_6,0,1,1.32,not_young,1315.8,Flühli LU
7389,6030,2,1,0,1,2,2,2,ds5,,Mittleres Baumholz,Mittleres Baumholz_6,0,1,0.603,not_young,1362.4,Flühli LU
7390,12300,3,0,0,0,3,3,3,ds3,,Stangenholz,Stangenholz_6,0,1,1.23,not_young,1282.6,Flühli LU
7391,10351,4,0,0,0,3,4,3,ds5,,Mittleres Baumholz,Mittleres Baumholz_6,0,1,1.035,not_young,1255.6,Wiggen
7392,18276,4,0,0,0,3,4,3,ds5,,Mittleres Baumholz,Mittleres Baumholz_6,0,1,1.828,not_young,1019.1,Marbach LU
7393,18560,2,1,0,1,2,2,2,ds5,,Mittleres Baumholz,Mittleres Baumholz_6,0,1,1.856,not_young,1052.7,Flühli LU
7394,43377,3,0,0,0,3,3,3,ds4,,Schwaches Baumholz,Schwaches Baumholz_8,0,1,4.338,not_young,1621.2,Flühli LU
7395,17457,2,1,0,1,2,2,2,ds6,,Starkes Baumholz,Starkes Baumholz_6,0,1,1.746,not_young,1059.9,Wiggen
7396,7227,3,0,0,0,3,4,3,ds5,,Mittleres Baumholz,Mittleres Baumholz_6,0,1,0.723,not_young,1187.5,Wiggen
7397,11692,2,1,0,1,2,2,2,ds6,,Starkes Baumholz,Starkes Baumholz_6,0,1,1.169,not_young,1108.8,Flühli LU
7399,27028,4,0,0,0,3,4,3,ds6,,Starkes Baumholz,Starkes Baumholz_13,0,1,2.703,not_young,944.2,Marbach LU
7400,8642,3,0,0,0,3,3,3,ds3,,Stangenholz,Stangenholz_6,0,1,0.864,not_young,1246.8,Wiggen
7401,6190,2,1,0,1,2,2,2,ds6,,Starkes Baumholz,Starkes Baumholz_6,0,1,0.619,not_young,1211.3,Flühli LU
7403,50735,3,0,0,0,3,4,3,ds6,,Starkes Baumholz,Starkes Baumholz_6,0,1,5.074,not_young,1266.3,Wiggen
7405,5000,2,1,0,1,2,2,2,ds4,,Schwaches Baumholz,Schwaches Baumholz_6,0,1,0.5,not_young,1133.5,Wiggen
7406,5838,2,1,0,1,2,2,2,ds5,,Mittleres Baumholz,Mittleres Baumholz_6,0,1,0.584,not_young,1135.8,Flühli LU
7407,6300,3,0,0,0,3,3,3,ds4,,Schwaches Baumholz,Schwaches Baumholz_6,0,1,0.63,not_young,1326.4,Wiggen
7408,6134,2,1,0,1,2,2,2,ds6,,Starkes Baumholz,Starkes Baumholz_6,0,1,0.613,not_young,1133.0,Flühli LU
7410,11349,3,0,0,0,3,4,3,ds3,,Stangenholz,Stangenholz_6,0,1,1.135,not_young,1236.7,Wiggen
7411,9446,2,1,0,1,2,2,2,ds1,,Jungwuchs/Dickung,Jungwuchs/Dickung_6,0,1,0.945,young,1333.0,Wiggen
7413,5711,3,0,0,0,3,3,3,ds4,,Schwaches Baumholz,Schwaches Baumholz_6,0,1,0.571,not_young,1006.9,Flühli LU
7414,9322,2,1,0,1,2,2,2,ds5,,Mittleres Baumholz,Mittleres Baumholz_6,0,1,0.932,not_young,1017.4,Flühli LU
7415,5300,3,0,0,0,3,3,3,ds4,,Schwaches Baumholz,Schwaches Baumholz_6,0,1,0.53,not_young,1254.8,Flühli LU
7416,5211,3,0,0,0,3,4,3,ds2,,Jungwuchs/Dickung,Jungwuchs/Dickung_6,0,1,0.521,young,1243.2,Wiggen
7417,6926,4,0,0,0,3,4,3,ds6,,Starkes Baumholz,Starkes Baumholz_6,0,1,0.693,not_young,1227.8,Wiggen
7418,5200,3,0,0,0,3,3,3,ds4,,Schwaches Baumholz,Schwaches Baumholz_6,0,1,0.52,not_young,1274.2,Wiggen
7419,6564,4,0,0,0,3,4,3,ds3,,Stangenholz,Stangenholz_6,0,1,0.656,not_young,1234.5,Marbach LU
7420,16198,4,0,0,0,3,4,3,ds5,,Mittleres Baumholz,Mittleres Baumholz_6,0,1,1.62,not_young,1208.5,Wiggen
7421,6640,4,0,0,0,3,4,3,ds3,,Stangenholz,Stangenholz_6,0,1,0.664,not_young,1276.9,Wiggen
7422,40980,3,0,0,0,3,3,3,ds6,,Starkes Baumholz,Starkes Baumholz_6,0,1,4.098,not_young,1127.1,Marbach LU
7423,7900,3,0,0,0,3,3,3,ds4,,Schwaches Baumholz,Schwaches Baumholz_6,0,1,0.79,not_young,1272.9,Flühli LU
7424,11500,3,0,0,0,3,3,3,ds5,,Mittleres Baumholz,Mittleres Baumholz_6,0,1,1.15,not_young,1104.0,Marbach LU
7425,5759,4,0,0,0,3,4,3,ds6,,Starkes Baumholz,Starkes Baumholz_6,0,1,0.576,not_young,1234.7,Marbach LU
7426,5020,4,0,0,0,3,4,3,ds5,,Mittleres Baumholz,Mittleres Baumholz_6,0,1,0.502,not_young,1219.7,Wiggen
7428,9950,2,1,0,1,2,2,1,ds6,,Starkes Baumholz,Starkes Baumholz_6,0,1,0.995,not_young,1119.3,Flühli LU
7429,6196,2,1,0,1,2,2,2,ds5,,Mittleres Baumholz,Mittleres Baumholz_6,0,1,0.62,not_young,967.1,Flühli LU
7431,12866,2,1,0,1,2,2,2,ds6,,Starkes Baumholz,Starkes Baumholz_6,0,1,1.287,not_young,1071.8,Flühli LU
7432,5350,2,1,0,1,2,2,2,ds4,,Schwaches Baumholz,Schwaches Baumholz_6,0,1,0.535,not_young,1139.0,Flühli LU
7433,17753,4,0,0,0,3,4,3,ds2,,Jungwuchs/Dickung,Jungwuchs/Dickung_6,0,1,1.775,young,1272.7,Wiggen
7434,5725,3,0,0,0,3,3,3,ds5,,Mittleres Baumholz,Mittleres Baumholz_6,0,1,0.572,not_young,1262.3,Wiggen
7435,5465,2,1,0,1,2,2,2,ds6,,Starkes Baumholz,Starkes Baumholz_6,0,1,0.547,not_young,987.8,Flühli LU
7436,6364,2,1,0,1,2,2,2,ds3,,Stangenholz,Stangenholz_6,0,1,0.636,not_young,995.4,Flühli LU
7437,7950,2,1,0,1,2,2,2,ds3,,Stangenholz,Stangenholz_6,0,1,0.795,not_young,1214.0,Flühli LU
7439,5352,4,0,0,0,3,4,3,ds5,,Mittleres Baumholz,Mittleres Baumholz_6,0,1,0.535,not_young,1220.1,Wiggen
7440,5166,4,0,0,0,3,4,3,ds4,,Schwaches Baumholz,Schwaches Baumholz_6,0,1,0.517,not_young,1216.7,Wiggen
7441,21450,3,0,0,0,3,3,3,ds4,,Schwaches Baumholz,Schwaches Baumholz_6,0,1,2.145,not_young,1275.0,Wiggen
7442,7030,2,1,0,1,2,2,2,ds4,,Schwaches Baumholz,Schwaches Baumholz_6,0,1,0.703,not_young,1207.2,Flühli LU
7443,6500,1,1,2,3,1,1,1,ds4,,Schwaches Baumholz,Schwaches Baumholz_6,0,1,0.65,not_young,1163.4,Flühli LU
7444,6802,1,0,2,2,1,1,1,ds5,,Mittleres Baumholz,Mittleres Baumholz_6,0,1,0.68,not_young,1229.3,Flühli LU
7445,5251,3,0,0,0,3,3,3,ds3,,Stangenholz,Stangenholz_6,0,1,0.525,not_young,1059.1,Flühli LU
7446,10726,2,1,0,1,2,2,2,ds5,,Mittleres Baumholz,Mittleres Baumholz_13,0,1,1.073,not_young,1055.4,Wiggen
7447,7833,1,1,2,3,1,1,1,ds4,,Schwaches Baumholz,Schwaches Baumholz_6,0,1,0.783,not_young,1213.7,Flühli LU
7448,16223,3,0,0,0,3,3,3,ds5,,Mittleres Baumholz,Mittleres Baumholz_6,0,1,1.622,not_young,1044.5,Flühli LU
7449,5300,3,0,0,0,3,3,3,ds2,,Jungwuchs/Dickung,Jungwuchs/Dickung_6,0,1,0.53,young,1203.5,Wiggen
7450,8347,4,0,0,0,3,4,3,ds5,,Mittleres Baumholz,Mittleres Baumholz_6,0,1,0.835,not_young,1169.4,Wiggen
7451,8700,3,0,0,0,3,3,3,ds3,,Stangenholz,Stangenholz_6,0,1,0.87,not_young,1106.9,Marbach LU
7452,58422,3,0,0,0,3,3,3,ds6,,Starkes Baumholz,Starkes Baumholz_10,0,1,5.842,not_young,1546.2,Flühli LU
7454,5151,3,0,0,0,3,3,3,ds2,,Jungwuchs/Dickung,Jungwuchs/Dickung_6,0,1,0.515,young,1349.0,Wiggen
7455,22589,3,0,0,0,3,3,3,ds3,,Stangenholz,Stangenholz_6,0,1,2.259,not_young,1228.2,Wiggen
7456,8203,2,1,0,1,2,2,2,ds4,,Schwaches Baumholz,Schwaches Baumholz_6,0,1,0.82,not_young,1020.6,Flühli LU
7457,11949,3,0,0,0,3,4,3,ds6,,Starkes Baumholz,Starkes Baumholz_13,0,1,1.195,not_young,1176.4,Wiggen
7458,5150,3,0,0,0,3,3,3,ds3,,Stangenholz,Stangenholz_6,0,1,0.515,not_young,1215.1,Wiggen
7459,7676,2,1,0,1,2,2,2,ds6,,Starkes Baumholz,Starkes Baumholz_6,0,1,0.768,not_young,1236.0,Flühli LU
7460,5336,3,0,0,0,3,3,3,ds5,,Mittleres Baumholz,Mittleres Baumholz_6,0,1,0.534,not_young,1126.1,Marbach LU
7461,7123,2,1,0,1,2,2,2,ds6,,Starkes Baumholz,Starkes Baumholz_13,0,1,0.712,not_young,995.4,Wiggen
7462,5634,2,1,0,1,2,2,2,ds5,,Mittleres Baumholz,Mittleres Baumholz_13,0,1,0.563,not_young,1043.2,Wiggen
7463,6361,3,0,0,0,3,3,3,ds4,,Schwaches Baumholz,Schwaches Baumholz_6,0,1,0.636,not_young,1381.7,Flühli LU
7464,7450,4,0,0,0,3,4,3,ds6,,Starkes Baumholz,Starkes Baumholz_6,0,1,0.745,not_young,1059.0,Marbach LU
7466,7900,4,0,0,0,3,4,3,ds2,,Jungwuchs/Dickung,Jungwuchs/Dickung_6,0,1,0.79,young,1217.6,Wiggen
7467,7050,3,0,0,0,3,3,3,ds1,,Jungwuchs/Dickung,Jungwuchs/Dickung_6,0,1,0.705,young,1333.7,Wiggen
7468,11550,2,1,0,1,2,2,2,ds3,,Stangenholz,Stangenholz_6,0,1,1.155,not_young,1172.9,Flühli LU
7469,9150,2,1,0,1,2,2,2,ds4,,Schwaches Baumholz,Schwaches Baumholz_6,0,1,0.915,not_young,1236.9,Flühli LU
7470,12968,3,0,0,0,3,4,3,ds3,,Stangenholz,Stangenholz_6,0,1,1.297,not_young,1200.7,Wiggen
7471,8150,2,1,0,1,2,2,2,ds3,,Stangenholz,Stangenholz_6,0,1,0.815,not_young,1218.4,Flühli LU
7472,6327,1,1,2,3,1,1,1,ds2,,Jungwuchs/Dickung,Jungwuchs/Dickung_6,0,1,0.633,young,1088.5,Flühli LU
7473,8733,2,1,0,1,2,2,2,ds4,,Schwaches Baumholz,Schwaches Baumholz_6,0,1,0.873,not_young,1107.8,Flühli LU
7474,5400,2,1,0,1,2,2,2,ds5,,Mittleres Baumholz,Mittleres Baumholz_6,0,1,0.54,not_young,1148.4,Flühli LU
7475,8850,1,1,2,3,1,1,1,ds5,,Mittleres Baumholz,Mittleres Baumholz_6,0,1,0.885,not_young,1142.1,Flühli LU
7476,6348,2,1,0,1,2,2,2,ds2,,Jungwuchs/Dickung,Jungwuchs/Dickung_6,0,1,0.635,young,1051.5,Flühli LU
7477,5250,2,1,0,1,2,2,2,ds3,,Stangenholz,Stangenholz_6,0,1,0.525,not_young,1087.8,Flühli LU
7478,6950,2,1,0,1,2,2,2,ds3,,Stangenholz,Stangenholz_6,0,1,0.695,not_young,1136.1,Flühli LU
7479,26475,3,0,0,0,3,3,3,ds6,,Starkes Baumholz,Starkes Baumholz_6,0,1,2.648,not_young,1267.5,Flühli LU
7481,9366,2,1,0,1,2,2,2,ds2,,Jungwuchs/Dickung,Jungwuchs/Dickung_6,0,1,0.937,young,1079.3,Flühli LU
7482,6331,3,0,0,0,3,4,3,ds5,,Mittleres Baumholz,Mittleres Baumholz_13,0,1,0.633,not_young,1178.4,Wiggen
7484,13200,3,0,0,0,3,3,3,ds4,,Schwaches Baumholz,Schwaches Baumholz_6,0,1,1.32,not_young,1202.6,Wiggen
7485,38524,4,0,0,0,3,4,3,ds5,,Mittleres Baumholz,Mittleres Baumholz_6,0,1,3.852,not_young,1186.9,Wiggen
7486,5096,3,0,0,0,3,3,3,ds3,,Stangenholz,Stangenholz_6,0,1,0.51,not_young,1183.4,Wiggen
7487,5337,2,1,0,1,2,2,2,ds4,,Schwaches Baumholz,Schwaches Baumholz_6,0,1,0.534,not_young,1091.5,Flühli LU
7488,10272,4,0,0,0,3,4,3,ds5,,Mittleres Baumholz,Mittleres Baumholz_6,0,1,1.027,not_young,1087.4,Wiggen
7489,7640,3,0,0,0,3,3,3,ds6,,Starkes Baumholz,Starkes Baumholz_6,0,1,0.764,not_young,1169.0,Marbach LU
7491,6200,1,0,2,2,1,1,1,ds4,,Schwaches Baumholz,Schwaches Baumholz_6,0,1,0.62,not_young,1218.8,Flühli LU
7492,36678,3,0,0,0,3,3,3,ds6,,Starkes Baumholz,Starkes Baumholz_10,0,1,3.668,not_young,1469.4,Flühli LU
7493,5850,4,0,0,0,3,4,3,ds6,,Starkes Baumholz,Starkes Baumholz_6,0,1,0.585,not_young,1038.3,Marbach LU
7494,5217,4,0,0,0,3,4,3,ds6,,Starkes Baumholz,Starkes Baumholz_13,0,1,0.522,not_young,992.2,Marbach LU
7495,7450,3,0,0,0,3,4,3,ds5,,Mittleres Baumholz,Mittleres Baumholz_13,0,1,0.745,not_young,1106.6,Wiggen
7496,25700,3,0,0,0,3,3,3,ds2,,Jungwuchs/Dickung,Jungwuchs/Dickung_6,0,1,2.57,young,1309.8,Wiggen
7497,8074,3,0,0,0,3,3,3,ds1,,Jungwuchs/Dickung,Jungwuchs/Dickung_6,0,1,0.807,young,1404.3,Wiggen
7498,5350,2,1,0,1,2,2,2,ds6,,Starkes Baumholz,Starkes Baumholz_6,0,1,0.535,not_young,1145.1,Flühli LU
7499,35392,4,0,0,0,3,4,3,ds6,,Starkes Baumholz,Starkes Baumholz_6,0,1,3.539,not_young,1179.9,Wiggen
7500,5150,2,1,0,1,2,2,2,ds3,,Stangenholz,Stangenholz_6,0,1,0.515,not_young,1261.3,Flühli LU
7501,17764,2,1,0,1,2,2,1,ds6,,Starkes Baumholz,Starkes Baumholz_6,0,1,1.776,not_young,1140.1,Flühli LU
7502,5150,2,1,0,1,2,2,2,ds4,,Schwaches Baumholz,Schwaches Baumholz_6,0,1,0.515,not_young,1183.4,Flühli LU
7503,7655,3,0,0,0,3,3,3,ds3,,Stangenholz,Stangenholz_6,0,1,0.765,not_young,1220.1,Wiggen
7504,9159,2,1,0,1,2,2,1,ds6,,Starkes Baumholz,Starkes Baumholz_6,0,1,0.916,not_young,1117.2,Flühli LU
7505,7498,2,1,0,1,2,2,2,ds6,,Starkes Baumholz,Starkes Baumholz_6,0,1,0.75,not_young,1043.1,Flühli LU
7507,5302,2,1,0,1,2,2,2,ds5,,Mittleres Baumholz,Mittleres Baumholz_6,0,1,0.53,not_young,1313.0,Wiggen
7508,16530,4,0,0,0,3,4,3,ds5,,Mittleres Baumholz,Mittleres Baumholz_13,0,1,1.653,not_young,1148.6,Wiggen
7509,5800,3,0,0,0,3,3,3,ds3,,Stangenholz,Stangenholz_6,0,1,0.58,not_young,1211.7,Wiggen
7510,11900,3,0,0,0,3,3,3,ds2,,Jungwuchs/Dickung,Jungwuchs/Dickung_6,0,1,1.19,young,1351.7,Wiggen
7511,5800,3,0,0,0,3,3,3,ds5,,Mittleres Baumholz,Mittleres Baumholz_6,0,1,0.58,not_young,1078.6,Marbach LU
7514,33950,1,1,2,3,1,1,1,ds6,,Starkes Baumholz,Starkes Baumholz_6,0,1,3.395,not_young,1184.8,Flühli LU
7515,5042,2,1,0,1,2,2,2,ds3,,Stangenholz,Stangenholz_6,0,1,0.504,not_young,1111.4,Flühli LU
7516,5230,3,0,0,0,3,4,3,ds2,,Jungwuchs/Dickung,Jungwuchs/Dickung_13,0,1,0.523,young,1144.2,Wiggen
7517,6350,2,1,0,1,2,2,1,ds5,,Mittleres Baumholz,Mittleres Baumholz_6,0,1,0.635,not_young,1165.8,Flühli LU
7518,8370,2,1,0,1,2,2,2,ds5,,Mittleres Baumholz,Mittleres Baumholz_13,0,1,0.837,not_young,987.0,Wiggen
7519,17086,3,0,0,0,3,3,3,ds5,,Mittleres Baumholz,Mittleres Baumholz_6,0,1,1.709,not_young,1150.8,Wiggen
7521,5306,3,0,0,0,3,3,3,ds2,,Jungwuchs/Dickung,Jungwuchs/Dickung_6,0,1,0.531,young,1262.8,Flühli LU
7523,5150,3,0,0,0,3,3,3,ds1,,Jungwuchs/Dickung,Jungwuchs/Dickung_6,0,1,0.515,young,1423.5,Wiggen
7524,6440,2,1,0,1,2,2,2,ds5,,Mittleres Baumholz,Mittleres Baumholz_6,0,1,0.644,not_young,1202.4,Flühli LU
7525,19838,1,0,2,2,1,1,1,ds4,,Schwaches Baumholz,Schwaches Baumholz_6,0,1,1.984,not_young,1167.7,Flühli LU
7526,7001,2,1,0,1,2,2,1,ds6,,Starkes Baumholz,Starkes Baumholz_6,0,1,0.7,not_young,1241.2,Flühli LU
7528,85745,1,1,2,3,1,1,1,ds6,,Starkes Baumholz,Starkes Baumholz_6,0,1,8.574,not_young,1229.1,Flühli LU
7530,5067,2,1,0,1,2,2,2,ds3,,Stangenholz,Stangenholz_6,0,1,0.507,not_young,1183.3,Flühli LU
7531,5700,2,1,0,1,2,2,2,ds5,,Mittleres Baumholz,Mittleres Baumholz_13,0,1,0.57,not_young,944.5,Marbach LU
7532,15937,3,0,0,0,3,3,3,ds2,,Jungwuchs/Dickung,Jungwuchs/Dickung_6,0,1,1.594,young,1267.0,Wiggen
7533,7741,2,1,0,1,2,2,2,ds3,,Stangenholz,Stangenholz_6,0,1,0.774,not_young,1136.1,Flühli LU
7535,12058,3,0,0,0,3,3,3,ds6,,Starkes Baumholz,Starkes Baumholz_6,0,1,1.206,not_young,1111.7,Marbach LU
7536,10924,3,0,0,0,3,3,3,ds5,,Mittleres Baumholz,Mittleres Baumholz_6,0,1,1.092,not_young,1206.4,Wiggen
7537,15337,3,0,0,0,3,3,3,ds2,,Jungwuchs/Dickung,Jungwuchs/Dickung_6,0,1,1.534,young,1224.9,Wiggen
7538,5329,4,0,0,0,3,4,3,ds4,,Schwaches Baumholz,Schwaches Baumholz_13,0,1,0.533,not_young,988.8,Marbach LU
7539,8344,3,0,0,0,3,3,3,ds6,,Starkes Baumholz,Starkes Baumholz_6,0,1,0.834,not_young,1157.7,Wiggen
7540,45965,3,0,0,0,3,3,3,ds5,,Mittleres Baumholz,Mittleres Baumholz_6,0,1,4.597,not_young,1185.2,Wiggen
7541,7000,2,1,0,1,2,2,2,ds6,,Starkes Baumholz,Starkes Baumholz_6,0,1,0.7,not_young,1039.6,Marbach LU
7542,7311,4,0,0,0,3,4,3,ds5,,Mittleres Baumholz,Mittleres Baumholz_6,0,1,0.731,not_young,1101.4,Wiggen
7543,5775,2,1,0,1,2,2,2,ds2,,Jungwuchs/Dickung,Jungwuchs/Dickung_6,0,1,0.577,young,1210.3,Flühli LU
7544,10650,2,1,0,1,2,2,2,ds3,,Stangenholz,Stangenholz_6,0,1,1.065,not_young,1122.9,Flühli LU
7546,5531,4,0,0,0,3,4,3,ds4,,Schwaches Baumholz,Schwaches Baumholz_6,0,1,0.553,not_young,1148.2,Wiggen
7547,5312,3,0,0,0,3,3,3,ds4,,Schwaches Baumholz,Schwaches Baumholz_6,0,1,0.531,not_young,1241.2,Wiggen
7548,8521,2,1,0,1,2,2,2,ds5,,Mittleres Baumholz,Mittleres Baumholz_6,0,1,0.852,not_young,1120.4,Flühli LU
7549,5152,2,1,0,1,2,2,2,ds3,,Stangenholz,Stangenholz_6,0,1,0.515,not_young,1207.6,Flühli LU
7550,14200,3,0,0,0,3,3,3,ds3,,Stangenholz,Stangenholz_6,0,1,1.42,not_young,1302.3,Wiggen
7551,6361,1,0,2,2,1,1,1,ds2,,Jungwuchs/Dickung,Jungwuchs/Dickung_6,0,1,0.636,young,1294.3,Flühli LU
7552,11582,2,1,0,1,2,2,2,ds4,,Schwaches Baumholz,Schwaches Baumholz_6,0,1,1.158,not_young,1139.7,Flühli LU
7553,5860,3,0,0,0,3,3,3,ds5,,Mittleres Baumholz,Mittleres Baumholz_6,0,1,0.586,not_young,1160.4,Marbach LU
7554,8857,4,0,0,0,3,4,3,ds5,,Mittleres Baumholz,Mittleres Baumholz_6,0,1,0.886,not_young,1137.6,Wiggen
7555,5750,3,0,0,0,3,3,3,ds3,,Stangenholz,Stangenholz_6,0,1,0.575,not_young,1209.6,Wiggen
7556,18613,2,1,0,1,2,2,2,ds4,,Schwaches Baumholz,Schwaches Baumholz_6,0,1,1.861,not_young,1275.0,Flühli LU
7557,12243,2,1,0,1,2,2,2,ds5,,Mittleres Baumholz,Mittleres Baumholz_6,0,1,1.224,not_young,1194.0,Flühli LU
7558,8889,3,0,0,0,3,3,3,ds5,,Mittleres Baumholz,Mittleres Baumholz_6,0,1,0.889,not_young,1127.9,Flühli LU
7559,5352,2,1,0,1,2,2,2,ds4,,Schwaches Baumholz,Schwaches Baumholz_6,0,1,0.535,not_young,1154.4,Flühli LU
7560,177197,4,0,0,0,3,4,3,ds6,,Starkes Baumholz,Starkes Baumholz_6,0,1,17.72,not_young,1008.5,Marbach LU
7561,6700,3,0,0,0,3,3,3,ds2,,Jungwuchs/Dickung,Jungwuchs/Dickung_6,0,1,0.67,young,1311.7,Wiggen
7562,20554,3,0,0,0,3,3,3,ds6,,Starkes Baumholz,Starkes Baumholz_6,0,1,2.055,not_young,1178.7,Wiggen
7564,6142,4,0,0,0,3,4,3,ds6,,Starkes Baumholz,Starkes Baumholz_6,0,1,0.614,not_young,1108.3,Wiggen
7565,12292,2,1,0,1,2,2,2,ds5,,Mittleres Baumholz,Mittleres Baumholz_13,0,1,1.229,not_young,979.6,Wiggen
7566,28200,3,0,0,0,3,3,3,ds1,,Jungwuchs/Dickung,Jungwuchs/Dickung_6,0,1,2.82,young,1375.3,Wiggen
7567,65454,3,0,0,0,3,3,3,ds6,,Starkes Baumholz,Starkes Baumholz_13,0,1,6.545,not_young,936.0,Marbach LU
7568,8750,2,1,0,1,2,2,2,ds6,,Starkes Baumholz,Starkes Baumholz_6,0,1,0.875,not_young,1046.7,Marbach LU
7569,8358,3,0,0,0,3,3,3,ds4,,Schwaches Baumholz,Schwaches Baumholz_6,0,1,0.836,not_young,1139.6,Wiggen
7570,6427,2,1,0,1,2,2,2,ds4,,Schwaches Baumholz,Schwaches Baumholz_6,0,1,0.643,not_young,1231.3,Flühli LU
7571,6820,2,1,0,1,2,2,2,ds4,,Schwaches Baumholz,Schwaches Baumholz_6,0,1,0.682,not_young,1166.0,Flühli LU
7572,5500,2,1,0,1,2,2,2,ds4,,Schwaches Baumholz,Schwaches Baumholz_6,0,1,0.55,not_young,1256.8,Flühli LU
7573,13862,2,1,0,1,2,2,2,ds5,,Mittleres Baumholz,Mittleres Baumholz_6,0,1,1.386,not_young,1036.4,Flühli LU
7574,5144,3,0,0,0,3,3,3,ds6,,Starkes Baumholz,Starkes Baumholz_6,0,1,0.514,not_young,1184.3,Marbach LU
7575,13220,4,0,0,0,3,4,3,ds6,,Starkes Baumholz,Starkes Baumholz_13,0,1,1.322,not_young,996.5,Marbach LU
7576,6805,2,1,0,1,2,2,2,ds3,,Stangenholz,Stangenholz_6,0,1,0.68,not_young,1278.6,Wiggen
7577,8528,3,0,0,0,3,3,3,ds2,,Jungwuchs/Dickung,Jungwuchs/Dickung_6,0,1,0.853,young,1435.0,Wiggen
7578,7031,4,0,0,0,3,4,3,ds3,,Stangenholz,Stangenholz_13,0,1,0.703,not_young,1121.1,Wiggen
7579,5400,4,0,0,0,3,4,3,ds4,,Schwaches Baumholz,Schwaches Baumholz_6,0,1,0.54,not_young,1148.0,Wiggen
7580,11120,3,0,0,0,3,3,3,ds2,,Jungwuchs/Dickung,Jungwuchs/Dickung_6,0,1,1.112,young,1401.4,Wiggen
7581,11300,2,1,0,1,2,2,2,ds2,,Jungwuchs/Dickung,Jungwuchs/Dickung_6,0,1,1.13,young,1222.2,Flühli LU
7583,8518,2,1,0,1,2,2,2,ds1,,Jungwuchs/Dickung,Jungwuchs/Dickung_6,0,1,0.852,young,1224.1,Flühli LU
7584,7878,3,0,0,0,3,3,3,ds4,,Schwaches Baumholz,Schwaches Baumholz_6,0,1,0.788,not_young,1364.3,Flühli LU
7585,23173,4,0,0,0,3,4,3,ds6,,Starkes Baumholz,Starkes Baumholz_6,0,1,2.317,not_young,1147.2,Wiggen
7586,6450,3,0,0,0,3,3,3,ds4,,Schwaches Baumholz,Schwaches Baumholz_6,0,1,0.645,not_young,1286.6,Wiggen
7587,5160,2,1,0,1,2,2,2,ds3,,Stangenholz,Stangenholz_6,0,1,0.516,not_young,1315.3,Wiggen
7588,8004,3,0,0,0,3,3,3,ds5,,Mittleres Baumholz,Mittleres Baumholz_6,0,1,0.8,not_young,993.6,Flühli LU
7589,7886,2,1,0,1,2,2,2,ds6,,Starkes Baumholz,Starkes Baumholz_6,0,1,0.789,not_young,1183.3,Flühli LU
7590,15780,4,0,0,0,3,4,3,ds6,,Starkes Baumholz,Starkes Baumholz_13,0,1,1.578,not_young,956.8,Marbach LU
7592,9069,2,1,0,1,2,2,2,ds5,,Mittleres Baumholz,Mittleres Baumholz_13,0,1,0.907,not_young,1006.0,Marbach LU
7593,5016,3,0,0,0,3,3,3,ds5,,Mittleres Baumholz,Mittleres Baumholz_6,0,1,0.502,not_young,1195.9,Wiggen
7594,6465,3,0,0,0,3,3,3,ds5,,Mittleres Baumholz,Mittleres Baumholz_6,0,1,0.647,not_young,1155.5,Marbach LU
7595,5977,2,1,0,1,2,2,2,ds3,,Stangenholz,Stangenholz_6,0,1,0.598,not_young,1349.1,Wiggen
7596,7645,3,0,0,0,3,3,3,ds5,,Mittleres Baumholz,Mittleres Baumholz_6,0,1,0.764,not_young,1232.7,Wiggen
7597,5278,3,0,0,0,3,4,3,ds5,,Mittleres Baumholz,Mittleres Baumholz_6,0,1,0.528,not_young,1079.8,Wiggen
7598,20002,4,0,0,0,3,4,3,ds5,,Mittleres Baumholz,Mittleres Baumholz_6,0,1,2.0,not_young,1125.6,Wiggen
7599,7735,3,0,0,0,3,3,3,ds3,,Stangenholz,Stangenholz_6,0,1,0.773,not_young,1309.4,Wiggen
7600,21597,3,0,0,0,3,3,3,ds5,,Mittleres Baumholz,Mittleres Baumholz_6,0,1,2.16,not_young,1316.7,Flühli LU
7601,47906,2,1,0,1,2,2,2,ds6,,Starkes Baumholz,Starkes Baumholz_6,0,1,4.791,not_young,1102.4,Marbach LU
7602,8525,4,0,0,0,3,4,3,ds6,,Starkes Baumholz,Starkes Baumholz_13,0,1,0.853,not_young,1075.9,Wiggen
7604,6666,2,1,0,1,2,2,2,ds6,,Starkes Baumholz,Starkes Baumholz_6,0,1,0.667,not_young,1032.1,Wiggen
7605,7423,3,0,0,0,3,4,3,ds6,,Starkes Baumholz,Starkes Baumholz_13,0,1,0.742,not_young,969.5,Marbach LU
7606,5972,2,1,0,1,2,2,2,ds5,,Mittleres Baumholz,Mittleres Baumholz_13,0,1,0.597,not_young,1017.1,Marbach LU
7607,15696,3,0,0,0,3,4,3,ds5,,Mittleres Baumholz,Mittleres Baumholz_6,0,1,1.57,not_young,1085.8,Wiggen
7608,17005,3,0,0,0,3,3,3,ds6,,Starkes Baumholz,Starkes Baumholz_13,0,1,1.701,not_young,986.0,Marbach LU
7609,57975,3,0,0,0,3,3,3,ds6,,Starkes Baumholz,Starkes Baumholz_13,0,1,5.798,not_young,941.9,Marbach LU
7610,8337,2,1,0,1,2,2,2,ds6,,Starkes Baumholz,Starkes Baumholz_13,0,1,0.834,not_young,1034.8,Wiggen
7611,11739,2,1,0,1,2,2,2,ds4,,Schwaches Baumholz,Schwaches Baumholz_6,0,1,1.174,not_young,1018.6,Marbach LU
7612,6295,4,0,0,0,3,4,3,ds4,,Schwaches Baumholz,Schwaches Baumholz_6,0,1,0.63,not_young,1103.2,Wiggen
7613,19983,2,1,0,1,2,2,2,ds6,,Starkes Baumholz,Starkes Baumholz_6,0,1,1.998,not_young,1163.8,Flühli LU
7614,5719,2,1,0,1,2,2,2,ds6,,Starkes Baumholz,Starkes Baumholz_6,0,1,0.572,not_young,1041.3,Wiggen
7615,6625,2,1,0,1,2,2,2,ds5,,Mittleres Baumholz,Mittleres Baumholz_13,0,1,0.663,not_young,1049.9,Wiggen
7616,8250,4,0,0,0,3,4,3,ds6,,Starkes Baumholz,Starkes Baumholz_6,0,1,0.825,not_young,1168.6,Marbach LU
7618,21396,3,0,0,0,3,3,3,ds6,,Starkes Baumholz,Starkes Baumholz_6,0,1,2.14,not_young,1190.2,Marbach LU
7619,9251,3,0,0,0,3,3,3,ds6,,Starkes Baumholz,Starkes Baumholz_6,0,1,0.925,not_young,1205.2,Wiggen
7620,59182,2,1,0,1,2,2,2,ds6,,Starkes Baumholz,Starkes Baumholz_6,0,1,5.918,not_young,1337.4,Flühli LU
7622,6075,3,0,0,0,3,3,3,ds2,,Jungwuchs/Dickung,Jungwuchs/Dickung_6,0,1,0.607,young,1210.8,Wiggen
7623,14024,2,1,0,1,2,2,2,ds5,,Mittleres Baumholz,Mittleres Baumholz_6,0,1,1.402,not_young,1234.0,Flühli LU
7624,5153,3,0,0,0,3,3,3,ds5,,Mittleres Baumholz,Mittleres Baumholz_6,0,1,0.515,not_young,1317.8,Flühli LU
7625,6050,4,0,0,0,3,4,3,ds4,,Schwaches Baumholz,Schwaches Baumholz_6,0,1,0.605,not_young,1142.8,Marbach LU
7626,11954,2,1,0,1,2,2,2,ds6,,Starkes Baumholz,Starkes Baumholz_6,0,1,1.195,not_young,1172.4,Flühli LU
7627,7649,3,0,0,0,3,3,3,ds3,,Stangenholz,Stangenholz_10,0,1,0.765,not_young,1473.5,Flühli LU
7628,29625,3,0,0,0,3,3,1,ds6,,Starkes Baumholz,Starkes Baumholz_6,0,1,2.963,not_young,1409.8,Flühli LU
7629,6498,3,0,0,0,3,4,3,ds6,,Starkes Baumholz,Starkes Baumholz_6,0,1,0.65,not_young,1188.4,Marbach LU
7630,11039,2,1,0,1,2,2,2,ds4,,Schwaches Baumholz,Schwaches Baumholz_10,0,1,1.104,not_young,1430.0,Wiggen
7631,5912,2,1,0,1,2,2,2,ds5,,Mittleres Baumholz,Mittleres Baumholz_6,0,1,0.591,not_young,1043.9,Marbach LU
7632,6956,2,1,0,1,2,2,2,ds4,,Schwaches Baumholz,Schwaches Baumholz_6,0,1,0.696,not_young,1194.3,Flühli LU
7633,5658,2,1,0,1,2,2,2,ds6,,Starkes Baumholz,Starkes Baumholz_6,0,1,0.566,not_young,1238.7,Flühli LU
7634,5915,4,0,0,0,3,4,3,ds6,,Starkes Baumholz,Starkes Baumholz_6,0,1,0.592,not_young,1129.4,Marbach LU
7635,5041,2,1,0,1,2,2,2,ds2,,Jungwuchs/Dickung,Jungwuchs/Dickung_6,0,1,0.504,young,1203.9,Flühli LU
7636,5300,4,0,0,0,3,4,3,ds6,,Starkes Baumholz,Starkes Baumholz_6,0,1,0.53,not_young,1128.5,Marbach LU
7637,44975,2,1,0,1,2,2,2,ds6,,Starkes Baumholz,Starkes Baumholz_6,0,1,4.498,not_young,1104.0,Flühli LU
7638,31578,2,1,0,1,2,2,2,ds5,,Mittleres Baumholz,Mittleres Baumholz_6,0,1,3.158,not_young,1406.5,Flühli LU
7640,38477,2,1,0,1,2,2,2,ds6,,Starkes Baumholz,Starkes Baumholz_6,0,1,3.848,not_young,1041.8,Marbach LU
7642,5643,3,0,0,0,3,3,3,ds5,,Mittleres Baumholz,Mittleres Baumholz_6,0,1,0.564,not_young,1216.6,Flühli LU
7643,11350,4,0,0,0,3,4,3,ds6,,Starkes Baumholz,Starkes Baumholz_6,0,1,1.135,not_young,1142.2,Marbach LU
7644,5392,4,0,0,0,3,4,3,ds5,,Mittleres Baumholz,Mittleres Baumholz_6,0,1,0.539,not_young,1255.3,Marbach LU
7647,5150,3,0,0,0,3,3,3,ds6,,Starkes Baumholz,Starkes Baumholz_13,0,1,0.515,not_young,1115.8,Marbach LU
7648,13552,3,0,0,0,3,3,3,ds6,,Starkes Baumholz,Starkes Baumholz_6,0,1,1.355,not_young,1223.2,Marbach LU
7649,15637,3,0,0,0,3,3,3,ds6,,Starkes Baumholz,Starkes Baumholz_6,0,1,1.564,not_young,1234.2,Wiggen
7650,5732,4,0,0,0,3,4,3,ds6,,Starkes Baumholz,Starkes Baumholz_13,0,1,0.573,not_young,978.9,Marbach LU
7651,7600,2,1,0,1,2,2,2,ds5,,Mittleres Baumholz,Mittleres Baumholz_6,0,1,0.76,not_young,1078.4,Marbach LU
7652,8518,2,1,0,1,2,2,2,ds4,,Schwaches Baumholz,Schwaches Baumholz_6,0,1,0.852,not_young,1070.0,Marbach LU
7653,5935,2,1,0,1,2,2,2,ds4,,Schwaches Baumholz,Schwaches Baumholz_10,0,1,0.593,not_young,1497.4,Flühli LU
7654,141773,2,1,0,1,2,2,2,ds6,,Starkes Baumholz,Starkes Baumholz_13,0,1,14.177,not_young,1002.2,Marbach LU
7655,7647,2,1,0,1,2,2,2,ds5,,Mittleres Baumholz,Mittleres Baumholz_6,0,1,0.765,not_young,1187.4,Flühli LU
7660,5800,4,0,0,0,3,4,3,ds4,,Schwaches Baumholz,Schwaches Baumholz_6,0,1,0.58,not_young,1112.3,Marbach LU
7661,5150,4,0,0,0,3,4,3,ds3,,Stangenholz,Stangenholz_6,0,1,0.515,not_young,1096.0,Marbach LU
7662,9300,4,0,0,0,3,4,3,ds4,,Schwaches Baumholz,Schwaches Baumholz_6,0,1,0.93,not_young,1175.2,Marbach LU
7663,10243,3,0,0,0,3,3,3,ds6,,Starkes Baumholz,Starkes Baumholz_13,0,1,1.024,not_young,985.0,Marbach LU
7664,17050,3,0,0,0,3,3,3,ds6,,Starkes Baumholz,Starkes Baumholz_6,0,1,1.705,not_young,1257.6,Flühli LU
7665,6700,3,0,0,0,3,3,3,ds5,,Mittleres Baumholz,Mittleres Baumholz_6,0,1,0.67,not_young,1074.2,Marbach LU
7666,5319,3,0,0,0,3,3,3,ds4,,Schwaches Baumholz,Schwaches Baumholz_6,0,1,0.532,not_young,1201.8,Flühli LU
7667,5990,4,0,0,0,3,4,3,ds6,,Starkes Baumholz,Starkes Baumholz_13,0,1,0.599,not_young,1011.1,Marbach LU
7668,9231,3,0,0,0,3,3,3,ds5,,Mittleres Baumholz,Mittleres Baumholz_6,0,1,0.923,not_young,988.7,Marbach LU
7670,12679,3,0,0,0,3,3,3,ds5,,Mittleres Baumholz,Mittleres Baumholz_6,0,1,1.268,not_young,1371.9,Wiggen
7671,5650,3,0,0,0,3,3,3,ds5,,Mittleres Baumholz,Mittleres Baumholz_6,0,1,0.565,not_young,1101.0,Marbach LU
7672,6950,4,0,0,0,3,4,3,ds3,,Stangenholz,Stangenholz_6,0,1,0.695,not_young,1208.0,Marbach LU
7673,26593,3,0,0,0,3,3,3,ds5,,Mittleres Baumholz,Mittleres Baumholz_10,0,1,2.659,not_young,1465.7,Flühli LU
7674,21831,4,0,0,0,3,4,3,ds6,,Starkes Baumholz,Starkes Baumholz_13,0,1,2.183,not_young,976.0,Marbach LU
7676,5100,4,0,0,0,3,4,3,ds5,,Mittleres Baumholz,Mittleres Baumholz_6,0,1,0.51,not_young,1113.9,Marbach LU
7677,12700,2,1,0,1,2,2,2,ds5,,Mittleres Baumholz,Mittleres Baumholz_6,0,1,1.27,not_young,1087.1,Marbach LU
7678,13550,4,0,0,0,3,4,3,ds5,,Mittleres Baumholz,Mittleres Baumholz_6,0,1,1.355,not_young,1120.3,Marbach LU
7679,25233,2,1,0,1,2,2,2,ds3,,Stangenholz,Stangenholz_6,0,1,2.523,not_young,1241.1,Flühli LU
7680,54857,4,0,0,0,3,4,3,ds6,,Starkes Baumholz,Starkes Baumholz_6,0,1,5.486,not_young,1077.6,Marbach LU
7681,9128,3,0,0,0,3,3,3,ds5,,Mittleres Baumholz,Mittleres Baumholz_6,0,1,0.913,not_young,1240.7,Marbach LU
7682,8450,4,0,0,0,3,4,3,ds5,,Mittleres Baumholz,Mittleres Baumholz_6,0,1,0.845,not_young,1072.0,Marbach LU
7683,9950,3,0,0,0,3,4,3,ds6,,Starkes Baumholz,Starkes Baumholz_6,0,1,0.995,not_young,1104.0,Marbach LU
7684,12422,2,1,0,1,2,2,2,ds3,,Stangenholz,Stangenholz_6,0,1,1.242,not_young,1256.8,Flühli LU
7685,24779,3,0,0,0,3,3,3,ds5,,Mittleres Baumholz,Mittleres Baumholz_6,0,1,2.478,not_young,1318.5,Flühli LU
7686,26250,3,0,0,0,3,3,3,ds6,,Starkes Baumholz,Starkes Baumholz_6,0,1,2.625,not_young,1203.4,Marbach LU
7688,5085,3,0,0,0,3,3,3,ds4,,Schwaches Baumholz,Schwaches Baumholz_6,0,1,0.509,not_young,1016.4,Flühli LU
7689,10350,2,1,0,1,2,2,2,ds6,,Starkes Baumholz,Starkes Baumholz_6,0,1,1.035,not_young,1071.4,Marbach LU
7690,22295,3,0,0,0,3,3,3,ds6,,Starkes Baumholz,Starkes Baumholz_6,0,1,2.23,not_young,1251.2,Flühli LU
7691,11486,3,0,0,0,3,3,3,ds6,,Starkes Baumholz,Starkes Baumholz_6,0,1,1.149,not_young,1017.1,Marbach LU
7692,5935,3,0,0,0,3,4,3,ds6,,Starkes Baumholz,Starkes Baumholz_6,0,1,0.594,not_young,1229.7,Marbach LU
7693,10650,4,0,0,0,3,4,3,ds2,,Jungwuchs/Dickung,Jungwuchs/Dickung_6,0,1,1.065,young,1289.7,Marbach LU
7694,6578,4,0,0,0,3,4,3,ds5,,Mittleres Baumholz,Mittleres Baumholz_6,0,1,0.658,not_young,1104.0,Marbach LU
7695,7650,4,0,0,0,3,4,3,ds6,,Starkes Baumholz,Starkes Baumholz_13,0,1,0.765,not_young,979.0,Marbach LU
7697,9350,4,0,0,0,3,4,3,ds4,,Schwaches Baumholz,Schwaches Baumholz_6,0,1,0.935,not_young,1110.5,Marbach LU
7698,5600,4,0,0,0,3,4,3,ds3,,Stangenholz,Stangenholz_6,0,1,0.56,not_young,1132.3,Marbach LU
7699,20122,3,0,0,0,3,3,3,ds3,,Stangenholz,Stangenholz_6,0,1,2.012,not_young,1391.9,Wiggen
7700,45401,4,0,0,0,3,4,3,ds6,,Starkes Baumholz,Starkes Baumholz_6,0,1,4.54,not_young,1036.4,Marbach LU
7701,6208,4,0,0,0,3,4,3,ds6,,Starkes Baumholz,Starkes Baumholz_6,0,1,0.621,not_young,1244.1,Marbach LU
7702,6400,4,0,0,0,3,4,3,ds3,,Stangenholz,Stangenholz_6,0,1,0.64,not_young,1213.8,Marbach LU
7703,20200,3,0,0,0,3,4,3,ds6,,Starkes Baumholz,Starkes Baumholz_6,0,1,2.02,not_young,1135.7,Marbach LU
7704,6400,4,0,0,0,3,4,3,ds3,,Stangenholz,Stangenholz_6,0,1,0.64,not_young,1125.0,Marbach LU
7705,42400,3,0,0,0,3,4,3,ds6,,Starkes Baumholz,Starkes Baumholz_6,0,1,4.24,not_young,1108.1,Marbach LU
7706,5750,2,1,0,1,2,2,2,ds6,,Starkes Baumholz,Starkes Baumholz_6,0,1,0.575,not_young,1271.1,Flühli LU
7707,5284,2,1,0,1,2,2,2,ds2,,Jungwuchs/Dickung,Jungwuchs/Dickung_6,0,1,0.528,young,1236.3,Flühli LU
7708,7962,3,0,0,0,3,3,3,ds4,,Schwaches Baumholz,Schwaches Baumholz_10,0,1,0.796,not_young,1516.3,Flühli LU
7709,22075,4,0,0,0,3,4,3,ds6,,Starkes Baumholz,Starkes Baumholz_6,0,1,2.208,not_young,1120.9,Marbach LU
7710,13317,3,0,0,0,3,3,3,ds6,,Starkes Baumholz,Starkes Baumholz_6,0,1,1.332,not_young,1283.3,Wiggen
7711,8635,3,0,0,0,3,3,3,ds4,,Schwaches Baumholz,Schwaches Baumholz_6,0,1,0.863,not_young,1242.6,Wiggen
7712,5369,3,0,0,0,3,3,3,ds4,,Schwaches Baumholz,Schwaches Baumholz_6,0,1,0.537,not_young,1258.6,Wiggen
7713,7627,3,0,0,0,3,3,3,ds4,,Schwaches Baumholz,Schwaches Baumholz_6,0,1,0.763,not_young,1340.6,Wiggen
7714,5303,3,0,0,0,3,3,3,ds3,,Stangenholz,Stangenholz_10,0,1,0.53,not_young,1440.4,Wiggen
7715,6550,2,1,0,1,2,2,2,ds6,,Starkes Baumholz,Starkes Baumholz_6,0,1,0.655,not_young,1299.1,Flühli LU
7716,12550,2,1,0,1,2,2,2,ds6,,Starkes Baumholz,Starkes Baumholz_6,0,1,1.255,not_young,1254.3,Flühli LU
7717,5630,4,0,0,0,3,4,3,ds5,,Mittleres Baumholz,Mittleres Baumholz_6,0,1,0.563,not_young,1263.4,Wiggen
7718,8284,3,0,0,0,3,3,3,ds5,,Mittleres Baumholz,Mittleres Baumholz_6,0,1,0.828,not_young,1308.8,Wiggen
7719,6837,3,0,0,0,3,3,3,ds4,,Schwaches Baumholz,Schwaches Baumholz_6,0,1,0.684,not_young,1281.2,Wiggen
7721,5900,2,1,0,1,2,2,2,ds6,,Starkes Baumholz,Starkes Baumholz_6,0,1,0.59,not_young,1270.0,Marbach LU
7722,6343,4,0,0,0,3,4,3,ds5,,Mittleres Baumholz,Mittleres Baumholz_6,0,1,0.634,not_young,981.4,Marbach LU
7723,21036,3,0,0,0,3,3,3,ds6,,Starkes Baumholz,Starkes Baumholz_13,0,1,2.104,not_young,1018.4,Marbach LU
7724,8050,4,0,0,0,3,4,3,ds6,,Starkes Baumholz,Starkes Baumholz_6,0,1,0.805,not_young,1137.1,Marbach LU
7725,6000,2,1,0,1,2,2,2,ds3,,Stangenholz,Stangenholz_6,0,1,0.6,not_young,1291.8,Flühli LU
7726,11983,2,1,0,1,2,2,2,ds3,,Stangenholz,Stangenholz_6,0,1,1.198,not_young,1295.9,Flühli LU
7727,14893,2,1,0,1,2,2,2,ds3,,Stangenholz,Stangenholz_6,0,1,1.489,not_young,1252.2,Flühli LU
7728,7536,4,0,0,0,3,4,3,ds6,,Starkes Baumholz,Starkes Baumholz_13,0,1,0.754,not_young,976.7,Marbach LU
7729,23986,3,0,0,0,3,3,3,ds6,,Starkes Baumholz,Starkes Baumholz_6,0,1,2.399,not_young,995.5,Flühli LU
7730,13800,3,0,0,0,3,4,3,ds4,,Schwaches Baumholz,Schwaches Baumholz_6,0,1,1.38,not_young,1190.7,Marbach LU
7731,7556,3,0,0,0,3,3,3,ds6,,Starkes Baumholz,Starkes Baumholz_6,0,1,0.756,not_young,1097.9,Marbach LU
7732,7250,4,0,0,0,3,4,3,ds3,,Stangenholz,Stangenholz_6,0,1,0.725,not_young,1225.1,Marbach LU
7733,7650,3,0,0,0,3,4,3,ds4,,Schwaches Baumholz,Schwaches Baumholz_6,0,1,0.765,not_young,1154.6,Marbach LU
7734,7200,3,0,0,0,3,4,3,ds4,,Schwaches Baumholz,Schwaches Baumholz_6,0,1,0.72,not_young,1076.3,Marbach LU
7735,5250,2,1,0,1,2,2,2,ds4,,Schwaches Baumholz,Schwaches Baumholz_6,0,1,0.525,not_young,1305.8,Flühli LU
7737,5450,4,0,0,0,3,4,3,ds4,,Schwaches Baumholz,Schwaches Baumholz_6,0,1,0.545,not_young,1213.4,Marbach LU
7738,11211,3,0,0,0,3,3,3,ds5,,Mittleres Baumholz,Mittleres Baumholz_8,0,1,1.121,not_young,1530.0,Flühli LU
7739,6090,2,1,0,1,2,2,2,ds4,,Schwaches Baumholz,Schwaches Baumholz_6,0,1,0.609,not_young,1028.3,Flühli LU
7740,25750,4,0,0,0,3,4,3,ds6,,Starkes Baumholz,Starkes Baumholz_6,0,1,2.575,not_young,1156.6,Marbach LU
7741,10168,4,0,0,0,3,4,3,ds6,,Starkes Baumholz,Starkes Baumholz_13,0,1,1.017,not_young,969.7,Marbach LU
7742,15235,2,1,0,1,2,2,2,ds5,,Mittleres Baumholz,Mittleres Baumholz_6,0,1,1.523,not_young,1281.9,Flühli LU
7743,8302,2,1,0,1,2,2,2,ds5,,Mittleres Baumholz,Mittleres Baumholz_6,0,1,0.83,not_young,1265.8,Flühli LU
7744,5344,3,0,0,0,3,4,3,ds4,,Schwaches Baumholz,Schwaches Baumholz_6,0,1,0.534,not_young,1260.5,Marbach LU
7745,8770,3,0,0,0,3,3,3,ds6,,Starkes Baumholz,Starkes Baumholz_13,0,1,0.877,not_young,955.0,Marbach LU
7746,69483,3,0,0,0,3,3,3,ds6,,Starkes Baumholz,Starkes Baumholz_6,0,1,6.948,not_young,1204.5,Marbach LU
7747,6150,2,1,0,1,2,2,2,ds3,,Stangenholz,Stangenholz_6,0,1,0.615,not_young,1260.8,Marbach LU
7748,7552,3,0,0,0,3,3,3,ds2,,Jungwuchs/Dickung,Jungwuchs/Dickung_6,0,1,0.755,young,1383.2,Flühli LU
7749,8900,4,0,0,0,3,4,3,ds6,,Starkes Baumholz,Starkes Baumholz_6,0,1,0.89,not_young,1132.4,Marbach LU
7750,5025,3,0,0,0,3,3,3,ds4,,Schwaches Baumholz,Schwaches Baumholz_6,0,1,0.503,not_young,1130.6,Flühli LU
7751,9467,4,0,0,0,3,4,3,ds6,,Starkes Baumholz,Starkes Baumholz_6,0,1,0.947,not_young,1008.5,Marbach LU
7752,5800,2,1,0,1,2,2,2,ds2,,Jungwuchs/Dickung,Jungwuchs/Dickung_6,0,1,0.58,young,1271.8,Flühli LU
7753,37251,4,0,0,0,3,4,3,ds6,,Starkes Baumholz,Starkes Baumholz_13,0,1,3.725,not_young,993.6,Marbach LU
7754,5850,4,0,0,0,3,4,3,ds5,,Mittleres Baumholz,Mittleres Baumholz_6,0,1,0.585,not_young,1253.4,Marbach LU
7755,11177,2,1,0,1,2,2,2,ds2,,Jungwuchs/Dickung,Jungwuchs/Dickung_6,0,1,1.118,young,1285.5,Flühli LU
7756,15788,4,0,0,0,3,4,3,ds6,,Starkes Baumholz,Starkes Baumholz_6,0,1,1.579,not_young,1119.8,Marbach LU
7757,6305,3,0,0,0,3,3,3,ds5,,Mittleres Baumholz,Mittleres Baumholz_6,0,1,0.631,not_young,1275.4,Wiggen
7758,7510,3,0,0,0,3,3,3,ds1,,Jungwuchs/Dickung,Jungwuchs/Dickung_6,0,1,0.751,young,1392.9,Flühli LU
7759,8800,3,0,0,0,3,3,3,ds5,,Mittleres Baumholz,Mittleres Baumholz_6,0,1,0.88,not_young,1320.2,Marbach LU
7760,6992,4,0,0,0,3,4,3,ds6,,Starkes Baumholz,Starkes Baumholz_6,0,1,0.699,not_young,1136.6,Marbach LU
7761,8082,4,0,0,0,3,4,3,ds5,,Mittleres Baumholz,Mittleres Baumholz_6,0,1,0.808,not_young,1155.6,Wiggen
7763,8225,3,0,0,0,3,3,3,ds6,,Starkes Baumholz,Starkes Baumholz_6,0,1,0.822,not_young,1079.5,Marbach LU
7764,14550,2,1,0,1,2,2,2,ds1,,Jungwuchs/Dickung,Jungwuchs/Dickung_6,0,1,1.455,young,1360.3,Marbach LU
7765,6250,4,0,0,0,3,4,3,ds5,,Mittleres Baumholz,Mittleres Baumholz_6,0,1,0.625,not_young,1121.5,Marbach LU
7766,8350,3,0,0,0,3,3,3,ds3,,Stangenholz,Stangenholz_10,0,1,0.835,not_young,1434.4,Wiggen
7767,6233,3,0,0,0,3,3,3,ds4,,Schwaches Baumholz,Schwaches Baumholz_8,0,1,0.623,not_young,1506.9,Flühli LU
7768,45867,2,1,0,1,2,2,2,ds6,,Starkes Baumholz,Starkes Baumholz_10,0,1,4.587,not_young,1459.6,Flühli LU
7769,17940,2,1,0,1,2,2,2,ds2,,Jungwuchs/Dickung,Jungwuchs/Dickung_6,0,1,1.794,young,1358.6,Flühli LU
7770,11100,2,1,0,1,2,2,2,ds2,,Jungwuchs/Dickung,Jungwuchs/Dickung_6,0,1,1.11,young,1362.5,Flühli LU
7771,5450,2,1,0,1,2,2,2,ds6,,Starkes Baumholz,Starkes Baumholz_6,0,1,0.545,not_young,1308.8,Marbach LU
7772,6850,2,1,0,1,2,2,2,ds2,,Jungwuchs/Dickung,Jungwuchs/Dickung_6,0,1,0.685,young,1207.2,Marbach LU
7773,15311,2,1,0,1,2,2,2,ds6,,Starkes Baumholz,Starkes Baumholz_6,0,1,1.531,not_young,1370.5,Flühli LU
7774,5609,4,0,0,0,3,4,3,ds5,,Mittleres Baumholz,Mittleres Baumholz_6,0,1,0.561,not_young,1272.4,Marbach LU
7775,17100,2,1,0,1,2,2,2,ds3,,Stangenholz,Stangenholz_6,0,1,1.71,not_young,1381.7,Marbach LU
7776,10050,2,1,0,1,2,2,2,ds2,,Jungwuchs/Dickung,Jungwuchs/Dickung_6,0,1,1.005,young,1276.8,Marbach LU
7777,17278,2,1,0,1,2,2,2,ds6,,Starkes Baumholz,Starkes Baumholz_6,0,1,1.728,not_young,1336.9,Flühli LU
7778,20600,2,1,0,1,2,2,2,ds6,,Starkes Baumholz,Starkes Baumholz_6,0,1,2.06,not_young,1333.7,Marbach LU
7779,8950,4,0,0,0,3,4,3,ds6,,Starkes Baumholz,Starkes Baumholz_6,0,1,0.895,not_young,1214.5,Marbach LU
7780,8053,2,1,0,1,2,2,2,ds5,,Mittleres Baumholz,Mittleres Baumholz_10,0,1,0.805,not_young,1481.7,Flühli LU
7781,7308,2,1,0,1,2,2,2,ds5,,Mittleres Baumholz,Mittleres Baumholz_6,0,1,0.731,not_young,1333.5,Flühli LU
7783,14622,2,1,0,1,2,2,2,ds6,,Starkes Baumholz,Starkes Baumholz_6,0,1,1.462,not_young,976.4,Flühli LU
7784,24450,2,1,0,1,2,2,2,ds4,,Schwaches Baumholz,Schwaches Baumholz_6,0,1,2.445,not_young,1312.3,Marbach LU
7785,16550,4,0,0,0,3,4,3,ds5,,Mittleres Baumholz,Mittleres Baumholz_6,0,1,1.655,not_young,1232.9,Marbach LU
7786,5001,3,0,0,0,3,4,3,ds3,,Stangenholz,Stangenholz_6,0,1,0.5,not_young,1134.8,Marbach LU
7787,13250,3,0,0,0,3,3,3,ds5,,Mittleres Baumholz,Mittleres Baumholz_6,0,1,1.325,not_young,1398.9,Wiggen
7788,6771,3,0,0,0,3,3,3,ds4,,Schwaches Baumholz,Schwaches Baumholz_10,0,1,0.677,not_young,1511.2,Wiggen
7789,6250,2,1,0,1,2,2,2,ds3,,Stangenholz,Stangenholz_6,0,1,0.625,not_young,1130.8,Marbach LU
7790,7226,3,0,0,0,3,3,3,ds5,,Mittleres Baumholz,Mittleres Baumholz_6,0,1,0.723,not_young,1330.0,Wiggen
7791,61167,3,0,0,0,3,3,3,ds6,,Starkes Baumholz,Starkes Baumholz_6,0,1,6.117,not_young,1147.4,Marbach LU
7792,6000,2,1,0,1,2,2,2,ds3,,Stangenholz,Stangenholz_6,0,1,0.6,not_young,1190.8,Marbach LU
7793,17222,3,0,0,0,3,3,3,ds3,,Stangenholz,Stangenholz_6,0,1,1.722,not_young,1384.0,Wiggen
7794,6750,2,1,0,1,2,2,2,ds3,,Stangenholz,Stangenholz_6,0,1,0.675,not_young,1296.5,Flühli LU
7795,17737,3,0,0,0,3,4,3,ds6,,Starkes Baumholz,Starkes Baumholz_6,0,1,1.774,not_young,1168.4,Marbach LU
7796,5733,3,0,0,0,3,4,3,ds4,,Schwaches Baumholz,Schwaches Baumholz_6,0,1,0.573,not_young,1340.7,Wiggen
7797,10750,2,1,0,1,2,2,2,ds4,,Schwaches Baumholz,Schwaches Baumholz_6,0,1,1.075,not_young,1389.4,Flühli LU
7798,5250,3,0,0,0,3,3,3,ds5,,Mittleres Baumholz,Mittleres Baumholz_6,0,1,0.525,not_young,1257.5,Marbach LU
7799,6350,4,0,0,0,3,4,3,ds6,,Starkes Baumholz,Starkes Baumholz_6,0,1,0.635,not_young,1178.0,Marbach LU
7800,18942,2,1,0,1,2,2,2,ds6,,Starkes Baumholz,Starkes Baumholz_6,0,1,1.894,not_young,1356.2,Flühli LU
7801,8550,4,0,0,0,3,4,3,ds6,,Starkes Baumholz,Starkes Baumholz_6,0,1,0.855,not_young,1193.0,Marbach LU
7802,13250,2,1,0,1,2,2,2,ds3,,Stangenholz,Stangenholz_6,0,1,1.325,not_young,1294.4,Marbach LU
7803,17449,4,0,0,0,3,4,3,ds6,,Starkes Baumholz,Starkes Baumholz_6,0,1,1.745,not_young,1191.0,Wiggen
7805,9071,4,0,0,0,3,4,3,ds6,,Starkes Baumholz,Starkes Baumholz_6,0,1,0.907,not_young,1166.7,Wiggen
7806,33825,3,0,0,0,3,3,3,ds5,,Mittleres Baumholz,Mittleres Baumholz_10,0,1,3.382,not_young,1477.7,Flühli LU
7807,10700,2,1,0,1,2,2,2,ds2,,Jungwuchs/Dickung,Jungwuchs/Dickung_6,0,1,1.07,young,1298.6,Marbach LU
7808,6650,4,0,0,0,3,4,3,ds6,,Starkes Baumholz,Starkes Baumholz_6,0,1,0.665,not_young,1242.2,Marbach LU
7809,5234,4,0,0,0,3,4,3,ds6,,Starkes Baumholz,Starkes Baumholz_6,0,1,0.523,not_young,1110.4,Wiggen
7810,28903,3,0,0,0,3,4,3,ds5,,Mittleres Baumholz,Mittleres Baumholz_6,0,1,2.89,not_young,1260.5,Wiggen
7811,12335,3,0,0,0,3,3,3,ds6,,Starkes Baumholz,Starkes Baumholz_6,0,1,1.233,not_young,1134.0,Flühli LU
7812,17430,2,1,0,1,2,2,1,ds4,,Schwaches Baumholz,Schwaches Baumholz_6,0,1,1.743,not_young,1421.9,Flühli LU
7813,16900,3,0,0,0,3,4,3,ds6,,Starkes Baumholz,Starkes Baumholz_6,0,1,1.69,not_young,1233.6,Marbach LU
7814,7966,3,0,0,0,3,3,3,ds6,,Starkes Baumholz,Starkes Baumholz_6,0,1,0.797,not_young,1033.0,Flühli LU
7815,6700,2,1,0,1,2,2,2,ds4,,Schwaches Baumholz,Schwaches Baumholz_6,0,1,0.67,not_young,1338.8,Flühli LU
7816,20100,2,1,0,1,2,2,2,ds6,,Starkes Baumholz,Starkes Baumholz_10,0,1,2.01,not_young,1440.8,Flühli LU
7817,48370,2,1,0,1,2,2,2,ds6,,Starkes Baumholz,Starkes Baumholz_6,0,1,4.837,not_young,1370.1,Flühli LU
7818,11550,2,1,0,1,2,2,2,ds6,,Starkes Baumholz,Starkes Baumholz_6,0,1,1.155,not_young,1279.3,Marbach LU
7819,65118,2,1,0,1,2,2,2,ds5,,Mittleres Baumholz,Mittleres Baumholz_6,0,1,6.512,not_young,1217.5,Marbach LU
7820,5550,2,1,0,1,2,2,2,ds6,,Starkes Baumholz,Starkes Baumholz_6,0,1,0.555,not_young,1037.0,Flühli LU
7821,41346,2,1,0,1,2,2,2,ds6,,Starkes Baumholz,Starkes Baumholz_6,0,1,4.135,not_young,1133.0,Flühli LU
7823,39576,3,0,0,0,3,3,3,ds6,,Starkes Baumholz,Starkes Baumholz_13,0,1,3.958,not_young,941.8,Marbach LU
7824,7050,4,0,0,0,3,4,3,ds3,,Stangenholz,Stangenholz_6,0,1,0.705,not_young,1171.9,Marbach LU
7825,7900,2,1,0,1,2,2,2,ds3,,Stangenholz,Stangenholz_6,0,1,0.79,not_young,1416.8,Flühli LU
7826,7750,4,0,0,0,3,4,3,ds6,,Starkes Baumholz,Starkes Baumholz_6,0,1,0.775,not_young,1099.0,Marbach LU
7828,17550,2,1,0,1,2,2,2,ds1,,Jungwuchs/Dickung,Jungwuchs/Dickung_6,0,1,1.755,young,1447.7,Marbach LU
7829,17212,2,1,0,1,2,2,2,ds6,,Starkes Baumholz,Starkes Baumholz_6,0,1,1.721,not_young,1266.0,Marbach LU
7830,5458,2,1,0,1,2,2,2,ds5,,Mittleres Baumholz,Mittleres Baumholz_6,0,1,0.546,not_young,1400.2,Flühli LU
7831,9191,4,0,0,0,3,4,3,ds5,,Mittleres Baumholz,Mittleres Baumholz_6,0,1,0.919,not_young,1127.2,Marbach LU
7832,8984,2,1,0,1,2,2,2,ds2,,Jungwuchs/Dickung,Jungwuchs/Dickung_6,0,1,0.898,young,1354.4,Marbach LU
7833,5950,4,0,0,0,3,4,3,ds3,,Stangenholz,Stangenholz_6,0,1,0.595,not_young,1304.3,Marbach LU
7834,12904,3,0,0,0,3,3,3,ds4,,Schwaches Baumholz,Schwaches Baumholz_10,0,1,1.29,not_young,1497.1,Sörenberg
7835,5117,4,0,0,0,3,4,3,ds1,,Jungwuchs/Dickung,Jungwuchs/Dickung_6,0,1,0.512,young,1025.1,Marbach LU
7836,9123,3,0,0,0,3,3,3,ds3,,Stangenholz,Stangenholz_8,0,1,0.912,not_young,1620.1,Wiggen
7837,10900,2,1,0,1,2,2,2,ds4,,Schwaches Baumholz,Schwaches Baumholz_8,0,1,1.09,not_young,1534.0,Flühli LU
7838,25645,3,0,0,0,3,3,3,ds5,,Mittleres Baumholz,Mittleres Baumholz_10,0,1,2.565,not_young,1456.2,Wiggen
7839,5372,2,1,0,1,2,2,2,ds5,,Mittleres Baumholz,Mittleres Baumholz_10,0,1,0.537,not_young,1415.9,Flühli LU
7840,5829,3,0,0,0,3,3,3,ds4,,Schwaches Baumholz,Schwaches Baumholz_8,0,1,0.583,not_young,1546.7,Wiggen
7841,6300,2,1,0,1,2,2,2,ds4,,Schwaches Baumholz,Schwaches Baumholz_6,0,1,0.63,not_young,1090.0,Flühli LU
7843,9345,4,0,0,0,3,4,3,ds4,,Schwaches Baumholz,Schwaches Baumholz_6,0,1,0.934,not_young,1125.8,Wiggen
7844,30750,2,1,0,1,2,2,2,ds6,,Starkes Baumholz,Starkes Baumholz_6,0,1,3.075,not_young,1329.3,Flühli LU
7845,7300,2,1,0,1,2,2,2,ds5,,Mittleres Baumholz,Mittleres Baumholz_6,0,1,0.73,not_young,1426.5,Marbach LU
7846,5650,4,0,0,0,3,4,3,ds2,,Jungwuchs/Dickung,Jungwuchs/Dickung_13,0,1,0.565,young,977.6,Marbach LU
7847,8133,2,1,0,1,2,2,1,ds3,,Stangenholz,Stangenholz_6,0,1,0.813,not_young,1284.3,Flühli LU
7849,8450,2,1,0,1,2,2,2,ds6,,Starkes Baumholz,Starkes Baumholz_6,0,1,0.845,not_young,1419.0,Marbach LU
7850,9100,4,0,0,0,3,4,3,ds3,,Stangenholz,Stangenholz_6,0,1,0.91,not_young,1257.5,Marbach LU
7851,9895,3,0,0,0,3,3,3,ds2,,Jungwuchs/Dickung,Jungwuchs/Dickung_6,0,1,0.99,young,1217.5,Flühli LU
7852,65145,3,0,0,0,3,3,3,ds6,,Starkes Baumholz,Starkes Baumholz_13,0,1,6.514,not_young,1037.4,Marbach LU
7853,9050,3,0,0,0,3,4,3,ds4,,Schwaches Baumholz,Schwaches Baumholz_6,0,1,0.905,not_young,1327.6,Wiggen
7854,13800,2,1,0,1,2,2,2,ds5,,Mittleres Baumholz,Mittleres Baumholz_8,0,1,1.38,not_young,1534.7,Flühli LU
7855,22400,2,1,0,1,2,2,2,ds4,,Schwaches Baumholz,Schwaches Baumholz_6,0,1,2.24,not_young,1392.4,Marbach LU
7856,6450,3,0,0,0,3,4,3,ds6,,Starkes Baumholz,Starkes Baumholz_6,0,1,0.645,not_young,1170.4,Marbach LU
7857,5900,4,0,0,0,3,4,3,ds3,,Stangenholz,Stangenholz_6,0,1,0.59,not_young,1152.5,Wiggen
7858,9000,2,1,0,1,2,2,2,ds4,,Schwaches Baumholz,Schwaches Baumholz_6,0,1,0.9,not_young,1321.8,Flühli LU
7859,6985,3,0,0,0,3,4,3,ds6,,Starkes Baumholz,Starkes Baumholz_6,0,1,0.699,not_young,1274.8,Sörenberg
7860,27046,3,0,0,0,3,4,3,ds4,,Schwaches Baumholz,Schwaches Baumholz_6,0,1,2.705,not_young,1375.4,Flühli LU
7861,41359,2,1,0,1,2,2,2,ds5,,Mittleres Baumholz,Mittleres Baumholz_10,0,1,4.136,not_young,1499.9,Flühli LU
7862,5052,2,1,0,1,2,2,2,ds5,,Mittleres Baumholz,Mittleres Baumholz_6,0,1,0.505,not_young,1332.6,Flühli LU
7863,7800,2,1,0,1,2,2,2,ds4,,Schwaches Baumholz,Schwaches Baumholz_6,0,1,0.78,not_young,1114.7,Flühli LU
7864,5373,2,1,0,1,2,2,2,ds6,,Starkes Baumholz,Starkes Baumholz_6,0,1,0.537,not_young,1300.6,Flühli LU
7865,31215,2,1,0,1,2,2,2,ds6,,Starkes Baumholz,Starkes Baumholz_6,0,1,3.122,not_young,1324.5,Marbach LU
7866,16871,2,1,0,1,2,2,2,ds5,,Mittleres Baumholz,Mittleres Baumholz_8,0,1,1.687,not_young,1530.4,Flühli LU
7867,5150,3,0,0,0,3,4,3,ds5,,Mittleres Baumholz,Mittleres Baumholz_6,0,1,0.515,not_young,1022.5,Marbach LU
7868,5050,2,1,0,1,2,2,2,ds4,,Schwaches Baumholz,Schwaches Baumholz_8,0,1,0.505,not_young,1613.5,Flühli LU
7869,11850,2,1,0,1,2,2,2,ds3,,Stangenholz,Stangenholz_8,0,1,1.185,not_young,1590.4,Flühli LU
7870,60850,2,1,0,1,2,2,2,ds6,,Starkes Baumholz,Starkes Baumholz_6,0,1,6.085,not_young,1220.0,Marbach LU
7871,9150,3,0,0,0,3,3,3,ds4,,Schwaches Baumholz,Schwaches Baumholz_10,0,1,0.915,not_young,1517.0,Sörenberg
7872,10949,3,0,0,0,3,3,3,ds2,,Jungwuchs/Dickung,Jungwuchs/Dickung_6,0,1,1.095,young,1436.5,Wiggen
7873,6700,2,1,0,1,2,2,2,ds5,,Mittleres Baumholz,Mittleres Baumholz_6,0,1,0.67,not_young,1399.4,Marbach LU
7874,38325,3,0,0,0,3,4,3,ds6,,Starkes Baumholz,Starkes Baumholz_6,0,1,3.833,not_young,1140.6,Marbach LU
7875,35519,4,0,0,0,3,4,3,ds5,,Mittleres Baumholz,Mittleres Baumholz_6,0,1,3.552,not_young,1185.2,Wiggen
7876,5468,1,1,2,3,1,1,1,ds4,,Schwaches Baumholz,Schwaches Baumholz_6,0,1,0.547,not_young,1289.1,Flühli LU
7877,21616,3,0,0,0,3,4,3,ds6,,Starkes Baumholz,Starkes Baumholz_6,0,1,2.162,not_young,1314.9,Marbach LU
7878,26804,4,0,0,0,3,4,3,ds5,,Mittleres Baumholz,Mittleres Baumholz_6,0,1,2.68,not_young,1246.3,Wiggen
7879,25650,2,1,0,1,2,2,2,ds3,,Stangenholz,Stangenholz_6,0,1,2.565,not_young,1266.2,Flühli LU
7880,11820,2,1,0,1,2,2,2,ds4,,Schwaches Baumholz,Schwaches Baumholz_6,0,1,1.182,not_young,1296.8,Flühli LU
7881,16050,3,0,0,0,3,3,3,ds4,,Schwaches Baumholz,Schwaches Baumholz_6,0,1,1.605,not_young,1447.5,Sörenberg
7882,22500,2,1,0,1,2,2,2,ds4,,Schwaches Baumholz,Schwaches Baumholz_6,0,1,2.25,not_young,1047.8,Flühli LU
7883,7394,2,1,0,1,2,2,2,ds4,,Schwaches Baumholz,Schwaches Baumholz_8,0,1,0.739,not_young,1631.3,Flühli LU
7884,46323,2,1,0,1,2,2,2,ds6,,Starkes Baumholz,Starkes Baumholz_6,0,1,4.632,not_young,1274.2,Marbach LU
7885,5673,3,0,0,0,3,3,3,ds3,,Stangenholz,Stangenholz_6,0,1,0.567,not_young,1401.6,Wiggen
7887,8700,3,0,0,0,3,3,3,ds3,,Stangenholz,Stangenholz_6,0,1,0.87,not_young,1361.4,Wiggen
7888,10858,3,0,0,0,3,3,3,ds1,,Jungwuchs/Dickung,Jungwuchs/Dickung_10,0,1,1.086,young,1489.2,Wiggen
7889,22649,3,0,0,0,3,3,3,ds3,,Stangenholz,Stangenholz_8,0,1,2.265,not_young,1604.7,Sörenberg
7891,6700,2,1,0,1,2,2,2,ds3,,Stangenholz,Stangenholz_6,0,1,0.67,not_young,1095.7,Flühli LU
7892,13528,3,0,0,0,3,4,3,ds5,,Mittleres Baumholz,Mittleres Baumholz_6,0,1,1.353,not_young,1236.1,Marbach LU
7893,10216,2,1,0,1,2,2,2,ds5,,Mittleres Baumholz,Mittleres Baumholz_6,0,1,1.022,not_young,1328.1,Marbach LU
7894,66179,3,0,0,0,3,4,3,ds6,,Starkes Baumholz,Starkes Baumholz_6,0,1,6.618,not_young,1014.4,Marbach LU
7895,7200,2,1,0,1,2,2,2,ds4,,Schwaches Baumholz,Schwaches Baumholz_10,0,1,0.72,not_young,1480.3,Marbach LU
7896,5800,3,0,0,0,3,3,3,ds3,,Stangenholz,Stangenholz_6,0,1,0.58,not_young,1403.6,Sörenberg
7897,7374,4,0,0,0,3,4,3,ds5,,Mittleres Baumholz,Mittleres Baumholz_6,0,1,0.737,not_young,1013.5,Marbach LU
7898,5650,4,0,0,0,3,4,3,ds5,,Mittleres Baumholz,Mittleres Baumholz_6,0,1,0.565,not_young,1240.3,Marbach LU
7899,12450,4,0,0,0,3,4,3,ds3,,Stangenholz,Stangenholz_6,0,1,1.245,not_young,1257.1,Marbach LU
7900,7550,3,0,0,0,3,3,3,ds4,,Schwaches Baumholz,Schwaches Baumholz_6,0,1,0.755,not_young,1343.6,Wiggen
7901,27181,2,1,0,1,2,2,2,ds6,,Starkes Baumholz,Starkes Baumholz_13,0,1,2.718,not_young,985.4,Marbach LU
7903,15250,4,0,0,0,3,4,3,ds2,,Jungwuchs/Dickung,Jungwuchs/Dickung_6,0,1,1.525,young,1283.3,Marbach LU
7904,11100,2,1,0,1,2,2,2,ds4,,Schwaches Baumholz,Schwaches Baumholz_6,0,1,1.11,not_young,1308.2,Marbach LU
7905,10715,3,0,0,0,3,3,3,ds3,,Stangenholz,Stangenholz_6,0,1,1.072,not_young,1382.0,Wiggen
7906,6925,3,0,0,0,3,4,3,ds2,,Jungwuchs/Dickung,Jungwuchs/Dickung_6,0,1,0.692,young,1307.7,Sörenberg
7907,7748,3,0,0,0,3,3,3,ds5,,Mittleres Baumholz,Mittleres Baumholz_6,0,1,0.775,not_young,1064.2,Flühli LU
7908,17500,2,1,0,1,2,2,2,ds5,,Mittleres Baumholz,Mittleres Baumholz_6,0,1,1.75,not_young,1460.5,Marbach LU
7909,5091,2,1,0,1,2,2,2,ds5,,Mittleres Baumholz,Mittleres Baumholz_6,0,1,0.509,not_young,1372.9,Marbach LU
7910,28552,2,1,0,1,2,2,2,ds6,,Starkes Baumholz,Starkes Baumholz_13,0,1,2.855,not_young,975.8,Flühli LU
7911,47700,2,1,0,1,2,2,2,ds6,,Starkes Baumholz,Starkes Baumholz_10,0,1,4.77,not_young,1483.8,Marbach LU
7912,8250,3,0,0,0,3,4,3,ds4,,Schwaches Baumholz,Schwaches Baumholz_6,0,1,0.825,not_young,1168.9,Sörenberg
7913,5316,3,0,0,0,3,3,3,ds6,,Starkes Baumholz,Starkes Baumholz_13,0,1,0.532,not_young,997.3,Marbach LU
7914,14200,2,1,0,1,2,2,2,ds5,,Mittleres Baumholz,Mittleres Baumholz_6,0,1,1.42,not_young,1210.8,Marbach LU
7915,6427,1,1,2,3,1,1,1,ds3,,Stangenholz,Stangenholz_6,0,1,0.643,not_young,1360.0,Flühli LU
7916,31042,3,0,0,0,3,4,3,ds6,,Starkes Baumholz,Starkes Baumholz_6,0,1,3.104,not_young,1278.8,Wiggen
7917,39550,2,1,0,1,2,2,2,ds6,,Starkes Baumholz,Starkes Baumholz_6,0,1,3.955,not_young,1393.1,Flühli LU
7918,6832,3,0,0,0,3,3,3,ds6,,Starkes Baumholz,Starkes Baumholz_6,0,1,0.683,not_young,1074.3,Flühli LU
7919,6886,2,1,0,1,2,2,2,ds6,,Starkes Baumholz,Starkes Baumholz_13,0,1,0.689,not_young,1018.2,Marbach LU
7920,5050,2,1,0,1,2,2,2,ds4,,Schwaches Baumholz,Schwaches Baumholz_6,0,1,0.505,not_young,1396.6,Flühli LU
7921,6950,2,1,0,1,2,2,2,ds5,,Mittleres Baumholz,Mittleres Baumholz_10,0,1,0.695,not_young,1468.1,Marbach LU
7922,22809,3,0,0,0,3,4,3,ds4,,Schwaches Baumholz,Schwaches Baumholz_6,0,1,2.281,not_young,1160.8,Wiggen
7923,6700,3,0,0,0,3,3,3,ds5,,Mittleres Baumholz,Mittleres Baumholz_6,0,1,0.67,not_young,1323.3,Wiggen
7924,7848,3,0,0,0,3,3,3,ds6,,Starkes Baumholz,Starkes Baumholz_10,0,1,0.785,not_young,1452.5,Wiggen
7925,9831,3,0,0,0,3,3,3,ds5,,Mittleres Baumholz,Mittleres Baumholz_6,0,1,0.983,not_young,1113.7,Flühli LU
7926,35279,3,0,0,0,3,4,3,ds6,,Starkes Baumholz,Starkes Baumholz_6,0,1,3.528,not_young,1190.3,Marbach LU
7927,35291,3,0,0,0,3,3,3,ds6,,Starkes Baumholz,Starkes Baumholz_6,0,1,3.529,not_young,1066.5,Flühli LU
7928,5626,3,0,0,0,3,3,3,ds2,,Jungwuchs/Dickung,Jungwuchs/Dickung_6,0,1,0.563,young,1280.1,Flühli LU
7929,77048,2,1,0,1,2,2,2,ds5,,Mittleres Baumholz,Mittleres Baumholz_10,0,1,7.705,not_young,1501.0,Flühli LU
7930,11550,2,1,0,1,2,2,2,ds6,,Starkes Baumholz,Starkes Baumholz_6,0,1,1.155,not_young,1442.3,Marbach LU
7931,16394,4,0,0,0,3,4,3,ds4,,Schwaches Baumholz,Schwaches Baumholz_6,0,1,1.639,not_young,1211.4,Wiggen
7932,14782,3,0,0,0,3,3,3,ds3,,Stangenholz,Stangenholz_6,0,1,1.478,not_young,1136.2,Flühli LU
7933,22518,1,1,2,3,1,1,1,ds6,,Starkes Baumholz,Starkes Baumholz_6,0,1,2.252,not_young,1337.7,Flühli LU
7934,5500,2,1,0,1,2,2,2,ds6,,Starkes Baumholz,Starkes Baumholz_6,0,1,0.55,not_young,1220.3,Marbach LU
7935,9250,2,1,0,1,2,2,2,ds3,,Stangenholz,Stangenholz_6,0,1,0.925,not_young,1280.0,Marbach LU
7936,18714,1,1,2,3,1,1,1,ds6,,Starkes Baumholz,Starkes Baumholz_6,0,1,1.871,not_young,1364.8,Flühli LU
7937,9500,2,1,0,1,2,2,2,ds5,,Mittleres Baumholz,Mittleres Baumholz_10,0,1,0.95,not_young,1469.4,Marbach LU
7938,7166,4,0,0,0,3,4,3,ds3,,Stangenholz,Stangenholz_6,0,1,0.717,not_young,1257.3,Wiggen
7939,5394,3,0,0,0,3,3,3,ds6,,Starkes Baumholz,Starkes Baumholz_6,0,1,0.539,not_young,1119.6,Sörenberg
7940,5100,2,1,0,1,2,2,2,ds2,,Jungwuchs/Dickung,Jungwuchs/Dickung_10,0,1,0.51,young,1480.9,Marbach LU
7941,6829,3,0,0,0,3,3,3,ds1,,Jungwuchs/Dickung,Jungwuchs/Dickung_6,0,1,0.683,young,1254.7,Sörenberg
7942,6200,3,0,0,0,3,3,3,ds3,,Stangenholz,Stangenholz_6,0,1,0.62,not_young,1356.8,Wiggen
7943,7355,2,1,0,1,2,2,2,ds3,,Stangenholz,Stangenholz_8,0,1,0.735,not_young,1648.7,Flühli LU
7945,7715,3,0,0,0,3,3,3,ds3,,Stangenholz,Stangenholz_6,0,1,0.771,not_young,1400.0,Wiggen
7946,6783,4,0,0,0,3,4,3,ds5,,Mittleres Baumholz,Mittleres Baumholz_6,0,1,0.678,not_young,1237.0,Marbach LU
7947,29318,3,0,0,0,3,4,3,ds6,,Starkes Baumholz,Starkes Baumholz_6,0,1,2.932,not_young,1076.4,Sörenberg
7948,14319,2,1,0,1,2,2,2,ds6,,Starkes Baumholz,Starkes Baumholz_6,0,1,1.432,not_young,1328.7,Marbach LU
7949,13812,3,0,0,0,3,3,3,ds6,,Starkes Baumholz,Starkes Baumholz_6,0,1,1.381,not_young,1092.5,Marbach LU
7950,5750,3,0,0,0,3,3,3,ds5,,Mittleres Baumholz,Mittleres Baumholz_6,0,1,0.575,not_young,1027.2,Sörenberg
7951,35444,3,0,0,0,3,3,3,ds2,,Jungwuchs/Dickung,Jungwuchs/Dickung_6,0,1,3.544,young,1430.0,Wiggen
7952,9033,4,0,0,0,3,4,3,ds4,,Schwaches Baumholz,Schwaches Baumholz_6,0,1,0.903,not_young,1209.2,Sörenberg
7953,11369,3,0,0,0,3,3,3,ds3,,Stangenholz,Stangenholz_6,0,1,1.137,not_young,1160.6,Flühli LU
7954,5450,3,0,0,0,3,4,3,ds4,,Schwaches Baumholz,Schwaches Baumholz_6,0,1,0.545,not_young,1340.7,Wiggen
7955,11995,4,0,0,0,3,4,3,ds6,,Starkes Baumholz,Starkes Baumholz_6,0,1,1.2,not_young,1182.6,Marbach LU
7956,7638,3,0,0,0,3,3,3,ds3,,Stangenholz,Stangenholz_6,0,1,0.764,not_young,1284.1,Marbach LU
7957,18440,3,0,0,0,3,3,3,ds4,,Schwaches Baumholz,Schwaches Baumholz_6,0,1,1.844,not_young,1320.8,Sörenberg
7958,7532,3,0,0,0,3,3,3,ds6,,Starkes Baumholz,Starkes Baumholz_13,0,1,0.753,not_young,1008.8,Marbach LU
7959,9300,2,1,0,1,2,2,2,ds5,,Mittleres Baumholz,Mittleres Baumholz_6,0,1,0.93,not_young,1283.8,Marbach LU
7960,17436,4,0,0,0,3,4,3,ds6,,Starkes Baumholz,Starkes Baumholz_6,0,1,1.744,not_young,1320.8,Wiggen
7961,11011,4,0,0,0,3,4,3,ds5,,Mittleres Baumholz,Mittleres Baumholz_6,0,1,1.101,not_young,1406.4,Wiggen
7962,12185,3,0,0,0,3,3,3,ds5,,Mittleres Baumholz,Mittleres Baumholz_10,0,1,1.219,not_young,1529.4,Sörenberg
7963,45291,3,0,0,0,3,3,3,ds6,,Starkes Baumholz,Starkes Baumholz_13,0,1,4.529,not_young,1008.9,Marbach LU
7964,5700,2,1,0,1,2,2,2,ds4,,Schwaches Baumholz,Schwaches Baumholz_6,0,1,0.57,not_young,1400.0,Marbach LU
7965,8750,2,1,0,1,2,2,2,ds5,,Mittleres Baumholz,Mittleres Baumholz_6,0,1,0.875,not_young,1386.4,Marbach LU
7966,15220,4,0,0,0,3,4,3,ds6,,Starkes Baumholz,Starkes Baumholz_6,0,1,1.522,not_young,1187.9,Wiggen
7967,7226,4,0,0,0,3,4,3,ds6,,Starkes Baumholz,Starkes Baumholz_6,0,1,0.723,not_young,1070.3,Marbach LU
7968,12000,2,1,0,1,2,2,2,ds1,,Jungwuchs/Dickung,Jungwuchs/Dickung_10,0,1,1.2,young,1497.2,Marbach LU
7969,6276,4,0,0,0,3,4,3,ds4,,Schwaches Baumholz,Schwaches Baumholz_6,0,1,0.628,not_young,1169.5,Wiggen
7970,10095,1,1,2,3,1,1,1,ds4,,Schwaches Baumholz,Schwaches Baumholz_6,0,1,1.01,not_young,1406.6,Flühli LU
7971,7266,1,1,2,3,1,1,1,ds3,,Stangenholz,Stangenholz_6,0,1,0.727,not_young,1402.3,Flühli LU
7972,5000,2,1,0,1,2,2,2,ds4,,Schwaches Baumholz,Schwaches Baumholz_6,0,1,0.5,not_young,1296.7,Marbach LU
7973,22250,2,1,0,1,2,2,2,ds5,,Mittleres Baumholz,Mittleres Baumholz_10,0,1,2.225,not_young,1516.2,Flühli LU
7974,8985,3,0,0,0,3,3,3,ds3,,Stangenholz,Stangenholz_6,0,1,0.899,not_young,1166.1,Flühli LU
7975,17124,1,1,2,3,1,1,1,ds5,,Mittleres Baumholz,Mittleres Baumholz_6,0,1,1.712,not_young,1360.3,Flühli LU
7976,6464,2,1,0,1,2,2,2,ds5,,Mittleres Baumholz,Mittleres Baumholz_6,0,1,0.646,not_young,1264.4,Sörenberg
7977,6750,2,1,0,1,2,2,2,ds5,,Mittleres Baumholz,Mittleres Baumholz_6,0,1,0.675,not_young,1415.0,Marbach LU
7978,7095,3,0,0,0,3,4,3,ds4,,Schwaches Baumholz,Schwaches Baumholz_6,0,1,0.71,not_young,1402.5,Wiggen
7979,32044,3,0,0,0,3,3,3,ds1,,Jungwuchs/Dickung,Jungwuchs/Dickung_10,0,1,3.204,young,1468.0,Wiggen
7980,5550,2,1,0,1,2,2,2,ds2,,Jungwuchs/Dickung,Jungwuchs/Dickung_6,0,1,0.555,young,1391.0,Flühli LU
7981,5100,3,0,0,0,3,3,3,ds5,,Mittleres Baumholz,Mittleres Baumholz_6,0,1,0.51,not_young,1080.6,Marbach LU
7982,28741,2,1,0,1,2,2,2,ds6,,Starkes Baumholz,Starkes Baumholz_6,0,1,2.874,not_young,1161.5,Marbach LU
7983,8289,3,0,0,0,3,3,3,ds6,,Starkes Baumholz,Starkes Baumholz_6,0,1,0.829,not_young,1244.5,Marbach LU
7984,5704,4,0,0,0,3,4,3,ds2,,Jungwuchs/Dickung,Jungwuchs/Dickung_6,0,1,0.57,young,1211.1,Wiggen
7985,5487,3,0,0,0,3,4,3,ds4,,Schwaches Baumholz,Schwaches Baumholz_10,0,1,0.549,not_young,1550.4,Wiggen
7986,32114,3,0,0,0,3,3,3,ds6,,Starkes Baumholz,Starkes Baumholz_6,0,1,3.211,not_young,1058.4,Flühli LU
7987,23662,2,1,0,1,2,2,2,ds4,,Schwaches Baumholz,Schwaches Baumholz_8,0,1,2.366,not_young,1643.6,Flühli LU
7988,13050,2,1,0,1,2,2,2,ds5,,Mittleres Baumholz,Mittleres Baumholz_6,0,1,1.305,not_young,1451.3,Marbach LU
7989,7061,3,0,0,0,3,3,3,ds6,,Starkes Baumholz,Starkes Baumholz_6,0,1,0.706,not_young,1149.8,Flühli LU
7990,6477,2,1,0,1,2,2,2,ds2,,Jungwuchs/Dickung,Jungwuchs/Dickung_6,0,1,0.648,young,1412.8,Marbach LU
7991,15850,2,1,0,1,2,2,2,ds5,,Mittleres Baumholz,Mittleres Baumholz_10,0,1,1.585,not_young,1444.6,Flühli LU
7992,6057,1,1,2,3,1,1,1,ds5,,Mittleres Baumholz,Mittleres Baumholz_10,0,1,0.606,not_young,1441.9,Flühli LU
7993,12232,3,0,0,0,3,3,3,ds6,,Starkes Baumholz,Starkes Baumholz_13,0,1,1.223,not_young,979.7,Marbach LU
7994,13021,3,0,0,0,3,3,3,ds5,,Mittleres Baumholz,Mittleres Baumholz_6,0,1,1.302,not_young,1382.7,Sörenberg
7995,16472,3,0,0,0,3,3,3,ds4,,Schwaches Baumholz,Schwaches Baumholz_6,0,1,1.647,not_young,1154.8,Flühli LU
7996,5653,3,0,0,0,3,3,3,ds5,,Mittleres Baumholz,Mittleres Baumholz_6,0,1,0.565,not_young,1172.1,Marbach LU
7997,14150,2,1,0,1,2,2,2,ds5,,Mittleres Baumholz,Mittleres Baumholz_6,0,1,1.415,not_young,1252.9,Marbach LU
7998,6972,3,0,0,0,3,3,3,ds2,,Jungwuchs/Dickung,Jungwuchs/Dickung_6,0,1,0.697,young,1448.2,Wiggen
7999,9400,2,1,0,1,2,2,2,ds1,,Jungwuchs/Dickung,Jungwuchs/Dickung_8,0,1,0.94,young,1583.5,Flühli LU
8000,5846,2,1,0,1,2,2,2,ds5,,Mittleres Baumholz,Mittleres Baumholz_13,0,1,0.585,not_young,1026.8,Marbach LU
8001,7224,3,0,0,0,3,3,3,ds3,,Stangenholz,Stangenholz_6,0,1,0.722,not_young,1086.8,Marbach LU
8002,8000,2,1,0,1,2,2,2,ds5,,Mittleres Baumholz,Mittleres Baumholz_6,0,1,0.8,not_young,1402.9,Marbach LU
8003,5396,4,0,0,0,3,4,3,ds4,,Schwaches Baumholz,Schwaches Baumholz_6,0,1,0.54,not_young,1109.5,Marbach LU
8004,7350,4,0,0,0,3,4,3,ds4,,Schwaches Baumholz,Schwaches Baumholz_6,0,1,0.735,not_young,1317.1,Wiggen
8005,8834,1,1,2,3,1,1,1,ds4,,Schwaches Baumholz,Schwaches Baumholz_6,0,1,0.883,not_young,1417.8,Flühli LU
8006,6389,3,0,0,0,3,3,3,ds6,,Starkes Baumholz,Starkes Baumholz_6,0,1,0.639,not_young,1118.4,Marbach LU
8007,14650,2,1,0,1,2,2,2,ds5,,Mittleres Baumholz,Mittleres Baumholz_6,0,1,1.465,not_young,1322.3,Marbach LU
8008,5659,3,0,0,0,3,3,3,ds3,,Stangenholz,Stangenholz_10,0,1,0.566,not_young,1544.0,Wiggen
8009,5850,2,1,0,1,2,2,2,ds5,,Mittleres Baumholz,Mittleres Baumholz_6,0,1,0.585,not_young,1377.5,Marbach LU
8010,14600,2,1,0,1,2,2,2,ds1,,Jungwuchs/Dickung,Jungwuchs/Dickung_10,0,1,1.46,young,1457.9,Marbach LU
8011,5541,3,0,0,0,3,4,3,ds6,,Starkes Baumholz,Starkes Baumholz_6,0,1,0.554,not_young,1198.9,Wiggen
8012,6783,3,0,0,0,3,3,3,ds6,,Starkes Baumholz,Starkes Baumholz_6,0,1,0.678,not_young,1127.1,Sörenberg
8013,5990,3,0,0,0,3,4,3,ds6,,Starkes Baumholz,Starkes Baumholz_6,0,1,0.599,not_young,1092.8,Marbach LU
8014,5006,4,0,0,0,3,4,3,ds5,,Mittleres Baumholz,Mittleres Baumholz_6,0,1,0.501,not_young,1400.3,Wiggen
8015,8409,3,0,0,0,3,4,3,ds5,,Mittleres Baumholz,Mittleres Baumholz_6,0,1,0.841,not_young,1135.7,Marbach LU
8016,5300,2,1,0,1,2,2,2,ds4,,Schwaches Baumholz,Schwaches Baumholz_6,0,1,0.53,not_young,1326.8,Marbach LU
8017,9424,2,1,0,1,2,2,2,ds3,,Stangenholz,Stangenholz_8,0,1,0.942,not_young,1679.6,Flühli LU
8018,6650,2,1,0,1,2,2,2,ds5,,Mittleres Baumholz,Mittleres Baumholz_6,0,1,0.665,not_young,1289.5,Marbach LU
8019,51235,4,0,0,0,3,4,3,ds5,,Mittleres Baumholz,Mittleres Baumholz_6,0,1,5.124,not_young,1308.3,Wiggen
8020,13249,2,1,0,1,2,2,2,ds5,,Mittleres Baumholz,Mittleres Baumholz_6,0,1,1.325,not_young,1279.7,Flühli LU
8021,29215,2,1,0,1,2,2,2,ds4,,Schwaches Baumholz,Schwaches Baumholz_10,0,1,2.922,not_young,1476.5,Flühli LU
8023,6250,2,1,0,1,2,2,2,ds5,,Mittleres Baumholz,Mittleres Baumholz_6,0,1,0.625,not_young,1442.1,Marbach LU
8024,10202,4,0,0,0,3,4,3,ds5,,Mittleres Baumholz,Mittleres Baumholz_6,0,1,1.02,not_young,1265.0,Wiggen
8025,44500,4,0,0,0,3,4,3,ds6,,Starkes Baumholz,Starkes Baumholz_6,0,1,4.45,not_young,1420.8,Wiggen
8026,29950,2,1,0,1,2,2,2,ds1,,Jungwuchs/Dickung,Jungwuchs/Dickung_10,0,1,2.995,young,1487.5,Marbach LU
8027,9301,1,1,2,3,1,1,1,ds4,,Schwaches Baumholz,Schwaches Baumholz_6,0,1,0.93,not_young,1370.9,Flühli LU
8028,16500,2,1,0,1,2,2,2,ds6,,Starkes Baumholz,Starkes Baumholz_6,0,1,1.65,not_young,1423.0,Marbach LU
8029,5800,2,1,0,1,2,2,2,ds6,,Starkes Baumholz,Starkes Baumholz_6,0,1,0.58,not_young,1319.8,Marbach LU
8030,6408,2,1,0,1,2,2,1,ds3,,Stangenholz,Stangenholz_10,0,1,0.641,not_young,1429.0,Flühli LU
8031,5400,2,1,0,1,2,2,2,ds5,,Mittleres Baumholz,Mittleres Baumholz_6,0,1,0.54,not_young,1348.1,Marbach LU
8032,10850,3,0,0,0,3,3,3,ds6,,Starkes Baumholz,Starkes Baumholz_6,0,1,1.085,not_young,1083.1,Flühli LU
8033,19499,3,0,0,0,3,3,3,ds6,,Starkes Baumholz,Starkes Baumholz_6,0,1,1.95,not_young,1075.6,Marbach LU
8034,12050,2,1,0,1,2,2,2,ds3,,Stangenholz,Stangenholz_6,0,1,1.205,not_young,1329.3,Marbach LU
8035,16467,2,1,0,1,2,2,2,ds6,,Starkes Baumholz,Starkes Baumholz_6,0,1,1.647,not_young,1347.4,Marbach LU
8036,6464,3,0,0,0,3,4,3,ds5,,Mittleres Baumholz,Mittleres Baumholz_6,0,1,0.646,not_young,1193.9,Wiggen
8037,16710,3,0,0,0,3,3,3,ds4,,Schwaches Baumholz,Schwaches Baumholz_10,0,1,1.671,not_young,1540.6,Sörenberg
8038,155249,4,0,0,0,3,4,3,ds6,,Starkes Baumholz,Starkes Baumholz_6,0,1,15.525,not_young,1080.0,Marbach LU
8040,5700,3,0,0,0,3,4,3,ds5,,Mittleres Baumholz,Mittleres Baumholz_6,0,1,0.57,not_young,1361.8,Wiggen
8041,11450,2,1,0,1,2,2,2,ds5,,Mittleres Baumholz,Mittleres Baumholz_8,0,1,1.145,not_young,1658.7,Flühli LU
8042,5750,2,1,0,1,2,2,2,ds4,,Schwaches Baumholz,Schwaches Baumholz_6,0,1,0.575,not_young,1333.4,Sörenberg
8043,28336,3,0,0,0,3,3,3,ds6,,Starkes Baumholz,Starkes Baumholz_6,0,1,2.834,not_young,1069.8,Flühli LU
8044,7749,3,0,0,0,3,3,3,ds5,,Mittleres Baumholz,Mittleres Baumholz_6,0,1,0.775,not_young,1126.0,Flühli LU
8045,331933,2,1,0,1,2,2,2,ds6,,Starkes Baumholz,Starkes Baumholz_6,0,1,33.193,not_young,1339.4,Marbach LU
8046,26917,3,0,0,0,3,3,3,ds6,,Starkes Baumholz,Starkes Baumholz_10,0,1,2.692,not_young,1501.0,Wiggen
8047,7100,2,1,0,1,2,2,2,ds5,,Mittleres Baumholz,Mittleres Baumholz_6,0,1,0.71,not_young,1215.3,Sörenberg
8048,6421,3,0,0,0,3,3,3,ds1,,Jungwuchs/Dickung,Jungwuchs/Dickung_6,0,1,0.642,young,1238.1,Marbach LU
8049,14600,2,1,0,1,2,2,2,ds5,,Mittleres Baumholz,Mittleres Baumholz_6,0,1,1.46,not_young,1196.2,Marbach LU
8050,25084,2,1,0,1,2,2,2,ds4,,Schwaches Baumholz,Schwaches Baumholz_6,0,1,2.508,not_young,1316.7,Sörenberg
8051,5213,3,0,0,0,3,3,3,ds3,,Stangenholz,Stangenholz_6,0,1,0.521,not_young,1235.3,Flühli LU
8052,11400,4,0,0,0,3,4,3,ds4,,Schwaches Baumholz,Schwaches Baumholz_6,0,1,1.14,not_young,1302.8,Wiggen
8053,5648,3,0,0,0,3,4,3,ds2,,Jungwuchs/Dickung,Jungwuchs/Dickung_6,0,1,0.565,young,1408.2,Wiggen
8054,5322,3,0,0,0,3,3,3,ds2,,Jungwuchs/Dickung,Jungwuchs/Dickung_6,0,1,0.532,young,1152.2,Flühli LU
8055,5768,2,1,0,1,2,2,2,ds4,,Schwaches Baumholz,Schwaches Baumholz_8,0,1,0.577,not_young,1629.7,Flühli LU
8056,6521,3,0,0,0,3,3,3,ds3,,Stangenholz,Stangenholz_6,0,1,0.652,not_young,1162.8,Marbach LU
8057,11024,3,0,0,0,3,3,3,ds6,,Starkes Baumholz,Starkes Baumholz_13,0,1,1.102,not_young,1009.1,Marbach LU
8058,5941,3,0,0,0,3,3,3,ds5,,Mittleres Baumholz,Mittleres Baumholz_6,0,1,0.594,not_young,1021.6,Flühli LU
8059,9120,3,0,0,0,3,3,3,ds6,,Starkes Baumholz,Starkes Baumholz_6,0,1,0.912,not_young,1158.6,Marbach LU
8060,5350,2,1,0,1,2,2,2,ds3,,Stangenholz,Stangenholz_6,0,1,0.535,not_young,1213.6,Sörenberg
8061,8450,2,1,0,1,2,2,2,ds5,,Mittleres Baumholz,Mittleres Baumholz_6,0,1,0.845,not_young,1450.4,Marbach LU
8062,5582,3,0,0,0,3,3,3,ds1,,Jungwuchs/Dickung,Jungwuchs/Dickung_5,0,1,0.558,young,1710.0,Wiggen
8063,6150,2,1,0,1,2,2,2,ds4,,Schwaches Baumholz,Schwaches Baumholz_6,0,1,0.615,not_young,1381.7,Flühli LU
8064,6200,2,1,0,1,2,2,2,ds5,,Mittleres Baumholz,Mittleres Baumholz_6,0,1,0.62,not_young,1303.8,Marbach LU
8065,19293,3,0,0,0,3,3,3,ds5,,Mittleres Baumholz,Mittleres Baumholz_6,0,1,1.929,not_young,1090.5,Flühli LU
8066,38243,1,1,2,3,1,1,1,ds5,,Mittleres Baumholz,Mittleres Baumholz_10,0,1,3.824,not_young,1439.6,Flühli LU
8067,6750,3,0,0,0,3,3,3,ds6,,Starkes Baumholz,Starkes Baumholz_6,0,1,0.675,not_young,1094.6,Marbach LU
8068,17600,2,1,0,1,2,2,2,ds1,,Jungwuchs/Dickung,Jungwuchs/Dickung_6,0,1,1.76,young,1446.3,Marbach LU
8069,10725,2,1,0,1,2,2,2,ds3,,Stangenholz,Stangenholz_6,0,1,1.073,not_young,1344.2,Sörenberg
8070,11478,2,1,0,1,2,2,2,ds4,,Schwaches Baumholz,Schwaches Baumholz_6,0,1,1.148,not_young,1363.9,Flühli LU
8071,141484,2,1,0,1,2,2,2,ds6,,Starkes Baumholz,Starkes Baumholz_6,0,1,14.148,not_young,1206.3,Marbach LU
8072,30798,3,0,0,0,3,3,3,ds6,,Starkes Baumholz,Starkes Baumholz_6,0,1,3.08,not_young,1111.2,Marbach LU
8073,7700,2,1,0,1,2,2,2,ds5,,Mittleres Baumholz,Mittleres Baumholz_6,0,1,0.77,not_young,1339.6,Marbach LU
8074,8716,4,0,0,0,3,4,3,ds3,,Stangenholz,Stangenholz_6,0,1,0.872,not_young,1211.8,Marbach LU
8075,21664,2,1,0,1,2,2,2,ds3,,Stangenholz,Stangenholz_8,0,1,2.166,not_young,1645.5,Flühli LU
8076,9458,3,0,0,0,3,3,3,ds6,,Starkes Baumholz,Starkes Baumholz_6,0,1,0.946,not_young,1176.1,Marbach LU
8077,12000,2,1,0,1,2,2,2,ds6,,Starkes Baumholz,Starkes Baumholz_6,0,1,1.2,not_young,1231.2,Marbach LU
8078,19483,3,0,0,0,3,3,3,ds5,,Mittleres Baumholz,Mittleres Baumholz_8,0,1,1.948,not_young,1554.0,Wiggen
8079,5550,2,1,0,1,2,2,2,ds5,,Mittleres Baumholz,Mittleres Baumholz_6,0,1,0.555,not_young,1427.5,Marbach LU
8080,7376,4,0,0,0,3,4,3,ds6,,Starkes Baumholz,Starkes Baumholz_6,0,1,0.738,not_young,1133.8,Marbach LU
8081,9600,3,0,0,0,3,3,3,ds2,,Jungwuchs/Dickung,Jungwuchs/Dickung_6,0,1,0.96,young,1160.2,Flühli LU
8082,16950,2,1,0,1,2,2,2,ds1,,Jungwuchs/Dickung,Jungwuchs/Dickung_10,0,1,1.695,young,1479.2,Marbach LU
8083,6450,2,1,0,1,2,2,2,ds4,,Schwaches Baumholz,Schwaches Baumholz_6,0,1,0.645,not_young,1456.7,Marbach LU
8084,18385,2,1,0,1,2,2,2,ds6,,Starkes Baumholz,Starkes Baumholz_6,0,1,1.839,not_young,1406.5,Marbach LU
8085,7900,4,0,0,0,3,4,3,ds2,,Jungwuchs/Dickung,Jungwuchs/Dickung_6,0,1,0.79,young,1294.0,Marbach LU
8086,5046,4,0,0,0,3,4,3,ds2,,Jungwuchs/Dickung,Jungwuchs/Dickung_6,0,1,0.505,young,1222.9,Marbach LU
8087,5369,4,0,0,0,3,4,3,ds3,,Stangenholz,Stangenholz_8,0,1,0.537,not_young,1524.8,Wiggen
8088,17050,2,1,0,1,2,2,2,ds4,,Schwaches Baumholz,Schwaches Baumholz_10,0,1,1.705,not_young,1548.7,Flühli LU
8089,13063,3,0,0,0,3,4,3,ds6,,Starkes Baumholz,Starkes Baumholz_13,0,1,1.306,not_young,1014.0,Marbach LU
8090,10690,2,1,0,1,2,2,2,ds2,,Jungwuchs/Dickung,Jungwuchs/Dickung_6,0,1,1.069,young,1367.7,Marbach LU
8091,5317,3,0,0,0,3,3,3,ds4,,Schwaches Baumholz,Schwaches Baumholz_8,0,1,0.532,not_young,1672.3,Sörenberg
8092,5750,3,0,0,0,3,3,3,ds4,,Schwaches Baumholz,Schwaches Baumholz_6,0,1,0.575,not_young,1030.3,Flühli LU
8093,8300,2,1,0,1,2,2,2,ds3,,Stangenholz,Stangenholz_10,0,1,0.83,not_young,1496.0,Flühli LU
8094,6100,1,1,2,3,1,1,1,ds3,,Stangenholz,Stangenholz_10,0,1,0.61,not_young,1487.6,Flühli LU
8095,5100,4,0,0,0,3,4,3,ds2,,Jungwuchs/Dickung,Jungwuchs/Dickung_6,0,1,0.51,young,1244.5,Marbach LU
8096,8221,3,0,0,0,3,3,3,ds2,,Jungwuchs/Dickung,Jungwuchs/Dickung_8,0,1,0.822,young,1561.5,Wiggen
8097,6740,2,1,0,1,2,2,2,ds4,,Schwaches Baumholz,Schwaches Baumholz_6,0,1,0.674,not_young,1354.7,Sörenberg
8098,156059,2,1,0,1,2,2,2,ds6,,Starkes Baumholz,Starkes Baumholz_6,0,1,15.606,not_young,1311.5,Marbach LU
8099,6050,2,1,0,1,2,2,2,ds2,,Jungwuchs/Dickung,Jungwuchs/Dickung_10,0,1,0.605,young,1467.7,Marbach LU
8100,5205,2,1,0,1,2,2,2,ds3,,Stangenholz,Stangenholz_6,0,1,0.521,not_young,1271.9,Sörenberg
8101,25805,1,1,2,3,1,1,1,ds5,,Mittleres Baumholz,Mittleres Baumholz_10,0,1,2.58,not_young,1468.4,Flühli LU
8102,15333,1,1,2,3,1,1,1,ds5,,Mittleres Baumholz,Mittleres Baumholz_6,0,1,1.533,not_young,1416.5,Flühli LU
8103,13191,4,0,0,0,3,4,3,ds6,,Starkes Baumholz,Starkes Baumholz_6,0,1,1.319,not_young,1237.2,Wiggen
8104,15100,2,1,0,1,2,2,2,ds4,,Schwaches Baumholz,Schwaches Baumholz_6,0,1,1.51,not_young,1197.2,Sörenberg
8105,5557,1,1,2,3,1,1,1,ds3,,Stangenholz,Stangenholz_10,0,1,0.556,not_young,1491.1,Flühli LU
8106,9484,3,0,0,0,3,3,3,ds6,,Starkes Baumholz,Starkes Baumholz_6,0,1,0.948,not_young,1210.3,Marbach LU
8107,5000,2,1,0,1,2,2,2,ds2,,Jungwuchs/Dickung,Jungwuchs/Dickung_6,0,1,0.5,young,1243.2,Sörenberg
8108,8443,1,1,2,3,1,1,1,ds4,,Schwaches Baumholz,Schwaches Baumholz_8,0,1,0.844,not_young,1652.8,Flühli LU
8109,14013,1,1,2,3,1,1,1,ds4,,Schwaches Baumholz,Schwaches Baumholz_10,0,1,1.401,not_young,1535.7,Flühli LU
8110,7800,2,1,0,1,2,2,2,ds6,,Starkes Baumholz,Starkes Baumholz_6,0,1,0.78,not_young,1444.7,Marbach LU
8111,7303,2,1,0,1,2,2,1,ds3,,Stangenholz,Stangenholz_8,0,1,0.73,not_young,1642.8,Flühli LU
8112,10530,3,0,0,0,3,3,3,ds3,,Stangenholz,Stangenholz_8,0,1,1.053,not_young,1627.7,Sörenberg
8113,7592,3,0,0,0,3,3,3,ds3,,Stangenholz,Stangenholz_6,0,1,0.759,not_young,1157.0,Flühli LU
8114,10579,2,1,0,1,2,2,2,ds4,,Schwaches Baumholz,Schwaches Baumholz_10,0,1,1.058,not_young,1482.9,Marbach LU
8115,10354,2,1,0,1,2,2,2,ds2,,Jungwuchs/Dickung,Jungwuchs/Dickung_6,0,1,1.035,young,1154.4,Sörenberg
8116,5613,2,1,0,1,2,2,2,ds6,,Starkes Baumholz,Starkes Baumholz_6,0,1,0.561,not_young,979.7,Sörenberg
8117,9350,4,0,0,0,3,4,3,ds6,,Starkes Baumholz,Starkes Baumholz_6,0,1,0.935,not_young,1083.3,Marbach LU
8118,100750,2,1,0,1,2,2,2,ds6,,Starkes Baumholz,Starkes Baumholz_6,0,1,10.075,not_young,1440.3,Marbach LU
8119,5550,2,1,0,1,2,2,2,ds1,,Jungwuchs/Dickung,Jungwuchs/Dickung_6,0,1,0.555,young,1392.6,Marbach LU
8120,61400,2,1,0,1,2,2,2,ds6,,Starkes Baumholz,Starkes Baumholz_6,0,1,6.14,not_young,1409.4,Marbach LU
8121,7950,4,0,0,0,3,4,3,ds3,,Stangenholz,Stangenholz_6,0,1,0.795,not_young,1345.2,Marbach LU
8122,12597,3,0,0,0,3,4,3,ds6,,Starkes Baumholz,Starkes Baumholz_13,0,1,1.26,not_young,1006.7,Marbach LU
8123,12350,2,1,0,1,2,2,2,ds5,,Mittleres Baumholz,Mittleres Baumholz_6,0,1,1.235,not_young,1406.7,Marbach LU
8124,13221,3,0,0,0,3,3,3,ds5,,Mittleres Baumholz,Mittleres Baumholz_6,0,1,1.322,not_young,1396.9,Wiggen
8125,8022,2,1,0,1,2,2,2,ds4,,Schwaches Baumholz,Schwaches Baumholz_6,0,1,0.802,not_young,1211.4,Flühli LU
8126,13852,2,1,0,1,2,2,2,ds2,,Jungwuchs/Dickung,Jungwuchs/Dickung_6,0,1,1.385,young,1279.3,Flühli LU
8127,5300,3,0,0,0,3,3,3,ds6,,Starkes Baumholz,Starkes Baumholz_6,0,1,0.53,not_young,1359.2,Marbach LU
8128,7050,3,0,0,0,3,3,3,ds3,,Stangenholz,Stangenholz_6,0,1,0.705,not_young,1256.1,Marbach LU
8129,6923,3,0,0,0,3,3,3,ds5,,Mittleres Baumholz,Mittleres Baumholz_6,0,1,0.692,not_young,1347.0,Wiggen
8130,15118,3,0,0,0,3,3,3,ds4,,Schwaches Baumholz,Schwaches Baumholz_8,0,1,1.512,not_young,1593.0,Wiggen
8131,66214,3,0,0,0,3,3,3,ds5,,Mittleres Baumholz,Mittleres Baumholz_6,0,1,6.621,not_young,1321.4,Wiggen
8132,57963,2,1,0,1,2,2,2,ds5,,Mittleres Baumholz,Mittleres Baumholz_10,0,1,5.796,not_young,1414.2,Flühli LU
8133,12427,1,1,2,3,1,1,1,ds4,,Schwaches Baumholz,Schwaches Baumholz_10,0,1,1.243,not_young,1509.6,Flühli LU
8134,5750,2,1,0,1,2,2,2,ds5,,Mittleres Baumholz,Mittleres Baumholz_10,0,1,0.575,not_young,1445.3,Marbach LU
8135,10050,2,1,0,1,2,2,2,ds5,,Mittleres Baumholz,Mittleres Baumholz_6,0,1,1.005,not_young,1244.4,Sörenberg
8136,5635,2,1,0,1,2,2,2,ds3,,Stangenholz,Stangenholz_6,0,1,0.563,not_young,1202.7,Sörenberg
8137,5623,2,1,0,1,2,2,2,ds3,,Stangenholz,Stangenholz_6,0,1,0.562,not_young,1251.3,Flühli LU
8138,5650,3,0,0,0,3,3,3,ds6,,Starkes Baumholz,Starkes Baumholz_6,0,1,0.565,not_young,1324.3,Marbach LU
8139,5538,3,0,0,0,3,3,3,ds5,,Mittleres Baumholz,Mittleres Baumholz_6,0,1,0.554,not_young,1167.7,Flühli LU
8140,6950,3,0,0,0,3,3,3,ds6,,Starkes Baumholz,Starkes Baumholz_6,0,1,0.695,not_young,1276.1,Marbach LU
8141,5173,2,1,0,1,2,2,2,ds6,,Starkes Baumholz,Starkes Baumholz_6,0,1,0.517,not_young,1002.2,Flühli LU
8142,8950,2,1,0,1,2,2,2,ds3,,Stangenholz,Stangenholz_10,0,1,0.895,not_young,1457.4,Flühli LU
8143,9935,2,1,0,1,2,2,2,ds5,,Mittleres Baumholz,Mittleres Baumholz_10,0,1,0.993,not_young,1447.3,Marbach LU
8144,12206,3,0,0,0,3,3,3,ds4,,Schwaches Baumholz,Schwaches Baumholz_10,0,1,1.221,not_young,1583.8,Sörenberg
8145,12976,1,0,2,2,1,1,1,ds5,,Mittleres Baumholz,Mittleres Baumholz_10,0,1,1.298,not_young,1553.3,Flühli LU
8146,7855,2,1,0,1,2,2,2,ds4,,Schwaches Baumholz,Schwaches Baumholz_6,0,1,0.785,not_young,1248.5,Flühli LU
8147,24408,2,1,0,1,2,2,2,ds6,,Starkes Baumholz,Starkes Baumholz_13,0,1,2.441,not_young,1005.4,Marbach LU
8148,5300,3,0,0,0,3,3,3,ds3,,Stangenholz,Stangenholz_6,0,1,0.53,not_young,1393.9,Marbach LU
8149,14934,3,0,0,0,3,3,3,ds5,,Mittleres Baumholz,Mittleres Baumholz_6,0,1,1.493,not_young,1174.2,Flühli LU
8150,7963,3,0,0,0,3,3,3,ds4,,Schwaches Baumholz,Schwaches Baumholz_10,0,1,0.796,not_young,1512.2,Sörenberg
8151,5450,2,1,0,1,2,2,2,ds2,,Jungwuchs/Dickung,Jungwuchs/Dickung_10,0,1,0.545,young,1537.2,Flühli LU
8152,6250,2,1,0,1,2,2,2,ds4,,Schwaches Baumholz,Schwaches Baumholz_8,0,1,0.625,not_young,1603.1,Flühli LU
8153,13071,1,1,2,3,1,1,1,ds3,,Stangenholz,Stangenholz_8,0,1,1.307,not_young,1630.0,Flühli LU
8154,5864,1,1,2,3,1,1,1,ds4,,Schwaches Baumholz,Schwaches Baumholz_8,0,1,0.586,not_young,1624.1,Flühli LU
8155,6687,1,1,2,3,1,1,1,ds4,,Schwaches Baumholz,Schwaches Baumholz_10,0,1,0.669,not_young,1535.4,Flühli LU
8156,15088,1,1,2,3,1,1,1,ds3,,Stangenholz,Stangenholz_10,0,1,1.509,not_young,1507.7,Flühli LU
8157,8330,1,1,2,3,1,1,1,ds4,,Schwaches Baumholz,Schwaches Baumholz_10,0,1,0.833,not_young,1453.3,Flühli LU
8158,34953,4,0,0,0,3,4,3,ds6,,Starkes Baumholz,Starkes Baumholz_13,0,1,3.495,not_young,1036.5,Marbach LU
8159,8300,3,0,0,0,3,3,3,ds4,,Schwaches Baumholz,Schwaches Baumholz_6,0,1,0.83,not_young,1257.3,Marbach LU
8160,48619,3,0,0,0,3,3,3,ds5,,Mittleres Baumholz,Mittleres Baumholz_10,0,1,4.862,not_young,1583.4,Sörenberg
8161,8966,2,1,0,1,2,2,2,ds6,,Starkes Baumholz,Starkes Baumholz_6,0,1,0.897,not_young,1008.7,Flühli LU
8162,6800,4,0,0,0,3,4,3,ds5,,Mittleres Baumholz,Mittleres Baumholz_6,0,1,0.68,not_young,1327.7,Marbach LU
8163,6132,3,0,0,0,3,3,3,ds5,,Mittleres Baumholz,Mittleres Baumholz_6,0,1,0.613,not_young,1217.0,Flühli LU
8164,15550,2,1,0,1,2,2,1,ds3,,Stangenholz,Stangenholz_8,0,1,1.555,not_young,1627.7,Flühli LU
8165,14099,2,1,0,1,2,2,2,ds5,,Mittleres Baumholz,Mittleres Baumholz_10,0,1,1.41,not_young,1463.4,Marbach LU
8166,7616,3,0,0,0,3,4,3,ds5,,Mittleres Baumholz,Mittleres Baumholz_6,0,1,0.762,not_young,1462.1,Marbach LU
8167,6950,3,0,0,0,3,4,3,ds3,,Stangenholz,Stangenholz_6,0,1,0.695,not_young,1342.5,Marbach LU
8168,6900,3,0,0,0,3,3,3,ds3,,Stangenholz,Stangenholz_6,0,1,0.69,not_young,1201.7,Flühli LU
8169,10350,2,1,0,1,2,2,2,ds3,,Stangenholz,Stangenholz_6,0,1,1.035,not_young,1381.3,Marbach LU
8170,10500,2,1,0,1,2,2,2,ds5,,Mittleres Baumholz,Mittleres Baumholz_6,0,1,1.05,not_young,1395.3,Flühli LU
8171,5150,2,1,0,1,2,2,2,ds4,,Schwaches Baumholz,Schwaches Baumholz_10,0,1,0.515,not_young,1488.2,Flühli LU
8172,5250,3,0,0,0,3,4,3,ds4,,Schwaches Baumholz,Schwaches Baumholz_6,0,1,0.525,not_young,1448.6,Marbach LU
8173,5800,3,0,0,0,3,3,3,ds4,,Schwaches Baumholz,Schwaches Baumholz_6,0,1,0.58,not_young,1119.2,Sörenberg
8174,5401,3,0,0,0,3,3,3,ds5,,Mittleres Baumholz,Mittleres Baumholz_6,0,1,0.54,not_young,1147.7,Marbach LU
8175,13129,2,1,0,1,2,2,2,ds6,,Starkes Baumholz,Starkes Baumholz_6,0,1,1.313,not_young,1035.7,Marbach LU
8176,34608,2,1,0,1,2,2,2,ds6,,Starkes Baumholz,Starkes Baumholz_10,0,1,3.461,not_young,1444.6,Marbach LU
8177,6896,2,1,0,1,2,2,2,ds3,,Stangenholz,Stangenholz_6,0,1,0.69,not_young,1295.4,Flühli LU
8178,5610,3,0,0,0,3,3,3,ds6,,Starkes Baumholz,Starkes Baumholz_6,0,1,0.561,not_young,1089.4,Marbach LU
8179,7143,3,0,0,0,3,3,3,ds4,,Schwaches Baumholz,Schwaches Baumholz_10,0,1,0.714,not_young,1516.8,Sörenberg
8180,6348,1,1,2,3,1,1,1,ds4,,Schwaches Baumholz,Schwaches Baumholz_8,0,1,0.635,not_young,1615.7,Flühli LU
8181,7804,2,1,0,1,2,2,2,ds5,,Mittleres Baumholz,Mittleres Baumholz_6,0,1,0.78,not_young,1433.1,Marbach LU
8182,25321,2,1,0,1,2,2,2,ds6,,Starkes Baumholz,Starkes Baumholz_13,0,1,2.532,not_young,1006.8,Marbach LU
8183,7300,3,0,0,0,3,4,3,ds1,,Jungwuchs/Dickung,Jungwuchs/Dickung_6,0,1,0.73,young,1430.0,Marbach LU
8184,12911,3,0,0,0,3,3,3,ds3,,Stangenholz,Stangenholz_6,0,1,1.291,not_young,1215.8,Sörenberg
8185,8784,3,0,0,0,3,4,3,ds4,,Schwaches Baumholz,Schwaches Baumholz_6,0,1,0.878,not_young,1332.9,Marbach LU
8186,62234,2,1,0,1,2,2,2,ds5,,Mittleres Baumholz,Mittleres Baumholz_6,0,1,6.223,not_young,1229.5,Marbach LU
8187,5950,2,1,0,1,2,2,2,ds3,,Stangenholz,Stangenholz_10,0,1,0.595,not_young,1429.0,Flühli LU
8188,8950,3,0,0,0,3,3,3,ds6,,Starkes Baumholz,Starkes Baumholz_13,0,1,0.895,not_young,1025.5,Marbach LU
8189,12150,4,0,0,0,3,4,3,ds5,,Mittleres Baumholz,Mittleres Baumholz_6,0,1,1.215,not_young,1376.7,Marbach LU
8190,34718,4,0,0,0,3,4,3,ds6,,Starkes Baumholz,Starkes Baumholz_6,0,1,3.472,not_young,1286.7,Marbach LU
8191,12417,2,1,0,1,2,2,2,ds5,,Mittleres Baumholz,Mittleres Baumholz_6,0,1,1.242,not_young,1032.5,Flühli LU
8192,8250,3,0,0,0,3,3,3,ds3,,Stangenholz,Stangenholz_8,0,1,0.825,not_young,1648.8,Sörenberg
8193,6504,2,1,0,1,2,2,2,ds5,,Mittleres Baumholz,Mittleres Baumholz_6,0,1,0.65,not_young,992.3,Sörenberg
8194,5105,3,0,0,0,3,3,3,ds2,,Jungwuchs/Dickung,Jungwuchs/Dickung_6,0,1,0.51,young,1324.2,Flühli LU
8195,70253,2,1,0,1,2,2,2,ds6,,Starkes Baumholz,Starkes Baumholz_6,0,1,7.025,not_young,1398.2,Marbach LU
8196,5189,3,0,0,0,3,3,3,ds4,,Schwaches Baumholz,Schwaches Baumholz_6,0,1,0.519,not_young,1163.2,Marbach LU
8197,7095,3,0,0,0,3,3,3,ds3,,Stangenholz,Stangenholz_6,0,1,0.71,not_young,1239.0,Flühli LU
8198,16267,3,0,0,0,3,3,3,ds6,,Starkes Baumholz,Starkes Baumholz_6,0,1,1.627,not_young,1256.1,Flühli LU
8199,6950,2,1,0,1,2,2,2,ds5,,Mittleres Baumholz,Mittleres Baumholz_10,0,1,0.695,not_young,1473.9,Flühli LU
8200,11200,1,1,2,3,1,1,1,ds4,,Schwaches Baumholz,Schwaches Baumholz_8,0,1,1.12,not_young,1626.2,Flühli LU
8201,5616,3,0,0,0,3,3,3,ds2,,Jungwuchs/Dickung,Jungwuchs/Dickung_10,0,1,0.562,young,1526.8,Flühli LU
8202,10438,3,0,0,0,3,3,3,ds6,,Starkes Baumholz,Starkes Baumholz_6,0,1,1.044,not_young,1184.1,Marbach LU
8203,5350,2,1,0,1,2,2,2,ds2,,Jungwuchs/Dickung,Jungwuchs/Dickung_6,0,1,0.535,young,1398.6,Flühli LU
8204,77450,3,0,0,0,3,3,3,ds5,,Mittleres Baumholz,Mittleres Baumholz_6,0,1,7.745,not_young,1290.1,Marbach LU
8205,11551,2,1,0,1,2,2,2,ds6,,Starkes Baumholz,Starkes Baumholz_6,0,1,1.155,not_young,1033.8,Flühli LU
8206,13782,2,1,0,1,2,2,2,ds6,,Starkes Baumholz,Starkes Baumholz_6,0,1,1.378,not_young,1331.2,Marbach LU
8207,67031,2,1,0,1,2,2,2,ds5,,Mittleres Baumholz,Mittleres Baumholz_6,0,1,6.703,not_young,1426.4,Marbach LU
8208,8450,4,0,0,0,3,4,3,ds1,,Jungwuchs/Dickung,Jungwuchs/Dickung_6,0,1,0.845,young,1461.0,Marbach LU
8209,6700,4,0,0,0,3,4,3,ds5,,Mittleres Baumholz,Mittleres Baumholz_6,0,1,0.67,not_young,1360.1,Marbach LU
8210,5105,3,0,0,0,3,3,3,ds5,,Mittleres Baumholz,Mittleres Baumholz_6,0,1,0.511,not_young,1152.1,Sörenberg
8211,7550,2,1,0,1,2,2,2,ds5,,Mittleres Baumholz,Mittleres Baumholz_6,0,1,0.755,not_young,1289.5,Flühli LU
8212,14200,3,0,0,0,3,4,3,ds5,,Mittleres Baumholz,Mittleres Baumholz_6,0,1,1.42,not_young,1400.7,Marbach LU
8213,5000,2,1,0,1,2,2,2,ds3,,Stangenholz,Stangenholz_6,0,1,0.5,not_young,1402.2,Flühli LU
8214,18400,2,1,0,1,2,2,1,ds2,,Jungwuchs/Dickung,Jungwuchs/Dickung_8,0,1,1.84,young,1685.7,Flühli LU
8215,91756,3,0,0,0,3,3,3,ds6,,Starkes Baumholz,Starkes Baumholz_6,0,1,9.176,not_young,1140.9,Marbach LU
8216,8450,3,0,0,0,3,4,3,ds2,,Jungwuchs/Dickung,Jungwuchs/Dickung_6,0,1,0.845,young,1311.7,Marbach LU
8217,14550,3,0,0,0,3,3,3,ds2,,Jungwuchs/Dickung,Jungwuchs/Dickung_6,0,1,1.455,young,1292.2,Sörenberg
8218,5600,4,0,0,0,3,4,3,ds3,,Stangenholz,Stangenholz_8,0,1,0.56,not_young,1517.2,Marbach LU
8219,8359,3,0,0,0,3,3,3,ds2,,Jungwuchs/Dickung,Jungwuchs/Dickung_6,0,1,0.836,young,1189.4,Sörenberg
8220,5456,1,1,2,3,1,1,1,ds3,,Stangenholz,Stangenholz_8,0,1,0.546,not_young,1645.4,Flühli LU
8221,16831,3,0,0,0,3,3,3,ds6,,Starkes Baumholz,Starkes Baumholz_13,0,1,1.683,not_young,967.6,Marbach LU
8222,29413,3,0,0,0,3,3,3,ds5,,Mittleres Baumholz,Mittleres Baumholz_6,0,1,2.941,not_young,1407.4,Sörenberg
8223,5105,2,1,0,1,2,2,2,ds5,,Mittleres Baumholz,Mittleres Baumholz_6,0,1,0.511,not_young,1230.2,Flühli LU
8224,14800,2,1,0,1,2,2,2,ds4,,Schwaches Baumholz,Schwaches Baumholz_10,0,1,1.48,not_young,1542.5,Flühli LU
8225,6000,4,0,0,0,3,4,3,ds6,,Starkes Baumholz,Starkes Baumholz_6,0,1,0.6,not_young,1226.7,Marbach LU
8226,18624,2,1,0,1,2,2,2,ds4,,Schwaches Baumholz,Schwaches Baumholz_10,0,1,1.862,not_young,1526.3,Marbach LU
8227,74085,1,1,2,3,1,1,1,ds2,,Jungwuchs/Dickung,Jungwuchs/Dickung_8,0,1,7.409,young,1685.8,Flühli LU
8228,96772,3,0,0,0,3,3,3,ds6,,Starkes Baumholz,Starkes Baumholz_6,0,1,9.677,not_young,1109.7,Flühli LU
8229,7621,3,0,0,0,3,3,3,ds5,,Mittleres Baumholz,Mittleres Baumholz_6,0,1,0.762,not_young,1158.5,Flühli LU
8230,22160,3,0,0,0,3,3,3,ds4,,Schwaches Baumholz,Schwaches Baumholz_6,0,1,2.216,not_young,1341.2,Sörenberg
8231,16131,3,0,0,0,3,3,3,ds4,,Schwaches Baumholz,Schwaches Baumholz_8,0,1,1.613,not_young,1608.8,Sörenberg
8232,5362,3,0,0,0,3,3,3,ds5,,Mittleres Baumholz,Mittleres Baumholz_6,0,1,0.536,not_young,1412.5,Sörenberg
8233,7700,3,0,0,0,3,4,3,ds6,,Starkes Baumholz,Starkes Baumholz_6,0,1,0.77,not_young,1271.5,Marbach LU
8234,13150,2,1,0,1,2,2,2,ds2,,Jungwuchs/Dickung,Jungwuchs/Dickung_6,0,1,1.315,young,1409.4,Marbach LU
8235,29469,3,0,0,0,3,3,3,ds4,,Schwaches Baumholz,Schwaches Baumholz_8,0,1,2.947,not_young,1600.9,Sörenberg
8236,5264,2,1,0,1,2,2,2,ds6,,Starkes Baumholz,Starkes Baumholz_6,0,1,0.526,not_young,1017.5,Sörenberg
8237,6353,2,1,0,1,2,2,2,ds4,,Schwaches Baumholz,Schwaches Baumholz_6,0,1,0.635,not_young,1103.6,Marbach LU
8238,6433,4,0,0,0,3,4,3,ds5,,Mittleres Baumholz,Mittleres Baumholz_6,0,1,0.643,not_young,1311.6,Wiggen
8239,6002,3,0,0,0,3,3,3,ds3,,Stangenholz,Stangenholz_6,0,1,0.6,not_young,1323.7,Sörenberg
8240,36000,2,1,0,1,2,2,2,ds3,,Stangenholz,Stangenholz_8,0,1,3.6,not_young,1626.5,Flühli LU
8241,14750,1,1,2,3,1,1,1,ds3,,Stangenholz,Stangenholz_8,0,1,1.475,not_young,1666.6,Flühli LU
8243,8422,2,1,0,1,2,2,2,ds4,,Schwaches Baumholz,Schwaches Baumholz_13,0,1,0.842,not_young,984.5,Marbach LU
8244,27116,2,1,0,1,2,2,2,ds5,,Mittleres Baumholz,Mittleres Baumholz_8,0,1,2.712,not_young,1541.6,Marbach LU
8245,5050,4,0,0,0,3,4,3,ds4,,Schwaches Baumholz,Schwaches Baumholz_6,0,1,0.505,not_young,1302.6,Marbach LU
8246,9182,2,1,0,1,2,2,2,ds5,,Mittleres Baumholz,Mittleres Baumholz_6,0,1,0.918,not_young,1033.2,Flühli LU
8247,24022,1,1,2,3,1,1,1,ds2,,Jungwuchs/Dickung,Jungwuchs/Dickung_8,0,1,2.402,young,1660.8,Flühli LU
8248,6300,4,0,0,0,3,4,3,ds5,,Mittleres Baumholz,Mittleres Baumholz_6,0,1,0.63,not_young,1441.8,Marbach LU
8249,22701,4,0,0,0,3,4,3,ds6,,Starkes Baumholz,Starkes Baumholz_6,0,1,2.27,not_young,1280.5,Marbach LU
8250,5207,4,0,0,0,3,4,3,ds1,,Jungwuchs/Dickung,Jungwuchs/Dickung_6,0,1,0.521,young,1278.1,Wiggen
8251,6428,3,0,0,0,3,3,3,ds5,,Mittleres Baumholz,Mittleres Baumholz_6,0,1,0.643,not_young,1155.3,Flühli LU
8252,18405,3,0,0,0,3,4,3,ds6,,Starkes Baumholz,Starkes Baumholz_6,0,1,1.84,not_young,1368.0,Marbach LU
8253,9425,2,1,0,1,2,2,2,ds6,,Starkes Baumholz,Starkes Baumholz_13,0,1,0.943,not_young,988.7,Marbach LU
8254,7000,4,0,0,0,3,4,3,ds1,,Jungwuchs/Dickung,Jungwuchs/Dickung_6,0,1,0.7,young,1422.9,Marbach LU
8255,6261,3,0,0,0,3,3,3,ds2,,Jungwuchs/Dickung,Jungwuchs/Dickung_6,0,1,0.626,young,1262.7,Sörenberg
8256,6852,2,1,0,1,2,2,2,ds6,,Starkes Baumholz,Starkes Baumholz_6,0,1,0.685,not_young,1060.7,Marbach LU
8257,8313,2,1,0,1,2,2,2,ds5,,Mittleres Baumholz,Mittleres Baumholz_13,0,1,0.831,not_young,1013.3,Marbach LU
8258,7650,4,0,0,0,3,4,3,ds4,,Schwaches Baumholz,Schwaches Baumholz_6,0,1,0.765,not_young,1425.9,Marbach LU
8259,5400,2,1,0,1,2,2,2,ds3,,Stangenholz,Stangenholz_6,0,1,0.54,not_young,1263.0,Flühli LU
8260,13650,3,0,0,0,3,3,3,ds1,,Jungwuchs/Dickung,Jungwuchs/Dickung_10,0,1,1.365,young,1473.4,Marbach LU
8261,5576,3,0,0,0,3,3,3,ds3,,Stangenholz,Stangenholz_6,0,1,0.558,not_young,1113.3,Sörenberg
8262,26229,2,1,0,1,2,2,2,ds6,,Starkes Baumholz,Starkes Baumholz_13,0,1,2.623,not_young,966.9,Marbach LU
8263,10200,2,1,0,1,2,2,2,ds2,,Jungwuchs/Dickung,Jungwuchs/Dickung_6,0,1,1.02,young,1344.9,Flühli LU
8264,7753,2,1,0,1,2,2,2,ds6,,Starkes Baumholz,Starkes Baumholz_13,0,1,0.775,not_young,986.1,Marbach LU
8265,6050,2,1,0,1,2,2,2,ds6,,Starkes Baumholz,Starkes Baumholz_6,0,1,0.605,not_young,1227.6,Marbach LU
8266,9892,3,0,0,0,3,3,3,ds4,,Schwaches Baumholz,Schwaches Baumholz_6,0,1,0.989,not_young,1278.6,Sörenberg
8267,19886,3,0,0,0,3,3,3,ds3,,Stangenholz,Stangenholz_6,0,1,1.989,not_young,1217.2,Sörenberg
8268,6013,3,0,0,0,3,3,3,ds5,,Mittleres Baumholz,Mittleres Baumholz_6,0,1,0.601,not_young,1148.0,Sörenberg
8269,8350,2,1,0,1,2,2,2,ds4,,Schwaches Baumholz,Schwaches Baumholz_6,0,1,0.835,not_young,1442.2,Marbach LU
8270,20987,3,0,0,0,3,3,3,ds6,,Starkes Baumholz,Starkes Baumholz_13,0,1,2.099,not_young,1006.8,Marbach LU
8271,6873,2,1,0,1,2,2,2,ds4,,Schwaches Baumholz,Schwaches Baumholz_6,0,1,0.687,not_young,1319.7,Marbach LU
8272,7250,1,1,2,3,1,1,1,ds2,,Jungwuchs/Dickung,Jungwuchs/Dickung_8,0,1,0.725,young,1680.4,Flühli LU
8273,7900,2,1,0,1,2,2,2,ds5,,Mittleres Baumholz,Mittleres Baumholz_13,0,1,0.79,not_young,982.8,Marbach LU
8274,23626,3,0,0,0,3,3,3,ds6,,Starkes Baumholz,Starkes Baumholz_13,0,1,2.363,not_young,1100.6,Marbach LU
8275,5950,2,1,0,1,2,2,2,ds3,,Stangenholz,Stangenholz_6,0,1,0.595,not_young,1332.8,Flühli LU
8276,6391,2,1,0,1,2,2,1,ds3,,Stangenholz,Stangenholz_10,0,1,0.639,not_young,1569.2,Flühli LU
8278,15470,2,1,0,1,2,2,2,ds4,,Schwaches Baumholz,Schwaches Baumholz_6,0,1,1.547,not_young,1549.7,Marbach LU
8279,8382,4,0,0,0,3,4,3,ds6,,Starkes Baumholz,Starkes Baumholz_6,0,1,0.838,not_young,1340.5,Wiggen
8280,7821,2,1,0,1,2,2,2,ds4,,Schwaches Baumholz,Schwaches Baumholz_6,0,1,0.782,not_young,1122.4,Marbach LU
8281,11527,3,0,0,0,3,3,3,ds6,,Starkes Baumholz,Starkes Baumholz_13,0,1,1.153,not_young,1066.9,Marbach LU
8282,6450,2,1,0,1,2,2,1,ds2,,Jungwuchs/Dickung,Jungwuchs/Dickung_8,0,1,0.645,young,1709.4,Flühli LU
8283,6800,3,0,0,0,3,3,3,ds5,,Mittleres Baumholz,Mittleres Baumholz_6,0,1,0.68,not_young,1356.2,Marbach LU
8284,5203,4,0,0,0,3,4,3,ds6,,Starkes Baumholz,Starkes Baumholz_6,0,1,0.52,not_young,1351.4,Marbach LU
8285,10520,3,0,0,0,3,3,3,ds4,,Schwaches Baumholz,Schwaches Baumholz_6,0,1,1.052,not_young,1302.3,Sörenberg
8286,23400,2,1,0,1,2,2,2,ds4,,Schwaches Baumholz,Schwaches Baumholz_8,0,1,2.34,not_young,1612.9,Flühli LU
8287,8050,2,1,0,1,2,2,2,ds3,,Stangenholz,Stangenholz_8,0,1,0.805,not_young,1674.9,Flühli LU
8288,12070,3,0,0,0,3,3,3,ds3,,Stangenholz,Stangenholz_8,0,1,1.207,not_young,1585.3,Sörenberg
8289,6200,3,0,0,0,3,4,3,ds5,,Mittleres Baumholz,Mittleres Baumholz_6,0,1,0.62,not_young,1380.7,Marbach LU
8290,61733,2,1,0,1,2,2,2,ds6,,Starkes Baumholz,Starkes Baumholz_13,0,1,6.173,not_young,1026.5,Marbach LU
8291,11081,3,0,0,0,3,3,3,ds5,,Mittleres Baumholz,Mittleres Baumholz_10,0,1,1.108,not_young,1512.7,Sörenberg
8292,19725,2,1,0,1,2,2,2,ds5,,Mittleres Baumholz,Mittleres Baumholz_6,0,1,1.973,not_young,1285.7,Marbach LU
8293,10409,3,0,0,0,3,3,3,ds6,,Starkes Baumholz,Starkes Baumholz_6,0,1,1.041,not_young,1151.7,Flühli LU
8294,7318,3,0,0,0,3,3,3,ds4,,Schwaches Baumholz,Schwaches Baumholz_10,0,1,0.732,not_young,1502.8,Sörenberg
8295,9300,3,0,0,0,3,3,3,ds3,,Stangenholz,Stangenholz_6,0,1,0.93,not_young,1282.2,Sörenberg
8296,8550,3,0,0,0,3,3,3,ds4,,Schwaches Baumholz,Schwaches Baumholz_6,0,1,0.855,not_young,1109.4,Sörenberg
8297,57038,2,1,0,1,2,2,2,ds5,,Mittleres Baumholz,Mittleres Baumholz_10,0,1,5.704,not_young,1443.1,Flühli LU
8298,10400,4,0,0,0,3,4,3,ds1,,Jungwuchs/Dickung,Jungwuchs/Dickung_6,0,1,1.04,young,1422.3,Marbach LU
8299,6117,3,0,0,0,3,3,3,ds5,,Mittleres Baumholz,Mittleres Baumholz_10,0,1,0.612,not_young,1551.9,Sörenberg
8300,7204,3,0,0,0,3,3,3,ds5,,Mittleres Baumholz,Mittleres Baumholz_6,0,1,0.72,not_young,1352.7,Sörenberg
8301,10704,2,1,0,1,2,2,2,ds5,,Mittleres Baumholz,Mittleres Baumholz_6,0,1,1.07,not_young,1086.7,Flühli LU
8302,11491,2,1,0,1,2,2,2,ds6,,Starkes Baumholz,Starkes Baumholz_6,0,1,1.149,not_young,1012.0,Sörenberg
8303,16190,2,1,0,1,2,2,2,ds5,,Mittleres Baumholz,Mittleres Baumholz_6,0,1,1.619,not_young,1291.2,Flühli LU
8304,6384,3,0,0,0,3,3,3,ds3,,Stangenholz,Stangenholz_6,0,1,0.638,not_young,1103.8,Sörenberg
8305,5939,3,0,0,0,3,3,3,ds5,,Mittleres Baumholz,Mittleres Baumholz_6,0,1,0.594,not_young,1106.5,Flühli LU
8306,6423,2,1,0,1,2,2,2,ds5,,Mittleres Baumholz,Mittleres Baumholz_13,0,1,0.642,not_young,1005.0,Marbach LU
8307,10188,2,1,0,1,2,2,2,ds4,,Schwaches Baumholz,Schwaches Baumholz_10,0,1,1.019,not_young,1523.3,Flühli LU
8308,8326,2,1,0,1,2,2,2,ds5,,Mittleres Baumholz,Mittleres Baumholz_6,0,1,0.833,not_young,1340.1,Marbach LU
8309,10918,3,0,0,0,3,3,3,ds4,,Schwaches Baumholz,Schwaches Baumholz_6,0,1,1.092,not_young,1428.5,Sörenberg
8310,5644,3,0,0,0,3,3,3,ds3,,Stangenholz,Stangenholz_6,0,1,0.564,not_young,1333.8,Sörenberg
8311,49882,2,1,0,1,2,2,2,ds6,,Starkes Baumholz,Starkes Baumholz_6,0,1,4.988,not_young,1181.8,Marbach LU
8312,5450,2,1,0,1,2,2,2,ds3,,Stangenholz,Stangenholz_6,0,1,0.545,not_young,1351.6,Flühli LU
8313,6390,2,1,0,1,2,2,2,ds5,,Mittleres Baumholz,Mittleres Baumholz_6,0,1,0.639,not_young,1284.6,Marbach LU
8314,10841,2,1,0,1,2,2,2,ds6,,Starkes Baumholz,Starkes Baumholz_6,0,1,1.084,not_young,1290.4,Marbach LU
8316,7358,2,1,0,1,2,2,2,ds5,,Mittleres Baumholz,Mittleres Baumholz_6,0,1,0.736,not_young,1031.6,Marbach LU
8317,13587,2,1,0,1,2,2,2,ds3,,Stangenholz,Stangenholz_8,0,1,1.359,not_young,1626.8,Flühli LU
8318,12004,2,1,0,1,2,2,2,ds5,,Mittleres Baumholz,Mittleres Baumholz_6,0,1,1.2,not_young,1241.2,Marbach LU
8319,8236,2,1,0,1,2,2,2,ds5,,Mittleres Baumholz,Mittleres Baumholz_6,0,1,0.824,not_young,1247.6,Marbach LU
8320,15748,4,0,0,0,3,4,3,ds1,,Jungwuchs/Dickung,Jungwuchs/Dickung_6,0,1,1.575,young,1391.1,Marbach LU
8321,6750,3,0,0,0,3,3,3,ds4,,Schwaches Baumholz,Schwaches Baumholz_6,0,1,0.675,not_young,1204.8,Sörenberg
8322,6435,2,1,0,1,2,2,2,ds4,,Schwaches Baumholz,Schwaches Baumholz_6,0,1,0.643,not_young,1320.7,Flühli LU
8323,8550,2,1,0,1,2,2,2,ds6,,Starkes Baumholz,Starkes Baumholz_6,0,1,0.855,not_young,1323.8,Flühli LU
8324,6119,2,1,0,1,2,2,2,ds2,,Jungwuchs/Dickung,Jungwuchs/Dickung_6,0,1,0.612,young,1252.4,Marbach LU
8325,5144,3,0,0,0,3,3,3,ds4,,Schwaches Baumholz,Schwaches Baumholz_6,0,1,0.514,not_young,1311.2,Sörenberg
8326,43900,1,1,2,3,1,1,1,ds2,,Jungwuchs/Dickung,Jungwuchs/Dickung_8,0,1,4.39,young,1712.1,Flühli LU
8327,9945,2,1,0,1,2,2,2,ds6,,Starkes Baumholz,Starkes Baumholz_6,0,1,0.995,not_young,1236.3,Marbach LU
8328,5858,3,0,0,0,3,3,3,ds4,,Schwaches Baumholz,Schwaches Baumholz_10,0,1,0.586,not_young,1586.7,Sörenberg
8329,18076,2,1,0,1,2,2,2,ds6,,Starkes Baumholz,Starkes Baumholz_13,0,1,1.808,not_young,1036.4,Marbach LU
8330,15670,2,1,0,1,2,2,2,ds4,,Schwaches Baumholz,Schwaches Baumholz_6,0,1,1.567,not_young,1286.3,Marbach LU
8331,19450,3,0,0,0,3,3,3,ds3,,Stangenholz,Stangenholz_6,0,1,1.945,not_young,1248.1,Sörenberg
8332,5078,2,1,0,1,2,2,2,ds4,,Schwaches Baumholz,Schwaches Baumholz_6,0,1,0.508,not_young,1418.5,Flühli LU
8333,8732,2,1,0,1,2,2,2,ds6,,Starkes Baumholz,Starkes Baumholz_6,0,1,0.873,not_young,1026.2,Sörenberg
8334,7858,2,1,0,1,2,2,2,ds3,,Stangenholz,Stangenholz_6,0,1,0.786,not_young,1386.3,Flühli LU
8335,106825,2,1,0,1,2,2,2,ds5,,Mittleres Baumholz,Mittleres Baumholz_6,0,1,10.682,not_young,1425.7,Marbach LU
8336,6150,2,1,0,1,2,2,2,ds6,,Starkes Baumholz,Starkes Baumholz_6,0,1,0.615,not_young,1205.1,Marbach LU
8337,13347,2,1,0,1,2,2,2,ds5,,Mittleres Baumholz,Mittleres Baumholz_6,0,1,1.335,not_young,1242.1,Marbach LU
8338,6113,2,1,0,1,2,2,2,ds3,,Stangenholz,Stangenholz_6,0,1,0.611,not_young,1438.4,Marbach LU
8339,10435,3,0,0,0,3,3,3,ds5,,Mittleres Baumholz,Mittleres Baumholz_10,0,1,1.043,not_young,1528.9,Sörenberg
8340,6788,3,0,0,0,3,3,3,ds3,,Stangenholz,Stangenholz_6,0,1,0.679,not_young,1184.8,Sörenberg
8341,5250,2,1,0,1,2,2,2,ds4,,Schwaches Baumholz,Schwaches Baumholz_10,0,1,0.525,not_young,1533.6,Flühli LU
8342,14384,3,0,0,0,3,4,3,ds5,,Mittleres Baumholz,Mittleres Baumholz_6,0,1,1.438,not_young,1232.7,Marbach LU
8343,6800,2,1,0,1,2,2,2,ds3,,Stangenholz,Stangenholz_6,0,1,0.68,not_young,1262.3,Marbach LU
8344,8850,3,0,0,0,3,3,3,ds3,,Stangenholz,Stangenholz_6,0,1,0.885,not_young,1291.5,Sörenberg
8345,14635,2,1,0,1,2,2,2,ds6,,Starkes Baumholz,Starkes Baumholz_13,0,1,1.464,not_young,983.0,Marbach LU
8346,5250,3,0,0,0,3,3,3,ds4,,Schwaches Baumholz,Schwaches Baumholz_6,0,1,0.525,not_young,1260.4,Sörenberg
8347,8630,3,0,0,0,3,3,3,ds6,,Starkes Baumholz,Starkes Baumholz_6,0,1,0.863,not_young,1134.3,Sörenberg
8348,7500,2,1,0,1,2,2,2,ds2,,Jungwuchs/Dickung,Jungwuchs/Dickung_6,0,1,0.75,young,1379.0,Flühli LU
8349,6100,2,1,0,1,2,2,2,ds6,,Starkes Baumholz,Starkes Baumholz_6,0,1,0.61,not_young,1155.8,Marbach LU
8350,52792,2,1,0,1,2,2,2,ds6,,Starkes Baumholz,Starkes Baumholz_6,0,1,5.279,not_young,1148.1,Marbach LU
8351,5350,4,0,0,0,3,4,3,ds5,,Mittleres Baumholz,Mittleres Baumholz_6,0,1,0.535,not_young,1110.8,Marbach LU
8352,9032,2,1,0,1,2,2,2,ds5,,Mittleres Baumholz,Mittleres Baumholz_6,0,1,0.903,not_young,1227.8,Marbach LU
8353,5000,2,1,0,1,2,2,2,ds4,,Schwaches Baumholz,Schwaches Baumholz_6,0,1,0.5,not_young,1219.6,Marbach LU
8354,10838,3,0,0,0,3,3,3,ds1,,Jungwuchs/Dickung,Jungwuchs/Dickung_6,0,1,1.084,young,1343.0,Marbach LU
8355,7326,2,1,0,1,2,2,2,ds4,,Schwaches Baumholz,Schwaches Baumholz_6,0,1,0.733,not_young,1044.1,Marbach LU
8356,37000,3,0,0,0,3,3,3,ds6,,Starkes Baumholz,Starkes Baumholz_6,0,1,3.7,not_young,1390.4,Marbach LU
8357,16739,2,1,0,1,2,2,2,ds6,,Starkes Baumholz,Starkes Baumholz_6,0,1,1.674,not_young,1030.5,Sörenberg
8358,15950,3,0,0,0,3,3,3,ds5,,Mittleres Baumholz,Mittleres Baumholz_6,0,1,1.595,not_young,1194.6,Sörenberg
8359,9366,2,1,0,1,2,2,2,ds6,,Starkes Baumholz,Starkes Baumholz_6,0,1,0.937,not_young,1039.6,Marbach LU
8360,7330,3,0,0,0,3,3,3,ds5,,Mittleres Baumholz,Mittleres Baumholz_6,0,1,0.733,not_young,1150.5,Sörenberg
8361,22900,1,1,2,3,1,1,1,ds2,,Jungwuchs/Dickung,Jungwuchs/Dickung_8,0,1,2.29,young,1706.7,Flühli LU
8362,11356,3,0,0,0,3,3,3,ds4,,Schwaches Baumholz,Schwaches Baumholz_10,0,1,1.136,not_young,1571.6,Sörenberg
8363,8059,3,0,0,0,3,3,3,ds4,,Schwaches Baumholz,Schwaches Baumholz_6,0,1,0.806,not_young,1144.3,Sörenberg
8364,12181,2,1,0,1,2,2,2,ds5,,Mittleres Baumholz,Mittleres Baumholz_6,0,1,1.218,not_young,1312.0,Flühli LU
8365,5200,2,1,0,1,2,2,2,ds3,,Stangenholz,Stangenholz_6,0,1,0.52,not_young,1353.7,Flühli LU
8366,13372,2,1,0,1,2,2,2,ds5,,Mittleres Baumholz,Mittleres Baumholz_10,0,1,1.337,not_young,1467.8,Marbach LU
8367,5652,2,1,0,1,2,2,2,ds3,,Stangenholz,Stangenholz_6,0,1,0.565,not_young,1477.1,Marbach LU
8368,163229,2,1,0,1,2,2,2,ds5,,Mittleres Baumholz,Mittleres Baumholz_6,0,1,16.323,not_young,1531.7,Marbach LU
8369,7581,3,0,0,0,3,3,3,ds1,,Jungwuchs/Dickung,Jungwuchs/Dickung_6,0,1,0.758,young,1351.6,Sörenberg
8370,21810,3,0,0,0,3,4,3,ds6,,Starkes Baumholz,Starkes Baumholz_6,0,1,2.181,not_young,1104.5,Marbach LU
8371,5350,2,1,0,1,2,2,2,ds5,,Mittleres Baumholz,Mittleres Baumholz_6,0,1,0.535,not_young,1440.0,Marbach LU
8372,27114,3,0,0,0,3,4,3,ds6,,Starkes Baumholz,Starkes Baumholz_6,0,1,2.711,not_young,1398.3,Marbach LU
8373,6100,2,1,0,1,2,2,2,ds2,,Jungwuchs/Dickung,Jungwuchs/Dickung_6,0,1,0.61,young,1442.5,Marbach LU
8374,6500,3,0,0,0,3,4,3,ds3,,Stangenholz,Stangenholz_6,0,1,0.65,not_young,1446.6,Marbach LU
8375,6147,4,0,0,0,3,4,3,ds6,,Starkes Baumholz,Starkes Baumholz_6,0,1,0.615,not_young,1153.5,Marbach LU
8376,18710,2,1,0,1,2,2,2,ds4,,Schwaches Baumholz,Schwaches Baumholz_6,0,1,1.871,not_young,1240.8,Marbach LU
8377,11200,2,1,0,1,2,2,2,ds4,,Schwaches Baumholz,Schwaches Baumholz_6,0,1,1.12,not_young,1469.6,Marbach LU
8378,5142,3,0,0,0,3,3,3,ds5,,Mittleres Baumholz,Mittleres Baumholz_6,0,1,0.514,not_young,1096.4,Flühli LU
8379,35486,2,1,0,1,2,2,2,ds3,,Stangenholz,Stangenholz_8,0,1,3.549,not_young,1627.9,Flühli LU
8380,24113,1,1,2,3,1,1,1,ds2,,Jungwuchs/Dickung,Jungwuchs/Dickung_5,0,1,2.411,young,1771.6,Flühli LU
8381,8006,2,1,0,1,2,2,2,ds6,,Starkes Baumholz,Starkes Baumholz_6,0,1,0.801,not_young,1305.5,Marbach LU
8382,8386,3,0,0,0,3,3,3,ds5,,Mittleres Baumholz,Mittleres Baumholz_10,0,1,0.839,not_young,1526.5,Sörenberg
8383,8360,3,0,0,0,3,3,3,ds2,,Jungwuchs/Dickung,Jungwuchs/Dickung_6,0,1,0.836,young,1335.8,Sörenberg
8384,11730,2,1,0,1,2,2,2,ds4,,Schwaches Baumholz,Schwaches Baumholz_6,0,1,1.173,not_young,1415.9,Sörenberg
8385,8427,2,1,0,1,2,2,2,ds3,,Stangenholz,Stangenholz_6,0,1,0.843,not_young,1248.5,Marbach LU
8386,16500,3,0,0,0,3,3,3,ds2,,Jungwuchs/Dickung,Jungwuchs/Dickung_6,0,1,1.65,young,1300.4,Sörenberg
8387,27500,3,0,0,0,3,3,3,ds4,,Schwaches Baumholz,Schwaches Baumholz_6,0,1,2.75,not_young,1428.0,Marbach LU
8388,83472,2,1,0,1,2,2,2,ds6,,Starkes Baumholz,Starkes Baumholz_6,0,1,8.347,not_young,1135.9,Marbach LU
8389,6627,3,0,0,0,3,3,3,ds6,,Starkes Baumholz,Starkes Baumholz_6,0,1,0.663,not_young,1401.5,Marbach LU
8390,6317,2,1,0,1,2,2,2,ds3,,Stangenholz,Stangenholz_10,0,1,0.632,not_young,1417.8,Flühli LU
8391,7224,2,1,0,1,2,2,2,ds2,,Jungwuchs/Dickung,Jungwuchs/Dickung_6,0,1,0.722,young,1305.2,Sörenberg
8392,16702,2,1,0,1,2,2,2,ds4,,Schwaches Baumholz,Schwaches Baumholz_6,0,1,1.67,not_young,1430.8,Marbach LU
8393,14448,2,1,0,1,2,2,2,ds6,,Starkes Baumholz,Starkes Baumholz_6,0,1,1.445,not_young,1464.3,Marbach LU
8394,8598,3,0,0,0,3,3,3,ds4,,Schwaches Baumholz,Schwaches Baumholz_10,0,1,0.86,not_young,1577.0,Sörenberg
8395,6988,2,1,0,1,2,2,2,ds3,,Stangenholz,Stangenholz_6,0,1,0.699,not_young,1398.1,Marbach LU
8396,7799,2,1,0,1,2,2,2,ds1,,Jungwuchs/Dickung,Jungwuchs/Dickung_8,0,1,0.78,young,1680.2,Flühli LU
8397,15813,2,1,0,1,2,2,2,ds6,,Starkes Baumholz,Starkes Baumholz_6,0,1,1.581,not_young,1094.0,Marbach LU
8398,32077,2,1,0,1,2,2,2,ds6,,Starkes Baumholz,Starkes Baumholz_6,0,1,3.208,not_young,1287.7,Marbach LU
8399,37317,3,0,0,0,3,4,3,ds6,,Starkes Baumholz,Starkes Baumholz_6,0,1,3.732,not_young,1181.1,Marbach LU
8400,26996,2,1,0,1,2,2,2,ds6,,Starkes Baumholz,Starkes Baumholz_6,0,1,2.7,not_young,1218.4,Marbach LU
8401,14465,3,0,0,0,3,3,3,ds5,,Mittleres Baumholz,Mittleres Baumholz_6,0,1,1.446,not_young,1335.1,Sörenberg
8402,14363,2,1,0,1,2,2,2,ds5,,Mittleres Baumholz,Mittleres Baumholz_6,0,1,1.436,not_young,1398.7,Marbach LU
8403,11838,2,1,0,1,2,2,1,ds3,,Stangenholz,Stangenholz_8,0,1,1.184,not_young,1746.3,Flühli LU
8404,15266,2,1,0,1,2,2,2,ds5,,Mittleres Baumholz,Mittleres Baumholz_6,0,1,1.527,not_young,1044.0,Sörenberg
8405,9801,2,1,0,1,2,2,2,ds5,,Mittleres Baumholz,Mittleres Baumholz_6,0,1,0.98,not_young,1382.8,Marbach LU
8406,6877,3,0,0,0,3,3,3,ds2,,Jungwuchs/Dickung,Jungwuchs/Dickung_6,0,1,0.688,young,1332.0,Sörenberg
8407,5029,2,1,0,1,2,2,2,ds3,,Stangenholz,Stangenholz_6,0,1,0.503,not_young,1408.0,Sörenberg
8408,9350,3,0,0,0,3,4,3,ds4,,Schwaches Baumholz,Schwaches Baumholz_6,0,1,0.935,not_young,1233.7,Marbach LU
8409,5024,2,1,0,1,2,2,2,ds6,,Starkes Baumholz,Starkes Baumholz_6,0,1,0.502,not_young,1084.2,Marbach LU
8410,15600,3,0,0,0,3,3,3,ds2,,Jungwuchs/Dickung,Jungwuchs/Dickung_6,0,1,1.56,young,1224.8,Sörenberg
8411,9866,3,0,0,0,3,3,3,ds3,,Stangenholz,Stangenholz_6,0,1,0.987,not_young,1182.5,Sörenberg
8412,9821,3,0,0,0,3,3,3,ds4,,Schwaches Baumholz,Schwaches Baumholz_6,0,1,0.982,not_young,1145.1,Sörenberg
8413,8894,3,0,0,0,3,3,3,ds5,,Mittleres Baumholz,Mittleres Baumholz_6,0,1,0.889,not_young,1426.4,Wiggen
8414,5300,2,1,0,1,2,2,2,ds4,,Schwaches Baumholz,Schwaches Baumholz_6,0,1,0.53,not_young,1424.5,Marbach LU
8415,8351,4,0,0,0,3,4,3,ds6,,Starkes Baumholz,Starkes Baumholz_6,0,1,0.835,not_young,1100.8,Marbach LU
8416,10114,2,1,0,1,2,2,2,ds4,,Schwaches Baumholz,Schwaches Baumholz_6,0,1,1.011,not_young,1186.8,Sörenberg
8417,7813,2,1,0,1,2,2,2,ds6,,Starkes Baumholz,Starkes Baumholz_13,0,1,0.781,not_young,1019.1,Marbach LU
8419,10123,3,0,0,0,3,3,3,ds5,,Mittleres Baumholz,Mittleres Baumholz_6,0,1,1.012,not_young,1170.7,Sörenberg
8420,15629,2,1,0,1,2,2,2,ds6,,Starkes Baumholz,Starkes Baumholz_6,0,1,1.563,not_young,1395.2,Marbach LU
8421,13536,3,0,0,0,3,3,3,ds4,,Schwaches Baumholz,Schwaches Baumholz_6,0,1,1.354,not_young,1290.4,Sörenberg
8422,9239,2,1,0,1,2,2,2,ds6,,Starkes Baumholz,Starkes Baumholz_13,0,1,0.924,not_young,1004.7,Marbach LU
8423,7037,3,0,0,0,3,3,3,ds4,,Schwaches Baumholz,Schwaches Baumholz_10,0,1,0.704,not_young,1596.7,Sörenberg
8424,5998,3,0,0,0,3,3,3,ds3,,Stangenholz,Stangenholz_6,0,1,0.6,not_young,1317.2,Sörenberg
8425,8460,3,0,0,0,3,3,3,ds3,,Stangenholz,Stangenholz_6,0,1,0.846,not_young,1282.3,Sörenberg
8426,11719,3,0,0,0,3,3,3,ds3,,Stangenholz,Stangenholz_6,0,1,1.172,not_young,1427.8,Sörenberg
8427,13172,3,0,0,0,3,3,3,ds2,,Jungwuchs/Dickung,Jungwuchs/Dickung_6,0,1,1.317,young,1368.1,Sörenberg
8428,5653,3,0,0,0,3,3,3,ds5,,Mittleres Baumholz,Mittleres Baumholz_6,0,1,0.565,not_young,1308.1,Sörenberg
8429,9832,3,0,0,0,3,3,3,ds4,,Schwaches Baumholz,Schwaches Baumholz_6,0,1,0.983,not_young,1175.8,Sörenberg
8430,20494,2,1,0,1,2,2,2,ds5,,Mittleres Baumholz,Mittleres Baumholz_8,0,1,2.049,not_young,1594.5,Sörenberg
8431,9760,2,1,0,1,2,2,2,ds3,,Stangenholz,Stangenholz_8,0,1,0.976,not_young,1685.9,Sörenberg
8432,7888,2,1,0,1,2,2,2,ds3,,Stangenholz,Stangenholz_8,0,1,0.789,not_young,1767.9,Sörenberg
8433,5245,3,0,0,0,3,3,3,ds4,,Schwaches Baumholz,Schwaches Baumholz_6,0,1,0.524,not_young,1259.4,Sörenberg
8434,18265,2,1,0,1,2,2,2,ds5,,Mittleres Baumholz,Mittleres Baumholz_6,0,1,1.826,not_young,1018.9,Sörenberg
8435,45823,2,1,0,1,2,2,2,ds4,,Schwaches Baumholz,Schwaches Baumholz_6,0,1,4.582,not_young,1380.7,Sörenberg
8436,5750,3,0,0,0,3,3,3,ds3,,Stangenholz,Stangenholz_6,0,1,0.575,not_young,1481.8,Sörenberg
8437,4998,3,0,0,0,3,4,3,ds5,,Mittleres Baumholz,Mittleres Baumholz_6,0,1,0.5,not_young,1248.6,Marbach LU
8438,54550,2,1,0,1,2,2,2,ds6,,Starkes Baumholz,Starkes Baumholz_6,0,1,5.455,not_young,1260.2,Sörenberg
8439,9544,2,1,0,1,2,2,2,ds1,,Jungwuchs/Dickung,Jungwuchs/Dickung_6,0,1,0.954,young,1451.8,Marbach LU
8440,40245,2,1,0,1,2,2,2,ds6,,Starkes Baumholz,Starkes Baumholz_6,0,1,4.024,not_young,1242.8,Marbach LU
8441,5167,4,0,0,0,3,4,3,ds6,,Starkes Baumholz,Starkes Baumholz_6,0,1,0.517,not_young,1196.1,Marbach LU
8442,6858,2,1,0,1,2,2,2,ds6,,Starkes Baumholz,Starkes Baumholz_6,0,1,0.686,not_young,1212.0,Marbach LU
8443,8421,3,0,0,0,3,4,3,ds5,,Mittleres Baumholz,Mittleres Baumholz_6,0,1,0.842,not_young,1254.6,Marbach LU
8444,59620,3,0,0,0,3,3,3,ds5,,Mittleres Baumholz,Mittleres Baumholz_10,0,1,5.962,not_young,1512.6,Sörenberg
8445,5435,2,1,0,1,2,2,2,ds4,,Schwaches Baumholz,Schwaches Baumholz_6,0,1,0.543,not_young,1075.9,Sörenberg
8446,12360,2,1,0,1,2,2,2,ds3,,Stangenholz,Stangenholz_6,0,1,1.236,not_young,1414.7,Sörenberg
8447,5050,3,0,0,0,3,3,3,ds2,,Jungwuchs/Dickung,Jungwuchs/Dickung_6,0,1,0.505,young,1466.6,Sörenberg
8448,31570,2,1,0,1,2,2,2,ds6,,Starkes Baumholz,Starkes Baumholz_6,0,1,3.157,not_young,1195.7,Marbach LU
8449,13515,2,1,0,1,2,2,2,ds6,,Starkes Baumholz,Starkes Baumholz_6,0,1,1.352,not_young,1099.9,Marbach LU
8450,7922,2,1,0,1,2,2,2,ds4,,Schwaches Baumholz,Schwaches Baumholz_6,0,1,0.792,not_young,1465.8,Marbach LU
8451,6735,3,0,0,0,3,3,3,ds5,,Mittleres Baumholz,Mittleres Baumholz_6,0,1,0.673,not_young,1322.1,Sörenberg
8452,6892,3,0,0,0,3,3,3,ds5,,Mittleres Baumholz,Mittleres Baumholz_6,0,1,0.689,not_young,1200.8,Sörenberg
8453,10600,3,0,0,0,3,3,3,ds3,,Stangenholz,Stangenholz_6,0,1,1.06,not_young,1474.6,Sörenberg
8454,8390,3,0,0,0,3,3,3,ds3,,Stangenholz,Stangenholz_8,0,1,0.839,not_young,1625.7,Sörenberg
8455,8064,2,1,0,1,2,2,2,ds5,,Mittleres Baumholz,Mittleres Baumholz_6,0,1,0.806,not_young,1349.9,Marbach LU
8456,8300,3,0,0,0,3,3,3,ds3,,Stangenholz,Stangenholz_6,0,1,0.83,not_young,1320.2,Sörenberg
8457,5750,2,1,0,1,2,2,2,ds6,,Starkes Baumholz,Starkes Baumholz_6,0,1,0.575,not_young,1260.3,Marbach LU
8458,11150,3,0,0,0,3,3,3,ds3,,Stangenholz,Stangenholz_8,0,1,1.115,not_young,1570.7,Sörenberg
8459,12942,3,0,0,0,3,3,3,ds6,,Starkes Baumholz,Starkes Baumholz_6,0,1,1.294,not_young,1096.5,Marbach LU
8460,16465,2,1,0,1,2,2,2,ds5,,Mittleres Baumholz,Mittleres Baumholz_6,0,1,1.647,not_young,1213.2,Marbach LU
8461,5314,2,1,0,1,2,2,2,ds4,,Schwaches Baumholz,Schwaches Baumholz_6,0,1,0.531,not_young,1215.6,Marbach LU
8462,8802,2,1,0,1,2,2,2,ds2,,Jungwuchs/Dickung,Jungwuchs/Dickung_6,0,1,0.88,young,1433.7,Marbach LU
8463,17342,2,1,0,1,2,2,2,ds6,,Starkes Baumholz,Starkes Baumholz_6,0,1,1.734,not_young,1198.0,Marbach LU
8464,6099,2,1,0,1,2,2,2,ds4,,Schwaches Baumholz,Schwaches Baumholz_6,0,1,0.61,not_young,1164.1,Marbach LU
8465,6050,3,0,0,0,3,3,3,ds5,,Mittleres Baumholz,Mittleres Baumholz_6,0,1,0.605,not_young,1353.2,Sörenberg
8466,11030,3,0,0,0,3,3,3,ds6,,Starkes Baumholz,Starkes Baumholz_6,0,1,1.103,not_young,1130.0,Marbach LU
8467,6597,2,1,0,1,2,2,2,ds6,,Starkes Baumholz,Starkes Baumholz_6,0,1,0.66,not_young,1041.0,Sörenberg
8468,5147,2,1,0,1,2,2,2,ds5,,Mittleres Baumholz,Mittleres Baumholz_10,0,1,0.515,not_young,1525.6,Sörenberg
8469,10703,2,1,0,1,2,2,2,ds4,,Schwaches Baumholz,Schwaches Baumholz_6,0,1,1.07,not_young,1139.5,Marbach LU
8470,10521,3,0,0,0,3,4,3,ds3,,Stangenholz,Stangenholz_6,0,1,1.052,not_young,1274.0,Marbach LU
8471,12500,3,0,0,0,3,3,3,ds3,,Stangenholz,Stangenholz_6,0,1,1.25,not_young,1508.7,Sörenberg
8472,55220,3,0,0,0,3,3,3,ds4,,Schwaches Baumholz,Schwaches Baumholz_6,0,1,5.522,not_young,1460.2,Sörenberg
8473,7050,2,1,0,1,2,2,2,ds5,,Mittleres Baumholz,Mittleres Baumholz_6,0,1,0.705,not_young,1285.4,Marbach LU
8474,4997,3,0,0,0,3,3,3,ds3,,Stangenholz,Stangenholz_8,0,1,0.5,not_young,1629.1,Sörenberg
8475,21703,2,1,0,1,2,2,2,ds5,,Mittleres Baumholz,Mittleres Baumholz_6,0,1,2.17,not_young,1026.9,Sörenberg
8476,8250,3,0,0,0,3,3,3,ds2,,Jungwuchs/Dickung,Jungwuchs/Dickung_6,0,1,0.825,young,1323.5,Sörenberg
8477,9350,3,0,0,0,3,3,3,ds3,,Stangenholz,Stangenholz_6,0,1,0.935,not_young,1317.2,Sörenberg
8478,11250,2,1,0,1,2,2,2,ds3,,Stangenholz,Stangenholz_5,0,1,1.125,not_young,1795.0,Sörenberg
8479,14106,3,0,0,0,3,3,3,ds3,,Stangenholz,Stangenholz_6,0,1,1.411,not_young,1336.0,Sörenberg
8480,15554,2,1,0,1,2,2,2,ds6,,Starkes Baumholz,Starkes Baumholz_6,0,1,1.555,not_young,1193.1,Marbach LU
8481,16650,3,0,0,0,3,3,3,ds5,,Mittleres Baumholz,Mittleres Baumholz_6,0,1,1.665,not_young,1316.3,Sörenberg
8482,8440,2,1,0,1,2,2,2,ds5,,Mittleres Baumholz,Mittleres Baumholz_6,0,1,0.844,not_young,1173.5,Marbach LU
8483,6350,3,0,0,0,3,3,3,ds3,,Stangenholz,Stangenholz_10,0,1,0.635,not_young,1536.5,Sörenberg
8485,10550,2,1,0,1,2,2,2,ds4,,Schwaches Baumholz,Schwaches Baumholz_6,0,1,1.055,not_young,1253.8,Marbach LU
8486,26350,3,0,0,0,3,3,3,ds4,,Schwaches Baumholz,Schwaches Baumholz_8,0,1,2.635,not_young,1600.5,Sörenberg
8487,5550,2,1,0,1,2,2,2,ds4,,Schwaches Baumholz,Schwaches Baumholz_6,0,1,0.555,not_young,1206.6,Marbach LU
8488,7250,2,1,0,1,2,2,2,ds3,,Stangenholz,Stangenholz_6,0,1,0.725,not_young,1227.3,Marbach LU
8489,26750,3,0,0,0,3,3,3,ds3,,Stangenholz,Stangenholz_10,0,1,2.675,not_young,1533.4,Sörenberg
8490,17950,3,0,0,0,3,3,3,ds5,,Mittleres Baumholz,Mittleres Baumholz_6,0,1,1.795,not_young,1388.0,Sörenberg
8491,5775,3,0,0,0,3,3,3,ds4,,Schwaches Baumholz,Schwaches Baumholz_6,0,1,0.578,not_young,1146.3,Sörenberg
8492,6048,3,0,0,0,3,3,3,ds6,,Starkes Baumholz,Starkes Baumholz_6,0,1,0.605,not_young,1175.9,Sörenberg
8493,67008,2,1,0,1,2,2,2,ds4,,Schwaches Baumholz,Schwaches Baumholz_6,0,1,6.701,not_young,1369.7,Sörenberg
8494,9500,2,1,0,1,2,2,2,ds3,,Stangenholz,Stangenholz_5,0,1,0.95,not_young,1782.6,Sörenberg
8495,10218,3,0,0,0,3,3,3,ds6,,Starkes Baumholz,Starkes Baumholz_6,0,1,1.022,not_young,1115.5,Sörenberg
8496,5250,3,0,0,0,3,3,3,ds2,,Jungwuchs/Dickung,Jungwuchs/Dickung_8,0,1,0.525,young,1581.8,Sörenberg
8497,5096,2,1,0,1,2,2,2,ds1,,Jungwuchs/Dickung,Jungwuchs/Dickung_5,0,1,0.51,young,1849.7,Sörenberg
8498,5650,2,1,0,1,2,2,2,ds6,,Starkes Baumholz,Starkes Baumholz_6,0,1,0.565,not_young,1273.2,Marbach LU
8499,5955,4,0,0,0,3,4,3,ds5,,Mittleres Baumholz,Mittleres Baumholz_6,0,1,0.596,not_young,1224.5,Marbach LU
8500,7400,4,0,0,0,3,4,3,ds6,,Starkes Baumholz,Starkes Baumholz_6,0,1,0.74,not_young,1233.8,Marbach LU
8501,39109,2,1,0,1,2,2,2,ds5,,Mittleres Baumholz,Mittleres Baumholz_6,0,1,3.911,not_young,1270.7,Sörenberg
8502,16529,3,0,0,0,3,3,3,ds1,,Jungwuchs/Dickung,Jungwuchs/Dickung_8,0,1,1.653,young,1615.9,Sörenberg
8503,13050,3,0,0,0,3,3,3,ds5,,Mittleres Baumholz,Mittleres Baumholz_6,0,1,1.305,not_young,1463.1,Sörenberg
8504,7550,3,0,0,0,3,3,3,ds3,,Stangenholz,Stangenholz_6,0,1,0.755,not_young,1302.5,Sörenberg
8505,10197,2,1,0,1,2,2,2,ds5,,Mittleres Baumholz,Mittleres Baumholz_6,0,1,1.02,not_young,1184.0,Sörenberg
8506,5250,4,0,0,0,3,4,3,ds5,,Mittleres Baumholz,Mittleres Baumholz_6,0,1,0.525,not_young,1234.8,Marbach LU
8507,8250,3,0,0,0,3,3,3,ds3,,Stangenholz,Stangenholz_8,0,1,0.825,not_young,1572.3,Sörenberg
8508,5300,3,0,0,0,3,3,3,ds3,,Stangenholz,Stangenholz_6,0,1,0.53,not_young,1503.0,Sörenberg
8509,9376,2,1,0,1,2,2,2,ds5,,Mittleres Baumholz,Mittleres Baumholz_6,0,1,0.938,not_young,1273.5,Marbach LU
8510,28200,3,0,0,0,3,3,3,ds4,,Schwaches Baumholz,Schwaches Baumholz_6,0,1,2.82,not_young,1458.0,Sörenberg
8511,7650,3,0,0,0,3,3,3,ds5,,Mittleres Baumholz,Mittleres Baumholz_6,0,1,0.765,not_young,1355.3,Sörenberg
8512,6826,2,1,0,1,2,2,2,ds5,,Mittleres Baumholz,Mittleres Baumholz_6,0,1,0.683,not_young,1037.3,Sörenberg
8513,6000,2,1,0,1,2,2,2,ds5,,Mittleres Baumholz,Mittleres Baumholz_10,0,1,0.6,not_young,1432.9,Sörenberg
8514,8100,4,0,0,0,3,4,3,ds6,,Starkes Baumholz,Starkes Baumholz_6,0,1,0.81,not_young,1210.6,Marbach LU
8515,5298,3,0,0,0,3,3,3,ds5,,Mittleres Baumholz,Mittleres Baumholz_6,0,1,0.53,not_young,1310.5,Marbach LU
8516,8967,3,0,0,0,3,3,3,ds6,,Starkes Baumholz,Starkes Baumholz_6,0,1,0.897,not_young,1227.6,Sörenberg
8517,21028,2,1,0,1,2,2,2,ds5,,Mittleres Baumholz,Mittleres Baumholz_6,0,1,2.103,not_young,1307.4,Marbach LU
8518,15934,3,0,0,0,3,3,3,ds4,,Schwaches Baumholz,Schwaches Baumholz_8,0,1,1.593,not_young,1617.3,Sörenberg
8519,36900,3,0,0,0,3,3,3,ds4,,Schwaches Baumholz,Schwaches Baumholz_6,0,1,3.69,not_young,1340.9,Sörenberg
8520,9750,2,1,0,1,2,2,2,ds5,,Mittleres Baumholz,Mittleres Baumholz_6,0,1,0.975,not_young,1303.4,Marbach LU
8521,5450,3,0,0,0,3,3,3,ds3,,Stangenholz,Stangenholz_6,0,1,0.545,not_young,1425.1,Sörenberg
8522,10274,3,0,0,0,3,3,3,ds3,,Stangenholz,Stangenholz_8,0,1,1.027,not_young,1587.0,Sörenberg
8523,7450,3,0,0,0,3,3,3,ds3,,Stangenholz,Stangenholz_6,0,1,0.745,not_young,1443.9,Sörenberg
8524,29683,2,1,0,1,2,2,2,ds5,,Mittleres Baumholz,Mittleres Baumholz_6,0,1,2.968,not_young,1214.3,Marbach LU
8525,6800,2,1,0,1,2,2,2,ds4,,Schwaches Baumholz,Schwaches Baumholz_6,0,1,0.68,not_young,1289.1,Marbach LU
8526,5415,4,0,0,0,3,4,3,ds5,,Mittleres Baumholz,Mittleres Baumholz_6,0,1,0.541,not_young,1299.0,Marbach LU
8527,6300,2,1,0,1,2,2,2,ds4,,Schwaches Baumholz,Schwaches Baumholz_6,0,1,0.63,not_young,1340.3,Marbach LU
8528,9860,3,0,0,0,3,3,3,ds1,,Jungwuchs/Dickung,Jungwuchs/Dickung_6,0,1,0.986,young,1218.1,Sörenberg
8529,5147,3,0,0,0,3,3,3,ds4,,Schwaches Baumholz,Schwaches Baumholz_6,0,1,0.515,not_young,1211.6,Sörenberg
8530,21797,2,1,0,1,2,2,2,ds4,,Schwaches Baumholz,Schwaches Baumholz_8,0,1,2.18,not_young,1682.9,Sörenberg
8531,10200,2,1,0,1,2,2,2,ds4,,Schwaches Baumholz,Schwaches Baumholz_10,0,1,1.02,not_young,1421.6,Sörenberg
8532,15198,2,1,0,1,2,2,2,ds6,,Starkes Baumholz,Starkes Baumholz_6,0,1,1.52,not_young,1294.2,Marbach LU
8533,18324,3,0,0,0,3,3,3,ds4,,Schwaches Baumholz,Schwaches Baumholz_10,0,1,1.832,not_young,1564.9,Sörenberg
8534,11900,3,0,0,0,3,4,3,ds5,,Mittleres Baumholz,Mittleres Baumholz_6,0,1,1.19,not_young,1277.5,Marbach LU
8535,9886,2,1,0,1,2,2,2,ds6,,Starkes Baumholz,Starkes Baumholz_6,0,1,0.989,not_young,1354.6,Marbach LU
8536,14694,2,1,0,1,2,2,2,ds6,,Starkes Baumholz,Starkes Baumholz_6,0,1,1.469,not_young,1325.0,Marbach LU
8537,5210,3,0,0,0,3,3,3,ds4,,Schwaches Baumholz,Schwaches Baumholz_6,0,1,0.521,not_young,1218.1,Marbach LU
8538,57496,2,1,0,1,2,2,2,ds6,,Starkes Baumholz,Starkes Baumholz_6,0,1,5.75,not_young,1222.8,Marbach LU
8539,7300,3,0,0,0,3,3,3,ds4,,Schwaches Baumholz,Schwaches Baumholz_6,0,1,0.73,not_young,1348.0,Sörenberg
8540,8605,2,1,0,1,2,2,2,ds4,,Schwaches Baumholz,Schwaches Baumholz_6,0,1,0.86,not_young,1309.6,Marbach LU
8541,24481,3,0,0,0,3,3,3,ds6,,Starkes Baumholz,Starkes Baumholz_13,0,1,2.448,not_young,993.6,Marbach LU
8542,14282,3,0,0,0,3,3,3,ds6,,Starkes Baumholz,Starkes Baumholz_6,0,1,1.428,not_young,1207.5,Marbach LU
8543,14512,2,1,0,1,2,2,2,ds5,,Mittleres Baumholz,Mittleres Baumholz_6,0,1,1.451,not_young,1313.2,Marbach LU
8544,5950,2,1,0,1,2,2,2,ds4,,Schwaches Baumholz,Schwaches Baumholz_6,0,1,0.595,not_young,1387.3,Sörenberg
8545,5000,3,0,0,0,3,3,3,ds3,,Stangenholz,Stangenholz_6,0,1,0.5,not_young,1254.7,Marbach LU
8546,34746,3,0,0,0,3,4,3,ds6,,Starkes Baumholz,Starkes Baumholz_6,0,1,3.475,not_young,1282.3,Marbach LU
8547,6005,2,1,0,1,2,2,2,ds6,,Starkes Baumholz,Starkes Baumholz_6,0,1,0.601,not_young,1302.9,Marbach LU
8548,5091,2,1,0,1,2,2,2,ds6,,Starkes Baumholz,Starkes Baumholz_6,0,1,0.509,not_young,1295.4,Marbach LU
8549,5300,3,0,0,0,3,3,3,ds3,,Stangenholz,Stangenholz_6,0,1,0.53,not_young,1318.7,Sörenberg
8550,6500,3,0,0,0,3,3,3,ds5,,Mittleres Baumholz,Mittleres Baumholz_6,0,1,0.65,not_young,1299.8,Sörenberg
8551,45100,2,1,0,1,2,2,2,ds6,,Starkes Baumholz,Starkes Baumholz_6,0,1,4.51,not_young,1346.6,Marbach LU
8552,5350,2,1,0,1,2,2,2,ds4,,Schwaches Baumholz,Schwaches Baumholz_6,0,1,0.535,not_young,1338.5,Marbach LU
8553,7906,3,0,0,0,3,3,3,ds5,,Mittleres Baumholz,Mittleres Baumholz_6,0,1,0.791,not_young,1221.7,Sörenberg
8554,27350,2,1,0,1,2,2,2,ds5,,Mittleres Baumholz,Mittleres Baumholz_10,0,1,2.735,not_young,1497.8,Sörenberg
8555,7641,3,0,0,0,3,3,3,ds6,,Starkes Baumholz,Starkes Baumholz_13,0,1,0.764,not_young,1054.6,Marbach LU
8556,5500,3,0,0,0,3,3,3,ds3,,Stangenholz,Stangenholz_6,0,1,0.55,not_young,1453.3,Sörenberg
8557,36446,3,0,0,0,3,3,3,ds4,,Schwaches Baumholz,Schwaches Baumholz_10,0,1,3.645,not_young,1513.0,Sörenberg
8558,10970,2,1,0,1,2,2,2,ds5,,Mittleres Baumholz,Mittleres Baumholz_6,0,1,1.097,not_young,1267.7,Marbach LU
8559,24175,2,1,0,1,2,2,2,ds6,,Starkes Baumholz,Starkes Baumholz_6,0,1,2.417,not_young,1070.0,Sörenberg
8560,6680,2,1,0,1,2,2,2,ds2,,Jungwuchs/Dickung,Jungwuchs/Dickung_6,0,1,0.668,young,1188.3,Sörenberg
8561,63601,2,1,0,1,2,2,2,ds6,,Starkes Baumholz,Starkes Baumholz_6,0,1,6.36,not_young,1343.3,Sörenberg
8562,5089,2,1,0,1,2,2,2,ds3,,Stangenholz,Stangenholz_10,0,1,0.509,not_young,1446.7,Sörenberg
8563,8893,4,0,0,0,3,4,3,ds2,,Jungwuchs/Dickung,Jungwuchs/Dickung_6,0,1,0.889,young,1348.2,Marbach LU
8564,6500,2,1,0,1,2,2,2,ds5,,Mittleres Baumholz,Mittleres Baumholz_6,0,1,0.65,not_young,1330.8,Marbach LU
8565,21650,3,0,0,0,3,3,3,ds4,,Schwaches Baumholz,Schwaches Baumholz_6,0,1,2.165,not_young,1473.7,Sörenberg
8566,5908,2,1,0,1,2,2,2,ds5,,Mittleres Baumholz,Mittleres Baumholz_6,0,1,0.591,not_young,1366.2,Marbach LU
8567,19763,2,1,0,1,2,2,2,ds5,,Mittleres Baumholz,Mittleres Baumholz_6,0,1,1.976,not_young,1378.0,Marbach LU
8568,17429,2,1,0,1,2,2,2,ds5,,Mittleres Baumholz,Mittleres Baumholz_6,0,1,1.743,not_young,1376.2,Marbach LU
8569,9750,3,0,0,0,3,3,3,ds5,,Mittleres Baumholz,Mittleres Baumholz_6,0,1,0.975,not_young,1280.0,Sörenberg
8570,27850,3,0,0,0,3,3,3,ds6,,Starkes Baumholz,Starkes Baumholz_6,0,1,2.785,not_young,1351.9,Sörenberg
8571,12763,2,1,0,1,2,2,2,ds6,,Starkes Baumholz,Starkes Baumholz_6,0,1,1.276,not_young,1061.8,Sörenberg
8572,19151,3,0,0,0,3,3,3,ds6,,Starkes Baumholz,Starkes Baumholz_6,0,1,1.915,not_young,1066.0,Marbach LU
8573,20025,3,0,0,0,3,3,3,ds5,,Mittleres Baumholz,Mittleres Baumholz_6,0,1,2.002,not_young,1154.0,Marbach LU
8574,34750,3,0,0,0,3,3,3,ds3,,Stangenholz,Stangenholz_6,0,1,3.475,not_young,1495.4,Sörenberg
8575,5418,3,0,0,0,3,3,3,ds3,,Stangenholz,Stangenholz_6,0,1,0.542,not_young,1276.4,Sörenberg
8576,6850,2,1,0,1,2,2,2,ds5,,Mittleres Baumholz,Mittleres Baumholz_6,0,1,0.685,not_young,1346.4,Sörenberg
8577,29191,2,1,0,1,2,2,2,ds5,,Mittleres Baumholz,Mittleres Baumholz_8,0,1,2.919,not_young,1691.0,Sörenberg
8578,5799,3,0,0,0,3,3,3,ds2,,Jungwuchs/Dickung,Jungwuchs/Dickung_6,0,1,0.58,young,1145.7,Sörenberg
8579,22319,2,1,0,1,2,2,2,ds3,,Stangenholz,Stangenholz_6,0,1,2.232,not_young,1422.8,Sörenberg
8580,12100,2,1,0,1,2,2,2,ds4,,Schwaches Baumholz,Schwaches Baumholz_6,0,1,1.21,not_young,1377.5,Marbach LU
8581,5900,3,0,0,0,3,3,3,ds4,,Schwaches Baumholz,Schwaches Baumholz_6,0,1,0.59,not_young,1301.3,Marbach LU
8582,8708,2,1,0,1,2,2,2,ds2,,Jungwuchs/Dickung,Jungwuchs/Dickung_6,0,1,0.871,young,1418.1,Sörenberg
8583,9300,3,0,0,0,3,3,3,ds3,,Stangenholz,Stangenholz_6,0,1,0.93,not_young,1291.5,Sörenberg
8584,9950,3,0,0,0,3,3,3,ds4,,Schwaches Baumholz,Schwaches Baumholz_6,0,1,0.995,not_young,1259.9,Marbach LU
8585,6899,2,1,0,1,2,2,2,ds2,,Jungwuchs/Dickung,Jungwuchs/Dickung_6,0,1,0.69,young,1266.3,Sörenberg
8586,5405,2,1,0,1,2,2,2,ds3,,Stangenholz,Stangenholz_6,0,1,0.541,not_young,1399.4,Marbach LU
8587,62566,2,1,0,1,2,2,2,ds6,,Starkes Baumholz,Starkes Baumholz_6,0,1,6.257,not_young,1071.9,Marbach LU
8588,30533,2,1,0,1,2,2,2,ds6,,Starkes Baumholz,Starkes Baumholz_6,0,1,3.053,not_young,1264.5,Marbach LU
8589,6306,2,1,0,1,2,2,2,ds5,,Mittleres Baumholz,Mittleres Baumholz_6,0,1,0.631,not_young,1445.4,Marbach LU
8590,9959,2,1,0,1,2,2,2,ds6,,Starkes Baumholz,Starkes Baumholz_10,0,1,0.996,not_young,1447.5,Sörenberg
8591,49598,3,0,0,0,3,3,3,ds6,,Starkes Baumholz,Starkes Baumholz_13,0,1,4.96,not_young,1029.8,Marbach LU
8592,29274,3,0,0,0,3,3,3,ds2,,Jungwuchs/Dickung,Jungwuchs/Dickung_6,0,1,2.927,young,1283.3,Sörenberg
8593,10893,2,1,0,1,2,2,2,ds5,,Mittleres Baumholz,Mittleres Baumholz_6,0,1,1.089,not_young,1157.0,Sörenberg
8594,6200,2,1,0,1,2,2,2,ds4,,Schwaches Baumholz,Schwaches Baumholz_6,0,1,0.62,not_young,1392.4,Marbach LU
8595,10400,3,0,0,0,3,3,3,ds6,,Starkes Baumholz,Starkes Baumholz_6,0,1,1.04,not_young,1309.4,Sörenberg
8596,9564,2,1,0,1,2,2,2,ds2,,Jungwuchs/Dickung,Jungwuchs/Dickung_6,0,1,0.956,young,1312.9,Sörenberg
8597,10642,2,1,0,1,2,2,2,ds6,,Starkes Baumholz,Starkes Baumholz_6,0,1,1.064,not_young,1302.3,Marbach LU
8598,18400,3,0,0,0,3,3,3,ds6,,Starkes Baumholz,Starkes Baumholz_6,0,1,1.84,not_young,1148.4,Marbach LU
8599,10253,2,1,0,1,2,2,2,ds6,,Starkes Baumholz,Starkes Baumholz_6,0,1,1.025,not_young,1218.6,Sörenberg
8600,5528,3,0,0,0,3,3,3,ds6,,Starkes Baumholz,Starkes Baumholz_13,0,1,0.553,not_young,1055.8,Marbach LU
8601,6400,3,0,0,0,3,3,3,ds4,,Schwaches Baumholz,Schwaches Baumholz_6,0,1,0.64,not_young,1468.5,Sörenberg
8602,13848,3,0,0,0,3,3,3,ds5,,Mittleres Baumholz,Mittleres Baumholz_6,0,1,1.385,not_young,1119.9,Marbach LU
8603,7244,2,1,0,1,2,2,2,ds6,,Starkes Baumholz,Starkes Baumholz_6,0,1,0.724,not_young,1158.1,Sörenberg
8604,25400,3,0,0,0,3,3,3,ds5,,Mittleres Baumholz,Mittleres Baumholz_6,0,1,2.54,not_young,1169.8,Marbach LU
8605,14900,3,0,0,0,3,3,3,ds5,,Mittleres Baumholz,Mittleres Baumholz_6,0,1,1.49,not_young,1194.5,Marbach LU
8606,52850,3,0,0,0,3,3,3,ds4,,Schwaches Baumholz,Schwaches Baumholz_6,0,1,5.285,not_young,1426.1,Sörenberg
8607,6470,3,0,0,0,3,3,3,ds6,,Starkes Baumholz,Starkes Baumholz_6,0,1,0.647,not_young,1101.8,Marbach LU
8608,7467,2,1,0,1,2,2,2,ds5,,Mittleres Baumholz,Mittleres Baumholz_6,0,1,0.747,not_young,1421.4,Marbach LU
8609,20650,3,0,0,0,3,3,3,ds2,,Jungwuchs/Dickung,Jungwuchs/Dickung_6,0,1,2.065,young,1493.7,Sörenberg
8610,24400,2,1,0,1,2,2,2,ds6,,Starkes Baumholz,Starkes Baumholz_6,0,1,2.44,not_young,1357.4,Marbach LU
8611,5543,2,1,0,1,2,2,2,ds5,,Mittleres Baumholz,Mittleres Baumholz_6,0,1,0.554,not_young,1306.9,Marbach LU
8612,5500,3,0,0,0,3,3,3,ds5,,Mittleres Baumholz,Mittleres Baumholz_6,0,1,0.55,not_young,1311.3,Sörenberg
8613,28033,2,1,0,1,2,2,2,ds6,,Starkes Baumholz,Starkes Baumholz_6,0,1,2.803,not_young,1383.2,Marbach LU
8614,7421,3,0,0,0,3,3,3,ds4,,Schwaches Baumholz,Schwaches Baumholz_6,0,1,0.742,not_young,1156.4,Marbach LU
8615,27120,2,1,0,1,2,2,2,ds6,,Starkes Baumholz,Starkes Baumholz_6,0,1,2.712,not_young,1291.0,Marbach LU
8616,9100,2,1,0,1,2,2,2,ds3,,Stangenholz,Stangenholz_6,0,1,0.91,not_young,1262.2,Sörenberg
8617,15850,2,1,0,1,2,2,2,ds2,,Jungwuchs/Dickung,Jungwuchs/Dickung_6,0,1,1.585,young,1313.3,Sörenberg
8618,17358,2,1,0,1,2,2,2,ds5,,Mittleres Baumholz,Mittleres Baumholz_8,0,1,1.736,not_young,1616.0,Sörenberg
8619,5882,2,1,0,1,2,2,2,ds6,,Starkes Baumholz,Starkes Baumholz_6,0,1,0.588,not_young,1304.4,Sörenberg
8620,8216,3,0,0,0,3,3,3,ds2,,Jungwuchs/Dickung,Jungwuchs/Dickung_6,0,1,0.822,young,1210.2,Sörenberg
8621,6250,3,0,0,0,3,3,3,ds3,,Stangenholz,Stangenholz_6,0,1,0.625,not_young,1464.6,Sörenberg
8622,57013,3,0,0,0,3,3,3,ds2,,Jungwuchs/Dickung,Jungwuchs/Dickung_6,0,1,5.701,young,1291.3,Sörenberg
8623,9168,3,0,0,0,3,3,3,ds4,,Schwaches Baumholz,Schwaches Baumholz_6,0,1,0.917,not_young,1304.9,Sörenberg
8624,6650,2,1,0,1,2,2,2,ds2,,Jungwuchs/Dickung,Jungwuchs/Dickung_6,0,1,0.665,young,1260.4,Sörenberg
8625,6167,3,0,0,0,3,3,3,ds3,,Stangenholz,Stangenholz_8,0,1,0.617,not_young,1594.4,Sörenberg
8626,8746,3,0,0,0,3,3,3,ds3,,Stangenholz,Stangenholz_10,0,1,0.875,not_young,1572.3,Sörenberg
8627,8315,2,1,0,1,2,2,2,ds3,,Stangenholz,Stangenholz_6,0,1,0.832,not_young,1076.5,Sörenberg
8628,6554,2,1,0,1,2,2,2,ds6,,Starkes Baumholz,Starkes Baumholz_6,0,1,0.655,not_young,1079.8,Sörenberg
8629,16700,3,0,0,0,3,3,3,ds6,,Starkes Baumholz,Starkes Baumholz_6,0,1,1.67,not_young,1339.2,Sörenberg
8630,44490,2,1,0,1,2,2,2,ds4,,Schwaches Baumholz,Schwaches Baumholz_8,0,1,4.449,not_young,1684.5,Sörenberg
8631,13561,3,0,0,0,3,3,3,ds2,,Jungwuchs/Dickung,Jungwuchs/Dickung_6,0,1,1.356,young,1197.7,Sörenberg
8632,33009,3,0,0,0,3,3,3,ds6,,Starkes Baumholz,Starkes Baumholz_6,0,1,3.301,not_young,1243.2,Marbach LU
8633,8000,3,0,0,0,3,3,3,ds2,,Jungwuchs/Dickung,Jungwuchs/Dickung_10,0,1,0.8,young,1581.2,Sörenberg
8634,17750,3,0,0,0,3,3,3,ds3,,Stangenholz,Stangenholz_6,0,1,1.775,not_young,1489.7,Sörenberg
8635,5661,3,0,0,0,3,3,3,ds3,,Stangenholz,Stangenholz_6,0,1,0.566,not_young,1274.6,Sörenberg
8636,8771,2,1,0,1,2,2,2,ds6,,Starkes Baumholz,Starkes Baumholz_6,0,1,0.877,not_young,1443.9,Sörenberg
8637,14161,2,1,0,1,2,2,2,ds5,,Mittleres Baumholz,Mittleres Baumholz_6,0,1,1.416,not_young,1427.1,Marbach LU
8638,13850,2,1,0,1,2,2,2,ds5,,Mittleres Baumholz,Mittleres Baumholz_6,0,1,1.385,not_young,1338.5,Marbach LU
8639,7300,3,0,0,0,3,3,3,ds3,,Stangenholz,Stangenholz_6,0,1,0.73,not_young,1315.1,Sörenberg
8640,68698,2,1,0,1,2,2,2,ds6,,Starkes Baumholz,Starkes Baumholz_10,0,1,6.87,not_young,1511.6,Sörenberg
8641,62260,2,1,0,1,2,2,2,ds6,,Starkes Baumholz,Starkes Baumholz_6,0,1,6.226,not_young,1328.9,Marbach LU
8642,17200,3,0,0,0,3,3,3,ds4,,Schwaches Baumholz,Schwaches Baumholz_6,0,1,1.72,not_young,1434.0,Sörenberg
8643,9350,2,1,0,1,2,2,2,ds6,,Starkes Baumholz,Starkes Baumholz_6,0,1,0.935,not_young,1312.7,Sörenberg
8644,8290,3,0,0,0,3,3,3,ds6,,Starkes Baumholz,Starkes Baumholz_6,0,1,0.829,not_young,1246.4,Sörenberg
8645,5240,2,1,0,1,2,2,2,ds5,,Mittleres Baumholz,Mittleres Baumholz_6,0,1,0.524,not_young,1098.5,Sörenberg
8646,7381,2,1,0,1,2,2,2,ds6,,Starkes Baumholz,Starkes Baumholz_6,0,1,0.738,not_young,1408.1,Marbach LU
8647,5750,3,0,0,0,3,3,3,ds3,,Stangenholz,Stangenholz_6,0,1,0.575,not_young,1258.3,Sörenberg
8648,6946,2,1,0,1,2,2,2,ds5,,Mittleres Baumholz,Mittleres Baumholz_6,0,1,0.695,not_young,1307.7,Sörenberg
8649,6450,2,1,0,1,2,2,2,ds5,,Mittleres Baumholz,Mittleres Baumholz_6,0,1,0.645,not_young,1208.3,Marbach LU
8650,15606,2,1,0,1,2,2,2,ds5,,Mittleres Baumholz,Mittleres Baumholz_6,0,1,1.561,not_young,1390.5,Marbach LU
8651,14504,2,1,0,1,2,2,2,ds4,,Schwaches Baumholz,Schwaches Baumholz_6,0,1,1.45,not_young,1180.2,Sörenberg
8652,7500,2,1,0,1,2,2,2,ds4,,Schwaches Baumholz,Schwaches Baumholz_10,0,1,0.75,not_young,1520.2,Sörenberg
8653,8812,3,0,0,0,3,3,3,ds3,,Stangenholz,Stangenholz_8,0,1,0.881,not_young,1608.3,Sörenberg
8654,17244,3,0,0,0,3,3,3,ds3,,Stangenholz,Stangenholz_10,0,1,1.724,not_young,1557.4,Sörenberg
8655,18264,3,0,0,0,3,3,3,ds4,,Schwaches Baumholz,Schwaches Baumholz_6,0,1,1.826,not_young,1302.8,Sörenberg
8656,17027,2,1,0,1,2,2,2,ds6,,Starkes Baumholz,Starkes Baumholz_6,0,1,1.703,not_young,1276.3,Sörenberg
8657,24921,3,0,0,0,3,3,3,ds6,,Starkes Baumholz,Starkes Baumholz_6,0,1,2.492,not_young,1103.8,Sörenberg
8658,7229,3,0,0,0,3,3,3,ds5,,Mittleres Baumholz,Mittleres Baumholz_6,0,1,0.723,not_young,1150.2,Sörenberg
8659,7133,4,0,0,0,3,4,3,ds6,,Starkes Baumholz,Starkes Baumholz_6,0,1,0.713,not_young,1312.3,Schangnau
8660,6767,3,0,0,0,3,3,3,ds4,,Schwaches Baumholz,Schwaches Baumholz_6,0,1,0.677,not_young,1123.7,Sörenberg
8661,18030,2,1,0,1,2,2,2,ds6,,Starkes Baumholz,Starkes Baumholz_10,0,1,1.803,not_young,1464.2,Sörenberg
8662,7244,3,0,0,0,3,3,3,ds4,,Schwaches Baumholz,Schwaches Baumholz_6,0,1,0.724,not_young,1130.1,Sörenberg
8663,9400,3,0,0,0,3,3,3,ds5,,Mittleres Baumholz,Mittleres Baumholz_6,0,1,0.94,not_young,1239.1,Sörenberg
8664,44425,3,0,0,0,3,3,3,ds4,,Schwaches Baumholz,Schwaches Baumholz_6,0,1,4.443,not_young,1515.0,Sörenberg
8665,7306,3,0,0,0,3,3,3,ds5,,Mittleres Baumholz,Mittleres Baumholz_6,0,1,0.731,not_young,1366.5,Marbach LU
8666,21538,2,1,0,1,2,2,2,ds1,,Jungwuchs/Dickung,Jungwuchs/Dickung_6,0,1,2.154,young,1425.0,Marbach LU
8667,24320,3,0,0,0,3,3,3,ds3,,Stangenholz,Stangenholz_10,0,1,2.432,not_young,1546.9,Sörenberg
8668,5560,2,1,0,1,2,2,2,ds5,,Mittleres Baumholz,Mittleres Baumholz_6,0,1,0.556,not_young,1372.3,Sörenberg
8669,18650,3,0,0,0,3,3,3,ds3,,Stangenholz,Stangenholz_6,0,1,1.865,not_young,1441.4,Sörenberg
8670,15997,2,1,0,1,2,2,2,ds6,,Starkes Baumholz,Starkes Baumholz_6,0,1,1.6,not_young,1306.3,Sörenberg
8671,18581,3,0,0,0,3,3,3,ds3,,Stangenholz,Stangenholz_8,0,1,1.858,not_young,1644.5,Sörenberg
8672,13800,2,1,0,1,2,2,2,ds3,,Stangenholz,Stangenholz_8,0,1,1.38,not_young,1583.0,Sörenberg
8673,7221,3,0,0,0,3,3,3,ds4,,Schwaches Baumholz,Schwaches Baumholz_6,0,1,0.722,not_young,1153.5,Sörenberg
8674,10950,3,0,0,0,3,3,3,ds4,,Schwaches Baumholz,Schwaches Baumholz_6,0,1,1.095,not_young,1394.2,Sörenberg
8675,8823,2,1,0,1,2,2,2,ds4,,Schwaches Baumholz,Schwaches Baumholz_6,0,1,0.882,not_young,1240.8,Sörenberg
8676,13959,2,1,0,1,2,2,2,ds5,,Mittleres Baumholz,Mittleres Baumholz_6,0,1,1.396,not_young,1254.0,Sörenberg
8677,7630,4,0,0,0,3,4,3,ds2,,Jungwuchs/Dickung,Jungwuchs/Dickung_6,0,1,0.763,young,1385.5,Marbach LU
8678,9473,3,0,0,0,3,3,3,ds3,,Stangenholz,Stangenholz_8,0,1,0.947,not_young,1600.8,Sörenberg
8679,5050,3,0,0,0,3,3,3,ds6,,Starkes Baumholz,Starkes Baumholz_6,0,1,0.505,not_young,1184.8,Sörenberg
8680,7159,2,1,0,1,2,2,2,ds4,,Schwaches Baumholz,Schwaches Baumholz_10,0,1,0.716,not_young,1509.4,Sörenberg
8681,11534,2,1,0,1,2,2,2,ds5,,Mittleres Baumholz,Mittleres Baumholz_6,0,1,1.153,not_young,1276.0,Marbach LU
8682,25889,4,0,0,0,3,4,3,ds6,,Starkes Baumholz,Starkes Baumholz_6,0,1,2.589,not_young,1441.6,Marbach LU
8683,7305,2,1,0,1,2,2,2,ds4,,Schwaches Baumholz,Schwaches Baumholz_6,0,1,0.73,not_young,1409.2,Sörenberg
8684,12675,2,1,0,1,2,2,2,ds6,,Starkes Baumholz,Starkes Baumholz_6,0,1,1.268,not_young,1315.1,Marbach LU
8685,27450,3,0,0,0,3,3,3,ds3,,Stangenholz,Stangenholz_10,0,1,2.745,not_young,1583.3,Sörenberg
8686,9105,3,0,0,0,3,3,3,ds4,,Schwaches Baumholz,Schwaches Baumholz_6,0,1,0.91,not_young,1450.0,Sörenberg
8687,5335,2,1,0,1,2,2,2,ds4,,Schwaches Baumholz,Schwaches Baumholz_6,0,1,0.533,not_young,1301.0,Sörenberg
8688,5000,3,0,0,0,3,3,3,ds2,,Jungwuchs/Dickung,Jungwuchs/Dickung_6,0,1,0.5,young,1409.0,Sörenberg
8689,36232,3,0,0,0,3,3,3,ds6,,Starkes Baumholz,Starkes Baumholz_6,0,1,3.623,not_young,1148.0,Sörenberg
8690,64627,2,1,0,1,2,2,2,ds6,,Starkes Baumholz,Starkes Baumholz_6,0,1,6.463,not_young,1242.9,Marbach LU
8691,21410,2,1,0,1,2,2,2,ds6,,Starkes Baumholz,Starkes Baumholz_6,0,1,2.141,not_young,1272.1,Marbach LU
8692,7200,3,0,0,0,3,3,3,ds4,,Schwaches Baumholz,Schwaches Baumholz_6,0,1,0.72,not_young,1152.7,Sörenberg
8693,5614,3,0,0,0,3,3,3,ds3,,Stangenholz,Stangenholz_8,0,1,0.561,not_young,1713.6,Sörenberg
8694,20040,2,1,0,1,2,2,2,ds6,,Starkes Baumholz,Starkes Baumholz_6,0,1,2.004,not_young,1180.2,Sörenberg
8695,9507,4,0,0,0,3,4,3,ds6,,Starkes Baumholz,Starkes Baumholz_6,0,1,0.951,not_young,1274.6,Schangnau
8696,6650,3,0,0,0,3,3,3,ds2,,Jungwuchs/Dickung,Jungwuchs/Dickung_8,0,1,0.665,young,1608.9,Sörenberg
8697,11512,3,0,0,0,3,4,3,ds6,,Starkes Baumholz,Starkes Baumholz_6,0,1,1.151,not_young,1221.9,Marbach LU
8698,9341,2,1,0,1,2,2,2,ds5,,Mittleres Baumholz,Mittleres Baumholz_6,0,1,0.934,not_young,1185.5,Marbach LU
8699,14564,2,1,0,1,2,2,2,ds6,,Starkes Baumholz,Starkes Baumholz_6,0,1,1.456,not_young,1196.0,Marbach LU
8700,6449,2,1,0,1,2,2,2,ds6,,Starkes Baumholz,Starkes Baumholz_6,0,1,0.645,not_young,1239.0,Marbach LU
8701,6801,2,1,0,1,2,2,2,ds1,,Jungwuchs/Dickung,Jungwuchs/Dickung_6,0,1,0.68,young,1337.4,Marbach LU
8702,5500,3,0,0,0,3,3,3,ds3,,Stangenholz,Stangenholz_10,0,1,0.55,not_young,1587.3,Sörenberg
8703,56321,3,0,0,0,3,3,3,ds5,,Mittleres Baumholz,Mittleres Baumholz_6,0,1,5.632,not_young,1346.3,Sörenberg
8704,14460,2,1,0,1,2,2,2,ds6,,Starkes Baumholz,Starkes Baumholz_6,0,1,1.446,not_young,1365.2,Sörenberg
8705,126714,2,1,0,1,2,2,2,ds5,,Mittleres Baumholz,Mittleres Baumholz_8,0,1,12.671,not_young,1609.3,Sörenberg
8706,20551,4,0,0,0,3,4,3,ds6,,Starkes Baumholz,Starkes Baumholz_6,0,1,2.055,not_young,1241.6,Schangnau
8707,7431,2,1,0,1,2,2,2,ds6,,Starkes Baumholz,Starkes Baumholz_6,0,1,0.743,not_young,1176.7,Marbach LU
8708,6442,3,0,0,0,3,4,3,ds6,,Starkes Baumholz,Starkes Baumholz_6,0,1,0.644,not_young,1433.8,Marbach LU
8709,8050,3,0,0,0,3,3,3,ds3,,Stangenholz,Stangenholz_8,0,1,0.805,not_young,1625.7,Sörenberg
8710,6729,3,0,0,0,3,3,3,ds6,,Starkes Baumholz,Starkes Baumholz_6,0,1,0.673,not_young,1166.0,Sörenberg
8711,5493,2,1,0,1,2,2,2,ds4,,Schwaches Baumholz,Schwaches Baumholz_6,0,1,0.549,not_young,1270.3,Marbach LU
8712,5654,3,0,0,0,3,3,3,ds5,,Mittleres Baumholz,Mittleres Baumholz_6,0,1,0.565,not_young,1135.7,Sörenberg
8713,6846,2,1,0,1,2,2,2,ds5,,Mittleres Baumholz,Mittleres Baumholz_6,0,1,0.685,not_young,1314.0,Marbach LU
8714,20550,3,0,0,0,3,3,3,ds5,,Mittleres Baumholz,Mittleres Baumholz_6,0,1,2.055,not_young,1331.2,Marbach LU
8715,9786,3,0,0,0,3,3,3,ds4,,Schwaches Baumholz,Schwaches Baumholz_6,0,1,0.979,not_young,1159.0,Sörenberg
8716,20047,2,1,0,1,2,2,2,ds5,,Mittleres Baumholz,Mittleres Baumholz_10,0,1,2.005,not_young,1563.4,Sörenberg
8717,8700,3,0,0,0,3,3,3,ds3,,Stangenholz,Stangenholz_8,0,1,0.87,not_young,1599.3,Sörenberg
8718,4982,3,0,0,0,3,3,3,ds2,,Jungwuchs/Dickung,Jungwuchs/Dickung_6,0,1,0.498,young,1197.7,Sörenberg
8719,8080,3,0,0,0,3,4,3,ds6,,Starkes Baumholz,Starkes Baumholz_6,0,1,0.808,not_young,1209.9,Schangnau
8720,8043,3,0,0,0,3,3,3,ds3,,Stangenholz,Stangenholz_6,0,1,0.804,not_young,1377.7,Sörenberg
8721,5506,2,1,0,1,2,2,2,ds6,,Starkes Baumholz,Starkes Baumholz_6,0,1,0.551,not_young,1268.3,Marbach LU
8722,5785,2,1,0,1,2,2,2,ds4,,Schwaches Baumholz,Schwaches Baumholz_6,0,1,0.578,not_young,1177.2,Sörenberg
8723,6762,3,0,0,0,3,3,3,ds4,,Schwaches Baumholz,Schwaches Baumholz_6,0,1,0.676,not_young,1384.7,Sörenberg
8724,26013,2,1,0,1,2,2,2,ds6,,Starkes Baumholz,Starkes Baumholz_6,0,1,2.601,not_young,1173.8,Marbach LU
8725,12615,2,1,0,1,2,2,2,ds6,,Starkes Baumholz,Starkes Baumholz_6,0,1,1.261,not_young,1164.7,Schangnau
8726,8400,3,0,0,0,3,3,3,ds3,,Stangenholz,Stangenholz_8,0,1,0.84,not_young,1616.7,Sörenberg
8727,15388,3,0,0,0,3,3,3,ds6,,Starkes Baumholz,Starkes Baumholz_6,0,1,1.539,not_young,1186.6,Sörenberg
8728,7499,2,1,0,1,2,2,2,ds6,,Starkes Baumholz,Starkes Baumholz_6,0,1,0.75,not_young,1200.1,Schangnau
8729,36866,2,1,0,1,2,2,2,ds6,,Starkes Baumholz,Starkes Baumholz_6,0,1,3.687,not_young,1221.5,Schangnau
8730,16860,2,1,0,1,2,2,2,ds6,,Starkes Baumholz,Starkes Baumholz_6,0,1,1.686,not_young,1252.9,Marbach LU
8731,17385,2,1,0,1,2,2,2,ds6,,Starkes Baumholz,Starkes Baumholz_6,0,1,1.739,not_young,1325.5,Sörenberg
8732,8180,2,1,0,1,2,2,2,ds6,,Starkes Baumholz,Starkes Baumholz_13,0,1,0.818,not_young,1146.4,Marbach LU
8733,17050,3,0,0,0,3,3,3,ds3,,Stangenholz,Stangenholz_8,0,1,1.705,not_young,1600.5,Sörenberg
8734,6128,3,0,0,0,3,3,3,ds3,,Stangenholz,Stangenholz_6,0,1,0.613,not_young,1214.7,Sörenberg
8735,59119,3,0,0,0,3,3,3,ds2,,Jungwuchs/Dickung,Jungwuchs/Dickung_8,0,1,5.912,young,1658.7,Sörenberg
8736,5331,3,0,0,0,3,3,3,ds4,,Schwaches Baumholz,Schwaches Baumholz_6,0,1,0.533,not_young,1208.4,Sörenberg
8737,7635,2,1,0,1,2,2,2,ds4,,Schwaches Baumholz,Schwaches Baumholz_6,0,1,0.764,not_young,1313.2,Marbach LU
8738,5100,3,0,0,0,3,3,3,ds2,,Jungwuchs/Dickung,Jungwuchs/Dickung_8,0,1,0.51,young,1677.6,Sörenberg
8739,4990,3,0,0,0,3,3,3,ds5,,Mittleres Baumholz,Mittleres Baumholz_6,0,1,0.499,not_young,1233.0,Schangnau
8740,5895,3,0,0,0,3,3,3,ds1,,Jungwuchs/Dickung,Jungwuchs/Dickung_6,0,1,0.589,young,1417.3,Sörenberg
8741,15186,2,1,0,1,2,2,2,ds4,,Schwaches Baumholz,Schwaches Baumholz_10,0,1,1.519,not_young,1484.9,Sörenberg
8742,10878,3,0,0,0,3,3,3,ds3,,Stangenholz,Stangenholz_6,0,1,1.088,not_young,1202.3,Sörenberg
8743,6058,3,0,0,0,3,3,3,ds3,,Stangenholz,Stangenholz_6,0,1,0.606,not_young,1240.4,Sörenberg
8744,8602,2,1,0,1,2,2,2,ds5,,Mittleres Baumholz,Mittleres Baumholz_6,0,1,0.86,not_young,1130.9,Sörenberg
8745,6039,3,0,0,0,3,3,3,ds5,,Mittleres Baumholz,Mittleres Baumholz_6,0,1,0.604,not_young,1208.3,Sörenberg
8746,5700,3,0,0,0,3,3,3,ds2,,Jungwuchs/Dickung,Jungwuchs/Dickung_8,0,1,0.57,young,1623.8,Sörenberg
8747,5023,2,1,0,1,2,2,2,ds6,,Starkes Baumholz,Starkes Baumholz_6,0,1,0.502,not_young,1282.1,Sörenberg
8748,5400,2,1,0,1,2,2,2,ds5,,Mittleres Baumholz,Mittleres Baumholz_6,0,1,0.54,not_young,1354.9,Marbach LU
8749,5661,3,0,0,0,3,3,3,ds5,,Mittleres Baumholz,Mittleres Baumholz_6,0,1,0.566,not_young,1161.8,Sörenberg
8750,22099,2,1,0,1,2,2,2,ds6,,Starkes Baumholz,Starkes Baumholz_6,0,1,2.21,not_young,1161.3,Schangnau
8751,27500,3,0,0,0,3,3,3,ds3,,Stangenholz,Stangenholz_8,0,1,2.75,not_young,1647.4,Sörenberg
8752,6604,2,1,0,1,2,2,2,ds4,,Schwaches Baumholz,Schwaches Baumholz_6,0,1,0.66,not_young,1268.2,Sörenberg
8753,41831,2,1,0,1,2,2,2,ds4,,Schwaches Baumholz,Schwaches Baumholz_6,0,1,4.183,not_young,1317.8,Marbach LU
8754,9836,2,1,0,1,2,2,2,ds1,,Jungwuchs/Dickung,Jungwuchs/Dickung_6,0,1,0.984,young,1378.9,Marbach LU
8755,20250,3,0,0,0,3,3,3,ds6,,Starkes Baumholz,Starkes Baumholz_6,0,1,2.025,not_young,1274.3,Sörenberg
8756,26927,2,1,0,1,2,2,2,ds5,,Mittleres Baumholz,Mittleres Baumholz_6,0,1,2.693,not_young,1334.0,Marbach LU
8757,14150,3,0,0,0,3,3,3,ds3,,Stangenholz,Stangenholz_8,0,1,1.415,not_young,1595.9,Sörenberg
8758,5660,2,1,0,1,2,2,2,ds5,,Mittleres Baumholz,Mittleres Baumholz_6,0,1,0.566,not_young,1377.0,Marbach LU
8759,7909,3,0,0,0,3,3,3,ds2,,Jungwuchs/Dickung,Jungwuchs/Dickung_6,0,1,0.791,young,1416.0,Sörenberg
8760,5150,3,0,0,0,3,3,3,ds4,,Schwaches Baumholz,Schwaches Baumholz_6,0,1,0.515,not_young,1201.8,Sörenberg
8761,7850,2,1,0,1,2,2,2,ds2,,Jungwuchs/Dickung,Jungwuchs/Dickung_6,0,1,0.785,young,1168.0,Sörenberg
8762,7423,3,0,0,0,3,3,3,ds3,,Stangenholz,Stangenholz_6,0,1,0.742,not_young,1419.8,Sörenberg
8763,9036,3,0,0,0,3,3,3,ds1,,Jungwuchs/Dickung,Jungwuchs/Dickung_8,0,1,0.904,young,1666.7,Sörenberg
8764,5498,3,0,0,0,3,3,3,ds2,,Jungwuchs/Dickung,Jungwuchs/Dickung_6,0,1,0.55,young,1257.9,Sörenberg
8765,8265,2,1,0,1,2,2,2,ds5,,Mittleres Baumholz,Mittleres Baumholz_6,0,1,0.827,not_young,1169.0,Sörenberg
8766,10233,2,1,0,1,2,2,2,ds6,,Starkes Baumholz,Starkes Baumholz_6,0,1,1.023,not_young,1118.6,Schangnau
8767,11206,3,0,0,0,3,3,3,ds3,,Stangenholz,Stangenholz_8,0,1,1.121,not_young,1680.9,Sörenberg
8768,8554,3,0,0,0,3,3,3,ds2,,Jungwuchs/Dickung,Jungwuchs/Dickung_6,0,1,0.855,young,1413.4,Sörenberg
8769,5324,3,0,0,0,3,3,3,ds2,,Jungwuchs/Dickung,Jungwuchs/Dickung_6,0,1,0.532,young,1275.6,Sörenberg
8770,9850,3,0,0,0,3,3,3,ds3,,Stangenholz,Stangenholz_8,0,1,0.985,not_young,1633.9,Sörenberg
8771,4965,2,1,0,1,2,2,2,ds5,,Mittleres Baumholz,Mittleres Baumholz_6,0,1,0.497,not_young,1251.0,Sörenberg
8772,10500,3,0,0,0,3,3,3,ds3,,Stangenholz,Stangenholz_8,0,1,1.05,not_young,1593.7,Sörenberg
8773,17026,3,0,0,0,3,3,3,ds6,,Starkes Baumholz,Starkes Baumholz_6,0,1,1.703,not_young,1230.3,Sörenberg
8774,7045,3,0,0,0,3,3,3,ds5,,Mittleres Baumholz,Mittleres Baumholz_6,0,1,0.704,not_young,1214.7,Sörenberg
8775,5611,2,1,0,1,2,2,2,ds4,,Schwaches Baumholz,Schwaches Baumholz_6,0,1,0.561,not_young,1185.0,Sörenberg
8776,12319,3,0,0,0,3,3,3,ds6,,Starkes Baumholz,Starkes Baumholz_6,0,1,1.232,not_young,1252.7,Sörenberg
8777,17754,3,0,0,0,3,3,3,ds3,,Stangenholz,Stangenholz_5,0,1,1.775,not_young,1700.5,Sörenberg
8778,6304,3,0,0,0,3,3,3,ds6,,Starkes Baumholz,Starkes Baumholz_13,0,1,0.63,not_young,1145.3,Schangnau
8779,9686,3,0,0,0,3,3,3,ds3,,Stangenholz,Stangenholz_6,0,1,0.969,not_young,1426.5,Sörenberg
8780,7927,3,0,0,0,3,3,3,ds2,,Jungwuchs/Dickung,Jungwuchs/Dickung_6,0,1,0.793,young,1291.7,Sörenberg
8781,8627,2,1,0,1,2,2,2,ds5,,Mittleres Baumholz,Mittleres Baumholz_6,0,1,0.863,not_young,1222.5,Sörenberg
8782,31387,2,1,0,1,2,2,2,ds4,,Schwaches Baumholz,Schwaches Baumholz_6,0,1,3.139,not_young,1179.1,Sörenberg
8783,12400,3,0,0,0,3,3,3,ds2,,Jungwuchs/Dickung,Jungwuchs/Dickung_10,0,1,1.24,young,1560.9,Sörenberg
8784,14477,3,0,0,0,3,3,3,ds6,,Starkes Baumholz,Starkes Baumholz_6,0,1,1.448,not_young,1273.1,Schangnau
8785,5800,3,0,0,0,3,3,3,ds2,,Jungwuchs/Dickung,Jungwuchs/Dickung_8,0,1,0.58,young,1623.5,Sörenberg
8786,35000,3,0,0,0,3,3,3,ds3,,Stangenholz,Stangenholz_6,0,1,3.5,not_young,1499.9,Sörenberg
8787,11096,3,0,0,0,3,3,3,ds3,,Stangenholz,Stangenholz_6,0,1,1.11,not_young,1451.3,Sörenberg
8788,17741,3,0,0,0,3,3,3,ds5,,Mittleres Baumholz,Mittleres Baumholz_6,0,1,1.774,not_young,1263.8,Sörenberg
8789,5000,2,1,0,1,2,2,2,ds4,,Schwaches Baumholz,Schwaches Baumholz_6,0,1,0.5,not_young,1427.4,Sörenberg
8790,15000,3,0,0,0,3,3,3,ds4,,Schwaches Baumholz,Schwaches Baumholz_6,0,1,1.5,not_young,1457.1,Sörenberg
8791,32347,3,0,0,0,3,3,3,ds4,,Schwaches Baumholz,Schwaches Baumholz_6,0,1,3.235,not_young,1431.3,Sörenberg
8792,14444,3,0,0,0,3,3,3,ds3,,Stangenholz,Stangenholz_6,0,1,1.444,not_young,1292.6,Sörenberg
8793,30390,2,1,0,1,2,2,2,ds6,,Starkes Baumholz,Starkes Baumholz_6,0,1,3.039,not_young,1441.8,Sörenberg
8794,6550,3,0,0,0,3,3,3,ds2,,Jungwuchs/Dickung,Jungwuchs/Dickung_8,0,1,0.655,young,1640.3,Sörenberg
8795,5349,3,0,0,0,3,3,3,ds3,,Stangenholz,Stangenholz_6,0,1,0.535,not_young,1413.3,Sörenberg
8796,7466,2,1,0,1,2,2,2,ds6,,Starkes Baumholz,Starkes Baumholz_6,0,1,0.747,not_young,1131.3,Sörenberg
8797,5703,2,1,0,1,2,2,2,ds4,,Schwaches Baumholz,Schwaches Baumholz_6,0,1,0.57,not_young,1231.7,Sörenberg
8798,6028,3,0,0,0,3,3,3,ds3,,Stangenholz,Stangenholz_6,0,1,0.603,not_young,1467.7,Sörenberg
8799,5350,2,1,0,1,2,2,2,ds4,,Schwaches Baumholz,Schwaches Baumholz_6,0,1,0.535,not_young,1221.7,Sörenberg
8800,13150,3,0,0,0,3,3,3,ds3,,Stangenholz,Stangenholz_8,0,1,1.315,not_young,1675.6,Sörenberg
8801,8050,3,0,0,0,3,3,3,ds2,,Jungwuchs/Dickung,Jungwuchs/Dickung_6,0,1,0.805,young,1440.4,Sörenberg
8802,15132,3,0,0,0,3,3,3,ds3,,Stangenholz,Stangenholz_6,0,1,1.513,not_young,1270.7,Sörenberg
8803,7048,3,0,0,0,3,3,3,ds5,,Mittleres Baumholz,Mittleres Baumholz_6,0,1,0.705,not_young,1338.5,Marbach LU
8804,13393,3,0,0,0,3,3,3,ds3,,Stangenholz,Stangenholz_6,0,1,1.339,not_young,1487.6,Sörenberg
8805,17168,3,0,0,0,3,3,3,ds6,,Starkes Baumholz,Starkes Baumholz_6,0,1,1.717,not_young,1289.8,Sörenberg
8806,5137,3,0,0,0,3,3,3,ds4,,Schwaches Baumholz,Schwaches Baumholz_6,0,1,0.514,not_young,1299.8,Schangnau
8807,5850,3,0,0,0,3,3,3,ds2,,Jungwuchs/Dickung,Jungwuchs/Dickung_8,0,1,0.585,young,1646.6,Sörenberg
8808,6291,3,0,0,0,3,3,3,ds3,,Stangenholz,Stangenholz_6,0,1,0.629,not_young,1209.5,Sörenberg
8809,6808,2,1,0,1,2,2,2,ds5,,Mittleres Baumholz,Mittleres Baumholz_6,0,1,0.681,not_young,1135.1,Sörenberg
8810,26467,2,1,0,1,2,2,2,ds1,,Jungwuchs/Dickung,Jungwuchs/Dickung_6,0,1,2.647,young,1232.0,Sörenberg
8811,11000,3,0,0,0,3,3,3,ds4,,Schwaches Baumholz,Schwaches Baumholz_10,0,1,1.1,not_young,1509.2,Sörenberg
8812,30793,2,1,0,1,2,2,2,ds6,,Starkes Baumholz,Starkes Baumholz_6,0,1,3.079,not_young,1137.8,Schangnau
8813,5197,3,0,0,0,3,3,3,ds4,,Schwaches Baumholz,Schwaches Baumholz_6,0,1,0.52,not_young,1246.3,Sörenberg
8814,5000,2,1,0,1,2,2,2,ds3,,Stangenholz,Stangenholz_6,0,1,0.5,not_young,1437.8,Sörenberg
8815,14663,3,0,0,0,3,3,3,ds6,,Starkes Baumholz,Starkes Baumholz_6,0,1,1.466,not_young,1234.0,Sörenberg
8816,32148,2,1,0,1,2,2,2,ds6,,Starkes Baumholz,Starkes Baumholz_6,0,1,3.215,not_young,1228.3,Sörenberg
8817,19500,3,0,0,0,3,3,3,ds2,,Jungwuchs/Dickung,Jungwuchs/Dickung_8,0,1,1.95,young,1608.3,Sörenberg
8818,12753,3,0,0,0,3,3,3,ds3,,Stangenholz,Stangenholz_8,0,1,1.275,not_young,1690.6,Sörenberg
8819,6639,2,1,0,1,2,2,2,ds5,,Mittleres Baumholz,Mittleres Baumholz_6,0,1,0.664,not_young,1337.9,Sörenberg
8820,29570,2,1,0,1,2,2,2,ds6,,Starkes Baumholz,Starkes Baumholz_6,0,1,2.957,not_young,1371.3,Sörenberg
8821,5817,3,0,0,0,3,3,3,ds6,,Starkes Baumholz,Starkes Baumholz_6,0,1,0.582,not_young,1358.3,Sörenberg
8822,15531,3,0,0,0,3,3,3,ds4,,Schwaches Baumholz,Schwaches Baumholz_6,0,1,1.553,not_young,1464.0,Sörenberg
8823,30572,3,0,0,0,3,3,3,ds3,,Stangenholz,Stangenholz_10,0,1,3.057,not_young,1539.2,Sörenberg
8824,5616,3,0,0,0,3,3,3,ds5,,Mittleres Baumholz,Mittleres Baumholz_6,0,1,0.562,not_young,1391.4,Marbach LU
8825,7404,2,1,0,1,2,2,2,ds4,,Schwaches Baumholz,Schwaches Baumholz_6,0,1,0.74,not_young,1295.0,Sörenberg
8826,7788,3,0,0,0,3,3,3,ds4,,Schwaches Baumholz,Schwaches Baumholz_6,0,1,0.779,not_young,1335.1,Sörenberg
8827,5737,3,0,0,0,3,3,3,ds6,,Starkes Baumholz,Starkes Baumholz_6,0,1,0.574,not_young,1231.0,Sörenberg
8828,5969,2,1,0,1,2,2,2,ds3,,Stangenholz,Stangenholz_6,0,1,0.597,not_young,1291.9,Sörenberg
8829,8160,2,1,0,1,2,2,2,ds3,,Stangenholz,Stangenholz_6,0,1,0.816,not_young,1263.0,Sörenberg
8830,5450,2,1,0,1,2,2,2,ds4,,Schwaches Baumholz,Schwaches Baumholz_6,0,1,0.545,not_young,1424.2,Sörenberg
8831,7384,2,1,0,1,2,2,2,ds4,,Schwaches Baumholz,Schwaches Baumholz_6,0,1,0.738,not_young,1363.7,Sörenberg
8832,7600,3,0,0,0,3,3,3,ds2,,Jungwuchs/Dickung,Jungwuchs/Dickung_8,0,1,0.76,young,1673.7,Sörenberg
8833,6949,3,0,0,0,3,3,3,ds2,,Jungwuchs/Dickung,Jungwuchs/Dickung_6,0,1,0.695,young,1352.9,Sörenberg
8834,12200,3,0,0,0,3,3,3,ds2,,Jungwuchs/Dickung,Jungwuchs/Dickung_6,0,1,1.22,young,1382.6,Sörenberg
8835,5676,3,0,0,0,3,3,3,ds4,,Schwaches Baumholz,Schwaches Baumholz_10,0,1,0.568,not_young,1544.1,Sörenberg
8836,12732,3,0,0,0,3,3,3,ds5,,Mittleres Baumholz,Mittleres Baumholz_6,0,1,1.273,not_young,1339.7,Sörenberg
8837,8739,3,0,0,0,3,3,3,ds6,,Starkes Baumholz,Starkes Baumholz_6,0,1,0.874,not_young,1316.9,Schangnau
8838,8944,3,0,0,0,3,3,3,ds2,,Jungwuchs/Dickung,Jungwuchs/Dickung_6,0,1,0.894,young,1313.8,Sörenberg
8839,5718,3,0,0,0,3,3,3,ds3,,Stangenholz,Stangenholz_10,0,1,0.572,not_young,1554.6,Sörenberg
8840,5003,3,0,0,0,3,3,3,ds6,,Starkes Baumholz,Starkes Baumholz_6,0,1,0.5,not_young,1297.3,Sörenberg
8841,17216,3,0,0,0,3,3,3,ds6,,Starkes Baumholz,Starkes Baumholz_6,0,1,1.722,not_young,1237.1,Sörenberg
8842,10750,3,0,0,0,3,3,3,ds3,,Stangenholz,Stangenholz_10,0,1,1.075,not_young,1590.4,Sörenberg
8843,5630,2,1,0,1,2,2,2,ds4,,Schwaches Baumholz,Schwaches Baumholz_6,0,1,0.563,not_young,1235.8,Sörenberg
8844,6607,3,0,0,0,3,3,3,ds2,,Jungwuchs/Dickung,Jungwuchs/Dickung_8,0,1,0.661,young,1682.4,Sörenberg
8845,7350,3,0,0,0,3,3,3,ds4,,Schwaches Baumholz,Schwaches Baumholz_8,0,1,0.735,not_young,1616.2,Sörenberg
8846,6000,2,1,0,1,2,2,2,ds5,,Mittleres Baumholz,Mittleres Baumholz_6,0,1,0.6,not_young,1363.7,Sörenberg
8847,27381,3,0,0,0,3,3,3,ds4,,Schwaches Baumholz,Schwaches Baumholz_6,0,1,2.738,not_young,1484.8,Sörenberg
8848,8744,3,0,0,0,3,3,3,ds2,,Jungwuchs/Dickung,Jungwuchs/Dickung_6,0,1,0.874,young,1383.3,Sörenberg
8849,8386,2,1,0,1,2,2,2,ds4,,Schwaches Baumholz,Schwaches Baumholz_6,0,1,0.839,not_young,1376.4,Sörenberg
8850,28783,3,0,0,0,3,3,3,ds6,,Starkes Baumholz,Starkes Baumholz_6,0,1,2.878,not_young,1274.5,Sörenberg
8851,8873,3,0,0,0,3,3,3,ds3,,Stangenholz,Stangenholz_6,0,1,0.887,not_young,1348.3,Sörenberg
8852,20494,3,0,0,0,3,3,3,ds5,,Mittleres Baumholz,Mittleres Baumholz_6,0,1,2.049,not_young,1262.2,Schangnau
8853,5678,3,0,0,0,3,3,3,ds3,,Stangenholz,Stangenholz_10,0,1,0.568,not_young,1566.2,Sörenberg
8854,10950,3,0,0,0,3,3,3,ds4,,Schwaches Baumholz,Schwaches Baumholz_6,0,1,1.095,not_young,1467.4,Sörenberg
8855,6000,2,1,0,1,2,2,2,ds5,,Mittleres Baumholz,Mittleres Baumholz_6,0,1,0.6,not_young,1381.5,Sörenberg
8856,5739,2,1,0,1,2,2,2,ds4,,Schwaches Baumholz,Schwaches Baumholz_6,0,1,0.574,not_young,1360.7,Sörenberg
8857,10850,3,0,0,0,3,3,3,ds2,,Jungwuchs/Dickung,Jungwuchs/Dickung_8,0,1,1.085,young,1661.6,Sörenberg
8858,8648,2,1,0,1,2,2,2,ds5,,Mittleres Baumholz,Mittleres Baumholz_6,0,1,0.865,not_young,1322.9,Marbach LU
8859,5037,2,1,0,1,2,2,2,ds3,,Stangenholz,Stangenholz_6,0,1,0.504,not_young,1386.3,Sörenberg
8860,9421,3,0,0,0,3,3,3,ds3,,Stangenholz,Stangenholz_6,0,1,0.942,not_young,1284.3,Sörenberg
8861,5227,3,0,0,0,3,3,3,ds5,,Mittleres Baumholz,Mittleres Baumholz_6,0,1,0.523,not_young,1203.0,Sörenberg
8862,6279,2,1,0,1,2,2,2,ds4,,Schwaches Baumholz,Schwaches Baumholz_6,0,1,0.628,not_young,1214.6,Sörenberg
8863,7619,2,1,0,1,2,2,2,ds4,,Schwaches Baumholz,Schwaches Baumholz_6,0,1,0.762,not_young,1386.4,Sörenberg
8864,6624,2,1,0,1,2,2,2,ds5,,Mittleres Baumholz,Mittleres Baumholz_6,0,1,0.662,not_young,1379.6,Sörenberg
8865,32217,3,0,0,0,3,3,3,ds3,,Stangenholz,Stangenholz_8,0,1,3.222,not_young,1656.3,Sörenberg
8866,14517,3,0,0,0,3,3,3,ds6,,Starkes Baumholz,Starkes Baumholz_6,0,1,1.452,not_young,1279.5,Sörenberg
8867,7108,2,1,0,1,2,2,2,ds5,,Mittleres Baumholz,Mittleres Baumholz_6,0,1,0.711,not_young,1346.6,Marbach LU
8868,9269,3,0,0,0,3,3,3,ds1,,Jungwuchs/Dickung,Jungwuchs/Dickung_8,0,1,0.927,young,1681.5,Sörenberg
8869,8600,3,0,0,0,3,3,3,ds2,,Jungwuchs/Dickung,Jungwuchs/Dickung_6,0,1,0.86,young,1415.4,Sörenberg
8870,7393,3,0,0,0,3,3,3,ds5,,Mittleres Baumholz,Mittleres Baumholz_6,0,1,0.739,not_young,1396.5,Sörenberg
8871,11814,3,0,0,0,3,3,3,ds4,,Schwaches Baumholz,Schwaches Baumholz_6,0,1,1.181,not_young,1381.7,Sörenberg
8872,9624,3,0,0,0,3,3,3,ds3,,Stangenholz,Stangenholz_8,0,1,0.962,not_young,1689.6,Sörenberg
8873,16268,3,0,0,0,3,3,3,ds6,,Starkes Baumholz,Starkes Baumholz_6,0,1,1.627,not_young,1367.0,Sörenberg
8874,19163,2,1,0,1,2,2,2,ds6,,Starkes Baumholz,Starkes Baumholz_6,0,1,1.916,not_young,1296.8,Sörenberg
8875,6862,2,1,0,1,2,2,2,ds6,,Starkes Baumholz,Starkes Baumholz_6,0,1,0.686,not_young,1298.9,Sörenberg
8876,4996,2,1,0,1,2,2,2,ds3,,Stangenholz,Stangenholz_6,0,1,0.5,not_young,1394.6,Sörenberg
8877,10932,2,1,0,1,2,2,2,ds4,,Schwaches Baumholz,Schwaches Baumholz_6,0,1,1.093,not_young,1379.0,Sörenberg
8878,9029,2,1,0,1,2,2,2,ds6,,Starkes Baumholz,Starkes Baumholz_6,0,1,0.903,not_young,1371.8,Sörenberg
8879,5083,3,0,0,0,3,3,3,ds6,,Starkes Baumholz,Starkes Baumholz_6,0,1,0.508,not_young,1210.1,Sörenberg
8880,9950,3,0,0,0,3,3,3,ds5,,Mittleres Baumholz,Mittleres Baumholz_6,0,1,0.995,not_young,1461.9,Sörenberg
8881,6084,2,1,0,1,2,2,2,ds4,,Schwaches Baumholz,Schwaches Baumholz_6,0,1,0.608,not_young,1349.3,Sörenberg
8882,6706,2,1,0,1,2,2,2,ds4,,Schwaches Baumholz,Schwaches Baumholz_6,0,1,0.671,not_young,1221.4,Schangnau
8883,5193,2,1,0,1,2,2,2,ds5,,Mittleres Baumholz,Mittleres Baumholz_6,0,1,0.519,not_young,1261.8,Marbach LU
8884,11285,3,0,0,0,3,3,3,ds6,,Starkes Baumholz,Starkes Baumholz_6,0,1,1.128,not_young,1337.5,Sörenberg
8885,5255,2,1,0,1,2,2,2,ds3,,Stangenholz,Stangenholz_6,0,1,0.525,not_young,1393.4,Sörenberg
8886,10750,3,0,0,0,3,3,3,ds4,,Schwaches Baumholz,Schwaches Baumholz_6,0,1,1.075,not_young,1487.4,Sörenberg
8887,7143,3,0,0,0,3,3,3,ds5,,Mittleres Baumholz,Mittleres Baumholz_6,0,1,0.714,not_young,1386.9,Sörenberg
8888,6050,3,0,0,0,3,3,3,ds4,,Schwaches Baumholz,Schwaches Baumholz_6,0,1,0.605,not_young,1400.5,Sörenberg
8889,5407,2,1,0,1,2,2,2,ds5,,Mittleres Baumholz,Mittleres Baumholz_6,0,1,0.541,not_young,1389.5,Sörenberg
8890,5300,3,0,0,0,3,3,3,ds3,,Stangenholz,Stangenholz_6,0,1,0.53,not_young,1471.4,Sörenberg
8891,7913,2,1,0,1,2,2,2,ds1,,Jungwuchs/Dickung,Jungwuchs/Dickung_6,0,1,0.791,young,1314.3,Sörenberg
8892,7614,3,0,0,0,3,3,3,ds4,,Schwaches Baumholz,Schwaches Baumholz_10,0,1,0.761,not_young,1574.2,Sörenberg
8893,11250,3,0,0,0,3,3,3,ds2,,Jungwuchs/Dickung,Jungwuchs/Dickung_10,0,1,1.125,young,1535.5,Sörenberg
8894,8231,2,1,0,1,2,2,2,ds6,,Starkes Baumholz,Starkes Baumholz_6,0,1,0.823,not_young,1254.2,Sörenberg
8895,6899,2,1,0,1,2,2,2,ds3,,Stangenholz,Stangenholz_6,0,1,0.69,not_young,1165.9,Schangnau
8896,10950,2,1,0,1,2,2,2,ds4,,Schwaches Baumholz,Schwaches Baumholz_6,0,1,1.095,not_young,1336.0,Sörenberg
8897,5750,2,1,0,1,2,2,2,ds3,,Stangenholz,Stangenholz_6,0,1,0.575,not_young,1174.0,Marbach LU
8898,27005,2,1,0,1,2,2,2,ds6,,Starkes Baumholz,Starkes Baumholz_6,0,1,2.7,not_young,1262.0,Sörenberg
8899,17945,3,0,0,0,3,3,3,ds3,,Stangenholz,Stangenholz_10,0,1,1.794,not_young,1530.7,Sörenberg
8900,5578,3,0,0,0,3,3,3,ds4,,Schwaches Baumholz,Schwaches Baumholz_6,0,1,0.558,not_young,1407.0,Sörenberg
8901,24784,2,1,0,1,2,2,2,ds6,,Starkes Baumholz,Starkes Baumholz_6,0,1,2.478,not_young,1343.0,Sörenberg
8902,6553,3,0,0,0,3,3,3,ds2,,Jungwuchs/Dickung,Jungwuchs/Dickung_10,0,1,0.655,young,1575.3,Sörenberg
8903,6704,3,0,0,0,3,3,3,ds2,,Jungwuchs/Dickung,Jungwuchs/Dickung_8,0,1,0.67,young,1622.6,Sörenberg
8904,6694,2,1,0,1,2,2,2,ds6,,Starkes Baumholz,Starkes Baumholz_6,0,1,0.669,not_young,1182.4,Marbach LU
8905,6552,2,1,0,1,2,2,2,ds6,,Starkes Baumholz,Starkes Baumholz_6,0,1,0.655,not_young,1251.9,Sörenberg
8906,15450,2,1,0,1,2,2,2,ds3,,Stangenholz,Stangenholz_6,0,1,1.545,not_young,1365.8,Sörenberg
8907,6300,2,1,0,1,2,2,2,ds5,,Mittleres Baumholz,Mittleres Baumholz_6,0,1,0.63,not_young,1361.7,Sörenberg
8908,7811,2,1,0,1,2,2,2,ds4,,Schwaches Baumholz,Schwaches Baumholz_6,0,1,0.781,not_young,1275.7,Sörenberg
8909,26006,3,0,0,0,3,3,3,ds6,,Starkes Baumholz,Starkes Baumholz_6,0,1,2.601,not_young,1300.0,Sörenberg
8910,20765,3,0,0,0,3,3,3,ds2,,Jungwuchs/Dickung,Jungwuchs/Dickung_6,0,1,2.076,young,1296.2,Sörenberg
8911,5405,2,1,0,1,2,2,2,ds3,,Stangenholz,Stangenholz_6,0,1,0.541,not_young,1276.4,Sörenberg
8912,19094,2,1,0,1,2,2,2,ds5,,Mittleres Baumholz,Mittleres Baumholz_6,0,1,1.909,not_young,1371.7,Sörenberg
8913,4951,2,1,0,1,2,2,2,ds5,,Mittleres Baumholz,Mittleres Baumholz_6,0,1,0.495,not_young,1379.4,Marbach LU
8914,15700,3,0,0,0,3,3,3,ds4,,Schwaches Baumholz,Schwaches Baumholz_10,0,1,1.57,not_young,1496.1,Sörenberg
8915,9734,2,1,0,1,2,2,2,ds6,,Starkes Baumholz,Starkes Baumholz_6,0,1,0.973,not_young,1334.2,Sörenberg
8916,6242,3,0,0,0,3,3,3,ds5,,Mittleres Baumholz,Mittleres Baumholz_6,0,1,0.624,not_young,1437.9,Sörenberg
8917,6216,3,0,0,0,3,3,3,ds4,,Schwaches Baumholz,Schwaches Baumholz_6,0,1,0.622,not_young,1413.9,Sörenberg
8918,9542,3,0,0,0,3,3,3,ds2,,Jungwuchs/Dickung,Jungwuchs/Dickung_6,0,1,0.954,young,1391.6,Sörenberg
8919,5901,3,0,0,0,3,3,3,ds5,,Mittleres Baumholz,Mittleres Baumholz_6,0,1,0.59,not_young,1346.9,Sörenberg
8920,5486,3,0,0,0,3,3,3,ds5,,Mittleres Baumholz,Mittleres Baumholz_6,0,1,0.549,not_young,1438.0,Sörenberg
8921,21470,2,1,0,1,2,2,2,ds2,,Jungwuchs/Dickung,Jungwuchs/Dickung_6,0,1,2.147,young,1275.6,Sörenberg
8922,6934,2,1,0,1,2,2,2,ds5,,Mittleres Baumholz,Mittleres Baumholz_6,0,1,0.693,not_young,1193.4,Sörenberg
8923,18524,2,1,0,1,2,2,2,ds4,,Schwaches Baumholz,Schwaches Baumholz_6,0,1,1.852,not_young,1340.6,Sörenberg
8924,6085,2,1,0,1,2,2,2,ds6,,Starkes Baumholz,Starkes Baumholz_6,0,1,0.609,not_young,1242.8,Marbach LU
8925,4993,3,0,0,0,3,4,3,ds6,,Starkes Baumholz,Starkes Baumholz_6,0,1,0.499,not_young,1223.4,Marbach LU
8926,7300,2,1,0,1,2,2,2,ds4,,Schwaches Baumholz,Schwaches Baumholz_6,0,1,0.73,not_young,1343.7,Sörenberg
8927,6400,2,1,0,1,2,2,2,ds4,,Schwaches Baumholz,Schwaches Baumholz_6,0,1,0.64,not_young,1301.3,Marbach LU
8928,17866,3,0,0,0,3,3,3,ds3,,Stangenholz,Stangenholz_8,0,1,1.787,not_young,1628.7,Sörenberg
8929,5397,3,0,0,0,3,3,3,ds4,,Schwaches Baumholz,Schwaches Baumholz_10,0,1,0.54,not_young,1535.5,Sörenberg
8930,11687,2,1,0,1,2,2,2,ds4,,Schwaches Baumholz,Schwaches Baumholz_6,0,1,1.169,not_young,1308.0,Sörenberg
8931,14784,3,0,0,0,3,3,3,ds2,,Jungwuchs/Dickung,Jungwuchs/Dickung_6,0,1,1.478,young,1364.7,Sörenberg
8932,7765,3,0,0,0,3,3,3,ds2,,Jungwuchs/Dickung,Jungwuchs/Dickung_6,0,1,0.776,young,1466.7,Sörenberg
8933,16771,2,1,0,1,2,2,2,ds6,,Starkes Baumholz,Starkes Baumholz_6,0,1,1.677,not_young,1356.6,Sörenberg
8934,5050,2,1,0,1,2,2,2,ds3,,Stangenholz,Stangenholz_6,0,1,0.505,not_young,1380.0,Sörenberg
8935,6999,2,1,0,1,2,2,2,ds4,,Schwaches Baumholz,Schwaches Baumholz_6,0,1,0.7,not_young,1367.8,Sörenberg
8936,5747,3,0,0,0,3,3,3,ds5,,Mittleres Baumholz,Mittleres Baumholz_6,0,1,0.575,not_young,1401.8,Sörenberg
8937,7177,3,0,0,0,3,3,3,ds3,,Stangenholz,Stangenholz_6,0,1,0.718,not_young,1331.5,Sörenberg
8938,17169,2,1,0,1,2,2,2,ds6,,Starkes Baumholz,Starkes Baumholz_6,0,1,1.717,not_young,1245.4,Marbach LU
8939,11532,2,1,0,1,2,2,2,ds5,,Mittleres Baumholz,Mittleres Baumholz_6,0,1,1.153,not_young,1344.5,Sörenberg
8940,6164,2,1,0,1,2,2,2,ds6,,Starkes Baumholz,Starkes Baumholz_6,0,1,0.616,not_young,1302.0,Sörenberg
8941,9006,3,0,0,0,3,3,3,ds6,,Starkes Baumholz,Starkes Baumholz_6,0,1,0.901,not_young,1365.1,Sörenberg
8942,5650,2,1,0,1,2,2,2,ds5,,Mittleres Baumholz,Mittleres Baumholz_6,0,1,0.565,not_young,1349.8,Sörenberg
8943,7931,3,0,0,0,3,3,3,ds3,,Stangenholz,Stangenholz_6,0,1,0.793,not_young,1295.6,Sörenberg
8944,5001,2,1,0,1,2,2,2,ds4,,Schwaches Baumholz,Schwaches Baumholz_6,0,1,0.5,not_young,1222.2,Sörenberg
8945,11029,3,0,0,0,3,3,3,ds6,,Starkes Baumholz,Starkes Baumholz_6,0,1,1.103,not_young,1322.3,Sörenberg
8946,5227,2,1,0,1,2,2,2,ds5,,Mittleres Baumholz,Mittleres Baumholz_6,0,1,0.523,not_young,1341.2,Sörenberg
8947,5627,2,1,0,1,2,2,2,ds5,,Mittleres Baumholz,Mittleres Baumholz_6,0,1,0.563,not_young,1306.1,Sörenberg
8948,25827,2,1,0,1,2,2,2,ds6,,Starkes Baumholz,Starkes Baumholz_6,0,1,2.583,not_young,1400.2,Marbach LU
8949,5509,3,0,0,0,3,3,3,ds2,,Jungwuchs/Dickung,Jungwuchs/Dickung_6,0,1,0.551,young,1305.5,Sörenberg
8950,6111,3,0,0,0,3,3,3,ds3,,Stangenholz,Stangenholz_6,0,1,0.611,not_young,1180.0,Sörenberg
8951,11235,2,1,0,1,2,2,2,ds5,,Mittleres Baumholz,Mittleres Baumholz_6,0,1,1.124,not_young,1272.4,Marbach LU
8952,14150,2,1,0,1,2,2,2,ds2,,Jungwuchs/Dickung,Jungwuchs/Dickung_6,0,1,1.415,young,1396.2,Sörenberg
8953,5072,2,1,0,1,2,2,2,ds6,,Starkes Baumholz,Starkes Baumholz_6,0,1,0.507,not_young,1191.5,Marbach LU
8954,7367,2,1,0,1,2,2,2,ds5,,Mittleres Baumholz,Mittleres Baumholz_6,0,1,0.737,not_young,1421.2,Marbach LU
8955,5850,2,1,0,1,2,2,2,ds3,,Stangenholz,Stangenholz_6,0,1,0.585,not_young,1400.6,Sörenberg
8956,12097,2,1,0,1,2,2,2,ds6,,Starkes Baumholz,Starkes Baumholz_6,0,1,1.21,not_young,1382.3,Sörenberg
8957,10506,3,0,0,0,3,3,3,ds6,,Starkes Baumholz,Starkes Baumholz_6,0,1,1.051,not_young,1322.7,Sörenberg
8958,6301,2,1,0,1,2,2,2,ds5,,Mittleres Baumholz,Mittleres Baumholz_6,0,1,0.63,not_young,1272.5,Sörenberg
8959,11421,3,0,0,0,3,3,3,ds5,,Mittleres Baumholz,Mittleres Baumholz_6,0,1,1.142,not_young,1363.6,Sörenberg
8960,5534,3,0,0,0,3,3,3,ds2,,Jungwuchs/Dickung,Jungwuchs/Dickung_10,0,1,0.553,young,1444.0,Sörenberg
8961,11234,2,1,0,1,2,2,2,ds2,,Jungwuchs/Dickung,Jungwuchs/Dickung_6,0,1,1.123,young,1356.8,Sörenberg
8962,7043,3,0,0,0,3,3,3,ds6,,Starkes Baumholz,Starkes Baumholz_6,0,1,0.704,not_young,1323.0,Sörenberg
8963,8695,2,1,0,1,2,2,2,ds5,,Mittleres Baumholz,Mittleres Baumholz_6,0,1,0.87,not_young,1301.7,Sörenberg
8964,5264,3,0,0,0,3,3,3,ds3,,Stangenholz,Stangenholz_6,0,1,0.526,not_young,1376.9,Sörenberg
8965,5855,3,0,0,0,3,3,3,ds5,,Mittleres Baumholz,Mittleres Baumholz_6,0,1,0.585,not_young,1402.2,Sörenberg
8966,9133,2,1,0,1,2,2,2,ds2,,Jungwuchs/Dickung,Jungwuchs/Dickung_6,0,1,0.913,young,1406.9,Sörenberg
8967,7206,2,1,0,1,2,2,2,ds5,,Mittleres Baumholz,Mittleres Baumholz_6,0,1,0.721,not_young,1256.7,Marbach LU
8968,6824,3,0,0,0,3,3,3,ds3,,Stangenholz,Stangenholz_6,0,1,0.682,not_young,1194.1,Sörenberg
8969,5404,2,1,0,1,2,2,2,ds5,,Mittleres Baumholz,Mittleres Baumholz_6,0,1,0.54,not_young,1393.6,Sörenberg
8970,12140,2,1,0,1,2,2,2,ds6,,Starkes Baumholz,Starkes Baumholz_6,0,1,1.214,not_young,1238.3,Marbach LU
8971,11854,3,0,0,0,3,3,3,ds5,,Mittleres Baumholz,Mittleres Baumholz_6,0,1,1.185,not_young,1335.3,Sörenberg
8972,6208,3,0,0,0,3,3,3,ds1,,Jungwuchs/Dickung,Jungwuchs/Dickung_6,0,1,0.621,young,1208.0,Sörenberg
8973,6676,3,0,0,0,3,3,3,ds5,,Mittleres Baumholz,Mittleres Baumholz_6,0,1,0.668,not_young,1197.8,Sörenberg
8974,70168,2,1,0,1,2,2,2,ds2,,Jungwuchs/Dickung,Jungwuchs/Dickung_6,0,1,7.017,young,1359.1,Sörenberg
8975,17955,2,1,0,1,2,2,2,ds5,,Mittleres Baumholz,Mittleres Baumholz_6,0,1,1.795,not_young,1451.1,Marbach LU
8976,7150,2,1,0,1,2,2,2,ds2,,Jungwuchs/Dickung,Jungwuchs/Dickung_6,0,1,0.715,young,1406.8,Sörenberg
8977,7076,2,1,0,1,2,2,2,ds4,,Schwaches Baumholz,Schwaches Baumholz_6,0,1,0.708,not_young,1310.3,Sörenberg
8978,12417,2,1,0,1,2,2,2,ds5,,Mittleres Baumholz,Mittleres Baumholz_6,0,1,1.242,not_young,1402.0,Sörenberg
8979,9026,2,1,0,1,2,2,2,ds4,,Schwaches Baumholz,Schwaches Baumholz_6,0,1,0.903,not_young,1386.9,Sörenberg
8980,9300,2,1,0,1,2,2,2,ds2,,Jungwuchs/Dickung,Jungwuchs/Dickung_6,0,1,0.93,young,1419.3,Sörenberg
8981,6019,3,0,0,0,3,3,3,ds5,,Mittleres Baumholz,Mittleres Baumholz_6,0,1,0.602,not_young,1236.7,Sörenberg
8982,20640,1,0,2,2,1,1,1,ds4,,Schwaches Baumholz,Schwaches Baumholz_6,0,1,2.064,not_young,1364.3,Sörenberg
8983,5573,2,1,0,1,2,2,2,ds4,,Schwaches Baumholz,Schwaches Baumholz_6,0,1,0.557,not_young,1474.4,Marbach LU
8984,18225,3,0,0,0,3,3,1,ds6,,Starkes Baumholz,Starkes Baumholz_6,0,1,1.822,not_young,1346.3,Sörenberg
8985,8937,2,1,0,1,2,2,2,ds6,,Starkes Baumholz,Starkes Baumholz_6,0,1,0.894,not_young,1244.0,Marbach LU
8986,15876,2,1,0,1,2,2,2,ds5,,Mittleres Baumholz,Mittleres Baumholz_10,0,1,1.588,not_young,1564.4,Marbach LU
8987,25370,2,1,0,1,2,2,2,ds5,,Mittleres Baumholz,Mittleres Baumholz_6,0,1,2.537,not_young,1416.7,Sörenberg
8988,5420,2,1,0,1,2,2,2,ds4,,Schwaches Baumholz,Schwaches Baumholz_6,0,1,0.542,not_young,1413.3,Sörenberg
8989,9049,3,0,0,0,3,3,3,ds4,,Schwaches Baumholz,Schwaches Baumholz_6,0,1,0.905,not_young,1344.6,Sörenberg
8990,6015,3,0,0,0,3,3,3,ds5,,Mittleres Baumholz,Mittleres Baumholz_10,0,1,0.601,not_young,1457.3,Sörenberg
8991,6021,3,0,0,0,3,3,3,ds5,,Mittleres Baumholz,Mittleres Baumholz_6,0,1,0.602,not_young,1229.6,Sörenberg
8992,5188,2,1,0,1,2,2,2,ds4,,Schwaches Baumholz,Schwaches Baumholz_6,0,1,0.519,not_young,1340.6,Marbach LU
8993,5500,2,1,0,1,2,2,2,ds2,,Jungwuchs/Dickung,Jungwuchs/Dickung_10,0,1,0.55,young,1429.7,Sörenberg
8994,13794,1,0,2,2,1,1,1,ds3,,Stangenholz,Stangenholz_6,0,1,1.379,not_young,1344.8,Sörenberg
8995,5814,2,1,0,1,2,2,2,ds5,,Mittleres Baumholz,Mittleres Baumholz_6,0,1,0.581,not_young,1410.3,Sörenberg
8996,7912,2,1,0,1,2,2,2,ds6,,Starkes Baumholz,Starkes Baumholz_6,0,1,0.791,not_young,1403.9,Sörenberg
8997,6134,1,0,2,2,1,1,1,ds2,,Jungwuchs/Dickung,Jungwuchs/Dickung_6,0,1,0.613,young,1363.3,Sörenberg
8998,6813,3,0,0,0,3,3,3,ds2,,Jungwuchs/Dickung,Jungwuchs/Dickung_6,0,1,0.681,young,1218.8,Sörenberg
8999,17669,3,0,0,0,3,3,3,ds6,,Starkes Baumholz,Starkes Baumholz_6,0,1,1.767,not_young,1219.7,Sörenberg
9000,13835,3,0,0,0,3,3,3,ds4,,Schwaches Baumholz,Schwaches Baumholz_8,0,1,1.383,not_young,1600.8,Sörenberg
9001,6314,2,1,0,1,2,2,2,ds4,,Schwaches Baumholz,Schwaches Baumholz_10,0,1,0.631,not_young,1578.5,Marbach LU
9002,7771,3,0,0,0,3,3,3,ds5,,Mittleres Baumholz,Mittleres Baumholz_6,0,1,0.777,not_young,1443.5,Sörenberg
9003,6871,2,1,0,1,2,2,2,ds6,,Starkes Baumholz,Starkes Baumholz_6,0,1,0.687,not_young,1380.5,Sörenberg
9004,4983,2,1,0,1,2,2,2,ds6,,Starkes Baumholz,Starkes Baumholz_6,0,1,0.498,not_young,1279.1,Marbach LU
9005,6802,3,0,0,0,3,3,3,ds6,,Starkes Baumholz,Starkes Baumholz_6,0,1,0.68,not_young,1412.2,Sörenberg
9006,8143,3,0,0,0,3,3,3,ds6,,Starkes Baumholz,Starkes Baumholz_6,0,1,0.814,not_young,1262.5,Sörenberg
9007,10316,3,0,0,0,3,3,3,ds4,,Schwaches Baumholz,Schwaches Baumholz_8,0,1,1.032,not_young,1597.6,Sörenberg
9008,7501,3,0,0,0,3,3,3,ds1,,Jungwuchs/Dickung,Jungwuchs/Dickung_6,0,1,0.75,young,1284.4,Sörenberg
9009,6528,3,0,0,0,3,3,3,ds6,,Starkes Baumholz,Starkes Baumholz_6,0,1,0.653,not_young,1338.1,Sörenberg
9010,15882,1,0,2,2,1,1,1,ds3,,Stangenholz,Stangenholz_10,0,1,1.588,not_young,1487.2,Sörenberg
9011,9051,3,0,0,0,3,3,3,ds5,,Mittleres Baumholz,Mittleres Baumholz_10,0,1,0.905,not_young,1486.9,Sörenberg
9012,6044,4,0,0,0,3,4,3,ds4,,Schwaches Baumholz,Schwaches Baumholz_6,0,1,0.604,not_young,1290.5,Sörenberg
9013,8150,4,0,0,0,3,4,3,ds4,,Schwaches Baumholz,Schwaches Baumholz_6,0,1,0.815,not_young,1248.9,Schangnau
9014,9837,3,0,0,0,3,3,3,ds2,,Jungwuchs/Dickung,Jungwuchs/Dickung_8,0,1,0.984,young,1675.9,Sörenberg
9015,17372,3,0,0,0,3,3,3,ds5,,Mittleres Baumholz,Mittleres Baumholz_8,0,1,1.737,not_young,1547.7,Sörenberg
9016,10591,3,0,0,0,3,3,3,ds1,,Jungwuchs/Dickung,Jungwuchs/Dickung_5,0,1,1.059,young,1698.3,Sörenberg
9017,5312,3,0,0,0,3,3,3,ds4,,Schwaches Baumholz,Schwaches Baumholz_6,0,1,0.531,not_young,1280.8,Sörenberg
9018,11523,3,0,0,0,3,3,3,ds3,,Stangenholz,Stangenholz_8,0,1,1.152,not_young,1621.4,Sörenberg
9019,5154,1,0,2,2,1,1,1,ds4,,Schwaches Baumholz,Schwaches Baumholz_6,0,1,0.515,not_young,1330.1,Sörenberg
9020,5947,1,0,2,2,1,1,1,ds4,,Schwaches Baumholz,Schwaches Baumholz_6,0,1,0.595,not_young,1367.3,Sörenberg
9021,15847,3,0,0,0,3,3,3,ds5,,Mittleres Baumholz,Mittleres Baumholz_6,0,1,1.585,not_young,1396.2,Sörenberg
9022,5815,1,0,2,2,1,1,1,ds4,,Schwaches Baumholz,Schwaches Baumholz_6,0,1,0.582,not_young,1347.6,Sörenberg
9023,5402,2,1,0,1,2,2,2,ds6,,Starkes Baumholz,Starkes Baumholz_6,0,1,0.54,not_young,1411.8,Marbach LU
9024,8283,2,1,0,1,2,2,2,ds2,,Jungwuchs/Dickung,Jungwuchs/Dickung_10,0,1,0.828,young,1444.6,Sörenberg
9025,15794,2,1,0,1,2,2,2,ds5,,Mittleres Baumholz,Mittleres Baumholz_10,0,1,1.579,not_young,1577.4,Marbach LU
9026,15948,3,0,0,0,3,3,3,ds2,,Jungwuchs/Dickung,Jungwuchs/Dickung_10,0,1,1.595,young,1465.7,Sörenberg
9027,18743,3,0,0,0,3,3,3,ds5,,Mittleres Baumholz,Mittleres Baumholz_10,0,1,1.874,not_young,1564.5,Sörenberg
9028,5228,3,0,0,0,3,3,3,ds6,,Starkes Baumholz,Starkes Baumholz_6,0,1,0.523,not_young,1257.8,Sörenberg
9029,7988,1,0,2,2,1,1,1,ds5,,Mittleres Baumholz,Mittleres Baumholz_6,0,1,0.799,not_young,1355.0,Sörenberg
9030,7950,1,0,2,2,1,1,1,ds3,,Stangenholz,Stangenholz_6,0,1,0.795,not_young,1313.5,Sörenberg
9031,5397,3,0,0,0,3,3,3,ds6,,Starkes Baumholz,Starkes Baumholz_6,0,1,0.54,not_young,1265.8,Sörenberg
9032,19930,1,0,2,2,1,1,1,ds6,,Starkes Baumholz,Starkes Baumholz_6,0,1,1.993,not_young,1283.3,Sörenberg
9033,5095,3,0,0,0,3,3,3,ds3,,Stangenholz,Stangenholz_10,0,1,0.509,not_young,1470.8,Sörenberg
9034,5456,3,0,0,0,3,3,3,ds5,,Mittleres Baumholz,Mittleres Baumholz_10,0,1,0.546,not_young,1454.0,Sörenberg
9035,31906,2,1,0,1,2,2,2,ds3,,Stangenholz,Stangenholz_10,0,1,3.191,not_young,1430.4,Sörenberg
9036,5800,2,1,0,1,2,2,2,ds4,,Schwaches Baumholz,Schwaches Baumholz_6,0,1,0.58,not_young,1364.6,Sörenberg
9037,5850,1,0,2,2,1,1,1,ds4,,Schwaches Baumholz,Schwaches Baumholz_6,0,1,0.585,not_young,1339.6,Sörenberg
9038,5000,1,0,2,2,1,1,1,ds5,,Mittleres Baumholz,Mittleres Baumholz_6,0,1,0.5,not_young,1283.6,Sörenberg
9039,17688,2,1,0,1,2,2,2,ds6,,Starkes Baumholz,Starkes Baumholz_6,0,1,1.769,not_young,1361.0,Sörenberg
9040,11792,3,0,0,0,3,3,1,ds6,,Starkes Baumholz,Starkes Baumholz_6,0,1,1.179,not_young,1292.4,Sörenberg
9041,10373,3,0,0,0,3,3,1,ds3,,Stangenholz,Stangenholz_6,0,1,1.037,not_young,1280.0,Sörenberg
9042,6493,2,1,0,1,2,2,2,ds5,,Mittleres Baumholz,Mittleres Baumholz_6,0,1,0.649,not_young,1380.5,Marbach LU
9043,11262,3,0,0,0,3,3,3,ds5,,Mittleres Baumholz,Mittleres Baumholz_6,0,1,1.126,not_young,1258.3,Sörenberg
9044,12964,1,0,2,2,1,1,1,ds6,,Starkes Baumholz,Starkes Baumholz_6,0,1,1.296,not_young,1331.1,Sörenberg
9045,6186,3,0,0,0,3,3,3,ds6,,Starkes Baumholz,Starkes Baumholz_6,0,1,0.619,not_young,1301.1,Sörenberg
9046,13612,3,0,0,0,3,3,1,ds3,,Stangenholz,Stangenholz_6,0,1,1.361,not_young,1287.1,Sörenberg
9047,15340,3,0,0,0,3,3,3,ds6,,Starkes Baumholz,Starkes Baumholz_6,0,1,1.534,not_young,1241.6,Sörenberg
9048,8357,1,0,2,2,1,1,1,ds5,,Mittleres Baumholz,Mittleres Baumholz_6,0,1,0.836,not_young,1277.1,Sörenberg
9049,10394,2,1,0,1,2,2,2,ds5,,Mittleres Baumholz,Mittleres Baumholz_10,0,1,1.039,not_young,1470.8,Sörenberg
9050,5669,2,1,0,1,2,2,2,ds3,,Stangenholz,Stangenholz_10,0,1,0.567,not_young,1458.6,Sörenberg
9051,7431,3,0,0,0,3,3,3,ds3,,Stangenholz,Stangenholz_10,0,1,0.743,not_young,1492.2,Sörenberg
9052,15200,2,1,0,1,2,2,2,ds2,,Jungwuchs/Dickung,Jungwuchs/Dickung_6,0,1,1.52,young,1459.0,Marbach LU
9053,5150,1,0,2,2,1,1,1,ds4,,Schwaches Baumholz,Schwaches Baumholz_6,0,1,0.515,not_young,1296.0,Sörenberg
9054,6100,1,0,2,2,1,1,1,ds2,,Jungwuchs/Dickung,Jungwuchs/Dickung_6,0,1,0.61,young,1302.4,Sörenberg
9055,13181,3,0,0,0,3,3,3,ds6,,Starkes Baumholz,Starkes Baumholz_10,0,1,1.318,not_young,1473.8,Sörenberg
9056,21077,2,1,0,1,2,2,2,ds5,,Mittleres Baumholz,Mittleres Baumholz_10,0,1,2.108,not_young,1449.2,Sörenberg
9057,6790,2,1,0,1,2,2,2,ds4,,Schwaches Baumholz,Schwaches Baumholz_6,0,1,0.679,not_young,1402.6,Sörenberg
9058,7908,3,0,0,0,3,3,3,ds5,,Mittleres Baumholz,Mittleres Baumholz_6,0,1,0.791,not_young,1302.7,Sörenberg
9059,14004,3,0,0,0,3,3,3,ds5,,Mittleres Baumholz,Mittleres Baumholz_6,0,1,1.4,not_young,1493.6,Sörenberg
9060,8300,1,0,2,2,1,1,1,ds2,,Jungwuchs/Dickung,Jungwuchs/Dickung_6,0,1,0.83,young,1306.1,Sörenberg
9061,35021,3,0,0,0,3,4,3,ds5,,Mittleres Baumholz,Mittleres Baumholz_10,0,1,3.502,not_young,1564.0,Marbach LU
9062,7348,3,0,0,0,3,3,3,ds2,,Jungwuchs/Dickung,Jungwuchs/Dickung_6,0,1,0.735,young,1402.7,Sörenberg
9063,6231,4,0,0,0,3,4,3,ds4,,Schwaches Baumholz,Schwaches Baumholz_6,0,1,0.623,not_young,1387.2,Marbach LU
9064,5150,3,0,0,0,3,3,3,ds3,,Stangenholz,Stangenholz_6,0,1,0.515,not_young,1276.6,Sörenberg
9065,47949,3,0,0,0,3,3,3,ds6,,Starkes Baumholz,Starkes Baumholz_6,0,1,4.795,not_young,1253.1,Sörenberg
9066,37124,3,0,0,0,3,3,3,ds4,,Schwaches Baumholz,Schwaches Baumholz_10,0,1,3.712,not_young,1562.9,Sörenberg
9067,9616,3,0,0,0,3,3,3,ds2,,Jungwuchs/Dickung,Jungwuchs/Dickung_6,0,1,0.962,young,1296.0,Sörenberg
9068,5871,3,0,0,0,3,3,3,ds5,,Mittleres Baumholz,Mittleres Baumholz_10,0,1,0.587,not_young,1422.9,Sörenberg
9069,5435,3,0,0,0,3,4,3,ds4,,Schwaches Baumholz,Schwaches Baumholz_6,0,1,0.544,not_young,1333.5,Marbach LU
9070,7400,1,0,2,2,1,1,1,ds4,,Schwaches Baumholz,Schwaches Baumholz_6,0,1,0.74,not_young,1305.1,Sörenberg
9071,5327,3,0,0,0,3,3,3,ds3,,Stangenholz,Stangenholz_10,0,1,0.533,not_young,1484.4,Sörenberg
9072,6426,4,0,0,0,3,4,3,ds6,,Starkes Baumholz,Starkes Baumholz_6,0,1,0.643,not_young,1308.3,Marbach LU
9073,6650,3,0,0,0,3,3,3,ds5,,Mittleres Baumholz,Mittleres Baumholz_6,0,1,0.665,not_young,1253.0,Sörenberg
9074,11250,3,0,0,0,3,3,3,ds5,,Mittleres Baumholz,Mittleres Baumholz_6,0,1,1.125,not_young,1450.7,Sörenberg
9075,8214,1,0,2,2,1,1,1,ds4,,Schwaches Baumholz,Schwaches Baumholz_6,0,1,0.821,not_young,1315.6,Sörenberg
9076,12300,1,0,2,2,1,1,1,ds5,,Mittleres Baumholz,Mittleres Baumholz_6,0,1,1.23,not_young,1301.1,Sörenberg
9077,14117,3,0,0,0,3,3,3,ds6,,Starkes Baumholz,Starkes Baumholz_6,0,1,1.412,not_young,1404.5,Sörenberg
9078,25566,3,0,0,0,3,3,3,ds5,,Mittleres Baumholz,Mittleres Baumholz_10,0,1,2.557,not_young,1546.0,Marbach LU
9079,21177,3,0,0,0,3,3,3,ds4,,Schwaches Baumholz,Schwaches Baumholz_10,0,1,2.118,not_young,1554.1,Sörenberg
9080,24887,3,0,0,0,3,3,3,ds2,,Jungwuchs/Dickung,Jungwuchs/Dickung_6,0,1,2.489,young,1379.3,Sörenberg
9081,7050,3,0,0,0,3,3,3,ds1,,Jungwuchs/Dickung,Jungwuchs/Dickung_6,0,1,0.705,young,1242.3,Sörenberg
9082,8250,1,0,2,2,1,1,1,ds2,,Jungwuchs/Dickung,Jungwuchs/Dickung_6,0,1,0.825,young,1317.3,Sörenberg
9083,13229,3,0,0,0,3,3,1,ds3,,Stangenholz,Stangenholz_10,0,1,1.323,not_young,1495.4,Sörenberg
9084,10407,1,0,2,2,1,1,1,ds4,,Schwaches Baumholz,Schwaches Baumholz_10,0,1,1.041,not_young,1512.9,Sörenberg
9085,5392,1,0,2,2,1,1,1,ds4,,Schwaches Baumholz,Schwaches Baumholz_10,0,1,0.539,not_young,1431.8,Sörenberg
9086,8534,2,1,0,1,2,2,2,ds4,,Schwaches Baumholz,Schwaches Baumholz_10,0,1,0.853,not_young,1495.9,Sörenberg
9087,10259,3,0,0,0,3,3,3,ds6,,Starkes Baumholz,Starkes Baumholz_6,0,1,1.026,not_young,1357.7,Sörenberg
9088,5030,1,0,2,2,1,1,1,ds4,,Schwaches Baumholz,Schwaches Baumholz_6,0,1,0.503,not_young,1338.2,Sörenberg
9089,5650,1,0,2,2,1,1,1,ds4,,Schwaches Baumholz,Schwaches Baumholz_6,0,1,0.565,not_young,1315.7,Sörenberg
9090,7473,3,0,0,0,3,3,3,ds6,,Starkes Baumholz,Starkes Baumholz_6,0,1,0.747,not_young,1344.3,Sörenberg
9091,7727,1,0,2,2,1,1,1,ds4,,Schwaches Baumholz,Schwaches Baumholz_6,0,1,0.773,not_young,1313.5,Sörenberg
9092,8950,1,0,2,2,1,1,1,ds3,,Stangenholz,Stangenholz_10,0,1,0.895,not_young,1461.4,Sörenberg
9093,21584,1,0,2,2,1,1,1,ds2,,Jungwuchs/Dickung,Jungwuchs/Dickung_10,0,1,2.158,young,1465.2,Sörenberg
9094,13821,3,0,0,0,3,3,1,ds4,,Schwaches Baumholz,Schwaches Baumholz_10,0,1,1.382,not_young,1490.5,Sörenberg
9095,6450,3,0,0,0,3,3,3,ds6,,Starkes Baumholz,Starkes Baumholz_6,0,1,0.645,not_young,1423.1,Sörenberg
9096,7050,2,1,0,1,2,2,2,ds3,,Stangenholz,Stangenholz_10,0,1,0.705,not_young,1482.7,Sörenberg
9097,8550,3,0,0,0,3,3,3,ds6,,Starkes Baumholz,Starkes Baumholz_6,0,1,0.855,not_young,1412.3,Sörenberg
9098,5350,3,0,0,0,3,3,3,ds5,,Mittleres Baumholz,Mittleres Baumholz_6,0,1,0.535,not_young,1380.0,Sörenberg
9099,10450,3,0,0,0,3,3,3,ds2,,Jungwuchs/Dickung,Jungwuchs/Dickung_6,0,1,1.045,young,1248.3,Sörenberg
9100,5254,3,0,0,0,3,3,3,ds3,,Stangenholz,Stangenholz_6,0,1,0.525,not_young,1295.2,Sörenberg
9101,8696,1,0,2,2,1,1,1,ds5,,Mittleres Baumholz,Mittleres Baumholz_10,0,1,0.87,not_young,1437.5,Sörenberg
9102,5151,3,0,0,0,3,3,3,ds6,,Starkes Baumholz,Starkes Baumholz_6,0,1,0.515,not_young,1221.2,Sörenberg
9103,20650,3,0,0,0,3,3,3,ds2,,Jungwuchs/Dickung,Jungwuchs/Dickung_6,0,1,2.065,young,1276.6,Sörenberg
9104,6879,3,0,0,0,3,3,3,ds3,,Stangenholz,Stangenholz_6,0,1,0.688,not_young,1416.3,Sörenberg
9105,14250,1,0,2,2,1,1,1,ds3,,Stangenholz,Stangenholz_6,0,1,1.425,not_young,1315.1,Sörenberg
9106,4992,1,0,2,2,1,1,1,ds3,,Stangenholz,Stangenholz_10,0,1,0.499,not_young,1480.8,Sörenberg
9107,35263,1,0,2,2,1,1,1,ds6,,Starkes Baumholz,Starkes Baumholz_6,0,1,3.526,not_young,1303.6,Sörenberg
9108,6820,3,0,0,0,3,3,3,ds6,,Starkes Baumholz,Starkes Baumholz_6,0,1,0.682,not_young,1380.0,Sörenberg
9109,5797,3,0,0,0,3,3,3,ds3,,Stangenholz,Stangenholz_6,0,1,0.58,not_young,1358.8,Sörenberg
9110,10000,3,0,0,0,3,3,3,ds3,,Stangenholz,Stangenholz_6,0,1,1.0,not_young,1281.3,Sörenberg
9111,5062,3,0,0,0,3,3,1,ds3,,Stangenholz,Stangenholz_10,0,1,0.506,not_young,1495.3,Sörenberg
9112,8876,3,0,0,0,3,4,3,ds6,,Starkes Baumholz,Starkes Baumholz_6,0,1,0.888,not_young,1265.1,Marbach LU
9113,6012,3,0,0,0,3,3,1,ds6,,Starkes Baumholz,Starkes Baumholz_6,0,1,0.601,not_young,1276.8,Sörenberg
9114,5250,1,0,2,2,1,1,1,ds5,,Mittleres Baumholz,Mittleres Baumholz_6,0,1,0.525,not_young,1340.0,Sörenberg
9115,5254,1,0,2,2,1,1,1,ds4,,Schwaches Baumholz,Schwaches Baumholz_6,0,1,0.525,not_young,1323.5,Sörenberg
9116,8650,3,0,0,0,3,3,3,ds3,,Stangenholz,Stangenholz_6,0,1,0.865,not_young,1345.5,Sörenberg
9117,6959,1,0,2,2,1,1,1,ds2,,Jungwuchs/Dickung,Jungwuchs/Dickung_10,0,1,0.696,young,1485.2,Sörenberg
9118,9731,3,0,0,0,3,3,3,ds2,,Jungwuchs/Dickung,Jungwuchs/Dickung_6,0,1,0.973,young,1309.4,Sörenberg
9119,12642,1,0,2,2,1,1,1,ds4,,Schwaches Baumholz,Schwaches Baumholz_8,0,1,1.264,not_young,1615.7,Sörenberg
9120,4984,3,0,0,0,3,3,3,ds3,,Stangenholz,Stangenholz_6,0,1,0.498,not_young,1232.4,Sörenberg
9121,9600,3,0,0,0,3,3,3,ds4,,Schwaches Baumholz,Schwaches Baumholz_6,0,1,0.96,not_young,1235.2,Sörenberg
9122,16913,1,0,2,2,1,1,1,ds3,,Stangenholz,Stangenholz_6,0,1,1.691,not_young,1325.3,Sörenberg
9123,18299,3,0,0,0,3,3,3,ds5,,Mittleres Baumholz,Mittleres Baumholz_6,0,1,1.83,not_young,1307.7,Sörenberg
9124,8633,2,1,0,1,2,2,2,ds4,,Schwaches Baumholz,Schwaches Baumholz_10,0,1,0.863,not_young,1481.4,Sörenberg
9125,5481,4,0,0,0,3,4,3,ds6,,Starkes Baumholz,Starkes Baumholz_6,0,1,0.548,not_young,1368.4,Marbach LU
9126,5705,1,0,2,2,1,1,1,ds3,,Stangenholz,Stangenholz_10,0,1,0.571,not_young,1440.7,Sörenberg
9127,13233,2,1,0,1,2,2,2,ds6,,Starkes Baumholz,Starkes Baumholz_10,0,1,1.323,not_young,1470.7,Sörenberg
9128,6691,1,0,2,2,1,1,1,ds3,,Stangenholz,Stangenholz_10,0,1,0.669,not_young,1447.4,Sörenberg
9129,6300,3,0,0,0,3,3,3,ds5,,Mittleres Baumholz,Mittleres Baumholz_6,0,1,0.63,not_young,1276.1,Sörenberg
9130,9106,3,0,0,0,3,3,3,ds3,,Stangenholz,Stangenholz_6,0,1,0.911,not_young,1270.6,Sörenberg
9131,10056,3,0,0,0,3,3,3,ds3,,Stangenholz,Stangenholz_6,0,1,1.006,not_young,1290.0,Sörenberg
9132,17739,1,0,2,2,1,1,1,ds4,,Schwaches Baumholz,Schwaches Baumholz_6,0,1,1.774,not_young,1339.7,Sörenberg
9133,8560,3,0,0,0,3,3,3,ds3,,Stangenholz,Stangenholz_6,0,1,0.856,not_young,1306.4,Sörenberg
9134,6700,3,0,0,0,3,3,3,ds4,,Schwaches Baumholz,Schwaches Baumholz_6,0,1,0.67,not_young,1284.3,Sörenberg
9135,5851,1,0,2,2,1,1,1,ds5,,Mittleres Baumholz,Mittleres Baumholz_6,0,1,0.585,not_young,1337.3,Sörenberg
9136,6350,3,0,0,0,3,3,3,ds2,,Jungwuchs/Dickung,Jungwuchs/Dickung_6,0,1,0.635,young,1281.9,Sörenberg
9137,5100,3,0,0,0,3,3,3,ds5,,Mittleres Baumholz,Mittleres Baumholz_6,0,1,0.51,not_young,1204.5,Sörenberg
9138,7659,1,0,2,2,1,1,1,ds3,,Stangenholz,Stangenholz_10,0,1,0.766,not_young,1481.5,Sörenberg
9139,11539,1,0,2,2,1,1,1,ds3,,Stangenholz,Stangenholz_6,0,1,1.154,not_young,1342.8,Sörenberg
9140,7080,3,0,0,0,3,3,3,ds1,,Jungwuchs/Dickung,Jungwuchs/Dickung_6,0,1,0.708,young,1307.2,Sörenberg
9141,32749,1,0,2,2,1,1,1,ds5,,Mittleres Baumholz,Mittleres Baumholz_10,0,1,3.275,not_young,1422.7,Sörenberg
9142,8850,1,0,2,2,1,1,1,ds2,,Jungwuchs/Dickung,Jungwuchs/Dickung_6,0,1,0.885,young,1346.0,Sörenberg
9143,19950,1,0,2,2,1,1,1,ds3,,Stangenholz,Stangenholz_6,0,1,1.995,not_young,1346.6,Sörenberg
9144,5901,1,0,2,2,1,1,1,ds3,,Stangenholz,Stangenholz_10,0,1,0.59,not_young,1454.4,Sörenberg
9145,6623,1,0,2,2,1,1,1,ds4,,Schwaches Baumholz,Schwaches Baumholz_6,0,1,0.662,not_young,1353.2,Sörenberg
9146,5687,3,0,0,0,3,3,3,ds6,,Starkes Baumholz,Starkes Baumholz_6,0,1,0.569,not_young,1320.2,Sörenberg
9147,5706,3,0,0,0,3,3,3,ds3,,Stangenholz,Stangenholz_6,0,1,0.571,not_young,1330.4,Sörenberg
9148,12745,1,0,2,2,1,1,1,ds3,,Stangenholz,Stangenholz_10,0,1,1.275,not_young,1460.3,Sörenberg
9149,5911,3,0,0,0,3,3,3,ds6,,Starkes Baumholz,Starkes Baumholz_6,0,1,0.591,not_young,1206.7,Sörenberg
9150,12550,3,0,0,0,3,3,3,ds3,,Stangenholz,Stangenholz_6,0,1,1.255,not_young,1255.2,Sörenberg
9151,5940,3,0,0,0,3,3,3,ds5,,Mittleres Baumholz,Mittleres Baumholz_6,0,1,0.594,not_young,1307.2,Sörenberg
9152,5727,3,0,0,0,3,3,3,ds3,,Stangenholz,Stangenholz_6,0,1,0.573,not_young,1283.1,Sörenberg
9153,8511,3,0,0,0,3,3,3,ds5,,Mittleres Baumholz,Mittleres Baumholz_6,0,1,0.851,not_young,1326.4,Sörenberg
9154,6050,1,0,2,2,1,1,1,ds3,,Stangenholz,Stangenholz_10,0,1,0.605,not_young,1437.9,Sörenberg
9155,14650,3,0,0,0,3,3,3,ds3,,Stangenholz,Stangenholz_6,0,1,1.465,not_young,1196.8,Sörenberg
9156,5150,3,0,0,0,3,3,3,ds4,,Schwaches Baumholz,Schwaches Baumholz_6,0,1,0.515,not_young,1190.9,Sörenberg
9157,7200,3,0,0,0,3,3,3,ds4,,Schwaches Baumholz,Schwaches Baumholz_6,0,1,0.72,not_young,1344.9,Sörenberg
9158,14651,1,0,2,2,1,1,1,ds4,,Schwaches Baumholz,Schwaches Baumholz_6,0,1,1.465,not_young,1357.2,Sörenberg
9159,11150,1,0,2,2,1,1,1,ds6,,Starkes Baumholz,Starkes Baumholz_6,0,1,1.115,not_young,1356.1,Sörenberg
9160,7285,3,0,0,0,3,3,3,ds3,,Stangenholz,Stangenholz_6,0,1,0.729,not_young,1271.6,Sörenberg
9161,5914,2,1,0,1,2,2,2,ds5,,Mittleres Baumholz,Mittleres Baumholz_10,0,1,0.591,not_young,1535.9,Sörenberg
9162,7650,3,0,0,0,3,3,3,ds2,,Jungwuchs/Dickung,Jungwuchs/Dickung_6,0,1,0.765,young,1253.4,Sörenberg
9163,10300,1,0,2,2,1,1,1,ds4,,Schwaches Baumholz,Schwaches Baumholz_6,0,1,1.03,not_young,1363.2,Sörenberg
9164,20410,3,0,0,0,3,3,3,ds6,,Starkes Baumholz,Starkes Baumholz_6,0,1,2.041,not_young,1307.1,Sörenberg
9165,6250,3,0,0,0,3,3,3,ds2,,Jungwuchs/Dickung,Jungwuchs/Dickung_6,0,1,0.625,young,1241.7,Sörenberg
9166,7700,1,0,2,2,1,1,1,ds2,,Jungwuchs/Dickung,Jungwuchs/Dickung_6,0,1,0.77,young,1368.1,Sörenberg
9167,63207,1,0,2,2,1,1,1,ds6,,Starkes Baumholz,Starkes Baumholz_6,0,1,6.321,not_young,1333.0,Sörenberg
9168,7050,1,0,2,2,1,1,1,ds4,,Schwaches Baumholz,Schwaches Baumholz_6,0,1,0.705,not_young,1359.0,Sörenberg
9169,7904,3,0,0,0,3,3,3,ds5,,Mittleres Baumholz,Mittleres Baumholz_6,0,1,0.79,not_young,1143.9,Sörenberg
9170,28107,3,0,0,0,3,3,3,ds6,,Starkes Baumholz,Starkes Baumholz_6,0,1,2.811,not_young,1225.4,Marbach LU
9171,6159,3,0,0,0,3,3,3,ds3,,Stangenholz,Stangenholz_6,0,1,0.616,not_young,1369.8,Sörenberg
9172,18325,1,0,2,2,1,1,1,ds3,,Stangenholz,Stangenholz_10,0,1,1.833,not_young,1445.4,Sörenberg
9173,6250,3,0,0,0,3,3,3,ds4,,Schwaches Baumholz,Schwaches Baumholz_6,0,1,0.625,not_young,1164.5,Sörenberg
9174,13419,3,0,0,0,3,3,3,ds6,,Starkes Baumholz,Starkes Baumholz_6,0,1,1.342,not_young,1149.6,Sörenberg
9175,5215,3,0,0,0,3,3,3,ds1,,Jungwuchs/Dickung,Jungwuchs/Dickung_6,0,1,0.522,young,1177.6,Sörenberg
9176,11513,3,0,0,0,3,3,3,ds6,,Starkes Baumholz,Starkes Baumholz_6,0,1,1.151,not_young,1375.8,Sörenberg
9177,11618,3,0,0,0,3,3,3,ds6,,Starkes Baumholz,Starkes Baumholz_6,0,1,1.162,not_young,1156.9,Sörenberg
9178,8284,1,0,2,2,1,1,1,ds4,,Schwaches Baumholz,Schwaches Baumholz_6,0,1,0.828,not_young,1375.8,Sörenberg
9179,5350,1,0,2,2,1,1,1,ds3,,Stangenholz,Stangenholz_10,0,1,0.535,not_young,1451.2,Sörenberg
9180,6389,3,0,0,0,3,3,3,ds4,,Schwaches Baumholz,Schwaches Baumholz_6,0,1,0.639,not_young,1205.2,Sörenberg
9181,6911,3,0,0,0,3,3,3,ds5,,Mittleres Baumholz,Mittleres Baumholz_6,0,1,0.691,not_young,1206.4,Sörenberg
9182,7744,3,0,0,0,3,3,3,ds6,,Starkes Baumholz,Starkes Baumholz_6,0,1,0.774,not_young,1338.4,Sörenberg
9183,20728,3,0,0,0,3,3,3,ds4,,Schwaches Baumholz,Schwaches Baumholz_6,0,1,2.073,not_young,1212.9,Sörenberg
9184,5545,3,0,0,0,3,3,3,ds6,,Starkes Baumholz,Starkes Baumholz_6,0,1,0.555,not_young,1137.9,Sörenberg
9185,5576,3,0,0,0,3,3,3,ds6,,Starkes Baumholz,Starkes Baumholz_6,0,1,0.558,not_young,1189.4,Sörenberg
9186,40562,1,0,2,2,1,1,1,ds6,,Starkes Baumholz,Starkes Baumholz_6,0,1,4.056,not_young,1343.3,Sörenberg
9187,11554,1,0,2,2,1,1,1,ds3,,Stangenholz,Stangenholz_6,0,1,1.155,not_young,1379.1,Sörenberg
9188,8227,3,0,0,0,3,3,3,ds3,,Stangenholz,Stangenholz_6,0,1,0.823,not_young,1239.7,Sörenberg
9189,7570,3,0,0,0,3,3,3,ds5,,Mittleres Baumholz,Mittleres Baumholz_6,0,1,0.757,not_young,1357.5,Sörenberg
9190,8453,3,0,0,0,3,3,3,ds6,,Starkes Baumholz,Starkes Baumholz_6,0,1,0.845,not_young,1108.1,Sörenberg
9191,5900,1,0,2,2,1,1,1,ds4,,Schwaches Baumholz,Schwaches Baumholz_6,0,1,0.59,not_young,1370.6,Sörenberg
9192,61545,1,0,2,2,1,1,1,ds5,,Mittleres Baumholz,Mittleres Baumholz_10,0,1,6.155,not_young,1466.1,Sörenberg
9193,10639,1,0,2,2,1,1,1,ds5,,Mittleres Baumholz,Mittleres Baumholz_10,0,1,1.064,not_young,1442.9,Sörenberg
9194,8337,1,0,2,2,1,1,1,ds3,,Stangenholz,Stangenholz_6,0,1,0.834,not_young,1393.0,Sörenberg
9195,5000,1,0,2,2,1,1,1,ds3,,Stangenholz,Stangenholz_10,0,1,0.5,not_young,1451.7,Sörenberg
9196,6950,1,0,2,2,1,1,1,ds3,,Stangenholz,Stangenholz_10,0,1,0.695,not_young,1460.5,Sörenberg
9197,9734,3,0,0,0,3,3,3,ds6,,Starkes Baumholz,Starkes Baumholz_10,0,1,0.973,not_young,1482.6,Sörenberg
9198,6249,3,0,0,0,3,3,3,ds2,,Jungwuchs/Dickung,Jungwuchs/Dickung_10,0,1,0.625,young,1442.7,Sörenberg
9199,6219,3,0,0,0,3,3,3,ds6,,Starkes Baumholz,Starkes Baumholz_6,0,1,0.622,not_young,1155.1,Sörenberg
9200,7155,3,0,0,0,3,3,3,ds2,,Jungwuchs/Dickung,Jungwuchs/Dickung_6,0,1,0.716,young,1234.4,Sörenberg
9201,11351,3,0,0,0,3,3,3,ds6,,Starkes Baumholz,Starkes Baumholz_6,0,1,1.135,not_young,1110.2,Schangnau
9202,5734,3,0,0,0,3,3,3,ds5,,Mittleres Baumholz,Mittleres Baumholz_6,0,1,0.573,not_young,1202.8,Sörenberg
9203,14947,1,0,2,2,1,1,1,ds5,,Mittleres Baumholz,Mittleres Baumholz_6,0,1,1.495,not_young,1379.3,Sörenberg
9204,6171,1,0,2,2,1,1,1,ds3,,Stangenholz,Stangenholz_6,0,1,0.617,not_young,1373.8,Sörenberg
9205,6800,3,0,0,0,3,3,3,ds6,,Starkes Baumholz,Starkes Baumholz_10,0,1,0.68,not_young,1462.3,Sörenberg
9206,6142,3,0,0,0,3,3,3,ds5,,Mittleres Baumholz,Mittleres Baumholz_6,0,1,0.614,not_young,1232.0,Sörenberg
9207,12898,1,0,2,2,1,1,1,ds5,,Mittleres Baumholz,Mittleres Baumholz_6,0,1,1.29,not_young,1390.6,Sörenberg
9208,13821,3,0,0,0,3,3,3,ds4,,Schwaches Baumholz,Schwaches Baumholz_10,0,1,1.382,not_young,1495.6,Sörenberg
9209,6431,3,0,0,0,3,3,3,ds5,,Mittleres Baumholz,Mittleres Baumholz_10,0,1,0.643,not_young,1480.3,Sörenberg
9210,16296,3,0,0,0,3,3,3,ds6,,Starkes Baumholz,Starkes Baumholz_6,0,1,1.63,not_young,1096.0,Marbach LU
9211,8548,3,0,0,0,3,3,3,ds6,,Starkes Baumholz,Starkes Baumholz_6,0,1,0.855,not_young,1096.8,Schangnau
9212,11100,3,0,0,0,3,3,3,ds5,,Mittleres Baumholz,Mittleres Baumholz_6,0,1,1.11,not_young,1224.6,Sörenberg
9213,18099,1,0,2,2,1,1,1,ds3,,Stangenholz,Stangenholz_6,0,1,1.81,not_young,1385.4,Sörenberg
9214,11866,3,0,0,0,3,3,3,ds5,,Mittleres Baumholz,Mittleres Baumholz_6,0,1,1.187,not_young,1202.5,Schangnau
9215,5450,3,0,0,0,3,3,3,ds4,,Schwaches Baumholz,Schwaches Baumholz_6,0,1,0.545,not_young,1258.5,Sörenberg
9216,16914,3,0,0,0,3,3,3,ds5,,Mittleres Baumholz,Mittleres Baumholz_10,0,1,1.691,not_young,1451.4,Sörenberg
9217,31817,1,0,2,2,1,1,1,ds5,,Mittleres Baumholz,Mittleres Baumholz_6,0,1,3.182,not_young,1402.8,Sörenberg
9218,22952,1,0,2,2,1,1,1,ds4,,Schwaches Baumholz,Schwaches Baumholz_10,0,1,2.295,not_young,1472.3,Sörenberg
9219,17856,1,0,2,2,1,1,1,ds2,,Jungwuchs/Dickung,Jungwuchs/Dickung_10,0,1,1.786,young,1493.9,Sörenberg
9220,6897,4,0,0,0,3,4,3,ds6,,Starkes Baumholz,Starkes Baumholz_6,0,1,0.69,not_young,1085.8,Marbach LU
9221,5858,3,0,0,0,3,3,3,ds6,,Starkes Baumholz,Starkes Baumholz_6,0,1,0.586,not_young,1054.9,Marbach LU
9222,9614,4,0,0,0,3,4,3,ds5,,Mittleres Baumholz,Mittleres Baumholz_6,0,1,0.961,not_young,1267.9,Schangnau
9223,15859,3,0,0,0,3,3,3,ds6,,Starkes Baumholz,Starkes Baumholz_6,0,1,1.586,not_young,1212.6,Sörenberg
9224,8029,1,0,2,2,1,1,1,ds2,,Jungwuchs/Dickung,Jungwuchs/Dickung_10,0,1,0.803,young,1497.0,Sörenberg
9225,7981,3,0,0,0,3,4,3,ds6,,Starkes Baumholz,Starkes Baumholz_6,0,1,0.798,not_young,1243.3,Sörenberg
9226,10345,3,0,0,0,3,4,3,ds4,,Schwaches Baumholz,Schwaches Baumholz_6,0,1,1.034,not_young,1279.7,Schangnau
9227,6734,3,0,0,0,3,3,3,ds5,,Mittleres Baumholz,Mittleres Baumholz_6,0,1,0.673,not_young,1214.1,Sörenberg
9228,7071,3,0,0,0,3,3,3,ds5,,Mittleres Baumholz,Mittleres Baumholz_10,0,1,0.707,not_young,1527.2,Sörenberg
9229,7380,4,0,0,0,3,4,3,ds4,,Schwaches Baumholz,Schwaches Baumholz_6,0,1,0.738,not_young,1291.7,Schangnau
9230,14818,3,0,0,0,3,3,3,ds6,,Starkes Baumholz,Starkes Baumholz_6,0,1,1.482,not_young,1348.1,Sörenberg
9231,8922,3,0,0,0,3,3,3,ds6,,Starkes Baumholz,Starkes Baumholz_10,0,1,0.892,not_young,1492.7,Sörenberg
9232,5102,3,0,0,0,3,4,3,ds4,,Schwaches Baumholz,Schwaches Baumholz_6,0,1,0.51,not_young,1140.9,Schangnau
9233,8374,3,0,0,0,3,3,3,ds6,,Starkes Baumholz,Starkes Baumholz_6,0,1,0.837,not_young,1199.0,Schangnau
9234,5030,4,0,0,0,3,4,3,ds5,,Mittleres Baumholz,Mittleres Baumholz_6,0,1,0.503,not_young,1087.1,Schangnau
9235,4966,3,0,0,0,3,3,3,ds6,,Starkes Baumholz,Starkes Baumholz_6,0,1,0.497,not_young,1157.2,Sörenberg
9236,6789,3,0,0,0,3,3,3,ds6,,Starkes Baumholz,Starkes Baumholz_6,0,1,0.679,not_young,1361.8,Sörenberg
9237,13917,4,0,0,0,3,4,3,ds6,,Starkes Baumholz,Starkes Baumholz_6,0,1,1.392,not_young,1207.3,Schangnau
9238,6136,3,0,0,0,3,4,3,ds6,,Starkes Baumholz,Starkes Baumholz_6,0,1,0.614,not_young,1249.3,Schangnau
9239,5788,3,0,0,0,3,3,3,ds6,,Starkes Baumholz,Starkes Baumholz_6,0,1,0.579,not_young,1160.1,Schangnau
9240,13846,3,0,0,0,3,3,3,ds6,,Starkes Baumholz,Starkes Baumholz_6,0,1,1.385,not_young,1225.3,Sörenberg
9241,6497,3,0,0,0,3,3,3,ds6,,Starkes Baumholz,Starkes Baumholz_6,0,1,0.65,not_young,1390.6,Sörenberg
9242,21103,3,0,0,0,3,3,3,ds6,,Starkes Baumholz,Starkes Baumholz_6,0,1,2.11,not_young,1181.8,Schangnau
9243,5440,4,0,0,0,3,4,3,ds5,,Mittleres Baumholz,Mittleres Baumholz_6,0,1,0.544,not_young,1104.5,Schangnau
9244,5146,4,0,0,0,3,4,3,ds6,,Starkes Baumholz,Starkes Baumholz_6,0,1,0.515,not_young,1134.2,Schangnau
9245,5383,3,0,0,0,3,3,3,ds6,,Starkes Baumholz,Starkes Baumholz_6,0,1,0.538,not_young,1225.2,Schangnau
9246,5857,3,0,0,0,3,3,3,ds2,,Jungwuchs/Dickung,Jungwuchs/Dickung_6,0,1,0.586,young,1217.1,Schangnau
9247,6555,3,0,0,0,3,3,3,ds2,,Jungwuchs/Dickung,Jungwuchs/Dickung_6,0,1,0.656,young,1233.4,Schangnau
9248,5318,3,0,0,0,3,3,3,ds6,,Starkes Baumholz,Starkes Baumholz_6,0,1,0.532,not_young,1368.3,Sörenberg
9249,12276,3,0,0,0,3,3,3,ds6,,Starkes Baumholz,Starkes Baumholz_6,0,1,1.228,not_young,1253.4,Sörenberg
9250,16873,3,0,0,0,3,3,3,ds5,,Mittleres Baumholz,Mittleres Baumholz_6,0,1,1.687,not_young,1371.2,Sörenberg
9251,4983,3,0,0,0,3,3,3,ds5,,Mittleres Baumholz,Mittleres Baumholz_6,0,1,0.498,not_young,1403.4,Sörenberg
9252,6740,3,0,0,0,3,3,3,ds6,,Starkes Baumholz,Starkes Baumholz_6,0,1,0.674,not_young,1253.9,Sörenberg
9253,8880,3,0,0,0,3,3,3,ds1,,Jungwuchs/Dickung,Jungwuchs/Dickung_6,0,1,0.888,young,1258.5,Schangnau
9254,8438,3,0,0,0,3,3,3,ds6,,Starkes Baumholz,Starkes Baumholz_6,0,1,0.844,not_young,1246.5,Schangnau
9255,7214,3,0,0,0,3,3,3,ds6,,Starkes Baumholz,Starkes Baumholz_6,0,1,0.721,not_young,1381.9,Sörenberg
9256,11389,3,0,0,0,3,3,3,ds6,,Starkes Baumholz,Starkes Baumholz_6,0,1,1.139,not_young,1200.1,Schangnau
9257,8049,3,0,0,0,3,3,3,ds3,,Stangenholz,Stangenholz_6,0,1,0.805,not_young,1247.5,Sörenberg
9258,9849,3,0,0,0,3,3,3,ds6,,Starkes Baumholz,Starkes Baumholz_6,0,1,0.985,not_young,1391.0,Sörenberg
9259,12858,4,0,0,0,3,4,3,ds6,,Starkes Baumholz,Starkes Baumholz_6,0,1,1.286,not_young,1100.7,Schangnau
9260,8629,3,0,0,0,3,3,3,ds6,,Starkes Baumholz,Starkes Baumholz_6,0,1,0.863,not_young,1261.4,Schangnau
9261,11820,3,0,0,0,3,3,3,ds1,,Jungwuchs/Dickung,Jungwuchs/Dickung_6,0,1,1.182,young,1260.6,Schangnau
9262,10750,3,0,0,0,3,3,3,ds1,,Jungwuchs/Dickung,Jungwuchs/Dickung_6,0,1,1.075,young,1393.7,Sörenberg
9263,15079,3,0,0,0,3,3,3,ds5,,Mittleres Baumholz,Mittleres Baumholz_6,0,1,1.508,not_young,1262.0,Schangnau
9264,5475,3,0,0,0,3,3,3,ds6,,Starkes Baumholz,Starkes Baumholz_6,0,1,0.548,not_young,1396.9,Sörenberg
9265,11722,3,0,0,0,3,3,3,ds6,,Starkes Baumholz,Starkes Baumholz_6,0,1,1.172,not_young,1275.9,Schangnau
9266,11688,4,0,0,0,3,4,3,ds6,,Starkes Baumholz,Starkes Baumholz_6,0,1,1.169,not_young,1298.0,Schangnau
9267,9379,4,0,0,0,3,4,3,ds6,,Starkes Baumholz,Starkes Baumholz_6,0,1,0.938,not_young,1224.5,Schangnau
9268,9025,3,0,0,0,3,3,3,ds5,,Mittleres Baumholz,Mittleres Baumholz_6,0,1,0.902,not_young,1395.0,Sörenberg
9269,13841,3,0,0,0,3,3,3,ds5,,Mittleres Baumholz,Mittleres Baumholz_6,0,1,1.384,not_young,1286.0,Sörenberg
9270,6772,4,0,0,0,3,4,3,ds5,,Mittleres Baumholz,Mittleres Baumholz_6,0,1,0.677,not_young,1191.9,Schangnau
9271,15017,3,0,0,0,3,3,3,ds6,,Starkes Baumholz,Starkes Baumholz_10,0,1,1.502,not_young,1511.7,Sörenberg
9272,19505,3,0,0,0,3,3,3,ds5,,Mittleres Baumholz,Mittleres Baumholz_10,0,1,1.95,not_young,1446.7,Sörenberg
9273,6355,4,0,0,0,3,4,3,ds6,,Starkes Baumholz,Starkes Baumholz_6,0,1,0.636,not_young,1092.3,Schangnau
9274,18968,3,0,0,0,3,3,3,ds6,,Starkes Baumholz,Starkes Baumholz_10,0,1,1.897,not_young,1414.4,Sörenberg
9275,9480,3,0,0,0,3,4,3,ds6,,Starkes Baumholz,Starkes Baumholz_6,0,1,0.948,not_young,1162.2,Schangnau
9276,8910,3,0,0,0,3,3,3,ds6,,Starkes Baumholz,Starkes Baumholz_6,0,1,0.891,not_young,1308.9,Sörenberg
9277,5305,3,0,0,0,3,3,3,ds5,,Mittleres Baumholz,Mittleres Baumholz_10,0,1,0.531,not_young,1483.3,Sörenberg
9278,28061,4,0,0,0,3,4,3,ds6,,Starkes Baumholz,Starkes Baumholz_6,0,1,2.806,not_young,1259.7,Schangnau
9279,6246,3,0,0,0,3,3,3,ds1,,Jungwuchs/Dickung,Jungwuchs/Dickung_10,0,1,0.625,young,1480.9,Sörenberg
9280,17612,3,0,0,0,3,3,3,ds6,,Starkes Baumholz,Starkes Baumholz_6,0,1,1.761,not_young,1345.3,Sörenberg
9281,5687,3,0,0,0,3,3,3,ds6,,Starkes Baumholz,Starkes Baumholz_6,0,1,0.569,not_young,1394.1,Schangnau
9282,16830,3,0,0,0,3,3,3,ds6,,Starkes Baumholz,Starkes Baumholz_10,0,1,1.683,not_young,1482.9,Sörenberg
9283,5430,4,0,0,0,3,4,3,ds5,,Mittleres Baumholz,Mittleres Baumholz_6,0,1,0.543,not_young,1110.2,Schangnau
9284,5447,3,0,0,0,3,3,3,ds6,,Starkes Baumholz,Starkes Baumholz_10,0,1,0.545,not_young,1423.4,Sörenberg
9285,6669,3,0,0,0,3,3,3,ds6,,Starkes Baumholz,Starkes Baumholz_10,0,1,0.667,not_young,1436.3,Schangnau
9286,7502,3,0,0,0,3,3,3,ds6,,Starkes Baumholz,Starkes Baumholz_10,0,1,0.75,not_young,1490.3,Sörenberg
9287,24163,4,0,0,0,3,4,3,ds6,,Starkes Baumholz,Starkes Baumholz_6,0,1,2.416,not_young,1210.0,Schangnau
9288,10322,3,0,0,0,3,3,3,ds6,,Starkes Baumholz,Starkes Baumholz_6,0,1,1.032,not_young,1385.2,Sörenberg
9289,14678,4,0,0,0,3,4,3,ds6,,Starkes Baumholz,Starkes Baumholz_6,0,1,1.468,not_young,1227.7,Schangnau
9290,5400,3,0,0,0,3,3,3,ds6,,Starkes Baumholz,Starkes Baumholz_6,0,1,0.54,not_young,1386.0,Schangnau
9291,14003,4,0,0,0,3,4,3,ds4,,Schwaches Baumholz,Schwaches Baumholz_6,0,1,1.4,not_young,1251.5,Schangnau
9292,27294,4,0,0,0,3,4,3,ds6,,Starkes Baumholz,Starkes Baumholz_6,0,1,2.729,not_young,1265.1,Schangnau
9293,12648,3,0,0,0,3,3,3,ds6,,Starkes Baumholz,Starkes Baumholz_6,0,1,1.265,not_young,1273.3,Schangnau
9294,6371,3,0,0,0,3,3,3,ds1,,Jungwuchs/Dickung,Jungwuchs/Dickung_10,0,1,0.637,young,1463.7,Schangnau
9295,6709,3,0,0,0,3,3,3,ds5,,Mittleres Baumholz,Mittleres Baumholz_6,0,1,0.671,not_young,1319.2,Schangnau
9296,5766,3,0,0,0,3,3,3,ds6,,Starkes Baumholz,Starkes Baumholz_6,0,1,0.577,not_young,1339.8,Schangnau
9297,6643,3,0,0,0,3,3,3,ds6,,Starkes Baumholz,Starkes Baumholz_10,0,1,0.664,not_young,1496.9,Schangnau
9298,10315,3,0,0,0,3,3,3,ds6,,Starkes Baumholz,Starkes Baumholz_6,0,1,1.031,not_young,1392.9,Schangnau
9299,5459,3,0,0,0,3,3,3,ds1,,Jungwuchs/Dickung,Jungwuchs/Dickung_6,0,1,0.546,young,1383.0,Schangnau
9300,6780,3,0,0,0,3,3,3,ds6,,Starkes Baumholz,Starkes Baumholz_10,0,1,0.678,not_young,1408.2,Schangnau
34,18813,2,1,0,1,2,2,2,ds5,711.0,Mittleres Baumholz,Mittleres Baumholz_13,1,0,1.881,not_young,642.4,Romoos
38,66132,2,1,0,1,2,2,2,ds6,2800.0,Starkes Baumholz,Starkes Baumholz_13,1,0,6.613,not_young,744.7999999999998,Doppleschwand
48,56342,2,1,0,1,2,2,2,ds6,2565.0,Starkes Baumholz,Starkes Baumholz_13,1,0,5.634,not_young,788.1,Schüpfheim
55,8750,2,1,0,1,2,2,2,ds4,744.0,Schwaches Baumholz,Schwaches Baumholz_4,1,0,0.875,not_young,624.2,Ebnet
56,41652,2,1,0,1,2,2,2,ds6,518.0,Starkes Baumholz,Starkes Baumholz_13,1,0,4.165,not_young,734.2,Hasle LU
61,60439,3,0,0,0,3,3,3,ds6,525.0,Starkes Baumholz,Starkes Baumholz_13,1,0,6.044,not_young,764.5,Schüpfheim
66,9248,3,0,0,0,3,3,3,ds5,670.0,Mittleres Baumholz,Mittleres Baumholz_13,1,0,0.925,not_young,818.0,Schüpfheim
82,5049,3,0,0,0,3,3,3,ds3,770.0,Stangenholz,Stangenholz_13,1,0,0.505,not_young,903.0,Romoos
97,4415,3,0,0,0,3,4,3,ds3,765.0,Stangenholz,Stangenholz_13,1,0,0.442,not_young,715.1,Schüpfheim
111,35183,2,1,0,1,2,2,2,ds5,4709.0,Mittleres Baumholz,Mittleres Baumholz_13,1,0,3.518,not_young,796.3999999999999,Doppleschwand
135,40978,3,0,0,0,3,3,3,ds5,6720.0,Mittleres Baumholz,Mittleres Baumholz_13,1,0,4.098,not_young,881.2,Romoos
159,7091,3,0,0,0,3,3,3,ds4,636.0,Schwaches Baumholz,Schwaches Baumholz_13,1,0,0.709,not_young,818.7,Romoos
163,45382,2,1,0,1,2,2,2,ds6,6528.0,Starkes Baumholz,Starkes Baumholz_13,1,0,4.538,not_young,833.8999999999999,Wiggen
171,3351,3,0,0,0,3,3,3,ds4,618.0,Schwaches Baumholz,Schwaches Baumholz_13,1,0,0.335,not_young,714.9,Schüpfheim
173,3253,2,1,0,1,2,2,2,ds5,556.0,Mittleres Baumholz,Mittleres Baumholz_13,1,0,0.325,not_young,704.2,Hasle LU
174,41804,2,1,0,1,2,2,2,ds6,384.0,Starkes Baumholz,Starkes Baumholz_13,1,0,4.18,not_young,919.0,Fontannen b. W.
179,8200,2,1,0,1,2,2,2,ds4,610.0,Schwaches Baumholz,Schwaches Baumholz_13,1,0,0.82,not_young,944.1,Escholzmatt
180,36193,2,1,0,1,2,2,2,ds5,546.0,Mittleres Baumholz,Mittleres Baumholz_13,1,0,3.619,not_young,743.0,Fontannen b. W.
181,17754,2,1,0,1,2,2,1,ds4,2650.0,Schwaches Baumholz,Schwaches Baumholz_13,1,0,1.775,not_young,892.5,Romoos
191,19824,2,1,0,1,2,2,2,ds4,2646.0,Schwaches Baumholz,Schwaches Baumholz_4,1,0,1.982,not_young,696.3,Doppleschwand
196,3704,3,0,0,0,3,3,3,ds4,598.0,Schwaches Baumholz,Schwaches Baumholz_13,1,0,0.37,not_young,926.9,Escholzmatt
219,27940,3,0,0,0,3,3,3,ds6,432.0,Starkes Baumholz,Starkes Baumholz_13,1,0,2.794,not_young,814.0,Schüpfheim
224,18342,2,1,0,1,2,2,2,ds4,2604.0,Schwaches Baumholz,Schwaches Baumholz_13,1,0,1.834,not_young,816.2999999999998,Doppleschwand
225,25973,3,0,0,0,3,3,3,ds5,2540.0,Mittleres Baumholz,Mittleres Baumholz_13,1,0,2.597,not_young,779.5,Schüpfheim
255,40048,2,1,0,1,2,2,2,ds6,476.0,Starkes Baumholz,Starkes Baumholz_13,1,0,4.005,not_young,798.0,Romoos
264,12790,3,0,0,0,3,3,3,ds3,588.0,Stangenholz,Stangenholz_13,1,0,1.279,not_young,942.4,Schüpfheim
299,5464,3,0,0,0,3,3,3,ds3,558.0,Stangenholz,Stangenholz_13,1,0,0.546,not_young,982.6,Schüpfheim
307,11861,3,0,0,0,3,3,3,ds5,2470.0,Mittleres Baumholz,Mittleres Baumholz_13,1,0,1.186,not_young,899.7,Romoos
321,42642,3,0,0,0,3,3,3,ds6,4380.0,Starkes Baumholz,Starkes Baumholz_13,1,0,4.264,not_young,912.4,Romoos
359,11203,2,1,0,1,2,2,2,ds5,380.0,Mittleres Baumholz,Mittleres Baumholz_13,1,0,1.12,not_young,797.2999999999998,Hasle LU
392,4414,2,1,0,1,2,2,2,ds2,548.0,Jungwuchs/Dickung,Jungwuchs/Dickung_4,1,0,0.441,young,650.7,Entlebuch
398,66448,2,1,0,1,2,2,2,ds6,6500.0,Starkes Baumholz,Starkes Baumholz_13,1,0,6.645,not_young,761.3999999999999,Fontannen b. W.
404,1797,3,0,0,0,3,3,3,ds5,337.0,Mittleres Baumholz,Mittleres Baumholz_4,1,0,0.18,not_young,739.2999999999998,Schüpfheim
428,21126,2,1,0,1,2,2,2,ds6,352.0,Starkes Baumholz,Starkes Baumholz_13,1,0,2.113,not_young,833.7999999999998,Doppleschwand
432,6877,2,1,0,1,2,2,2,ds2,512.0,Jungwuchs/Dickung,Jungwuchs/Dickung_13,1,0,0.688,young,927.2,Romoos
449,19654,3,0,0,0,3,3,3,ds5,4392.0,Mittleres Baumholz,Mittleres Baumholz_13,1,0,1.965,not_young,857.6,Schüpfheim
461,12198,3,0,0,0,3,3,3,ds2,490.0,Jungwuchs/Dickung,Jungwuchs/Dickung_13,1,0,1.22,young,816.2999999999998,Schüpfheim
476,12925,2,1,0,1,2,2,2,ds5,2331.0,Mittleres Baumholz,Mittleres Baumholz_13,1,0,1.292,not_young,922.2,Escholzmatt
483,1958,2,1,0,1,2,2,2,ds3,408.0,Stangenholz,Stangenholz_13,1,0,0.196,not_young,713.8,Hasle LU
490,12997,3,0,0,0,3,3,3,ds3,412.0,Stangenholz,Stangenholz_13,1,0,1.3,not_young,918.9,Doppleschwand
504,6669,2,1,0,1,2,4,2,ds2,462.0,Jungwuchs/Dickung,Jungwuchs/Dickung_13,1,0,0.667,young,677.9,Hasle LU
505,15725,2,1,0,1,2,2,2,ds4,333.0,Schwaches Baumholz,Schwaches Baumholz_13,1,0,1.572,not_young,831.2,Fontannen b. W.
515,25224,3,0,0,0,3,3,3,ds4,324.0,Schwaches Baumholz,Schwaches Baumholz_13,1,0,2.522,not_young,898.1,Doppleschwand
523,9062,2,1,0,1,2,2,2,ds4,315.0,Schwaches Baumholz,Schwaches Baumholz_13,1,0,0.906,not_young,880.2999999999998,Wiggen
524,14463,3,0,0,0,3,3,3,ds6,180.0,Starkes Baumholz,Starkes Baumholz_13,1,0,1.446,not_young,834.6,Escholzmatt
534,27382,3,0,0,0,3,3,3,ds6,4301.0,Starkes Baumholz,Starkes Baumholz_13,1,0,2.738,not_young,924.9,Hasle LU
540,35721,3,0,0,0,3,3,3,ds6,195.0,Starkes Baumholz,Starkes Baumholz_13,1,0,3.572,not_young,833.6,Romoos
548,3199,3,0,0,0,3,3,3,ds3,364.0,Stangenholz,Stangenholz_13,1,0,0.32,not_young,708.1,Schüpfheim
549,14512,2,1,0,1,2,2,2,ds5,238.0,Mittleres Baumholz,Mittleres Baumholz_13,1,0,1.451,not_young,883.3999999999999,Marbach LU
569,8798,2,1,0,1,2,2,2,ds3,348.0,Stangenholz,Stangenholz_13,1,0,0.88,not_young,712.9,Romoos
573,11798,2,1,0,1,2,2,2,ds4,276.0,Schwaches Baumholz,Schwaches Baumholz_13,1,0,1.18,not_young,859.2,Hasle LU
574,12696,2,1,0,1,2,2,2,ds6,2275.0,Starkes Baumholz,Starkes Baumholz_13,1,0,1.27,not_young,806.2,Escholzmatt
580,1031,3,0,0,0,3,3,3,ds4,264.0,Schwaches Baumholz,Schwaches Baumholz_13,1,0,0.103,not_young,835.7999999999998,Escholzmatt
613,20374,2,1,0,1,2,2,2,ds5,189.0,Mittleres Baumholz,Mittleres Baumholz_13,1,0,2.037,not_young,822.7999999999998,Escholzmatt
641,1336,3,0,0,0,3,3,3,ds3,282.0,Stangenholz,Stangenholz_13,1,0,0.134,not_young,844.1,Romoos
652,8201,2,1,0,1,2,2,2,ds6,30.0,Starkes Baumholz,Starkes Baumholz_4,1,0,0.82,not_young,658.4,Ebnet
663,16599,2,1,0,1,2,2,2,ds6,35.0,Starkes Baumholz,Starkes Baumholz_13,1,0,1.66,not_young,926.8,Escholzmatt
670,20684,3,0,0,0,3,3,1,ds5,128.0,Mittleres Baumholz,Mittleres Baumholz_13,1,0,2.068,not_young,798.6,Romoos
673,1626,2,1,0,1,2,2,2,ds3,260.0,Stangenholz,Stangenholz_13,1,0,0.163,not_young,895.2999999999998,Hasle LU
674,519,3,0,0,0,3,3,3,ds3,251.0,Stangenholz,Stangenholz_13,1,0,0.052,not_young,972.2,Escholzmatt
678,15457,3,0,0,0,3,3,3,ds6,2096.0,Starkes Baumholz,Starkes Baumholz_13,1,0,1.546,not_young,939.1,Wiggen
694,5974,2,1,0,1,2,2,2,ds3,235.0,Stangenholz,Stangenholz_13,1,0,0.597,not_young,711.8,Fontannen b. W.
741,2022,2,1,0,1,2,2,2,ds3,202.0,Stangenholz,Stangenholz_4,1,0,0.202,not_young,771.2999999999998,Wiggen
746,5750,2,1,0,1,2,2,1,ds3,195.0,Stangenholz,Stangenholz_13,1,0,0.575,not_young,871.2999999999998,Fontannen b. W.
797,5986,3,0,0,0,3,3,3,ds4,102.0,Schwaches Baumholz,Schwaches Baumholz_13,1,0,0.599,not_young,821.7999999999998,Schüpfheim
799,29097,2,1,0,1,2,2,2,ds5,4112.0,Mittleres Baumholz,Mittleres Baumholz_13,1,0,2.91,not_young,801.7,Schüpfheim
806,5545,4,0,0,0,3,4,3,ds4,80.0,Schwaches Baumholz,Schwaches Baumholz_13,1,0,0.555,not_young,750.8999999999999,Schüpfheim
809,7517,4,1,0,1,2,4,2,ds3,150.0,Stangenholz,Stangenholz_4,1,0,0.752,not_young,635.8,Entlebuch
810,7895,2,1,0,1,2,2,2,ds4,72.0,Schwaches Baumholz,Schwaches Baumholz_13,1,0,0.79,not_young,779.5,Romoos
812,2201,3,0,0,0,3,3,3,ds4,74.0,Schwaches Baumholz,Schwaches Baumholz_13,1,0,0.22,not_young,943.0,Schüpfheim
832,11754,3,0,0,0,3,3,3,ds3,120.0,Stangenholz,Stangenholz_13,1,0,1.175,not_young,870.6,Romoos
833,1157,3,0,0,0,3,3,3,ds4,59.0,Schwaches Baumholz,Schwaches Baumholz_13,1,0,0.116,not_young,803.6,Schüpfheim
836,42948,3,0,0,0,3,3,1,ds6,4035.0,Starkes Baumholz,Starkes Baumholz_13,1,0,4.295,not_young,859.7999999999998,Romoos
842,28702,2,1,0,1,2,2,2,ds6,1989.0,Starkes Baumholz,Starkes Baumholz_13,1,0,2.87,not_young,737.6,Fontannen b. W.
864,1354,2,1,0,1,2,2,2,ds2,154.0,Jungwuchs/Dickung,Jungwuchs/Dickung_13,1,0,0.135,young,676.8,Doppleschwand
886,4300,3,0,0,0,3,3,3,ds5,4035.0,Mittleres Baumholz,Mittleres Baumholz_13,1,0,0.43,not_young,927.4,Romoos
895,3578,2,1,0,1,2,2,2,ds2,130.0,Jungwuchs/Dickung,Jungwuchs/Dickung_13,1,0,0.358,young,830.7,Escholzmatt
906,14138,2,1,0,1,2,2,2,ds5,1968.0,Mittleres Baumholz,Mittleres Baumholz_13,1,0,1.414,not_young,839.6,Fontannen b. W.
909,3841,3,0,0,0,3,3,3,ds3,51.0,Stangenholz,Stangenholz_13,1,0,0.384,not_young,914.4,Romoos
912,2434,3,0,0,0,3,3,3,ds2,112.0,Jungwuchs/Dickung,Jungwuchs/Dickung_13,1,0,0.243,young,845.3999999999999,Escholzmatt
917,1123,3,0,0,0,3,3,3,ds2,119.0,Jungwuchs/Dickung,Jungwuchs/Dickung_13,1,0,0.112,young,732.7999999999998,Schüpfheim
923,1230,3,0,0,0,3,3,3,ds2,108.0,Jungwuchs/Dickung,Jungwuchs/Dickung_13,1,0,0.123,young,740.1,Doppleschwand
925,3718,3,0,0,0,3,3,3,ds3,44.0,Stangenholz,Stangenholz_13,1,0,0.372,not_young,759.8999999999999,Schüpfheim
926,18309,2,1,0,1,2,2,2,ds6,1799.0,Starkes Baumholz,Starkes Baumholz_13,1,0,1.831,not_young,756.2,Hasle LU
927,857,3,0,0,0,3,3,3,ds2,99.0,Jungwuchs/Dickung,Jungwuchs/Dickung_13,1,0,0.086,young,709.6,Schüpfheim
930,3948,2,1,0,1,2,2,2,ds1,162.0,Jungwuchs/Dickung,Jungwuchs/Dickung_13,1,0,0.395,young,696.6,Doppleschwand
934,5898,3,0,0,0,3,3,3,ds1,160.0,Jungwuchs/Dickung,Jungwuchs/Dickung_13,1,0,0.59,young,859.2999999999998,Schüpfheim
937,16630,2,1,0,1,2,2,2,ds1,154.0,Jungwuchs/Dickung,Jungwuchs/Dickung_13,1,0,1.663,young,911.6,Hasle LU
939,30764,2,1,0,1,2,2,2,ds6,3864.0,Starkes Baumholz,Starkes Baumholz_13,1,0,3.076,not_young,865.2999999999998,Schüpfheim
945,3675,2,1,0,1,2,2,2,ds2,84.0,Jungwuchs/Dickung,Jungwuchs/Dickung_13,1,0,0.367,young,974.7,Doppleschwand
949,19464,3,0,0,0,3,3,3,ds6,1824.0,Starkes Baumholz,Starkes Baumholz_13,1,0,1.946,not_young,951.7,Doppleschwand
950,1063,3,0,0,0,3,3,3,ds3,9.0,Stangenholz,Stangenholz_13,1,0,0.106,not_young,980.6,Hasle LU
966,44930,2,1,0,1,2,2,2,ds6,5958.0,Starkes Baumholz,Starkes Baumholz_13,1,0,4.493,not_young,816.2,Romoos
969,41932,2,1,0,1,2,2,2,ds6,1854.0,Starkes Baumholz,Starkes Baumholz_13,1,0,4.193,not_young,616.2,Ebnet
981,41655,2,1,0,1,2,2,2,ds6,1856.0,Starkes Baumholz,Starkes Baumholz_13,1,0,4.165,not_young,639.5,Fontannen b. W.
983,14775,2,1,0,1,2,2,2,ds5,3940.0,Mittleres Baumholz,Mittleres Baumholz_13,1,0,1.477,not_young,819.1,Romoos
984,36088,2,1,0,1,2,2,2,ds6,1870.0,Starkes Baumholz,Starkes Baumholz_13,1,0,3.609,not_young,840.7999999999998,Romoos
987,2003,2,1,0,1,2,2,2,ds2,45.0,Jungwuchs/Dickung,Jungwuchs/Dickung_13,1,0,0.2,young,664.7,Fontannen b. W.
991,14267,3,0,0,0,3,3,3,ds5,1880.0,Mittleres Baumholz,Mittleres Baumholz_13,1,0,1.427,not_young,832.7999999999998,Escholzmatt
994,1926,3,0,0,0,3,3,3,ds2,26.0,Jungwuchs/Dickung,Jungwuchs/Dickung_4,1,0,0.193,young,791.7999999999998,Escholzmatt
998,2595,3,0,0,0,3,3,3,ds2,30.0,Jungwuchs/Dickung,Jungwuchs/Dickung_13,1,0,0.26,young,741.2,Romoos
1002,3130,3,0,0,0,3,3,3,ds2,18.0,Jungwuchs/Dickung,Jungwuchs/Dickung_13,1,0,0.313,young,902.4,Schüpfheim
1016,91797,2,1,0,1,2,2,2,ds6,6000.0,Starkes Baumholz,Starkes Baumholz_13,1,0,9.18,not_young,1003.1,Wiggen
1026,14127,2,1,0,1,2,2,2,ds5,3888.0,Mittleres Baumholz,Mittleres Baumholz_13,1,0,1.413,not_young,885.6,Wiggen
1036,47751,3,0,0,0,3,3,3,ds6,3712.0,Starkes Baumholz,Starkes Baumholz_13,1,0,4.775,not_young,896.7999999999998,Romoos
1039,2964,3,0,0,0,3,3,3,ds5,3876.0,Mittleres Baumholz,Mittleres Baumholz_13,1,0,0.296,not_young,936.9,Wiggen
1040,14978,2,1,0,1,2,2,2,ds4,3942.0,Schwaches Baumholz,Schwaches Baumholz_4,1,0,1.498,not_young,611.4,Ebnet
1066,1709,2,1,0,1,2,2,2,ds1,12.0,Jungwuchs/Dickung,Jungwuchs/Dickung_4,1,0,0.171,young,605.5,Romoos
1072,16044,2,1,0,1,2,2,2,ds5,1784.0,Mittleres Baumholz,Mittleres Baumholz_13,1,0,1.604,not_young,915.1,Schüpfheim
1077,6435,3,0,0,0,3,3,3,ds5,1788.0,Mittleres Baumholz,Mittleres Baumholz_13,1,0,0.643,not_young,950.8,Romoos
1081,24942,2,1,0,1,2,2,2,ds5,5868.0,Mittleres Baumholz,Mittleres Baumholz_13,1,0,2.494,not_young,941.6,Wiggen
1084,9158,4,1,0,1,2,4,2,ds4,1835.0,Schwaches Baumholz,Schwaches Baumholz_13,1,0,0.916,not_young,804.2999999999998,Doppleschwand
1093,10980,2,1,0,1,2,2,2,ds4,1810.0,Schwaches Baumholz,Schwaches Baumholz_13,1,0,1.098,not_young,800.0,Fontannen b. W.
1098,4441,2,1,0,1,2,2,2,ds5,1736.0,Mittleres Baumholz,Mittleres Baumholz_13,1,0,0.444,not_young,833.2,Hasle LU
1099,11159,3,0,0,0,3,3,3,ds5,3776.0,Mittleres Baumholz,Mittleres Baumholz_13,1,0,1.116,not_young,796.7,Hasle LU
1103,14136,2,1,0,1,2,2,2,ds3,1862.0,Stangenholz,Stangenholz_13,1,0,1.414,not_young,843.5,Escholzmatt
1108,9046,3,0,0,0,3,3,3,ds5,1725.0,Mittleres Baumholz,Mittleres Baumholz_13,1,0,0.905,not_young,905.0,Schüpfheim
1120,30759,2,1,0,1,2,2,2,ds6,1536.0,Starkes Baumholz,Starkes Baumholz_13,1,0,3.076,not_young,690.6,Doppleschwand
1122,78665,2,1,0,1,2,2,2,ds6,3591.0,Starkes Baumholz,Starkes Baumholz_13,1,0,7.867,not_young,982.7,Rengg
1131,27459,2,1,0,1,2,2,2,ds5,5760.0,Mittleres Baumholz,Mittleres Baumholz_4,1,0,2.746,not_young,605.5,Doppleschwand
1150,20706,2,1,0,1,2,2,2,ds5,3688.0,Mittleres Baumholz,Mittleres Baumholz_13,1,0,2.071,not_young,711.0,Fontannen b. W.
1156,29269,3,0,0,0,3,3,3,ds6,1599.0,Starkes Baumholz,Starkes Baumholz_13,1,0,2.927,not_young,938.8,Schüpfheim
1165,21148,4,1,0,1,2,4,2,ds5,3656.0,Mittleres Baumholz,Mittleres Baumholz_13,1,0,2.115,not_young,878.7999999999998,Wiggen
1184,51230,2,1,0,1,2,2,2,ds6,1404.0,Starkes Baumholz,Starkes Baumholz_13,1,0,5.123,not_young,837.2,Romoos
1199,27175,2,1,0,1,2,2,2,ds6,3471.0,Starkes Baumholz,Starkes Baumholz_13,1,0,2.718,not_young,757.2,Romoos
1203,15909,2,1,0,1,2,2,2,ds3,1673.0,Stangenholz,Stangenholz_13,1,0,1.591,not_young,931.9,Schüpfheim
1212,32963,2,1,0,1,2,2,2,ds5,1536.0,Mittleres Baumholz,Mittleres Baumholz_13,1,0,3.296,not_young,761.1,Fontannen b. W.
1215,46275,4,0,0,0,3,4,3,ds5,3582.0,Mittleres Baumholz,Mittleres Baumholz_13,1,0,4.627,not_young,699.1,Hasle LU
1226,14184,2,1,0,1,2,2,1,ds6,1464.0,Starkes Baumholz,Starkes Baumholz_13,1,0,1.418,not_young,668.0,Doppleschwand
1241,37199,2,1,0,1,2,2,2,ds6,3549.0,Starkes Baumholz,Starkes Baumholz_13,1,0,3.72,not_young,768.0,Romoos
1253,27890,2,1,0,1,2,2,2,ds6,3552.0,Starkes Baumholz,Starkes Baumholz_13,1,0,2.789,not_young,968.3,Escholzmatt
1254,15271,3,0,0,0,3,3,3,ds4,1547.0,Schwaches Baumholz,Schwaches Baumholz_13,1,0,1.527,not_young,867.2,Romoos
1266,27434,2,1,0,1,2,2,2,ds5,3516.0,Mittleres Baumholz,Mittleres Baumholz_13,1,0,2.743,not_young,635.3,Doppleschwand
1267,9907,4,0,0,0,3,4,3,ds4,1528.0,Schwaches Baumholz,Schwaches Baumholz_13,1,0,0.991,not_young,696.6,Schüpfheim
1278,19463,3,0,0,0,3,3,3,ds5,1449.0,Mittleres Baumholz,Mittleres Baumholz_13,1,0,1.946,not_young,897.0,Doppleschwand
1283,22350,2,1,0,1,2,2,2,ds5,3488.0,Mittleres Baumholz,Mittleres Baumholz_13,1,0,2.235,not_young,859.0,Romoos
1290,40071,3,0,0,0,3,3,3,ds5,1445.0,Mittleres Baumholz,Mittleres Baumholz_13,1,0,4.007,not_young,787.7999999999998,Romoos
1292,28937,2,1,0,1,2,2,2,ds5,3487.0,Mittleres Baumholz,Mittleres Baumholz_13,1,0,2.894,not_young,742.2999999999998,Doppleschwand
1308,38314,2,1,0,1,2,2,2,ds6,3367.0,Starkes Baumholz,Starkes Baumholz_13,1,0,3.831,not_young,664.6,Romoos
1324,3384,3,0,0,0,3,3,3,ds5,1392.0,Mittleres Baumholz,Mittleres Baumholz_13,1,0,0.338,not_young,940.6,Hasle LU
1328,5024,3,0,0,0,3,3,3,ds4,1460.0,Schwaches Baumholz,Schwaches Baumholz_13,1,0,0.502,not_young,865.8999999999999,Romoos
1332,12423,2,1,0,1,2,2,2,ds3,1512.0,Stangenholz,Stangenholz_13,1,0,1.242,not_young,741.6,Romoos
1345,14889,3,0,0,0,3,3,3,ds5,1362.0,Mittleres Baumholz,Mittleres Baumholz_13,1,0,1.489,not_young,853.5,Schüpfheim
1349,17776,2,1,0,1,2,2,1,ds4,1416.0,Schwaches Baumholz,Schwaches Baumholz_4,1,0,1.778,not_young,638.5,Entlebuch
1352,8838,2,1,0,1,2,2,2,ds5,1356.0,Mittleres Baumholz,Mittleres Baumholz_13,1,0,0.884,not_young,849.2,Escholzmatt
1366,20542,3,0,0,0,3,3,3,ds5,1331.0,Mittleres Baumholz,Mittleres Baumholz_13,1,0,2.054,not_young,792.7999999999998,Romoos
1380,8518,4,1,0,1,2,4,2,ds3,1446.0,Stangenholz,Stangenholz_13,1,0,0.852,not_young,796.2,Wiggen
1415,33003,2,1,0,1,2,2,2,ds6,1200.0,Starkes Baumholz,Starkes Baumholz_13,1,0,3.3,not_young,784.0,Marbach LU
1452,8871,2,1,0,1,2,2,2,ds5,1236.0,Mittleres Baumholz,Mittleres Baumholz_13,1,0,0.887,not_young,914.9,Schüpfheim
1457,19808,2,1,0,1,2,2,2,ds6,1240.0,Starkes Baumholz,Starkes Baumholz_13,1,0,1.981,not_young,875.0,Escholzmatt
1464,6395,3,0,0,0,3,3,3,ds4,1293.0,Schwaches Baumholz,Schwaches Baumholz_13,1,0,0.639,not_young,785.3999999999999,Schüpfheim
1466,17416,3,0,0,0,3,3,3,ds4,1280.0,Schwaches Baumholz,Schwaches Baumholz_13,1,0,1.742,not_young,784.0,Schüpfheim
1476,19113,2,1,0,1,2,2,2,ds5,3248.0,Mittleres Baumholz,Mittleres Baumholz_13,1,0,1.911,not_young,686.1,Romoos
1479,26483,3,0,0,0,3,3,3,ds5,3250.0,Mittleres Baumholz,Mittleres Baumholz_13,1,0,2.648,not_young,892.6,Romoos
1484,8603,3,0,0,0,3,3,3,ds4,1256.0,Schwaches Baumholz,Schwaches Baumholz_13,1,0,0.86,not_young,801.3999999999999,Schüpfheim
1485,16009,2,1,0,1,2,2,2,ds4,3310.0,Schwaches Baumholz,Schwaches Baumholz_13,1,0,1.601,not_young,708.1,Romoos
1510,22545,3,0,0,0,3,3,3,ds5,3212.0,Mittleres Baumholz,Mittleres Baumholz_13,1,0,2.255,not_young,943.8,Escholzmatt
1512,18519,2,1,0,1,2,2,2,ds6,3104.0,Starkes Baumholz,Starkes Baumholz_13,1,0,1.852,not_young,929.1,Wiggen
1523,7172,3,0,0,0,3,3,3,ds3,1280.0,Stangenholz,Stangenholz_13,1,0,0.717,not_young,780.7999999999998,Schüpfheim
1528,10096,2,1,0,1,2,2,2,ds4,1210.0,Schwaches Baumholz,Schwaches Baumholz_13,1,0,1.01,not_young,891.7,Romoos
1529,7641,3,0,0,0,3,3,3,ds6,1075.0,Starkes Baumholz,Starkes Baumholz_13,1,0,0.764,not_young,794.3999999999999,Schüpfheim
1545,5136,3,0,0,0,3,3,3,ds4,1179.0,Schwaches Baumholz,Schwaches Baumholz_13,1,0,0.514,not_young,940.9,Romoos
1547,8303,3,0,0,0,3,3,3,ds4,1180.0,Schwaches Baumholz,Schwaches Baumholz_13,1,0,0.83,not_young,879.0,Schüpfheim
1559,16113,3,0,0,0,3,3,3,ds6,1122.0,Starkes Baumholz,Starkes Baumholz_13,1,0,1.611,not_young,882.1,Schüpfheim
1573,9466,3,0,0,0,3,3,3,ds5,1084.0,Mittleres Baumholz,Mittleres Baumholz_13,1,0,0.947,not_young,775.1,Schüpfheim
1575,8756,2,1,0,1,2,2,2,ds4,1150.0,Schwaches Baumholz,Schwaches Baumholz_4,1,0,0.876,not_young,613.9,Doppleschwand
1577,4474,3,0,0,0,3,3,3,ds4,1137.0,Schwaches Baumholz,Schwaches Baumholz_13,1,0,0.447,not_young,918.8,Escholzmatt
1599,4830,3,0,0,0,3,3,3,ds2,1236.0,Jungwuchs/Dickung,Jungwuchs/Dickung_13,1,0,0.483,young,902.8,Romoos
1630,28165,2,1,0,1,2,2,2,ds5,5088.0,Mittleres Baumholz,Mittleres Baumholz_13,1,0,2.816,not_young,667.5,Romoos
1637,31959,2,1,0,1,2,2,2,ds5,5094.0,Mittleres Baumholz,Mittleres Baumholz_13,1,0,3.196,not_young,733.7,Hasle LU
1642,17432,2,1,0,1,2,2,2,ds4,3102.0,Schwaches Baumholz,Schwaches Baumholz_13,1,0,1.743,not_young,786.1,Romoos
1644,28079,2,1,0,1,2,2,1,ds5,3025.0,Mittleres Baumholz,Mittleres Baumholz_4,1,0,2.808,not_young,642.5,Entlebuch
1649,40687,2,1,0,1,2,2,1,ds6,5094.0,Starkes Baumholz,Starkes Baumholz_13,1,0,4.069,not_young,919.3,Fontannen b. W.
1651,1161,2,1,0,1,2,2,2,ds4,5130.0,Schwaches Baumholz,Schwaches Baumholz_13,1,0,0.116,not_young,886.7999999999998,Wiggen
1665,32252,3,0,0,0,3,3,3,ds6,3048.0,Starkes Baumholz,Starkes Baumholz_13,1,0,3.225,not_young,769.2,Romoos
1667,22865,2,1,0,1,2,2,2,ds4,3064.0,Schwaches Baumholz,Schwaches Baumholz_13,1,0,2.286,not_young,881.7999999999998,Doppleschwand
1677,23644,3,0,0,0,3,3,3,ds4,3058.0,Schwaches Baumholz,Schwaches Baumholz_13,1,0,2.364,not_young,907.8,Bramboden
1682,16125,4,0,0,0,3,4,3,ds6,763.0,Starkes Baumholz,Starkes Baumholz_4,1,0,1.612,not_young,690.7,Hasle LU
1691,5802,3,0,0,0,3,3,3,ds5,950.0,Mittleres Baumholz,Mittleres Baumholz_13,1,0,0.58,not_young,726.8999999999999,Schüpfheim
1693,13965,2,1,0,1,2,2,2,ds4,1001.0,Schwaches Baumholz,Schwaches Baumholz_13,1,0,1.397,not_young,668.0,Doppleschwand
1695,15969,2,1,0,1,2,2,2,ds5,2976.0,Mittleres Baumholz,Mittleres Baumholz_13,1,0,1.597,not_young,781.2,Doppleschwand
1696,18653,4,0,0,0,3,4,3,ds6,768.0,Starkes Baumholz,Starkes Baumholz_13,1,0,1.865,not_young,748.2,Schüpfheim
1698,18177,2,1,0,1,2,2,2,ds5,931.0,Mittleres Baumholz,Mittleres Baumholz_4,1,0,1.818,not_young,629.0,Doppleschwand
1699,15606,3,0,0,0,3,3,3,ds6,780.0,Starkes Baumholz,Starkes Baumholz_13,1,0,1.561,not_young,838.6,Schüpfheim
1715,40346,2,1,0,1,2,2,2,ds6,4905.0,Starkes Baumholz,Starkes Baumholz_13,1,0,4.035,not_young,723.0,Romoos
1728,8513,3,0,0,0,3,3,3,ds3,1028.0,Stangenholz,Stangenholz_13,1,0,0.851,not_young,832.8999999999999,Bramboden
1730,12020,3,0,0,0,3,3,3,ds6,819.0,Starkes Baumholz,Starkes Baumholz_13,1,0,1.202,not_young,943.1,Romoos
1739,11479,2,1,0,1,2,2,2,ds3,1000.0,Stangenholz,Stangenholz_4,1,0,1.148,not_young,633.3,Doppleschwand
1746,15712,2,1,0,1,2,2,2,ds4,2982.0,Schwaches Baumholz,Schwaches Baumholz_13,1,0,1.571,not_young,758.8999999999999,Doppleschwand
1750,25712,3,0,0,0,3,3,3,ds5,2904.0,Mittleres Baumholz,Mittleres Baumholz_13,1,0,2.571,not_young,919.7,Hasle LU
1781,18399,2,1,0,1,2,2,2,ds5,834.0,Mittleres Baumholz,Mittleres Baumholz_13,1,0,1.84,not_young,835.1,Escholzmatt
1788,9089,3,0,0,0,3,3,3,ds5,825.0,Mittleres Baumholz,Mittleres Baumholz_13,1,0,0.909,not_young,885.5,Escholzmatt
1800,18520,2,1,0,1,2,2,2,ds5,808.0,Mittleres Baumholz,Mittleres Baumholz_4,1,0,1.852,not_young,673.3,Entlebuch
1813,5917,2,1,0,1,2,2,2,ds2,996.0,Jungwuchs/Dickung,Jungwuchs/Dickung_13,1,0,0.592,young,655.4,Doppleschwand
1814,11696,2,1,0,1,2,2,2,ds4,870.0,Schwaches Baumholz,Schwaches Baumholz_13,1,0,1.17,not_young,856.6,Fontannen b. W.
1815,3693,3,0,0,0,3,3,3,ds4,856.0,Schwaches Baumholz,Schwaches Baumholz_4,1,0,0.369,not_young,769.2999999999998,Schüpfheim
1818,30931,2,1,0,1,2,2,1,ds6,2704.0,Starkes Baumholz,Starkes Baumholz_13,1,0,3.093,not_young,753.0,Romoos
1823,22117,2,1,0,1,2,2,2,ds3,912.0,Stangenholz,Stangenholz_4,1,0,2.212,not_young,603.3,Doppleschwand
1824,9041,3,0,0,0,3,3,3,ds5,786.0,Mittleres Baumholz,Mittleres Baumholz_13,1,0,0.904,not_young,794.6,Schüpfheim
1827,17356,2,1,0,1,2,2,2,ds5,2828.0,Mittleres Baumholz,Mittleres Baumholz_13,1,0,1.736,not_young,765.8999999999999,Fontannen b. W.
1855,23427,2,1,0,1,2,2,2,ds4,820.0,Schwaches Baumholz,Schwaches Baumholz_13,1,0,2.343,not_young,759.6,Fontannen b. W.
1856,61790,2,1,0,1,2,2,2,ds6,4800.0,Starkes Baumholz,Starkes Baumholz_13,1,0,6.179,not_young,757.7,Hasle LU
1857,23830,4,0,0,0,3,4,3,ds5,756.0,Mittleres Baumholz,Mittleres Baumholz_13,1,0,2.383,not_young,743.6,Schüpfheim
1870,14105,3,0,0,0,3,3,3,ds2,935.0,Jungwuchs/Dickung,Jungwuchs/Dickung_13,1,0,1.411,young,952.5,Schüpfheim
1875,7699,3,0,0,0,3,3,1,ds6,,Starkes Baumholz,Starkes Baumholz_13,1,0,0.77,not_young,902.6,Fontannen b. W.
1876,23633,3,0,0,0,3,3,3,ds6,,Starkes Baumholz,Starkes Baumholz_13,1,0,2.363,not_young,925.9,Fontannen b. W.
1879,25600,3,0,0,0,3,3,3,ds6,,Starkes Baumholz,Starkes Baumholz_13,1,0,2.56,not_young,819.8999999999999,Romoos
1890,15533,2,1,0,1,2,2,2,ds6,,Starkes Baumholz,Starkes Baumholz_13,1,0,1.553,not_young,689.9,Fontannen b. W.
1895,26545,2,1,0,1,2,2,2,ds6,,Starkes Baumholz,Starkes Baumholz_13,1,0,2.654,not_young,702.1,Fontannen b. W.
1896,12040,2,1,0,1,2,2,2,ds6,,Starkes Baumholz,Starkes Baumholz_13,1,0,1.204,not_young,718.9,Fontannen b. W.
1897,10658,2,1,0,1,2,2,2,ds6,,Starkes Baumholz,Starkes Baumholz_13,1,0,1.066,not_young,711.2,Fontannen b. W.
1898,8551,2,1,0,1,2,2,2,ds6,,Starkes Baumholz,Starkes Baumholz_13,1,0,0.855,not_young,698.2,Fontannen b. W.
1899,5800,2,1,0,1,2,2,2,ds6,,Starkes Baumholz,Starkes Baumholz_13,1,0,0.58,not_young,758.2999999999998,Romoos
1900,4986,2,1,0,1,2,2,2,ds6,,Starkes Baumholz,Starkes Baumholz_13,1,0,0.499,not_young,725.3999999999999,Fontannen b. W.
1901,5545,2,1,0,1,2,2,2,ds5,,Mittleres Baumholz,Mittleres Baumholz_13,1,0,0.554,not_young,765.0,Romoos
1902,9131,2,1,0,1,2,2,2,ds6,,Starkes Baumholz,Starkes Baumholz_13,1,0,0.913,not_young,677.5,Fontannen b. W.
1904,10838,2,1,0,1,2,2,2,ds6,,Starkes Baumholz,Starkes Baumholz_13,1,0,1.084,not_young,705.0,Romoos
1905,5941,2,1,0,1,2,2,2,ds6,,Starkes Baumholz,Starkes Baumholz_13,1,0,0.594,not_young,672.7,Fontannen b. W.
1906,18516,2,1,0,1,2,2,2,ds6,,Starkes Baumholz,Starkes Baumholz_13,1,0,1.852,not_young,734.5,Fontannen b. W.
1907,11333,2,1,0,1,2,2,2,ds6,,Starkes Baumholz,Starkes Baumholz_13,1,0,1.133,not_young,717.8,Fontannen b. W.
1908,12411,2,1,0,1,2,2,2,ds6,,Starkes Baumholz,Starkes Baumholz_13,1,0,1.241,not_young,761.6,Romoos
1909,6221,2,1,0,1,2,2,2,ds6,,Starkes Baumholz,Starkes Baumholz_13,1,0,0.622,not_young,762.3999999999999,Romoos
1910,6402,2,1,0,1,2,2,2,ds5,,Mittleres Baumholz,Mittleres Baumholz_13,1,0,0.64,not_young,671.0,Fontannen b. W.
1911,5544,3,0,0,0,3,3,3,ds5,,Mittleres Baumholz,Mittleres Baumholz_13,1,0,0.554,not_young,774.2999999999998,Romoos
1913,8440,2,1,0,1,2,2,2,ds6,,Starkes Baumholz,Starkes Baumholz_13,1,0,0.844,not_young,770.0,Romoos
1914,19286,2,1,0,1,2,2,2,ds6,,Starkes Baumholz,Starkes Baumholz_13,1,0,1.929,not_young,730.5,Romoos
1915,19708,2,1,0,1,2,2,2,ds6,,Starkes Baumholz,Starkes Baumholz_13,1,0,1.971,not_young,728.7999999999998,Fontannen b. W.
1916,5481,2,1,0,1,2,2,2,ds6,,Starkes Baumholz,Starkes Baumholz_13,1,0,0.548,not_young,739.6,Romoos
1919,4974,2,1,0,1,2,2,2,ds6,,Starkes Baumholz,Starkes Baumholz_13,1,0,0.497,not_young,770.1,Romoos
1921,13402,2,1,0,1,2,2,2,ds6,,Starkes Baumholz,Starkes Baumholz_13,1,0,1.34,not_young,725.7999999999998,Romoos
1923,35177,2,1,0,1,2,2,2,ds6,,Starkes Baumholz,Starkes Baumholz_13,1,0,3.518,not_young,749.7999999999998,Romoos
1926,6318,3,0,0,0,3,3,3,ds5,,Mittleres Baumholz,Mittleres Baumholz_13,1,0,0.632,not_young,821.0,Romoos
1927,10939,2,1,0,1,2,2,2,ds6,,Starkes Baumholz,Starkes Baumholz_13,1,0,1.094,not_young,751.7,Romoos
1928,10209,2,1,0,1,2,2,2,ds6,,Starkes Baumholz,Starkes Baumholz_13,1,0,1.021,not_young,687.2,Fontannen b. W.
1929,19449,2,1,0,1,2,2,2,ds6,,Starkes Baumholz,Starkes Baumholz_13,1,0,1.945,not_young,720.8999999999999,Fontannen b. W.
1931,14208,2,1,0,1,2,2,2,ds6,,Starkes Baumholz,Starkes Baumholz_13,1,0,1.421,not_young,734.7999999999998,Romoos
1933,493,3,0,0,0,3,3,3,ds6,,Starkes Baumholz,Starkes Baumholz_13,1,0,0.049,not_young,808.1,Fontannen b. W.
1935,31203,2,1,0,1,2,2,2,ds6,,Starkes Baumholz,Starkes Baumholz_13,1,0,3.12,not_young,698.1,Fontannen b. W.
1937,483,2,1,0,1,2,2,2,ds5,,Mittleres Baumholz,Mittleres Baumholz_13,1,0,0.048,not_young,779.7999999999998,Fontannen b. W.
1938,8273,3,0,0,0,3,3,3,ds6,,Starkes Baumholz,Starkes Baumholz_13,1,0,0.827,not_young,800.1,Romoos
1939,10864,3,0,0,0,3,3,3,ds5,,Mittleres Baumholz,Mittleres Baumholz_13,1,0,1.086,not_young,820.7999999999998,Romoos
1940,8050,2,1,0,1,2,2,2,ds4,,Schwaches Baumholz,Schwaches Baumholz_13,1,0,0.805,not_young,673.7,Doppleschwand
1941,21027,2,1,0,1,2,2,2,ds6,,Starkes Baumholz,Starkes Baumholz_13,1,0,2.103,not_young,794.0,Fontannen b. W.
1944,3558,2,1,0,1,2,2,2,ds6,,Starkes Baumholz,Starkes Baumholz_13,1,0,0.356,not_young,798.3999999999999,Fontannen b. W.
1946,6925,3,0,0,0,3,3,3,ds6,,Starkes Baumholz,Starkes Baumholz_13,1,0,0.692,not_young,822.8999999999999,Fontannen b. W.
1947,13850,2,1,0,1,2,2,2,ds6,,Starkes Baumholz,Starkes Baumholz_13,1,0,1.385,not_young,752.5,Fontannen b. W.
1948,1455,3,0,0,0,3,3,3,ds6,,Starkes Baumholz,Starkes Baumholz_13,1,0,0.146,not_young,830.7,Fontannen b. W.
1949,4981,3,0,0,0,3,3,3,ds6,,Starkes Baumholz,Starkes Baumholz_13,1,0,0.498,not_young,824.2999999999998,Fontannen b. W.
1950,6688,2,1,0,1,2,2,2,ds6,,Starkes Baumholz,Starkes Baumholz_13,1,0,0.669,not_young,797.0,Fontannen b. W.
1951,5150,3,0,0,0,3,3,3,ds6,,Starkes Baumholz,Starkes Baumholz_13,1,0,0.515,not_young,843.0,Fontannen b. W.
1952,5777,2,1,0,1,2,2,2,ds6,,Starkes Baumholz,Starkes Baumholz_13,1,0,0.578,not_young,695.4,Doppleschwand
1953,7700,2,1,0,1,2,2,2,ds6,,Starkes Baumholz,Starkes Baumholz_13,1,0,0.77,not_young,814.7,Fontannen b. W.
1954,6734,3,0,0,0,3,3,3,ds6,,Starkes Baumholz,Starkes Baumholz_13,1,0,0.673,not_young,646.9,Doppleschwand
1955,5033,2,1,0,1,2,2,2,ds6,,Starkes Baumholz,Starkes Baumholz_13,1,0,0.503,not_young,827.7999999999998,Fontannen b. W.
1956,3528,2,1,0,1,2,2,1,ds5,,Mittleres Baumholz,Mittleres Baumholz_13,1,0,0.353,not_young,798.2999999999998,Fontannen b. W.
1957,7748,2,1,0,1,2,2,2,ds6,,Starkes Baumholz,Starkes Baumholz_13,1,0,0.775,not_young,842.1,Fontannen b. W.
1959,5983,3,0,0,0,3,3,3,ds6,,Starkes Baumholz,Starkes Baumholz_13,1,0,0.598,not_young,865.0,Romoos
1960,2537,1,1,2,3,1,1,1,ds4,,Schwaches Baumholz,Schwaches Baumholz_13,1,0,0.254,not_young,809.2999999999998,Fontannen b. W.
1961,5350,2,1,0,1,2,2,1,ds6,,Starkes Baumholz,Starkes Baumholz_13,1,0,0.535,not_young,836.7,Fontannen b. W.
1962,9462,2,1,0,1,2,2,2,ds6,,Starkes Baumholz,Starkes Baumholz_13,1,0,0.946,not_young,833.5,Fontannen b. W.
1963,5711,3,0,0,0,3,3,3,ds5,,Mittleres Baumholz,Mittleres Baumholz_13,1,0,0.571,not_young,758.2,Romoos
1965,5350,3,0,0,0,3,3,3,ds6,,Starkes Baumholz,Starkes Baumholz_13,1,0,0.535,not_young,873.0,Fontannen b. W.
1966,6583,2,1,0,1,2,2,1,ds6,,Starkes Baumholz,Starkes Baumholz_13,1,0,0.658,not_young,815.5,Fontannen b. W.
1967,6084,2,1,0,1,2,2,2,ds6,,Starkes Baumholz,Starkes Baumholz_13,1,0,0.608,not_young,802.3999999999999,Romoos
1968,6631,3,0,0,0,3,3,3,ds5,,Mittleres Baumholz,Mittleres Baumholz_4,1,0,0.663,not_young,605.5,Doppleschwand
1970,4965,2,1,0,1,2,2,2,ds4,,Schwaches Baumholz,Schwaches Baumholz_13,1,0,0.497,not_young,673.9,Doppleschwand
1971,17641,3,0,0,0,3,3,3,ds6,,Starkes Baumholz,Starkes Baumholz_13,1,0,1.764,not_young,826.7999999999998,Romoos
1972,5666,3,0,0,0,3,3,3,ds5,,Mittleres Baumholz,Mittleres Baumholz_13,1,0,0.567,not_young,853.7999999999998,Romoos
1973,20161,2,1,0,1,2,2,2,ds6,,Starkes Baumholz,Starkes Baumholz_13,1,0,2.016,not_young,845.7,Fontannen b. W.
1974,6382,2,1,0,1,2,2,2,ds6,,Starkes Baumholz,Starkes Baumholz_13,1,0,0.638,not_young,798.2,Fontannen b. W.
1976,8337,2,1,0,1,2,2,2,ds6,,Starkes Baumholz,Starkes Baumholz_13,1,0,0.834,not_young,833.5,Fontannen b. W.
1977,5794,2,1,0,1,2,2,2,ds5,,Mittleres Baumholz,Mittleres Baumholz_13,1,0,0.579,not_young,757.2999999999998,Fontannen b. W.
1978,65465,3,0,0,0,3,3,3,ds6,,Starkes Baumholz,Starkes Baumholz_13,1,0,6.546,not_young,925.5,Fontannen b. W.
1979,14220,3,0,0,0,3,3,3,ds6,,Starkes Baumholz,Starkes Baumholz_13,1,0,1.422,not_young,889.0,Fontannen b. W.
1982,55,2,1,0,1,2,2,2,ds5,,Mittleres Baumholz,Mittleres Baumholz_13,1,0,0.006,not_young,718.1,Fontannen b. W.
1983,6234,3,0,0,0,3,3,3,ds5,,Mittleres Baumholz,Mittleres Baumholz_13,1,0,0.623,not_young,839.8999999999999,Romoos
1984,7874,3,0,0,0,3,3,3,ds6,,Starkes Baumholz,Starkes Baumholz_13,1,0,0.787,not_young,779.0,Romoos
1985,5200,2,1,0,1,2,2,2,ds4,,Schwaches Baumholz,Schwaches Baumholz_13,1,0,0.52,not_young,831.6,Fontannen b. W.
1986,6600,3,0,0,0,3,3,3,ds6,,Starkes Baumholz,Starkes Baumholz_13,1,0,0.66,not_young,877.2999999999998,Fontannen b. W.
1987,9746,2,1,0,1,2,2,2,ds6,,Starkes Baumholz,Starkes Baumholz_13,1,0,0.975,not_young,754.6,Fontannen b. W.
1988,18950,2,1,0,1,2,2,2,ds6,,Starkes Baumholz,Starkes Baumholz_13,1,0,1.895,not_young,743.2999999999998,Fontannen b. W.
1989,13400,2,1,0,1,2,2,2,ds6,,Starkes Baumholz,Starkes Baumholz_13,1,0,1.34,not_young,710.4,Doppleschwand
1990,5295,3,0,0,0,3,3,3,ds4,,Schwaches Baumholz,Schwaches Baumholz_6,1,0,0.529,not_young,935.2,Fontannen b. W.
1991,5004,2,1,0,1,2,2,2,ds6,,Starkes Baumholz,Starkes Baumholz_13,1,0,0.5,not_young,751.1,Fontannen b. W.
1992,9121,2,1,0,1,2,2,2,ds6,,Starkes Baumholz,Starkes Baumholz_13,1,0,0.912,not_young,848.2999999999998,Romoos
1993,2900,3,0,0,0,3,3,3,ds6,,Starkes Baumholz,Starkes Baumholz_13,1,0,0.29,not_young,845.5,Fontannen b. W.
1994,19072,2,1,0,1,2,2,2,ds6,,Starkes Baumholz,Starkes Baumholz_13,1,0,1.907,not_young,851.2,Fontannen b. W.
1995,51095,2,1,0,1,2,2,2,ds6,,Starkes Baumholz,Starkes Baumholz_13,1,0,5.11,not_young,750.0,Romoos
1996,5508,3,0,0,0,3,3,3,ds5,,Mittleres Baumholz,Mittleres Baumholz_13,1,0,0.551,not_young,875.5,Fontannen b. W.
1997,10723,3,0,0,0,3,3,3,ds6,,Starkes Baumholz,Starkes Baumholz_13,1,0,1.072,not_young,876.7999999999998,Fontannen b. W.
1998,18935,3,0,0,0,3,3,3,ds6,,Starkes Baumholz,Starkes Baumholz_13,1,0,1.894,not_young,651.5,Doppleschwand
1999,13656,2,1,0,1,2,2,2,ds5,,Mittleres Baumholz,Mittleres Baumholz_13,1,0,1.366,not_young,790.7,Fontannen b. W.
2000,4978,3,0,0,0,3,3,3,ds6,,Starkes Baumholz,Starkes Baumholz_13,1,0,0.498,not_young,849.2,Romoos
2001,5109,3,0,0,0,3,3,3,ds6,,Starkes Baumholz,Starkes Baumholz_13,1,0,0.511,not_young,751.7999999999998,Doppleschwand
2002,5150,2,1,0,1,2,2,2,ds6,,Starkes Baumholz,Starkes Baumholz_13,1,0,0.515,not_young,760.8999999999999,Fontannen b. W.
2003,9203,2,1,0,1,2,2,2,ds6,,Starkes Baumholz,Starkes Baumholz_13,1,0,0.92,not_young,763.2,Fontannen b. W.
2004,8535,2,1,0,1,2,2,2,ds5,,Mittleres Baumholz,Mittleres Baumholz_13,1,0,0.854,not_young,814.0,Romoos
2005,8515,3,0,0,0,3,3,3,ds5,,Mittleres Baumholz,Mittleres Baumholz_13,1,0,0.852,not_young,882.2999999999998,Romoos
2006,7849,2,1,0,1,2,2,2,ds6,,Starkes Baumholz,Starkes Baumholz_13,1,0,0.785,not_young,739.6,Fontannen b. W.
2007,5089,2,1,0,1,2,2,2,ds6,,Starkes Baumholz,Starkes Baumholz_13,1,0,0.509,not_young,840.8999999999999,Romoos
2008,10795,2,1,0,1,2,2,2,ds6,,Starkes Baumholz,Starkes Baumholz_13,1,0,1.079,not_young,762.7999999999998,Fontannen b. W.
2009,23233,3,0,0,0,3,3,3,ds6,,Starkes Baumholz,Starkes Baumholz_13,1,0,2.323,not_young,809.3999999999999,Romoos
2010,6252,2,1,0,1,2,2,2,ds6,,Starkes Baumholz,Starkes Baumholz_13,1,0,0.625,not_young,773.3999999999999,Fontannen b. W.
2011,8200,2,1,0,1,2,2,2,ds6,,Starkes Baumholz,Starkes Baumholz_13,1,0,0.82,not_young,777.5,Fontannen b. W.
2012,6586,2,1,0,1,2,2,2,ds5,,Mittleres Baumholz,Mittleres Baumholz_13,1,0,0.659,not_young,767.1,Fontannen b. W.
2013,14,3,0,0,0,3,3,3,ds6,,Starkes Baumholz,Starkes Baumholz_13,1,0,0.001,not_young,860.2999999999998,Fontannen b. W.
2014,9434,2,1,0,1,2,2,2,ds6,,Starkes Baumholz,Starkes Baumholz_13,1,0,0.943,not_young,773.7999999999998,Fontannen b. W.
2015,16490,3,0,0,0,3,3,3,ds6,,Starkes Baumholz,Starkes Baumholz_13,1,0,1.649,not_young,907.3,Fontannen b. W.
2016,6600,2,1,0,1,2,2,2,ds5,,Mittleres Baumholz,Mittleres Baumholz_13,1,0,0.66,not_young,813.7,Fontannen b. W.
2017,8600,2,1,0,1,2,2,2,ds6,,Starkes Baumholz,Starkes Baumholz_13,1,0,0.86,not_young,771.7,Fontannen b. W.
2018,15073,3,0,0,0,3,3,3,ds6,,Starkes Baumholz,Starkes Baumholz_13,1,0,1.507,not_young,675.4,Doppleschwand
2019,5700,2,1,0,1,2,2,2,ds5,,Mittleres Baumholz,Mittleres Baumholz_13,1,0,0.57,not_young,916.8,Fontannen b. W.
2020,18319,3,0,0,0,3,3,3,ds6,,Starkes Baumholz,Starkes Baumholz_13,1,0,1.832,not_young,683.2,Doppleschwand
2021,20207,3,0,0,0,3,3,3,ds6,,Starkes Baumholz,Starkes Baumholz_6,1,0,2.021,not_young,939.2,Fontannen b. W.
2022,10049,2,1,0,1,2,2,2,ds6,,Starkes Baumholz,Starkes Baumholz_13,1,0,1.005,not_young,849.6,Fontannen b. W.
2024,15838,2,1,0,1,2,2,2,ds6,,Starkes Baumholz,Starkes Baumholz_13,1,0,1.584,not_young,719.7,Doppleschwand
2025,10056,3,0,0,0,3,3,3,ds6,,Starkes Baumholz,Starkes Baumholz_6,1,0,1.006,not_young,948.6,Fontannen b. W.
2026,5912,2,1,0,1,2,2,2,ds6,,Starkes Baumholz,Starkes Baumholz_13,1,0,0.591,not_young,851.1,Romoos
2027,5420,3,0,0,0,3,3,3,ds6,,Starkes Baumholz,Starkes Baumholz_13,1,0,0.542,not_young,867.2,Romoos
2028,8746,3,0,0,0,3,3,3,ds6,,Starkes Baumholz,Starkes Baumholz_13,1,0,0.875,not_young,768.2,Doppleschwand
2029,13323,2,1,0,1,2,2,2,ds6,,Starkes Baumholz,Starkes Baumholz_13,1,0,1.332,not_young,787.7999999999998,Fontannen b. W.
2030,6800,2,1,0,1,2,2,2,ds6,,Starkes Baumholz,Starkes Baumholz_13,1,0,0.68,not_young,752.3999999999999,Fontannen b. W.
2031,12613,2,1,0,1,2,2,2,ds6,,Starkes Baumholz,Starkes Baumholz_13,1,0,1.261,not_young,831.1,Romoos
2032,6778,2,1,0,1,2,2,2,ds5,,Mittleres Baumholz,Mittleres Baumholz_13,1,0,0.678,not_young,828.6,Fontannen b. W.
2033,6834,2,1,0,1,2,2,2,ds6,,Starkes Baumholz,Starkes Baumholz_13,1,0,0.683,not_young,729.2999999999998,Fontannen b. W.
2034,39700,2,1,0,1,2,2,2,ds6,,Starkes Baumholz,Starkes Baumholz_13,1,0,3.97,not_young,696.6,Romoos
2035,6365,2,1,0,1,2,2,2,ds6,,Starkes Baumholz,Starkes Baumholz_13,1,0,0.636,not_young,822.1,Romoos
2036,18134,2,1,0,1,2,2,2,ds6,,Starkes Baumholz,Starkes Baumholz_13,1,0,1.813,not_young,703.9,Romoos
2037,66001,2,1,0,1,2,2,2,ds6,,Starkes Baumholz,Starkes Baumholz_13,1,0,6.6,not_young,888.1,Fontannen b. W.
2038,5932,2,1,0,1,2,2,2,ds6,,Starkes Baumholz,Starkes Baumholz_13,1,0,0.593,not_young,701.6,Fontannen b. W.
2040,7500,2,1,0,1,2,2,2,ds6,,Starkes Baumholz,Starkes Baumholz_13,1,0,0.75,not_young,799.1,Romoos
2041,22686,2,1,0,1,2,2,2,ds6,,Starkes Baumholz,Starkes Baumholz_13,1,0,2.269,not_young,779.6,Fontannen b. W.
2042,10277,3,0,0,0,3,3,3,ds5,,Mittleres Baumholz,Mittleres Baumholz_4,1,0,1.028,not_young,606.7,Doppleschwand
2043,12499,2,1,0,1,2,2,2,ds6,,Starkes Baumholz,Starkes Baumholz_13,1,0,1.25,not_young,734.7,Fontannen b. W.
2044,9750,2,1,0,1,2,2,2,ds6,,Starkes Baumholz,Starkes Baumholz_13,1,0,0.975,not_young,727.0,Fontannen b. W.
2045,5421,3,0,0,0,3,3,3,ds6,,Starkes Baumholz,Starkes Baumholz_4,1,0,0.542,not_young,623.7,Doppleschwand
2046,29350,3,0,0,0,3,3,1,ds5,,Mittleres Baumholz,Mittleres Baumholz_6,1,0,2.935,not_young,962.1,Fontannen b. W.
2047,5100,2,1,0,1,2,2,2,ds6,,Starkes Baumholz,Starkes Baumholz_13,1,0,0.51,not_young,719.1,Fontannen b. W.
2048,8684,3,0,0,0,3,3,3,ds5,,Mittleres Baumholz,Mittleres Baumholz_13,1,0,0.868,not_young,891.2999999999998,Fontannen b. W.
2049,19350,2,1,0,1,2,2,1,ds6,,Starkes Baumholz,Starkes Baumholz_13,1,0,1.935,not_young,910.4,Fontannen b. W.
2050,4990,3,0,0,0,3,3,3,ds6,,Starkes Baumholz,Starkes Baumholz_13,1,0,0.499,not_young,766.2999999999998,Romoos
2052,1801,3,0,0,0,3,3,3,ds5,,Mittleres Baumholz,Mittleres Baumholz_13,1,0,0.18,not_young,887.0,Fontannen b. W.
2054,5910,3,0,0,0,3,3,3,ds6,,Starkes Baumholz,Starkes Baumholz_13,1,0,0.591,not_young,917.5,Fontannen b. W.
2055,5819,2,1,0,1,2,2,2,ds6,,Starkes Baumholz,Starkes Baumholz_13,1,0,0.582,not_young,772.3999999999999,Romoos
2056,17173,3,0,0,0,3,3,3,ds6,,Starkes Baumholz,Starkes Baumholz_13,1,0,1.717,not_young,779.7999999999998,Romoos
2057,9521,3,0,0,0,3,3,3,ds6,,Starkes Baumholz,Starkes Baumholz_13,1,0,0.952,not_young,716.6,Romoos
2058,9162,3,0,0,0,3,3,3,ds6,,Starkes Baumholz,Starkes Baumholz_6,1,0,0.916,not_young,959.3,Fontannen b. W.
2059,31014,2,1,0,1,2,2,1,ds6,,Starkes Baumholz,Starkes Baumholz_13,1,0,3.101,not_young,914.2,Fontannen b. W.
2060,9703,2,1,0,1,2,2,2,ds5,,Mittleres Baumholz,Mittleres Baumholz_13,1,0,0.97,not_young,824.6,Romoos
2061,43200,2,1,0,1,2,2,2,ds6,,Starkes Baumholz,Starkes Baumholz_13,1,0,4.32,not_young,875.0,Fontannen b. W.
2062,5047,3,0,0,0,3,3,3,ds6,,Starkes Baumholz,Starkes Baumholz_13,1,0,0.505,not_young,894.7,Romoos
2063,6729,2,1,0,1,2,2,2,ds6,,Starkes Baumholz,Starkes Baumholz_13,1,0,0.673,not_young,820.7,Romoos
2064,5758,2,1,0,1,2,2,2,ds5,,Mittleres Baumholz,Mittleres Baumholz_13,1,0,0.576,not_young,663.4,Romoos
2065,12537,2,1,0,1,2,2,2,ds6,,Starkes Baumholz,Starkes Baumholz_13,1,0,1.254,not_young,744.6,Romoos
2066,9156,3,0,0,0,3,3,3,ds4,,Schwaches Baumholz,Schwaches Baumholz_13,1,0,0.916,not_young,867.0,Romoos
2067,464,3,0,0,0,3,3,3,ds6,,Starkes Baumholz,Starkes Baumholz_13,1,0,0.046,not_young,875.5,Fontannen b. W.
2068,6495,3,0,0,0,3,3,3,ds5,,Mittleres Baumholz,Mittleres Baumholz_13,1,0,0.649,not_young,843.6,Romoos
2069,19681,3,0,0,0,3,3,3,ds6,,Starkes Baumholz,Starkes Baumholz_13,1,0,1.968,not_young,935.5,Fontannen b. W.
2070,5488,3,0,0,0,3,3,3,ds6,,Starkes Baumholz,Starkes Baumholz_13,1,0,0.549,not_young,855.8999999999999,Romoos
2071,6503,2,1,0,1,2,2,2,ds6,,Starkes Baumholz,Starkes Baumholz_13,1,0,0.65,not_young,662.0,Doppleschwand
2072,9224,3,0,0,0,3,3,3,ds6,,Starkes Baumholz,Starkes Baumholz_13,1,0,0.922,not_young,762.5,Romoos
2074,34943,3,0,0,0,3,3,3,ds6,,Starkes Baumholz,Starkes Baumholz_13,1,0,3.494,not_young,750.0,Romoos
2076,7700,3,0,0,0,3,3,3,ds6,,Starkes Baumholz,Starkes Baumholz_6,1,0,0.77,not_young,943.9,Fontannen b. W.
2077,16786,3,0,0,0,3,3,3,ds6,,Starkes Baumholz,Starkes Baumholz_13,1,0,1.679,not_young,829.0,Romoos
2078,4978,3,0,0,0,3,3,3,ds6,,Starkes Baumholz,Starkes Baumholz_6,1,0,0.498,not_young,971.9,Fontannen b. W.
2079,18712,3,0,0,0,3,3,3,ds6,,Starkes Baumholz,Starkes Baumholz_13,1,0,1.871,not_young,924.0,Romoos
2080,7231,3,0,0,0,3,3,3,ds6,,Starkes Baumholz,Starkes Baumholz_13,1,0,0.723,not_young,894.2,Romoos
2081,10470,2,1,0,1,2,2,2,ds6,,Starkes Baumholz,Starkes Baumholz_13,1,0,1.047,not_young,635.7,Doppleschwand
2082,7450,3,0,0,0,3,3,3,ds6,,Starkes Baumholz,Starkes Baumholz_13,1,0,0.745,not_young,940.2,Fontannen b. W.
2083,22571,3,0,0,0,3,3,3,ds6,,Starkes Baumholz,Starkes Baumholz_13,1,0,2.257,not_young,779.2,Romoos
2084,6183,3,0,0,0,3,3,3,ds5,,Mittleres Baumholz,Mittleres Baumholz_13,1,0,0.618,not_young,872.8999999999999,Romoos
2088,5830,3,0,0,0,3,3,3,ds6,,Starkes Baumholz,Starkes Baumholz_13,1,0,0.583,not_young,923.3,Fontannen b. W.
2089,14425,3,0,0,0,3,3,1,ds5,,Mittleres Baumholz,Mittleres Baumholz_13,1,0,1.442,not_young,968.9,Fontannen b. W.
2092,6700,3,0,0,0,3,3,3,ds6,,Starkes Baumholz,Starkes Baumholz_13,1,0,0.67,not_young,848.7999999999998,Fontannen b. W.
2093,5422,2,1,0,1,2,2,2,ds6,,Starkes Baumholz,Starkes Baumholz_13,1,0,0.542,not_young,792.0,Romoos
2094,5945,3,0,0,0,3,3,3,ds5,,Mittleres Baumholz,Mittleres Baumholz_13,1,0,0.594,not_young,961.2,Fontannen b. W.
2095,8859,3,0,0,0,3,3,3,ds6,,Starkes Baumholz,Starkes Baumholz_13,1,0,0.886,not_young,861.7999999999998,Romoos
2097,6737,3,0,0,0,3,3,3,ds4,,Schwaches Baumholz,Schwaches Baumholz_6,1,0,0.674,not_young,946.7,Romoos
2098,13336,2,1,0,1,2,2,2,ds6,,Starkes Baumholz,Starkes Baumholz_4,1,0,1.334,not_young,681.3,Romoos
2099,14068,3,0,0,0,3,3,3,ds6,,Starkes Baumholz,Starkes Baumholz_13,1,0,1.407,not_young,897.0,Romoos
2103,5268,3,0,0,0,3,3,3,ds6,,Starkes Baumholz,Starkes Baumholz_13,1,0,0.527,not_young,879.7,Romoos
2105,7703,3,0,0,0,3,3,3,ds6,,Starkes Baumholz,Starkes Baumholz_13,1,0,0.77,not_young,752.1,Romoos
2108,13632,2,1,0,1,2,2,2,ds6,,Starkes Baumholz,Starkes Baumholz_13,1,0,1.363,not_young,679.2,Romoos
2111,5259,3,0,0,0,3,3,3,ds5,,Mittleres Baumholz,Mittleres Baumholz_13,1,0,0.526,not_young,708.0,Romoos
2113,7208,3,0,0,0,3,3,3,ds5,,Mittleres Baumholz,Mittleres Baumholz_13,1,0,0.721,not_young,824.5,Romoos
2122,11789,2,1,0,1,2,2,2,ds6,,Starkes Baumholz,Starkes Baumholz_13,1,0,1.179,not_young,770.2999999999998,Romoos
2125,3066,3,0,0,0,3,3,3,ds6,,Starkes Baumholz,Starkes Baumholz_13,1,0,0.307,not_young,905.0,Fontannen b. W.
2126,5200,3,0,0,0,3,3,3,ds5,,Mittleres Baumholz,Mittleres Baumholz_6,1,0,0.52,not_young,955.6,Fontannen b. W.
2127,5324,3,0,0,0,3,3,3,ds6,,Starkes Baumholz,Starkes Baumholz_13,1,0,0.532,not_young,877.8999999999999,Romoos
2128,26857,2,1,0,1,2,2,1,ds6,,Starkes Baumholz,Starkes Baumholz_13,1,0,2.686,not_young,880.2999999999998,Fontannen b. W.
2129,39622,2,1,0,1,2,2,2,ds6,,Starkes Baumholz,Starkes Baumholz_13,1,0,3.962,not_young,824.2999999999998,Romoos
2130,5600,2,1,0,1,2,2,2,ds6,,Starkes Baumholz,Starkes Baumholz_4,1,0,0.56,not_young,690.4,Romoos
2131,11451,2,1,0,1,2,2,2,ds6,,Starkes Baumholz,Starkes Baumholz_13,1,0,1.145,not_young,768.3999999999999,Romoos
2132,6225,2,1,0,1,2,2,2,ds6,,Starkes Baumholz,Starkes Baumholz_13,1,0,0.623,not_young,763.5,Romoos
2133,18300,3,0,0,0,3,3,3,ds6,,Starkes Baumholz,Starkes Baumholz_13,1,0,1.83,not_young,760.1,Romoos
2135,7957,3,0,0,0,3,3,3,ds5,,Mittleres Baumholz,Mittleres Baumholz_13,1,0,0.796,not_young,944.0,Romoos
2138,83505,2,1,0,1,2,2,2,ds6,,Starkes Baumholz,Starkes Baumholz_13,1,0,8.35,not_young,834.6,Fontannen b. W.
2139,9950,2,1,0,1,2,2,2,ds6,,Starkes Baumholz,Starkes Baumholz_13,1,0,0.995,not_young,824.2999999999998,Romoos
2140,5378,3,0,0,0,3,3,3,ds3,,Stangenholz,Stangenholz_13,1,0,0.538,not_young,850.7999999999998,Fontannen b. W.
2141,11826,2,1,0,1,2,2,2,ds6,,Starkes Baumholz,Starkes Baumholz_13,1,0,1.183,not_young,834.7,Fontannen b. W.
2142,14245,3,0,0,0,3,3,3,ds6,,Starkes Baumholz,Starkes Baumholz_13,1,0,1.425,not_young,966.6,Fontannen b. W.
2143,5663,3,0,0,0,3,3,3,ds6,,Starkes Baumholz,Starkes Baumholz_13,1,0,0.566,not_young,861.1,Romoos
2144,10963,3,0,0,0,3,3,3,ds6,,Starkes Baumholz,Starkes Baumholz_4,1,0,1.096,not_young,624.6,Doppleschwand
2146,38336,2,1,0,1,2,2,2,ds6,,Starkes Baumholz,Starkes Baumholz_13,1,0,3.834,not_young,938.8,Fontannen b. W.
2147,14950,2,1,0,1,2,2,2,ds6,,Starkes Baumholz,Starkes Baumholz_13,1,0,1.495,not_young,667.9,Romoos
2148,12962,3,0,0,0,3,3,3,ds5,,Mittleres Baumholz,Mittleres Baumholz_6,1,0,1.296,not_young,951.9,Fontannen b. W.
2149,7242,3,0,0,0,3,3,3,ds6,,Starkes Baumholz,Starkes Baumholz_13,1,0,0.724,not_young,902.7,Romoos
2150,44254,2,1,0,1,2,2,2,ds6,,Starkes Baumholz,Starkes Baumholz_13,1,0,4.425,not_young,691.2,Romoos
2152,6147,3,0,0,0,3,3,3,ds6,,Starkes Baumholz,Starkes Baumholz_13,1,0,0.615,not_young,968.2,Fontannen b. W.
2153,5283,1,0,2,2,1,1,1,ds5,,Mittleres Baumholz,Mittleres Baumholz_13,1,0,0.528,not_young,942.0,Fontannen b. W.
2154,8785,3,0,0,0,3,3,3,ds6,,Starkes Baumholz,Starkes Baumholz_13,1,0,0.878,not_young,901.8,Fontannen b. W.
2155,7397,3,0,0,0,3,3,3,ds6,,Starkes Baumholz,Starkes Baumholz_13,1,0,0.74,not_young,880.7,Romoos
2157,6442,3,0,0,0,3,3,3,ds6,,Starkes Baumholz,Starkes Baumholz_13,1,0,0.644,not_young,882.2,Fontannen b. W.
2158,9892,3,0,0,0,3,3,3,ds6,,Starkes Baumholz,Starkes Baumholz_13,1,0,0.989,not_young,644.2,Doppleschwand
2159,6737,2,1,0,1,2,2,2,ds6,,Starkes Baumholz,Starkes Baumholz_13,1,0,0.674,not_young,778.2,Romoos
2163,9300,3,0,0,0,3,3,3,ds6,,Starkes Baumholz,Starkes Baumholz_13,1,0,0.93,not_young,938.7,Fontannen b. W.
2165,6576,3,0,0,0,3,3,1,ds6,,Starkes Baumholz,Starkes Baumholz_13,1,0,0.658,not_young,845.1,Romoos
2166,10549,3,0,0,0,3,3,3,ds5,,Mittleres Baumholz,Mittleres Baumholz_13,1,0,1.055,not_young,933.6,Romoos
2167,33088,3,0,0,0,3,3,3,ds6,,Starkes Baumholz,Starkes Baumholz_13,1,0,3.309,not_young,911.8,Romoos
2168,14795,3,0,0,0,3,3,1,ds6,,Starkes Baumholz,Starkes Baumholz_13,1,0,1.479,not_young,870.3999999999999,Fontannen b. W.
2169,18259,2,1,0,1,2,2,2,ds6,,Starkes Baumholz,Starkes Baumholz_13,1,0,1.826,not_young,857.0,Romoos
2172,5373,3,0,0,0,3,3,3,ds6,,Starkes Baumholz,Starkes Baumholz_13,1,0,0.537,not_young,889.0,Romoos
2174,5900,3,0,0,0,3,3,3,ds4,,Schwaches Baumholz,Schwaches Baumholz_13,1,0,0.59,not_young,870.2999999999998,Fontannen b. W.
2175,6100,3,0,0,0,3,3,3,ds6,,Starkes Baumholz,Starkes Baumholz_13,1,0,0.61,not_young,937.6,Fontannen b. W.
2176,35308,3,0,0,0,3,3,3,ds6,,Starkes Baumholz,Starkes Baumholz_13,1,0,3.531,not_young,857.2999999999998,Fontannen b. W.
2177,16416,3,0,0,0,3,3,3,ds6,,Starkes Baumholz,Starkes Baumholz_13,1,0,1.642,not_young,870.2,Romoos
2178,6291,1,0,2,2,1,1,1,ds5,,Mittleres Baumholz,Mittleres Baumholz_13,1,0,0.629,not_young,861.7999999999998,Romoos
2179,6950,3,0,0,0,3,3,3,ds6,,Starkes Baumholz,Starkes Baumholz_13,1,0,0.695,not_young,888.8999999999999,Fontannen b. W.
2182,13611,3,0,0,0,3,3,3,ds6,,Starkes Baumholz,Starkes Baumholz_6,1,0,1.361,not_young,937.8,Romoos
2183,13815,3,0,0,0,3,3,1,ds6,,Starkes Baumholz,Starkes Baumholz_13,1,0,1.381,not_young,875.2,Fontannen b. W.
2184,5199,3,0,0,0,3,3,3,ds5,,Mittleres Baumholz,Mittleres Baumholz_13,1,0,0.52,not_young,787.3999999999999,Romoos
2185,14235,2,1,0,1,2,2,2,ds6,,Starkes Baumholz,Starkes Baumholz_13,1,0,1.424,not_young,655.9,Doppleschwand
2186,8763,3,0,0,0,3,3,3,ds6,,Starkes Baumholz,Starkes Baumholz_13,1,0,0.876,not_young,653.0,Doppleschwand
2187,17504,3,0,0,0,3,3,3,ds6,,Starkes Baumholz,Starkes Baumholz_13,1,0,1.75,not_young,810.5,Romoos
2188,6771,3,0,0,0,3,3,3,ds6,,Starkes Baumholz,Starkes Baumholz_13,1,0,0.677,not_young,866.1,Romoos
2189,33332,2,1,0,1,2,2,2,ds6,,Starkes Baumholz,Starkes Baumholz_13,1,0,3.333,not_young,689.0,Romoos
2191,8100,3,0,0,0,3,3,3,ds6,,Starkes Baumholz,Starkes Baumholz_13,1,0,0.81,not_young,880.7,Fontannen b. W.
2199,13657,1,1,2,3,1,1,1,ds5,,Mittleres Baumholz,Mittleres Baumholz_13,1,0,1.366,not_young,736.3999999999999,Romoos
2200,6207,3,0,0,0,3,3,3,ds4,,Schwaches Baumholz,Schwaches Baumholz_13,1,0,0.621,not_young,959.6,Romoos
2201,6700,3,0,0,0,3,3,3,ds6,,Starkes Baumholz,Starkes Baumholz_13,1,0,0.67,not_young,864.7999999999998,Romoos
2203,24025,3,0,0,0,3,3,3,ds6,,Starkes Baumholz,Starkes Baumholz_13,1,0,2.403,not_young,866.6,Fontannen b. W.
2204,20547,2,1,0,1,2,2,2,ds6,,Starkes Baumholz,Starkes Baumholz_13,1,0,2.055,not_young,659.7,Doppleschwand
2205,15126,3,0,0,0,3,3,3,ds6,,Starkes Baumholz,Starkes Baumholz_13,1,0,1.513,not_young,788.5,Fontannen b. W.
2211,4963,3,0,0,0,3,3,3,ds6,,Starkes Baumholz,Starkes Baumholz_13,1,0,0.496,not_young,880.5,Romoos
2213,8150,1,0,2,2,1,1,1,ds4,,Schwaches Baumholz,Schwaches Baumholz_13,1,0,0.815,not_young,746.6,Romoos
2214,9892,3,0,0,0,3,3,3,ds6,,Starkes Baumholz,Starkes Baumholz_13,1,0,0.989,not_young,810.2999999999998,Fontannen b. W.
2215,9995,3,0,0,0,3,3,3,ds6,,Starkes Baumholz,Starkes Baumholz_13,1,0,1.0,not_young,803.2,Romoos
2216,23154,2,1,0,1,2,2,1,ds6,,Starkes Baumholz,Starkes Baumholz_13,1,0,2.315,not_young,786.8999999999999,Romoos
2217,1707,3,0,0,0,3,3,3,ds6,,Starkes Baumholz,Starkes Baumholz_6,1,0,0.171,not_young,959.3,Fontannen b. W.
2219,6882,3,0,0,0,3,3,3,ds6,,Starkes Baumholz,Starkes Baumholz_13,1,0,0.688,not_young,930.0,Romoos
2220,5244,3,0,0,0,3,3,3,ds5,,Mittleres Baumholz,Mittleres Baumholz_13,1,0,0.524,not_young,940.8,Romoos
2221,21392,3,0,0,0,3,3,3,ds6,,Starkes Baumholz,Starkes Baumholz_13,1,0,2.139,not_young,904.6,Fontannen b. W.
2222,16249,3,0,0,0,3,3,3,ds6,,Starkes Baumholz,Starkes Baumholz_13,1,0,1.625,not_young,866.7,Fontannen b. W.
2223,7100,1,0,2,2,1,1,1,ds6,,Starkes Baumholz,Starkes Baumholz_13,1,0,0.71,not_young,962.2,Fontannen b. W.
2224,22536,1,0,2,2,1,1,1,ds6,,Starkes Baumholz,Starkes Baumholz_13,1,0,2.254,not_young,738.2999999999998,Romoos
2225,5342,2,1,0,1,2,2,2,ds6,,Starkes Baumholz,Starkes Baumholz_13,1,0,0.534,not_young,722.2,Romoos
2228,18300,3,0,0,0,3,3,3,ds6,,Starkes Baumholz,Starkes Baumholz_13,1,0,1.83,not_young,861.1,Romoos
2229,9292,3,0,0,0,3,3,3,ds5,,Mittleres Baumholz,Mittleres Baumholz_13,1,0,0.929,not_young,945.7,Romoos
2230,14237,3,0,0,0,3,3,3,ds6,,Starkes Baumholz,Starkes Baumholz_13,1,0,1.424,not_young,766.1,Romoos
2233,9550,3,0,0,0,3,3,1,ds6,,Starkes Baumholz,Starkes Baumholz_13,1,0,0.955,not_young,906.6,Fontannen b. W.
2234,6017,3,0,0,0,3,3,3,ds5,,Mittleres Baumholz,Mittleres Baumholz_13,1,0,0.602,not_young,968.8,Romoos
2237,17427,3,0,0,0,3,3,3,ds6,,Starkes Baumholz,Starkes Baumholz_13,1,0,1.743,not_young,775.7,Romoos
2238,17771,3,0,0,0,3,3,3,ds6,,Starkes Baumholz,Starkes Baumholz_13,1,0,1.777,not_young,823.5,Romoos
2239,9800,3,0,0,0,3,3,3,ds6,,Starkes Baumholz,Starkes Baumholz_13,1,0,0.98,not_young,811.2999999999998,Romoos
2240,6814,3,0,0,0,3,3,3,ds6,,Starkes Baumholz,Starkes Baumholz_13,1,0,0.681,not_young,887.5,Romoos
2247,37100,3,0,0,0,3,3,1,ds6,,Starkes Baumholz,Starkes Baumholz_13,1,0,3.71,not_young,805.5,Romoos
2248,19147,2,1,0,1,2,2,2,ds6,,Starkes Baumholz,Starkes Baumholz_13,1,0,1.915,not_young,654.7,Doppleschwand
2250,10362,3,0,0,0,3,3,3,ds6,,Starkes Baumholz,Starkes Baumholz_13,1,0,1.036,not_young,866.2,Fontannen b. W.
2252,6050,3,0,0,0,3,3,3,ds6,,Starkes Baumholz,Starkes Baumholz_13,1,0,0.605,not_young,778.7999999999998,Romoos
2253,10000,2,1,0,1,2,2,2,ds6,,Starkes Baumholz,Starkes Baumholz_13,1,0,1.0,not_young,782.7999999999998,Romoos
2254,10585,2,1,0,1,2,2,2,ds6,,Starkes Baumholz,Starkes Baumholz_13,1,0,1.059,not_young,639.3,Romoos
2255,23384,3,0,0,0,3,3,3,ds6,,Starkes Baumholz,Starkes Baumholz_13,1,0,2.338,not_young,941.8,Romoos
2256,11741,3,0,0,0,3,3,3,ds6,,Starkes Baumholz,Starkes Baumholz_13,1,0,1.174,not_young,870.6,Romoos
2258,12878,3,0,0,0,3,3,3,ds6,,Starkes Baumholz,Starkes Baumholz_13,1,0,1.288,not_young,928.4,Romoos
2259,6164,2,1,0,1,2,2,2,ds6,,Starkes Baumholz,Starkes Baumholz_13,1,0,0.616,not_young,741.8999999999999,Romoos
2261,8206,3,0,0,0,3,3,3,ds6,,Starkes Baumholz,Starkes Baumholz_13,1,0,0.821,not_young,844.3999999999999,Romoos
2264,11939,3,0,0,0,3,3,3,ds6,,Starkes Baumholz,Starkes Baumholz_13,1,0,1.194,not_young,852.0,Romoos
2265,6400,3,0,0,0,3,3,3,ds6,,Starkes Baumholz,Starkes Baumholz_13,1,0,0.64,not_young,865.3999999999999,Romoos
2267,6826,3,0,0,0,3,3,3,ds6,,Starkes Baumholz,Starkes Baumholz_13,1,0,0.683,not_young,724.0,Doppleschwand
2269,7778,2,1,0,1,2,2,2,ds6,,Starkes Baumholz,Starkes Baumholz_13,1,0,0.778,not_young,714.5,Romoos
2272,5200,3,0,0,0,3,3,3,ds6,,Starkes Baumholz,Starkes Baumholz_13,1,0,0.52,not_young,815.2,Doppleschwand
2274,6250,1,0,2,2,1,1,1,ds6,,Starkes Baumholz,Starkes Baumholz_13,1,0,0.625,not_young,666.2,Doppleschwand
2278,7050,3,0,0,0,3,3,3,ds6,,Starkes Baumholz,Starkes Baumholz_13,1,0,0.705,not_young,823.1,Romoos
2279,17477,1,1,2,3,1,1,1,ds6,,Starkes Baumholz,Starkes Baumholz_13,1,0,1.748,not_young,660.7,Doppleschwand
2283,8500,3,0,0,0,3,3,3,ds6,,Starkes Baumholz,Starkes Baumholz_13,1,0,0.85,not_young,830.5,Schüpfheim
2287,6607,3,0,0,0,3,3,3,ds3,,Stangenholz,Stangenholz_13,1,0,0.661,not_young,687.7,Hasle LU
2290,9503,3,0,0,0,3,3,3,ds5,,Mittleres Baumholz,Mittleres Baumholz_13,1,0,0.95,not_young,963.3,Doppleschwand
2291,7389,3,0,0,0,3,3,3,ds6,,Starkes Baumholz,Starkes Baumholz_13,1,0,0.739,not_young,849.5,Romoos
2292,12938,3,0,0,0,3,3,3,ds6,,Starkes Baumholz,Starkes Baumholz_13,1,0,1.294,not_young,762.3999999999999,Romoos
2293,6333,2,1,0,1,2,2,2,ds6,,Starkes Baumholz,Starkes Baumholz_13,1,0,0.633,not_young,750.2,Doppleschwand
2296,49210,2,1,0,1,2,2,2,ds6,,Starkes Baumholz,Starkes Baumholz_13,1,0,4.921,not_young,729.7,Romoos
2300,5436,3,0,0,0,3,3,3,ds5,,Mittleres Baumholz,Mittleres Baumholz_13,1,0,0.544,not_young,868.8999999999999,Romoos
2301,9527,3,0,0,0,3,3,3,ds6,,Starkes Baumholz,Starkes Baumholz_13,1,0,0.953,not_young,776.6,Romoos
2302,5944,2,1,0,1,2,2,2,ds6,,Starkes Baumholz,Starkes Baumholz_13,1,0,0.594,not_young,752.7,Doppleschwand
2303,15100,1,0,2,2,1,1,1,ds6,,Starkes Baumholz,Starkes Baumholz_13,1,0,1.51,not_young,959.7,Fontannen b. W.
2304,6000,2,1,0,1,2,2,2,ds4,,Schwaches Baumholz,Schwaches Baumholz_13,1,0,0.6,not_young,736.2,Doppleschwand
2305,40964,2,1,0,1,2,2,1,ds6,,Starkes Baumholz,Starkes Baumholz_13,1,0,4.096,not_young,814.2999999999998,Romoos
2306,5065,3,0,0,0,3,3,3,ds6,,Starkes Baumholz,Starkes Baumholz_13,1,0,0.506,not_young,875.0,Romoos
2307,11665,3,0,0,0,3,3,3,ds6,,Starkes Baumholz,Starkes Baumholz_13,1,0,1.167,not_young,949.1,Romoos
2308,10755,3,0,0,0,3,3,3,ds5,,Mittleres Baumholz,Mittleres Baumholz_13,1,0,1.076,not_young,946.4,Romoos
2310,11114,2,1,0,1,2,2,2,ds6,,Starkes Baumholz,Starkes Baumholz_13,1,0,1.111,not_young,733.6,Romoos
2312,5658,3,0,0,0,3,3,3,ds5,,Mittleres Baumholz,Mittleres Baumholz_13,1,0,0.566,not_young,967.1,Romoos
2314,6362,3,0,0,0,3,3,3,ds6,,Starkes Baumholz,Starkes Baumholz_13,1,0,0.636,not_young,943.6,Romoos
2315,27850,3,0,0,0,3,3,3,ds6,,Starkes Baumholz,Starkes Baumholz_13,1,0,2.785,not_young,864.3999999999999,Romoos
2316,6750,3,0,0,0,3,3,3,ds6,,Starkes Baumholz,Starkes Baumholz_13,1,0,0.675,not_young,848.5,Romoos
2317,6078,2,1,0,1,2,2,2,ds6,,Starkes Baumholz,Starkes Baumholz_13,1,0,0.608,not_young,736.5,Doppleschwand
2318,62426,3,0,0,0,3,3,3,ds6,,Starkes Baumholz,Starkes Baumholz_13,1,0,6.243,not_young,890.3999999999999,Romoos
2320,17584,3,0,0,0,3,3,3,ds6,,Starkes Baumholz,Starkes Baumholz_13,1,0,1.758,not_young,901.7,Romoos
2322,10414,3,0,0,0,3,3,3,ds6,,Starkes Baumholz,Starkes Baumholz_13,1,0,1.041,not_young,899.6,Fontannen b. W.
2323,6300,3,0,0,0,3,3,3,ds6,,Starkes Baumholz,Starkes Baumholz_13,1,0,0.63,not_young,829.7,Romoos
2324,24012,2,1,0,1,2,2,2,ds6,,Starkes Baumholz,Starkes Baumholz_13,1,0,2.401,not_young,843.6,Romoos
2326,5257,3,0,0,0,3,3,3,ds5,,Mittleres Baumholz,Mittleres Baumholz_13,1,0,0.526,not_young,882.2,Romoos
2328,16891,2,1,0,1,2,2,2,ds6,,Starkes Baumholz,Starkes Baumholz_13,1,0,1.689,not_young,719.9,Doppleschwand
2332,9910,2,1,0,1,2,2,2,ds5,,Mittleres Baumholz,Mittleres Baumholz_13,1,0,0.991,not_young,775.8999999999999,Doppleschwand
2335,5000,3,0,0,0,3,3,3,ds5,,Mittleres Baumholz,Mittleres Baumholz_13,1,0,0.5,not_young,750.6,Doppleschwand
2336,5208,3,0,0,0,3,3,3,ds6,,Starkes Baumholz,Starkes Baumholz_13,1,0,0.521,not_young,849.6,Romoos
2339,18631,3,0,0,0,3,3,3,ds6,,Starkes Baumholz,Starkes Baumholz_13,1,0,1.863,not_young,757.7,Romoos
2341,10650,3,0,0,0,3,3,3,ds6,,Starkes Baumholz,Starkes Baumholz_13,1,0,1.065,not_young,900.6,Fontannen b. W.
2342,23203,3,0,0,0,3,3,3,ds6,,Starkes Baumholz,Starkes Baumholz_13,1,0,2.32,not_young,807.7,Romoos
2345,20041,3,0,0,0,3,3,1,ds6,,Starkes Baumholz,Starkes Baumholz_13,1,0,2.004,not_young,920.9,Fontannen b. W.
2346,7459,3,0,0,0,3,3,3,ds6,,Starkes Baumholz,Starkes Baumholz_13,1,0,0.746,not_young,903.3,Fontannen b. W.
2351,17029,2,1,0,1,2,2,2,ds6,,Starkes Baumholz,Starkes Baumholz_13,1,0,1.703,not_young,792.0,Romoos
2352,14204,3,0,0,0,3,3,3,ds6,,Starkes Baumholz,Starkes Baumholz_13,1,0,1.42,not_young,758.2999999999998,Doppleschwand
2353,11403,3,0,0,0,3,3,3,ds6,,Starkes Baumholz,Starkes Baumholz_13,1,0,1.14,not_young,867.5,Romoos
2355,14773,3,0,0,0,3,3,3,ds6,,Starkes Baumholz,Starkes Baumholz_13,1,0,1.477,not_young,869.2,Romoos
2356,9700,3,0,0,0,3,3,3,ds6,,Starkes Baumholz,Starkes Baumholz_13,1,0,0.97,not_young,933.1,Fontannen b. W.
2357,39266,2,1,0,1,2,2,2,ds6,,Starkes Baumholz,Starkes Baumholz_4,1,0,3.927,not_young,697.4,Romoos
2359,38852,3,0,0,0,3,3,3,ds6,,Starkes Baumholz,Starkes Baumholz_13,1,0,3.885,not_young,926.7,Romoos
2360,14775,3,0,0,0,3,3,3,ds6,,Starkes Baumholz,Starkes Baumholz_13,1,0,1.478,not_young,760.7,Doppleschwand
2361,7943,3,0,0,0,3,3,3,ds5,,Mittleres Baumholz,Mittleres Baumholz_13,1,0,0.794,not_young,941.5,Romoos
2365,27941,2,1,0,1,2,2,2,ds6,,Starkes Baumholz,Starkes Baumholz_13,1,0,2.794,not_young,780.0,Doppleschwand
2366,25698,3,0,0,0,3,3,3,ds6,,Starkes Baumholz,Starkes Baumholz_13,1,0,2.57,not_young,896.3999999999999,Romoos
2370,13700,3,0,0,0,3,3,3,ds6,,Starkes Baumholz,Starkes Baumholz_13,1,0,1.37,not_young,771.8999999999999,Doppleschwand
2372,14431,3,0,0,0,3,3,3,ds6,,Starkes Baumholz,Starkes Baumholz_13,1,0,1.443,not_young,839.1,Doppleschwand
2374,13385,2,1,0,1,2,2,2,ds6,,Starkes Baumholz,Starkes Baumholz_13,1,0,1.338,not_young,682.0,Romoos
2375,5900,3,0,0,0,3,3,3,ds5,,Mittleres Baumholz,Mittleres Baumholz_13,1,0,0.59,not_young,825.2999999999998,Doppleschwand
2377,5000,3,0,0,0,3,3,3,ds5,,Mittleres Baumholz,Mittleres Baumholz_13,1,0,0.5,not_young,885.1,Romoos
2378,7546,3,0,0,0,3,3,3,ds6,,Starkes Baumholz,Starkes Baumholz_13,1,0,0.755,not_young,917.5,Fontannen b. W.
2379,14467,3,0,0,0,3,3,3,ds5,,Mittleres Baumholz,Mittleres Baumholz_13,1,0,1.447,not_young,789.6,Doppleschwand
2380,6946,3,0,0,0,3,3,3,ds5,,Mittleres Baumholz,Mittleres Baumholz_13,1,0,0.695,not_young,918.1,Romoos
2381,11365,3,0,0,0,3,3,3,ds6,,Starkes Baumholz,Starkes Baumholz_13,1,0,1.137,not_young,861.7,Romoos
2382,6036,3,0,0,0,3,3,3,ds5,,Mittleres Baumholz,Mittleres Baumholz_13,1,0,0.604,not_young,963.5,Romoos
2383,18850,3,0,0,0,3,3,3,ds6,,Starkes Baumholz,Starkes Baumholz_13,1,0,1.885,not_young,818.2,Romoos
2384,9235,3,0,0,0,3,3,3,ds6,,Starkes Baumholz,Starkes Baumholz_13,1,0,0.924,not_young,918.2,Romoos
2385,31244,2,1,0,1,2,2,2,ds6,,Starkes Baumholz,Starkes Baumholz_13,1,0,3.124,not_young,686.7,Doppleschwand
2387,6000,3,0,0,0,3,3,1,ds6,,Starkes Baumholz,Starkes Baumholz_13,1,0,0.6,not_young,960.5,Fontannen b. W.
2388,7333,3,0,0,0,3,3,3,ds5,,Mittleres Baumholz,Mittleres Baumholz_13,1,0,0.733,not_young,830.2999999999998,Doppleschwand
2389,7066,3,0,0,0,3,3,3,ds6,,Starkes Baumholz,Starkes Baumholz_13,1,0,0.707,not_young,799.3999999999999,Doppleschwand
2390,6257,2,1,0,1,2,2,2,ds5,,Mittleres Baumholz,Mittleres Baumholz_13,1,0,0.626,not_young,647.1,Doppleschwand
2395,5767,3,0,0,0,3,3,3,ds6,,Starkes Baumholz,Starkes Baumholz_13,1,0,0.577,not_young,956.6,Romoos
2396,20512,3,0,0,0,3,3,3,ds6,,Starkes Baumholz,Starkes Baumholz_13,1,0,2.051,not_young,712.8,Doppleschwand
2397,5300,3,0,0,0,3,3,3,ds6,,Starkes Baumholz,Starkes Baumholz_13,1,0,0.53,not_young,916.3,Romoos
2398,17113,2,1,0,1,2,2,2,ds6,,Starkes Baumholz,Starkes Baumholz_13,1,0,1.711,not_young,687.9,Doppleschwand
2399,13400,3,0,0,0,3,3,3,ds6,,Starkes Baumholz,Starkes Baumholz_13,1,0,1.34,not_young,880.7,Romoos
2400,15746,3,0,0,0,3,3,3,ds6,,Starkes Baumholz,Starkes Baumholz_13,1,0,1.575,not_young,821.1,Doppleschwand
2402,5193,3,0,0,0,3,3,3,ds4,,Schwaches Baumholz,Schwaches Baumholz_13,1,0,0.519,not_young,734.2999999999998,Romoos
2406,23200,3,0,0,0,3,3,3,ds6,,Starkes Baumholz,Starkes Baumholz_13,1,0,2.32,not_young,876.7,Romoos
2410,20103,3,0,0,0,3,3,3,ds6,,Starkes Baumholz,Starkes Baumholz_13,1,0,2.01,not_young,933.6,Romoos
2411,7164,2,1,0,1,2,2,2,ds6,,Starkes Baumholz,Starkes Baumholz_13,1,0,0.716,not_young,685.9,Romoos
2417,5303,3,0,0,0,3,3,3,ds6,,Starkes Baumholz,Starkes Baumholz_13,1,0,0.53,not_young,830.2999999999998,Doppleschwand
2419,6650,3,0,0,0,3,3,3,ds5,,Mittleres Baumholz,Mittleres Baumholz_13,1,0,0.665,not_young,904.2,Romoos
2420,5221,3,0,0,0,3,3,3,ds6,,Starkes Baumholz,Starkes Baumholz_13,1,0,0.522,not_young,900.6,Romoos
2424,13164,3,0,0,0,3,3,3,ds5,,Mittleres Baumholz,Mittleres Baumholz_13,1,0,1.316,not_young,916.9,Romoos
2425,5747,3,0,0,0,3,3,3,ds5,,Mittleres Baumholz,Mittleres Baumholz_13,1,0,0.575,not_young,923.8,Romoos
2426,10513,3,0,0,0,3,3,3,ds6,,Starkes Baumholz,Starkes Baumholz_13,1,0,1.051,not_young,797.2999999999998,Romoos
2429,5150,3,0,0,0,3,3,3,ds6,,Starkes Baumholz,Starkes Baumholz_13,1,0,0.515,not_young,946.9,Romoos
2430,5350,1,0,2,2,1,1,1,ds6,,Starkes Baumholz,Starkes Baumholz_13,1,0,0.535,not_young,966.2,Fontannen b. W.
2431,19699,2,1,0,1,2,2,2,ds6,,Starkes Baumholz,Starkes Baumholz_13,1,0,1.97,not_young,676.1,Doppleschwand
2433,6084,3,0,0,0,3,3,3,ds5,,Mittleres Baumholz,Mittleres Baumholz_13,1,0,0.608,not_young,782.2,Romoos
2436,17583,3,0,0,0,3,3,3,ds6,,Starkes Baumholz,Starkes Baumholz_13,1,0,1.758,not_young,959.3,Romoos
2441,6038,2,1,0,1,2,2,2,ds4,,Schwaches Baumholz,Schwaches Baumholz_13,1,0,0.604,not_young,674.6,Doppleschwand
2442,7389,3,0,0,0,3,3,3,ds5,,Mittleres Baumholz,Mittleres Baumholz_13,1,0,0.739,not_young,885.2,Doppleschwand
2445,25616,3,0,0,0,3,3,3,ds6,,Starkes Baumholz,Starkes Baumholz_13,1,0,2.562,not_young,927.3,Romoos
2449,5632,3,0,0,0,3,3,3,ds3,,Stangenholz,Stangenholz_13,1,0,0.563,not_young,869.6,Romoos
2450,13696,3,0,0,0,3,3,3,ds6,,Starkes Baumholz,Starkes Baumholz_13,1,0,1.37,not_young,875.8999999999999,Romoos
2451,13666,3,0,0,0,3,3,3,ds6,,Starkes Baumholz,Starkes Baumholz_13,1,0,1.367,not_young,761.2,Romoos
2455,156437,2,1,0,1,2,2,2,ds6,,Starkes Baumholz,Starkes Baumholz_13,1,0,15.644,not_young,727.2999999999998,Romoos
2462,7841,3,0,0,0,3,3,3,ds6,,Starkes Baumholz,Starkes Baumholz_13,1,0,0.784,not_young,753.3999999999999,Romoos
2468,8319,3,0,0,0,3,3,3,ds6,,Starkes Baumholz,Starkes Baumholz_13,1,0,0.832,not_young,757.6,Romoos
2477,8261,3,0,0,0,3,3,3,ds6,,Starkes Baumholz,Starkes Baumholz_13,1,0,0.826,not_young,770.3999999999999,Romoos
2482,10604,3,0,0,0,3,3,3,ds6,,Starkes Baumholz,Starkes Baumholz_13,1,0,1.06,not_young,751.1,Romoos
2498,13830,3,0,0,0,3,3,3,ds6,,Starkes Baumholz,Starkes Baumholz_13,1,0,1.383,not_young,771.0,Romoos
2499,8916,2,1,0,1,2,2,2,ds6,,Starkes Baumholz,Starkes Baumholz_13,1,0,0.892,not_young,693.8,Romoos
2503,8690,3,0,0,0,3,3,3,ds6,,Starkes Baumholz,Starkes Baumholz_13,1,0,0.869,not_young,778.0,Doppleschwand
2504,38171,2,1,0,1,2,2,2,ds6,,Starkes Baumholz,Starkes Baumholz_13,1,0,3.817,not_young,691.9,Doppleschwand
2512,6261,2,1,0,1,2,2,2,ds6,,Starkes Baumholz,Starkes Baumholz_13,1,0,0.626,not_young,684.0,Doppleschwand
2526,14958,3,0,0,0,3,3,3,ds6,,Starkes Baumholz,Starkes Baumholz_13,1,0,1.496,not_young,791.7999999999998,Romoos
2530,5386,3,0,0,0,3,3,3,ds6,,Starkes Baumholz,Starkes Baumholz_13,1,0,0.539,not_young,840.1,Romoos
2531,6695,2,1,0,1,2,2,1,ds6,,Starkes Baumholz,Starkes Baumholz_13,1,0,0.67,not_young,675.2,Doppleschwand
2535,61671,3,0,0,0,3,3,3,ds6,,Starkes Baumholz,Starkes Baumholz_13,1,0,6.167,not_young,900.3999999999999,Doppleschwand
2540,8390,3,0,0,0,3,3,3,ds6,,Starkes Baumholz,Starkes Baumholz_13,1,0,0.839,not_young,838.5,Romoos
2541,11800,3,0,0,0,3,3,3,ds6,,Starkes Baumholz,Starkes Baumholz_13,1,0,1.18,not_young,785.7,Doppleschwand
2543,8507,2,1,0,1,2,2,2,ds6,,Starkes Baumholz,Starkes Baumholz_13,1,0,0.851,not_young,686.2,Doppleschwand
2544,6800,3,0,0,0,3,3,3,ds6,,Starkes Baumholz,Starkes Baumholz_13,1,0,0.68,not_young,787.1,Doppleschwand
2552,10426,3,0,0,0,3,3,3,ds6,,Starkes Baumholz,Starkes Baumholz_13,1,0,1.043,not_young,753.5,Doppleschwand
2556,22767,3,0,0,0,3,3,3,ds6,,Starkes Baumholz,Starkes Baumholz_13,1,0,2.277,not_young,880.0,Romoos
2560,5247,3,0,0,0,3,3,3,ds5,,Mittleres Baumholz,Mittleres Baumholz_13,1,0,0.525,not_young,941.1,Romoos
2564,18811,3,0,0,0,3,3,3,ds6,,Starkes Baumholz,Starkes Baumholz_13,1,0,1.881,not_young,827.1,Romoos
2567,5874,3,0,0,0,3,3,3,ds6,,Starkes Baumholz,Starkes Baumholz_13,1,0,0.587,not_young,845.5,Romoos
2568,10195,3,0,0,0,3,3,3,ds5,,Mittleres Baumholz,Mittleres Baumholz_13,1,0,1.02,not_young,920.2,Doppleschwand
2571,18843,3,0,0,0,3,3,3,ds6,,Starkes Baumholz,Starkes Baumholz_13,1,0,1.884,not_young,885.7999999999998,Romoos
2572,9900,3,0,0,0,3,3,3,ds6,,Starkes Baumholz,Starkes Baumholz_13,1,0,0.99,not_young,872.2,Romoos
2576,91083,3,0,0,0,3,3,3,ds6,,Starkes Baumholz,Starkes Baumholz_13,1,0,9.108,not_young,816.8999999999999,Doppleschwand
2580,7063,3,0,0,0,3,3,3,ds6,,Starkes Baumholz,Starkes Baumholz_13,1,0,0.706,not_young,837.7999999999998,Romoos
2581,5738,2,1,0,1,2,2,2,ds6,,Starkes Baumholz,Starkes Baumholz_13,1,0,0.574,not_young,707.9,Romoos
2582,5889,3,0,0,0,3,3,3,ds5,,Mittleres Baumholz,Mittleres Baumholz_13,1,0,0.589,not_young,903.8,Doppleschwand
2592,30182,2,1,0,1,2,2,2,ds6,,Starkes Baumholz,Starkes Baumholz_13,1,0,3.018,not_young,731.7999999999998,Romoos
2599,5601,3,0,0,0,3,3,3,ds6,,Starkes Baumholz,Starkes Baumholz_13,1,0,0.56,not_young,843.7,Romoos
2603,5800,3,0,0,0,3,3,3,ds5,,Mittleres Baumholz,Mittleres Baumholz_13,1,0,0.58,not_young,961.2,Romoos
2604,67892,2,1,0,1,2,2,2,ds6,,Starkes Baumholz,Starkes Baumholz_13,1,0,6.789,not_young,772.2,Doppleschwand
2607,7944,2,1,0,1,2,2,2,ds6,,Starkes Baumholz,Starkes Baumholz_13,1,0,0.794,not_young,706.9,Romoos
2608,7079,3,0,0,0,3,3,3,ds4,,Schwaches Baumholz,Schwaches Baumholz_13,1,0,0.708,not_young,929.1,Doppleschwand
2611,17700,2,1,0,1,2,2,2,ds6,,Starkes Baumholz,Starkes Baumholz_13,1,0,1.77,not_young,766.3999999999999,Doppleschwand
2618,6069,3,0,0,0,3,3,3,ds5,,Mittleres Baumholz,Mittleres Baumholz_13,1,0,0.607,not_young,856.0,Romoos
2619,7392,3,0,0,0,3,3,3,ds5,,Mittleres Baumholz,Mittleres Baumholz_13,1,0,0.739,not_young,897.6,Doppleschwand
2623,9514,3,0,0,0,3,3,3,ds6,,Starkes Baumholz,Starkes Baumholz_13,1,0,0.951,not_young,876.0,Doppleschwand
2624,11765,3,0,0,0,3,3,3,ds5,,Mittleres Baumholz,Mittleres Baumholz_13,1,0,1.176,not_young,878.8999999999999,Doppleschwand
2626,11946,3,0,0,0,3,3,3,ds6,,Starkes Baumholz,Starkes Baumholz_13,1,0,1.195,not_young,889.5,Romoos
2627,8900,3,0,0,0,3,3,3,ds5,,Mittleres Baumholz,Mittleres Baumholz_13,1,0,0.89,not_young,797.3999999999999,Doppleschwand
2630,5557,3,0,0,0,3,3,3,ds5,,Mittleres Baumholz,Mittleres Baumholz_13,1,0,0.556,not_young,919.9,Romoos
2631,5294,3,0,0,0,3,3,3,ds6,,Starkes Baumholz,Starkes Baumholz_13,1,0,0.529,not_young,772.0,Romoos
2633,15707,3,0,0,0,3,3,3,ds6,,Starkes Baumholz,Starkes Baumholz_13,1,0,1.571,not_young,920.2,Romoos
2634,67685,3,0,0,0,3,3,3,ds6,,Starkes Baumholz,Starkes Baumholz_13,1,0,6.768,not_young,838.1,Doppleschwand
2636,10936,2,1,0,1,2,2,2,ds6,,Starkes Baumholz,Starkes Baumholz_13,1,0,1.094,not_young,727.6,Romoos
2642,27763,3,0,0,0,3,3,3,ds6,,Starkes Baumholz,Starkes Baumholz_13,1,0,2.776,not_young,872.3999999999999,Romoos
2644,147011,3,0,0,0,3,3,3,ds6,,Starkes Baumholz,Starkes Baumholz_13,1,0,14.701,not_young,893.2999999999998,Romoos
2645,5592,3,0,0,0,3,3,3,ds5,,Mittleres Baumholz,Mittleres Baumholz_13,1,0,0.559,not_young,788.2999999999998,Doppleschwand
2658,82005,2,1,0,1,2,2,2,ds6,,Starkes Baumholz,Starkes Baumholz_13,1,0,8.201,not_young,843.6,Romoos
2663,7891,3,0,0,0,3,3,3,ds5,,Mittleres Baumholz,Mittleres Baumholz_13,1,0,0.789,not_young,865.2,Schüpfheim
2670,7228,3,0,0,0,3,3,3,ds6,,Starkes Baumholz,Starkes Baumholz_6,1,0,0.723,not_young,963.0,Schüpfheim
2671,48495,3,0,0,0,3,3,3,ds6,,Starkes Baumholz,Starkes Baumholz_13,1,0,4.849,not_young,951.1,Schüpfheim
2677,10522,2,1,0,1,2,2,2,ds6,,Starkes Baumholz,Starkes Baumholz_13,1,0,1.052,not_young,715.2,Doppleschwand
2681,68203,3,0,0,0,3,3,3,ds6,,Starkes Baumholz,Starkes Baumholz_13,1,0,6.82,not_young,849.1,Romoos
2689,7250,3,0,0,0,3,3,3,ds6,,Starkes Baumholz,Starkes Baumholz_13,1,0,0.725,not_young,768.2999999999998,Doppleschwand
2691,8400,3,0,0,0,3,3,3,ds6,,Starkes Baumholz,Starkes Baumholz_13,1,0,0.84,not_young,840.2999999999998,Doppleschwand
2704,13154,3,0,0,0,3,3,3,ds6,,Starkes Baumholz,Starkes Baumholz_13,1,0,1.315,not_young,899.7999999999998,Doppleschwand
2709,5600,3,0,0,0,3,3,3,ds6,,Starkes Baumholz,Starkes Baumholz_13,1,0,0.56,not_young,910.2,Doppleschwand
2713,5700,3,0,0,0,3,3,3,ds5,,Mittleres Baumholz,Mittleres Baumholz_13,1,0,0.57,not_young,933.9,Doppleschwand
2720,6200,3,0,0,0,3,3,3,ds6,,Starkes Baumholz,Starkes Baumholz_13,1,0,0.62,not_young,936.9,Romoos
2722,39319,3,0,0,0,3,3,3,ds6,,Starkes Baumholz,Starkes Baumholz_13,1,0,3.932,not_young,817.2999999999998,Doppleschwand
2723,36679,2,1,0,1,2,2,2,ds6,,Starkes Baumholz,Starkes Baumholz_13,1,0,3.668,not_young,705.3,Doppleschwand
2733,5350,3,0,0,0,3,3,3,ds6,,Starkes Baumholz,Starkes Baumholz_13,1,0,0.535,not_young,955.9,Romoos
2734,7050,3,0,0,0,3,3,3,ds3,,Stangenholz,Stangenholz_13,1,0,0.705,not_young,917.1,Romoos
2737,7966,3,0,0,0,3,3,3,ds6,,Starkes Baumholz,Starkes Baumholz_13,1,0,0.797,not_young,879.2,Doppleschwand
2740,6980,2,1,0,1,2,2,2,ds6,,Starkes Baumholz,Starkes Baumholz_13,1,0,0.698,not_young,725.7999999999998,Doppleschwand
2744,14878,3,0,0,0,3,3,3,ds6,,Starkes Baumholz,Starkes Baumholz_13,1,0,1.488,not_young,957.3,Doppleschwand
2746,6869,3,0,0,0,3,3,3,ds5,,Mittleres Baumholz,Mittleres Baumholz_13,1,0,0.687,not_young,803.5,Doppleschwand
2748,38441,3,0,0,0,3,3,3,ds6,,Starkes Baumholz,Starkes Baumholz_13,1,0,3.844,not_young,887.5,Doppleschwand
2752,6166,3,0,0,0,3,3,3,ds6,,Starkes Baumholz,Starkes Baumholz_13,1,0,0.617,not_young,927.4,Romoos
2754,65620,3,0,0,0,3,3,3,ds6,,Starkes Baumholz,Starkes Baumholz_13,1,0,6.562,not_young,908.3,Romoos
2759,7856,2,1,0,1,2,2,2,ds6,,Starkes Baumholz,Starkes Baumholz_4,1,0,0.786,not_young,656.3,Doppleschwand
2760,5848,3,0,0,0,3,3,3,ds6,,Starkes Baumholz,Starkes Baumholz_13,1,0,0.585,not_young,944.2,Romoos
2768,10186,3,0,0,0,3,3,3,ds6,,Starkes Baumholz,Starkes Baumholz_13,1,0,1.019,not_young,915.1,Romoos
2775,5887,3,0,0,0,3,3,3,ds6,,Starkes Baumholz,Starkes Baumholz_13,1,0,0.589,not_young,954.8,Romoos
2779,31805,3,0,0,0,3,3,3,ds6,,Starkes Baumholz,Starkes Baumholz_13,1,0,3.181,not_young,945.9,Romoos
2784,36486,3,0,0,0,3,3,3,ds6,,Starkes Baumholz,Starkes Baumholz_13,1,0,3.649,not_young,837.5,Doppleschwand
2788,7290,3,0,0,0,3,3,3,ds6,,Starkes Baumholz,Starkes Baumholz_13,1,0,0.729,not_young,735.2,Romoos
2789,31285,2,1,0,1,2,2,2,ds6,,Starkes Baumholz,Starkes Baumholz_13,1,0,3.129,not_young,694.2,Doppleschwand
2790,6699,2,1,0,1,2,2,2,ds6,,Starkes Baumholz,Starkes Baumholz_13,1,0,0.67,not_young,673.7,Doppleschwand
2791,6510,3,0,0,0,3,3,3,ds6,,Starkes Baumholz,Starkes Baumholz_13,1,0,0.651,not_young,824.2,Romoos
2793,6609,3,0,0,0,3,3,3,ds6,,Starkes Baumholz,Starkes Baumholz_13,1,0,0.661,not_young,915.1,Romoos
2800,5844,3,0,0,0,3,3,3,ds6,,Starkes Baumholz,Starkes Baumholz_13,1,0,0.584,not_young,753.7999999999998,Romoos
2806,59260,2,1,0,1,2,2,2,ds6,,Starkes Baumholz,Starkes Baumholz_13,1,0,5.926,not_young,752.2,Doppleschwand
2807,99857,2,1,0,1,2,2,2,ds6,,Starkes Baumholz,Starkes Baumholz_13,1,0,9.986,not_young,723.1,Romoos
2809,15967,3,0,0,0,3,3,3,ds6,,Starkes Baumholz,Starkes Baumholz_13,1,0,1.597,not_young,958.5,Romoos
2810,10849,3,0,0,0,3,3,3,ds6,,Starkes Baumholz,Starkes Baumholz_13,1,0,1.085,not_young,946.9,Romoos
2815,7106,3,0,0,0,3,3,3,ds6,,Starkes Baumholz,Starkes Baumholz_13,1,0,0.711,not_young,844.0,Doppleschwand
2821,7662,3,0,0,0,3,3,3,ds5,,Mittleres Baumholz,Mittleres Baumholz_13,1,0,0.766,not_young,753.6,Romoos
2824,13547,3,0,0,0,3,3,3,ds5,,Mittleres Baumholz,Mittleres Baumholz_13,1,0,1.355,not_young,816.5,Doppleschwand
2825,5357,3,0,0,0,3,3,3,ds3,,Stangenholz,Stangenholz_13,1,0,0.536,not_young,852.3999999999999,Doppleschwand
2839,5117,3,0,0,0,3,3,3,ds6,,Starkes Baumholz,Starkes Baumholz_13,1,0,0.512,not_young,907.9,Bramboden
2841,9100,3,0,0,0,3,3,3,ds6,,Starkes Baumholz,Starkes Baumholz_13,1,0,0.91,not_young,928.6,Bramboden
2848,6076,3,0,0,0,3,3,3,ds6,,Starkes Baumholz,Starkes Baumholz_13,1,0,0.608,not_young,839.2999999999998,Hasle LU
2860,5442,3,0,0,0,3,3,3,ds6,,Starkes Baumholz,Starkes Baumholz_13,1,0,0.544,not_young,949.3,Schüpfheim
2861,5657,2,1,0,1,2,2,2,ds6,,Starkes Baumholz,Starkes Baumholz_13,1,0,0.566,not_young,900.0,Schüpfheim
2870,7602,3,0,0,0,3,3,3,ds6,,Starkes Baumholz,Starkes Baumholz_13,1,0,0.76,not_young,979.9,Romoos
2874,6169,3,0,0,0,3,3,3,ds6,,Starkes Baumholz,Starkes Baumholz_13,1,0,0.617,not_young,937.2,Romoos
2878,8550,3,0,0,0,3,3,3,ds6,,Starkes Baumholz,Starkes Baumholz_13,1,0,0.855,not_young,879.7999999999998,Doppleschwand
2881,5878,3,0,0,0,3,3,3,ds6,,Starkes Baumholz,Starkes Baumholz_13,1,0,0.588,not_young,711.4,Doppleschwand
2882,5221,2,1,0,1,2,2,2,ds6,,Starkes Baumholz,Starkes Baumholz_13,1,0,0.522,not_young,716.5,Romoos
2884,7309,3,0,0,0,3,3,3,ds6,,Starkes Baumholz,Starkes Baumholz_13,1,0,0.731,not_young,761.3999999999999,Romoos
2885,5775,3,0,0,0,3,3,3,ds6,,Starkes Baumholz,Starkes Baumholz_13,1,0,0.578,not_young,858.6,Doppleschwand
2890,12492,3,0,0,0,3,3,3,ds6,,Starkes Baumholz,Starkes Baumholz_13,1,0,1.249,not_young,733.7999999999998,Doppleschwand
2891,15966,2,1,0,1,2,2,2,ds6,,Starkes Baumholz,Starkes Baumholz_13,1,0,1.597,not_young,702.1,Doppleschwand
2892,6304,3,0,0,0,3,3,3,ds6,,Starkes Baumholz,Starkes Baumholz_13,1,0,0.63,not_young,886.2,Doppleschwand
2900,5663,3,0,0,0,3,3,3,ds6,,Starkes Baumholz,Starkes Baumholz_13,1,0,0.566,not_young,839.3999999999999,Doppleschwand
2901,10849,2,1,0,1,2,2,2,ds5,,Mittleres Baumholz,Mittleres Baumholz_4,1,0,1.085,not_young,677.1,Doppleschwand
2905,14884,3,0,0,0,3,3,3,ds6,,Starkes Baumholz,Starkes Baumholz_13,1,0,1.488,not_young,768.6,Romoos
2912,20341,3,0,0,0,3,3,3,ds6,,Starkes Baumholz,Starkes Baumholz_13,1,0,2.034,not_young,949.7,Romoos
2916,5231,2,1,0,1,2,2,2,ds6,,Starkes Baumholz,Starkes Baumholz_13,1,0,0.523,not_young,734.2999999999998,Doppleschwand
2919,7879,2,1,0,1,2,2,2,ds6,,Starkes Baumholz,Starkes Baumholz_13,1,0,0.788,not_young,694.1,Hasle LU
2922,6407,3,0,0,0,3,3,3,ds6,,Starkes Baumholz,Starkes Baumholz_13,1,0,0.641,not_young,978.5,Romoos
2923,7997,3,0,0,0,3,3,3,ds6,,Starkes Baumholz,Starkes Baumholz_13,1,0,0.8,not_young,883.8999999999999,Romoos
2931,19375,2,1,0,1,2,2,2,ds6,,Starkes Baumholz,Starkes Baumholz_13,1,0,1.937,not_young,740.3999999999999,Romoos
2933,5653,2,1,0,1,2,2,2,ds5,,Mittleres Baumholz,Mittleres Baumholz_13,1,0,0.565,not_young,716.5,Romoos
2941,16278,3,0,0,0,3,3,3,ds6,,Starkes Baumholz,Starkes Baumholz_13,1,0,1.628,not_young,929.2,Romoos
2954,9772,2,1,0,1,2,2,2,ds6,,Starkes Baumholz,Starkes Baumholz_13,1,0,0.977,not_young,691.5,Hasle LU
2959,5628,3,0,0,0,3,3,3,ds6,,Starkes Baumholz,Starkes Baumholz_13,1,0,0.563,not_young,887.6,Romoos
2966,8599,3,0,0,0,3,3,3,ds6,,Starkes Baumholz,Starkes Baumholz_13,1,0,0.86,not_young,833.8999999999999,Romoos
2973,65547,3,0,0,0,3,3,3,ds6,,Starkes Baumholz,Starkes Baumholz_13,1,0,6.555,not_young,897.1,Romoos
2981,13734,2,1,0,1,2,2,2,ds6,,Starkes Baumholz,Starkes Baumholz_13,1,0,1.373,not_young,814.0,Romoos
2983,15457,3,0,0,0,3,3,3,ds6,,Starkes Baumholz,Starkes Baumholz_13,1,0,1.546,not_young,913.7,Romoos
2984,11805,2,1,0,1,2,2,2,ds6,,Starkes Baumholz,Starkes Baumholz_13,1,0,1.181,not_young,731.1,Hasle LU
2991,7300,2,1,0,1,2,2,2,ds6,,Starkes Baumholz,Starkes Baumholz_13,1,0,0.73,not_young,765.3999999999999,Romoos
2995,7505,3,0,0,0,3,3,3,ds6,,Starkes Baumholz,Starkes Baumholz_13,1,0,0.751,not_young,811.5,Romoos
2996,8014,2,1,0,1,2,2,2,ds6,,Starkes Baumholz,Starkes Baumholz_13,1,0,0.801,not_young,725.1,Romoos
3020,6177,3,0,0,0,3,3,3,ds6,,Starkes Baumholz,Starkes Baumholz_13,1,0,0.618,not_young,921.2,Romoos
3037,5458,3,0,0,0,3,3,3,ds6,,Starkes Baumholz,Starkes Baumholz_13,1,0,0.546,not_young,685.4,Hasle LU
3049,201443,3,0,0,0,3,3,3,ds6,,Starkes Baumholz,Starkes Baumholz_13,1,0,20.144,not_young,809.2999999999998,Hasle LU
3051,5998,1,0,2,2,1,1,1,ds6,,Starkes Baumholz,Starkes Baumholz_13,1,0,0.6,not_young,957.1,Romoos
3055,17819,3,0,0,0,3,3,3,ds6,,Starkes Baumholz,Starkes Baumholz_13,1,0,1.782,not_young,863.2999999999998,Romoos
3056,13921,3,0,0,0,3,3,3,ds6,,Starkes Baumholz,Starkes Baumholz_13,1,0,1.392,not_young,909.3,Romoos
3059,5078,3,0,0,0,3,3,1,ds6,,Starkes Baumholz,Starkes Baumholz_13,1,0,0.508,not_young,944.5,Bramboden
3065,6004,3,0,0,0,3,3,3,ds6,,Starkes Baumholz,Starkes Baumholz_13,1,0,0.6,not_young,915.4,Romoos
3072,14560,2,1,0,1,2,2,2,ds6,,Starkes Baumholz,Starkes Baumholz_13,1,0,1.456,not_young,735.2999999999998,Romoos
3078,24315,3,0,0,0,3,3,3,ds6,,Starkes Baumholz,Starkes Baumholz_13,1,0,2.431,not_young,945.5,Romoos
3081,5282,3,0,0,0,3,3,3,ds4,,Schwaches Baumholz,Schwaches Baumholz_13,1,0,0.528,not_young,901.4,Romoos
3083,8916,3,0,0,0,3,3,3,ds5,,Mittleres Baumholz,Mittleres Baumholz_13,1,0,0.892,not_young,950.9,Bramboden
3086,8057,2,1,0,1,2,2,2,ds6,,Starkes Baumholz,Starkes Baumholz_13,1,0,0.806,not_young,696.0,Hasle LU
3088,8284,3,0,0,0,3,3,3,ds5,,Mittleres Baumholz,Mittleres Baumholz_13,1,0,0.828,not_young,953.2,Romoos
3091,14733,3,0,0,0,3,3,3,ds6,,Starkes Baumholz,Starkes Baumholz_13,1,0,1.473,not_young,891.3999999999999,Romoos
3094,4978,3,0,0,0,3,3,3,ds6,,Starkes Baumholz,Starkes Baumholz_13,1,0,0.498,not_young,899.8999999999999,Romoos
3098,19726,3,0,0,0,3,3,3,ds6,,Starkes Baumholz,Starkes Baumholz_13,1,0,1.973,not_young,758.2999999999998,Hasle LU
3100,7822,3,0,0,0,3,3,3,ds6,,Starkes Baumholz,Starkes Baumholz_13,1,0,0.782,not_young,940.3,Romoos
3103,6900,3,0,0,0,3,3,1,ds6,,Starkes Baumholz,Starkes Baumholz_13,1,0,0.69,not_young,943.2,Romoos
3106,6466,3,0,0,0,3,3,3,ds5,,Mittleres Baumholz,Mittleres Baumholz_13,1,0,0.647,not_young,901.3,Romoos
3115,11033,2,1,0,1,2,2,2,ds6,,Starkes Baumholz,Starkes Baumholz_13,1,0,1.103,not_young,744.2999999999998,Hasle LU
3119,7708,1,0,2,2,1,1,1,ds5,,Mittleres Baumholz,Mittleres Baumholz_13,1,0,0.771,not_young,952.2,Romoos
3123,10701,3,0,0,0,3,3,3,ds5,,Mittleres Baumholz,Mittleres Baumholz_13,1,0,1.07,not_young,929.0,Romoos
3124,5550,3,0,0,0,3,3,3,ds6,,Starkes Baumholz,Starkes Baumholz_13,1,0,0.555,not_young,927.4,Romoos
3129,8508,3,0,0,0,3,3,3,ds5,,Mittleres Baumholz,Mittleres Baumholz_13,1,0,0.851,not_young,970.6,Romoos
3130,11709,3,0,0,0,3,3,3,ds6,,Starkes Baumholz,Starkes Baumholz_13,1,0,1.171,not_young,856.6,Romoos
3131,46455,3,0,0,0,3,3,1,ds6,,Starkes Baumholz,Starkes Baumholz_13,1,0,4.646,not_young,867.7,Romoos
3132,7050,1,0,2,2,1,1,1,ds6,,Starkes Baumholz,Starkes Baumholz_13,1,0,0.705,not_young,898.7,Romoos
3133,6782,2,1,0,1,2,2,2,ds6,,Starkes Baumholz,Starkes Baumholz_13,1,0,0.678,not_young,709.0,Hasle LU
3134,5150,1,0,2,2,1,1,1,ds4,,Schwaches Baumholz,Schwaches Baumholz_13,1,0,0.515,not_young,956.3,Romoos
3138,24950,3,0,0,0,3,3,3,ds6,,Starkes Baumholz,Starkes Baumholz_13,1,0,2.495,not_young,886.5,Romoos
3139,5997,2,1,0,1,2,2,2,ds6,,Starkes Baumholz,Starkes Baumholz_13,1,0,0.6,not_young,720.8999999999999,Hasle LU
3141,5650,3,0,0,0,3,3,3,ds6,,Starkes Baumholz,Starkes Baumholz_13,1,0,0.565,not_young,929.0,Romoos
3146,6073,3,0,0,0,3,3,3,ds6,,Starkes Baumholz,Starkes Baumholz_13,1,0,0.607,not_young,759.5,Hasle LU
3148,5800,1,0,2,2,1,1,1,ds4,,Schwaches Baumholz,Schwaches Baumholz_13,1,0,0.58,not_young,976.7,Romoos
3156,7550,1,0,2,2,1,1,1,ds6,,Starkes Baumholz,Starkes Baumholz_13,1,0,0.755,not_young,921.2,Romoos
3157,9243,3,0,0,0,3,3,1,ds6,,Starkes Baumholz,Starkes Baumholz_13,1,0,0.924,not_young,867.1,Romoos
3164,11310,3,0,0,0,3,3,3,ds6,,Starkes Baumholz,Starkes Baumholz_13,1,0,1.131,not_young,837.5,Hasle LU
3166,5203,3,0,0,0,3,3,3,ds6,,Starkes Baumholz,Starkes Baumholz_13,1,0,0.52,not_young,822.3999999999999,Romoos
3167,23900,3,0,0,0,3,3,3,ds6,,Starkes Baumholz,Starkes Baumholz_13,1,0,2.39,not_young,927.3,Romoos
3169,10471,3,0,0,0,3,3,3,ds6,,Starkes Baumholz,Starkes Baumholz_13,1,0,1.047,not_young,826.0,Romoos
3170,43790,3,0,0,0,3,3,3,ds6,,Starkes Baumholz,Starkes Baumholz_13,1,0,4.379,not_young,856.3999999999999,Romoos
3173,34899,3,0,0,0,3,3,3,ds6,,Starkes Baumholz,Starkes Baumholz_13,1,0,3.49,not_young,767.1,Hasle LU
3175,12219,3,0,0,0,3,3,3,ds6,,Starkes Baumholz,Starkes Baumholz_13,1,0,1.222,not_young,825.5,Romoos
3176,6156,3,0,0,0,3,3,1,ds6,,Starkes Baumholz,Starkes Baumholz_13,1,0,0.616,not_young,879.0,Bramboden
3177,6694,2,1,0,1,2,2,2,ds6,,Starkes Baumholz,Starkes Baumholz_13,1,0,0.669,not_young,724.5,Hasle LU
3183,5148,3,0,0,0,3,3,1,ds5,,Mittleres Baumholz,Mittleres Baumholz_13,1,0,0.515,not_young,956.8,Romoos
3187,6371,3,0,0,0,3,3,1,ds6,,Starkes Baumholz,Starkes Baumholz_13,1,0,0.637,not_young,872.3999999999999,Bramboden
3192,7670,3,0,0,0,3,3,3,ds6,,Starkes Baumholz,Starkes Baumholz_13,1,0,0.767,not_young,799.7,Hasle LU
3196,5854,3,0,0,0,3,3,3,ds6,,Starkes Baumholz,Starkes Baumholz_13,1,0,0.585,not_young,936.0,Romoos
3198,6869,3,0,0,0,3,3,3,ds6,,Starkes Baumholz,Starkes Baumholz_13,1,0,0.687,not_young,873.1,Romoos
3199,22574,3,0,0,0,3,3,3,ds6,,Starkes Baumholz,Starkes Baumholz_13,1,0,2.257,not_young,733.7,Hasle LU
3202,14640,1,0,2,2,1,1,1,ds6,,Starkes Baumholz,Starkes Baumholz_13,1,0,1.464,not_young,917.3,Romoos
3206,26856,3,0,0,0,3,3,3,ds6,,Starkes Baumholz,Starkes Baumholz_13,1,0,2.686,not_young,910.9,Romoos
3211,8266,3,0,0,0,3,3,3,ds6,,Starkes Baumholz,Starkes Baumholz_13,1,0,0.827,not_young,810.2999999999998,Romoos
3217,11700,1,0,2,2,1,1,1,ds6,,Starkes Baumholz,Starkes Baumholz_13,1,0,1.17,not_young,874.3999999999999,Romoos
3218,7188,3,0,0,0,3,3,1,ds5,,Mittleres Baumholz,Mittleres Baumholz_13,1,0,0.719,not_young,921.6,Romoos
3219,10852,2,1,0,1,2,2,2,ds6,,Starkes Baumholz,Starkes Baumholz_13,1,0,1.085,not_young,720.4,Hasle LU
3220,5638,3,0,0,0,3,3,3,ds6,,Starkes Baumholz,Starkes Baumholz_13,1,0,0.564,not_young,761.2999999999998,Hasle LU
3226,8350,3,0,0,0,3,3,1,ds6,,Starkes Baumholz,Starkes Baumholz_13,1,0,0.835,not_young,911.7,Bramboden
3229,5950,3,0,0,0,3,3,3,ds6,,Starkes Baumholz,Starkes Baumholz_13,1,0,0.595,not_young,928.6,Romoos
3234,5029,3,0,0,0,3,3,3,ds6,,Starkes Baumholz,Starkes Baumholz_6,1,0,0.503,not_young,945.0,Bramboden
3240,4962,2,1,0,1,2,2,2,ds6,,Starkes Baumholz,Starkes Baumholz_13,1,0,0.496,not_young,709.9,Hasle LU
3242,13111,2,1,0,1,2,2,2,ds6,,Starkes Baumholz,Starkes Baumholz_13,1,0,1.311,not_young,728.8999999999999,Hasle LU
3245,11529,3,0,0,0,3,3,3,ds6,,Starkes Baumholz,Starkes Baumholz_13,1,0,1.153,not_young,930.5,Bramboden
3247,5000,3,0,0,0,3,3,3,ds6,,Starkes Baumholz,Starkes Baumholz_13,1,0,0.5,not_young,866.7,Romoos
3249,6558,2,1,0,1,2,2,2,ds6,,Starkes Baumholz,Starkes Baumholz_13,1,0,0.656,not_young,809.5,Hasle LU
3257,8382,3,0,0,0,3,3,1,ds6,,Starkes Baumholz,Starkes Baumholz_13,1,0,0.838,not_young,924.1,Romoos
3260,14326,3,0,0,0,3,3,3,ds6,,Starkes Baumholz,Starkes Baumholz_13,1,0,1.433,not_young,828.2,Romoos
3265,74865,3,0,0,0,3,3,1,ds6,,Starkes Baumholz,Starkes Baumholz_13,1,0,7.487,not_young,832.2999999999998,Romoos
3266,7178,3,0,0,0,3,3,3,ds6,,Starkes Baumholz,Starkes Baumholz_13,1,0,0.718,not_young,790.3999999999999,Hasle LU
3270,5900,3,0,0,0,3,3,3,ds6,,Starkes Baumholz,Starkes Baumholz_13,1,0,0.59,not_young,913.2,Romoos
3271,5519,2,1,0,1,2,2,2,ds6,,Starkes Baumholz,Starkes Baumholz_13,1,0,0.552,not_young,787.5,Hasle LU
3274,5350,3,0,0,0,3,3,3,ds6,,Starkes Baumholz,Starkes Baumholz_13,1,0,0.535,not_young,896.3999999999999,Romoos
3276,8854,3,0,0,0,3,3,3,ds5,,Mittleres Baumholz,Mittleres Baumholz_13,1,0,0.885,not_young,847.5,Romoos
3284,5600,3,0,0,0,3,3,3,ds6,,Starkes Baumholz,Starkes Baumholz_13,1,0,0.56,not_young,946.7,Bramboden
3286,13008,2,1,0,1,2,2,2,ds6,,Starkes Baumholz,Starkes Baumholz_13,1,0,1.301,not_young,768.3999999999999,Hasle LU
3289,5638,3,0,0,0,3,3,3,ds6,,Starkes Baumholz,Starkes Baumholz_13,1,0,0.564,not_young,863.6,Romoos
3295,32207,3,0,0,0,3,3,1,ds6,,Starkes Baumholz,Starkes Baumholz_13,1,0,3.221,not_young,914.4,Romoos
3296,11396,2,1,0,1,2,2,2,ds6,,Starkes Baumholz,Starkes Baumholz_13,1,0,1.14,not_young,719.3,Hasle LU
3297,5864,3,0,0,0,3,3,3,ds5,,Mittleres Baumholz,Mittleres Baumholz_13,1,0,0.586,not_young,820.8999999999999,Romoos
3299,5194,2,1,0,1,2,2,2,ds5,,Mittleres Baumholz,Mittleres Baumholz_13,1,0,0.519,not_young,863.2,Hasle LU
3301,6203,3,0,0,0,3,3,3,ds6,,Starkes Baumholz,Starkes Baumholz_13,1,0,0.62,not_young,883.3999999999999,Romoos
3303,7175,3,0,0,0,3,3,3,ds6,,Starkes Baumholz,Starkes Baumholz_13,1,0,0.717,not_young,851.7999999999998,Hasle LU
3306,5200,3,0,0,0,3,3,3,ds6,,Starkes Baumholz,Starkes Baumholz_13,1,0,0.52,not_young,888.1,Romoos
3308,10034,3,0,0,0,3,3,3,ds6,,Starkes Baumholz,Starkes Baumholz_13,1,0,1.003,not_young,813.2,Hasle LU
3311,12733,3,0,0,0,3,3,3,ds6,,Starkes Baumholz,Starkes Baumholz_13,1,0,1.273,not_young,884.6,Romoos
3312,6680,3,0,0,0,3,3,3,ds6,,Starkes Baumholz,Starkes Baumholz_13,1,0,0.668,not_young,962.6,Romoos
3313,5000,3,0,0,0,3,3,3,ds6,,Starkes Baumholz,Starkes Baumholz_13,1,0,0.5,not_young,877.8999999999999,Romoos
3315,6824,3,0,0,0,3,3,3,ds6,,Starkes Baumholz,Starkes Baumholz_13,1,0,0.682,not_young,940.7,Bramboden
3316,13127,3,0,0,0,3,3,3,ds6,,Starkes Baumholz,Starkes Baumholz_13,1,0,1.313,not_young,861.6,Bramboden
3318,15557,2,1,0,1,2,2,2,ds6,,Starkes Baumholz,Starkes Baumholz_13,1,0,1.556,not_young,779.1,Hasle LU
3319,6759,3,0,0,0,3,3,3,ds6,,Starkes Baumholz,Starkes Baumholz_13,1,0,0.676,not_young,887.8999999999999,Bramboden
3320,6515,3,0,0,0,3,3,3,ds5,,Mittleres Baumholz,Mittleres Baumholz_13,1,0,0.651,not_young,819.7,Bramboden
3324,34356,3,0,0,0,3,3,3,ds6,,Starkes Baumholz,Starkes Baumholz_13,1,0,3.436,not_young,922.2,Bramboden
3327,6378,3,0,0,0,3,3,3,ds6,,Starkes Baumholz,Starkes Baumholz_13,1,0,0.638,not_young,951.6,Bramboden
3328,7775,2,1,0,1,2,2,2,ds6,,Starkes Baumholz,Starkes Baumholz_13,1,0,0.777,not_young,730.6,Hasle LU
3330,8420,3,0,0,0,3,3,3,ds6,,Starkes Baumholz,Starkes Baumholz_13,1,0,0.842,not_young,747.6,Hasle LU
3333,5200,3,0,0,0,3,3,3,ds5,,Mittleres Baumholz,Mittleres Baumholz_13,1,0,0.52,not_young,961.6,Bramboden
3335,17726,3,0,0,0,3,3,3,ds6,,Starkes Baumholz,Starkes Baumholz_13,1,0,1.773,not_young,857.7,Romoos
3337,127864,3,0,0,0,3,3,1,ds6,,Starkes Baumholz,Starkes Baumholz_13,1,0,12.786,not_young,859.5,Romoos
3338,15710,2,1,0,1,2,2,2,ds6,,Starkes Baumholz,Starkes Baumholz_13,1,0,1.571,not_young,742.0,Hasle LU
3339,16533,3,0,0,0,3,3,3,ds6,,Starkes Baumholz,Starkes Baumholz_13,1,0,1.653,not_young,940.3,Bramboden
3343,5183,3,0,0,0,3,3,3,ds3,,Stangenholz,Stangenholz_13,1,0,0.518,not_young,868.1,Bramboden
3347,14755,3,0,0,0,3,3,3,ds6,,Starkes Baumholz,Starkes Baumholz_13,1,0,1.476,not_young,788.5,Romoos
3349,15848,3,0,0,0,3,3,3,ds6,,Starkes Baumholz,Starkes Baumholz_6,1,0,1.585,not_young,930.9,Bramboden
3350,6571,2,1,0,1,2,2,2,ds5,,Mittleres Baumholz,Mittleres Baumholz_13,1,0,0.657,not_young,860.7999999999998,Hasle LU
3354,39779,2,1,0,1,2,2,2,ds6,,Starkes Baumholz,Starkes Baumholz_13,1,0,3.978,not_young,802.8999999999999,Hasle LU
3356,8446,3,0,0,0,3,3,3,ds5,,Mittleres Baumholz,Mittleres Baumholz_13,1,0,0.845,not_young,870.2999999999998,Romoos
3357,6339,3,0,0,0,3,3,3,ds6,,Starkes Baumholz,Starkes Baumholz_13,1,0,0.634,not_young,877.6,Romoos
3360,5721,3,0,0,0,3,3,3,ds6,,Starkes Baumholz,Starkes Baumholz_13,1,0,0.572,not_young,816.0,Hasle LU
3364,6950,3,0,0,0,3,3,3,ds6,,Starkes Baumholz,Starkes Baumholz_13,1,0,0.695,not_young,932.2,Bramboden
3365,5550,3,0,0,0,3,3,3,ds6,,Starkes Baumholz,Starkes Baumholz_6,1,0,0.555,not_young,964.0,Bramboden
3366,7144,3,0,0,0,3,3,3,ds5,,Mittleres Baumholz,Mittleres Baumholz_13,1,0,0.714,not_young,843.2,Bramboden
3368,77352,2,1,0,1,2,2,2,ds6,,Starkes Baumholz,Starkes Baumholz_13,1,0,7.735,not_young,770.1,Romoos
3370,13502,3,0,0,0,3,3,3,ds5,,Mittleres Baumholz,Mittleres Baumholz_13,1,0,1.35,not_young,818.6,Bramboden
3372,12536,3,0,0,0,3,3,3,ds6,,Starkes Baumholz,Starkes Baumholz_13,1,0,1.254,not_young,851.1,Hasle LU
3373,5512,3,0,0,0,3,3,3,ds6,,Starkes Baumholz,Starkes Baumholz_13,1,0,0.551,not_young,893.2,Bramboden
3375,9722,3,0,0,0,3,3,3,ds6,,Starkes Baumholz,Starkes Baumholz_6,1,0,0.972,not_young,952.4,Bramboden
3377,5078,3,0,0,0,3,3,3,ds5,,Mittleres Baumholz,Mittleres Baumholz_13,1,0,0.508,not_young,866.2,Bramboden
3379,10590,3,0,0,0,3,3,3,ds6,,Starkes Baumholz,Starkes Baumholz_13,1,0,1.059,not_young,858.7999999999998,Bramboden
3380,6096,3,0,0,0,3,3,3,ds4,,Schwaches Baumholz,Schwaches Baumholz_13,1,0,0.61,not_young,909.6,Romoos
3381,6471,3,0,0,0,3,3,3,ds6,,Starkes Baumholz,Starkes Baumholz_13,1,0,0.647,not_young,827.3999999999999,Romoos
3382,12609,2,1,0,1,2,2,2,ds6,,Starkes Baumholz,Starkes Baumholz_13,1,0,1.261,not_young,773.6,Romoos
3385,32400,3,0,0,0,3,3,3,ds6,,Starkes Baumholz,Starkes Baumholz_13,1,0,3.24,not_young,873.2,Bramboden
3386,13673,2,1,0,1,2,2,2,ds6,,Starkes Baumholz,Starkes Baumholz_13,1,0,1.367,not_young,773.7999999999998,Hasle LU
3387,5087,3,0,0,0,3,3,3,ds6,,Starkes Baumholz,Starkes Baumholz_13,1,0,0.509,not_young,888.7,Bramboden
3390,9210,3,0,0,0,3,3,3,ds6,,Starkes Baumholz,Starkes Baumholz_13,1,0,0.921,not_young,916.5,Bramboden
3391,9480,3,0,0,0,3,3,3,ds5,,Mittleres Baumholz,Mittleres Baumholz_13,1,0,0.948,not_young,859.6,Romoos
3394,6478,3,0,0,0,3,3,3,ds6,,Starkes Baumholz,Starkes Baumholz_13,1,0,0.648,not_young,866.1,Bramboden
3395,10266,3,0,0,0,3,3,3,ds6,,Starkes Baumholz,Starkes Baumholz_13,1,0,1.027,not_young,825.0,Bramboden
3400,10537,3,0,0,0,3,3,3,ds6,,Starkes Baumholz,Starkes Baumholz_13,1,0,1.054,not_young,874.5,Bramboden
3402,7886,3,0,0,0,3,3,3,ds5,,Mittleres Baumholz,Mittleres Baumholz_6,1,0,0.789,not_young,930.9,Bramboden
3404,8749,3,0,0,0,3,3,3,ds6,,Starkes Baumholz,Starkes Baumholz_13,1,0,0.875,not_young,909.4,Bramboden
3406,15040,3,0,0,0,3,3,3,ds6,,Starkes Baumholz,Starkes Baumholz_13,1,0,1.504,not_young,884.1,Bramboden
3408,10834,3,0,0,0,3,3,3,ds6,,Starkes Baumholz,Starkes Baumholz_13,1,0,1.083,not_young,882.1,Romoos
3411,9550,2,1,0,1,2,2,2,ds6,,Starkes Baumholz,Starkes Baumholz_13,1,0,0.955,not_young,784.5,Romoos
3413,5400,3,0,0,0,3,3,3,ds6,,Starkes Baumholz,Starkes Baumholz_13,1,0,0.54,not_young,878.3999999999999,Romoos
3419,9488,3,0,0,0,3,3,3,ds5,,Mittleres Baumholz,Mittleres Baumholz_13,1,0,0.949,not_young,865.0,Romoos
3420,5194,3,0,0,0,3,3,3,ds4,,Schwaches Baumholz,Schwaches Baumholz_13,1,0,0.519,not_young,933.3,Romoos
3422,19283,3,0,0,0,3,3,3,ds6,,Starkes Baumholz,Starkes Baumholz_13,1,0,1.928,not_young,858.5,Romoos
3423,9328,2,1,0,1,2,2,2,ds6,,Starkes Baumholz,Starkes Baumholz_13,1,0,0.933,not_young,732.0,Hasle LU
3425,23283,3,0,0,0,3,3,3,ds6,,Starkes Baumholz,Starkes Baumholz_13,1,0,2.328,not_young,922.4,Bramboden
3426,36700,3,0,0,0,3,3,3,ds6,,Starkes Baumholz,Starkes Baumholz_13,1,0,3.67,not_young,802.2,Romoos
3430,22511,2,1,0,1,2,2,2,ds6,,Starkes Baumholz,Starkes Baumholz_13,1,0,2.251,not_young,760.0,Hasle LU
3431,29864,3,0,0,0,3,3,3,ds6,,Starkes Baumholz,Starkes Baumholz_13,1,0,2.986,not_young,899.3999999999999,Hasle LU
3432,14287,2,1,0,1,2,2,2,ds6,,Starkes Baumholz,Starkes Baumholz_13,1,0,1.429,not_young,907.6,Hasle LU
3433,19500,3,0,0,0,3,3,3,ds6,,Starkes Baumholz,Starkes Baumholz_13,1,0,1.95,not_young,880.2,Bramboden
3436,11631,3,0,0,0,3,3,3,ds6,,Starkes Baumholz,Starkes Baumholz_13,1,0,1.163,not_young,928.6,Bramboden
3437,55560,3,0,0,0,3,3,3,ds6,,Starkes Baumholz,Starkes Baumholz_13,1,0,5.556,not_young,860.7999999999998,Hasle LU
3438,7783,3,0,0,0,3,3,3,ds6,,Starkes Baumholz,Starkes Baumholz_13,1,0,0.778,not_young,933.9,Bramboden
3440,9678,3,0,0,0,3,3,3,ds6,,Starkes Baumholz,Starkes Baumholz_13,1,0,0.968,not_young,798.0,Romoos
3443,5950,3,0,0,0,3,3,3,ds5,,Mittleres Baumholz,Mittleres Baumholz_13,1,0,0.595,not_young,827.2999999999998,Romoos
3444,5450,2,1,0,1,2,2,2,ds5,,Mittleres Baumholz,Mittleres Baumholz_13,1,0,0.545,not_young,815.5,Romoos
3445,5795,3,0,0,0,3,3,3,ds5,,Mittleres Baumholz,Mittleres Baumholz_13,1,0,0.58,not_young,931.2,Hasle LU
3449,5881,3,0,0,0,3,3,3,ds4,,Schwaches Baumholz,Schwaches Baumholz_6,1,0,0.588,not_young,970.9,Bramboden
3452,8600,3,0,0,0,3,3,3,ds6,,Starkes Baumholz,Starkes Baumholz_6,1,0,0.86,not_young,951.9,Bramboden
3453,8529,3,0,0,0,3,3,3,ds6,,Starkes Baumholz,Starkes Baumholz_13,1,0,0.853,not_young,886.7999999999998,Bramboden
3455,9427,3,0,0,0,3,3,3,ds6,,Starkes Baumholz,Starkes Baumholz_6,1,0,0.943,not_young,962.9,Bramboden
3456,9300,3,0,0,0,3,3,3,ds6,,Starkes Baumholz,Starkes Baumholz_13,1,0,0.93,not_young,811.2999999999998,Bramboden
3458,5683,3,0,0,0,3,3,3,ds5,,Mittleres Baumholz,Mittleres Baumholz_6,1,0,0.568,not_young,967.1,Bramboden
3459,12229,3,0,0,0,3,3,3,ds6,,Starkes Baumholz,Starkes Baumholz_13,1,0,1.223,not_young,883.2,Romoos
3460,12860,3,0,0,0,3,3,3,ds6,,Starkes Baumholz,Starkes Baumholz_13,1,0,1.286,not_young,890.6,Romoos
3463,49128,2,1,0,1,2,2,2,ds6,,Starkes Baumholz,Starkes Baumholz_13,1,0,4.913,not_young,821.8999999999999,Hasle LU
3466,7937,3,0,0,0,3,3,3,ds6,,Starkes Baumholz,Starkes Baumholz_13,1,0,0.794,not_young,800.0,Bramboden
3467,20445,2,1,0,1,2,2,2,ds6,,Starkes Baumholz,Starkes Baumholz_13,1,0,2.045,not_young,765.1,Romoos
3468,5770,3,0,0,0,3,3,3,ds5,,Mittleres Baumholz,Mittleres Baumholz_13,1,0,0.577,not_young,889.1,Hasle LU
3470,7622,3,0,0,0,3,3,3,ds5,,Mittleres Baumholz,Mittleres Baumholz_6,1,0,0.762,not_young,938.8,Bramboden
3475,9535,2,1,0,1,2,2,2,ds6,,Starkes Baumholz,Starkes Baumholz_13,1,0,0.954,not_young,760.7999999999998,Hasle LU
3476,6618,3,0,0,0,3,3,3,ds5,,Mittleres Baumholz,Mittleres Baumholz_13,1,0,0.662,not_young,863.0,Hasle LU
3482,5350,3,0,0,0,3,3,3,ds5,,Mittleres Baumholz,Mittleres Baumholz_6,1,0,0.535,not_young,973.1,Bramboden
3483,18125,3,0,0,0,3,3,3,ds6,,Starkes Baumholz,Starkes Baumholz_6,1,0,1.812,not_young,954.7,Bramboden
3493,8102,3,0,0,0,3,3,3,ds6,,Starkes Baumholz,Starkes Baumholz_6,1,0,0.81,not_young,957.3,Bramboden
3496,7159,3,0,0,0,3,3,3,ds6,,Starkes Baumholz,Starkes Baumholz_6,1,0,0.716,not_young,970.3,Bramboden
3497,38116,3,0,0,0,3,3,3,ds6,,Starkes Baumholz,Starkes Baumholz_13,1,0,3.812,not_young,938.5,Hasle LU
3501,13694,3,0,0,0,3,3,3,ds6,,Starkes Baumholz,Starkes Baumholz_13,1,0,1.369,not_young,845.1,Bramboden
3502,6017,2,1,0,1,2,2,2,ds6,,Starkes Baumholz,Starkes Baumholz_13,1,0,0.602,not_young,736.3999999999999,Romoos
3503,5296,2,1,0,1,2,2,2,ds6,,Starkes Baumholz,Starkes Baumholz_13,1,0,0.53,not_young,748.6,Hasle LU
3510,15545,3,0,0,0,3,3,3,ds6,,Starkes Baumholz,Starkes Baumholz_13,1,0,1.555,not_young,878.5,Hasle LU
3516,5943,3,0,0,0,3,3,3,ds6,,Starkes Baumholz,Starkes Baumholz_13,1,0,0.594,not_young,848.0,Hasle LU
3520,5597,2,1,0,1,2,2,2,ds6,,Starkes Baumholz,Starkes Baumholz_13,1,0,0.56,not_young,801.3999999999999,Hasle LU
3524,6563,2,1,0,1,2,2,2,ds6,,Starkes Baumholz,Starkes Baumholz_13,1,0,0.656,not_young,763.7999999999998,Hasle LU
3525,25624,3,0,0,0,3,3,3,ds6,,Starkes Baumholz,Starkes Baumholz_13,1,0,2.562,not_young,908.4,Hasle LU
3529,40417,3,0,0,0,3,3,3,ds6,,Starkes Baumholz,Starkes Baumholz_13,1,0,4.042,not_young,889.3999999999999,Hasle LU
3532,7600,3,0,0,0,3,3,3,ds5,,Mittleres Baumholz,Mittleres Baumholz_13,1,0,0.76,not_young,912.7,Hasle LU
3533,12150,3,0,0,0,3,3,3,ds6,,Starkes Baumholz,Starkes Baumholz_13,1,0,1.215,not_young,908.9,Hasle LU
3535,45272,3,0,0,0,3,3,3,ds6,,Starkes Baumholz,Starkes Baumholz_13,1,0,4.527,not_young,857.7999999999998,Bramboden
3537,5343,3,0,0,0,3,3,3,ds6,,Starkes Baumholz,Starkes Baumholz_13,1,0,0.534,not_young,841.2999999999998,Hasle LU
3543,129409,2,1,0,1,2,2,2,ds6,,Starkes Baumholz,Starkes Baumholz_13,1,0,12.941,not_young,872.1,Romoos
3544,7601,3,0,0,0,3,3,3,ds5,,Mittleres Baumholz,Mittleres Baumholz_13,1,0,0.76,not_young,934.5,Hasle LU
3557,41968,3,0,0,0,3,3,3,ds6,,Starkes Baumholz,Starkes Baumholz_13,1,0,4.197,not_young,798.3999999999999,Romoos
3558,6406,2,1,0,1,2,2,2,ds5,,Mittleres Baumholz,Mittleres Baumholz_13,1,0,0.641,not_young,766.5,Schüpfheim
3565,5797,3,0,0,0,3,3,3,ds4,,Schwaches Baumholz,Schwaches Baumholz_13,1,0,0.58,not_young,981.3,Hasle LU
3570,6832,3,0,0,0,3,3,3,ds6,,Starkes Baumholz,Starkes Baumholz_13,1,0,0.683,not_young,794.0,Bramboden
3574,44051,3,0,0,0,3,3,3,ds6,,Starkes Baumholz,Starkes Baumholz_13,1,0,4.405,not_young,896.2999999999998,Hasle LU
3575,8447,3,0,0,0,3,3,3,ds3,,Stangenholz,Stangenholz_6,1,0,0.845,not_young,973.9,Hasle LU
3577,14256,3,0,0,0,3,3,3,ds5,,Mittleres Baumholz,Mittleres Baumholz_13,1,0,1.426,not_young,802.5,Schüpfheim
3582,5716,3,0,0,0,3,3,3,ds5,,Mittleres Baumholz,Mittleres Baumholz_13,1,0,0.572,not_young,883.3999999999999,Hasle LU
3591,6343,3,0,0,0,3,3,3,ds6,,Starkes Baumholz,Starkes Baumholz_13,1,0,0.634,not_young,775.2,Schüpfheim
3592,59308,3,0,0,0,3,3,3,ds6,,Starkes Baumholz,Starkes Baumholz_13,1,0,5.931,not_young,834.5,Hasle LU
3598,17292,3,0,0,0,3,3,3,ds6,,Starkes Baumholz,Starkes Baumholz_13,1,0,1.729,not_young,951.1,Bramboden
3599,5201,3,0,0,0,3,3,3,ds6,,Starkes Baumholz,Starkes Baumholz_13,1,0,0.52,not_young,883.8999999999999,Bramboden
3603,37713,2,1,0,1,2,2,2,ds6,,Starkes Baumholz,Starkes Baumholz_13,1,0,3.771,not_young,798.2,Schüpfheim
3604,11550,3,0,0,0,3,3,3,ds5,,Mittleres Baumholz,Mittleres Baumholz_13,1,0,1.155,not_young,844.8999999999999,Hasle LU
3608,5100,3,0,0,0,3,3,3,ds6,,Starkes Baumholz,Starkes Baumholz_13,1,0,0.51,not_young,960.5,Schüpfheim
3610,14220,3,0,0,0,3,3,3,ds5,,Mittleres Baumholz,Mittleres Baumholz_13,1,0,1.422,not_young,877.8999999999999,Bramboden
3612,6669,3,0,0,0,3,3,3,ds6,,Starkes Baumholz,Starkes Baumholz_13,1,0,0.667,not_young,882.7,Bramboden
3613,5170,3,0,0,0,3,3,3,ds6,,Starkes Baumholz,Starkes Baumholz_6,1,0,0.517,not_young,944.2,Bramboden
3627,76012,3,0,0,0,3,3,3,ds6,,Starkes Baumholz,Starkes Baumholz_13,1,0,7.601,not_young,912.9,Hasle LU
3643,5873,3,0,0,0,3,3,3,ds6,,Starkes Baumholz,Starkes Baumholz_13,1,0,0.587,not_young,809.7,Schüpfheim
3659,38146,3,0,0,0,3,3,3,ds6,,Starkes Baumholz,Starkes Baumholz_13,1,0,3.815,not_young,915.7,Hasle LU
3665,58496,3,0,0,0,3,3,3,ds6,,Starkes Baumholz,Starkes Baumholz_13,1,0,5.85,not_young,896.8999999999999,Bramboden
3668,5005,3,0,0,0,3,3,3,ds5,,Mittleres Baumholz,Mittleres Baumholz_13,1,0,0.501,not_young,931.0,Schüpfheim
3670,7110,3,0,0,0,3,3,3,ds5,,Mittleres Baumholz,Mittleres Baumholz_13,1,0,0.711,not_young,800.3999999999999,Schüpfheim
3676,9188,3,0,0,0,3,3,3,ds5,,Mittleres Baumholz,Mittleres Baumholz_13,1,0,0.919,not_young,834.2,Schüpfheim
3677,8272,3,0,0,0,3,3,3,ds5,,Mittleres Baumholz,Mittleres Baumholz_13,1,0,0.827,not_young,812.1,Schüpfheim
3679,6052,3,0,0,0,3,3,3,ds6,,Starkes Baumholz,Starkes Baumholz_13,1,0,0.605,not_young,853.7,Schüpfheim
3684,19750,3,0,0,0,3,3,3,ds6,,Starkes Baumholz,Starkes Baumholz_13,1,0,1.975,not_young,808.7,Schüpfheim
3692,5867,3,0,0,0,3,3,3,ds6,,Starkes Baumholz,Starkes Baumholz_13,1,0,0.587,not_young,894.3999999999999,Schüpfheim
3719,6141,3,0,0,0,3,3,3,ds6,,Starkes Baumholz,Starkes Baumholz_13,1,0,0.614,not_young,956.7,Schüpfheim
3724,78910,2,1,0,1,2,2,2,ds6,,Starkes Baumholz,Starkes Baumholz_13,1,0,7.891,not_young,883.1,Schüpfheim
3726,11751,3,0,0,0,3,3,3,ds6,,Starkes Baumholz,Starkes Baumholz_13,1,0,1.175,not_young,902.4,Schüpfheim
3732,10183,3,0,0,0,3,3,3,ds6,,Starkes Baumholz,Starkes Baumholz_13,1,0,1.018,not_young,901.2,Schüpfheim
3741,5859,3,0,0,0,3,3,3,ds6,,Starkes Baumholz,Starkes Baumholz_13,1,0,0.586,not_young,927.5,Schüpfheim
3747,5286,2,1,0,1,2,2,2,ds4,,Schwaches Baumholz,Schwaches Baumholz_13,1,0,0.529,not_young,887.7999999999998,Schüpfheim
3753,5418,3,0,0,0,3,3,3,ds6,,Starkes Baumholz,Starkes Baumholz_13,1,0,0.542,not_young,837.8999999999999,Schüpfheim
3756,7862,3,0,0,0,3,3,3,ds6,,Starkes Baumholz,Starkes Baumholz_13,1,0,0.786,not_young,935.0,Schüpfheim
3759,10122,2,1,0,1,2,2,2,ds5,,Mittleres Baumholz,Mittleres Baumholz_13,1,0,1.012,not_young,920.6,Schüpfheim
3763,5380,3,0,0,0,3,3,3,ds6,,Starkes Baumholz,Starkes Baumholz_13,1,0,0.538,not_young,922.4,Schüpfheim
3764,7028,3,0,0,0,3,3,3,ds6,,Starkes Baumholz,Starkes Baumholz_13,1,0,0.703,not_young,885.7999999999998,Schüpfheim
3768,5694,3,0,0,0,3,3,3,ds5,,Mittleres Baumholz,Mittleres Baumholz_13,1,0,0.569,not_young,906.4,Schüpfheim
3769,13743,3,0,0,0,3,3,3,ds6,,Starkes Baumholz,Starkes Baumholz_13,1,0,1.374,not_young,932.3,Schüpfheim
3773,5582,3,0,0,0,3,3,3,ds2,,Jungwuchs/Dickung,Jungwuchs/Dickung_13,1,0,0.558,young,927.1,Schüpfheim
3778,5406,3,0,0,0,3,3,3,ds6,,Starkes Baumholz,Starkes Baumholz_13,1,0,0.541,not_young,892.8999999999999,Schüpfheim
3779,5554,3,0,0,0,3,3,3,ds6,,Starkes Baumholz,Starkes Baumholz_13,1,0,0.555,not_young,944.2,Schüpfheim
3781,6050,3,0,0,0,3,3,3,ds6,,Starkes Baumholz,Starkes Baumholz_13,1,0,0.605,not_young,923.2,Schüpfheim
3783,11981,3,0,0,0,3,3,3,ds5,,Mittleres Baumholz,Mittleres Baumholz_13,1,0,1.198,not_young,932.9,Schüpfheim
3784,6378,3,0,0,0,3,3,3,ds3,,Stangenholz,Stangenholz_13,1,0,0.638,not_young,941.1,Schüpfheim
3789,7376,3,0,0,0,3,3,3,ds6,,Starkes Baumholz,Starkes Baumholz_13,1,0,0.738,not_young,902.0,Schüpfheim
3794,8102,3,0,0,0,3,3,3,ds6,,Starkes Baumholz,Starkes Baumholz_13,1,0,0.81,not_young,891.2,Schüpfheim
3809,5258,3,0,0,0,3,3,3,ds6,,Starkes Baumholz,Starkes Baumholz_13,1,0,0.526,not_young,937.1,Schüpfheim
3821,11673,3,0,0,0,3,3,3,ds6,,Starkes Baumholz,Starkes Baumholz_13,1,0,1.167,not_young,908.7,Schüpfheim
3825,6570,3,0,0,0,3,3,3,ds6,,Starkes Baumholz,Starkes Baumholz_13,1,0,0.657,not_young,950.0,Schüpfheim
3827,25698,3,0,0,0,3,3,3,ds6,,Starkes Baumholz,Starkes Baumholz_13,1,0,2.57,not_young,912.3,Schüpfheim
3829,6087,3,0,0,0,3,3,3,ds4,,Schwaches Baumholz,Schwaches Baumholz_13,1,0,0.609,not_young,693.3,Schüpfheim
3832,8265,3,0,0,0,3,3,3,ds6,,Starkes Baumholz,Starkes Baumholz_13,1,0,0.827,not_young,942.2,Schüpfheim
3833,11585,3,0,0,0,3,3,3,ds3,,Stangenholz,Stangenholz_13,1,0,1.158,not_young,958.7,Schüpfheim
3843,11831,2,1,0,1,2,2,2,ds6,,Starkes Baumholz,Starkes Baumholz_13,1,0,1.183,not_young,890.6,Schüpfheim
3847,13737,2,1,0,1,2,2,2,ds6,,Starkes Baumholz,Starkes Baumholz_13,1,0,1.374,not_young,900.2999999999998,Schüpfheim
3860,8464,2,1,0,1,2,2,2,ds6,,Starkes Baumholz,Starkes Baumholz_13,1,0,0.846,not_young,885.7999999999998,Schüpfheim
3868,11352,3,0,0,0,3,3,3,ds6,,Starkes Baumholz,Starkes Baumholz_13,1,0,1.135,not_young,964.7,Schüpfheim
3873,5871,3,0,0,0,3,3,3,ds6,,Starkes Baumholz,Starkes Baumholz_13,1,0,0.587,not_young,918.5,Schüpfheim
3875,28500,2,1,0,1,2,2,2,ds6,,Starkes Baumholz,Starkes Baumholz_13,1,0,2.85,not_young,890.3999999999999,Schüpfheim
3885,5420,3,0,0,0,3,3,3,ds6,,Starkes Baumholz,Starkes Baumholz_13,1,0,0.542,not_young,958.8,Schüpfheim
3888,10271,3,0,0,0,3,3,3,ds6,,Starkes Baumholz,Starkes Baumholz_13,1,0,1.027,not_young,919.0,Schüpfheim
3889,5261,3,0,0,0,3,3,3,ds6,,Starkes Baumholz,Starkes Baumholz_13,1,0,0.526,not_young,922.4,Schüpfheim
3890,6366,2,1,0,1,2,2,2,ds6,,Starkes Baumholz,Starkes Baumholz_13,1,0,0.637,not_young,918.0,Schüpfheim
3891,5577,3,0,0,0,3,3,3,ds6,,Starkes Baumholz,Starkes Baumholz_13,1,0,0.558,not_young,901.8,Schüpfheim
3897,5550,2,1,0,1,2,2,2,ds6,,Starkes Baumholz,Starkes Baumholz_13,1,0,0.555,not_young,935.2,Schüpfheim
3898,5649,3,0,0,0,3,3,3,ds6,,Starkes Baumholz,Starkes Baumholz_6,1,0,0.565,not_young,959.7,Schüpfheim
3902,5016,3,0,0,0,3,3,3,ds6,,Starkes Baumholz,Starkes Baumholz_13,1,0,0.502,not_young,943.7,Schüpfheim
3911,16793,3,0,0,0,3,3,3,ds6,,Starkes Baumholz,Starkes Baumholz_13,1,0,1.679,not_young,951.6,Escholzmatt
3924,19500,3,0,0,0,3,3,3,ds6,,Starkes Baumholz,Starkes Baumholz_13,1,0,1.95,not_young,780.1,Schüpfheim
3927,9072,2,1,0,1,2,2,2,ds6,,Starkes Baumholz,Starkes Baumholz_13,1,0,0.907,not_young,814.6,Escholzmatt
3930,39987,3,0,0,0,3,3,3,ds6,,Starkes Baumholz,Starkes Baumholz_13,1,0,3.999,not_young,779.7999999999998,Escholzmatt
3935,6195,3,0,0,0,3,3,3,ds6,,Starkes Baumholz,Starkes Baumholz_13,1,0,0.62,not_young,963.9,Escholzmatt
3949,11811,3,0,0,0,3,3,3,ds6,,Starkes Baumholz,Starkes Baumholz_13,1,0,1.181,not_young,865.3999999999999,Wiggen
3964,5890,3,0,0,0,3,3,3,ds6,,Starkes Baumholz,Starkes Baumholz_13,1,0,0.589,not_young,913.1,Schüpfheim
3972,6278,3,0,0,0,3,3,3,ds6,,Starkes Baumholz,Starkes Baumholz_13,1,0,0.628,not_young,964.6,Schüpfheim
3973,69193,2,1,0,1,2,2,2,ds6,,Starkes Baumholz,Starkes Baumholz_13,1,0,6.919,not_young,945.2,Schüpfheim
3974,6737,3,0,0,0,3,3,3,ds6,,Starkes Baumholz,Starkes Baumholz_13,1,0,0.674,not_young,935.7,Schüpfheim
3977,5850,3,0,0,0,3,3,3,ds4,,Schwaches Baumholz,Schwaches Baumholz_13,1,0,0.585,not_young,952.6,Schüpfheim
3978,9881,2,1,0,1,2,2,2,ds5,,Mittleres Baumholz,Mittleres Baumholz_13,1,0,0.988,not_young,928.0,Schüpfheim
3980,5399,3,0,0,0,3,3,3,ds4,,Schwaches Baumholz,Schwaches Baumholz_6,1,0,0.54,not_young,972.5,Schüpfheim
4000,7050,3,0,0,0,3,3,3,ds6,,Starkes Baumholz,Starkes Baumholz_6,1,0,0.705,not_young,961.9,Schüpfheim
4031,9165,2,1,0,1,2,2,2,ds6,,Starkes Baumholz,Starkes Baumholz_13,1,0,0.916,not_young,913.7,Schüpfheim
4054,10536,3,0,0,0,3,3,3,ds6,,Starkes Baumholz,Starkes Baumholz_13,1,0,1.054,not_young,830.3999999999999,Schüpfheim
4130,12173,3,0,0,0,3,3,3,ds6,,Starkes Baumholz,Starkes Baumholz_13,1,0,1.217,not_young,836.7,Schüpfheim
4154,6057,3,0,0,0,3,3,3,ds6,,Starkes Baumholz,Starkes Baumholz_13,1,0,0.606,not_young,834.1,Schüpfheim
4173,5551,3,0,0,0,3,3,3,ds6,,Starkes Baumholz,Starkes Baumholz_13,1,0,0.555,not_young,915.8,Schüpfheim
4176,6754,3,0,0,0,3,3,3,ds6,,Starkes Baumholz,Starkes Baumholz_13,1,0,0.675,not_young,860.3999999999999,Schüpfheim
4183,49169,3,0,0,0,3,3,3,ds6,,Starkes Baumholz,Starkes Baumholz_13,1,0,4.917,not_young,818.1,Schüpfheim
4188,5611,3,0,0,0,3,3,3,ds6,,Starkes Baumholz,Starkes Baumholz_4,1,0,0.561,not_young,722.2,Schüpfheim
4191,6816,2,1,0,1,2,2,2,ds6,,Starkes Baumholz,Starkes Baumholz_13,1,0,0.682,not_young,881.3999999999999,Escholzmatt
4195,5523,2,1,0,1,2,2,2,ds6,,Starkes Baumholz,Starkes Baumholz_13,1,0,0.552,not_young,887.3999999999999,Schüpfheim
4196,9609,3,0,0,0,3,3,3,ds5,,Mittleres Baumholz,Mittleres Baumholz_13,1,0,0.961,not_young,792.6,Schüpfheim
4198,25073,3,0,0,0,3,3,3,ds2,,Jungwuchs/Dickung,Jungwuchs/Dickung_13,1,0,2.507,young,974.0,Schüpfheim
4205,66455,3,0,0,0,3,3,3,ds6,,Starkes Baumholz,Starkes Baumholz_13,1,0,6.645,not_young,925.9,Escholzmatt
4206,9790,3,0,0,0,3,3,3,ds6,,Starkes Baumholz,Starkes Baumholz_13,1,0,0.979,not_young,930.6,Escholzmatt
4212,8043,2,1,0,1,2,2,2,ds6,,Starkes Baumholz,Starkes Baumholz_13,1,0,0.804,not_young,830.7,Escholzmatt
4214,67304,2,1,0,1,2,2,2,ds6,,Starkes Baumholz,Starkes Baumholz_13,1,0,6.73,not_young,836.1,Escholzmatt
4257,5001,3,0,0,0,3,3,3,ds5,,Mittleres Baumholz,Mittleres Baumholz_13,1,0,0.5,not_young,871.7999999999998,Schüpfheim
4258,34167,3,0,0,0,3,3,3,ds6,,Starkes Baumholz,Starkes Baumholz_13,1,0,3.417,not_young,845.8999999999999,Schüpfheim
4307,7300,3,0,0,0,3,3,3,ds4,,Schwaches Baumholz,Schwaches Baumholz_13,1,0,0.73,not_young,979.7,Escholzmatt
4350,27340,3,0,0,0,3,3,3,ds6,,Starkes Baumholz,Starkes Baumholz_13,1,0,2.734,not_young,840.5,Schüpfheim
4353,9112,3,0,0,0,3,3,3,ds4,,Schwaches Baumholz,Schwaches Baumholz_13,1,0,0.911,not_young,923.7,Schüpfheim
4385,23246,3,0,0,0,3,3,3,ds6,,Starkes Baumholz,Starkes Baumholz_13,1,0,2.325,not_young,968.4,Schüpfheim
4403,5600,3,0,0,0,3,3,3,ds5,,Mittleres Baumholz,Mittleres Baumholz_13,1,0,0.56,not_young,795.5,Schüpfheim
4406,15750,3,0,0,0,3,3,3,ds6,,Starkes Baumholz,Starkes Baumholz_13,1,0,1.575,not_young,927.6,Schüpfheim
4407,10036,3,0,0,0,3,3,3,ds6,,Starkes Baumholz,Starkes Baumholz_13,1,0,1.004,not_young,980.1,Schüpfheim
4419,8701,3,0,0,0,3,3,3,ds6,,Starkes Baumholz,Starkes Baumholz_13,1,0,0.87,not_young,957.0,Schüpfheim
4420,7387,3,0,0,0,3,3,3,ds6,,Starkes Baumholz,Starkes Baumholz_13,1,0,0.739,not_young,765.0,Schüpfheim
4430,8209,3,0,0,0,3,3,3,ds2,,Jungwuchs/Dickung,Jungwuchs/Dickung_13,1,0,0.821,young,938.3,Schüpfheim
4437,5888,3,0,0,0,3,3,3,ds6,,Starkes Baumholz,Starkes Baumholz_13,1,0,0.589,not_young,896.7,Schüpfheim
4447,9232,3,0,0,0,3,3,3,ds6,,Starkes Baumholz,Starkes Baumholz_13,1,0,0.923,not_young,889.2999999999998,Schüpfheim
4452,6928,3,0,0,0,3,3,3,ds6,,Starkes Baumholz,Starkes Baumholz_13,1,0,0.693,not_young,950.0,Schüpfheim
4459,10362,3,0,0,0,3,3,3,ds4,,Schwaches Baumholz,Schwaches Baumholz_13,1,0,1.036,not_young,903.8,Schüpfheim
4474,9693,3,0,0,0,3,3,3,ds6,,Starkes Baumholz,Starkes Baumholz_13,1,0,0.969,not_young,873.1,Schüpfheim
4484,8050,3,0,0,0,3,3,3,ds6,,Starkes Baumholz,Starkes Baumholz_13,1,0,0.805,not_young,827.2,Schüpfheim
4495,6212,3,0,0,0,3,3,3,ds4,,Schwaches Baumholz,Schwaches Baumholz_13,1,0,0.621,not_young,934.4,Schüpfheim
4497,9244,3,0,0,0,3,3,3,ds5,,Mittleres Baumholz,Mittleres Baumholz_13,1,0,0.924,not_young,728.2,Schüpfheim
4499,5011,3,0,0,0,3,3,3,ds6,,Starkes Baumholz,Starkes Baumholz_13,1,0,0.501,not_young,734.1,Schüpfheim
4509,7067,3,0,0,0,3,3,3,ds4,,Schwaches Baumholz,Schwaches Baumholz_13,1,0,0.707,not_young,960.2,Schüpfheim
4528,20457,3,0,0,0,3,3,3,ds6,,Starkes Baumholz,Starkes Baumholz_13,1,0,2.046,not_young,847.0,Schüpfheim
4532,5386,3,0,0,0,3,3,3,ds6,,Starkes Baumholz,Starkes Baumholz_13,1,0,0.539,not_young,905.4,Schüpfheim
4535,8591,3,0,0,0,3,3,3,ds6,,Starkes Baumholz,Starkes Baumholz_13,1,0,0.859,not_young,741.0,Schüpfheim
4547,18973,3,0,0,0,3,3,3,ds6,,Starkes Baumholz,Starkes Baumholz_13,1,0,1.897,not_young,897.5,Schüpfheim
4553,5433,3,0,0,0,3,3,3,ds6,,Starkes Baumholz,Starkes Baumholz_13,1,0,0.543,not_young,941.1,Schüpfheim
4558,11844,3,0,0,0,3,3,3,ds6,,Starkes Baumholz,Starkes Baumholz_13,1,0,1.184,not_young,799.1,Schüpfheim
4593,6735,3,0,0,0,3,3,3,ds5,,Mittleres Baumholz,Mittleres Baumholz_13,1,0,0.674,not_young,950.1,Schüpfheim
4612,5947,3,0,0,0,3,3,3,ds5,,Mittleres Baumholz,Mittleres Baumholz_13,1,0,0.595,not_young,939.4,Escholzmatt
4635,6836,3,0,0,0,3,3,3,ds4,,Schwaches Baumholz,Schwaches Baumholz_13,1,0,0.684,not_young,980.8,Schüpfheim
4637,33366,3,0,0,0,3,3,3,ds6,,Starkes Baumholz,Starkes Baumholz_13,1,0,3.337,not_young,879.0,Schüpfheim
4640,5068,3,0,0,0,3,3,3,ds6,,Starkes Baumholz,Starkes Baumholz_13,1,0,0.507,not_young,841.2999999999998,Schüpfheim
4647,12921,3,0,0,0,3,3,3,ds6,,Starkes Baumholz,Starkes Baumholz_13,1,0,1.292,not_young,841.2999999999998,Schüpfheim
4648,6372,3,0,0,0,3,3,3,ds6,,Starkes Baumholz,Starkes Baumholz_13,1,0,0.637,not_young,790.2,Schüpfheim
4651,11976,3,0,0,0,3,3,3,ds6,,Starkes Baumholz,Starkes Baumholz_13,1,0,1.198,not_young,952.7,Schüpfheim
4657,55107,2,1,0,1,2,2,2,ds6,,Starkes Baumholz,Starkes Baumholz_13,1,0,5.511,not_young,890.2999999999998,Schüpfheim
4658,9417,3,0,0,0,3,3,3,ds6,,Starkes Baumholz,Starkes Baumholz_13,1,0,0.942,not_young,824.8999999999999,Schüpfheim
4662,9684,3,0,0,0,3,3,3,ds3,,Stangenholz,Stangenholz_13,1,0,0.968,not_young,994.8,Schüpfheim
4669,10600,3,0,0,0,3,3,3,ds3,,Stangenholz,Stangenholz_13,1,0,1.06,not_young,990.6,Schüpfheim
4679,5429,3,0,0,0,3,3,3,ds5,,Mittleres Baumholz,Mittleres Baumholz_4,1,0,0.543,not_young,748.2,Schüpfheim
4682,10560,3,0,0,0,3,3,3,ds3,,Stangenholz,Stangenholz_13,1,0,1.056,not_young,953.7,Schüpfheim
4691,18557,3,0,0,0,3,3,3,ds6,,Starkes Baumholz,Starkes Baumholz_13,1,0,1.856,not_young,804.0,Schüpfheim
4701,6153,3,0,0,0,3,3,3,ds4,,Schwaches Baumholz,Schwaches Baumholz_13,1,0,0.615,not_young,769.5,Schüpfheim
4718,7637,3,0,0,0,3,3,3,ds6,,Starkes Baumholz,Starkes Baumholz_13,1,0,0.764,not_young,744.1,Schüpfheim
4720,8526,3,0,0,0,3,3,3,ds5,,Mittleres Baumholz,Mittleres Baumholz_13,1,0,0.853,not_young,778.1,Schüpfheim
4726,83992,3,0,0,0,3,3,3,ds6,,Starkes Baumholz,Starkes Baumholz_13,1,0,8.399,not_young,796.5,Schüpfheim
4728,10610,2,1,0,1,2,2,2,ds6,,Starkes Baumholz,Starkes Baumholz_13,1,0,1.061,not_young,885.2,Escholzmatt
4729,5250,3,0,0,0,3,3,3,ds5,,Mittleres Baumholz,Mittleres Baumholz_13,1,0,0.525,not_young,771.6,Schüpfheim
4731,8605,2,1,0,1,2,2,2,ds6,,Starkes Baumholz,Starkes Baumholz_13,1,0,0.86,not_young,876.2999999999998,Schüpfheim
4742,5031,2,1,0,1,2,2,2,ds6,,Starkes Baumholz,Starkes Baumholz_13,1,0,0.503,not_young,884.7,Escholzmatt
4746,9651,3,0,0,0,3,3,3,ds6,,Starkes Baumholz,Starkes Baumholz_13,1,0,0.965,not_young,790.7,Schüpfheim
4774,23027,2,1,0,1,2,2,2,ds6,,Starkes Baumholz,Starkes Baumholz_13,1,0,2.303,not_young,889.5,Schüpfheim
4787,5544,2,1,0,1,2,2,2,ds6,,Starkes Baumholz,Starkes Baumholz_13,1,0,0.554,not_young,868.7999999999998,Escholzmatt
4793,6684,3,0,0,0,3,3,3,ds6,,Starkes Baumholz,Starkes Baumholz_13,1,0,0.668,not_young,789.7999999999998,Schüpfheim
4794,5030,3,0,0,0,3,3,3,ds6,,Starkes Baumholz,Starkes Baumholz_13,1,0,0.503,not_young,771.7999999999998,Schüpfheim
4803,6233,3,0,0,0,3,3,3,ds5,,Mittleres Baumholz,Mittleres Baumholz_4,1,0,0.623,not_young,754.1,Schüpfheim
4821,8659,3,0,0,0,3,3,3,ds6,,Starkes Baumholz,Starkes Baumholz_13,1,0,0.866,not_young,763.0,Schüpfheim
4843,12987,2,1,0,1,2,2,2,ds6,,Starkes Baumholz,Starkes Baumholz_13,1,0,1.299,not_young,868.2,Escholzmatt
4844,10600,3,0,0,0,3,3,3,ds5,,Mittleres Baumholz,Mittleres Baumholz_13,1,0,1.06,not_young,782.7999999999998,Schüpfheim
4859,5701,3,0,0,0,3,3,3,ds6,,Starkes Baumholz,Starkes Baumholz_13,1,0,0.57,not_young,882.0,Schüpfheim
4861,9911,3,0,0,0,3,3,3,ds6,,Starkes Baumholz,Starkes Baumholz_13,1,0,0.991,not_young,973.1,Escholzmatt
4870,6923,3,0,0,0,3,3,3,ds4,,Schwaches Baumholz,Schwaches Baumholz_13,1,0,0.692,not_young,951.5,Escholzmatt
4872,5153,3,0,0,0,3,3,3,ds5,,Mittleres Baumholz,Mittleres Baumholz_13,1,0,0.515,not_young,798.6,Schüpfheim
4874,5470,2,1,0,1,2,2,2,ds6,,Starkes Baumholz,Starkes Baumholz_13,1,0,0.547,not_young,844.0,Schüpfheim
4875,7183,3,0,0,0,3,3,3,ds5,,Mittleres Baumholz,Mittleres Baumholz_13,1,0,0.718,not_young,750.0,Schüpfheim
4877,41289,3,0,0,0,3,3,3,ds6,,Starkes Baumholz,Starkes Baumholz_13,1,0,4.129,not_young,791.5,Schüpfheim
4892,39697,2,1,0,1,2,2,2,ds6,,Starkes Baumholz,Starkes Baumholz_13,1,0,3.97,not_young,857.7,Escholzmatt
4893,5277,3,0,0,0,3,3,3,ds6,,Starkes Baumholz,Starkes Baumholz_13,1,0,0.528,not_young,774.1,Schüpfheim
4899,5483,3,0,0,0,3,3,3,ds6,,Starkes Baumholz,Starkes Baumholz_13,1,0,0.548,not_young,834.2999999999998,Schüpfheim
4904,7449,3,0,0,0,3,3,3,ds6,,Starkes Baumholz,Starkes Baumholz_13,1,0,0.745,not_young,931.7,Escholzmatt
4905,20357,3,0,0,0,3,3,3,ds4,,Schwaches Baumholz,Schwaches Baumholz_13,1,0,2.036,not_young,827.2,Schüpfheim
4910,5177,2,1,0,1,2,2,2,ds6,,Starkes Baumholz,Starkes Baumholz_13,1,0,0.518,not_young,834.2,Schüpfheim
4911,9345,3,0,0,0,3,3,3,ds6,,Starkes Baumholz,Starkes Baumholz_13,1,0,0.935,not_young,800.0,Schüpfheim
4912,22201,3,0,0,0,3,3,3,ds6,,Starkes Baumholz,Starkes Baumholz_13,1,0,2.22,not_young,952.9,Escholzmatt
4915,6175,3,0,0,0,3,3,3,ds5,,Mittleres Baumholz,Mittleres Baumholz_4,1,0,0.618,not_young,762.5,Schüpfheim
4928,9377,2,1,0,1,2,2,2,ds6,,Starkes Baumholz,Starkes Baumholz_13,1,0,0.938,not_young,823.0,Escholzmatt
4938,31734,3,0,0,0,3,3,3,ds6,,Starkes Baumholz,Starkes Baumholz_13,1,0,3.173,not_young,819.0,Schüpfheim
4949,7528,2,1,0,1,2,2,2,ds6,,Starkes Baumholz,Starkes Baumholz_13,1,0,0.753,not_young,818.0,Escholzmatt
4952,14477,3,0,0,0,3,3,3,ds6,,Starkes Baumholz,Starkes Baumholz_13,1,0,1.448,not_young,928.3,Escholzmatt
4962,6953,3,0,0,0,3,3,3,ds6,,Starkes Baumholz,Starkes Baumholz_13,1,0,0.695,not_young,822.8999999999999,Escholzmatt
4976,31071,3,0,0,0,3,3,3,ds6,,Starkes Baumholz,Starkes Baumholz_13,1,0,3.107,not_young,950.5,Escholzmatt
4985,6205,2,1,0,1,2,2,2,ds6,,Starkes Baumholz,Starkes Baumholz_13,1,0,0.62,not_young,814.7,Escholzmatt
4990,9976,3,0,0,0,3,3,3,ds5,,Mittleres Baumholz,Mittleres Baumholz_13,1,0,0.998,not_young,889.7999999999998,Escholzmatt
4991,5475,3,0,0,0,3,3,3,ds4,,Schwaches Baumholz,Schwaches Baumholz_13,1,0,0.548,not_young,835.0,Escholzmatt
4999,12840,3,0,0,0,3,3,3,ds6,,Starkes Baumholz,Starkes Baumholz_13,1,0,1.284,not_young,792.6,Escholzmatt
5008,5010,2,1,0,1,2,2,2,ds6,,Starkes Baumholz,Starkes Baumholz_13,1,0,0.501,not_young,792.8999999999999,Escholzmatt
5029,7741,3,0,0,0,3,3,3,ds6,,Starkes Baumholz,Starkes Baumholz_13,1,0,0.774,not_young,834.3999999999999,Escholzmatt
5034,5150,3,0,0,0,3,3,3,ds3,,Stangenholz,Stangenholz_13,1,0,0.515,not_young,841.8999999999999,Escholzmatt
5038,19303,3,0,0,0,3,3,3,ds4,,Schwaches Baumholz,Schwaches Baumholz_13,1,0,1.93,not_young,843.0,Escholzmatt
5041,8297,3,0,0,0,3,3,3,ds4,,Schwaches Baumholz,Schwaches Baumholz_13,1,0,0.83,not_young,838.1,Escholzmatt
5042,23123,3,0,0,0,3,3,3,ds6,,Starkes Baumholz,Starkes Baumholz_13,1,0,2.312,not_young,831.7999999999998,Escholzmatt
5049,6266,3,0,0,0,3,3,3,ds6,,Starkes Baumholz,Starkes Baumholz_13,1,0,0.627,not_young,839.7,Escholzmatt
5057,10469,3,0,0,0,3,3,3,ds5,,Mittleres Baumholz,Mittleres Baumholz_13,1,0,1.047,not_young,835.7999999999998,Escholzmatt
5071,43229,3,0,0,0,3,3,3,ds6,,Starkes Baumholz,Starkes Baumholz_13,1,0,4.323,not_young,897.3999999999999,Escholzmatt
5079,22657,3,0,0,0,3,3,3,ds6,,Starkes Baumholz,Starkes Baumholz_13,1,0,2.266,not_young,840.6,Escholzmatt
5081,5224,3,0,0,0,3,3,3,ds6,,Starkes Baumholz,Starkes Baumholz_13,1,0,0.522,not_young,838.3999999999999,Escholzmatt
5083,21396,3,0,0,0,3,3,3,ds6,,Starkes Baumholz,Starkes Baumholz_13,1,0,2.14,not_young,882.5,Escholzmatt
5086,5747,3,0,0,0,3,3,3,ds6,,Starkes Baumholz,Starkes Baumholz_6,1,0,0.575,not_young,947.7,Escholzmatt
5091,5309,3,0,0,0,3,3,3,ds6,,Starkes Baumholz,Starkes Baumholz_13,1,0,0.531,not_young,810.7999999999998,Escholzmatt
5095,5478,3,0,0,0,3,3,3,ds5,,Mittleres Baumholz,Mittleres Baumholz_13,1,0,0.548,not_young,790.2,Escholzmatt
5098,28403,3,0,0,0,3,3,3,ds5,,Mittleres Baumholz,Mittleres Baumholz_13,1,0,2.84,not_young,841.3999999999999,Escholzmatt
5101,6424,3,0,0,0,3,3,3,ds4,,Schwaches Baumholz,Schwaches Baumholz_13,1,0,0.642,not_young,845.3999999999999,Escholzmatt
5110,5250,3,0,0,0,3,3,3,ds6,,Starkes Baumholz,Starkes Baumholz_6,1,0,0.525,not_young,952.7,Escholzmatt
5112,9518,3,0,0,0,3,3,3,ds4,,Schwaches Baumholz,Schwaches Baumholz_13,1,0,0.952,not_young,832.2,Escholzmatt
5116,34962,3,0,0,0,3,3,3,ds6,,Starkes Baumholz,Starkes Baumholz_13,1,0,3.496,not_young,959.7,Escholzmatt
5138,5243,3,0,0,0,3,3,3,ds5,,Mittleres Baumholz,Mittleres Baumholz_13,1,0,0.524,not_young,851.2,Escholzmatt
5153,20646,3,0,0,0,3,3,3,ds6,,Starkes Baumholz,Starkes Baumholz_13,1,0,2.065,not_young,846.3999999999999,Escholzmatt
5156,74484,3,0,0,0,3,3,3,ds6,,Starkes Baumholz,Starkes Baumholz_13,1,0,7.448,not_young,829.3999999999999,Escholzmatt
5165,24790,3,0,0,0,3,3,3,ds6,,Starkes Baumholz,Starkes Baumholz_13,1,0,2.479,not_young,940.1,Escholzmatt
5176,5830,3,0,0,0,3,3,3,ds6,,Starkes Baumholz,Starkes Baumholz_13,1,0,0.583,not_young,923.0,Escholzmatt
5180,23756,3,0,0,0,3,3,3,ds6,,Starkes Baumholz,Starkes Baumholz_13,1,0,2.376,not_young,832.7999999999998,Escholzmatt
5202,8984,3,0,0,0,3,3,3,ds6,,Starkes Baumholz,Starkes Baumholz_13,1,0,0.898,not_young,948.0,Escholzmatt
5232,8515,3,0,0,0,3,3,3,ds6,,Starkes Baumholz,Starkes Baumholz_13,1,0,0.851,not_young,945.2,Escholzmatt
5258,7453,3,0,0,0,3,3,3,ds6,,Starkes Baumholz,Starkes Baumholz_13,1,0,0.745,not_young,945.1,Escholzmatt
5271,5435,2,1,0,1,2,2,2,ds6,,Starkes Baumholz,Starkes Baumholz_13,1,0,0.544,not_young,935.8,Escholzmatt
5277,5739,3,0,0,0,3,3,3,ds6,,Starkes Baumholz,Starkes Baumholz_13,1,0,0.574,not_young,937.9,Escholzmatt
5281,11766,2,1,0,1,2,2,2,ds6,,Starkes Baumholz,Starkes Baumholz_13,1,0,1.177,not_young,896.1,Escholzmatt
5329,10503,3,0,0,0,3,3,3,ds6,,Starkes Baumholz,Starkes Baumholz_13,1,0,1.05,not_young,954.7,Escholzmatt
5351,13713,3,0,0,0,3,3,3,ds6,,Starkes Baumholz,Starkes Baumholz_13,1,0,1.371,not_young,910.2,Escholzmatt
5410,15313,3,0,0,0,3,3,3,ds6,,Starkes Baumholz,Starkes Baumholz_13,1,0,1.531,not_young,907.0,Escholzmatt
5420,6868,2,1,0,1,2,2,2,ds6,,Starkes Baumholz,Starkes Baumholz_13,1,0,0.687,not_young,891.6,Escholzmatt
5434,6853,3,0,0,0,3,3,3,ds6,,Starkes Baumholz,Starkes Baumholz_13,1,0,0.685,not_young,941.6,Escholzmatt
5470,143845,2,1,0,1,2,2,2,ds6,,Starkes Baumholz,Starkes Baumholz_13,1,0,14.384,not_young,922.2,Escholzmatt
5487,9450,2,1,0,1,2,2,2,ds6,,Starkes Baumholz,Starkes Baumholz_13,1,0,0.945,not_young,878.1,Escholzmatt
5514,5813,2,1,0,1,2,2,2,ds6,,Starkes Baumholz,Starkes Baumholz_13,1,0,0.581,not_young,835.0,Escholzmatt
5558,5800,3,0,0,0,3,3,3,ds6,,Starkes Baumholz,Starkes Baumholz_13,1,0,0.58,not_young,902.6,Escholzmatt
5606,10257,3,0,0,0,3,3,3,ds6,,Starkes Baumholz,Starkes Baumholz_13,1,0,1.026,not_young,916.8,Escholzmatt
5622,19650,2,1,0,1,2,2,2,ds6,,Starkes Baumholz,Starkes Baumholz_13,1,0,1.965,not_young,885.7999999999998,Escholzmatt
5623,6620,3,0,0,0,3,3,3,ds5,,Mittleres Baumholz,Mittleres Baumholz_13,1,0,0.662,not_young,947.2,Escholzmatt
5640,5700,2,1,0,1,2,2,2,ds5,,Mittleres Baumholz,Mittleres Baumholz_13,1,0,0.57,not_young,866.5,Escholzmatt
5644,5050,3,0,0,0,3,3,3,ds5,,Mittleres Baumholz,Mittleres Baumholz_13,1,0,0.505,not_young,932.3,Escholzmatt
5647,15807,2,1,0,1,2,2,2,ds6,,Starkes Baumholz,Starkes Baumholz_13,1,0,1.581,not_young,971.9,Escholzmatt
5649,6868,3,0,0,0,3,3,3,ds5,,Mittleres Baumholz,Mittleres Baumholz_13,1,0,0.687,not_young,947.7,Wiggen
5656,11296,2,1,0,1,2,2,2,ds6,,Starkes Baumholz,Starkes Baumholz_13,1,0,1.13,not_young,819.1,Escholzmatt
5657,5419,3,0,0,0,3,3,3,ds6,,Starkes Baumholz,Starkes Baumholz_13,1,0,0.542,not_young,985.9,Escholzmatt
5666,6883,3,0,0,0,3,3,3,ds6,,Starkes Baumholz,Starkes Baumholz_13,1,0,0.688,not_young,905.5,Wiggen
5672,9763,2,1,0,1,2,2,2,ds6,,Starkes Baumholz,Starkes Baumholz_13,1,0,0.976,not_young,915.8,Escholzmatt
5676,5604,3,0,0,0,3,3,3,ds6,,Starkes Baumholz,Starkes Baumholz_13,1,0,0.56,not_young,919.7,Escholzmatt
5678,8914,3,0,0,0,3,3,3,ds5,,Mittleres Baumholz,Mittleres Baumholz_13,1,0,0.891,not_young,944.0,Escholzmatt
5679,10333,3,0,0,0,3,3,3,ds6,,Starkes Baumholz,Starkes Baumholz_13,1,0,1.033,not_young,934.0,Wiggen
5689,7350,2,1,0,1,2,2,2,ds5,,Mittleres Baumholz,Mittleres Baumholz_13,1,0,0.735,not_young,840.0,Escholzmatt
5693,20063,3,0,0,0,3,3,3,ds6,,Starkes Baumholz,Starkes Baumholz_13,1,0,2.006,not_young,909.5,Wiggen
5699,19429,3,0,0,0,3,3,3,ds6,,Starkes Baumholz,Starkes Baumholz_13,1,0,1.943,not_young,911.3,Wiggen
5710,5264,3,0,0,0,3,3,3,ds6,,Starkes Baumholz,Starkes Baumholz_13,1,0,0.526,not_young,867.5,Wiggen
5714,30040,2,1,0,1,2,2,2,ds6,,Starkes Baumholz,Starkes Baumholz_13,1,0,3.004,not_young,912.3,Escholzmatt
5719,5586,2,1,0,1,2,2,2,ds6,,Starkes Baumholz,Starkes Baumholz_13,1,0,0.559,not_young,889.8999999999999,Wiggen
5720,15801,2,1,0,1,2,2,2,ds6,,Starkes Baumholz,Starkes Baumholz_13,1,0,1.58,not_young,939.5,Escholzmatt
5722,5414,2,1,0,1,2,2,2,ds5,,Mittleres Baumholz,Mittleres Baumholz_13,1,0,0.541,not_young,887.2999999999998,Escholzmatt
5723,5531,3,0,0,0,3,3,3,ds6,,Starkes Baumholz,Starkes Baumholz_13,1,0,0.553,not_young,852.8999999999999,Wiggen
5727,6508,2,1,0,1,2,2,2,ds6,,Starkes Baumholz,Starkes Baumholz_13,1,0,0.651,not_young,915.1,Escholzmatt
5740,10065,3,0,0,0,3,3,3,ds5,,Mittleres Baumholz,Mittleres Baumholz_13,1,0,1.006,not_young,898.2,Wiggen
5743,8476,3,0,0,0,3,3,3,ds6,,Starkes Baumholz,Starkes Baumholz_13,1,0,0.848,not_young,961.1,Escholzmatt
5748,22994,3,0,0,0,3,3,3,ds6,,Starkes Baumholz,Starkes Baumholz_13,1,0,2.299,not_young,865.1,Wiggen
5749,7921,2,1,0,1,2,2,2,ds6,,Starkes Baumholz,Starkes Baumholz_13,1,0,0.792,not_young,858.0,Wiggen
5750,7768,2,1,0,1,2,2,2,ds5,,Mittleres Baumholz,Mittleres Baumholz_13,1,0,0.777,not_young,924.9,Wiggen
5753,5248,2,1,0,1,2,2,2,ds6,,Starkes Baumholz,Starkes Baumholz_13,1,0,0.525,not_young,814.5,Wiggen
5757,14172,2,1,0,1,2,2,2,ds6,,Starkes Baumholz,Starkes Baumholz_13,1,0,1.417,not_young,826.2999999999998,Escholzmatt
5766,12326,2,1,0,1,2,2,2,ds6,,Starkes Baumholz,Starkes Baumholz_13,1,0,1.233,not_young,869.2,Wiggen
5785,14345,2,1,0,1,2,2,2,ds6,,Starkes Baumholz,Starkes Baumholz_13,1,0,1.434,not_young,801.2999999999998,Trubschachen
5805,8856,2,1,0,1,2,2,2,ds6,,Starkes Baumholz,Starkes Baumholz_13,1,0,0.886,not_young,920.6,Escholzmatt
5830,8257,3,0,0,0,3,3,3,ds6,,Starkes Baumholz,Starkes Baumholz_13,1,0,0.826,not_young,912.8,Escholzmatt
5840,21049,3,0,0,0,3,3,3,ds6,,Starkes Baumholz,Starkes Baumholz_13,1,0,2.105,not_young,933.0,Escholzmatt
5867,12077,2,1,0,1,2,2,2,ds6,,Starkes Baumholz,Starkes Baumholz_13,1,0,1.208,not_young,822.8999999999999,Wiggen
5873,5300,3,0,0,0,3,3,3,ds6,,Starkes Baumholz,Starkes Baumholz_13,1,0,0.53,not_young,953.0,Escholzmatt
5888,7400,2,1,0,1,2,2,2,ds5,,Mittleres Baumholz,Mittleres Baumholz_13,1,0,0.74,not_young,867.3999999999999,Escholzmatt
5898,16147,2,1,0,1,2,2,2,ds6,,Starkes Baumholz,Starkes Baumholz_13,1,0,1.615,not_young,810.7999999999998,Wiggen
5907,32193,3,0,0,0,3,3,3,ds6,,Starkes Baumholz,Starkes Baumholz_13,1,0,3.219,not_young,951.3,Escholzmatt
5929,31805,2,1,0,1,2,2,2,ds6,,Starkes Baumholz,Starkes Baumholz_13,1,0,3.181,not_young,842.7,Escholzmatt
5932,11304,2,1,0,1,2,2,2,ds5,,Mittleres Baumholz,Mittleres Baumholz_13,1,0,1.13,not_young,820.0,Wiggen
5934,5800,3,0,0,0,3,3,3,ds6,,Starkes Baumholz,Starkes Baumholz_13,1,0,0.58,not_young,903.4,Wiggen
5939,8700,2,1,0,1,2,2,2,ds6,,Starkes Baumholz,Starkes Baumholz_13,1,0,0.87,not_young,920.4,Escholzmatt
5944,5150,2,1,0,1,2,2,2,ds5,,Mittleres Baumholz,Mittleres Baumholz_13,1,0,0.515,not_young,944.9,Escholzmatt
5946,5150,3,0,0,0,3,3,3,ds6,,Starkes Baumholz,Starkes Baumholz_13,1,0,0.515,not_young,851.7,Wiggen
5948,5300,2,1,0,1,2,2,2,ds6,,Starkes Baumholz,Starkes Baumholz_13,1,0,0.53,not_young,930.2,Escholzmatt
5954,11900,2,1,0,1,2,2,2,ds6,,Starkes Baumholz,Starkes Baumholz_13,1,0,1.19,not_young,943.0,Escholzmatt
5959,7470,2,1,0,1,2,2,2,ds5,,Mittleres Baumholz,Mittleres Baumholz_13,1,0,0.747,not_young,790.2,Wiggen
5963,9250,2,1,0,1,2,2,2,ds6,,Starkes Baumholz,Starkes Baumholz_13,1,0,0.925,not_young,836.6,Wiggen
5966,5708,2,1,0,1,2,2,2,ds6,,Starkes Baumholz,Starkes Baumholz_13,1,0,0.571,not_young,933.3,Escholzmatt
5973,13800,2,1,0,1,2,2,2,ds6,,Starkes Baumholz,Starkes Baumholz_13,1,0,1.38,not_young,814.2,Wiggen
5974,16250,2,1,0,1,2,2,2,ds6,,Starkes Baumholz,Starkes Baumholz_13,1,0,1.625,not_young,888.8999999999999,Wiggen
5987,18149,2,1,0,1,2,2,2,ds6,,Starkes Baumholz,Starkes Baumholz_13,1,0,1.815,not_young,850.1,Wiggen
5992,8150,2,1,0,1,2,2,2,ds6,,Starkes Baumholz,Starkes Baumholz_13,1,0,0.815,not_young,846.3999999999999,Wiggen
5993,24438,3,0,0,0,3,3,3,ds6,,Starkes Baumholz,Starkes Baumholz_13,1,0,2.444,not_young,875.7999999999998,Wiggen
6020,7098,3,0,0,0,3,3,3,ds6,,Starkes Baumholz,Starkes Baumholz_13,1,0,0.71,not_young,893.7999999999998,Wiggen
6032,6489,2,1,0,1,2,2,2,ds6,,Starkes Baumholz,Starkes Baumholz_13,1,0,0.649,not_young,787.7999999999998,Wiggen
6039,14108,3,0,0,0,3,3,3,ds6,,Starkes Baumholz,Starkes Baumholz_13,1,0,1.411,not_young,920.6,Wiggen
6058,7402,3,0,0,0,3,3,3,ds6,,Starkes Baumholz,Starkes Baumholz_13,1,0,0.74,not_young,896.7999999999998,Wiggen
6088,16170,3,0,0,0,3,3,3,ds6,,Starkes Baumholz,Starkes Baumholz_13,1,0,1.617,not_young,852.2999999999998,Wiggen
6092,10927,3,0,0,0,3,3,3,ds6,,Starkes Baumholz,Starkes Baumholz_13,1,0,1.093,not_young,945.5,Wiggen
6093,5461,3,0,0,0,3,3,3,ds6,,Starkes Baumholz,Starkes Baumholz_13,1,0,0.546,not_young,915.8,Escholzmatt
6101,8858,3,0,0,0,3,3,3,ds5,,Mittleres Baumholz,Mittleres Baumholz_13,1,0,0.886,not_young,954.6,Wiggen
6107,8391,3,0,0,0,3,3,3,ds5,,Mittleres Baumholz,Mittleres Baumholz_13,1,0,0.839,not_young,956.2,Escholzmatt
6112,29691,3,0,0,0,3,3,3,ds6,,Starkes Baumholz,Starkes Baumholz_13,1,0,2.969,not_young,860.7999999999998,Wiggen
6116,9836,3,0,0,0,3,3,3,ds5,,Mittleres Baumholz,Mittleres Baumholz_13,1,0,0.984,not_young,903.1,Wiggen
6126,5409,2,1,0,1,2,2,2,ds5,,Mittleres Baumholz,Mittleres Baumholz_13,1,0,0.541,not_young,843.1,Wiggen
6127,8501,3,0,0,0,3,3,3,ds5,,Mittleres Baumholz,Mittleres Baumholz_13,1,0,0.85,not_young,936.4,Wiggen
6140,11547,3,0,0,0,3,3,3,ds6,,Starkes Baumholz,Starkes Baumholz_13,1,0,1.155,not_young,961.2,Wiggen
6145,23137,3,0,0,0,3,3,3,ds6,,Starkes Baumholz,Starkes Baumholz_13,1,0,2.314,not_young,938.1,Wiggen
6148,8899,3,0,0,0,3,3,3,ds6,,Starkes Baumholz,Starkes Baumholz_13,1,0,0.89,not_young,818.7999999999998,Wiggen
6150,18731,2,1,0,1,2,2,2,ds5,,Mittleres Baumholz,Mittleres Baumholz_13,1,0,1.873,not_young,937.8,Wiggen
6152,17441,3,0,0,0,3,3,3,ds6,,Starkes Baumholz,Starkes Baumholz_13,1,0,1.744,not_young,876.5,Wiggen
6163,6053,3,0,0,0,3,3,3,ds6,,Starkes Baumholz,Starkes Baumholz_13,1,0,0.605,not_young,905.0,Escholzmatt
6164,5999,3,0,0,0,3,3,3,ds6,,Starkes Baumholz,Starkes Baumholz_13,1,0,0.6,not_young,909.8,Wiggen
6172,9315,3,0,0,0,3,3,3,ds6,,Starkes Baumholz,Starkes Baumholz_13,1,0,0.932,not_young,952.3,Escholzmatt
6186,7866,2,1,0,1,2,2,2,ds6,,Starkes Baumholz,Starkes Baumholz_13,1,0,0.787,not_young,871.6,Wiggen
6191,23161,3,0,0,0,3,3,3,ds6,,Starkes Baumholz,Starkes Baumholz_13,1,0,2.316,not_young,906.6,Wiggen
6192,5272,2,1,0,1,2,2,2,ds5,,Mittleres Baumholz,Mittleres Baumholz_13,1,0,0.527,not_young,834.3999999999999,Wiggen
6193,40994,2,1,0,1,2,2,2,ds6,,Starkes Baumholz,Starkes Baumholz_13,1,0,4.099,not_young,818.8999999999999,Wiggen
6194,14776,3,0,0,0,3,3,3,ds6,,Starkes Baumholz,Starkes Baumholz_13,1,0,1.478,not_young,819.5,Wiggen
6203,5214,3,0,0,0,3,3,3,ds5,,Mittleres Baumholz,Mittleres Baumholz_13,1,0,0.521,not_young,863.7,Wiggen
6210,5102,3,0,0,0,3,3,3,ds6,,Starkes Baumholz,Starkes Baumholz_13,1,0,0.51,not_young,924.3,Escholzmatt
6219,13501,2,1,0,1,2,2,2,ds6,,Starkes Baumholz,Starkes Baumholz_13,1,0,1.35,not_young,819.1,Wiggen
6241,60070,2,1,0,1,2,2,2,ds6,,Starkes Baumholz,Starkes Baumholz_13,1,0,6.007,not_young,895.7999999999998,Wiggen
6244,6421,2,1,0,1,2,2,2,ds6,,Starkes Baumholz,Starkes Baumholz_13,1,0,0.642,not_young,838.3999999999999,Wiggen
6256,5416,3,0,0,0,3,3,3,ds6,,Starkes Baumholz,Starkes Baumholz_13,1,0,0.542,not_young,898.7999999999998,Wiggen
6260,17012,3,0,0,0,3,3,3,ds6,,Starkes Baumholz,Starkes Baumholz_13,1,0,1.701,not_young,930.4,Wiggen
6278,15528,3,0,0,0,3,3,3,ds6,,Starkes Baumholz,Starkes Baumholz_13,1,0,1.553,not_young,890.0,Wiggen
6288,16527,3,0,0,0,3,3,3,ds6,,Starkes Baumholz,Starkes Baumholz_13,1,0,1.653,not_young,904.2,Wiggen
6289,55530,3,0,0,0,3,3,3,ds6,,Starkes Baumholz,Starkes Baumholz_13,1,0,5.553,not_young,944.4,Wiggen
6294,7444,3,0,0,0,3,3,3,ds6,,Starkes Baumholz,Starkes Baumholz_13,1,0,0.744,not_young,834.6,Wiggen
6296,5278,3,0,0,0,3,3,3,ds6,,Starkes Baumholz,Starkes Baumholz_13,1,0,0.528,not_young,946.9,Escholzmatt
6297,7369,3,0,0,0,3,3,3,ds6,,Starkes Baumholz,Starkes Baumholz_13,1,0,0.737,not_young,919.5,Escholzmatt
6299,6600,2,1,0,1,2,2,2,ds6,,Starkes Baumholz,Starkes Baumholz_13,1,0,0.66,not_young,879.7999999999998,Wiggen
6313,7887,3,0,0,0,3,3,3,ds6,,Starkes Baumholz,Starkes Baumholz_13,1,0,0.789,not_young,869.3999999999999,Wiggen
6323,6670,3,0,0,0,3,3,3,ds6,,Starkes Baumholz,Starkes Baumholz_13,1,0,0.667,not_young,874.5,Wiggen
6324,23215,2,1,0,1,2,2,2,ds5,,Mittleres Baumholz,Mittleres Baumholz_13,1,0,2.321,not_young,871.2999999999998,Wiggen
6325,7870,3,0,0,0,3,3,3,ds6,,Starkes Baumholz,Starkes Baumholz_13,1,0,0.787,not_young,874.7999999999998,Wiggen
6358,12511,2,1,0,1,2,2,2,ds5,,Mittleres Baumholz,Mittleres Baumholz_13,1,0,1.251,not_young,838.8999999999999,Wiggen
6363,12530,2,1,0,1,2,2,2,ds6,,Starkes Baumholz,Starkes Baumholz_13,1,0,1.253,not_young,845.7999999999998,Wiggen
3,13236,2,1,0,1,2,2,2,ds5,742.0,Mittleres Baumholz,Mittleres Baumholz_13,0,0,1.324,not_young,754.3999999999999,Hasle LU
6,8459,3,0,0,0,3,3,3,ds6,724.0,Starkes Baumholz,Starkes Baumholz_13,0,0,0.846,not_young,860.2999999999998,Escholzmatt
10,3600,4,0,0,0,3,4,3,ds6,720.0,Starkes Baumholz,Starkes Baumholz_13,0,0,0.36,not_young,939.5,Finsterwald b. E.
11,5592,2,1,0,1,2,2,2,ds2,925.0,Jungwuchs/Dickung,Jungwuchs/Dickung_13,0,0,0.559,young,917.5,Flühli LU
20,37251,4,0,0,0,3,4,3,ds6,4845.0,Starkes Baumholz,Starkes Baumholz_13,0,0,3.725,not_young,888.5,Marbach LU
21,41309,2,1,0,1,2,2,2,ds6,6902.0,Starkes Baumholz,Starkes Baumholz_13,0,0,4.131,not_young,799.1,Schüpfheim
40,8858,2,1,0,1,2,2,2,ds2,894.0,Jungwuchs/Dickung,Jungwuchs/Dickung_4,0,0,0.886,young,615.7,Ebnet
46,2858,4,0,0,0,3,4,3,ds4,752.0,Schwaches Baumholz,Schwaches Baumholz_13,0,0,0.286,not_young,858.5,Marbach LU
63,24250,3,0,0,0,3,4,3,ds6,520.0,Starkes Baumholz,Starkes Baumholz_13,0,0,2.425,not_young,861.2,Wiggen
67,18972,4,0,0,0,3,4,3,ds4,720.0,Schwaches Baumholz,Schwaches Baumholz_13,0,0,1.897,not_young,922.2,Finsterwald b. E.
70,28629,2,1,0,1,2,2,2,ds5,660.0,Mittleres Baumholz,Mittleres Baumholz_13,0,0,2.863,not_young,799.2,Hasle LU
73,6137,3,0,0,0,3,3,3,ds4,712.0,Schwaches Baumholz,Schwaches Baumholz_13,0,0,0.614,not_young,861.2999999999998,Marbach LU
78,11525,2,1,0,1,2,2,2,ds2,846.0,Jungwuchs/Dickung,Jungwuchs/Dickung_13,0,0,1.152,young,786.1,Rengg
99,5495,4,0,0,0,3,4,3,ds3,764.0,Stangenholz,Stangenholz_13,0,0,0.549,not_young,911.9,Escholzmatt
100,38003,3,0,0,0,3,3,3,ds6,560.0,Starkes Baumholz,Starkes Baumholz_13,0,0,3.8,not_young,830.0,Marbach LU
117,24863,3,0,0,0,3,3,3,ds6,2632.0,Starkes Baumholz,Starkes Baumholz_13,0,0,2.486,not_young,794.7999999999998,Rengg
121,5421,4,0,0,0,3,4,3,ds4,678.0,Schwaches Baumholz,Schwaches Baumholz_13,0,0,0.542,not_young,910.0,Escholzmatt
132,7151,3,0,0,0,3,4,3,ds5,606.0,Mittleres Baumholz,Mittleres Baumholz_13,0,0,0.715,not_young,713.1,Entlebuch
141,13962,3,0,0,0,3,3,3,ds5,584.0,Mittleres Baumholz,Mittleres Baumholz_13,0,0,1.396,not_young,781.7999999999998,Schüpfheim
142,40351,2,1,0,1,2,2,2,ds6,2655.0,Starkes Baumholz,Starkes Baumholz_13,0,0,4.035,not_young,877.7999999999998,Wiggen
150,23374,3,0,0,0,3,3,3,ds4,2680.0,Schwaches Baumholz,Schwaches Baumholz_13,0,0,2.337,not_young,956.9,Ebnet
165,2876,2,1,0,1,2,2,2,ds6,380.0,Starkes Baumholz,Starkes Baumholz_13,0,0,0.288,not_young,712.1,Hasle LU
176,24564,3,0,0,0,3,3,3,ds4,4697.0,Schwaches Baumholz,Schwaches Baumholz_13,0,0,2.456,not_young,899.6,Flühli LU
177,11969,4,0,0,0,3,4,3,ds6,2442.0,Starkes Baumholz,Starkes Baumholz_13,0,0,1.197,not_young,839.2999999999998,Ebnet
187,22551,3,0,0,0,3,4,3,ds5,2576.0,Mittleres Baumholz,Mittleres Baumholz_13,0,0,2.255,not_young,875.0,Rengg
200,27767,2,1,0,1,2,2,2,ds5,4615.0,Mittleres Baumholz,Mittleres Baumholz_13,0,0,2.777,not_young,835.0,Rengg
202,12772,3,0,0,0,3,3,3,ds2,716.0,Jungwuchs/Dickung,Jungwuchs/Dickung_4,0,0,1.277,young,633.4,Entlebuch
206,8004,2,1,0,1,2,2,2,ds2,710.0,Jungwuchs/Dickung,Jungwuchs/Dickung_13,0,0,0.8,young,840.7999999999998,Flühli LU
226,4178,4,0,0,0,3,4,3,ds4,552.0,Schwaches Baumholz,Schwaches Baumholz_13,0,0,0.418,not_young,903.9,Ebnet
228,23506,2,1,0,1,2,2,2,ds5,488.0,Mittleres Baumholz,Mittleres Baumholz_13,0,0,2.351,not_young,775.1,Schüpfheim
234,25012,4,0,0,0,3,4,3,ds6,448.0,Starkes Baumholz,Starkes Baumholz_13,0,0,2.501,not_young,934.3,Rengg
235,6474,3,0,0,0,3,4,3,ds4,545.0,Schwaches Baumholz,Schwaches Baumholz_13,0,0,0.647,not_young,867.2999999999998,Rengg
237,2372,4,0,0,0,3,4,3,ds4,548.0,Schwaches Baumholz,Schwaches Baumholz_13,0,0,0.237,not_young,904.0,Entlebuch
263,18943,3,0,0,0,3,3,3,ds6,480.0,Starkes Baumholz,Starkes Baumholz_13,0,0,1.894,not_young,819.2,Ebnet
267,6306,4,0,0,0,3,4,3,ds5,448.0,Mittleres Baumholz,Mittleres Baumholz_13,0,0,0.631,not_young,923.2,Ebnet
283,4194,3,0,0,0,3,3,3,ds5,432.0,Mittleres Baumholz,Mittleres Baumholz_13,0,0,0.419,not_young,900.1,Marbach LU
285,2714,4,0,0,0,3,4,3,ds3,561.0,Stangenholz,Stangenholz_13,0,0,0.271,not_young,763.7999999999998,Ebnet
288,42639,2,1,0,1,2,2,2,ds6,252.0,Starkes Baumholz,Starkes Baumholz_13,0,0,4.264,not_young,708.8,Rengg
293,2350,4,0,0,0,3,4,3,ds6,261.0,Starkes Baumholz,Starkes Baumholz_13,0,0,0.235,not_young,900.3999999999999,Rengg
294,5721,3,0,0,0,3,3,3,ds4,489.0,Schwaches Baumholz,Schwaches Baumholz_13,0,0,0.572,not_young,806.8999999999999,Schüpfheim
305,9300,3,0,0,0,3,3,3,ds4,480.0,Schwaches Baumholz,Schwaches Baumholz_13,0,0,0.93,not_young,830.2,Ebnet
326,4882,4,0,0,0,3,4,3,ds6,271.0,Starkes Baumholz,Starkes Baumholz_13,0,0,0.488,not_young,921.9,Wiggen
328,5699,4,0,0,0,3,4,3,ds3,540.0,Stangenholz,Stangenholz_13,0,0,0.57,not_young,878.0,Escholzmatt
335,18473,2,1,0,1,2,2,2,ds4,456.0,Schwaches Baumholz,Schwaches Baumholz_13,0,0,1.847,not_young,785.0,Schüpfheim
342,3452,4,0,0,0,3,4,3,ds3,525.0,Stangenholz,Stangenholz_13,0,0,0.345,not_young,693.6,Schüpfheim
346,7554,2,1,0,1,2,2,2,ds4,448.0,Schwaches Baumholz,Schwaches Baumholz_13,0,0,0.755,not_young,960.4,Flühli LU
354,2922,3,0,0,0,3,3,3,ds3,506.0,Stangenholz,Stangenholz_13,0,0,0.292,not_young,730.0,Schüpfheim
356,20391,4,0,0,0,3,4,3,ds5,2430.0,Mittleres Baumholz,Mittleres Baumholz_13,0,0,2.039,not_young,826.0,Marbach LU
401,1875,3,0,0,0,3,4,3,ds4,415.0,Schwaches Baumholz,Schwaches Baumholz_13,0,0,0.187,not_young,734.5,Ebnet
406,8627,4,0,0,0,3,4,3,ds3,465.0,Stangenholz,Stangenholz_13,0,0,0.863,not_young,920.5,Ebnet
409,6120,2,1,0,1,2,2,2,ds6,348.0,Starkes Baumholz,Starkes Baumholz_13,0,0,0.612,not_young,893.7999999999998,Entlebuch
415,2940,2,1,0,1,2,2,2,ds3,468.0,Stangenholz,Stangenholz_13,0,0,0.294,not_young,936.7,Wiggen
416,24406,2,1,0,1,2,2,2,ds5,2380.0,Mittleres Baumholz,Mittleres Baumholz_13,0,0,2.441,not_young,885.1,Rengg
420,26289,2,1,0,1,2,2,2,ds6,2400.0,Starkes Baumholz,Starkes Baumholz_13,0,0,2.629,not_young,865.3999999999999,Schüpfheim
435,11363,2,1,0,1,2,2,2,ds4,2424.0,Schwaches Baumholz,Schwaches Baumholz_13,0,0,1.136,not_young,843.2,Rengg
437,5608,3,0,0,0,3,4,3,ds4,388.0,Schwaches Baumholz,Schwaches Baumholz_13,0,0,0.561,not_young,708.5,Entlebuch
438,17338,4,0,0,0,3,4,3,ds5,2360.0,Mittleres Baumholz,Mittleres Baumholz_13,0,0,1.734,not_young,980.1,Marbach LU
441,3420,2,1,0,1,2,2,2,ds2,516.0,Jungwuchs/Dickung,Jungwuchs/Dickung_13,0,0,0.342,young,709.7,Entlebuch
481,2220,2,1,0,1,2,2,2,ds3,410.0,Stangenholz,Stangenholz_13,0,0,0.222,not_young,859.2,Flühli LU
491,3208,3,0,0,0,3,3,3,ds6,144.0,Starkes Baumholz,Starkes Baumholz_13,0,0,0.321,not_young,850.7,Escholzmatt
501,1702,3,0,0,0,3,4,3,ds4,329.0,Schwaches Baumholz,Schwaches Baumholz_13,0,0,0.17,not_young,870.7,Escholzmatt
522,4615,3,0,0,0,3,3,3,ds6,179.0,Starkes Baumholz,Starkes Baumholz_13,0,0,0.462,not_young,702.4,Entlebuch
538,4926,3,0,0,0,3,3,3,ds4,297.0,Schwaches Baumholz,Schwaches Baumholz_13,0,0,0.493,not_young,822.7999999999998,Schüpfheim
570,8028,3,0,0,0,3,3,3,ds3,339.0,Stangenholz,Stangenholz_13,0,0,0.803,not_young,871.2999999999998,Ebnet
586,4200,2,1,0,1,2,2,2,ds3,328.0,Stangenholz,Stangenholz_13,0,0,0.42,not_young,935.6,Marbach LU
597,5825,3,0,0,0,3,3,3,ds2,384.0,Jungwuchs/Dickung,Jungwuchs/Dickung_13,0,0,0.582,young,882.1,Wiggen
601,55148,2,1,0,1,2,2,2,ds6,234.0,Starkes Baumholz,Starkes Baumholz_13,0,0,5.515,not_young,875.7999999999998,Marbach LU
619,7905,4,0,0,0,3,4,3,ds3,305.0,Stangenholz,Stangenholz_13,0,0,0.79,not_young,707.3,Hasle LU
622,2927,4,0,0,0,3,4,3,ds4,245.0,Schwaches Baumholz,Schwaches Baumholz_13,0,0,0.293,not_young,845.5,Ebnet
623,1035,3,0,0,0,3,3,3,ds3,298.0,Stangenholz,Stangenholz_13,0,0,0.103,not_young,689.3,Hasle LU
634,10086,2,1,0,1,2,2,2,ds5,2200.0,Mittleres Baumholz,Mittleres Baumholz_13,0,0,1.009,not_young,858.2,Schüpfheim
645,1800,4,0,0,0,3,4,3,ds5,157.0,Mittleres Baumholz,Mittleres Baumholz_13,0,0,0.18,not_young,972.4,Ebnet
648,1407,4,0,0,0,3,4,3,ds6,16.0,Starkes Baumholz,Starkes Baumholz_13,0,0,0.141,not_young,724.2,Schüpfheim
660,1606,2,1,0,1,2,2,2,ds3,276.0,Stangenholz,Stangenholz_13,0,0,0.161,not_young,982.7,Escholzmatt
664,32293,2,1,0,1,2,2,2,ds6,2093.0,Starkes Baumholz,Starkes Baumholz_13,0,0,3.229,not_young,866.8999999999999,Marbach LU
669,15261,2,1,0,1,2,2,2,ds3,259.0,Stangenholz,Stangenholz_13,0,0,1.526,not_young,831.8999999999999,Rengg
672,16834,2,1,0,1,2,2,2,ds5,135.0,Mittleres Baumholz,Mittleres Baumholz_13,0,0,1.683,not_young,752.6,Rengg
677,4788,2,1,0,1,2,2,2,ds2,312.0,Jungwuchs/Dickung,Jungwuchs/Dickung_13,0,0,0.479,young,832.8999999999999,Rengg
679,3895,3,0,0,0,3,3,3,ds3,255.0,Stangenholz,Stangenholz_13,0,0,0.39,not_young,786.7,Ebnet
691,8033,2,1,0,1,2,2,2,ds5,116.0,Mittleres Baumholz,Mittleres Baumholz_13,0,0,0.803,not_young,841.2,Escholzmatt
702,2296,3,0,0,0,3,3,3,ds3,237.0,Stangenholz,Stangenholz_13,0,0,0.23,not_young,716.1,Ebnet
712,3980,3,0,0,0,3,3,3,ds6,76.0,Starkes Baumholz,Starkes Baumholz_6,0,0,0.398,not_young,935.4,Flühli LU
714,22533,3,0,0,0,3,3,3,ds6,2134.0,Starkes Baumholz,Starkes Baumholz_13,0,0,2.253,not_young,776.5,Schüpfheim
717,1343,4,0,0,0,3,4,3,ds4,165.0,Schwaches Baumholz,Schwaches Baumholz_13,0,0,0.134,not_young,888.7999999999998,Marbach LU
720,754,3,0,0,0,3,3,3,ds3,217.0,Stangenholz,Stangenholz_13,0,0,0.075,not_young,864.3999999999999,Marbach LU
728,10565,4,0,0,0,3,4,3,ds5,2135.0,Mittleres Baumholz,Mittleres Baumholz_13,0,0,1.056,not_young,769.7999999999998,Ebnet
732,6955,4,0,0,0,3,4,3,ds4,147.0,Schwaches Baumholz,Schwaches Baumholz_6,0,0,0.695,not_young,1000.1,Rengg
739,960,2,1,0,1,2,2,2,ds3,203.0,Stangenholz,Stangenholz_13,0,0,0.096,not_young,814.2,Entlebuch
763,550,2,1,0,1,2,2,2,ds3,184.0,Stangenholz,Stangenholz_13,0,0,0.055,not_young,838.2,Hasle LU
769,20777,3,0,0,0,3,4,3,ds6,3971.0,Starkes Baumholz,Starkes Baumholz_13,0,0,2.078,not_young,890.2,Finsterwald b. E.
776,1315,4,0,0,0,3,4,3,ds5,52.0,Mittleres Baumholz,Mittleres Baumholz_13,0,0,0.132,not_young,888.2999999999998,Rengg
794,19727,3,0,0,0,3,4,3,ds4,100.0,Schwaches Baumholz,Schwaches Baumholz_13,0,0,1.973,not_young,934.6,Hasle LU
801,4578,3,0,0,0,3,4,3,ds3,154.0,Stangenholz,Stangenholz_13,0,0,0.458,not_young,743.7999999999998,Schüpfheim
818,6413,2,1,0,1,2,2,2,ds3,140.0,Stangenholz,Stangenholz_13,0,0,0.641,not_young,822.6,Hasle LU
819,1250,3,0,0,0,3,4,3,ds2,194.0,Jungwuchs/Dickung,Jungwuchs/Dickung_13,0,0,0.125,young,991.4,Marbach LU
837,3977,4,0,0,0,3,4,3,ds3,114.0,Stangenholz,Stangenholz_13,0,0,0.398,not_young,906.9,Escholzmatt
844,2513,3,0,0,0,3,3,3,ds3,116.0,Stangenholz,Stangenholz_13,0,0,0.251,not_young,821.2,Schüpfheim
851,2053,2,1,0,1,2,2,2,ds3,110.0,Stangenholz,Stangenholz_13,0,0,0.205,not_young,829.1,Escholzmatt
853,5270,2,1,0,1,2,2,2,ds1,230.0,Jungwuchs/Dickung,Jungwuchs/Dickung_13,0,0,0.527,young,728.8999999999999,Entlebuch
860,21708,4,0,0,0,3,4,3,ds5,2013.0,Mittleres Baumholz,Mittleres Baumholz_13,0,0,2.171,not_young,798.8999999999999,Ebnet
862,7980,2,1,0,1,2,2,2,ds4,39.0,Schwaches Baumholz,Schwaches Baumholz_13,0,0,0.798,not_young,891.1,Marbach LU
868,1898,3,0,0,0,3,3,3,ds3,88.0,Stangenholz,Stangenholz_13,0,0,0.19,not_young,841.7999999999998,Wiggen
875,7548,4,0,0,0,3,4,3,ds2,156.0,Jungwuchs/Dickung,Jungwuchs/Dickung_6,0,0,0.755,young,977.0,Rengg
878,989,4,0,0,0,3,4,3,ds2,147.0,Jungwuchs/Dickung,Jungwuchs/Dickung_13,0,0,0.099,young,729.7999999999998,Schüpfheim
879,2190,3,0,0,0,3,3,3,ds4,17.0,Schwaches Baumholz,Schwaches Baumholz_13,0,0,0.219,not_young,898.8999999999999,Escholzmatt
887,902,3,0,0,0,3,4,3,ds2,139.0,Jungwuchs/Dickung,Jungwuchs/Dickung_13,0,0,0.09,young,934.7,Marbach LU
898,4193,2,1,0,1,2,2,2,ds3,66.0,Stangenholz,Stangenholz_13,0,0,0.419,not_young,740.3999999999999,Rengg
901,1349,2,1,0,1,2,2,2,ds2,135.0,Jungwuchs/Dickung,Jungwuchs/Dickung_13,0,0,0.135,young,953.8,Marbach LU
905,21427,2,1,0,1,2,2,2,ds5,1969.0,Mittleres Baumholz,Mittleres Baumholz_13,0,0,2.143,not_young,976.7,Marbach LU
935,8200,4,0,0,0,3,4,3,ds1,159.0,Jungwuchs/Dickung,Jungwuchs/Dickung_13,0,0,0.82,young,936.3,Trubschachen
936,8776,4,0,0,0,3,4,3,ds5,1936.0,Mittleres Baumholz,Mittleres Baumholz_13,0,0,0.878,not_young,784.0,Ebnet
943,24342,2,1,0,1,2,2,2,ds5,1928.0,Mittleres Baumholz,Mittleres Baumholz_13,0,0,2.434,not_young,907.2,Flühli LU
946,11877,2,1,0,1,2,2,2,ds5,1932.0,Mittleres Baumholz,Mittleres Baumholz_6,0,0,1.188,not_young,972.1,Flühli LU
947,19300,2,1,0,1,2,2,2,ds4,1998.0,Schwaches Baumholz,Schwaches Baumholz_13,0,0,1.93,not_young,822.3999999999999,Hasle LU
948,3684,4,0,0,0,3,4,3,ds3,10.0,Stangenholz,Stangenholz_13,0,0,0.368,not_young,895.5,Ebnet
953,1639,4,0,0,0,3,4,3,ds2,73.0,Jungwuchs/Dickung,Jungwuchs/Dickung_13,0,0,0.164,young,908.7,Marbach LU
955,2696,2,1,0,1,2,2,2,ds3,12.0,Stangenholz,Stangenholz_13,0,0,0.27,not_young,877.6,Flühli LU
964,17366,4,0,0,0,3,4,3,ds5,1917.0,Mittleres Baumholz,Mittleres Baumholz_13,0,0,1.737,not_young,936.6,Escholzmatt
967,6194,2,1,0,1,2,2,2,ds2,56.0,Jungwuchs/Dickung,Jungwuchs/Dickung_13,0,0,0.619,young,863.5,Marbach LU
972,6993,2,1,0,1,2,2,2,ds5,1908.0,Mittleres Baumholz,Mittleres Baumholz_13,0,0,0.699,not_young,819.8999999999999,Hasle LU
977,1947,2,1,0,1,2,2,2,ds2,52.0,Jungwuchs/Dickung,Jungwuchs/Dickung_13,0,0,0.195,young,768.8999999999999,Rengg
986,6064,2,1,0,1,2,2,2,ds1,105.0,Jungwuchs/Dickung,Jungwuchs/Dickung_13,0,0,0.606,young,878.5,Rengg
997,4746,2,1,0,1,2,2,2,ds2,25.0,Jungwuchs/Dickung,Jungwuchs/Dickung_4,0,0,0.475,young,670.0,Ebnet
1011,1737,2,1,0,1,2,2,2,ds2,8.0,Jungwuchs/Dickung,Jungwuchs/Dickung_13,0,0,0.174,young,831.8999999999999,Flühli LU
1013,517,3,0,0,0,3,3,3,ds1,79.0,Jungwuchs/Dickung,Jungwuchs/Dickung_4,0,0,0.052,young,735.7,Schüpfheim
1022,930,4,0,0,0,3,4,3,ds1,65.0,Jungwuchs/Dickung,Jungwuchs/Dickung_13,0,0,0.093,young,902.7,Rengg
1024,5973,2,1,0,1,2,2,2,ds1,68.0,Jungwuchs/Dickung,Jungwuchs/Dickung_13,0,0,0.597,young,926.0,Wiggen
1054,9349,3,0,0,0,3,3,3,ds5,1815.0,Mittleres Baumholz,Mittleres Baumholz_13,0,0,0.935,not_young,882.1,Wiggen
1063,19083,3,0,0,0,3,4,3,ds5,1792.0,Mittleres Baumholz,Mittleres Baumholz_13,0,0,1.908,not_young,923.4,Finsterwald b. E.
1068,22943,2,1,0,1,2,2,2,ds5,3834.0,Mittleres Baumholz,Mittleres Baumholz_13,0,0,2.294,not_young,731.1,Rengg
1069,41842,4,0,0,0,3,4,3,ds6,1703.0,Starkes Baumholz,Starkes Baumholz_13,0,0,4.184,not_young,879.3999999999999,Rengg
1071,12945,3,0,0,0,3,3,3,ds5,1785.0,Mittleres Baumholz,Mittleres Baumholz_13,0,0,1.294,not_young,870.3999999999999,Escholzmatt
1106,15146,2,1,0,1,2,2,2,ds4,1784.0,Schwaches Baumholz,Schwaches Baumholz_13,0,0,1.515,not_young,840.2,Flühli LU
1115,4164,4,0,0,0,3,4,3,ds6,1528.0,Starkes Baumholz,Starkes Baumholz_13,0,0,0.416,not_young,722.2,Schüpfheim
1142,37439,4,0,0,0,3,4,3,ds6,3636.0,Starkes Baumholz,Starkes Baumholz_13,0,0,3.744,not_young,881.8999999999999,Escholzmatt
1144,13708,2,1,0,1,2,2,2,ds6,1575.0,Starkes Baumholz,Starkes Baumholz_13,0,0,1.371,not_young,911.8,Flühli LU
1147,24065,2,1,0,1,2,2,2,ds5,5748.0,Mittleres Baumholz,Mittleres Baumholz_13,0,0,2.406,not_young,875.8999999999999,Entlebuch
1148,13424,3,0,0,0,3,3,3,ds5,3696.0,Mittleres Baumholz,Mittleres Baumholz_13,0,0,1.342,not_young,950.5,Ebnet
1176,8812,4,0,0,0,3,4,3,ds5,1605.0,Mittleres Baumholz,Mittleres Baumholz_13,0,0,0.881,not_young,916.5,Escholzmatt
1179,20782,3,0,0,0,3,3,3,ds6,1640.0,Starkes Baumholz,Starkes Baumholz_13,0,0,2.078,not_young,855.6,Rengg
1188,15832,4,0,0,0,3,4,3,ds3,1704.0,Stangenholz,Stangenholz_13,0,0,1.583,not_young,904.5,Rengg
1202,26795,4,0,0,0,3,4,3,ds5,1554.0,Mittleres Baumholz,Mittleres Baumholz_13,0,0,2.68,not_young,839.0,Rengg
1210,7466,2,1,0,1,2,2,2,ds6,1440.0,Starkes Baumholz,Starkes Baumholz_13,0,0,0.747,not_young,684.7,Entlebuch
1214,6915,4,0,0,0,3,4,3,ds4,1592.0,Schwaches Baumholz,Schwaches Baumholz_13,0,0,0.692,not_young,927.7,Ebnet
1242,19529,2,1,0,1,2,2,2,ds5,3537.0,Mittleres Baumholz,Mittleres Baumholz_13,0,0,1.953,not_young,926.0,Wiggen
1244,23308,4,0,0,0,3,4,3,ds5,3542.0,Mittleres Baumholz,Mittleres Baumholz_13,0,0,2.331,not_young,880.2999999999998,Rengg
1248,57934,2,1,0,1,2,2,2,ds6,1495.0,Starkes Baumholz,Starkes Baumholz_13,0,0,5.793,not_young,741.2,Rengg
1273,12438,2,1,0,1,2,2,2,ds5,1456.0,Mittleres Baumholz,Mittleres Baumholz_13,0,0,1.244,not_young,861.8999999999999,Entlebuch
1280,16614,2,1,0,1,2,2,2,ds3,1576.0,Stangenholz,Stangenholz_13,0,0,1.661,not_young,847.3999999999999,Rengg
1293,34245,3,0,0,0,3,4,3,ds6,1302.0,Starkes Baumholz,Starkes Baumholz_13,0,0,3.424,not_young,972.9,Escholzmatt
1302,43516,2,1,0,1,2,2,2,ds6,5418.0,Starkes Baumholz,Starkes Baumholz_13,0,0,4.352,not_young,800.2,Hasle LU
1304,36865,2,1,0,1,2,2,2,ds5,3458.0,Mittleres Baumholz,Mittleres Baumholz_13,0,0,3.687,not_young,772.7,Rengg
1309,18515,2,1,0,1,2,2,2,ds5,1410.0,Mittleres Baumholz,Mittleres Baumholz_13,0,0,1.851,not_young,782.7999999999998,Schüpfheim
1311,10776,4,0,0,0,3,4,3,ds6,1320.0,Starkes Baumholz,Starkes Baumholz_13,0,0,1.078,not_young,886.2,Rengg
1329,21459,2,1,0,1,2,2,2,ds5,3432.0,Mittleres Baumholz,Mittleres Baumholz_13,0,0,2.146,not_young,919.5,Marbach LU
1337,20561,2,1,0,1,2,2,2,ds6,3410.0,Starkes Baumholz,Starkes Baumholz_13,0,0,2.056,not_young,708.2,Ebnet
1341,13121,4,0,0,0,3,4,3,ds6,1362.0,Starkes Baumholz,Starkes Baumholz_13,0,0,1.312,not_young,860.6,Escholzmatt
1360,13372,2,1,0,1,2,2,2,ds4,1400.0,Schwaches Baumholz,Schwaches Baumholz_13,0,0,1.337,not_young,938.2,Rengg
1368,7241,2,1,0,1,2,2,2,ds4,1396.0,Schwaches Baumholz,Schwaches Baumholz_13,0,0,0.724,not_young,702.7,Ebnet
1408,15593,2,1,0,1,2,2,2,ds5,3320.0,Mittleres Baumholz,Mittleres Baumholz_13,0,0,1.559,not_young,910.2,Wiggen
1423,29375,3,0,0,0,3,4,3,ds6,5325.0,Starkes Baumholz,Starkes Baumholz_13,0,0,2.938,not_young,894.3999999999999,Escholzmatt
1448,25489,2,1,0,1,2,2,2,ds6,3288.0,Starkes Baumholz,Starkes Baumholz_13,0,0,2.549,not_young,759.3999999999999,Schüpfheim
1460,20933,4,0,0,0,3,4,3,ds5,1224.0,Mittleres Baumholz,Mittleres Baumholz_13,0,0,2.093,not_young,920.7,Rengg
1475,12153,3,0,0,0,3,3,3,ds6,1268.0,Starkes Baumholz,Starkes Baumholz_13,0,0,1.215,not_young,819.2999999999998,Schüpfheim
1490,6587,2,1,0,1,2,2,2,ds4,1250.0,Schwaches Baumholz,Schwaches Baumholz_13,0,0,0.659,not_young,748.1,Ebnet
1505,5015,3,0,0,0,3,4,3,ds6,1052.0,Starkes Baumholz,Starkes Baumholz_13,0,0,0.502,not_young,729.3999999999999,Ebnet
1518,16311,2,1,0,1,2,2,2,ds4,3270.0,Schwaches Baumholz,Schwaches Baumholz_13,0,0,1.631,not_young,821.2,Rengg
1534,16631,2,1,0,1,2,2,2,ds5,1136.0,Mittleres Baumholz,Mittleres Baumholz_13,0,0,1.663,not_young,911.1,Wiggen
1549,8342,2,1,0,1,2,2,2,ds5,1116.0,Mittleres Baumholz,Mittleres Baumholz_13,0,0,0.834,not_young,863.3999999999999,Schüpfheim
1570,14216,2,1,0,1,2,2,2,ds5,1080.0,Mittleres Baumholz,Mittleres Baumholz_4,0,0,1.422,not_young,719.8,Rengg
1585,4672,3,0,0,0,3,4,3,ds4,1120.0,Schwaches Baumholz,Schwaches Baumholz_13,0,0,0.467,not_young,942.8,Escholzmatt
1600,18486,3,0,0,0,3,3,3,ds6,920.0,Starkes Baumholz,Starkes Baumholz_13,0,0,1.849,not_young,882.8999999999999,Ebnet
1625,30403,3,0,0,0,3,3,3,ds5,5096.0,Mittleres Baumholz,Mittleres Baumholz_13,0,0,3.04,not_young,888.7999999999998,Ebnet
1639,14215,2,1,0,1,2,2,2,ds3,1120.0,Stangenholz,Stangenholz_13,0,0,1.422,not_young,660.4,Entlebuch
1655,17506,2,1,0,1,2,2,2,ds5,3017.0,Mittleres Baumholz,Mittleres Baumholz_13,0,0,1.751,not_young,795.2999999999998,Rengg
1656,13052,2,1,0,1,2,2,2,ds4,1043.0,Schwaches Baumholz,Schwaches Baumholz_13,0,0,1.305,not_young,725.3999999999999,Entlebuch
1681,6044,3,0,0,0,3,3,3,ds4,1008.0,Schwaches Baumholz,Schwaches Baumholz_13,0,0,0.604,not_young,813.3999999999999,Schüpfheim
1688,36501,3,0,0,0,3,3,3,ds6,2820.0,Starkes Baumholz,Starkes Baumholz_13,0,0,3.65,not_young,925.7,Marbach LU
1704,15052,4,0,0,0,3,4,3,ds5,923.0,Mittleres Baumholz,Mittleres Baumholz_13,0,0,1.505,not_young,907.2,Marbach LU
1716,20272,2,1,0,1,2,2,2,ds6,2848.0,Starkes Baumholz,Starkes Baumholz_13,0,0,2.027,not_young,806.1,Rengg
1722,45905,2,1,0,1,2,2,2,ds6,6973.0,Starkes Baumholz,Starkes Baumholz_13,0,0,4.591,not_young,810.7,Rengg
1734,10074,2,1,0,1,2,2,2,ds3,1008.0,Stangenholz,Stangenholz_13,0,0,1.007,not_young,923.8,Rengg
1740,1495,4,0,0,0,3,4,3,ds5,874.0,Mittleres Baumholz,Mittleres Baumholz_13,0,0,0.149,not_young,877.7,Hasle LU
1742,8034,3,0,0,0,3,4,3,ds5,865.0,Mittleres Baumholz,Mittleres Baumholz_13,0,0,0.803,not_young,904.8,Rengg
1748,10630,2,1,0,1,2,2,2,ds2,1057.0,Jungwuchs/Dickung,Jungwuchs/Dickung_13,0,0,1.063,young,793.2,Hasle LU
1754,10946,3,0,0,0,3,4,3,ds4,920.0,Schwaches Baumholz,Schwaches Baumholz_13,0,0,1.095,not_young,891.7,Rengg
1795,23023,2,1,0,1,2,2,2,ds6,2680.0,Starkes Baumholz,Starkes Baumholz_13,0,0,2.302,not_young,916.6,Wiggen
1806,6845,2,1,0,1,2,2,2,ds4,875.0,Schwaches Baumholz,Schwaches Baumholz_13,0,0,0.684,not_young,826.7,Schüpfheim
1810,1279,4,0,0,0,3,4,3,ds4,865.0,Schwaches Baumholz,Schwaches Baumholz_13,0,0,0.128,not_young,859.6,Rengg
1826,29869,2,1,0,1,2,2,2,ds6,663.0,Starkes Baumholz,Starkes Baumholz_13,0,0,2.987,not_young,811.1,Entlebuch
1835,13045,4,0,0,0,3,4,3,ds6,672.0,Starkes Baumholz,Starkes Baumholz_13,0,0,1.304,not_young,851.0,Ebnet
1847,10586,2,1,0,1,2,2,2,ds4,830.0,Schwaches Baumholz,Schwaches Baumholz_13,0,0,1.059,not_young,782.0,Rengg
1871,6215,4,0,0,0,3,4,3,ds5,740.0,Mittleres Baumholz,Mittleres Baumholz_13,0,0,0.621,not_young,956.6,Escholzmatt
1873,6830,4,0,0,0,3,4,3,ds5,,Mittleres Baumholz,Mittleres Baumholz_13,0,0,0.683,not_young,923.1,Ebnet
1874,8008,3,0,0,0,3,4,3,ds6,,Starkes Baumholz,Starkes Baumholz_13,0,0,0.801,not_young,755.7,Ebnet
1877,24366,2,1,0,1,2,2,2,ds6,,Starkes Baumholz,Starkes Baumholz_4,0,0,2.437,not_young,639.3,Ebnet
1878,7575,4,0,0,0,3,4,3,ds3,,Stangenholz,Stangenholz_6,0,0,0.757,not_young,984.6,Rengg
1882,5274,2,1,0,1,2,2,2,ds2,,Jungwuchs/Dickung,Jungwuchs/Dickung_13,0,0,0.527,young,648.5,Ebnet
1883,136239,4,0,0,0,3,4,3,ds6,,Starkes Baumholz,Starkes Baumholz_13,0,0,13.624,not_young,878.6,Ebnet
1884,10800,3,0,0,0,3,4,3,ds5,,Mittleres Baumholz,Mittleres Baumholz_6,0,0,1.08,not_young,982.9,Ebnet
1886,116843,4,0,0,0,3,4,3,ds6,,Starkes Baumholz,Starkes Baumholz_13,0,0,11.684,not_young,950.1,Ebnet
1887,10045,3,0,0,0,3,3,3,ds5,,Mittleres Baumholz,Mittleres Baumholz_13,0,0,1.005,not_young,935.8,Ebnet
1888,424,3,0,0,0,3,4,3,ds3,,Stangenholz,Stangenholz_13,0,0,0.042,not_young,839.6,Ebnet
1889,958,3,0,0,0,3,4,3,ds4,,Schwaches Baumholz,Schwaches Baumholz_13,0,0,0.096,not_young,831.7,Ebnet
1891,197,4,0,0,0,3,4,3,ds5,,Mittleres Baumholz,Mittleres Baumholz_13,0,0,0.02,not_young,802.1,Ebnet
1892,58,4,0,0,0,3,4,3,ds6,,Starkes Baumholz,Starkes Baumholz_13,0,0,0.006,not_young,743.2999999999998,Ebnet
1893,32852,3,0,0,0,3,4,3,ds6,,Starkes Baumholz,Starkes Baumholz_13,0,0,3.285,not_young,848.3999999999999,Ebnet
1894,5589,4,0,0,0,3,4,3,ds5,,Mittleres Baumholz,Mittleres Baumholz_13,0,0,0.559,not_young,854.7999999999998,Ebnet
1903,1588,4,0,0,0,3,4,3,ds6,,Starkes Baumholz,Starkes Baumholz_13,0,0,0.159,not_young,873.6,Ebnet
1912,5302,3,0,0,0,3,4,3,ds3,,Stangenholz,Stangenholz_13,0,0,0.53,not_young,911.0,Ebnet
1917,1026,3,0,0,0,3,4,3,ds3,,Stangenholz,Stangenholz_13,0,0,0.103,not_young,915.4,Ebnet
1918,24797,2,1,0,1,2,2,2,ds6,,Starkes Baumholz,Starkes Baumholz_13,0,0,2.48,not_young,647.0,Ebnet
1920,5412,4,0,0,0,3,4,3,ds4,,Schwaches Baumholz,Schwaches Baumholz_13,0,0,0.541,not_young,897.8999999999999,Ebnet
1922,7,4,0,0,0,3,4,3,ds3,,Stangenholz,Stangenholz_13,0,0,0.001,not_young,919.5,Ebnet
1924,5700,4,0,0,0,3,4,3,ds3,,Stangenholz,Stangenholz_13,0,0,0.57,not_young,920.5,Ebnet
1925,5883,2,1,0,1,2,2,2,ds5,,Mittleres Baumholz,Mittleres Baumholz_4,0,0,0.588,not_young,627.2,Ebnet
1930,40254,3,0,0,0,3,4,3,ds6,,Starkes Baumholz,Starkes Baumholz_13,0,0,4.025,not_young,884.2,Ebnet
1932,86212,4,0,0,0,3,4,3,ds6,,Starkes Baumholz,Starkes Baumholz_13,0,0,8.621,not_young,914.1,Ebnet
1934,15235,4,0,0,0,3,4,3,ds6,,Starkes Baumholz,Starkes Baumholz_13,0,0,1.523,not_young,683.8,Ebnet
1936,7081,4,0,0,0,3,4,3,ds5,,Mittleres Baumholz,Mittleres Baumholz_13,0,0,0.708,not_young,922.4,Ebnet
1942,15383,4,0,0,0,3,4,3,ds6,,Starkes Baumholz,Starkes Baumholz_13,0,0,1.538,not_young,722.3999999999999,Ebnet
1943,19093,4,0,0,0,3,4,3,ds6,,Starkes Baumholz,Starkes Baumholz_13,0,0,1.909,not_young,856.7999999999998,Ebnet
1945,2245,3,0,0,0,3,4,3,ds6,,Starkes Baumholz,Starkes Baumholz_13,0,0,0.224,not_young,895.2,Rengg
1958,5596,4,0,0,0,3,4,3,ds4,,Schwaches Baumholz,Schwaches Baumholz_13,0,0,0.56,not_young,926.8,Ebnet
1964,25259,4,0,0,0,3,4,3,ds6,,Starkes Baumholz,Starkes Baumholz_13,0,0,2.526,not_young,878.2,Ebnet
1969,5615,2,1,0,1,2,2,2,ds6,,Starkes Baumholz,Starkes Baumholz_4,0,0,0.562,not_young,618.3,Ebnet
1975,8883,4,0,0,0,3,4,3,ds6,,Starkes Baumholz,Starkes Baumholz_13,0,0,0.888,not_young,878.7999999999998,Ebnet
1980,10465,3,0,0,0,3,4,3,ds6,,Starkes Baumholz,Starkes Baumholz_13,0,0,1.046,not_young,823.3999999999999,Ebnet
1981,14553,4,0,0,0,3,4,3,ds6,,Starkes Baumholz,Starkes Baumholz_13,0,0,1.455,not_young,828.6,Ebnet
2023,9380,2,1,0,1,2,2,2,ds6,,Starkes Baumholz,Starkes Baumholz_13,0,0,0.938,not_young,652.0,Ebnet
2039,5040,2,1,0,1,2,2,2,ds4,,Schwaches Baumholz,Schwaches Baumholz_13,0,0,0.504,not_young,668.3,Ebnet
2051,5768,2,1,0,1,2,2,2,ds3,,Stangenholz,Stangenholz_4,0,0,0.577,not_young,637.0,Ebnet
2073,5912,3,0,0,0,3,3,3,ds6,,Starkes Baumholz,Starkes Baumholz_13,0,0,0.591,not_young,688.6,Ebnet
2075,7750,3,0,0,0,3,3,3,ds4,,Schwaches Baumholz,Schwaches Baumholz_13,0,0,0.775,not_young,899.0,Ebnet
2085,9854,4,0,0,0,3,4,3,ds6,,Starkes Baumholz,Starkes Baumholz_13,0,0,0.985,not_young,825.2999999999998,Ebnet
2086,8873,4,0,0,0,3,4,3,ds5,,Mittleres Baumholz,Mittleres Baumholz_6,0,0,0.887,not_young,991.2,Rengg
2091,7530,3,0,0,0,3,4,3,ds6,,Starkes Baumholz,Starkes Baumholz_13,0,0,0.753,not_young,878.3999999999999,Ebnet
2096,20177,4,0,0,0,3,4,3,ds6,,Starkes Baumholz,Starkes Baumholz_13,0,0,2.018,not_young,849.0,Ebnet
2100,12079,4,0,0,0,3,4,3,ds6,,Starkes Baumholz,Starkes Baumholz_13,0,0,1.208,not_young,875.3999999999999,Ebnet
2104,6064,3,0,0,0,3,3,3,ds6,,Starkes Baumholz,Starkes Baumholz_13,0,0,0.606,not_young,861.2,Ebnet
2106,9064,3,0,0,0,3,3,3,ds6,,Starkes Baumholz,Starkes Baumholz_13,0,0,0.906,not_young,819.6,Rengg
2107,8321,2,1,0,1,2,2,2,ds6,,Starkes Baumholz,Starkes Baumholz_4,0,0,0.832,not_young,626.0,Rengg
2114,7930,3,0,0,0,3,3,3,ds5,,Mittleres Baumholz,Mittleres Baumholz_13,0,0,0.793,not_young,800.3999999999999,Ebnet
2116,13313,4,0,0,0,3,4,3,ds6,,Starkes Baumholz,Starkes Baumholz_13,0,0,1.331,not_young,863.7999999999998,Rengg
2117,8196,2,1,0,1,2,2,2,ds6,,Starkes Baumholz,Starkes Baumholz_13,0,0,0.82,not_young,805.2999999999998,Schachen LU
2121,6861,3,0,0,0,3,4,3,ds4,,Schwaches Baumholz,Schwaches Baumholz_6,0,0,0.686,not_young,985.9,Rengg
2123,5700,3,0,0,0,3,3,3,ds5,,Mittleres Baumholz,Mittleres Baumholz_13,0,0,0.57,not_young,907.4,Ebnet
2136,6637,3,0,0,0,3,4,3,ds6,,Starkes Baumholz,Starkes Baumholz_4,0,0,0.664,not_young,614.7,Ebnet
2137,8600,4,0,0,0,3,4,3,ds3,,Stangenholz,Stangenholz_6,0,0,0.86,not_young,985.4,Ebnet
2145,7250,4,0,0,0,3,4,3,ds6,,Starkes Baumholz,Starkes Baumholz_13,0,0,0.725,not_young,838.7,Ebnet
2151,5850,3,0,0,0,3,3,3,ds5,,Mittleres Baumholz,Mittleres Baumholz_13,0,0,0.585,not_young,913.8,Ebnet
2156,9283,3,0,0,0,3,3,3,ds6,,Starkes Baumholz,Starkes Baumholz_13,0,0,0.928,not_young,852.0,Rengg
2173,20138,3,0,0,0,3,4,3,ds6,,Starkes Baumholz,Starkes Baumholz_13,0,0,2.014,not_young,841.2999999999998,Ebnet
2194,6550,3,0,0,0,3,3,3,ds4,,Schwaches Baumholz,Schwaches Baumholz_13,0,0,0.655,not_young,880.0,Ebnet
2195,7128,2,1,0,1,2,2,2,ds5,,Mittleres Baumholz,Mittleres Baumholz_4,0,0,0.713,not_young,617.2,Ebnet
2196,8435,2,1,0,1,2,2,2,ds5,,Mittleres Baumholz,Mittleres Baumholz_13,0,0,0.844,not_young,658.5,Ebnet
2197,36905,4,0,0,0,3,4,3,ds5,,Mittleres Baumholz,Mittleres Baumholz_13,0,0,3.69,not_young,953.3,Ebnet
2202,8137,3,0,0,0,3,3,3,ds5,,Mittleres Baumholz,Mittleres Baumholz_13,0,0,0.814,not_young,782.1,Ebnet
2206,8179,3,0,0,0,3,3,3,ds6,,Starkes Baumholz,Starkes Baumholz_13,0,0,0.818,not_young,841.0,Ebnet
2207,6965,3,0,0,0,3,3,3,ds6,,Starkes Baumholz,Starkes Baumholz_13,0,0,0.697,not_young,868.0,Ebnet
2208,10400,3,0,0,0,3,4,3,ds4,,Schwaches Baumholz,Schwaches Baumholz_6,0,0,1.04,not_young,991.7,Rengg
2210,13729,3,0,0,0,3,3,3,ds6,,Starkes Baumholz,Starkes Baumholz_13,0,0,1.373,not_young,858.2999999999998,Ebnet
2231,5700,4,0,0,0,3,4,3,ds5,,Mittleres Baumholz,Mittleres Baumholz_13,0,0,0.57,not_young,954.3,Ebnet
2232,1273,2,1,0,1,2,2,2,ds4,,Schwaches Baumholz,Schwaches Baumholz_13,0,0,0.127,not_young,737.7999999999998,Rengg
2235,6180,2,1,0,1,2,2,2,ds4,,Schwaches Baumholz,Schwaches Baumholz_13,0,0,0.618,not_young,650.2,Ebnet
2236,5447,2,1,0,1,2,2,2,ds4,,Schwaches Baumholz,Schwaches Baumholz_13,0,0,0.545,not_young,758.7999999999998,Rengg
2243,11200,4,0,0,0,3,4,3,ds5,,Mittleres Baumholz,Mittleres Baumholz_13,0,0,1.12,not_young,971.7,Rengg
2244,7056,3,0,0,0,3,4,3,ds3,,Stangenholz,Stangenholz_6,0,0,0.706,not_young,987.0,Rengg
2245,6870,2,1,0,1,2,2,2,ds5,,Mittleres Baumholz,Mittleres Baumholz_13,0,0,0.687,not_young,657.6,Ebnet
2246,7002,2,1,0,1,2,2,2,ds6,,Starkes Baumholz,Starkes Baumholz_13,0,0,0.7,not_young,770.3999999999999,Rengg
2260,6108,3,0,0,0,3,3,3,ds6,,Starkes Baumholz,Starkes Baumholz_13,0,0,0.611,not_young,895.7999999999998,Rengg
2262,10173,4,0,0,0,3,4,3,ds5,,Mittleres Baumholz,Mittleres Baumholz_13,0,0,1.017,not_young,779.7999999999998,Rengg
2266,2741,3,0,0,0,3,4,3,ds6,,Starkes Baumholz,Starkes Baumholz_13,0,0,0.274,not_young,760.8999999999999,Rengg
2268,5584,3,0,0,0,3,3,3,ds3,,Stangenholz,Stangenholz_6,0,0,0.558,not_young,982.4,Rengg
2273,7070,3,0,0,0,3,3,3,ds5,,Mittleres Baumholz,Mittleres Baumholz_13,0,0,0.707,not_young,841.6,Rengg
2275,30850,2,1,0,1,2,2,2,ds5,,Mittleres Baumholz,Mittleres Baumholz_13,0,0,3.085,not_young,911.2,Rengg
2276,9600,2,1,0,1,2,2,2,ds6,,Starkes Baumholz,Starkes Baumholz_13,0,0,0.96,not_young,793.3999999999999,Rengg
2277,6226,2,1,0,1,2,2,2,ds6,,Starkes Baumholz,Starkes Baumholz_13,0,0,0.623,not_young,684.7,Rengg
2294,74119,3,0,0,0,3,3,3,ds6,,Starkes Baumholz,Starkes Baumholz_13,0,0,7.412,not_young,909.9,Ebnet
2295,12400,3,0,0,0,3,3,3,ds6,,Starkes Baumholz,Starkes Baumholz_13,0,0,1.24,not_young,980.0,Rengg
2297,44398,3,0,0,0,3,3,3,ds6,,Starkes Baumholz,Starkes Baumholz_13,0,0,4.44,not_young,946.7,Ebnet
2309,5109,4,0,0,0,3,4,3,ds5,,Mittleres Baumholz,Mittleres Baumholz_13,0,0,0.511,not_young,834.3999999999999,Rengg
2313,7074,3,0,0,0,3,4,3,ds5,,Mittleres Baumholz,Mittleres Baumholz_13,0,0,0.707,not_young,774.1,Rengg
2319,21998,2,1,0,1,2,2,2,ds4,,Schwaches Baumholz,Schwaches Baumholz_13,0,0,2.2,not_young,787.5,Rengg
2321,15829,2,1,0,1,2,2,2,ds6,,Starkes Baumholz,Starkes Baumholz_13,0,0,1.583,not_young,776.1,Rengg
2325,22006,3,0,0,0,3,3,3,ds6,,Starkes Baumholz,Starkes Baumholz_13,0,0,2.201,not_young,904.5,Ebnet
2327,9200,4,0,0,0,3,4,3,ds5,,Mittleres Baumholz,Mittleres Baumholz_13,0,0,0.92,not_young,792.2999999999998,Rengg
2330,17975,3,0,0,0,3,3,3,ds6,,Starkes Baumholz,Starkes Baumholz_13,0,0,1.797,not_young,912.0,Ebnet
2331,7900,3,0,0,0,3,3,3,ds2,,Jungwuchs/Dickung,Jungwuchs/Dickung_13,0,0,0.79,young,959.2,Ebnet
2333,9550,4,0,0,0,3,4,3,ds5,,Mittleres Baumholz,Mittleres Baumholz_13,0,0,0.955,not_young,803.0,Rengg
2334,6336,2,1,0,1,2,2,2,ds3,,Stangenholz,Stangenholz_13,0,0,0.634,not_young,792.2,Rengg
2340,5400,3,0,0,0,3,3,3,ds3,,Stangenholz,Stangenholz_13,0,0,0.54,not_young,966.4,Rengg
2343,7109,3,0,0,0,3,3,3,ds6,,Starkes Baumholz,Starkes Baumholz_13,0,0,0.711,not_young,947.0,Ebnet
2348,5597,4,0,0,0,3,4,3,ds6,,Starkes Baumholz,Starkes Baumholz_13,0,0,0.56,not_young,822.2999999999998,Ebnet
2350,8050,3,0,0,0,3,3,3,ds3,,Stangenholz,Stangenholz_13,0,0,0.805,not_young,954.8,Ebnet
2358,7301,4,0,0,0,3,4,3,ds5,,Mittleres Baumholz,Mittleres Baumholz_13,0,0,0.73,not_young,817.0,Rengg
2362,9503,3,0,0,0,3,3,3,ds5,,Mittleres Baumholz,Mittleres Baumholz_13,0,0,0.95,not_young,970.2,Rengg
2363,7957,4,0,0,0,3,4,3,ds4,,Schwaches Baumholz,Schwaches Baumholz_13,0,0,0.796,not_young,808.7999999999998,Rengg
2368,7154,4,0,0,0,3,4,3,ds6,,Starkes Baumholz,Starkes Baumholz_13,0,0,0.715,not_young,793.2999999999998,Rengg
2376,7078,3,0,0,0,3,4,3,ds5,,Mittleres Baumholz,Mittleres Baumholz_13,0,0,0.708,not_young,903.0,Ebnet
2386,6239,3,0,0,0,3,3,3,ds6,,Starkes Baumholz,Starkes Baumholz_6,0,0,0.624,not_young,982.2,Rengg
2392,5404,4,0,0,0,3,4,3,ds5,,Mittleres Baumholz,Mittleres Baumholz_13,0,0,0.54,not_young,940.4,Ebnet
2401,5854,4,0,0,0,3,4,3,ds6,,Starkes Baumholz,Starkes Baumholz_6,0,0,0.585,not_young,963.8,Ebnet
2404,136,3,0,0,0,3,4,3,ds5,,Mittleres Baumholz,Mittleres Baumholz_13,0,0,0.014,not_young,829.1,Rengg
2407,9700,3,0,0,0,3,3,3,ds6,,Starkes Baumholz,Starkes Baumholz_13,0,0,0.97,not_young,820.7,Rengg
2412,5597,4,0,0,0,3,4,3,ds4,,Schwaches Baumholz,Schwaches Baumholz_6,0,0,0.56,not_young,991.3,Rengg
2415,2449,3,0,0,0,3,4,3,ds5,,Mittleres Baumholz,Mittleres Baumholz_13,0,0,0.245,not_young,830.7999999999998,Rengg
2418,6002,3,0,0,0,3,3,3,ds5,,Mittleres Baumholz,Mittleres Baumholz_4,0,0,0.6,not_young,628.6,Ebnet
2422,4034,2,1,0,1,2,2,2,ds6,,Starkes Baumholz,Starkes Baumholz_4,0,0,0.403,not_young,603.1,Rengg
2428,8775,4,0,0,0,3,4,3,ds6,,Starkes Baumholz,Starkes Baumholz_13,0,0,0.877,not_young,830.2,Ebnet
2434,6188,3,0,0,0,3,4,3,ds5,,Mittleres Baumholz,Mittleres Baumholz_13,0,0,0.619,not_young,846.1,Rengg
2437,15254,3,0,0,0,3,4,3,ds4,,Schwaches Baumholz,Schwaches Baumholz_13,0,0,1.525,not_young,863.0,Rengg
2438,11662,3,0,0,0,3,3,3,ds5,,Mittleres Baumholz,Mittleres Baumholz_13,0,0,1.166,not_young,812.7,Rengg
2446,7166,2,1,0,1,2,2,2,ds6,,Starkes Baumholz,Starkes Baumholz_13,0,0,0.717,not_young,684.6,Rengg
2454,10440,3,0,0,0,3,3,3,ds6,,Starkes Baumholz,Starkes Baumholz_13,0,0,1.044,not_young,835.2,Ebnet
2457,5311,4,0,0,0,3,4,3,ds5,,Mittleres Baumholz,Mittleres Baumholz_13,0,0,0.531,not_young,863.6,Rengg
2461,6676,3,0,0,0,3,3,3,ds5,,Mittleres Baumholz,Mittleres Baumholz_13,0,0,0.668,not_young,750.2,Ebnet
2464,2362,2,1,0,1,2,2,2,ds6,,Starkes Baumholz,Starkes Baumholz_4,0,0,0.236,not_young,597.8,Rengg
2469,5663,2,1,0,1,2,2,2,ds5,,Mittleres Baumholz,Mittleres Baumholz_13,0,0,0.566,not_young,712.4,Rengg
2471,8988,4,0,0,0,3,4,3,ds4,,Schwaches Baumholz,Schwaches Baumholz_4,0,0,0.899,not_young,629.3,Entlebuch
2472,3866,4,0,0,0,3,4,3,ds6,,Starkes Baumholz,Starkes Baumholz_13,0,0,0.387,not_young,875.6,Rengg
2473,5100,2,1,0,1,2,2,2,ds6,,Starkes Baumholz,Starkes Baumholz_13,0,0,0.51,not_young,682.0,Rengg
2474,15500,2,1,0,1,2,2,2,ds6,,Starkes Baumholz,Starkes Baumholz_4,0,0,1.55,not_young,648.7,Rengg
2484,17350,2,1,0,1,2,2,2,ds6,,Starkes Baumholz,Starkes Baumholz_13,0,0,1.735,not_young,718.8,Rengg
2490,21042,3,0,0,0,3,3,3,ds6,,Starkes Baumholz,Starkes Baumholz_13,0,0,2.104,not_young,938.4,Ebnet
2492,8322,3,0,0,0,3,3,3,ds6,,Starkes Baumholz,Starkes Baumholz_13,0,0,0.832,not_young,869.7999999999998,Ebnet
2493,10093,3,0,0,0,3,3,3,ds6,,Starkes Baumholz,Starkes Baumholz_13,0,0,1.009,not_young,900.0,Ebnet
2495,5000,2,1,0,1,2,2,2,ds6,,Starkes Baumholz,Starkes Baumholz_13,0,0,0.5,not_young,750.6,Schachen LU
2497,7378,2,1,0,1,2,2,2,ds4,,Schwaches Baumholz,Schwaches Baumholz_13,0,0,0.738,not_young,758.2999999999998,Rengg
2500,7753,4,0,0,0,3,4,3,ds4,,Schwaches Baumholz,Schwaches Baumholz_13,0,0,0.775,not_young,842.2,Rengg
2501,0,4,0,0,0,3,4,3,ds4,,Schwaches Baumholz,Schwaches Baumholz_13,0,0,0.0,not_young,888.7999999999998,Rengg
2505,5350,2,1,0,1,2,2,2,ds5,,Mittleres Baumholz,Mittleres Baumholz_13,0,0,0.535,not_young,768.8999999999999,Rengg
2506,5103,3,0,0,0,3,3,3,ds6,,Starkes Baumholz,Starkes Baumholz_13,0,0,0.51,not_young,837.6,Ebnet
2507,561,2,1,0,1,2,2,2,ds5,,Mittleres Baumholz,Mittleres Baumholz_4,0,0,0.056,not_young,626.3,Rengg
2511,6525,3,0,0,0,3,3,3,ds6,,Starkes Baumholz,Starkes Baumholz_13,0,0,0.653,not_young,832.1,Ebnet
2514,7770,3,0,0,0,3,4,3,ds5,,Mittleres Baumholz,Mittleres Baumholz_4,0,0,0.777,not_young,632.6,Entlebuch
2515,10964,4,0,0,0,3,4,3,ds4,,Schwaches Baumholz,Schwaches Baumholz_13,0,0,1.096,not_young,875.7,Rengg
2517,9328,2,1,0,1,2,2,2,ds6,,Starkes Baumholz,Starkes Baumholz_13,0,0,0.933,not_young,784.7999999999998,Schachen LU
2519,10900,2,1,0,1,2,2,2,ds6,,Starkes Baumholz,Starkes Baumholz_13,0,0,1.09,not_young,656.2,Rengg
2520,20407,3,0,0,0,3,4,3,ds5,,Mittleres Baumholz,Mittleres Baumholz_13,0,0,2.041,not_young,832.2,Rengg
2521,18500,2,1,0,1,2,2,2,ds6,,Starkes Baumholz,Starkes Baumholz_13,0,0,1.85,not_young,731.7999999999998,Rengg
2523,9492,3,0,0,0,3,3,3,ds5,,Mittleres Baumholz,Mittleres Baumholz_13,0,0,0.949,not_young,962.1,Ebnet
2524,374,2,1,0,1,2,2,2,ds6,,Starkes Baumholz,Starkes Baumholz_13,0,0,0.037,not_young,776.2,Schachen LU
2525,9950,2,1,0,1,2,2,2,ds5,,Mittleres Baumholz,Mittleres Baumholz_13,0,0,0.995,not_young,813.3999999999999,Rengg
2534,21233,2,1,0,1,2,2,2,ds6,,Starkes Baumholz,Starkes Baumholz_13,0,0,2.123,not_young,656.7,Rengg
2537,7250,3,0,0,0,3,4,3,ds5,,Mittleres Baumholz,Mittleres Baumholz_13,0,0,0.725,not_young,905.3,Rengg
2538,9756,2,1,0,1,2,2,2,ds6,,Starkes Baumholz,Starkes Baumholz_13,0,0,0.976,not_young,667.0,Rengg
2542,6814,2,1,0,1,2,2,2,ds5,,Mittleres Baumholz,Mittleres Baumholz_13,0,0,0.681,not_young,786.3999999999999,Schachen LU
2546,8596,4,0,0,0,3,4,3,ds5,,Mittleres Baumholz,Mittleres Baumholz_13,0,0,0.86,not_young,878.2999999999998,Rengg
2557,7600,2,1,0,1,2,2,2,ds6,,Starkes Baumholz,Starkes Baumholz_13,0,0,0.76,not_young,720.5,Rengg
2558,11964,2,1,0,1,2,2,2,ds5,,Mittleres Baumholz,Mittleres Baumholz_13,0,0,1.196,not_young,647.7,Rengg
2565,12147,2,1,0,1,2,2,2,ds6,,Starkes Baumholz,Starkes Baumholz_13,0,0,1.215,not_young,805.7999999999998,Rengg
2573,10610,2,1,0,1,2,2,2,ds6,,Starkes Baumholz,Starkes Baumholz_13,0,0,1.061,not_young,875.0,Rengg
2577,6134,2,1,0,1,2,2,2,ds3,,Stangenholz,Stangenholz_13,0,0,0.613,not_young,937.2,Rengg
2578,6983,2,1,0,1,2,2,2,ds6,,Starkes Baumholz,Starkes Baumholz_4,0,0,0.698,not_young,626.4,Rengg
2583,5502,3,0,0,0,3,3,3,ds6,,Starkes Baumholz,Starkes Baumholz_13,0,0,0.55,not_young,876.2999999999998,Rengg
2584,7124,2,1,0,1,2,2,2,ds6,,Starkes Baumholz,Starkes Baumholz_13,0,0,0.712,not_young,827.1,Schachen LU
2586,5300,2,1,0,1,2,2,2,ds5,,Mittleres Baumholz,Mittleres Baumholz_13,0,0,0.53,not_young,759.0,Rengg
2589,16796,2,1,0,1,2,2,2,ds6,,Starkes Baumholz,Starkes Baumholz_13,0,0,1.68,not_young,835.1,Rengg
2590,1298,2,1,0,1,2,2,2,ds6,,Starkes Baumholz,Starkes Baumholz_13,0,0,0.13,not_young,809.0,Rengg
2596,5310,2,1,0,1,2,2,2,ds4,,Schwaches Baumholz,Schwaches Baumholz_13,0,0,0.531,not_young,883.3999999999999,Rengg
2600,9250,2,1,0,1,2,2,2,ds6,,Starkes Baumholz,Starkes Baumholz_13,0,0,0.925,not_young,765.6,Rengg
2605,6172,2,1,0,1,2,2,2,ds6,,Starkes Baumholz,Starkes Baumholz_13,0,0,0.617,not_young,826.5,Rengg
2606,8316,2,1,0,1,2,2,2,ds6,,Starkes Baumholz,Starkes Baumholz_13,0,0,0.832,not_young,808.7,Rengg
2609,12161,2,1,0,1,2,2,2,ds4,,Schwaches Baumholz,Schwaches Baumholz_13,0,0,1.216,not_young,863.7999999999998,Rengg
2613,6300,2,1,0,1,2,2,2,ds5,,Mittleres Baumholz,Mittleres Baumholz_13,0,0,0.63,not_young,835.3999999999999,Rengg
2614,6100,2,1,0,1,2,2,2,ds6,,Starkes Baumholz,Starkes Baumholz_13,0,0,0.61,not_young,838.8999999999999,Rengg
2615,8566,3,0,0,0,3,3,3,ds6,,Starkes Baumholz,Starkes Baumholz_13,0,0,0.857,not_young,873.5,Rengg
2616,7208,2,1,0,1,2,2,2,ds6,,Starkes Baumholz,Starkes Baumholz_13,0,0,0.721,not_young,819.1,Rengg
2620,10044,3,0,0,0,3,3,3,ds6,,Starkes Baumholz,Starkes Baumholz_13,0,0,1.004,not_young,737.7999999999998,Entlebuch
2621,21950,2,1,0,1,2,2,2,ds6,,Starkes Baumholz,Starkes Baumholz_13,0,0,2.195,not_young,752.3999999999999,Rengg
2625,0,2,1,0,1,2,2,2,ds6,,Starkes Baumholz,Starkes Baumholz_4,0,0,0.0,not_young,638.0,Schwarzenberg LU
2628,18807,2,1,0,1,2,2,2,ds3,,Stangenholz,Stangenholz_13,0,0,1.881,not_young,944.5,Rengg
2632,5300,2,1,0,1,2,2,2,ds6,,Starkes Baumholz,Starkes Baumholz_13,0,0,0.53,not_young,848.2999999999998,Rengg
2635,5550,3,0,0,0,3,3,3,ds5,,Mittleres Baumholz,Mittleres Baumholz_13,0,0,0.555,not_young,890.7999999999998,Rengg
2637,666,2,1,0,1,2,2,2,ds5,,Mittleres Baumholz,Mittleres Baumholz_13,0,0,0.067,not_young,639.5,Rengg
2643,8366,2,1,0,1,2,2,2,ds6,,Starkes Baumholz,Starkes Baumholz_13,0,0,0.837,not_young,773.7,Rengg
2646,5408,3,0,0,0,3,3,3,ds6,,Starkes Baumholz,Starkes Baumholz_13,0,0,0.541,not_young,881.8999999999999,Rengg
2647,11575,2,1,0,1,2,2,2,ds6,,Starkes Baumholz,Starkes Baumholz_13,0,0,1.157,not_young,706.6,Rengg
2650,4958,2,1,0,1,2,2,2,ds6,,Starkes Baumholz,Starkes Baumholz_13,0,0,0.496,not_young,871.3999999999999,Rengg
2655,14444,3,0,0,0,3,3,3,ds6,,Starkes Baumholz,Starkes Baumholz_13,0,0,1.444,not_young,830.2,Rengg
2667,130607,2,1,0,1,2,2,2,ds6,,Starkes Baumholz,Starkes Baumholz_13,0,0,13.061,not_young,812.2999999999998,Entlebuch
2673,6262,2,1,0,1,2,2,2,ds6,,Starkes Baumholz,Starkes Baumholz_13,0,0,0.626,not_young,783.3999999999999,Hasle LU
2678,9450,2,1,0,1,2,2,2,ds5,,Mittleres Baumholz,Mittleres Baumholz_13,0,0,0.945,not_young,930.2,Rengg
2679,882,2,1,0,1,2,2,2,ds6,,Starkes Baumholz,Starkes Baumholz_4,0,0,0.088,not_young,636.1,Rengg
2682,8250,2,1,0,1,2,2,2,ds3,,Stangenholz,Stangenholz_13,0,0,0.825,not_young,882.7999999999998,Rengg
2683,32800,2,1,0,1,2,2,2,ds6,,Starkes Baumholz,Starkes Baumholz_13,0,0,3.28,not_young,847.7999999999998,Rengg
2684,3538,2,1,0,1,2,2,2,ds6,,Starkes Baumholz,Starkes Baumholz_13,0,0,0.354,not_young,691.8,Rengg
2685,357,2,1,0,1,2,2,2,ds5,,Mittleres Baumholz,Mittleres Baumholz_13,0,0,0.036,not_young,646.6,Rengg
2690,10271,3,0,0,0,3,3,3,ds6,,Starkes Baumholz,Starkes Baumholz_13,0,0,1.027,not_young,874.5,Rengg
2692,6992,3,0,0,0,3,3,3,ds5,,Mittleres Baumholz,Mittleres Baumholz_13,0,0,0.699,not_young,865.5,Rengg
2693,8550,3,0,0,0,3,3,3,ds4,,Schwaches Baumholz,Schwaches Baumholz_13,0,0,0.855,not_young,893.7999999999998,Rengg
2694,5200,2,1,0,1,2,2,2,ds2,,Jungwuchs/Dickung,Jungwuchs/Dickung_13,0,0,0.52,young,963.4,Rengg
2695,9051,2,1,0,1,2,2,2,ds6,,Starkes Baumholz,Starkes Baumholz_13,0,0,0.905,not_young,780.6,Rengg
2696,6050,2,1,0,1,2,2,2,ds6,,Starkes Baumholz,Starkes Baumholz_13,0,0,0.605,not_young,745.3999999999999,Rengg
2698,13546,2,1,0,1,2,2,2,ds6,,Starkes Baumholz,Starkes Baumholz_13,0,0,1.355,not_young,834.2,Rengg
2699,5675,2,1,0,1,2,2,2,ds5,,Mittleres Baumholz,Mittleres Baumholz_13,0,0,0.567,not_young,696.8,Rengg
2700,32203,2,1,0,1,2,2,2,ds6,,Starkes Baumholz,Starkes Baumholz_13,0,0,3.22,not_young,929.3,Rengg
2701,6730,2,1,0,1,2,2,2,ds6,,Starkes Baumholz,Starkes Baumholz_13,0,0,0.673,not_young,860.7,Rengg
2702,12814,2,1,0,1,2,2,2,ds3,,Stangenholz,Stangenholz_13,0,0,1.281,not_young,928.2,Rengg
2705,29200,2,1,0,1,2,2,2,ds6,,Starkes Baumholz,Starkes Baumholz_13,0,0,2.92,not_young,890.0,Rengg
2706,12969,2,1,0,1,2,2,2,ds6,,Starkes Baumholz,Starkes Baumholz_13,0,0,1.297,not_young,689.4,Rengg
2707,16919,2,1,0,1,2,2,2,ds6,,Starkes Baumholz,Starkes Baumholz_13,0,0,1.692,not_young,655.0,Rengg
2710,5499,2,1,0,1,2,2,2,ds3,,Stangenholz,Stangenholz_13,0,0,0.55,not_young,970.2,Rengg
2711,9800,2,1,0,1,2,2,2,ds6,,Starkes Baumholz,Starkes Baumholz_13,0,0,0.98,not_young,727.7,Rengg
2714,7119,2,1,0,1,2,2,2,ds4,,Schwaches Baumholz,Schwaches Baumholz_13,0,0,0.712,not_young,945.2,Rengg
2716,10820,2,1,0,1,2,2,2,ds6,,Starkes Baumholz,Starkes Baumholz_13,0,0,1.082,not_young,887.2,Rengg
2719,5316,4,0,0,0,3,4,3,ds6,,Starkes Baumholz,Starkes Baumholz_13,0,0,0.532,not_young,876.7,Rengg
2725,6638,2,1,0,1,2,2,2,ds6,,Starkes Baumholz,Starkes Baumholz_13,0,0,0.664,not_young,883.7999999999998,Rengg
2726,26923,3,0,0,0,3,3,3,ds6,,Starkes Baumholz,Starkes Baumholz_13,0,0,2.692,not_young,903.6,Rengg
2729,5100,2,1,0,1,2,2,2,ds5,,Mittleres Baumholz,Mittleres Baumholz_13,0,0,0.51,not_young,922.5,Rengg
2730,9450,2,1,0,1,2,2,2,ds3,,Stangenholz,Stangenholz_13,0,0,0.945,not_young,930.8,Rengg
2731,13641,2,1,0,1,2,2,2,ds6,,Starkes Baumholz,Starkes Baumholz_13,0,0,1.364,not_young,771.2999999999998,Rengg
2735,9164,4,0,0,0,3,4,3,ds5,,Mittleres Baumholz,Mittleres Baumholz_13,0,0,0.916,not_young,873.0,Rengg
2736,6027,2,1,0,1,2,2,2,ds3,,Stangenholz,Stangenholz_13,0,0,0.603,not_young,966.6,Rengg
2738,16600,2,1,0,1,2,2,2,ds6,,Starkes Baumholz,Starkes Baumholz_13,0,0,1.66,not_young,882.7,Rengg
2741,22900,2,1,0,1,2,2,2,ds6,,Starkes Baumholz,Starkes Baumholz_13,0,0,2.29,not_young,926.8,Rengg
2742,21615,2,1,0,1,2,2,2,ds6,,Starkes Baumholz,Starkes Baumholz_13,0,0,2.162,not_young,771.7,Rengg
2745,6150,2,1,0,1,2,2,2,ds5,,Mittleres Baumholz,Mittleres Baumholz_13,0,0,0.615,not_young,920.1,Rengg
2749,5850,2,1,0,1,2,2,2,ds6,,Starkes Baumholz,Starkes Baumholz_13,0,0,0.585,not_young,939.0,Rengg
2750,32,2,1,0,1,2,2,2,ds6,,Starkes Baumholz,Starkes Baumholz_4,0,0,0.003,not_young,650.4,Rengg
2751,6600,2,1,0,1,2,2,2,ds6,,Starkes Baumholz,Starkes Baumholz_13,0,0,0.66,not_young,718.4,Rengg
2753,6050,2,1,0,1,2,2,2,ds3,,Stangenholz,Stangenholz_6,0,0,0.605,not_young,950.4,Rengg
2756,5846,3,0,0,0,3,3,3,ds5,,Mittleres Baumholz,Mittleres Baumholz_13,0,0,0.585,not_young,778.2999999999998,Rengg
2761,10779,2,1,0,1,2,2,2,ds1,,Jungwuchs/Dickung,Jungwuchs/Dickung_13,0,0,1.078,young,874.7,Rengg
2762,5399,2,1,0,1,2,2,2,ds6,,Starkes Baumholz,Starkes Baumholz_13,0,0,0.54,not_young,944.3,Rengg
2763,7805,3,0,0,0,3,4,3,ds4,,Schwaches Baumholz,Schwaches Baumholz_13,0,0,0.781,not_young,883.6,Rengg
2766,2756,2,1,0,1,2,2,2,ds6,,Starkes Baumholz,Starkes Baumholz_4,0,0,0.276,not_young,669.7,Rengg
2771,9734,2,1,0,1,2,2,2,ds6,,Starkes Baumholz,Starkes Baumholz_13,0,0,0.973,not_young,940.0,Rengg
2781,5398,2,1,0,1,2,2,2,ds6,,Starkes Baumholz,Starkes Baumholz_6,0,0,0.54,not_young,985.7,Rengg
2782,22254,2,1,0,1,2,2,2,ds6,,Starkes Baumholz,Starkes Baumholz_13,0,0,2.225,not_young,750.7999999999998,Rengg
2785,7392,2,1,0,1,2,2,2,ds5,,Mittleres Baumholz,Mittleres Baumholz_13,0,0,0.739,not_young,815.3999999999999,Rengg
2786,31356,2,1,0,1,2,2,2,ds6,,Starkes Baumholz,Starkes Baumholz_13,0,0,3.136,not_young,873.6,Rengg
2787,33927,4,0,0,0,3,4,3,ds6,,Starkes Baumholz,Starkes Baumholz_13,0,0,3.393,not_young,818.8999999999999,Rengg
2794,18869,2,1,0,1,2,2,2,ds6,,Starkes Baumholz,Starkes Baumholz_13,0,0,1.887,not_young,938.3,Rengg
2798,7000,2,1,0,1,2,2,2,ds5,,Mittleres Baumholz,Mittleres Baumholz_13,0,0,0.7,not_young,713.9,Rengg
2801,16133,2,1,0,1,2,2,2,ds6,,Starkes Baumholz,Starkes Baumholz_13,0,0,1.613,not_young,919.3,Rengg
2804,21400,2,1,0,1,2,2,2,ds6,,Starkes Baumholz,Starkes Baumholz_13,0,0,2.14,not_young,762.7,Rengg
2808,19281,2,1,0,1,2,2,2,ds6,,Starkes Baumholz,Starkes Baumholz_13,0,0,1.928,not_young,861.1,Rengg
2820,8655,2,1,0,1,2,2,2,ds6,,Starkes Baumholz,Starkes Baumholz_4,0,0,0.866,not_young,675.9,Entlebuch
2822,5850,2,1,0,1,2,2,2,ds6,,Starkes Baumholz,Starkes Baumholz_6,0,0,0.585,not_young,943.1,Rengg
2823,6742,3,0,0,0,3,3,3,ds6,,Starkes Baumholz,Starkes Baumholz_13,0,0,0.674,not_young,888.7,Rengg
2826,9563,3,0,0,0,3,4,3,ds6,,Starkes Baumholz,Starkes Baumholz_13,0,0,0.956,not_young,869.0,Rengg
2830,8824,3,0,0,0,3,4,3,ds5,,Mittleres Baumholz,Mittleres Baumholz_13,0,0,0.882,not_young,897.5,Rengg
2831,5609,4,0,0,0,3,4,3,ds5,,Mittleres Baumholz,Mittleres Baumholz_13,0,0,0.561,not_young,870.1,Rengg
2837,20070,3,0,0,0,3,4,3,ds6,,Starkes Baumholz,Starkes Baumholz_13,0,0,2.007,not_young,934.7,Rengg
2838,6631,2,1,0,1,2,2,2,ds4,,Schwaches Baumholz,Schwaches Baumholz_13,0,0,0.663,not_young,898.2999999999998,Finsterwald b. E.
2851,30859,2,1,0,1,2,2,2,ds6,,Starkes Baumholz,Starkes Baumholz_13,0,0,3.086,not_young,788.0,Entlebuch
2853,224466,2,1,0,1,2,2,2,ds6,,Starkes Baumholz,Starkes Baumholz_13,0,0,22.447,not_young,922.3,Finsterwald b. E.
2855,6900,3,0,0,0,3,3,3,ds5,,Mittleres Baumholz,Mittleres Baumholz_13,0,0,0.69,not_young,807.8999999999999,Hasle LU
2856,6825,2,1,0,1,2,2,2,ds5,,Mittleres Baumholz,Mittleres Baumholz_13,0,0,0.683,not_young,926.9,Finsterwald b. E.
2858,14727,2,1,0,1,2,2,2,ds6,,Starkes Baumholz,Starkes Baumholz_13,0,0,1.473,not_young,780.0,Hasle LU
2859,22015,2,1,0,1,2,2,2,ds5,,Mittleres Baumholz,Mittleres Baumholz_13,0,0,2.202,not_young,871.5,Entlebuch
2863,14375,3,0,0,0,3,3,3,ds6,,Starkes Baumholz,Starkes Baumholz_13,0,0,1.437,not_young,829.0,Hasle LU
2868,5350,2,1,0,1,2,2,2,ds6,,Starkes Baumholz,Starkes Baumholz_13,0,0,0.535,not_young,905.6,Rengg
2875,14626,2,1,0,1,2,2,2,ds6,,Starkes Baumholz,Starkes Baumholz_13,0,0,1.463,not_young,915.0,Rengg
2879,8256,2,1,0,1,2,2,2,ds6,,Starkes Baumholz,Starkes Baumholz_13,0,0,0.826,not_young,773.6,Rengg
2888,19563,2,1,0,1,2,2,2,ds6,,Starkes Baumholz,Starkes Baumholz_13,0,0,1.956,not_young,756.5,Rengg
2896,23403,2,1,0,1,2,2,2,ds6,,Starkes Baumholz,Starkes Baumholz_13,0,0,2.34,not_young,713.6,Rengg
2903,18310,3,0,0,0,3,4,3,ds6,,Starkes Baumholz,Starkes Baumholz_13,0,0,1.831,not_young,825.2,Rengg
2907,19757,3,0,0,0,3,4,3,ds5,,Mittleres Baumholz,Mittleres Baumholz_13,0,0,1.976,not_young,824.6,Rengg
2910,14941,3,0,0,0,3,4,3,ds6,,Starkes Baumholz,Starkes Baumholz_13,0,0,1.494,not_young,829.6,Entlebuch
2911,7554,2,1,0,1,2,2,2,ds6,,Starkes Baumholz,Starkes Baumholz_13,0,0,0.755,not_young,784.8999999999999,Rengg
2913,1940,2,1,0,1,2,2,2,ds6,,Starkes Baumholz,Starkes Baumholz_13,0,0,0.194,not_young,677.4,Rengg
2917,5818,3,0,0,0,3,3,3,ds6,,Starkes Baumholz,Starkes Baumholz_13,0,0,0.582,not_young,805.8999999999999,Rengg
2918,8548,3,0,0,0,3,3,3,ds6,,Starkes Baumholz,Starkes Baumholz_13,0,0,0.855,not_young,782.5,Rengg
2924,6450,3,0,0,0,3,4,3,ds6,,Starkes Baumholz,Starkes Baumholz_13,0,0,0.645,not_young,799.5,Rengg
2925,5500,2,1,0,1,2,2,2,ds6,,Starkes Baumholz,Starkes Baumholz_13,0,0,0.55,not_young,727.3999999999999,Rengg
2927,6345,2,1,0,1,2,2,2,ds6,,Starkes Baumholz,Starkes Baumholz_13,0,0,0.635,not_young,731.8999999999999,Rengg
2928,14939,2,1,0,1,2,2,2,ds6,,Starkes Baumholz,Starkes Baumholz_13,0,0,1.494,not_young,893.0,Rengg
2932,8864,3,0,0,0,3,3,3,ds5,,Mittleres Baumholz,Mittleres Baumholz_13,0,0,0.886,not_young,791.2999999999998,Rengg
2934,8961,4,0,0,0,3,4,3,ds6,,Starkes Baumholz,Starkes Baumholz_13,0,0,0.896,not_young,905.4,Rengg
2935,8750,3,0,0,0,3,4,3,ds6,,Starkes Baumholz,Starkes Baumholz_13,0,0,0.875,not_young,855.6,Rengg
2938,8797,3,0,0,0,3,3,3,ds6,,Starkes Baumholz,Starkes Baumholz_13,0,0,0.88,not_young,787.1,Rengg
2942,7237,3,0,0,0,3,4,3,ds6,,Starkes Baumholz,Starkes Baumholz_13,0,0,0.724,not_young,921.0,Rengg
2948,8386,3,0,0,0,3,4,3,ds6,,Starkes Baumholz,Starkes Baumholz_13,0,0,0.839,not_young,951.9,Rengg
2958,1038,2,1,0,1,2,2,2,ds6,,Starkes Baumholz,Starkes Baumholz_13,0,0,0.104,not_young,697.7,Rengg
2960,5924,4,0,0,0,3,4,3,ds6,,Starkes Baumholz,Starkes Baumholz_13,0,0,0.592,not_young,881.0,Rengg
2964,6081,3,0,0,0,3,3,3,ds5,,Mittleres Baumholz,Mittleres Baumholz_13,0,0,0.608,not_young,796.5,Rengg
2969,9527,4,0,0,0,3,4,3,ds6,,Starkes Baumholz,Starkes Baumholz_13,0,0,0.953,not_young,859.5,Rengg
2970,8354,3,0,0,0,3,3,3,ds6,,Starkes Baumholz,Starkes Baumholz_13,0,0,0.835,not_young,825.3999999999999,Entlebuch
2971,13482,3,0,0,0,3,3,3,ds6,,Starkes Baumholz,Starkes Baumholz_13,0,0,1.348,not_young,818.5,Rengg
2975,6111,3,0,0,0,3,3,3,ds6,,Starkes Baumholz,Starkes Baumholz_13,0,0,0.611,not_young,825.2999999999998,Rengg
2987,9108,4,0,0,0,3,4,3,ds6,,Starkes Baumholz,Starkes Baumholz_13,0,0,0.911,not_young,952.4,Rengg
2988,20013,2,1,0,1,2,2,2,ds6,,Starkes Baumholz,Starkes Baumholz_13,0,0,2.001,not_young,762.2,Rengg
2993,6475,3,0,0,0,3,4,3,ds5,,Mittleres Baumholz,Mittleres Baumholz_13,0,0,0.647,not_young,834.2,Rengg
2999,6650,3,0,0,0,3,3,3,ds6,,Starkes Baumholz,Starkes Baumholz_13,0,0,0.665,not_young,829.7,Entlebuch
3000,8450,2,1,0,1,2,2,2,ds6,,Starkes Baumholz,Starkes Baumholz_13,0,0,0.845,not_young,781.5,Rengg
3002,6547,4,0,0,0,3,4,3,ds6,,Starkes Baumholz,Starkes Baumholz_13,0,0,0.655,not_young,795.6,Entlebuch
3012,14097,4,0,0,0,3,4,3,ds6,,Starkes Baumholz,Starkes Baumholz_13,0,0,1.41,not_young,919.0,Rengg
3018,65438,3,0,0,0,3,3,3,ds6,,Starkes Baumholz,Starkes Baumholz_13,0,0,6.544,not_young,863.6,Entlebuch
3019,7864,4,0,0,0,3,4,3,ds6,,Starkes Baumholz,Starkes Baumholz_13,0,0,0.786,not_young,851.8999999999999,Rengg
3021,6312,3,0,0,0,3,3,3,ds6,,Starkes Baumholz,Starkes Baumholz_13,0,0,0.631,not_young,813.8999999999999,Entlebuch
3023,9471,4,0,0,0,3,4,3,ds6,,Starkes Baumholz,Starkes Baumholz_13,0,0,0.947,not_young,896.3999999999999,Rengg
3026,7693,2,1,0,1,2,2,2,ds6,,Starkes Baumholz,Starkes Baumholz_13,0,0,0.769,not_young,798.1,Rengg
3027,95891,3,0,0,0,3,4,3,ds6,,Starkes Baumholz,Starkes Baumholz_13,0,0,9.589,not_young,879.8999999999999,Rengg
3033,11794,4,0,0,0,3,4,3,ds6,,Starkes Baumholz,Starkes Baumholz_13,0,0,1.179,not_young,941.5,Rengg
3034,25950,4,0,0,0,3,4,3,ds6,,Starkes Baumholz,Starkes Baumholz_13,0,0,2.595,not_young,842.3999999999999,Rengg
3035,5345,2,1,0,1,2,2,2,ds6,,Starkes Baumholz,Starkes Baumholz_13,0,0,0.535,not_young,730.8999999999999,Rengg
3039,13527,3,0,0,0,3,4,3,ds6,,Starkes Baumholz,Starkes Baumholz_13,0,0,1.353,not_young,930.8,Rengg
3042,9932,2,1,0,1,2,2,2,ds4,,Schwaches Baumholz,Schwaches Baumholz_13,0,0,0.993,not_young,829.5,Entlebuch
3044,6479,3,0,0,0,3,3,3,ds6,,Starkes Baumholz,Starkes Baumholz_6,0,0,0.648,not_young,958.9,Entlebuch
3050,5345,3,0,0,0,3,3,3,ds6,,Starkes Baumholz,Starkes Baumholz_13,0,0,0.534,not_young,845.7,Rengg
3053,7730,3,0,0,0,3,3,3,ds4,,Schwaches Baumholz,Schwaches Baumholz_13,0,0,0.773,not_young,904.8,Entlebuch
3057,5802,3,0,0,0,3,3,3,ds6,,Starkes Baumholz,Starkes Baumholz_13,0,0,0.58,not_young,871.6,Entlebuch
3058,5494,2,1,0,1,2,2,2,ds6,,Starkes Baumholz,Starkes Baumholz_13,0,0,0.549,not_young,806.7999999999998,Rengg
3063,5780,4,0,0,0,3,4,3,ds6,,Starkes Baumholz,Starkes Baumholz_13,0,0,0.578,not_young,935.9,Rengg
3064,5505,3,0,0,0,3,3,3,ds6,,Starkes Baumholz,Starkes Baumholz_13,0,0,0.55,not_young,852.2,Rengg
3069,7521,2,1,0,1,2,2,2,ds6,,Starkes Baumholz,Starkes Baumholz_13,0,0,0.752,not_young,798.7,Entlebuch
3089,5927,4,0,0,0,3,4,3,ds6,,Starkes Baumholz,Starkes Baumholz_13,0,0,0.593,not_young,939.8,Rengg
3090,5362,4,0,0,0,3,4,3,ds6,,Starkes Baumholz,Starkes Baumholz_13,0,0,0.536,not_young,874.2999999999998,Rengg
3092,14922,2,1,0,1,2,2,2,ds6,,Starkes Baumholz,Starkes Baumholz_13,0,0,1.492,not_young,846.5,Rengg
3096,9129,4,0,0,0,3,4,3,ds6,,Starkes Baumholz,Starkes Baumholz_13,0,0,0.913,not_young,955.9,Rengg
3109,12439,4,0,0,0,3,4,3,ds6,,Starkes Baumholz,Starkes Baumholz_13,0,0,1.244,not_young,837.7999999999998,Rengg
3116,10170,3,0,0,0,3,4,3,ds6,,Starkes Baumholz,Starkes Baumholz_13,0,0,1.017,not_young,881.1,Rengg
3120,5254,3,0,0,0,3,4,3,ds5,,Mittleres Baumholz,Mittleres Baumholz_13,0,0,0.525,not_young,939.3,Rengg
3121,9562,4,0,0,0,3,4,3,ds6,,Starkes Baumholz,Starkes Baumholz_13,0,0,0.956,not_young,868.7,Entlebuch
3126,6464,4,0,0,0,3,4,3,ds6,,Starkes Baumholz,Starkes Baumholz_13,0,0,0.646,not_young,868.2,Rengg
3135,8569,3,0,0,0,3,3,3,ds6,,Starkes Baumholz,Starkes Baumholz_13,0,0,0.857,not_young,923.8,Entlebuch
3136,5850,2,1,0,1,2,2,2,ds6,,Starkes Baumholz,Starkes Baumholz_13,0,0,0.585,not_young,785.0,Rengg
3160,5539,4,0,0,0,3,4,3,ds5,,Mittleres Baumholz,Mittleres Baumholz_13,0,0,0.554,not_young,911.1,Rengg
3162,3381,2,1,0,1,2,2,2,ds6,,Starkes Baumholz,Starkes Baumholz_13,0,0,0.338,not_young,736.2,Rengg
3163,7100,2,1,0,1,2,2,2,ds6,,Starkes Baumholz,Starkes Baumholz_13,0,0,0.71,not_young,802.0,Rengg
3168,4993,4,0,0,0,3,4,3,ds6,,Starkes Baumholz,Starkes Baumholz_13,0,0,0.499,not_young,926.2,Rengg
3188,38322,2,1,0,1,2,2,2,ds6,,Starkes Baumholz,Starkes Baumholz_13,0,0,3.832,not_young,812.3999999999999,Rengg
3189,6296,2,1,0,1,2,2,2,ds6,,Starkes Baumholz,Starkes Baumholz_13,0,0,0.63,not_young,790.1,Rengg
3209,6649,3,0,0,0,3,4,3,ds6,,Starkes Baumholz,Starkes Baumholz_13,0,0,0.665,not_young,950.5,Rengg
3216,6391,2,1,0,1,2,2,2,ds6,,Starkes Baumholz,Starkes Baumholz_13,0,0,0.639,not_young,776.2999999999998,Rengg
3224,7097,3,0,0,0,3,3,3,ds6,,Starkes Baumholz,Starkes Baumholz_13,0,0,0.71,not_young,857.2999999999998,Rengg
3230,18960,2,1,0,1,2,2,2,ds6,,Starkes Baumholz,Starkes Baumholz_13,0,0,1.896,not_young,813.3999999999999,Rengg
3231,7720,3,0,0,0,3,3,3,ds5,,Mittleres Baumholz,Mittleres Baumholz_6,0,0,0.772,not_young,981.0,Rengg
3233,6052,3,0,0,0,3,3,3,ds6,,Starkes Baumholz,Starkes Baumholz_13,0,0,0.605,not_young,873.7999999999998,Rengg
3236,6244,3,0,0,0,3,3,3,ds6,,Starkes Baumholz,Starkes Baumholz_13,0,0,0.624,not_young,966.3,Rengg
3244,5808,4,0,0,0,3,4,3,ds6,,Starkes Baumholz,Starkes Baumholz_13,0,0,0.581,not_young,922.4,Entlebuch
3250,6442,4,0,0,0,3,4,3,ds5,,Mittleres Baumholz,Mittleres Baumholz_13,0,0,0.644,not_young,835.7999999999998,Entlebuch
3254,10769,2,1,0,1,2,2,2,ds6,,Starkes Baumholz,Starkes Baumholz_13,0,0,1.077,not_young,801.3999999999999,Rengg
3258,11235,4,0,0,0,3,4,3,ds6,,Starkes Baumholz,Starkes Baumholz_13,0,0,1.124,not_young,900.3999999999999,Rengg
3259,12681,2,1,0,1,2,2,2,ds6,,Starkes Baumholz,Starkes Baumholz_13,0,0,1.268,not_young,775.5,Rengg
3263,5812,3,0,0,0,3,4,3,ds6,,Starkes Baumholz,Starkes Baumholz_13,0,0,0.581,not_young,974.1,Rengg
3277,52850,4,0,0,0,3,4,3,ds6,,Starkes Baumholz,Starkes Baumholz_13,0,0,5.285,not_young,866.2,Rengg
3283,4971,3,0,0,0,3,3,3,ds6,,Starkes Baumholz,Starkes Baumholz_13,0,0,0.497,not_young,898.1,Rengg
3292,6900,3,0,0,0,3,4,3,ds6,,Starkes Baumholz,Starkes Baumholz_13,0,0,0.69,not_young,779.8999999999999,Rengg
3294,15862,4,0,0,0,3,4,3,ds6,,Starkes Baumholz,Starkes Baumholz_13,0,0,1.586,not_young,964.0,Rengg
3298,6950,4,0,0,0,3,4,3,ds6,,Starkes Baumholz,Starkes Baumholz_13,0,0,0.695,not_young,803.2,Rengg
3305,7700,4,0,0,0,3,4,3,ds6,,Starkes Baumholz,Starkes Baumholz_13,0,0,0.77,not_young,800.2999999999998,Finsterwald b. E.
3314,7200,4,0,0,0,3,4,3,ds6,,Starkes Baumholz,Starkes Baumholz_13,0,0,0.72,not_young,862.6,Rengg
3329,14555,4,0,0,0,3,4,3,ds6,,Starkes Baumholz,Starkes Baumholz_13,0,0,1.455,not_young,906.9,Rengg
3334,20000,4,0,0,0,3,4,3,ds4,,Schwaches Baumholz,Schwaches Baumholz_13,0,0,2.0,not_young,808.3999999999999,Rengg
3340,5550,4,0,0,0,3,4,3,ds3,,Stangenholz,Stangenholz_13,0,0,0.555,not_young,836.3999999999999,Finsterwald b. E.
3341,1590,3,0,0,0,3,4,3,ds6,,Starkes Baumholz,Starkes Baumholz_13,0,0,0.159,not_young,812.8999999999999,Finsterwald b. E.
3358,6898,4,0,0,0,3,4,3,ds6,,Starkes Baumholz,Starkes Baumholz_13,0,0,0.69,not_young,799.2999999999998,Finsterwald b. E.
3362,19600,4,0,0,0,3,4,3,ds5,,Mittleres Baumholz,Mittleres Baumholz_13,0,0,1.96,not_young,838.2999999999998,Rengg
3374,11600,4,0,0,0,3,4,3,ds2,,Jungwuchs/Dickung,Jungwuchs/Dickung_13,0,0,1.16,young,821.1,Finsterwald b. E.
3376,9600,4,0,0,0,3,4,3,ds6,,Starkes Baumholz,Starkes Baumholz_13,0,0,0.96,not_young,914.2,Rengg
3392,5000,4,0,0,0,3,4,3,ds6,,Starkes Baumholz,Starkes Baumholz_13,0,0,0.5,not_young,836.5,Finsterwald b. E.
3396,8710,2,1,0,1,2,2,2,ds6,,Starkes Baumholz,Starkes Baumholz_13,0,0,0.871,not_young,849.7,Finsterwald b. E.
3401,6459,2,1,0,1,2,2,2,ds3,,Stangenholz,Stangenholz_13,0,0,0.646,not_young,887.2,Finsterwald b. E.
3405,5500,4,0,0,0,3,4,3,ds6,,Starkes Baumholz,Starkes Baumholz_13,0,0,0.55,not_young,917.1,Rengg
3409,15596,4,0,0,0,3,4,3,ds6,,Starkes Baumholz,Starkes Baumholz_13,0,0,1.56,not_young,948.4,Finsterwald b. E.
3412,7836,3,0,0,0,3,4,3,ds6,,Starkes Baumholz,Starkes Baumholz_13,0,0,0.784,not_young,941.9,Rengg
3415,9950,3,0,0,0,3,4,3,ds6,,Starkes Baumholz,Starkes Baumholz_13,0,0,0.995,not_young,914.9,Rengg
3416,37034,4,0,0,0,3,4,3,ds6,,Starkes Baumholz,Starkes Baumholz_13,0,0,3.703,not_young,881.8999999999999,Finsterwald b. E.
3417,31736,2,1,0,1,2,2,2,ds6,,Starkes Baumholz,Starkes Baumholz_13,0,0,3.174,not_young,897.1,Rengg
3421,10029,3,0,0,0,3,4,3,ds6,,Starkes Baumholz,Starkes Baumholz_13,0,0,1.003,not_young,924.9,Finsterwald b. E.
3424,6591,4,0,0,0,3,4,3,ds6,,Starkes Baumholz,Starkes Baumholz_13,0,0,0.659,not_young,900.2,Finsterwald b. E.
3428,5500,3,0,0,0,3,4,3,ds6,,Starkes Baumholz,Starkes Baumholz_13,0,0,0.55,not_young,870.2,Rengg
3434,1274,3,0,0,0,3,4,3,ds6,,Starkes Baumholz,Starkes Baumholz_13,0,0,0.127,not_young,860.2,Finsterwald b. E.
3439,8250,4,0,0,0,3,4,3,ds6,,Starkes Baumholz,Starkes Baumholz_13,0,0,0.825,not_young,888.1,Finsterwald b. E.
3441,14500,3,0,0,0,3,4,3,ds6,,Starkes Baumholz,Starkes Baumholz_13,0,0,1.45,not_young,949.4,Finsterwald b. E.
3461,10750,2,1,0,1,2,2,2,ds5,,Mittleres Baumholz,Mittleres Baumholz_13,0,0,1.075,not_young,897.2999999999998,Finsterwald b. E.
3471,1,4,0,0,0,3,4,3,ds6,,Starkes Baumholz,Starkes Baumholz_13,0,0,0.0,not_young,893.1,Finsterwald b. E.
3474,10600,4,0,0,0,3,4,3,ds5,,Mittleres Baumholz,Mittleres Baumholz_13,0,0,1.06,not_young,950.2,Finsterwald b. E.
3481,24450,2,1,0,1,2,2,2,ds6,,Starkes Baumholz,Starkes Baumholz_13,0,0,2.445,not_young,890.7999999999998,Finsterwald b. E.
3484,5500,4,0,0,0,3,4,3,ds5,,Mittleres Baumholz,Mittleres Baumholz_13,0,0,0.55,not_young,979.3,Finsterwald b. E.
3487,9636,2,1,0,1,2,2,2,ds6,,Starkes Baumholz,Starkes Baumholz_13,0,0,0.964,not_young,736.6,Hasle LU
3490,5350,3,0,0,0,3,4,3,ds5,,Mittleres Baumholz,Mittleres Baumholz_13,0,0,0.535,not_young,896.2,Finsterwald b. E.
3498,28400,4,0,0,0,3,4,3,ds6,,Starkes Baumholz,Starkes Baumholz_13,0,0,2.84,not_young,939.6,Finsterwald b. E.
3505,5600,4,0,0,0,3,4,3,ds6,,Starkes Baumholz,Starkes Baumholz_13,0,0,0.56,not_young,940.0,Finsterwald b. E.
3506,11700,3,0,0,0,3,4,3,ds6,,Starkes Baumholz,Starkes Baumholz_13,0,0,1.17,not_young,942.4,Finsterwald b. E.
3507,6795,2,1,0,1,2,2,2,ds6,,Starkes Baumholz,Starkes Baumholz_13,0,0,0.679,not_young,736.7999999999998,Entlebuch
3511,7480,4,0,0,0,3,4,3,ds6,,Starkes Baumholz,Starkes Baumholz_13,0,0,0.748,not_young,948.0,Finsterwald b. E.
3521,7350,3,0,0,0,3,4,3,ds6,,Starkes Baumholz,Starkes Baumholz_13,0,0,0.735,not_young,936.8,Finsterwald b. E.
3526,11141,4,0,0,0,3,4,3,ds6,,Starkes Baumholz,Starkes Baumholz_13,0,0,1.114,not_young,935.3,Entlebuch
3539,6559,3,0,0,0,3,4,3,ds6,,Starkes Baumholz,Starkes Baumholz_13,0,0,0.656,not_young,854.2999999999998,Entlebuch
3540,9867,4,0,0,0,3,4,3,ds6,,Starkes Baumholz,Starkes Baumholz_13,0,0,0.987,not_young,937.0,Finsterwald b. E.
3545,6909,2,1,0,1,2,2,2,ds6,,Starkes Baumholz,Starkes Baumholz_13,0,0,0.691,not_young,838.2999999999998,Entlebuch
3550,7121,2,1,0,1,2,2,2,ds5,,Mittleres Baumholz,Mittleres Baumholz_13,0,0,0.712,not_young,950.8,Finsterwald b. E.
3553,10238,2,1,0,1,2,2,2,ds6,,Starkes Baumholz,Starkes Baumholz_13,0,0,1.024,not_young,733.3999999999999,Hasle LU
3561,236,4,0,0,0,3,4,3,ds5,,Mittleres Baumholz,Mittleres Baumholz_13,0,0,0.024,not_young,958.6,Finsterwald b. E.
3563,7216,2,1,0,1,2,2,2,ds6,,Starkes Baumholz,Starkes Baumholz_13,0,0,0.722,not_young,975.8,Finsterwald b. E.
3566,7762,2,1,0,1,2,2,2,ds5,,Mittleres Baumholz,Mittleres Baumholz_13,0,0,0.776,not_young,745.7,Hasle LU
3589,5000,2,1,0,1,2,2,2,ds4,,Schwaches Baumholz,Schwaches Baumholz_13,0,0,0.5,not_young,968.1,Finsterwald b. E.
3617,7613,4,0,0,0,3,4,3,ds6,,Starkes Baumholz,Starkes Baumholz_13,0,0,0.761,not_young,919.3,Finsterwald b. E.
3624,8169,2,1,0,1,2,2,2,ds6,,Starkes Baumholz,Starkes Baumholz_13,0,0,0.817,not_young,783.3999999999999,Hasle LU
3625,5502,3,0,0,0,3,4,3,ds6,,Starkes Baumholz,Starkes Baumholz_13,0,0,0.55,not_young,860.7999999999998,Entlebuch
3633,4965,4,0,0,0,3,4,3,ds6,,Starkes Baumholz,Starkes Baumholz_13,0,0,0.496,not_young,913.4,Finsterwald b. E.
3641,111112,2,1,0,1,2,2,2,ds6,,Starkes Baumholz,Starkes Baumholz_13,0,0,11.111,not_young,791.8999999999999,Entlebuch
3649,7041,4,0,0,0,3,4,3,ds6,,Starkes Baumholz,Starkes Baumholz_13,0,0,0.704,not_young,957.4,Finsterwald b. E.
3657,5377,4,0,0,0,3,4,3,ds6,,Starkes Baumholz,Starkes Baumholz_13,0,0,0.538,not_young,859.3999999999999,Entlebuch
3681,8146,4,0,0,0,3,4,3,ds4,,Schwaches Baumholz,Schwaches Baumholz_13,0,0,0.815,not_young,983.5,Finsterwald b. E.
3698,6459,4,0,0,0,3,4,3,ds4,,Schwaches Baumholz,Schwaches Baumholz_6,0,0,0.646,not_young,990.2,Finsterwald b. E.
3702,4964,2,1,0,1,2,2,2,ds6,,Starkes Baumholz,Starkes Baumholz_13,0,0,0.496,not_young,738.1,Hasle LU
3707,27570,4,0,0,0,3,4,3,ds6,,Starkes Baumholz,Starkes Baumholz_13,0,0,2.757,not_young,894.2,Entlebuch
3715,7150,2,1,0,1,2,2,2,ds5,,Mittleres Baumholz,Mittleres Baumholz_13,0,0,0.715,not_young,823.2999999999998,Hasle LU
3722,5295,4,0,0,0,3,4,3,ds4,,Schwaches Baumholz,Schwaches Baumholz_13,0,0,0.529,not_young,921.2,Entlebuch
3727,5250,2,1,0,1,2,2,2,ds4,,Schwaches Baumholz,Schwaches Baumholz_13,0,0,0.525,not_young,744.5,Hasle LU
3737,21047,2,1,0,1,2,2,2,ds6,,Starkes Baumholz,Starkes Baumholz_13,0,0,2.105,not_young,820.1,Hasle LU
3738,5039,3,0,0,0,3,3,3,ds6,,Starkes Baumholz,Starkes Baumholz_13,0,0,0.504,not_young,824.3999999999999,Hasle LU
3739,5122,2,1,0,1,2,2,2,ds5,,Mittleres Baumholz,Mittleres Baumholz_13,0,0,0.512,not_young,868.0,Entlebuch
3757,5777,2,1,0,1,2,2,2,ds5,,Mittleres Baumholz,Mittleres Baumholz_13,0,0,0.578,not_young,843.6,Hasle LU
3760,9314,3,0,0,0,3,4,3,ds5,,Mittleres Baumholz,Mittleres Baumholz_13,0,0,0.931,not_young,916.9,Finsterwald b. E.
3765,5466,2,1,0,1,2,2,2,ds2,,Jungwuchs/Dickung,Jungwuchs/Dickung_13,0,0,0.547,young,749.1,Hasle LU
3766,66079,2,1,0,1,2,2,2,ds6,,Starkes Baumholz,Starkes Baumholz_13,0,0,6.608,not_young,797.2,Entlebuch
3776,100095,2,1,0,1,2,2,2,ds6,,Starkes Baumholz,Starkes Baumholz_13,0,0,10.009,not_young,786.3999999999999,Hasle LU
3790,18074,3,0,0,0,3,3,3,ds6,,Starkes Baumholz,Starkes Baumholz_13,0,0,1.807,not_young,866.5,Hasle LU
3795,6000,3,0,0,0,3,3,3,ds6,,Starkes Baumholz,Starkes Baumholz_13,0,0,0.6,not_young,821.1,Hasle LU
3806,8900,2,1,0,1,2,2,2,ds6,,Starkes Baumholz,Starkes Baumholz_13,0,0,0.89,not_young,759.0,Hasle LU
3817,42120,2,1,0,1,2,2,2,ds5,,Mittleres Baumholz,Mittleres Baumholz_13,0,0,4.212,not_young,886.3999999999999,Entlebuch
3820,16111,2,1,0,1,2,2,2,ds4,,Schwaches Baumholz,Schwaches Baumholz_13,0,0,1.611,not_young,877.3999999999999,Finsterwald b. E.
3824,9550,2,1,0,1,2,2,2,ds6,,Starkes Baumholz,Starkes Baumholz_13,0,0,0.955,not_young,765.6,Hasle LU
3830,5700,2,1,0,1,2,2,2,ds4,,Schwaches Baumholz,Schwaches Baumholz_13,0,0,0.57,not_young,889.7999999999998,Entlebuch
3834,8850,2,1,0,1,2,2,2,ds4,,Schwaches Baumholz,Schwaches Baumholz_13,0,0,0.885,not_young,869.8999999999999,Entlebuch
3835,7566,2,1,0,1,2,2,2,ds6,,Starkes Baumholz,Starkes Baumholz_13,0,0,0.757,not_young,780.8999999999999,Hasle LU
3844,13436,2,1,0,1,2,2,2,ds6,,Starkes Baumholz,Starkes Baumholz_13,0,0,1.344,not_young,817.6,Hasle LU
3849,32051,2,1,0,1,2,2,2,ds5,,Mittleres Baumholz,Mittleres Baumholz_13,0,0,3.205,not_young,879.2,Entlebuch
3856,9483,2,1,0,1,2,2,2,ds6,,Starkes Baumholz,Starkes Baumholz_13,0,0,0.948,not_young,783.2999999999998,Hasle LU
3864,7527,2,1,0,1,2,2,2,ds4,,Schwaches Baumholz,Schwaches Baumholz_13,0,0,0.753,not_young,839.0,Finsterwald b. E.
3869,7070,4,0,0,0,3,4,3,ds4,,Schwaches Baumholz,Schwaches Baumholz_13,0,0,0.707,not_young,694.3,Schüpfheim
3870,16413,2,1,0,1,2,2,2,ds6,,Starkes Baumholz,Starkes Baumholz_13,0,0,1.641,not_young,809.7999999999998,Hasle LU
3874,9274,2,1,0,1,2,2,2,ds6,,Starkes Baumholz,Starkes Baumholz_13,0,0,0.927,not_young,848.7,Hasle LU
3877,8388,2,1,0,1,2,2,2,ds5,,Mittleres Baumholz,Mittleres Baumholz_13,0,0,0.839,not_young,801.3999999999999,Entlebuch
3883,5880,2,1,0,1,2,2,2,ds6,,Starkes Baumholz,Starkes Baumholz_13,0,0,0.588,not_young,797.6,Hasle LU
3886,6974,2,1,0,1,2,2,2,ds6,,Starkes Baumholz,Starkes Baumholz_13,0,0,0.697,not_young,777.7999999999998,Entlebuch
3887,32507,2,1,0,1,2,2,2,ds5,,Mittleres Baumholz,Mittleres Baumholz_13,0,0,3.251,not_young,905.8,Finsterwald b. E.
3892,8100,2,1,0,1,2,2,2,ds5,,Mittleres Baumholz,Mittleres Baumholz_13,0,0,0.81,not_young,932.0,Finsterwald b. E.
3899,28040,2,1,0,1,2,2,2,ds6,,Starkes Baumholz,Starkes Baumholz_13,0,0,2.804,not_young,823.6,Hasle LU
3900,10600,2,1,0,1,2,2,2,ds6,,Starkes Baumholz,Starkes Baumholz_13,0,0,1.06,not_young,818.7,Hasle LU
3901,91692,2,1,0,1,2,2,2,ds6,,Starkes Baumholz,Starkes Baumholz_13,0,0,9.169,not_young,922.8,Finsterwald b. E.
3904,4968,2,1,0,1,2,2,2,ds6,,Starkes Baumholz,Starkes Baumholz_13,0,0,0.497,not_young,839.2999999999998,Hasle LU
3905,15258,2,1,0,1,2,2,2,ds6,,Starkes Baumholz,Starkes Baumholz_13,0,0,1.526,not_young,818.5,Hasle LU
3906,7500,2,1,0,1,2,2,2,ds5,,Mittleres Baumholz,Mittleres Baumholz_13,0,0,0.75,not_young,843.7,Hasle LU
3907,12467,4,0,0,0,3,4,3,ds6,,Starkes Baumholz,Starkes Baumholz_13,0,0,1.247,not_young,828.7,Hasle LU
3936,5760,2,1,0,1,2,2,2,ds6,,Starkes Baumholz,Starkes Baumholz_13,0,0,0.576,not_young,835.8999999999999,Schüpfheim
3946,10816,2,1,0,1,2,2,2,ds6,,Starkes Baumholz,Starkes Baumholz_13,0,0,1.082,not_young,771.8999999999999,Schüpfheim
3950,51175,3,0,0,0,3,4,3,ds6,,Starkes Baumholz,Starkes Baumholz_13,0,0,5.118,not_young,936.6,Escholzmatt
3955,7694,2,1,0,1,2,2,2,ds6,,Starkes Baumholz,Starkes Baumholz_6,0,0,0.769,not_young,957.9,Flühli LU
3962,61044,2,1,0,1,2,2,2,ds6,,Starkes Baumholz,Starkes Baumholz_13,0,0,6.104,not_young,832.6,Hasle LU
3966,6200,2,1,0,1,2,2,2,ds6,,Starkes Baumholz,Starkes Baumholz_13,0,0,0.62,not_young,827.2,Hasle LU
3967,5472,2,1,0,1,2,2,2,ds4,,Schwaches Baumholz,Schwaches Baumholz_13,0,0,0.547,not_young,820.2,Hasle LU
3975,8550,2,1,0,1,2,2,2,ds6,,Starkes Baumholz,Starkes Baumholz_13,0,0,0.855,not_young,830.2,Hasle LU
3976,5827,2,1,0,1,2,2,2,ds6,,Starkes Baumholz,Starkes Baumholz_13,0,0,0.583,not_young,805.3999999999999,Hasle LU
3979,12569,2,1,0,1,2,2,2,ds5,,Mittleres Baumholz,Mittleres Baumholz_13,0,0,1.257,not_young,805.7,Hasle LU
3981,5950,2,1,0,1,2,2,2,ds6,,Starkes Baumholz,Starkes Baumholz_13,0,0,0.595,not_young,821.0,Hasle LU
3985,13823,2,1,0,1,2,2,2,ds6,,Starkes Baumholz,Starkes Baumholz_13,0,0,1.382,not_young,848.7999999999998,Hasle LU
3986,18415,4,0,0,0,3,4,3,ds6,,Starkes Baumholz,Starkes Baumholz_13,0,0,1.842,not_young,866.3999999999999,Hasle LU
3988,6950,2,1,0,1,2,2,2,ds6,,Starkes Baumholz,Starkes Baumholz_13,0,0,0.695,not_young,837.2,Hasle LU
3991,7948,4,0,0,0,3,4,3,ds6,,Starkes Baumholz,Starkes Baumholz_13,0,0,0.795,not_young,927.7,Hasle LU
3992,6600,4,0,0,0,3,4,3,ds6,,Starkes Baumholz,Starkes Baumholz_13,0,0,0.66,not_young,872.8999999999999,Hasle LU
3996,7512,4,0,0,0,3,4,3,ds6,,Starkes Baumholz,Starkes Baumholz_13,0,0,0.751,not_young,833.7999999999998,Hasle LU
3997,7650,4,0,0,0,3,4,3,ds6,,Starkes Baumholz,Starkes Baumholz_13,0,0,0.765,not_young,856.5,Hasle LU
3998,11150,2,1,0,1,2,2,2,ds6,,Starkes Baumholz,Starkes Baumholz_13,0,0,1.115,not_young,883.7,Finsterwald b. E.
4001,6200,3,0,0,0,3,4,3,ds5,,Mittleres Baumholz,Mittleres Baumholz_13,0,0,0.62,not_young,856.2999999999998,Hasle LU
4006,6389,3,0,0,0,3,3,3,ds5,,Mittleres Baumholz,Mittleres Baumholz_13,0,0,0.639,not_young,941.7,Hasle LU
4007,17500,2,1,0,1,2,2,2,ds6,,Starkes Baumholz,Starkes Baumholz_13,0,0,1.75,not_young,856.6,Hasle LU
4008,5280,2,1,0,1,2,2,2,ds3,,Stangenholz,Stangenholz_13,0,0,0.528,not_young,848.2,Finsterwald b. E.
4016,8650,2,1,0,1,2,2,2,ds4,,Schwaches Baumholz,Schwaches Baumholz_13,0,0,0.865,not_young,926.8,Finsterwald b. E.
4020,14250,4,0,0,0,3,4,3,ds6,,Starkes Baumholz,Starkes Baumholz_13,0,0,1.425,not_young,906.0,Hasle LU
4021,5375,4,0,0,0,3,4,3,ds6,,Starkes Baumholz,Starkes Baumholz_13,0,0,0.537,not_young,927.3,Hasle LU
4022,9211,2,1,0,1,2,2,2,ds6,,Starkes Baumholz,Starkes Baumholz_13,0,0,0.921,not_young,859.1,Hasle LU
4024,13600,2,1,0,1,2,2,2,ds6,,Starkes Baumholz,Starkes Baumholz_13,0,0,1.36,not_young,872.6,Hasle LU
4025,11285,2,1,0,1,2,2,2,ds6,,Starkes Baumholz,Starkes Baumholz_13,0,0,1.129,not_young,872.2999999999998,Hasle LU
4032,5979,2,1,0,1,2,2,2,ds4,,Schwaches Baumholz,Schwaches Baumholz_13,0,0,0.598,not_young,855.8999999999999,Finsterwald b. E.
4038,11577,2,1,0,1,2,2,2,ds6,,Starkes Baumholz,Starkes Baumholz_13,0,0,1.158,not_young,856.0,Hasle LU
4039,5900,2,1,0,1,2,2,2,ds6,,Starkes Baumholz,Starkes Baumholz_13,0,0,0.59,not_young,905.1,Hasle LU
4043,18985,4,0,0,0,3,4,3,ds6,,Starkes Baumholz,Starkes Baumholz_13,0,0,1.899,not_young,913.3,Hasle LU
4047,7320,4,0,0,0,3,4,3,ds6,,Starkes Baumholz,Starkes Baumholz_13,0,0,0.732,not_young,941.3,Hasle LU
4049,7290,4,0,0,0,3,4,3,ds6,,Starkes Baumholz,Starkes Baumholz_13,0,0,0.729,not_young,922.8,Hasle LU
4050,5050,4,0,0,0,3,4,3,ds6,,Starkes Baumholz,Starkes Baumholz_6,0,0,0.505,not_young,959.0,Hasle LU
4052,10605,4,0,0,0,3,4,3,ds6,,Starkes Baumholz,Starkes Baumholz_13,0,0,1.061,not_young,934.1,Hasle LU
4056,6544,4,0,0,0,3,4,3,ds6,,Starkes Baumholz,Starkes Baumholz_13,0,0,0.654,not_young,936.6,Hasle LU
4058,39189,4,0,0,0,3,4,3,ds6,,Starkes Baumholz,Starkes Baumholz_13,0,0,3.919,not_young,881.8999999999999,Hasle LU
4059,6506,2,1,0,1,2,2,2,ds5,,Mittleres Baumholz,Mittleres Baumholz_13,0,0,0.651,not_young,890.6,Finsterwald b. E.
4062,34735,2,1,0,1,2,2,2,ds6,,Starkes Baumholz,Starkes Baumholz_13,0,0,3.473,not_young,918.1,Hasle LU
4066,6885,3,0,0,0,3,4,3,ds5,,Mittleres Baumholz,Mittleres Baumholz_13,0,0,0.688,not_young,953.5,Hasle LU
4067,26005,4,0,0,0,3,4,3,ds6,,Starkes Baumholz,Starkes Baumholz_13,0,0,2.6,not_young,951.6,Hasle LU
4068,5399,4,0,0,0,3,4,3,ds5,,Mittleres Baumholz,Mittleres Baumholz_13,0,0,0.54,not_young,912.2,Hasle LU
4070,21280,4,0,0,0,3,4,3,ds6,,Starkes Baumholz,Starkes Baumholz_13,0,0,2.128,not_young,921.2,Hasle LU
4072,16008,2,1,0,1,2,2,2,ds6,,Starkes Baumholz,Starkes Baumholz_13,0,0,1.601,not_young,919.3,Hasle LU
4073,5165,4,0,0,0,3,4,3,ds6,,Starkes Baumholz,Starkes Baumholz_13,0,0,0.516,not_young,954.4,Hasle LU
4075,9244,4,0,0,0,3,4,3,ds6,,Starkes Baumholz,Starkes Baumholz_13,0,0,0.924,not_young,940.3,Hasle LU
4076,11477,2,1,0,1,2,2,2,ds6,,Starkes Baumholz,Starkes Baumholz_13,0,0,1.148,not_young,888.8999999999999,Hasle LU
4082,7711,4,0,0,0,3,4,3,ds1,,Jungwuchs/Dickung,Jungwuchs/Dickung_13,0,0,0.771,young,964.5,Hasle LU
4083,5256,2,1,0,1,2,2,2,ds5,,Mittleres Baumholz,Mittleres Baumholz_13,0,0,0.526,not_young,882.2999999999998,Finsterwald b. E.
4084,7668,4,0,0,0,3,4,3,ds6,,Starkes Baumholz,Starkes Baumholz_13,0,0,0.767,not_young,918.9,Hasle LU
4087,7697,4,0,0,0,3,4,3,ds6,,Starkes Baumholz,Starkes Baumholz_13,0,0,0.77,not_young,875.7,Hasle LU
4088,9224,4,0,0,0,3,4,3,ds5,,Mittleres Baumholz,Mittleres Baumholz_13,0,0,0.922,not_young,928.9,Hasle LU
4091,8150,4,0,0,0,3,4,3,ds2,,Jungwuchs/Dickung,Jungwuchs/Dickung_13,0,0,0.815,young,966.6,Hasle LU
4095,9366,3,0,0,0,3,3,3,ds6,,Starkes Baumholz,Starkes Baumholz_13,0,0,0.937,not_young,773.2,Schüpfheim
4096,5056,4,0,0,0,3,4,3,ds5,,Mittleres Baumholz,Mittleres Baumholz_13,0,0,0.506,not_young,953.1,Hasle LU
4097,14150,2,1,0,1,2,2,2,ds5,,Mittleres Baumholz,Mittleres Baumholz_13,0,0,1.415,not_young,929.1,Hasle LU
4102,7714,4,0,0,0,3,4,3,ds3,,Stangenholz,Stangenholz_13,0,0,0.771,not_young,961.4,Hasle LU
4103,5844,3,0,0,0,3,4,3,ds3,,Stangenholz,Stangenholz_13,0,0,0.584,not_young,961.6,Hasle LU
4104,36575,1,1,2,3,1,1,1,ds6,,Starkes Baumholz,Starkes Baumholz_13,0,0,3.657,not_young,896.8999999999999,Hasle LU
4107,7446,3,0,0,0,3,3,3,ds6,,Starkes Baumholz,Starkes Baumholz_13,0,0,0.745,not_young,869.3999999999999,Schüpfheim
4108,5845,3,0,0,0,3,4,3,ds5,,Mittleres Baumholz,Mittleres Baumholz_13,0,0,0.584,not_young,964.4,Hasle LU
4110,11842,1,1,2,3,1,1,1,ds5,,Mittleres Baumholz,Mittleres Baumholz_13,0,0,1.184,not_young,926.4,Hasle LU
4113,13192,3,0,0,0,3,3,3,ds6,,Starkes Baumholz,Starkes Baumholz_13,0,0,1.319,not_young,787.1,Schüpfheim
4115,5800,2,1,0,1,2,2,2,ds6,,Starkes Baumholz,Starkes Baumholz_13,0,0,0.58,not_young,916.9,Hasle LU
4116,8871,4,0,0,0,3,4,3,ds3,,Stangenholz,Stangenholz_13,0,0,0.887,not_young,972.2,Hasle LU
4119,7746,4,0,0,0,3,4,3,ds2,,Jungwuchs/Dickung,Jungwuchs/Dickung_13,0,0,0.775,young,966.8,Hasle LU
4122,5200,4,0,0,0,3,4,3,ds4,,Schwaches Baumholz,Schwaches Baumholz_13,0,0,0.52,not_young,897.7999999999998,Hasle LU
4125,6971,4,0,0,0,3,4,3,ds6,,Starkes Baumholz,Starkes Baumholz_13,0,0,0.697,not_young,886.1,Hasle LU
4128,6993,2,1,0,1,2,2,2,ds5,,Mittleres Baumholz,Mittleres Baumholz_13,0,0,0.699,not_young,894.7999999999998,Hasle LU
4131,13546,4,0,0,0,3,4,3,ds6,,Starkes Baumholz,Starkes Baumholz_13,0,0,1.355,not_young,931.1,Hasle LU
4132,6394,3,0,0,0,3,4,3,ds5,,Mittleres Baumholz,Mittleres Baumholz_13,0,0,0.639,not_young,949.3,Hasle LU
4133,8495,4,0,0,0,3,4,3,ds4,,Schwaches Baumholz,Schwaches Baumholz_13,0,0,0.849,not_young,969.2,Hasle LU
4145,6641,3,0,0,0,3,4,3,ds6,,Starkes Baumholz,Starkes Baumholz_13,0,0,0.664,not_young,893.2999999999998,Hasle LU
4151,16299,4,0,0,0,3,4,3,ds6,,Starkes Baumholz,Starkes Baumholz_13,0,0,1.63,not_young,943.0,Hasle LU
4152,5726,3,0,0,0,3,3,3,ds6,,Starkes Baumholz,Starkes Baumholz_13,0,0,0.573,not_young,978.6,Hasle LU
4153,7611,2,1,0,1,2,2,2,ds6,,Starkes Baumholz,Starkes Baumholz_13,0,0,0.761,not_young,945.1,Finsterwald b. E.
4156,16621,2,1,0,1,2,2,2,ds4,,Schwaches Baumholz,Schwaches Baumholz_13,0,0,1.662,not_young,927.9,Finsterwald b. E.
4158,6893,3,0,0,0,3,3,3,ds6,,Starkes Baumholz,Starkes Baumholz_13,0,0,0.689,not_young,780.1,Schüpfheim
4159,13500,2,1,0,1,2,2,2,ds6,,Starkes Baumholz,Starkes Baumholz_13,0,0,1.35,not_young,916.3,Hasle LU
4160,8800,2,1,0,1,2,2,2,ds6,,Starkes Baumholz,Starkes Baumholz_13,0,0,0.88,not_young,897.2,Hasle LU
4161,12176,4,0,0,0,3,4,3,ds6,,Starkes Baumholz,Starkes Baumholz_13,0,0,1.218,not_young,931.1,Hasle LU
4163,13000,2,1,0,1,2,2,2,ds6,,Starkes Baumholz,Starkes Baumholz_13,0,0,1.3,not_young,931.9,Hasle LU
4164,5550,3,0,0,0,3,3,3,ds4,,Schwaches Baumholz,Schwaches Baumholz_13,0,0,0.555,not_young,958.3,Hasle LU
4165,5138,2,1,0,1,2,2,2,ds4,,Schwaches Baumholz,Schwaches Baumholz_13,0,0,0.514,not_young,903.0,Hasle LU
4169,15009,2,1,0,1,2,2,2,ds6,,Starkes Baumholz,Starkes Baumholz_13,0,0,1.501,not_young,951.4,Finsterwald b. E.
4174,5700,2,1,0,1,2,2,2,ds6,,Starkes Baumholz,Starkes Baumholz_13,0,0,0.57,not_young,940.6,Hasle LU
4179,14096,3,0,0,0,3,3,3,ds6,,Starkes Baumholz,Starkes Baumholz_13,0,0,1.41,not_young,807.7,Schüpfheim
4180,13250,4,0,0,0,3,4,3,ds5,,Mittleres Baumholz,Mittleres Baumholz_13,0,0,1.325,not_young,947.1,Hasle LU
4197,8979,2,1,0,1,2,2,2,ds6,,Starkes Baumholz,Starkes Baumholz_13,0,0,0.898,not_young,896.7999999999998,Schüpfheim
4223,17700,2,1,0,1,2,2,2,ds6,,Starkes Baumholz,Starkes Baumholz_13,0,0,1.77,not_young,815.6,Marbach LU
4228,99005,4,0,0,0,3,4,3,ds6,,Starkes Baumholz,Starkes Baumholz_13,0,0,9.9,not_young,958.2,Marbach LU
4243,5014,4,0,0,0,3,4,3,ds5,,Mittleres Baumholz,Mittleres Baumholz_13,0,0,0.501,not_young,976.1,Marbach LU
4244,5385,4,0,0,0,3,4,3,ds6,,Starkes Baumholz,Starkes Baumholz_13,0,0,0.539,not_young,978.1,Wiggen
4260,12749,2,1,0,1,2,2,2,ds6,,Starkes Baumholz,Starkes Baumholz_13,0,0,1.275,not_young,928.0,Hasle LU
4268,7692,3,0,0,0,3,3,3,ds6,,Starkes Baumholz,Starkes Baumholz_13,0,0,0.769,not_young,926.1,Hasle LU
4279,9975,3,0,0,0,3,4,3,ds5,,Mittleres Baumholz,Mittleres Baumholz_13,0,0,0.998,not_young,941.1,Hasle LU
4283,14696,4,0,0,0,3,4,3,ds6,,Starkes Baumholz,Starkes Baumholz_13,0,0,1.47,not_young,976.6,Hasle LU
4289,5250,2,1,0,1,2,2,2,ds6,,Starkes Baumholz,Starkes Baumholz_13,0,0,0.525,not_young,953.2,Hasle LU
4293,7299,2,1,0,1,2,2,2,ds6,,Starkes Baumholz,Starkes Baumholz_13,0,0,0.73,not_young,934.6,Hasle LU
4296,16899,3,0,0,0,3,3,3,ds6,,Starkes Baumholz,Starkes Baumholz_13,0,0,1.69,not_young,793.5,Schüpfheim
4298,12940,3,0,0,0,3,3,3,ds6,,Starkes Baumholz,Starkes Baumholz_13,0,0,1.294,not_young,784.6,Schüpfheim
4322,5540,2,1,0,1,2,2,2,ds5,,Mittleres Baumholz,Mittleres Baumholz_13,0,0,0.554,not_young,967.0,Finsterwald b. E.
4334,6085,4,0,0,0,3,4,3,ds5,,Mittleres Baumholz,Mittleres Baumholz_6,0,0,0.609,not_young,984.1,Hasle LU
4344,5982,3,0,0,0,3,3,3,ds6,,Starkes Baumholz,Starkes Baumholz_13,0,0,0.598,not_young,942.2,Hasle LU
4346,5350,4,0,0,0,3,4,3,ds3,,Stangenholz,Stangenholz_6,0,0,0.535,not_young,987.0,Hasle LU
4348,5308,2,1,0,1,2,2,2,ds5,,Mittleres Baumholz,Mittleres Baumholz_13,0,0,0.531,not_young,952.3,Finsterwald b. E.
4367,5977,2,1,0,1,2,2,2,ds6,,Starkes Baumholz,Starkes Baumholz_13,0,0,0.598,not_young,983.1,Finsterwald b. E.
4369,6252,3,0,0,0,3,3,3,ds5,,Mittleres Baumholz,Mittleres Baumholz_13,0,0,0.625,not_young,968.6,Hasle LU
4371,39143,3,0,0,0,3,3,3,ds6,,Starkes Baumholz,Starkes Baumholz_13,0,0,3.914,not_young,791.7999999999998,Schüpfheim
4375,5185,3,0,0,0,3,3,3,ds3,,Stangenholz,Stangenholz_6,0,0,0.518,not_young,987.3,Hasle LU
4379,7277,3,0,0,0,3,3,3,ds6,,Starkes Baumholz,Starkes Baumholz_13,0,0,0.728,not_young,800.6,Schüpfheim
4397,6979,3,0,0,0,3,3,3,ds6,,Starkes Baumholz,Starkes Baumholz_13,0,0,0.698,not_young,796.8999999999999,Schüpfheim
4404,5250,1,0,2,2,1,1,1,ds3,,Stangenholz,Stangenholz_13,0,0,0.525,not_young,949.1,Hasle LU
4412,8868,3,0,0,0,3,4,3,ds6,,Starkes Baumholz,Starkes Baumholz_13,0,0,0.887,not_young,721.7999999999998,Schüpfheim
4413,5665,1,0,2,2,1,1,1,ds6,,Starkes Baumholz,Starkes Baumholz_13,0,0,0.566,not_young,936.2,Hasle LU
4416,14380,3,0,0,0,3,3,3,ds6,,Starkes Baumholz,Starkes Baumholz_13,0,0,1.438,not_young,802.0,Schüpfheim
4421,6005,4,0,0,0,3,4,3,ds5,,Mittleres Baumholz,Mittleres Baumholz_6,0,0,0.6,not_young,965.2,Schüpfheim
4425,5171,1,0,2,2,1,1,1,ds5,,Mittleres Baumholz,Mittleres Baumholz_13,0,0,0.517,not_young,952.0,Hasle LU
4440,5448,4,0,0,0,3,4,3,ds3,,Stangenholz,Stangenholz_13,0,0,0.545,not_young,723.8999999999999,Schüpfheim
4442,7786,3,0,0,0,3,3,3,ds4,,Schwaches Baumholz,Schwaches Baumholz_13,0,0,0.779,not_young,971.8,Hasle LU
4454,7248,3,0,0,0,3,4,3,ds6,,Starkes Baumholz,Starkes Baumholz_13,0,0,0.725,not_young,818.3999999999999,Schüpfheim
4455,12200,3,0,0,0,3,3,3,ds6,,Starkes Baumholz,Starkes Baumholz_13,0,0,1.22,not_young,963.8,Hasle LU
4464,6378,3,0,0,0,3,3,3,ds4,,Schwaches Baumholz,Schwaches Baumholz_13,0,0,0.638,not_young,953.9,Hasle LU
4494,10112,3,0,0,0,3,3,3,ds4,,Schwaches Baumholz,Schwaches Baumholz_13,0,0,1.011,not_young,956.3,Hasle LU
4508,10682,3,0,0,0,3,3,3,ds3,,Stangenholz,Stangenholz_13,0,0,1.068,not_young,976.1,Hasle LU
4513,8007,3,0,0,0,3,3,3,ds5,,Mittleres Baumholz,Mittleres Baumholz_13,0,0,0.801,not_young,992.8,Finsterwald b. E.
4517,6676,3,0,0,0,3,3,3,ds4,,Schwaches Baumholz,Schwaches Baumholz_13,0,0,0.668,not_young,957.8,Hasle LU
4526,5010,3,0,0,0,3,3,3,ds5,,Mittleres Baumholz,Mittleres Baumholz_13,0,0,0.501,not_young,956.2,Hasle LU
4554,23879,3,0,0,0,3,3,3,ds6,,Starkes Baumholz,Starkes Baumholz_13,0,0,2.388,not_young,881.1,Schüpfheim
4570,7293,3,0,0,0,3,3,3,ds5,,Mittleres Baumholz,Mittleres Baumholz_13,0,0,0.729,not_young,881.8999999999999,Schüpfheim
4578,9366,4,0,0,0,3,4,3,ds6,,Starkes Baumholz,Starkes Baumholz_13,0,0,0.937,not_young,859.5,Schüpfheim
4585,5538,4,0,0,0,3,4,3,ds4,,Schwaches Baumholz,Schwaches Baumholz_13,0,0,0.554,not_young,893.7999999999998,Schüpfheim
4599,12013,4,0,0,0,3,4,3,ds6,,Starkes Baumholz,Starkes Baumholz_13,0,0,1.201,not_young,940.3,Schüpfheim
4626,8369,4,0,0,0,3,4,3,ds5,,Mittleres Baumholz,Mittleres Baumholz_13,0,0,0.837,not_young,980.4,Hasle LU
4630,5116,2,1,0,1,2,2,2,ds6,,Starkes Baumholz,Starkes Baumholz_13,0,0,0.512,not_young,891.2,Schüpfheim
4633,9894,2,1,0,1,2,2,2,ds6,,Starkes Baumholz,Starkes Baumholz_13,0,0,0.989,not_young,907.0,Schüpfheim
4642,5900,2,1,0,1,2,2,2,ds6,,Starkes Baumholz,Starkes Baumholz_13,0,0,0.59,not_young,940.2,Schüpfheim
4654,5203,2,1,0,1,2,2,2,ds6,,Starkes Baumholz,Starkes Baumholz_13,0,0,0.52,not_young,820.7999999999998,Schüpfheim
4672,10784,2,1,0,1,2,2,2,ds6,,Starkes Baumholz,Starkes Baumholz_13,0,0,1.078,not_young,913.8,Schüpfheim
4706,7250,2,1,0,1,2,2,2,ds6,,Starkes Baumholz,Starkes Baumholz_13,0,0,0.725,not_young,897.5,Schüpfheim
4711,22602,2,1,0,1,2,2,2,ds6,,Starkes Baumholz,Starkes Baumholz_13,0,0,2.26,not_young,870.6,Schüpfheim
4730,5950,2,1,0,1,2,2,2,ds6,,Starkes Baumholz,Starkes Baumholz_13,0,0,0.595,not_young,953.7,Schüpfheim
4736,8000,2,1,0,1,2,2,2,ds6,,Starkes Baumholz,Starkes Baumholz_13,0,0,0.8,not_young,939.2,Schüpfheim
4748,9498,4,0,0,0,3,4,3,ds6,,Starkes Baumholz,Starkes Baumholz_13,0,0,0.95,not_young,916.0,Schüpfheim
4883,11083,4,0,0,0,3,4,3,ds6,,Starkes Baumholz,Starkes Baumholz_13,0,0,1.108,not_young,941.1,Schüpfheim
5001,5137,4,0,0,0,3,4,3,ds5,,Mittleres Baumholz,Mittleres Baumholz_4,0,0,0.514,not_young,762.0,Schüpfheim
5069,10737,4,0,0,0,3,4,3,ds5,,Mittleres Baumholz,Mittleres Baumholz_13,0,0,1.074,not_young,764.7,Schüpfheim
5070,5920,2,1,0,1,2,2,2,ds6,,Starkes Baumholz,Starkes Baumholz_13,0,0,0.592,not_young,945.7,Schüpfheim
5072,11282,2,1,0,1,2,2,2,ds6,,Starkes Baumholz,Starkes Baumholz_13,0,0,1.128,not_young,944.9,Schüpfheim
5099,8261,2,1,0,1,2,2,2,ds6,,Starkes Baumholz,Starkes Baumholz_13,0,0,0.826,not_young,751.5,Schüpfheim
5102,7502,4,0,0,0,3,4,3,ds5,,Mittleres Baumholz,Mittleres Baumholz_13,0,0,0.75,not_young,773.0,Schüpfheim
5104,18526,4,0,0,0,3,4,3,ds6,,Starkes Baumholz,Starkes Baumholz_13,0,0,1.853,not_young,766.7,Schüpfheim
5123,7913,2,1,0,1,2,2,2,ds6,,Starkes Baumholz,Starkes Baumholz_4,0,0,0.791,not_young,772.2,Schüpfheim
5124,6550,2,1,0,1,2,2,2,ds6,,Starkes Baumholz,Starkes Baumholz_13,0,0,0.655,not_young,850.7,Schüpfheim
5129,9150,2,1,0,1,2,2,2,ds5,,Mittleres Baumholz,Mittleres Baumholz_13,0,0,0.915,not_young,835.2999999999998,Schüpfheim
5141,5273,2,1,0,1,2,2,2,ds6,,Starkes Baumholz,Starkes Baumholz_4,0,0,0.527,not_young,784.5,Schüpfheim
5143,22128,3,0,0,0,3,3,3,ds6,,Starkes Baumholz,Starkes Baumholz_13,0,0,2.213,not_young,843.5,Schüpfheim
5159,54054,2,1,0,1,2,2,2,ds6,,Starkes Baumholz,Starkes Baumholz_13,0,0,5.405,not_young,797.1,Schüpfheim
5160,10566,2,1,0,1,2,2,2,ds6,,Starkes Baumholz,Starkes Baumholz_13,0,0,1.057,not_young,816.5,Schüpfheim
5171,5170,2,1,0,1,2,2,2,ds6,,Starkes Baumholz,Starkes Baumholz_13,0,0,0.517,not_young,871.8999999999999,Schüpfheim
5172,6198,2,1,0,1,2,2,2,ds6,,Starkes Baumholz,Starkes Baumholz_13,0,0,0.62,not_young,930.6,Schüpfheim
5179,6646,2,1,0,1,2,2,2,ds4,,Schwaches Baumholz,Schwaches Baumholz_13,0,0,0.665,not_young,820.3999999999999,Schüpfheim
5192,24744,2,1,0,1,2,2,2,ds6,,Starkes Baumholz,Starkes Baumholz_13,0,0,2.474,not_young,818.2999999999998,Schüpfheim
5196,13641,3,0,0,0,3,3,3,ds6,,Starkes Baumholz,Starkes Baumholz_13,0,0,1.364,not_young,825.7,Schüpfheim
5208,5065,3,0,0,0,3,3,3,ds6,,Starkes Baumholz,Starkes Baumholz_13,0,0,0.507,not_young,859.1,Schüpfheim
5217,8993,3,0,0,0,3,3,3,ds6,,Starkes Baumholz,Starkes Baumholz_13,0,0,0.899,not_young,892.1,Schüpfheim
5218,43262,2,1,0,1,2,2,2,ds6,,Starkes Baumholz,Starkes Baumholz_13,0,0,4.326,not_young,850.7999999999998,Schüpfheim
5226,10848,3,0,0,0,3,3,3,ds6,,Starkes Baumholz,Starkes Baumholz_13,0,0,1.085,not_young,845.2,Schüpfheim
5229,9851,3,0,0,0,3,3,3,ds6,,Starkes Baumholz,Starkes Baumholz_13,0,0,0.985,not_young,863.5,Schüpfheim
5250,15639,3,0,0,0,3,3,3,ds6,,Starkes Baumholz,Starkes Baumholz_13,0,0,1.564,not_young,901.6,Schüpfheim
5259,27929,2,1,0,1,2,2,2,ds6,,Starkes Baumholz,Starkes Baumholz_13,0,0,2.793,not_young,924.0,Schüpfheim
5260,8611,3,0,0,0,3,3,3,ds6,,Starkes Baumholz,Starkes Baumholz_13,0,0,0.861,not_young,941.6,Schüpfheim
5262,33515,2,1,0,1,2,2,2,ds6,,Starkes Baumholz,Starkes Baumholz_4,0,0,3.351,not_young,787.7,Schüpfheim
5269,52324,3,0,0,0,3,3,3,ds6,,Starkes Baumholz,Starkes Baumholz_13,0,0,5.232,not_young,848.8999999999999,Escholzmatt
5279,5025,3,0,0,0,3,3,3,ds6,,Starkes Baumholz,Starkes Baumholz_13,0,0,0.503,not_young,810.7,Escholzmatt
5288,28767,3,0,0,0,3,3,3,ds6,,Starkes Baumholz,Starkes Baumholz_13,0,0,2.877,not_young,916.4,Escholzmatt
5304,8239,3,0,0,0,3,3,3,ds6,,Starkes Baumholz,Starkes Baumholz_13,0,0,0.824,not_young,843.7,Escholzmatt
5305,13383,3,0,0,0,3,3,3,ds6,,Starkes Baumholz,Starkes Baumholz_13,0,0,1.338,not_young,851.2999999999998,Escholzmatt
5337,15574,4,0,0,0,3,4,3,ds6,,Starkes Baumholz,Starkes Baumholz_13,0,0,1.557,not_young,834.6,Schüpfheim
5340,5300,3,0,0,0,3,3,3,ds6,,Starkes Baumholz,Starkes Baumholz_13,0,0,0.53,not_young,837.2999999999998,Escholzmatt
5341,33575,4,0,0,0,3,4,3,ds6,,Starkes Baumholz,Starkes Baumholz_13,0,0,3.357,not_young,876.8999999999999,Schüpfheim
5345,13901,3,0,0,0,3,3,3,ds6,,Starkes Baumholz,Starkes Baumholz_13,0,0,1.39,not_young,804.0,Escholzmatt
5348,6282,3,0,0,0,3,4,3,ds6,,Starkes Baumholz,Starkes Baumholz_13,0,0,0.628,not_young,789.5,Schüpfheim
5361,12396,4,0,0,0,3,4,3,ds6,,Starkes Baumholz,Starkes Baumholz_13,0,0,1.24,not_young,808.7,Schüpfheim
5378,15391,2,1,0,1,2,2,2,ds6,,Starkes Baumholz,Starkes Baumholz_13,0,0,1.539,not_young,823.2,Schüpfheim
5382,5259,3,0,0,0,3,4,3,ds6,,Starkes Baumholz,Starkes Baumholz_13,0,0,0.526,not_young,900.3999999999999,Schüpfheim
5405,61996,3,0,0,0,3,3,3,ds6,,Starkes Baumholz,Starkes Baumholz_13,0,0,6.2,not_young,861.2,Escholzmatt
5415,6777,4,0,0,0,3,4,3,ds6,,Starkes Baumholz,Starkes Baumholz_13,0,0,0.678,not_young,808.2999999999998,Schüpfheim
5423,7154,2,1,0,1,2,2,2,ds6,,Starkes Baumholz,Starkes Baumholz_13,0,0,0.715,not_young,785.2,Schüpfheim
5446,5616,2,1,0,1,2,2,2,ds6,,Starkes Baumholz,Starkes Baumholz_13,0,0,0.562,not_young,875.7,Flühli LU
5448,5852,4,0,0,0,3,4,3,ds6,,Starkes Baumholz,Starkes Baumholz_13,0,0,0.585,not_young,842.5,Escholzmatt
5452,6914,4,0,0,0,3,4,3,ds6,,Starkes Baumholz,Starkes Baumholz_13,0,0,0.691,not_young,832.8999999999999,Schüpfheim
5455,10254,3,0,0,0,3,3,3,ds6,,Starkes Baumholz,Starkes Baumholz_13,0,0,1.025,not_young,937.1,Escholzmatt
5458,5233,2,1,0,1,2,2,2,ds6,,Starkes Baumholz,Starkes Baumholz_13,0,0,0.523,not_young,829.6,Escholzmatt
5459,30052,2,1,0,1,2,2,2,ds6,,Starkes Baumholz,Starkes Baumholz_13,0,0,3.005,not_young,826.6,Schüpfheim
5466,13553,3,0,0,0,3,3,3,ds6,,Starkes Baumholz,Starkes Baumholz_13,0,0,1.355,not_young,933.4,Escholzmatt
5471,16791,3,0,0,0,3,3,3,ds6,,Starkes Baumholz,Starkes Baumholz_13,0,0,1.679,not_young,925.8,Escholzmatt
5472,7590,4,0,0,0,3,4,3,ds6,,Starkes Baumholz,Starkes Baumholz_13,0,0,0.759,not_young,845.1,Schüpfheim
5478,5088,3,0,0,0,3,4,3,ds6,,Starkes Baumholz,Starkes Baumholz_13,0,0,0.509,not_young,871.0,Schüpfheim
5485,20223,2,1,0,1,2,2,2,ds6,,Starkes Baumholz,Starkes Baumholz_13,0,0,2.022,not_young,837.3999999999999,Escholzmatt
5486,5304,4,0,0,0,3,4,3,ds6,,Starkes Baumholz,Starkes Baumholz_13,0,0,0.53,not_young,921.2,Schüpfheim
5491,7246,2,1,0,1,2,2,2,ds2,,Jungwuchs/Dickung,Jungwuchs/Dickung_13,0,0,0.725,young,802.2,Flühli LU
5493,5840,4,0,0,0,3,4,3,ds6,,Starkes Baumholz,Starkes Baumholz_13,0,0,0.584,not_young,921.4,Schüpfheim
5494,5961,3,0,0,0,3,3,3,ds6,,Starkes Baumholz,Starkes Baumholz_13,0,0,0.596,not_young,947.2,Escholzmatt
5495,23996,3,0,0,0,3,3,3,ds6,,Starkes Baumholz,Starkes Baumholz_13,0,0,2.4,not_young,972.2,Escholzmatt
5510,10733,3,0,0,0,3,4,3,ds6,,Starkes Baumholz,Starkes Baumholz_13,0,0,1.073,not_young,899.1,Schüpfheim
5526,8037,3,0,0,0,3,3,3,ds6,,Starkes Baumholz,Starkes Baumholz_13,0,0,0.804,not_young,955.3,Escholzmatt
5534,12497,2,1,0,1,2,2,2,ds6,,Starkes Baumholz,Starkes Baumholz_13,0,0,1.25,not_young,759.7,Schüpfheim
5535,6957,4,0,0,0,3,4,3,ds6,,Starkes Baumholz,Starkes Baumholz_13,0,0,0.696,not_young,857.6,Escholzmatt
5539,27459,2,1,0,1,2,2,2,ds6,,Starkes Baumholz,Starkes Baumholz_13,0,0,2.746,not_young,852.7999999999998,Flühli LU
5540,6520,2,1,0,1,2,2,2,ds5,,Mittleres Baumholz,Mittleres Baumholz_13,0,0,0.652,not_young,779.3999999999999,Flühli LU
5546,5677,4,0,0,0,3,4,3,ds5,,Mittleres Baumholz,Mittleres Baumholz_13,0,0,0.568,not_young,882.0,Escholzmatt
5562,9183,4,0,0,0,3,4,3,ds6,,Starkes Baumholz,Starkes Baumholz_13,0,0,0.918,not_young,900.9,Escholzmatt
5570,5906,4,0,0,0,3,4,3,ds6,,Starkes Baumholz,Starkes Baumholz_13,0,0,0.591,not_young,946.2,Escholzmatt
5575,122636,3,0,0,0,3,4,3,ds6,,Starkes Baumholz,Starkes Baumholz_13,0,0,12.264,not_young,870.6,Escholzmatt
5576,5050,2,1,0,1,2,2,2,ds6,,Starkes Baumholz,Starkes Baumholz_13,0,0,0.505,not_young,901.4,Flühli LU
5580,8558,2,1,0,1,2,2,2,ds6,,Starkes Baumholz,Starkes Baumholz_13,0,0,0.856,not_young,827.2999999999998,Schüpfheim
5613,4961,2,1,0,1,2,2,2,ds6,,Starkes Baumholz,Starkes Baumholz_13,0,0,0.496,not_young,867.5,Escholzmatt
5618,8304,2,1,0,1,2,2,2,ds5,,Mittleres Baumholz,Mittleres Baumholz_6,0,0,0.83,not_young,946.4,Flühli LU
5629,11310,4,0,0,0,3,4,3,ds6,,Starkes Baumholz,Starkes Baumholz_13,0,0,1.131,not_young,901.8,Escholzmatt
5670,59461,2,1,0,1,2,2,2,ds6,,Starkes Baumholz,Starkes Baumholz_13,0,0,5.946,not_young,886.0,Flühli LU
5673,60128,2,1,0,1,2,2,2,ds6,,Starkes Baumholz,Starkes Baumholz_13,0,0,6.013,not_young,863.3999999999999,Escholzmatt
5694,9503,3,0,0,0,3,3,3,ds6,,Starkes Baumholz,Starkes Baumholz_13,0,0,0.95,not_young,870.1,Escholzmatt
5695,18308,3,0,0,0,3,3,3,ds6,,Starkes Baumholz,Starkes Baumholz_13,0,0,1.831,not_young,864.8999999999999,Escholzmatt
5708,5411,4,0,0,0,3,4,3,ds5,,Mittleres Baumholz,Mittleres Baumholz_13,0,0,0.541,not_young,976.8,Escholzmatt
5736,81328,4,0,0,0,3,4,3,ds6,,Starkes Baumholz,Starkes Baumholz_13,0,0,8.133,not_young,933.7,Escholzmatt
5738,7200,2,1,0,1,2,2,2,ds6,,Starkes Baumholz,Starkes Baumholz_13,0,0,0.72,not_young,889.0,Flühli LU
5744,10125,4,0,0,0,3,4,3,ds6,,Starkes Baumholz,Starkes Baumholz_13,0,0,1.012,not_young,943.8,Escholzmatt
5751,41427,2,1,0,1,2,2,2,ds6,,Starkes Baumholz,Starkes Baumholz_13,0,0,4.143,not_young,800.7999999999998,Flühli LU
5758,5554,2,1,0,1,2,2,2,ds6,,Starkes Baumholz,Starkes Baumholz_13,0,0,0.555,not_young,909.1,Flühli LU
5778,8049,4,0,0,0,3,4,3,ds6,,Starkes Baumholz,Starkes Baumholz_13,0,0,0.805,not_young,911.2,Escholzmatt
5779,5683,4,0,0,0,3,4,3,ds6,,Starkes Baumholz,Starkes Baumholz_13,0,0,0.568,not_young,932.2,Escholzmatt
5786,16298,4,0,0,0,3,4,3,ds6,,Starkes Baumholz,Starkes Baumholz_13,0,0,1.63,not_young,894.2999999999998,Escholzmatt
5789,12714,2,1,0,1,2,2,2,ds6,,Starkes Baumholz,Starkes Baumholz_13,0,0,1.271,not_young,906.1,Flühli LU
5802,11485,2,1,0,1,2,2,2,ds6,,Starkes Baumholz,Starkes Baumholz_13,0,0,1.148,not_young,793.1,Flühli LU
5804,5108,2,1,0,1,2,2,2,ds5,,Mittleres Baumholz,Mittleres Baumholz_6,0,0,0.511,not_young,929.2,Flühli LU
5823,14386,2,1,0,1,2,2,2,ds6,,Starkes Baumholz,Starkes Baumholz_13,0,0,1.439,not_young,904.0,Flühli LU
5831,8309,2,1,0,1,2,2,2,ds6,,Starkes Baumholz,Starkes Baumholz_13,0,0,0.831,not_young,799.1,Flühli LU
5838,7660,4,0,0,0,3,4,3,ds6,,Starkes Baumholz,Starkes Baumholz_13,0,0,0.766,not_young,960.0,Escholzmatt
5879,6668,2,1,0,1,2,2,2,ds6,,Starkes Baumholz,Starkes Baumholz_13,0,0,0.667,not_young,923.8,Flühli LU
5901,17468,4,0,0,0,3,4,3,ds6,,Starkes Baumholz,Starkes Baumholz_13,0,0,1.747,not_young,930.7,Escholzmatt
5920,7507,3,0,0,0,3,3,3,ds6,,Starkes Baumholz,Starkes Baumholz_13,0,0,0.751,not_young,892.0,Escholzmatt
5933,11692,2,1,0,1,2,2,2,ds6,,Starkes Baumholz,Starkes Baumholz_13,0,0,1.169,not_young,822.2999999999998,Flühli LU
5967,5208,3,0,0,0,3,4,3,ds6,,Starkes Baumholz,Starkes Baumholz_13,0,0,0.521,not_young,921.7,Escholzmatt
5982,6855,2,1,0,1,2,2,2,ds5,,Mittleres Baumholz,Mittleres Baumholz_13,0,0,0.686,not_young,967.5,Escholzmatt
6026,9610,4,0,0,0,3,4,3,ds6,,Starkes Baumholz,Starkes Baumholz_13,0,0,0.961,not_young,890.2,Escholzmatt
6031,24249,2,1,0,1,2,2,2,ds6,,Starkes Baumholz,Starkes Baumholz_13,0,0,2.425,not_young,897.0,Flühli LU
6034,7974,2,1,0,1,2,2,2,ds6,,Starkes Baumholz,Starkes Baumholz_6,0,0,0.797,not_young,958.7,Flühli LU
6045,6437,3,0,0,0,3,3,3,ds5,,Mittleres Baumholz,Mittleres Baumholz_13,0,0,0.644,not_young,931.4,Flühli LU
6049,7229,3,0,0,0,3,4,3,ds6,,Starkes Baumholz,Starkes Baumholz_13,0,0,0.723,not_young,937.5,Escholzmatt
6052,4982,2,1,0,1,2,2,2,ds6,,Starkes Baumholz,Starkes Baumholz_13,0,0,0.498,not_young,936.5,Escholzmatt
6067,31934,4,0,0,0,3,4,3,ds6,,Starkes Baumholz,Starkes Baumholz_13,0,0,3.193,not_young,951.3,Escholzmatt
6076,21622,3,0,0,0,3,3,3,ds6,,Starkes Baumholz,Starkes Baumholz_13,0,0,2.162,not_young,922.9,Escholzmatt
6084,5293,2,1,0,1,2,2,2,ds6,,Starkes Baumholz,Starkes Baumholz_13,0,0,0.529,not_young,948.9,Escholzmatt
6102,10617,4,0,0,0,3,4,3,ds6,,Starkes Baumholz,Starkes Baumholz_13,0,0,1.062,not_young,968.5,Escholzmatt
6111,7078,3,0,0,0,3,3,3,ds4,,Schwaches Baumholz,Schwaches Baumholz_6,0,0,0.708,not_young,933.9,Flühli LU
6119,5630,3,0,0,0,3,3,3,ds5,,Mittleres Baumholz,Mittleres Baumholz_13,0,0,0.563,not_young,833.7,Flühli LU
6135,5775,3,0,0,0,3,3,3,ds6,,Starkes Baumholz,Starkes Baumholz_13,0,0,0.578,not_young,940.2,Escholzmatt
6155,21737,2,1,0,1,2,2,2,ds6,,Starkes Baumholz,Starkes Baumholz_13,0,0,2.174,not_young,923.0,Flühli LU
6176,12787,3,0,0,0,3,3,3,ds6,,Starkes Baumholz,Starkes Baumholz_13,0,0,1.279,not_young,815.1,Marbach LU
6178,5576,4,0,0,0,3,4,3,ds6,,Starkes Baumholz,Starkes Baumholz_13,0,0,0.558,not_young,969.7,Escholzmatt
6181,26070,2,1,0,1,2,2,2,ds6,,Starkes Baumholz,Starkes Baumholz_13,0,0,2.607,not_young,918.8,Flühli LU
6187,17211,4,0,0,0,3,4,3,ds6,,Starkes Baumholz,Starkes Baumholz_13,0,0,1.721,not_young,918.8,Escholzmatt
6198,5813,3,0,0,0,3,3,3,ds2,,Jungwuchs/Dickung,Jungwuchs/Dickung_13,0,0,0.581,young,835.6,Flühli LU
6199,6403,2,1,0,1,2,2,2,ds5,,Mittleres Baumholz,Mittleres Baumholz_6,0,0,0.64,not_young,967.6,Flühli LU
6207,5826,4,0,0,0,3,4,3,ds6,,Starkes Baumholz,Starkes Baumholz_13,0,0,0.583,not_young,939.0,Escholzmatt
6213,5880,3,0,0,0,3,3,3,ds5,,Mittleres Baumholz,Mittleres Baumholz_6,0,0,0.588,not_young,969.7,Flühli LU
6218,5383,3,0,0,0,3,3,3,ds5,,Mittleres Baumholz,Mittleres Baumholz_6,0,0,0.538,not_young,933.5,Flühli LU
6239,8452,3,0,0,0,3,3,3,ds5,,Mittleres Baumholz,Mittleres Baumholz_13,0,0,0.845,not_young,805.3999999999999,Marbach LU
6243,10858,2,1,0,1,2,2,2,ds6,,Starkes Baumholz,Starkes Baumholz_13,0,0,1.086,not_young,924.8,Flühli LU
6252,9854,3,0,0,0,3,4,3,ds6,,Starkes Baumholz,Starkes Baumholz_13,0,0,0.985,not_young,882.2,Escholzmatt
6253,6239,2,1,0,1,2,2,2,ds6,,Starkes Baumholz,Starkes Baumholz_13,0,0,0.624,not_young,935.1,Flühli LU
6262,7002,2,1,0,1,2,2,2,ds6,,Starkes Baumholz,Starkes Baumholz_6,0,0,0.7,not_young,977.0,Flühli LU
6263,6633,3,0,0,0,3,3,3,ds6,,Starkes Baumholz,Starkes Baumholz_13,0,0,0.663,not_young,852.3999999999999,Marbach LU
6264,6773,3,0,0,0,3,3,3,ds6,,Starkes Baumholz,Starkes Baumholz_13,0,0,0.677,not_young,807.7999999999998,Marbach LU
6271,6350,3,0,0,0,3,3,3,ds6,,Starkes Baumholz,Starkes Baumholz_13,0,0,0.635,not_young,852.2999999999998,Marbach LU
6274,16259,3,0,0,0,3,3,3,ds6,,Starkes Baumholz,Starkes Baumholz_13,0,0,1.626,not_young,814.1,Marbach LU
6277,11000,3,0,0,0,3,3,3,ds6,,Starkes Baumholz,Starkes Baumholz_13,0,0,1.1,not_young,887.8999999999999,Marbach LU
6291,7514,3,0,0,0,3,3,3,ds6,,Starkes Baumholz,Starkes Baumholz_13,0,0,0.751,not_young,788.2,Marbach LU
6293,10173,3,0,0,0,3,3,3,ds6,,Starkes Baumholz,Starkes Baumholz_13,0,0,1.017,not_young,836.5,Marbach LU
6298,6284,3,0,0,0,3,3,3,ds6,,Starkes Baumholz,Starkes Baumholz_13,0,0,0.628,not_young,891.5,Marbach LU
6304,5054,2,1,0,1,2,2,2,ds6,,Starkes Baumholz,Starkes Baumholz_13,0,0,0.505,not_young,863.0,Flühli LU
6308,6600,3,0,0,0,3,3,3,ds6,,Starkes Baumholz,Starkes Baumholz_13,0,0,0.66,not_young,914.7,Marbach LU
6309,9581,3,0,0,0,3,3,3,ds6,,Starkes Baumholz,Starkes Baumholz_13,0,0,0.958,not_young,820.7,Marbach LU
6314,6950,3,0,0,0,3,3,3,ds6,,Starkes Baumholz,Starkes Baumholz_13,0,0,0.695,not_young,890.2999999999998,Marbach LU
6315,7519,3,0,0,0,3,4,3,ds6,,Starkes Baumholz,Starkes Baumholz_13,0,0,0.752,not_young,884.8999999999999,Escholzmatt
6316,6566,2,1,0,1,2,2,2,ds4,,Schwaches Baumholz,Schwaches Baumholz_13,0,0,0.657,not_young,874.8999999999999,Flühli LU
6322,9063,3,0,0,0,3,4,3,ds6,,Starkes Baumholz,Starkes Baumholz_13,0,0,0.906,not_young,956.2,Escholzmatt
6328,7312,2,1,0,1,2,2,2,ds6,,Starkes Baumholz,Starkes Baumholz_13,0,0,0.731,not_young,878.7,Flühli LU
6332,6944,2,1,0,1,2,2,2,ds6,,Starkes Baumholz,Starkes Baumholz_13,0,0,0.694,not_young,847.8999999999999,Marbach LU
6335,15279,2,1,0,1,2,2,2,ds6,,Starkes Baumholz,Starkes Baumholz_13,0,0,1.528,not_young,887.8999999999999,Flühli LU
6341,5272,3,0,0,0,3,4,3,ds6,,Starkes Baumholz,Starkes Baumholz_13,0,0,0.527,not_young,938.4,Escholzmatt
6342,19918,3,0,0,0,3,4,3,ds6,,Starkes Baumholz,Starkes Baumholz_13,0,0,1.992,not_young,931.4,Escholzmatt
6345,4998,3,0,0,0,3,3,3,ds6,,Starkes Baumholz,Starkes Baumholz_13,0,0,0.5,not_young,845.7999999999998,Marbach LU
6348,63269,3,0,0,0,3,3,3,ds6,,Starkes Baumholz,Starkes Baumholz_13,0,0,6.327,not_young,912.8,Marbach LU
6350,14914,3,0,0,0,3,3,3,ds6,,Starkes Baumholz,Starkes Baumholz_13,0,0,1.491,not_young,895.6,Flühli LU
6353,46628,3,0,0,0,3,3,3,ds6,,Starkes Baumholz,Starkes Baumholz_13,0,0,4.663,not_young,906.9,Marbach LU
6355,11739,4,0,0,0,3,4,3,ds6,,Starkes Baumholz,Starkes Baumholz_13,0,0,1.174,not_young,930.6,Marbach LU
6357,43137,4,0,0,0,3,4,3,ds6,,Starkes Baumholz,Starkes Baumholz_13,0,0,4.314,not_young,866.7999999999998,Wiggen
6360,5545,3,0,0,0,3,3,3,ds6,,Starkes Baumholz,Starkes Baumholz_13,0,0,0.555,not_young,966.3,Trubschachen
6361,5909,2,1,0,1,2,2,2,ds6,,Starkes Baumholz,Starkes Baumholz_13,0,0,0.591,not_young,948.7,Flühli LU
6364,7178,3,0,0,0,3,3,3,ds6,,Starkes Baumholz,Starkes Baumholz_13,0,0,0.718,not_young,831.6,Marbach LU
6365,64505,3,0,0,0,3,3,3,ds6,,Starkes Baumholz,Starkes Baumholz_13,0,0,6.451,not_young,933.5,Marbach LU
6374,8440,4,0,0,0,3,4,3,ds5,,Mittleres Baumholz,Mittleres Baumholz_13,0,0,0.844,not_young,958.6,Flühli LU
6379,8231,3,0,0,0,3,3,3,ds6,,Starkes Baumholz,Starkes Baumholz_13,0,0,0.823,not_young,859.0,Wiggen
6385,6025,4,0,0,0,3,4,3,ds6,,Starkes Baumholz,Starkes Baumholz_13,0,0,0.602,not_young,888.0,Marbach LU
6386,5000,3,0,0,0,3,4,3,ds6,,Starkes Baumholz,Starkes Baumholz_13,0,0,0.5,not_young,941.4,Marbach LU
6389,6433,3,0,0,0,3,4,3,ds5,,Mittleres Baumholz,Mittleres Baumholz_13,0,0,0.643,not_young,931.3,Escholzmatt
6448,17699,2,1,0,1,2,2,2,ds6,,Starkes Baumholz,Starkes Baumholz_13,0,0,1.77,not_young,823.0,Marbach LU
6449,70679,3,0,0,0,3,4,3,ds6,,Starkes Baumholz,Starkes Baumholz_13,0,0,7.068,not_young,960.2,Escholzmatt
6452,5900,3,0,0,0,3,3,3,ds6,,Starkes Baumholz,Starkes Baumholz_13,0,0,0.59,not_young,968.1,Flühli LU
6454,5150,4,0,0,0,3,4,3,ds6,,Starkes Baumholz,Starkes Baumholz_13,0,0,0.515,not_young,925.1,Marbach LU
6455,10735,3,0,0,0,3,3,3,ds6,,Starkes Baumholz,Starkes Baumholz_13,0,0,1.073,not_young,911.7,Flühli LU
6456,6933,4,0,0,0,3,4,3,ds6,,Starkes Baumholz,Starkes Baumholz_13,0,0,0.693,not_young,963.2,Escholzmatt
6463,7350,3,0,0,0,3,4,3,ds6,,Starkes Baumholz,Starkes Baumholz_13,0,0,0.735,not_young,933.9,Marbach LU
6464,19659,3,0,0,0,3,4,3,ds6,,Starkes Baumholz,Starkes Baumholz_13,0,0,1.966,not_young,952.3,Escholzmatt
6467,6450,4,0,0,0,3,4,3,ds5,,Mittleres Baumholz,Mittleres Baumholz_13,0,0,0.645,not_young,980.9,Marbach LU
6480,10194,4,0,0,0,3,4,3,ds6,,Starkes Baumholz,Starkes Baumholz_13,0,0,1.019,not_young,831.2,Marbach LU
6487,45752,3,0,0,0,3,4,3,ds6,,Starkes Baumholz,Starkes Baumholz_13,0,0,4.575,not_young,910.6,Marbach LU
6495,6448,3,0,0,0,3,3,3,ds6,,Starkes Baumholz,Starkes Baumholz_13,0,0,0.645,not_young,907.6,Flühli LU
6496,6536,4,0,0,0,3,4,3,ds6,,Starkes Baumholz,Starkes Baumholz_13,0,0,0.654,not_young,852.0,Marbach LU
6499,5500,4,0,0,0,3,4,3,ds6,,Starkes Baumholz,Starkes Baumholz_13,0,0,0.55,not_young,900.0,Trubschachen
6503,6594,4,0,0,0,3,4,3,ds6,,Starkes Baumholz,Starkes Baumholz_13,0,0,0.659,not_young,878.7999999999998,Marbach LU
6511,6000,3,0,0,0,3,4,3,ds6,,Starkes Baumholz,Starkes Baumholz_13,0,0,0.6,not_young,938.8,Trubschachen
6513,26889,4,0,0,0,3,4,3,ds6,,Starkes Baumholz,Starkes Baumholz_13,0,0,2.689,not_young,931.9,Marbach LU
6514,27350,2,1,0,1,2,2,2,ds6,,Starkes Baumholz,Starkes Baumholz_13,0,0,2.735,not_young,887.2999999999998,Marbach LU
6518,11500,4,0,0,0,3,4,3,ds6,,Starkes Baumholz,Starkes Baumholz_13,0,0,1.15,not_young,871.2999999999998,Marbach LU
6522,7250,3,0,0,0,3,4,3,ds1,,Jungwuchs/Dickung,Jungwuchs/Dickung_13,0,0,0.725,young,950.0,Trubschachen
6536,18745,2,1,0,1,2,2,2,ds6,,Starkes Baumholz,Starkes Baumholz_13,0,0,1.874,not_young,941.3,Flühli LU
6537,5426,3,0,0,0,3,3,3,ds5,,Mittleres Baumholz,Mittleres Baumholz_13,0,0,0.543,not_young,957.6,Marbach LU
6539,11692,4,0,0,0,3,4,3,ds6,,Starkes Baumholz,Starkes Baumholz_13,0,0,1.169,not_young,873.5,Marbach LU
6542,7159,3,0,0,0,3,3,3,ds6,,Starkes Baumholz,Starkes Baumholz_13,0,0,0.716,not_young,830.2999999999998,Marbach LU
6545,8591,4,0,0,0,3,4,3,ds6,,Starkes Baumholz,Starkes Baumholz_6,0,0,0.859,not_young,962.3,Trubschachen
6546,5369,4,0,0,0,3,4,3,ds6,,Starkes Baumholz,Starkes Baumholz_13,0,0,0.537,not_young,876.7999999999998,Marbach LU
6560,19272,3,0,0,0,3,3,3,ds6,,Starkes Baumholz,Starkes Baumholz_13,0,0,1.927,not_young,936.7,Marbach LU
6561,5801,3,0,0,0,3,3,3,ds6,,Starkes Baumholz,Starkes Baumholz_13,0,0,0.58,not_young,889.7,Marbach LU
6569,5497,3,0,0,0,3,4,3,ds6,,Starkes Baumholz,Starkes Baumholz_13,0,0,0.55,not_young,972.4,Escholzmatt
6571,4973,3,0,0,0,3,4,3,ds6,,Starkes Baumholz,Starkes Baumholz_13,0,0,0.497,not_young,956.9,Marbach LU
6572,25350,4,0,0,0,3,4,3,ds6,,Starkes Baumholz,Starkes Baumholz_13,0,0,2.535,not_young,948.0,Marbach LU
6577,5498,3,0,0,0,3,3,3,ds5,,Mittleres Baumholz,Mittleres Baumholz_13,0,0,0.55,not_young,905.1,Marbach LU
6588,12014,4,0,0,0,3,4,3,ds6,,Starkes Baumholz,Starkes Baumholz_13,0,0,1.201,not_young,950.1,Marbach LU
6592,18355,4,0,0,0,3,4,3,ds6,,Starkes Baumholz,Starkes Baumholz_13,0,0,1.836,not_young,873.1,Marbach LU
6593,11306,2,1,0,1,2,2,2,ds6,,Starkes Baumholz,Starkes Baumholz_13,0,0,1.131,not_young,932.0,Wiggen
6595,7063,3,0,0,0,3,3,3,ds6,,Starkes Baumholz,Starkes Baumholz_13,0,0,0.706,not_young,868.0,Marbach LU
6602,9750,4,0,0,0,3,4,3,ds6,,Starkes Baumholz,Starkes Baumholz_13,0,0,0.975,not_young,936.6,Marbach LU
6618,5166,2,1,0,1,2,2,2,ds5,,Mittleres Baumholz,Mittleres Baumholz_13,0,0,0.517,not_young,902.8,Wiggen
6619,9964,3,0,0,0,3,4,3,ds6,,Starkes Baumholz,Starkes Baumholz_13,0,0,0.996,not_young,885.0,Marbach LU
6620,7250,4,0,0,0,3,4,3,ds5,,Mittleres Baumholz,Mittleres Baumholz_13,0,0,0.725,not_young,940.4,Marbach LU
6621,27883,3,0,0,0,3,3,3,ds6,,Starkes Baumholz,Starkes Baumholz_13,0,0,2.788,not_young,864.8999999999999,Wiggen
6623,5101,4,0,0,0,3,4,3,ds6,,Starkes Baumholz,Starkes Baumholz_13,0,0,0.51,not_young,906.2,Marbach LU
6629,20905,4,0,0,0,3,4,3,ds6,,Starkes Baumholz,Starkes Baumholz_13,0,0,2.09,not_young,899.7,Marbach LU
6631,6659,3,0,0,0,3,4,3,ds6,,Starkes Baumholz,Starkes Baumholz_13,0,0,0.666,not_young,892.0,Marbach LU
6632,10227,2,1,0,1,2,2,2,ds6,,Starkes Baumholz,Starkes Baumholz_13,0,0,1.023,not_young,931.4,Wiggen
6634,10102,3,0,0,0,3,4,3,ds6,,Starkes Baumholz,Starkes Baumholz_13,0,0,1.01,not_young,885.2999999999998,Marbach LU
6641,19574,4,0,0,0,3,4,3,ds6,,Starkes Baumholz,Starkes Baumholz_13,0,0,1.957,not_young,925.3,Marbach LU
6642,27916,3,0,0,0,3,4,3,ds6,,Starkes Baumholz,Starkes Baumholz_13,0,0,2.792,not_young,870.8999999999999,Marbach LU
6653,8645,4,0,0,0,3,4,3,ds6,,Starkes Baumholz,Starkes Baumholz_13,0,0,0.864,not_young,874.5,Marbach LU
6661,25271,2,1,0,1,2,2,2,ds6,,Starkes Baumholz,Starkes Baumholz_13,0,0,2.527,not_young,937.6,Wiggen
6668,5396,4,0,0,0,3,4,3,ds6,,Starkes Baumholz,Starkes Baumholz_13,0,0,0.54,not_young,924.6,Marbach LU
6672,5011,4,0,0,0,3,4,3,ds6,,Starkes Baumholz,Starkes Baumholz_13,0,0,0.501,not_young,930.7,Marbach LU
6676,5116,4,0,0,0,3,4,3,ds6,,Starkes Baumholz,Starkes Baumholz_13,0,0,0.512,not_young,899.2,Wiggen
6702,9621,3,0,0,0,3,3,3,ds6,,Starkes Baumholz,Starkes Baumholz_13,0,0,0.962,not_young,902.4,Wiggen
6708,166278,2,1,0,1,2,2,2,ds6,,Starkes Baumholz,Starkes Baumholz_13,0,0,16.628,not_young,960.1,Wiggen
6710,5272,2,1,0,1,2,2,2,ds6,,Starkes Baumholz,Starkes Baumholz_13,0,0,0.527,not_young,835.5,Marbach LU
6713,28770,4,0,0,0,3,4,3,ds6,,Starkes Baumholz,Starkes Baumholz_13,0,0,2.877,not_young,937.5,Wiggen
6715,12137,3,0,0,0,3,3,3,ds6,,Starkes Baumholz,Starkes Baumholz_13,0,0,1.214,not_young,883.6,Marbach LU
6720,14753,3,0,0,0,3,3,3,ds6,,Starkes Baumholz,Starkes Baumholz_13,0,0,1.475,not_young,873.6,Wiggen
6724,12270,4,0,0,0,3,4,3,ds6,,Starkes Baumholz,Starkes Baumholz_13,0,0,1.227,not_young,928.8,Marbach LU
6732,11395,2,1,0,1,2,2,2,ds6,,Starkes Baumholz,Starkes Baumholz_13,0,0,1.14,not_young,872.8999999999999,Marbach LU
6733,5912,4,0,0,0,3,4,3,ds6,,Starkes Baumholz,Starkes Baumholz_13,0,0,0.591,not_young,952.3,Wiggen
6734,6130,3,0,0,0,3,4,3,ds6,,Starkes Baumholz,Starkes Baumholz_13,0,0,0.613,not_young,929.1,Marbach LU
6737,5406,4,0,0,0,3,4,3,ds6,,Starkes Baumholz,Starkes Baumholz_13,0,0,0.541,not_young,969.4,Wiggen
6741,7201,2,1,0,1,2,2,2,ds5,,Mittleres Baumholz,Mittleres Baumholz_13,0,0,0.72,not_young,842.0,Marbach LU
6745,7793,2,1,0,1,2,2,2,ds6,,Starkes Baumholz,Starkes Baumholz_13,0,0,0.779,not_young,858.0,Marbach LU
6747,6459,2,1,0,1,2,2,2,ds5,,Mittleres Baumholz,Mittleres Baumholz_13,0,0,0.646,not_young,916.9,Flühli LU
6755,4963,2,1,0,1,2,2,2,ds6,,Starkes Baumholz,Starkes Baumholz_13,0,0,0.496,not_young,856.7999999999998,Wiggen
6757,28665,2,1,0,1,2,2,2,ds6,,Starkes Baumholz,Starkes Baumholz_13,0,0,2.866,not_young,877.1,Wiggen
6768,8059,2,1,0,1,2,2,2,ds6,,Starkes Baumholz,Starkes Baumholz_13,0,0,0.806,not_young,913.3,Marbach LU
6813,16994,4,0,0,0,3,4,3,ds5,,Mittleres Baumholz,Mittleres Baumholz_13,0,0,1.699,not_young,855.7999999999998,Marbach LU
6815,5250,2,1,0,1,2,2,2,ds6,,Starkes Baumholz,Starkes Baumholz_13,0,0,0.525,not_young,914.9,Marbach LU
6816,8976,2,1,0,1,2,2,2,ds6,,Starkes Baumholz,Starkes Baumholz_13,0,0,0.898,not_young,878.7,Marbach LU
6819,18328,3,0,0,0,3,3,3,ds6,,Starkes Baumholz,Starkes Baumholz_13,0,0,1.833,not_young,905.3,Marbach LU
6823,5888,2,1,0,1,2,2,2,ds6,,Starkes Baumholz,Starkes Baumholz_13,0,0,0.589,not_young,879.3999999999999,Marbach LU
6828,5478,2,1,0,1,2,2,2,ds6,,Starkes Baumholz,Starkes Baumholz_13,0,0,0.548,not_young,853.7999999999998,Wiggen
6835,5180,2,1,0,1,2,2,2,ds6,,Starkes Baumholz,Starkes Baumholz_13,0,0,0.518,not_young,891.2999999999998,Marbach LU
6836,5100,2,1,0,1,2,2,2,ds5,,Mittleres Baumholz,Mittleres Baumholz_13,0,0,0.51,not_young,868.2,Marbach LU
6842,5582,4,0,0,0,3,4,3,ds5,,Mittleres Baumholz,Mittleres Baumholz_13,0,0,0.558,not_young,954.9,Marbach LU
6843,12621,2,1,0,1,2,2,2,ds6,,Starkes Baumholz,Starkes Baumholz_13,0,0,1.262,not_young,901.6,Wiggen
6844,6250,4,0,0,0,3,4,3,ds5,,Mittleres Baumholz,Mittleres Baumholz_13,0,0,0.625,not_young,901.7,Wiggen
6850,6608,3,0,0,0,3,3,3,ds2,,Jungwuchs/Dickung,Jungwuchs/Dickung_6,0,0,0.661,young,944.7,Flühli LU
6851,6382,3,0,0,0,3,3,3,ds6,,Starkes Baumholz,Starkes Baumholz_13,0,0,0.638,not_young,863.2,Marbach LU
6854,7605,3,0,0,0,3,4,3,ds6,,Starkes Baumholz,Starkes Baumholz_13,0,0,0.761,not_young,901.6,Marbach LU
6856,11421,2,1,0,1,2,2,2,ds6,,Starkes Baumholz,Starkes Baumholz_13,0,0,1.142,not_young,868.8999999999999,Marbach LU
6863,31352,4,0,0,0,3,4,3,ds6,,Starkes Baumholz,Starkes Baumholz_13,0,0,3.135,not_young,943.0,Wiggen
6870,6350,3,0,0,0,3,3,3,ds4,,Schwaches Baumholz,Schwaches Baumholz_6,0,0,0.635,not_young,959.8,Flühli LU
6871,13164,3,0,0,0,3,3,3,ds6,,Starkes Baumholz,Starkes Baumholz_13,0,0,1.316,not_young,938.2,Flühli LU
6877,6394,3,0,0,0,3,3,3,ds6,,Starkes Baumholz,Starkes Baumholz_13,0,0,0.639,not_young,862.8999999999999,Wiggen
6882,5199,2,1,0,1,2,2,2,ds6,,Starkes Baumholz,Starkes Baumholz_13,0,0,0.52,not_young,886.3999999999999,Marbach LU
6883,9543,2,1,0,1,2,2,2,ds6,,Starkes Baumholz,Starkes Baumholz_13,0,0,0.954,not_young,858.3999999999999,Wiggen
6887,7350,2,1,0,1,2,2,2,ds6,,Starkes Baumholz,Starkes Baumholz_13,0,0,0.735,not_young,911.1,Marbach LU
6889,5000,4,0,0,0,3,4,3,ds5,,Mittleres Baumholz,Mittleres Baumholz_13,0,0,0.5,not_young,884.6,Wiggen
6896,7559,3,0,0,0,3,3,3,ds6,,Starkes Baumholz,Starkes Baumholz_13,0,0,0.756,not_young,862.2999999999998,Marbach LU
6897,8138,4,0,0,0,3,4,3,ds6,,Starkes Baumholz,Starkes Baumholz_13,0,0,0.814,not_young,959.0,Marbach LU
6899,9899,3,0,0,0,3,3,3,ds6,,Starkes Baumholz,Starkes Baumholz_13,0,0,0.99,not_young,860.3999999999999,Wiggen
6905,12025,4,0,0,0,3,4,3,ds6,,Starkes Baumholz,Starkes Baumholz_13,0,0,1.202,not_young,882.3999999999999,Marbach LU
6912,11376,2,1,0,1,2,2,2,ds6,,Starkes Baumholz,Starkes Baumholz_13,0,0,1.138,not_young,875.7999999999998,Marbach LU
6922,5534,4,0,0,0,3,4,3,ds5,,Mittleres Baumholz,Mittleres Baumholz_13,0,0,0.553,not_young,874.1,Wiggen
6927,12600,4,0,0,0,3,4,3,ds5,,Mittleres Baumholz,Mittleres Baumholz_13,0,0,1.26,not_young,904.1,Wiggen
6929,17376,3,0,0,0,3,3,3,ds6,,Starkes Baumholz,Starkes Baumholz_13,0,0,1.738,not_young,869.3999999999999,Marbach LU
6931,7834,2,1,0,1,2,2,2,ds6,,Starkes Baumholz,Starkes Baumholz_13,0,0,0.783,not_young,883.5,Marbach LU
6939,4997,3,0,0,0,3,3,3,ds6,,Starkes Baumholz,Starkes Baumholz_13,0,0,0.5,not_young,903.6,Marbach LU
6940,9200,3,0,0,0,3,4,3,ds5,,Mittleres Baumholz,Mittleres Baumholz_13,0,0,0.92,not_young,967.7,Wiggen
6950,28600,2,1,0,1,2,2,2,ds6,,Starkes Baumholz,Starkes Baumholz_13,0,0,2.86,not_young,927.1,Marbach LU
6969,65594,2,1,0,1,2,2,2,ds6,,Starkes Baumholz,Starkes Baumholz_13,0,0,6.559,not_young,925.8,Wiggen
6971,9662,4,0,0,0,3,4,3,ds6,,Starkes Baumholz,Starkes Baumholz_13,0,0,0.966,not_young,914.9,Marbach LU
6972,32218,3,0,0,0,3,4,3,ds6,,Starkes Baumholz,Starkes Baumholz_13,0,0,3.222,not_young,935.0,Marbach LU
6987,15776,4,0,0,0,3,4,3,ds6,,Starkes Baumholz,Starkes Baumholz_13,0,0,1.578,not_young,945.0,Marbach LU
7000,6635,3,0,0,0,3,4,3,ds6,,Starkes Baumholz,Starkes Baumholz_13,0,0,0.663,not_young,930.6,Marbach LU
7010,4989,3,0,0,0,3,3,3,ds6,,Starkes Baumholz,Starkes Baumholz_13,0,0,0.499,not_young,892.5,Wiggen
7012,8737,4,0,0,0,3,4,3,ds5,,Mittleres Baumholz,Mittleres Baumholz_13,0,0,0.874,not_young,958.1,Marbach LU
7013,38467,4,0,0,0,3,4,3,ds6,,Starkes Baumholz,Starkes Baumholz_13,0,0,3.847,not_young,880.7,Marbach LU
7024,18068,3,0,0,0,3,3,3,ds5,,Mittleres Baumholz,Mittleres Baumholz_13,0,0,1.807,not_young,920.2,Flühli LU
7025,8350,4,0,0,0,3,4,3,ds6,,Starkes Baumholz,Starkes Baumholz_13,0,0,0.835,not_young,909.4,Marbach LU
7038,5150,4,0,0,0,3,4,3,ds5,,Mittleres Baumholz,Mittleres Baumholz_13,0,0,0.515,not_young,917.2,Marbach LU
7041,6678,3,0,0,0,3,4,3,ds6,,Starkes Baumholz,Starkes Baumholz_13,0,0,0.668,not_young,906.7,Marbach LU
7067,6000,4,0,0,0,3,4,3,ds6,,Starkes Baumholz,Starkes Baumholz_13,0,0,0.6,not_young,853.1,Marbach LU
7101,14458,3,0,0,0,3,4,3,ds6,,Starkes Baumholz,Starkes Baumholz_13,0,0,1.446,not_young,885.6,Marbach LU
7105,6233,4,0,0,0,3,4,3,ds5,,Mittleres Baumholz,Mittleres Baumholz_13,0,0,0.623,not_young,822.1,Marbach LU
7111,11645,2,1,0,1,2,2,2,ds6,,Starkes Baumholz,Starkes Baumholz_13,0,0,1.164,not_young,953.8,Wiggen
7123,28616,3,0,0,0,3,4,3,ds6,,Starkes Baumholz,Starkes Baumholz_13,0,0,2.862,not_young,959.3,Marbach LU
7129,14939,3,0,0,0,3,4,3,ds6,,Starkes Baumholz,Starkes Baumholz_13,0,0,1.494,not_young,907.7,Marbach LU
7136,5642,3,0,0,0,3,3,3,ds6,,Starkes Baumholz,Starkes Baumholz_13,0,0,0.564,not_young,862.1,Marbach LU
7171,23835,3,0,0,0,3,3,3,ds6,,Starkes Baumholz,Starkes Baumholz_13,0,0,2.384,not_young,899.5,Marbach LU
7172,5167,3,0,0,0,3,4,3,ds6,,Starkes Baumholz,Starkes Baumholz_13,0,0,0.517,not_young,927.6,Wiggen
7176,7001,4,0,0,0,3,4,3,ds5,,Mittleres Baumholz,Mittleres Baumholz_13,0,0,0.7,not_young,943.9,Wiggen
7179,6368,2,1,0,1,2,2,2,ds6,,Starkes Baumholz,Starkes Baumholz_13,0,0,0.637,not_young,948.4,Flühli LU
7184,23252,2,1,0,1,2,2,2,ds5,,Mittleres Baumholz,Mittleres Baumholz_13,0,0,2.325,not_young,922.2,Flühli LU
7185,6473,3,0,0,0,3,3,3,ds4,,Schwaches Baumholz,Schwaches Baumholz_13,0,0,0.647,not_young,905.0,Flühli LU
7188,6738,3,0,0,0,3,4,3,ds6,,Starkes Baumholz,Starkes Baumholz_13,0,0,0.674,not_young,901.1,Marbach LU
7195,8217,3,0,0,0,3,4,3,ds6,,Starkes Baumholz,Starkes Baumholz_13,0,0,0.822,not_young,953.7,Marbach LU
7206,16254,3,0,0,0,3,4,3,ds6,,Starkes Baumholz,Starkes Baumholz_13,0,0,1.625,not_young,917.5,Marbach LU
7214,41108,3,0,0,0,3,4,3,ds6,,Starkes Baumholz,Starkes Baumholz_13,0,0,4.111,not_young,903.8,Marbach LU
7215,7224,3,0,0,0,3,3,3,ds6,,Starkes Baumholz,Starkes Baumholz_13,0,0,0.722,not_young,900.1,Marbach LU
7222,15977,3,0,0,0,3,3,3,ds5,,Mittleres Baumholz,Mittleres Baumholz_13,0,0,1.598,not_young,907.2,Flühli LU
7224,65141,4,0,0,0,3,4,3,ds6,,Starkes Baumholz,Starkes Baumholz_13,0,0,6.514,not_young,947.3,Wiggen
7230,4999,4,0,0,0,3,4,3,ds6,,Starkes Baumholz,Starkes Baumholz_13,0,0,0.5,not_young,876.5,Wiggen
7234,6645,3,0,0,0,3,3,3,ds6,,Starkes Baumholz,Starkes Baumholz_13,0,0,0.665,not_young,890.0,Marbach LU
7243,5408,3,0,0,0,3,3,3,ds5,,Mittleres Baumholz,Mittleres Baumholz_13,0,0,0.541,not_young,912.8,Flühli LU
7265,5183,4,0,0,0,3,4,3,ds5,,Mittleres Baumholz,Mittleres Baumholz_13,0,0,0.518,not_young,910.4,Flühli LU
7283,5340,3,0,0,0,3,3,3,ds6,,Starkes Baumholz,Starkes Baumholz_13,0,0,0.534,not_young,876.5,Marbach LU
7284,5510,3,0,0,0,3,4,3,ds4,,Schwaches Baumholz,Schwaches Baumholz_13,0,0,0.551,not_young,916.3,Flühli LU
7297,5323,3,0,0,0,3,3,3,ds5,,Mittleres Baumholz,Mittleres Baumholz_13,0,0,0.532,not_young,918.2,Flühli LU
7301,6016,3,0,0,0,3,3,3,ds4,,Schwaches Baumholz,Schwaches Baumholz_13,0,0,0.602,not_young,928.2,Flühli LU
7304,12128,3,0,0,0,3,3,3,ds6,,Starkes Baumholz,Starkes Baumholz_6,0,0,1.213,not_young,984.9,Flühli LU
7323,9619,2,1,0,1,2,2,2,ds5,,Mittleres Baumholz,Mittleres Baumholz_13,0,0,0.962,not_young,936.1,Flühli LU
7335,8231,2,1,0,1,2,2,2,ds6,,Starkes Baumholz,Starkes Baumholz_13,0,0,0.823,not_young,931.6,Flühli LU
7364,5905,2,1,0,1,2,2,2,ds4,,Schwaches Baumholz,Schwaches Baumholz_6,0,0,0.59,not_young,970.1,Flühli LU
7368,10773,3,0,0,0,3,3,3,ds3,,Stangenholz,Stangenholz_13,0,0,1.077,not_young,938.7,Flühli LU
7372,5415,3,0,0,0,3,3,3,ds3,,Stangenholz,Stangenholz_13,0,0,0.542,not_young,947.8,Flühli LU
7378,11544,3,0,0,0,3,3,3,ds4,,Schwaches Baumholz,Schwaches Baumholz_13,0,0,1.154,not_young,936.0,Flühli LU
7385,7626,3,0,0,0,3,4,3,ds6,,Starkes Baumholz,Starkes Baumholz_13,0,0,0.763,not_young,919.1,Marbach LU
7388,7115,4,0,0,0,3,4,3,ds6,,Starkes Baumholz,Starkes Baumholz_13,0,0,0.712,not_young,850.2999999999998,Marbach LU
7398,5367,3,0,0,0,3,3,3,ds5,,Mittleres Baumholz,Mittleres Baumholz_6,0,0,0.537,not_young,954.0,Flühli LU
7402,7749,4,0,0,0,3,4,3,ds4,,Schwaches Baumholz,Schwaches Baumholz_6,0,0,0.775,not_young,962.5,Flühli LU
7404,22415,3,0,0,0,3,4,3,ds5,,Mittleres Baumholz,Mittleres Baumholz_13,0,0,2.241,not_young,954.7,Wiggen
7409,6715,4,0,0,0,3,4,3,ds6,,Starkes Baumholz,Starkes Baumholz_13,0,0,0.671,not_young,895.7,Marbach LU
7412,14182,2,1,0,1,2,2,2,ds5,,Mittleres Baumholz,Mittleres Baumholz_13,0,0,1.418,not_young,943.4,Flühli LU
7427,8022,2,1,0,1,2,2,2,ds6,,Starkes Baumholz,Starkes Baumholz_13,0,0,0.802,not_young,853.0,Marbach LU
7430,5142,4,0,0,0,3,4,3,ds6,,Starkes Baumholz,Starkes Baumholz_13,0,0,0.514,not_young,888.7,Marbach LU
7438,6129,2,1,0,1,2,2,2,ds5,,Mittleres Baumholz,Mittleres Baumholz_13,0,0,0.613,not_young,856.1,Marbach LU
7453,5731,4,0,0,0,3,4,3,ds6,,Starkes Baumholz,Starkes Baumholz_13,0,0,0.573,not_young,921.8,Marbach LU
7465,5752,2,1,0,1,2,2,2,ds6,,Starkes Baumholz,Starkes Baumholz_13,0,0,0.575,not_young,947.4,Wiggen
7480,9338,3,0,0,0,3,3,3,ds5,,Mittleres Baumholz,Mittleres Baumholz_13,0,0,0.934,not_young,926.8,Flühli LU
7483,6207,2,1,0,1,2,2,2,ds6,,Starkes Baumholz,Starkes Baumholz_13,0,0,0.621,not_young,902.3,Wiggen
7490,35894,4,0,0,0,3,4,3,ds6,,Starkes Baumholz,Starkes Baumholz_13,0,0,3.589,not_young,909.6,Marbach LU
7506,8039,3,0,0,0,3,4,3,ds6,,Starkes Baumholz,Starkes Baumholz_13,0,0,0.804,not_young,943.4,Marbach LU
7512,32221,2,1,0,1,2,2,2,ds6,,Starkes Baumholz,Starkes Baumholz_13,0,0,3.222,not_young,896.6,Marbach LU
7513,24071,4,0,0,0,3,4,3,ds6,,Starkes Baumholz,Starkes Baumholz_13,0,0,2.407,not_young,899.7999999999998,Marbach LU
7520,5900,4,0,0,0,3,4,3,ds5,,Mittleres Baumholz,Mittleres Baumholz_13,0,0,0.59,not_young,870.1,Marbach LU
7522,5022,3,0,0,0,3,3,3,ds5,,Mittleres Baumholz,Mittleres Baumholz_13,0,0,0.502,not_young,887.6,Marbach LU
7527,7444,2,1,0,1,2,2,2,ds6,,Starkes Baumholz,Starkes Baumholz_13,0,0,0.744,not_young,936.0,Marbach LU
7529,5800,2,1,0,1,2,2,2,ds6,,Starkes Baumholz,Starkes Baumholz_13,0,0,0.58,not_young,938.8,Marbach LU
7534,7825,3,0,0,0,3,3,3,ds6,,Starkes Baumholz,Starkes Baumholz_13,0,0,0.782,not_young,921.6,Flühli LU
7545,8269,4,0,0,0,3,4,3,ds6,,Starkes Baumholz,Starkes Baumholz_13,0,0,0.827,not_young,942.3,Marbach LU
7563,10207,3,0,0,0,3,4,3,ds6,,Starkes Baumholz,Starkes Baumholz_13,0,0,1.021,not_young,956.4,Marbach LU
7582,46788,4,0,0,0,3,4,3,ds6,,Starkes Baumholz,Starkes Baumholz_13,0,0,4.679,not_young,909.7,Marbach LU
7591,7915,4,0,0,0,3,4,3,ds6,,Starkes Baumholz,Starkes Baumholz_13,0,0,0.791,not_young,884.0,Marbach LU
7603,27641,3,0,0,0,3,3,3,ds6,,Starkes Baumholz,Starkes Baumholz_13,0,0,2.764,not_young,927.1,Marbach LU
7617,5106,2,1,0,1,2,2,2,ds6,,Starkes Baumholz,Starkes Baumholz_13,0,0,0.511,not_young,939.4,Flühli LU
7621,19316,3,0,0,0,3,4,3,ds6,,Starkes Baumholz,Starkes Baumholz_13,0,0,1.932,not_young,937.2,Marbach LU
7639,4998,4,0,0,0,3,4,3,ds4,,Schwaches Baumholz,Schwaches Baumholz_13,0,0,0.5,not_young,958.8,Marbach LU
7641,5400,3,0,0,0,3,3,3,ds3,,Stangenholz,Stangenholz_6,0,0,0.54,not_young,986.2,Flühli LU
7645,11767,3,0,0,0,3,4,3,ds6,,Starkes Baumholz,Starkes Baumholz_13,0,0,1.177,not_young,968.4,Marbach LU
7646,12563,3,0,0,0,3,3,3,ds6,,Starkes Baumholz,Starkes Baumholz_13,0,0,1.256,not_young,922.3,Marbach LU
7656,6650,3,0,0,0,3,3,3,ds6,,Starkes Baumholz,Starkes Baumholz_13,0,0,0.665,not_young,973.7,Marbach LU
7657,5040,3,0,0,0,3,3,3,ds4,,Schwaches Baumholz,Schwaches Baumholz_13,0,0,0.504,not_young,919.1,Marbach LU
7658,6628,2,1,0,1,2,2,2,ds6,,Starkes Baumholz,Starkes Baumholz_13,0,0,0.663,not_young,939.0,Flühli LU
7659,11099,2,1,0,1,2,2,2,ds5,,Mittleres Baumholz,Mittleres Baumholz_13,0,0,1.11,not_young,930.7,Flühli LU
7669,5233,3,0,0,0,3,3,3,ds6,,Starkes Baumholz,Starkes Baumholz_13,0,0,0.523,not_young,962.4,Marbach LU
7675,7509,3,0,0,0,3,3,3,ds6,,Starkes Baumholz,Starkes Baumholz_13,0,0,0.751,not_young,927.4,Marbach LU
7687,6044,2,1,0,1,2,2,2,ds4,,Schwaches Baumholz,Schwaches Baumholz_13,0,0,0.604,not_young,934.4,Flühli LU
7696,5700,3,0,0,0,3,3,3,ds6,,Starkes Baumholz,Starkes Baumholz_13,0,0,0.57,not_young,947.0,Marbach LU
7720,10513,3,0,0,0,3,3,3,ds6,,Starkes Baumholz,Starkes Baumholz_6,0,0,1.051,not_young,961.5,Flühli LU
7736,5090,4,0,0,0,3,4,3,ds5,,Mittleres Baumholz,Mittleres Baumholz_13,0,0,0.509,not_young,970.5,Marbach LU
7762,8153,4,0,0,0,3,4,3,ds4,,Schwaches Baumholz,Schwaches Baumholz_13,0,0,0.815,not_young,975.5,Marbach LU
7782,7074,3,0,0,0,3,3,3,ds6,,Starkes Baumholz,Starkes Baumholz_13,0,0,0.707,not_young,888.1,Marbach LU
7804,5341,3,0,0,0,3,3,3,ds6,,Starkes Baumholz,Starkes Baumholz_13,0,0,0.534,not_young,931.5,Marbach LU
7822,8800,3,0,0,0,3,3,3,ds6,,Starkes Baumholz,Starkes Baumholz_13,0,0,0.88,not_young,896.7999999999998,Marbach LU
7827,6874,2,1,0,1,2,2,2,ds6,,Starkes Baumholz,Starkes Baumholz_13,0,0,0.687,not_young,973.6,Marbach LU
7842,5235,3,0,0,0,3,3,3,ds6,,Starkes Baumholz,Starkes Baumholz_13,0,0,0.524,not_young,896.6,Marbach LU
7848,5573,3,0,0,0,3,3,3,ds6,,Starkes Baumholz,Starkes Baumholz_13,0,0,0.557,not_young,933.2,Marbach LU
7886,10007,3,0,0,0,3,3,3,ds6,,Starkes Baumholz,Starkes Baumholz_13,0,0,1.001,not_young,917.2,Marbach LU
7890,8883,2,1,0,1,2,2,2,ds6,,Starkes Baumholz,Starkes Baumholz_13,0,0,0.888,not_young,952.3,Marbach LU
7902,6375,3,0,0,0,3,3,3,ds6,,Starkes Baumholz,Starkes Baumholz_13,0,0,0.638,not_young,919.7,Marbach LU
7944,9086,3,0,0,0,3,3,3,ds6,,Starkes Baumholz,Starkes Baumholz_13,0,0,0.909,not_young,957.3,Marbach LU
8022,5911,2,1,0,1,2,2,2,ds2,,Jungwuchs/Dickung,Jungwuchs/Dickung_13,0,0,0.591,young,962.9,Sörenberg
8039,11907,3,0,0,0,3,3,3,ds6,,Starkes Baumholz,Starkes Baumholz_13,0,0,1.191,not_young,929.7,Marbach LU
8242,5388,3,0,0,0,3,4,3,ds6,,Starkes Baumholz,Starkes Baumholz_13,0,0,0.539,not_young,922.6,Marbach LU
8277,8697,2,1,0,1,2,2,2,ds6,,Starkes Baumholz,Starkes Baumholz_13,0,0,0.87,not_young,961.3,Marbach LU
8315,6813,3,0,0,0,3,3,3,ds6,,Starkes Baumholz,Starkes Baumholz_13,0,0,0.681,not_young,952.9,Marbach LU
8418,13376,2,1,0,1,2,2,2,ds6,,Starkes Baumholz,Starkes Baumholz_13,0,0,1.338,not_young,973.9,Marbach LU
8484,5606,3,0,0,0,3,3,3,ds6,,Starkes Baumholz,Starkes Baumholz_13,0,0,0.561,not_young,981.5,Marbach LU
