area_ha,id,alt_zone,ds,rst_code,dev_stage,rst,priv,for_res,BAU,BIO,WOOD,HYBRID,fsID,age
0.510050054926355,1.0,13.0,ds6,ds6_13,Starkes Baumholz,Starkes Baumholz_13,1.0,0.0,2.0,2.0,2.0,2.0,1,not_young
0.707084848108236,5.0,4.0,ds5,ds5_4,Mittleres Baumholz,Mittleres Baumholz_4,1.0,0.0,2.0,2.0,2.0,2.0,2,not_young
3.049682319597597,20.0,4.0,ds6,ds6_4,Starkes Baumholz,Starkes Baumholz_4,1.0,0.0,2.0,2.0,2.0,2.0,3,not_young
1.205391999311969,42.0,4.0,ds6,ds6_4,Starkes Baumholz,Starkes Baumholz_4,1.0,0.0,2.0,2.0,2.0,2.0,4,not_young
0.692897031747812,60.0,4.0,ds6,ds6_4,Starkes Baumholz,Starkes Baumholz_4,1.0,0.0,2.0,2.0,2.0,2.0,5,not_young
0.535955604860559,67.0,13.0,ds5,ds5_13,Mittleres Baumholz,Mittleres Baumholz_13,1.0,0.0,2.0,2.0,4.0,4.0,6,not_young
0.527654694748437,68.0,4.0,ds2,ds2_4,Jungwuchs/Dickung,Jungwuchs/Dickung_4,1.0,0.0,2.0,2.0,4.0,2.0,7,young
1.236747546877829,71.0,4.0,ds6,ds6_4,Starkes Baumholz,Starkes Baumholz_4,1.0,0.0,2.0,2.0,4.0,2.0,8,not_young
1.180852290926082,76.0,4.0,ds6,ds6_4,Starkes Baumholz,Starkes Baumholz_4,1.0,0.0,2.0,2.0,4.0,2.0,9,not_young
1.877444721021148,78.0,4.0,ds6,ds6_4,Starkes Baumholz,Starkes Baumholz_4,1.0,0.0,2.0,2.0,4.0,2.0,10,not_young
0.624660298973974,80.0,4.0,ds2,ds2_4,Jungwuchs/Dickung,Jungwuchs/Dickung_4,1.0,0.0,2.0,2.0,4.0,2.0,11,young
0.738019407702983,81.0,13.0,ds5,ds5_13,Mittleres Baumholz,Mittleres Baumholz_13,1.0,0.0,2.0,2.0,4.0,2.0,12,not_young
1.273929439967663,83.0,4.0,ds5,ds5_4,Mittleres Baumholz,Mittleres Baumholz_4,1.0,0.0,2.0,2.0,2.0,2.0,13,not_young
1.048409649582557,87.0,4.0,ds5,ds5_4,Mittleres Baumholz,Mittleres Baumholz_4,1.0,0.0,2.0,2.0,2.0,2.0,14,not_young
0.542617054111662,88.0,4.0,ds5,ds5_4,Mittleres Baumholz,Mittleres Baumholz_4,1.0,0.0,2.0,2.0,2.0,2.0,15,not_young
0.878251382198581,89.0,4.0,ds4,ds4_4,Schwaches Baumholz,Schwaches Baumholz_4,1.0,0.0,2.0,2.0,2.0,2.0,16,not_young
0.514198582500918,91.0,4.0,ds2,ds2_4,Jungwuchs/Dickung,Jungwuchs/Dickung_4,1.0,0.0,2.0,2.0,2.0,2.0,17,young
0.761529920549272,95.0,4.0,ds5,ds5_4,Mittleres Baumholz,Mittleres Baumholz_4,1.0,0.0,2.0,2.0,2.0,2.0,18,not_young
0.500609299983358,112.0,4.0,ds3,ds3_4,Stangenholz,Stangenholz_4,1.0,0.0,2.0,2.0,4.0,2.0,19,not_young
0.921881957753247,116.0,4.0,ds2,ds2_4,Jungwuchs/Dickung,Jungwuchs/Dickung_4,1.0,0.0,2.0,2.0,2.0,2.0,20,young
3.610558717432048,118.0,4.0,ds6,ds6_4,Starkes Baumholz,Starkes Baumholz_4,1.0,0.0,2.0,2.0,2.0,2.0,21,not_young
1.70880580442748,120.0,4.0,ds5,ds5_4,Mittleres Baumholz,Mittleres Baumholz_4,1.0,0.0,2.0,2.0,2.0,2.0,22,not_young
1.355179753484231,122.0,4.0,ds5,ds5_4,Mittleres Baumholz,Mittleres Baumholz_4,1.0,0.0,2.0,2.0,2.0,2.0,23,not_young
0.624187587023713,125.0,4.0,ds2,ds2_4,Jungwuchs/Dickung,Jungwuchs/Dickung_4,1.0,0.0,2.0,2.0,4.0,4.0,24,young
5.356496513460192,127.0,4.0,ds6,ds6_4,Starkes Baumholz,Starkes Baumholz_4,1.0,0.0,2.0,2.0,4.0,4.0,25,not_young
0.641321540702726,128.0,4.0,ds4,ds4_4,Schwaches Baumholz,Schwaches Baumholz_4,1.0,0.0,2.0,2.0,4.0,4.0,26,not_young
0.856112837172952,131.0,4.0,ds5,ds5_4,Mittleres Baumholz,Mittleres Baumholz_4,1.0,0.0,2.0,2.0,2.0,2.0,27,not_young
1.334114378057048,132.0,4.0,ds6,ds6_4,Starkes Baumholz,Starkes Baumholz_4,1.0,0.0,2.0,2.0,2.0,2.0,28,not_young
1.053870284857205,135.0,4.0,ds5,ds5_4,Mittleres Baumholz,Mittleres Baumholz_4,1.0,0.0,2.0,2.0,2.0,2.0,29,not_young
0.575721395941055,138.0,4.0,ds5,ds5_4,Mittleres Baumholz,Mittleres Baumholz_4,1.0,0.0,2.0,2.0,2.0,2.0,30,not_young
0.725379394243658,139.0,4.0,ds6,ds6_4,Starkes Baumholz,Starkes Baumholz_4,1.0,0.0,2.0,2.0,4.0,2.0,31,not_young
1.386363267475587,145.0,4.0,ds5,ds5_4,Mittleres Baumholz,Mittleres Baumholz_4,1.0,0.0,2.0,2.0,4.0,4.0,32,not_young
0.62037759089245,152.0,4.0,ds5,ds5_4,Mittleres Baumholz,Mittleres Baumholz_4,1.0,0.0,2.0,2.0,2.0,2.0,33,not_young
1.059571840683908,153.0,4.0,ds5,ds5_4,Mittleres Baumholz,Mittleres Baumholz_4,1.0,0.0,2.0,2.0,4.0,4.0,34,not_young
1.002810778798943,154.0,4.0,ds5,ds5_4,Mittleres Baumholz,Mittleres Baumholz_4,1.0,0.0,2.0,2.0,2.0,2.0,35,not_young
1.970820708083327,155.0,4.0,ds5,ds5_4,Mittleres Baumholz,Mittleres Baumholz_4,1.0,0.0,2.0,2.0,2.0,2.0,36,not_young
3.925526621667994,156.0,4.0,ds5,ds5_4,Mittleres Baumholz,Mittleres Baumholz_4,1.0,0.0,2.0,2.0,2.0,2.0,37,not_young
1.520867811758319,157.0,4.0,ds5,ds5_4,Mittleres Baumholz,Mittleres Baumholz_4,1.0,0.0,2.0,2.0,4.0,2.0,38,not_young
1.012329125413665,204.0,4.0,ds5,ds5_4,Mittleres Baumholz,Mittleres Baumholz_4,0.0,0.0,3.0,3.0,3.0,3.0,39,not_young
1.019979582260689,220.0,4.0,ds1,ds1_4,Jungwuchs/Dickung,Jungwuchs/Dickung_4,0.0,0.0,3.0,3.0,3.0,3.0,40,young
0.536444096938032,224.0,4.0,ds5,ds5_4,Mittleres Baumholz,Mittleres Baumholz_4,0.0,0.0,3.0,3.0,3.0,3.0,41,not_young
0.815284859831817,225.0,4.0,ds5,ds5_4,Mittleres Baumholz,Mittleres Baumholz_4,0.0,0.0,3.0,3.0,3.0,3.0,42,not_young
0.814187895494285,230.0,4.0,ds2,ds2_4,Jungwuchs/Dickung,Jungwuchs/Dickung_4,0.0,0.0,3.0,3.0,3.0,3.0,43,young
0.793329248229682,231.0,4.0,ds6,ds6_4,Starkes Baumholz,Starkes Baumholz_4,0.0,0.0,3.0,3.0,3.0,3.0,44,not_young
0.71955500598175,241.0,4.0,ds5,ds5_4,Mittleres Baumholz,Mittleres Baumholz_4,0.0,0.0,3.0,3.0,3.0,3.0,45,not_young
0.596595650412631,247.0,4.0,ds6,ds6_4,Starkes Baumholz,Starkes Baumholz_4,0.0,0.0,3.0,3.0,3.0,3.0,46,not_young
0.781761718032556,249.0,4.0,ds4,ds4_4,Schwaches Baumholz,Schwaches Baumholz_4,0.0,0.0,3.0,3.0,4.0,3.0,47,not_young
0.633414415315911,253.0,13.0,ds4,ds4_13,Schwaches Baumholz,Schwaches Baumholz_13,0.0,1.0,1.0,1.0,1.0,1.0,48,not_young
0.597410446743201,254.0,13.0,ds4,ds4_13,Schwaches Baumholz,Schwaches Baumholz_13,0.0,1.0,1.0,1.0,1.0,1.0,49,not_young
1.270890789295174,255.0,13.0,ds5,ds5_13,Mittleres Baumholz,Mittleres Baumholz_13,0.0,0.0,3.0,3.0,4.0,3.0,50,not_young
0.503483035579487,262.0,13.0,ds4,ds4_13,Schwaches Baumholz,Schwaches Baumholz_13,0.0,1.0,1.0,1.0,1.0,1.0,51,not_young
0.522576921824738,270.0,4.0,ds3,ds3_4,Stangenholz,Stangenholz_4,0.0,0.0,3.0,3.0,4.0,3.0,52,not_young
0.868873081088229,271.0,4.0,ds1,ds1_4,Jungwuchs/Dickung,Jungwuchs/Dickung_4,0.0,0.0,3.0,3.0,3.0,3.0,53,young
0.627231205256376,280.0,4.0,ds6,ds6_4,Starkes Baumholz,Starkes Baumholz_4,0.0,1.0,1.0,1.0,1.0,1.0,54,not_young
0.577297273831489,286.0,4.0,ds6,ds6_4,Starkes Baumholz,Starkes Baumholz_4,0.0,0.0,3.0,3.0,4.0,3.0,55,not_young
0.563976816925779,291.0,13.0,ds2,ds2_13,Jungwuchs/Dickung,Jungwuchs/Dickung_13,0.0,0.0,3.0,3.0,4.0,3.0,56,young
0.608101048357133,293.0,4.0,ds2,ds2_4,Jungwuchs/Dickung,Jungwuchs/Dickung_4,0.0,1.0,1.0,1.0,1.0,1.0,57,young
2.229300750124594,295.0,4.0,ds2,ds2_4,Jungwuchs/Dickung,Jungwuchs/Dickung_4,0.0,0.0,3.0,3.0,3.0,3.0,58,young
2.559193290381693,302.0,13.0,ds6,ds6_13,Starkes Baumholz,Starkes Baumholz_13,0.0,0.0,3.0,3.0,3.0,3.0,59,not_young
0.609933536474919,313.0,4.0,ds3,ds3_4,Stangenholz,Stangenholz_4,0.0,0.0,3.0,3.0,4.0,4.0,60,not_young
0.944170364897931,319.0,4.0,ds5,ds5_4,Mittleres Baumholz,Mittleres Baumholz_4,0.0,0.0,3.0,3.0,4.0,4.0,61,not_young
0.581344602486165,321.0,4.0,ds1,ds1_4,Jungwuchs/Dickung,Jungwuchs/Dickung_4,0.0,0.0,3.0,3.0,4.0,3.0,62,young
0.564353683863976,329.0,4.0,ds4,ds4_4,Schwaches Baumholz,Schwaches Baumholz_4,0.0,0.0,3.0,3.0,3.0,3.0,63,not_young
0.573432256695628,330.0,13.0,ds1,ds1_13,Jungwuchs/Dickung,Jungwuchs/Dickung_13,0.0,0.0,3.0,3.0,4.0,4.0,64,young
0.632020446567144,339.0,4.0,ds5,ds5_4,Mittleres Baumholz,Mittleres Baumholz_4,0.0,1.0,1.0,1.0,1.0,1.0,65,not_young
0.64528730419022,343.0,13.0,ds6,ds6_13,Starkes Baumholz,Starkes Baumholz_13,0.0,0.0,3.0,3.0,3.0,3.0,66,not_young
0.641494390522339,346.0,13.0,ds1,ds1_13,Jungwuchs/Dickung,Jungwuchs/Dickung_13,0.0,0.0,3.0,3.0,4.0,3.0,67,young
0.859576979466714,350.0,4.0,ds5,ds5_4,Mittleres Baumholz,Mittleres Baumholz_4,0.0,0.0,3.0,3.0,4.0,3.0,68,not_young
0.911270981251611,357.0,4.0,ds3,ds3_4,Stangenholz,Stangenholz_4,0.0,0.0,3.0,3.0,3.0,3.0,69,not_young
1.638365907915126,358.0,4.0,ds2,ds2_4,Jungwuchs/Dickung,Jungwuchs/Dickung_4,0.0,0.0,3.0,3.0,3.0,3.0,70,young
0.73625064020888,359.0,4.0,ds3,ds3_4,Stangenholz,Stangenholz_4,0.0,1.0,1.0,1.0,1.0,1.0,71,not_young
0.545685404304881,361.0,4.0,ds4,ds4_4,Schwaches Baumholz,Schwaches Baumholz_4,0.0,0.0,3.0,3.0,4.0,3.0,72,not_young
0.826167021225952,363.0,4.0,ds2,ds2_4,Jungwuchs/Dickung,Jungwuchs/Dickung_4,0.0,0.0,3.0,3.0,3.0,3.0,73,young
1.274078564983607,365.0,4.0,ds5,ds5_4,Mittleres Baumholz,Mittleres Baumholz_4,0.0,1.0,1.0,1.0,1.0,1.0,74,not_young
0.576748911727965,369.0,4.0,ds5,ds5_4,Mittleres Baumholz,Mittleres Baumholz_4,0.0,1.0,1.0,1.0,1.0,1.0,75,not_young
0.689174388739676,374.0,4.0,ds4,ds4_4,Schwaches Baumholz,Schwaches Baumholz_4,0.0,1.0,1.0,1.0,1.0,1.0,76,not_young
0.94212776656081,375.0,13.0,ds6,ds6_13,Starkes Baumholz,Starkes Baumholz_13,0.0,1.0,1.0,1.0,1.0,1.0,77,not_young
0.625645854024589,377.0,13.0,ds3,ds3_13,Stangenholz,Stangenholz_13,0.0,0.0,3.0,3.0,3.0,3.0,78,not_young
0.734316060847789,378.0,13.0,ds2,ds2_13,Jungwuchs/Dickung,Jungwuchs/Dickung_13,0.0,0.0,3.0,3.0,3.0,3.0,79,young
0.64214531670697,380.0,13.0,ds4,ds4_13,Schwaches Baumholz,Schwaches Baumholz_13,0.0,0.0,3.0,3.0,3.0,3.0,80,not_young
0.567718860863661,382.0,13.0,ds4,ds4_13,Schwaches Baumholz,Schwaches Baumholz_13,0.0,0.0,3.0,3.0,4.0,3.0,81,not_young
1.635861144276371,385.0,13.0,ds4,ds4_13,Schwaches Baumholz,Schwaches Baumholz_13,0.0,1.0,1.0,1.0,1.0,1.0,82,not_young
0.63840948649093,386.0,4.0,ds6,ds6_4,Starkes Baumholz,Starkes Baumholz_4,0.0,1.0,1.0,1.0,1.0,1.0,83,not_young
1.25006455055722,387.0,4.0,ds6,ds6_4,Starkes Baumholz,Starkes Baumholz_4,0.0,1.0,1.0,1.0,1.0,1.0,84,not_young
0.736288134047249,392.0,4.0,ds2,ds2_4,Jungwuchs/Dickung,Jungwuchs/Dickung_4,0.0,0.0,3.0,3.0,3.0,3.0,85,young
1.255700820548157,394.0,13.0,ds2,ds2_13,Jungwuchs/Dickung,Jungwuchs/Dickung_13,0.0,1.0,1.0,1.0,1.0,1.0,86,young
0.564787114128238,395.0,4.0,ds4,ds4_4,Schwaches Baumholz,Schwaches Baumholz_4,0.0,0.0,3.0,3.0,3.0,3.0,87,not_young
1.00642365902802,400.0,4.0,ds5,ds5_4,Mittleres Baumholz,Mittleres Baumholz_4,0.0,0.0,3.0,3.0,3.0,3.0,88,not_young
0.555695706743933,403.0,13.0,ds5,ds5_13,Mittleres Baumholz,Mittleres Baumholz_13,0.0,0.0,3.0,3.0,3.0,3.0,89,not_young
0.534454549263092,410.0,4.0,ds6,ds6_4,Starkes Baumholz,Starkes Baumholz_4,0.0,0.0,3.0,3.0,3.0,3.0,90,not_young
1.029390401113918,411.0,13.0,ds1,ds1_13,Jungwuchs/Dickung,Jungwuchs/Dickung_13,0.0,0.0,3.0,3.0,4.0,3.0,91,young
1.636220120177418,412.0,13.0,ds5,ds5_13,Mittleres Baumholz,Mittleres Baumholz_13,0.0,0.0,3.0,3.0,3.0,3.0,92,not_young
0.522170458384499,413.0,4.0,ds1,ds1_4,Jungwuchs/Dickung,Jungwuchs/Dickung_4,0.0,0.0,3.0,3.0,3.0,3.0,93,young
0.946588394262921,417.0,4.0,ds1,ds1_4,Jungwuchs/Dickung,Jungwuchs/Dickung_4,0.0,0.0,3.0,3.0,4.0,3.0,94,young
0.925541398594075,421.0,4.0,ds1,ds1_4,Jungwuchs/Dickung,Jungwuchs/Dickung_4,0.0,0.0,3.0,3.0,4.0,4.0,95,young
0.644747435434628,427.0,4.0,ds2,ds2_4,Jungwuchs/Dickung,Jungwuchs/Dickung_4,0.0,0.0,3.0,3.0,3.0,3.0,96,young
0.859664914080512,433.0,13.0,ds5,ds5_13,Mittleres Baumholz,Mittleres Baumholz_13,0.0,0.0,3.0,3.0,4.0,4.0,97,not_young
0.564020009707497,438.0,13.0,ds3,ds3_13,Stangenholz,Stangenholz_13,0.0,0.0,3.0,3.0,4.0,3.0,98,not_young
0.588103509464581,443.0,4.0,ds6,ds6_4,Starkes Baumholz,Starkes Baumholz_4,0.0,0.0,3.0,3.0,4.0,3.0,99,not_young
0.58637347390987,448.0,4.0,ds5,ds5_4,Mittleres Baumholz,Mittleres Baumholz_4,0.0,0.0,3.0,1.0,4.0,3.0,100,not_young
0.745905527801509,457.0,13.0,ds6,ds6_13,Starkes Baumholz,Starkes Baumholz_13,0.0,0.0,3.0,3.0,3.0,3.0,101,not_young
1.171043469020259,460.0,4.0,ds6,ds6_4,Starkes Baumholz,Starkes Baumholz_4,0.0,1.0,1.0,1.0,3.0,3.0,102,not_young
2.220633382944251,463.0,4.0,ds5,ds5_4,Mittleres Baumholz,Mittleres Baumholz_4,0.0,1.0,1.0,1.0,3.0,3.0,103,not_young
0.855853974425944,464.0,4.0,ds2,ds2_4,Jungwuchs/Dickung,Jungwuchs/Dickung_4,0.0,0.0,3.0,3.0,3.0,3.0,104,young
1.247983721049228,466.0,4.0,ds2,ds2_4,Jungwuchs/Dickung,Jungwuchs/Dickung_4,0.0,0.0,3.0,3.0,3.0,3.0,105,young
0.679098811794957,467.0,4.0,ds1,ds1_4,Jungwuchs/Dickung,Jungwuchs/Dickung_4,0.0,0.0,3.0,3.0,3.0,3.0,106,young
0.764719446734677,468.0,4.0,ds5,ds5_4,Mittleres Baumholz,Mittleres Baumholz_4,0.0,0.0,3.0,1.0,3.0,3.0,107,not_young
1.133086416053795,474.0,4.0,ds4,ds4_4,Schwaches Baumholz,Schwaches Baumholz_4,0.0,1.0,1.0,1.0,3.0,3.0,108,not_young
0.988947031733347,481.0,13.0,ds6,ds6_13,Starkes Baumholz,Starkes Baumholz_13,0.0,1.0,1.0,1.0,1.0,1.0,109,not_young
0.787502706355834,491.0,13.0,ds2,ds2_13,Jungwuchs/Dickung,Jungwuchs/Dickung_13,0.0,1.0,1.0,1.0,1.0,1.0,110,young
0.700900546380147,494.0,13.0,ds2,ds2_13,Jungwuchs/Dickung,Jungwuchs/Dickung_13,0.0,1.0,1.0,1.0,1.0,1.0,111,young
0.599661087644473,496.0,4.0,ds2,ds2_4,Jungwuchs/Dickung,Jungwuchs/Dickung_4,0.0,0.0,3.0,3.0,3.0,3.0,112,young
1.45855697540578,500.0,13.0,ds4,ds4_13,Schwaches Baumholz,Schwaches Baumholz_13,0.0,1.0,1.0,1.0,3.0,3.0,113,not_young
0.898854003180191,505.0,4.0,ds5,ds5_4,Mittleres Baumholz,Mittleres Baumholz_4,0.0,0.0,3.0,3.0,3.0,3.0,114,not_young
1.470569562987471,506.0,4.0,ds6,ds6_4,Starkes Baumholz,Starkes Baumholz_4,0.0,0.0,3.0,3.0,3.0,3.0,115,not_young
0.90347644804325,507.0,4.0,ds2,ds2_4,Jungwuchs/Dickung,Jungwuchs/Dickung_4,0.0,0.0,3.0,3.0,3.0,3.0,116,young
0.807836794239888,508.0,4.0,ds1,ds1_4,Jungwuchs/Dickung,Jungwuchs/Dickung_4,0.0,0.0,3.0,3.0,3.0,3.0,117,young
0.87964605301125,509.0,4.0,ds2,ds2_4,Jungwuchs/Dickung,Jungwuchs/Dickung_4,0.0,0.0,3.0,3.0,4.0,3.0,118,young
0.604056600130303,511.0,13.0,ds5,ds5_13,Mittleres Baumholz,Mittleres Baumholz_13,0.0,1.0,1.0,1.0,1.0,1.0,119,not_young
0.597413194138045,512.0,13.0,ds5,ds5_13,Mittleres Baumholz,Mittleres Baumholz_13,0.0,1.0,1.0,1.0,1.0,1.0,120,not_young
1.374419185983902,513.0,13.0,ds3,ds3_13,Stangenholz,Stangenholz_13,0.0,1.0,1.0,1.0,1.0,1.0,121,not_young
0.768348063211795,515.0,4.0,ds3,ds3_4,Stangenholz,Stangenholz_4,0.0,1.0,1.0,1.0,1.0,1.0,122,not_young
0.871985066664079,518.0,4.0,ds4,ds4_4,Schwaches Baumholz,Schwaches Baumholz_4,0.0,0.0,3.0,3.0,4.0,4.0,123,not_young
0.514492653704621,519.0,4.0,ds3,ds3_4,Stangenholz,Stangenholz_4,0.0,0.0,3.0,3.0,3.0,3.0,124,not_young
1.121176622166741,523.0,4.0,ds2,ds2_4,Jungwuchs/Dickung,Jungwuchs/Dickung_4,0.0,0.0,3.0,3.0,3.0,3.0,125,young
0.756626359601039,524.0,4.0,ds4,ds4_4,Schwaches Baumholz,Schwaches Baumholz_4,0.0,0.0,3.0,3.0,3.0,3.0,126,not_young
0.632654318773886,527.0,4.0,ds6,ds6_4,Starkes Baumholz,Starkes Baumholz_4,0.0,0.0,3.0,3.0,3.0,3.0,127,not_young
0.622975653408747,532.0,13.0,ds5,ds5_13,Mittleres Baumholz,Mittleres Baumholz_13,0.0,0.0,3.0,3.0,3.0,3.0,128,not_young
0.511307932642847,535.0,4.0,ds6,ds6_4,Starkes Baumholz,Starkes Baumholz_4,0.0,0.0,3.0,3.0,3.0,3.0,129,not_young
0.782983492147899,537.0,4.0,ds5,ds5_4,Mittleres Baumholz,Mittleres Baumholz_4,0.0,1.0,1.0,1.0,3.0,3.0,130,not_young
0.509088965061493,538.0,4.0,ds4,ds4_4,Schwaches Baumholz,Schwaches Baumholz_4,0.0,1.0,1.0,1.0,3.0,3.0,131,not_young
0.595359223329066,541.0,4.0,ds5,ds5_4,Mittleres Baumholz,Mittleres Baumholz_4,0.0,1.0,1.0,1.0,1.0,1.0,132,not_young
0.957179789492954,543.0,13.0,ds1,ds1_13,Jungwuchs/Dickung,Jungwuchs/Dickung_13,0.0,0.0,3.0,3.0,4.0,3.0,133,young
0.987534814042831,545.0,13.0,ds5,ds5_13,Mittleres Baumholz,Mittleres Baumholz_13,0.0,0.0,3.0,3.0,3.0,3.0,134,not_young
0.645393996030977,552.0,13.0,ds6,ds6_13,Starkes Baumholz,Starkes Baumholz_13,0.0,0.0,3.0,3.0,4.0,3.0,135,not_young
1.065870121399546,554.0,13.0,ds2,ds2_13,Jungwuchs/Dickung,Jungwuchs/Dickung_13,0.0,0.0,3.0,3.0,3.0,3.0,136,young
0.669733439433386,557.0,4.0,ds1,ds1_4,Jungwuchs/Dickung,Jungwuchs/Dickung_4,0.0,0.0,3.0,3.0,3.0,3.0,137,young
2.793472300099675,559.0,4.0,ds6,ds6_4,Starkes Baumholz,Starkes Baumholz_4,0.0,1.0,1.0,1.0,1.0,1.0,138,not_young
1.241955866442062,561.0,4.0,ds4,ds4_4,Schwaches Baumholz,Schwaches Baumholz_4,0.0,1.0,1.0,1.0,1.0,1.0,139,not_young
0.688732806392276,563.0,13.0,ds5,ds5_13,Mittleres Baumholz,Mittleres Baumholz_13,0.0,1.0,1.0,1.0,1.0,1.0,140,not_young
1.091700752716034,564.0,4.0,ds5,ds5_4,Mittleres Baumholz,Mittleres Baumholz_4,0.0,1.0,1.0,1.0,1.0,1.0,141,not_young
1.664093002184969,565.0,13.0,ds6,ds6_13,Starkes Baumholz,Starkes Baumholz_13,0.0,1.0,1.0,1.0,1.0,1.0,142,not_young
0.86081752045597,566.0,13.0,ds5,ds5_13,Mittleres Baumholz,Mittleres Baumholz_13,0.0,0.0,3.0,3.0,3.0,3.0,143,not_young
2.09209300793442,570.0,13.0,ds2,ds2_13,Jungwuchs/Dickung,Jungwuchs/Dickung_13,0.0,0.0,3.0,3.0,4.0,3.0,144,young
0.980350680509862,571.0,4.0,ds4,ds4_4,Schwaches Baumholz,Schwaches Baumholz_4,0.0,0.0,3.0,3.0,3.0,3.0,145,not_young
0.703715938386398,572.0,13.0,ds1,ds1_13,Jungwuchs/Dickung,Jungwuchs/Dickung_13,0.0,0.0,3.0,3.0,3.0,3.0,146,young
3.758249712766707,574.0,13.0,ds6,ds6_13,Starkes Baumholz,Starkes Baumholz_13,0.0,0.0,3.0,3.0,4.0,4.0,147,not_young
4.51235299871089,577.0,4.0,ds5,ds5_4,Mittleres Baumholz,Mittleres Baumholz_4,0.0,0.0,3.0,3.0,4.0,4.0,148,not_young
0.607004684346681,579.0,4.0,ds4,ds4_4,Schwaches Baumholz,Schwaches Baumholz_4,0.0,0.0,3.0,3.0,4.0,4.0,149,not_young
0.513755489822291,586.0,4.0,ds1,ds1_4,Jungwuchs/Dickung,Jungwuchs/Dickung_4,0.0,0.0,3.0,3.0,4.0,3.0,150,young
0.569461157908896,593.0,4.0,ds3,ds3_4,Stangenholz,Stangenholz_4,0.0,0.0,3.0,3.0,4.0,3.0,151,not_young
0.69535198945757,594.0,4.0,ds2,ds2_4,Jungwuchs/Dickung,Jungwuchs/Dickung_4,0.0,0.0,3.0,3.0,4.0,3.0,152,young
0.770521247115274,595.0,4.0,ds4,ds4_4,Schwaches Baumholz,Schwaches Baumholz_4,0.0,0.0,3.0,3.0,4.0,4.0,153,not_young
1.233941695479536,598.0,4.0,ds3,ds3_4,Stangenholz,Stangenholz_4,0.0,1.0,1.0,1.0,1.0,1.0,154,not_young
1.122091118105222,602.0,4.0,ds5,ds5_4,Mittleres Baumholz,Mittleres Baumholz_4,0.0,0.0,3.0,3.0,3.0,3.0,155,not_young
0.501232055657078,604.0,4.0,ds2,ds2_4,Jungwuchs/Dickung,Jungwuchs/Dickung_4,0.0,0.0,3.0,3.0,4.0,4.0,156,young
0.547169989846367,606.0,13.0,ds2,ds2_13,Jungwuchs/Dickung,Jungwuchs/Dickung_13,0.0,1.0,1.0,1.0,3.0,3.0,157,young
2.147825623122417,610.0,13.0,ds5,ds5_13,Mittleres Baumholz,Mittleres Baumholz_13,0.0,1.0,1.0,1.0,3.0,3.0,158,not_young
0.568404439079762,611.0,13.0,ds1,ds1_13,Jungwuchs/Dickung,Jungwuchs/Dickung_13,0.0,1.0,1.0,1.0,1.0,1.0,159,young
0.760602214577096,612.0,4.0,ds3,ds3_4,Stangenholz,Stangenholz_4,0.0,1.0,1.0,1.0,1.0,1.0,160,not_young
0.554215512445406,613.0,4.0,ds6,ds6_4,Starkes Baumholz,Starkes Baumholz_4,0.0,0.0,3.0,3.0,3.0,3.0,161,not_young
0.512161790649174,615.0,4.0,ds4,ds4_4,Schwaches Baumholz,Schwaches Baumholz_4,0.0,0.0,3.0,3.0,4.0,3.0,162,not_young
0.676405931106815,616.0,4.0,ds4,ds4_4,Schwaches Baumholz,Schwaches Baumholz_4,0.0,0.0,3.0,3.0,3.0,3.0,163,not_young
1.25204952133419,617.0,4.0,ds5,ds5_4,Mittleres Baumholz,Mittleres Baumholz_4,0.0,0.0,3.0,3.0,4.0,4.0,164,not_young
1.081706732940627,618.0,4.0,ds4,ds4_4,Schwaches Baumholz,Schwaches Baumholz_4,0.0,0.0,3.0,3.0,3.0,3.0,165,not_young
0.550504309020005,619.0,13.0,ds1,ds1_13,Jungwuchs/Dickung,Jungwuchs/Dickung_13,0.0,0.0,3.0,3.0,3.0,3.0,166,young
0.721742128715909,620.0,4.0,ds5,ds5_4,Mittleres Baumholz,Mittleres Baumholz_4,0.0,0.0,3.0,3.0,3.0,3.0,167,not_young
0.674295443153929,622.0,4.0,ds5,ds5_4,Mittleres Baumholz,Mittleres Baumholz_4,0.0,0.0,3.0,3.0,4.0,4.0,168,not_young
0.994883556399867,624.0,13.0,ds4,ds4_13,Schwaches Baumholz,Schwaches Baumholz_13,0.0,1.0,1.0,1.0,1.0,1.0,169,not_young
0.826194383782183,625.0,4.0,ds1,ds1_4,Jungwuchs/Dickung,Jungwuchs/Dickung_4,0.0,0.0,3.0,3.0,3.0,3.0,170,young
1.620947357623745,626.0,4.0,ds1,ds1_4,Jungwuchs/Dickung,Jungwuchs/Dickung_4,0.0,0.0,3.0,3.0,3.0,3.0,171,young
0.609767554084957,627.0,4.0,ds6,ds6_4,Starkes Baumholz,Starkes Baumholz_4,0.0,0.0,3.0,3.0,4.0,3.0,172,not_young
1.297347392995749,628.0,4.0,ds4,ds4_4,Schwaches Baumholz,Schwaches Baumholz_4,0.0,0.0,3.0,3.0,3.0,3.0,173,not_young
1.41616762214019,630.0,13.0,ds1,ds1_13,Jungwuchs/Dickung,Jungwuchs/Dickung_13,0.0,0.0,3.0,3.0,4.0,4.0,174,young
1.129331464745477,632.0,4.0,ds3,ds3_4,Stangenholz,Stangenholz_4,0.0,0.0,3.0,3.0,3.0,3.0,175,not_young
2.166843605281319,634.0,13.0,ds2,ds2_13,Jungwuchs/Dickung,Jungwuchs/Dickung_13,0.0,0.0,3.0,3.0,3.0,3.0,176,young
0.57691393033939,635.0,4.0,ds1,ds1_4,Jungwuchs/Dickung,Jungwuchs/Dickung_4,0.0,0.0,3.0,3.0,3.0,3.0,177,young
0.803154814889841,639.0,4.0,ds4,ds4_4,Schwaches Baumholz,Schwaches Baumholz_4,0.0,0.0,3.0,3.0,3.0,3.0,178,not_young
0.737763051555632,642.0,4.0,ds3,ds3_4,Stangenholz,Stangenholz_4,0.0,1.0,1.0,1.0,1.0,1.0,179,not_young
1.623402083932935,643.0,4.0,ds2,ds2_4,Jungwuchs/Dickung,Jungwuchs/Dickung_4,0.0,1.0,1.0,1.0,1.0,1.0,180,young
1.675713307753578,644.0,4.0,ds6,ds6_4,Starkes Baumholz,Starkes Baumholz_4,0.0,0.0,3.0,3.0,3.0,3.0,181,not_young
0.608138732898608,645.0,4.0,ds6,ds6_4,Starkes Baumholz,Starkes Baumholz_4,0.0,0.0,3.0,3.0,3.0,3.0,182,not_young
1.561309764444362,650.0,4.0,ds5,ds5_4,Mittleres Baumholz,Mittleres Baumholz_4,0.0,1.0,1.0,1.0,1.0,1.0,183,not_young
1.177583045260608,651.0,13.0,ds3,ds3_13,Stangenholz,Stangenholz_13,0.0,1.0,1.0,1.0,1.0,1.0,184,not_young
1.076241144581884,652.0,13.0,ds2,ds2_13,Jungwuchs/Dickung,Jungwuchs/Dickung_13,0.0,1.0,1.0,1.0,1.0,1.0,185,young
0.563114631208871,655.0,4.0,ds6,ds6_4,Starkes Baumholz,Starkes Baumholz_4,0.0,0.0,3.0,3.0,4.0,3.0,186,not_young
0.720765135454759,656.0,4.0,ds5,ds5_4,Mittleres Baumholz,Mittleres Baumholz_4,0.0,0.0,3.0,3.0,3.0,3.0,187,not_young
1.164390442936868,658.0,4.0,ds5,ds5_4,Mittleres Baumholz,Mittleres Baumholz_4,0.0,0.0,3.0,3.0,4.0,4.0,188,not_young
0.727495847563073,659.0,13.0,ds5,ds5_13,Mittleres Baumholz,Mittleres Baumholz_13,0.0,0.0,3.0,3.0,3.0,3.0,189,not_young
0.579221111589018,660.0,4.0,ds2,ds2_4,Jungwuchs/Dickung,Jungwuchs/Dickung_4,0.0,0.0,3.0,3.0,3.0,3.0,190,young
1.463388241891228,662.0,13.0,ds3,ds3_13,Stangenholz,Stangenholz_13,0.0,0.0,3.0,3.0,3.0,3.0,191,not_young
0.708710814259853,665.0,13.0,ds6,ds6_13,Starkes Baumholz,Starkes Baumholz_13,0.0,0.0,3.0,1.0,3.0,3.0,192,not_young
0.570531163805956,666.0,13.0,ds4,ds4_13,Schwaches Baumholz,Schwaches Baumholz_13,0.0,0.0,3.0,3.0,3.0,3.0,193,not_young
0.532337308725854,667.0,13.0,ds3,ds3_13,Stangenholz,Stangenholz_13,0.0,0.0,3.0,3.0,4.0,4.0,194,not_young
0.501362670029281,668.0,4.0,ds5,ds5_4,Mittleres Baumholz,Mittleres Baumholz_4,0.0,0.0,3.0,3.0,4.0,3.0,195,not_young
0.754863134482503,671.0,4.0,ds1,ds1_4,Jungwuchs/Dickung,Jungwuchs/Dickung_4,0.0,0.0,3.0,1.0,3.0,3.0,196,young
1.057230853701755,672.0,4.0,ds1,ds1_4,Jungwuchs/Dickung,Jungwuchs/Dickung_4,0.0,0.0,3.0,3.0,4.0,3.0,197,young
1.266005780569837,673.0,13.0,ds6,ds6_13,Starkes Baumholz,Starkes Baumholz_13,0.0,1.0,1.0,1.0,1.0,1.0,198,not_young
0.753062051246874,674.0,13.0,ds3,ds3_13,Stangenholz,Stangenholz_13,0.0,0.0,3.0,3.0,3.0,3.0,199,not_young
0.667177961971874,676.0,4.0,ds6,ds6_4,Starkes Baumholz,Starkes Baumholz_4,0.0,0.0,3.0,3.0,4.0,3.0,200,not_young
0.650530381376675,677.0,4.0,ds1,ds1_4,Jungwuchs/Dickung,Jungwuchs/Dickung_4,0.0,0.0,3.0,3.0,3.0,3.0,201,young
0.777127483958961,678.0,4.0,ds4,ds4_4,Schwaches Baumholz,Schwaches Baumholz_4,0.0,1.0,1.0,1.0,1.0,1.0,202,not_young
0.594130822326394,681.0,4.0,ds6,ds6_4,Starkes Baumholz,Starkes Baumholz_4,0.0,0.0,3.0,3.0,3.0,3.0,203,not_young
1.522700185145065,688.0,4.0,ds6,ds6_4,Starkes Baumholz,Starkes Baumholz_4,0.0,0.0,3.0,3.0,4.0,3.0,204,not_young
1.395094734715713,693.0,4.0,ds3,ds3_4,Stangenholz,Stangenholz_4,0.0,1.0,1.0,1.0,1.0,1.0,205,not_young
0.610388828224689,694.0,4.0,ds4,ds4_4,Schwaches Baumholz,Schwaches Baumholz_4,0.0,0.0,3.0,3.0,4.0,3.0,206,not_young
1.628477681509475,695.0,4.0,ds4,ds4_4,Schwaches Baumholz,Schwaches Baumholz_4,0.0,0.0,3.0,3.0,3.0,3.0,207,not_young
1.398714806612278,696.0,4.0,ds2,ds2_4,Jungwuchs/Dickung,Jungwuchs/Dickung_4,0.0,0.0,3.0,3.0,3.0,3.0,208,young
4.156325964171068,699.0,4.0,ds3,ds3_4,Stangenholz,Stangenholz_4,0.0,0.0,3.0,1.0,4.0,3.0,209,not_young
1.535341362135997,700.0,4.0,ds3,ds3_4,Stangenholz,Stangenholz_4,0.0,0.0,3.0,3.0,4.0,3.0,210,not_young
0.679337777423824,701.0,4.0,ds5,ds5_4,Mittleres Baumholz,Mittleres Baumholz_4,0.0,0.0,3.0,3.0,4.0,3.0,211,not_young
0.774099225345999,702.0,4.0,ds4,ds4_4,Schwaches Baumholz,Schwaches Baumholz_4,0.0,0.0,3.0,3.0,3.0,3.0,212,not_young
0.564518049150519,705.0,4.0,ds2,ds2_4,Jungwuchs/Dickung,Jungwuchs/Dickung_4,0.0,0.0,3.0,3.0,3.0,3.0,213,young
0.662189628363191,706.0,4.0,ds3,ds3_4,Stangenholz,Stangenholz_4,0.0,0.0,3.0,3.0,4.0,3.0,214,not_young
0.771116639787579,708.0,4.0,ds3,ds3_4,Stangenholz,Stangenholz_4,0.0,0.0,3.0,3.0,3.0,3.0,215,not_young
0.910929896508344,712.0,4.0,ds3,ds3_4,Stangenholz,Stangenholz_4,0.0,0.0,3.0,1.0,3.0,3.0,216,not_young
0.642910179155012,714.0,4.0,ds5,ds5_4,Mittleres Baumholz,Mittleres Baumholz_4,0.0,0.0,3.0,3.0,3.0,3.0,217,not_young
0.667996319379791,715.0,13.0,ds2,ds2_13,Jungwuchs/Dickung,Jungwuchs/Dickung_13,0.0,0.0,3.0,3.0,4.0,3.0,218,young
0.725276431312086,717.0,13.0,ds4,ds4_13,Schwaches Baumholz,Schwaches Baumholz_13,0.0,0.0,3.0,3.0,3.0,3.0,219,not_young
1.24865256879814,719.0,13.0,ds5,ds5_13,Mittleres Baumholz,Mittleres Baumholz_13,0.0,1.0,1.0,1.0,3.0,3.0,220,not_young
4.616572624170036,720.0,13.0,ds6,ds6_13,Starkes Baumholz,Starkes Baumholz_13,0.0,1.0,1.0,1.0,3.0,3.0,221,not_young
0.835408742520819,721.0,13.0,ds4,ds4_13,Schwaches Baumholz,Schwaches Baumholz_13,0.0,1.0,1.0,1.0,3.0,3.0,222,not_young
0.637108426160179,722.0,13.0,ds3,ds3_13,Stangenholz,Stangenholz_13,0.0,0.0,3.0,3.0,3.0,3.0,223,not_young
2.986669841419808,724.0,13.0,ds2,ds2_13,Jungwuchs/Dickung,Jungwuchs/Dickung_13,0.0,0.0,3.0,3.0,4.0,3.0,224,young
0.594561107903277,726.0,13.0,ds1,ds1_13,Jungwuchs/Dickung,Jungwuchs/Dickung_13,0.0,0.0,3.0,3.0,3.0,3.0,225,young
3.518743212577841,727.0,13.0,ds6,ds6_13,Starkes Baumholz,Starkes Baumholz_13,0.0,0.0,3.0,3.0,4.0,3.0,226,not_young
4.57943297489482,728.0,13.0,ds5,ds5_13,Mittleres Baumholz,Mittleres Baumholz_13,0.0,1.0,1.0,1.0,1.0,1.0,227,not_young
0.958983967632242,729.0,13.0,ds4,ds4_13,Schwaches Baumholz,Schwaches Baumholz_13,0.0,1.0,1.0,1.0,1.0,1.0,228,not_young
0.842673088949709,732.0,13.0,ds4,ds4_13,Schwaches Baumholz,Schwaches Baumholz_13,0.0,1.0,1.0,1.0,1.0,1.0,229,not_young
1.280985452753364,733.0,4.0,ds6,ds6_4,Starkes Baumholz,Starkes Baumholz_4,0.0,0.0,3.0,3.0,3.0,3.0,230,not_young
1.143282056524419,738.0,4.0,ds1,ds1_4,Jungwuchs/Dickung,Jungwuchs/Dickung_4,0.0,0.0,3.0,3.0,3.0,3.0,231,young
0.550367517999932,739.0,4.0,ds4,ds4_4,Schwaches Baumholz,Schwaches Baumholz_4,0.0,0.0,3.0,3.0,4.0,3.0,232,not_young
2.345887888941576,740.0,4.0,ds6,ds6_4,Starkes Baumholz,Starkes Baumholz_4,0.0,1.0,1.0,1.0,3.0,3.0,233,not_young
1.240655418860377,741.0,4.0,ds6,ds6_4,Starkes Baumholz,Starkes Baumholz_4,0.0,0.0,3.0,3.0,4.0,3.0,234,not_young
2.20675872980156,743.0,13.0,ds2,ds2_13,Jungwuchs/Dickung,Jungwuchs/Dickung_13,0.0,1.0,1.0,1.0,3.0,3.0,235,young
3.677773386112345,744.0,13.0,ds3,ds3_13,Stangenholz,Stangenholz_13,0.0,1.0,1.0,1.0,3.0,3.0,236,not_young
0.822858576142066,746.0,4.0,ds2,ds2_4,Jungwuchs/Dickung,Jungwuchs/Dickung_4,0.0,1.0,1.0,1.0,3.0,3.0,237,young
1.005628882757667,747.0,13.0,ds5,ds5_13,Mittleres Baumholz,Mittleres Baumholz_13,0.0,1.0,1.0,1.0,3.0,3.0,238,not_young
5.93484809160633,748.0,4.0,ds6,ds6_4,Starkes Baumholz,Starkes Baumholz_4,0.0,1.0,1.0,1.0,3.0,3.0,239,not_young
0.603089815941383,750.0,4.0,ds4,ds4_4,Schwaches Baumholz,Schwaches Baumholz_4,0.0,0.0,3.0,3.0,3.0,3.0,240,not_young
0.756640160169918,753.0,4.0,ds5,ds5_4,Mittleres Baumholz,Mittleres Baumholz_4,0.0,0.0,3.0,3.0,3.0,3.0,241,not_young
0.867315683364915,754.0,13.0,ds6,ds6_13,Starkes Baumholz,Starkes Baumholz_13,0.0,0.0,3.0,3.0,3.0,3.0,242,not_young
0.550537387113459,756.0,4.0,ds3,ds3_4,Stangenholz,Stangenholz_4,0.0,0.0,3.0,3.0,4.0,3.0,243,not_young
0.911951545600384,759.0,13.0,ds2,ds2_13,Jungwuchs/Dickung,Jungwuchs/Dickung_13,0.0,0.0,3.0,3.0,3.0,3.0,244,young
1.09903136817934,761.0,13.0,ds1,ds1_13,Jungwuchs/Dickung,Jungwuchs/Dickung_13,0.0,0.0,3.0,3.0,4.0,4.0,245,young
0.757134985032628,762.0,13.0,ds2,ds2_13,Jungwuchs/Dickung,Jungwuchs/Dickung_13,0.0,0.0,3.0,3.0,3.0,3.0,246,young
0.643763262620568,763.0,13.0,ds5,ds5_13,Mittleres Baumholz,Mittleres Baumholz_13,0.0,1.0,1.0,1.0,1.0,1.0,247,not_young
0.622601276555331,764.0,13.0,ds3,ds3_13,Stangenholz,Stangenholz_13,0.0,0.0,3.0,3.0,3.0,3.0,248,not_young
2.792089217761916,768.0,4.0,ds3,ds3_4,Stangenholz,Stangenholz_4,0.0,1.0,1.0,1.0,1.0,1.0,249,not_young
2.720913404697203,770.0,4.0,ds1,ds1_4,Jungwuchs/Dickung,Jungwuchs/Dickung_4,0.0,0.0,3.0,3.0,4.0,3.0,250,young
0.948958903592033,772.0,4.0,ds4,ds4_4,Schwaches Baumholz,Schwaches Baumholz_4,0.0,0.0,3.0,3.0,3.0,3.0,251,not_young
1.212196003539884,773.0,4.0,ds1,ds1_4,Jungwuchs/Dickung,Jungwuchs/Dickung_4,0.0,0.0,3.0,3.0,3.0,3.0,252,young
1.122663067576988,775.0,4.0,ds1,ds1_4,Jungwuchs/Dickung,Jungwuchs/Dickung_4,0.0,0.0,3.0,3.0,3.0,3.0,253,young
0.790664582904242,776.0,4.0,ds3,ds3_4,Stangenholz,Stangenholz_4,0.0,0.0,3.0,3.0,3.0,3.0,254,not_young
0.609563307433855,777.0,4.0,ds4,ds4_4,Schwaches Baumholz,Schwaches Baumholz_4,0.0,0.0,3.0,3.0,3.0,3.0,255,not_young
2.584992731934408,779.0,4.0,ds5,ds5_4,Mittleres Baumholz,Mittleres Baumholz_4,0.0,0.0,3.0,3.0,3.0,3.0,256,not_young
1.627661474338919,780.0,13.0,ds1,ds1_13,Jungwuchs/Dickung,Jungwuchs/Dickung_13,0.0,0.0,3.0,3.0,4.0,4.0,257,young
0.568701431631344,781.0,13.0,ds3,ds3_13,Stangenholz,Stangenholz_13,0.0,0.0,3.0,3.0,3.0,3.0,258,not_young
0.707743015453266,783.0,4.0,ds6,ds6_4,Starkes Baumholz,Starkes Baumholz_4,0.0,0.0,3.0,3.0,3.0,3.0,259,not_young
0.61062766069608,786.0,4.0,ds2,ds2_4,Jungwuchs/Dickung,Jungwuchs/Dickung_4,0.0,0.0,3.0,3.0,4.0,4.0,260,young
2.656717034676545,788.0,4.0,ds3,ds3_4,Stangenholz,Stangenholz_4,0.0,0.0,3.0,3.0,3.0,3.0,261,not_young
0.725787622293597,789.0,13.0,ds2,ds2_13,Jungwuchs/Dickung,Jungwuchs/Dickung_13,0.0,0.0,3.0,3.0,3.0,3.0,262,young
1.936142076274462,793.0,13.0,ds2,ds2_13,Jungwuchs/Dickung,Jungwuchs/Dickung_13,0.0,0.0,3.0,3.0,4.0,3.0,263,young
0.970015470041893,794.0,4.0,ds2,ds2_4,Jungwuchs/Dickung,Jungwuchs/Dickung_4,0.0,0.0,3.0,3.0,3.0,3.0,264,young
0.823921540674521,795.0,4.0,ds5,ds5_4,Mittleres Baumholz,Mittleres Baumholz_4,0.0,0.0,3.0,3.0,3.0,3.0,265,not_young
0.664757543998584,798.0,4.0,ds2,ds2_4,Jungwuchs/Dickung,Jungwuchs/Dickung_4,0.0,0.0,3.0,3.0,3.0,3.0,266,young
2.455694771649342,799.0,4.0,ds4,ds4_4,Schwaches Baumholz,Schwaches Baumholz_4,0.0,0.0,3.0,3.0,4.0,3.0,267,not_young
2.574644934449077,801.0,4.0,ds4,ds4_4,Schwaches Baumholz,Schwaches Baumholz_4,0.0,0.0,3.0,3.0,3.0,3.0,268,not_young
0.991877474936377,803.0,4.0,ds4,ds4_4,Schwaches Baumholz,Schwaches Baumholz_4,0.0,0.0,3.0,3.0,3.0,3.0,269,not_young
0.69013464364938,809.0,4.0,ds4,ds4_4,Schwaches Baumholz,Schwaches Baumholz_4,0.0,1.0,1.0,1.0,1.0,1.0,270,not_young
4.468557756907497,810.0,13.0,ds6,ds6_13,Starkes Baumholz,Starkes Baumholz_13,0.0,1.0,1.0,1.0,1.0,1.0,271,not_young
0.567188414809364,812.0,13.0,ds2,ds2_13,Jungwuchs/Dickung,Jungwuchs/Dickung_13,0.0,1.0,1.0,1.0,1.0,1.0,272,young
1.530024621120095,813.0,4.0,ds6,ds6_4,Starkes Baumholz,Starkes Baumholz_4,0.0,1.0,1.0,1.0,1.0,1.0,273,not_young
0.964709286373202,816.0,13.0,ds4,ds4_13,Schwaches Baumholz,Schwaches Baumholz_13,0.0,0.0,3.0,3.0,3.0,3.0,274,not_young
1.378378036307544,821.0,4.0,ds3,ds3_4,Stangenholz,Stangenholz_4,0.0,0.0,3.0,3.0,3.0,3.0,275,not_young
0.566631685746812,822.0,13.0,ds4,ds4_13,Schwaches Baumholz,Schwaches Baumholz_13,0.0,0.0,3.0,3.0,3.0,3.0,276,not_young
2.166161291374883,824.0,4.0,ds4,ds4_4,Schwaches Baumholz,Schwaches Baumholz_4,0.0,0.0,3.0,3.0,3.0,3.0,277,not_young
0.779470080831461,825.0,13.0,ds5,ds5_13,Mittleres Baumholz,Mittleres Baumholz_13,0.0,0.0,3.0,3.0,4.0,3.0,278,not_young
0.705979892232292,827.0,4.0,ds5,ds5_4,Mittleres Baumholz,Mittleres Baumholz_4,0.0,0.0,3.0,3.0,3.0,3.0,279,not_young
2.51999591413904,828.0,4.0,ds4,ds4_4,Schwaches Baumholz,Schwaches Baumholz_4,0.0,0.0,3.0,3.0,3.0,3.0,280,not_young
1.316079885858763,829.0,4.0,ds4,ds4_4,Schwaches Baumholz,Schwaches Baumholz_4,0.0,0.0,3.0,3.0,3.0,3.0,281,not_young
1.062402772909217,832.0,4.0,ds3,ds3_4,Stangenholz,Stangenholz_4,0.0,0.0,3.0,3.0,3.0,3.0,282,not_young
0.584788336308368,833.0,4.0,ds4,ds4_4,Schwaches Baumholz,Schwaches Baumholz_4,0.0,0.0,3.0,3.0,3.0,3.0,283,not_young
1.367145173382131,841.0,13.0,ds1,ds1_13,Jungwuchs/Dickung,Jungwuchs/Dickung_13,0.0,0.0,3.0,3.0,4.0,4.0,284,young
0.957115644341038,843.0,4.0,ds5,ds5_4,Mittleres Baumholz,Mittleres Baumholz_4,0.0,0.0,3.0,3.0,3.0,3.0,285,not_young
0.830459892838918,844.0,4.0,ds5,ds5_4,Mittleres Baumholz,Mittleres Baumholz_4,0.0,0.0,3.0,3.0,4.0,3.0,286,not_young
0.53024661771392,848.0,4.0,ds6,ds6_4,Starkes Baumholz,Starkes Baumholz_4,0.0,0.0,3.0,3.0,3.0,3.0,287,not_young
0.522660489466367,849.0,4.0,ds4,ds4_4,Schwaches Baumholz,Schwaches Baumholz_4,0.0,0.0,3.0,3.0,3.0,3.0,288,not_young
0.808072585118224,850.0,13.0,ds5,ds5_13,Mittleres Baumholz,Mittleres Baumholz_13,0.0,1.0,1.0,1.0,1.0,1.0,289,not_young
0.85609224545426,851.0,13.0,ds5,ds5_13,Mittleres Baumholz,Mittleres Baumholz_13,0.0,0.0,3.0,3.0,4.0,3.0,290,not_young
0.524275044954987,853.0,4.0,ds6,ds6_4,Starkes Baumholz,Starkes Baumholz_4,0.0,0.0,3.0,3.0,3.0,3.0,291,not_young
1.458231857274304,854.0,4.0,ds5,ds5_4,Mittleres Baumholz,Mittleres Baumholz_4,0.0,0.0,3.0,3.0,3.0,3.0,292,not_young
0.846972940602247,855.0,4.0,ds2,ds2_4,Jungwuchs/Dickung,Jungwuchs/Dickung_4,0.0,0.0,3.0,3.0,3.0,3.0,293,young
0.757065705629007,856.0,4.0,ds6,ds6_4,Starkes Baumholz,Starkes Baumholz_4,0.0,0.0,3.0,3.0,3.0,3.0,294,not_young
1.056381707203013,857.0,4.0,ds3,ds3_4,Stangenholz,Stangenholz_4,0.0,1.0,1.0,1.0,1.0,1.0,295,not_young
0.827653728998324,858.0,4.0,ds4,ds4_4,Schwaches Baumholz,Schwaches Baumholz_4,0.0,1.0,1.0,1.0,3.0,3.0,296,not_young
0.586482054820331,859.0,4.0,ds5,ds5_4,Mittleres Baumholz,Mittleres Baumholz_4,0.0,0.0,3.0,3.0,3.0,3.0,297,not_young
1.657375132806204,865.0,4.0,ds6,ds6_4,Starkes Baumholz,Starkes Baumholz_4,0.0,0.0,3.0,3.0,4.0,4.0,298,not_young
1.174328495041211,867.0,13.0,ds5,ds5_13,Mittleres Baumholz,Mittleres Baumholz_13,0.0,1.0,1.0,1.0,1.0,1.0,299,not_young
3.740156247675152,870.0,4.0,ds6,ds6_4,Starkes Baumholz,Starkes Baumholz_4,0.0,1.0,1.0,1.0,3.0,3.0,300,not_young
0.670500748073449,872.0,13.0,ds4,ds4_13,Schwaches Baumholz,Schwaches Baumholz_13,0.0,0.0,3.0,3.0,3.0,3.0,301,not_young
0.862192303152499,874.0,4.0,ds3,ds3_4,Stangenholz,Stangenholz_4,0.0,1.0,1.0,1.0,1.0,1.0,302,not_young
0.606306267403718,878.0,4.0,ds6,ds6_4,Starkes Baumholz,Starkes Baumholz_4,0.0,0.0,3.0,3.0,3.0,3.0,303,not_young
0.720691098980559,885.0,4.0,ds1,ds1_4,Jungwuchs/Dickung,Jungwuchs/Dickung_4,0.0,0.0,3.0,3.0,3.0,3.0,304,young
1.262833749841534,890.0,4.0,ds5,ds5_4,Mittleres Baumholz,Mittleres Baumholz_4,0.0,0.0,3.0,3.0,3.0,3.0,305,not_young
0.834605978394058,891.0,4.0,ds2,ds2_4,Jungwuchs/Dickung,Jungwuchs/Dickung_4,0.0,0.0,3.0,3.0,4.0,4.0,306,young
0.97265618560724,892.0,4.0,ds2,ds2_4,Jungwuchs/Dickung,Jungwuchs/Dickung_4,0.0,0.0,3.0,3.0,3.0,3.0,307,young
1.279984616433969,894.0,4.0,ds3,ds3_4,Stangenholz,Stangenholz_4,0.0,0.0,3.0,3.0,3.0,3.0,308,not_young
0.938899836055422,895.0,4.0,ds6,ds6_4,Starkes Baumholz,Starkes Baumholz_4,0.0,0.0,3.0,3.0,4.0,3.0,309,not_young
1.117220806995034,897.0,4.0,ds2,ds2_4,Jungwuchs/Dickung,Jungwuchs/Dickung_4,0.0,0.0,3.0,3.0,3.0,3.0,310,young
0.678562470427514,898.0,4.0,ds3,ds3_4,Stangenholz,Stangenholz_4,0.0,0.0,3.0,3.0,4.0,4.0,311,not_young
1.035842936795054,899.0,4.0,ds3,ds3_4,Stangenholz,Stangenholz_4,0.0,0.0,3.0,3.0,4.0,3.0,312,not_young
0.888258675836911,902.0,4.0,ds4,ds4_4,Schwaches Baumholz,Schwaches Baumholz_4,0.0,0.0,3.0,3.0,3.0,3.0,313,not_young
0.598841657389084,903.0,4.0,ds2,ds2_4,Jungwuchs/Dickung,Jungwuchs/Dickung_4,0.0,0.0,3.0,3.0,4.0,3.0,314,young
1.139878625770431,904.0,4.0,ds6,ds6_4,Starkes Baumholz,Starkes Baumholz_4,0.0,1.0,1.0,1.0,1.0,1.0,315,not_young
0.68238516594395,906.0,13.0,ds4,ds4_13,Schwaches Baumholz,Schwaches Baumholz_13,0.0,0.0,3.0,3.0,3.0,3.0,316,not_young
2.370874572239642,907.0,13.0,ds3,ds3_13,Stangenholz,Stangenholz_13,0.0,0.0,3.0,3.0,4.0,3.0,317,not_young
1.295992884539906,908.0,13.0,ds5,ds5_13,Mittleres Baumholz,Mittleres Baumholz_13,0.0,0.0,3.0,3.0,3.0,3.0,318,not_young
0.799544098762237,909.0,13.0,ds4,ds4_13,Schwaches Baumholz,Schwaches Baumholz_13,0.0,0.0,3.0,3.0,4.0,3.0,319,not_young
2.924055548483487,911.0,4.0,ds5,ds5_4,Mittleres Baumholz,Mittleres Baumholz_4,0.0,1.0,1.0,1.0,1.0,1.0,320,not_young
0.653342080502212,912.0,13.0,ds4,ds4_13,Schwaches Baumholz,Schwaches Baumholz_13,0.0,1.0,1.0,1.0,1.0,1.0,321,not_young
0.649673391565355,914.0,13.0,ds3,ds3_13,Stangenholz,Stangenholz_13,0.0,1.0,1.0,1.0,1.0,1.0,322,not_young
1.0929438880248,916.0,4.0,ds2,ds2_4,Jungwuchs/Dickung,Jungwuchs/Dickung_4,0.0,0.0,3.0,1.0,4.0,3.0,323,young
1.376590867698663,917.0,4.0,ds6,ds6_4,Starkes Baumholz,Starkes Baumholz_4,0.0,0.0,3.0,3.0,3.0,3.0,324,not_young
0.926283508335194,918.0,4.0,ds5,ds5_4,Mittleres Baumholz,Mittleres Baumholz_4,0.0,0.0,3.0,3.0,4.0,3.0,325,not_young
2.289738131308416,919.0,4.0,ds5,ds5_4,Mittleres Baumholz,Mittleres Baumholz_4,0.0,1.0,1.0,1.0,3.0,3.0,326,not_young
1.140363361550588,921.0,4.0,ds5,ds5_4,Mittleres Baumholz,Mittleres Baumholz_4,0.0,0.0,3.0,3.0,4.0,3.0,327,not_young
1.681060201413115,922.0,4.0,ds3,ds3_4,Stangenholz,Stangenholz_4,0.0,1.0,1.0,1.0,3.0,3.0,328,not_young
1.051278115236759,923.0,13.0,ds4,ds4_13,Schwaches Baumholz,Schwaches Baumholz_13,0.0,1.0,1.0,1.0,3.0,3.0,329,not_young
2.267961852287211,924.0,13.0,ds5,ds5_13,Mittleres Baumholz,Mittleres Baumholz_13,0.0,1.0,1.0,1.0,3.0,3.0,330,not_young
1.00140667003775,925.0,13.0,ds4,ds4_13,Schwaches Baumholz,Schwaches Baumholz_13,0.0,1.0,1.0,1.0,3.0,3.0,331,not_young
0.616024754500017,926.0,13.0,ds3,ds3_13,Stangenholz,Stangenholz_13,0.0,1.0,1.0,1.0,3.0,3.0,332,not_young
1.453258860652521,928.0,13.0,ds4,ds4_13,Schwaches Baumholz,Schwaches Baumholz_13,0.0,1.0,1.0,1.0,3.0,3.0,333,not_young
0.684848548063089,929.0,13.0,ds6,ds6_13,Starkes Baumholz,Starkes Baumholz_13,0.0,1.0,1.0,1.0,1.0,1.0,334,not_young
1.651577537598912,930.0,4.0,ds2,ds2_4,Jungwuchs/Dickung,Jungwuchs/Dickung_4,0.0,1.0,1.0,1.0,1.0,1.0,335,young
0.645339421695034,931.0,4.0,ds4,ds4_4,Schwaches Baumholz,Schwaches Baumholz_4,0.0,1.0,1.0,1.0,1.0,1.0,336,not_young
1.864443343634252,932.0,4.0,ds5,ds5_4,Mittleres Baumholz,Mittleres Baumholz_4,0.0,1.0,1.0,1.0,3.0,3.0,337,not_young
0.949533848929778,934.0,4.0,ds2,ds2_4,Jungwuchs/Dickung,Jungwuchs/Dickung_4,0.0,0.0,3.0,3.0,3.0,3.0,338,young
1.968546169100946,936.0,4.0,ds4,ds4_4,Schwaches Baumholz,Schwaches Baumholz_4,0.0,1.0,1.0,1.0,1.0,1.0,339,not_young
1.498057801715937,938.0,4.0,ds5,ds5_4,Mittleres Baumholz,Mittleres Baumholz_4,0.0,0.0,3.0,3.0,3.0,3.0,340,not_young
0.575472121728631,939.0,13.0,ds3,ds3_13,Stangenholz,Stangenholz_13,0.0,0.0,3.0,3.0,4.0,3.0,341,not_young
1.285812950206851,940.0,13.0,ds5,ds5_13,Mittleres Baumholz,Mittleres Baumholz_13,0.0,0.0,3.0,3.0,3.0,3.0,342,not_young
0.830576629968314,941.0,13.0,ds4,ds4_13,Schwaches Baumholz,Schwaches Baumholz_13,0.0,0.0,3.0,3.0,3.0,3.0,343,not_young
0.852235274796374,943.0,13.0,ds1,ds1_13,Jungwuchs/Dickung,Jungwuchs/Dickung_13,0.0,0.0,3.0,3.0,3.0,3.0,344,young
5.230281410878538,944.0,4.0,ds2,ds2_4,Jungwuchs/Dickung,Jungwuchs/Dickung_4,0.0,0.0,3.0,3.0,3.0,3.0,345,young
4.712603359690368,946.0,13.0,ds2,ds2_13,Jungwuchs/Dickung,Jungwuchs/Dickung_13,0.0,0.0,3.0,3.0,3.0,3.0,346,young
5.169394786144992,948.0,4.0,ds2,ds2_4,Jungwuchs/Dickung,Jungwuchs/Dickung_4,0.0,0.0,3.0,3.0,3.0,3.0,347,young
0.951704316471052,949.0,4.0,ds2,ds2_4,Jungwuchs/Dickung,Jungwuchs/Dickung_4,0.0,0.0,3.0,3.0,3.0,3.0,348,young
0.697268603934394,950.0,4.0,ds5,ds5_4,Mittleres Baumholz,Mittleres Baumholz_4,0.0,0.0,3.0,3.0,4.0,3.0,349,not_young
1.77321492906306,952.0,4.0,ds1,ds1_4,Jungwuchs/Dickung,Jungwuchs/Dickung_4,0.0,0.0,3.0,3.0,3.0,3.0,350,young
0.628124299158528,954.0,4.0,ds3,ds3_4,Stangenholz,Stangenholz_4,0.0,0.0,3.0,3.0,4.0,4.0,351,not_young
0.669502989865094,955.0,4.0,ds5,ds5_4,Mittleres Baumholz,Mittleres Baumholz_4,0.0,0.0,3.0,3.0,3.0,3.0,352,not_young
1.00088589116137,956.0,4.0,ds5,ds5_4,Mittleres Baumholz,Mittleres Baumholz_4,0.0,0.0,3.0,3.0,3.0,3.0,353,not_young
1.016575856537675,958.0,13.0,ds5,ds5_13,Mittleres Baumholz,Mittleres Baumholz_13,0.0,0.0,3.0,3.0,4.0,3.0,354,not_young
1.125984230210004,959.0,13.0,ds4,ds4_13,Schwaches Baumholz,Schwaches Baumholz_13,0.0,0.0,3.0,3.0,4.0,4.0,355,not_young
0.756037725024711,960.0,13.0,ds5,ds5_13,Mittleres Baumholz,Mittleres Baumholz_13,0.0,0.0,3.0,3.0,3.0,3.0,356,not_young
0.877609414356807,963.0,4.0,ds3,ds3_4,Stangenholz,Stangenholz_4,0.0,0.0,3.0,3.0,4.0,3.0,357,not_young
0.91614201307128,966.0,4.0,ds5,ds5_4,Mittleres Baumholz,Mittleres Baumholz_4,0.0,0.0,3.0,3.0,4.0,3.0,358,not_young
0.706473705011717,967.0,4.0,ds2,ds2_4,Jungwuchs/Dickung,Jungwuchs/Dickung_4,0.0,0.0,3.0,3.0,3.0,3.0,359,young
1.701683920259125,968.0,13.0,ds2,ds2_13,Jungwuchs/Dickung,Jungwuchs/Dickung_13,0.0,0.0,3.0,3.0,3.0,3.0,360,young
1.992246645564586,969.0,4.0,ds5,ds5_4,Mittleres Baumholz,Mittleres Baumholz_4,0.0,0.0,3.0,3.0,3.0,3.0,361,not_young
2.404682627397497,970.0,4.0,ds1,ds1_4,Jungwuchs/Dickung,Jungwuchs/Dickung_4,0.0,0.0,3.0,3.0,4.0,3.0,362,young
2.096624782220461,971.0,13.0,ds6,ds6_13,Starkes Baumholz,Starkes Baumholz_13,0.0,0.0,3.0,3.0,3.0,3.0,363,not_young
2.877254271693574,973.0,13.0,ds1,ds1_13,Jungwuchs/Dickung,Jungwuchs/Dickung_13,0.0,0.0,3.0,3.0,4.0,3.0,364,young
1.67139588981038,974.0,4.0,ds1,ds1_4,Jungwuchs/Dickung,Jungwuchs/Dickung_4,0.0,0.0,3.0,3.0,3.0,3.0,365,young
1.195278401830699,976.0,4.0,ds3,ds3_4,Stangenholz,Stangenholz_4,0.0,0.0,3.0,3.0,4.0,3.0,366,not_young
1.540031821254862,977.0,4.0,ds1,ds1_4,Jungwuchs/Dickung,Jungwuchs/Dickung_4,0.0,0.0,3.0,3.0,4.0,3.0,367,young
1.282027880206634,979.0,4.0,ds2,ds2_4,Jungwuchs/Dickung,Jungwuchs/Dickung_4,0.0,1.0,1.0,1.0,1.0,1.0,368,young
1.416932784173777,980.0,4.0,ds5,ds5_4,Mittleres Baumholz,Mittleres Baumholz_4,0.0,1.0,1.0,1.0,1.0,1.0,369,not_young
8.007370016244783,982.0,4.0,ds2,ds2_4,Jungwuchs/Dickung,Jungwuchs/Dickung_4,0.0,1.0,1.0,1.0,1.0,1.0,370,young
0.79880977752842,983.0,4.0,ds4,ds4_4,Schwaches Baumholz,Schwaches Baumholz_4,0.0,1.0,1.0,1.0,1.0,1.0,371,not_young
1.39148020273766,984.0,4.0,ds3,ds3_4,Stangenholz,Stangenholz_4,0.0,0.0,3.0,1.0,3.0,3.0,372,not_young
0.648305327258073,985.0,4.0,ds5,ds5_4,Mittleres Baumholz,Mittleres Baumholz_4,0.0,1.0,1.0,1.0,1.0,1.0,373,not_young
0.529896733391238,987.0,4.0,ds5,ds5_4,Mittleres Baumholz,Mittleres Baumholz_4,0.0,0.0,3.0,3.0,3.0,3.0,374,not_young
2.956622943919924,989.0,4.0,ds3,ds3_4,Stangenholz,Stangenholz_4,0.0,0.0,3.0,3.0,4.0,4.0,375,not_young
9.004445069945781,990.0,13.0,ds2,ds2_13,Jungwuchs/Dickung,Jungwuchs/Dickung_13,0.0,1.0,1.0,1.0,1.0,1.0,376,young
2.269788857221976,991.0,4.0,ds3,ds3_4,Stangenholz,Stangenholz_4,0.0,0.0,3.0,3.0,3.0,3.0,377,not_young
2.000916758616164,992.0,4.0,ds4,ds4_4,Schwaches Baumholz,Schwaches Baumholz_4,0.0,1.0,1.0,1.0,1.0,1.0,378,not_young
0.667627233663664,993.0,4.0,ds2,ds2_4,Jungwuchs/Dickung,Jungwuchs/Dickung_4,0.0,1.0,1.0,1.0,1.0,1.0,379,young
0.925899573648348,994.0,4.0,ds2,ds2_4,Jungwuchs/Dickung,Jungwuchs/Dickung_4,0.0,1.0,1.0,1.0,1.0,1.0,380,young
0.75670393618519,995.0,13.0,ds2,ds2_13,Jungwuchs/Dickung,Jungwuchs/Dickung_13,0.0,1.0,1.0,1.0,1.0,1.0,381,young
1.021921082102507,996.0,4.0,ds5,ds5_4,Mittleres Baumholz,Mittleres Baumholz_4,0.0,1.0,1.0,1.0,1.0,1.0,382,not_young
1.189095685061161,997.0,13.0,ds6,ds6_13,Starkes Baumholz,Starkes Baumholz_13,0.0,1.0,1.0,1.0,1.0,1.0,383,not_young
2.762603831928061,998.0,13.0,ds3,ds3_13,Stangenholz,Stangenholz_13,0.0,1.0,1.0,1.0,1.0,1.0,384,not_young
1.602732689671591,1000.0,13.0,ds3,ds3_13,Stangenholz,Stangenholz_13,0.0,1.0,1.0,1.0,1.0,1.0,385,not_young
1.567465056900447,1001.0,4.0,ds5,ds5_4,Mittleres Baumholz,Mittleres Baumholz_4,0.0,1.0,1.0,1.0,1.0,1.0,386,not_young
4.87609094463751,1002.0,4.0,ds6,ds6_4,Starkes Baumholz,Starkes Baumholz_4,0.0,1.0,1.0,1.0,1.0,1.0,387,not_young
1.586082300928212,1004.0,4.0,ds3,ds3_4,Stangenholz,Stangenholz_4,0.0,1.0,1.0,1.0,1.0,1.0,388,not_young
2.262385126990092,1005.0,4.0,ds6,ds6_4,Starkes Baumholz,Starkes Baumholz_4,0.0,0.0,3.0,1.0,3.0,3.0,389,not_young
1.324019852720271,1009.0,13.0,ds3,ds3_13,Stangenholz,Stangenholz_13,0.0,0.0,3.0,3.0,3.0,3.0,390,not_young
0.70381436192859,1010.0,4.0,ds3,ds3_4,Stangenholz,Stangenholz_4,0.0,0.0,3.0,3.0,4.0,4.0,391,not_young
1.151199793663155,1012.0,4.0,ds4,ds4_4,Schwaches Baumholz,Schwaches Baumholz_4,0.0,0.0,3.0,3.0,4.0,3.0,392,not_young
1.794661648289279,1013.0,4.0,ds2,ds2_4,Jungwuchs/Dickung,Jungwuchs/Dickung_4,0.0,0.0,3.0,3.0,3.0,3.0,393,young
2.097399058829364,1015.0,4.0,ds6,ds6_4,Starkes Baumholz,Starkes Baumholz_4,0.0,0.0,3.0,3.0,3.0,3.0,394,not_young
0.527231262634462,1017.0,4.0,ds3,ds3_4,Stangenholz,Stangenholz_4,0.0,0.0,3.0,3.0,3.0,3.0,395,not_young
3.981624552700343,1018.0,4.0,ds2,ds2_4,Jungwuchs/Dickung,Jungwuchs/Dickung_4,0.0,0.0,3.0,3.0,3.0,3.0,396,young
2.951218008442637,1019.0,13.0,ds5,ds5_13,Mittleres Baumholz,Mittleres Baumholz_13,0.0,0.0,3.0,3.0,3.0,3.0,397,not_young
0.562427281968948,1020.0,4.0,ds2,ds2_4,Jungwuchs/Dickung,Jungwuchs/Dickung_4,0.0,0.0,3.0,3.0,3.0,3.0,398,young
1.407411727687859,1021.0,4.0,ds5,ds5_4,Mittleres Baumholz,Mittleres Baumholz_4,0.0,0.0,3.0,3.0,3.0,3.0,399,not_young
0.560248904963583,1024.0,4.0,ds2,ds2_4,Jungwuchs/Dickung,Jungwuchs/Dickung_4,0.0,0.0,3.0,3.0,3.0,3.0,400,young
0.828581907491107,1025.0,4.0,ds5,ds5_4,Mittleres Baumholz,Mittleres Baumholz_4,0.0,0.0,3.0,3.0,3.0,3.0,401,not_young
1.229651023999462,1028.0,4.0,ds6,ds6_4,Starkes Baumholz,Starkes Baumholz_4,0.0,0.0,3.0,3.0,3.0,3.0,402,not_young
0.897462930517271,1029.0,13.0,ds2,ds2_13,Jungwuchs/Dickung,Jungwuchs/Dickung_13,0.0,0.0,3.0,3.0,4.0,4.0,403,young
0.589548737847339,1030.0,4.0,ds2,ds2_4,Jungwuchs/Dickung,Jungwuchs/Dickung_4,0.0,0.0,3.0,3.0,3.0,3.0,404,young
0.516155215079695,1031.0,4.0,ds6,ds6_4,Starkes Baumholz,Starkes Baumholz_4,0.0,0.0,3.0,3.0,3.0,3.0,405,not_young
0.555817949797632,1032.0,13.0,ds4,ds4_13,Schwaches Baumholz,Schwaches Baumholz_13,0.0,0.0,3.0,3.0,4.0,3.0,406,not_young
0.62879694069773,1033.0,4.0,ds6,ds6_4,Starkes Baumholz,Starkes Baumholz_4,0.0,1.0,1.0,1.0,1.0,1.0,407,not_young
0.525614024730306,1034.0,4.0,ds2,ds2_4,Jungwuchs/Dickung,Jungwuchs/Dickung_4,0.0,0.0,3.0,3.0,3.0,3.0,408,young
1.001186486979784,1035.0,4.0,ds1,ds1_4,Jungwuchs/Dickung,Jungwuchs/Dickung_4,0.0,0.0,3.0,3.0,4.0,4.0,409,young
2.616021507663414,1036.0,4.0,ds1,ds1_4,Jungwuchs/Dickung,Jungwuchs/Dickung_4,0.0,0.0,3.0,3.0,3.0,3.0,410,young
0.6017439042215,1038.0,4.0,ds2,ds2_4,Jungwuchs/Dickung,Jungwuchs/Dickung_4,0.0,0.0,3.0,3.0,4.0,4.0,411,young
3.400009740730049,1039.0,4.0,ds1,ds1_4,Jungwuchs/Dickung,Jungwuchs/Dickung_4,0.0,0.0,3.0,3.0,4.0,4.0,412,young
1.409528698900086,1040.0,13.0,ds6,ds6_13,Starkes Baumholz,Starkes Baumholz_13,0.0,1.0,1.0,1.0,1.0,1.0,413,not_young
1.412572239555651,1041.0,13.0,ds5,ds5_13,Mittleres Baumholz,Mittleres Baumholz_13,0.0,1.0,1.0,1.0,1.0,1.0,414,not_young
1.137364088458358,1042.0,13.0,ds4,ds4_13,Schwaches Baumholz,Schwaches Baumholz_13,0.0,0.0,3.0,3.0,4.0,3.0,415,not_young
1.013421918975154,1044.0,4.0,ds1,ds1_4,Jungwuchs/Dickung,Jungwuchs/Dickung_4,0.0,0.0,3.0,3.0,3.0,3.0,416,young
2.171964810469735,1045.0,13.0,ds2,ds2_13,Jungwuchs/Dickung,Jungwuchs/Dickung_13,0.0,1.0,1.0,1.0,1.0,1.0,417,young
1.124503128397511,1046.0,4.0,ds3,ds3_4,Stangenholz,Stangenholz_4,0.0,0.0,3.0,3.0,3.0,3.0,418,not_young
0.763577921174525,1047.0,4.0,ds4,ds4_4,Schwaches Baumholz,Schwaches Baumholz_4,0.0,1.0,1.0,1.0,3.0,3.0,419,not_young
0.531960636050452,1048.0,4.0,ds5,ds5_4,Mittleres Baumholz,Mittleres Baumholz_4,0.0,1.0,1.0,1.0,1.0,1.0,420,not_young
2.759936869643102,1049.0,4.0,ds3,ds3_4,Stangenholz,Stangenholz_4,0.0,0.0,3.0,3.0,4.0,3.0,421,not_young
0.818336349477433,1050.0,4.0,ds3,ds3_4,Stangenholz,Stangenholz_4,0.0,0.0,3.0,3.0,3.0,3.0,422,not_young
2.621096256633668,1053.0,4.0,ds3,ds3_4,Stangenholz,Stangenholz_4,0.0,0.0,3.0,3.0,4.0,4.0,423,not_young
3.000141545844744,1054.0,4.0,ds6,ds6_4,Starkes Baumholz,Starkes Baumholz_4,0.0,1.0,1.0,1.0,1.0,1.0,424,not_young
0.996974873717292,1055.0,13.0,ds4,ds4_13,Schwaches Baumholz,Schwaches Baumholz_13,0.0,1.0,1.0,1.0,1.0,1.0,425,not_young
1.268323725605477,1060.0,13.0,ds5,ds5_13,Mittleres Baumholz,Mittleres Baumholz_13,0.0,1.0,1.0,1.0,1.0,1.0,426,not_young
2.086475301890145,1063.0,13.0,ds2,ds2_13,Jungwuchs/Dickung,Jungwuchs/Dickung_13,0.0,0.0,3.0,3.0,4.0,4.0,427,young
0.547159702058416,1065.0,4.0,ds3,ds3_4,Stangenholz,Stangenholz_4,0.0,0.0,3.0,3.0,4.0,3.0,428,not_young
0.53284877188923,1066.0,4.0,ds5,ds5_4,Mittleres Baumholz,Mittleres Baumholz_4,0.0,0.0,3.0,3.0,4.0,3.0,429,not_young
1.683599231166137,1068.0,13.0,ds6,ds6_13,Starkes Baumholz,Starkes Baumholz_13,0.0,1.0,1.0,1.0,1.0,1.0,430,not_young
0.588086162725929,1069.0,4.0,ds3,ds3_4,Stangenholz,Stangenholz_4,0.0,0.0,3.0,3.0,4.0,3.0,431,not_young
0.84997253204356,1071.0,4.0,ds6,ds6_4,Starkes Baumholz,Starkes Baumholz_4,0.0,0.0,3.0,3.0,3.0,3.0,432,not_young
1.404630942895869,1073.0,13.0,ds3,ds3_13,Stangenholz,Stangenholz_13,0.0,0.0,3.0,3.0,3.0,3.0,433,not_young
0.500584561863725,1074.0,13.0,ds5,ds5_13,Mittleres Baumholz,Mittleres Baumholz_13,0.0,0.0,3.0,1.0,4.0,4.0,434,not_young
1.26970879523484,1075.0,13.0,ds3,ds3_13,Stangenholz,Stangenholz_13,0.0,0.0,3.0,3.0,3.0,3.0,435,not_young
0.794956180182286,1076.0,4.0,ds6,ds6_4,Starkes Baumholz,Starkes Baumholz_4,0.0,0.0,3.0,3.0,3.0,3.0,436,not_young
0.540782403051667,1079.0,4.0,ds5,ds5_4,Mittleres Baumholz,Mittleres Baumholz_4,0.0,0.0,3.0,3.0,4.0,3.0,437,not_young
2.646581451290148,1080.0,4.0,ds6,ds6_4,Starkes Baumholz,Starkes Baumholz_4,0.0,0.0,3.0,3.0,4.0,3.0,438,not_young
2.595879161287798,1081.0,4.0,ds5,ds5_4,Mittleres Baumholz,Mittleres Baumholz_4,0.0,0.0,3.0,3.0,4.0,3.0,439,not_young
1.1933771443732,1083.0,13.0,ds5,ds5_13,Mittleres Baumholz,Mittleres Baumholz_13,0.0,1.0,1.0,1.0,1.0,1.0,440,not_young
0.537191171402112,1084.0,4.0,ds4,ds4_4,Schwaches Baumholz,Schwaches Baumholz_4,0.0,1.0,1.0,1.0,1.0,1.0,441,not_young
0.997016855956428,1085.0,13.0,ds2,ds2_13,Jungwuchs/Dickung,Jungwuchs/Dickung_13,0.0,0.0,3.0,3.0,3.0,3.0,442,young
2.1500050117651,1086.0,4.0,ds3,ds3_4,Stangenholz,Stangenholz_4,0.0,0.0,3.0,3.0,3.0,3.0,443,not_young
0.503966437773174,1087.0,4.0,ds5,ds5_4,Mittleres Baumholz,Mittleres Baumholz_4,0.0,0.0,3.0,3.0,3.0,3.0,444,not_young
0.750334274520958,1089.0,4.0,ds5,ds5_4,Mittleres Baumholz,Mittleres Baumholz_4,0.0,0.0,3.0,3.0,3.0,3.0,445,not_young
1.643452382249525,1090.0,4.0,ds3,ds3_4,Stangenholz,Stangenholz_4,0.0,0.0,3.0,3.0,3.0,3.0,446,not_young
0.608813454895275,1094.0,4.0,ds1,ds1_4,Jungwuchs/Dickung,Jungwuchs/Dickung_4,0.0,0.0,3.0,3.0,3.0,3.0,447,young
0.902468858461501,1095.0,4.0,ds3,ds3_4,Stangenholz,Stangenholz_4,0.0,0.0,3.0,3.0,3.0,3.0,448,not_young
0.637316790993209,1096.0,4.0,ds4,ds4_4,Schwaches Baumholz,Schwaches Baumholz_4,0.0,0.0,3.0,3.0,3.0,3.0,449,not_young
0.694260493931302,1097.0,4.0,ds3,ds3_4,Stangenholz,Stangenholz_4,0.0,0.0,3.0,3.0,3.0,3.0,450,not_young
1.001872045231731,1099.0,4.0,ds4,ds4_4,Schwaches Baumholz,Schwaches Baumholz_4,0.0,0.0,3.0,3.0,4.0,4.0,451,not_young
0.784230640657432,1100.0,4.0,ds1,ds1_4,Jungwuchs/Dickung,Jungwuchs/Dickung_4,0.0,0.0,3.0,3.0,4.0,3.0,452,young
2.209036139659923,1103.0,4.0,ds5,ds5_4,Mittleres Baumholz,Mittleres Baumholz_4,0.0,0.0,3.0,3.0,3.0,3.0,453,not_young
0.54786379312072,1104.0,4.0,ds3,ds3_4,Stangenholz,Stangenholz_4,0.0,1.0,1.0,1.0,1.0,1.0,454,not_young
0.926626028437103,1106.0,4.0,ds5,ds5_4,Mittleres Baumholz,Mittleres Baumholz_4,0.0,1.0,1.0,1.0,1.0,1.0,455,not_young
0.527120935265371,1107.0,4.0,ds3,ds3_4,Stangenholz,Stangenholz_4,0.0,1.0,1.0,1.0,3.0,3.0,456,not_young
1.666745847106911,1108.0,4.0,ds4,ds4_4,Schwaches Baumholz,Schwaches Baumholz_4,0.0,0.0,3.0,3.0,3.0,3.0,457,not_young
2.507391096109047,1109.0,4.0,ds3,ds3_4,Stangenholz,Stangenholz_4,0.0,0.0,3.0,3.0,4.0,4.0,458,not_young
1.317587572432788,1110.0,4.0,ds1,ds1_4,Jungwuchs/Dickung,Jungwuchs/Dickung_4,0.0,0.0,3.0,3.0,3.0,3.0,459,young
0.733448567749793,1114.0,4.0,ds5,ds5_4,Mittleres Baumholz,Mittleres Baumholz_4,0.0,0.0,3.0,3.0,4.0,4.0,460,not_young
1.223357693972299,1116.0,13.0,ds5,ds5_13,Mittleres Baumholz,Mittleres Baumholz_13,0.0,1.0,1.0,1.0,1.0,1.0,461,not_young
2.71090610546153,1117.0,13.0,ds4,ds4_13,Schwaches Baumholz,Schwaches Baumholz_13,0.0,1.0,1.0,1.0,1.0,1.0,462,not_young
0.887135655154474,1120.0,4.0,ds5,ds5_4,Mittleres Baumholz,Mittleres Baumholz_4,0.0,0.0,3.0,3.0,3.0,3.0,463,not_young
0.813194851101714,1123.0,4.0,ds3,ds3_4,Stangenholz,Stangenholz_4,0.0,0.0,3.0,3.0,3.0,3.0,464,not_young
0.503644056063151,1126.0,4.0,ds4,ds4_4,Schwaches Baumholz,Schwaches Baumholz_4,0.0,0.0,3.0,3.0,3.0,3.0,465,not_young
0.566261082383006,1130.0,4.0,ds5,ds5_4,Mittleres Baumholz,Mittleres Baumholz_4,0.0,0.0,3.0,3.0,4.0,3.0,466,not_young
0.549041519090165,1131.0,13.0,ds6,ds6_13,Starkes Baumholz,Starkes Baumholz_13,0.0,0.0,3.0,3.0,4.0,3.0,467,not_young
2.134269776889158,1132.0,4.0,ds6,ds6_4,Starkes Baumholz,Starkes Baumholz_4,0.0,0.0,3.0,3.0,3.0,3.0,468,not_young
1.3608825712858,1133.0,4.0,ds5,ds5_4,Mittleres Baumholz,Mittleres Baumholz_4,0.0,1.0,1.0,1.0,1.0,1.0,469,not_young
0.686686685798317,1138.0,4.0,ds6,ds6_4,Starkes Baumholz,Starkes Baumholz_4,0.0,0.0,3.0,3.0,3.0,3.0,470,not_young
2.931507827757113,1139.0,13.0,ds3,ds3_13,Stangenholz,Stangenholz_13,0.0,1.0,1.0,1.0,1.0,1.0,471,not_young
0.501530256032199,1140.0,13.0,ds4,ds4_13,Schwaches Baumholz,Schwaches Baumholz_13,0.0,0.0,3.0,3.0,3.0,3.0,472,not_young
0.635562663313374,1142.0,4.0,ds2,ds2_4,Jungwuchs/Dickung,Jungwuchs/Dickung_4,0.0,0.0,3.0,3.0,4.0,3.0,473,young
0.677099968488829,1143.0,4.0,ds2,ds2_4,Jungwuchs/Dickung,Jungwuchs/Dickung_4,0.0,0.0,3.0,3.0,3.0,3.0,474,young
0.898388880725035,1144.0,4.0,ds6,ds6_4,Starkes Baumholz,Starkes Baumholz_4,0.0,0.0,3.0,3.0,4.0,3.0,475,not_young
0.851583422207138,1145.0,4.0,ds1,ds1_4,Jungwuchs/Dickung,Jungwuchs/Dickung_4,0.0,0.0,3.0,3.0,4.0,4.0,476,young
0.539140594170569,1151.0,4.0,ds2,ds2_4,Jungwuchs/Dickung,Jungwuchs/Dickung_4,0.0,0.0,3.0,3.0,3.0,3.0,477,young
0.912711304553761,1152.0,4.0,ds1,ds1_4,Jungwuchs/Dickung,Jungwuchs/Dickung_4,0.0,0.0,3.0,3.0,3.0,3.0,478,young
1.380322154729767,1153.0,4.0,ds2,ds2_4,Jungwuchs/Dickung,Jungwuchs/Dickung_4,0.0,0.0,3.0,3.0,3.0,3.0,479,young
0.689797127194202,1154.0,4.0,ds1,ds1_4,Jungwuchs/Dickung,Jungwuchs/Dickung_4,0.0,0.0,3.0,3.0,4.0,3.0,480,young
0.646647901535733,1155.0,4.0,ds3,ds3_4,Stangenholz,Stangenholz_4,0.0,0.0,3.0,3.0,3.0,3.0,481,not_young
0.538911368613748,1157.0,4.0,ds6,ds6_4,Starkes Baumholz,Starkes Baumholz_4,0.0,0.0,3.0,3.0,4.0,3.0,482,not_young
0.785274665435893,1158.0,4.0,ds1,ds1_4,Jungwuchs/Dickung,Jungwuchs/Dickung_4,0.0,0.0,3.0,3.0,4.0,4.0,483,young
0.640895615331456,1159.0,4.0,ds1,ds1_4,Jungwuchs/Dickung,Jungwuchs/Dickung_4,0.0,0.0,3.0,1.0,3.0,3.0,484,young
0.703914608499361,1161.0,4.0,ds1,ds1_4,Jungwuchs/Dickung,Jungwuchs/Dickung_4,0.0,0.0,3.0,3.0,4.0,3.0,485,young
0.665378020382827,1162.0,13.0,ds2,ds2_13,Jungwuchs/Dickung,Jungwuchs/Dickung_13,0.0,0.0,3.0,3.0,3.0,3.0,486,young
2.577391587546934,1163.0,4.0,ds5,ds5_4,Mittleres Baumholz,Mittleres Baumholz_4,0.0,0.0,3.0,3.0,3.0,3.0,487,not_young
2.093847218803829,1165.0,13.0,ds3,ds3_13,Stangenholz,Stangenholz_13,0.0,0.0,3.0,3.0,3.0,3.0,488,not_young
2.093223846736748,1167.0,13.0,ds4,ds4_13,Schwaches Baumholz,Schwaches Baumholz_13,0.0,1.0,1.0,1.0,1.0,1.0,489,not_young
1.015642599848099,1169.0,4.0,ds4,ds4_4,Schwaches Baumholz,Schwaches Baumholz_4,0.0,1.0,1.0,1.0,1.0,1.0,490,not_young
0.850863124274373,1170.0,4.0,ds6,ds6_4,Starkes Baumholz,Starkes Baumholz_4,0.0,1.0,1.0,1.0,1.0,1.0,491,not_young
0.972565005347872,1171.0,4.0,ds6,ds6_4,Starkes Baumholz,Starkes Baumholz_4,0.0,0.0,3.0,3.0,3.0,3.0,492,not_young
0.618985990831757,1172.0,4.0,ds3,ds3_4,Stangenholz,Stangenholz_4,0.0,0.0,3.0,3.0,4.0,3.0,493,not_young
0.883511027174816,1173.0,13.0,ds5,ds5_13,Mittleres Baumholz,Mittleres Baumholz_13,0.0,1.0,1.0,1.0,1.0,1.0,494,not_young
1.726311616653125,1174.0,13.0,ds1,ds1_13,Jungwuchs/Dickung,Jungwuchs/Dickung_13,0.0,0.0,3.0,3.0,4.0,3.0,495,young
1.308460379756417,1175.0,4.0,ds6,ds6_4,Starkes Baumholz,Starkes Baumholz_4,0.0,0.0,3.0,3.0,3.0,3.0,496,not_young
1.292455346042384,1176.0,4.0,ds3,ds3_4,Stangenholz,Stangenholz_4,0.0,0.0,3.0,3.0,3.0,3.0,497,not_young
1.953189241916593,1177.0,4.0,ds5,ds5_4,Mittleres Baumholz,Mittleres Baumholz_4,0.0,0.0,3.0,3.0,3.0,3.0,498,not_young
0.536747346122004,1178.0,13.0,ds5,ds5_13,Mittleres Baumholz,Mittleres Baumholz_13,0.0,0.0,3.0,3.0,4.0,3.0,499,not_young
0.756791108273331,1179.0,4.0,ds6,ds6_4,Starkes Baumholz,Starkes Baumholz_4,0.0,0.0,3.0,3.0,3.0,3.0,500,not_young
2.208829315706666,1180.0,4.0,ds5,ds5_4,Mittleres Baumholz,Mittleres Baumholz_4,0.0,0.0,3.0,3.0,3.0,3.0,501,not_young
0.892785662183708,1181.0,4.0,ds6,ds6_4,Starkes Baumholz,Starkes Baumholz_4,0.0,0.0,3.0,3.0,3.0,3.0,502,not_young
3.772047047247325,1182.0,13.0,ds2,ds2_13,Jungwuchs/Dickung,Jungwuchs/Dickung_13,0.0,0.0,3.0,3.0,3.0,3.0,503,young
1.086921403345652,1183.0,13.0,ds5,ds5_13,Mittleres Baumholz,Mittleres Baumholz_13,0.0,1.0,1.0,1.0,1.0,1.0,504,not_young
2.127700504163964,1184.0,4.0,ds6,ds6_4,Starkes Baumholz,Starkes Baumholz_4,0.0,0.0,3.0,3.0,3.0,3.0,505,not_young
0.674698185064597,1185.0,13.0,ds4,ds4_13,Schwaches Baumholz,Schwaches Baumholz_13,0.0,0.0,3.0,3.0,3.0,3.0,506,not_young
0.68030499920969,1186.0,13.0,ds5,ds5_13,Mittleres Baumholz,Mittleres Baumholz_13,0.0,0.0,3.0,3.0,3.0,3.0,507,not_young
1.63857299258213,1187.0,4.0,ds4,ds4_4,Schwaches Baumholz,Schwaches Baumholz_4,0.0,1.0,1.0,1.0,1.0,1.0,508,not_young
1.011142721758153,1188.0,4.0,ds2,ds2_4,Jungwuchs/Dickung,Jungwuchs/Dickung_4,0.0,0.0,3.0,3.0,3.0,3.0,509,young
0.861223539324964,1189.0,4.0,ds4,ds4_4,Schwaches Baumholz,Schwaches Baumholz_4,0.0,0.0,3.0,3.0,4.0,3.0,510,not_young
0.979220415908238,1190.0,13.0,ds5,ds5_13,Mittleres Baumholz,Mittleres Baumholz_13,0.0,0.0,3.0,3.0,3.0,3.0,511,not_young
0.618575733598787,1191.0,13.0,ds2,ds2_13,Jungwuchs/Dickung,Jungwuchs/Dickung_13,0.0,0.0,3.0,3.0,3.0,3.0,512,young
0.955407735756434,1192.0,4.0,ds2,ds2_4,Jungwuchs/Dickung,Jungwuchs/Dickung_4,0.0,0.0,3.0,3.0,4.0,3.0,513,young
1.264888944443222,1193.0,4.0,ds5,ds5_4,Mittleres Baumholz,Mittleres Baumholz_4,0.0,1.0,1.0,1.0,1.0,1.0,514,not_young
1.124893350156629,1194.0,4.0,ds3,ds3_4,Stangenholz,Stangenholz_4,0.0,0.0,3.0,3.0,3.0,3.0,515,not_young
0.853387832263918,1195.0,4.0,ds3,ds3_4,Stangenholz,Stangenholz_4,0.0,0.0,3.0,1.0,4.0,4.0,516,not_young
0.964197397361122,1196.0,4.0,ds5,ds5_4,Mittleres Baumholz,Mittleres Baumholz_4,0.0,0.0,3.0,3.0,3.0,3.0,517,not_young
0.885327088005003,1197.0,13.0,ds3,ds3_13,Stangenholz,Stangenholz_13,0.0,0.0,3.0,3.0,3.0,3.0,518,not_young
0.573243165717274,1198.0,4.0,ds4,ds4_4,Schwaches Baumholz,Schwaches Baumholz_4,0.0,1.0,1.0,1.0,1.0,1.0,519,not_young
0.946135441662744,1199.0,4.0,ds5,ds5_4,Mittleres Baumholz,Mittleres Baumholz_4,0.0,0.0,3.0,3.0,4.0,3.0,520,not_young
1.144385198101122,1200.0,13.0,ds6,ds6_13,Starkes Baumholz,Starkes Baumholz_13,0.0,0.0,3.0,3.0,3.0,3.0,521,not_young
0.681802941285892,1201.0,13.0,ds5,ds5_13,Mittleres Baumholz,Mittleres Baumholz_13,0.0,0.0,3.0,3.0,4.0,4.0,522,not_young
1.736076697402354,1202.0,13.0,ds5,ds5_13,Mittleres Baumholz,Mittleres Baumholz_13,0.0,0.0,3.0,3.0,3.0,3.0,523,not_young
1.712403934686352,1203.0,4.0,ds1,ds1_4,Jungwuchs/Dickung,Jungwuchs/Dickung_4,0.0,0.0,3.0,3.0,3.0,3.0,524,young
1.838491553950019,1204.0,13.0,ds1,ds1_13,Jungwuchs/Dickung,Jungwuchs/Dickung_13,0.0,0.0,3.0,3.0,3.0,3.0,525,young
1.14094433971087,1205.0,4.0,ds2,ds2_4,Jungwuchs/Dickung,Jungwuchs/Dickung_4,0.0,0.0,3.0,3.0,4.0,4.0,526,young
1.010401942121238,1206.0,4.0,ds4,ds4_4,Schwaches Baumholz,Schwaches Baumholz_4,0.0,1.0,1.0,1.0,1.0,1.0,527,not_young
1.592816332095116,1207.0,4.0,ds6,ds6_4,Starkes Baumholz,Starkes Baumholz_4,0.0,0.0,3.0,3.0,3.0,3.0,528,not_young
2.28496261756749,1208.0,4.0,ds4,ds4_4,Schwaches Baumholz,Schwaches Baumholz_4,0.0,0.0,3.0,3.0,3.0,3.0,529,not_young
1.341682026810502,1209.0,4.0,ds3,ds3_4,Stangenholz,Stangenholz_4,0.0,0.0,3.0,3.0,3.0,3.0,530,not_young
0.869116142767714,1210.0,13.0,ds5,ds5_13,Mittleres Baumholz,Mittleres Baumholz_13,0.0,0.0,3.0,3.0,3.0,3.0,531,not_young
2.988812456650148,1211.0,13.0,ds5,ds5_13,Mittleres Baumholz,Mittleres Baumholz_13,0.0,0.0,3.0,3.0,3.0,3.0,532,not_young
1.106089697693137,1212.0,4.0,ds4,ds4_4,Schwaches Baumholz,Schwaches Baumholz_4,0.0,0.0,3.0,3.0,3.0,3.0,533,not_young
5.137995054321132,1213.0,13.0,ds5,ds5_13,Mittleres Baumholz,Mittleres Baumholz_13,0.0,0.0,3.0,3.0,3.0,3.0,534,not_young
1.542025080014453,1214.0,4.0,ds5,ds5_4,Mittleres Baumholz,Mittleres Baumholz_4,0.0,0.0,3.0,3.0,3.0,3.0,535,not_young
1.645792273471877,1215.0,4.0,ds4,ds4_4,Schwaches Baumholz,Schwaches Baumholz_4,0.0,0.0,3.0,3.0,4.0,3.0,536,not_young
1.45606183843601,1216.0,4.0,ds5,ds5_4,Mittleres Baumholz,Mittleres Baumholz_4,0.0,0.0,3.0,3.0,3.0,3.0,537,not_young
1.222559083884349,1217.0,4.0,ds3,ds3_4,Stangenholz,Stangenholz_4,0.0,0.0,3.0,3.0,4.0,4.0,538,not_young
0.535258390276636,1218.0,4.0,ds1,ds1_4,Jungwuchs/Dickung,Jungwuchs/Dickung_4,0.0,0.0,3.0,3.0,3.0,3.0,539,young
2.148141987364856,1219.0,4.0,ds5,ds5_4,Mittleres Baumholz,Mittleres Baumholz_4,0.0,1.0,1.0,1.0,1.0,1.0,540,not_young
0.672853332347376,1220.0,4.0,ds5,ds5_4,Mittleres Baumholz,Mittleres Baumholz_4,0.0,1.0,1.0,1.0,1.0,1.0,541,not_young
1.130599629708473,1221.0,4.0,ds5,ds5_4,Mittleres Baumholz,Mittleres Baumholz_4,0.0,1.0,1.0,1.0,1.0,1.0,542,not_young
1.59771750057498,1222.0,13.0,ds6,ds6_13,Starkes Baumholz,Starkes Baumholz_13,0.0,1.0,1.0,1.0,1.0,1.0,543,not_young
2.369987418329413,1223.0,13.0,ds4,ds4_13,Schwaches Baumholz,Schwaches Baumholz_13,0.0,1.0,1.0,1.0,1.0,1.0,544,not_young
1.387217353136884,1224.0,4.0,ds2,ds2_4,Jungwuchs/Dickung,Jungwuchs/Dickung_4,0.0,0.0,3.0,3.0,3.0,3.0,545,young
0.817390577964718,1225.0,13.0,ds5,ds5_13,Mittleres Baumholz,Mittleres Baumholz_13,0.0,1.0,1.0,1.0,1.0,1.0,546,not_young
1.573015771998694,1227.0,4.0,ds2,ds2_4,Jungwuchs/Dickung,Jungwuchs/Dickung_4,0.0,0.0,3.0,3.0,3.0,3.0,547,young
0.856697768491274,1228.0,4.0,ds1,ds1_4,Jungwuchs/Dickung,Jungwuchs/Dickung_4,0.0,0.0,3.0,3.0,4.0,4.0,548,young
1.691627572666575,1229.0,4.0,ds2,ds2_4,Jungwuchs/Dickung,Jungwuchs/Dickung_4,0.0,0.0,3.0,3.0,3.0,3.0,549,young
4.309782544051786,1230.0,4.0,ds5,ds5_4,Mittleres Baumholz,Mittleres Baumholz_4,0.0,1.0,1.0,1.0,1.0,1.0,550,not_young
1.09342223725114,1231.0,4.0,ds4,ds4_4,Schwaches Baumholz,Schwaches Baumholz_4,0.0,1.0,1.0,1.0,1.0,1.0,551,not_young
5.13970966652622,1232.0,13.0,ds3,ds3_13,Stangenholz,Stangenholz_13,0.0,0.0,3.0,3.0,3.0,3.0,552,not_young
0.734784490092692,1233.0,4.0,ds4,ds4_4,Schwaches Baumholz,Schwaches Baumholz_4,0.0,1.0,1.0,1.0,1.0,1.0,553,not_young
2.969372884375084,1234.0,4.0,ds2,ds2_4,Jungwuchs/Dickung,Jungwuchs/Dickung_4,0.0,0.0,3.0,3.0,4.0,4.0,554,young
1.894472573956475,1235.0,4.0,ds1,ds1_4,Jungwuchs/Dickung,Jungwuchs/Dickung_4,0.0,0.0,3.0,3.0,3.0,3.0,555,young
1.055500515226438,1236.0,13.0,ds2,ds2_13,Jungwuchs/Dickung,Jungwuchs/Dickung_13,0.0,0.0,3.0,3.0,3.0,3.0,556,young
0.837861979201369,1237.0,4.0,ds3,ds3_4,Stangenholz,Stangenholz_4,0.0,1.0,1.0,1.0,3.0,3.0,557,not_young
3.077906573840941,1238.0,13.0,ds6,ds6_13,Starkes Baumholz,Starkes Baumholz_13,0.0,0.0,3.0,3.0,3.0,3.0,558,not_young
0.874377574209904,1239.0,4.0,ds1,ds1_4,Jungwuchs/Dickung,Jungwuchs/Dickung_4,0.0,0.0,3.0,3.0,3.0,3.0,559,young
0.868017714080852,1240.0,4.0,ds5,ds5_4,Mittleres Baumholz,Mittleres Baumholz_4,0.0,1.0,1.0,1.0,1.0,1.0,560,not_young
1.889648840730868,1241.0,4.0,ds1,ds1_4,Jungwuchs/Dickung,Jungwuchs/Dickung_4,0.0,0.0,3.0,3.0,3.0,3.0,561,young
0.889986366278822,1242.0,13.0,ds4,ds4_13,Schwaches Baumholz,Schwaches Baumholz_13,0.0,0.0,3.0,3.0,3.0,3.0,562,not_young
0.844864478980695,1243.0,4.0,ds2,ds2_4,Jungwuchs/Dickung,Jungwuchs/Dickung_4,0.0,0.0,3.0,3.0,4.0,3.0,563,young
1.932654318149574,1244.0,13.0,ds2,ds2_13,Jungwuchs/Dickung,Jungwuchs/Dickung_13,0.0,0.0,3.0,3.0,4.0,4.0,564,young
2.87972663723543,1245.0,13.0,ds2,ds2_13,Jungwuchs/Dickung,Jungwuchs/Dickung_13,0.0,0.0,3.0,3.0,3.0,3.0,565,young
15.68640131416814,1246.0,4.0,ds2,ds2_4,Jungwuchs/Dickung,Jungwuchs/Dickung_4,0.0,1.0,1.0,1.0,1.0,1.0,566,young
1.69302956246878,1247.0,4.0,ds5,ds5_4,Mittleres Baumholz,Mittleres Baumholz_4,0.0,0.0,3.0,3.0,3.0,3.0,567,not_young
1.231306478323811,1248.0,4.0,ds5,ds5_4,Mittleres Baumholz,Mittleres Baumholz_4,0.0,0.0,3.0,3.0,4.0,4.0,568,not_young
2.999678520880779,1249.0,4.0,ds4,ds4_4,Schwaches Baumholz,Schwaches Baumholz_4,0.0,0.0,3.0,3.0,4.0,4.0,569,not_young
3.573597015360277,1251.0,4.0,ds6,ds6_4,Starkes Baumholz,Starkes Baumholz_4,0.0,0.0,3.0,3.0,4.0,3.0,570,not_young
2.028531687190523,1252.0,13.0,ds6,ds6_13,Starkes Baumholz,Starkes Baumholz_13,0.0,1.0,1.0,1.0,3.0,3.0,571,not_young
0.983898595442926,1253.0,4.0,ds6,ds6_4,Starkes Baumholz,Starkes Baumholz_4,0.0,0.0,3.0,3.0,4.0,4.0,572,not_young
1.177625074301654,1255.0,4.0,ds6,ds6_4,Starkes Baumholz,Starkes Baumholz_4,0.0,0.0,3.0,3.0,4.0,3.0,573,not_young
1.365813369124783,1256.0,4.0,ds2,ds2_4,Jungwuchs/Dickung,Jungwuchs/Dickung_4,0.0,0.0,3.0,3.0,3.0,3.0,574,young
0.508795446901717,1257.0,4.0,ds3,ds3_4,Stangenholz,Stangenholz_4,0.0,0.0,3.0,3.0,3.0,3.0,575,not_young
0.571584743586183,1258.0,4.0,ds3,ds3_4,Stangenholz,Stangenholz_4,0.0,0.0,3.0,3.0,3.0,3.0,576,not_young
0.54354662030848,1261.0,4.0,ds4,ds4_4,Schwaches Baumholz,Schwaches Baumholz_4,0.0,0.0,3.0,3.0,4.0,3.0,577,not_young
5.473351671445862,1262.0,13.0,ds2,ds2_13,Jungwuchs/Dickung,Jungwuchs/Dickung_13,0.0,1.0,1.0,1.0,1.0,1.0,578,young
4.657685951158404,1264.0,13.0,ds3,ds3_13,Stangenholz,Stangenholz_13,0.0,0.0,3.0,3.0,3.0,3.0,579,not_young
2.51547323382058,1265.0,13.0,ds4,ds4_13,Schwaches Baumholz,Schwaches Baumholz_13,0.0,0.0,3.0,1.0,4.0,4.0,580,not_young
0.996904852139187,1266.0,4.0,ds5,ds5_4,Mittleres Baumholz,Mittleres Baumholz_4,0.0,0.0,3.0,3.0,3.0,3.0,581,not_young
1.411373365519941,1269.0,4.0,ds2,ds2_4,Jungwuchs/Dickung,Jungwuchs/Dickung_4,0.0,0.0,3.0,3.0,3.0,3.0,582,young
0.584655759355519,1270.0,4.0,ds3,ds3_4,Stangenholz,Stangenholz_4,0.0,0.0,3.0,3.0,3.0,3.0,583,not_young
1.921149654115504,1271.0,4.0,ds5,ds5_4,Mittleres Baumholz,Mittleres Baumholz_4,0.0,0.0,3.0,3.0,4.0,3.0,584,not_young
2.475674466911778,1272.0,4.0,ds2,ds2_4,Jungwuchs/Dickung,Jungwuchs/Dickung_4,0.0,0.0,3.0,3.0,3.0,3.0,585,young
3.794501044613359,1273.0,4.0,ds3,ds3_4,Stangenholz,Stangenholz_4,0.0,0.0,3.0,3.0,3.0,3.0,586,not_young
1.88305638333119,1274.0,4.0,ds2,ds2_4,Jungwuchs/Dickung,Jungwuchs/Dickung_4,0.0,0.0,3.0,3.0,3.0,3.0,587,young
3.009845595753321,1275.0,4.0,ds5,ds5_4,Mittleres Baumholz,Mittleres Baumholz_4,0.0,0.0,3.0,3.0,4.0,3.0,588,not_young
2.877966153431498,1279.0,13.0,ds6,ds6_13,Starkes Baumholz,Starkes Baumholz_13,0.0,0.0,3.0,3.0,3.0,3.0,589,not_young
1.097819424699785,1280.0,4.0,ds5,ds5_4,Mittleres Baumholz,Mittleres Baumholz_4,0.0,0.0,3.0,3.0,3.0,3.0,590,not_young
7.242025147754262,1281.0,13.0,ds6,ds6_13,Starkes Baumholz,Starkes Baumholz_13,0.0,1.0,1.0,1.0,1.0,1.0,591,not_young
1.419245306527405,1282.0,13.0,ds5,ds5_13,Mittleres Baumholz,Mittleres Baumholz_13,0.0,1.0,1.0,1.0,3.0,3.0,592,not_young
1.745156083827477,1283.0,4.0,ds4,ds4_4,Schwaches Baumholz,Schwaches Baumholz_4,0.0,0.0,3.0,3.0,4.0,4.0,593,not_young
1.240652820488578,1284.0,13.0,ds1,ds1_13,Jungwuchs/Dickung,Jungwuchs/Dickung_13,0.0,0.0,3.0,3.0,3.0,3.0,594,young
3.227582661888568,1285.0,4.0,ds6,ds6_4,Starkes Baumholz,Starkes Baumholz_4,0.0,0.0,3.0,3.0,4.0,3.0,595,not_young
3.45077445306714,1286.0,4.0,ds1,ds1_4,Jungwuchs/Dickung,Jungwuchs/Dickung_4,0.0,0.0,3.0,3.0,3.0,3.0,596,young
0.971561681248992,1287.0,13.0,ds1,ds1_13,Jungwuchs/Dickung,Jungwuchs/Dickung_13,0.0,0.0,3.0,3.0,3.0,3.0,597,young
4.476500066755684,1289.0,4.0,ds6,ds6_4,Starkes Baumholz,Starkes Baumholz_4,0.0,0.0,3.0,3.0,3.0,3.0,598,not_young
0.585916411692493,1292.0,4.0,ds4,ds4_4,Schwaches Baumholz,Schwaches Baumholz_4,0.0,1.0,1.0,1.0,1.0,1.0,599,not_young
1.336085652631271,1293.0,4.0,ds5,ds5_4,Mittleres Baumholz,Mittleres Baumholz_4,0.0,1.0,1.0,1.0,1.0,1.0,600,not_young
0.816360192023175,1311.0,13.0,ds3,ds3_13,Stangenholz,Stangenholz_13,0.0,0.0,3.0,3.0,3.0,3.0,601,not_young
0.582119167703905,1318.0,4.0,ds3,ds3_4,Stangenholz,Stangenholz_4,0.0,0.0,3.0,3.0,3.0,3.0,602,not_young
0.659724523535441,1319.0,13.0,ds1,ds1_13,Jungwuchs/Dickung,Jungwuchs/Dickung_13,0.0,0.0,3.0,3.0,4.0,4.0,603,young
7.326406738367656,1328.0,13.0,ds5,ds5_13,Mittleres Baumholz,Mittleres Baumholz_13,1.0,0.0,2.0,2.0,4.0,2.0,604,not_young
0.678838364375569,1343.0,13.0,ds6,ds6_13,Starkes Baumholz,Starkes Baumholz_13,1.0,0.0,2.0,2.0,4.0,4.0,605,not_young
1.420391008813882,1366.0,13.0,ds6,ds6_13,Starkes Baumholz,Starkes Baumholz_13,1.0,0.0,2.0,2.0,2.0,2.0,606,not_young
0.508356680314732,1370.0,4.0,ds1,ds1_4,Jungwuchs/Dickung,Jungwuchs/Dickung_4,1.0,0.0,2.0,2.0,2.0,2.0,607,young
1.117927461122815,1406.0,13.0,ds6,ds6_13,Starkes Baumholz,Starkes Baumholz_13,1.0,0.0,2.0,2.0,2.0,2.0,608,not_young
0.509636768056586,1413.0,4.0,ds6,ds6_4,Starkes Baumholz,Starkes Baumholz_4,1.0,0.0,2.0,2.0,2.0,2.0,609,not_young
1.573006457705458,1420.0,13.0,ds6,ds6_13,Starkes Baumholz,Starkes Baumholz_13,1.0,0.0,2.0,2.0,2.0,2.0,610,not_young
0.821616594951507,1424.0,4.0,ds4,ds4_4,Schwaches Baumholz,Schwaches Baumholz_4,1.0,0.0,2.0,2.0,2.0,2.0,611,not_young
0.872729394330597,1425.0,4.0,ds4,ds4_4,Schwaches Baumholz,Schwaches Baumholz_4,1.0,0.0,2.0,2.0,4.0,4.0,612,not_young
0.501503177935524,1428.0,4.0,ds5,ds5_4,Mittleres Baumholz,Mittleres Baumholz_4,1.0,0.0,2.0,2.0,2.0,2.0,613,not_young
1.346438071745658,1435.0,13.0,ds6,ds6_13,Starkes Baumholz,Starkes Baumholz_13,1.0,0.0,2.0,2.0,2.0,2.0,614,not_young
1.381018511191663,1437.0,13.0,ds6,ds6_13,Starkes Baumholz,Starkes Baumholz_13,1.0,0.0,2.0,2.0,2.0,2.0,615,not_young
1.045320095722564,1438.0,13.0,ds4,ds4_13,Schwaches Baumholz,Schwaches Baumholz_13,1.0,0.0,2.0,2.0,4.0,2.0,616,not_young
0.682881064540602,1440.0,4.0,ds5,ds5_4,Mittleres Baumholz,Mittleres Baumholz_4,1.0,0.0,2.0,2.0,2.0,2.0,617,not_young
0.944724205232505,1443.0,4.0,ds5,ds5_4,Mittleres Baumholz,Mittleres Baumholz_4,1.0,0.0,2.0,2.0,2.0,2.0,618,not_young
0.534333612273075,1446.0,4.0,ds5,ds5_4,Mittleres Baumholz,Mittleres Baumholz_4,1.0,0.0,2.0,2.0,4.0,4.0,619,not_young
3.296483853458846,1448.0,4.0,ds5,ds5_4,Mittleres Baumholz,Mittleres Baumholz_4,1.0,0.0,2.0,2.0,2.0,2.0,620,not_young
0.724975103383383,1450.0,4.0,ds2,ds2_4,Jungwuchs/Dickung,Jungwuchs/Dickung_4,1.0,0.0,2.0,2.0,2.0,2.0,621,young
1.960622289829789,1454.0,13.0,ds6,ds6_13,Starkes Baumholz,Starkes Baumholz_13,1.0,0.0,2.0,2.0,2.0,2.0,622,not_young
0.717782954193838,1460.0,13.0,ds5,ds5_13,Mittleres Baumholz,Mittleres Baumholz_13,1.0,0.0,2.0,2.0,2.0,2.0,623,not_young
3.150653544052577,1464.0,13.0,ds5,ds5_13,Mittleres Baumholz,Mittleres Baumholz_13,1.0,0.0,2.0,2.0,4.0,4.0,624,not_young
1.20744290578501,1465.0,13.0,ds5,ds5_13,Mittleres Baumholz,Mittleres Baumholz_13,1.0,0.0,2.0,2.0,2.0,2.0,625,not_young
1.079052067246474,1466.0,13.0,ds4,ds4_13,Schwaches Baumholz,Schwaches Baumholz_13,1.0,0.0,2.0,2.0,4.0,4.0,626,not_young
0.955832110024942,1468.0,13.0,ds6,ds6_13,Starkes Baumholz,Starkes Baumholz_13,1.0,0.0,2.0,2.0,2.0,2.0,627,not_young
2.081599106948989,1469.0,4.0,ds5,ds5_4,Mittleres Baumholz,Mittleres Baumholz_4,1.0,0.0,2.0,2.0,2.0,2.0,628,not_young
1.345819207232283,1471.0,4.0,ds4,ds4_4,Schwaches Baumholz,Schwaches Baumholz_4,1.0,0.0,2.0,2.0,2.0,2.0,629,not_young
0.569532338175084,1474.0,4.0,ds5,ds5_4,Mittleres Baumholz,Mittleres Baumholz_4,1.0,0.0,2.0,2.0,2.0,2.0,630,not_young
1.686675553973208,1476.0,13.0,ds5,ds5_13,Mittleres Baumholz,Mittleres Baumholz_13,1.0,0.0,2.0,2.0,4.0,4.0,631,not_young
0.858950673254463,1478.0,13.0,ds4,ds4_13,Schwaches Baumholz,Schwaches Baumholz_13,1.0,0.0,2.0,2.0,2.0,2.0,632,not_young
0.536403669477627,1480.0,4.0,ds5,ds5_4,Mittleres Baumholz,Mittleres Baumholz_4,1.0,0.0,2.0,2.0,2.0,2.0,633,not_young
0.605290012670425,1483.0,4.0,ds4,ds4_4,Schwaches Baumholz,Schwaches Baumholz_4,1.0,0.0,2.0,2.0,4.0,2.0,634,not_young
0.952265394836338,1485.0,13.0,ds5,ds5_13,Mittleres Baumholz,Mittleres Baumholz_13,1.0,0.0,2.0,2.0,2.0,2.0,635,not_young
1.251679055464349,1487.0,13.0,ds6,ds6_13,Starkes Baumholz,Starkes Baumholz_13,1.0,0.0,2.0,2.0,2.0,2.0,636,not_young
0.576230531960353,1491.0,4.0,ds2,ds2_4,Jungwuchs/Dickung,Jungwuchs/Dickung_4,1.0,0.0,2.0,2.0,2.0,2.0,637,young
1.538826373860211,1493.0,4.0,ds5,ds5_4,Mittleres Baumholz,Mittleres Baumholz_4,1.0,0.0,2.0,2.0,4.0,2.0,638,not_young
1.201713380834513,1494.0,4.0,ds5,ds5_4,Mittleres Baumholz,Mittleres Baumholz_4,1.0,0.0,2.0,2.0,4.0,4.0,639,not_young
2.56766777563846,1495.0,4.0,ds5,ds5_4,Mittleres Baumholz,Mittleres Baumholz_4,1.0,0.0,2.0,2.0,2.0,2.0,640,not_young
0.71349995026004,1496.0,13.0,ds4,ds4_13,Schwaches Baumholz,Schwaches Baumholz_13,1.0,0.0,2.0,2.0,2.0,2.0,641,not_young
1.267644543486688,1497.0,4.0,ds3,ds3_4,Stangenholz,Stangenholz_4,1.0,0.0,2.0,2.0,2.0,2.0,642,not_young
1.455726564898365,1498.0,13.0,ds5,ds5_13,Mittleres Baumholz,Mittleres Baumholz_13,1.0,0.0,2.0,2.0,4.0,2.0,643,not_young
1.123834209941621,1499.0,4.0,ds5,ds5_4,Mittleres Baumholz,Mittleres Baumholz_4,1.0,0.0,2.0,2.0,2.0,2.0,644,not_young
0.68250355567995,1509.0,4.0,ds6,ds6_4,Starkes Baumholz,Starkes Baumholz_4,1.0,0.0,2.0,2.0,2.0,2.0,645,not_young
1.145970559140702,1519.0,4.0,ds1,ds1_4,Jungwuchs/Dickung,Jungwuchs/Dickung_4,1.0,0.0,2.0,2.0,2.0,2.0,646,young
1.247784311187733,1520.0,4.0,ds6,ds6_4,Starkes Baumholz,Starkes Baumholz_4,1.0,0.0,2.0,2.0,2.0,2.0,647,not_young
0.503048161186464,1523.0,4.0,ds6,ds6_4,Starkes Baumholz,Starkes Baumholz_4,1.0,0.0,2.0,2.0,2.0,2.0,648,not_young
0.611134733133152,1526.0,4.0,ds1,ds1_4,Jungwuchs/Dickung,Jungwuchs/Dickung_4,1.0,0.0,2.0,2.0,4.0,2.0,649,young
1.003836999482499,1537.0,4.0,ds5,ds5_4,Mittleres Baumholz,Mittleres Baumholz_4,1.0,0.0,2.0,2.0,4.0,2.0,650,not_young
0.782184357052343,1540.0,4.0,ds5,ds5_4,Mittleres Baumholz,Mittleres Baumholz_4,1.0,0.0,2.0,2.0,4.0,2.0,651,not_young
0.811450279484503,1541.0,4.0,ds6,ds6_4,Starkes Baumholz,Starkes Baumholz_4,1.0,0.0,2.0,2.0,2.0,2.0,652,not_young
0.796796030686394,1550.0,4.0,ds5,ds5_4,Mittleres Baumholz,Mittleres Baumholz_4,1.0,0.0,2.0,2.0,4.0,2.0,653,not_young
0.738830815549474,1559.0,4.0,ds5,ds5_4,Mittleres Baumholz,Mittleres Baumholz_4,1.0,0.0,2.0,2.0,4.0,2.0,654,not_young
0.522780782819912,1563.0,13.0,ds5,ds5_13,Mittleres Baumholz,Mittleres Baumholz_13,1.0,0.0,2.0,2.0,4.0,4.0,655,not_young
0.673709429373336,1564.0,4.0,ds4,ds4_4,Schwaches Baumholz,Schwaches Baumholz_4,1.0,0.0,2.0,2.0,4.0,2.0,656,not_young
2.539680270795501,1569.0,4.0,ds6,ds6_4,Starkes Baumholz,Starkes Baumholz_4,1.0,0.0,2.0,2.0,2.0,2.0,657,not_young
1.862367097699418,1570.0,4.0,ds6,ds6_4,Starkes Baumholz,Starkes Baumholz_4,1.0,0.0,2.0,2.0,4.0,2.0,658,not_young
0.508001836842938,1572.0,4.0,ds5,ds5_4,Mittleres Baumholz,Mittleres Baumholz_4,1.0,0.0,2.0,2.0,4.0,4.0,659,not_young
1.171624406376854,1575.0,4.0,ds6,ds6_4,Starkes Baumholz,Starkes Baumholz_4,1.0,0.0,2.0,2.0,2.0,2.0,660,not_young
1.572717572558823,1578.0,4.0,ds5,ds5_4,Mittleres Baumholz,Mittleres Baumholz_4,1.0,0.0,2.0,2.0,2.0,2.0,661,not_young
1.698608030124149,1580.0,13.0,ds6,ds6_13,Starkes Baumholz,Starkes Baumholz_13,1.0,0.0,2.0,2.0,2.0,2.0,662,not_young
0.897467427761533,1581.0,4.0,ds5,ds5_4,Mittleres Baumholz,Mittleres Baumholz_4,1.0,0.0,2.0,2.0,2.0,2.0,663,not_young
0.625591871270561,1586.0,13.0,ds5,ds5_13,Mittleres Baumholz,Mittleres Baumholz_13,1.0,0.0,2.0,2.0,4.0,2.0,664,not_young
0.923430189980453,1588.0,4.0,ds5,ds5_4,Mittleres Baumholz,Mittleres Baumholz_4,1.0,0.0,2.0,2.0,4.0,2.0,665,not_young
1.530066038964701,1591.0,4.0,ds6,ds6_4,Starkes Baumholz,Starkes Baumholz_4,1.0,0.0,2.0,2.0,4.0,2.0,666,not_young
0.545626165547367,1592.0,4.0,ds4,ds4_4,Schwaches Baumholz,Schwaches Baumholz_4,1.0,0.0,2.0,2.0,4.0,2.0,667,not_young
0.602493896711478,1593.0,13.0,ds2,ds2_13,Jungwuchs/Dickung,Jungwuchs/Dickung_13,1.0,0.0,2.0,2.0,2.0,2.0,668,young
0.757387631380605,1594.0,13.0,ds5,ds5_13,Mittleres Baumholz,Mittleres Baumholz_13,1.0,0.0,2.0,2.0,2.0,2.0,669,not_young
0.57540245142302,1595.0,4.0,ds6,ds6_4,Starkes Baumholz,Starkes Baumholz_4,1.0,0.0,2.0,2.0,2.0,2.0,670,not_young
0.955857423325095,1596.0,4.0,ds4,ds4_4,Schwaches Baumholz,Schwaches Baumholz_4,1.0,0.0,2.0,2.0,4.0,2.0,671,not_young
0.705185153671767,1598.0,4.0,ds1,ds1_4,Jungwuchs/Dickung,Jungwuchs/Dickung_4,1.0,0.0,2.0,2.0,4.0,2.0,672,young
0.576764124810966,1600.0,4.0,ds4,ds4_4,Schwaches Baumholz,Schwaches Baumholz_4,1.0,0.0,2.0,2.0,2.0,2.0,673,not_young
0.744241887513199,1601.0,4.0,ds5,ds5_4,Mittleres Baumholz,Mittleres Baumholz_4,1.0,0.0,2.0,2.0,2.0,2.0,674,not_young
1.401295210987909,1603.0,4.0,ds4,ds4_4,Schwaches Baumholz,Schwaches Baumholz_4,1.0,0.0,2.0,2.0,2.0,2.0,675,not_young
3.62022875753745,1606.0,4.0,ds5,ds5_4,Mittleres Baumholz,Mittleres Baumholz_4,1.0,0.0,2.0,2.0,2.0,2.0,676,not_young
1.269333768810763,1607.0,4.0,ds5,ds5_4,Mittleres Baumholz,Mittleres Baumholz_4,1.0,0.0,2.0,2.0,4.0,4.0,677,not_young
2.923859543056484,1608.0,4.0,ds5,ds5_4,Mittleres Baumholz,Mittleres Baumholz_4,1.0,0.0,2.0,2.0,2.0,2.0,678,not_young
1.179380146416178,1609.0,4.0,ds6,ds6_4,Starkes Baumholz,Starkes Baumholz_4,1.0,0.0,2.0,2.0,4.0,4.0,679,not_young
3.221840220128885,1610.0,13.0,ds6,ds6_13,Starkes Baumholz,Starkes Baumholz_13,1.0,0.0,2.0,2.0,4.0,4.0,680,not_young
2.779392579648178,1611.0,4.0,ds6,ds6_4,Starkes Baumholz,Starkes Baumholz_4,1.0,0.0,2.0,2.0,4.0,4.0,681,not_young
2.329451263393634,1612.0,4.0,ds5,ds5_4,Mittleres Baumholz,Mittleres Baumholz_4,1.0,0.0,2.0,2.0,4.0,2.0,682,not_young
1.02270394186303,1613.0,13.0,ds5,ds5_13,Mittleres Baumholz,Mittleres Baumholz_13,1.0,0.0,2.0,2.0,4.0,2.0,683,not_young
4.248370636818878,1614.0,4.0,ds6,ds6_4,Starkes Baumholz,Starkes Baumholz_4,1.0,0.0,2.0,2.0,2.0,2.0,684,not_young
4.08199167062315,1615.0,4.0,ds5,ds5_4,Mittleres Baumholz,Mittleres Baumholz_4,1.0,0.0,2.0,2.0,2.0,2.0,685,not_young
1.48270372300614,1616.0,4.0,ds6,ds6_4,Starkes Baumholz,Starkes Baumholz_4,1.0,0.0,2.0,2.0,2.0,2.0,686,not_young
0.7015073777118,1617.0,13.0,ds5,ds5_13,Mittleres Baumholz,Mittleres Baumholz_13,1.0,0.0,2.0,2.0,2.0,2.0,687,not_young
2.9023922393908,1618.0,4.0,ds6,ds6_4,Starkes Baumholz,Starkes Baumholz_4,1.0,0.0,2.0,2.0,4.0,2.0,688,not_young
0.670725800437387,1620.0,4.0,ds4,ds4_4,Schwaches Baumholz,Schwaches Baumholz_4,1.0,0.0,2.0,2.0,4.0,4.0,689,not_young
1.06855191496308,1621.0,4.0,ds5,ds5_4,Mittleres Baumholz,Mittleres Baumholz_4,1.0,0.0,2.0,2.0,2.0,2.0,690,not_young
0.877436054453935,1622.0,4.0,ds5,ds5_4,Mittleres Baumholz,Mittleres Baumholz_4,1.0,0.0,2.0,2.0,2.0,2.0,691,not_young
0.914949812468964,1623.0,4.0,ds4,ds4_4,Schwaches Baumholz,Schwaches Baumholz_4,1.0,0.0,2.0,2.0,4.0,4.0,692,not_young
3.483608935849293,1625.0,4.0,ds6,ds6_4,Starkes Baumholz,Starkes Baumholz_4,1.0,0.0,2.0,2.0,2.0,2.0,693,not_young
1.06212389848171,1626.0,4.0,ds1,ds1_4,Jungwuchs/Dickung,Jungwuchs/Dickung_4,1.0,0.0,2.0,2.0,2.0,2.0,694,young
1.647509212220503,1627.0,4.0,ds6,ds6_4,Starkes Baumholz,Starkes Baumholz_4,1.0,0.0,2.0,2.0,4.0,2.0,695,not_young
3.750367803094795,1628.0,4.0,ds5,ds5_4,Mittleres Baumholz,Mittleres Baumholz_4,1.0,0.0,2.0,2.0,2.0,2.0,696,not_young
5.662379660325404,1629.0,4.0,ds6,ds6_4,Starkes Baumholz,Starkes Baumholz_4,1.0,0.0,2.0,2.0,2.0,2.0,697,not_young
0.62472401061578,1630.0,4.0,ds5,ds5_4,Mittleres Baumholz,Mittleres Baumholz_4,1.0,0.0,2.0,2.0,4.0,2.0,698,not_young
1.405914907403038,1631.0,4.0,ds6,ds6_4,Starkes Baumholz,Starkes Baumholz_4,1.0,0.0,2.0,2.0,2.0,2.0,699,not_young
1.767006365724257,1633.0,4.0,ds5,ds5_4,Mittleres Baumholz,Mittleres Baumholz_4,1.0,0.0,2.0,2.0,4.0,4.0,700,not_young
0.898420338307347,1634.0,4.0,ds5,ds5_4,Mittleres Baumholz,Mittleres Baumholz_4,1.0,0.0,2.0,2.0,2.0,2.0,701,not_young
0.947403059933242,1638.0,4.0,ds6,ds6_4,Starkes Baumholz,Starkes Baumholz_4,1.0,0.0,2.0,2.0,4.0,2.0,702,not_young
0.525615999321752,1639.0,4.0,ds3,ds3_4,Stangenholz,Stangenholz_4,1.0,0.0,2.0,2.0,2.0,2.0,703,not_young
0.758371315681329,1644.0,13.0,ds5,ds5_13,Mittleres Baumholz,Mittleres Baumholz_13,1.0,0.0,2.0,2.0,4.0,2.0,704,not_young
0.832595824234468,1649.0,4.0,ds6,ds6_4,Starkes Baumholz,Starkes Baumholz_4,1.0,0.0,2.0,2.0,4.0,2.0,705,not_young
0.80695292757093,1650.0,13.0,ds5,ds5_13,Mittleres Baumholz,Mittleres Baumholz_13,1.0,0.0,2.0,2.0,2.0,2.0,706,not_young
0.518732689978345,1651.0,4.0,ds6,ds6_4,Starkes Baumholz,Starkes Baumholz_4,1.0,0.0,2.0,2.0,2.0,2.0,707,not_young
2.428024235752283,1652.0,4.0,ds6,ds6_4,Starkes Baumholz,Starkes Baumholz_4,1.0,0.0,2.0,2.0,2.0,2.0,708,not_young
0.677406396767031,1653.0,4.0,ds5,ds5_4,Mittleres Baumholz,Mittleres Baumholz_4,1.0,0.0,2.0,2.0,2.0,2.0,709,not_young
1.312367059034191,1654.0,4.0,ds5,ds5_4,Mittleres Baumholz,Mittleres Baumholz_4,1.0,0.0,2.0,2.0,2.0,2.0,710,not_young
0.764350097824255,1655.0,4.0,ds5,ds5_4,Mittleres Baumholz,Mittleres Baumholz_4,1.0,0.0,2.0,2.0,2.0,2.0,711,not_young
0.613140983477666,1656.0,4.0,ds5,ds5_4,Mittleres Baumholz,Mittleres Baumholz_4,1.0,0.0,2.0,2.0,2.0,2.0,712,not_young
2.285662693538727,1657.0,4.0,ds5,ds5_4,Mittleres Baumholz,Mittleres Baumholz_4,1.0,0.0,2.0,2.0,2.0,2.0,713,not_young
1.959627721929684,1658.0,4.0,ds5,ds5_4,Mittleres Baumholz,Mittleres Baumholz_4,1.0,0.0,2.0,2.0,4.0,2.0,714,not_young
2.532001059479162,1659.0,4.0,ds6,ds6_4,Starkes Baumholz,Starkes Baumholz_4,1.0,0.0,2.0,2.0,4.0,4.0,715,not_young
2.170310761883112,1660.0,4.0,ds6,ds6_4,Starkes Baumholz,Starkes Baumholz_4,1.0,0.0,2.0,2.0,2.0,2.0,716,not_young
1.278998330897902,1661.0,4.0,ds4,ds4_4,Schwaches Baumholz,Schwaches Baumholz_4,1.0,0.0,2.0,2.0,2.0,2.0,717,not_young
0.898842621622008,1662.0,4.0,ds6,ds6_4,Starkes Baumholz,Starkes Baumholz_4,1.0,0.0,2.0,2.0,2.0,2.0,718,not_young
2.555633328444205,1663.0,4.0,ds6,ds6_4,Starkes Baumholz,Starkes Baumholz_4,1.0,0.0,2.0,2.0,2.0,2.0,719,not_young
0.672493974851669,1692.0,4.0,ds5,ds5_4,Mittleres Baumholz,Mittleres Baumholz_4,1.0,0.0,2.0,2.0,2.0,2.0,720,not_young
1.113377191585384,1696.0,4.0,ds4,ds4_4,Schwaches Baumholz,Schwaches Baumholz_4,1.0,0.0,2.0,2.0,4.0,2.0,721,not_young
1.465884993687824,1697.0,4.0,ds5,ds5_4,Mittleres Baumholz,Mittleres Baumholz_4,1.0,0.0,2.0,2.0,4.0,4.0,722,not_young
0.580270617128303,1708.0,4.0,ds2,ds2_4,Jungwuchs/Dickung,Jungwuchs/Dickung_4,1.0,0.0,2.0,2.0,2.0,2.0,723,young
3.362912197490232,1710.0,4.0,ds5,ds5_4,Mittleres Baumholz,Mittleres Baumholz_4,1.0,0.0,2.0,2.0,2.0,2.0,724,not_young
0.897898665087664,1711.0,4.0,ds1,ds1_4,Jungwuchs/Dickung,Jungwuchs/Dickung_4,1.0,0.0,2.0,2.0,2.0,2.0,725,young
1.048447903732536,1712.0,4.0,ds4,ds4_4,Schwaches Baumholz,Schwaches Baumholz_4,1.0,0.0,2.0,2.0,2.0,2.0,726,not_young
0.624352817523899,1715.0,4.0,ds2,ds2_4,Jungwuchs/Dickung,Jungwuchs/Dickung_4,1.0,0.0,2.0,2.0,2.0,2.0,727,young
0.717058081862607,1716.0,4.0,ds4,ds4_4,Schwaches Baumholz,Schwaches Baumholz_4,1.0,0.0,2.0,2.0,2.0,2.0,728,not_young
0.913103822141141,1717.0,4.0,ds6,ds6_4,Starkes Baumholz,Starkes Baumholz_4,1.0,0.0,2.0,2.0,2.0,2.0,729,not_young
0.542744964275556,1719.0,4.0,ds5,ds5_4,Mittleres Baumholz,Mittleres Baumholz_4,1.0,0.0,2.0,2.0,2.0,2.0,730,not_young
0.725578123843955,1720.0,4.0,ds5,ds5_4,Mittleres Baumholz,Mittleres Baumholz_4,1.0,0.0,2.0,2.0,2.0,2.0,731,not_young
0.51132838523332,1723.0,4.0,ds6,ds6_4,Starkes Baumholz,Starkes Baumholz_4,1.0,0.0,2.0,2.0,4.0,2.0,732,not_young
0.595454949723673,1725.0,4.0,ds6,ds6_4,Starkes Baumholz,Starkes Baumholz_4,1.0,0.0,2.0,2.0,2.0,2.0,733,not_young
0.706565783109143,1734.0,4.0,ds6,ds6_4,Starkes Baumholz,Starkes Baumholz_4,1.0,0.0,2.0,2.0,2.0,2.0,734,not_young
0.881116945976822,1737.0,4.0,ds1,ds1_4,Jungwuchs/Dickung,Jungwuchs/Dickung_4,1.0,0.0,2.0,2.0,4.0,4.0,735,young
0.787726878500637,1738.0,4.0,ds4,ds4_4,Schwaches Baumholz,Schwaches Baumholz_4,1.0,0.0,2.0,2.0,2.0,2.0,736,not_young
0.526421770166501,1741.0,4.0,ds4,ds4_4,Schwaches Baumholz,Schwaches Baumholz_4,1.0,0.0,2.0,2.0,2.0,2.0,737,not_young
0.651218874633778,1745.0,13.0,ds6,ds6_13,Starkes Baumholz,Starkes Baumholz_13,1.0,0.0,2.0,2.0,2.0,2.0,738,not_young
0.550240912225517,1749.0,4.0,ds5,ds5_4,Mittleres Baumholz,Mittleres Baumholz_4,1.0,0.0,2.0,2.0,2.0,2.0,739,not_young
1.672627584112529,1752.0,4.0,ds4,ds4_4,Schwaches Baumholz,Schwaches Baumholz_4,1.0,0.0,2.0,2.0,2.0,2.0,740,not_young
0.501031868326734,1754.0,4.0,ds3,ds3_4,Stangenholz,Stangenholz_4,1.0,0.0,2.0,2.0,2.0,2.0,741,not_young
1.470231034980185,1760.0,4.0,ds5,ds5_4,Mittleres Baumholz,Mittleres Baumholz_4,1.0,0.0,2.0,2.0,2.0,2.0,742,not_young
0.560654102420178,1761.0,4.0,ds5,ds5_4,Mittleres Baumholz,Mittleres Baumholz_4,1.0,0.0,2.0,2.0,2.0,2.0,743,not_young
0.76608789639012,1764.0,4.0,ds5,ds5_4,Mittleres Baumholz,Mittleres Baumholz_4,1.0,0.0,2.0,2.0,2.0,2.0,744,not_young
0.519883854083996,1767.0,4.0,ds5,ds5_4,Mittleres Baumholz,Mittleres Baumholz_4,1.0,0.0,2.0,2.0,4.0,2.0,745,not_young
1.228161769940506,1771.0,4.0,ds6,ds6_4,Starkes Baumholz,Starkes Baumholz_4,1.0,0.0,2.0,2.0,4.0,2.0,746,not_young
0.814272380490351,1773.0,4.0,ds4,ds4_4,Schwaches Baumholz,Schwaches Baumholz_4,1.0,0.0,2.0,2.0,4.0,2.0,747,not_young
0.75419008551836,1774.0,4.0,ds3,ds3_4,Stangenholz,Stangenholz_4,1.0,0.0,2.0,2.0,2.0,2.0,748,not_young
2.746950107045279,1780.0,4.0,ds1,ds1_4,Jungwuchs/Dickung,Jungwuchs/Dickung_4,1.0,0.0,2.0,2.0,2.0,2.0,749,young
0.620565217224567,1784.0,4.0,ds6,ds6_4,Starkes Baumholz,Starkes Baumholz_4,1.0,0.0,2.0,2.0,2.0,2.0,750,not_young
1.317537511722977,1790.0,4.0,ds5,ds5_4,Mittleres Baumholz,Mittleres Baumholz_4,1.0,0.0,2.0,2.0,2.0,2.0,751,not_young
0.69312033055434,1794.0,4.0,ds4,ds4_4,Schwaches Baumholz,Schwaches Baumholz_4,1.0,0.0,2.0,2.0,4.0,2.0,752,not_young
1.637092618615623,1797.0,4.0,ds5,ds5_4,Mittleres Baumholz,Mittleres Baumholz_4,1.0,0.0,2.0,2.0,2.0,2.0,753,not_young
0.552775864569866,1799.0,4.0,ds5,ds5_4,Mittleres Baumholz,Mittleres Baumholz_4,1.0,0.0,2.0,2.0,2.0,2.0,754,not_young
0.69648199345707,1803.0,13.0,ds5,ds5_13,Mittleres Baumholz,Mittleres Baumholz_13,1.0,0.0,2.0,2.0,4.0,2.0,755,not_young
0.666160002022635,1805.0,4.0,ds5,ds5_4,Mittleres Baumholz,Mittleres Baumholz_4,1.0,0.0,2.0,2.0,2.0,2.0,756,not_young
0.64864141295033,1808.0,4.0,ds5,ds5_4,Mittleres Baumholz,Mittleres Baumholz_4,1.0,0.0,2.0,2.0,2.0,2.0,757,not_young
0.769865877981607,1817.0,13.0,ds1,ds1_13,Jungwuchs/Dickung,Jungwuchs/Dickung_13,1.0,0.0,2.0,2.0,2.0,2.0,758,young
5.295276584820412,1820.0,4.0,ds5,ds5_4,Mittleres Baumholz,Mittleres Baumholz_4,1.0,0.0,2.0,2.0,2.0,2.0,759,not_young
0.833709891487681,1822.0,4.0,ds4,ds4_4,Schwaches Baumholz,Schwaches Baumholz_4,1.0,0.0,2.0,2.0,4.0,2.0,760,not_young
0.704356324628752,1823.0,4.0,ds5,ds5_4,Mittleres Baumholz,Mittleres Baumholz_4,1.0,0.0,2.0,2.0,4.0,2.0,761,not_young
0.589988892137376,1825.0,4.0,ds1,ds1_4,Jungwuchs/Dickung,Jungwuchs/Dickung_4,1.0,0.0,2.0,2.0,2.0,2.0,762,young
0.759506513725966,1827.0,4.0,ds4,ds4_4,Schwaches Baumholz,Schwaches Baumholz_4,1.0,0.0,2.0,2.0,2.0,2.0,763,not_young
0.869378068338893,1828.0,4.0,ds2,ds2_4,Jungwuchs/Dickung,Jungwuchs/Dickung_4,1.0,0.0,2.0,2.0,2.0,2.0,764,young
0.927307898935489,1830.0,4.0,ds5,ds5_4,Mittleres Baumholz,Mittleres Baumholz_4,1.0,0.0,2.0,2.0,4.0,2.0,765,not_young
0.739598942829997,1831.0,4.0,ds4,ds4_4,Schwaches Baumholz,Schwaches Baumholz_4,1.0,0.0,2.0,2.0,2.0,2.0,766,not_young
0.686362561166944,1832.0,4.0,ds3,ds3_4,Stangenholz,Stangenholz_4,1.0,0.0,2.0,2.0,4.0,4.0,767,not_young
2.986033038883377,1834.0,4.0,ds4,ds4_4,Schwaches Baumholz,Schwaches Baumholz_4,1.0,0.0,2.0,2.0,2.0,2.0,768,not_young
2.199639738975151,1839.0,4.0,ds5,ds5_4,Mittleres Baumholz,Mittleres Baumholz_4,1.0,0.0,2.0,2.0,2.0,2.0,769,not_young
2.303411175562209,1841.0,4.0,ds4,ds4_4,Schwaches Baumholz,Schwaches Baumholz_4,1.0,0.0,2.0,2.0,4.0,4.0,770,not_young
4.32456337812366,1842.0,13.0,ds5,ds5_13,Mittleres Baumholz,Mittleres Baumholz_13,1.0,0.0,2.0,2.0,4.0,2.0,771,not_young
0.977264021017868,1843.0,13.0,ds5,ds5_13,Mittleres Baumholz,Mittleres Baumholz_13,1.0,0.0,2.0,2.0,2.0,2.0,772,not_young
0.921423624159652,1844.0,13.0,ds5,ds5_13,Mittleres Baumholz,Mittleres Baumholz_13,1.0,0.0,2.0,2.0,4.0,2.0,773,not_young
2.672326287165981,1845.0,13.0,ds6,ds6_13,Starkes Baumholz,Starkes Baumholz_13,1.0,0.0,2.0,2.0,2.0,2.0,774,not_young
2.332486249103653,1847.0,13.0,ds6,ds6_13,Starkes Baumholz,Starkes Baumholz_13,1.0,0.0,2.0,2.0,4.0,4.0,775,not_young
0.524689386759954,1848.0,4.0,ds2,ds2_4,Jungwuchs/Dickung,Jungwuchs/Dickung_4,1.0,0.0,2.0,2.0,2.0,2.0,776,young
0.634274295081268,1849.0,4.0,ds5,ds5_4,Mittleres Baumholz,Mittleres Baumholz_4,1.0,0.0,2.0,2.0,4.0,2.0,777,not_young
0.879197379044117,1850.0,4.0,ds5,ds5_4,Mittleres Baumholz,Mittleres Baumholz_4,1.0,0.0,2.0,2.0,2.0,2.0,778,not_young
0.975613969915995,1852.0,4.0,ds2,ds2_4,Jungwuchs/Dickung,Jungwuchs/Dickung_4,0.0,0.0,3.0,3.0,4.0,3.0,779,young
0.822189282462889,1853.0,4.0,ds2,ds2_4,Jungwuchs/Dickung,Jungwuchs/Dickung_4,0.0,0.0,3.0,3.0,4.0,3.0,780,young
3.121853431628929,1858.0,4.0,ds3,ds3_4,Stangenholz,Stangenholz_4,1.0,0.0,2.0,2.0,2.0,2.0,781,not_young
0.752876993615821,1860.0,4.0,ds1,ds1_4,Jungwuchs/Dickung,Jungwuchs/Dickung_4,1.0,0.0,2.0,2.0,2.0,2.0,782,young
1.385908954239183,1861.0,4.0,ds1,ds1_4,Jungwuchs/Dickung,Jungwuchs/Dickung_4,1.0,0.0,2.0,2.0,2.0,2.0,783,young
1.108202222823328,1862.0,4.0,ds4,ds4_4,Schwaches Baumholz,Schwaches Baumholz_4,1.0,0.0,2.0,2.0,2.0,2.0,784,not_young
1.16675100649728,1865.0,13.0,ds6,ds6_13,Starkes Baumholz,Starkes Baumholz_13,1.0,0.0,2.0,2.0,4.0,4.0,785,not_young
0.690089414966386,1867.0,4.0,ds4,ds4_4,Schwaches Baumholz,Schwaches Baumholz_4,1.0,0.0,2.0,2.0,2.0,2.0,786,not_young
2.457723274155542,1871.0,13.0,ds6,ds6_13,Starkes Baumholz,Starkes Baumholz_13,1.0,0.0,2.0,2.0,4.0,2.0,787,not_young
0.605178113055084,1872.0,4.0,ds1,ds1_4,Jungwuchs/Dickung,Jungwuchs/Dickung_4,1.0,0.0,2.0,2.0,2.0,2.0,788,young
0.952436050398462,1877.0,4.0,ds5,ds5_4,Mittleres Baumholz,Mittleres Baumholz_4,1.0,0.0,2.0,2.0,2.0,2.0,789,not_young
0.715492300045083,1879.0,4.0,ds1,ds1_4,Jungwuchs/Dickung,Jungwuchs/Dickung_4,1.0,0.0,2.0,2.0,2.0,2.0,790,young
0.97491122320143,1880.0,4.0,ds1,ds1_4,Jungwuchs/Dickung,Jungwuchs/Dickung_4,1.0,0.0,2.0,2.0,2.0,2.0,791,young
1.055700636328012,1881.0,13.0,ds4,ds4_13,Schwaches Baumholz,Schwaches Baumholz_13,1.0,0.0,2.0,2.0,2.0,2.0,792,not_young
0.847726764819422,1882.0,4.0,ds3,ds3_4,Stangenholz,Stangenholz_4,1.0,0.0,2.0,2.0,4.0,2.0,793,not_young
1.045882009720913,1883.0,4.0,ds4,ds4_4,Schwaches Baumholz,Schwaches Baumholz_4,1.0,0.0,2.0,2.0,2.0,2.0,794,not_young
4.106832611476979,1884.0,4.0,ds5,ds5_4,Mittleres Baumholz,Mittleres Baumholz_4,1.0,0.0,2.0,2.0,2.0,2.0,795,not_young
6.77019817327005,1885.0,4.0,ds3,ds3_4,Stangenholz,Stangenholz_4,1.0,0.0,2.0,2.0,2.0,2.0,796,not_young
0.957556176321115,1886.0,4.0,ds5,ds5_4,Mittleres Baumholz,Mittleres Baumholz_4,1.0,0.0,2.0,2.0,2.0,2.0,797,not_young
1.447256724151503,1887.0,13.0,ds3,ds3_13,Stangenholz,Stangenholz_13,1.0,0.0,2.0,2.0,4.0,4.0,798,not_young
7.26872713182221,1892.0,4.0,ds6,ds6_4,Starkes Baumholz,Starkes Baumholz_4,1.0,0.0,2.0,2.0,2.0,2.0,799,not_young
0.953180702571943,1893.0,13.0,ds5,ds5_13,Mittleres Baumholz,Mittleres Baumholz_13,1.0,0.0,2.0,2.0,2.0,2.0,800,not_young
0.558690180064924,1896.0,13.0,ds6,ds6_13,Starkes Baumholz,Starkes Baumholz_13,1.0,0.0,2.0,2.0,4.0,2.0,801,not_young
0.887766159544606,1903.0,4.0,ds2,ds2_4,Jungwuchs/Dickung,Jungwuchs/Dickung_4,1.0,0.0,2.0,2.0,2.0,2.0,802,young
0.575917869490232,1904.0,4.0,ds4,ds4_4,Schwaches Baumholz,Schwaches Baumholz_4,1.0,0.0,2.0,2.0,2.0,2.0,803,not_young
0.537348472897132,1913.0,4.0,ds5,ds5_4,Mittleres Baumholz,Mittleres Baumholz_4,1.0,0.0,2.0,2.0,4.0,2.0,804,not_young
2.208707664845854,1914.0,4.0,ds6,ds6_4,Starkes Baumholz,Starkes Baumholz_4,1.0,1.0,1.0,1.0,1.0,1.0,805,not_young
0.553246625169751,1976.0,13.0,ds5,ds5_13,Mittleres Baumholz,Mittleres Baumholz_13,1.0,0.0,2.0,2.0,2.0,2.0,806,not_young
1.045806773246019,1978.0,4.0,ds6,ds6_4,Starkes Baumholz,Starkes Baumholz_4,1.0,0.0,2.0,2.0,2.0,2.0,807,not_young
0.707354974695854,1982.0,4.0,ds3,ds3_4,Stangenholz,Stangenholz_4,1.0,0.0,2.0,2.0,2.0,2.0,808,not_young
0.53718868329922,1986.0,4.0,ds1,ds1_4,Jungwuchs/Dickung,Jungwuchs/Dickung_4,1.0,0.0,2.0,2.0,2.0,2.0,809,young
0.557040569798462,1987.0,4.0,ds6,ds6_4,Starkes Baumholz,Starkes Baumholz_4,1.0,0.0,2.0,2.0,2.0,2.0,810,not_young
0.699988587529911,1990.0,4.0,ds4,ds4_4,Schwaches Baumholz,Schwaches Baumholz_4,1.0,1.0,1.0,1.0,1.0,1.0,811,not_young
2.197721736377513,1991.0,4.0,ds5,ds5_4,Mittleres Baumholz,Mittleres Baumholz_4,1.0,0.0,2.0,2.0,4.0,2.0,812,not_young
1.630184322085712,1995.0,4.0,ds5,ds5_4,Mittleres Baumholz,Mittleres Baumholz_4,1.0,0.0,2.0,2.0,2.0,2.0,813,not_young
0.952105615273117,1999.0,4.0,ds6,ds6_4,Starkes Baumholz,Starkes Baumholz_4,1.0,0.0,2.0,2.0,4.0,2.0,814,not_young
0.694808124960636,2004.0,4.0,ds4,ds4_4,Schwaches Baumholz,Schwaches Baumholz_4,1.0,0.0,2.0,2.0,4.0,4.0,815,not_young
1.199906528967009,2005.0,4.0,ds6,ds6_4,Starkes Baumholz,Starkes Baumholz_4,1.0,0.0,2.0,2.0,4.0,4.0,816,not_young
0.734734132113587,2006.0,4.0,ds5,ds5_4,Mittleres Baumholz,Mittleres Baumholz_4,1.0,0.0,2.0,2.0,2.0,2.0,817,not_young
0.698033865730744,2007.0,4.0,ds3,ds3_4,Stangenholz,Stangenholz_4,1.0,0.0,2.0,2.0,2.0,2.0,818,not_young
1.856877818210074,2008.0,4.0,ds6,ds6_4,Starkes Baumholz,Starkes Baumholz_4,1.0,0.0,2.0,2.0,2.0,2.0,819,not_young
0.638912111511326,2015.0,4.0,ds6,ds6_4,Starkes Baumholz,Starkes Baumholz_4,1.0,0.0,2.0,2.0,2.0,2.0,820,not_young
1.033267149117941,2016.0,4.0,ds5,ds5_4,Mittleres Baumholz,Mittleres Baumholz_4,1.0,0.0,2.0,2.0,2.0,2.0,821,not_young
1.432207539784079,2026.0,4.0,ds6,ds6_4,Starkes Baumholz,Starkes Baumholz_4,1.0,0.0,2.0,2.0,4.0,2.0,822,not_young
0.536444249393488,2028.0,4.0,ds5,ds5_4,Mittleres Baumholz,Mittleres Baumholz_4,1.0,0.0,2.0,2.0,2.0,2.0,823,not_young
0.94643136105882,2029.0,4.0,ds4,ds4_4,Schwaches Baumholz,Schwaches Baumholz_4,1.0,0.0,2.0,2.0,2.0,2.0,824,not_young
11.374504268744875,2030.0,4.0,ds6,ds6_4,Starkes Baumholz,Starkes Baumholz_4,1.0,0.0,2.0,2.0,4.0,2.0,825,not_young
2.111864573327632,2031.0,4.0,ds5,ds5_4,Mittleres Baumholz,Mittleres Baumholz_4,1.0,0.0,2.0,2.0,2.0,2.0,826,not_young
0.675498973926378,2032.0,13.0,ds5,ds5_13,Mittleres Baumholz,Mittleres Baumholz_13,1.0,0.0,2.0,2.0,4.0,2.0,827,not_young
1.47728595759864,2037.0,4.0,ds4,ds4_4,Schwaches Baumholz,Schwaches Baumholz_4,1.0,0.0,2.0,2.0,2.0,2.0,828,not_young
1.481311552647338,2038.0,4.0,ds3,ds3_4,Stangenholz,Stangenholz_4,1.0,0.0,2.0,2.0,2.0,2.0,829,not_young
1.001958294217114,2042.0,4.0,ds5,ds5_4,Mittleres Baumholz,Mittleres Baumholz_4,1.0,0.0,2.0,2.0,2.0,2.0,830,not_young
0.597764221083373,2044.0,4.0,ds5,ds5_4,Mittleres Baumholz,Mittleres Baumholz_4,1.0,0.0,2.0,2.0,2.0,2.0,831,not_young
1.242334923801507,2046.0,4.0,ds5,ds5_4,Mittleres Baumholz,Mittleres Baumholz_4,1.0,0.0,2.0,2.0,4.0,2.0,832,not_young
0.681741119121551,2049.0,4.0,ds4,ds4_4,Schwaches Baumholz,Schwaches Baumholz_4,1.0,0.0,2.0,2.0,4.0,4.0,833,not_young
0.944398279324931,2052.0,4.0,ds6,ds6_4,Starkes Baumholz,Starkes Baumholz_4,1.0,0.0,2.0,2.0,4.0,2.0,834,not_young
0.707808379206824,2056.0,4.0,ds6,ds6_4,Starkes Baumholz,Starkes Baumholz_4,1.0,0.0,2.0,2.0,4.0,4.0,835,not_young
0.638161310594226,2061.0,4.0,ds6,ds6_4,Starkes Baumholz,Starkes Baumholz_4,1.0,0.0,2.0,2.0,4.0,2.0,836,not_young
0.532468639806128,2062.0,4.0,ds2,ds2_4,Jungwuchs/Dickung,Jungwuchs/Dickung_4,1.0,0.0,2.0,2.0,2.0,2.0,837,young
0.751412244795088,2063.0,4.0,ds5,ds5_4,Mittleres Baumholz,Mittleres Baumholz_4,1.0,0.0,2.0,2.0,2.0,2.0,838,not_young
0.938641877782311,2064.0,4.0,ds4,ds4_4,Schwaches Baumholz,Schwaches Baumholz_4,1.0,0.0,2.0,2.0,2.0,2.0,839,not_young
1.018006037057053,2065.0,4.0,ds2,ds2_4,Jungwuchs/Dickung,Jungwuchs/Dickung_4,1.0,0.0,2.0,2.0,2.0,2.0,840,young
0.643148771916854,2066.0,4.0,ds5,ds5_4,Mittleres Baumholz,Mittleres Baumholz_4,1.0,0.0,2.0,2.0,4.0,4.0,841,not_young
5.645193041555046,2067.0,4.0,ds5,ds5_4,Mittleres Baumholz,Mittleres Baumholz_4,1.0,0.0,2.0,2.0,4.0,2.0,842,not_young
0.784214774155011,2072.0,13.0,ds6,ds6_13,Starkes Baumholz,Starkes Baumholz_13,1.0,0.0,2.0,2.0,2.0,2.0,843,not_young
0.581713391061127,2078.0,4.0,ds4,ds4_4,Schwaches Baumholz,Schwaches Baumholz_4,1.0,0.0,2.0,2.0,4.0,2.0,844,not_young
0.972845210829936,2084.0,4.0,ds6,ds6_4,Starkes Baumholz,Starkes Baumholz_4,1.0,0.0,2.0,2.0,2.0,2.0,845,not_young
0.612975568302954,2085.0,4.0,ds4,ds4_4,Schwaches Baumholz,Schwaches Baumholz_4,1.0,0.0,2.0,2.0,4.0,2.0,846,not_young
0.938193077737046,2092.0,13.0,ds1,ds1_13,Jungwuchs/Dickung,Jungwuchs/Dickung_13,1.0,0.0,2.0,2.0,2.0,2.0,847,young
0.515300245051598,2108.0,4.0,ds6,ds6_4,Starkes Baumholz,Starkes Baumholz_4,1.0,0.0,2.0,2.0,2.0,2.0,848,not_young
0.922945461965725,2112.0,4.0,ds6,ds6_4,Starkes Baumholz,Starkes Baumholz_4,1.0,0.0,2.0,2.0,2.0,2.0,849,not_young
0.695327520998858,2117.0,4.0,ds1,ds1_4,Jungwuchs/Dickung,Jungwuchs/Dickung_4,1.0,0.0,2.0,2.0,2.0,2.0,850,young
1.81710184457239,2131.0,4.0,ds6,ds6_4,Starkes Baumholz,Starkes Baumholz_4,1.0,0.0,2.0,2.0,2.0,2.0,851,not_young
0.683679128969624,2135.0,4.0,ds5,ds5_4,Mittleres Baumholz,Mittleres Baumholz_4,1.0,0.0,2.0,2.0,2.0,2.0,852,not_young
0.693997985539306,2138.0,4.0,ds6,ds6_4,Starkes Baumholz,Starkes Baumholz_4,1.0,0.0,2.0,2.0,4.0,2.0,853,not_young
1.216019062795118,2148.0,4.0,ds5,ds5_4,Mittleres Baumholz,Mittleres Baumholz_4,1.0,0.0,2.0,2.0,2.0,2.0,854,not_young
0.583970408531884,2149.0,13.0,ds6,ds6_13,Starkes Baumholz,Starkes Baumholz_13,1.0,0.0,2.0,2.0,4.0,4.0,855,not_young
0.582906170284282,2153.0,4.0,ds4,ds4_4,Schwaches Baumholz,Schwaches Baumholz_4,1.0,0.0,2.0,2.0,2.0,2.0,856,not_young
1.035629877825943,2155.0,4.0,ds5,ds5_4,Mittleres Baumholz,Mittleres Baumholz_4,1.0,1.0,1.0,1.0,1.0,1.0,857,not_young
0.592518845363706,2156.0,4.0,ds6,ds6_4,Starkes Baumholz,Starkes Baumholz_4,1.0,0.0,2.0,2.0,4.0,2.0,858,not_young
0.519777820983902,2166.0,13.0,ds5,ds5_13,Mittleres Baumholz,Mittleres Baumholz_13,1.0,0.0,2.0,2.0,2.0,2.0,859,not_young
3.131337806789092,2167.0,13.0,ds6,ds6_13,Starkes Baumholz,Starkes Baumholz_13,1.0,1.0,1.0,1.0,1.0,1.0,860,not_young
1.687350249159307,2168.0,13.0,ds5,ds5_13,Mittleres Baumholz,Mittleres Baumholz_13,1.0,1.0,1.0,1.0,1.0,1.0,861,not_young
1.840207483173581,2172.0,4.0,ds6,ds6_4,Starkes Baumholz,Starkes Baumholz_4,1.0,0.0,2.0,2.0,4.0,2.0,862,not_young
1.145336521854438,2173.0,4.0,ds4,ds4_4,Schwaches Baumholz,Schwaches Baumholz_4,1.0,0.0,2.0,2.0,4.0,4.0,863,not_young
1.417176107698976,2175.0,4.0,ds1,ds1_4,Jungwuchs/Dickung,Jungwuchs/Dickung_4,1.0,0.0,2.0,2.0,4.0,2.0,864,young
0.983677590864839,2176.0,4.0,ds6,ds6_4,Starkes Baumholz,Starkes Baumholz_4,1.0,0.0,2.0,2.0,2.0,2.0,865,not_young
0.56116975925481,2181.0,4.0,ds6,ds6_4,Starkes Baumholz,Starkes Baumholz_4,1.0,0.0,2.0,2.0,2.0,2.0,866,not_young
0.919552615543391,2182.0,4.0,ds6,ds6_4,Starkes Baumholz,Starkes Baumholz_4,1.0,0.0,2.0,2.0,2.0,2.0,867,not_young
0.709702231098894,2184.0,13.0,ds5,ds5_13,Mittleres Baumholz,Mittleres Baumholz_13,1.0,0.0,2.0,2.0,2.0,2.0,868,not_young
0.544771831013123,2185.0,13.0,ds3,ds3_13,Stangenholz,Stangenholz_13,1.0,0.0,2.0,2.0,4.0,2.0,869,not_young
0.649878839439848,2186.0,4.0,ds6,ds6_4,Starkes Baumholz,Starkes Baumholz_4,1.0,0.0,2.0,2.0,4.0,2.0,870,not_young
0.944048561207956,2191.0,4.0,ds6,ds6_4,Starkes Baumholz,Starkes Baumholz_4,1.0,0.0,2.0,2.0,4.0,2.0,871,not_young
0.762259891436249,2193.0,4.0,ds1,ds1_4,Jungwuchs/Dickung,Jungwuchs/Dickung_4,1.0,0.0,2.0,2.0,2.0,2.0,872,young
1.566080493186368,2194.0,13.0,ds5,ds5_13,Mittleres Baumholz,Mittleres Baumholz_13,1.0,0.0,2.0,2.0,4.0,2.0,873,not_young
0.960584769217693,2197.0,4.0,ds5,ds5_4,Mittleres Baumholz,Mittleres Baumholz_4,1.0,0.0,2.0,2.0,2.0,2.0,874,not_young
0.993767665022388,2202.0,4.0,ds1,ds1_4,Jungwuchs/Dickung,Jungwuchs/Dickung_4,1.0,0.0,2.0,2.0,2.0,2.0,875,young
14.626890003841696,2203.0,13.0,ds6,ds6_13,Starkes Baumholz,Starkes Baumholz_13,1.0,0.0,2.0,2.0,4.0,4.0,876,not_young
1.888925980113389,2204.0,13.0,ds6,ds6_13,Starkes Baumholz,Starkes Baumholz_13,1.0,0.0,2.0,2.0,4.0,2.0,877,not_young
1.513205634196661,2205.0,13.0,ds6,ds6_13,Starkes Baumholz,Starkes Baumholz_13,1.0,0.0,2.0,2.0,2.0,2.0,878,not_young
1.553463955945289,2206.0,4.0,ds6,ds6_4,Starkes Baumholz,Starkes Baumholz_4,1.0,0.0,2.0,2.0,2.0,2.0,879,not_young
0.502345992459077,2207.0,4.0,ds4,ds4_4,Schwaches Baumholz,Schwaches Baumholz_4,1.0,0.0,2.0,2.0,2.0,2.0,880,not_young
1.059422729129146,2208.0,4.0,ds5,ds5_4,Mittleres Baumholz,Mittleres Baumholz_4,1.0,0.0,2.0,2.0,2.0,2.0,881,not_young
1.628413480217206,2209.0,4.0,ds4,ds4_4,Schwaches Baumholz,Schwaches Baumholz_4,1.0,0.0,2.0,2.0,2.0,2.0,882,not_young
1.458873163938755,2211.0,4.0,ds5,ds5_4,Mittleres Baumholz,Mittleres Baumholz_4,1.0,0.0,2.0,2.0,4.0,4.0,883,not_young
0.722207060311438,2212.0,4.0,ds2,ds2_4,Jungwuchs/Dickung,Jungwuchs/Dickung_4,1.0,0.0,2.0,2.0,2.0,2.0,884,young
0.730500270273036,2213.0,13.0,ds2,ds2_13,Jungwuchs/Dickung,Jungwuchs/Dickung_13,1.0,0.0,2.0,2.0,2.0,2.0,885,young
2.298401298512641,2214.0,4.0,ds6,ds6_4,Starkes Baumholz,Starkes Baumholz_4,1.0,0.0,2.0,2.0,4.0,2.0,886,not_young
0.868602120942269,2215.0,4.0,ds2,ds2_4,Jungwuchs/Dickung,Jungwuchs/Dickung_4,1.0,0.0,2.0,2.0,4.0,2.0,887,young
0.992411410492822,2217.0,4.0,ds5,ds5_4,Mittleres Baumholz,Mittleres Baumholz_4,1.0,0.0,2.0,2.0,2.0,2.0,888,not_young
0.878514016893762,2219.0,4.0,ds5,ds5_4,Mittleres Baumholz,Mittleres Baumholz_4,1.0,0.0,2.0,2.0,2.0,2.0,889,not_young
3.297874650836921,2220.0,4.0,ds5,ds5_4,Mittleres Baumholz,Mittleres Baumholz_4,1.0,1.0,1.0,1.0,1.0,1.0,890,not_young
1.096497115471881,2221.0,4.0,ds4,ds4_4,Schwaches Baumholz,Schwaches Baumholz_4,1.0,1.0,1.0,1.0,1.0,1.0,891,not_young
0.573640426270192,2222.0,4.0,ds1,ds1_4,Jungwuchs/Dickung,Jungwuchs/Dickung_4,1.0,0.0,2.0,2.0,2.0,2.0,892,young
1.538132219111361,2224.0,4.0,ds5,ds5_4,Mittleres Baumholz,Mittleres Baumholz_4,1.0,0.0,2.0,2.0,2.0,2.0,893,not_young
3.992677917363445,2227.0,4.0,ds6,ds6_4,Starkes Baumholz,Starkes Baumholz_4,1.0,0.0,2.0,2.0,4.0,4.0,894,not_young
1.080974172954692,2229.0,4.0,ds5,ds5_4,Mittleres Baumholz,Mittleres Baumholz_4,1.0,0.0,2.0,2.0,4.0,4.0,895,not_young
0.564896939282544,2231.0,4.0,ds4,ds4_4,Schwaches Baumholz,Schwaches Baumholz_4,1.0,0.0,2.0,2.0,4.0,4.0,896,not_young
0.664877641916355,2232.0,4.0,ds6,ds6_4,Starkes Baumholz,Starkes Baumholz_4,1.0,0.0,2.0,2.0,2.0,2.0,897,not_young
0.512987088197206,2233.0,4.0,ds5,ds5_4,Mittleres Baumholz,Mittleres Baumholz_4,1.0,0.0,2.0,2.0,4.0,2.0,898,not_young
1.44795450099918,2235.0,4.0,ds5,ds5_4,Mittleres Baumholz,Mittleres Baumholz_4,1.0,0.0,2.0,2.0,2.0,2.0,899,not_young
2.502779435700551,2237.0,4.0,ds6,ds6_4,Starkes Baumholz,Starkes Baumholz_4,1.0,0.0,2.0,2.0,4.0,2.0,900,not_young
0.574007975715341,2239.0,13.0,ds3,ds3_13,Stangenholz,Stangenholz_13,1.0,0.0,2.0,2.0,2.0,2.0,901,not_young
1.09875573235245,2240.0,4.0,ds5,ds5_4,Mittleres Baumholz,Mittleres Baumholz_4,1.0,0.0,2.0,2.0,4.0,2.0,902,not_young
1.559246828732717,2242.0,4.0,ds5,ds5_4,Mittleres Baumholz,Mittleres Baumholz_4,1.0,0.0,2.0,2.0,2.0,2.0,903,not_young
1.565907063700934,2243.0,4.0,ds5,ds5_4,Mittleres Baumholz,Mittleres Baumholz_4,1.0,0.0,2.0,2.0,4.0,4.0,904,not_young
1.268032299478148,2248.0,4.0,ds6,ds6_4,Starkes Baumholz,Starkes Baumholz_4,1.0,0.0,2.0,2.0,2.0,2.0,905,not_young
0.820220598312296,2252.0,13.0,ds6,ds6_13,Starkes Baumholz,Starkes Baumholz_13,1.0,0.0,2.0,2.0,4.0,4.0,906,not_young
0.59733918446505,2254.0,13.0,ds3,ds3_13,Stangenholz,Stangenholz_13,1.0,1.0,1.0,1.0,1.0,1.0,907,not_young
1.636967077275582,2255.0,4.0,ds6,ds6_4,Starkes Baumholz,Starkes Baumholz_4,1.0,0.0,2.0,2.0,2.0,2.0,908,not_young
0.972986985941858,2257.0,4.0,ds6,ds6_4,Starkes Baumholz,Starkes Baumholz_4,1.0,0.0,2.0,2.0,2.0,2.0,909,not_young
2.206321863332764,2261.0,4.0,ds6,ds6_4,Starkes Baumholz,Starkes Baumholz_4,1.0,0.0,2.0,2.0,2.0,2.0,910,not_young
1.024804128475674,2262.0,4.0,ds4,ds4_4,Schwaches Baumholz,Schwaches Baumholz_4,1.0,0.0,2.0,2.0,4.0,4.0,911,not_young
1.108962687889295,2263.0,4.0,ds3,ds3_4,Stangenholz,Stangenholz_4,1.0,0.0,2.0,2.0,2.0,2.0,912,not_young
2.311365434452249,2264.0,4.0,ds5,ds5_4,Mittleres Baumholz,Mittleres Baumholz_4,1.0,0.0,2.0,2.0,4.0,2.0,913,not_young
1.696113382712987,2265.0,4.0,ds6,ds6_4,Starkes Baumholz,Starkes Baumholz_4,1.0,0.0,2.0,2.0,2.0,2.0,914,not_young
0.750197435996402,2266.0,4.0,ds4,ds4_4,Schwaches Baumholz,Schwaches Baumholz_4,1.0,0.0,2.0,2.0,4.0,4.0,915,not_young
1.009402583119069,2267.0,4.0,ds4,ds4_4,Schwaches Baumholz,Schwaches Baumholz_4,1.0,0.0,2.0,2.0,2.0,2.0,916,not_young
1.217430704874425,2268.0,4.0,ds5,ds5_4,Mittleres Baumholz,Mittleres Baumholz_4,1.0,0.0,2.0,2.0,2.0,2.0,917,not_young
1.339503925874835,2269.0,4.0,ds4,ds4_4,Schwaches Baumholz,Schwaches Baumholz_4,1.0,1.0,1.0,1.0,1.0,1.0,918,not_young
0.838130114828498,2270.0,13.0,ds4,ds4_13,Schwaches Baumholz,Schwaches Baumholz_13,1.0,0.0,2.0,2.0,2.0,2.0,919,not_young
0.721436365367688,2272.0,4.0,ds5,ds5_4,Mittleres Baumholz,Mittleres Baumholz_4,1.0,0.0,2.0,2.0,2.0,2.0,920,not_young
4.170108691263251,2273.0,4.0,ds5,ds5_4,Mittleres Baumholz,Mittleres Baumholz_4,1.0,0.0,2.0,2.0,2.0,2.0,921,not_young
0.521048733654083,2275.0,4.0,ds1,ds1_4,Jungwuchs/Dickung,Jungwuchs/Dickung_4,1.0,0.0,2.0,2.0,4.0,2.0,922,young
1.203458979634137,2279.0,4.0,ds6,ds6_4,Starkes Baumholz,Starkes Baumholz_4,1.0,0.0,2.0,2.0,2.0,2.0,923,not_young
1.120864241011633,2281.0,4.0,ds6,ds6_4,Starkes Baumholz,Starkes Baumholz_4,1.0,0.0,2.0,2.0,2.0,2.0,924,not_young
4.018084300766834,2283.0,13.0,ds6,ds6_13,Starkes Baumholz,Starkes Baumholz_13,1.0,0.0,2.0,2.0,2.0,2.0,925,not_young
0.573982608179282,2286.0,4.0,ds6,ds6_4,Starkes Baumholz,Starkes Baumholz_4,1.0,0.0,2.0,2.0,4.0,2.0,926,not_young
4.298458194222295,2287.0,4.0,ds6,ds6_4,Starkes Baumholz,Starkes Baumholz_4,1.0,0.0,2.0,2.0,2.0,2.0,927,not_young
17.26418360211824,2288.0,4.0,ds6,ds6_4,Starkes Baumholz,Starkes Baumholz_4,1.0,0.0,2.0,2.0,2.0,2.0,928,not_young
0.74845570756697,2289.0,4.0,ds5,ds5_4,Mittleres Baumholz,Mittleres Baumholz_4,1.0,0.0,2.0,2.0,2.0,2.0,929,not_young
0.655240649977978,2308.0,13.0,ds4,ds4_13,Schwaches Baumholz,Schwaches Baumholz_13,1.0,0.0,2.0,2.0,2.0,2.0,930,not_young
0.826108554309467,2318.0,13.0,ds6,ds6_13,Starkes Baumholz,Starkes Baumholz_13,1.0,1.0,1.0,1.0,1.0,1.0,931,not_young
0.807754900794895,2351.0,4.0,ds6,ds6_4,Starkes Baumholz,Starkes Baumholz_4,1.0,0.0,2.0,2.0,2.0,2.0,932,not_young
0.580897551382519,2353.0,4.0,ds6,ds6_4,Starkes Baumholz,Starkes Baumholz_4,1.0,0.0,2.0,2.0,4.0,2.0,933,not_young
0.666214240674092,2354.0,13.0,ds5,ds5_13,Mittleres Baumholz,Mittleres Baumholz_13,1.0,0.0,2.0,2.0,2.0,2.0,934,not_young
0.612106315186713,2359.0,4.0,ds3,ds3_4,Stangenholz,Stangenholz_4,1.0,0.0,2.0,2.0,2.0,2.0,935,not_young
1.162901627319306,2363.0,13.0,ds5,ds5_13,Mittleres Baumholz,Mittleres Baumholz_13,1.0,0.0,2.0,2.0,2.0,2.0,936,not_young
0.76260335729816,2371.0,13.0,ds6,ds6_13,Starkes Baumholz,Starkes Baumholz_13,1.0,0.0,2.0,2.0,2.0,2.0,937,not_young
0.772695685386667,2374.0,4.0,ds4,ds4_4,Schwaches Baumholz,Schwaches Baumholz_4,1.0,0.0,2.0,2.0,2.0,2.0,938,not_young
0.996383454037551,2379.0,4.0,ds5,ds5_4,Mittleres Baumholz,Mittleres Baumholz_4,1.0,0.0,2.0,2.0,2.0,2.0,939,not_young
1.07099544374753,2380.0,13.0,ds5,ds5_13,Mittleres Baumholz,Mittleres Baumholz_13,1.0,0.0,2.0,2.0,2.0,2.0,940,not_young
0.840473127730924,2393.0,4.0,ds5,ds5_4,Mittleres Baumholz,Mittleres Baumholz_4,1.0,0.0,2.0,2.0,4.0,2.0,941,not_young
0.873937716527021,2394.0,13.0,ds6,ds6_13,Starkes Baumholz,Starkes Baumholz_13,1.0,0.0,2.0,2.0,2.0,2.0,942,not_young
1.002037389962189,2397.0,4.0,ds6,ds6_4,Starkes Baumholz,Starkes Baumholz_4,1.0,0.0,2.0,2.0,2.0,2.0,943,not_young
2.600697770694451,2398.0,13.0,ds6,ds6_13,Starkes Baumholz,Starkes Baumholz_13,1.0,0.0,2.0,2.0,2.0,2.0,944,not_young
0.512786626456032,2406.0,4.0,ds4,ds4_4,Schwaches Baumholz,Schwaches Baumholz_4,1.0,0.0,2.0,2.0,4.0,4.0,945,not_young
0.922758368436457,2410.0,4.0,ds3,ds3_4,Stangenholz,Stangenholz_4,1.0,0.0,2.0,2.0,2.0,2.0,946,not_young
0.934137253628412,2413.0,4.0,ds5,ds5_4,Mittleres Baumholz,Mittleres Baumholz_4,1.0,0.0,2.0,2.0,2.0,2.0,947,not_young
1.033768268353392,2415.0,4.0,ds3,ds3_4,Stangenholz,Stangenholz_4,1.0,0.0,2.0,2.0,2.0,2.0,948,not_young
0.96598237596429,2418.0,4.0,ds3,ds3_4,Stangenholz,Stangenholz_4,1.0,0.0,2.0,2.0,2.0,2.0,949,not_young
0.904559313663002,2420.0,13.0,ds1,ds1_13,Jungwuchs/Dickung,Jungwuchs/Dickung_13,1.0,0.0,2.0,2.0,2.0,2.0,950,young
1.137230251985334,2421.0,4.0,ds4,ds4_4,Schwaches Baumholz,Schwaches Baumholz_4,1.0,0.0,2.0,2.0,4.0,2.0,951,not_young
1.191484804052593,2425.0,13.0,ds5,ds5_13,Mittleres Baumholz,Mittleres Baumholz_13,1.0,0.0,2.0,2.0,2.0,2.0,952,not_young
0.733954461681657,2427.0,4.0,ds4,ds4_4,Schwaches Baumholz,Schwaches Baumholz_4,1.0,0.0,2.0,2.0,2.0,2.0,953,not_young
1.840034259646852,2428.0,13.0,ds4,ds4_13,Schwaches Baumholz,Schwaches Baumholz_13,1.0,0.0,2.0,2.0,2.0,2.0,954,not_young
1.757267996336869,2429.0,13.0,ds6,ds6_13,Starkes Baumholz,Starkes Baumholz_13,1.0,0.0,2.0,2.0,4.0,2.0,955,not_young
0.503526610668364,2434.0,4.0,ds6,ds6_4,Starkes Baumholz,Starkes Baumholz_4,1.0,0.0,2.0,2.0,4.0,2.0,956,not_young
0.699157240341508,2436.0,4.0,ds5,ds5_4,Mittleres Baumholz,Mittleres Baumholz_4,1.0,0.0,2.0,2.0,2.0,2.0,957,not_young
0.509985983751377,2443.0,4.0,ds5,ds5_4,Mittleres Baumholz,Mittleres Baumholz_4,1.0,1.0,1.0,1.0,1.0,1.0,958,not_young
0.521111905633519,2447.0,4.0,ds6,ds6_4,Starkes Baumholz,Starkes Baumholz_4,1.0,0.0,2.0,2.0,2.0,2.0,959,not_young
0.542950672572994,2457.0,13.0,ds4,ds4_13,Schwaches Baumholz,Schwaches Baumholz_13,1.0,0.0,2.0,2.0,4.0,2.0,960,not_young
0.770886083458364,2458.0,13.0,ds5,ds5_13,Mittleres Baumholz,Mittleres Baumholz_13,1.0,0.0,2.0,2.0,4.0,2.0,961,not_young
0.733226850728499,2460.0,13.0,ds5,ds5_13,Mittleres Baumholz,Mittleres Baumholz_13,1.0,0.0,2.0,2.0,2.0,2.0,962,not_young
1.157585034712249,2461.0,4.0,ds4,ds4_4,Schwaches Baumholz,Schwaches Baumholz_4,1.0,0.0,2.0,2.0,4.0,4.0,963,not_young
2.112399968920875,2463.0,13.0,ds5,ds5_13,Mittleres Baumholz,Mittleres Baumholz_13,1.0,0.0,2.0,2.0,4.0,4.0,964,not_young
1.103816689659735,2464.0,13.0,ds5,ds5_13,Mittleres Baumholz,Mittleres Baumholz_13,1.0,0.0,2.0,2.0,4.0,4.0,965,not_young
2.261838710797264,2467.0,13.0,ds6,ds6_13,Starkes Baumholz,Starkes Baumholz_13,1.0,0.0,2.0,2.0,4.0,2.0,966,not_young
0.589826147233183,2468.0,4.0,ds6,ds6_4,Starkes Baumholz,Starkes Baumholz_4,1.0,0.0,2.0,2.0,4.0,2.0,967,not_young
1.025096109610295,2469.0,4.0,ds2,ds2_4,Jungwuchs/Dickung,Jungwuchs/Dickung_4,1.0,0.0,2.0,2.0,4.0,2.0,968,young
1.054459896828607,2470.0,4.0,ds4,ds4_4,Schwaches Baumholz,Schwaches Baumholz_4,1.0,0.0,2.0,2.0,2.0,2.0,969,not_young
0.663934722205126,2472.0,4.0,ds4,ds4_4,Schwaches Baumholz,Schwaches Baumholz_4,1.0,0.0,2.0,2.0,2.0,2.0,970,not_young
4.711179320352834,2473.0,13.0,ds5,ds5_13,Mittleres Baumholz,Mittleres Baumholz_13,1.0,0.0,2.0,2.0,2.0,2.0,971,not_young
0.890429470485286,2476.0,4.0,ds5,ds5_4,Mittleres Baumholz,Mittleres Baumholz_4,1.0,0.0,2.0,2.0,2.0,2.0,972,not_young
0.661793248741282,2480.0,13.0,ds3,ds3_13,Stangenholz,Stangenholz_13,1.0,0.0,2.0,2.0,2.0,2.0,973,not_young
3.520104361097713,2481.0,4.0,ds4,ds4_4,Schwaches Baumholz,Schwaches Baumholz_4,1.0,0.0,2.0,2.0,4.0,4.0,974,not_young
1.738452497318825,2483.0,4.0,ds5,ds5_4,Mittleres Baumholz,Mittleres Baumholz_4,1.0,0.0,2.0,2.0,4.0,2.0,975,not_young
0.699055143905454,2484.0,4.0,ds5,ds5_4,Mittleres Baumholz,Mittleres Baumholz_4,1.0,0.0,2.0,2.0,4.0,2.0,976,not_young
1.914653799491632,2485.0,13.0,ds5,ds5_13,Mittleres Baumholz,Mittleres Baumholz_13,1.0,0.0,2.0,2.0,2.0,2.0,977,not_young
0.520154844577797,2486.0,13.0,ds4,ds4_13,Schwaches Baumholz,Schwaches Baumholz_13,1.0,0.0,2.0,2.0,4.0,2.0,978,not_young
0.702579860448511,2487.0,4.0,ds5,ds5_4,Mittleres Baumholz,Mittleres Baumholz_4,1.0,1.0,1.0,1.0,1.0,1.0,979,not_young
0.508480860224637,2488.0,4.0,ds3,ds3_4,Stangenholz,Stangenholz_4,1.0,0.0,2.0,2.0,2.0,2.0,980,not_young
1.247203321284324,2490.0,13.0,ds4,ds4_13,Schwaches Baumholz,Schwaches Baumholz_13,1.0,0.0,2.0,2.0,2.0,2.0,981,not_young
0.544614217115031,2491.0,4.0,ds6,ds6_4,Starkes Baumholz,Starkes Baumholz_4,1.0,0.0,2.0,2.0,4.0,4.0,982,not_young
0.633161582337832,2493.0,13.0,ds5,ds5_13,Mittleres Baumholz,Mittleres Baumholz_13,1.0,0.0,2.0,2.0,2.0,2.0,983,not_young
0.528116185809881,2494.0,4.0,ds6,ds6_4,Starkes Baumholz,Starkes Baumholz_4,1.0,0.0,2.0,2.0,2.0,2.0,984,not_young
0.524263621621428,2496.0,4.0,ds1,ds1_4,Jungwuchs/Dickung,Jungwuchs/Dickung_4,1.0,0.0,2.0,2.0,4.0,2.0,985,young
1.322810183617525,2498.0,4.0,ds3,ds3_4,Stangenholz,Stangenholz_4,1.0,0.0,2.0,2.0,2.0,2.0,986,not_young
0.888274371532275,2500.0,4.0,ds4,ds4_4,Schwaches Baumholz,Schwaches Baumholz_4,1.0,0.0,2.0,2.0,2.0,2.0,987,not_young
1.694258498470194,2503.0,4.0,ds6,ds6_4,Starkes Baumholz,Starkes Baumholz_4,1.0,0.0,2.0,2.0,2.0,2.0,988,not_young
1.107388809097954,2506.0,4.0,ds5,ds5_4,Mittleres Baumholz,Mittleres Baumholz_4,1.0,0.0,2.0,2.0,2.0,2.0,989,not_young
0.529974794947077,2508.0,4.0,ds4,ds4_4,Schwaches Baumholz,Schwaches Baumholz_4,1.0,0.0,2.0,2.0,2.0,2.0,990,not_young
0.896918012803374,2509.0,13.0,ds6,ds6_13,Starkes Baumholz,Starkes Baumholz_13,1.0,0.0,2.0,2.0,2.0,2.0,991,not_young
0.602357604476166,2515.0,4.0,ds5,ds5_4,Mittleres Baumholz,Mittleres Baumholz_4,1.0,0.0,2.0,2.0,2.0,2.0,992,not_young
0.754890887988824,2516.0,4.0,ds2,ds2_4,Jungwuchs/Dickung,Jungwuchs/Dickung_4,1.0,0.0,2.0,2.0,2.0,2.0,993,young
1.351820431578538,2517.0,4.0,ds5,ds5_4,Mittleres Baumholz,Mittleres Baumholz_4,1.0,0.0,2.0,2.0,2.0,2.0,994,not_young
0.886339141875776,2519.0,4.0,ds6,ds6_4,Starkes Baumholz,Starkes Baumholz_4,1.0,0.0,2.0,2.0,2.0,2.0,995,not_young
1.032353985503787,2523.0,4.0,ds4,ds4_4,Schwaches Baumholz,Schwaches Baumholz_4,1.0,0.0,2.0,2.0,4.0,2.0,996,not_young
0.634159489474865,2527.0,13.0,ds1,ds1_13,Jungwuchs/Dickung,Jungwuchs/Dickung_13,1.0,0.0,2.0,2.0,2.0,2.0,997,young
1.321854669968318,2529.0,13.0,ds4,ds4_13,Schwaches Baumholz,Schwaches Baumholz_13,1.0,0.0,2.0,2.0,2.0,2.0,998,not_young
0.503769483858254,2530.0,4.0,ds5,ds5_4,Mittleres Baumholz,Mittleres Baumholz_4,1.0,0.0,2.0,2.0,4.0,2.0,999,not_young
0.522206118694987,2531.0,4.0,ds4,ds4_4,Schwaches Baumholz,Schwaches Baumholz_4,1.0,0.0,2.0,2.0,4.0,4.0,1000,not_young
0.629376337134058,2534.0,4.0,ds3,ds3_4,Stangenholz,Stangenholz_4,1.0,0.0,2.0,2.0,4.0,2.0,1001,not_young
0.974212101689947,2538.0,4.0,ds2,ds2_4,Jungwuchs/Dickung,Jungwuchs/Dickung_4,1.0,0.0,2.0,2.0,4.0,2.0,1002,young
0.744723037304019,2539.0,4.0,ds5,ds5_4,Mittleres Baumholz,Mittleres Baumholz_4,1.0,0.0,2.0,2.0,2.0,2.0,1003,not_young
1.07588527272502,2541.0,13.0,ds5,ds5_13,Mittleres Baumholz,Mittleres Baumholz_13,1.0,1.0,1.0,1.0,1.0,1.0,1004,not_young
0.673478573200572,2542.0,4.0,ds4,ds4_4,Schwaches Baumholz,Schwaches Baumholz_4,1.0,0.0,2.0,2.0,2.0,2.0,1005,not_young
1.628703919552476,2543.0,13.0,ds4,ds4_13,Schwaches Baumholz,Schwaches Baumholz_13,1.0,0.0,2.0,2.0,2.0,2.0,1006,not_young
1.336491068526624,2544.0,4.0,ds5,ds5_4,Mittleres Baumholz,Mittleres Baumholz_4,1.0,0.0,2.0,2.0,2.0,2.0,1007,not_young
2.168274332679436,2545.0,4.0,ds6,ds6_4,Starkes Baumholz,Starkes Baumholz_4,1.0,0.0,2.0,2.0,2.0,2.0,1008,not_young
1.850777418497214,2546.0,4.0,ds3,ds3_4,Stangenholz,Stangenholz_4,1.0,0.0,2.0,2.0,4.0,2.0,1009,not_young
0.947680414302181,2548.0,4.0,ds4,ds4_4,Schwaches Baumholz,Schwaches Baumholz_4,1.0,0.0,2.0,2.0,4.0,4.0,1010,not_young
0.817011481200249,2549.0,4.0,ds5,ds5_4,Mittleres Baumholz,Mittleres Baumholz_4,1.0,0.0,2.0,2.0,4.0,2.0,1011,not_young
2.567785092071747,2550.0,4.0,ds5,ds5_4,Mittleres Baumholz,Mittleres Baumholz_4,1.0,0.0,2.0,2.0,2.0,2.0,1012,not_young
0.720916305436392,2551.0,4.0,ds6,ds6_4,Starkes Baumholz,Starkes Baumholz_4,1.0,0.0,2.0,2.0,2.0,2.0,1013,not_young
1.034221867060335,2552.0,4.0,ds5,ds5_4,Mittleres Baumholz,Mittleres Baumholz_4,1.0,0.0,2.0,2.0,4.0,2.0,1014,not_young
0.820370193667004,2553.0,4.0,ds5,ds5_4,Mittleres Baumholz,Mittleres Baumholz_4,1.0,0.0,2.0,2.0,2.0,2.0,1015,not_young
1.064188330876126,2554.0,4.0,ds4,ds4_4,Schwaches Baumholz,Schwaches Baumholz_4,1.0,0.0,2.0,2.0,4.0,2.0,1016,not_young
0.865133169840521,2557.0,4.0,ds6,ds6_4,Starkes Baumholz,Starkes Baumholz_4,1.0,0.0,2.0,2.0,2.0,2.0,1017,not_young
0.744954565517698,2561.0,4.0,ds6,ds6_4,Starkes Baumholz,Starkes Baumholz_4,1.0,0.0,2.0,2.0,2.0,2.0,1018,not_young
0.82608448202908,2574.0,4.0,ds4,ds4_4,Schwaches Baumholz,Schwaches Baumholz_4,1.0,0.0,2.0,2.0,2.0,2.0,1019,not_young
0.887372780912928,2577.0,4.0,ds1,ds1_4,Jungwuchs/Dickung,Jungwuchs/Dickung_4,1.0,0.0,2.0,2.0,2.0,2.0,1020,young
0.808829535733769,2578.0,4.0,ds2,ds2_4,Jungwuchs/Dickung,Jungwuchs/Dickung_4,1.0,0.0,2.0,2.0,2.0,2.0,1021,young
0.641729080747068,2579.0,13.0,ds6,ds6_13,Starkes Baumholz,Starkes Baumholz_13,1.0,0.0,2.0,2.0,2.0,2.0,1022,not_young
0.594801195079507,2586.0,4.0,ds4,ds4_4,Schwaches Baumholz,Schwaches Baumholz_4,1.0,0.0,2.0,2.0,4.0,4.0,1023,not_young
0.756317537365678,2588.0,4.0,ds3,ds3_4,Stangenholz,Stangenholz_4,1.0,0.0,2.0,2.0,2.0,2.0,1024,not_young
0.958250029126654,2594.0,4.0,ds1,ds1_4,Jungwuchs/Dickung,Jungwuchs/Dickung_4,1.0,0.0,2.0,2.0,2.0,2.0,1025,young
1.022909566330808,2600.0,4.0,ds2,ds2_4,Jungwuchs/Dickung,Jungwuchs/Dickung_4,1.0,0.0,2.0,2.0,2.0,2.0,1026,young
0.507554938168125,2601.0,4.0,ds3,ds3_4,Stangenholz,Stangenholz_4,1.0,0.0,2.0,2.0,2.0,2.0,1027,not_young
0.707264576377906,2606.0,4.0,ds6,ds6_4,Starkes Baumholz,Starkes Baumholz_4,1.0,0.0,2.0,2.0,2.0,2.0,1028,not_young
0.955293006883684,2608.0,4.0,ds3,ds3_4,Stangenholz,Stangenholz_4,1.0,0.0,2.0,2.0,4.0,2.0,1029,not_young
0.698377096390957,2609.0,4.0,ds5,ds5_4,Mittleres Baumholz,Mittleres Baumholz_4,1.0,0.0,2.0,2.0,4.0,2.0,1030,not_young
0.758255577363819,2616.0,4.0,ds5,ds5_4,Mittleres Baumholz,Mittleres Baumholz_4,1.0,0.0,2.0,2.0,2.0,2.0,1031,not_young
0.626362488037534,2624.0,4.0,ds3,ds3_4,Stangenholz,Stangenholz_4,1.0,0.0,2.0,2.0,2.0,2.0,1032,not_young
0.503862786774879,2631.0,4.0,ds5,ds5_4,Mittleres Baumholz,Mittleres Baumholz_4,1.0,0.0,2.0,2.0,2.0,2.0,1033,not_young
0.50174590829201,2633.0,4.0,ds5,ds5_4,Mittleres Baumholz,Mittleres Baumholz_4,1.0,0.0,2.0,2.0,2.0,2.0,1034,not_young
0.696123493670952,2634.0,4.0,ds3,ds3_4,Stangenholz,Stangenholz_4,1.0,0.0,2.0,2.0,2.0,2.0,1035,not_young
0.6948314143233,2636.0,4.0,ds5,ds5_4,Mittleres Baumholz,Mittleres Baumholz_4,1.0,0.0,2.0,2.0,2.0,2.0,1036,not_young
0.667411074126745,2643.0,4.0,ds4,ds4_4,Schwaches Baumholz,Schwaches Baumholz_4,1.0,0.0,2.0,2.0,2.0,2.0,1037,not_young
2.214081861387697,2647.0,4.0,ds4,ds4_4,Schwaches Baumholz,Schwaches Baumholz_4,1.0,0.0,2.0,2.0,2.0,2.0,1038,not_young
0.985025698303655,2651.0,4.0,ds1,ds1_4,Jungwuchs/Dickung,Jungwuchs/Dickung_4,1.0,0.0,2.0,2.0,2.0,2.0,1039,young
0.572833866752125,2655.0,4.0,ds5,ds5_4,Mittleres Baumholz,Mittleres Baumholz_4,1.0,0.0,2.0,2.0,2.0,2.0,1040,not_young
1.074400241164397,2659.0,4.0,ds4,ds4_4,Schwaches Baumholz,Schwaches Baumholz_4,1.0,0.0,2.0,2.0,2.0,2.0,1041,not_young
1.312302034170181,2671.0,4.0,ds6,ds6_4,Starkes Baumholz,Starkes Baumholz_4,1.0,0.0,2.0,2.0,2.0,2.0,1042,not_young
0.70053516296022,2673.0,4.0,ds6,ds6_4,Starkes Baumholz,Starkes Baumholz_4,1.0,0.0,2.0,2.0,2.0,2.0,1043,not_young
2.431981839699048,2679.0,4.0,ds5,ds5_4,Mittleres Baumholz,Mittleres Baumholz_4,1.0,0.0,2.0,2.0,4.0,2.0,1044,not_young
0.614261314076561,2680.0,4.0,ds4,ds4_4,Schwaches Baumholz,Schwaches Baumholz_4,1.0,0.0,2.0,2.0,4.0,2.0,1045,not_young
0.581934500335716,2681.0,4.0,ds5,ds5_4,Mittleres Baumholz,Mittleres Baumholz_4,1.0,0.0,2.0,2.0,4.0,2.0,1046,not_young
1.949985361072934,2682.0,4.0,ds4,ds4_4,Schwaches Baumholz,Schwaches Baumholz_4,1.0,0.0,2.0,2.0,2.0,2.0,1047,not_young
1.09221430508396,2683.0,4.0,ds5,ds5_4,Mittleres Baumholz,Mittleres Baumholz_4,1.0,0.0,2.0,2.0,2.0,2.0,1048,not_young
2.402267290907778,2685.0,4.0,ds6,ds6_4,Starkes Baumholz,Starkes Baumholz_4,1.0,0.0,2.0,2.0,2.0,2.0,1049,not_young
0.542945842979383,2690.0,4.0,ds5,ds5_4,Mittleres Baumholz,Mittleres Baumholz_4,1.0,0.0,2.0,2.0,2.0,2.0,1050,not_young
0.780711302405712,2691.0,13.0,ds2,ds2_13,Jungwuchs/Dickung,Jungwuchs/Dickung_13,1.0,0.0,2.0,2.0,2.0,2.0,1051,young
1.509758566665439,2692.0,4.0,ds5,ds5_4,Mittleres Baumholz,Mittleres Baumholz_4,1.0,0.0,2.0,2.0,4.0,2.0,1052,not_young
0.639010882940376,2693.0,4.0,ds3,ds3_4,Stangenholz,Stangenholz_4,1.0,0.0,2.0,2.0,2.0,2.0,1053,not_young
0.841859018440876,2694.0,4.0,ds3,ds3_4,Stangenholz,Stangenholz_4,1.0,0.0,2.0,2.0,4.0,2.0,1054,not_young
2.230766169666034,2695.0,4.0,ds6,ds6_4,Starkes Baumholz,Starkes Baumholz_4,1.0,0.0,2.0,2.0,2.0,2.0,1055,not_young
1.113077475238382,2697.0,4.0,ds4,ds4_4,Schwaches Baumholz,Schwaches Baumholz_4,1.0,0.0,2.0,2.0,4.0,2.0,1056,not_young
1.863337968441751,2698.0,4.0,ds5,ds5_4,Mittleres Baumholz,Mittleres Baumholz_4,1.0,0.0,2.0,2.0,2.0,2.0,1057,not_young
0.714980785571097,2699.0,4.0,ds4,ds4_4,Schwaches Baumholz,Schwaches Baumholz_4,1.0,0.0,2.0,2.0,4.0,2.0,1058,not_young
0.751362632956738,2700.0,4.0,ds3,ds3_4,Stangenholz,Stangenholz_4,1.0,0.0,2.0,2.0,2.0,2.0,1059,not_young
1.382065807188369,2704.0,4.0,ds4,ds4_4,Schwaches Baumholz,Schwaches Baumholz_4,1.0,0.0,2.0,2.0,2.0,2.0,1060,not_young
1.162104329024209,2705.0,4.0,ds2,ds2_4,Jungwuchs/Dickung,Jungwuchs/Dickung_4,1.0,0.0,2.0,2.0,4.0,2.0,1061,young
0.628727436223746,2709.0,4.0,ds4,ds4_4,Schwaches Baumholz,Schwaches Baumholz_4,1.0,0.0,2.0,2.0,2.0,2.0,1062,not_young
0.734112837988779,2710.0,4.0,ds3,ds3_4,Stangenholz,Stangenholz_4,1.0,0.0,2.0,2.0,2.0,2.0,1063,not_young
1.300117190463189,2711.0,4.0,ds4,ds4_4,Schwaches Baumholz,Schwaches Baumholz_4,1.0,0.0,2.0,2.0,2.0,2.0,1064,not_young
0.606717127752921,2713.0,13.0,ds2,ds2_13,Jungwuchs/Dickung,Jungwuchs/Dickung_13,1.0,0.0,2.0,2.0,2.0,2.0,1065,young
1.955531186814967,2714.0,4.0,ds5,ds5_4,Mittleres Baumholz,Mittleres Baumholz_4,1.0,0.0,2.0,2.0,2.0,2.0,1066,not_young
0.708318952369742,2715.0,4.0,ds5,ds5_4,Mittleres Baumholz,Mittleres Baumholz_4,1.0,0.0,2.0,2.0,2.0,2.0,1067,not_young
1.355488451152388,2716.0,4.0,ds5,ds5_4,Mittleres Baumholz,Mittleres Baumholz_4,1.0,0.0,2.0,2.0,2.0,2.0,1068,not_young
2.39781052868802,2717.0,4.0,ds5,ds5_4,Mittleres Baumholz,Mittleres Baumholz_4,1.0,0.0,2.0,2.0,2.0,2.0,1069,not_young
2.212771921988804,2718.0,4.0,ds4,ds4_4,Schwaches Baumholz,Schwaches Baumholz_4,1.0,0.0,2.0,2.0,2.0,2.0,1070,not_young
0.801969277546369,2719.0,13.0,ds4,ds4_13,Schwaches Baumholz,Schwaches Baumholz_13,1.0,0.0,2.0,2.0,2.0,2.0,1071,not_young
2.588171493299726,2720.0,4.0,ds6,ds6_4,Starkes Baumholz,Starkes Baumholz_4,1.0,0.0,2.0,2.0,2.0,2.0,1072,not_young
1.154642452889397,2721.0,4.0,ds4,ds4_4,Schwaches Baumholz,Schwaches Baumholz_4,1.0,0.0,2.0,2.0,2.0,2.0,1073,not_young
0.757029395088565,2722.0,4.0,ds5,ds5_4,Mittleres Baumholz,Mittleres Baumholz_4,1.0,0.0,2.0,2.0,4.0,4.0,1074,not_young
1.349704251845618,2723.0,4.0,ds6,ds6_4,Starkes Baumholz,Starkes Baumholz_4,1.0,0.0,2.0,2.0,4.0,2.0,1075,not_young
1.088993957422359,2724.0,4.0,ds5,ds5_4,Mittleres Baumholz,Mittleres Baumholz_4,1.0,0.0,2.0,2.0,4.0,4.0,1076,not_young
0.520254156730557,2725.0,4.0,ds6,ds6_4,Starkes Baumholz,Starkes Baumholz_4,1.0,0.0,2.0,2.0,2.0,2.0,1077,not_young
0.515699848401691,2726.0,4.0,ds3,ds3_4,Stangenholz,Stangenholz_4,1.0,0.0,2.0,2.0,2.0,2.0,1078,not_young
3.219921302414965,2727.0,4.0,ds5,ds5_4,Mittleres Baumholz,Mittleres Baumholz_4,1.0,0.0,2.0,2.0,2.0,2.0,1079,not_young
1.325554309388367,2728.0,4.0,ds5,ds5_4,Mittleres Baumholz,Mittleres Baumholz_4,1.0,0.0,2.0,2.0,2.0,2.0,1080,not_young
4.759236728414342,2729.0,4.0,ds5,ds5_4,Mittleres Baumholz,Mittleres Baumholz_4,1.0,0.0,2.0,2.0,2.0,2.0,1081,not_young
1.437891855661239,2730.0,4.0,ds6,ds6_4,Starkes Baumholz,Starkes Baumholz_4,1.0,0.0,2.0,2.0,2.0,2.0,1082,not_young
0.710373855460889,2731.0,4.0,ds6,ds6_4,Starkes Baumholz,Starkes Baumholz_4,1.0,0.0,2.0,2.0,4.0,2.0,1083,not_young
0.572157797190361,2743.0,4.0,ds1,ds1_4,Jungwuchs/Dickung,Jungwuchs/Dickung_4,1.0,0.0,2.0,2.0,2.0,2.0,1084,young
0.584744464453062,2747.0,13.0,ds6,ds6_13,Starkes Baumholz,Starkes Baumholz_13,1.0,0.0,2.0,2.0,2.0,2.0,1085,not_young
0.515158393650502,2762.0,4.0,ds6,ds6_4,Starkes Baumholz,Starkes Baumholz_4,1.0,0.0,2.0,2.0,2.0,2.0,1086,not_young
1.511887644302193,2767.0,4.0,ds4,ds4_4,Schwaches Baumholz,Schwaches Baumholz_4,1.0,0.0,2.0,2.0,4.0,2.0,1087,not_young
0.841545017014921,2769.0,4.0,ds4,ds4_4,Schwaches Baumholz,Schwaches Baumholz_4,1.0,0.0,2.0,2.0,4.0,2.0,1088,not_young
0.649906956927572,2772.0,4.0,ds2,ds2_4,Jungwuchs/Dickung,Jungwuchs/Dickung_4,1.0,0.0,2.0,2.0,2.0,2.0,1089,young
0.531738122616289,2777.0,4.0,ds3,ds3_4,Stangenholz,Stangenholz_4,1.0,0.0,2.0,2.0,4.0,4.0,1090,not_young
0.5729218651779,2780.0,4.0,ds3,ds3_4,Stangenholz,Stangenholz_4,1.0,0.0,2.0,2.0,2.0,2.0,1091,not_young
1.048171975582372,2783.0,4.0,ds6,ds6_4,Starkes Baumholz,Starkes Baumholz_4,1.0,0.0,2.0,2.0,4.0,4.0,1092,not_young
1.311952144116612,2785.0,4.0,ds6,ds6_4,Starkes Baumholz,Starkes Baumholz_4,1.0,0.0,2.0,2.0,4.0,2.0,1093,not_young
1.142167736809916,2798.0,4.0,ds6,ds6_4,Starkes Baumholz,Starkes Baumholz_4,1.0,0.0,2.0,2.0,4.0,4.0,1094,not_young
1.153164580378751,2799.0,4.0,ds3,ds3_4,Stangenholz,Stangenholz_4,1.0,0.0,2.0,2.0,4.0,2.0,1095,not_young
0.538623214703542,2802.0,4.0,ds5,ds5_4,Mittleres Baumholz,Mittleres Baumholz_4,1.0,0.0,2.0,2.0,2.0,2.0,1096,not_young
0.580708790356245,2804.0,4.0,ds6,ds6_4,Starkes Baumholz,Starkes Baumholz_4,1.0,0.0,2.0,2.0,2.0,2.0,1097,not_young
0.517992871887027,2808.0,4.0,ds5,ds5_4,Mittleres Baumholz,Mittleres Baumholz_4,1.0,0.0,2.0,2.0,4.0,2.0,1098,not_young
0.797259614459472,2809.0,4.0,ds6,ds6_4,Starkes Baumholz,Starkes Baumholz_4,1.0,0.0,2.0,2.0,4.0,2.0,1099,not_young
0.773246680149972,2810.0,4.0,ds5,ds5_4,Mittleres Baumholz,Mittleres Baumholz_4,1.0,0.0,2.0,2.0,4.0,2.0,1100,not_young
2.865285931349988,2811.0,4.0,ds2,ds2_4,Jungwuchs/Dickung,Jungwuchs/Dickung_4,1.0,0.0,2.0,2.0,4.0,4.0,1101,young
1.698550097786798,2812.0,4.0,ds6,ds6_4,Starkes Baumholz,Starkes Baumholz_4,1.0,0.0,2.0,2.0,2.0,2.0,1102,not_young
1.57048171706218,2813.0,4.0,ds6,ds6_4,Starkes Baumholz,Starkes Baumholz_4,1.0,0.0,2.0,2.0,4.0,2.0,1103,not_young
0.710931312701252,2814.0,4.0,ds5,ds5_4,Mittleres Baumholz,Mittleres Baumholz_4,1.0,0.0,2.0,2.0,2.0,2.0,1104,not_young
0.501822521962761,2815.0,4.0,ds1,ds1_4,Jungwuchs/Dickung,Jungwuchs/Dickung_4,1.0,0.0,2.0,2.0,4.0,2.0,1105,young
0.662894301111699,2816.0,4.0,ds5,ds5_4,Mittleres Baumholz,Mittleres Baumholz_4,1.0,0.0,2.0,2.0,4.0,2.0,1106,not_young
0.555538625012297,2817.0,4.0,ds4,ds4_4,Schwaches Baumholz,Schwaches Baumholz_4,1.0,0.0,2.0,2.0,2.0,2.0,1107,not_young
0.652720377272181,2818.0,4.0,ds1,ds1_4,Jungwuchs/Dickung,Jungwuchs/Dickung_4,1.0,0.0,2.0,2.0,2.0,2.0,1108,young
0.62232553542424,2820.0,4.0,ds2,ds2_4,Jungwuchs/Dickung,Jungwuchs/Dickung_4,1.0,0.0,2.0,2.0,4.0,2.0,1109,young
2.155489991628261,2821.0,4.0,ds3,ds3_4,Stangenholz,Stangenholz_4,1.0,0.0,2.0,2.0,2.0,2.0,1110,not_young
1.19627966000699,2825.0,4.0,ds6,ds6_4,Starkes Baumholz,Starkes Baumholz_4,1.0,0.0,2.0,2.0,2.0,2.0,1111,not_young
0.635893507181096,2826.0,4.0,ds2,ds2_4,Jungwuchs/Dickung,Jungwuchs/Dickung_4,1.0,0.0,2.0,2.0,2.0,2.0,1112,young
0.56233483565058,2828.0,4.0,ds2,ds2_4,Jungwuchs/Dickung,Jungwuchs/Dickung_4,1.0,0.0,2.0,2.0,2.0,2.0,1113,young
0.787502835997322,2832.0,4.0,ds2,ds2_4,Jungwuchs/Dickung,Jungwuchs/Dickung_4,1.0,0.0,2.0,2.0,2.0,2.0,1114,young
0.559318831875548,2839.0,4.0,ds4,ds4_4,Schwaches Baumholz,Schwaches Baumholz_4,1.0,0.0,2.0,2.0,2.0,2.0,1115,not_young
0.983520077796738,2840.0,4.0,ds5,ds5_4,Mittleres Baumholz,Mittleres Baumholz_4,1.0,0.0,2.0,2.0,2.0,2.0,1116,not_young
0.586739690471068,2841.0,4.0,ds5,ds5_4,Mittleres Baumholz,Mittleres Baumholz_4,1.0,0.0,2.0,2.0,4.0,2.0,1117,not_young
0.697727941804554,2843.0,4.0,ds6,ds6_4,Starkes Baumholz,Starkes Baumholz_4,1.0,0.0,2.0,2.0,4.0,2.0,1118,not_young
0.614771610498615,2844.0,4.0,ds5,ds5_4,Mittleres Baumholz,Mittleres Baumholz_4,1.0,0.0,2.0,2.0,2.0,2.0,1119,not_young
1.561531952481542,2845.0,4.0,ds2,ds2_4,Jungwuchs/Dickung,Jungwuchs/Dickung_4,1.0,0.0,2.0,2.0,4.0,4.0,1120,young
2.4915740697903,2846.0,4.0,ds5,ds5_4,Mittleres Baumholz,Mittleres Baumholz_4,1.0,0.0,2.0,2.0,2.0,2.0,1121,not_young
1.572605159645615,2847.0,4.0,ds5,ds5_4,Mittleres Baumholz,Mittleres Baumholz_4,1.0,0.0,2.0,2.0,2.0,2.0,1122,not_young
0.988103127869722,2848.0,4.0,ds5,ds5_4,Mittleres Baumholz,Mittleres Baumholz_4,1.0,0.0,2.0,2.0,4.0,2.0,1123,not_young
2.010803732905584,2849.0,4.0,ds2,ds2_4,Jungwuchs/Dickung,Jungwuchs/Dickung_4,1.0,0.0,2.0,2.0,4.0,2.0,1124,young
3.147880897787316,2850.0,4.0,ds6,ds6_4,Starkes Baumholz,Starkes Baumholz_4,1.0,0.0,2.0,2.0,2.0,2.0,1125,not_young
0.687602015449386,2851.0,4.0,ds5,ds5_4,Mittleres Baumholz,Mittleres Baumholz_4,1.0,0.0,2.0,2.0,2.0,2.0,1126,not_young
0.823797702255036,2852.0,4.0,ds2,ds2_4,Jungwuchs/Dickung,Jungwuchs/Dickung_4,1.0,0.0,2.0,2.0,2.0,2.0,1127,young
1.377756528366565,2854.0,4.0,ds6,ds6_4,Starkes Baumholz,Starkes Baumholz_4,1.0,0.0,2.0,2.0,4.0,4.0,1128,not_young
1.714857414314966,2855.0,4.0,ds6,ds6_4,Starkes Baumholz,Starkes Baumholz_4,1.0,0.0,2.0,2.0,2.0,2.0,1129,not_young
0.816783629973931,2856.0,4.0,ds2,ds2_4,Jungwuchs/Dickung,Jungwuchs/Dickung_4,1.0,0.0,2.0,2.0,2.0,2.0,1130,young
0.541287178973015,2860.0,4.0,ds3,ds3_4,Stangenholz,Stangenholz_4,1.0,0.0,2.0,2.0,4.0,4.0,1131,not_young
0.508236577002332,2861.0,4.0,ds1,ds1_4,Jungwuchs/Dickung,Jungwuchs/Dickung_4,1.0,0.0,2.0,2.0,2.0,2.0,1132,young
0.666404992690217,2866.0,4.0,ds6,ds6_4,Starkes Baumholz,Starkes Baumholz_4,1.0,0.0,2.0,2.0,2.0,2.0,1133,not_young
1.001801113770716,2867.0,4.0,ds5,ds5_4,Mittleres Baumholz,Mittleres Baumholz_4,1.0,0.0,2.0,2.0,2.0,2.0,1134,not_young
0.902062481084745,2870.0,4.0,ds5,ds5_4,Mittleres Baumholz,Mittleres Baumholz_4,1.0,0.0,2.0,2.0,2.0,2.0,1135,not_young
1.204879471333977,2872.0,4.0,ds4,ds4_4,Schwaches Baumholz,Schwaches Baumholz_4,1.0,0.0,2.0,2.0,4.0,2.0,1136,not_young
0.708755321817845,2880.0,13.0,ds1,ds1_13,Jungwuchs/Dickung,Jungwuchs/Dickung_13,1.0,0.0,2.0,2.0,2.0,2.0,1137,young
1.146220742520713,2894.0,4.0,ds5,ds5_4,Mittleres Baumholz,Mittleres Baumholz_4,1.0,0.0,2.0,2.0,2.0,2.0,1138,not_young
0.574084162540361,2895.0,4.0,ds6,ds6_4,Starkes Baumholz,Starkes Baumholz_4,1.0,0.0,2.0,2.0,2.0,2.0,1139,not_young
1.672278150364943,2896.0,13.0,ds6,ds6_13,Starkes Baumholz,Starkes Baumholz_13,1.0,0.0,2.0,2.0,2.0,2.0,1140,not_young
0.708362667236244,2898.0,4.0,ds5,ds5_4,Mittleres Baumholz,Mittleres Baumholz_4,1.0,0.0,2.0,2.0,4.0,2.0,1141,not_young
1.750870405523106,2903.0,13.0,ds5,ds5_13,Mittleres Baumholz,Mittleres Baumholz_13,1.0,0.0,2.0,2.0,2.0,2.0,1142,not_young
0.545656787117198,2904.0,4.0,ds4,ds4_4,Schwaches Baumholz,Schwaches Baumholz_4,1.0,0.0,2.0,2.0,4.0,2.0,1143,not_young
0.627076541809365,2911.0,4.0,ds4,ds4_4,Schwaches Baumholz,Schwaches Baumholz_4,1.0,0.0,2.0,2.0,4.0,2.0,1144,not_young
1.167237590463739,2912.0,4.0,ds5,ds5_4,Mittleres Baumholz,Mittleres Baumholz_4,1.0,0.0,2.0,2.0,4.0,2.0,1145,not_young
0.579196081084432,2920.0,4.0,ds6,ds6_4,Starkes Baumholz,Starkes Baumholz_4,1.0,0.0,2.0,2.0,2.0,2.0,1146,not_young
0.711899915890582,2940.0,4.0,ds1,ds1_4,Jungwuchs/Dickung,Jungwuchs/Dickung_4,1.0,0.0,2.0,2.0,2.0,2.0,1147,young
1.337687343673641,2943.0,13.0,ds5,ds5_13,Mittleres Baumholz,Mittleres Baumholz_13,1.0,0.0,2.0,2.0,2.0,2.0,1148,not_young
0.600665696909651,2950.0,4.0,ds5,ds5_4,Mittleres Baumholz,Mittleres Baumholz_4,1.0,0.0,2.0,2.0,4.0,2.0,1149,not_young
2.082590613546618,2955.0,4.0,ds1,ds1_4,Jungwuchs/Dickung,Jungwuchs/Dickung_4,1.0,0.0,2.0,2.0,2.0,2.0,1150,young
0.720725610997668,2956.0,4.0,ds4,ds4_4,Schwaches Baumholz,Schwaches Baumholz_4,1.0,0.0,2.0,2.0,2.0,2.0,1151,not_young
0.502119989100558,2959.0,4.0,ds4,ds4_4,Schwaches Baumholz,Schwaches Baumholz_4,1.0,0.0,2.0,2.0,2.0,2.0,1152,not_young
0.563821746515483,2960.0,13.0,ds3,ds3_13,Stangenholz,Stangenholz_13,1.0,0.0,2.0,2.0,4.0,2.0,1153,not_young
1.019080702057236,2974.0,13.0,ds6,ds6_13,Starkes Baumholz,Starkes Baumholz_13,1.0,0.0,2.0,2.0,2.0,2.0,1154,not_young
1.014266716491757,2975.0,13.0,ds6,ds6_13,Starkes Baumholz,Starkes Baumholz_13,1.0,0.0,2.0,2.0,2.0,2.0,1155,not_young
0.896071276500251,2977.0,4.0,ds5,ds5_4,Mittleres Baumholz,Mittleres Baumholz_4,1.0,0.0,2.0,2.0,2.0,2.0,1156,not_young
1.229294621236436,2978.0,4.0,ds6,ds6_4,Starkes Baumholz,Starkes Baumholz_4,1.0,0.0,2.0,2.0,2.0,2.0,1157,not_young
0.740096262882947,2979.0,4.0,ds2,ds2_4,Jungwuchs/Dickung,Jungwuchs/Dickung_4,1.0,0.0,2.0,2.0,2.0,2.0,1158,young
0.873055641194526,2980.0,4.0,ds1,ds1_4,Jungwuchs/Dickung,Jungwuchs/Dickung_4,1.0,0.0,2.0,2.0,2.0,2.0,1159,young
0.967005312180327,2985.0,4.0,ds4,ds4_4,Schwaches Baumholz,Schwaches Baumholz_4,1.0,0.0,2.0,2.0,4.0,4.0,1160,not_young
0.885495041108364,2999.0,4.0,ds4,ds4_4,Schwaches Baumholz,Schwaches Baumholz_4,1.0,0.0,2.0,2.0,2.0,2.0,1161,not_young
2.424260328720394,3007.0,4.0,ds6,ds6_4,Starkes Baumholz,Starkes Baumholz_4,1.0,0.0,2.0,2.0,2.0,2.0,1162,not_young
1.002392691260873,3020.0,13.0,ds5,ds5_13,Mittleres Baumholz,Mittleres Baumholz_13,1.0,0.0,2.0,2.0,2.0,2.0,1163,not_young
0.591930532113292,3021.0,13.0,ds1,ds1_13,Jungwuchs/Dickung,Jungwuchs/Dickung_13,1.0,0.0,2.0,2.0,4.0,4.0,1164,young
0.522917241340596,3022.0,4.0,ds4,ds4_4,Schwaches Baumholz,Schwaches Baumholz_4,1.0,0.0,2.0,2.0,2.0,2.0,1165,not_young
0.581705336550169,3025.0,4.0,ds1,ds1_4,Jungwuchs/Dickung,Jungwuchs/Dickung_4,1.0,0.0,2.0,2.0,4.0,2.0,1166,young
0.507304804446164,3026.0,4.0,ds4,ds4_4,Schwaches Baumholz,Schwaches Baumholz_4,1.0,0.0,2.0,2.0,4.0,4.0,1167,not_young
0.745767296407558,3027.0,4.0,ds5,ds5_4,Mittleres Baumholz,Mittleres Baumholz_4,1.0,0.0,2.0,2.0,4.0,2.0,1168,not_young
2.403338545084,3028.0,13.0,ds5,ds5_13,Mittleres Baumholz,Mittleres Baumholz_13,1.0,0.0,2.0,2.0,2.0,2.0,1169,not_young
0.540527189539885,3029.0,4.0,ds2,ds2_4,Jungwuchs/Dickung,Jungwuchs/Dickung_4,1.0,0.0,2.0,2.0,4.0,2.0,1170,young
0.633413130365638,3031.0,13.0,ds4,ds4_13,Schwaches Baumholz,Schwaches Baumholz_13,1.0,0.0,2.0,2.0,4.0,4.0,1171,not_young
0.807554767239525,3035.0,13.0,ds1,ds1_13,Jungwuchs/Dickung,Jungwuchs/Dickung_13,1.0,0.0,2.0,2.0,2.0,2.0,1172,young
4.190988448726795,3039.0,4.0,ds3,ds3_4,Stangenholz,Stangenholz_4,1.0,0.0,2.0,2.0,2.0,2.0,1173,not_young
0.925413614092348,3040.0,4.0,ds5,ds5_4,Mittleres Baumholz,Mittleres Baumholz_4,1.0,0.0,2.0,2.0,4.0,2.0,1174,not_young
1.856138002257695,3041.0,4.0,ds4,ds4_4,Schwaches Baumholz,Schwaches Baumholz_4,1.0,0.0,2.0,2.0,4.0,4.0,1175,not_young
1.061390743865134,3043.0,4.0,ds6,ds6_4,Starkes Baumholz,Starkes Baumholz_4,1.0,0.0,2.0,2.0,2.0,2.0,1176,not_young
0.928092936366488,3045.0,4.0,ds5,ds5_4,Mittleres Baumholz,Mittleres Baumholz_4,1.0,0.0,2.0,2.0,4.0,2.0,1177,not_young
1.804521427544556,3049.0,13.0,ds6,ds6_13,Starkes Baumholz,Starkes Baumholz_13,1.0,0.0,2.0,2.0,2.0,2.0,1178,not_young
1.833489999682829,3053.0,4.0,ds2,ds2_4,Jungwuchs/Dickung,Jungwuchs/Dickung_4,1.0,0.0,2.0,2.0,4.0,4.0,1179,young
0.55222516045901,3059.0,4.0,ds5,ds5_4,Mittleres Baumholz,Mittleres Baumholz_4,1.0,0.0,2.0,2.0,4.0,4.0,1180,not_young
0.577011521583865,3060.0,4.0,ds3,ds3_4,Stangenholz,Stangenholz_4,1.0,0.0,2.0,2.0,4.0,2.0,1181,not_young
1.578986980256974,3062.0,4.0,ds5,ds5_4,Mittleres Baumholz,Mittleres Baumholz_4,1.0,0.0,2.0,2.0,2.0,2.0,1182,not_young
0.544157061006618,3067.0,13.0,ds5,ds5_13,Mittleres Baumholz,Mittleres Baumholz_13,1.0,0.0,2.0,2.0,4.0,2.0,1183,not_young
0.709947674328275,3070.0,4.0,ds6,ds6_4,Starkes Baumholz,Starkes Baumholz_4,1.0,0.0,2.0,2.0,2.0,2.0,1184,not_young
1.643667992140574,3074.0,4.0,ds5,ds5_4,Mittleres Baumholz,Mittleres Baumholz_4,1.0,0.0,2.0,2.0,4.0,2.0,1185,not_young
0.887608200687412,3079.0,4.0,ds3,ds3_4,Stangenholz,Stangenholz_4,1.0,0.0,2.0,2.0,4.0,4.0,1186,not_young
1.260817950745486,3080.0,4.0,ds5,ds5_4,Mittleres Baumholz,Mittleres Baumholz_4,1.0,0.0,2.0,2.0,2.0,2.0,1187,not_young
1.440836592714582,3081.0,4.0,ds4,ds4_4,Schwaches Baumholz,Schwaches Baumholz_4,1.0,0.0,2.0,2.0,2.0,2.0,1188,not_young
0.591683717552573,3082.0,4.0,ds4,ds4_4,Schwaches Baumholz,Schwaches Baumholz_4,1.0,0.0,2.0,2.0,4.0,2.0,1189,not_young
2.442927839957876,3083.0,4.0,ds6,ds6_4,Starkes Baumholz,Starkes Baumholz_4,1.0,0.0,2.0,2.0,2.0,2.0,1190,not_young
0.54682738916222,3084.0,4.0,ds1,ds1_4,Jungwuchs/Dickung,Jungwuchs/Dickung_4,1.0,0.0,2.0,2.0,2.0,2.0,1191,young
2.067368230839085,3085.0,4.0,ds5,ds5_4,Mittleres Baumholz,Mittleres Baumholz_4,1.0,0.0,2.0,2.0,2.0,2.0,1192,not_young
0.997007447397942,3087.0,4.0,ds4,ds4_4,Schwaches Baumholz,Schwaches Baumholz_4,1.0,0.0,2.0,2.0,2.0,2.0,1193,not_young
0.604272559812665,3088.0,4.0,ds1,ds1_4,Jungwuchs/Dickung,Jungwuchs/Dickung_4,1.0,0.0,2.0,2.0,2.0,2.0,1194,young
0.998092007605638,3089.0,4.0,ds5,ds5_4,Mittleres Baumholz,Mittleres Baumholz_4,1.0,0.0,2.0,2.0,2.0,2.0,1195,not_young
4.000581651755981,3090.0,4.0,ds6,ds6_4,Starkes Baumholz,Starkes Baumholz_4,1.0,0.0,2.0,2.0,2.0,2.0,1196,not_young
0.898021060181921,3091.0,4.0,ds6,ds6_4,Starkes Baumholz,Starkes Baumholz_4,1.0,0.0,2.0,2.0,4.0,2.0,1197,not_young
0.709632318193844,3092.0,4.0,ds5,ds5_4,Mittleres Baumholz,Mittleres Baumholz_4,1.0,0.0,2.0,2.0,2.0,2.0,1198,not_young
0.671750264154107,3093.0,4.0,ds4,ds4_4,Schwaches Baumholz,Schwaches Baumholz_4,1.0,0.0,2.0,2.0,4.0,4.0,1199,not_young
0.510006146905664,3097.0,4.0,ds1,ds1_4,Jungwuchs/Dickung,Jungwuchs/Dickung_4,1.0,0.0,2.0,2.0,2.0,2.0,1200,young
0.694993621275562,3102.0,4.0,ds2,ds2_4,Jungwuchs/Dickung,Jungwuchs/Dickung_4,1.0,0.0,2.0,2.0,2.0,2.0,1201,young
2.015716317781306,3103.0,4.0,ds4,ds4_4,Schwaches Baumholz,Schwaches Baumholz_4,1.0,0.0,2.0,2.0,2.0,2.0,1202,not_young
0.523021815577382,3106.0,4.0,ds3,ds3_4,Stangenholz,Stangenholz_4,1.0,0.0,2.0,2.0,2.0,2.0,1203,not_young
1.024014010085911,3107.0,13.0,ds4,ds4_13,Schwaches Baumholz,Schwaches Baumholz_13,1.0,0.0,2.0,2.0,4.0,4.0,1204,not_young
1.819583797918447,3108.0,4.0,ds5,ds5_4,Mittleres Baumholz,Mittleres Baumholz_4,1.0,0.0,2.0,2.0,2.0,2.0,1205,not_young
0.629503863695636,3109.0,4.0,ds5,ds5_4,Mittleres Baumholz,Mittleres Baumholz_4,1.0,0.0,2.0,2.0,2.0,2.0,1206,not_young
0.714495058451066,3110.0,4.0,ds6,ds6_4,Starkes Baumholz,Starkes Baumholz_4,1.0,0.0,2.0,2.0,2.0,2.0,1207,not_young
7.465067169966032,3111.0,4.0,ds5,ds5_4,Mittleres Baumholz,Mittleres Baumholz_4,1.0,0.0,2.0,2.0,2.0,2.0,1208,not_young
0.946811703395331,3112.0,4.0,ds1,ds1_4,Jungwuchs/Dickung,Jungwuchs/Dickung_4,1.0,0.0,2.0,2.0,2.0,2.0,1209,young
1.006805562193506,3114.0,13.0,ds5,ds5_13,Mittleres Baumholz,Mittleres Baumholz_13,1.0,0.0,2.0,2.0,4.0,2.0,1210,not_young
2.374403829901805,3115.0,13.0,ds5,ds5_13,Mittleres Baumholz,Mittleres Baumholz_13,1.0,0.0,2.0,2.0,4.0,2.0,1211,not_young
1.450999665413238,3116.0,13.0,ds6,ds6_13,Starkes Baumholz,Starkes Baumholz_13,1.0,0.0,2.0,2.0,2.0,2.0,1212,not_young
0.748719252312428,3117.0,4.0,ds4,ds4_4,Schwaches Baumholz,Schwaches Baumholz_4,1.0,0.0,2.0,2.0,2.0,2.0,1213,not_young
0.656748969398532,3119.0,4.0,ds3,ds3_4,Stangenholz,Stangenholz_4,1.0,0.0,2.0,2.0,4.0,4.0,1214,not_young
0.779470989441569,3120.0,4.0,ds4,ds4_4,Schwaches Baumholz,Schwaches Baumholz_4,1.0,0.0,2.0,2.0,4.0,2.0,1215,not_young
1.475681544962825,3121.0,4.0,ds4,ds4_4,Schwaches Baumholz,Schwaches Baumholz_4,1.0,0.0,2.0,2.0,2.0,2.0,1216,not_young
1.695939920572419,3129.0,4.0,ds6,ds6_4,Starkes Baumholz,Starkes Baumholz_4,1.0,0.0,2.0,2.0,2.0,2.0,1217,not_young
0.554056753792567,3130.0,4.0,ds3,ds3_4,Stangenholz,Stangenholz_4,1.0,0.0,2.0,2.0,2.0,2.0,1218,not_young
0.584463433515094,3132.0,4.0,ds4,ds4_4,Schwaches Baumholz,Schwaches Baumholz_4,1.0,0.0,2.0,2.0,2.0,2.0,1219,not_young
0.684148916221206,3133.0,4.0,ds4,ds4_4,Schwaches Baumholz,Schwaches Baumholz_4,1.0,0.0,2.0,2.0,2.0,2.0,1220,not_young
0.571943333985854,3138.0,4.0,ds4,ds4_4,Schwaches Baumholz,Schwaches Baumholz_4,1.0,0.0,2.0,2.0,4.0,2.0,1221,not_young
0.788750712894602,3139.0,4.0,ds5,ds5_4,Mittleres Baumholz,Mittleres Baumholz_4,1.0,0.0,2.0,2.0,4.0,4.0,1222,not_young
0.723137049091957,3144.0,4.0,ds4,ds4_4,Schwaches Baumholz,Schwaches Baumholz_4,1.0,0.0,2.0,2.0,2.0,2.0,1223,not_young
0.554689143193979,3147.0,13.0,ds5,ds5_13,Mittleres Baumholz,Mittleres Baumholz_13,1.0,0.0,2.0,2.0,2.0,2.0,1224,not_young
2.544457326466916,3148.0,13.0,ds5,ds5_13,Mittleres Baumholz,Mittleres Baumholz_13,1.0,0.0,2.0,2.0,2.0,2.0,1225,not_young
0.514082899720036,3150.0,13.0,ds4,ds4_13,Schwaches Baumholz,Schwaches Baumholz_13,1.0,0.0,2.0,2.0,2.0,2.0,1226,not_young
0.543616172916284,3151.0,4.0,ds2,ds2_4,Jungwuchs/Dickung,Jungwuchs/Dickung_4,1.0,0.0,2.0,2.0,4.0,2.0,1227,young
0.562127893014345,3154.0,4.0,ds5,ds5_4,Mittleres Baumholz,Mittleres Baumholz_4,1.0,0.0,2.0,2.0,2.0,2.0,1228,not_young
0.613523392696644,3157.0,4.0,ds4,ds4_4,Schwaches Baumholz,Schwaches Baumholz_4,1.0,0.0,2.0,2.0,2.0,2.0,1229,not_young
0.731471689539962,3160.0,4.0,ds4,ds4_4,Schwaches Baumholz,Schwaches Baumholz_4,1.0,0.0,2.0,2.0,2.0,2.0,1230,not_young
0.935915781546553,3161.0,4.0,ds5,ds5_4,Mittleres Baumholz,Mittleres Baumholz_4,1.0,0.0,2.0,2.0,2.0,2.0,1231,not_young
0.534646595149534,3162.0,13.0,ds5,ds5_13,Mittleres Baumholz,Mittleres Baumholz_13,1.0,0.0,2.0,2.0,2.0,2.0,1232,not_young
1.161640779519577,3166.0,13.0,ds5,ds5_13,Mittleres Baumholz,Mittleres Baumholz_13,1.0,0.0,2.0,2.0,2.0,2.0,1233,not_young
3.038806110979589,3168.0,13.0,ds1,ds1_13,Jungwuchs/Dickung,Jungwuchs/Dickung_13,1.0,0.0,2.0,2.0,4.0,2.0,1234,young
0.577916927634755,3170.0,4.0,ds5,ds5_4,Mittleres Baumholz,Mittleres Baumholz_4,1.0,0.0,2.0,2.0,2.0,2.0,1235,not_young
0.95256647471101,3171.0,4.0,ds5,ds5_4,Mittleres Baumholz,Mittleres Baumholz_4,1.0,0.0,2.0,2.0,4.0,4.0,1236,not_young
0.877784447053773,3172.0,13.0,ds5,ds5_13,Mittleres Baumholz,Mittleres Baumholz_13,1.0,0.0,2.0,2.0,2.0,2.0,1237,not_young
5.653535033486362,3173.0,4.0,ds6,ds6_4,Starkes Baumholz,Starkes Baumholz_4,1.0,0.0,2.0,2.0,2.0,2.0,1238,not_young
2.786943186107995,3174.0,13.0,ds1,ds1_13,Jungwuchs/Dickung,Jungwuchs/Dickung_13,1.0,0.0,2.0,2.0,2.0,2.0,1239,young
1.300520238094993,3175.0,13.0,ds4,ds4_13,Schwaches Baumholz,Schwaches Baumholz_13,1.0,0.0,2.0,2.0,4.0,4.0,1240,not_young
0.668036221651889,3176.0,4.0,ds3,ds3_4,Stangenholz,Stangenholz_4,1.0,0.0,2.0,2.0,2.0,2.0,1241,not_young
0.622728542929224,3177.0,4.0,ds5,ds5_4,Mittleres Baumholz,Mittleres Baumholz_4,1.0,0.0,2.0,2.0,2.0,2.0,1242,not_young
2.053480231717648,3178.0,4.0,ds1,ds1_4,Jungwuchs/Dickung,Jungwuchs/Dickung_4,1.0,0.0,2.0,2.0,4.0,2.0,1243,young
0.738544552485342,3179.0,4.0,ds4,ds4_4,Schwaches Baumholz,Schwaches Baumholz_4,1.0,0.0,2.0,2.0,2.0,2.0,1244,not_young
1.591169562730001,3180.0,4.0,ds5,ds5_4,Mittleres Baumholz,Mittleres Baumholz_4,1.0,0.0,2.0,2.0,4.0,4.0,1245,not_young
0.526089469084959,3181.0,4.0,ds3,ds3_4,Stangenholz,Stangenholz_4,1.0,0.0,2.0,2.0,2.0,2.0,1246,not_young
3.765072658270411,3182.0,4.0,ds6,ds6_4,Starkes Baumholz,Starkes Baumholz_4,1.0,0.0,2.0,2.0,4.0,2.0,1247,not_young
0.89611508432644,3183.0,4.0,ds4,ds4_4,Schwaches Baumholz,Schwaches Baumholz_4,1.0,0.0,2.0,2.0,2.0,2.0,1248,not_young
0.728935598009476,3184.0,13.0,ds2,ds2_13,Jungwuchs/Dickung,Jungwuchs/Dickung_13,1.0,0.0,2.0,2.0,4.0,2.0,1249,young
0.977793825268583,3185.0,4.0,ds4,ds4_4,Schwaches Baumholz,Schwaches Baumholz_4,1.0,0.0,2.0,2.0,2.0,2.0,1250,not_young
0.685841452370817,3186.0,4.0,ds4,ds4_4,Schwaches Baumholz,Schwaches Baumholz_4,1.0,0.0,2.0,2.0,2.0,2.0,1251,not_young
0.623897194118006,3187.0,4.0,ds3,ds3_4,Stangenholz,Stangenholz_4,1.0,0.0,2.0,2.0,4.0,2.0,1252,not_young
2.106060484523978,3188.0,4.0,ds2,ds2_4,Jungwuchs/Dickung,Jungwuchs/Dickung_4,1.0,0.0,2.0,2.0,2.0,2.0,1253,young
1.426088660488231,3189.0,4.0,ds5,ds5_4,Mittleres Baumholz,Mittleres Baumholz_4,1.0,0.0,2.0,2.0,2.0,2.0,1254,not_young
1.161370997867733,3190.0,4.0,ds4,ds4_4,Schwaches Baumholz,Schwaches Baumholz_4,1.0,0.0,2.0,2.0,2.0,2.0,1255,not_young
0.913376328114339,3191.0,4.0,ds4,ds4_4,Schwaches Baumholz,Schwaches Baumholz_4,1.0,0.0,2.0,2.0,2.0,2.0,1256,not_young
0.797240103599063,3192.0,13.0,ds5,ds5_13,Mittleres Baumholz,Mittleres Baumholz_13,1.0,0.0,2.0,2.0,2.0,2.0,1257,not_young
0.804448256407166,3193.0,13.0,ds3,ds3_13,Stangenholz,Stangenholz_13,1.0,0.0,2.0,2.0,2.0,2.0,1258,not_young
0.874877989886468,3194.0,4.0,ds2,ds2_4,Jungwuchs/Dickung,Jungwuchs/Dickung_4,1.0,0.0,2.0,2.0,2.0,2.0,1259,young
3.142743124919232,3195.0,4.0,ds3,ds3_4,Stangenholz,Stangenholz_4,1.0,0.0,2.0,2.0,2.0,2.0,1260,not_young
1.133441965574416,3196.0,13.0,ds2,ds2_13,Jungwuchs/Dickung,Jungwuchs/Dickung_13,1.0,0.0,2.0,2.0,4.0,2.0,1261,young
1.055977578217024,3197.0,13.0,ds2,ds2_13,Jungwuchs/Dickung,Jungwuchs/Dickung_13,1.0,0.0,2.0,2.0,4.0,2.0,1262,young
3.922573155532708,3198.0,4.0,ds5,ds5_4,Mittleres Baumholz,Mittleres Baumholz_4,1.0,0.0,2.0,2.0,2.0,2.0,1263,not_young
3.980417890680468,3199.0,4.0,ds5,ds5_4,Mittleres Baumholz,Mittleres Baumholz_4,1.0,0.0,2.0,2.0,2.0,2.0,1264,not_young
0.590588987005468,3205.0,4.0,ds3,ds3_4,Stangenholz,Stangenholz_4,1.0,0.0,2.0,2.0,2.0,2.0,1265,not_young
0.521924220855363,3206.0,4.0,ds5,ds5_4,Mittleres Baumholz,Mittleres Baumholz_4,1.0,0.0,2.0,2.0,4.0,2.0,1266,not_young
0.970214650276862,3207.0,4.0,ds6,ds6_4,Starkes Baumholz,Starkes Baumholz_4,1.0,0.0,2.0,2.0,2.0,2.0,1267,not_young
0.947692306235107,3209.0,13.0,ds5,ds5_13,Mittleres Baumholz,Mittleres Baumholz_13,1.0,0.0,2.0,2.0,2.0,2.0,1268,not_young
1.646539147327189,3210.0,4.0,ds6,ds6_4,Starkes Baumholz,Starkes Baumholz_4,1.0,0.0,2.0,2.0,2.0,2.0,1269,not_young
1.998897341002533,3211.0,4.0,ds5,ds5_4,Mittleres Baumholz,Mittleres Baumholz_4,1.0,0.0,2.0,2.0,2.0,2.0,1270,not_young
0.672018657422764,3212.0,13.0,ds6,ds6_13,Starkes Baumholz,Starkes Baumholz_13,1.0,0.0,2.0,2.0,2.0,2.0,1271,not_young
0.577092381962575,3214.0,13.0,ds1,ds1_13,Jungwuchs/Dickung,Jungwuchs/Dickung_13,1.0,0.0,2.0,2.0,2.0,2.0,1272,young
1.16987318338179,3215.0,13.0,ds5,ds5_13,Mittleres Baumholz,Mittleres Baumholz_13,1.0,0.0,2.0,2.0,2.0,2.0,1273,not_young
0.996580863011628,3221.0,4.0,ds6,ds6_4,Starkes Baumholz,Starkes Baumholz_4,1.0,0.0,2.0,2.0,2.0,2.0,1274,not_young
0.759566228317563,3223.0,4.0,ds5,ds5_4,Mittleres Baumholz,Mittleres Baumholz_4,1.0,0.0,2.0,2.0,4.0,2.0,1275,not_young
0.565826722625282,3225.0,4.0,ds6,ds6_4,Starkes Baumholz,Starkes Baumholz_4,1.0,0.0,2.0,2.0,2.0,2.0,1276,not_young
0.65405075852552,3230.0,4.0,ds1,ds1_4,Jungwuchs/Dickung,Jungwuchs/Dickung_4,1.0,0.0,2.0,2.0,2.0,2.0,1277,young
0.522829021592368,3233.0,4.0,ds1,ds1_4,Jungwuchs/Dickung,Jungwuchs/Dickung_4,1.0,0.0,2.0,2.0,4.0,2.0,1278,young
0.675824384292238,3237.0,4.0,ds1,ds1_4,Jungwuchs/Dickung,Jungwuchs/Dickung_4,1.0,0.0,2.0,2.0,2.0,2.0,1279,young
0.91227936533608,3260.0,13.0,ds6,ds6_13,Starkes Baumholz,Starkes Baumholz_13,1.0,0.0,2.0,2.0,4.0,2.0,1280,not_young
1.358607519990113,3263.0,4.0,ds6,ds6_4,Starkes Baumholz,Starkes Baumholz_4,1.0,0.0,2.0,2.0,2.0,2.0,1281,not_young
2.106765848292684,3267.0,4.0,ds6,ds6_4,Starkes Baumholz,Starkes Baumholz_4,1.0,0.0,2.0,2.0,4.0,2.0,1282,not_young
0.957833668503445,3270.0,13.0,ds6,ds6_13,Starkes Baumholz,Starkes Baumholz_13,1.0,0.0,2.0,2.0,2.0,2.0,1283,not_young
0.937953172179963,3271.0,13.0,ds5,ds5_13,Mittleres Baumholz,Mittleres Baumholz_13,1.0,0.0,2.0,2.0,4.0,4.0,1284,not_young
0.638316115044803,3272.0,13.0,ds1,ds1_13,Jungwuchs/Dickung,Jungwuchs/Dickung_13,1.0,0.0,2.0,2.0,2.0,2.0,1285,young
0.815661995614273,3274.0,4.0,ds6,ds6_4,Starkes Baumholz,Starkes Baumholz_4,1.0,0.0,2.0,2.0,2.0,2.0,1286,not_young
1.0417677922723,3290.0,4.0,ds6,ds6_4,Starkes Baumholz,Starkes Baumholz_4,1.0,0.0,2.0,2.0,2.0,2.0,1287,not_young
0.535561464998825,3293.0,13.0,ds1,ds1_13,Jungwuchs/Dickung,Jungwuchs/Dickung_13,1.0,0.0,2.0,2.0,2.0,2.0,1288,young
0.556687968374416,3294.0,4.0,ds1,ds1_4,Jungwuchs/Dickung,Jungwuchs/Dickung_4,1.0,0.0,2.0,2.0,2.0,2.0,1289,young
2.066312484002853,3295.0,13.0,ds2,ds2_13,Jungwuchs/Dickung,Jungwuchs/Dickung_13,1.0,0.0,2.0,2.0,4.0,4.0,1290,young
1.775575433888612,3299.0,4.0,ds5,ds5_4,Mittleres Baumholz,Mittleres Baumholz_4,1.0,0.0,2.0,2.0,4.0,4.0,1291,not_young
5.693687339600014,3301.0,13.0,ds6,ds6_13,Starkes Baumholz,Starkes Baumholz_13,1.0,0.0,2.0,2.0,4.0,2.0,1292,not_young
1.63418583221098,3303.0,13.0,ds4,ds4_13,Schwaches Baumholz,Schwaches Baumholz_13,1.0,0.0,2.0,2.0,2.0,2.0,1293,not_young
0.713165296985791,3312.0,13.0,ds1,ds1_13,Jungwuchs/Dickung,Jungwuchs/Dickung_13,1.0,0.0,2.0,2.0,2.0,2.0,1294,young
0.924543115151068,3315.0,13.0,ds3,ds3_13,Stangenholz,Stangenholz_13,1.0,0.0,2.0,2.0,2.0,2.0,1295,not_young
0.765017110926885,3316.0,13.0,ds4,ds4_13,Schwaches Baumholz,Schwaches Baumholz_13,1.0,0.0,2.0,2.0,4.0,4.0,1296,not_young
1.614008395127312,3317.0,4.0,ds5,ds5_4,Mittleres Baumholz,Mittleres Baumholz_4,1.0,0.0,2.0,2.0,2.0,2.0,1297,not_young
2.499736027410638,3319.0,4.0,ds5,ds5_4,Mittleres Baumholz,Mittleres Baumholz_4,1.0,0.0,2.0,2.0,2.0,2.0,1298,not_young
0.503830022728152,3321.0,4.0,ds4,ds4_4,Schwaches Baumholz,Schwaches Baumholz_4,1.0,0.0,2.0,2.0,4.0,2.0,1299,not_young
0.562290252024739,3322.0,4.0,ds4,ds4_4,Schwaches Baumholz,Schwaches Baumholz_4,1.0,0.0,2.0,2.0,2.0,2.0,1300,not_young
0.6292299586582,3324.0,4.0,ds2,ds2_4,Jungwuchs/Dickung,Jungwuchs/Dickung_4,1.0,0.0,2.0,2.0,2.0,2.0,1301,young
1.801252340030449,3325.0,4.0,ds1,ds1_4,Jungwuchs/Dickung,Jungwuchs/Dickung_4,1.0,0.0,2.0,2.0,4.0,2.0,1302,young
0.682202484964213,3326.0,4.0,ds1,ds1_4,Jungwuchs/Dickung,Jungwuchs/Dickung_4,1.0,0.0,2.0,2.0,4.0,2.0,1303,young
1.328658280263993,3327.0,13.0,ds1,ds1_13,Jungwuchs/Dickung,Jungwuchs/Dickung_13,1.0,0.0,2.0,2.0,2.0,2.0,1304,young
0.858731665505993,3334.0,13.0,ds2,ds2_13,Jungwuchs/Dickung,Jungwuchs/Dickung_13,1.0,0.0,2.0,2.0,4.0,2.0,1305,young
0.502848639447227,3335.0,4.0,ds1,ds1_4,Jungwuchs/Dickung,Jungwuchs/Dickung_4,1.0,0.0,2.0,2.0,4.0,4.0,1306,young
0.730918726641405,3337.0,4.0,ds5,ds5_4,Mittleres Baumholz,Mittleres Baumholz_4,1.0,0.0,2.0,2.0,4.0,4.0,1307,not_young
1.975388612308382,3338.0,4.0,ds6,ds6_4,Starkes Baumholz,Starkes Baumholz_4,1.0,0.0,2.0,2.0,2.0,2.0,1308,not_young
1.708645149840857,3339.0,4.0,ds5,ds5_4,Mittleres Baumholz,Mittleres Baumholz_4,1.0,0.0,2.0,2.0,2.0,2.0,1309,not_young
1.818413664825543,3340.0,4.0,ds6,ds6_4,Starkes Baumholz,Starkes Baumholz_4,1.0,0.0,2.0,2.0,2.0,2.0,1310,not_young
1.367823624347255,3341.0,4.0,ds6,ds6_4,Starkes Baumholz,Starkes Baumholz_4,1.0,0.0,2.0,2.0,2.0,2.0,1311,not_young
0.624348075412965,3343.0,4.0,ds6,ds6_4,Starkes Baumholz,Starkes Baumholz_4,1.0,0.0,2.0,2.0,2.0,2.0,1312,not_young
0.583817679461348,3344.0,4.0,ds5,ds5_4,Mittleres Baumholz,Mittleres Baumholz_4,1.0,0.0,2.0,2.0,4.0,2.0,1313,not_young
0.687791636631527,3345.0,4.0,ds5,ds5_4,Mittleres Baumholz,Mittleres Baumholz_4,1.0,0.0,2.0,2.0,2.0,2.0,1314,not_young
1.775941379115061,3346.0,4.0,ds5,ds5_4,Mittleres Baumholz,Mittleres Baumholz_4,1.0,0.0,2.0,2.0,4.0,2.0,1315,not_young
0.577941953880014,3347.0,4.0,ds5,ds5_4,Mittleres Baumholz,Mittleres Baumholz_4,1.0,0.0,2.0,2.0,2.0,2.0,1316,not_young
0.808143229668681,3348.0,13.0,ds2,ds2_13,Jungwuchs/Dickung,Jungwuchs/Dickung_13,1.0,0.0,2.0,2.0,2.0,2.0,1317,young
0.517835467869504,3349.0,4.0,ds5,ds5_4,Mittleres Baumholz,Mittleres Baumholz_4,1.0,0.0,2.0,2.0,2.0,2.0,1318,not_young
0.70816679249921,3350.0,4.0,ds6,ds6_4,Starkes Baumholz,Starkes Baumholz_4,1.0,0.0,2.0,2.0,2.0,2.0,1319,not_young
2.010144567740214,3351.0,13.0,ds5,ds5_13,Mittleres Baumholz,Mittleres Baumholz_13,1.0,0.0,2.0,2.0,2.0,2.0,1320,not_young
0.8813579213975,3352.0,13.0,ds5,ds5_13,Mittleres Baumholz,Mittleres Baumholz_13,1.0,0.0,2.0,2.0,2.0,2.0,1321,not_young
5.361502154826286,3353.0,4.0,ds6,ds6_4,Starkes Baumholz,Starkes Baumholz_4,1.0,0.0,2.0,2.0,2.0,2.0,1322,not_young
0.533097342061996,3364.0,13.0,ds6,ds6_13,Starkes Baumholz,Starkes Baumholz_13,1.0,0.0,2.0,2.0,4.0,2.0,1323,not_young
0.562522110158298,3367.0,4.0,ds5,ds5_4,Mittleres Baumholz,Mittleres Baumholz_4,1.0,0.0,2.0,2.0,4.0,2.0,1324,not_young
0.541463320455886,3369.0,13.0,ds2,ds2_13,Jungwuchs/Dickung,Jungwuchs/Dickung_13,1.0,0.0,2.0,2.0,4.0,4.0,1325,young
0.807021839177981,3379.0,4.0,ds6,ds6_4,Starkes Baumholz,Starkes Baumholz_4,1.0,0.0,2.0,2.0,4.0,2.0,1326,not_young
0.745076964147514,3380.0,13.0,ds4,ds4_13,Schwaches Baumholz,Schwaches Baumholz_13,1.0,0.0,2.0,2.0,4.0,4.0,1327,not_young
0.618272979324591,3400.0,4.0,ds5,ds5_4,Mittleres Baumholz,Mittleres Baumholz_4,1.0,0.0,2.0,2.0,4.0,4.0,1328,not_young
0.510932313383557,3412.0,4.0,ds1,ds1_4,Jungwuchs/Dickung,Jungwuchs/Dickung_4,1.0,0.0,2.0,2.0,4.0,2.0,1329,young
0.62876938216089,3413.0,4.0,ds6,ds6_4,Starkes Baumholz,Starkes Baumholz_4,1.0,0.0,2.0,2.0,4.0,4.0,1330,not_young
1.158239643333503,3415.0,4.0,ds5,ds5_4,Mittleres Baumholz,Mittleres Baumholz_4,1.0,0.0,2.0,2.0,2.0,2.0,1331,not_young
0.90446526671378,3416.0,4.0,ds5,ds5_4,Mittleres Baumholz,Mittleres Baumholz_4,1.0,0.0,2.0,2.0,2.0,2.0,1332,not_young
1.013833280875266,3417.0,4.0,ds1,ds1_4,Jungwuchs/Dickung,Jungwuchs/Dickung_4,1.0,0.0,2.0,2.0,4.0,2.0,1333,young
0.742580818686402,3426.0,4.0,ds2,ds2_4,Jungwuchs/Dickung,Jungwuchs/Dickung_4,1.0,0.0,2.0,2.0,4.0,4.0,1334,young
0.74304614891801,3429.0,4.0,ds1,ds1_4,Jungwuchs/Dickung,Jungwuchs/Dickung_4,1.0,0.0,2.0,2.0,2.0,2.0,1335,young
0.814907826238405,3431.0,13.0,ds6,ds6_13,Starkes Baumholz,Starkes Baumholz_13,1.0,0.0,2.0,2.0,2.0,2.0,1336,not_young
0.640374725877884,3433.0,4.0,ds4,ds4_4,Schwaches Baumholz,Schwaches Baumholz_4,1.0,0.0,2.0,2.0,2.0,2.0,1337,not_young
1.802926532268804,3434.0,4.0,ds6,ds6_4,Starkes Baumholz,Starkes Baumholz_4,1.0,0.0,2.0,2.0,2.0,2.0,1338,not_young
1.013839839306113,3436.0,13.0,ds6,ds6_13,Starkes Baumholz,Starkes Baumholz_13,1.0,0.0,2.0,2.0,2.0,2.0,1339,not_young
0.641715574256625,3438.0,4.0,ds6,ds6_4,Starkes Baumholz,Starkes Baumholz_4,1.0,1.0,1.0,1.0,1.0,1.0,1340,not_young
1.092520696218568,3446.0,4.0,ds1,ds1_4,Jungwuchs/Dickung,Jungwuchs/Dickung_4,1.0,0.0,2.0,2.0,4.0,4.0,1341,young
1.143972687269302,3448.0,4.0,ds6,ds6_4,Starkes Baumholz,Starkes Baumholz_4,1.0,0.0,2.0,2.0,2.0,2.0,1342,not_young
1.275661397270207,3449.0,4.0,ds5,ds5_4,Mittleres Baumholz,Mittleres Baumholz_4,1.0,0.0,2.0,2.0,4.0,4.0,1343,not_young
0.704429874744942,3451.0,4.0,ds5,ds5_4,Mittleres Baumholz,Mittleres Baumholz_4,1.0,0.0,2.0,2.0,4.0,2.0,1344,not_young
2.87021720516542,3453.0,4.0,ds6,ds6_4,Starkes Baumholz,Starkes Baumholz_4,1.0,0.0,2.0,2.0,4.0,2.0,1345,not_young
0.500972834813171,3458.0,4.0,ds2,ds2_4,Jungwuchs/Dickung,Jungwuchs/Dickung_4,1.0,0.0,2.0,2.0,4.0,2.0,1346,young
0.962629932309315,3466.0,13.0,ds6,ds6_13,Starkes Baumholz,Starkes Baumholz_13,1.0,0.0,2.0,2.0,4.0,2.0,1347,not_young
1.533745157901896,3467.0,4.0,ds5,ds5_4,Mittleres Baumholz,Mittleres Baumholz_4,1.0,1.0,1.0,1.0,1.0,1.0,1348,not_young
3.231224163117446,3472.0,13.0,ds5,ds5_13,Mittleres Baumholz,Mittleres Baumholz_13,1.0,0.0,2.0,2.0,4.0,2.0,1349,not_young
2.086215835689427,3473.0,4.0,ds6,ds6_4,Starkes Baumholz,Starkes Baumholz_4,1.0,0.0,2.0,2.0,2.0,2.0,1350,not_young
0.844121617088659,3485.0,4.0,ds6,ds6_4,Starkes Baumholz,Starkes Baumholz_4,1.0,0.0,2.0,2.0,2.0,2.0,1351,not_young
1.025715734903375,3486.0,4.0,ds5,ds5_4,Mittleres Baumholz,Mittleres Baumholz_4,1.0,0.0,2.0,2.0,4.0,2.0,1352,not_young
0.592125482867262,3487.0,4.0,ds4,ds4_4,Schwaches Baumholz,Schwaches Baumholz_4,1.0,0.0,2.0,2.0,2.0,2.0,1353,not_young
0.842390495321272,3492.0,4.0,ds4,ds4_4,Schwaches Baumholz,Schwaches Baumholz_4,1.0,0.0,2.0,2.0,2.0,2.0,1354,not_young
0.533625956438528,3497.0,13.0,ds5,ds5_13,Mittleres Baumholz,Mittleres Baumholz_13,1.0,0.0,2.0,2.0,2.0,2.0,1355,not_young
1.032690120028053,3501.0,4.0,ds6,ds6_4,Starkes Baumholz,Starkes Baumholz_4,1.0,0.0,2.0,2.0,4.0,2.0,1356,not_young
0.915937374229316,3504.0,4.0,ds5,ds5_4,Mittleres Baumholz,Mittleres Baumholz_4,1.0,0.0,2.0,2.0,2.0,2.0,1357,not_young
1.080953464503679,3505.0,4.0,ds6,ds6_4,Starkes Baumholz,Starkes Baumholz_4,1.0,0.0,2.0,2.0,2.0,2.0,1358,not_young
0.690120043632816,3507.0,4.0,ds5,ds5_4,Mittleres Baumholz,Mittleres Baumholz_4,1.0,0.0,2.0,2.0,2.0,2.0,1359,not_young
1.537496661320562,3509.0,4.0,ds1,ds1_4,Jungwuchs/Dickung,Jungwuchs/Dickung_4,1.0,0.0,2.0,2.0,2.0,2.0,1360,young
2.074958577772975,3510.0,4.0,ds1,ds1_4,Jungwuchs/Dickung,Jungwuchs/Dickung_4,1.0,0.0,2.0,2.0,2.0,2.0,1361,young
1.094668069461588,3512.0,4.0,ds5,ds5_4,Mittleres Baumholz,Mittleres Baumholz_4,1.0,0.0,2.0,2.0,4.0,4.0,1362,not_young
0.821368897415357,3513.0,13.0,ds2,ds2_13,Jungwuchs/Dickung,Jungwuchs/Dickung_13,1.0,0.0,2.0,2.0,2.0,2.0,1363,young
3.272104215259153,3515.0,4.0,ds2,ds2_4,Jungwuchs/Dickung,Jungwuchs/Dickung_4,1.0,0.0,2.0,2.0,4.0,4.0,1364,young
0.527926432840619,3516.0,13.0,ds2,ds2_13,Jungwuchs/Dickung,Jungwuchs/Dickung_13,1.0,0.0,2.0,2.0,4.0,2.0,1365,young
0.610183980752435,3519.0,4.0,ds5,ds5_4,Mittleres Baumholz,Mittleres Baumholz_4,1.0,0.0,2.0,2.0,2.0,2.0,1366,not_young
0.73961246044694,3520.0,4.0,ds5,ds5_4,Mittleres Baumholz,Mittleres Baumholz_4,1.0,0.0,2.0,2.0,4.0,2.0,1367,not_young
0.694468742050743,3522.0,13.0,ds5,ds5_13,Mittleres Baumholz,Mittleres Baumholz_13,1.0,0.0,2.0,2.0,4.0,2.0,1368,not_young
1.070958390324539,3527.0,13.0,ds1,ds1_13,Jungwuchs/Dickung,Jungwuchs/Dickung_13,1.0,0.0,2.0,2.0,4.0,2.0,1369,young
0.600753359131509,3530.0,4.0,ds4,ds4_4,Schwaches Baumholz,Schwaches Baumholz_4,1.0,0.0,2.0,2.0,2.0,2.0,1370,not_young
1.604780625107748,3531.0,4.0,ds5,ds5_4,Mittleres Baumholz,Mittleres Baumholz_4,1.0,0.0,2.0,2.0,4.0,4.0,1371,not_young
0.951386626458471,3532.0,4.0,ds1,ds1_4,Jungwuchs/Dickung,Jungwuchs/Dickung_4,1.0,0.0,2.0,2.0,4.0,2.0,1372,young
1.229506940244278,3533.0,4.0,ds1,ds1_4,Jungwuchs/Dickung,Jungwuchs/Dickung_4,1.0,0.0,2.0,2.0,2.0,2.0,1373,young
1.286196928888702,3534.0,13.0,ds5,ds5_13,Mittleres Baumholz,Mittleres Baumholz_13,1.0,0.0,2.0,2.0,4.0,4.0,1374,not_young
0.768646376704256,3536.0,4.0,ds6,ds6_4,Starkes Baumholz,Starkes Baumholz_4,1.0,0.0,2.0,2.0,4.0,2.0,1375,not_young
1.606477734530997,3537.0,4.0,ds5,ds5_4,Mittleres Baumholz,Mittleres Baumholz_4,1.0,0.0,2.0,2.0,2.0,2.0,1376,not_young
1.135567804933744,3538.0,4.0,ds5,ds5_4,Mittleres Baumholz,Mittleres Baumholz_4,1.0,0.0,2.0,2.0,2.0,2.0,1377,not_young
2.493140998488409,3539.0,4.0,ds6,ds6_4,Starkes Baumholz,Starkes Baumholz_4,1.0,0.0,2.0,2.0,2.0,2.0,1378,not_young
1.652050001567282,3540.0,4.0,ds6,ds6_4,Starkes Baumholz,Starkes Baumholz_4,1.0,0.0,2.0,2.0,2.0,2.0,1379,not_young
0.95611326968614,3545.0,4.0,ds5,ds5_4,Mittleres Baumholz,Mittleres Baumholz_4,1.0,0.0,2.0,2.0,4.0,2.0,1380,not_young
1.530567289188007,3546.0,13.0,ds5,ds5_13,Mittleres Baumholz,Mittleres Baumholz_13,1.0,0.0,2.0,2.0,4.0,4.0,1381,not_young
0.785339153534537,3551.0,4.0,ds6,ds6_4,Starkes Baumholz,Starkes Baumholz_4,1.0,0.0,2.0,2.0,2.0,2.0,1382,not_young
0.567837934844894,3554.0,4.0,ds4,ds4_4,Schwaches Baumholz,Schwaches Baumholz_4,1.0,0.0,2.0,2.0,4.0,2.0,1383,not_young
1.586360843314277,3556.0,4.0,ds1,ds1_4,Jungwuchs/Dickung,Jungwuchs/Dickung_4,1.0,0.0,2.0,2.0,4.0,2.0,1384,young
0.953083612501677,3562.0,4.0,ds5,ds5_4,Mittleres Baumholz,Mittleres Baumholz_4,1.0,0.0,2.0,2.0,2.0,2.0,1385,not_young
1.436420470952573,3563.0,4.0,ds1,ds1_4,Jungwuchs/Dickung,Jungwuchs/Dickung_4,1.0,0.0,2.0,2.0,4.0,2.0,1386,young
0.513989123591781,3565.0,4.0,ds2,ds2_4,Jungwuchs/Dickung,Jungwuchs/Dickung_4,1.0,0.0,2.0,2.0,4.0,2.0,1387,young
0.549224315291236,3566.0,4.0,ds3,ds3_4,Stangenholz,Stangenholz_4,1.0,0.0,2.0,2.0,2.0,2.0,1388,not_young
0.749451880104747,3567.0,4.0,ds5,ds5_4,Mittleres Baumholz,Mittleres Baumholz_4,1.0,0.0,2.0,2.0,4.0,4.0,1389,not_young
0.503151116408063,3569.0,4.0,ds2,ds2_4,Jungwuchs/Dickung,Jungwuchs/Dickung_4,1.0,0.0,2.0,2.0,4.0,4.0,1390,young
0.842684290888999,3570.0,13.0,ds5,ds5_13,Mittleres Baumholz,Mittleres Baumholz_13,1.0,0.0,2.0,2.0,4.0,2.0,1391,not_young
1.022732163042436,3571.0,4.0,ds1,ds1_4,Jungwuchs/Dickung,Jungwuchs/Dickung_4,1.0,0.0,2.0,2.0,2.0,2.0,1392,young
0.870545028845681,3572.0,13.0,ds4,ds4_13,Schwaches Baumholz,Schwaches Baumholz_13,1.0,0.0,2.0,2.0,2.0,2.0,1393,not_young
1.586328509119357,3573.0,4.0,ds2,ds2_4,Jungwuchs/Dickung,Jungwuchs/Dickung_4,1.0,0.0,2.0,2.0,2.0,2.0,1394,young
1.186342885305686,3574.0,4.0,ds1,ds1_4,Jungwuchs/Dickung,Jungwuchs/Dickung_4,1.0,0.0,2.0,2.0,4.0,2.0,1395,young
0.925681210660238,3575.0,4.0,ds4,ds4_4,Schwaches Baumholz,Schwaches Baumholz_4,1.0,0.0,2.0,2.0,4.0,4.0,1396,not_young
2.952313184874359,3576.0,4.0,ds6,ds6_4,Starkes Baumholz,Starkes Baumholz_4,1.0,0.0,2.0,2.0,2.0,2.0,1397,not_young
0.73084123065481,3577.0,4.0,ds5,ds5_4,Mittleres Baumholz,Mittleres Baumholz_4,1.0,0.0,2.0,2.0,2.0,2.0,1398,not_young
1.008521767611778,3578.0,13.0,ds4,ds4_13,Schwaches Baumholz,Schwaches Baumholz_13,1.0,0.0,2.0,2.0,4.0,2.0,1399,not_young
1.282189129520766,3579.0,4.0,ds5,ds5_4,Mittleres Baumholz,Mittleres Baumholz_4,1.0,0.0,2.0,2.0,2.0,2.0,1400,not_young
0.806309806461251,3580.0,4.0,ds5,ds5_4,Mittleres Baumholz,Mittleres Baumholz_4,1.0,0.0,2.0,2.0,4.0,2.0,1401,not_young
1.271996524695744,3581.0,13.0,ds6,ds6_13,Starkes Baumholz,Starkes Baumholz_13,1.0,0.0,2.0,2.0,4.0,2.0,1402,not_young
0.708637807760807,3582.0,4.0,ds6,ds6_4,Starkes Baumholz,Starkes Baumholz_4,1.0,0.0,2.0,2.0,2.0,2.0,1403,not_young
1.690642019232037,3583.0,4.0,ds5,ds5_4,Mittleres Baumholz,Mittleres Baumholz_4,1.0,0.0,2.0,2.0,4.0,4.0,1404,not_young
1.886020785124955,3584.0,13.0,ds5,ds5_13,Mittleres Baumholz,Mittleres Baumholz_13,1.0,0.0,2.0,2.0,4.0,2.0,1405,not_young
1.302350500063798,3585.0,4.0,ds1,ds1_4,Jungwuchs/Dickung,Jungwuchs/Dickung_4,1.0,0.0,2.0,2.0,4.0,2.0,1406,young
1.252834480618296,3586.0,4.0,ds6,ds6_4,Starkes Baumholz,Starkes Baumholz_4,1.0,0.0,2.0,2.0,4.0,2.0,1407,not_young
0.688683946666273,3587.0,4.0,ds5,ds5_4,Mittleres Baumholz,Mittleres Baumholz_4,1.0,0.0,2.0,2.0,2.0,2.0,1408,not_young
6.832103586576956,3588.0,4.0,ds5,ds5_4,Mittleres Baumholz,Mittleres Baumholz_4,1.0,0.0,2.0,2.0,2.0,2.0,1409,not_young
4.724688209247822,3589.0,13.0,ds6,ds6_13,Starkes Baumholz,Starkes Baumholz_13,1.0,0.0,2.0,2.0,2.0,2.0,1410,not_young
0.579236202551238,3628.0,4.0,ds5,ds5_4,Mittleres Baumholz,Mittleres Baumholz_4,1.0,0.0,2.0,2.0,2.0,2.0,1411,not_young
0.616655527035537,3629.0,4.0,ds4,ds4_4,Schwaches Baumholz,Schwaches Baumholz_4,1.0,0.0,2.0,2.0,2.0,2.0,1412,not_young
0.690111533475503,3636.0,4.0,ds3,ds3_4,Stangenholz,Stangenholz_4,1.0,1.0,1.0,1.0,1.0,1.0,1413,not_young
0.747991316723816,3638.0,4.0,ds3,ds3_4,Stangenholz,Stangenholz_4,1.0,0.0,2.0,2.0,2.0,2.0,1414,not_young
2.804241847569541,3641.0,4.0,ds3,ds3_4,Stangenholz,Stangenholz_4,1.0,0.0,2.0,2.0,2.0,2.0,1415,not_young
1.088074392245646,3642.0,4.0,ds5,ds5_4,Mittleres Baumholz,Mittleres Baumholz_4,1.0,0.0,2.0,2.0,4.0,2.0,1416,not_young
0.720341933431973,3643.0,4.0,ds5,ds5_4,Mittleres Baumholz,Mittleres Baumholz_4,1.0,0.0,2.0,2.0,4.0,2.0,1417,not_young
0.622696016135061,3646.0,4.0,ds4,ds4_4,Schwaches Baumholz,Schwaches Baumholz_4,1.0,1.0,1.0,1.0,1.0,1.0,1418,not_young
0.928072400407254,3651.0,13.0,ds5,ds5_13,Mittleres Baumholz,Mittleres Baumholz_13,1.0,0.0,2.0,2.0,4.0,2.0,1419,not_young
0.829053632677515,3652.0,4.0,ds3,ds3_4,Stangenholz,Stangenholz_4,1.0,0.0,2.0,2.0,2.0,2.0,1420,not_young
0.524826201956211,3656.0,4.0,ds3,ds3_4,Stangenholz,Stangenholz_4,1.0,0.0,2.0,2.0,2.0,2.0,1421,not_young
1.856743862130541,3657.0,4.0,ds4,ds4_4,Schwaches Baumholz,Schwaches Baumholz_4,1.0,0.0,2.0,2.0,2.0,2.0,1422,not_young
0.913645069164944,3658.0,4.0,ds4,ds4_4,Schwaches Baumholz,Schwaches Baumholz_4,1.0,0.0,2.0,2.0,4.0,4.0,1423,not_young
1.159534400507447,3659.0,4.0,ds3,ds3_4,Stangenholz,Stangenholz_4,1.0,0.0,2.0,2.0,2.0,2.0,1424,not_young
0.739675500186773,3660.0,4.0,ds4,ds4_4,Schwaches Baumholz,Schwaches Baumholz_4,1.0,0.0,2.0,2.0,2.0,2.0,1425,not_young
0.541374509963405,3664.0,4.0,ds4,ds4_4,Schwaches Baumholz,Schwaches Baumholz_4,1.0,0.0,2.0,2.0,2.0,2.0,1426,not_young
0.865076716006099,3665.0,4.0,ds4,ds4_4,Schwaches Baumholz,Schwaches Baumholz_4,1.0,0.0,2.0,2.0,2.0,2.0,1427,not_young
0.519037392600194,3666.0,4.0,ds1,ds1_4,Jungwuchs/Dickung,Jungwuchs/Dickung_4,1.0,0.0,2.0,2.0,4.0,2.0,1428,young
0.536943303110299,3667.0,4.0,ds3,ds3_4,Stangenholz,Stangenholz_4,1.0,0.0,2.0,2.0,2.0,2.0,1429,not_young
0.824924801126035,3668.0,4.0,ds4,ds4_4,Schwaches Baumholz,Schwaches Baumholz_4,1.0,0.0,2.0,2.0,2.0,2.0,1430,not_young
1.648929996104871,3669.0,4.0,ds5,ds5_4,Mittleres Baumholz,Mittleres Baumholz_4,1.0,0.0,2.0,2.0,2.0,2.0,1431,not_young
0.539552696687864,3671.0,4.0,ds2,ds2_4,Jungwuchs/Dickung,Jungwuchs/Dickung_4,1.0,0.0,2.0,2.0,4.0,2.0,1432,young
0.622551964732661,3672.0,13.0,ds4,ds4_13,Schwaches Baumholz,Schwaches Baumholz_13,1.0,0.0,2.0,2.0,4.0,2.0,1433,not_young
0.638436403114346,3679.0,4.0,ds5,ds5_4,Mittleres Baumholz,Mittleres Baumholz_4,1.0,0.0,2.0,2.0,4.0,2.0,1434,not_young
0.51920805533214,3680.0,4.0,ds5,ds5_4,Mittleres Baumholz,Mittleres Baumholz_4,1.0,0.0,2.0,2.0,2.0,2.0,1435,not_young
0.811609443130903,3681.0,4.0,ds4,ds4_4,Schwaches Baumholz,Schwaches Baumholz_4,1.0,0.0,2.0,2.0,4.0,4.0,1436,not_young
0.754561195761259,3682.0,4.0,ds5,ds5_4,Mittleres Baumholz,Mittleres Baumholz_4,1.0,0.0,2.0,2.0,4.0,2.0,1437,not_young
2.821279970522826,3683.0,4.0,ds5,ds5_4,Mittleres Baumholz,Mittleres Baumholz_4,1.0,0.0,2.0,2.0,4.0,2.0,1438,not_young
0.782413318345998,3684.0,13.0,ds6,ds6_13,Starkes Baumholz,Starkes Baumholz_13,1.0,0.0,2.0,2.0,2.0,2.0,1439,not_young
2.650289500364918,3685.0,4.0,ds4,ds4_4,Schwaches Baumholz,Schwaches Baumholz_4,1.0,0.0,2.0,2.0,4.0,4.0,1440,not_young
1.404857347376234,3686.0,4.0,ds3,ds3_4,Stangenholz,Stangenholz_4,1.0,0.0,2.0,2.0,4.0,4.0,1441,not_young
1.76078282102976,3687.0,4.0,ds5,ds5_4,Mittleres Baumholz,Mittleres Baumholz_4,1.0,0.0,2.0,2.0,2.0,2.0,1442,not_young
1.2380084280439,3688.0,4.0,ds4,ds4_4,Schwaches Baumholz,Schwaches Baumholz_4,1.0,0.0,2.0,2.0,4.0,2.0,1443,not_young
2.134736530922756,3689.0,4.0,ds4,ds4_4,Schwaches Baumholz,Schwaches Baumholz_4,1.0,0.0,2.0,2.0,2.0,2.0,1444,not_young
1.124467352157366,3691.0,4.0,ds5,ds5_4,Mittleres Baumholz,Mittleres Baumholz_4,1.0,0.0,2.0,2.0,2.0,2.0,1445,not_young
2.751764717277198,3692.0,4.0,ds6,ds6_4,Starkes Baumholz,Starkes Baumholz_4,1.0,0.0,2.0,2.0,2.0,2.0,1446,not_young
0.627431180980505,3693.0,13.0,ds5,ds5_13,Mittleres Baumholz,Mittleres Baumholz_13,1.0,0.0,2.0,2.0,2.0,2.0,1447,not_young
0.904334458490519,3694.0,4.0,ds6,ds6_4,Starkes Baumholz,Starkes Baumholz_4,1.0,0.0,2.0,2.0,2.0,2.0,1448,not_young
1.557279622400552,3695.0,4.0,ds6,ds6_4,Starkes Baumholz,Starkes Baumholz_4,1.0,0.0,2.0,2.0,2.0,2.0,1449,not_young
0.760095301052067,3697.0,4.0,ds4,ds4_4,Schwaches Baumholz,Schwaches Baumholz_4,1.0,0.0,2.0,2.0,2.0,2.0,1450,not_young
3.903814011129114,3699.0,4.0,ds5,ds5_4,Mittleres Baumholz,Mittleres Baumholz_4,1.0,0.0,2.0,2.0,2.0,2.0,1451,not_young
0.513885070032999,3703.0,4.0,ds6,ds6_4,Starkes Baumholz,Starkes Baumholz_4,1.0,0.0,2.0,2.0,4.0,4.0,1452,not_young
0.946489135849057,3708.0,13.0,ds5,ds5_13,Mittleres Baumholz,Mittleres Baumholz_13,1.0,0.0,2.0,2.0,2.0,2.0,1453,not_young
0.676559988435917,3716.0,4.0,ds5,ds5_4,Mittleres Baumholz,Mittleres Baumholz_4,1.0,0.0,2.0,2.0,2.0,2.0,1454,not_young
1.409232358287787,3721.0,13.0,ds1,ds1_13,Jungwuchs/Dickung,Jungwuchs/Dickung_13,1.0,0.0,2.0,2.0,2.0,2.0,1455,young
0.724371376582049,3727.0,4.0,ds4,ds4_4,Schwaches Baumholz,Schwaches Baumholz_4,1.0,0.0,2.0,2.0,2.0,2.0,1456,not_young
0.947482134259067,3729.0,4.0,ds1,ds1_4,Jungwuchs/Dickung,Jungwuchs/Dickung_4,1.0,0.0,2.0,2.0,2.0,2.0,1457,young
1.647732963818382,3731.0,4.0,ds6,ds6_4,Starkes Baumholz,Starkes Baumholz_4,1.0,0.0,2.0,2.0,2.0,2.0,1458,not_young
0.705642060210928,3741.0,4.0,ds1,ds1_4,Jungwuchs/Dickung,Jungwuchs/Dickung_4,1.0,0.0,2.0,2.0,2.0,2.0,1459,young
0.508518273843918,3744.0,4.0,ds4,ds4_4,Schwaches Baumholz,Schwaches Baumholz_4,1.0,0.0,2.0,2.0,2.0,2.0,1460,not_young
1.157915232771822,3745.0,4.0,ds5,ds5_4,Mittleres Baumholz,Mittleres Baumholz_4,1.0,0.0,2.0,2.0,2.0,2.0,1461,not_young
0.69617667163508,3754.0,4.0,ds1,ds1_4,Jungwuchs/Dickung,Jungwuchs/Dickung_4,1.0,0.0,2.0,2.0,2.0,2.0,1462,young
0.672217122762371,3762.0,4.0,ds6,ds6_4,Starkes Baumholz,Starkes Baumholz_4,1.0,0.0,2.0,2.0,4.0,4.0,1463,not_young
1.623416556917317,3771.0,4.0,ds6,ds6_4,Starkes Baumholz,Starkes Baumholz_4,1.0,0.0,2.0,2.0,2.0,2.0,1464,not_young
0.510041657161806,3781.0,4.0,ds3,ds3_4,Stangenholz,Stangenholz_4,1.0,0.0,2.0,2.0,2.0,2.0,1465,not_young
0.514492613025755,3786.0,4.0,ds1,ds1_4,Jungwuchs/Dickung,Jungwuchs/Dickung_4,1.0,0.0,2.0,2.0,4.0,2.0,1466,young
0.893763872852526,3788.0,4.0,ds5,ds5_4,Mittleres Baumholz,Mittleres Baumholz_4,1.0,0.0,2.0,2.0,2.0,2.0,1467,not_young
1.264415063353488,3803.0,4.0,ds1,ds1_4,Jungwuchs/Dickung,Jungwuchs/Dickung_4,1.0,0.0,2.0,2.0,4.0,2.0,1468,young
0.534272081222932,3804.0,13.0,ds1,ds1_13,Jungwuchs/Dickung,Jungwuchs/Dickung_13,1.0,0.0,2.0,2.0,2.0,2.0,1469,young
0.596948206619965,3807.0,4.0,ds4,ds4_4,Schwaches Baumholz,Schwaches Baumholz_4,1.0,0.0,2.0,2.0,2.0,2.0,1470,not_young
0.549902579543227,3814.0,4.0,ds5,ds5_4,Mittleres Baumholz,Mittleres Baumholz_4,1.0,0.0,2.0,2.0,4.0,2.0,1471,not_young
0.709809732281714,3816.0,4.0,ds4,ds4_4,Schwaches Baumholz,Schwaches Baumholz_4,1.0,0.0,2.0,2.0,4.0,4.0,1472,not_young
0.572729742136551,3829.0,4.0,ds6,ds6_4,Starkes Baumholz,Starkes Baumholz_4,1.0,0.0,2.0,2.0,2.0,2.0,1473,not_young
1.113567923831334,3842.0,4.0,ds5,ds5_4,Mittleres Baumholz,Mittleres Baumholz_4,1.0,0.0,2.0,2.0,4.0,2.0,1474,not_young
0.597357476259989,3846.0,4.0,ds5,ds5_4,Mittleres Baumholz,Mittleres Baumholz_4,1.0,0.0,2.0,2.0,2.0,2.0,1475,not_young
2.363402847893269,3847.0,4.0,ds4,ds4_4,Schwaches Baumholz,Schwaches Baumholz_4,1.0,0.0,2.0,2.0,2.0,2.0,1476,not_young
0.656954634197138,3849.0,4.0,ds5,ds5_4,Mittleres Baumholz,Mittleres Baumholz_4,1.0,0.0,2.0,2.0,4.0,2.0,1477,not_young
0.618676047879271,3859.0,4.0,ds1,ds1_4,Jungwuchs/Dickung,Jungwuchs/Dickung_4,1.0,0.0,2.0,2.0,4.0,2.0,1478,young
0.633644166046684,3860.0,4.0,ds3,ds3_4,Stangenholz,Stangenholz_4,1.0,0.0,2.0,2.0,2.0,2.0,1479,not_young
0.58983357532071,3861.0,4.0,ds4,ds4_4,Schwaches Baumholz,Schwaches Baumholz_4,1.0,0.0,2.0,2.0,4.0,2.0,1480,not_young
0.556560956788529,3865.0,4.0,ds4,ds4_4,Schwaches Baumholz,Schwaches Baumholz_4,1.0,0.0,2.0,2.0,2.0,2.0,1481,not_young
1.732788769112947,3867.0,4.0,ds5,ds5_4,Mittleres Baumholz,Mittleres Baumholz_4,1.0,0.0,2.0,2.0,2.0,2.0,1482,not_young
4.31753220716815,3868.0,4.0,ds6,ds6_4,Starkes Baumholz,Starkes Baumholz_4,1.0,0.0,2.0,2.0,4.0,2.0,1483,not_young
0.570275874336436,3869.0,4.0,ds6,ds6_4,Starkes Baumholz,Starkes Baumholz_4,1.0,0.0,2.0,2.0,4.0,4.0,1484,not_young
1.524565076123621,3872.0,4.0,ds3,ds3_4,Stangenholz,Stangenholz_4,1.0,0.0,2.0,2.0,2.0,2.0,1485,not_young
1.052317399299273,3875.0,4.0,ds5,ds5_4,Mittleres Baumholz,Mittleres Baumholz_4,1.0,0.0,2.0,2.0,2.0,2.0,1486,not_young
0.831315362786641,3878.0,4.0,ds1,ds1_4,Jungwuchs/Dickung,Jungwuchs/Dickung_4,1.0,0.0,2.0,2.0,2.0,2.0,1487,young
1.566369313310389,3880.0,4.0,ds5,ds5_4,Mittleres Baumholz,Mittleres Baumholz_4,1.0,0.0,2.0,2.0,2.0,2.0,1488,not_young
0.6736234426248,3881.0,4.0,ds3,ds3_4,Stangenholz,Stangenholz_4,1.0,0.0,2.0,2.0,2.0,2.0,1489,not_young
1.065094193512093,3882.0,13.0,ds2,ds2_13,Jungwuchs/Dickung,Jungwuchs/Dickung_13,1.0,0.0,2.0,2.0,2.0,2.0,1490,young
1.571492255234346,3885.0,13.0,ds3,ds3_13,Stangenholz,Stangenholz_13,1.0,0.0,2.0,2.0,2.0,2.0,1491,not_young
0.798293672918761,3886.0,13.0,ds5,ds5_13,Mittleres Baumholz,Mittleres Baumholz_13,1.0,0.0,2.0,2.0,4.0,4.0,1492,not_young
0.604920991603844,3890.0,13.0,ds5,ds5_13,Mittleres Baumholz,Mittleres Baumholz_13,1.0,0.0,2.0,2.0,4.0,2.0,1493,not_young
0.515902168636798,3894.0,13.0,ds6,ds6_13,Starkes Baumholz,Starkes Baumholz_13,1.0,0.0,2.0,2.0,4.0,4.0,1494,not_young
0.623866895782948,3899.0,4.0,ds4,ds4_4,Schwaches Baumholz,Schwaches Baumholz_4,1.0,0.0,2.0,2.0,2.0,2.0,1495,not_young
1.451022978683864,3901.0,4.0,ds4,ds4_4,Schwaches Baumholz,Schwaches Baumholz_4,1.0,0.0,2.0,2.0,2.0,2.0,1496,not_young
1.090874305560079,3902.0,4.0,ds6,ds6_4,Starkes Baumholz,Starkes Baumholz_4,1.0,0.0,2.0,2.0,4.0,4.0,1497,not_young
0.858880774106179,3903.0,4.0,ds6,ds6_4,Starkes Baumholz,Starkes Baumholz_4,1.0,0.0,2.0,2.0,4.0,2.0,1498,not_young
0.64953185835075,3907.0,4.0,ds4,ds4_4,Schwaches Baumholz,Schwaches Baumholz_4,1.0,0.0,2.0,2.0,2.0,2.0,1499,not_young
0.501817208290879,3909.0,4.0,ds4,ds4_4,Schwaches Baumholz,Schwaches Baumholz_4,1.0,0.0,2.0,2.0,4.0,4.0,1500,not_young
0.578301271237893,3912.0,4.0,ds4,ds4_4,Schwaches Baumholz,Schwaches Baumholz_4,1.0,0.0,2.0,2.0,2.0,2.0,1501,not_young
0.772293697711451,3913.0,4.0,ds5,ds5_4,Mittleres Baumholz,Mittleres Baumholz_4,1.0,0.0,2.0,2.0,2.0,2.0,1502,not_young
0.83592158280912,3915.0,4.0,ds4,ds4_4,Schwaches Baumholz,Schwaches Baumholz_4,1.0,0.0,2.0,2.0,2.0,2.0,1503,not_young
2.08424344072667,3916.0,4.0,ds4,ds4_4,Schwaches Baumholz,Schwaches Baumholz_4,1.0,0.0,2.0,2.0,2.0,2.0,1504,not_young
0.609733408182667,3919.0,4.0,ds4,ds4_4,Schwaches Baumholz,Schwaches Baumholz_4,1.0,0.0,2.0,2.0,4.0,2.0,1505,not_young
1.125101058021194,3920.0,4.0,ds4,ds4_4,Schwaches Baumholz,Schwaches Baumholz_4,1.0,0.0,2.0,2.0,2.0,2.0,1506,not_young
0.737471439606464,3925.0,4.0,ds5,ds5_4,Mittleres Baumholz,Mittleres Baumholz_4,1.0,0.0,2.0,2.0,2.0,2.0,1507,not_young
3.784786147315102,3926.0,4.0,ds5,ds5_4,Mittleres Baumholz,Mittleres Baumholz_4,1.0,0.0,2.0,2.0,2.0,2.0,1508,not_young
0.616082397154474,3929.0,4.0,ds4,ds4_4,Schwaches Baumholz,Schwaches Baumholz_4,1.0,0.0,2.0,2.0,4.0,2.0,1509,not_young
1.533062447344547,3932.0,4.0,ds4,ds4_4,Schwaches Baumholz,Schwaches Baumholz_4,1.0,0.0,2.0,2.0,2.0,2.0,1510,not_young
1.227292998048465,3933.0,4.0,ds1,ds1_4,Jungwuchs/Dickung,Jungwuchs/Dickung_4,1.0,0.0,2.0,2.0,4.0,2.0,1511,young
0.551284073609297,3934.0,4.0,ds4,ds4_4,Schwaches Baumholz,Schwaches Baumholz_4,1.0,0.0,2.0,2.0,4.0,2.0,1512,not_young
1.108095626098744,3935.0,13.0,ds5,ds5_13,Mittleres Baumholz,Mittleres Baumholz_13,1.0,0.0,2.0,2.0,2.0,2.0,1513,not_young
1.908572530688439,3941.0,4.0,ds1,ds1_4,Jungwuchs/Dickung,Jungwuchs/Dickung_4,1.0,0.0,2.0,2.0,2.0,2.0,1514,young
1.905085166383605,3943.0,4.0,ds6,ds6_4,Starkes Baumholz,Starkes Baumholz_4,1.0,0.0,2.0,2.0,4.0,2.0,1515,not_young
1.265367987502786,3944.0,4.0,ds4,ds4_4,Schwaches Baumholz,Schwaches Baumholz_4,1.0,0.0,2.0,2.0,2.0,2.0,1516,not_young
0.505679682861967,3950.0,4.0,ds5,ds5_4,Mittleres Baumholz,Mittleres Baumholz_4,1.0,0.0,2.0,2.0,4.0,2.0,1517,not_young
1.243934640128794,3954.0,4.0,ds4,ds4_4,Schwaches Baumholz,Schwaches Baumholz_4,1.0,0.0,2.0,2.0,2.0,2.0,1518,not_young
0.618821319961012,3960.0,4.0,ds4,ds4_4,Schwaches Baumholz,Schwaches Baumholz_4,1.0,0.0,2.0,2.0,4.0,4.0,1519,not_young
0.516739299636381,3963.0,4.0,ds4,ds4_4,Schwaches Baumholz,Schwaches Baumholz_4,1.0,0.0,2.0,2.0,4.0,2.0,1520,not_young
0.617685161790252,3966.0,13.0,ds6,ds6_13,Starkes Baumholz,Starkes Baumholz_13,1.0,0.0,2.0,2.0,2.0,2.0,1521,not_young
1.212674427363463,3974.0,13.0,ds6,ds6_13,Starkes Baumholz,Starkes Baumholz_13,1.0,0.0,2.0,2.0,4.0,2.0,1522,not_young
1.961817389619164,3975.0,4.0,ds6,ds6_4,Starkes Baumholz,Starkes Baumholz_4,1.0,0.0,2.0,2.0,2.0,2.0,1523,not_young
0.786920982644527,3978.0,13.0,ds4,ds4_13,Schwaches Baumholz,Schwaches Baumholz_13,1.0,0.0,2.0,2.0,4.0,2.0,1524,not_young
0.696570018024481,3980.0,4.0,ds4,ds4_4,Schwaches Baumholz,Schwaches Baumholz_4,1.0,0.0,2.0,2.0,4.0,4.0,1525,not_young
1.127941291812435,3981.0,4.0,ds5,ds5_4,Mittleres Baumholz,Mittleres Baumholz_4,1.0,0.0,2.0,2.0,4.0,4.0,1526,not_young
0.683087660608403,3983.0,4.0,ds6,ds6_4,Starkes Baumholz,Starkes Baumholz_4,1.0,0.0,2.0,2.0,2.0,2.0,1527,not_young
0.927496754966839,3986.0,4.0,ds4,ds4_4,Schwaches Baumholz,Schwaches Baumholz_4,1.0,0.0,2.0,2.0,2.0,2.0,1528,not_young
0.709317349892674,3987.0,4.0,ds3,ds3_4,Stangenholz,Stangenholz_4,1.0,0.0,2.0,2.0,2.0,2.0,1529,not_young
2.101376900838423,3988.0,4.0,ds5,ds5_4,Mittleres Baumholz,Mittleres Baumholz_4,1.0,0.0,2.0,2.0,2.0,2.0,1530,not_young
1.171477185291966,3989.0,4.0,ds4,ds4_4,Schwaches Baumholz,Schwaches Baumholz_4,1.0,0.0,2.0,2.0,2.0,2.0,1531,not_young
0.781258627362618,3990.0,4.0,ds4,ds4_4,Schwaches Baumholz,Schwaches Baumholz_4,1.0,0.0,2.0,2.0,4.0,4.0,1532,not_young
0.861878817072115,3991.0,13.0,ds4,ds4_13,Schwaches Baumholz,Schwaches Baumholz_13,1.0,0.0,2.0,2.0,4.0,2.0,1533,not_young
0.561607669385104,3992.0,4.0,ds3,ds3_4,Stangenholz,Stangenholz_4,1.0,0.0,2.0,2.0,2.0,2.0,1534,not_young
0.803523579220806,3994.0,4.0,ds6,ds6_4,Starkes Baumholz,Starkes Baumholz_4,1.0,0.0,2.0,2.0,2.0,2.0,1535,not_young
0.516572585461987,3995.0,4.0,ds6,ds6_4,Starkes Baumholz,Starkes Baumholz_4,1.0,0.0,2.0,2.0,2.0,2.0,1536,not_young
1.609213556760788,3996.0,4.0,ds5,ds5_4,Mittleres Baumholz,Mittleres Baumholz_4,1.0,0.0,2.0,2.0,2.0,2.0,1537,not_young
0.927943551472924,3997.0,13.0,ds4,ds4_13,Schwaches Baumholz,Schwaches Baumholz_13,1.0,0.0,2.0,2.0,2.0,2.0,1538,not_young
0.894023681583814,3998.0,13.0,ds1,ds1_13,Jungwuchs/Dickung,Jungwuchs/Dickung_13,1.0,0.0,2.0,2.0,2.0,2.0,1539,young
1.138072786679119,4002.0,4.0,ds5,ds5_4,Mittleres Baumholz,Mittleres Baumholz_4,1.0,0.0,2.0,2.0,2.0,2.0,1540,not_young
0.999689775221737,4005.0,13.0,ds4,ds4_13,Schwaches Baumholz,Schwaches Baumholz_13,1.0,0.0,2.0,2.0,4.0,4.0,1541,not_young
0.917286231219998,4007.0,4.0,ds4,ds4_4,Schwaches Baumholz,Schwaches Baumholz_4,1.0,0.0,2.0,2.0,4.0,4.0,1542,not_young
9.343743004040496,4008.0,4.0,ds1,ds1_4,Jungwuchs/Dickung,Jungwuchs/Dickung_4,1.0,0.0,2.0,2.0,2.0,2.0,1543,young
1.892108126440314,4009.0,4.0,ds5,ds5_4,Mittleres Baumholz,Mittleres Baumholz_4,1.0,0.0,2.0,2.0,2.0,2.0,1544,not_young
0.874189227351899,4010.0,13.0,ds6,ds6_13,Starkes Baumholz,Starkes Baumholz_13,1.0,0.0,2.0,2.0,2.0,2.0,1545,not_young
2.340785615087533,4011.0,4.0,ds6,ds6_4,Starkes Baumholz,Starkes Baumholz_4,1.0,0.0,2.0,2.0,4.0,4.0,1546,not_young
4.305654373183638,4012.0,4.0,ds1,ds1_4,Jungwuchs/Dickung,Jungwuchs/Dickung_4,1.0,0.0,2.0,2.0,2.0,2.0,1547,young
4.751793504002024,4014.0,4.0,ds6,ds6_4,Starkes Baumholz,Starkes Baumholz_4,1.0,0.0,2.0,2.0,4.0,2.0,1548,not_young
0.713042614270561,4015.0,4.0,ds1,ds1_4,Jungwuchs/Dickung,Jungwuchs/Dickung_4,1.0,0.0,2.0,2.0,4.0,2.0,1549,young
0.700623356896732,4016.0,4.0,ds6,ds6_4,Starkes Baumholz,Starkes Baumholz_4,1.0,0.0,2.0,2.0,2.0,2.0,1550,not_young
3.410883594086511,4017.0,4.0,ds6,ds6_4,Starkes Baumholz,Starkes Baumholz_4,1.0,0.0,2.0,2.0,2.0,2.0,1551,not_young
0.516631994770427,4018.0,4.0,ds5,ds5_4,Mittleres Baumholz,Mittleres Baumholz_4,1.0,0.0,2.0,2.0,4.0,2.0,1552,not_young
0.613829308065484,4019.0,4.0,ds4,ds4_4,Schwaches Baumholz,Schwaches Baumholz_4,1.0,0.0,2.0,2.0,4.0,2.0,1553,not_young
1.047950489560317,4020.0,4.0,ds6,ds6_4,Starkes Baumholz,Starkes Baumholz_4,1.0,0.0,2.0,2.0,2.0,2.0,1554,not_young
0.636494002929342,4024.0,4.0,ds4,ds4_4,Schwaches Baumholz,Schwaches Baumholz_4,1.0,0.0,2.0,2.0,2.0,2.0,1555,not_young
1.284258325733815,4025.0,4.0,ds6,ds6_4,Starkes Baumholz,Starkes Baumholz_4,1.0,0.0,2.0,2.0,2.0,2.0,1556,not_young
0.587492186190403,4027.0,4.0,ds4,ds4_4,Schwaches Baumholz,Schwaches Baumholz_4,1.0,0.0,2.0,2.0,4.0,4.0,1557,not_young
2.704247672310344,4033.0,13.0,ds5,ds5_13,Mittleres Baumholz,Mittleres Baumholz_13,1.0,0.0,2.0,2.0,4.0,4.0,1558,not_young
0.646463609110494,4034.0,13.0,ds4,ds4_13,Schwaches Baumholz,Schwaches Baumholz_13,1.0,0.0,2.0,2.0,2.0,2.0,1559,not_young
1.649229868854125,4035.0,4.0,ds5,ds5_4,Mittleres Baumholz,Mittleres Baumholz_4,1.0,0.0,2.0,2.0,2.0,2.0,1560,not_young
0.767941137959203,4036.0,4.0,ds6,ds6_4,Starkes Baumholz,Starkes Baumholz_4,1.0,0.0,2.0,2.0,2.0,2.0,1561,not_young
0.732861084387452,4038.0,13.0,ds6,ds6_13,Starkes Baumholz,Starkes Baumholz_13,1.0,0.0,2.0,2.0,4.0,4.0,1562,not_young
2.45524790498307,4039.0,4.0,ds6,ds6_4,Starkes Baumholz,Starkes Baumholz_4,1.0,0.0,2.0,2.0,2.0,2.0,1563,not_young
0.918399370825065,4040.0,4.0,ds3,ds3_4,Stangenholz,Stangenholz_4,1.0,0.0,2.0,2.0,2.0,2.0,1564,not_young
1.052697257827502,4043.0,4.0,ds5,ds5_4,Mittleres Baumholz,Mittleres Baumholz_4,1.0,0.0,2.0,2.0,4.0,2.0,1565,not_young
1.614557725244573,4044.0,4.0,ds4,ds4_4,Schwaches Baumholz,Schwaches Baumholz_4,1.0,0.0,2.0,2.0,4.0,4.0,1566,not_young
0.712186361371272,4046.0,4.0,ds1,ds1_4,Jungwuchs/Dickung,Jungwuchs/Dickung_4,1.0,0.0,2.0,2.0,2.0,2.0,1567,young
3.824558540987334,4048.0,4.0,ds6,ds6_4,Starkes Baumholz,Starkes Baumholz_4,1.0,0.0,2.0,2.0,4.0,2.0,1568,not_young
1.336164394698665,4050.0,4.0,ds1,ds1_4,Jungwuchs/Dickung,Jungwuchs/Dickung_4,1.0,0.0,2.0,2.0,4.0,2.0,1569,young
0.514365872156015,4052.0,4.0,ds5,ds5_4,Mittleres Baumholz,Mittleres Baumholz_4,1.0,0.0,2.0,2.0,2.0,2.0,1570,not_young
0.543587628146377,4053.0,4.0,ds1,ds1_4,Jungwuchs/Dickung,Jungwuchs/Dickung_4,1.0,0.0,2.0,2.0,2.0,2.0,1571,young
0.934872805156809,4054.0,4.0,ds5,ds5_4,Mittleres Baumholz,Mittleres Baumholz_4,1.0,0.0,2.0,2.0,2.0,2.0,1572,not_young
0.537245880038175,4058.0,4.0,ds6,ds6_4,Starkes Baumholz,Starkes Baumholz_4,1.0,0.0,2.0,2.0,4.0,2.0,1573,not_young
1.205708615392679,4059.0,4.0,ds5,ds5_4,Mittleres Baumholz,Mittleres Baumholz_4,1.0,0.0,2.0,2.0,2.0,2.0,1574,not_young
0.524588809038,4062.0,13.0,ds3,ds3_13,Stangenholz,Stangenholz_13,1.0,0.0,2.0,2.0,4.0,2.0,1575,not_young
0.584570474010982,4065.0,4.0,ds5,ds5_4,Mittleres Baumholz,Mittleres Baumholz_4,1.0,0.0,2.0,2.0,2.0,2.0,1576,not_young
3.296577502405277,4067.0,4.0,ds1,ds1_4,Jungwuchs/Dickung,Jungwuchs/Dickung_4,1.0,0.0,2.0,2.0,4.0,2.0,1577,young
0.973909030247922,4070.0,4.0,ds5,ds5_4,Mittleres Baumholz,Mittleres Baumholz_4,1.0,0.0,2.0,2.0,2.0,2.0,1578,not_young
0.625467545134029,4075.0,4.0,ds5,ds5_4,Mittleres Baumholz,Mittleres Baumholz_4,1.0,0.0,2.0,2.0,2.0,2.0,1579,not_young
0.541418862897425,4077.0,4.0,ds6,ds6_4,Starkes Baumholz,Starkes Baumholz_4,1.0,0.0,2.0,2.0,2.0,2.0,1580,not_young
0.580384368371824,4078.0,13.0,ds6,ds6_13,Starkes Baumholz,Starkes Baumholz_13,1.0,0.0,2.0,2.0,2.0,2.0,1581,not_young
0.709394058563816,4079.0,4.0,ds3,ds3_4,Stangenholz,Stangenholz_4,1.0,0.0,2.0,2.0,2.0,2.0,1582,not_young
1.316090932305536,4080.0,4.0,ds3,ds3_4,Stangenholz,Stangenholz_4,1.0,0.0,2.0,2.0,4.0,2.0,1583,not_young
1.008459822563548,4081.0,4.0,ds5,ds5_4,Mittleres Baumholz,Mittleres Baumholz_4,1.0,0.0,2.0,2.0,4.0,2.0,1584,not_young
0.666687717511668,4082.0,4.0,ds5,ds5_4,Mittleres Baumholz,Mittleres Baumholz_4,1.0,0.0,2.0,2.0,4.0,2.0,1585,not_young
0.645501017890486,4083.0,4.0,ds4,ds4_4,Schwaches Baumholz,Schwaches Baumholz_4,1.0,0.0,2.0,2.0,4.0,4.0,1586,not_young
1.563128852137493,4084.0,13.0,ds6,ds6_13,Starkes Baumholz,Starkes Baumholz_13,1.0,0.0,2.0,2.0,2.0,2.0,1587,not_young
0.50410055937928,4085.0,4.0,ds5,ds5_4,Mittleres Baumholz,Mittleres Baumholz_4,1.0,0.0,2.0,2.0,4.0,2.0,1588,not_young
0.795384085588961,4086.0,4.0,ds4,ds4_4,Schwaches Baumholz,Schwaches Baumholz_4,1.0,0.0,2.0,2.0,2.0,2.0,1589,not_young
0.824235836662515,4087.0,4.0,ds4,ds4_4,Schwaches Baumholz,Schwaches Baumholz_4,1.0,0.0,2.0,2.0,4.0,2.0,1590,not_young
1.119780877510138,4088.0,4.0,ds5,ds5_4,Mittleres Baumholz,Mittleres Baumholz_4,1.0,0.0,2.0,2.0,4.0,2.0,1591,not_young
0.527489043201087,4089.0,4.0,ds4,ds4_4,Schwaches Baumholz,Schwaches Baumholz_4,1.0,0.0,2.0,2.0,2.0,2.0,1592,not_young
0.882430360932867,4090.0,4.0,ds4,ds4_4,Schwaches Baumholz,Schwaches Baumholz_4,1.0,0.0,2.0,2.0,4.0,2.0,1593,not_young
1.520262376238546,4091.0,4.0,ds5,ds5_4,Mittleres Baumholz,Mittleres Baumholz_4,1.0,0.0,2.0,2.0,2.0,2.0,1594,not_young
1.063574843886575,4092.0,4.0,ds4,ds4_4,Schwaches Baumholz,Schwaches Baumholz_4,1.0,0.0,2.0,2.0,2.0,2.0,1595,not_young
6.14553899496654,4093.0,13.0,ds4,ds4_13,Schwaches Baumholz,Schwaches Baumholz_13,1.0,0.0,2.0,2.0,2.0,2.0,1596,not_young
1.870219718997274,4094.0,4.0,ds5,ds5_4,Mittleres Baumholz,Mittleres Baumholz_4,1.0,0.0,2.0,2.0,2.0,2.0,1597,not_young
1.228838590687746,4095.0,4.0,ds5,ds5_4,Mittleres Baumholz,Mittleres Baumholz_4,1.0,0.0,2.0,2.0,4.0,2.0,1598,not_young
1.352670475998253,4096.0,4.0,ds5,ds5_4,Mittleres Baumholz,Mittleres Baumholz_4,1.0,0.0,2.0,2.0,2.0,2.0,1599,not_young
2.955848537929842,4097.0,4.0,ds5,ds5_4,Mittleres Baumholz,Mittleres Baumholz_4,1.0,0.0,2.0,2.0,4.0,4.0,1600,not_young
1.072738537992316,4098.0,4.0,ds5,ds5_4,Mittleres Baumholz,Mittleres Baumholz_4,1.0,0.0,2.0,2.0,4.0,2.0,1601,not_young
3.737533946764341,4099.0,4.0,ds4,ds4_4,Schwaches Baumholz,Schwaches Baumholz_4,1.0,0.0,2.0,2.0,4.0,2.0,1602,not_young
7.066211589701148,4100.0,4.0,ds5,ds5_4,Mittleres Baumholz,Mittleres Baumholz_4,1.0,0.0,2.0,2.0,4.0,2.0,1603,not_young
0.7411666886914,4101.0,4.0,ds5,ds5_4,Mittleres Baumholz,Mittleres Baumholz_4,1.0,0.0,2.0,2.0,2.0,2.0,1604,not_young
2.192508210648835,4102.0,13.0,ds4,ds4_13,Schwaches Baumholz,Schwaches Baumholz_13,1.0,0.0,2.0,2.0,4.0,2.0,1605,not_young
0.967725423773564,4103.0,4.0,ds5,ds5_4,Mittleres Baumholz,Mittleres Baumholz_4,1.0,0.0,2.0,2.0,2.0,2.0,1606,not_young
0.922727163946896,4104.0,4.0,ds5,ds5_4,Mittleres Baumholz,Mittleres Baumholz_4,1.0,0.0,2.0,2.0,4.0,2.0,1607,not_young
1.089668239823915,4105.0,4.0,ds4,ds4_4,Schwaches Baumholz,Schwaches Baumholz_4,1.0,0.0,2.0,2.0,4.0,2.0,1608,not_young
1.099705375675944,4111.0,4.0,ds3,ds3_4,Stangenholz,Stangenholz_4,1.0,0.0,2.0,2.0,2.0,2.0,1609,not_young
0.777363894703076,4114.0,4.0,ds5,ds5_4,Mittleres Baumholz,Mittleres Baumholz_4,1.0,0.0,2.0,2.0,4.0,2.0,1610,not_young
3.035878659101459,4130.0,4.0,ds6,ds6_4,Starkes Baumholz,Starkes Baumholz_4,1.0,0.0,2.0,2.0,2.0,2.0,1611,not_young
0.938711788308714,4137.0,4.0,ds3,ds3_4,Stangenholz,Stangenholz_4,1.0,0.0,2.0,2.0,2.0,2.0,1612,not_young
0.687932538567414,4143.0,4.0,ds1,ds1_4,Jungwuchs/Dickung,Jungwuchs/Dickung_4,1.0,0.0,2.0,2.0,4.0,2.0,1613,young
1.13561559208124,4144.0,4.0,ds4,ds4_4,Schwaches Baumholz,Schwaches Baumholz_4,1.0,0.0,2.0,2.0,2.0,2.0,1614,not_young
1.540660614713636,4145.0,13.0,ds6,ds6_13,Starkes Baumholz,Starkes Baumholz_13,1.0,0.0,2.0,2.0,4.0,2.0,1615,not_young
1.240049418207925,4147.0,4.0,ds4,ds4_4,Schwaches Baumholz,Schwaches Baumholz_4,1.0,0.0,2.0,2.0,2.0,2.0,1616,not_young
1.772723193411064,4149.0,4.0,ds4,ds4_4,Schwaches Baumholz,Schwaches Baumholz_4,1.0,0.0,2.0,2.0,4.0,2.0,1617,not_young
1.840711417879793,4150.0,4.0,ds4,ds4_4,Schwaches Baumholz,Schwaches Baumholz_4,1.0,0.0,2.0,2.0,2.0,2.0,1618,not_young
1.108246891841106,4152.0,4.0,ds6,ds6_4,Starkes Baumholz,Starkes Baumholz_4,1.0,0.0,2.0,2.0,2.0,2.0,1619,not_young
0.567973930011978,4153.0,4.0,ds4,ds4_4,Schwaches Baumholz,Schwaches Baumholz_4,1.0,0.0,2.0,2.0,2.0,2.0,1620,not_young
0.611458333449459,4156.0,4.0,ds4,ds4_4,Schwaches Baumholz,Schwaches Baumholz_4,1.0,0.0,2.0,2.0,2.0,2.0,1621,not_young
1.375041857342463,4157.0,4.0,ds5,ds5_4,Mittleres Baumholz,Mittleres Baumholz_4,1.0,0.0,2.0,2.0,4.0,2.0,1622,not_young
1.434211691879667,4158.0,4.0,ds5,ds5_4,Mittleres Baumholz,Mittleres Baumholz_4,1.0,0.0,2.0,2.0,2.0,2.0,1623,not_young
1.15243439701527,4159.0,4.0,ds2,ds2_4,Jungwuchs/Dickung,Jungwuchs/Dickung_4,1.0,0.0,2.0,2.0,4.0,2.0,1624,young
0.574692552935868,4160.0,4.0,ds2,ds2_4,Jungwuchs/Dickung,Jungwuchs/Dickung_4,1.0,0.0,2.0,2.0,4.0,2.0,1625,young
0.578431615741415,4161.0,4.0,ds3,ds3_4,Stangenholz,Stangenholz_4,1.0,0.0,2.0,2.0,4.0,2.0,1626,not_young
2.562492491176118,4162.0,4.0,ds4,ds4_4,Schwaches Baumholz,Schwaches Baumholz_4,1.0,0.0,2.0,2.0,2.0,2.0,1627,not_young
0.669120648737811,4166.0,13.0,ds5,ds5_13,Mittleres Baumholz,Mittleres Baumholz_13,1.0,0.0,2.0,2.0,2.0,2.0,1628,not_young
1.054311967264954,4175.0,13.0,ds4,ds4_13,Schwaches Baumholz,Schwaches Baumholz_13,1.0,0.0,2.0,2.0,4.0,4.0,1629,not_young
0.630392041482963,4179.0,13.0,ds1,ds1_13,Jungwuchs/Dickung,Jungwuchs/Dickung_13,1.0,0.0,2.0,2.0,2.0,2.0,1630,young
0.710088886783831,4182.0,13.0,ds6,ds6_13,Starkes Baumholz,Starkes Baumholz_13,1.0,0.0,2.0,2.0,2.0,2.0,1631,not_young
0.720844513563253,4230.0,13.0,ds5,ds5_13,Mittleres Baumholz,Mittleres Baumholz_13,1.0,0.0,2.0,2.0,4.0,2.0,1632,not_young
0.510332476468894,4235.0,4.0,ds4,ds4_4,Schwaches Baumholz,Schwaches Baumholz_4,1.0,0.0,2.0,2.0,2.0,2.0,1633,not_young
0.697162810179993,4256.0,4.0,ds1,ds1_4,Jungwuchs/Dickung,Jungwuchs/Dickung_4,1.0,0.0,2.0,2.0,4.0,4.0,1634,young
0.541381239756569,4265.0,4.0,ds3,ds3_4,Stangenholz,Stangenholz_4,1.0,0.0,2.0,2.0,2.0,2.0,1635,not_young
1.138621801716491,4279.0,4.0,ds4,ds4_4,Schwaches Baumholz,Schwaches Baumholz_4,1.0,0.0,2.0,2.0,4.0,2.0,1636,not_young
0.949841139657406,4288.0,13.0,ds5,ds5_13,Mittleres Baumholz,Mittleres Baumholz_13,1.0,0.0,2.0,2.0,4.0,2.0,1637,not_young
0.854295235727564,4293.0,13.0,ds3,ds3_13,Stangenholz,Stangenholz_13,1.0,1.0,1.0,1.0,1.0,1.0,1638,not_young
1.036238174433448,4295.0,13.0,ds6,ds6_13,Starkes Baumholz,Starkes Baumholz_13,1.0,0.0,2.0,2.0,4.0,2.0,1639,not_young
0.532376902288225,4297.0,13.0,ds6,ds6_13,Starkes Baumholz,Starkes Baumholz_13,1.0,0.0,2.0,2.0,4.0,4.0,1640,not_young
0.770306857900228,4301.0,13.0,ds5,ds5_13,Mittleres Baumholz,Mittleres Baumholz_13,1.0,0.0,2.0,2.0,2.0,2.0,1641,not_young
0.636114872058644,4317.0,13.0,ds3,ds3_13,Stangenholz,Stangenholz_13,1.0,1.0,1.0,1.0,1.0,1.0,1642,not_young
1.117714096134715,4330.0,13.0,ds6,ds6_13,Starkes Baumholz,Starkes Baumholz_13,1.0,0.0,2.0,2.0,2.0,2.0,1643,not_young
0.576957728134515,4333.0,4.0,ds5,ds5_4,Mittleres Baumholz,Mittleres Baumholz_4,1.0,0.0,2.0,2.0,4.0,4.0,1644,not_young
2.073882284808907,4334.0,13.0,ds6,ds6_13,Starkes Baumholz,Starkes Baumholz_13,1.0,0.0,2.0,2.0,2.0,2.0,1645,not_young
0.904699452712832,4336.0,13.0,ds5,ds5_13,Mittleres Baumholz,Mittleres Baumholz_13,1.0,0.0,2.0,2.0,2.0,2.0,1646,not_young
1.18424718279769,4337.0,13.0,ds6,ds6_13,Starkes Baumholz,Starkes Baumholz_13,1.0,0.0,2.0,2.0,2.0,2.0,1647,not_young
0.576085435627669,4338.0,13.0,ds5,ds5_13,Mittleres Baumholz,Mittleres Baumholz_13,1.0,0.0,2.0,2.0,4.0,2.0,1648,not_young
0.577523931802924,4339.0,13.0,ds5,ds5_13,Mittleres Baumholz,Mittleres Baumholz_13,1.0,0.0,2.0,2.0,4.0,2.0,1649,not_young
0.688507829216911,4340.0,13.0,ds5,ds5_13,Mittleres Baumholz,Mittleres Baumholz_13,1.0,0.0,2.0,2.0,2.0,2.0,1650,not_young
1.395223744315602,4342.0,4.0,ds3,ds3_4,Stangenholz,Stangenholz_4,1.0,0.0,2.0,2.0,2.0,2.0,1651,not_young
0.915553289142647,4343.0,4.0,ds6,ds6_4,Starkes Baumholz,Starkes Baumholz_4,1.0,0.0,2.0,2.0,2.0,2.0,1652,not_young
0.899909215184263,4344.0,4.0,ds3,ds3_4,Stangenholz,Stangenholz_4,1.0,0.0,2.0,2.0,4.0,4.0,1653,not_young
0.941472405297216,4348.0,4.0,ds5,ds5_4,Mittleres Baumholz,Mittleres Baumholz_4,1.0,0.0,2.0,2.0,2.0,2.0,1654,not_young
0.647601628058084,4356.0,4.0,ds1,ds1_4,Jungwuchs/Dickung,Jungwuchs/Dickung_4,1.0,0.0,2.0,2.0,4.0,2.0,1655,young
0.532243124441753,4357.0,4.0,ds5,ds5_4,Mittleres Baumholz,Mittleres Baumholz_4,1.0,0.0,2.0,2.0,4.0,2.0,1656,not_young
0.506056482648983,4358.0,13.0,ds4,ds4_13,Schwaches Baumholz,Schwaches Baumholz_13,1.0,0.0,2.0,2.0,2.0,2.0,1657,not_young
0.755965837676777,4367.0,4.0,ds5,ds5_4,Mittleres Baumholz,Mittleres Baumholz_4,1.0,0.0,2.0,2.0,2.0,2.0,1658,not_young
0.667651251907687,4371.0,4.0,ds6,ds6_4,Starkes Baumholz,Starkes Baumholz_4,1.0,0.0,2.0,2.0,4.0,4.0,1659,not_young
0.677943414565874,4372.0,4.0,ds1,ds1_4,Jungwuchs/Dickung,Jungwuchs/Dickung_4,1.0,0.0,2.0,2.0,2.0,2.0,1660,young
1.06823930607434,4382.0,13.0,ds4,ds4_13,Schwaches Baumholz,Schwaches Baumholz_13,1.0,1.0,1.0,1.0,1.0,1.0,1661,not_young
0.728079330221808,4393.0,4.0,ds4,ds4_4,Schwaches Baumholz,Schwaches Baumholz_4,1.0,0.0,2.0,2.0,4.0,2.0,1662,not_young
1.706823867141629,4397.0,4.0,ds4,ds4_4,Schwaches Baumholz,Schwaches Baumholz_4,1.0,0.0,2.0,2.0,4.0,4.0,1663,not_young
1.381286726620076,4398.0,4.0,ds4,ds4_4,Schwaches Baumholz,Schwaches Baumholz_4,1.0,0.0,2.0,2.0,2.0,2.0,1664,not_young
1.025018389811891,4399.0,4.0,ds4,ds4_4,Schwaches Baumholz,Schwaches Baumholz_4,1.0,1.0,1.0,1.0,1.0,1.0,1665,not_young
0.760123043697389,4400.0,4.0,ds5,ds5_4,Mittleres Baumholz,Mittleres Baumholz_4,1.0,0.0,2.0,2.0,2.0,2.0,1666,not_young
0.864876053590214,4401.0,4.0,ds2,ds2_4,Jungwuchs/Dickung,Jungwuchs/Dickung_4,1.0,0.0,2.0,2.0,2.0,2.0,1667,young
0.513869907431887,4404.0,13.0,ds3,ds3_13,Stangenholz,Stangenholz_13,1.0,0.0,2.0,2.0,2.0,2.0,1668,not_young
0.709129981010047,4405.0,13.0,ds6,ds6_13,Starkes Baumholz,Starkes Baumholz_13,1.0,0.0,2.0,2.0,4.0,4.0,1669,not_young
0.85994943529942,4406.0,4.0,ds6,ds6_4,Starkes Baumholz,Starkes Baumholz_4,1.0,0.0,2.0,2.0,4.0,4.0,1670,not_young
0.804771918508881,4407.0,4.0,ds5,ds5_4,Mittleres Baumholz,Mittleres Baumholz_4,1.0,0.0,2.0,2.0,2.0,2.0,1671,not_young
0.615585727975285,4408.0,4.0,ds4,ds4_4,Schwaches Baumholz,Schwaches Baumholz_4,1.0,0.0,2.0,2.0,4.0,4.0,1672,not_young
0.899396876851283,4409.0,4.0,ds4,ds4_4,Schwaches Baumholz,Schwaches Baumholz_4,1.0,0.0,2.0,2.0,4.0,2.0,1673,not_young
1.253119135503558,4410.0,13.0,ds2,ds2_13,Jungwuchs/Dickung,Jungwuchs/Dickung_13,1.0,0.0,2.0,2.0,2.0,2.0,1674,young
0.965209793157689,4411.0,4.0,ds4,ds4_4,Schwaches Baumholz,Schwaches Baumholz_4,1.0,0.0,2.0,2.0,2.0,2.0,1675,not_young
0.96893360757381,4412.0,13.0,ds5,ds5_13,Mittleres Baumholz,Mittleres Baumholz_13,1.0,0.0,2.0,2.0,4.0,2.0,1676,not_young
0.628938414974255,4414.0,13.0,ds5,ds5_13,Mittleres Baumholz,Mittleres Baumholz_13,1.0,0.0,2.0,2.0,4.0,4.0,1677,not_young
0.640291609771419,4417.0,4.0,ds6,ds6_4,Starkes Baumholz,Starkes Baumholz_4,1.0,0.0,2.0,2.0,4.0,4.0,1678,not_young
0.775520572436811,4419.0,4.0,ds1,ds1_4,Jungwuchs/Dickung,Jungwuchs/Dickung_4,1.0,0.0,2.0,2.0,2.0,2.0,1679,young
0.709506622278504,4423.0,13.0,ds4,ds4_13,Schwaches Baumholz,Schwaches Baumholz_13,1.0,0.0,2.0,2.0,2.0,2.0,1680,not_young
0.504789383336213,4429.0,4.0,ds4,ds4_4,Schwaches Baumholz,Schwaches Baumholz_4,1.0,0.0,2.0,2.0,4.0,2.0,1681,not_young
0.560444452068015,4432.0,4.0,ds4,ds4_4,Schwaches Baumholz,Schwaches Baumholz_4,1.0,0.0,2.0,2.0,4.0,4.0,1682,not_young
0.629172682509868,4433.0,4.0,ds5,ds5_4,Mittleres Baumholz,Mittleres Baumholz_4,1.0,0.0,2.0,2.0,2.0,2.0,1683,not_young
0.821334253878263,4435.0,13.0,ds6,ds6_13,Starkes Baumholz,Starkes Baumholz_13,1.0,0.0,2.0,2.0,4.0,2.0,1684,not_young
0.50473378326394,4436.0,13.0,ds5,ds5_13,Mittleres Baumholz,Mittleres Baumholz_13,1.0,0.0,2.0,2.0,2.0,2.0,1685,not_young
0.759541639205342,4437.0,4.0,ds5,ds5_4,Mittleres Baumholz,Mittleres Baumholz_4,1.0,0.0,2.0,2.0,2.0,2.0,1686,not_young
2.330922636735859,4441.0,13.0,ds6,ds6_13,Starkes Baumholz,Starkes Baumholz_13,1.0,0.0,2.0,2.0,2.0,2.0,1687,not_young
0.524314316968806,4442.0,13.0,ds4,ds4_13,Schwaches Baumholz,Schwaches Baumholz_13,1.0,0.0,2.0,2.0,4.0,2.0,1688,not_young
0.665130543291883,4445.0,4.0,ds5,ds5_4,Mittleres Baumholz,Mittleres Baumholz_4,1.0,0.0,2.0,2.0,4.0,2.0,1689,not_young
0.587242829438203,4446.0,13.0,ds6,ds6_13,Starkes Baumholz,Starkes Baumholz_13,1.0,0.0,2.0,2.0,2.0,2.0,1690,not_young
1.177021423083125,4449.0,13.0,ds4,ds4_13,Schwaches Baumholz,Schwaches Baumholz_13,1.0,0.0,2.0,2.0,4.0,4.0,1691,not_young
0.633827170838395,4451.0,4.0,ds3,ds3_4,Stangenholz,Stangenholz_4,1.0,0.0,2.0,2.0,2.0,2.0,1692,not_young
1.709775482003414,4455.0,13.0,ds6,ds6_13,Starkes Baumholz,Starkes Baumholz_13,1.0,0.0,2.0,2.0,2.0,2.0,1693,not_young
0.50326695777693,4456.0,4.0,ds5,ds5_4,Mittleres Baumholz,Mittleres Baumholz_4,1.0,0.0,2.0,2.0,2.0,2.0,1694,not_young
0.670985868217594,4461.0,13.0,ds5,ds5_13,Mittleres Baumholz,Mittleres Baumholz_13,1.0,0.0,2.0,2.0,2.0,2.0,1695,not_young
0.544411328384629,4462.0,4.0,ds3,ds3_4,Stangenholz,Stangenholz_4,1.0,0.0,2.0,2.0,4.0,4.0,1696,not_young
0.558360790408401,4463.0,4.0,ds1,ds1_4,Jungwuchs/Dickung,Jungwuchs/Dickung_4,1.0,0.0,2.0,2.0,2.0,2.0,1697,young
0.53994537061078,4464.0,13.0,ds4,ds4_13,Schwaches Baumholz,Schwaches Baumholz_13,1.0,0.0,2.0,2.0,2.0,2.0,1698,not_young
5.264832662410144,4466.0,4.0,ds5,ds5_4,Mittleres Baumholz,Mittleres Baumholz_4,1.0,0.0,2.0,2.0,2.0,2.0,1699,not_young
0.935440778614054,4467.0,13.0,ds5,ds5_13,Mittleres Baumholz,Mittleres Baumholz_13,1.0,0.0,2.0,2.0,2.0,2.0,1700,not_young
0.986354646784023,4468.0,4.0,ds3,ds3_4,Stangenholz,Stangenholz_4,1.0,0.0,2.0,2.0,2.0,2.0,1701,not_young
1.539659905329044,4469.0,4.0,ds4,ds4_4,Schwaches Baumholz,Schwaches Baumholz_4,1.0,1.0,1.0,1.0,1.0,1.0,1702,not_young
0.550742791460757,4470.0,4.0,ds5,ds5_4,Mittleres Baumholz,Mittleres Baumholz_4,1.0,0.0,2.0,2.0,4.0,2.0,1703,not_young
2.541227041977644,4471.0,4.0,ds5,ds5_4,Mittleres Baumholz,Mittleres Baumholz_4,1.0,0.0,2.0,2.0,2.0,2.0,1704,not_young
1.096164161112026,4472.0,4.0,ds5,ds5_4,Mittleres Baumholz,Mittleres Baumholz_4,1.0,1.0,1.0,1.0,1.0,1.0,1705,not_young
2.501998173607045,4473.0,4.0,ds5,ds5_4,Mittleres Baumholz,Mittleres Baumholz_4,1.0,0.0,2.0,2.0,2.0,2.0,1706,not_young
1.618357837825766,4474.0,4.0,ds4,ds4_4,Schwaches Baumholz,Schwaches Baumholz_4,1.0,0.0,2.0,2.0,2.0,2.0,1707,not_young
1.393809429583547,4475.0,13.0,ds4,ds4_13,Schwaches Baumholz,Schwaches Baumholz_13,1.0,0.0,2.0,2.0,4.0,2.0,1708,not_young
0.547609182903363,4476.0,4.0,ds4,ds4_4,Schwaches Baumholz,Schwaches Baumholz_4,1.0,0.0,2.0,2.0,2.0,2.0,1709,not_young
0.751677319788255,4477.0,4.0,ds2,ds2_4,Jungwuchs/Dickung,Jungwuchs/Dickung_4,1.0,0.0,2.0,2.0,2.0,2.0,1710,young
3.090440667432232,4478.0,13.0,ds5,ds5_13,Mittleres Baumholz,Mittleres Baumholz_13,1.0,0.0,2.0,2.0,4.0,4.0,1711,not_young
1.397336815348239,4479.0,13.0,ds2,ds2_13,Jungwuchs/Dickung,Jungwuchs/Dickung_13,1.0,0.0,2.0,2.0,2.0,2.0,1712,young
3.375726862128309,4480.0,4.0,ds5,ds5_4,Mittleres Baumholz,Mittleres Baumholz_4,1.0,0.0,2.0,2.0,4.0,2.0,1713,not_young
0.517131671168719,4483.0,4.0,ds4,ds4_4,Schwaches Baumholz,Schwaches Baumholz_4,1.0,0.0,2.0,2.0,4.0,4.0,1714,not_young
0.736983035421725,4484.0,13.0,ds5,ds5_13,Mittleres Baumholz,Mittleres Baumholz_13,1.0,0.0,2.0,2.0,2.0,2.0,1715,not_young
1.217542501117254,4490.0,13.0,ds4,ds4_13,Schwaches Baumholz,Schwaches Baumholz_13,1.0,0.0,2.0,2.0,2.0,2.0,1716,not_young
0.625573390337097,4509.0,13.0,ds5,ds5_13,Mittleres Baumholz,Mittleres Baumholz_13,1.0,0.0,2.0,2.0,2.0,2.0,1717,not_young
0.796066209482495,4518.0,4.0,ds4,ds4_4,Schwaches Baumholz,Schwaches Baumholz_4,1.0,0.0,2.0,2.0,4.0,2.0,1718,not_young
0.581784981697425,4519.0,4.0,ds6,ds6_4,Starkes Baumholz,Starkes Baumholz_4,1.0,0.0,2.0,2.0,4.0,2.0,1719,not_young
0.787665757685853,4523.0,4.0,ds5,ds5_4,Mittleres Baumholz,Mittleres Baumholz_4,1.0,0.0,2.0,2.0,2.0,2.0,1720,not_young
0.61417001437688,4531.0,4.0,ds2,ds2_4,Jungwuchs/Dickung,Jungwuchs/Dickung_4,1.0,0.0,2.0,2.0,2.0,2.0,1721,young
0.50019485592274,4532.0,4.0,ds3,ds3_4,Stangenholz,Stangenholz_4,1.0,0.0,2.0,2.0,2.0,2.0,1722,not_young
0.936371402148996,4534.0,4.0,ds5,ds5_4,Mittleres Baumholz,Mittleres Baumholz_4,1.0,0.0,2.0,2.0,4.0,4.0,1723,not_young
1.474458085022401,4538.0,4.0,ds3,ds3_4,Stangenholz,Stangenholz_4,1.0,0.0,2.0,2.0,2.0,2.0,1724,not_young
1.68726228464297,4541.0,4.0,ds5,ds5_4,Mittleres Baumholz,Mittleres Baumholz_4,1.0,0.0,2.0,2.0,2.0,2.0,1725,not_young
0.750486997244059,4552.0,4.0,ds1,ds1_4,Jungwuchs/Dickung,Jungwuchs/Dickung_4,1.0,0.0,2.0,2.0,2.0,2.0,1726,young
1.908781727625919,4556.0,4.0,ds6,ds6_4,Starkes Baumholz,Starkes Baumholz_4,1.0,0.0,2.0,2.0,4.0,4.0,1727,not_young
2.477050791678833,4557.0,4.0,ds4,ds4_4,Schwaches Baumholz,Schwaches Baumholz_4,1.0,0.0,2.0,2.0,2.0,2.0,1728,not_young
1.223029758321691,4558.0,4.0,ds4,ds4_4,Schwaches Baumholz,Schwaches Baumholz_4,1.0,0.0,2.0,2.0,2.0,2.0,1729,not_young
3.018278286078712,4559.0,4.0,ds4,ds4_4,Schwaches Baumholz,Schwaches Baumholz_4,1.0,0.0,2.0,2.0,2.0,2.0,1730,not_young
1.814264702589977,4563.0,4.0,ds4,ds4_4,Schwaches Baumholz,Schwaches Baumholz_4,1.0,0.0,2.0,2.0,2.0,2.0,1731,not_young
0.681418181773834,4566.0,13.0,ds1,ds1_13,Jungwuchs/Dickung,Jungwuchs/Dickung_13,1.0,0.0,2.0,2.0,4.0,2.0,1732,young
0.54251147350003,4569.0,4.0,ds5,ds5_4,Mittleres Baumholz,Mittleres Baumholz_4,1.0,0.0,2.0,2.0,2.0,2.0,1733,not_young
0.675393911161507,4571.0,13.0,ds6,ds6_13,Starkes Baumholz,Starkes Baumholz_13,1.0,0.0,2.0,2.0,4.0,4.0,1734,not_young
2.936727782918467,4572.0,13.0,ds3,ds3_13,Stangenholz,Stangenholz_13,1.0,0.0,2.0,2.0,2.0,2.0,1735,not_young
1.223016374297708,4573.0,13.0,ds6,ds6_13,Starkes Baumholz,Starkes Baumholz_13,1.0,0.0,2.0,2.0,2.0,2.0,1736,not_young
1.470947925486719,4575.0,13.0,ds6,ds6_13,Starkes Baumholz,Starkes Baumholz_13,1.0,0.0,2.0,2.0,2.0,2.0,1737,not_young
1.53304288796561,4580.0,13.0,ds4,ds4_13,Schwaches Baumholz,Schwaches Baumholz_13,1.0,0.0,2.0,2.0,2.0,2.0,1738,not_young
0.520633726061275,4584.0,4.0,ds5,ds5_4,Mittleres Baumholz,Mittleres Baumholz_4,1.0,0.0,2.0,2.0,2.0,2.0,1739,not_young
0.85554615195989,4587.0,4.0,ds3,ds3_4,Stangenholz,Stangenholz_4,1.0,0.0,2.0,2.0,4.0,2.0,1740,not_young
1.059785308011707,4590.0,13.0,ds2,ds2_13,Jungwuchs/Dickung,Jungwuchs/Dickung_13,1.0,0.0,2.0,2.0,2.0,2.0,1741,young
3.439460754763483,4593.0,4.0,ds3,ds3_4,Stangenholz,Stangenholz_4,1.0,0.0,2.0,2.0,2.0,2.0,1742,not_young
1.636680201873207,4595.0,4.0,ds3,ds3_4,Stangenholz,Stangenholz_4,1.0,0.0,2.0,2.0,2.0,2.0,1743,not_young
1.464061697114198,4596.0,13.0,ds5,ds5_13,Mittleres Baumholz,Mittleres Baumholz_13,1.0,0.0,2.0,2.0,2.0,2.0,1744,not_young
0.524737785470369,4598.0,13.0,ds4,ds4_13,Schwaches Baumholz,Schwaches Baumholz_13,1.0,0.0,2.0,2.0,4.0,2.0,1745,not_young
0.962598683757591,4599.0,13.0,ds2,ds2_13,Jungwuchs/Dickung,Jungwuchs/Dickung_13,1.0,0.0,2.0,2.0,2.0,2.0,1746,young
0.554700202006486,4600.0,13.0,ds4,ds4_13,Schwaches Baumholz,Schwaches Baumholz_13,1.0,0.0,2.0,2.0,2.0,2.0,1747,not_young
1.284803137140062,4602.0,4.0,ds4,ds4_4,Schwaches Baumholz,Schwaches Baumholz_4,1.0,0.0,2.0,2.0,2.0,2.0,1748,not_young
0.737231129581621,4603.0,13.0,ds4,ds4_13,Schwaches Baumholz,Schwaches Baumholz_13,1.0,0.0,2.0,2.0,4.0,4.0,1749,not_young
2.954178017142866,4609.0,4.0,ds4,ds4_4,Schwaches Baumholz,Schwaches Baumholz_4,1.0,0.0,2.0,2.0,2.0,2.0,1750,not_young
0.651921308141341,4610.0,13.0,ds4,ds4_13,Schwaches Baumholz,Schwaches Baumholz_13,1.0,0.0,2.0,2.0,2.0,2.0,1751,not_young
0.636288190478645,4611.0,4.0,ds4,ds4_4,Schwaches Baumholz,Schwaches Baumholz_4,1.0,0.0,2.0,2.0,4.0,2.0,1752,not_young
0.662705599306931,4612.0,4.0,ds5,ds5_4,Mittleres Baumholz,Mittleres Baumholz_4,1.0,0.0,2.0,2.0,2.0,2.0,1753,not_young
0.515054055818426,4617.0,13.0,ds4,ds4_13,Schwaches Baumholz,Schwaches Baumholz_13,1.0,0.0,2.0,2.0,2.0,2.0,1754,not_young
0.745831204823498,4620.0,4.0,ds5,ds5_4,Mittleres Baumholz,Mittleres Baumholz_4,1.0,0.0,2.0,2.0,2.0,2.0,1755,not_young
0.941327440608048,4621.0,4.0,ds4,ds4_4,Schwaches Baumholz,Schwaches Baumholz_4,1.0,0.0,2.0,2.0,4.0,2.0,1756,not_young
1.757294993458269,4625.0,4.0,ds4,ds4_4,Schwaches Baumholz,Schwaches Baumholz_4,1.0,0.0,2.0,2.0,2.0,2.0,1757,not_young
0.694953669795767,4626.0,4.0,ds4,ds4_4,Schwaches Baumholz,Schwaches Baumholz_4,1.0,0.0,2.0,2.0,2.0,2.0,1758,not_young
1.739162144106644,4627.0,13.0,ds5,ds5_13,Mittleres Baumholz,Mittleres Baumholz_13,1.0,0.0,2.0,2.0,4.0,2.0,1759,not_young
1.844331381468859,4628.0,4.0,ds2,ds2_4,Jungwuchs/Dickung,Jungwuchs/Dickung_4,1.0,0.0,2.0,2.0,2.0,2.0,1760,young
3.626664892641062,4629.0,4.0,ds6,ds6_4,Starkes Baumholz,Starkes Baumholz_4,1.0,0.0,2.0,2.0,2.0,2.0,1761,not_young
0.971482682085352,4630.0,4.0,ds5,ds5_4,Mittleres Baumholz,Mittleres Baumholz_4,1.0,0.0,2.0,2.0,2.0,2.0,1762,not_young
0.898599082279031,4631.0,4.0,ds3,ds3_4,Stangenholz,Stangenholz_4,1.0,0.0,2.0,2.0,2.0,2.0,1763,not_young
5.058383771108498,4632.0,13.0,ds5,ds5_13,Mittleres Baumholz,Mittleres Baumholz_13,1.0,0.0,2.0,2.0,2.0,2.0,1764,not_young
1.721135060408028,4633.0,4.0,ds4,ds4_4,Schwaches Baumholz,Schwaches Baumholz_4,1.0,0.0,2.0,2.0,2.0,2.0,1765,not_young
0.835191910728253,4635.0,4.0,ds4,ds4_4,Schwaches Baumholz,Schwaches Baumholz_4,1.0,0.0,2.0,2.0,4.0,2.0,1766,not_young
0.553459320992511,4638.0,13.0,ds5,ds5_13,Mittleres Baumholz,Mittleres Baumholz_13,1.0,0.0,2.0,2.0,4.0,2.0,1767,not_young
0.509353439830942,4640.0,13.0,ds3,ds3_13,Stangenholz,Stangenholz_13,1.0,0.0,2.0,2.0,2.0,2.0,1768,not_young
0.762041000325256,4648.0,4.0,ds3,ds3_4,Stangenholz,Stangenholz_4,1.0,0.0,2.0,2.0,2.0,2.0,1769,not_young
0.587008293871547,4653.0,4.0,ds3,ds3_4,Stangenholz,Stangenholz_4,1.0,0.0,2.0,2.0,4.0,4.0,1770,not_young
0.595049231165665,4655.0,13.0,ds4,ds4_13,Schwaches Baumholz,Schwaches Baumholz_13,1.0,0.0,2.0,2.0,2.0,2.0,1771,not_young
1.24912000979539,4656.0,4.0,ds2,ds2_4,Jungwuchs/Dickung,Jungwuchs/Dickung_4,1.0,0.0,2.0,2.0,4.0,2.0,1772,young
0.582842547597364,4657.0,13.0,ds4,ds4_13,Schwaches Baumholz,Schwaches Baumholz_13,1.0,0.0,2.0,2.0,2.0,2.0,1773,not_young
1.183384127352573,4660.0,13.0,ds4,ds4_13,Schwaches Baumholz,Schwaches Baumholz_13,1.0,0.0,2.0,2.0,4.0,4.0,1774,not_young
1.028950337494252,4662.0,13.0,ds4,ds4_13,Schwaches Baumholz,Schwaches Baumholz_13,1.0,0.0,2.0,2.0,2.0,2.0,1775,not_young
1.118533808083172,4664.0,4.0,ds3,ds3_4,Stangenholz,Stangenholz_4,1.0,0.0,2.0,2.0,4.0,2.0,1776,not_young
0.901801241737558,4666.0,13.0,ds5,ds5_13,Mittleres Baumholz,Mittleres Baumholz_13,1.0,0.0,2.0,2.0,2.0,2.0,1777,not_young
0.652396884603798,4668.0,13.0,ds4,ds4_13,Schwaches Baumholz,Schwaches Baumholz_13,1.0,0.0,2.0,2.0,2.0,2.0,1778,not_young
0.89637918937651,4669.0,13.0,ds4,ds4_13,Schwaches Baumholz,Schwaches Baumholz_13,1.0,0.0,2.0,2.0,2.0,2.0,1779,not_young
0.683497452650376,4671.0,13.0,ds6,ds6_13,Starkes Baumholz,Starkes Baumholz_13,1.0,0.0,2.0,2.0,4.0,4.0,1780,not_young
0.744805114293954,4672.0,4.0,ds4,ds4_4,Schwaches Baumholz,Schwaches Baumholz_4,1.0,0.0,2.0,2.0,4.0,4.0,1781,not_young
0.537256073926354,4673.0,4.0,ds3,ds3_4,Stangenholz,Stangenholz_4,1.0,0.0,2.0,2.0,4.0,4.0,1782,not_young
0.935351782074268,4674.0,4.0,ds4,ds4_4,Schwaches Baumholz,Schwaches Baumholz_4,1.0,0.0,2.0,2.0,2.0,2.0,1783,not_young
0.913798765142728,4681.0,13.0,ds2,ds2_13,Jungwuchs/Dickung,Jungwuchs/Dickung_13,1.0,0.0,2.0,2.0,4.0,4.0,1784,young
3.247732771738869,4682.0,13.0,ds5,ds5_13,Mittleres Baumholz,Mittleres Baumholz_13,1.0,0.0,2.0,2.0,4.0,4.0,1785,not_young
0.558551617240952,4683.0,13.0,ds4,ds4_13,Schwaches Baumholz,Schwaches Baumholz_13,1.0,0.0,2.0,2.0,2.0,2.0,1786,not_young
0.665945060941195,4684.0,13.0,ds4,ds4_13,Schwaches Baumholz,Schwaches Baumholz_13,1.0,0.0,2.0,2.0,4.0,4.0,1787,not_young
0.605290568483458,4713.0,4.0,ds5,ds5_4,Mittleres Baumholz,Mittleres Baumholz_4,1.0,0.0,2.0,2.0,4.0,4.0,1788,not_young
0.590439931619661,4718.0,4.0,ds5,ds5_4,Mittleres Baumholz,Mittleres Baumholz_4,1.0,0.0,2.0,2.0,2.0,2.0,1789,not_young
0.593887400656043,4723.0,4.0,ds6,ds6_4,Starkes Baumholz,Starkes Baumholz_4,1.0,0.0,2.0,2.0,2.0,2.0,1790,not_young
0.86997713770885,4726.0,13.0,ds5,ds5_13,Mittleres Baumholz,Mittleres Baumholz_13,1.0,0.0,2.0,2.0,4.0,4.0,1791,not_young
0.63721518924979,4729.0,4.0,ds4,ds4_4,Schwaches Baumholz,Schwaches Baumholz_4,1.0,0.0,2.0,2.0,2.0,2.0,1792,not_young
2.387445123703592,4731.0,4.0,ds6,ds6_4,Starkes Baumholz,Starkes Baumholz_4,1.0,0.0,2.0,2.0,2.0,2.0,1793,not_young
0.536185326169617,4737.0,4.0,ds6,ds6_4,Starkes Baumholz,Starkes Baumholz_4,1.0,0.0,2.0,2.0,2.0,2.0,1794,not_young
0.547683214302268,4741.0,4.0,ds3,ds3_4,Stangenholz,Stangenholz_4,1.0,0.0,2.0,2.0,4.0,2.0,1795,not_young
0.630887509936589,4742.0,4.0,ds4,ds4_4,Schwaches Baumholz,Schwaches Baumholz_4,1.0,0.0,2.0,2.0,2.0,2.0,1796,not_young
1.182558554977976,4743.0,4.0,ds5,ds5_4,Mittleres Baumholz,Mittleres Baumholz_4,1.0,0.0,2.0,2.0,4.0,2.0,1797,not_young
0.575276908957548,4745.0,13.0,ds6,ds6_13,Starkes Baumholz,Starkes Baumholz_13,1.0,0.0,2.0,2.0,4.0,2.0,1798,not_young
0.511371282466431,4747.0,4.0,ds3,ds3_4,Stangenholz,Stangenholz_4,1.0,0.0,2.0,2.0,2.0,2.0,1799,not_young
0.52810631545661,4752.0,13.0,ds6,ds6_13,Starkes Baumholz,Starkes Baumholz_13,1.0,0.0,2.0,2.0,2.0,2.0,1800,not_young
0.560698040364403,4757.0,13.0,ds6,ds6_13,Starkes Baumholz,Starkes Baumholz_13,1.0,0.0,2.0,2.0,2.0,2.0,1801,not_young
0.585785043433448,4760.0,4.0,ds6,ds6_4,Starkes Baumholz,Starkes Baumholz_4,1.0,0.0,2.0,2.0,4.0,2.0,1802,not_young
0.654471114602406,4762.0,4.0,ds2,ds2_4,Jungwuchs/Dickung,Jungwuchs/Dickung_4,1.0,0.0,2.0,2.0,2.0,2.0,1803,young
2.612884240731347,4763.0,4.0,ds1,ds1_4,Jungwuchs/Dickung,Jungwuchs/Dickung_4,1.0,0.0,2.0,2.0,2.0,2.0,1804,young
0.550901017946884,4764.0,4.0,ds5,ds5_4,Mittleres Baumholz,Mittleres Baumholz_4,1.0,0.0,2.0,2.0,2.0,2.0,1805,not_young
1.532366491671126,4765.0,4.0,ds2,ds2_4,Jungwuchs/Dickung,Jungwuchs/Dickung_4,1.0,0.0,2.0,2.0,2.0,2.0,1806,young
0.590904418770655,4766.0,4.0,ds5,ds5_4,Mittleres Baumholz,Mittleres Baumholz_4,1.0,0.0,2.0,2.0,4.0,2.0,1807,not_young
0.923646411100472,4767.0,4.0,ds4,ds4_4,Schwaches Baumholz,Schwaches Baumholz_4,1.0,0.0,2.0,2.0,2.0,2.0,1808,not_young
1.811703120810913,4768.0,4.0,ds1,ds1_4,Jungwuchs/Dickung,Jungwuchs/Dickung_4,1.0,0.0,2.0,2.0,2.0,2.0,1809,young
0.7022921643871,4770.0,4.0,ds5,ds5_4,Mittleres Baumholz,Mittleres Baumholz_4,1.0,0.0,2.0,2.0,2.0,2.0,1810,not_young
1.012886241511404,4788.0,13.0,ds5,ds5_13,Mittleres Baumholz,Mittleres Baumholz_13,1.0,0.0,2.0,2.0,4.0,4.0,1811,not_young
0.584424860862829,4799.0,4.0,ds2,ds2_4,Jungwuchs/Dickung,Jungwuchs/Dickung_4,1.0,0.0,2.0,2.0,2.0,2.0,1812,young
1.209634449298398,4814.0,13.0,ds6,ds6_13,Starkes Baumholz,Starkes Baumholz_13,1.0,0.0,2.0,2.0,4.0,2.0,1813,not_young
0.693315794750769,4816.0,4.0,ds4,ds4_4,Schwaches Baumholz,Schwaches Baumholz_4,1.0,0.0,2.0,2.0,2.0,2.0,1814,not_young
1.496552333791409,4818.0,4.0,ds5,ds5_4,Mittleres Baumholz,Mittleres Baumholz_4,1.0,0.0,2.0,2.0,2.0,2.0,1815,not_young
0.606964448379201,4822.0,4.0,ds1,ds1_4,Jungwuchs/Dickung,Jungwuchs/Dickung_4,1.0,0.0,2.0,2.0,2.0,2.0,1816,young
0.548691719481861,4827.0,4.0,ds4,ds4_4,Schwaches Baumholz,Schwaches Baumholz_4,1.0,0.0,2.0,2.0,4.0,4.0,1817,not_young
0.676483886289131,4828.0,13.0,ds5,ds5_13,Mittleres Baumholz,Mittleres Baumholz_13,1.0,0.0,2.0,2.0,4.0,2.0,1818,not_young
2.145279434195301,4836.0,4.0,ds4,ds4_4,Schwaches Baumholz,Schwaches Baumholz_4,1.0,0.0,2.0,2.0,2.0,2.0,1819,not_young
1.36454724149254,4837.0,4.0,ds4,ds4_4,Schwaches Baumholz,Schwaches Baumholz_4,1.0,0.0,2.0,2.0,2.0,2.0,1820,not_young
0.590989337308249,4838.0,4.0,ds5,ds5_4,Mittleres Baumholz,Mittleres Baumholz_4,1.0,0.0,2.0,2.0,2.0,2.0,1821,not_young
1.649037544182211,4839.0,4.0,ds6,ds6_4,Starkes Baumholz,Starkes Baumholz_4,1.0,0.0,2.0,2.0,2.0,2.0,1822,not_young
2.580404056748009,4842.0,4.0,ds5,ds5_4,Mittleres Baumholz,Mittleres Baumholz_4,1.0,0.0,2.0,2.0,4.0,4.0,1823,not_young
0.621820710693742,4845.0,4.0,ds4,ds4_4,Schwaches Baumholz,Schwaches Baumholz_4,1.0,0.0,2.0,2.0,2.0,2.0,1824,not_young
0.712374463913648,4846.0,13.0,ds5,ds5_13,Mittleres Baumholz,Mittleres Baumholz_13,1.0,0.0,2.0,2.0,2.0,2.0,1825,not_young
1.376956338810263,4847.0,4.0,ds4,ds4_4,Schwaches Baumholz,Schwaches Baumholz_4,1.0,0.0,2.0,2.0,2.0,2.0,1826,not_young
0.569252708253823,4849.0,4.0,ds3,ds3_4,Stangenholz,Stangenholz_4,1.0,0.0,2.0,2.0,4.0,2.0,1827,not_young
1.369572928587953,4856.0,13.0,ds4,ds4_13,Schwaches Baumholz,Schwaches Baumholz_13,1.0,0.0,2.0,2.0,4.0,2.0,1828,not_young
4.088807656480675,4858.0,4.0,ds1,ds1_4,Jungwuchs/Dickung,Jungwuchs/Dickung_4,1.0,0.0,2.0,2.0,4.0,2.0,1829,young
2.425188849754073,4859.0,4.0,ds6,ds6_4,Starkes Baumholz,Starkes Baumholz_4,1.0,0.0,2.0,2.0,2.0,2.0,1830,not_young
1.544504244498993,4861.0,4.0,ds4,ds4_4,Schwaches Baumholz,Schwaches Baumholz_4,1.0,0.0,2.0,2.0,2.0,2.0,1831,not_young
0.558412291853922,4862.0,4.0,ds4,ds4_4,Schwaches Baumholz,Schwaches Baumholz_4,1.0,0.0,2.0,2.0,2.0,2.0,1832,not_young
1.154862245436804,4863.0,4.0,ds4,ds4_4,Schwaches Baumholz,Schwaches Baumholz_4,1.0,0.0,2.0,2.0,4.0,2.0,1833,not_young
0.724001116635776,4868.0,4.0,ds4,ds4_4,Schwaches Baumholz,Schwaches Baumholz_4,1.0,0.0,2.0,2.0,2.0,2.0,1834,not_young
0.584780802132494,4869.0,4.0,ds4,ds4_4,Schwaches Baumholz,Schwaches Baumholz_4,1.0,0.0,2.0,2.0,2.0,2.0,1835,not_young
0.5005557260298,4870.0,4.0,ds5,ds5_4,Mittleres Baumholz,Mittleres Baumholz_4,1.0,0.0,2.0,2.0,4.0,2.0,1836,not_young
0.81732111719285,4871.0,4.0,ds3,ds3_4,Stangenholz,Stangenholz_4,1.0,0.0,2.0,2.0,2.0,2.0,1837,not_young
1.234052867771616,4872.0,13.0,ds6,ds6_13,Starkes Baumholz,Starkes Baumholz_13,1.0,0.0,2.0,2.0,2.0,2.0,1838,not_young
2.171733764743189,4878.0,4.0,ds4,ds4_4,Schwaches Baumholz,Schwaches Baumholz_4,1.0,0.0,2.0,2.0,2.0,2.0,1839,not_young
0.559800624065148,4879.0,4.0,ds3,ds3_4,Stangenholz,Stangenholz_4,1.0,0.0,2.0,2.0,4.0,2.0,1840,not_young
1.327226388954744,4880.0,13.0,ds6,ds6_13,Starkes Baumholz,Starkes Baumholz_13,1.0,0.0,2.0,2.0,4.0,2.0,1841,not_young
0.518195876456023,4881.0,13.0,ds5,ds5_13,Mittleres Baumholz,Mittleres Baumholz_13,1.0,0.0,2.0,2.0,4.0,2.0,1842,not_young
0.562964864394951,4883.0,13.0,ds4,ds4_13,Schwaches Baumholz,Schwaches Baumholz_13,1.0,0.0,2.0,2.0,2.0,2.0,1843,not_young
0.7102816627305,4885.0,4.0,ds6,ds6_4,Starkes Baumholz,Starkes Baumholz_4,1.0,0.0,2.0,2.0,2.0,2.0,1844,not_young
0.656284226221152,4889.0,13.0,ds4,ds4_13,Schwaches Baumholz,Schwaches Baumholz_13,1.0,0.0,2.0,2.0,2.0,2.0,1845,not_young
0.511590953764692,4890.0,4.0,ds1,ds1_4,Jungwuchs/Dickung,Jungwuchs/Dickung_4,1.0,0.0,2.0,2.0,2.0,2.0,1846,young
0.928855577140336,4892.0,13.0,ds6,ds6_13,Starkes Baumholz,Starkes Baumholz_13,1.0,0.0,2.0,2.0,2.0,2.0,1847,not_young
0.71642375724756,4893.0,13.0,ds4,ds4_13,Schwaches Baumholz,Schwaches Baumholz_13,1.0,0.0,2.0,2.0,2.0,2.0,1848,not_young
0.999328131064973,4894.0,4.0,ds4,ds4_4,Schwaches Baumholz,Schwaches Baumholz_4,1.0,0.0,2.0,2.0,4.0,2.0,1849,not_young
0.949050386034651,4895.0,13.0,ds6,ds6_13,Starkes Baumholz,Starkes Baumholz_13,1.0,0.0,2.0,2.0,2.0,2.0,1850,not_young
2.319445129552763,4896.0,13.0,ds4,ds4_13,Schwaches Baumholz,Schwaches Baumholz_13,1.0,0.0,2.0,2.0,2.0,2.0,1851,not_young
1.454016669282827,4897.0,4.0,ds5,ds5_4,Mittleres Baumholz,Mittleres Baumholz_4,1.0,0.0,2.0,2.0,2.0,2.0,1852,not_young
0.619492178518791,4898.0,4.0,ds3,ds3_4,Stangenholz,Stangenholz_4,1.0,0.0,2.0,2.0,2.0,2.0,1853,not_young
0.581277051909547,4910.0,4.0,ds2,ds2_4,Jungwuchs/Dickung,Jungwuchs/Dickung_4,1.0,0.0,2.0,2.0,4.0,4.0,1854,young
1.213063045222112,4937.0,4.0,ds5,ds5_4,Mittleres Baumholz,Mittleres Baumholz_4,1.0,0.0,2.0,2.0,2.0,2.0,1855,not_young
0.917039694076967,4938.0,4.0,ds4,ds4_4,Schwaches Baumholz,Schwaches Baumholz_4,1.0,0.0,2.0,2.0,4.0,2.0,1856,not_young
1.46211329173469,4940.0,13.0,ds1,ds1_13,Jungwuchs/Dickung,Jungwuchs/Dickung_13,1.0,0.0,2.0,2.0,2.0,2.0,1857,young
0.555562253585644,4949.0,4.0,ds1,ds1_4,Jungwuchs/Dickung,Jungwuchs/Dickung_4,1.0,0.0,2.0,2.0,2.0,2.0,1858,young
0.558629160232097,4951.0,4.0,ds5,ds5_4,Mittleres Baumholz,Mittleres Baumholz_4,1.0,0.0,2.0,2.0,2.0,2.0,1859,not_young
1.238362674220525,4962.0,4.0,ds5,ds5_4,Mittleres Baumholz,Mittleres Baumholz_4,1.0,0.0,2.0,2.0,4.0,4.0,1860,not_young
4.02576616639453,4963.0,4.0,ds4,ds4_4,Schwaches Baumholz,Schwaches Baumholz_4,1.0,0.0,2.0,2.0,4.0,2.0,1861,not_young
0.53236386678541,4968.0,13.0,ds2,ds2_13,Jungwuchs/Dickung,Jungwuchs/Dickung_13,1.0,0.0,2.0,2.0,2.0,2.0,1862,young
0.683454779006925,4972.0,4.0,ds5,ds5_4,Mittleres Baumholz,Mittleres Baumholz_4,1.0,0.0,2.0,2.0,2.0,2.0,1863,not_young
0.685699556985858,4976.0,4.0,ds5,ds5_4,Mittleres Baumholz,Mittleres Baumholz_4,1.0,0.0,2.0,2.0,2.0,2.0,1864,not_young
0.553853510886605,4978.0,4.0,ds1,ds1_4,Jungwuchs/Dickung,Jungwuchs/Dickung_4,1.0,0.0,2.0,2.0,4.0,2.0,1865,young
1.152043551268987,4981.0,13.0,ds2,ds2_13,Jungwuchs/Dickung,Jungwuchs/Dickung_13,1.0,0.0,2.0,2.0,4.0,2.0,1866,young
0.688052014197176,4982.0,4.0,ds3,ds3_4,Stangenholz,Stangenholz_4,1.0,0.0,2.0,2.0,2.0,2.0,1867,not_young
0.521104201704334,4983.0,4.0,ds3,ds3_4,Stangenholz,Stangenholz_4,1.0,0.0,2.0,2.0,2.0,2.0,1868,not_young
0.699006844866369,4984.0,4.0,ds3,ds3_4,Stangenholz,Stangenholz_4,1.0,0.0,2.0,2.0,2.0,2.0,1869,not_young
0.506800221332168,4986.0,4.0,ds3,ds3_4,Stangenholz,Stangenholz_4,1.0,0.0,2.0,2.0,2.0,2.0,1870,not_young
0.619030461518322,4987.0,4.0,ds3,ds3_4,Stangenholz,Stangenholz_4,1.0,0.0,2.0,2.0,2.0,2.0,1871,not_young
1.063358568866656,4989.0,4.0,ds6,ds6_4,Starkes Baumholz,Starkes Baumholz_4,1.0,0.0,2.0,2.0,2.0,2.0,1872,not_young
0.648303416397737,4991.0,4.0,ds1,ds1_4,Jungwuchs/Dickung,Jungwuchs/Dickung_4,1.0,0.0,2.0,2.0,4.0,2.0,1873,young
0.764733616186772,4992.0,4.0,ds1,ds1_4,Jungwuchs/Dickung,Jungwuchs/Dickung_4,1.0,0.0,2.0,2.0,4.0,4.0,1874,young
2.303390319707536,4994.0,13.0,ds6,ds6_13,Starkes Baumholz,Starkes Baumholz_13,1.0,0.0,2.0,2.0,2.0,2.0,1875,not_young
0.727705067539285,4995.0,4.0,ds1,ds1_4,Jungwuchs/Dickung,Jungwuchs/Dickung_4,1.0,0.0,2.0,2.0,4.0,4.0,1876,young
0.820887377926987,4996.0,4.0,ds5,ds5_4,Mittleres Baumholz,Mittleres Baumholz_4,1.0,0.0,2.0,2.0,2.0,2.0,1877,not_young
0.545221990115836,4998.0,13.0,ds4,ds4_13,Schwaches Baumholz,Schwaches Baumholz_13,1.0,0.0,2.0,2.0,4.0,2.0,1878,not_young
0.746982345289725,5000.0,4.0,ds5,ds5_4,Mittleres Baumholz,Mittleres Baumholz_4,1.0,0.0,2.0,2.0,4.0,2.0,1879,not_young
0.764085454647208,5001.0,13.0,ds4,ds4_13,Schwaches Baumholz,Schwaches Baumholz_13,1.0,0.0,2.0,2.0,2.0,2.0,1880,not_young
1.150370484609692,5004.0,4.0,ds4,ds4_4,Schwaches Baumholz,Schwaches Baumholz_4,1.0,0.0,2.0,2.0,2.0,2.0,1881,not_young
0.778724250901025,5005.0,13.0,ds6,ds6_13,Starkes Baumholz,Starkes Baumholz_13,1.0,0.0,2.0,2.0,2.0,2.0,1882,not_young
1.069369178687099,5009.0,13.0,ds3,ds3_13,Stangenholz,Stangenholz_13,1.0,0.0,2.0,2.0,2.0,2.0,1883,not_young
1.157386133319885,5011.0,4.0,ds2,ds2_4,Jungwuchs/Dickung,Jungwuchs/Dickung_4,1.0,0.0,2.0,2.0,2.0,2.0,1884,young
0.997122904355184,5012.0,4.0,ds4,ds4_4,Schwaches Baumholz,Schwaches Baumholz_4,1.0,0.0,2.0,2.0,2.0,2.0,1885,not_young
2.150808056374908,5013.0,4.0,ds5,ds5_4,Mittleres Baumholz,Mittleres Baumholz_4,1.0,0.0,2.0,2.0,2.0,2.0,1886,not_young
1.573271165243079,5014.0,4.0,ds4,ds4_4,Schwaches Baumholz,Schwaches Baumholz_4,1.0,0.0,2.0,2.0,2.0,2.0,1887,not_young
1.442060230324946,5015.0,4.0,ds6,ds6_4,Starkes Baumholz,Starkes Baumholz_4,1.0,0.0,2.0,2.0,2.0,2.0,1888,not_young
0.725331005357005,5016.0,4.0,ds4,ds4_4,Schwaches Baumholz,Schwaches Baumholz_4,1.0,0.0,2.0,2.0,2.0,2.0,1889,not_young
0.806209886117978,5022.0,4.0,ds1,ds1_4,Jungwuchs/Dickung,Jungwuchs/Dickung_4,1.0,0.0,2.0,2.0,2.0,2.0,1890,young
0.772246293114685,5024.0,4.0,ds6,ds6_4,Starkes Baumholz,Starkes Baumholz_4,1.0,0.0,2.0,2.0,2.0,2.0,1891,not_young
0.78843751133458,5033.0,4.0,ds5,ds5_4,Mittleres Baumholz,Mittleres Baumholz_4,1.0,0.0,2.0,2.0,4.0,2.0,1892,not_young
0.54837141172616,5060.0,4.0,ds4,ds4_4,Schwaches Baumholz,Schwaches Baumholz_4,1.0,0.0,2.0,2.0,2.0,2.0,1893,not_young
1.998067842575826,5070.0,4.0,ds5,ds5_4,Mittleres Baumholz,Mittleres Baumholz_4,1.0,0.0,2.0,2.0,2.0,2.0,1894,not_young
0.994286899600233,5071.0,4.0,ds2,ds2_4,Jungwuchs/Dickung,Jungwuchs/Dickung_4,1.0,0.0,2.0,2.0,2.0,2.0,1895,young
0.710548490375024,5076.0,13.0,ds6,ds6_13,Starkes Baumholz,Starkes Baumholz_13,1.0,0.0,2.0,2.0,2.0,2.0,1896,not_young
1.649327015153824,5077.0,4.0,ds4,ds4_4,Schwaches Baumholz,Schwaches Baumholz_4,1.0,0.0,2.0,2.0,4.0,2.0,1897,not_young
0.638941463421634,5081.0,4.0,ds6,ds6_4,Starkes Baumholz,Starkes Baumholz_4,1.0,0.0,2.0,2.0,2.0,2.0,1898,not_young
0.678725217184867,5090.0,4.0,ds5,ds5_4,Mittleres Baumholz,Mittleres Baumholz_4,1.0,0.0,2.0,2.0,2.0,2.0,1899,not_young
0.745411450979183,5093.0,4.0,ds6,ds6_4,Starkes Baumholz,Starkes Baumholz_4,1.0,0.0,2.0,2.0,2.0,2.0,1900,not_young
0.618259871524234,5096.0,4.0,ds4,ds4_4,Schwaches Baumholz,Schwaches Baumholz_4,1.0,0.0,2.0,2.0,4.0,2.0,1901,not_young
0.919670331908669,5098.0,4.0,ds5,ds5_4,Mittleres Baumholz,Mittleres Baumholz_4,1.0,0.0,2.0,2.0,2.0,2.0,1902,not_young
3.277994250645046,5099.0,4.0,ds5,ds5_4,Mittleres Baumholz,Mittleres Baumholz_4,1.0,0.0,2.0,2.0,4.0,2.0,1903,not_young
1.031779060094641,5100.0,4.0,ds6,ds6_4,Starkes Baumholz,Starkes Baumholz_4,1.0,0.0,2.0,2.0,2.0,2.0,1904,not_young
1.181988315408182,5101.0,4.0,ds5,ds5_4,Mittleres Baumholz,Mittleres Baumholz_4,1.0,0.0,2.0,2.0,2.0,2.0,1905,not_young
1.517219285622076,5103.0,4.0,ds5,ds5_4,Mittleres Baumholz,Mittleres Baumholz_4,1.0,0.0,2.0,2.0,4.0,2.0,1906,not_young
0.996929207086717,5107.0,4.0,ds5,ds5_4,Mittleres Baumholz,Mittleres Baumholz_4,1.0,0.0,2.0,2.0,4.0,2.0,1907,not_young
0.903367417434766,5108.0,4.0,ds4,ds4_4,Schwaches Baumholz,Schwaches Baumholz_4,1.0,0.0,2.0,2.0,4.0,4.0,1908,not_young
0.712100465816213,5109.0,4.0,ds2,ds2_4,Jungwuchs/Dickung,Jungwuchs/Dickung_4,1.0,0.0,2.0,2.0,2.0,2.0,1909,young
0.67738492167755,5110.0,4.0,ds6,ds6_4,Starkes Baumholz,Starkes Baumholz_4,1.0,0.0,2.0,2.0,2.0,2.0,1910,not_young
0.992870951375505,5111.0,4.0,ds2,ds2_4,Jungwuchs/Dickung,Jungwuchs/Dickung_4,1.0,0.0,2.0,2.0,4.0,4.0,1911,young
0.627978116120957,5112.0,4.0,ds1,ds1_4,Jungwuchs/Dickung,Jungwuchs/Dickung_4,1.0,0.0,2.0,2.0,4.0,4.0,1912,young
0.598139389182552,5116.0,4.0,ds3,ds3_4,Stangenholz,Stangenholz_4,1.0,0.0,2.0,2.0,2.0,2.0,1913,not_young
0.665868905922023,5118.0,13.0,ds5,ds5_13,Mittleres Baumholz,Mittleres Baumholz_13,1.0,0.0,2.0,2.0,4.0,2.0,1914,not_young
1.233010403927602,5119.0,4.0,ds6,ds6_4,Starkes Baumholz,Starkes Baumholz_4,1.0,0.0,2.0,2.0,2.0,2.0,1915,not_young
1.885435487930913,5120.0,4.0,ds5,ds5_4,Mittleres Baumholz,Mittleres Baumholz_4,1.0,0.0,2.0,2.0,2.0,2.0,1916,not_young
1.256764295962593,5121.0,4.0,ds5,ds5_4,Mittleres Baumholz,Mittleres Baumholz_4,1.0,0.0,2.0,2.0,4.0,2.0,1917,not_young
0.953748891404271,5122.0,4.0,ds4,ds4_4,Schwaches Baumholz,Schwaches Baumholz_4,1.0,0.0,2.0,2.0,4.0,2.0,1918,not_young
0.559475629510416,5124.0,4.0,ds1,ds1_4,Jungwuchs/Dickung,Jungwuchs/Dickung_4,1.0,0.0,2.0,2.0,2.0,2.0,1919,young
0.52661954358113,5127.0,4.0,ds3,ds3_4,Stangenholz,Stangenholz_4,1.0,0.0,2.0,2.0,2.0,2.0,1920,not_young
0.687069861716643,5150.0,4.0,ds3,ds3_4,Stangenholz,Stangenholz_4,1.0,0.0,2.0,2.0,2.0,2.0,1921,not_young
0.746056194342952,5152.0,4.0,ds4,ds4_4,Schwaches Baumholz,Schwaches Baumholz_4,1.0,0.0,2.0,2.0,2.0,2.0,1922,not_young
1.037352695673262,5160.0,4.0,ds1,ds1_4,Jungwuchs/Dickung,Jungwuchs/Dickung_4,1.0,0.0,2.0,2.0,4.0,2.0,1923,young
0.704346761095361,5162.0,4.0,ds4,ds4_4,Schwaches Baumholz,Schwaches Baumholz_4,1.0,0.0,2.0,2.0,2.0,2.0,1924,not_young
0.859030618529604,5166.0,4.0,ds4,ds4_4,Schwaches Baumholz,Schwaches Baumholz_4,1.0,0.0,2.0,2.0,4.0,4.0,1925,not_young
0.609245574804691,5169.0,4.0,ds1,ds1_4,Jungwuchs/Dickung,Jungwuchs/Dickung_4,1.0,0.0,2.0,2.0,2.0,2.0,1926,young
0.707009619417944,5173.0,4.0,ds5,ds5_4,Mittleres Baumholz,Mittleres Baumholz_4,1.0,0.0,2.0,2.0,4.0,2.0,1927,not_young
1.11401373012116,5177.0,4.0,ds3,ds3_4,Stangenholz,Stangenholz_4,1.0,0.0,2.0,2.0,4.0,2.0,1928,not_young
1.22981041147839,5178.0,4.0,ds3,ds3_4,Stangenholz,Stangenholz_4,1.0,0.0,2.0,2.0,4.0,2.0,1929,not_young
0.66864308438357,5179.0,4.0,ds4,ds4_4,Schwaches Baumholz,Schwaches Baumholz_4,1.0,0.0,2.0,2.0,4.0,4.0,1930,not_young
1.249902212545066,5183.0,4.0,ds4,ds4_4,Schwaches Baumholz,Schwaches Baumholz_4,1.0,0.0,2.0,2.0,4.0,2.0,1931,not_young
0.548934523403808,5191.0,4.0,ds6,ds6_4,Starkes Baumholz,Starkes Baumholz_4,1.0,0.0,2.0,2.0,4.0,2.0,1932,not_young
0.679484159175353,5192.0,4.0,ds6,ds6_4,Starkes Baumholz,Starkes Baumholz_4,1.0,0.0,2.0,2.0,2.0,2.0,1933,not_young
0.506230806883099,5195.0,4.0,ds4,ds4_4,Schwaches Baumholz,Schwaches Baumholz_4,1.0,0.0,2.0,2.0,2.0,2.0,1934,not_young
1.105964115262684,5197.0,4.0,ds6,ds6_4,Starkes Baumholz,Starkes Baumholz_4,1.0,0.0,2.0,2.0,2.0,2.0,1935,not_young
0.928152282581083,5203.0,4.0,ds5,ds5_4,Mittleres Baumholz,Mittleres Baumholz_4,1.0,0.0,2.0,2.0,2.0,2.0,1936,not_young
1.473252131122226,5212.0,4.0,ds3,ds3_4,Stangenholz,Stangenholz_4,1.0,0.0,2.0,2.0,4.0,2.0,1937,not_young
1.242629672153739,5218.0,4.0,ds5,ds5_4,Mittleres Baumholz,Mittleres Baumholz_4,1.0,0.0,2.0,2.0,4.0,2.0,1938,not_young
0.595236818495486,5235.0,4.0,ds4,ds4_4,Schwaches Baumholz,Schwaches Baumholz_4,1.0,0.0,2.0,2.0,2.0,2.0,1939,not_young
0.539917248880793,5236.0,4.0,ds4,ds4_4,Schwaches Baumholz,Schwaches Baumholz_4,1.0,0.0,2.0,2.0,2.0,2.0,1940,not_young
0.784523357217573,5240.0,4.0,ds3,ds3_4,Stangenholz,Stangenholz_4,1.0,0.0,2.0,2.0,4.0,2.0,1941,not_young
0.833617288630339,5244.0,4.0,ds5,ds5_4,Mittleres Baumholz,Mittleres Baumholz_4,1.0,0.0,2.0,2.0,4.0,2.0,1942,not_young
3.963987407562882,5249.0,4.0,ds5,ds5_4,Mittleres Baumholz,Mittleres Baumholz_4,1.0,0.0,2.0,2.0,2.0,2.0,1943,not_young
0.822100384458498,5251.0,4.0,ds6,ds6_4,Starkes Baumholz,Starkes Baumholz_4,1.0,0.0,2.0,2.0,2.0,2.0,1944,not_young
0.892942153881863,5253.0,4.0,ds5,ds5_4,Mittleres Baumholz,Mittleres Baumholz_4,1.0,0.0,2.0,2.0,2.0,2.0,1945,not_young
0.886183293084696,5259.0,4.0,ds4,ds4_4,Schwaches Baumholz,Schwaches Baumholz_4,1.0,0.0,2.0,2.0,4.0,4.0,1946,not_young
0.682285136632336,5261.0,4.0,ds4,ds4_4,Schwaches Baumholz,Schwaches Baumholz_4,1.0,0.0,2.0,2.0,2.0,2.0,1947,not_young
1.270283184063248,5263.0,4.0,ds4,ds4_4,Schwaches Baumholz,Schwaches Baumholz_4,1.0,0.0,2.0,2.0,2.0,2.0,1948,not_young
0.583725312587168,5265.0,4.0,ds3,ds3_4,Stangenholz,Stangenholz_4,1.0,0.0,2.0,2.0,4.0,2.0,1949,not_young
1.304503308443469,5269.0,4.0,ds5,ds5_4,Mittleres Baumholz,Mittleres Baumholz_4,1.0,0.0,2.0,2.0,2.0,2.0,1950,not_young
0.845810897595191,5271.0,4.0,ds5,ds5_4,Mittleres Baumholz,Mittleres Baumholz_4,1.0,0.0,2.0,2.0,4.0,2.0,1951,not_young
1.517333628271695,5272.0,4.0,ds4,ds4_4,Schwaches Baumholz,Schwaches Baumholz_4,1.0,0.0,2.0,2.0,4.0,4.0,1952,not_young
1.580622205084562,5279.0,13.0,ds6,ds6_13,Starkes Baumholz,Starkes Baumholz_13,1.0,0.0,2.0,2.0,2.0,2.0,1953,not_young
0.620987078918889,5282.0,13.0,ds5,ds5_13,Mittleres Baumholz,Mittleres Baumholz_13,1.0,0.0,2.0,2.0,4.0,4.0,1954,not_young
0.685670811412483,5290.0,4.0,ds1,ds1_4,Jungwuchs/Dickung,Jungwuchs/Dickung_4,1.0,0.0,2.0,2.0,4.0,4.0,1955,young
0.657988942295266,5291.0,4.0,ds5,ds5_4,Mittleres Baumholz,Mittleres Baumholz_4,1.0,0.0,2.0,2.0,2.0,2.0,1956,not_young
1.326845577461816,5293.0,4.0,ds3,ds3_4,Stangenholz,Stangenholz_4,1.0,0.0,2.0,2.0,2.0,2.0,1957,not_young
1.618551996358205,5294.0,4.0,ds5,ds5_4,Mittleres Baumholz,Mittleres Baumholz_4,1.0,0.0,2.0,2.0,2.0,2.0,1958,not_young
0.714679578170041,5295.0,4.0,ds3,ds3_4,Stangenholz,Stangenholz_4,1.0,0.0,2.0,2.0,2.0,2.0,1959,not_young
0.530352415536903,5296.0,13.0,ds5,ds5_13,Mittleres Baumholz,Mittleres Baumholz_13,1.0,0.0,2.0,2.0,2.0,2.0,1960,not_young
1.984823142937734,5297.0,13.0,ds4,ds4_13,Schwaches Baumholz,Schwaches Baumholz_13,1.0,0.0,2.0,2.0,4.0,4.0,1961,not_young
0.812470596331032,5298.0,4.0,ds5,ds5_4,Mittleres Baumholz,Mittleres Baumholz_4,1.0,0.0,2.0,2.0,4.0,4.0,1962,not_young
2.743443688381382,5300.0,4.0,ds5,ds5_4,Mittleres Baumholz,Mittleres Baumholz_4,1.0,0.0,2.0,2.0,2.0,2.0,1963,not_young
0.650366306646698,5302.0,4.0,ds3,ds3_4,Stangenholz,Stangenholz_4,1.0,0.0,2.0,2.0,4.0,2.0,1964,not_young
0.690279929076415,5304.0,4.0,ds4,ds4_4,Schwaches Baumholz,Schwaches Baumholz_4,1.0,0.0,2.0,2.0,2.0,2.0,1965,not_young
2.306062206665497,5305.0,4.0,ds5,ds5_4,Mittleres Baumholz,Mittleres Baumholz_4,1.0,0.0,2.0,2.0,4.0,2.0,1966,not_young
0.751432235519151,5307.0,13.0,ds5,ds5_13,Mittleres Baumholz,Mittleres Baumholz_13,1.0,0.0,2.0,2.0,2.0,2.0,1967,not_young
0.686978885258315,5309.0,4.0,ds6,ds6_4,Starkes Baumholz,Starkes Baumholz_4,1.0,0.0,2.0,2.0,2.0,2.0,1968,not_young
0.708016388461436,5310.0,13.0,ds5,ds5_13,Mittleres Baumholz,Mittleres Baumholz_13,1.0,0.0,2.0,2.0,2.0,2.0,1969,not_young
2.43040024133347,5314.0,4.0,ds5,ds5_4,Mittleres Baumholz,Mittleres Baumholz_4,1.0,0.0,2.0,2.0,4.0,4.0,1970,not_young
0.549311786816036,5319.0,4.0,ds3,ds3_4,Stangenholz,Stangenholz_4,1.0,0.0,2.0,2.0,4.0,2.0,1971,not_young
1.133854946390592,5320.0,4.0,ds4,ds4_4,Schwaches Baumholz,Schwaches Baumholz_4,1.0,0.0,2.0,2.0,2.0,2.0,1972,not_young
0.930362740659388,5322.0,4.0,ds3,ds3_4,Stangenholz,Stangenholz_4,1.0,0.0,2.0,2.0,2.0,2.0,1973,not_young
0.594231814932171,5323.0,4.0,ds5,ds5_4,Mittleres Baumholz,Mittleres Baumholz_4,1.0,0.0,2.0,2.0,4.0,2.0,1974,not_young
0.708074653228046,5324.0,4.0,ds3,ds3_4,Stangenholz,Stangenholz_4,1.0,0.0,2.0,2.0,2.0,2.0,1975,not_young
1.657704536290858,5325.0,4.0,ds6,ds6_4,Starkes Baumholz,Starkes Baumholz_4,1.0,0.0,2.0,2.0,4.0,2.0,1976,not_young
1.140492638524901,5326.0,4.0,ds5,ds5_4,Mittleres Baumholz,Mittleres Baumholz_4,1.0,0.0,2.0,2.0,2.0,2.0,1977,not_young
0.582667544461414,5331.0,4.0,ds1,ds1_4,Jungwuchs/Dickung,Jungwuchs/Dickung_4,1.0,0.0,2.0,2.0,2.0,2.0,1978,young
0.534981548955527,5332.0,4.0,ds4,ds4_4,Schwaches Baumholz,Schwaches Baumholz_4,1.0,0.0,2.0,2.0,2.0,2.0,1979,not_young
0.865609061712428,5333.0,4.0,ds3,ds3_4,Stangenholz,Stangenholz_4,1.0,0.0,2.0,2.0,2.0,2.0,1980,not_young
1.311721494057297,5334.0,4.0,ds5,ds5_4,Mittleres Baumholz,Mittleres Baumholz_4,1.0,0.0,2.0,2.0,2.0,2.0,1981,not_young
0.69226800940868,5335.0,4.0,ds4,ds4_4,Schwaches Baumholz,Schwaches Baumholz_4,1.0,0.0,2.0,2.0,4.0,2.0,1982,not_young
1.465299118035333,5336.0,4.0,ds5,ds5_4,Mittleres Baumholz,Mittleres Baumholz_4,1.0,0.0,2.0,2.0,2.0,2.0,1983,not_young
2.421390161776301,5337.0,4.0,ds4,ds4_4,Schwaches Baumholz,Schwaches Baumholz_4,1.0,0.0,2.0,2.0,2.0,2.0,1984,not_young
2.032710848267656,5338.0,4.0,ds4,ds4_4,Schwaches Baumholz,Schwaches Baumholz_4,1.0,0.0,2.0,2.0,4.0,2.0,1985,not_young
0.853546926857066,5339.0,4.0,ds3,ds3_4,Stangenholz,Stangenholz_4,1.0,0.0,2.0,2.0,2.0,2.0,1986,not_young
1.41123529212164,5340.0,13.0,ds4,ds4_13,Schwaches Baumholz,Schwaches Baumholz_13,1.0,0.0,2.0,2.0,2.0,2.0,1987,not_young
0.719815941577312,5343.0,4.0,ds5,ds5_4,Mittleres Baumholz,Mittleres Baumholz_4,1.0,0.0,2.0,2.0,2.0,2.0,1988,not_young
0.934460580176133,5345.0,4.0,ds6,ds6_4,Starkes Baumholz,Starkes Baumholz_4,1.0,0.0,2.0,2.0,2.0,2.0,1989,not_young
0.858317917297783,5349.0,13.0,ds6,ds6_13,Starkes Baumholz,Starkes Baumholz_13,1.0,0.0,2.0,2.0,2.0,2.0,1990,not_young
0.904462815956597,5350.0,13.0,ds1,ds1_13,Jungwuchs/Dickung,Jungwuchs/Dickung_13,1.0,0.0,2.0,2.0,2.0,2.0,1991,young
1.920791547679197,5351.0,13.0,ds5,ds5_13,Mittleres Baumholz,Mittleres Baumholz_13,1.0,0.0,2.0,2.0,2.0,2.0,1992,not_young
8.395644816783934,5352.0,13.0,ds6,ds6_13,Starkes Baumholz,Starkes Baumholz_13,1.0,0.0,2.0,2.0,4.0,2.0,1993,not_young
1.316390081121121,5355.0,13.0,ds4,ds4_13,Schwaches Baumholz,Schwaches Baumholz_13,1.0,0.0,2.0,2.0,2.0,2.0,1994,not_young
0.676129201751365,5356.0,13.0,ds3,ds3_13,Stangenholz,Stangenholz_13,1.0,0.0,2.0,2.0,4.0,2.0,1995,not_young
6.141812788303278,5357.0,13.0,ds5,ds5_13,Mittleres Baumholz,Mittleres Baumholz_13,1.0,0.0,2.0,2.0,2.0,2.0,1996,not_young
0.642567957495805,5367.0,4.0,ds6,ds6_4,Starkes Baumholz,Starkes Baumholz_4,1.0,0.0,2.0,2.0,2.0,2.0,1997,not_young
1.420723108752119,5390.0,4.0,ds6,ds6_4,Starkes Baumholz,Starkes Baumholz_4,1.0,0.0,2.0,2.0,4.0,2.0,1998,not_young
1.538878190922341,5391.0,4.0,ds5,ds5_4,Mittleres Baumholz,Mittleres Baumholz_4,1.0,0.0,2.0,2.0,2.0,2.0,1999,not_young
0.593256093225675,5408.0,4.0,ds6,ds6_4,Starkes Baumholz,Starkes Baumholz_4,1.0,0.0,2.0,2.0,2.0,2.0,2000,not_young
0.535882985697081,5409.0,4.0,ds5,ds5_4,Mittleres Baumholz,Mittleres Baumholz_4,1.0,0.0,2.0,2.0,4.0,4.0,2001,not_young
0.957344508887827,5410.0,4.0,ds6,ds6_4,Starkes Baumholz,Starkes Baumholz_4,1.0,0.0,2.0,2.0,2.0,2.0,2002,not_young
0.715235676752357,5411.0,4.0,ds4,ds4_4,Schwaches Baumholz,Schwaches Baumholz_4,1.0,0.0,2.0,2.0,4.0,4.0,2003,not_young
0.594090520440391,5412.0,4.0,ds4,ds4_4,Schwaches Baumholz,Schwaches Baumholz_4,1.0,0.0,2.0,2.0,2.0,2.0,2004,not_young
0.840902027505776,5416.0,4.0,ds6,ds6_4,Starkes Baumholz,Starkes Baumholz_4,1.0,0.0,2.0,2.0,4.0,2.0,2005,not_young
1.192032270179853,5424.0,4.0,ds4,ds4_4,Schwaches Baumholz,Schwaches Baumholz_4,1.0,0.0,2.0,2.0,2.0,2.0,2006,not_young
0.856874135298992,5426.0,4.0,ds4,ds4_4,Schwaches Baumholz,Schwaches Baumholz_4,1.0,0.0,2.0,2.0,4.0,4.0,2007,not_young
0.51812394967773,5427.0,4.0,ds2,ds2_4,Jungwuchs/Dickung,Jungwuchs/Dickung_4,1.0,0.0,2.0,2.0,2.0,2.0,2008,young
1.537357072420261,5430.0,4.0,ds5,ds5_4,Mittleres Baumholz,Mittleres Baumholz_4,1.0,0.0,2.0,2.0,4.0,2.0,2009,not_young
0.96069327146383,5433.0,4.0,ds4,ds4_4,Schwaches Baumholz,Schwaches Baumholz_4,1.0,0.0,2.0,2.0,2.0,2.0,2010,not_young
0.621495038437363,5434.0,4.0,ds2,ds2_4,Jungwuchs/Dickung,Jungwuchs/Dickung_4,1.0,0.0,2.0,2.0,2.0,2.0,2011,young
0.53670836306992,5440.0,4.0,ds4,ds4_4,Schwaches Baumholz,Schwaches Baumholz_4,1.0,0.0,2.0,2.0,2.0,2.0,2012,not_young
0.593532488712034,5446.0,4.0,ds4,ds4_4,Schwaches Baumholz,Schwaches Baumholz_4,1.0,0.0,2.0,2.0,2.0,2.0,2013,not_young
0.713664505099616,5448.0,4.0,ds5,ds5_4,Mittleres Baumholz,Mittleres Baumholz_4,1.0,0.0,2.0,2.0,4.0,2.0,2014,not_young
1.679533370178426,5451.0,4.0,ds5,ds5_4,Mittleres Baumholz,Mittleres Baumholz_4,1.0,0.0,2.0,2.0,4.0,2.0,2015,not_young
0.826265021063609,5452.0,4.0,ds2,ds2_4,Jungwuchs/Dickung,Jungwuchs/Dickung_4,1.0,0.0,2.0,2.0,4.0,4.0,2016,young
0.711060092517181,5453.0,4.0,ds1,ds1_4,Jungwuchs/Dickung,Jungwuchs/Dickung_4,1.0,0.0,2.0,2.0,4.0,2.0,2017,young
1.312117349582874,5454.0,4.0,ds4,ds4_4,Schwaches Baumholz,Schwaches Baumholz_4,1.0,0.0,2.0,2.0,2.0,2.0,2018,not_young
0.692448753200751,5455.0,4.0,ds4,ds4_4,Schwaches Baumholz,Schwaches Baumholz_4,1.0,0.0,2.0,2.0,2.0,2.0,2019,not_young
0.788684736609261,5456.0,4.0,ds5,ds5_4,Mittleres Baumholz,Mittleres Baumholz_4,1.0,0.0,2.0,2.0,2.0,2.0,2020,not_young
1.236498642937356,5458.0,4.0,ds5,ds5_4,Mittleres Baumholz,Mittleres Baumholz_4,1.0,0.0,2.0,2.0,2.0,2.0,2021,not_young
2.480267319399541,5459.0,4.0,ds2,ds2_4,Jungwuchs/Dickung,Jungwuchs/Dickung_4,1.0,0.0,2.0,2.0,4.0,2.0,2022,young
7.81597822062831,5460.0,4.0,ds6,ds6_4,Starkes Baumholz,Starkes Baumholz_4,1.0,0.0,2.0,2.0,2.0,2.0,2023,not_young
0.883397377102007,5461.0,4.0,ds5,ds5_4,Mittleres Baumholz,Mittleres Baumholz_4,1.0,0.0,2.0,2.0,2.0,2.0,2024,not_young
1.871579781976669,5462.0,4.0,ds4,ds4_4,Schwaches Baumholz,Schwaches Baumholz_4,1.0,0.0,2.0,2.0,2.0,2.0,2025,not_young
0.521102919226361,5473.0,4.0,ds5,ds5_4,Mittleres Baumholz,Mittleres Baumholz_4,1.0,0.0,2.0,2.0,4.0,2.0,2026,not_young
1.187007520639058,5476.0,4.0,ds5,ds5_4,Mittleres Baumholz,Mittleres Baumholz_4,1.0,0.0,2.0,2.0,2.0,2.0,2027,not_young
0.52206287741065,5477.0,4.0,ds4,ds4_4,Schwaches Baumholz,Schwaches Baumholz_4,1.0,1.0,1.0,1.0,1.0,1.0,2028,not_young
0.694216521099,5478.0,4.0,ds5,ds5_4,Mittleres Baumholz,Mittleres Baumholz_4,1.0,0.0,2.0,2.0,4.0,4.0,2029,not_young
0.671843845168734,5480.0,4.0,ds6,ds6_4,Starkes Baumholz,Starkes Baumholz_4,1.0,0.0,2.0,2.0,2.0,2.0,2030,not_young
1.069809358600527,5485.0,4.0,ds5,ds5_4,Mittleres Baumholz,Mittleres Baumholz_4,1.0,0.0,2.0,2.0,2.0,2.0,2031,not_young
0.7760422636003,5486.0,4.0,ds5,ds5_4,Mittleres Baumholz,Mittleres Baumholz_4,1.0,0.0,2.0,2.0,2.0,2.0,2032,not_young
0.675326097578928,5488.0,4.0,ds5,ds5_4,Mittleres Baumholz,Mittleres Baumholz_4,1.0,0.0,2.0,2.0,2.0,2.0,2033,not_young
0.515018564333115,5489.0,4.0,ds5,ds5_4,Mittleres Baumholz,Mittleres Baumholz_4,1.0,1.0,1.0,1.0,1.0,1.0,2034,not_young
2.482826169134357,5492.0,4.0,ds6,ds6_4,Starkes Baumholz,Starkes Baumholz_4,1.0,0.0,2.0,2.0,2.0,2.0,2035,not_young
0.541456533763008,5518.0,4.0,ds4,ds4_4,Schwaches Baumholz,Schwaches Baumholz_4,1.0,0.0,2.0,2.0,2.0,2.0,2036,not_young
2.731994450373063,5529.0,4.0,ds6,ds6_4,Starkes Baumholz,Starkes Baumholz_4,1.0,0.0,2.0,2.0,2.0,2.0,2037,not_young
1.232166195936501,5538.0,4.0,ds6,ds6_4,Starkes Baumholz,Starkes Baumholz_4,1.0,0.0,2.0,2.0,4.0,4.0,2038,not_young
0.546104487777899,5540.0,4.0,ds6,ds6_4,Starkes Baumholz,Starkes Baumholz_4,1.0,1.0,1.0,1.0,1.0,1.0,2039,not_young
0.528984611161682,5542.0,4.0,ds6,ds6_4,Starkes Baumholz,Starkes Baumholz_4,1.0,0.0,2.0,2.0,2.0,2.0,2040,not_young
0.876761018411815,5547.0,4.0,ds5,ds5_4,Mittleres Baumholz,Mittleres Baumholz_4,1.0,0.0,2.0,2.0,2.0,2.0,2041,not_young
0.55449640401543,5550.0,4.0,ds6,ds6_4,Starkes Baumholz,Starkes Baumholz_4,1.0,0.0,2.0,2.0,2.0,2.0,2042,not_young
0.951071999541887,5553.0,4.0,ds5,ds5_4,Mittleres Baumholz,Mittleres Baumholz_4,1.0,0.0,2.0,2.0,2.0,2.0,2043,not_young
5.525493016747792,5554.0,4.0,ds6,ds6_4,Starkes Baumholz,Starkes Baumholz_4,1.0,0.0,2.0,2.0,2.0,2.0,2044,not_young
5.35527231794363,5558.0,4.0,ds6,ds6_4,Starkes Baumholz,Starkes Baumholz_4,1.0,0.0,2.0,2.0,2.0,2.0,2045,not_young
0.533321589747034,5562.0,4.0,ds6,ds6_4,Starkes Baumholz,Starkes Baumholz_4,1.0,0.0,2.0,2.0,4.0,4.0,2046,not_young
2.756101071844338,5569.0,4.0,ds6,ds6_4,Starkes Baumholz,Starkes Baumholz_4,1.0,0.0,2.0,2.0,2.0,2.0,2047,not_young
1.449402961690963,5570.0,4.0,ds6,ds6_4,Starkes Baumholz,Starkes Baumholz_4,1.0,0.0,2.0,2.0,2.0,2.0,2048,not_young
0.977887764278194,5574.0,4.0,ds6,ds6_4,Starkes Baumholz,Starkes Baumholz_4,1.0,0.0,2.0,2.0,2.0,2.0,2049,not_young
2.216934409945921,5581.0,4.0,ds4,ds4_4,Schwaches Baumholz,Schwaches Baumholz_4,1.0,0.0,2.0,2.0,4.0,2.0,2050,not_young
0.675077982771135,5583.0,4.0,ds4,ds4_4,Schwaches Baumholz,Schwaches Baumholz_4,1.0,0.0,2.0,2.0,2.0,2.0,2051,not_young
1.701256656398386,5588.0,4.0,ds5,ds5_4,Mittleres Baumholz,Mittleres Baumholz_4,1.0,0.0,2.0,2.0,2.0,2.0,2052,not_young
0.549445030745151,5590.0,4.0,ds1,ds1_4,Jungwuchs/Dickung,Jungwuchs/Dickung_4,0.0,1.0,1.0,1.0,1.0,1.0,2053,young
2.471054196962726,5591.0,4.0,ds5,ds5_4,Mittleres Baumholz,Mittleres Baumholz_4,1.0,0.0,2.0,2.0,2.0,2.0,2054,not_young
0.981042101492221,5594.0,4.0,ds4,ds4_4,Schwaches Baumholz,Schwaches Baumholz_4,1.0,0.0,2.0,2.0,2.0,2.0,2055,not_young
4.706789637138834,5596.0,4.0,ds6,ds6_4,Starkes Baumholz,Starkes Baumholz_4,1.0,0.0,2.0,2.0,2.0,2.0,2056,not_young
7.672380393793508,5598.0,13.0,ds6,ds6_13,Starkes Baumholz,Starkes Baumholz_13,1.0,0.0,2.0,2.0,2.0,2.0,2057,not_young
1.259688077600653,5603.0,4.0,ds6,ds6_4,Starkes Baumholz,Starkes Baumholz_4,1.0,0.0,2.0,2.0,2.0,2.0,2058,not_young
0.698582233650647,5604.0,4.0,ds5,ds5_4,Mittleres Baumholz,Mittleres Baumholz_4,1.0,0.0,2.0,2.0,4.0,4.0,2059,not_young
0.693239942398171,5605.0,4.0,ds3,ds3_4,Stangenholz,Stangenholz_4,0.0,1.0,1.0,1.0,1.0,1.0,2060,not_young
0.527160121533672,5611.0,4.0,ds3,ds3_4,Stangenholz,Stangenholz_4,1.0,0.0,2.0,2.0,2.0,2.0,2061,not_young
0.658540333704709,5621.0,4.0,ds5,ds5_4,Mittleres Baumholz,Mittleres Baumholz_4,1.0,0.0,2.0,2.0,4.0,2.0,2062,not_young
0.594645741387992,5627.0,4.0,ds4,ds4_4,Schwaches Baumholz,Schwaches Baumholz_4,1.0,0.0,2.0,2.0,2.0,2.0,2063,not_young
0.538561739841593,5628.0,4.0,ds2,ds2_4,Jungwuchs/Dickung,Jungwuchs/Dickung_4,0.0,1.0,1.0,1.0,1.0,1.0,2064,young
0.607736631420418,5634.0,4.0,ds5,ds5_4,Mittleres Baumholz,Mittleres Baumholz_4,1.0,0.0,2.0,2.0,2.0,2.0,2065,not_young
3.43501255919736,5642.0,4.0,ds5,ds5_4,Mittleres Baumholz,Mittleres Baumholz_4,1.0,0.0,2.0,2.0,4.0,2.0,2066,not_young
0.607296305433102,5643.0,4.0,ds4,ds4_4,Schwaches Baumholz,Schwaches Baumholz_4,1.0,0.0,2.0,2.0,2.0,2.0,2067,not_young
3.540774249836532,5645.0,4.0,ds5,ds5_4,Mittleres Baumholz,Mittleres Baumholz_4,1.0,0.0,2.0,2.0,2.0,2.0,2068,not_young
0.695001630781963,5648.0,4.0,ds3,ds3_4,Stangenholz,Stangenholz_4,1.0,0.0,2.0,2.0,2.0,2.0,2069,not_young
9.81222437873841,5649.0,4.0,ds5,ds5_4,Mittleres Baumholz,Mittleres Baumholz_4,1.0,0.0,2.0,2.0,4.0,4.0,2070,not_young
5.524617474823486,5650.0,4.0,ds6,ds6_4,Starkes Baumholz,Starkes Baumholz_4,1.0,0.0,2.0,2.0,2.0,2.0,2071,not_young
0.686371332418063,5652.0,4.0,ds3,ds3_4,Stangenholz,Stangenholz_4,1.0,0.0,2.0,2.0,2.0,2.0,2072,not_young
1.010062835129572,5653.0,4.0,ds5,ds5_4,Mittleres Baumholz,Mittleres Baumholz_4,1.0,0.0,2.0,2.0,4.0,4.0,2073,not_young
1.875156257623527,5654.0,4.0,ds6,ds6_4,Starkes Baumholz,Starkes Baumholz_4,1.0,0.0,2.0,2.0,2.0,2.0,2074,not_young
4.049036204779195,5655.0,4.0,ds6,ds6_4,Starkes Baumholz,Starkes Baumholz_4,1.0,1.0,1.0,1.0,1.0,1.0,2075,not_young
2.959890331968512,5656.0,4.0,ds6,ds6_4,Starkes Baumholz,Starkes Baumholz_4,1.0,0.0,2.0,2.0,4.0,2.0,2076,not_young
0.691918121799198,5657.0,4.0,ds5,ds5_4,Mittleres Baumholz,Mittleres Baumholz_4,1.0,0.0,2.0,2.0,4.0,4.0,2077,not_young
0.51405695302909,5658.0,4.0,ds6,ds6_4,Starkes Baumholz,Starkes Baumholz_4,1.0,0.0,2.0,2.0,2.0,2.0,2078,not_young
1.18093576612745,5659.0,4.0,ds6,ds6_4,Starkes Baumholz,Starkes Baumholz_4,1.0,0.0,2.0,2.0,4.0,2.0,2079,not_young
1.367823280419409,5661.0,4.0,ds6,ds6_4,Starkes Baumholz,Starkes Baumholz_4,1.0,0.0,2.0,2.0,4.0,2.0,2080,not_young
0.564156900240827,5663.0,4.0,ds2,ds2_4,Jungwuchs/Dickung,Jungwuchs/Dickung_4,1.0,0.0,2.0,2.0,2.0,2.0,2081,young
3.564337987164158,5668.0,4.0,ds6,ds6_4,Starkes Baumholz,Starkes Baumholz_4,1.0,0.0,2.0,2.0,2.0,2.0,2082,not_young
0.834994270585587,5669.0,4.0,ds4,ds4_4,Schwaches Baumholz,Schwaches Baumholz_4,1.0,0.0,2.0,2.0,4.0,4.0,2083,not_young
1.376716120614612,5674.0,4.0,ds6,ds6_4,Starkes Baumholz,Starkes Baumholz_4,1.0,0.0,2.0,2.0,2.0,2.0,2084,not_young
0.884181970537233,5675.0,4.0,ds5,ds5_4,Mittleres Baumholz,Mittleres Baumholz_4,1.0,0.0,2.0,2.0,4.0,4.0,2085,not_young
0.646281069774006,5676.0,4.0,ds5,ds5_4,Mittleres Baumholz,Mittleres Baumholz_4,1.0,0.0,2.0,2.0,4.0,2.0,2086,not_young
0.601399753953522,5679.0,4.0,ds6,ds6_4,Starkes Baumholz,Starkes Baumholz_4,1.0,0.0,2.0,2.0,2.0,2.0,2087,not_young
3.250929924197421,5680.0,4.0,ds1,ds1_4,Jungwuchs/Dickung,Jungwuchs/Dickung_4,1.0,1.0,1.0,1.0,1.0,1.0,2088,young
1.108751605000744,5693.0,4.0,ds4,ds4_4,Schwaches Baumholz,Schwaches Baumholz_4,1.0,0.0,2.0,2.0,2.0,2.0,2089,not_young
0.931069779582066,5694.0,4.0,ds6,ds6_4,Starkes Baumholz,Starkes Baumholz_4,1.0,0.0,2.0,2.0,2.0,2.0,2090,not_young
0.501824437642012,5695.0,4.0,ds4,ds4_4,Schwaches Baumholz,Schwaches Baumholz_4,1.0,0.0,2.0,2.0,2.0,2.0,2091,not_young
1.177648477484984,5696.0,4.0,ds5,ds5_4,Mittleres Baumholz,Mittleres Baumholz_4,1.0,0.0,2.0,2.0,4.0,4.0,2092,not_young
1.815961349567765,5698.0,4.0,ds4,ds4_4,Schwaches Baumholz,Schwaches Baumholz_4,1.0,0.0,2.0,2.0,2.0,2.0,2093,not_young
0.7934012445695,5699.0,4.0,ds6,ds6_4,Starkes Baumholz,Starkes Baumholz_4,1.0,0.0,2.0,2.0,2.0,2.0,2094,not_young
4.076362507347412,5700.0,4.0,ds5,ds5_4,Mittleres Baumholz,Mittleres Baumholz_4,1.0,0.0,2.0,2.0,2.0,2.0,2095,not_young
4.865634489547772,5701.0,4.0,ds6,ds6_4,Starkes Baumholz,Starkes Baumholz_4,1.0,0.0,2.0,2.0,2.0,2.0,2096,not_young
0.705679650209146,5702.0,4.0,ds4,ds4_4,Schwaches Baumholz,Schwaches Baumholz_4,1.0,0.0,2.0,2.0,2.0,2.0,2097,not_young
0.95458960545031,5703.0,4.0,ds5,ds5_4,Mittleres Baumholz,Mittleres Baumholz_4,1.0,0.0,2.0,2.0,2.0,2.0,2098,not_young
3.604995351340764,5704.0,4.0,ds5,ds5_4,Mittleres Baumholz,Mittleres Baumholz_4,1.0,0.0,2.0,2.0,4.0,4.0,2099,not_young
3.646282933092026,5705.0,4.0,ds5,ds5_4,Mittleres Baumholz,Mittleres Baumholz_4,1.0,1.0,1.0,1.0,1.0,1.0,2100,not_young
2.452925607124577,5706.0,13.0,ds5,ds5_13,Mittleres Baumholz,Mittleres Baumholz_13,1.0,0.0,2.0,2.0,4.0,2.0,2101,not_young
1.064446839602757,5707.0,13.0,ds4,ds4_13,Schwaches Baumholz,Schwaches Baumholz_13,1.0,0.0,2.0,2.0,2.0,2.0,2102,not_young
1.10941311303557,5708.0,4.0,ds2,ds2_4,Jungwuchs/Dickung,Jungwuchs/Dickung_4,1.0,1.0,1.0,1.0,1.0,1.0,2103,young
1.313637121820206,5709.0,4.0,ds5,ds5_4,Mittleres Baumholz,Mittleres Baumholz_4,1.0,0.0,2.0,2.0,2.0,2.0,2104,not_young
0.954427076508531,5710.0,4.0,ds4,ds4_4,Schwaches Baumholz,Schwaches Baumholz_4,1.0,1.0,1.0,1.0,1.0,1.0,2105,not_young
1.764427971988637,5711.0,4.0,ds4,ds4_4,Schwaches Baumholz,Schwaches Baumholz_4,1.0,0.0,2.0,2.0,2.0,2.0,2106,not_young
2.432742921325262,5712.0,4.0,ds4,ds4_4,Schwaches Baumholz,Schwaches Baumholz_4,1.0,1.0,1.0,1.0,1.0,1.0,2107,not_young
0.633667931546643,5713.0,4.0,ds5,ds5_4,Mittleres Baumholz,Mittleres Baumholz_4,1.0,0.0,2.0,2.0,2.0,2.0,2108,not_young
1.564222589550645,5714.0,13.0,ds3,ds3_13,Stangenholz,Stangenholz_13,1.0,0.0,2.0,2.0,2.0,2.0,2109,not_young
1.372833392163262,5715.0,4.0,ds6,ds6_4,Starkes Baumholz,Starkes Baumholz_4,1.0,0.0,2.0,2.0,2.0,2.0,2110,not_young
0.812364020003172,5717.0,4.0,ds6,ds6_4,Starkes Baumholz,Starkes Baumholz_4,1.0,0.0,2.0,2.0,2.0,2.0,2111,not_young
0.783045893959899,5731.0,4.0,ds6,ds6_4,Starkes Baumholz,Starkes Baumholz_4,1.0,0.0,2.0,2.0,4.0,2.0,2112,not_young
0.565247208879236,5793.0,4.0,ds2,ds2_4,Jungwuchs/Dickung,Jungwuchs/Dickung_4,1.0,0.0,2.0,2.0,4.0,4.0,2113,young
0.731465265144361,5805.0,4.0,ds6,ds6_4,Starkes Baumholz,Starkes Baumholz_4,1.0,0.0,2.0,2.0,2.0,2.0,2114,not_young
0.740272257853672,5807.0,4.0,ds4,ds4_4,Schwaches Baumholz,Schwaches Baumholz_4,1.0,0.0,2.0,2.0,2.0,2.0,2115,not_young
2.560056241152613,5809.0,4.0,ds4,ds4_4,Schwaches Baumholz,Schwaches Baumholz_4,1.0,0.0,2.0,2.0,4.0,4.0,2116,not_young
0.551932880393777,5818.0,4.0,ds5,ds5_4,Mittleres Baumholz,Mittleres Baumholz_4,1.0,0.0,2.0,2.0,2.0,2.0,2117,not_young
0.662742128831249,5827.0,4.0,ds4,ds4_4,Schwaches Baumholz,Schwaches Baumholz_4,1.0,0.0,2.0,2.0,4.0,2.0,2118,not_young
1.314466697584308,5828.0,4.0,ds6,ds6_4,Starkes Baumholz,Starkes Baumholz_4,1.0,0.0,2.0,2.0,2.0,2.0,2119,not_young
0.960945293531381,5830.0,4.0,ds4,ds4_4,Schwaches Baumholz,Schwaches Baumholz_4,1.0,0.0,2.0,2.0,2.0,2.0,2120,not_young
1.023192336394533,5832.0,4.0,ds4,ds4_4,Schwaches Baumholz,Schwaches Baumholz_4,1.0,0.0,2.0,2.0,2.0,2.0,2121,not_young
0.59014055605398,5833.0,4.0,ds6,ds6_4,Starkes Baumholz,Starkes Baumholz_4,1.0,0.0,2.0,2.0,2.0,2.0,2122,not_young
0.525766389413181,5834.0,4.0,ds3,ds3_4,Stangenholz,Stangenholz_4,1.0,0.0,2.0,2.0,4.0,4.0,2123,not_young
1.524523725306583,5835.0,4.0,ds6,ds6_4,Starkes Baumholz,Starkes Baumholz_4,1.0,0.0,2.0,2.0,2.0,2.0,2124,not_young
0.928136861880729,5839.0,4.0,ds5,ds5_4,Mittleres Baumholz,Mittleres Baumholz_4,1.0,0.0,2.0,2.0,2.0,2.0,2125,not_young
0.662237558821123,5840.0,4.0,ds5,ds5_4,Mittleres Baumholz,Mittleres Baumholz_4,1.0,0.0,2.0,2.0,2.0,2.0,2126,not_young
1.750496910228098,5843.0,4.0,ds6,ds6_4,Starkes Baumholz,Starkes Baumholz_4,1.0,0.0,2.0,2.0,2.0,2.0,2127,not_young
0.547485075419862,5845.0,4.0,ds5,ds5_4,Mittleres Baumholz,Mittleres Baumholz_4,1.0,0.0,2.0,2.0,4.0,2.0,2128,not_young
0.554566841520477,5847.0,4.0,ds4,ds4_4,Schwaches Baumholz,Schwaches Baumholz_4,1.0,0.0,2.0,2.0,2.0,2.0,2129,not_young
0.694140082926489,5860.0,4.0,ds6,ds6_4,Starkes Baumholz,Starkes Baumholz_4,1.0,0.0,2.0,2.0,2.0,2.0,2130,not_young
0.734360224130249,5861.0,4.0,ds2,ds2_4,Jungwuchs/Dickung,Jungwuchs/Dickung_4,1.0,0.0,2.0,2.0,4.0,4.0,2131,young
1.789103549659728,5862.0,4.0,ds5,ds5_4,Mittleres Baumholz,Mittleres Baumholz_4,1.0,0.0,2.0,2.0,2.0,2.0,2132,not_young
0.759515888857367,5863.0,4.0,ds5,ds5_4,Mittleres Baumholz,Mittleres Baumholz_4,1.0,0.0,2.0,2.0,2.0,2.0,2133,not_young
0.788483827909668,5864.0,4.0,ds5,ds5_4,Mittleres Baumholz,Mittleres Baumholz_4,1.0,0.0,2.0,2.0,2.0,2.0,2134,not_young
0.55880898233573,5865.0,4.0,ds3,ds3_4,Stangenholz,Stangenholz_4,1.0,0.0,2.0,2.0,2.0,2.0,2135,not_young
1.568118855605507,5866.0,4.0,ds6,ds6_4,Starkes Baumholz,Starkes Baumholz_4,1.0,0.0,2.0,2.0,4.0,4.0,2136,not_young
0.734424101648371,5867.0,4.0,ds2,ds2_4,Jungwuchs/Dickung,Jungwuchs/Dickung_4,1.0,0.0,2.0,2.0,4.0,2.0,2137,young
0.56109016651616,5868.0,4.0,ds3,ds3_4,Stangenholz,Stangenholz_4,1.0,0.0,2.0,2.0,2.0,2.0,2138,not_young
0.961146199448261,5869.0,4.0,ds2,ds2_4,Jungwuchs/Dickung,Jungwuchs/Dickung_4,1.0,0.0,2.0,2.0,2.0,2.0,2139,young
0.936541710299812,5870.0,4.0,ds5,ds5_4,Mittleres Baumholz,Mittleres Baumholz_4,1.0,0.0,2.0,2.0,4.0,4.0,2140,not_young
2.284060955582024,5871.0,4.0,ds5,ds5_4,Mittleres Baumholz,Mittleres Baumholz_4,1.0,0.0,2.0,2.0,2.0,2.0,2141,not_young
1.507782769008355,5873.0,4.0,ds6,ds6_4,Starkes Baumholz,Starkes Baumholz_4,1.0,0.0,2.0,2.0,2.0,2.0,2142,not_young
1.192650471480808,5878.0,4.0,ds6,ds6_4,Starkes Baumholz,Starkes Baumholz_4,1.0,0.0,2.0,2.0,4.0,4.0,2143,not_young
1.888498312726185,5879.0,13.0,ds1,ds1_13,Jungwuchs/Dickung,Jungwuchs/Dickung_13,1.0,0.0,2.0,2.0,2.0,2.0,2144,young
0.668905397547409,5891.0,13.0,ds3,ds3_13,Stangenholz,Stangenholz_13,1.0,0.0,2.0,2.0,2.0,2.0,2145,not_young
0.542085872147672,5893.0,13.0,ds1,ds1_13,Jungwuchs/Dickung,Jungwuchs/Dickung_13,1.0,0.0,2.0,2.0,4.0,2.0,2146,young
1.570368453601093,5896.0,4.0,ds3,ds3_4,Stangenholz,Stangenholz_4,1.0,0.0,2.0,2.0,4.0,4.0,2147,not_young
0.630636069260252,5919.0,4.0,ds4,ds4_4,Schwaches Baumholz,Schwaches Baumholz_4,1.0,0.0,2.0,2.0,2.0,2.0,2148,not_young
0.880154641486006,5925.0,4.0,ds4,ds4_4,Schwaches Baumholz,Schwaches Baumholz_4,1.0,0.0,2.0,2.0,2.0,2.0,2149,not_young
1.152463584613914,5926.0,13.0,ds1,ds1_13,Jungwuchs/Dickung,Jungwuchs/Dickung_13,1.0,0.0,2.0,2.0,2.0,2.0,2150,young
1.643907243503747,5932.0,4.0,ds5,ds5_4,Mittleres Baumholz,Mittleres Baumholz_4,1.0,0.0,2.0,2.0,2.0,2.0,2151,not_young
0.730764417897281,5936.0,4.0,ds5,ds5_4,Mittleres Baumholz,Mittleres Baumholz_4,1.0,0.0,2.0,2.0,2.0,2.0,2152,not_young
1.103355120087661,5938.0,13.0,ds6,ds6_13,Starkes Baumholz,Starkes Baumholz_13,1.0,0.0,2.0,2.0,4.0,2.0,2153,not_young
1.660747918463899,5940.0,4.0,ds6,ds6_4,Starkes Baumholz,Starkes Baumholz_4,1.0,0.0,2.0,2.0,2.0,2.0,2154,not_young
0.952194528533542,5941.0,13.0,ds5,ds5_13,Mittleres Baumholz,Mittleres Baumholz_13,1.0,0.0,2.0,2.0,4.0,4.0,2155,not_young
0.639230071524065,5942.0,4.0,ds6,ds6_4,Starkes Baumholz,Starkes Baumholz_4,1.0,0.0,2.0,2.0,2.0,2.0,2156,not_young
0.843695431240316,5945.0,13.0,ds4,ds4_13,Schwaches Baumholz,Schwaches Baumholz_13,1.0,0.0,2.0,2.0,2.0,2.0,2157,not_young
1.589924869398945,5946.0,13.0,ds4,ds4_13,Schwaches Baumholz,Schwaches Baumholz_13,1.0,0.0,2.0,2.0,2.0,2.0,2158,not_young
0.674776061959259,5951.0,13.0,ds6,ds6_13,Starkes Baumholz,Starkes Baumholz_13,1.0,0.0,2.0,2.0,2.0,2.0,2159,not_young
0.767769200135616,5952.0,13.0,ds4,ds4_13,Schwaches Baumholz,Schwaches Baumholz_13,1.0,0.0,2.0,2.0,2.0,2.0,2160,not_young
0.756240262815775,5954.0,13.0,ds6,ds6_13,Starkes Baumholz,Starkes Baumholz_13,1.0,0.0,2.0,2.0,4.0,2.0,2161,not_young
0.529275886275398,5956.0,4.0,ds1,ds1_4,Jungwuchs/Dickung,Jungwuchs/Dickung_4,1.0,0.0,2.0,2.0,2.0,2.0,2162,young
1.485073258764204,5964.0,4.0,ds6,ds6_4,Starkes Baumholz,Starkes Baumholz_4,1.0,0.0,2.0,2.0,4.0,2.0,2163,not_young
0.520266937567899,5969.0,4.0,ds2,ds2_4,Jungwuchs/Dickung,Jungwuchs/Dickung_4,1.0,0.0,2.0,2.0,2.0,2.0,2164,young
0.503459709940478,5974.0,4.0,ds3,ds3_4,Stangenholz,Stangenholz_4,1.0,0.0,2.0,2.0,2.0,2.0,2165,not_young
0.743712516380017,6001.0,4.0,ds1,ds1_4,Jungwuchs/Dickung,Jungwuchs/Dickung_4,1.0,0.0,2.0,2.0,2.0,2.0,2166,young
0.574641026645713,6002.0,13.0,ds1,ds1_13,Jungwuchs/Dickung,Jungwuchs/Dickung_13,1.0,0.0,2.0,2.0,4.0,2.0,2167,young
0.539036328561034,6015.0,4.0,ds2,ds2_4,Jungwuchs/Dickung,Jungwuchs/Dickung_4,1.0,0.0,2.0,2.0,2.0,2.0,2168,young
0.813405858285361,6017.0,4.0,ds1,ds1_4,Jungwuchs/Dickung,Jungwuchs/Dickung_4,1.0,0.0,2.0,2.0,4.0,2.0,2169,young
0.605920708621247,6020.0,4.0,ds1,ds1_4,Jungwuchs/Dickung,Jungwuchs/Dickung_4,1.0,0.0,2.0,2.0,4.0,4.0,2170,young
0.765249998621811,6029.0,13.0,ds4,ds4_13,Schwaches Baumholz,Schwaches Baumholz_13,1.0,0.0,2.0,2.0,4.0,2.0,2171,not_young
1.673464897636138,6031.0,4.0,ds5,ds5_4,Mittleres Baumholz,Mittleres Baumholz_4,1.0,0.0,2.0,2.0,2.0,2.0,2172,not_young
0.756059555092265,6057.0,13.0,ds6,ds6_13,Starkes Baumholz,Starkes Baumholz_13,1.0,0.0,2.0,2.0,2.0,2.0,2173,not_young
1.331836863221403,6058.0,4.0,ds4,ds4_4,Schwaches Baumholz,Schwaches Baumholz_4,1.0,0.0,2.0,2.0,4.0,2.0,2174,not_young
0.617585175019735,6067.0,4.0,ds5,ds5_4,Mittleres Baumholz,Mittleres Baumholz_4,1.0,0.0,2.0,2.0,2.0,2.0,2175,not_young
0.508964079254627,6068.0,13.0,ds6,ds6_13,Starkes Baumholz,Starkes Baumholz_13,1.0,0.0,2.0,2.0,2.0,2.0,2176,not_young
0.651789183094353,6072.0,13.0,ds5,ds5_13,Mittleres Baumholz,Mittleres Baumholz_13,1.0,0.0,2.0,2.0,4.0,2.0,2177,not_young
1.204929815839656,6074.0,13.0,ds1,ds1_13,Jungwuchs/Dickung,Jungwuchs/Dickung_13,1.0,0.0,2.0,2.0,2.0,2.0,2178,young
0.780339068460651,6077.0,13.0,ds5,ds5_13,Mittleres Baumholz,Mittleres Baumholz_13,1.0,0.0,2.0,2.0,2.0,2.0,2179,not_young
1.833912991224171,6078.0,13.0,ds6,ds6_13,Starkes Baumholz,Starkes Baumholz_13,1.0,0.0,2.0,2.0,2.0,2.0,2180,not_young
0.668624120312883,6081.0,13.0,ds6,ds6_13,Starkes Baumholz,Starkes Baumholz_13,1.0,0.0,2.0,2.0,2.0,2.0,2181,not_young
2.345783528820402,6082.0,13.0,ds6,ds6_13,Starkes Baumholz,Starkes Baumholz_13,1.0,0.0,2.0,2.0,4.0,4.0,2182,not_young
0.710876165104123,6087.0,4.0,ds6,ds6_4,Starkes Baumholz,Starkes Baumholz_4,1.0,0.0,2.0,2.0,4.0,2.0,2183,not_young
0.572776144664007,6088.0,4.0,ds6,ds6_4,Starkes Baumholz,Starkes Baumholz_4,1.0,0.0,2.0,2.0,4.0,2.0,2184,not_young
0.598556866742694,6100.0,13.0,ds1,ds1_13,Jungwuchs/Dickung,Jungwuchs/Dickung_13,1.0,0.0,2.0,2.0,4.0,4.0,2185,young
0.758034737993521,6104.0,4.0,ds6,ds6_4,Starkes Baumholz,Starkes Baumholz_4,1.0,0.0,2.0,2.0,2.0,2.0,2186,not_young
0.540880116715874,6108.0,4.0,ds3,ds3_4,Stangenholz,Stangenholz_4,1.0,0.0,2.0,2.0,4.0,2.0,2187,not_young
0.534459591103892,6112.0,4.0,ds5,ds5_4,Mittleres Baumholz,Mittleres Baumholz_4,1.0,0.0,2.0,2.0,4.0,2.0,2188,not_young
0.773057334294528,6113.0,4.0,ds4,ds4_4,Schwaches Baumholz,Schwaches Baumholz_4,1.0,0.0,2.0,2.0,2.0,2.0,2189,not_young
0.520974065708183,6114.0,4.0,ds4,ds4_4,Schwaches Baumholz,Schwaches Baumholz_4,1.0,0.0,2.0,2.0,4.0,2.0,2190,not_young
0.699428335408971,6116.0,13.0,ds6,ds6_13,Starkes Baumholz,Starkes Baumholz_13,1.0,0.0,2.0,2.0,2.0,2.0,2191,not_young
0.722422382034001,6117.0,4.0,ds3,ds3_4,Stangenholz,Stangenholz_4,1.0,0.0,2.0,2.0,4.0,2.0,2192,not_young
0.580182626840193,6118.0,4.0,ds6,ds6_4,Starkes Baumholz,Starkes Baumholz_4,1.0,0.0,2.0,2.0,2.0,2.0,2193,not_young
1.123331175677572,6137.0,13.0,ds5,ds5_13,Mittleres Baumholz,Mittleres Baumholz_13,1.0,0.0,2.0,2.0,2.0,2.0,2194,not_young
2.192905516826481,6139.0,4.0,ds6,ds6_4,Starkes Baumholz,Starkes Baumholz_4,1.0,0.0,2.0,2.0,2.0,2.0,2195,not_young
1.026257315833785,6142.0,4.0,ds1,ds1_4,Jungwuchs/Dickung,Jungwuchs/Dickung_4,1.0,0.0,2.0,2.0,2.0,2.0,2196,young
1.340425248940451,6146.0,13.0,ds6,ds6_13,Starkes Baumholz,Starkes Baumholz_13,1.0,0.0,2.0,2.0,2.0,2.0,2197,not_young
1.287001842017751,6147.0,13.0,ds4,ds4_13,Schwaches Baumholz,Schwaches Baumholz_13,1.0,0.0,2.0,2.0,2.0,2.0,2198,not_young
0.772563524647011,6151.0,13.0,ds1,ds1_13,Jungwuchs/Dickung,Jungwuchs/Dickung_13,1.0,0.0,2.0,2.0,4.0,2.0,2199,young
0.600787165174051,6155.0,4.0,ds6,ds6_4,Starkes Baumholz,Starkes Baumholz_4,1.0,0.0,2.0,2.0,2.0,2.0,2200,not_young
0.601489002364781,6168.0,4.0,ds5,ds5_4,Mittleres Baumholz,Mittleres Baumholz_4,1.0,0.0,2.0,2.0,2.0,2.0,2201,not_young
0.579351971004438,6169.0,13.0,ds4,ds4_13,Schwaches Baumholz,Schwaches Baumholz_13,1.0,0.0,2.0,2.0,2.0,2.0,2202,not_young
0.77294002237352,6173.0,4.0,ds4,ds4_4,Schwaches Baumholz,Schwaches Baumholz_4,1.0,0.0,2.0,2.0,2.0,2.0,2203,not_young
2.598662035825337,6181.0,4.0,ds6,ds6_4,Starkes Baumholz,Starkes Baumholz_4,1.0,0.0,2.0,2.0,4.0,4.0,2204,not_young
0.59882527396743,6197.0,4.0,ds1,ds1_4,Jungwuchs/Dickung,Jungwuchs/Dickung_4,1.0,0.0,2.0,2.0,4.0,2.0,2205,young
1.106986492029356,6198.0,4.0,ds6,ds6_4,Starkes Baumholz,Starkes Baumholz_4,1.0,0.0,2.0,2.0,2.0,2.0,2206,not_young
1.412433253136551,6208.0,13.0,ds5,ds5_13,Mittleres Baumholz,Mittleres Baumholz_13,1.0,0.0,2.0,2.0,2.0,2.0,2207,not_young
2.877112878259743,6210.0,4.0,ds6,ds6_4,Starkes Baumholz,Starkes Baumholz_4,1.0,0.0,2.0,2.0,4.0,2.0,2208,not_young
0.607241212620586,6211.0,13.0,ds1,ds1_13,Jungwuchs/Dickung,Jungwuchs/Dickung_13,1.0,0.0,2.0,2.0,2.0,2.0,2209,young
1.225179432419548,6212.0,4.0,ds6,ds6_4,Starkes Baumholz,Starkes Baumholz_4,1.0,0.0,2.0,2.0,4.0,4.0,2210,not_young
1.693162418722315,6216.0,13.0,ds5,ds5_13,Mittleres Baumholz,Mittleres Baumholz_13,1.0,0.0,2.0,2.0,4.0,2.0,2211,not_young
1.051162957498539,6217.0,13.0,ds3,ds3_13,Stangenholz,Stangenholz_13,1.0,0.0,2.0,2.0,4.0,4.0,2212,not_young
1.035710227988978,6218.0,4.0,ds6,ds6_4,Starkes Baumholz,Starkes Baumholz_4,1.0,0.0,2.0,2.0,4.0,2.0,2213,not_young
1.052124674245651,6219.0,4.0,ds4,ds4_4,Schwaches Baumholz,Schwaches Baumholz_4,1.0,0.0,2.0,2.0,4.0,2.0,2214,not_young
0.783989666387253,6220.0,4.0,ds3,ds3_4,Stangenholz,Stangenholz_4,1.0,0.0,2.0,2.0,2.0,2.0,2215,not_young
0.577159973274353,6222.0,4.0,ds2,ds2_4,Jungwuchs/Dickung,Jungwuchs/Dickung_4,1.0,0.0,2.0,2.0,4.0,4.0,2216,young
0.830009236424009,6223.0,4.0,ds5,ds5_4,Mittleres Baumholz,Mittleres Baumholz_4,1.0,0.0,2.0,2.0,2.0,2.0,2217,not_young
0.51898147585094,6224.0,4.0,ds6,ds6_4,Starkes Baumholz,Starkes Baumholz_4,1.0,0.0,2.0,2.0,2.0,2.0,2218,not_young
1.593709059746035,6225.0,4.0,ds5,ds5_4,Mittleres Baumholz,Mittleres Baumholz_4,1.0,0.0,2.0,2.0,2.0,2.0,2219,not_young
1.183282826348441,6226.0,4.0,ds5,ds5_4,Mittleres Baumholz,Mittleres Baumholz_4,1.0,0.0,2.0,2.0,2.0,2.0,2220,not_young
0.653597505801567,6228.0,4.0,ds5,ds5_4,Mittleres Baumholz,Mittleres Baumholz_4,1.0,1.0,1.0,1.0,1.0,1.0,2221,not_young
2.891300768518221,6229.0,4.0,ds5,ds5_4,Mittleres Baumholz,Mittleres Baumholz_4,1.0,0.0,2.0,2.0,2.0,2.0,2222,not_young
1.65683014314473,6232.0,13.0,ds4,ds4_13,Schwaches Baumholz,Schwaches Baumholz_13,1.0,0.0,2.0,2.0,4.0,4.0,2223,not_young
0.701372977746674,6233.0,13.0,ds3,ds3_13,Stangenholz,Stangenholz_13,1.0,0.0,2.0,2.0,2.0,2.0,2224,not_young
1.310366825786187,6234.0,4.0,ds6,ds6_4,Starkes Baumholz,Starkes Baumholz_4,1.0,0.0,2.0,2.0,2.0,2.0,2225,not_young
7.856819280694446,6237.0,13.0,ds6,ds6_13,Starkes Baumholz,Starkes Baumholz_13,1.0,0.0,2.0,2.0,4.0,2.0,2226,not_young
0.535281185954306,6241.0,13.0,ds3,ds3_13,Stangenholz,Stangenholz_13,1.0,0.0,2.0,2.0,2.0,2.0,2227,not_young
0.647278791052348,6245.0,4.0,ds5,ds5_4,Mittleres Baumholz,Mittleres Baumholz_4,1.0,0.0,2.0,2.0,2.0,2.0,2228,not_young
0.667074709611567,6251.0,13.0,ds5,ds5_13,Mittleres Baumholz,Mittleres Baumholz_13,1.0,0.0,2.0,2.0,4.0,2.0,2229,not_young
3.035105046494783,6252.0,4.0,ds6,ds6_4,Starkes Baumholz,Starkes Baumholz_4,1.0,0.0,2.0,2.0,2.0,2.0,2230,not_young
0.719677520813164,6255.0,4.0,ds6,ds6_4,Starkes Baumholz,Starkes Baumholz_4,1.0,0.0,2.0,2.0,2.0,2.0,2231,not_young
1.257404845580232,6256.0,4.0,ds6,ds6_4,Starkes Baumholz,Starkes Baumholz_4,1.0,0.0,2.0,2.0,4.0,4.0,2232,not_young
1.265570958880871,6257.0,13.0,ds5,ds5_13,Mittleres Baumholz,Mittleres Baumholz_13,1.0,0.0,2.0,2.0,4.0,2.0,2233,not_young
0.541359669989272,6258.0,13.0,ds6,ds6_13,Starkes Baumholz,Starkes Baumholz_13,1.0,0.0,2.0,2.0,2.0,2.0,2234,not_young
0.654145416828676,6259.0,4.0,ds6,ds6_4,Starkes Baumholz,Starkes Baumholz_4,1.0,0.0,2.0,2.0,4.0,4.0,2235,not_young
0.532179726388404,6261.0,4.0,ds4,ds4_4,Schwaches Baumholz,Schwaches Baumholz_4,1.0,0.0,2.0,2.0,4.0,2.0,2236,not_young
0.653864274166874,6262.0,13.0,ds1,ds1_13,Jungwuchs/Dickung,Jungwuchs/Dickung_13,1.0,0.0,2.0,2.0,4.0,4.0,2237,young
0.517416500870045,6263.0,4.0,ds5,ds5_4,Mittleres Baumholz,Mittleres Baumholz_4,1.0,0.0,2.0,2.0,4.0,2.0,2238,not_young
0.591014778582069,6267.0,4.0,ds1,ds1_4,Jungwuchs/Dickung,Jungwuchs/Dickung_4,1.0,0.0,2.0,2.0,4.0,2.0,2239,young
0.549186786074261,6271.0,13.0,ds6,ds6_13,Starkes Baumholz,Starkes Baumholz_13,1.0,0.0,2.0,2.0,2.0,2.0,2240,not_young
0.504617830690715,6275.0,4.0,ds3,ds3_4,Stangenholz,Stangenholz_4,1.0,0.0,2.0,2.0,2.0,2.0,2241,not_young
0.950643068748422,6276.0,4.0,ds4,ds4_4,Schwaches Baumholz,Schwaches Baumholz_4,1.0,0.0,2.0,2.0,2.0,2.0,2242,not_young
0.519557886146478,6277.0,4.0,ds2,ds2_4,Jungwuchs/Dickung,Jungwuchs/Dickung_4,1.0,0.0,2.0,2.0,4.0,2.0,2243,young
3.747684892442738,6279.0,13.0,ds6,ds6_13,Starkes Baumholz,Starkes Baumholz_13,1.0,0.0,2.0,2.0,2.0,2.0,2244,not_young
0.560610045311262,6281.0,4.0,ds6,ds6_4,Starkes Baumholz,Starkes Baumholz_4,1.0,0.0,2.0,2.0,2.0,2.0,2245,not_young
1.990071318084421,6283.0,4.0,ds1,ds1_4,Jungwuchs/Dickung,Jungwuchs/Dickung_4,1.0,0.0,2.0,2.0,2.0,2.0,2246,young
0.508054292750545,6286.0,4.0,ds4,ds4_4,Schwaches Baumholz,Schwaches Baumholz_4,1.0,0.0,2.0,2.0,2.0,2.0,2247,not_young
0.633149816815171,6287.0,4.0,ds3,ds3_4,Stangenholz,Stangenholz_4,1.0,0.0,2.0,2.0,2.0,2.0,2248,not_young
1.300284158803854,6288.0,4.0,ds5,ds5_4,Mittleres Baumholz,Mittleres Baumholz_4,1.0,0.0,2.0,2.0,2.0,2.0,2249,not_young
0.562333711603936,6290.0,4.0,ds3,ds3_4,Stangenholz,Stangenholz_4,1.0,0.0,2.0,2.0,2.0,2.0,2250,not_young
0.585301473895903,6292.0,4.0,ds6,ds6_4,Starkes Baumholz,Starkes Baumholz_4,1.0,0.0,2.0,2.0,2.0,2.0,2251,not_young
1.802006328332739,6293.0,13.0,ds6,ds6_13,Starkes Baumholz,Starkes Baumholz_13,1.0,0.0,2.0,2.0,4.0,4.0,2252,not_young
0.773671087025374,6294.0,13.0,ds6,ds6_13,Starkes Baumholz,Starkes Baumholz_13,1.0,0.0,2.0,2.0,2.0,2.0,2253,not_young
12.372798849910607,6295.0,4.0,ds5,ds5_4,Mittleres Baumholz,Mittleres Baumholz_4,1.0,0.0,2.0,2.0,4.0,4.0,2254,not_young
1.661210417159653,6296.0,4.0,ds1,ds1_4,Jungwuchs/Dickung,Jungwuchs/Dickung_4,1.0,0.0,2.0,2.0,4.0,2.0,2255,young
1.677284105338151,6297.0,4.0,ds3,ds3_4,Stangenholz,Stangenholz_4,1.0,0.0,2.0,2.0,4.0,2.0,2256,not_young
0.566157555251249,6298.0,4.0,ds4,ds4_4,Schwaches Baumholz,Schwaches Baumholz_4,1.0,0.0,2.0,2.0,2.0,2.0,2257,not_young
1.165479071945968,6299.0,13.0,ds4,ds4_13,Schwaches Baumholz,Schwaches Baumholz_13,1.0,0.0,2.0,2.0,2.0,2.0,2258,not_young
0.592035421531869,6300.0,4.0,ds5,ds5_4,Mittleres Baumholz,Mittleres Baumholz_4,1.0,0.0,2.0,2.0,2.0,2.0,2259,not_young
1.046119464019037,6302.0,4.0,ds2,ds2_4,Jungwuchs/Dickung,Jungwuchs/Dickung_4,1.0,0.0,2.0,2.0,4.0,2.0,2260,young
0.910863794244785,6303.0,13.0,ds6,ds6_13,Starkes Baumholz,Starkes Baumholz_13,1.0,0.0,2.0,2.0,2.0,2.0,2261,not_young
1.833661859444156,6304.0,4.0,ds4,ds4_4,Schwaches Baumholz,Schwaches Baumholz_4,1.0,0.0,2.0,2.0,2.0,2.0,2262,not_young
0.859274995601792,6305.0,4.0,ds4,ds4_4,Schwaches Baumholz,Schwaches Baumholz_4,1.0,0.0,2.0,2.0,4.0,2.0,2263,not_young
4.88644390570393,6306.0,4.0,ds1,ds1_4,Jungwuchs/Dickung,Jungwuchs/Dickung_4,1.0,0.0,2.0,2.0,2.0,2.0,2264,young
0.969843496015806,6307.0,4.0,ds1,ds1_4,Jungwuchs/Dickung,Jungwuchs/Dickung_4,1.0,0.0,2.0,2.0,4.0,4.0,2265,young
0.827172316220071,6308.0,13.0,ds5,ds5_13,Mittleres Baumholz,Mittleres Baumholz_13,1.0,0.0,2.0,2.0,2.0,2.0,2266,not_young
0.670563886333024,6309.0,4.0,ds5,ds5_4,Mittleres Baumholz,Mittleres Baumholz_4,1.0,0.0,2.0,2.0,4.0,2.0,2267,not_young
0.560872489700615,6310.0,4.0,ds6,ds6_4,Starkes Baumholz,Starkes Baumholz_4,1.0,0.0,2.0,2.0,2.0,2.0,2268,not_young
0.613394452045881,6311.0,4.0,ds5,ds5_4,Mittleres Baumholz,Mittleres Baumholz_4,1.0,0.0,2.0,2.0,4.0,4.0,2269,not_young
0.686590486848689,6312.0,4.0,ds4,ds4_4,Schwaches Baumholz,Schwaches Baumholz_4,1.0,1.0,1.0,1.0,1.0,1.0,2270,not_young
1.263358377167885,6313.0,4.0,ds5,ds5_4,Mittleres Baumholz,Mittleres Baumholz_4,1.0,0.0,2.0,2.0,4.0,2.0,2271,not_young
0.713439099430665,6320.0,13.0,ds6,ds6_13,Starkes Baumholz,Starkes Baumholz_13,1.0,0.0,2.0,2.0,4.0,4.0,2272,not_young
1.211285272350256,6321.0,4.0,ds4,ds4_4,Schwaches Baumholz,Schwaches Baumholz_4,1.0,0.0,2.0,2.0,4.0,4.0,2273,not_young
0.686917687050117,6333.0,4.0,ds3,ds3_4,Stangenholz,Stangenholz_4,1.0,0.0,2.0,2.0,2.0,2.0,2274,not_young
0.668858043374214,6338.0,4.0,ds3,ds3_4,Stangenholz,Stangenholz_4,1.0,0.0,2.0,2.0,2.0,2.0,2275,not_young
1.290739950920549,6339.0,4.0,ds5,ds5_4,Mittleres Baumholz,Mittleres Baumholz_4,1.0,0.0,2.0,2.0,4.0,2.0,2276,not_young
0.58494828661799,6342.0,13.0,ds5,ds5_13,Mittleres Baumholz,Mittleres Baumholz_13,1.0,0.0,2.0,2.0,4.0,2.0,2277,not_young
0.572338990879408,6344.0,13.0,ds5,ds5_13,Mittleres Baumholz,Mittleres Baumholz_13,1.0,0.0,2.0,2.0,4.0,2.0,2278,not_young
0.563140421985753,6345.0,4.0,ds3,ds3_4,Stangenholz,Stangenholz_4,1.0,0.0,2.0,2.0,2.0,2.0,2279,not_young
0.500604607485514,6347.0,13.0,ds1,ds1_13,Jungwuchs/Dickung,Jungwuchs/Dickung_13,1.0,0.0,2.0,2.0,2.0,2.0,2280,young
1.185281772136496,6349.0,13.0,ds4,ds4_13,Schwaches Baumholz,Schwaches Baumholz_13,1.0,0.0,2.0,2.0,2.0,2.0,2281,not_young
0.757795285493456,6350.0,13.0,ds6,ds6_13,Starkes Baumholz,Starkes Baumholz_13,1.0,0.0,2.0,2.0,4.0,2.0,2282,not_young
2.8500676707851,6363.0,13.0,ds1,ds1_13,Jungwuchs/Dickung,Jungwuchs/Dickung_13,1.0,0.0,2.0,2.0,4.0,2.0,2283,young
0.725325217272714,6365.0,13.0,ds6,ds6_13,Starkes Baumholz,Starkes Baumholz_13,1.0,0.0,2.0,2.0,2.0,2.0,2284,not_young
0.613875418982981,6366.0,4.0,ds5,ds5_4,Mittleres Baumholz,Mittleres Baumholz_4,1.0,0.0,2.0,2.0,2.0,2.0,2285,not_young
0.570013332219247,6367.0,13.0,ds4,ds4_13,Schwaches Baumholz,Schwaches Baumholz_13,1.0,0.0,2.0,2.0,4.0,2.0,2286,not_young
1.527341192584345,6370.0,13.0,ds6,ds6_13,Starkes Baumholz,Starkes Baumholz_13,1.0,0.0,2.0,2.0,2.0,2.0,2287,not_young
0.997399911460967,6372.0,13.0,ds3,ds3_13,Stangenholz,Stangenholz_13,1.0,0.0,2.0,2.0,2.0,2.0,2288,not_young
0.806429511117446,6376.0,13.0,ds6,ds6_13,Starkes Baumholz,Starkes Baumholz_13,1.0,0.0,2.0,2.0,2.0,2.0,2289,not_young
0.646669096365094,6378.0,4.0,ds1,ds1_4,Jungwuchs/Dickung,Jungwuchs/Dickung_4,1.0,0.0,2.0,2.0,2.0,2.0,2290,young
0.565366617852426,6379.0,4.0,ds5,ds5_4,Mittleres Baumholz,Mittleres Baumholz_4,1.0,0.0,2.0,2.0,2.0,2.0,2291,not_young
1.01054004594544,6381.0,13.0,ds3,ds3_13,Stangenholz,Stangenholz_13,1.0,0.0,2.0,2.0,4.0,2.0,2292,not_young
0.946010874193674,6383.0,13.0,ds4,ds4_13,Schwaches Baumholz,Schwaches Baumholz_13,1.0,0.0,2.0,2.0,2.0,2.0,2293,not_young
3.103007861834223,6385.0,13.0,ds6,ds6_13,Starkes Baumholz,Starkes Baumholz_13,1.0,0.0,2.0,2.0,2.0,2.0,2294,not_young
1.854202072085068,6386.0,13.0,ds6,ds6_13,Starkes Baumholz,Starkes Baumholz_13,1.0,0.0,2.0,2.0,2.0,2.0,2295,not_young
0.969257070325728,6391.0,4.0,ds4,ds4_4,Schwaches Baumholz,Schwaches Baumholz_4,1.0,0.0,2.0,2.0,2.0,2.0,2296,not_young
2.052124989516667,6399.0,4.0,ds4,ds4_4,Schwaches Baumholz,Schwaches Baumholz_4,1.0,0.0,2.0,2.0,4.0,2.0,2297,not_young
0.607334174895565,6401.0,13.0,ds4,ds4_13,Schwaches Baumholz,Schwaches Baumholz_13,1.0,0.0,2.0,2.0,4.0,2.0,2298,not_young
0.971483290331659,6403.0,13.0,ds6,ds6_13,Starkes Baumholz,Starkes Baumholz_13,1.0,0.0,2.0,2.0,4.0,2.0,2299,not_young
2.188982871533156,6408.0,13.0,ds6,ds6_13,Starkes Baumholz,Starkes Baumholz_13,1.0,0.0,2.0,2.0,2.0,2.0,2300,not_young
1.204357796578505,6410.0,13.0,ds4,ds4_13,Schwaches Baumholz,Schwaches Baumholz_13,1.0,0.0,2.0,2.0,4.0,2.0,2301,not_young
2.443323132088525,6411.0,13.0,ds5,ds5_13,Mittleres Baumholz,Mittleres Baumholz_13,1.0,0.0,2.0,2.0,2.0,2.0,2302,not_young
4.808227819631826,6413.0,4.0,ds4,ds4_4,Schwaches Baumholz,Schwaches Baumholz_4,1.0,0.0,2.0,2.0,2.0,2.0,2303,not_young
0.836699647672521,6414.0,4.0,ds3,ds3_4,Stangenholz,Stangenholz_4,1.0,0.0,2.0,2.0,4.0,2.0,2304,not_young
7.455040396209352,6415.0,13.0,ds5,ds5_13,Mittleres Baumholz,Mittleres Baumholz_13,1.0,0.0,2.0,2.0,2.0,2.0,2305,not_young
1.572739227038899,6416.0,4.0,ds3,ds3_4,Stangenholz,Stangenholz_4,1.0,0.0,2.0,2.0,2.0,2.0,2306,not_young
0.768568248056329,6418.0,13.0,ds4,ds4_13,Schwaches Baumholz,Schwaches Baumholz_13,1.0,0.0,2.0,2.0,2.0,2.0,2307,not_young
1.552476960645028,6419.0,4.0,ds5,ds5_4,Mittleres Baumholz,Mittleres Baumholz_4,1.0,0.0,2.0,2.0,2.0,2.0,2308,not_young
0.538615556422423,6422.0,13.0,ds5,ds5_13,Mittleres Baumholz,Mittleres Baumholz_13,1.0,0.0,2.0,2.0,2.0,2.0,2309,not_young
1.030373107794303,6423.0,13.0,ds4,ds4_13,Schwaches Baumholz,Schwaches Baumholz_13,1.0,0.0,2.0,2.0,4.0,4.0,2310,not_young
1.025339064906049,6426.0,4.0,ds5,ds5_4,Mittleres Baumholz,Mittleres Baumholz_4,1.0,0.0,2.0,2.0,2.0,2.0,2311,not_young
0.620004097314749,6427.0,4.0,ds6,ds6_4,Starkes Baumholz,Starkes Baumholz_4,1.0,0.0,2.0,2.0,2.0,2.0,2312,not_young
0.723320694190927,6434.0,4.0,ds4,ds4_4,Schwaches Baumholz,Schwaches Baumholz_4,1.0,0.0,2.0,2.0,2.0,2.0,2313,not_young
1.326782367826347,6438.0,4.0,ds4,ds4_4,Schwaches Baumholz,Schwaches Baumholz_4,1.0,0.0,2.0,2.0,4.0,4.0,2314,not_young
0.508996379001183,6439.0,4.0,ds3,ds3_4,Stangenholz,Stangenholz_4,1.0,0.0,2.0,2.0,4.0,2.0,2315,not_young
0.655801821071235,6440.0,13.0,ds5,ds5_13,Mittleres Baumholz,Mittleres Baumholz_13,1.0,0.0,2.0,2.0,2.0,2.0,2316,not_young
0.678160395533563,6442.0,4.0,ds6,ds6_4,Starkes Baumholz,Starkes Baumholz_4,1.0,0.0,2.0,2.0,2.0,2.0,2317,not_young
1.919255574003444,6443.0,4.0,ds4,ds4_4,Schwaches Baumholz,Schwaches Baumholz_4,1.0,0.0,2.0,2.0,2.0,2.0,2318,not_young
0.671629610795528,6444.0,4.0,ds4,ds4_4,Schwaches Baumholz,Schwaches Baumholz_4,1.0,0.0,2.0,2.0,2.0,2.0,2319,not_young
0.763012019464508,6446.0,4.0,ds3,ds3_4,Stangenholz,Stangenholz_4,1.0,0.0,2.0,2.0,2.0,2.0,2320,not_young
0.726870239226311,6447.0,13.0,ds3,ds3_13,Stangenholz,Stangenholz_13,1.0,0.0,2.0,2.0,2.0,2.0,2321,not_young
2.63706344327486,6448.0,4.0,ds3,ds3_4,Stangenholz,Stangenholz_4,1.0,0.0,2.0,2.0,2.0,2.0,2322,not_young
1.165627722721023,6449.0,4.0,ds4,ds4_4,Schwaches Baumholz,Schwaches Baumholz_4,1.0,0.0,2.0,2.0,2.0,2.0,2323,not_young
1.662168846723624,6450.0,13.0,ds5,ds5_13,Mittleres Baumholz,Mittleres Baumholz_13,1.0,0.0,2.0,2.0,2.0,2.0,2324,not_young
2.354716962624108,6451.0,4.0,ds4,ds4_4,Schwaches Baumholz,Schwaches Baumholz_4,1.0,0.0,2.0,2.0,2.0,2.0,2325,not_young
1.698189377403141,6452.0,4.0,ds5,ds5_4,Mittleres Baumholz,Mittleres Baumholz_4,1.0,0.0,2.0,2.0,2.0,2.0,2326,not_young
0.901926713158347,6455.0,4.0,ds2,ds2_4,Jungwuchs/Dickung,Jungwuchs/Dickung_4,0.0,0.0,3.0,3.0,4.0,4.0,2327,young
0.878540150488046,6456.0,4.0,ds1,ds1_4,Jungwuchs/Dickung,Jungwuchs/Dickung_4,0.0,0.0,3.0,3.0,3.0,3.0,2328,young
0.71444054509608,6463.0,4.0,ds2,ds2_4,Jungwuchs/Dickung,Jungwuchs/Dickung_4,0.0,0.0,3.0,3.0,3.0,3.0,2329,young
1.678278904323047,6464.0,4.0,ds5,ds5_4,Mittleres Baumholz,Mittleres Baumholz_4,0.0,0.0,3.0,3.0,4.0,4.0,2330,not_young
1.045588204133394,6466.0,4.0,ds3,ds3_4,Stangenholz,Stangenholz_4,0.0,0.0,3.0,3.0,3.0,3.0,2331,not_young
0.509514313580049,6467.0,13.0,ds2,ds2_13,Jungwuchs/Dickung,Jungwuchs/Dickung_13,0.0,0.0,3.0,3.0,4.0,3.0,2332,young
1.149078166744555,6468.0,4.0,ds5,ds5_4,Mittleres Baumholz,Mittleres Baumholz_4,0.0,0.0,3.0,3.0,3.0,3.0,2333,not_young
0.926185440806224,6469.0,4.0,ds5,ds5_4,Mittleres Baumholz,Mittleres Baumholz_4,0.0,0.0,3.0,3.0,3.0,3.0,2334,not_young
0.939931928202786,6470.0,13.0,ds5,ds5_13,Mittleres Baumholz,Mittleres Baumholz_13,0.0,0.0,3.0,3.0,3.0,3.0,2335,not_young
0.834453771343047,6471.0,4.0,ds3,ds3_4,Stangenholz,Stangenholz_4,0.0,0.0,3.0,3.0,4.0,3.0,2336,not_young
0.726518735234067,6474.0,13.0,ds6,ds6_13,Starkes Baumholz,Starkes Baumholz_13,0.0,0.0,3.0,3.0,3.0,3.0,2337,not_young
0.69123328183752,6477.0,4.0,ds2,ds2_4,Jungwuchs/Dickung,Jungwuchs/Dickung_4,0.0,0.0,3.0,3.0,4.0,3.0,2338,young
1.036946455603372,6486.0,4.0,ds4,ds4_4,Schwaches Baumholz,Schwaches Baumholz_4,0.0,0.0,3.0,3.0,3.0,3.0,2339,not_young
0.575782427397311,6494.0,4.0,ds6,ds6_4,Starkes Baumholz,Starkes Baumholz_4,0.0,0.0,3.0,3.0,4.0,4.0,2340,not_young
0.78423920587902,6495.0,4.0,ds6,ds6_4,Starkes Baumholz,Starkes Baumholz_4,0.0,0.0,3.0,3.0,3.0,3.0,2341,not_young
0.872487999106734,6496.0,4.0,ds3,ds3_4,Stangenholz,Stangenholz_4,0.0,0.0,3.0,1.0,4.0,3.0,2342,not_young
0.553972947104694,6497.0,4.0,ds2,ds2_4,Jungwuchs/Dickung,Jungwuchs/Dickung_4,0.0,0.0,3.0,3.0,3.0,3.0,2343,young
0.681132053859718,6499.0,4.0,ds4,ds4_4,Schwaches Baumholz,Schwaches Baumholz_4,0.0,0.0,3.0,3.0,3.0,3.0,2344,not_young
0.791895530805178,6500.0,4.0,ds2,ds2_4,Jungwuchs/Dickung,Jungwuchs/Dickung_4,0.0,0.0,3.0,3.0,3.0,3.0,2345,young
1.434299677175365,6503.0,4.0,ds2,ds2_4,Jungwuchs/Dickung,Jungwuchs/Dickung_4,0.0,0.0,3.0,3.0,3.0,3.0,2346,young
0.906975297737983,6505.0,4.0,ds4,ds4_4,Schwaches Baumholz,Schwaches Baumholz_4,0.0,0.0,3.0,3.0,3.0,3.0,2347,not_young
0.857746428798944,6509.0,4.0,ds2,ds2_4,Jungwuchs/Dickung,Jungwuchs/Dickung_4,0.0,0.0,3.0,3.0,3.0,3.0,2348,young
0.558652331670281,6510.0,4.0,ds3,ds3_4,Stangenholz,Stangenholz_4,0.0,0.0,3.0,3.0,3.0,3.0,2349,not_young
3.83924149116138,6511.0,4.0,ds6,ds6_4,Starkes Baumholz,Starkes Baumholz_4,0.0,0.0,3.0,3.0,3.0,3.0,2350,not_young
1.703082824413059,6512.0,4.0,ds5,ds5_4,Mittleres Baumholz,Mittleres Baumholz_4,0.0,0.0,3.0,3.0,3.0,3.0,2351,not_young
2.96505409494415,6515.0,4.0,ds5,ds5_4,Mittleres Baumholz,Mittleres Baumholz_4,0.0,0.0,3.0,3.0,3.0,3.0,2352,not_young
0.67416866873987,6516.0,13.0,ds5,ds5_13,Mittleres Baumholz,Mittleres Baumholz_13,0.0,0.0,3.0,3.0,3.0,3.0,2353,not_young
4.156207708908105,6518.0,4.0,ds5,ds5_4,Mittleres Baumholz,Mittleres Baumholz_4,0.0,0.0,3.0,3.0,4.0,3.0,2354,not_young
0.884053851422342,6519.0,4.0,ds4,ds4_4,Schwaches Baumholz,Schwaches Baumholz_4,0.0,0.0,3.0,3.0,4.0,3.0,2355,not_young
1.954904960354057,6520.0,13.0,ds4,ds4_13,Schwaches Baumholz,Schwaches Baumholz_13,0.0,0.0,3.0,3.0,4.0,3.0,2356,not_young
0.703118821517957,6529.0,4.0,ds4,ds4_4,Schwaches Baumholz,Schwaches Baumholz_4,0.0,0.0,3.0,3.0,3.0,3.0,2357,not_young
0.631199419451482,6531.0,4.0,ds1,ds1_4,Jungwuchs/Dickung,Jungwuchs/Dickung_4,0.0,0.0,3.0,3.0,3.0,3.0,2358,young
0.76960628888011,6602.0,4.0,ds5,ds5_4,Mittleres Baumholz,Mittleres Baumholz_4,0.0,0.0,3.0,3.0,4.0,3.0,2359,not_young
0.800099227123288,6612.0,13.0,ds5,ds5_13,Mittleres Baumholz,Mittleres Baumholz_13,0.0,0.0,3.0,3.0,4.0,3.0,2360,not_young
1.362965851893649,6613.0,4.0,ds5,ds5_4,Mittleres Baumholz,Mittleres Baumholz_4,0.0,0.0,3.0,3.0,3.0,3.0,2361,not_young
0.62423758012125,6614.0,13.0,ds6,ds6_13,Starkes Baumholz,Starkes Baumholz_13,0.0,0.0,3.0,3.0,3.0,3.0,2362,not_young
0.73547590459052,6619.0,4.0,ds3,ds3_4,Stangenholz,Stangenholz_4,0.0,0.0,3.0,3.0,4.0,3.0,2363,not_young
0.580796879917895,6622.0,13.0,ds6,ds6_13,Starkes Baumholz,Starkes Baumholz_13,0.0,0.0,3.0,3.0,3.0,3.0,2364,not_young
0.759953248147108,6626.0,4.0,ds2,ds2_4,Jungwuchs/Dickung,Jungwuchs/Dickung_4,0.0,0.0,3.0,3.0,4.0,4.0,2365,young
0.683829515243194,6627.0,4.0,ds4,ds4_4,Schwaches Baumholz,Schwaches Baumholz_4,0.0,0.0,3.0,3.0,3.0,3.0,2366,not_young
0.768766252730088,6628.0,13.0,ds6,ds6_13,Starkes Baumholz,Starkes Baumholz_13,0.0,0.0,3.0,3.0,3.0,3.0,2367,not_young
0.704038283812488,6629.0,4.0,ds4,ds4_4,Schwaches Baumholz,Schwaches Baumholz_4,0.0,0.0,3.0,3.0,4.0,4.0,2368,not_young
0.765484963918774,6630.0,4.0,ds4,ds4_4,Schwaches Baumholz,Schwaches Baumholz_4,0.0,0.0,3.0,3.0,3.0,3.0,2369,not_young
0.68252213086799,6631.0,4.0,ds4,ds4_4,Schwaches Baumholz,Schwaches Baumholz_4,0.0,0.0,3.0,3.0,3.0,3.0,2370,not_young
0.783168705235585,6632.0,4.0,ds4,ds4_4,Schwaches Baumholz,Schwaches Baumholz_4,0.0,0.0,3.0,3.0,3.0,3.0,2371,not_young
0.803454579868596,6633.0,4.0,ds3,ds3_4,Stangenholz,Stangenholz_4,0.0,0.0,3.0,3.0,4.0,4.0,2372,not_young
0.990945739461659,6635.0,4.0,ds5,ds5_4,Mittleres Baumholz,Mittleres Baumholz_4,0.0,0.0,3.0,3.0,4.0,3.0,2373,not_young
0.65402250403637,6645.0,4.0,ds1,ds1_4,Jungwuchs/Dickung,Jungwuchs/Dickung_4,0.0,0.0,3.0,3.0,4.0,3.0,2374,young
0.725512457514205,6649.0,4.0,ds1,ds1_4,Jungwuchs/Dickung,Jungwuchs/Dickung_4,0.0,0.0,3.0,3.0,3.0,3.0,2375,young
0.526667654358828,6657.0,4.0,ds1,ds1_4,Jungwuchs/Dickung,Jungwuchs/Dickung_4,0.0,0.0,3.0,3.0,4.0,3.0,2376,young
0.696173570019473,6669.0,4.0,ds1,ds1_4,Jungwuchs/Dickung,Jungwuchs/Dickung_4,0.0,0.0,3.0,3.0,3.0,3.0,2377,young
0.509634185149858,6670.0,4.0,ds5,ds5_4,Mittleres Baumholz,Mittleres Baumholz_4,0.0,0.0,3.0,3.0,3.0,3.0,2378,not_young
0.615893596203264,6672.0,4.0,ds1,ds1_4,Jungwuchs/Dickung,Jungwuchs/Dickung_4,0.0,0.0,3.0,3.0,4.0,3.0,2379,young
1.33460579869118,6676.0,4.0,ds1,ds1_4,Jungwuchs/Dickung,Jungwuchs/Dickung_4,0.0,0.0,3.0,3.0,3.0,3.0,2380,young
2.130764683840319,6677.0,4.0,ds1,ds1_4,Jungwuchs/Dickung,Jungwuchs/Dickung_4,0.0,0.0,3.0,3.0,3.0,3.0,2381,young
0.988319186936601,6678.0,4.0,ds2,ds2_4,Jungwuchs/Dickung,Jungwuchs/Dickung_4,0.0,0.0,3.0,3.0,3.0,3.0,2382,young
1.933046081611316,6679.0,5.0,ds2,ds2_5,Jungwuchs/Dickung,Jungwuchs/Dickung_5,0.0,0.0,3.0,3.0,3.0,3.0,2383,young
0.649847540348861,6680.0,13.0,ds1,ds1_13,Jungwuchs/Dickung,Jungwuchs/Dickung_13,0.0,0.0,3.0,3.0,4.0,4.0,2384,young
0.927092620572576,6681.0,13.0,ds6,ds6_13,Starkes Baumholz,Starkes Baumholz_13,0.0,0.0,3.0,3.0,3.0,3.0,2385,not_young
0.717817884706613,6682.0,13.0,ds2,ds2_13,Jungwuchs/Dickung,Jungwuchs/Dickung_13,0.0,0.0,3.0,3.0,4.0,4.0,2386,young
0.516458366334531,6683.0,4.0,ds1,ds1_4,Jungwuchs/Dickung,Jungwuchs/Dickung_4,0.0,0.0,3.0,3.0,3.0,3.0,2387,young
0.59243955411053,6684.0,4.0,ds6,ds6_4,Starkes Baumholz,Starkes Baumholz_4,0.0,0.0,3.0,3.0,3.0,3.0,2388,not_young
1.393399246374658,6686.0,4.0,ds2,ds2_4,Jungwuchs/Dickung,Jungwuchs/Dickung_4,0.0,0.0,3.0,3.0,3.0,3.0,2389,young
1.726798528985551,6687.0,13.0,ds6,ds6_13,Starkes Baumholz,Starkes Baumholz_13,0.0,0.0,3.0,3.0,4.0,3.0,2390,not_young
0.868719332521223,6688.0,4.0,ds4,ds4_4,Schwaches Baumholz,Schwaches Baumholz_4,0.0,0.0,3.0,3.0,3.0,3.0,2391,not_young
2.226043685582932,6689.0,13.0,ds6,ds6_13,Starkes Baumholz,Starkes Baumholz_13,0.0,0.0,3.0,3.0,3.0,3.0,2392,not_young
0.5555695610811,6690.0,13.0,ds5,ds5_13,Mittleres Baumholz,Mittleres Baumholz_13,0.0,0.0,3.0,3.0,4.0,3.0,2393,not_young
0.678079082484916,6697.0,4.0,ds1,ds1_4,Jungwuchs/Dickung,Jungwuchs/Dickung_4,0.0,0.0,3.0,3.0,3.0,3.0,2394,young
0.519031933888607,6701.0,4.0,ds1,ds1_4,Jungwuchs/Dickung,Jungwuchs/Dickung_4,0.0,0.0,3.0,3.0,4.0,3.0,2395,young
0.583447003843077,6703.0,4.0,ds5,ds5_4,Mittleres Baumholz,Mittleres Baumholz_4,0.0,0.0,3.0,3.0,3.0,3.0,2396,not_young
0.571950520203589,6707.0,4.0,ds2,ds2_4,Jungwuchs/Dickung,Jungwuchs/Dickung_4,0.0,0.0,3.0,3.0,4.0,3.0,2397,young
1.097880137114413,6709.0,4.0,ds1,ds1_4,Jungwuchs/Dickung,Jungwuchs/Dickung_4,0.0,0.0,3.0,3.0,3.0,3.0,2398,young
0.504312151784077,6715.0,4.0,ds5,ds5_4,Mittleres Baumholz,Mittleres Baumholz_4,0.0,0.0,3.0,3.0,4.0,4.0,2399,not_young
0.745228740580007,6717.0,4.0,ds1,ds1_4,Jungwuchs/Dickung,Jungwuchs/Dickung_4,0.0,0.0,3.0,3.0,4.0,3.0,2400,young
0.585095510025695,6721.0,13.0,ds5,ds5_13,Mittleres Baumholz,Mittleres Baumholz_13,0.0,0.0,3.0,3.0,3.0,3.0,2401,not_young
1.231276640667021,6722.0,4.0,ds3,ds3_4,Stangenholz,Stangenholz_4,0.0,0.0,3.0,3.0,3.0,3.0,2402,not_young
0.537695258844085,6723.0,4.0,ds2,ds2_4,Jungwuchs/Dickung,Jungwuchs/Dickung_4,0.0,0.0,3.0,3.0,3.0,3.0,2403,young
0.555934276592731,6725.0,13.0,ds5,ds5_13,Mittleres Baumholz,Mittleres Baumholz_13,0.0,1.0,1.0,1.0,1.0,1.0,2404,not_young
0.747353737171367,6726.0,4.0,ds1,ds1_4,Jungwuchs/Dickung,Jungwuchs/Dickung_4,0.0,0.0,3.0,3.0,4.0,3.0,2405,young
1.02732351283133,6729.0,4.0,ds3,ds3_4,Stangenholz,Stangenholz_4,0.0,1.0,1.0,1.0,1.0,1.0,2406,not_young
0.533776019823199,6738.0,4.0,ds3,ds3_4,Stangenholz,Stangenholz_4,0.0,0.0,3.0,3.0,3.0,3.0,2407,not_young
1.279391867259903,6739.0,4.0,ds3,ds3_4,Stangenholz,Stangenholz_4,0.0,1.0,1.0,1.0,1.0,1.0,2408,not_young
0.668136917888001,6742.0,4.0,ds2,ds2_4,Jungwuchs/Dickung,Jungwuchs/Dickung_4,0.0,0.0,3.0,3.0,3.0,3.0,2409,young
0.537247260351619,6746.0,4.0,ds6,ds6_4,Starkes Baumholz,Starkes Baumholz_4,0.0,1.0,1.0,1.0,1.0,1.0,2410,not_young
1.43160532822432,6748.0,4.0,ds4,ds4_4,Schwaches Baumholz,Schwaches Baumholz_4,0.0,0.0,3.0,3.0,3.0,3.0,2411,not_young
0.677379685899196,6749.0,4.0,ds4,ds4_4,Schwaches Baumholz,Schwaches Baumholz_4,0.0,0.0,3.0,3.0,3.0,3.0,2412,not_young
0.753157947086555,6753.0,4.0,ds4,ds4_4,Schwaches Baumholz,Schwaches Baumholz_4,0.0,0.0,3.0,3.0,3.0,3.0,2413,not_young
0.646192764101271,6756.0,4.0,ds4,ds4_4,Schwaches Baumholz,Schwaches Baumholz_4,0.0,0.0,3.0,3.0,3.0,3.0,2414,not_young
0.683719837181608,6760.0,4.0,ds5,ds5_4,Mittleres Baumholz,Mittleres Baumholz_4,0.0,0.0,3.0,3.0,3.0,3.0,2415,not_young
0.834450670920313,6764.0,13.0,ds3,ds3_13,Stangenholz,Stangenholz_13,0.0,0.0,3.0,3.0,4.0,3.0,2416,not_young
1.040246606019232,6766.0,4.0,ds1,ds1_4,Jungwuchs/Dickung,Jungwuchs/Dickung_4,0.0,1.0,1.0,1.0,1.0,1.0,2417,young
0.575046790756658,6769.0,4.0,ds5,ds5_4,Mittleres Baumholz,Mittleres Baumholz_4,0.0,0.0,3.0,3.0,3.0,3.0,2418,not_young
0.540428595125212,6771.0,4.0,ds3,ds3_4,Stangenholz,Stangenholz_4,0.0,0.0,3.0,3.0,3.0,3.0,2419,not_young
0.759237545747589,6772.0,4.0,ds3,ds3_4,Stangenholz,Stangenholz_4,0.0,0.0,3.0,3.0,3.0,3.0,2420,not_young
0.579223899869318,6774.0,4.0,ds1,ds1_4,Jungwuchs/Dickung,Jungwuchs/Dickung_4,0.0,0.0,3.0,3.0,4.0,3.0,2421,young
1.454200536677847,6775.0,4.0,ds5,ds5_4,Mittleres Baumholz,Mittleres Baumholz_4,0.0,1.0,1.0,1.0,1.0,1.0,2422,not_young
0.828724847682554,6776.0,4.0,ds4,ds4_4,Schwaches Baumholz,Schwaches Baumholz_4,0.0,0.0,3.0,3.0,3.0,3.0,2423,not_young
1.969756995752794,6777.0,4.0,ds5,ds5_4,Mittleres Baumholz,Mittleres Baumholz_4,0.0,0.0,3.0,3.0,3.0,3.0,2424,not_young
0.942151971965019,6778.0,4.0,ds4,ds4_4,Schwaches Baumholz,Schwaches Baumholz_4,0.0,0.0,3.0,3.0,4.0,3.0,2425,not_young
1.980679954655748,6779.0,4.0,ds3,ds3_4,Stangenholz,Stangenholz_4,0.0,0.0,3.0,3.0,3.0,3.0,2426,not_young
1.034492552127619,6780.0,4.0,ds4,ds4_4,Schwaches Baumholz,Schwaches Baumholz_4,0.0,1.0,1.0,1.0,1.0,1.0,2427,not_young
0.737545056725899,6782.0,13.0,ds3,ds3_13,Stangenholz,Stangenholz_13,0.0,1.0,1.0,1.0,1.0,1.0,2428,not_young
0.629118418008392,6783.0,4.0,ds4,ds4_4,Schwaches Baumholz,Schwaches Baumholz_4,0.0,0.0,3.0,3.0,4.0,3.0,2429,not_young
0.990825744185224,6784.0,13.0,ds5,ds5_13,Mittleres Baumholz,Mittleres Baumholz_13,0.0,1.0,1.0,1.0,1.0,1.0,2430,not_young
2.455998783599213,6785.0,4.0,ds5,ds5_4,Mittleres Baumholz,Mittleres Baumholz_4,0.0,0.0,3.0,3.0,3.0,3.0,2431,not_young
3.327475351855718,6786.0,4.0,ds3,ds3_4,Stangenholz,Stangenholz_4,0.0,0.0,3.0,3.0,3.0,3.0,2432,not_young
1.609577506680845,6787.0,4.0,ds4,ds4_4,Schwaches Baumholz,Schwaches Baumholz_4,0.0,1.0,1.0,1.0,1.0,1.0,2433,not_young
0.898704559159279,6788.0,13.0,ds3,ds3_13,Stangenholz,Stangenholz_13,0.0,1.0,1.0,1.0,1.0,1.0,2434,not_young
1.139838991056057,6789.0,13.0,ds2,ds2_13,Jungwuchs/Dickung,Jungwuchs/Dickung_13,0.0,0.0,3.0,3.0,3.0,3.0,2435,young
0.508545941576023,6790.0,4.0,ds6,ds6_4,Starkes Baumholz,Starkes Baumholz_4,0.0,0.0,3.0,3.0,3.0,3.0,2436,not_young
1.058909117689915,6794.0,4.0,ds4,ds4_4,Schwaches Baumholz,Schwaches Baumholz_4,0.0,0.0,3.0,3.0,3.0,3.0,2437,not_young
0.875548434601196,6797.0,4.0,ds4,ds4_4,Schwaches Baumholz,Schwaches Baumholz_4,0.0,1.0,1.0,1.0,1.0,1.0,2438,not_young
3.909914894316974,6799.0,4.0,ds4,ds4_4,Schwaches Baumholz,Schwaches Baumholz_4,0.0,0.0,3.0,3.0,3.0,3.0,2439,not_young
1.306930292525306,6800.0,4.0,ds5,ds5_4,Mittleres Baumholz,Mittleres Baumholz_4,0.0,0.0,3.0,3.0,3.0,3.0,2440,not_young
0.54235970158237,6803.0,4.0,ds5,ds5_4,Mittleres Baumholz,Mittleres Baumholz_4,0.0,0.0,3.0,3.0,3.0,3.0,2441,not_young
5.276682553838334,6804.0,4.0,ds5,ds5_4,Mittleres Baumholz,Mittleres Baumholz_4,0.0,1.0,1.0,1.0,1.0,1.0,2442,not_young
0.823369392526522,6805.0,4.0,ds1,ds1_4,Jungwuchs/Dickung,Jungwuchs/Dickung_4,0.0,1.0,1.0,1.0,1.0,1.0,2443,young
2.011465004372067,6806.0,4.0,ds2,ds2_4,Jungwuchs/Dickung,Jungwuchs/Dickung_4,0.0,0.0,3.0,3.0,4.0,4.0,2444,young
0.791345029147854,6810.0,4.0,ds3,ds3_4,Stangenholz,Stangenholz_4,0.0,0.0,3.0,3.0,4.0,4.0,2445,not_young
2.264615961535648,6813.0,4.0,ds2,ds2_4,Jungwuchs/Dickung,Jungwuchs/Dickung_4,0.0,0.0,3.0,3.0,3.0,3.0,2446,young
4.727847486933088,6815.0,13.0,ds4,ds4_13,Schwaches Baumholz,Schwaches Baumholz_13,0.0,1.0,1.0,1.0,1.0,1.0,2447,not_young
0.871660729412281,6816.0,4.0,ds2,ds2_4,Jungwuchs/Dickung,Jungwuchs/Dickung_4,0.0,0.0,3.0,3.0,3.0,3.0,2448,young
3.545504954432021,6818.0,4.0,ds2,ds2_4,Jungwuchs/Dickung,Jungwuchs/Dickung_4,0.0,0.0,3.0,3.0,4.0,4.0,2449,young
2.165495254788339,6819.0,13.0,ds3,ds3_13,Stangenholz,Stangenholz_13,0.0,1.0,1.0,1.0,1.0,1.0,2450,not_young
1.807418780479802,6823.0,4.0,ds2,ds2_4,Jungwuchs/Dickung,Jungwuchs/Dickung_4,0.0,0.0,3.0,3.0,3.0,3.0,2451,young
0.538292414999101,6826.0,4.0,ds3,ds3_4,Stangenholz,Stangenholz_4,0.0,0.0,3.0,3.0,3.0,3.0,2452,not_young
0.512888061336335,6828.0,4.0,ds4,ds4_4,Schwaches Baumholz,Schwaches Baumholz_4,0.0,0.0,3.0,3.0,3.0,3.0,2453,not_young
2.231184871965958,6830.0,4.0,ds4,ds4_4,Schwaches Baumholz,Schwaches Baumholz_4,0.0,0.0,3.0,3.0,3.0,3.0,2454,not_young
0.574351114448416,6831.0,4.0,ds4,ds4_4,Schwaches Baumholz,Schwaches Baumholz_4,0.0,0.0,3.0,3.0,3.0,3.0,2455,not_young
2.338446753048967,6832.0,4.0,ds5,ds5_4,Mittleres Baumholz,Mittleres Baumholz_4,0.0,0.0,3.0,3.0,3.0,3.0,2456,not_young
1.36547997009611,6834.0,4.0,ds4,ds4_4,Schwaches Baumholz,Schwaches Baumholz_4,0.0,0.0,3.0,3.0,4.0,3.0,2457,not_young
1.132587717551392,6835.0,4.0,ds3,ds3_4,Stangenholz,Stangenholz_4,0.0,0.0,3.0,3.0,3.0,3.0,2458,not_young
0.948202014161367,6837.0,4.0,ds4,ds4_4,Schwaches Baumholz,Schwaches Baumholz_4,0.0,0.0,3.0,3.0,4.0,3.0,2459,not_young
0.744125976621982,6838.0,4.0,ds4,ds4_4,Schwaches Baumholz,Schwaches Baumholz_4,0.0,0.0,3.0,3.0,4.0,4.0,2460,not_young
0.592181278401753,6840.0,4.0,ds3,ds3_4,Stangenholz,Stangenholz_4,0.0,0.0,3.0,3.0,3.0,3.0,2461,not_young
0.854794544529973,6842.0,4.0,ds3,ds3_4,Stangenholz,Stangenholz_4,0.0,0.0,3.0,3.0,3.0,3.0,2462,not_young
2.513579934570682,6843.0,4.0,ds4,ds4_4,Schwaches Baumholz,Schwaches Baumholz_4,0.0,0.0,3.0,3.0,4.0,3.0,2463,not_young
2.183021271734475,6844.0,4.0,ds4,ds4_4,Schwaches Baumholz,Schwaches Baumholz_4,0.0,0.0,3.0,3.0,3.0,3.0,2464,not_young
0.688961976870429,6845.0,4.0,ds3,ds3_4,Stangenholz,Stangenholz_4,0.0,0.0,3.0,3.0,3.0,3.0,2465,not_young
1.544316555715044,6846.0,4.0,ds3,ds3_4,Stangenholz,Stangenholz_4,0.0,0.0,3.0,3.0,3.0,3.0,2466,not_young
0.620969392675476,6847.0,4.0,ds4,ds4_4,Schwaches Baumholz,Schwaches Baumholz_4,0.0,1.0,1.0,1.0,1.0,1.0,2467,not_young
0.970860346248699,6848.0,4.0,ds3,ds3_4,Stangenholz,Stangenholz_4,0.0,0.0,3.0,3.0,3.0,3.0,2468,not_young
0.75923985697265,6849.0,4.0,ds5,ds5_4,Mittleres Baumholz,Mittleres Baumholz_4,0.0,1.0,1.0,1.0,1.0,1.0,2469,not_young
1.282265334614174,6850.0,4.0,ds5,ds5_4,Mittleres Baumholz,Mittleres Baumholz_4,0.0,0.0,3.0,3.0,4.0,3.0,2470,not_young
0.70685899100923,6851.0,4.0,ds4,ds4_4,Schwaches Baumholz,Schwaches Baumholz_4,0.0,0.0,3.0,3.0,3.0,3.0,2471,not_young
3.409501551683317,6852.0,4.0,ds4,ds4_4,Schwaches Baumholz,Schwaches Baumholz_4,0.0,0.0,3.0,3.0,3.0,3.0,2472,not_young
1.561421300599227,6853.0,4.0,ds4,ds4_4,Schwaches Baumholz,Schwaches Baumholz_4,0.0,0.0,3.0,3.0,3.0,3.0,2473,not_young
0.913166770622821,6854.0,4.0,ds4,ds4_4,Schwaches Baumholz,Schwaches Baumholz_4,0.0,0.0,3.0,3.0,4.0,3.0,2474,not_young
1.877819370517024,6855.0,4.0,ds3,ds3_4,Stangenholz,Stangenholz_4,0.0,0.0,3.0,3.0,3.0,3.0,2475,not_young
0.762662043306144,6857.0,4.0,ds4,ds4_4,Schwaches Baumholz,Schwaches Baumholz_4,0.0,0.0,3.0,3.0,3.0,3.0,2476,not_young
1.459970168375224,6859.0,4.0,ds6,ds6_4,Starkes Baumholz,Starkes Baumholz_4,0.0,0.0,3.0,3.0,3.0,3.0,2477,not_young
0.792281433337531,6860.0,4.0,ds4,ds4_4,Schwaches Baumholz,Schwaches Baumholz_4,0.0,0.0,3.0,3.0,4.0,3.0,2478,not_young
0.838639800538099,6861.0,4.0,ds4,ds4_4,Schwaches Baumholz,Schwaches Baumholz_4,0.0,0.0,3.0,3.0,4.0,3.0,2479,not_young
0.866780690281582,6864.0,13.0,ds2,ds2_13,Jungwuchs/Dickung,Jungwuchs/Dickung_13,0.0,0.0,3.0,3.0,3.0,3.0,2480,young
1.287585953028345,6865.0,4.0,ds6,ds6_4,Starkes Baumholz,Starkes Baumholz_4,0.0,0.0,3.0,3.0,4.0,3.0,2481,not_young
1.290735290925671,6866.0,13.0,ds4,ds4_13,Schwaches Baumholz,Schwaches Baumholz_13,0.0,0.0,3.0,3.0,4.0,4.0,2482,not_young
0.6609778277345,6915.0,4.0,ds1,ds1_4,Jungwuchs/Dickung,Jungwuchs/Dickung_4,0.0,0.0,3.0,3.0,3.0,3.0,2483,young
0.516953654712881,6936.0,4.0,ds1,ds1_4,Jungwuchs/Dickung,Jungwuchs/Dickung_4,0.0,0.0,3.0,3.0,3.0,3.0,2484,young
0.604094029218279,6944.0,4.0,ds5,ds5_4,Mittleres Baumholz,Mittleres Baumholz_4,0.0,0.0,3.0,3.0,4.0,3.0,2485,not_young
0.624019794820457,6956.0,4.0,ds3,ds3_4,Stangenholz,Stangenholz_4,0.0,0.0,3.0,3.0,3.0,3.0,2486,not_young
0.553178105368585,6957.0,4.0,ds3,ds3_4,Stangenholz,Stangenholz_4,0.0,0.0,3.0,3.0,4.0,4.0,2487,not_young
0.863651122493122,6958.0,4.0,ds2,ds2_4,Jungwuchs/Dickung,Jungwuchs/Dickung_4,0.0,0.0,3.0,3.0,3.0,3.0,2488,young
0.722603371851955,6959.0,4.0,ds5,ds5_4,Mittleres Baumholz,Mittleres Baumholz_4,0.0,0.0,3.0,3.0,3.0,3.0,2489,not_young
0.519563584395234,7012.0,4.0,ds3,ds3_4,Stangenholz,Stangenholz_4,0.0,0.0,3.0,3.0,4.0,4.0,2490,not_young
0.817271176819439,7014.0,13.0,ds6,ds6_13,Starkes Baumholz,Starkes Baumholz_13,0.0,0.0,3.0,3.0,3.0,3.0,2491,not_young
0.80032739782189,7016.0,4.0,ds6,ds6_4,Starkes Baumholz,Starkes Baumholz_4,0.0,0.0,3.0,3.0,3.0,3.0,2492,not_young
0.869607061204081,7020.0,4.0,ds6,ds6_4,Starkes Baumholz,Starkes Baumholz_4,0.0,0.0,3.0,3.0,3.0,3.0,2493,not_young
0.633652018287889,7021.0,13.0,ds4,ds4_13,Schwaches Baumholz,Schwaches Baumholz_13,0.0,0.0,3.0,3.0,3.0,3.0,2494,not_young
0.607428154305532,7024.0,13.0,ds2,ds2_13,Jungwuchs/Dickung,Jungwuchs/Dickung_13,0.0,0.0,3.0,3.0,3.0,3.0,2495,young
0.977193600197136,7031.0,13.0,ds5,ds5_13,Mittleres Baumholz,Mittleres Baumholz_13,0.0,1.0,1.0,1.0,3.0,3.0,2496,not_young
1.005108564954624,7032.0,13.0,ds1,ds1_13,Jungwuchs/Dickung,Jungwuchs/Dickung_13,0.0,0.0,3.0,3.0,3.0,3.0,2497,young
0.575703797700349,7038.0,13.0,ds3,ds3_13,Stangenholz,Stangenholz_13,0.0,0.0,3.0,3.0,3.0,3.0,2498,not_young
2.793859452748398,7039.0,4.0,ds1,ds1_4,Jungwuchs/Dickung,Jungwuchs/Dickung_4,0.0,0.0,3.0,3.0,4.0,4.0,2499,young
0.531419996065274,7040.0,4.0,ds1,ds1_4,Jungwuchs/Dickung,Jungwuchs/Dickung_4,0.0,0.0,3.0,3.0,4.0,3.0,2500,young
0.550181191427633,7045.0,4.0,ds1,ds1_4,Jungwuchs/Dickung,Jungwuchs/Dickung_4,0.0,0.0,3.0,3.0,3.0,3.0,2501,young
1.806729934758833,7050.0,4.0,ds4,ds4_4,Schwaches Baumholz,Schwaches Baumholz_4,0.0,0.0,3.0,3.0,3.0,3.0,2502,not_young
0.628246059670043,7051.0,4.0,ds3,ds3_4,Stangenholz,Stangenholz_4,0.0,0.0,3.0,3.0,3.0,3.0,2503,not_young
0.541738206137717,7054.0,13.0,ds2,ds2_13,Jungwuchs/Dickung,Jungwuchs/Dickung_13,0.0,0.0,3.0,3.0,3.0,3.0,2504,young
0.677747649262007,7062.0,4.0,ds5,ds5_4,Mittleres Baumholz,Mittleres Baumholz_4,0.0,0.0,3.0,3.0,3.0,3.0,2505,not_young
0.849516977707576,7063.0,13.0,ds6,ds6_13,Starkes Baumholz,Starkes Baumholz_13,0.0,0.0,3.0,3.0,3.0,3.0,2506,not_young
1.099000209120568,7069.0,13.0,ds3,ds3_13,Stangenholz,Stangenholz_13,0.0,0.0,3.0,3.0,4.0,4.0,2507,not_young
0.526858500305377,7075.0,4.0,ds2,ds2_4,Jungwuchs/Dickung,Jungwuchs/Dickung_4,0.0,0.0,3.0,3.0,4.0,3.0,2508,young
0.534484029237996,7077.0,13.0,ds1,ds1_13,Jungwuchs/Dickung,Jungwuchs/Dickung_13,0.0,0.0,3.0,3.0,3.0,3.0,2509,young
0.912458374869917,7084.0,13.0,ds5,ds5_13,Mittleres Baumholz,Mittleres Baumholz_13,0.0,0.0,3.0,1.0,3.0,3.0,2510,not_young
0.652729586532759,7085.0,13.0,ds4,ds4_13,Schwaches Baumholz,Schwaches Baumholz_13,0.0,0.0,3.0,3.0,3.0,3.0,2511,not_young
1.41991004427732,7086.0,13.0,ds6,ds6_13,Starkes Baumholz,Starkes Baumholz_13,0.0,0.0,3.0,3.0,4.0,3.0,2512,not_young
0.511316782571329,7088.0,13.0,ds2,ds2_13,Jungwuchs/Dickung,Jungwuchs/Dickung_13,0.0,0.0,3.0,3.0,3.0,3.0,2513,young
0.557217941585742,7092.0,4.0,ds2,ds2_4,Jungwuchs/Dickung,Jungwuchs/Dickung_4,0.0,0.0,3.0,3.0,4.0,4.0,2514,young
1.431387955165096,7093.0,4.0,ds5,ds5_4,Mittleres Baumholz,Mittleres Baumholz_4,0.0,0.0,3.0,3.0,3.0,3.0,2515,not_young
0.799373710420542,7094.0,13.0,ds3,ds3_13,Stangenholz,Stangenholz_13,0.0,0.0,3.0,3.0,3.0,3.0,2516,not_young
0.883358963341406,7096.0,13.0,ds4,ds4_13,Schwaches Baumholz,Schwaches Baumholz_13,0.0,0.0,3.0,3.0,4.0,4.0,2517,not_young
0.637967270272272,7098.0,13.0,ds4,ds4_13,Schwaches Baumholz,Schwaches Baumholz_13,0.0,0.0,3.0,3.0,3.0,3.0,2518,not_young
0.639007129727793,7100.0,13.0,ds3,ds3_13,Stangenholz,Stangenholz_13,0.0,0.0,3.0,3.0,4.0,3.0,2519,not_young
0.547252583012544,7101.0,13.0,ds6,ds6_13,Starkes Baumholz,Starkes Baumholz_13,0.0,0.0,3.0,3.0,3.0,3.0,2520,not_young
1.503155678855954,7102.0,13.0,ds6,ds6_13,Starkes Baumholz,Starkes Baumholz_13,0.0,0.0,3.0,3.0,3.0,3.0,2521,not_young
1.643274663962377,7103.0,13.0,ds1,ds1_13,Jungwuchs/Dickung,Jungwuchs/Dickung_13,0.0,0.0,3.0,3.0,4.0,4.0,2522,young
2.831190606320184,7107.0,13.0,ds4,ds4_13,Schwaches Baumholz,Schwaches Baumholz_13,0.0,0.0,3.0,3.0,3.0,3.0,2523,not_young
1.003390822724634,7108.0,4.0,ds4,ds4_4,Schwaches Baumholz,Schwaches Baumholz_4,0.0,0.0,3.0,3.0,3.0,3.0,2524,not_young
0.78478735341127,7109.0,4.0,ds3,ds3_4,Stangenholz,Stangenholz_4,0.0,0.0,3.0,3.0,3.0,3.0,2525,not_young
0.592332186439261,7110.0,4.0,ds5,ds5_4,Mittleres Baumholz,Mittleres Baumholz_4,0.0,0.0,3.0,3.0,3.0,3.0,2526,not_young
0.96837523855539,7113.0,4.0,ds6,ds6_4,Starkes Baumholz,Starkes Baumholz_4,0.0,0.0,3.0,3.0,3.0,3.0,2527,not_young
1.018413961558742,7114.0,4.0,ds6,ds6_4,Starkes Baumholz,Starkes Baumholz_4,0.0,0.0,3.0,3.0,3.0,3.0,2528,not_young
1.767824404678447,7116.0,13.0,ds2,ds2_13,Jungwuchs/Dickung,Jungwuchs/Dickung_13,0.0,0.0,3.0,3.0,3.0,3.0,2529,young
1.247856074985699,7117.0,4.0,ds1,ds1_4,Jungwuchs/Dickung,Jungwuchs/Dickung_4,0.0,0.0,3.0,3.0,3.0,3.0,2530,young
2.982029879517958,7118.0,13.0,ds6,ds6_13,Starkes Baumholz,Starkes Baumholz_13,0.0,1.0,1.0,1.0,3.0,3.0,2531,not_young
1.7250846409149,7120.0,4.0,ds2,ds2_4,Jungwuchs/Dickung,Jungwuchs/Dickung_4,0.0,0.0,3.0,3.0,4.0,3.0,2532,young
0.805978213002859,7121.0,4.0,ds2,ds2_4,Jungwuchs/Dickung,Jungwuchs/Dickung_4,0.0,0.0,3.0,3.0,4.0,4.0,2533,young
2.354430278964527,7122.0,13.0,ds5,ds5_13,Mittleres Baumholz,Mittleres Baumholz_13,0.0,1.0,1.0,1.0,1.0,1.0,2534,not_young
1.754245323950518,7123.0,4.0,ds5,ds5_4,Mittleres Baumholz,Mittleres Baumholz_4,0.0,0.0,3.0,3.0,3.0,3.0,2535,not_young
1.080128873879198,7124.0,13.0,ds4,ds4_13,Schwaches Baumholz,Schwaches Baumholz_13,0.0,1.0,1.0,1.0,1.0,1.0,2536,not_young
1.733356080755592,7125.0,4.0,ds4,ds4_4,Schwaches Baumholz,Schwaches Baumholz_4,0.0,0.0,3.0,3.0,3.0,3.0,2537,not_young
0.940372187426128,7126.0,4.0,ds3,ds3_4,Stangenholz,Stangenholz_4,0.0,0.0,3.0,3.0,3.0,3.0,2538,not_young
1.581635593606308,7127.0,4.0,ds5,ds5_4,Mittleres Baumholz,Mittleres Baumholz_4,0.0,0.0,3.0,3.0,4.0,3.0,2539,not_young
2.387306914123544,7129.0,4.0,ds4,ds4_4,Schwaches Baumholz,Schwaches Baumholz_4,0.0,0.0,3.0,3.0,4.0,3.0,2540,not_young
2.990739894519793,7130.0,4.0,ds5,ds5_4,Mittleres Baumholz,Mittleres Baumholz_4,0.0,0.0,3.0,3.0,3.0,3.0,2541,not_young
0.879515381374024,7132.0,13.0,ds3,ds3_13,Stangenholz,Stangenholz_13,0.0,0.0,3.0,3.0,4.0,3.0,2542,not_young
0.925139508293103,7134.0,13.0,ds1,ds1_13,Jungwuchs/Dickung,Jungwuchs/Dickung_13,0.0,0.0,3.0,3.0,3.0,3.0,2543,young
0.702970336983889,7136.0,13.0,ds3,ds3_13,Stangenholz,Stangenholz_13,0.0,0.0,3.0,3.0,4.0,4.0,2544,not_young
1.39518148713006,7137.0,4.0,ds6,ds6_4,Starkes Baumholz,Starkes Baumholz_4,0.0,0.0,3.0,3.0,3.0,3.0,2545,not_young
0.506109287445305,7138.0,4.0,ds6,ds6_4,Starkes Baumholz,Starkes Baumholz_4,0.0,0.0,3.0,3.0,3.0,3.0,2546,not_young
0.948459779823944,7141.0,13.0,ds5,ds5_13,Mittleres Baumholz,Mittleres Baumholz_13,0.0,0.0,3.0,3.0,4.0,3.0,2547,not_young
1.056957755820733,7142.0,13.0,ds5,ds5_13,Mittleres Baumholz,Mittleres Baumholz_13,0.0,0.0,3.0,3.0,3.0,3.0,2548,not_young
0.879709598286823,7143.0,4.0,ds5,ds5_4,Mittleres Baumholz,Mittleres Baumholz_4,0.0,0.0,3.0,3.0,3.0,3.0,2549,not_young
2.291795526410733,7145.0,13.0,ds4,ds4_13,Schwaches Baumholz,Schwaches Baumholz_13,0.0,0.0,3.0,3.0,3.0,3.0,2550,not_young
0.71215242879008,7146.0,4.0,ds2,ds2_4,Jungwuchs/Dickung,Jungwuchs/Dickung_4,0.0,0.0,3.0,3.0,4.0,4.0,2551,young
1.008206225668267,7147.0,13.0,ds5,ds5_13,Mittleres Baumholz,Mittleres Baumholz_13,0.0,0.0,3.0,3.0,3.0,3.0,2552,not_young
0.76277357565593,7148.0,4.0,ds2,ds2_4,Jungwuchs/Dickung,Jungwuchs/Dickung_4,0.0,0.0,3.0,3.0,4.0,3.0,2553,young
1.892147444944503,7149.0,4.0,ds5,ds5_4,Mittleres Baumholz,Mittleres Baumholz_4,0.0,0.0,3.0,3.0,4.0,3.0,2554,not_young
1.389523993750895,7150.0,4.0,ds5,ds5_4,Mittleres Baumholz,Mittleres Baumholz_4,0.0,0.0,3.0,3.0,4.0,3.0,2555,not_young
0.546296352333296,7152.0,13.0,ds4,ds4_13,Schwaches Baumholz,Schwaches Baumholz_13,0.0,0.0,3.0,3.0,4.0,3.0,2556,not_young
0.508156236069137,7156.0,4.0,ds3,ds3_4,Stangenholz,Stangenholz_4,0.0,0.0,3.0,3.0,3.0,3.0,2557,not_young
0.713232147962373,7157.0,4.0,ds3,ds3_4,Stangenholz,Stangenholz_4,0.0,0.0,3.0,3.0,4.0,4.0,2558,not_young
0.65342673307769,7158.0,4.0,ds6,ds6_4,Starkes Baumholz,Starkes Baumholz_4,0.0,1.0,1.0,1.0,3.0,3.0,2559,not_young
0.688775166266132,7159.0,13.0,ds2,ds2_13,Jungwuchs/Dickung,Jungwuchs/Dickung_13,0.0,0.0,3.0,3.0,3.0,3.0,2560,young
0.573480014382908,7162.0,4.0,ds2,ds2_4,Jungwuchs/Dickung,Jungwuchs/Dickung_4,0.0,0.0,3.0,3.0,4.0,3.0,2561,young
0.671619001309946,7163.0,4.0,ds5,ds5_4,Mittleres Baumholz,Mittleres Baumholz_4,0.0,0.0,3.0,3.0,4.0,3.0,2562,not_young
1.2665857146936,7167.0,4.0,ds2,ds2_4,Jungwuchs/Dickung,Jungwuchs/Dickung_4,0.0,0.0,3.0,3.0,3.0,3.0,2563,young
0.629781302501494,7171.0,4.0,ds2,ds2_4,Jungwuchs/Dickung,Jungwuchs/Dickung_4,0.0,0.0,3.0,3.0,3.0,3.0,2564,young
0.600099169040005,7174.0,4.0,ds4,ds4_4,Schwaches Baumholz,Schwaches Baumholz_4,0.0,0.0,3.0,3.0,3.0,3.0,2565,not_young
0.587769776758636,7176.0,13.0,ds2,ds2_13,Jungwuchs/Dickung,Jungwuchs/Dickung_13,0.0,0.0,3.0,3.0,3.0,3.0,2566,young
0.595579025301011,7178.0,13.0,ds2,ds2_13,Jungwuchs/Dickung,Jungwuchs/Dickung_13,0.0,0.0,3.0,3.0,3.0,3.0,2567,young
0.535288247129927,7179.0,4.0,ds2,ds2_4,Jungwuchs/Dickung,Jungwuchs/Dickung_4,0.0,0.0,3.0,3.0,3.0,3.0,2568,young
0.504737654589536,7180.0,13.0,ds1,ds1_13,Jungwuchs/Dickung,Jungwuchs/Dickung_13,0.0,0.0,3.0,3.0,3.0,3.0,2569,young
2.943426474749018,7184.0,13.0,ds4,ds4_13,Schwaches Baumholz,Schwaches Baumholz_13,0.0,1.0,1.0,1.0,3.0,3.0,2570,not_young
0.509229692994198,7185.0,13.0,ds3,ds3_13,Stangenholz,Stangenholz_13,0.0,0.0,3.0,3.0,3.0,3.0,2571,not_young
1.242719446371961,7186.0,4.0,ds1,ds1_4,Jungwuchs/Dickung,Jungwuchs/Dickung_4,0.0,0.0,3.0,3.0,3.0,3.0,2572,young
0.5842868358824,7188.0,4.0,ds4,ds4_4,Schwaches Baumholz,Schwaches Baumholz_4,0.0,0.0,3.0,3.0,3.0,3.0,2573,not_young
0.574834665230848,7189.0,4.0,ds2,ds2_4,Jungwuchs/Dickung,Jungwuchs/Dickung_4,0.0,0.0,3.0,3.0,3.0,3.0,2574,young
0.50017326201126,7191.0,4.0,ds5,ds5_4,Mittleres Baumholz,Mittleres Baumholz_4,0.0,0.0,3.0,3.0,3.0,3.0,2575,not_young
1.494732817399374,7192.0,13.0,ds5,ds5_13,Mittleres Baumholz,Mittleres Baumholz_13,0.0,0.0,3.0,3.0,3.0,3.0,2576,not_young
1.259802540780266,7193.0,13.0,ds6,ds6_13,Starkes Baumholz,Starkes Baumholz_13,0.0,0.0,3.0,3.0,3.0,3.0,2577,not_young
0.740039534542989,7194.0,4.0,ds5,ds5_4,Mittleres Baumholz,Mittleres Baumholz_4,0.0,1.0,1.0,1.0,1.0,1.0,2578,not_young
2.181597954900656,7195.0,4.0,ds2,ds2_4,Jungwuchs/Dickung,Jungwuchs/Dickung_4,0.0,0.0,3.0,3.0,3.0,3.0,2579,young
1.227577976444504,7196.0,4.0,ds3,ds3_4,Stangenholz,Stangenholz_4,0.0,0.0,3.0,3.0,4.0,3.0,2580,not_young
2.217672697002581,7198.0,4.0,ds5,ds5_4,Mittleres Baumholz,Mittleres Baumholz_4,0.0,0.0,3.0,3.0,4.0,4.0,2581,not_young
0.999774203826487,7199.0,13.0,ds4,ds4_13,Schwaches Baumholz,Schwaches Baumholz_13,0.0,0.0,3.0,3.0,4.0,4.0,2582,not_young
1.354955442589161,7201.0,13.0,ds4,ds4_13,Schwaches Baumholz,Schwaches Baumholz_13,0.0,0.0,3.0,3.0,3.0,3.0,2583,not_young
0.925974703906477,7204.0,13.0,ds5,ds5_13,Mittleres Baumholz,Mittleres Baumholz_13,0.0,0.0,3.0,3.0,4.0,3.0,2584,not_young
3.141477266863943,7205.0,13.0,ds2,ds2_13,Jungwuchs/Dickung,Jungwuchs/Dickung_13,0.0,0.0,3.0,3.0,3.0,3.0,2585,young
0.792547342606678,7206.0,13.0,ds1,ds1_13,Jungwuchs/Dickung,Jungwuchs/Dickung_13,0.0,0.0,3.0,3.0,3.0,3.0,2586,young
2.536349285454001,7208.0,13.0,ds5,ds5_13,Mittleres Baumholz,Mittleres Baumholz_13,0.0,0.0,3.0,3.0,4.0,3.0,2587,not_young
0.842964119602903,7209.0,13.0,ds1,ds1_13,Jungwuchs/Dickung,Jungwuchs/Dickung_13,0.0,0.0,3.0,3.0,3.0,3.0,2588,young
0.538332130221045,7210.0,13.0,ds6,ds6_13,Starkes Baumholz,Starkes Baumholz_13,0.0,0.0,3.0,3.0,3.0,3.0,2589,not_young
0.519307356689405,7212.0,13.0,ds5,ds5_13,Mittleres Baumholz,Mittleres Baumholz_13,0.0,0.0,3.0,3.0,3.0,3.0,2590,not_young
1.848452035811346,7213.0,4.0,ds4,ds4_4,Schwaches Baumholz,Schwaches Baumholz_4,0.0,0.0,3.0,3.0,4.0,3.0,2591,not_young
3.347190240869532,7214.0,4.0,ds1,ds1_4,Jungwuchs/Dickung,Jungwuchs/Dickung_4,0.0,0.0,3.0,3.0,3.0,3.0,2592,young
0.692324165219627,7215.0,4.0,ds1,ds1_4,Jungwuchs/Dickung,Jungwuchs/Dickung_4,0.0,1.0,1.0,1.0,3.0,3.0,2593,young
0.973679667059911,7216.0,4.0,ds2,ds2_4,Jungwuchs/Dickung,Jungwuchs/Dickung_4,0.0,0.0,3.0,3.0,4.0,3.0,2594,young
1.085581014876999,7217.0,4.0,ds4,ds4_4,Schwaches Baumholz,Schwaches Baumholz_4,0.0,0.0,3.0,3.0,3.0,3.0,2595,not_young
0.888576925830823,7218.0,4.0,ds4,ds4_4,Schwaches Baumholz,Schwaches Baumholz_4,0.0,0.0,3.0,3.0,4.0,4.0,2596,not_young
0.551395625863052,7219.0,13.0,ds4,ds4_13,Schwaches Baumholz,Schwaches Baumholz_13,0.0,1.0,1.0,1.0,3.0,3.0,2597,not_young
2.867537617826369,7220.0,4.0,ds3,ds3_4,Stangenholz,Stangenholz_4,0.0,0.0,3.0,3.0,4.0,3.0,2598,not_young
2.791882665532176,7221.0,4.0,ds5,ds5_4,Mittleres Baumholz,Mittleres Baumholz_4,0.0,0.0,3.0,3.0,4.0,3.0,2599,not_young
3.835194280509523,7222.0,4.0,ds2,ds2_4,Jungwuchs/Dickung,Jungwuchs/Dickung_4,0.0,0.0,3.0,3.0,4.0,4.0,2600,young
4.104754721090387,7225.0,4.0,ds5,ds5_4,Mittleres Baumholz,Mittleres Baumholz_4,0.0,0.0,3.0,3.0,4.0,3.0,2601,not_young
0.783768056020979,7226.0,4.0,ds4,ds4_4,Schwaches Baumholz,Schwaches Baumholz_4,0.0,0.0,3.0,3.0,3.0,3.0,2602,not_young
1.713392427218333,7230.0,4.0,ds4,ds4_4,Schwaches Baumholz,Schwaches Baumholz_4,0.0,0.0,3.0,3.0,3.0,3.0,2603,not_young
1.79588343681111,7232.0,13.0,ds3,ds3_13,Stangenholz,Stangenholz_13,0.0,0.0,3.0,3.0,3.0,3.0,2604,not_young
0.767353297263966,7236.0,4.0,ds6,ds6_4,Starkes Baumholz,Starkes Baumholz_4,0.0,0.0,3.0,3.0,3.0,3.0,2605,not_young
0.586612291901559,7237.0,13.0,ds2,ds2_13,Jungwuchs/Dickung,Jungwuchs/Dickung_13,0.0,0.0,3.0,3.0,3.0,3.0,2606,young
0.890430389443971,7240.0,13.0,ds5,ds5_13,Mittleres Baumholz,Mittleres Baumholz_13,0.0,0.0,3.0,3.0,4.0,3.0,2607,not_young
0.771470256933384,7243.0,4.0,ds5,ds5_4,Mittleres Baumholz,Mittleres Baumholz_4,0.0,1.0,1.0,1.0,3.0,3.0,2608,not_young
0.779633010465413,7244.0,4.0,ds3,ds3_4,Stangenholz,Stangenholz_4,0.0,0.0,3.0,3.0,3.0,3.0,2609,not_young
1.278892402177818,7245.0,4.0,ds5,ds5_4,Mittleres Baumholz,Mittleres Baumholz_4,0.0,1.0,1.0,1.0,3.0,3.0,2610,not_young
0.535914851757779,7253.0,4.0,ds5,ds5_4,Mittleres Baumholz,Mittleres Baumholz_4,0.0,0.0,3.0,3.0,3.0,3.0,2611,not_young
0.731095716627664,7256.0,4.0,ds5,ds5_4,Mittleres Baumholz,Mittleres Baumholz_4,0.0,0.0,3.0,3.0,4.0,3.0,2612,not_young
0.800346808098396,7258.0,13.0,ds5,ds5_13,Mittleres Baumholz,Mittleres Baumholz_13,0.0,0.0,3.0,3.0,3.0,3.0,2613,not_young
0.935945595474681,7259.0,13.0,ds2,ds2_13,Jungwuchs/Dickung,Jungwuchs/Dickung_13,0.0,0.0,3.0,3.0,3.0,3.0,2614,young
0.513341189411143,7262.0,13.0,ds3,ds3_13,Stangenholz,Stangenholz_13,0.0,1.0,1.0,1.0,3.0,3.0,2615,not_young
0.591023428598439,7263.0,4.0,ds4,ds4_4,Schwaches Baumholz,Schwaches Baumholz_4,0.0,1.0,1.0,1.0,3.0,3.0,2616,not_young
0.743401665712101,7264.0,4.0,ds4,ds4_4,Schwaches Baumholz,Schwaches Baumholz_4,0.0,0.0,3.0,3.0,3.0,3.0,2617,not_young
0.637849459397618,7265.0,4.0,ds4,ds4_4,Schwaches Baumholz,Schwaches Baumholz_4,0.0,0.0,3.0,3.0,4.0,4.0,2618,not_young
1.339086704028002,7266.0,4.0,ds2,ds2_4,Jungwuchs/Dickung,Jungwuchs/Dickung_4,0.0,0.0,3.0,3.0,3.0,3.0,2619,young
0.932286099011684,7267.0,13.0,ds5,ds5_13,Mittleres Baumholz,Mittleres Baumholz_13,0.0,0.0,3.0,3.0,4.0,3.0,2620,not_young
0.953145815261407,7268.0,13.0,ds2,ds2_13,Jungwuchs/Dickung,Jungwuchs/Dickung_13,0.0,0.0,3.0,3.0,4.0,3.0,2621,young
2.376277039201773,7269.0,4.0,ds4,ds4_4,Schwaches Baumholz,Schwaches Baumholz_4,0.0,0.0,3.0,3.0,4.0,4.0,2622,not_young
1.173031438485722,7270.0,4.0,ds2,ds2_4,Jungwuchs/Dickung,Jungwuchs/Dickung_4,0.0,0.0,3.0,3.0,3.0,3.0,2623,young
1.182116365312413,7271.0,13.0,ds4,ds4_13,Schwaches Baumholz,Schwaches Baumholz_13,0.0,1.0,1.0,1.0,1.0,1.0,2624,not_young
1.567779384507425,7272.0,4.0,ds4,ds4_4,Schwaches Baumholz,Schwaches Baumholz_4,0.0,0.0,3.0,3.0,3.0,3.0,2625,not_young
2.696604652684834,7273.0,13.0,ds5,ds5_13,Mittleres Baumholz,Mittleres Baumholz_13,0.0,0.0,3.0,3.0,3.0,3.0,2626,not_young
1.450787791789929,7274.0,13.0,ds2,ds2_13,Jungwuchs/Dickung,Jungwuchs/Dickung_13,0.0,0.0,3.0,3.0,3.0,3.0,2627,young
1.971617692165001,7275.0,13.0,ds5,ds5_13,Mittleres Baumholz,Mittleres Baumholz_13,0.0,0.0,3.0,3.0,4.0,3.0,2628,not_young
0.628824764308997,7276.0,4.0,ds4,ds4_4,Schwaches Baumholz,Schwaches Baumholz_4,0.0,0.0,3.0,3.0,4.0,4.0,2629,not_young
0.82774956605694,7277.0,13.0,ds4,ds4_13,Schwaches Baumholz,Schwaches Baumholz_13,0.0,0.0,3.0,3.0,4.0,3.0,2630,not_young
0.918304128892878,7278.0,4.0,ds4,ds4_4,Schwaches Baumholz,Schwaches Baumholz_4,0.0,0.0,3.0,3.0,3.0,3.0,2631,not_young
1.090965453510747,7279.0,4.0,ds3,ds3_4,Stangenholz,Stangenholz_4,0.0,0.0,3.0,3.0,4.0,4.0,2632,not_young
0.601981755559816,7280.0,4.0,ds4,ds4_4,Schwaches Baumholz,Schwaches Baumholz_4,0.0,0.0,3.0,3.0,3.0,3.0,2633,not_young
3.078830765041628,7281.0,4.0,ds1,ds1_4,Jungwuchs/Dickung,Jungwuchs/Dickung_4,0.0,0.0,3.0,3.0,4.0,3.0,2634,young
0.980949114030396,7282.0,13.0,ds3,ds3_13,Stangenholz,Stangenholz_13,0.0,0.0,3.0,3.0,3.0,3.0,2635,not_young
2.543590526564228,7283.0,13.0,ds5,ds5_13,Mittleres Baumholz,Mittleres Baumholz_13,0.0,1.0,1.0,1.0,3.0,3.0,2636,not_young
1.32953870828746,7284.0,13.0,ds4,ds4_13,Schwaches Baumholz,Schwaches Baumholz_13,0.0,0.0,3.0,3.0,3.0,3.0,2637,not_young
1.282190294449823,7285.0,4.0,ds3,ds3_4,Stangenholz,Stangenholz_4,0.0,1.0,1.0,1.0,3.0,3.0,2638,not_young
1.323025828104932,7286.0,4.0,ds2,ds2_4,Jungwuchs/Dickung,Jungwuchs/Dickung_4,0.0,0.0,3.0,3.0,3.0,3.0,2639,young
1.015597647869462,7287.0,13.0,ds6,ds6_13,Starkes Baumholz,Starkes Baumholz_13,0.0,1.0,1.0,1.0,1.0,1.0,2640,not_young
1.489493750453356,7288.0,4.0,ds4,ds4_4,Schwaches Baumholz,Schwaches Baumholz_4,0.0,0.0,3.0,3.0,3.0,3.0,2641,not_young
0.723445450393832,7289.0,4.0,ds5,ds5_4,Mittleres Baumholz,Mittleres Baumholz_4,0.0,0.0,3.0,3.0,3.0,3.0,2642,not_young
3.276192488896835,7290.0,4.0,ds4,ds4_4,Schwaches Baumholz,Schwaches Baumholz_4,0.0,0.0,3.0,3.0,3.0,3.0,2643,not_young
0.553219917559344,7291.0,4.0,ds5,ds5_4,Mittleres Baumholz,Mittleres Baumholz_4,0.0,0.0,3.0,3.0,3.0,3.0,2644,not_young
1.560736679852591,7292.0,4.0,ds6,ds6_4,Starkes Baumholz,Starkes Baumholz_4,0.0,0.0,3.0,3.0,4.0,3.0,2645,not_young
3.478596125735771,7293.0,4.0,ds5,ds5_4,Mittleres Baumholz,Mittleres Baumholz_4,0.0,0.0,3.0,3.0,4.0,4.0,2646,not_young
0.8654584682627,7294.0,4.0,ds4,ds4_4,Schwaches Baumholz,Schwaches Baumholz_4,0.0,0.0,3.0,3.0,3.0,3.0,2647,not_young
3.053280522300903,7295.0,13.0,ds5,ds5_13,Mittleres Baumholz,Mittleres Baumholz_13,0.0,0.0,3.0,3.0,3.0,3.0,2648,not_young
4.230255599021121,7296.0,13.0,ds6,ds6_13,Starkes Baumholz,Starkes Baumholz_13,0.0,0.0,3.0,3.0,3.0,3.0,2649,not_young
0.688455306183104,7297.0,13.0,ds5,ds5_13,Mittleres Baumholz,Mittleres Baumholz_13,0.0,1.0,1.0,1.0,3.0,3.0,2650,not_young
0.779638639503811,7298.0,13.0,ds4,ds4_13,Schwaches Baumholz,Schwaches Baumholz_13,0.0,0.0,3.0,3.0,3.0,3.0,2651,not_young
3.107956492698676,7300.0,4.0,ds3,ds3_4,Stangenholz,Stangenholz_4,0.0,0.0,3.0,3.0,4.0,3.0,2652,not_young
2.788672203490165,7301.0,13.0,ds5,ds5_13,Mittleres Baumholz,Mittleres Baumholz_13,0.0,0.0,3.0,3.0,3.0,3.0,2653,not_young
2.628151975299514,7304.0,4.0,ds5,ds5_4,Mittleres Baumholz,Mittleres Baumholz_4,0.0,0.0,3.0,3.0,3.0,3.0,2654,not_young
1.561614637732087,7305.0,13.0,ds1,ds1_13,Jungwuchs/Dickung,Jungwuchs/Dickung_13,0.0,0.0,3.0,3.0,4.0,3.0,2655,young
1.110621733063576,7306.0,4.0,ds3,ds3_4,Stangenholz,Stangenholz_4,0.0,0.0,3.0,1.0,3.0,3.0,2656,not_young
0.543606550684222,7329.0,4.0,ds1,ds1_4,Jungwuchs/Dickung,Jungwuchs/Dickung_4,0.0,0.0,3.0,3.0,3.0,3.0,2657,young
0.560337793987326,7343.0,13.0,ds1,ds1_13,Jungwuchs/Dickung,Jungwuchs/Dickung_13,0.0,0.0,3.0,3.0,3.0,3.0,2658,young
0.510732809272708,7351.0,4.0,ds1,ds1_4,Jungwuchs/Dickung,Jungwuchs/Dickung_4,0.0,0.0,3.0,3.0,3.0,3.0,2659,young
1.499036826543842,7370.0,4.0,ds3,ds3_4,Stangenholz,Stangenholz_4,0.0,0.0,3.0,3.0,4.0,3.0,2660,not_young
0.606464291156933,7371.0,4.0,ds2,ds2_4,Jungwuchs/Dickung,Jungwuchs/Dickung_4,0.0,0.0,3.0,3.0,3.0,3.0,2661,young
0.529754964282597,7374.0,4.0,ds1,ds1_4,Jungwuchs/Dickung,Jungwuchs/Dickung_4,0.0,0.0,3.0,3.0,3.0,3.0,2662,young
1.524708076371485,7380.0,13.0,ds1,ds1_13,Jungwuchs/Dickung,Jungwuchs/Dickung_13,0.0,0.0,3.0,3.0,3.0,3.0,2663,young
0.510412468838505,7382.0,4.0,ds1,ds1_4,Jungwuchs/Dickung,Jungwuchs/Dickung_4,0.0,0.0,3.0,3.0,3.0,3.0,2664,young
2.354184031907423,7383.0,4.0,ds1,ds1_4,Jungwuchs/Dickung,Jungwuchs/Dickung_4,0.0,0.0,3.0,3.0,4.0,3.0,2665,young
0.624850564380642,7385.0,4.0,ds6,ds6_4,Starkes Baumholz,Starkes Baumholz_4,0.0,0.0,3.0,3.0,4.0,3.0,2666,not_young
0.647638842296228,7393.0,4.0,ds1,ds1_4,Jungwuchs/Dickung,Jungwuchs/Dickung_4,0.0,0.0,3.0,3.0,3.0,3.0,2667,young
0.67713520221496,7395.0,4.0,ds5,ds5_4,Mittleres Baumholz,Mittleres Baumholz_4,0.0,0.0,3.0,3.0,4.0,3.0,2668,not_young
1.086221332183061,7403.0,4.0,ds2,ds2_4,Jungwuchs/Dickung,Jungwuchs/Dickung_4,0.0,0.0,3.0,3.0,3.0,3.0,2669,young
0.541185856536566,7409.0,13.0,ds6,ds6_13,Starkes Baumholz,Starkes Baumholz_13,0.0,0.0,3.0,3.0,3.0,3.0,2670,not_young
1.186481590465177,7411.0,13.0,ds2,ds2_13,Jungwuchs/Dickung,Jungwuchs/Dickung_13,0.0,0.0,3.0,3.0,4.0,3.0,2671,young
0.554742474899348,7415.0,13.0,ds3,ds3_13,Stangenholz,Stangenholz_13,0.0,0.0,3.0,3.0,3.0,3.0,2672,not_young
0.596578039558046,7416.0,13.0,ds1,ds1_13,Jungwuchs/Dickung,Jungwuchs/Dickung_13,0.0,0.0,3.0,1.0,3.0,3.0,2673,young
0.883837253041472,7417.0,13.0,ds1,ds1_13,Jungwuchs/Dickung,Jungwuchs/Dickung_13,0.0,0.0,3.0,3.0,4.0,3.0,2674,young
0.860913710363489,7423.0,13.0,ds4,ds4_13,Schwaches Baumholz,Schwaches Baumholz_13,0.0,0.0,3.0,3.0,4.0,3.0,2675,not_young
0.614106155759026,7426.0,13.0,ds1,ds1_13,Jungwuchs/Dickung,Jungwuchs/Dickung_13,0.0,0.0,3.0,3.0,3.0,3.0,2676,young
0.608631716922554,7438.0,4.0,ds1,ds1_4,Jungwuchs/Dickung,Jungwuchs/Dickung_4,0.0,0.0,3.0,3.0,4.0,3.0,2677,young
1.271462102516624,7439.0,4.0,ds1,ds1_4,Jungwuchs/Dickung,Jungwuchs/Dickung_4,0.0,0.0,3.0,3.0,4.0,4.0,2678,young
0.951724739852737,7441.0,4.0,ds5,ds5_4,Mittleres Baumholz,Mittleres Baumholz_4,0.0,1.0,1.0,1.0,1.0,1.0,2679,not_young
0.552173052862193,7444.0,4.0,ds5,ds5_4,Mittleres Baumholz,Mittleres Baumholz_4,0.0,0.0,3.0,3.0,3.0,3.0,2680,not_young
1.131692252748157,7446.0,4.0,ds4,ds4_4,Schwaches Baumholz,Schwaches Baumholz_4,0.0,0.0,3.0,3.0,3.0,3.0,2681,not_young
1.159974264899036,7448.0,4.0,ds5,ds5_4,Mittleres Baumholz,Mittleres Baumholz_4,0.0,0.0,3.0,3.0,4.0,4.0,2682,not_young
1.032019773696549,7449.0,4.0,ds2,ds2_4,Jungwuchs/Dickung,Jungwuchs/Dickung_4,0.0,0.0,3.0,3.0,3.0,3.0,2683,young
0.602719340960705,7451.0,4.0,ds1,ds1_4,Jungwuchs/Dickung,Jungwuchs/Dickung_4,0.0,0.0,3.0,3.0,3.0,3.0,2684,young
1.324432081022766,7454.0,13.0,ds4,ds4_13,Schwaches Baumholz,Schwaches Baumholz_13,0.0,0.0,3.0,3.0,4.0,4.0,2685,not_young
1.45006390140201,7455.0,13.0,ds1,ds1_13,Jungwuchs/Dickung,Jungwuchs/Dickung_13,0.0,0.0,3.0,3.0,3.0,3.0,2686,young
1.129329500628667,7456.0,4.0,ds4,ds4_4,Schwaches Baumholz,Schwaches Baumholz_4,0.0,0.0,3.0,3.0,4.0,4.0,2687,not_young
1.179677082573343,7457.0,13.0,ds1,ds1_13,Jungwuchs/Dickung,Jungwuchs/Dickung_13,0.0,0.0,3.0,3.0,3.0,3.0,2688,young
1.160598898034357,7458.0,4.0,ds2,ds2_4,Jungwuchs/Dickung,Jungwuchs/Dickung_4,0.0,0.0,3.0,3.0,4.0,3.0,2689,young
0.957527995586582,7459.0,13.0,ds2,ds2_13,Jungwuchs/Dickung,Jungwuchs/Dickung_13,0.0,0.0,3.0,3.0,3.0,3.0,2690,young
1.389607061997894,7463.0,4.0,ds4,ds4_4,Schwaches Baumholz,Schwaches Baumholz_4,0.0,0.0,3.0,3.0,3.0,3.0,2691,not_young
0.975707055685751,7469.0,4.0,ds6,ds6_4,Starkes Baumholz,Starkes Baumholz_4,0.0,0.0,3.0,3.0,3.0,3.0,2692,not_young
0.731600948135648,7470.0,4.0,ds6,ds6_4,Starkes Baumholz,Starkes Baumholz_4,0.0,0.0,3.0,3.0,4.0,3.0,2693,not_young
0.527892269071471,7473.0,13.0,ds6,ds6_13,Starkes Baumholz,Starkes Baumholz_13,0.0,0.0,3.0,3.0,3.0,3.0,2694,not_young
0.950952060910873,7474.0,4.0,ds4,ds4_4,Schwaches Baumholz,Schwaches Baumholz_4,0.0,0.0,3.0,3.0,3.0,3.0,2695,not_young
1.471273946761526,7475.0,4.0,ds3,ds3_4,Stangenholz,Stangenholz_4,0.0,0.0,3.0,3.0,4.0,4.0,2696,not_young
1.930963110217499,7477.0,4.0,ds1,ds1_4,Jungwuchs/Dickung,Jungwuchs/Dickung_4,0.0,0.0,3.0,3.0,3.0,3.0,2697,young
0.6573274336742,7478.0,13.0,ds5,ds5_13,Mittleres Baumholz,Mittleres Baumholz_13,0.0,0.0,3.0,3.0,3.0,3.0,2698,not_young
0.547610768839635,7479.0,13.0,ds3,ds3_13,Stangenholz,Stangenholz_13,0.0,0.0,3.0,3.0,3.0,3.0,2699,not_young
0.536217835017573,7480.0,4.0,ds2,ds2_4,Jungwuchs/Dickung,Jungwuchs/Dickung_4,0.0,0.0,3.0,3.0,4.0,4.0,2700,young
1.295495535512315,7482.0,13.0,ds2,ds2_13,Jungwuchs/Dickung,Jungwuchs/Dickung_13,0.0,0.0,3.0,3.0,3.0,3.0,2701,young
1.374154285778431,7483.0,13.0,ds2,ds2_13,Jungwuchs/Dickung,Jungwuchs/Dickung_13,0.0,0.0,3.0,3.0,3.0,3.0,2702,young
3.03311483647267,7486.0,4.0,ds5,ds5_4,Mittleres Baumholz,Mittleres Baumholz_4,0.0,0.0,3.0,3.0,3.0,3.0,2703,not_young
1.402573400568404,7487.0,13.0,ds5,ds5_13,Mittleres Baumholz,Mittleres Baumholz_13,0.0,0.0,3.0,3.0,3.0,3.0,2704,not_young
0.842136800637096,7491.0,13.0,ds4,ds4_13,Schwaches Baumholz,Schwaches Baumholz_13,0.0,0.0,3.0,3.0,4.0,3.0,2705,not_young
0.650487784171198,7492.0,13.0,ds4,ds4_13,Schwaches Baumholz,Schwaches Baumholz_13,0.0,0.0,3.0,3.0,4.0,3.0,2706,not_young
1.240574730507285,7496.0,4.0,ds4,ds4_4,Schwaches Baumholz,Schwaches Baumholz_4,0.0,0.0,3.0,3.0,4.0,3.0,2707,not_young
1.435078970175609,7497.0,4.0,ds6,ds6_4,Starkes Baumholz,Starkes Baumholz_4,0.0,0.0,3.0,3.0,4.0,3.0,2708,not_young
0.564598737285659,7500.0,4.0,ds5,ds5_4,Mittleres Baumholz,Mittleres Baumholz_4,0.0,0.0,3.0,3.0,3.0,3.0,2709,not_young
1.493489862239277,7502.0,4.0,ds4,ds4_4,Schwaches Baumholz,Schwaches Baumholz_4,0.0,0.0,3.0,3.0,3.0,3.0,2710,not_young
1.370288671303116,7503.0,4.0,ds3,ds3_4,Stangenholz,Stangenholz_4,0.0,0.0,3.0,3.0,3.0,3.0,2711,not_young
0.8161778364809,7504.0,4.0,ds2,ds2_4,Jungwuchs/Dickung,Jungwuchs/Dickung_4,0.0,0.0,3.0,3.0,3.0,3.0,2712,young
1.31674098559334,7505.0,4.0,ds4,ds4_4,Schwaches Baumholz,Schwaches Baumholz_4,0.0,0.0,3.0,3.0,3.0,3.0,2713,not_young
1.613912650248595,7506.0,13.0,ds4,ds4_13,Schwaches Baumholz,Schwaches Baumholz_13,0.0,0.0,3.0,3.0,3.0,3.0,2714,not_young
1.575894334455556,7507.0,13.0,ds3,ds3_13,Stangenholz,Stangenholz_13,0.0,0.0,3.0,3.0,3.0,3.0,2715,not_young
2.129609717498308,7509.0,4.0,ds5,ds5_4,Mittleres Baumholz,Mittleres Baumholz_4,0.0,0.0,3.0,1.0,3.0,3.0,2716,not_young
1.290543887053209,7510.0,4.0,ds5,ds5_4,Mittleres Baumholz,Mittleres Baumholz_4,0.0,0.0,3.0,3.0,3.0,3.0,2717,not_young
1.838424207143486,7511.0,4.0,ds5,ds5_4,Mittleres Baumholz,Mittleres Baumholz_4,0.0,0.0,3.0,3.0,3.0,3.0,2718,not_young
0.957547411200649,7512.0,4.0,ds3,ds3_4,Stangenholz,Stangenholz_4,0.0,1.0,1.0,1.0,1.0,1.0,2719,not_young
3.0317867877502,7513.0,4.0,ds5,ds5_4,Mittleres Baumholz,Mittleres Baumholz_4,0.0,1.0,1.0,1.0,1.0,1.0,2720,not_young
0.656738645342219,7514.0,4.0,ds4,ds4_4,Schwaches Baumholz,Schwaches Baumholz_4,0.0,0.0,3.0,3.0,4.0,3.0,2721,not_young
1.830352483506547,7515.0,4.0,ds4,ds4_4,Schwaches Baumholz,Schwaches Baumholz_4,0.0,1.0,1.0,1.0,1.0,1.0,2722,not_young
2.554326415632898,7516.0,4.0,ds5,ds5_4,Mittleres Baumholz,Mittleres Baumholz_4,0.0,0.0,3.0,3.0,3.0,3.0,2723,not_young
0.625406264922666,7517.0,4.0,ds3,ds3_4,Stangenholz,Stangenholz_4,0.0,0.0,3.0,3.0,4.0,3.0,2724,not_young
0.805535016824305,7518.0,4.0,ds4,ds4_4,Schwaches Baumholz,Schwaches Baumholz_4,0.0,0.0,3.0,3.0,3.0,3.0,2725,not_young
0.889672988325078,7519.0,4.0,ds1,ds1_4,Jungwuchs/Dickung,Jungwuchs/Dickung_4,0.0,0.0,3.0,3.0,3.0,3.0,2726,young
5.608538225447638,7520.0,4.0,ds5,ds5_4,Mittleres Baumholz,Mittleres Baumholz_4,0.0,0.0,3.0,3.0,4.0,3.0,2727,not_young
0.538260350070428,7521.0,13.0,ds2,ds2_13,Jungwuchs/Dickung,Jungwuchs/Dickung_13,0.0,0.0,3.0,3.0,3.0,3.0,2728,young
0.7502849975185,7522.0,13.0,ds3,ds3_13,Stangenholz,Stangenholz_13,0.0,0.0,3.0,3.0,4.0,3.0,2729,not_young
0.50853303320249,7523.0,13.0,ds3,ds3_13,Stangenholz,Stangenholz_13,0.0,0.0,3.0,3.0,4.0,4.0,2730,not_young
1.56882367003141,7524.0,13.0,ds3,ds3_13,Stangenholz,Stangenholz_13,0.0,0.0,3.0,3.0,4.0,3.0,2731,not_young
0.559090860809572,7525.0,13.0,ds2,ds2_13,Jungwuchs/Dickung,Jungwuchs/Dickung_13,0.0,0.0,3.0,3.0,4.0,3.0,2732,young
1.940656591436826,7526.0,13.0,ds3,ds3_13,Stangenholz,Stangenholz_13,0.0,0.0,3.0,3.0,3.0,3.0,2733,not_young
1.504646122362139,7527.0,13.0,ds4,ds4_13,Schwaches Baumholz,Schwaches Baumholz_13,0.0,0.0,3.0,3.0,3.0,3.0,2734,not_young
3.433999679702614,7528.0,4.0,ds5,ds5_4,Mittleres Baumholz,Mittleres Baumholz_4,0.0,0.0,3.0,3.0,3.0,3.0,2735,not_young
2.243788522710465,7529.0,4.0,ds4,ds4_4,Schwaches Baumholz,Schwaches Baumholz_4,0.0,0.0,3.0,3.0,3.0,3.0,2736,not_young
0.567555880337395,7532.0,13.0,ds3,ds3_13,Stangenholz,Stangenholz_13,0.0,0.0,3.0,3.0,3.0,3.0,2737,not_young
2.933610688210931,7533.0,4.0,ds5,ds5_4,Mittleres Baumholz,Mittleres Baumholz_4,0.0,0.0,3.0,3.0,3.0,3.0,2738,not_young
1.300930013195612,7534.0,13.0,ds3,ds3_13,Stangenholz,Stangenholz_13,0.0,0.0,3.0,3.0,3.0,3.0,2739,not_young
1.481296359444957,7536.0,4.0,ds2,ds2_4,Jungwuchs/Dickung,Jungwuchs/Dickung_4,0.0,0.0,3.0,3.0,3.0,3.0,2740,young
0.99733677980965,7540.0,4.0,ds1,ds1_4,Jungwuchs/Dickung,Jungwuchs/Dickung_4,0.0,0.0,3.0,3.0,3.0,3.0,2741,young
2.112489848301467,7541.0,4.0,ds6,ds6_4,Starkes Baumholz,Starkes Baumholz_4,0.0,0.0,3.0,3.0,4.0,3.0,2742,not_young
1.036439392169089,7543.0,13.0,ds4,ds4_13,Schwaches Baumholz,Schwaches Baumholz_13,0.0,0.0,3.0,1.0,3.0,3.0,2743,not_young
0.675568601223035,7544.0,4.0,ds4,ds4_4,Schwaches Baumholz,Schwaches Baumholz_4,0.0,0.0,3.0,3.0,3.0,3.0,2744,not_young
0.878330705246155,7545.0,4.0,ds5,ds5_4,Mittleres Baumholz,Mittleres Baumholz_4,0.0,0.0,3.0,3.0,4.0,3.0,2745,not_young
1.341011259065569,7546.0,4.0,ds5,ds5_4,Mittleres Baumholz,Mittleres Baumholz_4,0.0,0.0,3.0,3.0,4.0,3.0,2746,not_young
0.781926797863003,7547.0,13.0,ds3,ds3_13,Stangenholz,Stangenholz_13,0.0,0.0,3.0,3.0,3.0,3.0,2747,not_young
0.706290501093399,7548.0,13.0,ds3,ds3_13,Stangenholz,Stangenholz_13,0.0,0.0,3.0,3.0,3.0,3.0,2748,not_young
2.028026021988009,7550.0,4.0,ds4,ds4_4,Schwaches Baumholz,Schwaches Baumholz_4,0.0,0.0,3.0,3.0,4.0,3.0,2749,not_young
1.988761687827646,7551.0,4.0,ds6,ds6_4,Starkes Baumholz,Starkes Baumholz_4,0.0,0.0,3.0,3.0,3.0,3.0,2750,not_young
1.668956013944635,7552.0,4.0,ds4,ds4_4,Schwaches Baumholz,Schwaches Baumholz_4,0.0,0.0,3.0,3.0,4.0,3.0,2751,not_young
0.589091953278333,7553.0,4.0,ds4,ds4_4,Schwaches Baumholz,Schwaches Baumholz_4,0.0,0.0,3.0,3.0,4.0,3.0,2752,not_young
1.173638960920833,7554.0,13.0,ds5,ds5_13,Mittleres Baumholz,Mittleres Baumholz_13,0.0,0.0,3.0,3.0,3.0,3.0,2753,not_young
1.064005232340486,7555.0,4.0,ds3,ds3_4,Stangenholz,Stangenholz_4,0.0,1.0,1.0,1.0,1.0,1.0,2754,not_young
4.121018846090592,7556.0,4.0,ds4,ds4_4,Schwaches Baumholz,Schwaches Baumholz_4,0.0,0.0,3.0,3.0,3.0,3.0,2755,not_young
0.65499042554372,7557.0,4.0,ds3,ds3_4,Stangenholz,Stangenholz_4,0.0,0.0,3.0,3.0,3.0,3.0,2756,not_young
1.296603564476152,7558.0,4.0,ds4,ds4_4,Schwaches Baumholz,Schwaches Baumholz_4,0.0,0.0,3.0,3.0,4.0,3.0,2757,not_young
1.240304236032552,7559.0,4.0,ds4,ds4_4,Schwaches Baumholz,Schwaches Baumholz_4,0.0,0.0,3.0,3.0,4.0,3.0,2758,not_young
1.192229969107825,7560.0,13.0,ds2,ds2_13,Jungwuchs/Dickung,Jungwuchs/Dickung_13,0.0,0.0,3.0,3.0,3.0,3.0,2759,young
1.120943598243687,7561.0,4.0,ds3,ds3_4,Stangenholz,Stangenholz_4,0.0,0.0,3.0,3.0,4.0,4.0,2760,not_young
2.559198729008693,7562.0,4.0,ds2,ds2_4,Jungwuchs/Dickung,Jungwuchs/Dickung_4,0.0,0.0,3.0,3.0,3.0,3.0,2761,young
1.042545749479067,7563.0,13.0,ds4,ds4_13,Schwaches Baumholz,Schwaches Baumholz_13,0.0,0.0,3.0,3.0,3.0,3.0,2762,not_young
2.1177309628858,7564.0,4.0,ds4,ds4_4,Schwaches Baumholz,Schwaches Baumholz_4,0.0,0.0,3.0,3.0,3.0,3.0,2763,not_young
2.321052271824109,7565.0,4.0,ds5,ds5_4,Mittleres Baumholz,Mittleres Baumholz_4,0.0,0.0,3.0,3.0,3.0,3.0,2764,not_young
0.520690248878766,7566.0,4.0,ds2,ds2_4,Jungwuchs/Dickung,Jungwuchs/Dickung_4,0.0,0.0,3.0,3.0,3.0,3.0,2765,young
2.155000476770196,7567.0,4.0,ds5,ds5_4,Mittleres Baumholz,Mittleres Baumholz_4,0.0,0.0,3.0,3.0,3.0,3.0,2766,not_young
1.016884396215668,7568.0,4.0,ds5,ds5_4,Mittleres Baumholz,Mittleres Baumholz_4,0.0,0.0,3.0,3.0,4.0,3.0,2767,not_young
2.634711610791984,7569.0,4.0,ds4,ds4_4,Schwaches Baumholz,Schwaches Baumholz_4,0.0,1.0,1.0,1.0,1.0,1.0,2768,not_young
1.487685270745051,7571.0,4.0,ds4,ds4_4,Schwaches Baumholz,Schwaches Baumholz_4,0.0,1.0,1.0,1.0,1.0,1.0,2769,not_young
0.557942612321954,7572.0,4.0,ds4,ds4_4,Schwaches Baumholz,Schwaches Baumholz_4,0.0,0.0,3.0,3.0,4.0,3.0,2770,not_young
0.76059494156111,7574.0,13.0,ds4,ds4_13,Schwaches Baumholz,Schwaches Baumholz_13,0.0,0.0,3.0,3.0,3.0,3.0,2771,not_young
0.558182322348305,7603.0,4.0,ds5,ds5_4,Mittleres Baumholz,Mittleres Baumholz_4,0.0,0.0,3.0,3.0,4.0,3.0,2772,not_young
0.754880743797176,7697.0,4.0,ds1,ds1_4,Jungwuchs/Dickung,Jungwuchs/Dickung_4,0.0,0.0,3.0,3.0,4.0,3.0,2773,young
0.649199548392929,7701.0,4.0,ds4,ds4_4,Schwaches Baumholz,Schwaches Baumholz_4,0.0,0.0,3.0,3.0,3.0,3.0,2774,not_young
0.53080141988527,7706.0,4.0,ds2,ds2_4,Jungwuchs/Dickung,Jungwuchs/Dickung_4,0.0,0.0,3.0,3.0,4.0,4.0,2775,young
0.737440363921481,7729.0,4.0,ds1,ds1_4,Jungwuchs/Dickung,Jungwuchs/Dickung_4,0.0,0.0,3.0,3.0,4.0,3.0,2776,young
1.621643275637552,7736.0,13.0,ds5,ds5_13,Mittleres Baumholz,Mittleres Baumholz_13,0.0,0.0,3.0,3.0,3.0,3.0,2777,not_young
0.750572306329745,7737.0,4.0,ds5,ds5_4,Mittleres Baumholz,Mittleres Baumholz_4,0.0,0.0,3.0,3.0,4.0,3.0,2778,not_young
0.547167612377513,7739.0,13.0,ds4,ds4_13,Schwaches Baumholz,Schwaches Baumholz_13,0.0,0.0,3.0,3.0,3.0,3.0,2779,not_young
2.032702200937038,7746.0,4.0,ds5,ds5_4,Mittleres Baumholz,Mittleres Baumholz_4,0.0,0.0,3.0,3.0,3.0,3.0,2780,not_young
1.96213046018146,7747.0,4.0,ds5,ds5_4,Mittleres Baumholz,Mittleres Baumholz_4,0.0,1.0,1.0,1.0,1.0,1.0,2781,not_young
1.946567510799284,7751.0,13.0,ds4,ds4_13,Schwaches Baumholz,Schwaches Baumholz_13,0.0,0.0,3.0,3.0,3.0,3.0,2782,not_young
2.33339769802431,7753.0,13.0,ds6,ds6_13,Starkes Baumholz,Starkes Baumholz_13,0.0,0.0,3.0,3.0,4.0,3.0,2783,not_young
0.85847833864619,7754.0,13.0,ds3,ds3_13,Stangenholz,Stangenholz_13,0.0,0.0,3.0,3.0,4.0,4.0,2784,not_young
1.300415102445148,7755.0,4.0,ds4,ds4_4,Schwaches Baumholz,Schwaches Baumholz_4,0.0,0.0,3.0,3.0,3.0,3.0,2785,not_young
1.092419363906048,7756.0,4.0,ds3,ds3_4,Stangenholz,Stangenholz_4,0.0,0.0,3.0,3.0,3.0,3.0,2786,not_young
0.573251119949218,7760.0,4.0,ds4,ds4_4,Schwaches Baumholz,Schwaches Baumholz_4,0.0,0.0,3.0,3.0,3.0,3.0,2787,not_young
2.756465604459063,7763.0,13.0,ds4,ds4_13,Schwaches Baumholz,Schwaches Baumholz_13,0.0,0.0,3.0,3.0,3.0,3.0,2788,not_young
0.714675372861791,7764.0,4.0,ds3,ds3_4,Stangenholz,Stangenholz_4,0.0,0.0,3.0,3.0,4.0,3.0,2789,not_young
1.20536852603358,7765.0,13.0,ds5,ds5_13,Mittleres Baumholz,Mittleres Baumholz_13,0.0,0.0,3.0,3.0,4.0,3.0,2790,not_young
1.062150905224402,7766.0,13.0,ds2,ds2_13,Jungwuchs/Dickung,Jungwuchs/Dickung_13,0.0,0.0,3.0,3.0,3.0,3.0,2791,young
1.562495402302966,7767.0,13.0,ds4,ds4_13,Schwaches Baumholz,Schwaches Baumholz_13,0.0,0.0,3.0,3.0,3.0,3.0,2792,not_young
2.940632591975015,7768.0,13.0,ds6,ds6_13,Starkes Baumholz,Starkes Baumholz_13,0.0,0.0,3.0,3.0,3.0,3.0,2793,not_young
0.993589080677927,7769.0,13.0,ds2,ds2_13,Jungwuchs/Dickung,Jungwuchs/Dickung_13,0.0,0.0,3.0,3.0,3.0,3.0,2794,young
0.935207080139825,7771.0,4.0,ds3,ds3_4,Stangenholz,Stangenholz_4,0.0,0.0,3.0,3.0,4.0,4.0,2795,not_young
0.673431224553427,7772.0,13.0,ds3,ds3_13,Stangenholz,Stangenholz_13,0.0,0.0,3.0,3.0,3.0,3.0,2796,not_young
4.073998802808697,7775.0,4.0,ds4,ds4_4,Schwaches Baumholz,Schwaches Baumholz_4,0.0,0.0,3.0,3.0,3.0,3.0,2797,not_young
0.838371861713636,7776.0,4.0,ds2,ds2_4,Jungwuchs/Dickung,Jungwuchs/Dickung_4,0.0,0.0,3.0,1.0,3.0,3.0,2798,young
2.310032972308551,7777.0,13.0,ds5,ds5_13,Mittleres Baumholz,Mittleres Baumholz_13,0.0,0.0,3.0,3.0,3.0,3.0,2799,not_young
1.232705380803975,7779.0,13.0,ds1,ds1_13,Jungwuchs/Dickung,Jungwuchs/Dickung_13,0.0,0.0,3.0,3.0,4.0,3.0,2800,young
0.821841897494416,7780.0,13.0,ds4,ds4_13,Schwaches Baumholz,Schwaches Baumholz_13,0.0,0.0,3.0,3.0,3.0,3.0,2801,not_young
0.550687952014909,7783.0,4.0,ds3,ds3_4,Stangenholz,Stangenholz_4,0.0,0.0,3.0,3.0,3.0,3.0,2802,not_young
1.08142232543081,7784.0,4.0,ds3,ds3_4,Stangenholz,Stangenholz_4,0.0,1.0,1.0,1.0,1.0,1.0,2803,not_young
1.150139439002564,7785.0,13.0,ds1,ds1_13,Jungwuchs/Dickung,Jungwuchs/Dickung_13,0.0,0.0,3.0,3.0,3.0,3.0,2804,young
1.709139258983648,7786.0,4.0,ds4,ds4_4,Schwaches Baumholz,Schwaches Baumholz_4,0.0,0.0,3.0,3.0,3.0,3.0,2805,not_young
0.988472382729361,7787.0,4.0,ds3,ds3_4,Stangenholz,Stangenholz_4,0.0,0.0,3.0,3.0,4.0,4.0,2806,not_young
0.87526753846638,7788.0,13.0,ds6,ds6_13,Starkes Baumholz,Starkes Baumholz_13,0.0,0.0,3.0,3.0,3.0,3.0,2807,not_young
1.498865517668799,7789.0,13.0,ds4,ds4_13,Schwaches Baumholz,Schwaches Baumholz_13,0.0,1.0,1.0,1.0,1.0,1.0,2808,not_young
1.043762040095209,7790.0,13.0,ds4,ds4_13,Schwaches Baumholz,Schwaches Baumholz_13,0.0,0.0,3.0,3.0,3.0,3.0,2809,not_young
1.55421254872157,7791.0,4.0,ds4,ds4_4,Schwaches Baumholz,Schwaches Baumholz_4,0.0,0.0,3.0,3.0,4.0,3.0,2810,not_young
0.774802673988379,7792.0,4.0,ds6,ds6_4,Starkes Baumholz,Starkes Baumholz_4,0.0,0.0,3.0,3.0,3.0,3.0,2811,not_young
2.074211113811377,7794.0,4.0,ds6,ds6_4,Starkes Baumholz,Starkes Baumholz_4,0.0,0.0,3.0,3.0,3.0,3.0,2812,not_young
1.23794486643346,7795.0,4.0,ds4,ds4_4,Schwaches Baumholz,Schwaches Baumholz_4,0.0,0.0,3.0,3.0,4.0,3.0,2813,not_young
1.046272417802736,7796.0,4.0,ds1,ds1_4,Jungwuchs/Dickung,Jungwuchs/Dickung_4,0.0,0.0,3.0,3.0,3.0,3.0,2814,young
0.65829373436952,7797.0,4.0,ds5,ds5_4,Mittleres Baumholz,Mittleres Baumholz_4,0.0,0.0,3.0,3.0,3.0,3.0,2815,not_young
0.587167160764895,7800.0,4.0,ds4,ds4_4,Schwaches Baumholz,Schwaches Baumholz_4,0.0,0.0,3.0,3.0,3.0,3.0,2816,not_young
0.606454184691794,7803.0,4.0,ds6,ds6_4,Starkes Baumholz,Starkes Baumholz_4,0.0,0.0,3.0,3.0,3.0,3.0,2817,not_young
1.777625018124818,7804.0,4.0,ds5,ds5_4,Mittleres Baumholz,Mittleres Baumholz_4,0.0,0.0,3.0,3.0,4.0,3.0,2818,not_young
0.615248339523003,7806.0,4.0,ds4,ds4_4,Schwaches Baumholz,Schwaches Baumholz_4,0.0,0.0,3.0,3.0,4.0,3.0,2819,not_young
2.477073001386412,7807.0,4.0,ds3,ds3_4,Stangenholz,Stangenholz_4,0.0,0.0,3.0,3.0,4.0,4.0,2820,not_young
0.670629891022242,7808.0,4.0,ds4,ds4_4,Schwaches Baumholz,Schwaches Baumholz_4,0.0,0.0,3.0,3.0,3.0,3.0,2821,not_young
2.224368378230208,7809.0,13.0,ds1,ds1_13,Jungwuchs/Dickung,Jungwuchs/Dickung_13,0.0,0.0,3.0,3.0,3.0,3.0,2822,young
0.66966981759863,7810.0,4.0,ds3,ds3_4,Stangenholz,Stangenholz_4,0.0,0.0,3.0,3.0,4.0,4.0,2823,not_young
0.880288059295178,7812.0,4.0,ds1,ds1_4,Jungwuchs/Dickung,Jungwuchs/Dickung_4,0.0,0.0,3.0,3.0,3.0,3.0,2824,young
5.05055504476278,7814.0,13.0,ds2,ds2_13,Jungwuchs/Dickung,Jungwuchs/Dickung_13,0.0,0.0,3.0,3.0,3.0,3.0,2825,young
1.169220200498073,7815.0,4.0,ds1,ds1_4,Jungwuchs/Dickung,Jungwuchs/Dickung_4,0.0,0.0,3.0,3.0,3.0,3.0,2826,young
0.607433234525053,7817.0,4.0,ds3,ds3_4,Stangenholz,Stangenholz_4,0.0,0.0,3.0,3.0,3.0,3.0,2827,not_young
4.212273967295775,7818.0,13.0,ds6,ds6_13,Starkes Baumholz,Starkes Baumholz_13,0.0,1.0,1.0,1.0,1.0,1.0,2828,not_young
3.597562725153793,7820.0,4.0,ds6,ds6_4,Starkes Baumholz,Starkes Baumholz_4,0.0,0.0,3.0,3.0,4.0,3.0,2829,not_young
0.96317427940456,7821.0,4.0,ds5,ds5_4,Mittleres Baumholz,Mittleres Baumholz_4,0.0,0.0,3.0,3.0,3.0,3.0,2830,not_young
1.342095232239692,7834.0,4.0,ds6,ds6_4,Starkes Baumholz,Starkes Baumholz_4,0.0,1.0,1.0,1.0,1.0,1.0,2831,not_young
0.699803574669454,7876.0,4.0,ds6,ds6_4,Starkes Baumholz,Starkes Baumholz_4,0.0,1.0,1.0,1.0,1.0,1.0,2832,not_young
1.689019431045697,7877.0,4.0,ds6,ds6_4,Starkes Baumholz,Starkes Baumholz_4,0.0,0.0,3.0,3.0,3.0,3.0,2833,not_young
2.297016961931647,7880.0,4.0,ds5,ds5_4,Mittleres Baumholz,Mittleres Baumholz_4,0.0,0.0,3.0,3.0,3.0,3.0,2834,not_young
1.635285875288275,7883.0,4.0,ds6,ds6_4,Starkes Baumholz,Starkes Baumholz_4,0.0,1.0,1.0,1.0,1.0,1.0,2835,not_young
2.714180875396505,7885.0,4.0,ds5,ds5_4,Mittleres Baumholz,Mittleres Baumholz_4,0.0,1.0,1.0,1.0,1.0,1.0,2836,not_young
3.567278908937919,7886.0,4.0,ds6,ds6_4,Starkes Baumholz,Starkes Baumholz_4,0.0,1.0,1.0,1.0,1.0,1.0,2837,not_young
0.775972016804791,7887.0,4.0,ds5,ds5_4,Mittleres Baumholz,Mittleres Baumholz_4,0.0,0.0,3.0,3.0,3.0,3.0,2838,not_young
1.087538008677418,7889.0,4.0,ds1,ds1_4,Jungwuchs/Dickung,Jungwuchs/Dickung_4,0.0,0.0,3.0,3.0,3.0,3.0,2839,young
1.510358951608039,7890.0,4.0,ds4,ds4_4,Schwaches Baumholz,Schwaches Baumholz_4,0.0,0.0,3.0,3.0,3.0,3.0,2840,not_young
1.579621687794206,7892.0,4.0,ds6,ds6_4,Starkes Baumholz,Starkes Baumholz_4,0.0,0.0,3.0,3.0,3.0,3.0,2841,not_young
0.970683157350891,7893.0,4.0,ds5,ds5_4,Mittleres Baumholz,Mittleres Baumholz_4,0.0,1.0,1.0,1.0,1.0,1.0,2842,not_young
2.488513160706469,7894.0,13.0,ds5,ds5_13,Mittleres Baumholz,Mittleres Baumholz_13,0.0,1.0,1.0,1.0,1.0,1.0,2843,not_young
2.662166229063648,7901.0,4.0,ds6,ds6_4,Starkes Baumholz,Starkes Baumholz_4,0.0,0.0,3.0,3.0,3.0,3.0,2844,not_young
1.001776956059598,7924.0,4.0,ds6,ds6_4,Starkes Baumholz,Starkes Baumholz_4,0.0,1.0,1.0,1.0,3.0,3.0,2845,not_young
0.723754091713857,7927.0,4.0,ds6,ds6_4,Starkes Baumholz,Starkes Baumholz_4,0.0,1.0,1.0,1.0,3.0,3.0,2846,not_young
0.573580928027537,7928.0,4.0,ds6,ds6_4,Starkes Baumholz,Starkes Baumholz_4,0.0,1.0,1.0,1.0,1.0,1.0,2847,not_young
0.637481071088929,7929.0,4.0,ds2,ds2_4,Jungwuchs/Dickung,Jungwuchs/Dickung_4,0.0,1.0,1.0,1.0,3.0,3.0,2848,young
0.639703466500698,7934.0,4.0,ds5,ds5_4,Mittleres Baumholz,Mittleres Baumholz_4,0.0,1.0,1.0,1.0,3.0,3.0,2849,not_young
0.743531873238878,7941.0,4.0,ds5,ds5_4,Mittleres Baumholz,Mittleres Baumholz_4,0.0,0.0,3.0,3.0,3.0,3.0,2850,not_young
0.957313213277725,7942.0,4.0,ds5,ds5_4,Mittleres Baumholz,Mittleres Baumholz_4,0.0,0.0,3.0,3.0,3.0,3.0,2851,not_young
0.664510366486199,7944.0,4.0,ds4,ds4_4,Schwaches Baumholz,Schwaches Baumholz_4,0.0,0.0,3.0,3.0,4.0,4.0,2852,not_young
0.701374709774239,7945.0,4.0,ds4,ds4_4,Schwaches Baumholz,Schwaches Baumholz_4,0.0,0.0,3.0,3.0,4.0,3.0,2853,not_young
0.841243563313224,7947.0,4.0,ds4,ds4_4,Schwaches Baumholz,Schwaches Baumholz_4,0.0,0.0,3.0,3.0,4.0,3.0,2854,not_young
0.891188258142118,7953.0,13.0,ds2,ds2_13,Jungwuchs/Dickung,Jungwuchs/Dickung_13,0.0,0.0,3.0,3.0,3.0,3.0,2855,young
0.726290352479089,7954.0,4.0,ds2,ds2_4,Jungwuchs/Dickung,Jungwuchs/Dickung_4,0.0,0.0,3.0,3.0,3.0,3.0,2856,young
0.534120302825794,7955.0,4.0,ds2,ds2_4,Jungwuchs/Dickung,Jungwuchs/Dickung_4,0.0,0.0,3.0,3.0,3.0,3.0,2857,young
1.299023629419878,7959.0,4.0,ds1,ds1_4,Jungwuchs/Dickung,Jungwuchs/Dickung_4,0.0,0.0,3.0,3.0,4.0,4.0,2858,young
0.652650089056511,7962.0,13.0,ds1,ds1_13,Jungwuchs/Dickung,Jungwuchs/Dickung_13,0.0,0.0,3.0,3.0,3.0,3.0,2859,young
1.165536618336151,7963.0,13.0,ds1,ds1_13,Jungwuchs/Dickung,Jungwuchs/Dickung_13,0.0,0.0,3.0,1.0,3.0,3.0,2860,young
0.539719517505355,7970.0,4.0,ds1,ds1_4,Jungwuchs/Dickung,Jungwuchs/Dickung_4,0.0,0.0,3.0,3.0,3.0,3.0,2861,young
0.577961182639934,7971.0,13.0,ds1,ds1_13,Jungwuchs/Dickung,Jungwuchs/Dickung_13,0.0,0.0,3.0,3.0,3.0,3.0,2862,young
0.691842349289078,7975.0,4.0,ds1,ds1_4,Jungwuchs/Dickung,Jungwuchs/Dickung_4,0.0,0.0,3.0,1.0,4.0,4.0,2863,young
0.597119135910622,7985.0,4.0,ds5,ds5_4,Mittleres Baumholz,Mittleres Baumholz_4,0.0,0.0,3.0,1.0,4.0,3.0,2864,not_young
0.676127591662365,7988.0,13.0,ds1,ds1_13,Jungwuchs/Dickung,Jungwuchs/Dickung_13,0.0,0.0,3.0,3.0,4.0,4.0,2865,young
0.654596632440668,7989.0,4.0,ds1,ds1_4,Jungwuchs/Dickung,Jungwuchs/Dickung_4,0.0,0.0,3.0,3.0,4.0,4.0,2866,young
0.759720428410778,7991.0,4.0,ds5,ds5_4,Mittleres Baumholz,Mittleres Baumholz_4,0.0,0.0,3.0,3.0,3.0,3.0,2867,not_young
0.682908724785782,7992.0,4.0,ds1,ds1_4,Jungwuchs/Dickung,Jungwuchs/Dickung_4,0.0,0.0,3.0,3.0,4.0,3.0,2868,young
0.642325663479511,8001.0,4.0,ds6,ds6_4,Starkes Baumholz,Starkes Baumholz_4,0.0,0.0,3.0,3.0,3.0,3.0,2869,not_young
0.618941885571368,8006.0,4.0,ds5,ds5_4,Mittleres Baumholz,Mittleres Baumholz_4,0.0,0.0,3.0,3.0,3.0,3.0,2870,not_young
0.538605365180984,8008.0,4.0,ds1,ds1_4,Jungwuchs/Dickung,Jungwuchs/Dickung_4,0.0,0.0,3.0,3.0,3.0,3.0,2871,young
1.028325732159917,8012.0,4.0,ds1,ds1_4,Jungwuchs/Dickung,Jungwuchs/Dickung_4,0.0,0.0,3.0,3.0,3.0,3.0,2872,young
0.571620482115146,8013.0,4.0,ds6,ds6_4,Starkes Baumholz,Starkes Baumholz_4,0.0,0.0,3.0,3.0,4.0,3.0,2873,not_young
0.912560333195492,8014.0,4.0,ds6,ds6_4,Starkes Baumholz,Starkes Baumholz_4,0.0,1.0,1.0,1.0,1.0,1.0,2874,not_young
1.489012895551167,8015.0,13.0,ds5,ds5_13,Mittleres Baumholz,Mittleres Baumholz_13,0.0,1.0,1.0,1.0,3.0,3.0,2875,not_young
0.7337429837668,8016.0,4.0,ds6,ds6_4,Starkes Baumholz,Starkes Baumholz_4,0.0,1.0,1.0,1.0,3.0,3.0,2876,not_young
0.893322760386438,8018.0,4.0,ds1,ds1_4,Jungwuchs/Dickung,Jungwuchs/Dickung_4,0.0,0.0,3.0,3.0,4.0,3.0,2877,young
0.768517770378012,8026.0,4.0,ds5,ds5_4,Mittleres Baumholz,Mittleres Baumholz_4,0.0,0.0,3.0,3.0,4.0,3.0,2878,not_young
0.720244635462845,8030.0,4.0,ds1,ds1_4,Jungwuchs/Dickung,Jungwuchs/Dickung_4,0.0,1.0,1.0,1.0,1.0,1.0,2879,young
0.591452323897276,8037.0,4.0,ds6,ds6_4,Starkes Baumholz,Starkes Baumholz_4,0.0,0.0,3.0,3.0,3.0,3.0,2880,not_young
0.960380082175648,8039.0,4.0,ds1,ds1_4,Jungwuchs/Dickung,Jungwuchs/Dickung_4,0.0,0.0,3.0,3.0,3.0,3.0,2881,young
0.851755450048781,8040.0,4.0,ds6,ds6_4,Starkes Baumholz,Starkes Baumholz_4,0.0,0.0,3.0,3.0,4.0,4.0,2882,not_young
0.827271453789901,8043.0,13.0,ds4,ds4_13,Schwaches Baumholz,Schwaches Baumholz_13,0.0,1.0,1.0,1.0,3.0,3.0,2883,not_young
0.529831443025055,8048.0,4.0,ds4,ds4_4,Schwaches Baumholz,Schwaches Baumholz_4,0.0,0.0,3.0,3.0,3.0,3.0,2884,not_young
0.508594460551068,8050.0,13.0,ds5,ds5_13,Mittleres Baumholz,Mittleres Baumholz_13,0.0,0.0,3.0,3.0,4.0,3.0,2885,not_young
0.943503314391477,8052.0,4.0,ds1,ds1_4,Jungwuchs/Dickung,Jungwuchs/Dickung_4,0.0,0.0,3.0,3.0,4.0,3.0,2886,young
1.691789749276929,8056.0,4.0,ds6,ds6_4,Starkes Baumholz,Starkes Baumholz_4,0.0,0.0,3.0,3.0,3.0,3.0,2887,not_young
0.571790103864856,8058.0,4.0,ds6,ds6_4,Starkes Baumholz,Starkes Baumholz_4,0.0,0.0,3.0,3.0,4.0,3.0,2888,not_young
1.083414913863083,8062.0,4.0,ds5,ds5_4,Mittleres Baumholz,Mittleres Baumholz_4,0.0,0.0,3.0,3.0,3.0,3.0,2889,not_young
0.782891593871866,8065.0,13.0,ds5,ds5_13,Mittleres Baumholz,Mittleres Baumholz_13,0.0,1.0,1.0,1.0,3.0,3.0,2890,not_young
1.062982346077533,8066.0,4.0,ds6,ds6_4,Starkes Baumholz,Starkes Baumholz_4,0.0,0.0,3.0,3.0,3.0,3.0,2891,not_young
0.696172438635537,8070.0,4.0,ds5,ds5_4,Mittleres Baumholz,Mittleres Baumholz_4,0.0,1.0,1.0,1.0,3.0,3.0,2892,not_young
0.997547162921913,8077.0,4.0,ds2,ds2_4,Jungwuchs/Dickung,Jungwuchs/Dickung_4,0.0,0.0,3.0,3.0,4.0,3.0,2893,young
1.227129642171483,8078.0,13.0,ds4,ds4_13,Schwaches Baumholz,Schwaches Baumholz_13,0.0,0.0,3.0,3.0,3.0,3.0,2894,not_young
1.389195185040892,8079.0,4.0,ds5,ds5_4,Mittleres Baumholz,Mittleres Baumholz_4,0.0,0.0,3.0,3.0,3.0,3.0,2895,not_young
0.776755871680146,8080.0,13.0,ds3,ds3_13,Stangenholz,Stangenholz_13,0.0,0.0,3.0,3.0,3.0,3.0,2896,not_young
3.070490938581573,8081.0,13.0,ds1,ds1_13,Jungwuchs/Dickung,Jungwuchs/Dickung_13,0.0,0.0,3.0,3.0,3.0,3.0,2897,young
0.67527532662116,8083.0,13.0,ds3,ds3_13,Stangenholz,Stangenholz_13,0.0,0.0,3.0,3.0,4.0,4.0,2898,not_young
0.60086884997543,8084.0,4.0,ds5,ds5_4,Mittleres Baumholz,Mittleres Baumholz_4,0.0,0.0,3.0,3.0,4.0,3.0,2899,not_young
0.593815892066807,8086.0,13.0,ds5,ds5_13,Mittleres Baumholz,Mittleres Baumholz_13,0.0,0.0,3.0,3.0,4.0,3.0,2900,not_young
0.580601822593744,8091.0,13.0,ds2,ds2_13,Jungwuchs/Dickung,Jungwuchs/Dickung_13,0.0,0.0,3.0,3.0,3.0,3.0,2901,young
0.61353204324455,8092.0,4.0,ds3,ds3_4,Stangenholz,Stangenholz_4,0.0,0.0,3.0,3.0,4.0,3.0,2902,not_young
0.706199870077311,8094.0,4.0,ds2,ds2_4,Jungwuchs/Dickung,Jungwuchs/Dickung_4,0.0,0.0,3.0,3.0,3.0,3.0,2903,young
0.777372971094214,8095.0,4.0,ds4,ds4_4,Schwaches Baumholz,Schwaches Baumholz_4,0.0,0.0,3.0,3.0,3.0,3.0,2904,not_young
2.628453186566291,8096.0,4.0,ds6,ds6_4,Starkes Baumholz,Starkes Baumholz_4,0.0,0.0,3.0,3.0,3.0,3.0,2905,not_young
1.442083365472127,8097.0,4.0,ds4,ds4_4,Schwaches Baumholz,Schwaches Baumholz_4,0.0,0.0,3.0,3.0,4.0,3.0,2906,not_young
0.545532810347667,8102.0,4.0,ds5,ds5_4,Mittleres Baumholz,Mittleres Baumholz_4,0.0,0.0,3.0,3.0,3.0,3.0,2907,not_young
0.636368400790428,8110.0,4.0,ds5,ds5_4,Mittleres Baumholz,Mittleres Baumholz_4,0.0,1.0,1.0,1.0,1.0,1.0,2908,not_young
1.054343095266505,8111.0,13.0,ds2,ds2_13,Jungwuchs/Dickung,Jungwuchs/Dickung_13,0.0,1.0,1.0,1.0,3.0,3.0,2909,young
1.415929204976652,8112.0,13.0,ds3,ds3_13,Stangenholz,Stangenholz_13,0.0,1.0,1.0,1.0,3.0,3.0,2910,not_young
0.835770883198222,8113.0,4.0,ds1,ds1_4,Jungwuchs/Dickung,Jungwuchs/Dickung_4,0.0,1.0,1.0,1.0,3.0,3.0,2911,young
0.999447099049855,8115.0,4.0,ds3,ds3_4,Stangenholz,Stangenholz_4,0.0,1.0,1.0,1.0,3.0,3.0,2912,not_young
1.143996189825307,8117.0,4.0,ds4,ds4_4,Schwaches Baumholz,Schwaches Baumholz_4,0.0,1.0,1.0,1.0,3.0,3.0,2913,not_young
0.656672841890575,8118.0,4.0,ds5,ds5_4,Mittleres Baumholz,Mittleres Baumholz_4,0.0,1.0,1.0,1.0,3.0,3.0,2914,not_young
0.798159939383157,8120.0,4.0,ds2,ds2_4,Jungwuchs/Dickung,Jungwuchs/Dickung_4,0.0,1.0,1.0,1.0,1.0,1.0,2915,young
1.153154555168801,8121.0,4.0,ds5,ds5_4,Mittleres Baumholz,Mittleres Baumholz_4,0.0,1.0,1.0,1.0,3.0,3.0,2916,not_young
0.561407426291984,8122.0,4.0,ds5,ds5_4,Mittleres Baumholz,Mittleres Baumholz_4,0.0,1.0,1.0,1.0,3.0,3.0,2917,not_young
0.68235784139859,8123.0,4.0,ds2,ds2_4,Jungwuchs/Dickung,Jungwuchs/Dickung_4,0.0,0.0,3.0,3.0,3.0,3.0,2918,young
2.129020794649096,8126.0,4.0,ds1,ds1_4,Jungwuchs/Dickung,Jungwuchs/Dickung_4,0.0,0.0,3.0,3.0,3.0,3.0,2919,young
1.322524656599033,8130.0,4.0,ds3,ds3_4,Stangenholz,Stangenholz_4,0.0,0.0,3.0,3.0,3.0,3.0,2920,not_young
2.868173000720394,8131.0,4.0,ds4,ds4_4,Schwaches Baumholz,Schwaches Baumholz_4,0.0,0.0,3.0,3.0,3.0,3.0,2921,not_young
0.755371932100135,8132.0,13.0,ds2,ds2_13,Jungwuchs/Dickung,Jungwuchs/Dickung_13,0.0,0.0,3.0,3.0,3.0,3.0,2922,young
1.231689327501785,8136.0,4.0,ds5,ds5_4,Mittleres Baumholz,Mittleres Baumholz_4,0.0,0.0,3.0,3.0,4.0,3.0,2923,not_young
0.74033777586809,8138.0,13.0,ds2,ds2_13,Jungwuchs/Dickung,Jungwuchs/Dickung_13,0.0,0.0,3.0,3.0,4.0,3.0,2924,young
0.847560089447349,8139.0,4.0,ds3,ds3_4,Stangenholz,Stangenholz_4,0.0,0.0,3.0,3.0,3.0,3.0,2925,not_young
0.684292310697283,8140.0,4.0,ds6,ds6_4,Starkes Baumholz,Starkes Baumholz_4,0.0,0.0,3.0,3.0,3.0,3.0,2926,not_young
0.696382909610402,8145.0,13.0,ds1,ds1_13,Jungwuchs/Dickung,Jungwuchs/Dickung_13,0.0,0.0,3.0,3.0,3.0,3.0,2927,young
0.553381279204952,8146.0,4.0,ds4,ds4_4,Schwaches Baumholz,Schwaches Baumholz_4,0.0,0.0,3.0,3.0,3.0,3.0,2928,not_young
0.81951171980165,8149.0,4.0,ds6,ds6_4,Starkes Baumholz,Starkes Baumholz_4,0.0,0.0,3.0,3.0,4.0,4.0,2929,not_young
1.653742349311058,8154.0,4.0,ds5,ds5_4,Mittleres Baumholz,Mittleres Baumholz_4,0.0,0.0,3.0,3.0,3.0,3.0,2930,not_young
0.564089006053144,8155.0,4.0,ds6,ds6_4,Starkes Baumholz,Starkes Baumholz_4,0.0,0.0,3.0,3.0,3.0,3.0,2931,not_young
2.588451337218029,8159.0,4.0,ds1,ds1_4,Jungwuchs/Dickung,Jungwuchs/Dickung_4,0.0,0.0,3.0,3.0,4.0,3.0,2932,young
1.110126344110729,8165.0,4.0,ds5,ds5_4,Mittleres Baumholz,Mittleres Baumholz_4,0.0,0.0,3.0,3.0,3.0,3.0,2933,not_young
0.757763440299057,8166.0,4.0,ds4,ds4_4,Schwaches Baumholz,Schwaches Baumholz_4,0.0,0.0,3.0,3.0,4.0,3.0,2934,not_young
0.567954083063244,8167.0,13.0,ds3,ds3_13,Stangenholz,Stangenholz_13,0.0,0.0,3.0,3.0,3.0,3.0,2935,not_young
0.716486396279943,8171.0,13.0,ds6,ds6_13,Starkes Baumholz,Starkes Baumholz_13,0.0,1.0,1.0,1.0,3.0,3.0,2936,not_young
0.536291058012843,8176.0,4.0,ds1,ds1_4,Jungwuchs/Dickung,Jungwuchs/Dickung_4,0.0,0.0,3.0,3.0,3.0,3.0,2937,young
0.515404740136547,8177.0,4.0,ds5,ds5_4,Mittleres Baumholz,Mittleres Baumholz_4,0.0,0.0,3.0,3.0,4.0,3.0,2938,not_young
1.122945353172603,8179.0,4.0,ds4,ds4_4,Schwaches Baumholz,Schwaches Baumholz_4,0.0,0.0,3.0,3.0,3.0,3.0,2939,not_young
1.04300306979795,8181.0,4.0,ds1,ds1_4,Jungwuchs/Dickung,Jungwuchs/Dickung_4,0.0,0.0,3.0,3.0,4.0,3.0,2940,young
0.547673953401949,8182.0,13.0,ds1,ds1_13,Jungwuchs/Dickung,Jungwuchs/Dickung_13,0.0,0.0,3.0,3.0,3.0,3.0,2941,young
0.560044811310945,8183.0,13.0,ds4,ds4_13,Schwaches Baumholz,Schwaches Baumholz_13,0.0,0.0,3.0,3.0,3.0,3.0,2942,not_young
0.541817405120959,8185.0,13.0,ds4,ds4_13,Schwaches Baumholz,Schwaches Baumholz_13,0.0,0.0,3.0,3.0,3.0,3.0,2943,not_young
2.347839066212438,8186.0,13.0,ds5,ds5_13,Mittleres Baumholz,Mittleres Baumholz_13,0.0,0.0,3.0,3.0,3.0,3.0,2944,not_young
3.292961258093594,8187.0,4.0,ds5,ds5_4,Mittleres Baumholz,Mittleres Baumholz_4,0.0,0.0,3.0,3.0,3.0,3.0,2945,not_young
0.630895109799132,8189.0,13.0,ds4,ds4_13,Schwaches Baumholz,Schwaches Baumholz_13,0.0,0.0,3.0,3.0,4.0,4.0,2946,not_young
1.166609239988402,8190.0,4.0,ds2,ds2_4,Jungwuchs/Dickung,Jungwuchs/Dickung_4,0.0,1.0,1.0,1.0,3.0,3.0,2947,young
0.640511473263614,8191.0,4.0,ds5,ds5_4,Mittleres Baumholz,Mittleres Baumholz_4,0.0,1.0,1.0,1.0,3.0,3.0,2948,not_young
1.352556022866955,8192.0,4.0,ds5,ds5_4,Mittleres Baumholz,Mittleres Baumholz_4,0.0,0.0,3.0,3.0,3.0,3.0,2949,not_young
0.857378489529854,8193.0,4.0,ds1,ds1_4,Jungwuchs/Dickung,Jungwuchs/Dickung_4,0.0,0.0,3.0,3.0,3.0,3.0,2950,young
0.789799808041565,8199.0,13.0,ds5,ds5_13,Mittleres Baumholz,Mittleres Baumholz_13,0.0,1.0,1.0,1.0,3.0,3.0,2951,not_young
1.28966418568478,8200.0,13.0,ds5,ds5_13,Mittleres Baumholz,Mittleres Baumholz_13,0.0,1.0,1.0,1.0,3.0,3.0,2952,not_young
1.077505267617296,8201.0,13.0,ds1,ds1_13,Jungwuchs/Dickung,Jungwuchs/Dickung_13,0.0,1.0,1.0,1.0,3.0,3.0,2953,young
0.750014611329464,8203.0,13.0,ds4,ds4_13,Schwaches Baumholz,Schwaches Baumholz_13,0.0,1.0,1.0,1.0,3.0,3.0,2954,not_young
1.12407387659424,8205.0,4.0,ds6,ds6_4,Starkes Baumholz,Starkes Baumholz_4,0.0,1.0,1.0,1.0,3.0,3.0,2955,not_young
0.889165818651905,8206.0,4.0,ds1,ds1_4,Jungwuchs/Dickung,Jungwuchs/Dickung_4,0.0,1.0,1.0,1.0,1.0,1.0,2956,young
2.0945004423726,8207.0,4.0,ds5,ds5_4,Mittleres Baumholz,Mittleres Baumholz_4,0.0,1.0,1.0,1.0,3.0,3.0,2957,not_young
0.531161210180679,8208.0,4.0,ds5,ds5_4,Mittleres Baumholz,Mittleres Baumholz_4,0.0,1.0,1.0,1.0,1.0,1.0,2958,not_young
1.479781078703888,8209.0,4.0,ds4,ds4_4,Schwaches Baumholz,Schwaches Baumholz_4,0.0,1.0,1.0,1.0,3.0,3.0,2959,not_young
4.935011108212174,8211.0,4.0,ds3,ds3_4,Stangenholz,Stangenholz_4,0.0,1.0,1.0,1.0,3.0,3.0,2960,not_young
0.696622989880294,8212.0,4.0,ds4,ds4_4,Schwaches Baumholz,Schwaches Baumholz_4,0.0,0.0,3.0,3.0,3.0,3.0,2961,not_young
0.570109189630905,8213.0,4.0,ds2,ds2_4,Jungwuchs/Dickung,Jungwuchs/Dickung_4,0.0,0.0,3.0,3.0,3.0,3.0,2962,young
1.205129684699886,8215.0,4.0,ds2,ds2_4,Jungwuchs/Dickung,Jungwuchs/Dickung_4,0.0,0.0,3.0,3.0,3.0,3.0,2963,young
2.610336129129632,8216.0,4.0,ds4,ds4_4,Schwaches Baumholz,Schwaches Baumholz_4,0.0,0.0,3.0,3.0,3.0,3.0,2964,not_young
0.732803069396597,8217.0,13.0,ds2,ds2_13,Jungwuchs/Dickung,Jungwuchs/Dickung_13,0.0,0.0,3.0,3.0,3.0,3.0,2965,young
1.202424513314199,8218.0,13.0,ds5,ds5_13,Mittleres Baumholz,Mittleres Baumholz_13,0.0,0.0,3.0,3.0,4.0,3.0,2966,not_young
0.567222049049242,8221.0,13.0,ds3,ds3_13,Stangenholz,Stangenholz_13,0.0,0.0,3.0,3.0,3.0,3.0,2967,not_young
0.904798091299087,8222.0,13.0,ds5,ds5_13,Mittleres Baumholz,Mittleres Baumholz_13,0.0,0.0,3.0,3.0,3.0,3.0,2968,not_young
2.23424060119828,8223.0,13.0,ds1,ds1_13,Jungwuchs/Dickung,Jungwuchs/Dickung_13,0.0,0.0,3.0,3.0,3.0,3.0,2969,young
0.957023152972525,8225.0,4.0,ds5,ds5_4,Mittleres Baumholz,Mittleres Baumholz_4,0.0,0.0,3.0,3.0,3.0,3.0,2970,not_young
0.931987517434656,8226.0,13.0,ds3,ds3_13,Stangenholz,Stangenholz_13,0.0,0.0,3.0,3.0,4.0,4.0,2971,not_young
0.709436934973626,8228.0,13.0,ds4,ds4_13,Schwaches Baumholz,Schwaches Baumholz_13,0.0,0.0,3.0,3.0,3.0,3.0,2972,not_young
0.792398939761287,8229.0,4.0,ds4,ds4_4,Schwaches Baumholz,Schwaches Baumholz_4,0.0,0.0,3.0,3.0,3.0,3.0,2973,not_young
0.948991381907836,8230.0,4.0,ds2,ds2_4,Jungwuchs/Dickung,Jungwuchs/Dickung_4,0.0,0.0,3.0,3.0,4.0,3.0,2974,young
1.101037419730378,8231.0,13.0,ds1,ds1_13,Jungwuchs/Dickung,Jungwuchs/Dickung_13,0.0,0.0,3.0,3.0,4.0,4.0,2975,young
0.569567673597115,8232.0,4.0,ds4,ds4_4,Schwaches Baumholz,Schwaches Baumholz_4,0.0,0.0,3.0,3.0,3.0,3.0,2976,not_young
0.623586506371875,8233.0,13.0,ds4,ds4_13,Schwaches Baumholz,Schwaches Baumholz_13,0.0,0.0,3.0,3.0,3.0,3.0,2977,not_young
1.630011280814064,8235.0,13.0,ds4,ds4_13,Schwaches Baumholz,Schwaches Baumholz_13,0.0,0.0,3.0,3.0,3.0,3.0,2978,not_young
1.49248663344204,8236.0,13.0,ds2,ds2_13,Jungwuchs/Dickung,Jungwuchs/Dickung_13,0.0,0.0,3.0,3.0,4.0,3.0,2979,young
0.872635551873222,8237.0,13.0,ds5,ds5_13,Mittleres Baumholz,Mittleres Baumholz_13,0.0,0.0,3.0,3.0,3.0,3.0,2980,not_young
0.524365621229075,8238.0,4.0,ds2,ds2_4,Jungwuchs/Dickung,Jungwuchs/Dickung_4,0.0,0.0,3.0,3.0,3.0,3.0,2981,young
0.850393996056821,8239.0,13.0,ds2,ds2_13,Jungwuchs/Dickung,Jungwuchs/Dickung_13,0.0,0.0,3.0,3.0,3.0,3.0,2982,young
0.622867073938996,8240.0,4.0,ds4,ds4_4,Schwaches Baumholz,Schwaches Baumholz_4,0.0,0.0,3.0,1.0,3.0,3.0,2983,not_young
1.313389273548443,8241.0,4.0,ds5,ds5_4,Mittleres Baumholz,Mittleres Baumholz_4,0.0,0.0,3.0,3.0,4.0,3.0,2984,not_young
0.545597008820667,8243.0,4.0,ds4,ds4_4,Schwaches Baumholz,Schwaches Baumholz_4,0.0,0.0,3.0,3.0,3.0,3.0,2985,not_young
0.580311415066966,8245.0,4.0,ds5,ds5_4,Mittleres Baumholz,Mittleres Baumholz_4,0.0,0.0,3.0,3.0,4.0,4.0,2986,not_young
0.89754757678248,8250.0,4.0,ds4,ds4_4,Schwaches Baumholz,Schwaches Baumholz_4,0.0,0.0,3.0,3.0,3.0,3.0,2987,not_young
1.158421919767815,8252.0,4.0,ds4,ds4_4,Schwaches Baumholz,Schwaches Baumholz_4,0.0,0.0,3.0,3.0,4.0,3.0,2988,not_young
0.628832379763224,8253.0,4.0,ds3,ds3_4,Stangenholz,Stangenholz_4,0.0,0.0,3.0,3.0,4.0,3.0,2989,not_young
1.018953436630685,8254.0,4.0,ds1,ds1_4,Jungwuchs/Dickung,Jungwuchs/Dickung_4,0.0,0.0,3.0,3.0,3.0,3.0,2990,young
2.325199402639689,8255.0,13.0,ds5,ds5_13,Mittleres Baumholz,Mittleres Baumholz_13,0.0,0.0,3.0,3.0,3.0,3.0,2991,not_young
0.723516289210506,8256.0,4.0,ds2,ds2_4,Jungwuchs/Dickung,Jungwuchs/Dickung_4,0.0,0.0,3.0,1.0,3.0,3.0,2992,young
3.38098149219096,8258.0,13.0,ds5,ds5_13,Mittleres Baumholz,Mittleres Baumholz_13,0.0,0.0,3.0,3.0,4.0,4.0,2993,not_young
0.645675272963823,8260.0,4.0,ds1,ds1_4,Jungwuchs/Dickung,Jungwuchs/Dickung_4,0.0,0.0,3.0,3.0,4.0,3.0,2994,young
5.78678508168793,8261.0,13.0,ds6,ds6_13,Starkes Baumholz,Starkes Baumholz_13,0.0,1.0,1.0,1.0,1.0,1.0,2995,not_young
0.75967117868308,8262.0,4.0,ds3,ds3_4,Stangenholz,Stangenholz_4,0.0,0.0,3.0,3.0,3.0,3.0,2996,not_young
0.509087039565505,8263.0,13.0,ds2,ds2_13,Jungwuchs/Dickung,Jungwuchs/Dickung_13,0.0,1.0,1.0,1.0,1.0,1.0,2997,young
2.704033067990115,8266.0,4.0,ds4,ds4_4,Schwaches Baumholz,Schwaches Baumholz_4,0.0,0.0,3.0,3.0,3.0,3.0,2998,not_young
0.86833897197835,8268.0,13.0,ds1,ds1_13,Jungwuchs/Dickung,Jungwuchs/Dickung_13,0.0,0.0,3.0,3.0,3.0,3.0,2999,young
1.030000247217459,8269.0,13.0,ds2,ds2_13,Jungwuchs/Dickung,Jungwuchs/Dickung_13,0.0,0.0,3.0,3.0,4.0,3.0,3000,young
0.974778815514932,8270.0,4.0,ds5,ds5_4,Mittleres Baumholz,Mittleres Baumholz_4,0.0,1.0,1.0,1.0,3.0,3.0,3001,not_young
0.809591719793249,8271.0,13.0,ds4,ds4_13,Schwaches Baumholz,Schwaches Baumholz_13,0.0,1.0,1.0,1.0,3.0,3.0,3002,not_young
1.01364128136877,8272.0,13.0,ds4,ds4_13,Schwaches Baumholz,Schwaches Baumholz_13,0.0,1.0,1.0,1.0,3.0,3.0,3003,not_young
0.520879827051936,8273.0,13.0,ds5,ds5_13,Mittleres Baumholz,Mittleres Baumholz_13,0.0,1.0,1.0,1.0,3.0,3.0,3004,not_young
1.062891292604245,8274.0,13.0,ds4,ds4_13,Schwaches Baumholz,Schwaches Baumholz_13,0.0,0.0,3.0,3.0,3.0,3.0,3005,not_young
0.541551507329103,8275.0,4.0,ds2,ds2_4,Jungwuchs/Dickung,Jungwuchs/Dickung_4,0.0,0.0,3.0,3.0,4.0,3.0,3006,young
0.746380257415597,8278.0,4.0,ds6,ds6_4,Starkes Baumholz,Starkes Baumholz_4,0.0,0.0,3.0,3.0,3.0,3.0,3007,not_young
9.654777410088329,8281.0,13.0,ds6,ds6_13,Starkes Baumholz,Starkes Baumholz_13,0.0,0.0,3.0,3.0,4.0,3.0,3008,not_young
0.683594741418958,8284.0,4.0,ds2,ds2_4,Jungwuchs/Dickung,Jungwuchs/Dickung_4,0.0,0.0,3.0,3.0,3.0,3.0,3009,young
0.588083287458192,8285.0,4.0,ds3,ds3_4,Stangenholz,Stangenholz_4,0.0,0.0,3.0,3.0,4.0,4.0,3010,not_young
2.696086072021769,8286.0,4.0,ds6,ds6_4,Starkes Baumholz,Starkes Baumholz_4,0.0,0.0,3.0,3.0,3.0,3.0,3011,not_young
0.533223272364051,8287.0,4.0,ds4,ds4_4,Schwaches Baumholz,Schwaches Baumholz_4,0.0,0.0,3.0,3.0,3.0,3.0,3012,not_young
0.631840518185082,8288.0,4.0,ds5,ds5_4,Mittleres Baumholz,Mittleres Baumholz_4,0.0,0.0,3.0,3.0,4.0,4.0,3013,not_young
0.576772136168834,8289.0,4.0,ds5,ds5_4,Mittleres Baumholz,Mittleres Baumholz_4,0.0,0.0,3.0,3.0,4.0,3.0,3014,not_young
0.67154799146607,8290.0,4.0,ds3,ds3_4,Stangenholz,Stangenholz_4,0.0,0.0,3.0,3.0,3.0,3.0,3015,not_young
2.00192116021229,8292.0,13.0,ds1,ds1_13,Jungwuchs/Dickung,Jungwuchs/Dickung_13,0.0,0.0,3.0,3.0,3.0,3.0,3016,young
0.631335249832479,8293.0,4.0,ds1,ds1_4,Jungwuchs/Dickung,Jungwuchs/Dickung_4,0.0,1.0,1.0,1.0,3.0,3.0,3017,young
0.524466401637765,8294.0,4.0,ds4,ds4_4,Schwaches Baumholz,Schwaches Baumholz_4,0.0,1.0,1.0,1.0,3.0,3.0,3018,not_young
0.500878844493673,8295.0,4.0,ds1,ds1_4,Jungwuchs/Dickung,Jungwuchs/Dickung_4,0.0,0.0,3.0,3.0,3.0,3.0,3019,young
3.289783313795529,8297.0,4.0,ds5,ds5_4,Mittleres Baumholz,Mittleres Baumholz_4,0.0,0.0,3.0,3.0,3.0,3.0,3020,not_young
1.138379041084694,8300.0,4.0,ds4,ds4_4,Schwaches Baumholz,Schwaches Baumholz_4,0.0,0.0,3.0,3.0,4.0,3.0,3021,not_young
6.672542806644366,8304.0,4.0,ds6,ds6_4,Starkes Baumholz,Starkes Baumholz_4,0.0,0.0,3.0,3.0,3.0,3.0,3022,not_young
0.945829999734066,8305.0,4.0,ds2,ds2_4,Jungwuchs/Dickung,Jungwuchs/Dickung_4,0.0,0.0,3.0,3.0,4.0,3.0,3023,young
0.866598748486862,8308.0,4.0,ds4,ds4_4,Schwaches Baumholz,Schwaches Baumholz_4,0.0,1.0,1.0,1.0,3.0,3.0,3024,not_young
0.936380181188136,8310.0,4.0,ds4,ds4_4,Schwaches Baumholz,Schwaches Baumholz_4,0.0,0.0,3.0,3.0,3.0,3.0,3025,not_young
0.590239674049686,8316.0,4.0,ds4,ds4_4,Schwaches Baumholz,Schwaches Baumholz_4,0.0,0.0,3.0,1.0,3.0,3.0,3026,not_young
2.535989895846509,8318.0,4.0,ds2,ds2_4,Jungwuchs/Dickung,Jungwuchs/Dickung_4,0.0,0.0,3.0,3.0,3.0,3.0,3027,young
0.610603339004517,8320.0,4.0,ds4,ds4_4,Schwaches Baumholz,Schwaches Baumholz_4,0.0,0.0,3.0,3.0,4.0,3.0,3028,not_young
0.641607101181877,8321.0,4.0,ds4,ds4_4,Schwaches Baumholz,Schwaches Baumholz_4,0.0,0.0,3.0,3.0,4.0,4.0,3029,not_young
2.235115554473763,8325.0,4.0,ds5,ds5_4,Mittleres Baumholz,Mittleres Baumholz_4,0.0,1.0,1.0,1.0,3.0,3.0,3030,not_young
1.06235040992843,8326.0,4.0,ds4,ds4_4,Schwaches Baumholz,Schwaches Baumholz_4,0.0,0.0,3.0,3.0,3.0,3.0,3031,not_young
0.61979765595746,8327.0,13.0,ds5,ds5_13,Mittleres Baumholz,Mittleres Baumholz_13,0.0,0.0,3.0,3.0,3.0,3.0,3032,not_young
4.768582024145542,8328.0,4.0,ds1,ds1_4,Jungwuchs/Dickung,Jungwuchs/Dickung_4,0.0,0.0,3.0,3.0,3.0,3.0,3033,young
0.658690788022615,8329.0,4.0,ds2,ds2_4,Jungwuchs/Dickung,Jungwuchs/Dickung_4,0.0,0.0,3.0,3.0,3.0,3.0,3034,young
1.236390414942987,8330.0,13.0,ds4,ds4_13,Schwaches Baumholz,Schwaches Baumholz_13,0.0,0.0,3.0,3.0,3.0,3.0,3035,not_young
1.556495039345557,8332.0,13.0,ds5,ds5_13,Mittleres Baumholz,Mittleres Baumholz_13,0.0,0.0,3.0,3.0,3.0,3.0,3036,not_young
1.448478620818339,8333.0,4.0,ds1,ds1_4,Jungwuchs/Dickung,Jungwuchs/Dickung_4,0.0,0.0,3.0,3.0,3.0,3.0,3037,young
0.659189116687235,8334.0,13.0,ds2,ds2_13,Jungwuchs/Dickung,Jungwuchs/Dickung_13,0.0,1.0,1.0,1.0,3.0,3.0,3038,young
1.107079517459416,8335.0,4.0,ds2,ds2_4,Jungwuchs/Dickung,Jungwuchs/Dickung_4,0.0,0.0,3.0,3.0,4.0,4.0,3039,young
0.801511746051256,8336.0,4.0,ds5,ds5_4,Mittleres Baumholz,Mittleres Baumholz_4,0.0,0.0,3.0,3.0,3.0,3.0,3040,not_young
0.981361578330875,8337.0,4.0,ds4,ds4_4,Schwaches Baumholz,Schwaches Baumholz_4,0.0,0.0,3.0,3.0,4.0,3.0,3041,not_young
1.009824069895502,8338.0,4.0,ds4,ds4_4,Schwaches Baumholz,Schwaches Baumholz_4,0.0,0.0,3.0,3.0,3.0,3.0,3042,not_young
1.291111314141215,8339.0,13.0,ds4,ds4_13,Schwaches Baumholz,Schwaches Baumholz_13,0.0,0.0,3.0,3.0,4.0,3.0,3043,not_young
2.040519783396321,8340.0,4.0,ds1,ds1_4,Jungwuchs/Dickung,Jungwuchs/Dickung_4,0.0,0.0,3.0,3.0,4.0,3.0,3044,young
3.116023366728681,8341.0,4.0,ds4,ds4_4,Schwaches Baumholz,Schwaches Baumholz_4,0.0,1.0,1.0,1.0,3.0,3.0,3045,not_young
0.818634088352602,8342.0,13.0,ds5,ds5_13,Mittleres Baumholz,Mittleres Baumholz_13,0.0,0.0,3.0,3.0,3.0,3.0,3046,not_young
1.858615479282075,8343.0,4.0,ds6,ds6_4,Starkes Baumholz,Starkes Baumholz_4,0.0,0.0,3.0,3.0,4.0,3.0,3047,not_young
1.181874296749197,8344.0,4.0,ds5,ds5_4,Mittleres Baumholz,Mittleres Baumholz_4,0.0,0.0,3.0,3.0,3.0,3.0,3048,not_young
0.86104184058219,8345.0,4.0,ds6,ds6_4,Starkes Baumholz,Starkes Baumholz_4,0.0,0.0,3.0,3.0,3.0,3.0,3049,not_young
1.323310815147311,8346.0,13.0,ds1,ds1_13,Jungwuchs/Dickung,Jungwuchs/Dickung_13,0.0,0.0,3.0,3.0,3.0,3.0,3050,young
0.8088977244785,8347.0,4.0,ds5,ds5_4,Mittleres Baumholz,Mittleres Baumholz_4,0.0,0.0,3.0,3.0,4.0,3.0,3051,not_young
0.835289965824265,8348.0,13.0,ds5,ds5_13,Mittleres Baumholz,Mittleres Baumholz_13,0.0,0.0,3.0,3.0,3.0,3.0,3052,not_young
1.996474962443952,8349.0,4.0,ds3,ds3_4,Stangenholz,Stangenholz_4,0.0,0.0,3.0,3.0,3.0,3.0,3053,not_young
0.925386857805774,8350.0,13.0,ds4,ds4_13,Schwaches Baumholz,Schwaches Baumholz_13,0.0,0.0,3.0,3.0,4.0,4.0,3054,not_young
2.276273782645399,8351.0,13.0,ds3,ds3_13,Stangenholz,Stangenholz_13,0.0,0.0,3.0,3.0,4.0,4.0,3055,not_young
1.676561851356528,8352.0,4.0,ds4,ds4_4,Schwaches Baumholz,Schwaches Baumholz_4,0.0,0.0,3.0,3.0,3.0,3.0,3056,not_young
6.112121961145498,8353.0,4.0,ds4,ds4_4,Schwaches Baumholz,Schwaches Baumholz_4,0.0,0.0,3.0,3.0,3.0,3.0,3057,not_young
1.46412090632128,8354.0,13.0,ds1,ds1_13,Jungwuchs/Dickung,Jungwuchs/Dickung_13,0.0,1.0,1.0,1.0,3.0,3.0,3058,young
1.545045107736113,8356.0,4.0,ds1,ds1_4,Jungwuchs/Dickung,Jungwuchs/Dickung_4,0.0,0.0,3.0,3.0,3.0,3.0,3059,young
0.712094274394587,8359.0,4.0,ds3,ds3_4,Stangenholz,Stangenholz_4,0.0,0.0,3.0,3.0,3.0,3.0,3060,not_young
2.167784181072237,8360.0,4.0,ds3,ds3_4,Stangenholz,Stangenholz_4,0.0,0.0,3.0,3.0,4.0,4.0,3061,not_young
0.828545506194787,8362.0,13.0,ds3,ds3_13,Stangenholz,Stangenholz_13,0.0,0.0,3.0,3.0,4.0,3.0,3062,not_young
0.557058829619433,8364.0,4.0,ds2,ds2_4,Jungwuchs/Dickung,Jungwuchs/Dickung_4,0.0,0.0,3.0,3.0,3.0,3.0,3063,young
1.52422605303321,8365.0,4.0,ds5,ds5_4,Mittleres Baumholz,Mittleres Baumholz_4,0.0,0.0,3.0,3.0,3.0,3.0,3064,not_young
2.402575234861236,8367.0,13.0,ds2,ds2_13,Jungwuchs/Dickung,Jungwuchs/Dickung_13,0.0,0.0,3.0,3.0,3.0,3.0,3065,young
0.737626986785885,8368.0,4.0,ds3,ds3_4,Stangenholz,Stangenholz_4,0.0,0.0,3.0,3.0,3.0,3.0,3066,not_young
6.064518826939606,8369.0,4.0,ds4,ds4_4,Schwaches Baumholz,Schwaches Baumholz_4,0.0,0.0,3.0,3.0,3.0,3.0,3067,not_young
1.039482495023287,8370.0,4.0,ds4,ds4_4,Schwaches Baumholz,Schwaches Baumholz_4,0.0,0.0,3.0,3.0,3.0,3.0,3068,not_young
2.0680171925648,8371.0,4.0,ds5,ds5_4,Mittleres Baumholz,Mittleres Baumholz_4,0.0,0.0,3.0,3.0,3.0,3.0,3069,not_young
4.161917162592011,8373.0,4.0,ds6,ds6_4,Starkes Baumholz,Starkes Baumholz_4,0.0,0.0,3.0,3.0,3.0,3.0,3070,not_young
4.257663365857711,8374.0,4.0,ds6,ds6_4,Starkes Baumholz,Starkes Baumholz_4,0.0,0.0,3.0,3.0,4.0,3.0,3071,not_young
3.722620201621578,8378.0,4.0,ds5,ds5_4,Mittleres Baumholz,Mittleres Baumholz_4,0.0,0.0,3.0,3.0,3.0,3.0,3072,not_young
5.979435119397054,8379.0,4.0,ds5,ds5_4,Mittleres Baumholz,Mittleres Baumholz_4,0.0,0.0,3.0,3.0,3.0,3.0,3073,not_young
0.938989647578385,8380.0,4.0,ds1,ds1_4,Jungwuchs/Dickung,Jungwuchs/Dickung_4,0.0,0.0,3.0,3.0,3.0,3.0,3074,young
0.531198855947005,8383.0,13.0,ds2,ds2_13,Jungwuchs/Dickung,Jungwuchs/Dickung_13,0.0,0.0,3.0,3.0,4.0,3.0,3075,young
0.852091130768822,8385.0,13.0,ds6,ds6_13,Starkes Baumholz,Starkes Baumholz_13,0.0,0.0,3.0,3.0,3.0,3.0,3076,not_young
0.92166127794385,8387.0,4.0,ds5,ds5_4,Mittleres Baumholz,Mittleres Baumholz_4,0.0,0.0,3.0,3.0,3.0,3.0,3077,not_young
0.785126589777879,8389.0,4.0,ds3,ds3_4,Stangenholz,Stangenholz_4,0.0,0.0,3.0,3.0,3.0,3.0,3078,not_young
0.541327685494232,8390.0,4.0,ds1,ds1_4,Jungwuchs/Dickung,Jungwuchs/Dickung_4,0.0,0.0,3.0,3.0,3.0,3.0,3079,young
0.50968061582353,8494.0,4.0,ds6,ds6_4,Starkes Baumholz,Starkes Baumholz_4,0.0,0.0,3.0,3.0,4.0,4.0,3080,not_young
1.132212955488818,8527.0,4.0,ds1,ds1_4,Jungwuchs/Dickung,Jungwuchs/Dickung_4,0.0,0.0,3.0,3.0,3.0,3.0,3081,young
1.052342158096752,8568.0,13.0,ds1,ds1_13,Jungwuchs/Dickung,Jungwuchs/Dickung_13,0.0,0.0,3.0,3.0,3.0,3.0,3082,young
0.528052309989427,8618.0,4.0,ds2,ds2_4,Jungwuchs/Dickung,Jungwuchs/Dickung_4,0.0,0.0,3.0,3.0,4.0,3.0,3083,young
0.776499277933043,8649.0,4.0,ds1,ds1_4,Jungwuchs/Dickung,Jungwuchs/Dickung_4,0.0,0.0,3.0,3.0,4.0,4.0,3084,young
0.51939038391251,8655.0,4.0,ds2,ds2_4,Jungwuchs/Dickung,Jungwuchs/Dickung_4,0.0,0.0,3.0,3.0,3.0,3.0,3085,young
2.248065297273125,8664.0,13.0,ds2,ds2_13,Jungwuchs/Dickung,Jungwuchs/Dickung_13,1.0,0.0,2.0,2.0,2.0,2.0,3086,young
1.470984100072272,8666.0,13.0,ds2,ds2_13,Jungwuchs/Dickung,Jungwuchs/Dickung_13,1.0,0.0,2.0,2.0,4.0,2.0,3087,young
0.9946612402673,8668.0,13.0,ds1,ds1_13,Jungwuchs/Dickung,Jungwuchs/Dickung_13,1.0,0.0,2.0,2.0,4.0,2.0,3088,young
0.633668981184956,8670.0,4.0,ds2,ds2_4,Jungwuchs/Dickung,Jungwuchs/Dickung_4,1.0,0.0,2.0,2.0,2.0,2.0,3089,young
0.681765440145263,8671.0,4.0,ds4,ds4_4,Schwaches Baumholz,Schwaches Baumholz_4,1.0,0.0,2.0,2.0,2.0,2.0,3090,not_young
0.728978892471734,8672.0,4.0,ds4,ds4_4,Schwaches Baumholz,Schwaches Baumholz_4,1.0,1.0,1.0,1.0,1.0,1.0,3091,not_young
0.560831509780511,8675.0,13.0,ds3,ds3_13,Stangenholz,Stangenholz_13,1.0,0.0,2.0,2.0,4.0,2.0,3092,not_young
0.772543680611183,8678.0,4.0,ds4,ds4_4,Schwaches Baumholz,Schwaches Baumholz_4,1.0,0.0,2.0,2.0,2.0,2.0,3093,not_young
0.510379224651586,8679.0,13.0,ds4,ds4_13,Schwaches Baumholz,Schwaches Baumholz_13,1.0,0.0,2.0,2.0,2.0,2.0,3094,not_young
1.291246658316138,8680.0,13.0,ds2,ds2_13,Jungwuchs/Dickung,Jungwuchs/Dickung_13,1.0,0.0,2.0,2.0,2.0,2.0,3095,young
1.297899739599385,8681.0,13.0,ds2,ds2_13,Jungwuchs/Dickung,Jungwuchs/Dickung_13,1.0,0.0,2.0,2.0,2.0,2.0,3096,young
0.543081500255811,8683.0,4.0,ds2,ds2_4,Jungwuchs/Dickung,Jungwuchs/Dickung_4,1.0,0.0,2.0,2.0,4.0,2.0,3097,young
0.834197457356448,8688.0,13.0,ds3,ds3_13,Stangenholz,Stangenholz_13,1.0,0.0,2.0,2.0,4.0,2.0,3098,not_young
0.846702831024525,8689.0,13.0,ds2,ds2_13,Jungwuchs/Dickung,Jungwuchs/Dickung_13,1.0,0.0,2.0,2.0,4.0,4.0,3099,young
0.510306420601427,8690.0,13.0,ds2,ds2_13,Jungwuchs/Dickung,Jungwuchs/Dickung_13,1.0,0.0,2.0,2.0,4.0,2.0,3100,young
2.608326629061229,8691.0,13.0,ds1,ds1_13,Jungwuchs/Dickung,Jungwuchs/Dickung_13,1.0,0.0,2.0,2.0,2.0,2.0,3101,young
1.855116410383023,8692.0,13.0,ds3,ds3_13,Stangenholz,Stangenholz_13,1.0,0.0,2.0,2.0,2.0,2.0,3102,not_young
1.578961374147446,8693.0,4.0,ds6,ds6_4,Starkes Baumholz,Starkes Baumholz_4,1.0,0.0,2.0,2.0,4.0,2.0,3103,not_young
0.991660933316988,8694.0,13.0,ds5,ds5_13,Mittleres Baumholz,Mittleres Baumholz_13,1.0,0.0,2.0,2.0,2.0,2.0,3104,not_young
1.048978141837567,8696.0,4.0,ds2,ds2_4,Jungwuchs/Dickung,Jungwuchs/Dickung_4,1.0,0.0,2.0,2.0,2.0,2.0,3105,young
1.615840930001228,8697.0,4.0,ds1,ds1_4,Jungwuchs/Dickung,Jungwuchs/Dickung_4,1.0,0.0,2.0,2.0,2.0,2.0,3106,young
1.790261964369705,8698.0,4.0,ds1,ds1_4,Jungwuchs/Dickung,Jungwuchs/Dickung_4,1.0,0.0,2.0,2.0,2.0,2.0,3107,young
1.286634271792788,8699.0,4.0,ds5,ds5_4,Mittleres Baumholz,Mittleres Baumholz_4,1.0,0.0,2.0,2.0,4.0,2.0,3108,not_young
0.638437052326463,8702.0,13.0,ds1,ds1_13,Jungwuchs/Dickung,Jungwuchs/Dickung_13,0.0,1.0,1.0,1.0,1.0,1.0,3109,young
0.836500173077951,8707.0,13.0,ds2,ds2_13,Jungwuchs/Dickung,Jungwuchs/Dickung_13,0.0,1.0,1.0,1.0,1.0,1.0,3110,young
0.881766318349613,8708.0,13.0,ds3,ds3_13,Stangenholz,Stangenholz_13,0.0,1.0,1.0,1.0,1.0,1.0,3111,not_young
0.671311332417058,8710.0,4.0,ds4,ds4_4,Schwaches Baumholz,Schwaches Baumholz_4,0.0,0.0,3.0,3.0,3.0,3.0,3112,not_young
0.534464823007627,8711.0,13.0,ds4,ds4_13,Schwaches Baumholz,Schwaches Baumholz_13,0.0,1.0,1.0,1.0,1.0,1.0,3113,not_young
1.727037494553142,8712.0,13.0,ds4,ds4_13,Schwaches Baumholz,Schwaches Baumholz_13,0.0,1.0,1.0,1.0,1.0,1.0,3114,not_young
4.214256550426782,8714.0,13.0,ds5,ds5_13,Mittleres Baumholz,Mittleres Baumholz_13,0.0,0.0,3.0,3.0,3.0,3.0,3115,not_young
1.83934762199563,8715.0,13.0,ds6,ds6_13,Starkes Baumholz,Starkes Baumholz_13,0.0,0.0,3.0,3.0,4.0,3.0,3116,not_young
0.976659519391175,8716.0,4.0,ds2,ds2_4,Jungwuchs/Dickung,Jungwuchs/Dickung_4,0.0,0.0,3.0,3.0,4.0,3.0,3117,young
1.311460069587533,8717.0,13.0,ds1,ds1_13,Jungwuchs/Dickung,Jungwuchs/Dickung_13,0.0,0.0,3.0,3.0,4.0,3.0,3118,young
0.729661565529485,8718.0,4.0,ds3,ds3_4,Stangenholz,Stangenholz_4,0.0,0.0,3.0,1.0,3.0,3.0,3119,not_young
2.308638861619495,8719.0,13.0,ds3,ds3_13,Stangenholz,Stangenholz_13,0.0,1.0,1.0,1.0,1.0,1.0,3120,not_young
2.761280480836518,8720.0,4.0,ds3,ds3_4,Stangenholz,Stangenholz_4,0.0,0.0,3.0,3.0,3.0,3.0,3121,not_young
0.612853083432559,8724.0,4.0,ds2,ds2_4,Jungwuchs/Dickung,Jungwuchs/Dickung_4,0.0,0.0,3.0,3.0,3.0,3.0,3122,young
0.878994956066739,8730.0,4.0,ds3,ds3_4,Stangenholz,Stangenholz_4,0.0,0.0,3.0,3.0,4.0,3.0,3123,not_young
1.007637539187074,8737.0,4.0,ds6,ds6_4,Starkes Baumholz,Starkes Baumholz_4,0.0,0.0,3.0,3.0,4.0,3.0,3124,not_young
0.770238649760652,8740.0,4.0,ds2,ds2_4,Jungwuchs/Dickung,Jungwuchs/Dickung_4,0.0,0.0,3.0,3.0,3.0,3.0,3125,young
0.546073715156317,8743.0,4.0,ds1,ds1_4,Jungwuchs/Dickung,Jungwuchs/Dickung_4,0.0,0.0,3.0,3.0,3.0,3.0,3126,young
0.802073930492066,8748.0,4.0,ds3,ds3_4,Stangenholz,Stangenholz_4,0.0,0.0,3.0,3.0,4.0,3.0,3127,not_young
1.00282909890376,8749.0,4.0,ds3,ds3_4,Stangenholz,Stangenholz_4,0.0,0.0,3.0,3.0,3.0,3.0,3128,not_young
1.879335429990664,8750.0,4.0,ds1,ds1_4,Jungwuchs/Dickung,Jungwuchs/Dickung_4,0.0,0.0,3.0,3.0,3.0,3.0,3129,young
0.696593992084917,8753.0,4.0,ds2,ds2_4,Jungwuchs/Dickung,Jungwuchs/Dickung_4,0.0,0.0,3.0,3.0,3.0,3.0,3130,young
1.254666111028753,8754.0,4.0,ds5,ds5_4,Mittleres Baumholz,Mittleres Baumholz_4,0.0,0.0,3.0,3.0,3.0,3.0,3131,not_young
1.46215974242799,8757.0,4.0,ds4,ds4_4,Schwaches Baumholz,Schwaches Baumholz_4,0.0,0.0,3.0,3.0,4.0,4.0,3132,not_young
0.615994001623732,8758.0,4.0,ds1,ds1_4,Jungwuchs/Dickung,Jungwuchs/Dickung_4,0.0,0.0,3.0,3.0,4.0,4.0,3133,young
0.765565810794011,8764.0,4.0,ds2,ds2_4,Jungwuchs/Dickung,Jungwuchs/Dickung_4,0.0,0.0,3.0,3.0,3.0,3.0,3134,young
0.862707581003942,8765.0,4.0,ds5,ds5_4,Mittleres Baumholz,Mittleres Baumholz_4,0.0,0.0,3.0,1.0,3.0,3.0,3135,not_young
0.770538119119691,8769.0,4.0,ds5,ds5_4,Mittleres Baumholz,Mittleres Baumholz_4,0.0,0.0,3.0,3.0,3.0,3.0,3136,not_young
0.812021880089771,8772.0,4.0,ds1,ds1_4,Jungwuchs/Dickung,Jungwuchs/Dickung_4,0.0,0.0,3.0,3.0,4.0,3.0,3137,young
0.537070120246522,8775.0,13.0,ds1,ds1_13,Jungwuchs/Dickung,Jungwuchs/Dickung_13,0.0,0.0,3.0,3.0,3.0,3.0,3138,young
0.551919607715685,8778.0,4.0,ds1,ds1_4,Jungwuchs/Dickung,Jungwuchs/Dickung_4,0.0,0.0,3.0,3.0,3.0,3.0,3139,young
0.681483407125063,8783.0,4.0,ds4,ds4_4,Schwaches Baumholz,Schwaches Baumholz_4,0.0,0.0,3.0,3.0,3.0,3.0,3140,not_young
2.029081341489218,8784.0,4.0,ds1,ds1_4,Jungwuchs/Dickung,Jungwuchs/Dickung_4,0.0,0.0,3.0,3.0,4.0,4.0,3141,young
0.935233277694509,8785.0,4.0,ds2,ds2_4,Jungwuchs/Dickung,Jungwuchs/Dickung_4,0.0,0.0,3.0,3.0,4.0,3.0,3142,young
1.350888593066204,8786.0,4.0,ds3,ds3_4,Stangenholz,Stangenholz_4,0.0,1.0,1.0,1.0,3.0,3.0,3143,not_young
0.783675965422671,8787.0,4.0,ds3,ds3_4,Stangenholz,Stangenholz_4,0.0,0.0,3.0,3.0,3.0,3.0,3144,not_young
0.872565015816689,8790.0,4.0,ds4,ds4_4,Schwaches Baumholz,Schwaches Baumholz_4,0.0,0.0,3.0,3.0,3.0,3.0,3145,not_young
0.773382129904721,8798.0,4.0,ds1,ds1_4,Jungwuchs/Dickung,Jungwuchs/Dickung_4,0.0,0.0,3.0,3.0,3.0,3.0,3146,young
0.579824430341274,8800.0,4.0,ds3,ds3_4,Stangenholz,Stangenholz_4,0.0,0.0,3.0,3.0,4.0,3.0,3147,not_young
1.395522707076313,8801.0,4.0,ds5,ds5_4,Mittleres Baumholz,Mittleres Baumholz_4,0.0,0.0,3.0,3.0,3.0,3.0,3148,not_young
0.538945125399233,8803.0,4.0,ds3,ds3_4,Stangenholz,Stangenholz_4,0.0,0.0,3.0,3.0,3.0,3.0,3149,not_young
1.946915284462879,8804.0,4.0,ds2,ds2_4,Jungwuchs/Dickung,Jungwuchs/Dickung_4,0.0,0.0,3.0,3.0,4.0,3.0,3150,young
1.387185666961456,8805.0,4.0,ds1,ds1_4,Jungwuchs/Dickung,Jungwuchs/Dickung_4,0.0,0.0,3.0,3.0,3.0,3.0,3151,young
0.504739162104204,8809.0,4.0,ds4,ds4_4,Schwaches Baumholz,Schwaches Baumholz_4,0.0,0.0,3.0,3.0,3.0,3.0,3152,not_young
0.593886441393709,8810.0,4.0,ds5,ds5_4,Mittleres Baumholz,Mittleres Baumholz_4,0.0,0.0,3.0,3.0,3.0,3.0,3153,not_young
0.515006808136636,8811.0,4.0,ds5,ds5_4,Mittleres Baumholz,Mittleres Baumholz_4,0.0,0.0,3.0,3.0,4.0,3.0,3154,not_young
0.858438589884817,8813.0,4.0,ds4,ds4_4,Schwaches Baumholz,Schwaches Baumholz_4,0.0,0.0,3.0,3.0,3.0,3.0,3155,not_young
0.724615704082046,8814.0,4.0,ds4,ds4_4,Schwaches Baumholz,Schwaches Baumholz_4,0.0,0.0,3.0,1.0,3.0,3.0,3156,not_young
0.828254091668036,8815.0,4.0,ds6,ds6_4,Starkes Baumholz,Starkes Baumholz_4,0.0,0.0,3.0,3.0,3.0,3.0,3157,not_young
1.068815883269114,8816.0,4.0,ds5,ds5_4,Mittleres Baumholz,Mittleres Baumholz_4,0.0,0.0,3.0,3.0,3.0,3.0,3158,not_young
2.003113055051677,8817.0,4.0,ds2,ds2_4,Jungwuchs/Dickung,Jungwuchs/Dickung_4,0.0,0.0,3.0,3.0,3.0,3.0,3159,young
1.071184147940925,8818.0,4.0,ds4,ds4_4,Schwaches Baumholz,Schwaches Baumholz_4,0.0,0.0,3.0,3.0,3.0,3.0,3160,not_young
1.545137623442244,8819.0,4.0,ds3,ds3_4,Stangenholz,Stangenholz_4,0.0,0.0,3.0,3.0,3.0,3.0,3161,not_young
1.152488781207055,8820.0,4.0,ds4,ds4_4,Schwaches Baumholz,Schwaches Baumholz_4,0.0,0.0,3.0,3.0,4.0,3.0,3162,not_young
1.266066934700124,8821.0,4.0,ds4,ds4_4,Schwaches Baumholz,Schwaches Baumholz_4,0.0,0.0,3.0,3.0,3.0,3.0,3163,not_young
1.871335621361993,8823.0,4.0,ds5,ds5_4,Mittleres Baumholz,Mittleres Baumholz_4,0.0,1.0,1.0,1.0,3.0,3.0,3164,not_young
0.681271029004827,8827.0,4.0,ds6,ds6_4,Starkes Baumholz,Starkes Baumholz_4,0.0,0.0,3.0,3.0,3.0,3.0,3165,not_young
0.5361167433016,8831.0,4.0,ds3,ds3_4,Stangenholz,Stangenholz_4,0.0,0.0,3.0,3.0,4.0,3.0,3166,not_young
1.250676811296214,8834.0,4.0,ds4,ds4_4,Schwaches Baumholz,Schwaches Baumholz_4,0.0,0.0,3.0,3.0,4.0,3.0,3167,not_young
1.157241259774473,8840.0,4.0,ds4,ds4_4,Schwaches Baumholz,Schwaches Baumholz_4,0.0,0.0,3.0,3.0,3.0,3.0,3168,not_young
0.555263195662107,8841.0,4.0,ds2,ds2_4,Jungwuchs/Dickung,Jungwuchs/Dickung_4,0.0,0.0,3.0,3.0,3.0,3.0,3169,young
0.554165614579059,8842.0,4.0,ds2,ds2_4,Jungwuchs/Dickung,Jungwuchs/Dickung_4,0.0,0.0,3.0,3.0,3.0,3.0,3170,young
2.638319731937675,8844.0,4.0,ds2,ds2_4,Jungwuchs/Dickung,Jungwuchs/Dickung_4,0.0,0.0,3.0,3.0,3.0,3.0,3171,young
1.953135927108023,8845.0,4.0,ds2,ds2_4,Jungwuchs/Dickung,Jungwuchs/Dickung_4,0.0,0.0,3.0,3.0,4.0,4.0,3172,young
0.784243788817304,8847.0,4.0,ds4,ds4_4,Schwaches Baumholz,Schwaches Baumholz_4,0.0,0.0,3.0,3.0,3.0,3.0,3173,not_young
0.593778273019349,8849.0,4.0,ds3,ds3_4,Stangenholz,Stangenholz_4,0.0,0.0,3.0,3.0,3.0,3.0,3174,not_young
1.035861728671752,8851.0,4.0,ds2,ds2_4,Jungwuchs/Dickung,Jungwuchs/Dickung_4,0.0,0.0,3.0,3.0,3.0,3.0,3175,young
1.641036530555261,8852.0,4.0,ds5,ds5_4,Mittleres Baumholz,Mittleres Baumholz_4,0.0,1.0,1.0,1.0,1.0,1.0,3176,not_young
2.237684713105299,8853.0,4.0,ds5,ds5_4,Mittleres Baumholz,Mittleres Baumholz_4,0.0,0.0,3.0,3.0,4.0,4.0,3177,not_young
0.842624924438389,8854.0,4.0,ds3,ds3_4,Stangenholz,Stangenholz_4,0.0,0.0,3.0,3.0,3.0,3.0,3178,not_young
1.716083984784084,8855.0,4.0,ds2,ds2_4,Jungwuchs/Dickung,Jungwuchs/Dickung_4,0.0,0.0,3.0,3.0,4.0,3.0,3179,young
0.738335525062028,8856.0,13.0,ds3,ds3_13,Stangenholz,Stangenholz_13,0.0,0.0,3.0,3.0,3.0,3.0,3180,not_young
1.055858157799626,8857.0,4.0,ds4,ds4_4,Schwaches Baumholz,Schwaches Baumholz_4,0.0,0.0,3.0,3.0,4.0,4.0,3181,not_young
1.067188063914529,8858.0,4.0,ds3,ds3_4,Stangenholz,Stangenholz_4,0.0,0.0,3.0,3.0,4.0,3.0,3182,not_young
0.504086465290817,8859.0,4.0,ds2,ds2_4,Jungwuchs/Dickung,Jungwuchs/Dickung_4,0.0,0.0,3.0,3.0,3.0,3.0,3183,young
1.073289564521145,8861.0,4.0,ds4,ds4_4,Schwaches Baumholz,Schwaches Baumholz_4,0.0,0.0,3.0,3.0,3.0,3.0,3184,not_young
0.850841942797697,8862.0,4.0,ds1,ds1_4,Jungwuchs/Dickung,Jungwuchs/Dickung_4,0.0,0.0,3.0,3.0,3.0,3.0,3185,young
0.510348668110743,8864.0,4.0,ds1,ds1_4,Jungwuchs/Dickung,Jungwuchs/Dickung_4,0.0,0.0,3.0,3.0,3.0,3.0,3186,young
0.558658194587832,8866.0,4.0,ds3,ds3_4,Stangenholz,Stangenholz_4,0.0,0.0,3.0,1.0,3.0,3.0,3187,not_young
1.330383520830702,8867.0,4.0,ds5,ds5_4,Mittleres Baumholz,Mittleres Baumholz_4,0.0,0.0,3.0,3.0,3.0,3.0,3188,not_young
1.033820971810911,8868.0,4.0,ds4,ds4_4,Schwaches Baumholz,Schwaches Baumholz_4,0.0,0.0,3.0,3.0,3.0,3.0,3189,not_young
1.846199482115451,8869.0,4.0,ds5,ds5_4,Mittleres Baumholz,Mittleres Baumholz_4,0.0,1.0,1.0,1.0,1.0,1.0,3190,not_young
0.515614856922627,8870.0,4.0,ds1,ds1_4,Jungwuchs/Dickung,Jungwuchs/Dickung_4,0.0,0.0,3.0,3.0,3.0,3.0,3191,young
1.963422865911946,8871.0,4.0,ds4,ds4_4,Schwaches Baumholz,Schwaches Baumholz_4,0.0,0.0,3.0,3.0,3.0,3.0,3192,not_young
0.516391767369211,8872.0,4.0,ds1,ds1_4,Jungwuchs/Dickung,Jungwuchs/Dickung_4,0.0,0.0,3.0,3.0,3.0,3.0,3193,young
0.58824762046812,8875.0,4.0,ds4,ds4_4,Schwaches Baumholz,Schwaches Baumholz_4,0.0,0.0,3.0,3.0,3.0,3.0,3194,not_young
0.929900665671099,8876.0,4.0,ds5,ds5_4,Mittleres Baumholz,Mittleres Baumholz_4,0.0,0.0,3.0,1.0,3.0,3.0,3195,not_young
1.56537781159021,8877.0,4.0,ds3,ds3_4,Stangenholz,Stangenholz_4,0.0,0.0,3.0,3.0,3.0,3.0,3196,not_young
3.980934907266917,8882.0,4.0,ds5,ds5_4,Mittleres Baumholz,Mittleres Baumholz_4,0.0,0.0,3.0,3.0,4.0,4.0,3197,not_young
0.504774634114839,8883.0,4.0,ds2,ds2_4,Jungwuchs/Dickung,Jungwuchs/Dickung_4,0.0,0.0,3.0,3.0,3.0,3.0,3198,young
0.578378721154054,8885.0,4.0,ds1,ds1_4,Jungwuchs/Dickung,Jungwuchs/Dickung_4,0.0,0.0,3.0,3.0,3.0,3.0,3199,young
1.307877732548642,8886.0,4.0,ds4,ds4_4,Schwaches Baumholz,Schwaches Baumholz_4,0.0,0.0,3.0,3.0,3.0,3.0,3200,not_young
0.668610218514263,8887.0,4.0,ds2,ds2_4,Jungwuchs/Dickung,Jungwuchs/Dickung_4,0.0,0.0,3.0,3.0,4.0,4.0,3201,young
0.533372206090874,8889.0,4.0,ds6,ds6_4,Starkes Baumholz,Starkes Baumholz_4,0.0,0.0,3.0,3.0,3.0,3.0,3202,not_young
0.690835773823598,8890.0,4.0,ds2,ds2_4,Jungwuchs/Dickung,Jungwuchs/Dickung_4,0.0,0.0,3.0,3.0,4.0,3.0,3203,young
2.859484692487586,8891.0,4.0,ds2,ds2_4,Jungwuchs/Dickung,Jungwuchs/Dickung_4,0.0,0.0,3.0,3.0,3.0,3.0,3204,young
1.166316766364966,8892.0,4.0,ds4,ds4_4,Schwaches Baumholz,Schwaches Baumholz_4,0.0,0.0,3.0,3.0,4.0,3.0,3205,not_young
1.940176509881905,8893.0,4.0,ds4,ds4_4,Schwaches Baumholz,Schwaches Baumholz_4,0.0,0.0,3.0,3.0,4.0,3.0,3206,not_young
2.375504245398997,8894.0,4.0,ds4,ds4_4,Schwaches Baumholz,Schwaches Baumholz_4,0.0,1.0,1.0,1.0,1.0,1.0,3207,not_young
1.450573696556315,8895.0,4.0,ds4,ds4_4,Schwaches Baumholz,Schwaches Baumholz_4,0.0,0.0,3.0,3.0,3.0,3.0,3208,not_young
0.828386565955821,8896.0,4.0,ds5,ds5_4,Mittleres Baumholz,Mittleres Baumholz_4,0.0,0.0,3.0,3.0,4.0,4.0,3209,not_young
2.379259450108127,8897.0,4.0,ds5,ds5_4,Mittleres Baumholz,Mittleres Baumholz_4,0.0,0.0,3.0,1.0,3.0,3.0,3210,not_young
1.20919809350567,8898.0,4.0,ds2,ds2_4,Jungwuchs/Dickung,Jungwuchs/Dickung_4,0.0,0.0,3.0,3.0,3.0,3.0,3211,young
1.048680710679107,8899.0,4.0,ds5,ds5_4,Mittleres Baumholz,Mittleres Baumholz_4,0.0,0.0,3.0,3.0,3.0,3.0,3212,not_young
4.725408651935356,8900.0,4.0,ds1,ds1_4,Jungwuchs/Dickung,Jungwuchs/Dickung_4,0.0,0.0,3.0,3.0,3.0,3.0,3213,young
1.103271747590695,8903.0,4.0,ds3,ds3_4,Stangenholz,Stangenholz_4,0.0,0.0,3.0,3.0,3.0,3.0,3214,not_young
0.691040141560759,8905.0,4.0,ds4,ds4_4,Schwaches Baumholz,Schwaches Baumholz_4,0.0,0.0,3.0,3.0,3.0,3.0,3215,not_young
1.418795977001626,8906.0,4.0,ds5,ds5_4,Mittleres Baumholz,Mittleres Baumholz_4,0.0,0.0,3.0,3.0,4.0,4.0,3216,not_young
1.713066489231645,8907.0,4.0,ds4,ds4_4,Schwaches Baumholz,Schwaches Baumholz_4,0.0,0.0,3.0,3.0,4.0,4.0,3217,not_young
0.522777120953798,8908.0,4.0,ds4,ds4_4,Schwaches Baumholz,Schwaches Baumholz_4,0.0,0.0,3.0,3.0,4.0,4.0,3218,not_young
0.985916462551989,8909.0,4.0,ds4,ds4_4,Schwaches Baumholz,Schwaches Baumholz_4,0.0,1.0,1.0,1.0,3.0,3.0,3219,not_young
2.201252018327941,8910.0,4.0,ds3,ds3_4,Stangenholz,Stangenholz_4,0.0,0.0,3.0,3.0,4.0,3.0,3220,not_young
0.771498520262601,8911.0,4.0,ds2,ds2_4,Jungwuchs/Dickung,Jungwuchs/Dickung_4,0.0,0.0,3.0,3.0,4.0,4.0,3221,young
0.591717815052887,8912.0,4.0,ds1,ds1_4,Jungwuchs/Dickung,Jungwuchs/Dickung_4,0.0,0.0,3.0,3.0,4.0,3.0,3222,young
0.597317829911504,8916.0,13.0,ds5,ds5_13,Mittleres Baumholz,Mittleres Baumholz_13,0.0,0.0,3.0,3.0,3.0,3.0,3223,not_young
0.810660086124018,8920.0,13.0,ds3,ds3_13,Stangenholz,Stangenholz_13,0.0,0.0,3.0,3.0,4.0,3.0,3224,not_young
0.990857848862931,8922.0,13.0,ds2,ds2_13,Jungwuchs/Dickung,Jungwuchs/Dickung_13,0.0,0.0,3.0,3.0,3.0,3.0,3225,young
0.559035787623376,8923.0,4.0,ds1,ds1_4,Jungwuchs/Dickung,Jungwuchs/Dickung_4,0.0,0.0,3.0,3.0,3.0,3.0,3226,young
0.51790310773775,8924.0,4.0,ds2,ds2_4,Jungwuchs/Dickung,Jungwuchs/Dickung_4,0.0,0.0,3.0,3.0,4.0,3.0,3227,young
0.600390009052694,8939.0,4.0,ds1,ds1_4,Jungwuchs/Dickung,Jungwuchs/Dickung_4,0.0,0.0,3.0,3.0,3.0,3.0,3228,young
0.67149732583575,8941.0,4.0,ds5,ds5_4,Mittleres Baumholz,Mittleres Baumholz_4,0.0,0.0,3.0,1.0,3.0,3.0,3229,not_young
0.816383418171178,8947.0,4.0,ds1,ds1_4,Jungwuchs/Dickung,Jungwuchs/Dickung_4,0.0,0.0,3.0,3.0,4.0,3.0,3230,young
0.92792640334852,8954.0,4.0,ds1,ds1_4,Jungwuchs/Dickung,Jungwuchs/Dickung_4,0.0,0.0,3.0,3.0,3.0,3.0,3231,young
0.695552814591024,8966.0,4.0,ds1,ds1_4,Jungwuchs/Dickung,Jungwuchs/Dickung_4,0.0,0.0,3.0,3.0,3.0,3.0,3232,young
0.51114720971894,8971.0,4.0,ds2,ds2_4,Jungwuchs/Dickung,Jungwuchs/Dickung_4,0.0,0.0,3.0,3.0,4.0,4.0,3233,young
1.229791590684344,8973.0,4.0,ds4,ds4_4,Schwaches Baumholz,Schwaches Baumholz_4,0.0,0.0,3.0,3.0,3.0,3.0,3234,not_young
0.584577764450538,8981.0,4.0,ds3,ds3_4,Stangenholz,Stangenholz_4,0.0,0.0,3.0,3.0,4.0,3.0,3235,not_young
0.881823791272193,8984.0,13.0,ds6,ds6_13,Starkes Baumholz,Starkes Baumholz_13,0.0,1.0,1.0,1.0,1.0,1.0,3236,not_young
0.89412141809687,8987.0,13.0,ds5,ds5_13,Mittleres Baumholz,Mittleres Baumholz_13,0.0,0.0,3.0,3.0,4.0,3.0,3237,not_young
0.609552707634785,8991.0,13.0,ds5,ds5_13,Mittleres Baumholz,Mittleres Baumholz_13,0.0,0.0,3.0,3.0,4.0,3.0,3238,not_young
0.741792647236527,8992.0,13.0,ds3,ds3_13,Stangenholz,Stangenholz_13,0.0,0.0,3.0,3.0,3.0,3.0,3239,not_young
0.595147794321063,8993.0,13.0,ds5,ds5_13,Mittleres Baumholz,Mittleres Baumholz_13,0.0,0.0,3.0,3.0,4.0,3.0,3240,not_young
0.62414813872762,8995.0,13.0,ds5,ds5_13,Mittleres Baumholz,Mittleres Baumholz_13,0.0,0.0,3.0,3.0,4.0,3.0,3241,not_young
1.634872224094695,8996.0,13.0,ds1,ds1_13,Jungwuchs/Dickung,Jungwuchs/Dickung_13,0.0,0.0,3.0,3.0,3.0,3.0,3242,young
0.55304589120578,8998.0,4.0,ds3,ds3_4,Stangenholz,Stangenholz_4,0.0,0.0,3.0,1.0,3.0,3.0,3243,not_young
0.545702275919402,9000.0,4.0,ds6,ds6_4,Starkes Baumholz,Starkes Baumholz_4,0.0,0.0,3.0,3.0,3.0,3.0,3244,not_young
1.793703959879279,9005.0,13.0,ds2,ds2_13,Jungwuchs/Dickung,Jungwuchs/Dickung_13,0.0,0.0,3.0,3.0,3.0,3.0,3245,young
0.790241139195091,9008.0,4.0,ds4,ds4_4,Schwaches Baumholz,Schwaches Baumholz_4,0.0,0.0,3.0,3.0,4.0,3.0,3246,not_young
1.086461101603508,9009.0,4.0,ds2,ds2_4,Jungwuchs/Dickung,Jungwuchs/Dickung_4,0.0,0.0,3.0,3.0,3.0,3.0,3247,young
1.647106253221631,9013.0,13.0,ds2,ds2_13,Jungwuchs/Dickung,Jungwuchs/Dickung_13,0.0,0.0,3.0,3.0,4.0,3.0,3248,young
1.828392182311602,9014.0,4.0,ds2,ds2_4,Jungwuchs/Dickung,Jungwuchs/Dickung_4,0.0,0.0,3.0,3.0,3.0,3.0,3249,young
1.662512376958248,9015.0,13.0,ds4,ds4_13,Schwaches Baumholz,Schwaches Baumholz_13,0.0,0.0,3.0,3.0,4.0,3.0,3250,not_young
0.840118317598617,9018.0,13.0,ds5,ds5_13,Mittleres Baumholz,Mittleres Baumholz_13,0.0,0.0,3.0,3.0,4.0,3.0,3251,not_young
1.370004339790065,9020.0,13.0,ds5,ds5_13,Mittleres Baumholz,Mittleres Baumholz_13,0.0,0.0,3.0,3.0,3.0,3.0,3252,not_young
0.748043609878421,9022.0,13.0,ds6,ds6_13,Starkes Baumholz,Starkes Baumholz_13,0.0,0.0,3.0,3.0,3.0,3.0,3253,not_young
1.031407689046999,9024.0,4.0,ds6,ds6_4,Starkes Baumholz,Starkes Baumholz_4,0.0,0.0,3.0,3.0,4.0,4.0,3254,not_young
0.819887732147239,9025.0,4.0,ds1,ds1_4,Jungwuchs/Dickung,Jungwuchs/Dickung_4,0.0,0.0,3.0,3.0,4.0,3.0,3255,young
0.566725778573286,9027.0,4.0,ds2,ds2_4,Jungwuchs/Dickung,Jungwuchs/Dickung_4,0.0,0.0,3.0,3.0,3.0,3.0,3256,young
0.550817144266865,9029.0,4.0,ds5,ds5_4,Mittleres Baumholz,Mittleres Baumholz_4,0.0,0.0,3.0,3.0,3.0,3.0,3257,not_young
1.73747038470509,9036.0,4.0,ds5,ds5_4,Mittleres Baumholz,Mittleres Baumholz_4,0.0,1.0,1.0,1.0,1.0,1.0,3258,not_young
1.612261932512427,9037.0,4.0,ds3,ds3_4,Stangenholz,Stangenholz_4,0.0,1.0,1.0,1.0,1.0,1.0,3259,not_young
0.792891793452762,9038.0,4.0,ds5,ds5_4,Mittleres Baumholz,Mittleres Baumholz_4,0.0,0.0,3.0,3.0,3.0,3.0,3260,not_young
2.110899805315583,9039.0,4.0,ds4,ds4_4,Schwaches Baumholz,Schwaches Baumholz_4,0.0,0.0,3.0,3.0,3.0,3.0,3261,not_young
0.695378566963849,9040.0,13.0,ds2,ds2_13,Jungwuchs/Dickung,Jungwuchs/Dickung_13,0.0,0.0,3.0,3.0,4.0,3.0,3262,young
0.619524638406606,9041.0,13.0,ds3,ds3_13,Stangenholz,Stangenholz_13,0.0,0.0,3.0,3.0,3.0,3.0,3263,not_young
1.035656341773702,9042.0,13.0,ds3,ds3_13,Stangenholz,Stangenholz_13,0.0,0.0,3.0,3.0,3.0,3.0,3264,not_young
1.015974025024707,9045.0,13.0,ds3,ds3_13,Stangenholz,Stangenholz_13,0.0,1.0,1.0,1.0,1.0,1.0,3265,not_young
1.104697724906914,9052.0,4.0,ds1,ds1_4,Jungwuchs/Dickung,Jungwuchs/Dickung_4,0.0,0.0,3.0,3.0,3.0,3.0,3266,young
1.707024475665204,9058.0,13.0,ds5,ds5_13,Mittleres Baumholz,Mittleres Baumholz_13,0.0,0.0,3.0,3.0,4.0,3.0,3267,not_young
0.681001055605989,9061.0,13.0,ds2,ds2_13,Jungwuchs/Dickung,Jungwuchs/Dickung_13,0.0,0.0,3.0,3.0,3.0,3.0,3268,young
0.903088773452491,9062.0,13.0,ds4,ds4_13,Schwaches Baumholz,Schwaches Baumholz_13,0.0,0.0,3.0,3.0,3.0,3.0,3269,not_young
1.341359607515065,9063.0,13.0,ds2,ds2_13,Jungwuchs/Dickung,Jungwuchs/Dickung_13,0.0,0.0,3.0,3.0,3.0,3.0,3270,young
0.501203179626376,9064.0,13.0,ds2,ds2_13,Jungwuchs/Dickung,Jungwuchs/Dickung_13,0.0,0.0,3.0,3.0,3.0,3.0,3271,young
0.731717791071278,9065.0,13.0,ds5,ds5_13,Mittleres Baumholz,Mittleres Baumholz_13,0.0,0.0,3.0,3.0,3.0,3.0,3272,not_young
0.797140484139789,9067.0,13.0,ds4,ds4_13,Schwaches Baumholz,Schwaches Baumholz_13,0.0,0.0,3.0,3.0,4.0,3.0,3273,not_young
1.367358235006244,9068.0,13.0,ds4,ds4_13,Schwaches Baumholz,Schwaches Baumholz_13,0.0,0.0,3.0,3.0,4.0,3.0,3274,not_young
2.783034248690086,9069.0,4.0,ds5,ds5_4,Mittleres Baumholz,Mittleres Baumholz_4,0.0,0.0,3.0,3.0,3.0,3.0,3275,not_young
2.172004459693675,9070.0,4.0,ds1,ds1_4,Jungwuchs/Dickung,Jungwuchs/Dickung_4,0.0,0.0,3.0,3.0,3.0,3.0,3276,young
2.133357342711056,9071.0,4.0,ds5,ds5_4,Mittleres Baumholz,Mittleres Baumholz_4,0.0,0.0,3.0,3.0,3.0,3.0,3277,not_young
2.166495439966454,9073.0,4.0,ds1,ds1_4,Jungwuchs/Dickung,Jungwuchs/Dickung_4,0.0,0.0,3.0,1.0,3.0,3.0,3278,young
0.650420637239819,9074.0,4.0,ds4,ds4_4,Schwaches Baumholz,Schwaches Baumholz_4,0.0,0.0,3.0,3.0,4.0,4.0,3279,not_young
1.58567937904885,9075.0,4.0,ds4,ds4_4,Schwaches Baumholz,Schwaches Baumholz_4,0.0,0.0,3.0,3.0,3.0,3.0,3280,not_young
1.433138106597785,9076.0,4.0,ds2,ds2_4,Jungwuchs/Dickung,Jungwuchs/Dickung_4,0.0,0.0,3.0,3.0,3.0,3.0,3281,young
0.6011503399109,9077.0,4.0,ds1,ds1_4,Jungwuchs/Dickung,Jungwuchs/Dickung_4,0.0,0.0,3.0,3.0,4.0,4.0,3282,young
1.450595205707243,9078.0,4.0,ds3,ds3_4,Stangenholz,Stangenholz_4,0.0,0.0,3.0,3.0,3.0,3.0,3283,not_young
1.680733533620951,9079.0,13.0,ds5,ds5_13,Mittleres Baumholz,Mittleres Baumholz_13,0.0,1.0,1.0,1.0,1.0,1.0,3284,not_young
0.912057732667914,9080.0,13.0,ds5,ds5_13,Mittleres Baumholz,Mittleres Baumholz_13,0.0,0.0,3.0,3.0,3.0,3.0,3285,not_young
0.557827034172975,9081.0,13.0,ds4,ds4_13,Schwaches Baumholz,Schwaches Baumholz_13,0.0,1.0,1.0,1.0,1.0,1.0,3286,not_young
2.269194346995145,9083.0,13.0,ds4,ds4_13,Schwaches Baumholz,Schwaches Baumholz_13,0.0,0.0,3.0,1.0,3.0,3.0,3287,not_young
0.644409845124063,9085.0,13.0,ds5,ds5_13,Mittleres Baumholz,Mittleres Baumholz_13,0.0,1.0,1.0,1.0,1.0,1.0,3288,not_young
1.03654661273947,9086.0,13.0,ds2,ds2_13,Jungwuchs/Dickung,Jungwuchs/Dickung_13,0.0,0.0,3.0,1.0,3.0,3.0,3289,young
1.205222491410561,9089.0,13.0,ds4,ds4_13,Schwaches Baumholz,Schwaches Baumholz_13,0.0,0.0,3.0,3.0,3.0,3.0,3290,not_young
1.748436720640212,9090.0,13.0,ds2,ds2_13,Jungwuchs/Dickung,Jungwuchs/Dickung_13,0.0,0.0,3.0,3.0,3.0,3.0,3291,young
0.523537624192284,9092.0,13.0,ds5,ds5_13,Mittleres Baumholz,Mittleres Baumholz_13,0.0,0.0,3.0,3.0,4.0,3.0,3292,not_young
0.964986576754617,9093.0,4.0,ds2,ds2_4,Jungwuchs/Dickung,Jungwuchs/Dickung_4,0.0,0.0,3.0,3.0,4.0,3.0,3293,young
1.193613814959771,9094.0,4.0,ds5,ds5_4,Mittleres Baumholz,Mittleres Baumholz_4,0.0,0.0,3.0,3.0,3.0,3.0,3294,not_young
0.72454709698736,9096.0,13.0,ds2,ds2_13,Jungwuchs/Dickung,Jungwuchs/Dickung_13,0.0,0.0,3.0,3.0,3.0,3.0,3295,young
0.804066295883525,9097.0,13.0,ds5,ds5_13,Mittleres Baumholz,Mittleres Baumholz_13,0.0,0.0,3.0,3.0,3.0,3.0,3296,not_young
1.299643156375148,9099.0,13.0,ds4,ds4_13,Schwaches Baumholz,Schwaches Baumholz_13,0.0,0.0,3.0,3.0,3.0,3.0,3297,not_young
0.86513001926064,9101.0,13.0,ds3,ds3_13,Stangenholz,Stangenholz_13,0.0,0.0,3.0,1.0,3.0,3.0,3298,not_young
1.343410159708752,9103.0,4.0,ds6,ds6_4,Starkes Baumholz,Starkes Baumholz_4,0.0,1.0,1.0,1.0,1.0,1.0,3299,not_young
2.891171844358437,9104.0,13.0,ds1,ds1_13,Jungwuchs/Dickung,Jungwuchs/Dickung_13,0.0,0.0,3.0,3.0,3.0,3.0,3300,young
1.481581125756353,9105.0,13.0,ds5,ds5_13,Mittleres Baumholz,Mittleres Baumholz_13,0.0,0.0,3.0,3.0,4.0,3.0,3301,not_young
0.606636694936035,9106.0,13.0,ds4,ds4_13,Schwaches Baumholz,Schwaches Baumholz_13,0.0,0.0,3.0,3.0,4.0,4.0,3302,not_young
0.869231580610131,9108.0,4.0,ds3,ds3_4,Stangenholz,Stangenholz_4,0.0,0.0,3.0,3.0,4.0,3.0,3303,not_young
1.648392042015377,9112.0,13.0,ds6,ds6_13,Starkes Baumholz,Starkes Baumholz_13,0.0,0.0,3.0,3.0,3.0,3.0,3304,not_young
0.999220818296156,9116.0,13.0,ds2,ds2_13,Jungwuchs/Dickung,Jungwuchs/Dickung_13,0.0,1.0,1.0,1.0,1.0,1.0,3305,young
0.928520782087367,9119.0,4.0,ds5,ds5_4,Mittleres Baumholz,Mittleres Baumholz_4,0.0,0.0,3.0,3.0,4.0,3.0,3306,not_young
0.625825756760698,9120.0,13.0,ds2,ds2_13,Jungwuchs/Dickung,Jungwuchs/Dickung_13,0.0,0.0,3.0,3.0,4.0,3.0,3307,young
0.555907225535961,9123.0,4.0,ds5,ds5_4,Mittleres Baumholz,Mittleres Baumholz_4,0.0,1.0,1.0,1.0,1.0,1.0,3308,not_young
1.729287407789193,9124.0,13.0,ds3,ds3_13,Stangenholz,Stangenholz_13,0.0,0.0,3.0,3.0,4.0,4.0,3309,not_young
0.641199984162755,9125.0,13.0,ds2,ds2_13,Jungwuchs/Dickung,Jungwuchs/Dickung_13,0.0,0.0,3.0,3.0,4.0,3.0,3310,young
1.323056253069977,9126.0,4.0,ds1,ds1_4,Jungwuchs/Dickung,Jungwuchs/Dickung_4,0.0,0.0,3.0,1.0,3.0,3.0,3311,young
4.299045177326817,9128.0,13.0,ds6,ds6_13,Starkes Baumholz,Starkes Baumholz_13,0.0,0.0,3.0,3.0,3.0,3.0,3312,not_young
2.522051141765557,9129.0,4.0,ds5,ds5_4,Mittleres Baumholz,Mittleres Baumholz_4,0.0,0.0,3.0,3.0,3.0,3.0,3313,not_young
3.29460781264439,9130.0,13.0,ds5,ds5_13,Mittleres Baumholz,Mittleres Baumholz_13,0.0,1.0,1.0,1.0,1.0,1.0,3314,not_young
0.803883414093079,9131.0,4.0,ds4,ds4_4,Schwaches Baumholz,Schwaches Baumholz_4,0.0,0.0,3.0,3.0,3.0,3.0,3315,not_young
1.357505879058223,9132.0,4.0,ds2,ds2_4,Jungwuchs/Dickung,Jungwuchs/Dickung_4,0.0,0.0,3.0,3.0,4.0,3.0,3316,young
1.536721860341402,9133.0,4.0,ds3,ds3_4,Stangenholz,Stangenholz_4,0.0,0.0,3.0,3.0,4.0,4.0,3317,not_young
2.391814501599339,9134.0,4.0,ds5,ds5_4,Mittleres Baumholz,Mittleres Baumholz_4,0.0,0.0,3.0,3.0,3.0,3.0,3318,not_young
3.123974658450538,9135.0,13.0,ds4,ds4_13,Schwaches Baumholz,Schwaches Baumholz_13,0.0,0.0,3.0,3.0,4.0,3.0,3319,not_young
1.882336723851692,9136.0,13.0,ds4,ds4_13,Schwaches Baumholz,Schwaches Baumholz_13,0.0,0.0,3.0,1.0,3.0,3.0,3320,not_young
1.852564707397809,9137.0,13.0,ds4,ds4_13,Schwaches Baumholz,Schwaches Baumholz_13,0.0,0.0,3.0,3.0,3.0,3.0,3321,not_young
0.679136563558559,9138.0,13.0,ds2,ds2_13,Jungwuchs/Dickung,Jungwuchs/Dickung_13,0.0,0.0,3.0,3.0,3.0,3.0,3322,young
0.774837267544866,9142.0,4.0,ds5,ds5_4,Mittleres Baumholz,Mittleres Baumholz_4,0.0,0.0,3.0,3.0,3.0,3.0,3323,not_young
0.644231580931519,9143.0,4.0,ds5,ds5_4,Mittleres Baumholz,Mittleres Baumholz_4,0.0,0.0,3.0,3.0,3.0,3.0,3324,not_young
1.229743017214164,9144.0,4.0,ds4,ds4_4,Schwaches Baumholz,Schwaches Baumholz_4,0.0,0.0,3.0,3.0,3.0,3.0,3325,not_young
1.720736713003228,9146.0,4.0,ds4,ds4_4,Schwaches Baumholz,Schwaches Baumholz_4,0.0,0.0,3.0,3.0,3.0,3.0,3326,not_young
0.577920800515544,9152.0,4.0,ds5,ds5_4,Mittleres Baumholz,Mittleres Baumholz_4,0.0,0.0,3.0,3.0,4.0,3.0,3327,not_young
1.641165628345049,9170.0,4.0,ds3,ds3_4,Stangenholz,Stangenholz_4,0.0,0.0,3.0,3.0,4.0,3.0,3328,not_young
1.80892849498936,9176.0,4.0,ds3,ds3_4,Stangenholz,Stangenholz_4,0.0,0.0,3.0,3.0,4.0,4.0,3329,not_young
1.10439706277987,9180.0,4.0,ds5,ds5_4,Mittleres Baumholz,Mittleres Baumholz_4,0.0,0.0,3.0,3.0,3.0,3.0,3330,not_young
1.670208926572954,9182.0,13.0,ds4,ds4_13,Schwaches Baumholz,Schwaches Baumholz_13,0.0,0.0,3.0,3.0,3.0,3.0,3331,not_young
0.531515575203466,9183.0,13.0,ds2,ds2_13,Jungwuchs/Dickung,Jungwuchs/Dickung_13,0.0,0.0,3.0,3.0,3.0,3.0,3332,young
1.099703395425389,9187.0,4.0,ds5,ds5_4,Mittleres Baumholz,Mittleres Baumholz_4,0.0,0.0,3.0,1.0,4.0,3.0,3333,not_young
1.088247728833259,9188.0,4.0,ds5,ds5_4,Mittleres Baumholz,Mittleres Baumholz_4,0.0,0.0,3.0,3.0,3.0,3.0,3334,not_young
1.63201648841583,9189.0,4.0,ds5,ds5_4,Mittleres Baumholz,Mittleres Baumholz_4,0.0,0.0,3.0,3.0,4.0,3.0,3335,not_young
0.741892540357169,9190.0,4.0,ds3,ds3_4,Stangenholz,Stangenholz_4,0.0,0.0,3.0,3.0,3.0,3.0,3336,not_young
0.722551317863492,9191.0,4.0,ds1,ds1_4,Jungwuchs/Dickung,Jungwuchs/Dickung_4,0.0,0.0,3.0,3.0,4.0,3.0,3337,young
1.737465175104793,9192.0,4.0,ds4,ds4_4,Schwaches Baumholz,Schwaches Baumholz_4,0.0,0.0,3.0,3.0,3.0,3.0,3338,not_young
2.927819871620033,9194.0,13.0,ds5,ds5_13,Mittleres Baumholz,Mittleres Baumholz_13,0.0,0.0,3.0,3.0,3.0,3.0,3339,not_young
0.533107655208185,9195.0,4.0,ds4,ds4_4,Schwaches Baumholz,Schwaches Baumholz_4,0.0,0.0,3.0,3.0,3.0,3.0,3340,not_young
1.943576158468996,9197.0,13.0,ds4,ds4_13,Schwaches Baumholz,Schwaches Baumholz_13,0.0,0.0,3.0,3.0,3.0,3.0,3341,not_young
0.768192082452402,9198.0,13.0,ds1,ds1_13,Jungwuchs/Dickung,Jungwuchs/Dickung_13,0.0,0.0,3.0,3.0,4.0,3.0,3342,young
0.521922920031758,9200.0,4.0,ds2,ds2_4,Jungwuchs/Dickung,Jungwuchs/Dickung_4,0.0,0.0,3.0,3.0,4.0,3.0,3343,young
0.915441227208078,9201.0,4.0,ds4,ds4_4,Schwaches Baumholz,Schwaches Baumholz_4,0.0,0.0,3.0,3.0,3.0,3.0,3344,not_young
0.892062056513876,9204.0,4.0,ds4,ds4_4,Schwaches Baumholz,Schwaches Baumholz_4,0.0,0.0,3.0,3.0,3.0,3.0,3345,not_young
0.826735349999613,9205.0,4.0,ds4,ds4_4,Schwaches Baumholz,Schwaches Baumholz_4,0.0,0.0,3.0,3.0,4.0,3.0,3346,not_young
2.655689436879195,9206.0,4.0,ds4,ds4_4,Schwaches Baumholz,Schwaches Baumholz_4,0.0,0.0,3.0,3.0,4.0,3.0,3347,not_young
0.854500676177978,9207.0,4.0,ds3,ds3_4,Stangenholz,Stangenholz_4,0.0,0.0,3.0,3.0,3.0,3.0,3348,not_young
1.448359121328755,9209.0,13.0,ds5,ds5_13,Mittleres Baumholz,Mittleres Baumholz_13,0.0,0.0,3.0,3.0,3.0,3.0,3349,not_young
0.718866404645704,9211.0,13.0,ds3,ds3_13,Stangenholz,Stangenholz_13,0.0,0.0,3.0,3.0,3.0,3.0,3350,not_young
1.909036288066581,9212.0,13.0,ds2,ds2_13,Jungwuchs/Dickung,Jungwuchs/Dickung_13,0.0,0.0,3.0,3.0,3.0,3.0,3351,young
0.590899343674863,9214.0,4.0,ds2,ds2_4,Jungwuchs/Dickung,Jungwuchs/Dickung_4,0.0,0.0,3.0,3.0,3.0,3.0,3352,young
0.919448622209905,9215.0,13.0,ds3,ds3_13,Stangenholz,Stangenholz_13,0.0,0.0,3.0,3.0,3.0,3.0,3353,not_young
0.54476584698018,9216.0,4.0,ds4,ds4_4,Schwaches Baumholz,Schwaches Baumholz_4,0.0,0.0,3.0,3.0,3.0,3.0,3354,not_young
0.680733733788828,9217.0,4.0,ds2,ds2_4,Jungwuchs/Dickung,Jungwuchs/Dickung_4,0.0,0.0,3.0,3.0,3.0,3.0,3355,young
3.720197990313696,9218.0,4.0,ds5,ds5_4,Mittleres Baumholz,Mittleres Baumholz_4,0.0,0.0,3.0,3.0,4.0,3.0,3356,not_young
2.148881297951189,9219.0,4.0,ds4,ds4_4,Schwaches Baumholz,Schwaches Baumholz_4,0.0,0.0,3.0,3.0,4.0,3.0,3357,not_young
1.576047742577712,9220.0,13.0,ds6,ds6_13,Starkes Baumholz,Starkes Baumholz_13,0.0,0.0,3.0,3.0,3.0,3.0,3358,not_young
0.528852247632668,9221.0,4.0,ds2,ds2_4,Jungwuchs/Dickung,Jungwuchs/Dickung_4,0.0,0.0,3.0,3.0,4.0,3.0,3359,young
2.201456398066273,9223.0,4.0,ds3,ds3_4,Stangenholz,Stangenholz_4,0.0,1.0,1.0,1.0,1.0,1.0,3360,not_young
0.746173972588522,9224.0,4.0,ds1,ds1_4,Jungwuchs/Dickung,Jungwuchs/Dickung_4,0.0,0.0,3.0,3.0,3.0,3.0,3361,young
1.042447906394024,9226.0,4.0,ds4,ds4_4,Schwaches Baumholz,Schwaches Baumholz_4,0.0,0.0,3.0,3.0,3.0,3.0,3362,not_young
1.251801609300077,9227.0,13.0,ds4,ds4_13,Schwaches Baumholz,Schwaches Baumholz_13,0.0,0.0,3.0,3.0,3.0,3.0,3363,not_young
1.234963102595157,9228.0,4.0,ds4,ds4_4,Schwaches Baumholz,Schwaches Baumholz_4,0.0,0.0,3.0,3.0,3.0,3.0,3364,not_young
2.141131561445806,9231.0,4.0,ds5,ds5_4,Mittleres Baumholz,Mittleres Baumholz_4,0.0,0.0,3.0,3.0,4.0,4.0,3365,not_young
0.717896312624274,9234.0,13.0,ds5,ds5_13,Mittleres Baumholz,Mittleres Baumholz_13,0.0,0.0,3.0,3.0,3.0,3.0,3366,not_young
1.273230336012819,9235.0,4.0,ds5,ds5_4,Mittleres Baumholz,Mittleres Baumholz_4,0.0,0.0,3.0,3.0,4.0,4.0,3367,not_young
2.042938785751484,9236.0,4.0,ds4,ds4_4,Schwaches Baumholz,Schwaches Baumholz_4,0.0,0.0,3.0,3.0,3.0,3.0,3368,not_young
0.534567924528435,9237.0,4.0,ds3,ds3_4,Stangenholz,Stangenholz_4,0.0,0.0,3.0,3.0,4.0,3.0,3369,not_young
0.811504435947363,9238.0,4.0,ds2,ds2_4,Jungwuchs/Dickung,Jungwuchs/Dickung_4,0.0,0.0,3.0,3.0,3.0,3.0,3370,young
1.994955448096048,9239.0,13.0,ds6,ds6_13,Starkes Baumholz,Starkes Baumholz_13,0.0,0.0,3.0,3.0,3.0,3.0,3371,not_young
2.255908032801841,9240.0,13.0,ds5,ds5_13,Mittleres Baumholz,Mittleres Baumholz_13,0.0,0.0,3.0,3.0,3.0,3.0,3372,not_young
1.183293710297882,9241.0,13.0,ds3,ds3_13,Stangenholz,Stangenholz_13,0.0,0.0,3.0,3.0,4.0,3.0,3373,not_young
0.536169109048572,9244.0,4.0,ds3,ds3_4,Stangenholz,Stangenholz_4,0.0,0.0,3.0,3.0,4.0,3.0,3374,not_young
0.521625709210173,9246.0,4.0,ds4,ds4_4,Schwaches Baumholz,Schwaches Baumholz_4,0.0,0.0,3.0,3.0,3.0,3.0,3375,not_young
0.610864221867174,9248.0,4.0,ds3,ds3_4,Stangenholz,Stangenholz_4,0.0,0.0,3.0,3.0,4.0,4.0,3376,not_young
0.506210746824928,9280.0,13.0,ds5,ds5_13,Mittleres Baumholz,Mittleres Baumholz_13,0.0,0.0,3.0,3.0,4.0,3.0,3377,not_young
0.66774933987516,9317.0,4.0,ds1,ds1_4,Jungwuchs/Dickung,Jungwuchs/Dickung_4,0.0,1.0,1.0,1.0,1.0,1.0,3378,young
0.859510084272793,9321.0,4.0,ds4,ds4_4,Schwaches Baumholz,Schwaches Baumholz_4,0.0,0.0,3.0,3.0,3.0,3.0,3379,not_young
0.837820586996171,9322.0,4.0,ds4,ds4_4,Schwaches Baumholz,Schwaches Baumholz_4,0.0,0.0,3.0,3.0,3.0,3.0,3380,not_young
1.053951092948648,9324.0,4.0,ds3,ds3_4,Stangenholz,Stangenholz_4,0.0,0.0,3.0,3.0,3.0,3.0,3381,not_young
1.144467826496662,9327.0,13.0,ds1,ds1_13,Jungwuchs/Dickung,Jungwuchs/Dickung_13,0.0,0.0,3.0,3.0,3.0,3.0,3382,young
1.197459852427995,9329.0,13.0,ds5,ds5_13,Mittleres Baumholz,Mittleres Baumholz_13,0.0,0.0,3.0,3.0,4.0,4.0,3383,not_young
2.221690510463645,9339.0,4.0,ds5,ds5_4,Mittleres Baumholz,Mittleres Baumholz_4,0.0,0.0,3.0,3.0,4.0,3.0,3384,not_young
1.055534445670224,9340.0,13.0,ds5,ds5_13,Mittleres Baumholz,Mittleres Baumholz_13,0.0,1.0,1.0,1.0,1.0,1.0,3385,not_young
1.251570297898864,9341.0,4.0,ds3,ds3_4,Stangenholz,Stangenholz_4,0.0,0.0,3.0,3.0,4.0,3.0,3386,not_young
1.576201669744018,9342.0,13.0,ds3,ds3_13,Stangenholz,Stangenholz_13,0.0,1.0,1.0,1.0,1.0,1.0,3387,not_young
2.181435567894782,9344.0,4.0,ds4,ds4_4,Schwaches Baumholz,Schwaches Baumholz_4,0.0,1.0,1.0,1.0,1.0,1.0,3388,not_young
0.514575619626435,9345.0,4.0,ds1,ds1_4,Jungwuchs/Dickung,Jungwuchs/Dickung_4,0.0,0.0,3.0,3.0,4.0,3.0,3389,young
0.587908892313764,9346.0,4.0,ds5,ds5_4,Mittleres Baumholz,Mittleres Baumholz_4,0.0,0.0,3.0,3.0,4.0,3.0,3390,not_young
0.707243753496648,9347.0,4.0,ds1,ds1_4,Jungwuchs/Dickung,Jungwuchs/Dickung_4,0.0,0.0,3.0,3.0,3.0,3.0,3391,young
0.684798552822694,9348.0,4.0,ds4,ds4_4,Schwaches Baumholz,Schwaches Baumholz_4,0.0,0.0,3.0,3.0,3.0,3.0,3392,not_young
1.038470804752829,9349.0,4.0,ds4,ds4_4,Schwaches Baumholz,Schwaches Baumholz_4,0.0,0.0,3.0,3.0,3.0,3.0,3393,not_young
1.284580942639336,9350.0,4.0,ds3,ds3_4,Stangenholz,Stangenholz_4,0.0,0.0,3.0,3.0,3.0,3.0,3394,not_young
0.70087537967281,9354.0,13.0,ds2,ds2_13,Jungwuchs/Dickung,Jungwuchs/Dickung_13,0.0,0.0,3.0,3.0,4.0,3.0,3395,young
1.179839125384949,9357.0,13.0,ds4,ds4_13,Schwaches Baumholz,Schwaches Baumholz_13,0.0,0.0,3.0,3.0,3.0,3.0,3396,not_young
0.6747273608563,9360.0,4.0,ds5,ds5_4,Mittleres Baumholz,Mittleres Baumholz_4,0.0,1.0,1.0,1.0,1.0,1.0,3397,not_young
0.991667908765458,9362.0,13.0,ds3,ds3_13,Stangenholz,Stangenholz_13,0.0,0.0,3.0,3.0,3.0,3.0,3398,not_young
0.692943980517727,9365.0,4.0,ds3,ds3_4,Stangenholz,Stangenholz_4,0.0,0.0,3.0,3.0,3.0,3.0,3399,not_young
0.903463941255165,9368.0,13.0,ds3,ds3_13,Stangenholz,Stangenholz_13,0.0,0.0,3.0,3.0,3.0,3.0,3400,not_young
1.518133636115023,9369.0,13.0,ds6,ds6_13,Starkes Baumholz,Starkes Baumholz_13,0.0,0.0,3.0,3.0,3.0,3.0,3401,not_young
0.688949237444811,9370.0,13.0,ds5,ds5_13,Mittleres Baumholz,Mittleres Baumholz_13,0.0,0.0,3.0,3.0,3.0,3.0,3402,not_young
0.595451373377448,9371.0,4.0,ds3,ds3_4,Stangenholz,Stangenholz_4,0.0,0.0,3.0,3.0,3.0,3.0,3403,not_young
0.66954522424984,9372.0,13.0,ds3,ds3_13,Stangenholz,Stangenholz_13,0.0,0.0,3.0,3.0,4.0,4.0,3404,not_young
0.583131614866524,9375.0,4.0,ds4,ds4_4,Schwaches Baumholz,Schwaches Baumholz_4,0.0,0.0,3.0,3.0,3.0,3.0,3405,not_young
1.501129954547714,9381.0,4.0,ds4,ds4_4,Schwaches Baumholz,Schwaches Baumholz_4,0.0,0.0,3.0,3.0,3.0,3.0,3406,not_young
2.830854848082457,9383.0,13.0,ds6,ds6_13,Starkes Baumholz,Starkes Baumholz_13,0.0,1.0,1.0,1.0,1.0,1.0,3407,not_young
0.672772517667856,9384.0,4.0,ds5,ds5_4,Mittleres Baumholz,Mittleres Baumholz_4,0.0,0.0,3.0,3.0,4.0,4.0,3408,not_young
1.079274631442153,9385.0,4.0,ds1,ds1_4,Jungwuchs/Dickung,Jungwuchs/Dickung_4,0.0,0.0,3.0,3.0,3.0,3.0,3409,young
1.324470339511708,9386.0,4.0,ds3,ds3_4,Stangenholz,Stangenholz_4,0.0,0.0,3.0,3.0,4.0,3.0,3410,not_young
1.154345098643215,9387.0,4.0,ds2,ds2_4,Jungwuchs/Dickung,Jungwuchs/Dickung_4,0.0,0.0,3.0,3.0,4.0,3.0,3411,young
1.919454262943321,9388.0,4.0,ds3,ds3_4,Stangenholz,Stangenholz_4,0.0,0.0,3.0,3.0,3.0,3.0,3412,not_young
1.590262848043908,9389.0,4.0,ds4,ds4_4,Schwaches Baumholz,Schwaches Baumholz_4,0.0,0.0,3.0,3.0,4.0,4.0,3413,not_young
0.564609187236289,9391.0,4.0,ds2,ds2_4,Jungwuchs/Dickung,Jungwuchs/Dickung_4,0.0,0.0,3.0,3.0,4.0,3.0,3414,young
0.553386320769554,9393.0,4.0,ds1,ds1_4,Jungwuchs/Dickung,Jungwuchs/Dickung_4,0.0,0.0,3.0,3.0,4.0,4.0,3415,young
0.538322107250907,9396.0,13.0,ds2,ds2_13,Jungwuchs/Dickung,Jungwuchs/Dickung_13,0.0,0.0,3.0,3.0,4.0,3.0,3416,young
0.54602043660176,9398.0,13.0,ds6,ds6_13,Starkes Baumholz,Starkes Baumholz_13,0.0,0.0,3.0,3.0,3.0,3.0,3417,not_young
0.70989605276786,9399.0,13.0,ds1,ds1_13,Jungwuchs/Dickung,Jungwuchs/Dickung_13,0.0,0.0,3.0,3.0,3.0,3.0,3418,young
0.886610544381302,9401.0,4.0,ds5,ds5_4,Mittleres Baumholz,Mittleres Baumholz_4,0.0,0.0,3.0,3.0,3.0,3.0,3419,not_young
0.739966333739828,9404.0,13.0,ds5,ds5_13,Mittleres Baumholz,Mittleres Baumholz_13,0.0,0.0,3.0,3.0,3.0,3.0,3420,not_young
0.640379934531148,9406.0,13.0,ds4,ds4_13,Schwaches Baumholz,Schwaches Baumholz_13,0.0,0.0,3.0,3.0,3.0,3.0,3421,not_young
0.723704131261911,9408.0,4.0,ds3,ds3_4,Stangenholz,Stangenholz_4,0.0,1.0,1.0,1.0,1.0,1.0,3422,not_young
3.868853348475308,9409.0,4.0,ds3,ds3_4,Stangenholz,Stangenholz_4,0.0,0.0,3.0,3.0,3.0,3.0,3423,not_young
2.227673355085659,9414.0,4.0,ds4,ds4_4,Schwaches Baumholz,Schwaches Baumholz_4,0.0,0.0,3.0,3.0,3.0,3.0,3424,not_young
0.532652881757636,9418.0,4.0,ds6,ds6_4,Starkes Baumholz,Starkes Baumholz_4,0.0,1.0,1.0,1.0,1.0,1.0,3425,not_young
0.622652056096133,9421.0,4.0,ds1,ds1_4,Jungwuchs/Dickung,Jungwuchs/Dickung_4,0.0,0.0,3.0,3.0,3.0,3.0,3426,young
0.503752704042185,9422.0,13.0,ds4,ds4_13,Schwaches Baumholz,Schwaches Baumholz_13,0.0,0.0,3.0,3.0,4.0,3.0,3427,not_young
0.551341210677766,9423.0,4.0,ds3,ds3_4,Stangenholz,Stangenholz_4,0.0,0.0,3.0,3.0,3.0,3.0,3428,not_young
1.088309406738833,9424.0,4.0,ds3,ds3_4,Stangenholz,Stangenholz_4,0.0,0.0,3.0,3.0,4.0,3.0,3429,not_young
0.656933908104751,9426.0,4.0,ds3,ds3_4,Stangenholz,Stangenholz_4,0.0,0.0,3.0,3.0,3.0,3.0,3430,not_young
2.432446230641415,9427.0,13.0,ds2,ds2_13,Jungwuchs/Dickung,Jungwuchs/Dickung_13,0.0,0.0,3.0,3.0,3.0,3.0,3431,young
1.869130386160286,9428.0,4.0,ds5,ds5_4,Mittleres Baumholz,Mittleres Baumholz_4,0.0,0.0,3.0,3.0,4.0,4.0,3432,not_young
0.837405758154206,9431.0,13.0,ds3,ds3_13,Stangenholz,Stangenholz_13,0.0,0.0,3.0,3.0,4.0,4.0,3433,not_young
2.011939812523942,9433.0,13.0,ds1,ds1_13,Jungwuchs/Dickung,Jungwuchs/Dickung_13,0.0,0.0,3.0,3.0,3.0,3.0,3434,young
2.462121385633678,9434.0,13.0,ds5,ds5_13,Mittleres Baumholz,Mittleres Baumholz_13,0.0,0.0,3.0,3.0,4.0,4.0,3435,not_young
1.901086581227929,9435.0,4.0,ds3,ds3_4,Stangenholz,Stangenholz_4,0.0,1.0,1.0,1.0,1.0,1.0,3436,not_young
3.053732837712719,9438.0,4.0,ds6,ds6_4,Starkes Baumholz,Starkes Baumholz_4,0.0,0.0,3.0,3.0,3.0,3.0,3437,not_young
0.613542943906481,9439.0,4.0,ds3,ds3_4,Stangenholz,Stangenholz_4,0.0,0.0,3.0,3.0,4.0,3.0,3438,not_young
2.442475433960953,9440.0,4.0,ds4,ds4_4,Schwaches Baumholz,Schwaches Baumholz_4,0.0,0.0,3.0,3.0,3.0,3.0,3439,not_young
0.675740188940511,9441.0,4.0,ds1,ds1_4,Jungwuchs/Dickung,Jungwuchs/Dickung_4,0.0,0.0,3.0,3.0,3.0,3.0,3440,young
0.761245195893571,9443.0,4.0,ds3,ds3_4,Stangenholz,Stangenholz_4,0.0,0.0,3.0,3.0,4.0,4.0,3441,not_young
0.577301364363311,9448.0,13.0,ds5,ds5_13,Mittleres Baumholz,Mittleres Baumholz_13,0.0,0.0,3.0,3.0,4.0,3.0,3442,not_young
0.581413707699487,9450.0,13.0,ds1,ds1_13,Jungwuchs/Dickung,Jungwuchs/Dickung_13,0.0,0.0,3.0,3.0,3.0,3.0,3443,young
0.65230282202845,9452.0,13.0,ds5,ds5_13,Mittleres Baumholz,Mittleres Baumholz_13,0.0,0.0,3.0,3.0,3.0,3.0,3444,not_young
3.738689921114687,9453.0,4.0,ds6,ds6_4,Starkes Baumholz,Starkes Baumholz_4,0.0,0.0,3.0,3.0,3.0,3.0,3445,not_young
1.009258439989353,9454.0,4.0,ds6,ds6_4,Starkes Baumholz,Starkes Baumholz_4,0.0,1.0,1.0,1.0,1.0,1.0,3446,not_young
0.694523575457992,9455.0,4.0,ds5,ds5_4,Mittleres Baumholz,Mittleres Baumholz_4,0.0,0.0,3.0,3.0,3.0,3.0,3447,not_young
0.657329227309907,9456.0,4.0,ds5,ds5_4,Mittleres Baumholz,Mittleres Baumholz_4,0.0,0.0,3.0,3.0,4.0,3.0,3448,not_young
1.149813407394901,9457.0,4.0,ds5,ds5_4,Mittleres Baumholz,Mittleres Baumholz_4,0.0,1.0,1.0,1.0,1.0,1.0,3449,not_young
1.19573146256404,9460.0,4.0,ds3,ds3_4,Stangenholz,Stangenholz_4,0.0,0.0,3.0,3.0,3.0,3.0,3450,not_young
1.011498867757246,9461.0,13.0,ds4,ds4_13,Schwaches Baumholz,Schwaches Baumholz_13,0.0,0.0,3.0,3.0,4.0,3.0,3451,not_young
0.860236838562379,9462.0,4.0,ds4,ds4_4,Schwaches Baumholz,Schwaches Baumholz_4,0.0,0.0,3.0,3.0,3.0,3.0,3452,not_young
1.234878996625217,9464.0,4.0,ds4,ds4_4,Schwaches Baumholz,Schwaches Baumholz_4,0.0,0.0,3.0,3.0,4.0,3.0,3453,not_young
0.870211449640663,9465.0,4.0,ds1,ds1_4,Jungwuchs/Dickung,Jungwuchs/Dickung_4,0.0,0.0,3.0,3.0,3.0,3.0,3454,young
1.158796061566396,9466.0,13.0,ds3,ds3_13,Stangenholz,Stangenholz_13,0.0,0.0,3.0,3.0,3.0,3.0,3455,not_young
1.545861597423395,9467.0,13.0,ds1,ds1_13,Jungwuchs/Dickung,Jungwuchs/Dickung_13,0.0,0.0,3.0,3.0,4.0,3.0,3456,young
1.341847653472517,9468.0,13.0,ds1,ds1_13,Jungwuchs/Dickung,Jungwuchs/Dickung_13,0.0,0.0,3.0,3.0,3.0,3.0,3457,young
1.019546276966971,9469.0,4.0,ds5,ds5_4,Mittleres Baumholz,Mittleres Baumholz_4,0.0,0.0,3.0,3.0,4.0,4.0,3458,not_young
0.851012136425194,9470.0,4.0,ds5,ds5_4,Mittleres Baumholz,Mittleres Baumholz_4,0.0,0.0,3.0,3.0,3.0,3.0,3459,not_young
0.586026698410977,9471.0,4.0,ds5,ds5_4,Mittleres Baumholz,Mittleres Baumholz_4,0.0,1.0,1.0,1.0,1.0,1.0,3460,not_young
1.490871276630648,9472.0,4.0,ds4,ds4_4,Schwaches Baumholz,Schwaches Baumholz_4,0.0,0.0,3.0,3.0,3.0,3.0,3461,not_young
0.99215761651285,9473.0,4.0,ds3,ds3_4,Stangenholz,Stangenholz_4,0.0,0.0,3.0,3.0,4.0,3.0,3462,not_young
0.679742814521142,9474.0,4.0,ds3,ds3_4,Stangenholz,Stangenholz_4,0.0,1.0,1.0,1.0,1.0,1.0,3463,not_young
0.954969032851514,9475.0,4.0,ds4,ds4_4,Schwaches Baumholz,Schwaches Baumholz_4,0.0,1.0,1.0,1.0,1.0,1.0,3464,not_young
1.057181905723084,9476.0,4.0,ds1,ds1_4,Jungwuchs/Dickung,Jungwuchs/Dickung_4,0.0,1.0,1.0,1.0,1.0,1.0,3465,young
0.659337264354003,9477.0,4.0,ds4,ds4_4,Schwaches Baumholz,Schwaches Baumholz_4,0.0,0.0,3.0,3.0,3.0,3.0,3466,not_young
1.227962315505801,9478.0,4.0,ds3,ds3_4,Stangenholz,Stangenholz_4,0.0,0.0,3.0,3.0,3.0,3.0,3467,not_young
1.677712923276203,9479.0,13.0,ds4,ds4_13,Schwaches Baumholz,Schwaches Baumholz_13,0.0,0.0,3.0,3.0,3.0,3.0,3468,not_young
2.621894164859038,9480.0,4.0,ds4,ds4_4,Schwaches Baumholz,Schwaches Baumholz_4,0.0,0.0,3.0,3.0,3.0,3.0,3469,not_young
0.530276705441601,9481.0,4.0,ds4,ds4_4,Schwaches Baumholz,Schwaches Baumholz_4,0.0,0.0,3.0,3.0,4.0,3.0,3470,not_young
1.058779742630571,9482.0,4.0,ds4,ds4_4,Schwaches Baumholz,Schwaches Baumholz_4,0.0,0.0,3.0,3.0,3.0,3.0,3471,not_young
0.508493113731593,9492.0,13.0,ds4,ds4_13,Schwaches Baumholz,Schwaches Baumholz_13,0.0,0.0,3.0,3.0,3.0,3.0,3472,not_young
0.587712910779612,9497.0,13.0,ds1,ds1_13,Jungwuchs/Dickung,Jungwuchs/Dickung_13,0.0,0.0,3.0,3.0,4.0,3.0,3473,young
0.598524848925741,9499.0,13.0,ds2,ds2_13,Jungwuchs/Dickung,Jungwuchs/Dickung_13,0.0,0.0,3.0,3.0,4.0,3.0,3474,young
0.817499011538364,9501.0,13.0,ds3,ds3_13,Stangenholz,Stangenholz_13,0.0,0.0,3.0,3.0,4.0,4.0,3475,not_young
0.659834980376996,9507.0,13.0,ds2,ds2_13,Jungwuchs/Dickung,Jungwuchs/Dickung_13,0.0,0.0,3.0,3.0,3.0,3.0,3476,young
2.562424480607175,9508.0,13.0,ds4,ds4_13,Schwaches Baumholz,Schwaches Baumholz_13,0.0,1.0,1.0,1.0,3.0,3.0,3477,not_young
0.711447827095818,9509.0,13.0,ds1,ds1_13,Jungwuchs/Dickung,Jungwuchs/Dickung_13,0.0,0.0,3.0,3.0,3.0,3.0,3478,young
1.498155600918038,9512.0,4.0,ds1,ds1_4,Jungwuchs/Dickung,Jungwuchs/Dickung_4,0.0,0.0,3.0,3.0,3.0,3.0,3479,young
0.546804902932653,9513.0,13.0,ds6,ds6_13,Starkes Baumholz,Starkes Baumholz_13,0.0,0.0,3.0,3.0,3.0,3.0,3480,not_young
0.810185776492022,9526.0,13.0,ds4,ds4_13,Schwaches Baumholz,Schwaches Baumholz_13,0.0,0.0,3.0,3.0,4.0,3.0,3481,not_young
0.577494933162257,9533.0,4.0,ds6,ds6_4,Starkes Baumholz,Starkes Baumholz_4,0.0,0.0,3.0,1.0,3.0,3.0,3482,not_young
1.981013878652267,9537.0,4.0,ds5,ds5_4,Mittleres Baumholz,Mittleres Baumholz_4,0.0,0.0,3.0,3.0,3.0,3.0,3483,not_young
1.151952795582253,9548.0,4.0,ds6,ds6_4,Starkes Baumholz,Starkes Baumholz_4,0.0,1.0,1.0,1.0,1.0,1.0,3484,not_young
1.230306203995436,9549.0,4.0,ds3,ds3_4,Stangenholz,Stangenholz_4,0.0,1.0,1.0,1.0,1.0,1.0,3485,not_young
0.528854036994898,9554.0,4.0,ds5,ds5_4,Mittleres Baumholz,Mittleres Baumholz_4,0.0,0.0,3.0,3.0,3.0,3.0,3486,not_young
2.101468964383285,9557.0,4.0,ds2,ds2_4,Jungwuchs/Dickung,Jungwuchs/Dickung_4,0.0,0.0,3.0,3.0,4.0,3.0,3487,young
0.62498942380277,9559.0,4.0,ds1,ds1_4,Jungwuchs/Dickung,Jungwuchs/Dickung_4,0.0,0.0,3.0,3.0,3.0,3.0,3488,young
0.958433938334091,9560.0,13.0,ds1,ds1_13,Jungwuchs/Dickung,Jungwuchs/Dickung_13,0.0,0.0,3.0,3.0,3.0,3.0,3489,young
0.503332974502482,9562.0,13.0,ds5,ds5_13,Mittleres Baumholz,Mittleres Baumholz_13,0.0,0.0,3.0,3.0,3.0,3.0,3490,not_young
0.805170439089573,9563.0,13.0,ds1,ds1_13,Jungwuchs/Dickung,Jungwuchs/Dickung_13,0.0,0.0,3.0,3.0,4.0,3.0,3491,young
1.38462321008647,9567.0,4.0,ds4,ds4_4,Schwaches Baumholz,Schwaches Baumholz_4,0.0,1.0,1.0,1.0,1.0,1.0,3492,not_young
0.686497026970514,9568.0,4.0,ds3,ds3_4,Stangenholz,Stangenholz_4,0.0,1.0,1.0,1.0,1.0,1.0,3493,not_young
0.799383236424625,9571.0,4.0,ds2,ds2_4,Jungwuchs/Dickung,Jungwuchs/Dickung_4,0.0,0.0,3.0,3.0,3.0,3.0,3494,young
1.167712535289629,9573.0,13.0,ds6,ds6_13,Starkes Baumholz,Starkes Baumholz_13,0.0,0.0,3.0,3.0,3.0,3.0,3495,not_young
0.623033876839757,9574.0,13.0,ds1,ds1_13,Jungwuchs/Dickung,Jungwuchs/Dickung_13,0.0,0.0,3.0,3.0,4.0,4.0,3496,young
0.505563058970045,9576.0,13.0,ds5,ds5_13,Mittleres Baumholz,Mittleres Baumholz_13,0.0,0.0,3.0,3.0,3.0,3.0,3497,not_young
1.680203961292282,9578.0,4.0,ds5,ds5_4,Mittleres Baumholz,Mittleres Baumholz_4,0.0,0.0,3.0,3.0,3.0,3.0,3498,not_young
1.707295668803855,9580.0,13.0,ds5,ds5_13,Mittleres Baumholz,Mittleres Baumholz_13,0.0,1.0,1.0,1.0,3.0,3.0,3499,not_young
0.963383848486235,9584.0,13.0,ds3,ds3_13,Stangenholz,Stangenholz_13,0.0,0.0,3.0,3.0,3.0,3.0,3500,not_young
0.901590143258218,9587.0,13.0,ds1,ds1_13,Jungwuchs/Dickung,Jungwuchs/Dickung_13,0.0,0.0,3.0,3.0,3.0,3.0,3501,young
0.87310197509802,9588.0,4.0,ds2,ds2_4,Jungwuchs/Dickung,Jungwuchs/Dickung_4,0.0,0.0,3.0,3.0,3.0,3.0,3502,young
1.835456665108265,9589.0,4.0,ds5,ds5_4,Mittleres Baumholz,Mittleres Baumholz_4,0.0,1.0,1.0,1.0,1.0,1.0,3503,not_young
1.188593625900569,9590.0,4.0,ds4,ds4_4,Schwaches Baumholz,Schwaches Baumholz_4,0.0,1.0,1.0,1.0,3.0,3.0,3504,not_young
0.68016656416909,9591.0,4.0,ds5,ds5_4,Mittleres Baumholz,Mittleres Baumholz_4,0.0,1.0,1.0,1.0,1.0,1.0,3505,not_young
0.694397830519266,9596.0,13.0,ds6,ds6_13,Starkes Baumholz,Starkes Baumholz_13,0.0,0.0,3.0,3.0,4.0,4.0,3506,not_young
0.704109634421952,9597.0,13.0,ds6,ds6_13,Starkes Baumholz,Starkes Baumholz_13,0.0,0.0,3.0,3.0,4.0,3.0,3507,not_young
0.984015638721548,9600.0,13.0,ds6,ds6_13,Starkes Baumholz,Starkes Baumholz_13,0.0,0.0,3.0,3.0,4.0,3.0,3508,not_young
0.868201001530618,9601.0,13.0,ds6,ds6_13,Starkes Baumholz,Starkes Baumholz_13,0.0,0.0,3.0,3.0,4.0,3.0,3509,not_young
0.827683500974078,9602.0,13.0,ds1,ds1_13,Jungwuchs/Dickung,Jungwuchs/Dickung_13,0.0,0.0,3.0,3.0,3.0,3.0,3510,young
1.494788198413001,9603.0,4.0,ds6,ds6_4,Starkes Baumholz,Starkes Baumholz_4,0.0,0.0,3.0,3.0,3.0,3.0,3511,not_young
0.571684369156417,9604.0,4.0,ds2,ds2_4,Jungwuchs/Dickung,Jungwuchs/Dickung_4,0.0,0.0,3.0,3.0,4.0,3.0,3512,young
0.926671978021692,9608.0,4.0,ds5,ds5_4,Mittleres Baumholz,Mittleres Baumholz_4,0.0,1.0,1.0,1.0,1.0,1.0,3513,not_young
3.292891032550013,9610.0,4.0,ds2,ds2_4,Jungwuchs/Dickung,Jungwuchs/Dickung_4,0.0,0.0,3.0,3.0,3.0,3.0,3514,young
3.388058764860057,9612.0,4.0,ds4,ds4_4,Schwaches Baumholz,Schwaches Baumholz_4,0.0,1.0,1.0,1.0,1.0,1.0,3515,not_young
0.866822920611687,9614.0,13.0,ds2,ds2_13,Jungwuchs/Dickung,Jungwuchs/Dickung_13,0.0,0.0,3.0,3.0,3.0,3.0,3516,young
1.046741275601683,9615.0,13.0,ds2,ds2_13,Jungwuchs/Dickung,Jungwuchs/Dickung_13,0.0,0.0,3.0,3.0,4.0,3.0,3517,young
0.771841159651917,9616.0,13.0,ds5,ds5_13,Mittleres Baumholz,Mittleres Baumholz_13,0.0,0.0,3.0,3.0,4.0,4.0,3518,not_young
0.591787492401712,9618.0,13.0,ds3,ds3_13,Stangenholz,Stangenholz_13,0.0,0.0,3.0,3.0,3.0,3.0,3519,not_young
0.949694296804808,9619.0,4.0,ds4,ds4_4,Schwaches Baumholz,Schwaches Baumholz_4,0.0,1.0,1.0,1.0,1.0,1.0,3520,not_young
0.558356923760497,9622.0,4.0,ds3,ds3_4,Stangenholz,Stangenholz_4,0.0,1.0,1.0,1.0,1.0,1.0,3521,not_young
1.32423432761783,9623.0,4.0,ds2,ds2_4,Jungwuchs/Dickung,Jungwuchs/Dickung_4,0.0,0.0,3.0,3.0,4.0,3.0,3522,young
0.679668341563363,9625.0,4.0,ds1,ds1_4,Jungwuchs/Dickung,Jungwuchs/Dickung_4,0.0,0.0,3.0,3.0,4.0,3.0,3523,young
0.669700704247668,9627.0,4.0,ds3,ds3_4,Stangenholz,Stangenholz_4,0.0,0.0,3.0,3.0,3.0,3.0,3524,not_young
1.02564083912014,9628.0,13.0,ds1,ds1_13,Jungwuchs/Dickung,Jungwuchs/Dickung_13,0.0,0.0,3.0,3.0,3.0,3.0,3525,young
0.79992498842692,9631.0,13.0,ds1,ds1_13,Jungwuchs/Dickung,Jungwuchs/Dickung_13,0.0,0.0,3.0,3.0,3.0,3.0,3526,young
0.614133714293502,9632.0,13.0,ds5,ds5_13,Mittleres Baumholz,Mittleres Baumholz_13,0.0,1.0,1.0,1.0,1.0,1.0,3527,not_young
1.696977045414178,9633.0,4.0,ds4,ds4_4,Schwaches Baumholz,Schwaches Baumholz_4,0.0,1.0,1.0,1.0,1.0,1.0,3528,not_young
0.525064325092907,9635.0,4.0,ds2,ds2_4,Jungwuchs/Dickung,Jungwuchs/Dickung_4,0.0,0.0,3.0,3.0,4.0,3.0,3529,young
1.094581008954984,9636.0,4.0,ds4,ds4_4,Schwaches Baumholz,Schwaches Baumholz_4,0.0,0.0,3.0,3.0,3.0,3.0,3530,not_young
1.1192584995477,9637.0,4.0,ds2,ds2_4,Jungwuchs/Dickung,Jungwuchs/Dickung_4,0.0,0.0,3.0,3.0,3.0,3.0,3531,young
1.452464983937517,9639.0,13.0,ds2,ds2_13,Jungwuchs/Dickung,Jungwuchs/Dickung_13,0.0,0.0,3.0,3.0,3.0,3.0,3532,young
3.653642167680089,9640.0,13.0,ds5,ds5_13,Mittleres Baumholz,Mittleres Baumholz_13,0.0,0.0,3.0,3.0,4.0,4.0,3533,not_young
0.535205309638381,9642.0,4.0,ds3,ds3_4,Stangenholz,Stangenholz_4,0.0,0.0,3.0,1.0,3.0,3.0,3534,not_young
0.86670175708225,9643.0,4.0,ds5,ds5_4,Mittleres Baumholz,Mittleres Baumholz_4,0.0,0.0,3.0,3.0,3.0,3.0,3535,not_young
1.067981089310232,9644.0,4.0,ds3,ds3_4,Stangenholz,Stangenholz_4,0.0,1.0,1.0,1.0,1.0,1.0,3536,not_young
2.199662745081817,9645.0,13.0,ds1,ds1_13,Jungwuchs/Dickung,Jungwuchs/Dickung_13,0.0,0.0,3.0,3.0,3.0,3.0,3537,young
0.559330827251531,9647.0,13.0,ds5,ds5_13,Mittleres Baumholz,Mittleres Baumholz_13,0.0,0.0,3.0,3.0,4.0,3.0,3538,not_young
0.939352847141639,9648.0,13.0,ds3,ds3_13,Stangenholz,Stangenholz_13,0.0,0.0,3.0,3.0,3.0,3.0,3539,not_young
0.980620329445414,9651.0,13.0,ds2,ds2_13,Jungwuchs/Dickung,Jungwuchs/Dickung_13,0.0,0.0,3.0,3.0,3.0,3.0,3540,young
2.555050529979263,9652.0,4.0,ds6,ds6_4,Starkes Baumholz,Starkes Baumholz_4,0.0,0.0,3.0,3.0,3.0,3.0,3541,not_young
2.036220117402822,9654.0,4.0,ds4,ds4_4,Schwaches Baumholz,Schwaches Baumholz_4,0.0,0.0,3.0,3.0,4.0,3.0,3542,not_young
0.668292512580159,9657.0,4.0,ds4,ds4_4,Schwaches Baumholz,Schwaches Baumholz_4,0.0,0.0,3.0,3.0,4.0,4.0,3543,not_young
1.330563517175809,9660.0,4.0,ds4,ds4_4,Schwaches Baumholz,Schwaches Baumholz_4,0.0,1.0,1.0,1.0,1.0,1.0,3544,not_young
1.836107984181959,9661.0,13.0,ds4,ds4_13,Schwaches Baumholz,Schwaches Baumholz_13,0.0,0.0,3.0,3.0,4.0,3.0,3545,not_young
1.155322423092416,9662.0,4.0,ds4,ds4_4,Schwaches Baumholz,Schwaches Baumholz_4,0.0,0.0,3.0,3.0,3.0,3.0,3546,not_young
0.722008670082828,9663.0,13.0,ds3,ds3_13,Stangenholz,Stangenholz_13,0.0,1.0,1.0,1.0,1.0,1.0,3547,not_young
1.036495422211941,9664.0,4.0,ds4,ds4_4,Schwaches Baumholz,Schwaches Baumholz_4,0.0,1.0,1.0,1.0,1.0,1.0,3548,not_young
1.062717388097011,9665.0,13.0,ds5,ds5_13,Mittleres Baumholz,Mittleres Baumholz_13,0.0,0.0,3.0,3.0,3.0,3.0,3549,not_young
0.511176777889486,9671.0,4.0,ds1,ds1_4,Jungwuchs/Dickung,Jungwuchs/Dickung_4,0.0,0.0,3.0,3.0,3.0,3.0,3550,young
0.648584408870101,9673.0,13.0,ds4,ds4_13,Schwaches Baumholz,Schwaches Baumholz_13,0.0,1.0,1.0,1.0,1.0,1.0,3551,not_young
0.957618988702213,9674.0,13.0,ds4,ds4_13,Schwaches Baumholz,Schwaches Baumholz_13,0.0,0.0,3.0,3.0,4.0,4.0,3552,not_young
1.835193203400774,9675.0,13.0,ds2,ds2_13,Jungwuchs/Dickung,Jungwuchs/Dickung_13,0.0,0.0,3.0,3.0,3.0,3.0,3553,young
0.526057059069816,9676.0,13.0,ds3,ds3_13,Stangenholz,Stangenholz_13,0.0,1.0,1.0,1.0,1.0,1.0,3554,not_young
0.754505302588129,9677.0,13.0,ds3,ds3_13,Stangenholz,Stangenholz_13,0.0,0.0,3.0,3.0,3.0,3.0,3555,not_young
2.155487293366948,9678.0,13.0,ds1,ds1_13,Jungwuchs/Dickung,Jungwuchs/Dickung_13,0.0,0.0,3.0,3.0,3.0,3.0,3556,young
1.905541688711933,9680.0,13.0,ds6,ds6_13,Starkes Baumholz,Starkes Baumholz_13,0.0,0.0,3.0,3.0,4.0,4.0,3557,not_young
2.967471670974954,9681.0,13.0,ds3,ds3_13,Stangenholz,Stangenholz_13,0.0,0.0,3.0,3.0,3.0,3.0,3558,not_young
3.956951787328767,9683.0,4.0,ds5,ds5_4,Mittleres Baumholz,Mittleres Baumholz_4,0.0,1.0,1.0,1.0,1.0,1.0,3559,not_young
2.723617963354581,9684.0,13.0,ds2,ds2_13,Jungwuchs/Dickung,Jungwuchs/Dickung_13,0.0,0.0,3.0,3.0,4.0,3.0,3560,young
0.814288268996896,9686.0,13.0,ds4,ds4_13,Schwaches Baumholz,Schwaches Baumholz_13,0.0,1.0,1.0,1.0,3.0,3.0,3561,not_young
1.226553165813079,9687.0,13.0,ds4,ds4_13,Schwaches Baumholz,Schwaches Baumholz_13,0.0,0.0,3.0,3.0,4.0,4.0,3562,not_young
6.326626081991802,9688.0,4.0,ds6,ds6_4,Starkes Baumholz,Starkes Baumholz_4,0.0,0.0,3.0,3.0,3.0,3.0,3563,not_young
1.050626350541227,9690.0,4.0,ds5,ds5_4,Mittleres Baumholz,Mittleres Baumholz_4,0.0,1.0,1.0,1.0,1.0,1.0,3564,not_young
1.108204139418854,9691.0,4.0,ds1,ds1_4,Jungwuchs/Dickung,Jungwuchs/Dickung_4,0.0,0.0,3.0,3.0,3.0,3.0,3565,young
0.650570500807092,9692.0,13.0,ds3,ds3_13,Stangenholz,Stangenholz_13,0.0,1.0,1.0,1.0,3.0,3.0,3566,not_young
0.689225844934117,9693.0,13.0,ds4,ds4_13,Schwaches Baumholz,Schwaches Baumholz_13,0.0,0.0,3.0,3.0,3.0,3.0,3567,not_young
1.587577495003212,9694.0,13.0,ds1,ds1_13,Jungwuchs/Dickung,Jungwuchs/Dickung_13,0.0,0.0,3.0,3.0,3.0,3.0,3568,young
0.62447151577156,9695.0,13.0,ds2,ds2_13,Jungwuchs/Dickung,Jungwuchs/Dickung_13,0.0,0.0,3.0,3.0,3.0,3.0,3569,young
1.829429613577016,9697.0,13.0,ds5,ds5_13,Mittleres Baumholz,Mittleres Baumholz_13,0.0,0.0,3.0,3.0,4.0,3.0,3570,not_young
1.487861379279014,9698.0,4.0,ds3,ds3_4,Stangenholz,Stangenholz_4,0.0,0.0,3.0,3.0,3.0,3.0,3571,not_young
0.523472046848945,9700.0,4.0,ds5,ds5_4,Mittleres Baumholz,Mittleres Baumholz_4,0.0,0.0,3.0,3.0,3.0,3.0,3572,not_young
0.655373412190063,9701.0,13.0,ds2,ds2_13,Jungwuchs/Dickung,Jungwuchs/Dickung_13,0.0,0.0,3.0,3.0,4.0,3.0,3573,young
3.53955580416132,9702.0,13.0,ds6,ds6_13,Starkes Baumholz,Starkes Baumholz_13,0.0,0.0,3.0,3.0,4.0,3.0,3574,not_young
1.979574929668929,9703.0,13.0,ds4,ds4_13,Schwaches Baumholz,Schwaches Baumholz_13,0.0,0.0,3.0,3.0,3.0,3.0,3575,not_young
1.422511645361595,9706.0,13.0,ds4,ds4_13,Schwaches Baumholz,Schwaches Baumholz_13,0.0,0.0,3.0,3.0,4.0,3.0,3576,not_young
2.412448824305413,9707.0,4.0,ds5,ds5_4,Mittleres Baumholz,Mittleres Baumholz_4,0.0,1.0,1.0,1.0,1.0,1.0,3577,not_young
3.494644516464416,9708.0,4.0,ds5,ds5_4,Mittleres Baumholz,Mittleres Baumholz_4,0.0,0.0,3.0,3.0,3.0,3.0,3578,not_young
2.940607723529797,9710.0,4.0,ds2,ds2_4,Jungwuchs/Dickung,Jungwuchs/Dickung_4,0.0,0.0,3.0,3.0,3.0,3.0,3579,young
0.928696789856626,9711.0,4.0,ds3,ds3_4,Stangenholz,Stangenholz_4,0.0,1.0,1.0,1.0,3.0,3.0,3580,not_young
1.020415308548172,9712.0,13.0,ds6,ds6_13,Starkes Baumholz,Starkes Baumholz_13,0.0,1.0,1.0,1.0,1.0,1.0,3581,not_young
0.602172705145576,9713.0,4.0,ds6,ds6_4,Starkes Baumholz,Starkes Baumholz_4,0.0,1.0,1.0,1.0,1.0,1.0,3582,not_young
0.602973737063824,9714.0,13.0,ds5,ds5_13,Mittleres Baumholz,Mittleres Baumholz_13,0.0,0.0,3.0,3.0,3.0,3.0,3583,not_young
0.997463849061809,9716.0,13.0,ds5,ds5_13,Mittleres Baumholz,Mittleres Baumholz_13,0.0,0.0,3.0,3.0,3.0,3.0,3584,not_young
0.881733973325975,9718.0,13.0,ds4,ds4_13,Schwaches Baumholz,Schwaches Baumholz_13,0.0,0.0,3.0,3.0,3.0,3.0,3585,not_young
1.345341868278943,9719.0,13.0,ds6,ds6_13,Starkes Baumholz,Starkes Baumholz_13,0.0,0.0,3.0,3.0,3.0,3.0,3586,not_young
0.574132212669763,9720.0,13.0,ds4,ds4_13,Schwaches Baumholz,Schwaches Baumholz_13,0.0,1.0,1.0,1.0,1.0,1.0,3587,not_young
2.15336624963677,9721.0,13.0,ds4,ds4_13,Schwaches Baumholz,Schwaches Baumholz_13,0.0,0.0,3.0,3.0,3.0,3.0,3588,not_young
0.608372053968729,9722.0,13.0,ds6,ds6_13,Starkes Baumholz,Starkes Baumholz_13,0.0,1.0,1.0,1.0,3.0,3.0,3589,not_young
0.968266171435639,9723.0,13.0,ds3,ds3_13,Stangenholz,Stangenholz_13,0.0,0.0,3.0,3.0,3.0,3.0,3590,not_young
0.526322521030717,9724.0,13.0,ds5,ds5_13,Mittleres Baumholz,Mittleres Baumholz_13,0.0,0.0,3.0,3.0,3.0,3.0,3591,not_young
0.580097006270988,9725.0,13.0,ds5,ds5_13,Mittleres Baumholz,Mittleres Baumholz_13,0.0,0.0,3.0,3.0,3.0,3.0,3592,not_young
0.782134996861964,9727.0,4.0,ds2,ds2_4,Jungwuchs/Dickung,Jungwuchs/Dickung_4,0.0,0.0,3.0,3.0,4.0,3.0,3593,young
2.364770849551115,9728.0,13.0,ds5,ds5_13,Mittleres Baumholz,Mittleres Baumholz_13,0.0,0.0,3.0,3.0,3.0,3.0,3594,not_young
1.415128631608209,9730.0,13.0,ds1,ds1_13,Jungwuchs/Dickung,Jungwuchs/Dickung_13,0.0,0.0,3.0,3.0,4.0,3.0,3595,young
3.177959137880267,9731.0,13.0,ds6,ds6_13,Starkes Baumholz,Starkes Baumholz_13,0.0,0.0,3.0,3.0,3.0,3.0,3596,not_young
1.090436006828956,9732.0,13.0,ds3,ds3_13,Stangenholz,Stangenholz_13,0.0,0.0,3.0,3.0,3.0,3.0,3597,not_young
0.587547640214954,9735.0,4.0,ds2,ds2_4,Jungwuchs/Dickung,Jungwuchs/Dickung_4,0.0,0.0,3.0,3.0,3.0,3.0,3598,young
0.723018816125178,9736.0,4.0,ds4,ds4_4,Schwaches Baumholz,Schwaches Baumholz_4,0.0,0.0,3.0,3.0,4.0,3.0,3599,not_young
2.551090294176273,9738.0,13.0,ds2,ds2_13,Jungwuchs/Dickung,Jungwuchs/Dickung_13,0.0,1.0,1.0,1.0,1.0,1.0,3600,young
0.629321155397897,9739.0,13.0,ds2,ds2_13,Jungwuchs/Dickung,Jungwuchs/Dickung_13,0.0,0.0,3.0,3.0,4.0,4.0,3601,young
1.862601449155342,9740.0,13.0,ds2,ds2_13,Jungwuchs/Dickung,Jungwuchs/Dickung_13,0.0,0.0,3.0,3.0,3.0,3.0,3602,young
0.786477942263219,9741.0,4.0,ds3,ds3_4,Stangenholz,Stangenholz_4,0.0,0.0,3.0,3.0,4.0,3.0,3603,not_young
0.557681897794545,9744.0,4.0,ds5,ds5_4,Mittleres Baumholz,Mittleres Baumholz_4,0.0,0.0,3.0,3.0,3.0,3.0,3604,not_young
0.962781610266888,9747.0,13.0,ds1,ds1_13,Jungwuchs/Dickung,Jungwuchs/Dickung_13,0.0,0.0,3.0,3.0,3.0,3.0,3605,young
0.515684338496299,9748.0,4.0,ds3,ds3_4,Stangenholz,Stangenholz_4,0.0,0.0,3.0,3.0,3.0,3.0,3606,not_young
2.455623752616812,9750.0,13.0,ds5,ds5_13,Mittleres Baumholz,Mittleres Baumholz_13,0.0,0.0,3.0,3.0,3.0,3.0,3607,not_young
0.850255233077515,9751.0,4.0,ds5,ds5_4,Mittleres Baumholz,Mittleres Baumholz_4,0.0,1.0,1.0,1.0,3.0,3.0,3608,not_young
0.98473064747313,9752.0,4.0,ds6,ds6_4,Starkes Baumholz,Starkes Baumholz_4,0.0,0.0,3.0,3.0,3.0,3.0,3609,not_young
0.901783995918222,9753.0,13.0,ds4,ds4_13,Schwaches Baumholz,Schwaches Baumholz_13,0.0,0.0,3.0,3.0,4.0,3.0,3610,not_young
1.208530071584112,9754.0,13.0,ds1,ds1_13,Jungwuchs/Dickung,Jungwuchs/Dickung_13,0.0,0.0,3.0,3.0,4.0,3.0,3611,young
2.695764367811592,9755.0,4.0,ds4,ds4_4,Schwaches Baumholz,Schwaches Baumholz_4,0.0,0.0,3.0,3.0,4.0,3.0,3612,not_young
1.435087064646813,9756.0,4.0,ds3,ds3_4,Stangenholz,Stangenholz_4,0.0,0.0,3.0,3.0,3.0,3.0,3613,not_young
2.485184466499376,9757.0,13.0,ds4,ds4_13,Schwaches Baumholz,Schwaches Baumholz_13,0.0,0.0,3.0,3.0,4.0,3.0,3614,not_young
0.903409296390787,9758.0,4.0,ds5,ds5_4,Mittleres Baumholz,Mittleres Baumholz_4,0.0,0.0,3.0,3.0,3.0,3.0,3615,not_young
0.683857760546391,9759.0,4.0,ds2,ds2_4,Jungwuchs/Dickung,Jungwuchs/Dickung_4,0.0,0.0,3.0,3.0,4.0,3.0,3616,young
1.397687450483287,9760.0,13.0,ds3,ds3_13,Stangenholz,Stangenholz_13,0.0,0.0,3.0,3.0,4.0,3.0,3617,not_young
0.946384253839357,9761.0,4.0,ds5,ds5_4,Mittleres Baumholz,Mittleres Baumholz_4,0.0,0.0,3.0,3.0,4.0,3.0,3618,not_young
1.483424719079305,9762.0,13.0,ds2,ds2_13,Jungwuchs/Dickung,Jungwuchs/Dickung_13,0.0,1.0,1.0,1.0,1.0,1.0,3619,young
2.307918032439868,9763.0,4.0,ds4,ds4_4,Schwaches Baumholz,Schwaches Baumholz_4,0.0,1.0,1.0,1.0,1.0,1.0,3620,not_young
3.119363124463009,9764.0,4.0,ds1,ds1_4,Jungwuchs/Dickung,Jungwuchs/Dickung_4,0.0,0.0,3.0,3.0,4.0,4.0,3621,young
0.552037916599377,9765.0,13.0,ds4,ds4_13,Schwaches Baumholz,Schwaches Baumholz_13,0.0,0.0,3.0,3.0,4.0,3.0,3622,not_young
2.109097748684278,9766.0,4.0,ds3,ds3_4,Stangenholz,Stangenholz_4,0.0,0.0,3.0,3.0,4.0,3.0,3623,not_young
2.002133984950326,9767.0,13.0,ds4,ds4_13,Schwaches Baumholz,Schwaches Baumholz_13,0.0,0.0,3.0,3.0,4.0,3.0,3624,not_young
1.394125455878489,9768.0,13.0,ds5,ds5_13,Mittleres Baumholz,Mittleres Baumholz_13,0.0,0.0,3.0,1.0,3.0,3.0,3625,not_young
2.593870818675325,9769.0,4.0,ds4,ds4_4,Schwaches Baumholz,Schwaches Baumholz_4,0.0,1.0,1.0,1.0,1.0,1.0,3626,not_young
10.58186772752342,9770.0,13.0,ds5,ds5_13,Mittleres Baumholz,Mittleres Baumholz_13,0.0,0.0,3.0,3.0,3.0,3.0,3627,not_young
0.958989524226077,9771.0,4.0,ds3,ds3_4,Stangenholz,Stangenholz_4,0.0,0.0,3.0,3.0,3.0,3.0,3628,not_young
1.899259699929642,9772.0,4.0,ds6,ds6_4,Starkes Baumholz,Starkes Baumholz_4,0.0,0.0,3.0,3.0,3.0,3.0,3629,not_young
2.357537029728387,9773.0,4.0,ds3,ds3_4,Stangenholz,Stangenholz_4,0.0,0.0,3.0,3.0,3.0,3.0,3630,not_young
0.828017795601726,9774.0,13.0,ds4,ds4_13,Schwaches Baumholz,Schwaches Baumholz_13,0.0,0.0,3.0,3.0,3.0,3.0,3631,not_young
0.740166363927536,9775.0,4.0,ds5,ds5_4,Mittleres Baumholz,Mittleres Baumholz_4,0.0,0.0,3.0,3.0,3.0,3.0,3632,not_young
0.725064311250113,9776.0,4.0,ds3,ds3_4,Stangenholz,Stangenholz_4,0.0,1.0,1.0,1.0,1.0,1.0,3633,not_young
7.264597274946364,9777.0,13.0,ds1,ds1_13,Jungwuchs/Dickung,Jungwuchs/Dickung_13,0.0,0.0,3.0,3.0,3.0,3.0,3634,young
2.049655020277924,9778.0,4.0,ds5,ds5_4,Mittleres Baumholz,Mittleres Baumholz_4,0.0,0.0,3.0,3.0,3.0,3.0,3635,not_young
4.311783936126804,9779.0,13.0,ds6,ds6_13,Starkes Baumholz,Starkes Baumholz_13,0.0,0.0,3.0,3.0,4.0,3.0,3636,not_young
0.589845000306174,9780.0,13.0,ds5,ds5_13,Mittleres Baumholz,Mittleres Baumholz_13,0.0,1.0,1.0,1.0,1.0,1.0,3637,not_young
1.673028681795904,9781.0,13.0,ds5,ds5_13,Mittleres Baumholz,Mittleres Baumholz_13,0.0,1.0,1.0,1.0,3.0,3.0,3638,not_young
1.561514829955419,9782.0,4.0,ds3,ds3_4,Stangenholz,Stangenholz_4,0.0,0.0,3.0,3.0,4.0,3.0,3639,not_young
4.029271341240135,9783.0,13.0,ds4,ds4_13,Schwaches Baumholz,Schwaches Baumholz_13,0.0,0.0,3.0,3.0,4.0,3.0,3640,not_young
1.740792312402514,9785.0,13.0,ds1,ds1_13,Jungwuchs/Dickung,Jungwuchs/Dickung_13,0.0,0.0,3.0,3.0,3.0,3.0,3641,young
3.603999893548573,9786.0,4.0,ds6,ds6_4,Starkes Baumholz,Starkes Baumholz_4,0.0,0.0,3.0,3.0,3.0,3.0,3642,not_young
1.286232255653758,9787.0,4.0,ds1,ds1_4,Jungwuchs/Dickung,Jungwuchs/Dickung_4,0.0,0.0,3.0,3.0,3.0,3.0,3643,young
0.94735291592885,9788.0,13.0,ds5,ds5_13,Mittleres Baumholz,Mittleres Baumholz_13,0.0,0.0,3.0,3.0,3.0,3.0,3644,not_young
0.841639975728042,9789.0,13.0,ds5,ds5_13,Mittleres Baumholz,Mittleres Baumholz_13,0.0,0.0,3.0,3.0,3.0,3.0,3645,not_young
0.700494067689241,9791.0,4.0,ds6,ds6_4,Starkes Baumholz,Starkes Baumholz_4,0.0,0.0,3.0,3.0,3.0,3.0,3646,not_young
0.699968830162403,9792.0,4.0,ds6,ds6_4,Starkes Baumholz,Starkes Baumholz_4,0.0,1.0,1.0,1.0,1.0,1.0,3647,not_young
8.689169582100085,9794.0,13.0,ds5,ds5_13,Mittleres Baumholz,Mittleres Baumholz_13,0.0,0.0,3.0,3.0,4.0,3.0,3648,not_young
0.958798107706735,9795.0,13.0,ds6,ds6_13,Starkes Baumholz,Starkes Baumholz_13,0.0,0.0,3.0,3.0,3.0,3.0,3649,not_young
1.949710789334349,9797.0,4.0,ds5,ds5_4,Mittleres Baumholz,Mittleres Baumholz_4,0.0,0.0,3.0,3.0,4.0,3.0,3650,not_young
1.153110722651892,9798.0,4.0,ds6,ds6_4,Starkes Baumholz,Starkes Baumholz_4,0.0,0.0,3.0,3.0,4.0,4.0,3651,not_young
0.832473851966299,9800.0,4.0,ds3,ds3_4,Stangenholz,Stangenholz_4,0.0,0.0,3.0,3.0,3.0,3.0,3652,not_young
1.319763825226529,9801.0,13.0,ds5,ds5_13,Mittleres Baumholz,Mittleres Baumholz_13,0.0,0.0,3.0,3.0,3.0,3.0,3653,not_young
1.686551490640687,9802.0,13.0,ds4,ds4_13,Schwaches Baumholz,Schwaches Baumholz_13,0.0,0.0,3.0,3.0,4.0,3.0,3654,not_young
0.63627633670643,9803.0,13.0,ds4,ds4_13,Schwaches Baumholz,Schwaches Baumholz_13,0.0,0.0,3.0,3.0,4.0,3.0,3655,not_young
2.706040791542083,9804.0,4.0,ds4,ds4_4,Schwaches Baumholz,Schwaches Baumholz_4,0.0,0.0,3.0,3.0,3.0,3.0,3656,not_young
3.363297160262918,9806.0,13.0,ds1,ds1_13,Jungwuchs/Dickung,Jungwuchs/Dickung_13,0.0,0.0,3.0,3.0,3.0,3.0,3657,young
0.641712451047532,9807.0,4.0,ds4,ds4_4,Schwaches Baumholz,Schwaches Baumholz_4,0.0,1.0,1.0,1.0,1.0,1.0,3658,not_young
0.514431723996904,9811.0,4.0,ds4,ds4_4,Schwaches Baumholz,Schwaches Baumholz_4,0.0,0.0,3.0,3.0,3.0,3.0,3659,not_young
0.624075491276011,9814.0,4.0,ds4,ds4_4,Schwaches Baumholz,Schwaches Baumholz_4,0.0,0.0,3.0,3.0,3.0,3.0,3660,not_young
0.973029263426526,9816.0,4.0,ds4,ds4_4,Schwaches Baumholz,Schwaches Baumholz_4,0.0,0.0,3.0,3.0,4.0,4.0,3661,not_young
0.84073568401672,9822.0,13.0,ds4,ds4_13,Schwaches Baumholz,Schwaches Baumholz_13,0.0,0.0,3.0,3.0,3.0,3.0,3662,not_young
0.629111549034901,9832.0,4.0,ds1,ds1_4,Jungwuchs/Dickung,Jungwuchs/Dickung_4,0.0,0.0,3.0,3.0,3.0,3.0,3663,young
0.810653101761639,9837.0,4.0,ds1,ds1_4,Jungwuchs/Dickung,Jungwuchs/Dickung_4,0.0,0.0,3.0,3.0,3.0,3.0,3664,young
0.684110226529464,9838.0,4.0,ds2,ds2_4,Jungwuchs/Dickung,Jungwuchs/Dickung_4,0.0,0.0,3.0,3.0,4.0,4.0,3665,young
0.558392720377841,9839.0,4.0,ds6,ds6_4,Starkes Baumholz,Starkes Baumholz_4,0.0,0.0,3.0,3.0,3.0,3.0,3666,not_young
1.557187814139109,9840.0,4.0,ds5,ds5_4,Mittleres Baumholz,Mittleres Baumholz_4,0.0,0.0,3.0,3.0,3.0,3.0,3667,not_young
0.769670648196992,9842.0,4.0,ds1,ds1_4,Jungwuchs/Dickung,Jungwuchs/Dickung_4,0.0,0.0,3.0,3.0,3.0,3.0,3668,young
1.361220575158391,9843.0,4.0,ds3,ds3_4,Stangenholz,Stangenholz_4,0.0,0.0,3.0,3.0,3.0,3.0,3669,not_young
0.94647966951956,9844.0,13.0,ds1,ds1_13,Jungwuchs/Dickung,Jungwuchs/Dickung_13,0.0,0.0,3.0,3.0,3.0,3.0,3670,young
0.637106748098595,9845.0,4.0,ds6,ds6_4,Starkes Baumholz,Starkes Baumholz_4,0.0,1.0,1.0,1.0,1.0,1.0,3671,not_young
0.600833446711599,9846.0,13.0,ds3,ds3_13,Stangenholz,Stangenholz_13,0.0,0.0,3.0,3.0,3.0,3.0,3672,not_young
0.819197468671494,9848.0,4.0,ds4,ds4_4,Schwaches Baumholz,Schwaches Baumholz_4,0.0,0.0,3.0,3.0,4.0,3.0,3673,not_young
0.895994070663024,9854.0,4.0,ds5,ds5_4,Mittleres Baumholz,Mittleres Baumholz_4,0.0,1.0,1.0,1.0,1.0,1.0,3674,not_young
0.608055432113633,9855.0,4.0,ds4,ds4_4,Schwaches Baumholz,Schwaches Baumholz_4,0.0,1.0,1.0,1.0,1.0,1.0,3675,not_young
0.630587793013989,9860.0,4.0,ds4,ds4_4,Schwaches Baumholz,Schwaches Baumholz_4,0.0,1.0,1.0,1.0,1.0,1.0,3676,not_young
0.931655258041248,9861.0,4.0,ds4,ds4_4,Schwaches Baumholz,Schwaches Baumholz_4,0.0,0.0,3.0,3.0,3.0,3.0,3677,not_young
0.970520432476699,9862.0,4.0,ds1,ds1_4,Jungwuchs/Dickung,Jungwuchs/Dickung_4,0.0,0.0,3.0,3.0,3.0,3.0,3678,young
0.952055755225336,9864.0,4.0,ds6,ds6_4,Starkes Baumholz,Starkes Baumholz_4,0.0,0.0,3.0,3.0,3.0,3.0,3679,not_young
1.058300986578129,9867.0,4.0,ds1,ds1_4,Jungwuchs/Dickung,Jungwuchs/Dickung_4,0.0,0.0,3.0,3.0,3.0,3.0,3680,young
0.655040061857086,9870.0,4.0,ds3,ds3_4,Stangenholz,Stangenholz_4,0.0,0.0,3.0,3.0,4.0,3.0,3681,not_young
0.510255934574315,9871.0,4.0,ds3,ds3_4,Stangenholz,Stangenholz_4,0.0,0.0,3.0,3.0,4.0,3.0,3682,not_young
0.573732204119861,9872.0,4.0,ds5,ds5_4,Mittleres Baumholz,Mittleres Baumholz_4,0.0,1.0,1.0,1.0,1.0,1.0,3683,not_young
1.155340802620258,9873.0,4.0,ds3,ds3_4,Stangenholz,Stangenholz_4,0.0,0.0,3.0,3.0,4.0,3.0,3684,not_young
0.549063447984601,9875.0,4.0,ds3,ds3_4,Stangenholz,Stangenholz_4,0.0,0.0,3.0,3.0,4.0,4.0,3685,not_young
0.509339133947343,9876.0,4.0,ds3,ds3_4,Stangenholz,Stangenholz_4,0.0,0.0,3.0,3.0,3.0,3.0,3686,not_young
0.663661387205962,9878.0,4.0,ds5,ds5_4,Mittleres Baumholz,Mittleres Baumholz_4,0.0,0.0,3.0,3.0,3.0,3.0,3687,not_young
0.703615588902216,9881.0,4.0,ds5,ds5_4,Mittleres Baumholz,Mittleres Baumholz_4,0.0,0.0,3.0,3.0,4.0,3.0,3688,not_young
2.065234194978117,9882.0,4.0,ds1,ds1_4,Jungwuchs/Dickung,Jungwuchs/Dickung_4,0.0,0.0,3.0,3.0,3.0,3.0,3689,young
2.157602131673321,9885.0,4.0,ds4,ds4_4,Schwaches Baumholz,Schwaches Baumholz_4,0.0,0.0,3.0,3.0,3.0,3.0,3690,not_young
0.899669468587055,9887.0,13.0,ds3,ds3_13,Stangenholz,Stangenholz_13,0.0,0.0,3.0,3.0,3.0,3.0,3691,not_young
0.847167375377216,9888.0,4.0,ds5,ds5_4,Mittleres Baumholz,Mittleres Baumholz_4,0.0,0.0,3.0,3.0,3.0,3.0,3692,not_young
2.608876187291555,9889.0,4.0,ds3,ds3_4,Stangenholz,Stangenholz_4,0.0,1.0,1.0,1.0,1.0,1.0,3693,not_young
0.512698509005085,9890.0,4.0,ds2,ds2_4,Jungwuchs/Dickung,Jungwuchs/Dickung_4,0.0,0.0,3.0,3.0,3.0,3.0,3694,young
0.5911530525296,9891.0,4.0,ds2,ds2_4,Jungwuchs/Dickung,Jungwuchs/Dickung_4,0.0,0.0,3.0,3.0,3.0,3.0,3695,young
1.733396296839323,9892.0,4.0,ds5,ds5_4,Mittleres Baumholz,Mittleres Baumholz_4,0.0,0.0,3.0,3.0,4.0,3.0,3696,not_young
4.982413547258882,9896.0,4.0,ds6,ds6_4,Starkes Baumholz,Starkes Baumholz_4,0.0,0.0,3.0,3.0,4.0,4.0,3697,not_young
1.445930923125288,9897.0,4.0,ds2,ds2_4,Jungwuchs/Dickung,Jungwuchs/Dickung_4,0.0,0.0,3.0,3.0,4.0,3.0,3698,young
0.60584265772783,9898.0,4.0,ds3,ds3_4,Stangenholz,Stangenholz_4,0.0,0.0,3.0,3.0,4.0,4.0,3699,not_young
2.67231506916713,9902.0,4.0,ds4,ds4_4,Schwaches Baumholz,Schwaches Baumholz_4,0.0,0.0,3.0,3.0,4.0,4.0,3700,not_young
1.256974888419267,9903.0,4.0,ds3,ds3_4,Stangenholz,Stangenholz_4,0.0,0.0,3.0,3.0,4.0,4.0,3701,not_young
1.633286606061463,9904.0,4.0,ds2,ds2_4,Jungwuchs/Dickung,Jungwuchs/Dickung_4,0.0,0.0,3.0,3.0,3.0,3.0,3702,young
2.185115777374338,9905.0,4.0,ds3,ds3_4,Stangenholz,Stangenholz_4,0.0,0.0,3.0,3.0,3.0,3.0,3703,not_young
2.06910644947316,9906.0,13.0,ds4,ds4_13,Schwaches Baumholz,Schwaches Baumholz_13,0.0,0.0,3.0,3.0,3.0,3.0,3704,not_young
2.336239761278208,9907.0,4.0,ds3,ds3_4,Stangenholz,Stangenholz_4,0.0,1.0,1.0,1.0,1.0,1.0,3705,not_young
0.562170566627476,9908.0,4.0,ds3,ds3_4,Stangenholz,Stangenholz_4,0.0,0.0,3.0,3.0,4.0,4.0,3706,not_young
0.544999148911983,9909.0,13.0,ds4,ds4_13,Schwaches Baumholz,Schwaches Baumholz_13,0.0,0.0,3.0,3.0,3.0,3.0,3707,not_young
0.672868032787927,9910.0,4.0,ds1,ds1_4,Jungwuchs/Dickung,Jungwuchs/Dickung_4,0.0,0.0,3.0,3.0,3.0,3.0,3708,young
3.12629775009146,9911.0,4.0,ds3,ds3_4,Stangenholz,Stangenholz_4,0.0,0.0,3.0,3.0,3.0,3.0,3709,not_young
1.375386102808663,9912.0,4.0,ds1,ds1_4,Jungwuchs/Dickung,Jungwuchs/Dickung_4,0.0,0.0,3.0,3.0,3.0,3.0,3710,young
0.68534111915445,9913.0,4.0,ds3,ds3_4,Stangenholz,Stangenholz_4,0.0,0.0,3.0,3.0,3.0,3.0,3711,not_young
0.591522785852384,9914.0,13.0,ds4,ds4_13,Schwaches Baumholz,Schwaches Baumholz_13,0.0,0.0,3.0,3.0,3.0,3.0,3712,not_young
1.790118825357431,9915.0,4.0,ds5,ds5_4,Mittleres Baumholz,Mittleres Baumholz_4,0.0,0.0,3.0,3.0,3.0,3.0,3713,not_young
2.677161605984811,9916.0,4.0,ds4,ds4_4,Schwaches Baumholz,Schwaches Baumholz_4,0.0,0.0,3.0,1.0,3.0,3.0,3714,not_young
1.207238960416941,9917.0,4.0,ds4,ds4_4,Schwaches Baumholz,Schwaches Baumholz_4,0.0,0.0,3.0,3.0,4.0,4.0,3715,not_young
0.811775511673663,9918.0,4.0,ds4,ds4_4,Schwaches Baumholz,Schwaches Baumholz_4,0.0,0.0,3.0,3.0,3.0,3.0,3716,not_young
0.631889908185105,9919.0,13.0,ds3,ds3_13,Stangenholz,Stangenholz_13,0.0,1.0,1.0,1.0,1.0,1.0,3717,not_young
1.45833591844159,9920.0,4.0,ds4,ds4_4,Schwaches Baumholz,Schwaches Baumholz_4,0.0,1.0,1.0,1.0,1.0,1.0,3718,not_young
2.048354936956609,9921.0,13.0,ds3,ds3_13,Stangenholz,Stangenholz_13,0.0,0.0,3.0,3.0,3.0,3.0,3719,not_young
2.528197175180385,9922.0,4.0,ds3,ds3_4,Stangenholz,Stangenholz_4,0.0,0.0,3.0,3.0,3.0,3.0,3720,not_young
1.261684540711995,9923.0,4.0,ds5,ds5_4,Mittleres Baumholz,Mittleres Baumholz_4,0.0,0.0,3.0,1.0,3.0,3.0,3721,not_young
1.313639235504228,9925.0,4.0,ds4,ds4_4,Schwaches Baumholz,Schwaches Baumholz_4,0.0,0.0,3.0,3.0,3.0,3.0,3722,not_young
1.849426822766755,9926.0,13.0,ds4,ds4_13,Schwaches Baumholz,Schwaches Baumholz_13,0.0,0.0,3.0,3.0,3.0,3.0,3723,not_young
0.671350271611568,9927.0,13.0,ds5,ds5_13,Mittleres Baumholz,Mittleres Baumholz_13,0.0,0.0,3.0,3.0,3.0,3.0,3724,not_young
1.056847553299414,9928.0,4.0,ds5,ds5_4,Mittleres Baumholz,Mittleres Baumholz_4,0.0,0.0,3.0,3.0,3.0,3.0,3725,not_young
2.151079111246392,9929.0,4.0,ds4,ds4_4,Schwaches Baumholz,Schwaches Baumholz_4,0.0,0.0,3.0,3.0,3.0,3.0,3726,not_young
1.418806929893908,9930.0,4.0,ds4,ds4_4,Schwaches Baumholz,Schwaches Baumholz_4,0.0,0.0,3.0,3.0,4.0,3.0,3727,not_young
0.592179077683494,9931.0,4.0,ds2,ds2_4,Jungwuchs/Dickung,Jungwuchs/Dickung_4,0.0,0.0,3.0,3.0,4.0,3.0,3728,young
0.517365719232615,9932.0,4.0,ds5,ds5_4,Mittleres Baumholz,Mittleres Baumholz_4,0.0,0.0,3.0,3.0,3.0,3.0,3729,not_young
1.896529395122902,9934.0,4.0,ds4,ds4_4,Schwaches Baumholz,Schwaches Baumholz_4,0.0,0.0,3.0,3.0,3.0,3.0,3730,not_young
0.600373929047282,9935.0,4.0,ds5,ds5_4,Mittleres Baumholz,Mittleres Baumholz_4,0.0,0.0,3.0,3.0,4.0,3.0,3731,not_young
0.683872614648426,9938.0,4.0,ds1,ds1_4,Jungwuchs/Dickung,Jungwuchs/Dickung_4,0.0,0.0,3.0,3.0,3.0,3.0,3732,young
0.640646104762005,9940.0,4.0,ds5,ds5_4,Mittleres Baumholz,Mittleres Baumholz_4,0.0,0.0,3.0,3.0,3.0,3.0,3733,not_young
0.528986467067245,9941.0,4.0,ds4,ds4_4,Schwaches Baumholz,Schwaches Baumholz_4,0.0,0.0,3.0,1.0,4.0,3.0,3734,not_young
1.268798833465128,9945.0,4.0,ds5,ds5_4,Mittleres Baumholz,Mittleres Baumholz_4,0.0,0.0,3.0,3.0,3.0,3.0,3735,not_young
0.949720434269356,9946.0,4.0,ds4,ds4_4,Schwaches Baumholz,Schwaches Baumholz_4,0.0,1.0,1.0,1.0,1.0,1.0,3736,not_young
0.699265335670021,9947.0,4.0,ds4,ds4_4,Schwaches Baumholz,Schwaches Baumholz_4,0.0,0.0,3.0,3.0,3.0,3.0,3737,not_young
4.378903340572468,9948.0,13.0,ds5,ds5_13,Mittleres Baumholz,Mittleres Baumholz_13,0.0,0.0,3.0,3.0,3.0,3.0,3738,not_young
3.44482940619435,9949.0,4.0,ds4,ds4_4,Schwaches Baumholz,Schwaches Baumholz_4,0.0,0.0,3.0,3.0,3.0,3.0,3739,not_young
2.900584895467922,9950.0,4.0,ds4,ds4_4,Schwaches Baumholz,Schwaches Baumholz_4,0.0,0.0,3.0,3.0,4.0,4.0,3740,not_young
0.816694367740746,9951.0,13.0,ds2,ds2_13,Jungwuchs/Dickung,Jungwuchs/Dickung_13,0.0,0.0,3.0,3.0,4.0,3.0,3741,young
3.875630694277748,9952.0,4.0,ds3,ds3_4,Stangenholz,Stangenholz_4,0.0,0.0,3.0,3.0,3.0,3.0,3742,not_young
1.150938922215355,9953.0,4.0,ds4,ds4_4,Schwaches Baumholz,Schwaches Baumholz_4,0.0,0.0,3.0,3.0,3.0,3.0,3743,not_young
1.557241588239235,9954.0,4.0,ds5,ds5_4,Mittleres Baumholz,Mittleres Baumholz_4,0.0,1.0,1.0,1.0,1.0,1.0,3744,not_young
0.715030305389542,9955.0,4.0,ds3,ds3_4,Stangenholz,Stangenholz_4,0.0,0.0,3.0,3.0,3.0,3.0,3745,not_young
1.51788189507311,9956.0,4.0,ds3,ds3_4,Stangenholz,Stangenholz_4,0.0,0.0,3.0,3.0,3.0,3.0,3746,not_young
1.972577222419344,9957.0,13.0,ds3,ds3_13,Stangenholz,Stangenholz_13,0.0,0.0,3.0,3.0,3.0,3.0,3747,not_young
1.046192958230502,9958.0,4.0,ds4,ds4_4,Schwaches Baumholz,Schwaches Baumholz_4,0.0,0.0,3.0,3.0,4.0,3.0,3748,not_young
1.212786922569317,9959.0,13.0,ds3,ds3_13,Stangenholz,Stangenholz_13,0.0,0.0,3.0,3.0,4.0,4.0,3749,not_young
1.477592500930792,9960.0,4.0,ds5,ds5_4,Mittleres Baumholz,Mittleres Baumholz_4,0.0,0.0,3.0,3.0,3.0,3.0,3750,not_young
1.398514364224637,9962.0,4.0,ds4,ds4_4,Schwaches Baumholz,Schwaches Baumholz_4,0.0,0.0,3.0,3.0,4.0,3.0,3751,not_young
2.16667624322474,9963.0,4.0,ds3,ds3_4,Stangenholz,Stangenholz_4,0.0,0.0,3.0,3.0,3.0,3.0,3752,not_young
1.965442599899764,9964.0,4.0,ds3,ds3_4,Stangenholz,Stangenholz_4,0.0,1.0,1.0,1.0,1.0,1.0,3753,not_young
0.609499272402778,9965.0,4.0,ds4,ds4_4,Schwaches Baumholz,Schwaches Baumholz_4,0.0,1.0,1.0,1.0,1.0,1.0,3754,not_young
1.617726303183078,9966.0,4.0,ds2,ds2_4,Jungwuchs/Dickung,Jungwuchs/Dickung_4,0.0,0.0,3.0,3.0,4.0,4.0,3755,young
0.720378700435243,9973.0,4.0,ds4,ds4_4,Schwaches Baumholz,Schwaches Baumholz_4,0.0,0.0,3.0,3.0,3.0,3.0,3756,not_young
0.609379142583534,9977.0,13.0,ds3,ds3_13,Stangenholz,Stangenholz_13,0.0,0.0,3.0,3.0,3.0,3.0,3757,not_young
0.755683584953053,9981.0,13.0,ds5,ds5_13,Mittleres Baumholz,Mittleres Baumholz_13,0.0,0.0,3.0,3.0,4.0,4.0,3758,not_young
0.672109379678592,9982.0,4.0,ds2,ds2_4,Jungwuchs/Dickung,Jungwuchs/Dickung_4,0.0,0.0,3.0,3.0,4.0,3.0,3759,young
0.62649703463912,9991.0,13.0,ds3,ds3_13,Stangenholz,Stangenholz_13,0.0,1.0,1.0,1.0,1.0,1.0,3760,not_young
0.516754942021426,9994.0,4.0,ds5,ds5_4,Mittleres Baumholz,Mittleres Baumholz_4,0.0,1.0,1.0,1.0,1.0,1.0,3761,not_young
0.807336722663231,9996.0,13.0,ds5,ds5_13,Mittleres Baumholz,Mittleres Baumholz_13,0.0,1.0,1.0,1.0,1.0,1.0,3762,not_young
1.544975914762169,9998.0,13.0,ds5,ds5_13,Mittleres Baumholz,Mittleres Baumholz_13,0.0,0.0,3.0,3.0,3.0,3.0,3763,not_young
1.04052975443732,10007.0,4.0,ds4,ds4_4,Schwaches Baumholz,Schwaches Baumholz_4,0.0,0.0,3.0,3.0,4.0,3.0,3764,not_young
0.802354862830415,10008.0,4.0,ds4,ds4_4,Schwaches Baumholz,Schwaches Baumholz_4,0.0,0.0,3.0,3.0,4.0,3.0,3765,not_young
1.121389221942984,10009.0,4.0,ds3,ds3_4,Stangenholz,Stangenholz_4,0.0,0.0,3.0,3.0,3.0,3.0,3766,not_young
1.188357554012118,10010.0,4.0,ds4,ds4_4,Schwaches Baumholz,Schwaches Baumholz_4,0.0,0.0,3.0,3.0,4.0,4.0,3767,not_young
0.647664702195954,10013.0,13.0,ds4,ds4_13,Schwaches Baumholz,Schwaches Baumholz_13,0.0,0.0,3.0,3.0,4.0,3.0,3768,not_young
1.164209034892172,10015.0,4.0,ds2,ds2_4,Jungwuchs/Dickung,Jungwuchs/Dickung_4,0.0,0.0,3.0,3.0,4.0,3.0,3769,young
0.71402366018733,10016.0,13.0,ds4,ds4_13,Schwaches Baumholz,Schwaches Baumholz_13,0.0,0.0,3.0,3.0,3.0,3.0,3770,not_young
1.058204248011299,10017.0,13.0,ds4,ds4_13,Schwaches Baumholz,Schwaches Baumholz_13,0.0,0.0,3.0,3.0,4.0,3.0,3771,not_young
2.538015218156856,10023.0,4.0,ds5,ds5_4,Mittleres Baumholz,Mittleres Baumholz_4,0.0,0.0,3.0,3.0,3.0,3.0,3772,not_young
0.619546362877754,10024.0,4.0,ds4,ds4_4,Schwaches Baumholz,Schwaches Baumholz_4,0.0,0.0,3.0,3.0,3.0,3.0,3773,not_young
0.59772637494877,10026.0,13.0,ds3,ds3_13,Stangenholz,Stangenholz_13,0.0,0.0,3.0,3.0,4.0,3.0,3774,not_young
0.607738283869787,10027.0,13.0,ds3,ds3_13,Stangenholz,Stangenholz_13,0.0,0.0,3.0,3.0,4.0,4.0,3775,not_young
1.318418708528253,10028.0,13.0,ds4,ds4_13,Schwaches Baumholz,Schwaches Baumholz_13,0.0,0.0,3.0,3.0,4.0,3.0,3776,not_young
1.52107594173374,10029.0,4.0,ds4,ds4_4,Schwaches Baumholz,Schwaches Baumholz_4,0.0,0.0,3.0,3.0,4.0,4.0,3777,not_young
0.633804156926376,10031.0,13.0,ds3,ds3_13,Stangenholz,Stangenholz_13,0.0,0.0,3.0,3.0,4.0,4.0,3778,not_young
1.243582515962515,10032.0,4.0,ds3,ds3_4,Stangenholz,Stangenholz_4,0.0,0.0,3.0,3.0,4.0,4.0,3779,not_young
0.663793520412932,10033.0,13.0,ds5,ds5_13,Mittleres Baumholz,Mittleres Baumholz_13,0.0,0.0,3.0,3.0,3.0,3.0,3780,not_young
3.318208312960004,10034.0,13.0,ds4,ds4_13,Schwaches Baumholz,Schwaches Baumholz_13,0.0,1.0,1.0,1.0,1.0,1.0,3781,not_young
1.765519998613035,10036.0,4.0,ds2,ds2_4,Jungwuchs/Dickung,Jungwuchs/Dickung_4,0.0,0.0,3.0,3.0,3.0,3.0,3782,young
0.981689844629401,10037.0,4.0,ds4,ds4_4,Schwaches Baumholz,Schwaches Baumholz_4,0.0,0.0,3.0,3.0,4.0,3.0,3783,not_young
0.604362181189284,10039.0,13.0,ds6,ds6_13,Starkes Baumholz,Starkes Baumholz_13,0.0,0.0,3.0,3.0,4.0,3.0,3784,not_young
0.659130992647167,10041.0,4.0,ds4,ds4_4,Schwaches Baumholz,Schwaches Baumholz_4,0.0,0.0,3.0,3.0,3.0,3.0,3785,not_young
0.503489951499319,10045.0,4.0,ds3,ds3_4,Stangenholz,Stangenholz_4,0.0,0.0,3.0,3.0,3.0,3.0,3786,not_young
0.637858954117447,10048.0,4.0,ds2,ds2_4,Jungwuchs/Dickung,Jungwuchs/Dickung_4,0.0,0.0,3.0,3.0,4.0,4.0,3787,young
1.683342981960578,10052.0,4.0,ds2,ds2_4,Jungwuchs/Dickung,Jungwuchs/Dickung_4,0.0,0.0,3.0,3.0,4.0,3.0,3788,young
0.800396657929046,10055.0,4.0,ds5,ds5_4,Mittleres Baumholz,Mittleres Baumholz_4,0.0,0.0,3.0,3.0,3.0,3.0,3789,not_young
0.821418850797648,10057.0,13.0,ds4,ds4_13,Schwaches Baumholz,Schwaches Baumholz_13,0.0,0.0,3.0,3.0,3.0,3.0,3790,not_young
1.318958706311928,10059.0,13.0,ds2,ds2_13,Jungwuchs/Dickung,Jungwuchs/Dickung_13,0.0,0.0,3.0,3.0,3.0,3.0,3791,young
1.237385906207125,10064.0,13.0,ds2,ds2_13,Jungwuchs/Dickung,Jungwuchs/Dickung_13,0.0,0.0,3.0,3.0,4.0,3.0,3792,young
1.022848385822427,10066.0,4.0,ds4,ds4_4,Schwaches Baumholz,Schwaches Baumholz_4,0.0,0.0,3.0,3.0,3.0,3.0,3793,not_young
6.555748057225308,10067.0,4.0,ds4,ds4_4,Schwaches Baumholz,Schwaches Baumholz_4,0.0,0.0,3.0,3.0,3.0,3.0,3794,not_young
1.253881467561983,10069.0,13.0,ds3,ds3_13,Stangenholz,Stangenholz_13,0.0,1.0,1.0,1.0,1.0,1.0,3795,not_young
0.578016514901188,10070.0,13.0,ds3,ds3_13,Stangenholz,Stangenholz_13,0.0,0.0,3.0,3.0,3.0,3.0,3796,not_young
0.73111340196766,10071.0,13.0,ds5,ds5_13,Mittleres Baumholz,Mittleres Baumholz_13,0.0,0.0,3.0,1.0,3.0,3.0,3797,not_young
1.417741446198543,10073.0,4.0,ds4,ds4_4,Schwaches Baumholz,Schwaches Baumholz_4,0.0,1.0,1.0,1.0,1.0,1.0,3798,not_young
0.72609719718704,10075.0,4.0,ds3,ds3_4,Stangenholz,Stangenholz_4,0.0,0.0,3.0,3.0,4.0,4.0,3799,not_young
0.687733554615546,10076.0,4.0,ds5,ds5_4,Mittleres Baumholz,Mittleres Baumholz_4,0.0,0.0,3.0,3.0,3.0,3.0,3800,not_young
0.563580933160242,10077.0,4.0,ds3,ds3_4,Stangenholz,Stangenholz_4,0.0,0.0,3.0,3.0,4.0,4.0,3801,not_young
0.551636965321749,10078.0,4.0,ds3,ds3_4,Stangenholz,Stangenholz_4,0.0,0.0,3.0,3.0,4.0,3.0,3802,not_young
0.958268321658601,10080.0,4.0,ds3,ds3_4,Stangenholz,Stangenholz_4,0.0,0.0,3.0,3.0,3.0,3.0,3803,not_young
0.998208342534397,10081.0,4.0,ds2,ds2_4,Jungwuchs/Dickung,Jungwuchs/Dickung_4,0.0,0.0,3.0,3.0,4.0,3.0,3804,young
0.5358859568974,10082.0,4.0,ds5,ds5_4,Mittleres Baumholz,Mittleres Baumholz_4,0.0,0.0,3.0,3.0,3.0,3.0,3805,not_young
0.759817536307313,10083.0,4.0,ds3,ds3_4,Stangenholz,Stangenholz_4,0.0,0.0,3.0,3.0,3.0,3.0,3806,not_young
0.606072124749073,10084.0,4.0,ds4,ds4_4,Schwaches Baumholz,Schwaches Baumholz_4,0.0,0.0,3.0,3.0,4.0,4.0,3807,not_young
1.14798057458704,10085.0,4.0,ds4,ds4_4,Schwaches Baumholz,Schwaches Baumholz_4,0.0,0.0,3.0,3.0,4.0,4.0,3808,not_young
1.412122198020015,10087.0,4.0,ds5,ds5_4,Mittleres Baumholz,Mittleres Baumholz_4,0.0,0.0,3.0,3.0,3.0,3.0,3809,not_young
0.562141099106381,10088.0,13.0,ds4,ds4_13,Schwaches Baumholz,Schwaches Baumholz_13,0.0,0.0,3.0,3.0,4.0,4.0,3810,not_young
0.775495425207156,10090.0,4.0,ds4,ds4_4,Schwaches Baumholz,Schwaches Baumholz_4,0.0,0.0,3.0,3.0,3.0,3.0,3811,not_young
0.897265965582477,10092.0,4.0,ds5,ds5_4,Mittleres Baumholz,Mittleres Baumholz_4,0.0,1.0,1.0,1.0,1.0,1.0,3812,not_young
0.529167076747224,10093.0,13.0,ds4,ds4_13,Schwaches Baumholz,Schwaches Baumholz_13,0.0,0.0,3.0,3.0,3.0,3.0,3813,not_young
0.582537753012747,10095.0,4.0,ds4,ds4_4,Schwaches Baumholz,Schwaches Baumholz_4,0.0,0.0,3.0,3.0,3.0,3.0,3814,not_young
1.566893112871354,10096.0,13.0,ds5,ds5_13,Mittleres Baumholz,Mittleres Baumholz_13,0.0,0.0,3.0,3.0,4.0,4.0,3815,not_young
3.050349161874841,10097.0,13.0,ds2,ds2_13,Jungwuchs/Dickung,Jungwuchs/Dickung_13,0.0,0.0,3.0,3.0,3.0,3.0,3816,young
0.880168798308796,10099.0,4.0,ds2,ds2_4,Jungwuchs/Dickung,Jungwuchs/Dickung_4,0.0,0.0,3.0,3.0,4.0,3.0,3817,young
0.609112279630266,10100.0,4.0,ds4,ds4_4,Schwaches Baumholz,Schwaches Baumholz_4,0.0,0.0,3.0,3.0,3.0,3.0,3818,not_young
1.498344783702441,10101.0,4.0,ds4,ds4_4,Schwaches Baumholz,Schwaches Baumholz_4,0.0,0.0,3.0,3.0,3.0,3.0,3819,not_young
0.546375422319677,10102.0,13.0,ds2,ds2_13,Jungwuchs/Dickung,Jungwuchs/Dickung_13,0.0,0.0,3.0,3.0,3.0,3.0,3820,young
1.518073285461493,10103.0,4.0,ds2,ds2_4,Jungwuchs/Dickung,Jungwuchs/Dickung_4,0.0,0.0,3.0,3.0,4.0,3.0,3821,young
0.521224959134171,10104.0,4.0,ds5,ds5_4,Mittleres Baumholz,Mittleres Baumholz_4,0.0,0.0,3.0,3.0,4.0,3.0,3822,not_young
1.296237282196031,10108.0,13.0,ds2,ds2_13,Jungwuchs/Dickung,Jungwuchs/Dickung_13,0.0,0.0,3.0,3.0,3.0,3.0,3823,young
1.36485634094443,10109.0,13.0,ds4,ds4_13,Schwaches Baumholz,Schwaches Baumholz_13,0.0,1.0,1.0,1.0,1.0,1.0,3824,not_young
1.144349099094747,10110.0,13.0,ds5,ds5_13,Mittleres Baumholz,Mittleres Baumholz_13,0.0,0.0,3.0,3.0,3.0,3.0,3825,not_young
1.071001649585366,10111.0,13.0,ds3,ds3_13,Stangenholz,Stangenholz_13,0.0,0.0,3.0,3.0,3.0,3.0,3826,not_young
1.539810513425319,10112.0,4.0,ds4,ds4_4,Schwaches Baumholz,Schwaches Baumholz_4,0.0,0.0,3.0,3.0,3.0,3.0,3827,not_young
0.621458382221195,10113.0,4.0,ds3,ds3_4,Stangenholz,Stangenholz_4,0.0,0.0,3.0,3.0,4.0,3.0,3828,not_young
0.72477364637171,10114.0,4.0,ds1,ds1_4,Jungwuchs/Dickung,Jungwuchs/Dickung_4,0.0,0.0,3.0,3.0,3.0,3.0,3829,young
1.83553275434915,10115.0,4.0,ds1,ds1_4,Jungwuchs/Dickung,Jungwuchs/Dickung_4,0.0,0.0,3.0,3.0,3.0,3.0,3830,young
0.962135387978982,10116.0,4.0,ds6,ds6_4,Starkes Baumholz,Starkes Baumholz_4,0.0,0.0,3.0,3.0,3.0,3.0,3831,not_young
1.264725464235037,10117.0,4.0,ds3,ds3_4,Stangenholz,Stangenholz_4,0.0,0.0,3.0,3.0,3.0,3.0,3832,not_young
0.724831916118599,10118.0,4.0,ds5,ds5_4,Mittleres Baumholz,Mittleres Baumholz_4,0.0,0.0,3.0,3.0,3.0,3.0,3833,not_young
1.089533936977608,10119.0,4.0,ds2,ds2_4,Jungwuchs/Dickung,Jungwuchs/Dickung_4,0.0,0.0,3.0,3.0,3.0,3.0,3834,young
4.554216192328266,10120.0,13.0,ds5,ds5_13,Mittleres Baumholz,Mittleres Baumholz_13,0.0,0.0,3.0,3.0,3.0,3.0,3835,not_young
1.149636200595205,10121.0,4.0,ds4,ds4_4,Schwaches Baumholz,Schwaches Baumholz_4,0.0,0.0,3.0,3.0,3.0,3.0,3836,not_young
1.474878954861499,10122.0,4.0,ds5,ds5_4,Mittleres Baumholz,Mittleres Baumholz_4,0.0,0.0,3.0,3.0,3.0,3.0,3837,not_young
3.299760472720806,10123.0,13.0,ds4,ds4_13,Schwaches Baumholz,Schwaches Baumholz_13,0.0,0.0,3.0,3.0,4.0,3.0,3838,not_young
1.402534450437169,10124.0,4.0,ds4,ds4_4,Schwaches Baumholz,Schwaches Baumholz_4,0.0,0.0,3.0,3.0,3.0,3.0,3839,not_young
1.675373154346831,10125.0,4.0,ds5,ds5_4,Mittleres Baumholz,Mittleres Baumholz_4,0.0,0.0,3.0,3.0,3.0,3.0,3840,not_young
1.306599730408332,10126.0,13.0,ds5,ds5_13,Mittleres Baumholz,Mittleres Baumholz_13,0.0,0.0,3.0,3.0,3.0,3.0,3841,not_young
0.795477737455373,10128.0,4.0,ds2,ds2_4,Jungwuchs/Dickung,Jungwuchs/Dickung_4,0.0,0.0,3.0,3.0,3.0,3.0,3842,young
1.126583182549919,10129.0,4.0,ds2,ds2_4,Jungwuchs/Dickung,Jungwuchs/Dickung_4,0.0,0.0,3.0,3.0,3.0,3.0,3843,young
1.178646270258981,10133.0,4.0,ds3,ds3_4,Stangenholz,Stangenholz_4,0.0,1.0,1.0,1.0,1.0,1.0,3844,not_young
0.906912762709381,10134.0,4.0,ds4,ds4_4,Schwaches Baumholz,Schwaches Baumholz_4,0.0,1.0,1.0,1.0,1.0,1.0,3845,not_young
1.739166737171903,10135.0,4.0,ds1,ds1_4,Jungwuchs/Dickung,Jungwuchs/Dickung_4,0.0,1.0,1.0,1.0,1.0,1.0,3846,young
0.693528274445795,10136.0,13.0,ds6,ds6_13,Starkes Baumholz,Starkes Baumholz_13,0.0,0.0,3.0,3.0,4.0,4.0,3847,not_young
0.605268208556436,10140.0,13.0,ds1,ds1_13,Jungwuchs/Dickung,Jungwuchs/Dickung_13,0.0,0.0,3.0,3.0,3.0,3.0,3848,young
1.393888883308182,10141.0,13.0,ds6,ds6_13,Starkes Baumholz,Starkes Baumholz_13,0.0,0.0,3.0,3.0,4.0,4.0,3849,not_young
1.671123065473791,10142.0,13.0,ds2,ds2_13,Jungwuchs/Dickung,Jungwuchs/Dickung_13,0.0,0.0,3.0,3.0,4.0,3.0,3850,young
0.64827513555272,10143.0,4.0,ds4,ds4_4,Schwaches Baumholz,Schwaches Baumholz_4,0.0,1.0,1.0,1.0,1.0,1.0,3851,not_young
1.310104099634447,10145.0,13.0,ds4,ds4_13,Schwaches Baumholz,Schwaches Baumholz_13,0.0,0.0,3.0,3.0,3.0,3.0,3852,not_young
3.348599156784406,10146.0,13.0,ds5,ds5_13,Mittleres Baumholz,Mittleres Baumholz_13,0.0,0.0,3.0,1.0,3.0,3.0,3853,not_young
1.287086581772924,10147.0,13.0,ds2,ds2_13,Jungwuchs/Dickung,Jungwuchs/Dickung_13,0.0,1.0,1.0,1.0,1.0,1.0,3854,young
1.076676950556319,10148.0,4.0,ds3,ds3_4,Stangenholz,Stangenholz_4,0.0,1.0,1.0,1.0,1.0,1.0,3855,not_young
3.092503707621712,10149.0,13.0,ds5,ds5_13,Mittleres Baumholz,Mittleres Baumholz_13,0.0,0.0,3.0,3.0,3.0,3.0,3856,not_young
2.231510129908985,10150.0,4.0,ds4,ds4_4,Schwaches Baumholz,Schwaches Baumholz_4,0.0,1.0,1.0,1.0,1.0,1.0,3857,not_young
1.377261986637022,10151.0,13.0,ds2,ds2_13,Jungwuchs/Dickung,Jungwuchs/Dickung_13,0.0,0.0,3.0,3.0,3.0,3.0,3858,young
1.746187179295397,10153.0,13.0,ds5,ds5_13,Mittleres Baumholz,Mittleres Baumholz_13,0.0,0.0,3.0,3.0,4.0,4.0,3859,not_young
1.340900489144237,10154.0,13.0,ds3,ds3_13,Stangenholz,Stangenholz_13,0.0,0.0,3.0,3.0,3.0,3.0,3860,not_young
0.709994812268671,10155.0,4.0,ds5,ds5_4,Mittleres Baumholz,Mittleres Baumholz_4,0.0,1.0,1.0,1.0,1.0,1.0,3861,not_young
3.505627944840247,10156.0,4.0,ds3,ds3_4,Stangenholz,Stangenholz_4,0.0,1.0,1.0,1.0,1.0,1.0,3862,not_young
1.938939308882214,10157.0,13.0,ds3,ds3_13,Stangenholz,Stangenholz_13,0.0,0.0,3.0,3.0,3.0,3.0,3863,not_young
0.889308158926293,10162.0,13.0,ds4,ds4_13,Schwaches Baumholz,Schwaches Baumholz_13,0.0,0.0,3.0,3.0,3.0,3.0,3864,not_young
0.914412555695837,10164.0,4.0,ds5,ds5_4,Mittleres Baumholz,Mittleres Baumholz_4,0.0,0.0,3.0,3.0,4.0,3.0,3865,not_young
1.734746478172368,10166.0,13.0,ds5,ds5_13,Mittleres Baumholz,Mittleres Baumholz_13,0.0,0.0,3.0,3.0,3.0,3.0,3866,not_young
0.57592036959175,10180.0,4.0,ds2,ds2_4,Jungwuchs/Dickung,Jungwuchs/Dickung_4,0.0,1.0,1.0,1.0,3.0,3.0,3867,young
0.998590068793297,10182.0,4.0,ds3,ds3_4,Stangenholz,Stangenholz_4,0.0,1.0,1.0,1.0,3.0,3.0,3868,not_young
0.815308605177701,10185.0,4.0,ds1,ds1_4,Jungwuchs/Dickung,Jungwuchs/Dickung_4,0.0,1.0,1.0,1.0,3.0,3.0,3869,young
0.518587671278231,10187.0,4.0,ds1,ds1_4,Jungwuchs/Dickung,Jungwuchs/Dickung_4,0.0,0.0,3.0,3.0,3.0,3.0,3870,young
0.983387658823561,10194.0,4.0,ds1,ds1_4,Jungwuchs/Dickung,Jungwuchs/Dickung_4,0.0,1.0,1.0,1.0,3.0,3.0,3871,young
0.62384007204778,10195.0,4.0,ds1,ds1_4,Jungwuchs/Dickung,Jungwuchs/Dickung_4,0.0,1.0,1.0,1.0,3.0,3.0,3872,young
0.70518342436105,10202.0,4.0,ds2,ds2_4,Jungwuchs/Dickung,Jungwuchs/Dickung_4,0.0,1.0,1.0,1.0,3.0,3.0,3873,young
2.054440101054357,10203.0,4.0,ds1,ds1_4,Jungwuchs/Dickung,Jungwuchs/Dickung_4,0.0,1.0,1.0,1.0,3.0,3.0,3874,young
0.639521368212253,10207.0,4.0,ds1,ds1_4,Jungwuchs/Dickung,Jungwuchs/Dickung_4,0.0,1.0,1.0,1.0,3.0,3.0,3875,young
0.509265323675307,10209.0,4.0,ds1,ds1_4,Jungwuchs/Dickung,Jungwuchs/Dickung_4,0.0,1.0,1.0,1.0,3.0,3.0,3876,young
0.784032713070698,10211.0,4.0,ds1,ds1_4,Jungwuchs/Dickung,Jungwuchs/Dickung_4,0.0,1.0,1.0,1.0,3.0,3.0,3877,young
0.684815393277619,10214.0,4.0,ds1,ds1_4,Jungwuchs/Dickung,Jungwuchs/Dickung_4,0.0,1.0,1.0,1.0,3.0,3.0,3878,young
1.019054594952427,10225.0,4.0,ds4,ds4_4,Schwaches Baumholz,Schwaches Baumholz_4,0.0,0.0,3.0,3.0,3.0,3.0,3879,not_young
0.500944511653017,10227.0,4.0,ds1,ds1_4,Jungwuchs/Dickung,Jungwuchs/Dickung_4,0.0,1.0,1.0,1.0,3.0,3.0,3880,young
1.057924786214525,10231.0,4.0,ds4,ds4_4,Schwaches Baumholz,Schwaches Baumholz_4,0.0,1.0,1.0,1.0,1.0,1.0,3881,not_young
0.522627063940186,10239.0,13.0,ds2,ds2_13,Jungwuchs/Dickung,Jungwuchs/Dickung_13,0.0,0.0,3.0,3.0,4.0,4.0,3882,young
0.857334006508719,10240.0,4.0,ds4,ds4_4,Schwaches Baumholz,Schwaches Baumholz_4,0.0,0.0,3.0,3.0,3.0,3.0,3883,not_young
1.583047946791741,10243.0,4.0,ds2,ds2_4,Jungwuchs/Dickung,Jungwuchs/Dickung_4,0.0,0.0,3.0,3.0,4.0,3.0,3884,young
2.132554238968995,10244.0,13.0,ds1,ds1_13,Jungwuchs/Dickung,Jungwuchs/Dickung_13,0.0,0.0,3.0,3.0,3.0,3.0,3885,young
0.668602694908793,10246.0,4.0,ds1,ds1_4,Jungwuchs/Dickung,Jungwuchs/Dickung_4,0.0,0.0,3.0,3.0,3.0,3.0,3886,young
1.089761451992812,10247.0,13.0,ds1,ds1_13,Jungwuchs/Dickung,Jungwuchs/Dickung_13,0.0,0.0,3.0,3.0,4.0,4.0,3887,young
0.802083749415726,10250.0,4.0,ds5,ds5_4,Mittleres Baumholz,Mittleres Baumholz_4,0.0,1.0,1.0,1.0,3.0,3.0,3888,not_young
0.546301506380411,10251.0,4.0,ds6,ds6_4,Starkes Baumholz,Starkes Baumholz_4,0.0,1.0,1.0,1.0,3.0,3.0,3889,not_young
2.457402127909602,10252.0,4.0,ds1,ds1_4,Jungwuchs/Dickung,Jungwuchs/Dickung_4,0.0,1.0,1.0,1.0,3.0,3.0,3890,young
0.745973561004549,10253.0,4.0,ds2,ds2_4,Jungwuchs/Dickung,Jungwuchs/Dickung_4,0.0,1.0,1.0,1.0,3.0,3.0,3891,young
0.603774620258669,10254.0,4.0,ds1,ds1_4,Jungwuchs/Dickung,Jungwuchs/Dickung_4,0.0,1.0,1.0,1.0,3.0,3.0,3892,young
0.79916854139138,10255.0,4.0,ds3,ds3_4,Stangenholz,Stangenholz_4,0.0,1.0,1.0,1.0,3.0,3.0,3893,not_young
1.710179693031306,10257.0,4.0,ds5,ds5_4,Mittleres Baumholz,Mittleres Baumholz_4,0.0,1.0,1.0,1.0,3.0,3.0,3894,not_young
1.151766102165217,10258.0,4.0,ds6,ds6_4,Starkes Baumholz,Starkes Baumholz_4,0.0,1.0,1.0,1.0,3.0,3.0,3895,not_young
0.512078468583059,10262.0,4.0,ds2,ds2_4,Jungwuchs/Dickung,Jungwuchs/Dickung_4,0.0,1.0,1.0,1.0,3.0,3.0,3896,young
2.752582283672691,10263.0,4.0,ds2,ds2_4,Jungwuchs/Dickung,Jungwuchs/Dickung_4,0.0,0.0,3.0,3.0,3.0,3.0,3897,young
0.82527343562278,10264.0,4.0,ds5,ds5_4,Mittleres Baumholz,Mittleres Baumholz_4,0.0,0.0,3.0,3.0,4.0,3.0,3898,not_young
0.593487378591608,10265.0,4.0,ds4,ds4_4,Schwaches Baumholz,Schwaches Baumholz_4,0.0,0.0,3.0,3.0,4.0,3.0,3899,not_young
1.893121701063705,10266.0,13.0,ds4,ds4_13,Schwaches Baumholz,Schwaches Baumholz_13,0.0,0.0,3.0,3.0,4.0,4.0,3900,not_young
2.141049234968517,10267.0,13.0,ds3,ds3_13,Stangenholz,Stangenholz_13,0.0,0.0,3.0,3.0,3.0,3.0,3901,not_young
2.937916309131263,10268.0,13.0,ds1,ds1_13,Jungwuchs/Dickung,Jungwuchs/Dickung_13,0.0,0.0,3.0,3.0,4.0,4.0,3902,young
0.555809726411896,10269.0,4.0,ds5,ds5_4,Mittleres Baumholz,Mittleres Baumholz_4,0.0,0.0,3.0,3.0,3.0,3.0,3903,not_young
0.754752309260052,10270.0,4.0,ds4,ds4_4,Schwaches Baumholz,Schwaches Baumholz_4,0.0,0.0,3.0,3.0,4.0,3.0,3904,not_young
1.488633202716499,10271.0,13.0,ds1,ds1_13,Jungwuchs/Dickung,Jungwuchs/Dickung_13,0.0,0.0,3.0,3.0,3.0,3.0,3905,young
0.96987595887105,10273.0,13.0,ds2,ds2_13,Jungwuchs/Dickung,Jungwuchs/Dickung_13,0.0,0.0,3.0,3.0,4.0,3.0,3906,young
0.536261085338472,10274.0,4.0,ds2,ds2_4,Jungwuchs/Dickung,Jungwuchs/Dickung_4,0.0,1.0,1.0,1.0,3.0,3.0,3907,young
0.624830103523331,10276.0,4.0,ds5,ds5_4,Mittleres Baumholz,Mittleres Baumholz_4,0.0,1.0,1.0,1.0,3.0,3.0,3908,not_young
1.207349230350927,10277.0,4.0,ds6,ds6_4,Starkes Baumholz,Starkes Baumholz_4,0.0,0.0,3.0,3.0,3.0,3.0,3909,not_young
0.78532771735834,10279.0,4.0,ds1,ds1_4,Jungwuchs/Dickung,Jungwuchs/Dickung_4,0.0,1.0,1.0,1.0,3.0,3.0,3910,young
1.012590526203322,10280.0,4.0,ds6,ds6_4,Starkes Baumholz,Starkes Baumholz_4,0.0,1.0,1.0,1.0,3.0,3.0,3911,not_young
0.627791917619878,10282.0,4.0,ds3,ds3_4,Stangenholz,Stangenholz_4,0.0,1.0,1.0,1.0,3.0,3.0,3912,not_young
0.880731936192396,10284.0,4.0,ds5,ds5_4,Mittleres Baumholz,Mittleres Baumholz_4,0.0,1.0,1.0,1.0,3.0,3.0,3913,not_young
0.826071198264614,10285.0,4.0,ds3,ds3_4,Stangenholz,Stangenholz_4,0.0,1.0,1.0,1.0,3.0,3.0,3914,not_young
1.258361039985204,10286.0,4.0,ds4,ds4_4,Schwaches Baumholz,Schwaches Baumholz_4,0.0,1.0,1.0,1.0,3.0,3.0,3915,not_young
1.574883772852272,10290.0,4.0,ds5,ds5_4,Mittleres Baumholz,Mittleres Baumholz_4,0.0,1.0,1.0,1.0,3.0,3.0,3916,not_young
0.829182005809061,10293.0,4.0,ds4,ds4_4,Schwaches Baumholz,Schwaches Baumholz_4,0.0,1.0,1.0,1.0,3.0,3.0,3917,not_young
0.639765970677592,10294.0,4.0,ds4,ds4_4,Schwaches Baumholz,Schwaches Baumholz_4,0.0,1.0,1.0,1.0,3.0,3.0,3918,not_young
1.505237859673992,10299.0,4.0,ds1,ds1_4,Jungwuchs/Dickung,Jungwuchs/Dickung_4,0.0,1.0,1.0,1.0,3.0,3.0,3919,young
0.593450545244245,10302.0,4.0,ds5,ds5_4,Mittleres Baumholz,Mittleres Baumholz_4,0.0,0.0,3.0,3.0,3.0,3.0,3920,not_young
0.503072034432646,10306.0,4.0,ds4,ds4_4,Schwaches Baumholz,Schwaches Baumholz_4,0.0,1.0,1.0,1.0,3.0,3.0,3921,not_young
0.607055979765207,10313.0,4.0,ds2,ds2_4,Jungwuchs/Dickung,Jungwuchs/Dickung_4,0.0,0.0,3.0,3.0,4.0,3.0,3922,young
0.970336683402117,10314.0,13.0,ds3,ds3_13,Stangenholz,Stangenholz_13,0.0,0.0,3.0,3.0,3.0,3.0,3923,not_young
0.610658768548619,10315.0,4.0,ds3,ds3_4,Stangenholz,Stangenholz_4,0.0,0.0,3.0,3.0,4.0,4.0,3924,not_young
3.438251650063135,10316.0,13.0,ds3,ds3_13,Stangenholz,Stangenholz_13,0.0,0.0,3.0,3.0,3.0,3.0,3925,not_young
1.277859464477841,10318.0,13.0,ds2,ds2_13,Jungwuchs/Dickung,Jungwuchs/Dickung_13,0.0,0.0,3.0,3.0,4.0,4.0,3926,young
1.428114369076863,10320.0,4.0,ds3,ds3_4,Stangenholz,Stangenholz_4,0.0,0.0,3.0,3.0,4.0,3.0,3927,not_young
0.518031234762818,10321.0,4.0,ds3,ds3_4,Stangenholz,Stangenholz_4,0.0,0.0,3.0,3.0,3.0,3.0,3928,not_young
1.19879960637209,10322.0,13.0,ds2,ds2_13,Jungwuchs/Dickung,Jungwuchs/Dickung_13,0.0,0.0,3.0,3.0,4.0,4.0,3929,young
0.58944173154128,10323.0,4.0,ds1,ds1_4,Jungwuchs/Dickung,Jungwuchs/Dickung_4,0.0,0.0,3.0,1.0,3.0,3.0,3930,young
0.661799360981211,10324.0,4.0,ds3,ds3_4,Stangenholz,Stangenholz_4,0.0,0.0,3.0,3.0,3.0,3.0,3931,not_young
1.065417045768907,10325.0,4.0,ds3,ds3_4,Stangenholz,Stangenholz_4,0.0,0.0,3.0,3.0,3.0,3.0,3932,not_young
0.687451655649883,10326.0,13.0,ds5,ds5_13,Mittleres Baumholz,Mittleres Baumholz_13,0.0,0.0,3.0,3.0,4.0,3.0,3933,not_young
0.608782619266072,10327.0,13.0,ds3,ds3_13,Stangenholz,Stangenholz_13,0.0,0.0,3.0,3.0,3.0,3.0,3934,not_young
2.43507480940456,10328.0,4.0,ds5,ds5_4,Mittleres Baumholz,Mittleres Baumholz_4,0.0,1.0,1.0,1.0,1.0,1.0,3935,not_young
0.671424629502507,10329.0,4.0,ds6,ds6_4,Starkes Baumholz,Starkes Baumholz_4,0.0,1.0,1.0,1.0,3.0,3.0,3936,not_young
0.980176317114313,10331.0,4.0,ds2,ds2_4,Jungwuchs/Dickung,Jungwuchs/Dickung_4,0.0,1.0,1.0,1.0,3.0,3.0,3937,young
1.852124044790229,10334.0,4.0,ds2,ds2_4,Jungwuchs/Dickung,Jungwuchs/Dickung_4,0.0,0.0,3.0,3.0,3.0,3.0,3938,young
1.33385093534186,10336.0,4.0,ds3,ds3_4,Stangenholz,Stangenholz_4,0.0,1.0,1.0,1.0,3.0,3.0,3939,not_young
4.323793973288895,10337.0,4.0,ds1,ds1_4,Jungwuchs/Dickung,Jungwuchs/Dickung_4,0.0,1.0,1.0,1.0,3.0,3.0,3940,young
2.165151581396558,10338.0,4.0,ds1,ds1_4,Jungwuchs/Dickung,Jungwuchs/Dickung_4,0.0,1.0,1.0,1.0,3.0,3.0,3941,young
3.379443017520989,10339.0,4.0,ds1,ds1_4,Jungwuchs/Dickung,Jungwuchs/Dickung_4,0.0,0.0,3.0,3.0,4.0,4.0,3942,young
14.991607848795423,10340.0,4.0,ds6,ds6_4,Starkes Baumholz,Starkes Baumholz_4,0.0,1.0,1.0,1.0,3.0,3.0,3943,not_young
0.782089383983519,10341.0,4.0,ds3,ds3_4,Stangenholz,Stangenholz_4,0.0,1.0,1.0,1.0,3.0,3.0,3944,not_young
0.899820730736107,10342.0,4.0,ds6,ds6_4,Starkes Baumholz,Starkes Baumholz_4,0.0,1.0,1.0,1.0,3.0,3.0,3945,not_young
0.69804452840758,10343.0,4.0,ds3,ds3_4,Stangenholz,Stangenholz_4,0.0,1.0,1.0,1.0,3.0,3.0,3946,not_young
6.143122373098404,10344.0,4.0,ds6,ds6_4,Starkes Baumholz,Starkes Baumholz_4,0.0,1.0,1.0,1.0,3.0,3.0,3947,not_young
1.608937686340268,10346.0,4.0,ds5,ds5_4,Mittleres Baumholz,Mittleres Baumholz_4,0.0,1.0,1.0,1.0,3.0,3.0,3948,not_young
0.773824700507615,10349.0,4.0,ds3,ds3_4,Stangenholz,Stangenholz_4,0.0,0.0,3.0,3.0,3.0,3.0,3949,not_young
1.156237368099578,10352.0,4.0,ds3,ds3_4,Stangenholz,Stangenholz_4,0.0,1.0,1.0,1.0,3.0,3.0,3950,not_young
0.583736278312036,10353.0,4.0,ds6,ds6_4,Starkes Baumholz,Starkes Baumholz_4,0.0,1.0,1.0,1.0,3.0,3.0,3951,not_young
6.87754781454539,10355.0,4.0,ds1,ds1_4,Jungwuchs/Dickung,Jungwuchs/Dickung_4,0.0,1.0,1.0,1.0,3.0,3.0,3952,young
0.898799215731397,10357.0,4.0,ds6,ds6_4,Starkes Baumholz,Starkes Baumholz_4,0.0,0.0,3.0,3.0,4.0,3.0,3953,not_young
0.78043863923715,10358.0,4.0,ds4,ds4_4,Schwaches Baumholz,Schwaches Baumholz_4,0.0,0.0,3.0,3.0,4.0,3.0,3954,not_young
0.703152910459973,10361.0,4.0,ds3,ds3_4,Stangenholz,Stangenholz_4,0.0,1.0,1.0,1.0,3.0,3.0,3955,not_young
0.690716776029024,10366.0,4.0,ds5,ds5_4,Mittleres Baumholz,Mittleres Baumholz_4,0.0,1.0,1.0,1.0,3.0,3.0,3956,not_young
1.323317722778674,10367.0,4.0,ds4,ds4_4,Schwaches Baumholz,Schwaches Baumholz_4,0.0,1.0,1.0,1.0,3.0,3.0,3957,not_young
1.353916626315192,10368.0,4.0,ds3,ds3_4,Stangenholz,Stangenholz_4,0.0,1.0,1.0,1.0,3.0,3.0,3958,not_young
0.666290852860641,10369.0,4.0,ds3,ds3_4,Stangenholz,Stangenholz_4,0.0,1.0,1.0,1.0,3.0,3.0,3959,not_young
0.52332980947732,10372.0,4.0,ds4,ds4_4,Schwaches Baumholz,Schwaches Baumholz_4,0.0,0.0,3.0,3.0,4.0,3.0,3960,not_young
1.733693980356772,10373.0,4.0,ds1,ds1_4,Jungwuchs/Dickung,Jungwuchs/Dickung_4,0.0,1.0,1.0,1.0,3.0,3.0,3961,young
0.538167333153449,10374.0,4.0,ds5,ds5_4,Mittleres Baumholz,Mittleres Baumholz_4,0.0,1.0,1.0,1.0,3.0,3.0,3962,not_young
0.547473870873358,10375.0,13.0,ds5,ds5_13,Mittleres Baumholz,Mittleres Baumholz_13,0.0,0.0,3.0,3.0,4.0,3.0,3963,not_young
2.487972636050079,10376.0,4.0,ds5,ds5_4,Mittleres Baumholz,Mittleres Baumholz_4,0.0,1.0,1.0,1.0,3.0,3.0,3964,not_young
0.613489350819818,10377.0,4.0,ds5,ds5_4,Mittleres Baumholz,Mittleres Baumholz_4,0.0,1.0,1.0,1.0,3.0,3.0,3965,not_young
0.818487226284225,10378.0,4.0,ds2,ds2_4,Jungwuchs/Dickung,Jungwuchs/Dickung_4,0.0,1.0,1.0,1.0,3.0,3.0,3966,young
2.237579754934562,10379.0,4.0,ds2,ds2_4,Jungwuchs/Dickung,Jungwuchs/Dickung_4,0.0,0.0,3.0,1.0,4.0,4.0,3967,young
1.564723729588836,10380.0,4.0,ds2,ds2_4,Jungwuchs/Dickung,Jungwuchs/Dickung_4,0.0,1.0,1.0,1.0,3.0,3.0,3968,young
1.061563522425681,10381.0,4.0,ds5,ds5_4,Mittleres Baumholz,Mittleres Baumholz_4,0.0,0.0,3.0,3.0,3.0,3.0,3969,not_young
0.971748534223624,10382.0,4.0,ds5,ds5_4,Mittleres Baumholz,Mittleres Baumholz_4,0.0,1.0,1.0,1.0,3.0,3.0,3970,not_young
1.063762653444195,10383.0,4.0,ds4,ds4_4,Schwaches Baumholz,Schwaches Baumholz_4,0.0,1.0,1.0,1.0,3.0,3.0,3971,not_young
2.828184047775669,10384.0,4.0,ds2,ds2_4,Jungwuchs/Dickung,Jungwuchs/Dickung_4,0.0,0.0,3.0,3.0,4.0,3.0,3972,young
3.130243897006865,10385.0,4.0,ds5,ds5_4,Mittleres Baumholz,Mittleres Baumholz_4,0.0,1.0,1.0,1.0,3.0,3.0,3973,not_young
3.829717674020954,10386.0,4.0,ds5,ds5_4,Mittleres Baumholz,Mittleres Baumholz_4,0.0,1.0,1.0,1.0,3.0,3.0,3974,not_young
1.33817164099887,10387.0,4.0,ds3,ds3_4,Stangenholz,Stangenholz_4,0.0,1.0,1.0,1.0,3.0,3.0,3975,not_young
0.979700266590901,10388.0,4.0,ds1,ds1_4,Jungwuchs/Dickung,Jungwuchs/Dickung_4,0.0,1.0,1.0,1.0,3.0,3.0,3976,young
0.822462307909085,10389.0,4.0,ds4,ds4_4,Schwaches Baumholz,Schwaches Baumholz_4,0.0,1.0,1.0,1.0,3.0,3.0,3977,not_young
3.078455274244771,10390.0,4.0,ds6,ds6_4,Starkes Baumholz,Starkes Baumholz_4,0.0,1.0,1.0,1.0,3.0,3.0,3978,not_young
0.993287132852478,10391.0,4.0,ds6,ds6_4,Starkes Baumholz,Starkes Baumholz_4,0.0,0.0,3.0,3.0,4.0,3.0,3979,not_young
0.508040932741528,10393.0,4.0,ds4,ds4_4,Schwaches Baumholz,Schwaches Baumholz_4,0.0,0.0,3.0,3.0,3.0,3.0,3980,not_young
0.810044679771632,10394.0,4.0,ds3,ds3_4,Stangenholz,Stangenholz_4,0.0,1.0,1.0,1.0,3.0,3.0,3981,not_young
3.560218428640603,10396.0,4.0,ds6,ds6_4,Starkes Baumholz,Starkes Baumholz_4,0.0,1.0,1.0,1.0,3.0,3.0,3982,not_young
0.83757961422652,10399.0,4.0,ds4,ds4_4,Schwaches Baumholz,Schwaches Baumholz_4,0.0,0.0,3.0,3.0,3.0,3.0,3983,not_young
0.502758833107445,10405.0,4.0,ds1,ds1_4,Jungwuchs/Dickung,Jungwuchs/Dickung_4,0.0,0.0,3.0,3.0,4.0,3.0,3984,young
0.706282405263558,10411.0,4.0,ds5,ds5_4,Mittleres Baumholz,Mittleres Baumholz_4,0.0,0.0,3.0,3.0,3.0,3.0,3985,not_young
0.721901164577436,10412.0,4.0,ds6,ds6_4,Starkes Baumholz,Starkes Baumholz_4,0.0,0.0,3.0,3.0,4.0,3.0,3986,not_young
0.933589051505737,10415.0,13.0,ds4,ds4_13,Schwaches Baumholz,Schwaches Baumholz_13,0.0,0.0,3.0,3.0,3.0,3.0,3987,not_young
1.601096827201359,10416.0,13.0,ds3,ds3_13,Stangenholz,Stangenholz_13,0.0,0.0,3.0,3.0,4.0,3.0,3988,not_young
0.739566818642058,10418.0,13.0,ds1,ds1_13,Jungwuchs/Dickung,Jungwuchs/Dickung_13,0.0,0.0,3.0,3.0,3.0,3.0,3989,young
0.871504442157783,10419.0,13.0,ds4,ds4_13,Schwaches Baumholz,Schwaches Baumholz_13,0.0,0.0,3.0,3.0,4.0,3.0,3990,not_young
0.836628133546095,10420.0,13.0,ds1,ds1_13,Jungwuchs/Dickung,Jungwuchs/Dickung_13,0.0,0.0,3.0,3.0,3.0,3.0,3991,young
0.600348630638119,10424.0,13.0,ds3,ds3_13,Stangenholz,Stangenholz_13,0.0,0.0,3.0,1.0,3.0,3.0,3992,not_young
0.673841811956093,10431.0,4.0,ds3,ds3_4,Stangenholz,Stangenholz_4,0.0,1.0,1.0,1.0,1.0,1.0,3993,not_young
0.927059701608028,10435.0,4.0,ds5,ds5_4,Mittleres Baumholz,Mittleres Baumholz_4,0.0,0.0,3.0,3.0,3.0,3.0,3994,not_young
0.627414086153917,10437.0,13.0,ds1,ds1_13,Jungwuchs/Dickung,Jungwuchs/Dickung_13,0.0,0.0,3.0,3.0,3.0,3.0,3995,young
0.65811313228631,10438.0,13.0,ds1,ds1_13,Jungwuchs/Dickung,Jungwuchs/Dickung_13,0.0,0.0,3.0,3.0,3.0,3.0,3996,young
0.534737636146136,10439.0,4.0,ds1,ds1_4,Jungwuchs/Dickung,Jungwuchs/Dickung_4,0.0,0.0,3.0,3.0,3.0,3.0,3997,young
0.957995843581064,10440.0,4.0,ds1,ds1_4,Jungwuchs/Dickung,Jungwuchs/Dickung_4,0.0,0.0,3.0,3.0,3.0,3.0,3998,young
0.513281244619365,10445.0,4.0,ds1,ds1_4,Jungwuchs/Dickung,Jungwuchs/Dickung_4,0.0,0.0,3.0,3.0,4.0,4.0,3999,young
0.732374713557214,10448.0,4.0,ds4,ds4_4,Schwaches Baumholz,Schwaches Baumholz_4,0.0,1.0,1.0,1.0,1.0,1.0,4000,not_young
0.569260239071632,10449.0,4.0,ds1,ds1_4,Jungwuchs/Dickung,Jungwuchs/Dickung_4,0.0,0.0,3.0,3.0,3.0,3.0,4001,young
0.512789943889249,10451.0,4.0,ds4,ds4_4,Schwaches Baumholz,Schwaches Baumholz_4,0.0,0.0,3.0,3.0,3.0,3.0,4002,not_young
0.717417998079024,10453.0,4.0,ds6,ds6_4,Starkes Baumholz,Starkes Baumholz_4,0.0,0.0,3.0,3.0,3.0,3.0,4003,not_young
0.664885113358777,10456.0,13.0,ds3,ds3_13,Stangenholz,Stangenholz_13,0.0,0.0,3.0,3.0,4.0,3.0,4004,not_young
0.609681965810061,10458.0,13.0,ds2,ds2_13,Jungwuchs/Dickung,Jungwuchs/Dickung_13,0.0,0.0,3.0,3.0,4.0,3.0,4005,young
1.763948417639337,10461.0,4.0,ds2,ds2_4,Jungwuchs/Dickung,Jungwuchs/Dickung_4,0.0,0.0,3.0,3.0,3.0,3.0,4006,young
0.647733202759223,10463.0,4.0,ds2,ds2_4,Jungwuchs/Dickung,Jungwuchs/Dickung_4,0.0,0.0,3.0,3.0,3.0,3.0,4007,young
1.245438509531715,10464.0,4.0,ds5,ds5_4,Mittleres Baumholz,Mittleres Baumholz_4,0.0,0.0,3.0,3.0,4.0,3.0,4008,not_young
0.924421403810205,10465.0,13.0,ds2,ds2_13,Jungwuchs/Dickung,Jungwuchs/Dickung_13,0.0,0.0,3.0,3.0,3.0,3.0,4009,young
0.542480074746162,10468.0,4.0,ds2,ds2_4,Jungwuchs/Dickung,Jungwuchs/Dickung_4,0.0,0.0,3.0,3.0,3.0,3.0,4010,young
1.055537713358924,10469.0,4.0,ds2,ds2_4,Jungwuchs/Dickung,Jungwuchs/Dickung_4,0.0,0.0,3.0,3.0,3.0,3.0,4011,young
2.308422632443172,10471.0,13.0,ds2,ds2_13,Jungwuchs/Dickung,Jungwuchs/Dickung_13,0.0,0.0,3.0,3.0,4.0,3.0,4012,young
1.746787077903864,10473.0,13.0,ds2,ds2_13,Jungwuchs/Dickung,Jungwuchs/Dickung_13,0.0,0.0,3.0,3.0,3.0,3.0,4013,young
0.89925411770561,10475.0,4.0,ds3,ds3_4,Stangenholz,Stangenholz_4,0.0,0.0,3.0,3.0,3.0,3.0,4014,not_young
0.789349587804335,10479.0,4.0,ds5,ds5_4,Mittleres Baumholz,Mittleres Baumholz_4,0.0,0.0,3.0,3.0,3.0,3.0,4015,not_young
0.859073157874565,10480.0,4.0,ds1,ds1_4,Jungwuchs/Dickung,Jungwuchs/Dickung_4,0.0,0.0,3.0,3.0,3.0,3.0,4016,young
1.09700666332827,10482.0,4.0,ds3,ds3_4,Stangenholz,Stangenholz_4,0.0,0.0,3.0,3.0,4.0,3.0,4017,not_young
0.908023898215592,10484.0,4.0,ds4,ds4_4,Schwaches Baumholz,Schwaches Baumholz_4,0.0,0.0,3.0,3.0,3.0,3.0,4018,not_young
2.97206034524478,10485.0,4.0,ds5,ds5_4,Mittleres Baumholz,Mittleres Baumholz_4,0.0,0.0,3.0,3.0,4.0,3.0,4019,not_young
1.353285332466336,10486.0,4.0,ds5,ds5_4,Mittleres Baumholz,Mittleres Baumholz_4,0.0,0.0,3.0,3.0,4.0,3.0,4020,not_young
0.960504959277576,10487.0,4.0,ds3,ds3_4,Stangenholz,Stangenholz_4,0.0,0.0,3.0,3.0,3.0,3.0,4021,not_young
0.715003503012657,10489.0,13.0,ds4,ds4_13,Schwaches Baumholz,Schwaches Baumholz_13,0.0,0.0,3.0,3.0,3.0,3.0,4022,not_young
1.962963575133146,10490.0,4.0,ds5,ds5_4,Mittleres Baumholz,Mittleres Baumholz_4,0.0,0.0,3.0,3.0,3.0,3.0,4023,not_young
0.807039376804326,10491.0,13.0,ds3,ds3_13,Stangenholz,Stangenholz_13,0.0,0.0,3.0,3.0,3.0,3.0,4024,not_young
1.240085507708276,10492.0,13.0,ds2,ds2_13,Jungwuchs/Dickung,Jungwuchs/Dickung_13,0.0,0.0,3.0,1.0,4.0,3.0,4025,young
0.907924989202712,10493.0,4.0,ds6,ds6_4,Starkes Baumholz,Starkes Baumholz_4,0.0,0.0,3.0,1.0,3.0,3.0,4026,not_young
1.068438576857932,10494.0,4.0,ds4,ds4_4,Schwaches Baumholz,Schwaches Baumholz_4,0.0,0.0,3.0,3.0,3.0,3.0,4027,not_young
0.753277981237322,10495.0,4.0,ds4,ds4_4,Schwaches Baumholz,Schwaches Baumholz_4,0.0,1.0,1.0,1.0,1.0,1.0,4028,not_young
0.659243455300154,10496.0,13.0,ds4,ds4_13,Schwaches Baumholz,Schwaches Baumholz_13,0.0,0.0,3.0,3.0,3.0,3.0,4029,not_young
0.742285535411164,10497.0,4.0,ds2,ds2_4,Jungwuchs/Dickung,Jungwuchs/Dickung_4,0.0,1.0,1.0,1.0,1.0,1.0,4030,young
1.19914878875739,10498.0,13.0,ds3,ds3_13,Stangenholz,Stangenholz_13,0.0,0.0,3.0,3.0,4.0,3.0,4031,not_young
0.981379088041862,10499.0,13.0,ds4,ds4_13,Schwaches Baumholz,Schwaches Baumholz_13,0.0,0.0,3.0,3.0,3.0,3.0,4032,not_young
1.071622357367352,10500.0,4.0,ds4,ds4_4,Schwaches Baumholz,Schwaches Baumholz_4,0.0,1.0,1.0,1.0,1.0,1.0,4033,not_young
1.15995263345195,10502.0,13.0,ds2,ds2_13,Jungwuchs/Dickung,Jungwuchs/Dickung_13,0.0,0.0,3.0,3.0,3.0,3.0,4034,young
1.026317860282969,10506.0,4.0,ds1,ds1_4,Jungwuchs/Dickung,Jungwuchs/Dickung_4,0.0,0.0,3.0,3.0,3.0,3.0,4035,young
0.542271014522808,10507.0,4.0,ds1,ds1_4,Jungwuchs/Dickung,Jungwuchs/Dickung_4,0.0,0.0,3.0,3.0,4.0,4.0,4036,young
1.046122851516423,10511.0,4.0,ds1,ds1_4,Jungwuchs/Dickung,Jungwuchs/Dickung_4,0.0,0.0,3.0,3.0,3.0,3.0,4037,young
0.971217586103361,10514.0,4.0,ds1,ds1_4,Jungwuchs/Dickung,Jungwuchs/Dickung_4,0.0,0.0,3.0,3.0,3.0,3.0,4038,young
5.138739109690016,10516.0,4.0,ds2,ds2_4,Jungwuchs/Dickung,Jungwuchs/Dickung_4,0.0,0.0,3.0,3.0,3.0,3.0,4039,young
1.193483256749157,10517.0,4.0,ds5,ds5_4,Mittleres Baumholz,Mittleres Baumholz_4,0.0,0.0,3.0,3.0,3.0,3.0,4040,not_young
0.502955843588291,10518.0,4.0,ds5,ds5_4,Mittleres Baumholz,Mittleres Baumholz_4,0.0,0.0,3.0,3.0,4.0,3.0,4041,not_young
0.538370449523348,10519.0,4.0,ds2,ds2_4,Jungwuchs/Dickung,Jungwuchs/Dickung_4,0.0,0.0,3.0,3.0,4.0,4.0,4042,young
1.145166375301778,10521.0,4.0,ds3,ds3_4,Stangenholz,Stangenholz_4,0.0,0.0,3.0,3.0,3.0,3.0,4043,not_young
0.628640788990387,10522.0,4.0,ds6,ds6_4,Starkes Baumholz,Starkes Baumholz_4,0.0,1.0,1.0,1.0,1.0,1.0,4044,not_young
1.53765503035055,10523.0,4.0,ds2,ds2_4,Jungwuchs/Dickung,Jungwuchs/Dickung_4,0.0,0.0,3.0,3.0,4.0,3.0,4045,young
8.75489514396739,10524.0,4.0,ds2,ds2_4,Jungwuchs/Dickung,Jungwuchs/Dickung_4,0.0,0.0,3.0,3.0,3.0,3.0,4046,young
0.755125462317001,10525.0,4.0,ds5,ds5_4,Mittleres Baumholz,Mittleres Baumholz_4,0.0,1.0,1.0,1.0,1.0,1.0,4047,not_young
3.504925652080961,10528.0,4.0,ds4,ds4_4,Schwaches Baumholz,Schwaches Baumholz_4,0.0,0.0,3.0,3.0,3.0,3.0,4048,not_young
4.517762830271432,10530.0,4.0,ds5,ds5_4,Mittleres Baumholz,Mittleres Baumholz_4,0.0,0.0,3.0,3.0,3.0,3.0,4049,not_young
0.719734870540211,10531.0,4.0,ds3,ds3_4,Stangenholz,Stangenholz_4,0.0,0.0,3.0,1.0,3.0,3.0,4050,not_young
0.588761162842036,10533.0,13.0,ds3,ds3_13,Stangenholz,Stangenholz_13,0.0,0.0,3.0,3.0,3.0,3.0,4051,not_young
1.115789435957372,10535.0,13.0,ds5,ds5_13,Mittleres Baumholz,Mittleres Baumholz_13,0.0,0.0,3.0,3.0,4.0,3.0,4052,not_young
5.608966355396878,10537.0,4.0,ds5,ds5_4,Mittleres Baumholz,Mittleres Baumholz_4,0.0,0.0,3.0,3.0,3.0,3.0,4053,not_young
3.655607109643798,10538.0,13.0,ds2,ds2_13,Jungwuchs/Dickung,Jungwuchs/Dickung_13,0.0,0.0,3.0,3.0,4.0,4.0,4054,young
0.828194244872406,10539.0,4.0,ds3,ds3_4,Stangenholz,Stangenholz_4,0.0,0.0,3.0,3.0,3.0,3.0,4055,not_young
0.876526226309809,10540.0,13.0,ds3,ds3_13,Stangenholz,Stangenholz_13,0.0,0.0,3.0,1.0,4.0,4.0,4056,not_young
6.746038248027,10542.0,13.0,ds1,ds1_13,Jungwuchs/Dickung,Jungwuchs/Dickung_13,0.0,0.0,3.0,3.0,3.0,3.0,4057,young
2.950186541082431,10543.0,13.0,ds2,ds2_13,Jungwuchs/Dickung,Jungwuchs/Dickung_13,0.0,0.0,3.0,3.0,4.0,4.0,4058,young
0.541275532113912,10544.0,13.0,ds3,ds3_13,Stangenholz,Stangenholz_13,0.0,0.0,3.0,3.0,3.0,3.0,4059,not_young
2.146161205642705,10546.0,13.0,ds2,ds2_13,Jungwuchs/Dickung,Jungwuchs/Dickung_13,0.0,0.0,3.0,3.0,3.0,3.0,4060,young
1.41207556257844,10549.0,13.0,ds3,ds3_13,Stangenholz,Stangenholz_13,0.0,0.0,3.0,3.0,3.0,3.0,4061,not_young
5.082452014176372,10550.0,4.0,ds2,ds2_4,Jungwuchs/Dickung,Jungwuchs/Dickung_4,0.0,0.0,3.0,3.0,3.0,3.0,4062,young
0.8588367616395,10554.0,13.0,ds5,ds5_13,Mittleres Baumholz,Mittleres Baumholz_13,0.0,0.0,3.0,3.0,3.0,3.0,4063,not_young
1.14022758416952,10557.0,4.0,ds5,ds5_4,Mittleres Baumholz,Mittleres Baumholz_4,0.0,0.0,3.0,3.0,3.0,3.0,4064,not_young
0.607088857519662,10559.0,13.0,ds6,ds6_13,Starkes Baumholz,Starkes Baumholz_13,0.0,0.0,3.0,3.0,3.0,3.0,4065,not_young
1.351114209424332,10560.0,13.0,ds4,ds4_13,Schwaches Baumholz,Schwaches Baumholz_13,0.0,0.0,3.0,3.0,3.0,3.0,4066,not_young
0.575781774792611,10561.0,4.0,ds5,ds5_4,Mittleres Baumholz,Mittleres Baumholz_4,0.0,0.0,3.0,3.0,3.0,3.0,4067,not_young
3.584817404822482,10564.0,4.0,ds5,ds5_4,Mittleres Baumholz,Mittleres Baumholz_4,0.0,0.0,3.0,3.0,3.0,3.0,4068,not_young
0.71134551556537,10565.0,4.0,ds5,ds5_4,Mittleres Baumholz,Mittleres Baumholz_4,0.0,0.0,3.0,3.0,4.0,3.0,4069,not_young
0.696689211061742,10566.0,4.0,ds4,ds4_4,Schwaches Baumholz,Schwaches Baumholz_4,0.0,0.0,3.0,3.0,4.0,3.0,4070,not_young
1.125025823427236,10567.0,4.0,ds3,ds3_4,Stangenholz,Stangenholz_4,0.0,0.0,3.0,3.0,4.0,3.0,4071,not_young
2.143969138658769,10568.0,4.0,ds3,ds3_4,Stangenholz,Stangenholz_4,0.0,0.0,3.0,3.0,3.0,3.0,4072,not_young
4.195771491433354,10569.0,4.0,ds2,ds2_4,Jungwuchs/Dickung,Jungwuchs/Dickung_4,0.0,0.0,3.0,3.0,4.0,3.0,4073,young
3.034895898700896,10570.0,4.0,ds6,ds6_4,Starkes Baumholz,Starkes Baumholz_4,0.0,0.0,3.0,3.0,4.0,3.0,4074,not_young
6.697385597652314,10571.0,13.0,ds1,ds1_13,Jungwuchs/Dickung,Jungwuchs/Dickung_13,0.0,0.0,3.0,3.0,3.0,3.0,4075,young
0.835985009717569,10572.0,4.0,ds5,ds5_4,Mittleres Baumholz,Mittleres Baumholz_4,0.0,0.0,3.0,3.0,3.0,3.0,4076,not_young
4.455897179432998,10573.0,13.0,ds2,ds2_13,Jungwuchs/Dickung,Jungwuchs/Dickung_13,0.0,0.0,3.0,3.0,4.0,3.0,4077,young
0.613043175871763,10574.0,13.0,ds5,ds5_13,Mittleres Baumholz,Mittleres Baumholz_13,0.0,0.0,3.0,3.0,3.0,3.0,4078,not_young
0.890719191663491,10575.0,4.0,ds4,ds4_4,Schwaches Baumholz,Schwaches Baumholz_4,0.0,0.0,3.0,3.0,3.0,3.0,4079,not_young
2.415509526553192,10576.0,4.0,ds3,ds3_4,Stangenholz,Stangenholz_4,0.0,1.0,1.0,1.0,1.0,1.0,4080,not_young
1.305847282994876,10577.0,13.0,ds2,ds2_13,Jungwuchs/Dickung,Jungwuchs/Dickung_13,0.0,0.0,3.0,1.0,3.0,3.0,4081,young
5.339389704033336,10578.0,4.0,ds2,ds2_4,Jungwuchs/Dickung,Jungwuchs/Dickung_4,0.0,0.0,3.0,3.0,3.0,3.0,4082,young
3.422318152377103,10579.0,13.0,ds2,ds2_13,Jungwuchs/Dickung,Jungwuchs/Dickung_13,0.0,0.0,3.0,3.0,3.0,3.0,4083,young
4.511499664459174,10580.0,13.0,ds2,ds2_13,Jungwuchs/Dickung,Jungwuchs/Dickung_13,0.0,0.0,3.0,1.0,3.0,3.0,4084,young
1.857123103606561,10581.0,4.0,ds4,ds4_4,Schwaches Baumholz,Schwaches Baumholz_4,0.0,0.0,3.0,3.0,3.0,3.0,4085,not_young
1.045418673843146,10582.0,4.0,ds2,ds2_4,Jungwuchs/Dickung,Jungwuchs/Dickung_4,0.0,0.0,3.0,3.0,3.0,3.0,4086,young
1.462326812986634,10583.0,4.0,ds3,ds3_4,Stangenholz,Stangenholz_4,0.0,0.0,3.0,3.0,4.0,4.0,4087,not_young
2.129577915260475,10584.0,4.0,ds3,ds3_4,Stangenholz,Stangenholz_4,0.0,0.0,3.0,3.0,3.0,3.0,4088,not_young
0.959428250389174,10585.0,13.0,ds3,ds3_13,Stangenholz,Stangenholz_13,0.0,0.0,3.0,3.0,4.0,3.0,4089,not_young
1.147141345281806,10586.0,13.0,ds1,ds1_13,Jungwuchs/Dickung,Jungwuchs/Dickung_13,0.0,0.0,3.0,3.0,3.0,3.0,4090,young
0.539925086306781,10594.0,4.0,ds1,ds1_4,Jungwuchs/Dickung,Jungwuchs/Dickung_4,0.0,0.0,3.0,3.0,4.0,3.0,4091,young
1.207488912370056,10595.0,4.0,ds4,ds4_4,Schwaches Baumholz,Schwaches Baumholz_4,0.0,0.0,3.0,3.0,3.0,3.0,4092,not_young
0.530462881157547,10601.0,4.0,ds6,ds6_4,Starkes Baumholz,Starkes Baumholz_4,0.0,0.0,3.0,3.0,3.0,3.0,4093,not_young
1.485677858408156,10603.0,4.0,ds6,ds6_4,Starkes Baumholz,Starkes Baumholz_4,0.0,0.0,3.0,3.0,3.0,3.0,4094,not_young
0.513928099348675,10605.0,4.0,ds4,ds4_4,Schwaches Baumholz,Schwaches Baumholz_4,0.0,0.0,3.0,3.0,4.0,3.0,4095,not_young
0.545081253042631,10617.0,4.0,ds1,ds1_4,Jungwuchs/Dickung,Jungwuchs/Dickung_4,0.0,0.0,3.0,3.0,4.0,4.0,4096,young
0.585067906509922,10620.0,13.0,ds5,ds5_13,Mittleres Baumholz,Mittleres Baumholz_13,0.0,0.0,3.0,3.0,3.0,3.0,4097,not_young
0.557911831800954,10626.0,4.0,ds5,ds5_4,Mittleres Baumholz,Mittleres Baumholz_4,0.0,0.0,3.0,3.0,4.0,3.0,4098,not_young
0.813647265851311,10628.0,4.0,ds1,ds1_4,Jungwuchs/Dickung,Jungwuchs/Dickung_4,0.0,0.0,3.0,3.0,4.0,4.0,4099,young
0.696131250264961,10629.0,4.0,ds6,ds6_4,Starkes Baumholz,Starkes Baumholz_4,0.0,0.0,3.0,1.0,3.0,3.0,4100,not_young
0.681381568570156,10631.0,4.0,ds5,ds5_4,Mittleres Baumholz,Mittleres Baumholz_4,0.0,0.0,3.0,3.0,3.0,3.0,4101,not_young
0.691865073233825,10632.0,4.0,ds6,ds6_4,Starkes Baumholz,Starkes Baumholz_4,0.0,0.0,3.0,3.0,3.0,3.0,4102,not_young
1.411630256332993,10641.0,4.0,ds6,ds6_4,Starkes Baumholz,Starkes Baumholz_4,0.0,0.0,3.0,3.0,3.0,3.0,4103,not_young
0.714705782788992,10644.0,4.0,ds4,ds4_4,Schwaches Baumholz,Schwaches Baumholz_4,0.0,0.0,3.0,3.0,3.0,3.0,4104,not_young
1.619068490457395,10645.0,4.0,ds4,ds4_4,Schwaches Baumholz,Schwaches Baumholz_4,0.0,0.0,3.0,3.0,4.0,3.0,4105,not_young
0.776676943325187,10647.0,4.0,ds5,ds5_4,Mittleres Baumholz,Mittleres Baumholz_4,0.0,0.0,3.0,3.0,3.0,3.0,4106,not_young
0.699330750674498,10649.0,4.0,ds3,ds3_4,Stangenholz,Stangenholz_4,0.0,0.0,3.0,3.0,3.0,3.0,4107,not_young
1.354464373717923,10652.0,4.0,ds2,ds2_4,Jungwuchs/Dickung,Jungwuchs/Dickung_4,0.0,0.0,3.0,3.0,4.0,3.0,4108,young
1.075740484411968,10654.0,4.0,ds1,ds1_4,Jungwuchs/Dickung,Jungwuchs/Dickung_4,0.0,0.0,3.0,3.0,4.0,3.0,4109,young
0.986734548280574,10655.0,4.0,ds1,ds1_4,Jungwuchs/Dickung,Jungwuchs/Dickung_4,0.0,0.0,3.0,3.0,4.0,3.0,4110,young
0.550821166175883,10657.0,4.0,ds5,ds5_4,Mittleres Baumholz,Mittleres Baumholz_4,0.0,0.0,3.0,3.0,4.0,3.0,4111,not_young
1.004605120667536,10659.0,4.0,ds6,ds6_4,Starkes Baumholz,Starkes Baumholz_4,0.0,0.0,3.0,3.0,3.0,3.0,4112,not_young
0.938058897153707,10660.0,4.0,ds2,ds2_4,Jungwuchs/Dickung,Jungwuchs/Dickung_4,0.0,0.0,3.0,3.0,4.0,3.0,4113,young
0.548021850054641,10662.0,13.0,ds5,ds5_13,Mittleres Baumholz,Mittleres Baumholz_13,0.0,0.0,3.0,3.0,3.0,3.0,4114,not_young
0.628286684268997,10664.0,4.0,ds6,ds6_4,Starkes Baumholz,Starkes Baumholz_4,0.0,0.0,3.0,3.0,3.0,3.0,4115,not_young
3.134970552467928,10665.0,4.0,ds5,ds5_4,Mittleres Baumholz,Mittleres Baumholz_4,0.0,0.0,3.0,3.0,4.0,3.0,4116,not_young
1.90801055665547,10666.0,4.0,ds5,ds5_4,Mittleres Baumholz,Mittleres Baumholz_4,0.0,0.0,3.0,3.0,4.0,3.0,4117,not_young
2.116637389213778,10673.0,4.0,ds4,ds4_4,Schwaches Baumholz,Schwaches Baumholz_4,0.0,0.0,3.0,3.0,3.0,3.0,4118,not_young
0.653553581928648,10674.0,4.0,ds4,ds4_4,Schwaches Baumholz,Schwaches Baumholz_4,0.0,0.0,3.0,3.0,3.0,3.0,4119,not_young
2.071455556230326,10676.0,4.0,ds5,ds5_4,Mittleres Baumholz,Mittleres Baumholz_4,0.0,0.0,3.0,3.0,3.0,3.0,4120,not_young
0.913695408686227,10678.0,4.0,ds5,ds5_4,Mittleres Baumholz,Mittleres Baumholz_4,0.0,0.0,3.0,3.0,3.0,3.0,4121,not_young
3.953494160583794,10679.0,13.0,ds5,ds5_13,Mittleres Baumholz,Mittleres Baumholz_13,0.0,0.0,3.0,3.0,3.0,3.0,4122,not_young
2.644436524125279,10680.0,4.0,ds1,ds1_4,Jungwuchs/Dickung,Jungwuchs/Dickung_4,0.0,0.0,3.0,3.0,3.0,3.0,4123,young
0.553132997118495,10681.0,4.0,ds2,ds2_4,Jungwuchs/Dickung,Jungwuchs/Dickung_4,0.0,0.0,3.0,3.0,3.0,3.0,4124,young
1.575259319048932,10682.0,4.0,ds5,ds5_4,Mittleres Baumholz,Mittleres Baumholz_4,0.0,0.0,3.0,3.0,3.0,3.0,4125,not_young
1.363529758078326,10683.0,4.0,ds2,ds2_4,Jungwuchs/Dickung,Jungwuchs/Dickung_4,0.0,0.0,3.0,3.0,4.0,3.0,4126,young
0.820166605664697,10685.0,4.0,ds5,ds5_4,Mittleres Baumholz,Mittleres Baumholz_4,0.0,0.0,3.0,3.0,3.0,3.0,4127,not_young
0.862919774387404,10687.0,4.0,ds5,ds5_4,Mittleres Baumholz,Mittleres Baumholz_4,0.0,0.0,3.0,3.0,3.0,3.0,4128,not_young
0.68241893980857,10690.0,4.0,ds6,ds6_4,Starkes Baumholz,Starkes Baumholz_4,0.0,0.0,3.0,1.0,3.0,3.0,4129,not_young
0.530645608028537,10693.0,4.0,ds1,ds1_4,Jungwuchs/Dickung,Jungwuchs/Dickung_4,0.0,0.0,3.0,1.0,3.0,3.0,4130,young
1.613515200023609,10697.0,4.0,ds1,ds1_4,Jungwuchs/Dickung,Jungwuchs/Dickung_4,0.0,0.0,3.0,3.0,4.0,3.0,4131,young
1.400297474290757,10698.0,13.0,ds2,ds2_13,Jungwuchs/Dickung,Jungwuchs/Dickung_13,0.0,0.0,3.0,3.0,3.0,3.0,4132,young
0.713340410541976,10700.0,13.0,ds1,ds1_13,Jungwuchs/Dickung,Jungwuchs/Dickung_13,0.0,0.0,3.0,3.0,4.0,3.0,4133,young
0.637041570258513,10701.0,4.0,ds6,ds6_4,Starkes Baumholz,Starkes Baumholz_4,0.0,0.0,3.0,3.0,3.0,3.0,4134,not_young
0.612118439709698,10702.0,4.0,ds5,ds5_4,Mittleres Baumholz,Mittleres Baumholz_4,0.0,0.0,3.0,3.0,3.0,3.0,4135,not_young
0.897939701068937,10703.0,4.0,ds3,ds3_4,Stangenholz,Stangenholz_4,0.0,0.0,3.0,3.0,4.0,3.0,4136,not_young
2.191706861468591,10706.0,4.0,ds1,ds1_4,Jungwuchs/Dickung,Jungwuchs/Dickung_4,0.0,0.0,3.0,3.0,4.0,4.0,4137,young
0.692287133347255,10707.0,4.0,ds5,ds5_4,Mittleres Baumholz,Mittleres Baumholz_4,0.0,0.0,3.0,3.0,3.0,3.0,4138,not_young
3.673593728759012,10708.0,4.0,ds6,ds6_4,Starkes Baumholz,Starkes Baumholz_4,0.0,0.0,3.0,3.0,4.0,4.0,4139,not_young
0.979624476127846,10709.0,13.0,ds3,ds3_13,Stangenholz,Stangenholz_13,0.0,0.0,3.0,3.0,4.0,3.0,4140,not_young
1.227499669330404,10710.0,4.0,ds3,ds3_4,Stangenholz,Stangenholz_4,0.0,0.0,3.0,3.0,3.0,3.0,4141,not_young
1.286179446602988,10711.0,4.0,ds2,ds2_4,Jungwuchs/Dickung,Jungwuchs/Dickung_4,0.0,0.0,3.0,3.0,4.0,3.0,4142,young
3.393967008608563,10713.0,13.0,ds4,ds4_13,Schwaches Baumholz,Schwaches Baumholz_13,0.0,0.0,3.0,3.0,3.0,3.0,4143,not_young
0.575043292294815,10714.0,13.0,ds5,ds5_13,Mittleres Baumholz,Mittleres Baumholz_13,0.0,0.0,3.0,3.0,4.0,3.0,4144,not_young
0.708837741563004,10715.0,13.0,ds3,ds3_13,Stangenholz,Stangenholz_13,0.0,0.0,3.0,3.0,4.0,3.0,4145,not_young
0.541495586001221,10716.0,4.0,ds4,ds4_4,Schwaches Baumholz,Schwaches Baumholz_4,0.0,0.0,3.0,3.0,3.0,3.0,4146,not_young
0.72154865687415,10717.0,4.0,ds4,ds4_4,Schwaches Baumholz,Schwaches Baumholz_4,0.0,0.0,3.0,3.0,4.0,4.0,4147,not_young
2.499266972588666,10718.0,4.0,ds5,ds5_4,Mittleres Baumholz,Mittleres Baumholz_4,0.0,0.0,3.0,3.0,3.0,3.0,4148,not_young
0.589143923046859,10719.0,4.0,ds5,ds5_4,Mittleres Baumholz,Mittleres Baumholz_4,0.0,0.0,3.0,3.0,4.0,4.0,4149,not_young
0.534909690556338,10720.0,4.0,ds5,ds5_4,Mittleres Baumholz,Mittleres Baumholz_4,0.0,0.0,3.0,3.0,3.0,3.0,4150,not_young
0.61455369277827,10721.0,4.0,ds3,ds3_4,Stangenholz,Stangenholz_4,0.0,0.0,3.0,3.0,4.0,3.0,4151,not_young
5.662589799191006,10724.0,4.0,ds6,ds6_4,Starkes Baumholz,Starkes Baumholz_4,0.0,0.0,3.0,3.0,4.0,4.0,4152,not_young
1.494811569676054,10725.0,4.0,ds6,ds6_4,Starkes Baumholz,Starkes Baumholz_4,0.0,0.0,3.0,3.0,3.0,3.0,4153,not_young
0.605566152941468,10726.0,4.0,ds6,ds6_4,Starkes Baumholz,Starkes Baumholz_4,0.0,0.0,3.0,3.0,3.0,3.0,4154,not_young
0.677792017560045,10727.0,4.0,ds5,ds5_4,Mittleres Baumholz,Mittleres Baumholz_4,0.0,0.0,3.0,3.0,3.0,3.0,4155,not_young
1.333099009229429,10728.0,4.0,ds5,ds5_4,Mittleres Baumholz,Mittleres Baumholz_4,0.0,0.0,3.0,3.0,3.0,3.0,4156,not_young
1.576693744603894,10730.0,4.0,ds5,ds5_4,Mittleres Baumholz,Mittleres Baumholz_4,0.0,0.0,3.0,3.0,3.0,3.0,4157,not_young
0.835744492560392,10732.0,4.0,ds5,ds5_4,Mittleres Baumholz,Mittleres Baumholz_4,0.0,0.0,3.0,3.0,3.0,3.0,4158,not_young
1.197276288256167,10733.0,4.0,ds6,ds6_4,Starkes Baumholz,Starkes Baumholz_4,0.0,0.0,3.0,3.0,4.0,3.0,4159,not_young
0.652270246054663,10734.0,4.0,ds4,ds4_4,Schwaches Baumholz,Schwaches Baumholz_4,0.0,1.0,1.0,1.0,1.0,1.0,4160,not_young
0.709164020471956,10735.0,4.0,ds4,ds4_4,Schwaches Baumholz,Schwaches Baumholz_4,0.0,0.0,3.0,3.0,3.0,3.0,4161,not_young
1.501086528364845,10736.0,4.0,ds6,ds6_4,Starkes Baumholz,Starkes Baumholz_4,0.0,0.0,3.0,3.0,3.0,3.0,4162,not_young
1.855159702392248,10737.0,4.0,ds6,ds6_4,Starkes Baumholz,Starkes Baumholz_4,0.0,0.0,3.0,3.0,3.0,3.0,4163,not_young
0.758119970615557,10740.0,4.0,ds6,ds6_4,Starkes Baumholz,Starkes Baumholz_4,0.0,0.0,3.0,3.0,4.0,4.0,4164,not_young
0.558774707259855,10741.0,4.0,ds6,ds6_4,Starkes Baumholz,Starkes Baumholz_4,0.0,0.0,3.0,3.0,4.0,3.0,4165,not_young
0.647729770999495,10742.0,4.0,ds5,ds5_4,Mittleres Baumholz,Mittleres Baumholz_4,0.0,0.0,3.0,3.0,3.0,3.0,4166,not_young
3.285430241920427,10743.0,4.0,ds5,ds5_4,Mittleres Baumholz,Mittleres Baumholz_4,0.0,0.0,3.0,3.0,3.0,3.0,4167,not_young
0.616659797439911,10744.0,4.0,ds3,ds3_4,Stangenholz,Stangenholz_4,0.0,0.0,3.0,3.0,3.0,3.0,4168,not_young
2.220279739308008,10745.0,4.0,ds6,ds6_4,Starkes Baumholz,Starkes Baumholz_4,0.0,0.0,3.0,3.0,4.0,3.0,4169,not_young
6.19379928578174,10746.0,4.0,ds5,ds5_4,Mittleres Baumholz,Mittleres Baumholz_4,0.0,0.0,3.0,3.0,4.0,3.0,4170,not_young
0.656049994070963,10747.0,4.0,ds3,ds3_4,Stangenholz,Stangenholz_4,0.0,0.0,3.0,3.0,3.0,3.0,4171,not_young
0.949107464589528,10748.0,4.0,ds5,ds5_4,Mittleres Baumholz,Mittleres Baumholz_4,0.0,1.0,1.0,1.0,1.0,1.0,4172,not_young
0.782349263047639,10749.0,4.0,ds5,ds5_4,Mittleres Baumholz,Mittleres Baumholz_4,0.0,0.0,3.0,3.0,3.0,3.0,4173,not_young
0.970589004779095,10750.0,4.0,ds4,ds4_4,Schwaches Baumholz,Schwaches Baumholz_4,0.0,0.0,3.0,3.0,3.0,3.0,4174,not_young
4.704534705699254,10752.0,4.0,ds1,ds1_4,Jungwuchs/Dickung,Jungwuchs/Dickung_4,0.0,0.0,3.0,3.0,3.0,3.0,4175,young
1.47542736663518,10753.0,4.0,ds6,ds6_4,Starkes Baumholz,Starkes Baumholz_4,0.0,0.0,3.0,3.0,3.0,3.0,4176,not_young
0.682424770800583,10754.0,4.0,ds6,ds6_4,Starkes Baumholz,Starkes Baumholz_4,0.0,0.0,3.0,3.0,4.0,3.0,4177,not_young
0.877633916702593,10755.0,4.0,ds4,ds4_4,Schwaches Baumholz,Schwaches Baumholz_4,0.0,0.0,3.0,3.0,3.0,3.0,4178,not_young
0.625439454536047,10756.0,4.0,ds4,ds4_4,Schwaches Baumholz,Schwaches Baumholz_4,0.0,0.0,3.0,3.0,3.0,3.0,4179,not_young
3.168030921263353,10758.0,4.0,ds5,ds5_4,Mittleres Baumholz,Mittleres Baumholz_4,0.0,0.0,3.0,3.0,3.0,3.0,4180,not_young
4.799170188577728,10759.0,13.0,ds1,ds1_13,Jungwuchs/Dickung,Jungwuchs/Dickung_13,0.0,0.0,3.0,3.0,3.0,3.0,4181,young
2.243631982312928,10762.0,4.0,ds5,ds5_4,Mittleres Baumholz,Mittleres Baumholz_4,0.0,0.0,3.0,3.0,4.0,3.0,4182,not_young
9.798058303522833,10763.0,4.0,ds6,ds6_4,Starkes Baumholz,Starkes Baumholz_4,0.0,0.0,3.0,3.0,4.0,4.0,4183,not_young
1.304925637769175,10765.0,4.0,ds5,ds5_4,Mittleres Baumholz,Mittleres Baumholz_4,0.0,0.0,3.0,3.0,4.0,3.0,4184,not_young
1.319805209631322,10766.0,4.0,ds1,ds1_4,Jungwuchs/Dickung,Jungwuchs/Dickung_4,0.0,0.0,3.0,3.0,3.0,3.0,4185,young
0.739552462687891,10767.0,4.0,ds6,ds6_4,Starkes Baumholz,Starkes Baumholz_4,0.0,0.0,3.0,3.0,4.0,3.0,4186,not_young
1.174689120060601,10769.0,4.0,ds4,ds4_4,Schwaches Baumholz,Schwaches Baumholz_4,0.0,0.0,3.0,3.0,3.0,3.0,4187,not_young
2.054164470096186,10771.0,4.0,ds3,ds3_4,Stangenholz,Stangenholz_4,0.0,0.0,3.0,3.0,3.0,3.0,4188,not_young
0.549961195080727,10773.0,13.0,ds1,ds1_13,Jungwuchs/Dickung,Jungwuchs/Dickung_13,0.0,0.0,3.0,3.0,3.0,3.0,4189,young
0.539947028636001,10785.0,4.0,ds2,ds2_4,Jungwuchs/Dickung,Jungwuchs/Dickung_4,0.0,0.0,3.0,3.0,3.0,3.0,4190,young
0.596690889541805,10788.0,4.0,ds3,ds3_4,Stangenholz,Stangenholz_4,0.0,0.0,3.0,3.0,3.0,3.0,4191,not_young
1.411764077819511,10795.0,13.0,ds1,ds1_13,Jungwuchs/Dickung,Jungwuchs/Dickung_13,0.0,0.0,3.0,3.0,4.0,4.0,4192,young
1.576517277949257,10796.0,13.0,ds1,ds1_13,Jungwuchs/Dickung,Jungwuchs/Dickung_13,0.0,0.0,3.0,3.0,3.0,3.0,4193,young
0.561098679237207,10800.0,4.0,ds4,ds4_4,Schwaches Baumholz,Schwaches Baumholz_4,0.0,0.0,3.0,3.0,4.0,4.0,4194,not_young
1.842050371404353,10806.0,13.0,ds1,ds1_13,Jungwuchs/Dickung,Jungwuchs/Dickung_13,0.0,0.0,3.0,3.0,3.0,3.0,4195,young
2.661601898473129,10807.0,13.0,ds1,ds1_13,Jungwuchs/Dickung,Jungwuchs/Dickung_13,0.0,0.0,3.0,3.0,4.0,4.0,4196,young
0.612388588097692,10808.0,4.0,ds5,ds5_4,Mittleres Baumholz,Mittleres Baumholz_4,0.0,0.0,3.0,3.0,3.0,3.0,4197,not_young
0.546827966366708,10814.0,13.0,ds5,ds5_13,Mittleres Baumholz,Mittleres Baumholz_13,0.0,0.0,3.0,3.0,3.0,3.0,4198,not_young
0.786283263617009,10825.0,4.0,ds2,ds2_4,Jungwuchs/Dickung,Jungwuchs/Dickung_4,0.0,0.0,3.0,3.0,4.0,3.0,4199,young
0.540285988591518,10827.0,4.0,ds1,ds1_4,Jungwuchs/Dickung,Jungwuchs/Dickung_4,0.0,0.0,3.0,3.0,3.0,3.0,4200,young
0.741559688459255,10829.0,13.0,ds5,ds5_13,Mittleres Baumholz,Mittleres Baumholz_13,0.0,0.0,3.0,3.0,4.0,4.0,4201,not_young
0.688641709425816,10831.0,4.0,ds1,ds1_4,Jungwuchs/Dickung,Jungwuchs/Dickung_4,0.0,0.0,3.0,3.0,3.0,3.0,4202,young
1.160030494420277,10833.0,13.0,ds4,ds4_13,Schwaches Baumholz,Schwaches Baumholz_13,0.0,0.0,3.0,3.0,3.0,3.0,4203,not_young
0.770629486429063,10834.0,4.0,ds2,ds2_4,Jungwuchs/Dickung,Jungwuchs/Dickung_4,0.0,0.0,3.0,3.0,3.0,3.0,4204,young
1.875616565303615,10836.0,4.0,ds3,ds3_4,Stangenholz,Stangenholz_4,0.0,0.0,3.0,3.0,3.0,3.0,4205,not_young
0.624570616444294,10839.0,13.0,ds2,ds2_13,Jungwuchs/Dickung,Jungwuchs/Dickung_13,0.0,0.0,3.0,3.0,4.0,3.0,4206,young
0.578638254508958,10841.0,4.0,ds3,ds3_4,Stangenholz,Stangenholz_4,0.0,0.0,3.0,3.0,3.0,3.0,4207,not_young
0.573728509899322,10844.0,4.0,ds4,ds4_4,Schwaches Baumholz,Schwaches Baumholz_4,0.0,0.0,3.0,3.0,3.0,3.0,4208,not_young
0.96826593414098,10848.0,13.0,ds3,ds3_13,Stangenholz,Stangenholz_13,0.0,0.0,3.0,3.0,3.0,3.0,4209,not_young
0.514205969951849,10850.0,4.0,ds1,ds1_4,Jungwuchs/Dickung,Jungwuchs/Dickung_4,0.0,0.0,3.0,3.0,3.0,3.0,4210,young
1.859489918000251,10851.0,13.0,ds3,ds3_13,Stangenholz,Stangenholz_13,0.0,0.0,3.0,3.0,3.0,3.0,4211,not_young
1.061979500862956,10852.0,13.0,ds6,ds6_13,Starkes Baumholz,Starkes Baumholz_13,0.0,0.0,3.0,3.0,3.0,3.0,4212,not_young
2.406752856543754,10854.0,13.0,ds1,ds1_13,Jungwuchs/Dickung,Jungwuchs/Dickung_13,0.0,0.0,3.0,3.0,4.0,3.0,4213,young
1.04753472592443,10856.0,4.0,ds4,ds4_4,Schwaches Baumholz,Schwaches Baumholz_4,0.0,0.0,3.0,3.0,4.0,4.0,4214,not_young
0.660583853920922,10858.0,4.0,ds1,ds1_4,Jungwuchs/Dickung,Jungwuchs/Dickung_4,0.0,0.0,3.0,3.0,4.0,3.0,4215,young
1.164011292454647,10859.0,4.0,ds1,ds1_4,Jungwuchs/Dickung,Jungwuchs/Dickung_4,0.0,0.0,3.0,3.0,3.0,3.0,4216,young
1.524975518531911,10862.0,13.0,ds2,ds2_13,Jungwuchs/Dickung,Jungwuchs/Dickung_13,0.0,0.0,3.0,3.0,3.0,3.0,4217,young
0.564846858203033,10867.0,4.0,ds3,ds3_4,Stangenholz,Stangenholz_4,0.0,0.0,3.0,3.0,3.0,3.0,4218,not_young
0.804925251126522,10868.0,4.0,ds5,ds5_4,Mittleres Baumholz,Mittleres Baumholz_4,0.0,0.0,3.0,3.0,4.0,3.0,4219,not_young
0.530238837993273,10870.0,4.0,ds1,ds1_4,Jungwuchs/Dickung,Jungwuchs/Dickung_4,0.0,0.0,3.0,3.0,3.0,3.0,4220,young
0.902316526360507,10871.0,13.0,ds1,ds1_13,Jungwuchs/Dickung,Jungwuchs/Dickung_13,0.0,0.0,3.0,3.0,4.0,3.0,4221,young
0.649908789304085,10874.0,13.0,ds6,ds6_13,Starkes Baumholz,Starkes Baumholz_13,0.0,0.0,3.0,3.0,3.0,3.0,4222,not_young
1.169462761494885,10875.0,4.0,ds3,ds3_4,Stangenholz,Stangenholz_4,0.0,0.0,3.0,3.0,4.0,3.0,4223,not_young
0.650497475064918,10876.0,4.0,ds3,ds3_4,Stangenholz,Stangenholz_4,0.0,0.0,3.0,3.0,3.0,3.0,4224,not_young
0.615422320578742,10877.0,4.0,ds2,ds2_4,Jungwuchs/Dickung,Jungwuchs/Dickung_4,0.0,0.0,3.0,3.0,4.0,4.0,4225,young
1.085251368840889,10880.0,13.0,ds1,ds1_13,Jungwuchs/Dickung,Jungwuchs/Dickung_13,0.0,0.0,3.0,3.0,4.0,3.0,4226,young
1.755881068941765,10881.0,13.0,ds2,ds2_13,Jungwuchs/Dickung,Jungwuchs/Dickung_13,0.0,0.0,3.0,3.0,3.0,3.0,4227,young
1.048425655901246,10882.0,13.0,ds3,ds3_13,Stangenholz,Stangenholz_13,0.0,0.0,3.0,3.0,3.0,3.0,4228,not_young
0.575788930125535,10883.0,4.0,ds3,ds3_4,Stangenholz,Stangenholz_4,0.0,0.0,3.0,3.0,4.0,3.0,4229,not_young
0.71236122716167,10884.0,4.0,ds2,ds2_4,Jungwuchs/Dickung,Jungwuchs/Dickung_4,0.0,0.0,3.0,3.0,3.0,3.0,4230,young
0.59357405191398,10886.0,4.0,ds1,ds1_4,Jungwuchs/Dickung,Jungwuchs/Dickung_4,0.0,1.0,1.0,1.0,1.0,1.0,4231,young
0.741362608091341,10887.0,4.0,ds1,ds1_4,Jungwuchs/Dickung,Jungwuchs/Dickung_4,0.0,0.0,3.0,3.0,4.0,3.0,4232,young
0.848028598763049,10888.0,4.0,ds2,ds2_4,Jungwuchs/Dickung,Jungwuchs/Dickung_4,0.0,1.0,1.0,1.0,1.0,1.0,4233,young
0.791921181889728,10890.0,4.0,ds2,ds2_4,Jungwuchs/Dickung,Jungwuchs/Dickung_4,0.0,1.0,1.0,1.0,1.0,1.0,4234,young
0.919572801695205,10891.0,4.0,ds3,ds3_4,Stangenholz,Stangenholz_4,0.0,0.0,3.0,3.0,3.0,3.0,4235,not_young
0.558113162287697,10892.0,13.0,ds1,ds1_13,Jungwuchs/Dickung,Jungwuchs/Dickung_13,0.0,0.0,3.0,3.0,3.0,3.0,4236,young
0.548590168674663,10894.0,4.0,ds2,ds2_4,Jungwuchs/Dickung,Jungwuchs/Dickung_4,0.0,0.0,3.0,3.0,4.0,3.0,4237,young
0.63541610425777,10899.0,4.0,ds5,ds5_4,Mittleres Baumholz,Mittleres Baumholz_4,0.0,0.0,3.0,3.0,3.0,3.0,4238,not_young
1.84444211814435,10900.0,4.0,ds4,ds4_4,Schwaches Baumholz,Schwaches Baumholz_4,0.0,0.0,3.0,3.0,4.0,3.0,4239,not_young
0.786450668632845,10901.0,13.0,ds4,ds4_13,Schwaches Baumholz,Schwaches Baumholz_13,0.0,0.0,3.0,3.0,3.0,3.0,4240,not_young
0.604427528893069,10902.0,4.0,ds4,ds4_4,Schwaches Baumholz,Schwaches Baumholz_4,0.0,0.0,3.0,3.0,3.0,3.0,4241,not_young
0.684816514491028,10907.0,13.0,ds2,ds2_13,Jungwuchs/Dickung,Jungwuchs/Dickung_13,0.0,0.0,3.0,3.0,4.0,3.0,4242,young
1.143611657318985,10909.0,4.0,ds1,ds1_4,Jungwuchs/Dickung,Jungwuchs/Dickung_4,0.0,0.0,3.0,3.0,3.0,3.0,4243,young
0.782305234593619,10912.0,4.0,ds3,ds3_4,Stangenholz,Stangenholz_4,0.0,0.0,3.0,3.0,4.0,3.0,4244,not_young
4.611258738977858,10913.0,13.0,ds2,ds2_13,Jungwuchs/Dickung,Jungwuchs/Dickung_13,0.0,0.0,3.0,3.0,3.0,3.0,4245,young
1.550065994501126,10914.0,13.0,ds3,ds3_13,Stangenholz,Stangenholz_13,0.0,0.0,3.0,3.0,4.0,3.0,4246,not_young
2.931305729142577,10915.0,13.0,ds2,ds2_13,Jungwuchs/Dickung,Jungwuchs/Dickung_13,0.0,0.0,3.0,3.0,3.0,3.0,4247,young
0.535083709444688,10916.0,4.0,ds1,ds1_4,Jungwuchs/Dickung,Jungwuchs/Dickung_4,0.0,0.0,3.0,3.0,3.0,3.0,4248,young
0.990400858328212,10917.0,13.0,ds3,ds3_13,Stangenholz,Stangenholz_13,0.0,0.0,3.0,3.0,3.0,3.0,4249,not_young
1.502106710533425,10918.0,13.0,ds4,ds4_13,Schwaches Baumholz,Schwaches Baumholz_13,0.0,0.0,3.0,3.0,4.0,3.0,4250,not_young
0.679990514678205,10920.0,4.0,ds1,ds1_4,Jungwuchs/Dickung,Jungwuchs/Dickung_4,0.0,0.0,3.0,3.0,3.0,3.0,4251,young
3.40259051608505,10921.0,13.0,ds1,ds1_13,Jungwuchs/Dickung,Jungwuchs/Dickung_13,0.0,0.0,3.0,3.0,3.0,3.0,4252,young
0.54227022543326,10922.0,4.0,ds2,ds2_4,Jungwuchs/Dickung,Jungwuchs/Dickung_4,0.0,0.0,3.0,3.0,3.0,3.0,4253,young
1.183074770886451,10923.0,4.0,ds2,ds2_4,Jungwuchs/Dickung,Jungwuchs/Dickung_4,0.0,0.0,3.0,3.0,3.0,3.0,4254,young
1.805161773442803,10925.0,4.0,ds2,ds2_4,Jungwuchs/Dickung,Jungwuchs/Dickung_4,0.0,1.0,1.0,1.0,1.0,1.0,4255,young
0.791998137669836,10926.0,4.0,ds3,ds3_4,Stangenholz,Stangenholz_4,0.0,0.0,3.0,3.0,4.0,4.0,4256,not_young
1.299970077434741,10928.0,13.0,ds2,ds2_13,Jungwuchs/Dickung,Jungwuchs/Dickung_13,0.0,0.0,3.0,3.0,4.0,3.0,4257,young
1.454923210564279,10930.0,4.0,ds2,ds2_4,Jungwuchs/Dickung,Jungwuchs/Dickung_4,0.0,0.0,3.0,3.0,4.0,3.0,4258,young
0.631852375530126,10931.0,4.0,ds3,ds3_4,Stangenholz,Stangenholz_4,0.0,0.0,3.0,3.0,3.0,3.0,4259,not_young
0.933176362272375,10932.0,4.0,ds5,ds5_4,Mittleres Baumholz,Mittleres Baumholz_4,0.0,0.0,3.0,3.0,3.0,3.0,4260,not_young
0.584145107383421,10933.0,13.0,ds4,ds4_13,Schwaches Baumholz,Schwaches Baumholz_13,0.0,0.0,3.0,3.0,3.0,3.0,4261,not_young
0.782157719980273,10935.0,4.0,ds5,ds5_4,Mittleres Baumholz,Mittleres Baumholz_4,0.0,0.0,3.0,3.0,3.0,3.0,4262,not_young
0.59539720129841,10938.0,4.0,ds2,ds2_4,Jungwuchs/Dickung,Jungwuchs/Dickung_4,0.0,0.0,3.0,3.0,4.0,3.0,4263,young
0.658369029408379,10940.0,4.0,ds3,ds3_4,Stangenholz,Stangenholz_4,0.0,1.0,1.0,1.0,1.0,1.0,4264,not_young
1.556401878624898,10941.0,4.0,ds2,ds2_4,Jungwuchs/Dickung,Jungwuchs/Dickung_4,0.0,0.0,3.0,3.0,3.0,3.0,4265,young
0.60551265925006,10942.0,4.0,ds4,ds4_4,Schwaches Baumholz,Schwaches Baumholz_4,0.0,0.0,3.0,3.0,3.0,3.0,4266,not_young
3.175791551923449,10943.0,4.0,ds1,ds1_4,Jungwuchs/Dickung,Jungwuchs/Dickung_4,0.0,0.0,3.0,3.0,3.0,3.0,4267,young
0.504280648662499,10944.0,4.0,ds2,ds2_4,Jungwuchs/Dickung,Jungwuchs/Dickung_4,0.0,1.0,1.0,1.0,1.0,1.0,4268,young
2.452224361901649,10946.0,4.0,ds4,ds4_4,Schwaches Baumholz,Schwaches Baumholz_4,0.0,0.0,3.0,3.0,4.0,3.0,4269,not_young
0.917194518831745,10949.0,13.0,ds3,ds3_13,Stangenholz,Stangenholz_13,0.0,0.0,3.0,3.0,4.0,4.0,4270,not_young
0.533656225647172,10950.0,4.0,ds2,ds2_4,Jungwuchs/Dickung,Jungwuchs/Dickung_4,0.0,0.0,3.0,3.0,4.0,4.0,4271,young
0.606417662269902,10951.0,13.0,ds2,ds2_13,Jungwuchs/Dickung,Jungwuchs/Dickung_13,0.0,0.0,3.0,3.0,3.0,3.0,4272,young
0.54254349813275,10952.0,13.0,ds2,ds2_13,Jungwuchs/Dickung,Jungwuchs/Dickung_13,0.0,0.0,3.0,3.0,3.0,3.0,4273,young
1.360839426471805,10953.0,4.0,ds4,ds4_4,Schwaches Baumholz,Schwaches Baumholz_4,0.0,0.0,3.0,3.0,3.0,3.0,4274,not_young
1.129292149598908,10956.0,4.0,ds4,ds4_4,Schwaches Baumholz,Schwaches Baumholz_4,0.0,0.0,3.0,3.0,3.0,3.0,4275,not_young
1.260431022190163,10957.0,4.0,ds5,ds5_4,Mittleres Baumholz,Mittleres Baumholz_4,0.0,0.0,3.0,3.0,3.0,3.0,4276,not_young
1.222827224951796,10958.0,4.0,ds1,ds1_4,Jungwuchs/Dickung,Jungwuchs/Dickung_4,0.0,0.0,3.0,3.0,3.0,3.0,4277,young
0.537725715037063,10959.0,4.0,ds3,ds3_4,Stangenholz,Stangenholz_4,0.0,0.0,3.0,3.0,3.0,3.0,4278,not_young
0.910179484601342,10967.0,4.0,ds5,ds5_4,Mittleres Baumholz,Mittleres Baumholz_4,0.0,0.0,3.0,3.0,4.0,3.0,4279,not_young
2.725783597027103,10968.0,4.0,ds4,ds4_4,Schwaches Baumholz,Schwaches Baumholz_4,0.0,0.0,3.0,3.0,3.0,3.0,4280,not_young
5.190304844872602,10969.0,4.0,ds1,ds1_4,Jungwuchs/Dickung,Jungwuchs/Dickung_4,0.0,0.0,3.0,3.0,3.0,3.0,4281,young
1.137623242018908,10970.0,4.0,ds5,ds5_4,Mittleres Baumholz,Mittleres Baumholz_4,0.0,0.0,3.0,3.0,4.0,4.0,4282,not_young
0.928528015084367,10971.0,4.0,ds3,ds3_4,Stangenholz,Stangenholz_4,0.0,0.0,3.0,3.0,3.0,3.0,4283,not_young
2.445598672193971,10972.0,4.0,ds3,ds3_4,Stangenholz,Stangenholz_4,0.0,1.0,1.0,1.0,1.0,1.0,4284,not_young
1.318209287256538,10973.0,4.0,ds1,ds1_4,Jungwuchs/Dickung,Jungwuchs/Dickung_4,0.0,0.0,3.0,3.0,3.0,3.0,4285,young
1.894114159502764,10974.0,13.0,ds6,ds6_13,Starkes Baumholz,Starkes Baumholz_13,0.0,0.0,3.0,3.0,4.0,3.0,4286,not_young
1.379913851099089,10975.0,4.0,ds4,ds4_4,Schwaches Baumholz,Schwaches Baumholz_4,0.0,1.0,1.0,1.0,1.0,1.0,4287,not_young
1.302529324262336,10976.0,4.0,ds5,ds5_4,Mittleres Baumholz,Mittleres Baumholz_4,0.0,0.0,3.0,3.0,3.0,3.0,4288,not_young
0.925558266867063,10977.0,4.0,ds3,ds3_4,Stangenholz,Stangenholz_4,0.0,0.0,3.0,3.0,3.0,3.0,4289,not_young
1.535933050835203,10978.0,4.0,ds3,ds3_4,Stangenholz,Stangenholz_4,0.0,0.0,3.0,3.0,3.0,3.0,4290,not_young
0.843329413067224,10979.0,4.0,ds4,ds4_4,Schwaches Baumholz,Schwaches Baumholz_4,0.0,1.0,1.0,1.0,1.0,1.0,4291,not_young
1.613017117345985,10980.0,4.0,ds3,ds3_4,Stangenholz,Stangenholz_4,0.0,0.0,3.0,3.0,3.0,3.0,4292,not_young
1.367030007949524,10981.0,4.0,ds2,ds2_4,Jungwuchs/Dickung,Jungwuchs/Dickung_4,0.0,0.0,3.0,3.0,4.0,3.0,4293,young
2.033877728008735,10982.0,13.0,ds5,ds5_13,Mittleres Baumholz,Mittleres Baumholz_13,0.0,0.0,3.0,3.0,4.0,4.0,4294,not_young
1.885830434948811,10983.0,4.0,ds4,ds4_4,Schwaches Baumholz,Schwaches Baumholz_4,0.0,0.0,3.0,3.0,3.0,3.0,4295,not_young
0.56892182858279,10984.0,4.0,ds2,ds2_4,Jungwuchs/Dickung,Jungwuchs/Dickung_4,0.0,0.0,3.0,3.0,4.0,3.0,4296,young
1.121806365281483,10985.0,4.0,ds2,ds2_4,Jungwuchs/Dickung,Jungwuchs/Dickung_4,0.0,0.0,3.0,3.0,4.0,3.0,4297,young
1.967514753983077,10986.0,4.0,ds4,ds4_4,Schwaches Baumholz,Schwaches Baumholz_4,0.0,0.0,3.0,3.0,3.0,3.0,4298,not_young
1.304591863890243,10987.0,4.0,ds4,ds4_4,Schwaches Baumholz,Schwaches Baumholz_4,0.0,0.0,3.0,3.0,4.0,3.0,4299,not_young
0.937338801797712,10988.0,13.0,ds5,ds5_13,Mittleres Baumholz,Mittleres Baumholz_13,0.0,0.0,3.0,3.0,3.0,3.0,4300,not_young
0.93794748507943,10989.0,4.0,ds2,ds2_4,Jungwuchs/Dickung,Jungwuchs/Dickung_4,0.0,0.0,3.0,3.0,3.0,3.0,4301,young
1.29199111664705,10994.0,4.0,ds4,ds4_4,Schwaches Baumholz,Schwaches Baumholz_4,0.0,0.0,3.0,3.0,4.0,4.0,4302,not_young
0.51720076557991,10995.0,4.0,ds4,ds4_4,Schwaches Baumholz,Schwaches Baumholz_4,0.0,0.0,3.0,3.0,3.0,3.0,4303,not_young
2.309839501329283,10997.0,4.0,ds5,ds5_4,Mittleres Baumholz,Mittleres Baumholz_4,0.0,0.0,3.0,3.0,3.0,3.0,4304,not_young
0.703616944411164,10999.0,13.0,ds1,ds1_13,Jungwuchs/Dickung,Jungwuchs/Dickung_13,0.0,0.0,3.0,3.0,3.0,3.0,4305,young
0.926815076811053,11002.0,4.0,ds1,ds1_4,Jungwuchs/Dickung,Jungwuchs/Dickung_4,0.0,1.0,1.0,1.0,3.0,3.0,4306,young
0.920313652130484,11003.0,4.0,ds2,ds2_4,Jungwuchs/Dickung,Jungwuchs/Dickung_4,0.0,0.0,3.0,3.0,3.0,3.0,4307,young
2.521484662460798,11004.0,13.0,ds6,ds6_13,Starkes Baumholz,Starkes Baumholz_13,0.0,0.0,3.0,3.0,4.0,3.0,4308,not_young
2.068655877123441,11005.0,4.0,ds5,ds5_4,Mittleres Baumholz,Mittleres Baumholz_4,0.0,1.0,1.0,1.0,3.0,3.0,4309,not_young
0.648857512343489,11006.0,4.0,ds1,ds1_4,Jungwuchs/Dickung,Jungwuchs/Dickung_4,0.0,1.0,1.0,1.0,3.0,3.0,4310,young
1.132264256796613,11008.0,13.0,ds5,ds5_13,Mittleres Baumholz,Mittleres Baumholz_13,0.0,0.0,3.0,3.0,3.0,3.0,4311,not_young
0.647372924497502,11009.0,13.0,ds5,ds5_13,Mittleres Baumholz,Mittleres Baumholz_13,0.0,0.0,3.0,3.0,3.0,3.0,4312,not_young
1.063572628587112,11010.0,13.0,ds4,ds4_13,Schwaches Baumholz,Schwaches Baumholz_13,0.0,0.0,3.0,1.0,3.0,3.0,4313,not_young
1.138627381810383,11012.0,13.0,ds6,ds6_13,Starkes Baumholz,Starkes Baumholz_13,0.0,0.0,3.0,3.0,3.0,3.0,4314,not_young
0.553738976316154,11013.0,13.0,ds5,ds5_13,Mittleres Baumholz,Mittleres Baumholz_13,0.0,0.0,3.0,3.0,4.0,3.0,4315,not_young
0.612210346929822,11014.0,13.0,ds4,ds4_13,Schwaches Baumholz,Schwaches Baumholz_13,0.0,0.0,3.0,3.0,3.0,3.0,4316,not_young
0.873205542420223,11016.0,4.0,ds1,ds1_4,Jungwuchs/Dickung,Jungwuchs/Dickung_4,0.0,0.0,3.0,3.0,3.0,3.0,4317,young
0.675649479320148,11017.0,4.0,ds4,ds4_4,Schwaches Baumholz,Schwaches Baumholz_4,0.0,0.0,3.0,3.0,4.0,3.0,4318,not_young
1.713336564536137,11018.0,4.0,ds1,ds1_4,Jungwuchs/Dickung,Jungwuchs/Dickung_4,0.0,0.0,3.0,3.0,3.0,3.0,4319,young
0.718957792897523,11019.0,4.0,ds4,ds4_4,Schwaches Baumholz,Schwaches Baumholz_4,0.0,0.0,3.0,3.0,3.0,3.0,4320,not_young
4.144778142396337,11020.0,4.0,ds6,ds6_4,Starkes Baumholz,Starkes Baumholz_4,0.0,0.0,3.0,3.0,3.0,3.0,4321,not_young
3.832750291985169,11024.0,13.0,ds2,ds2_13,Jungwuchs/Dickung,Jungwuchs/Dickung_13,0.0,0.0,3.0,3.0,3.0,3.0,4322,young
1.834881424928643,11026.0,4.0,ds3,ds3_4,Stangenholz,Stangenholz_4,0.0,0.0,3.0,3.0,4.0,3.0,4323,not_young
0.534815042370814,11027.0,4.0,ds4,ds4_4,Schwaches Baumholz,Schwaches Baumholz_4,0.0,0.0,3.0,3.0,4.0,3.0,4324,not_young
1.381150922740198,11028.0,13.0,ds3,ds3_13,Stangenholz,Stangenholz_13,0.0,0.0,3.0,3.0,3.0,3.0,4325,not_young
0.873659828841733,11030.0,13.0,ds5,ds5_13,Mittleres Baumholz,Mittleres Baumholz_13,0.0,0.0,3.0,3.0,3.0,3.0,4326,not_young
0.727268999587512,11031.0,13.0,ds4,ds4_13,Schwaches Baumholz,Schwaches Baumholz_13,0.0,0.0,3.0,3.0,3.0,3.0,4327,not_young
2.923788093223888,11032.0,13.0,ds6,ds6_13,Starkes Baumholz,Starkes Baumholz_13,0.0,0.0,3.0,3.0,3.0,3.0,4328,not_young
1.642865520526515,11033.0,4.0,ds1,ds1_4,Jungwuchs/Dickung,Jungwuchs/Dickung_4,0.0,1.0,1.0,1.0,3.0,3.0,4329,young
5.224734476016956,11034.0,13.0,ds1,ds1_13,Jungwuchs/Dickung,Jungwuchs/Dickung_13,0.0,0.0,3.0,3.0,4.0,4.0,4330,young
0.91879073357404,11035.0,13.0,ds4,ds4_13,Schwaches Baumholz,Schwaches Baumholz_13,0.0,0.0,3.0,3.0,4.0,4.0,4331,not_young
3.605255746435153,11036.0,4.0,ds5,ds5_4,Mittleres Baumholz,Mittleres Baumholz_4,0.0,0.0,3.0,3.0,3.0,3.0,4332,not_young
1.342652518800379,11037.0,4.0,ds2,ds2_4,Jungwuchs/Dickung,Jungwuchs/Dickung_4,0.0,0.0,3.0,3.0,3.0,3.0,4333,young
1.279839649789059,11038.0,13.0,ds4,ds4_13,Schwaches Baumholz,Schwaches Baumholz_13,0.0,0.0,3.0,1.0,4.0,3.0,4334,not_young
5.392828574627858,11039.0,13.0,ds6,ds6_13,Starkes Baumholz,Starkes Baumholz_13,0.0,1.0,1.0,1.0,1.0,1.0,4335,not_young
0.549977833566815,11044.0,4.0,ds4,ds4_4,Schwaches Baumholz,Schwaches Baumholz_4,0.0,1.0,1.0,1.0,1.0,1.0,4336,not_young
0.65133153500905,11054.0,4.0,ds5,ds5_4,Mittleres Baumholz,Mittleres Baumholz_4,0.0,1.0,1.0,1.0,1.0,1.0,4337,not_young
0.540216055161518,11060.0,4.0,ds4,ds4_4,Schwaches Baumholz,Schwaches Baumholz_4,0.0,1.0,1.0,1.0,1.0,1.0,4338,not_young
0.814756978887913,11069.0,4.0,ds1,ds1_4,Jungwuchs/Dickung,Jungwuchs/Dickung_4,0.0,1.0,1.0,1.0,1.0,1.0,4339,young
0.576936299556866,11070.0,4.0,ds6,ds6_4,Starkes Baumholz,Starkes Baumholz_4,0.0,0.0,3.0,3.0,3.0,3.0,4340,not_young
0.567022873969586,11078.0,13.0,ds4,ds4_13,Schwaches Baumholz,Schwaches Baumholz_13,0.0,1.0,1.0,1.0,1.0,1.0,4341,not_young
0.702191034841823,11079.0,4.0,ds5,ds5_4,Mittleres Baumholz,Mittleres Baumholz_4,0.0,1.0,1.0,1.0,1.0,1.0,4342,not_young
0.770468695518701,11086.0,13.0,ds5,ds5_13,Mittleres Baumholz,Mittleres Baumholz_13,0.0,1.0,1.0,1.0,1.0,1.0,4343,not_young
0.515627866419405,11088.0,13.0,ds5,ds5_13,Mittleres Baumholz,Mittleres Baumholz_13,0.0,1.0,1.0,1.0,1.0,1.0,4344,not_young
1.171862552725128,11090.0,13.0,ds4,ds4_13,Schwaches Baumholz,Schwaches Baumholz_13,0.0,0.0,3.0,3.0,3.0,3.0,4345,not_young
0.725261209324907,11100.0,4.0,ds5,ds5_4,Mittleres Baumholz,Mittleres Baumholz_4,0.0,0.0,3.0,3.0,4.0,3.0,4346,not_young
0.50508182059871,11102.0,4.0,ds5,ds5_4,Mittleres Baumholz,Mittleres Baumholz_4,0.0,1.0,1.0,1.0,1.0,1.0,4347,not_young
0.973637463276461,11104.0,13.0,ds6,ds6_13,Starkes Baumholz,Starkes Baumholz_13,0.0,1.0,1.0,1.0,1.0,1.0,4348,not_young
0.562907233945094,11105.0,4.0,ds4,ds4_4,Schwaches Baumholz,Schwaches Baumholz_4,0.0,1.0,1.0,1.0,1.0,1.0,4349,not_young
1.090606080529327,11107.0,13.0,ds3,ds3_13,Stangenholz,Stangenholz_13,0.0,1.0,1.0,1.0,1.0,1.0,4350,not_young
0.580155821293092,11114.0,13.0,ds5,ds5_13,Mittleres Baumholz,Mittleres Baumholz_13,0.0,1.0,1.0,1.0,1.0,1.0,4351,not_young
0.946008610341139,11127.0,4.0,ds1,ds1_4,Jungwuchs/Dickung,Jungwuchs/Dickung_4,0.0,1.0,1.0,1.0,1.0,1.0,4352,young
0.595843080814683,11128.0,13.0,ds1,ds1_13,Jungwuchs/Dickung,Jungwuchs/Dickung_13,0.0,0.0,3.0,3.0,3.0,3.0,4353,young
0.546490671837237,11131.0,4.0,ds3,ds3_4,Stangenholz,Stangenholz_4,0.0,1.0,1.0,1.0,1.0,1.0,4354,not_young
0.920454204015993,11133.0,4.0,ds4,ds4_4,Schwaches Baumholz,Schwaches Baumholz_4,0.0,1.0,1.0,1.0,1.0,1.0,4355,not_young
0.657537738549966,11136.0,4.0,ds2,ds2_4,Jungwuchs/Dickung,Jungwuchs/Dickung_4,0.0,1.0,1.0,1.0,1.0,1.0,4356,young
0.577780595826637,11137.0,4.0,ds1,ds1_4,Jungwuchs/Dickung,Jungwuchs/Dickung_4,0.0,1.0,1.0,1.0,1.0,1.0,4357,young
1.031650833432004,11140.0,4.0,ds6,ds6_4,Starkes Baumholz,Starkes Baumholz_4,0.0,1.0,1.0,1.0,1.0,1.0,4358,not_young
4.381549956185184,11144.0,4.0,ds5,ds5_4,Mittleres Baumholz,Mittleres Baumholz_4,0.0,1.0,1.0,1.0,1.0,1.0,4359,not_young
0.757264452963695,11145.0,4.0,ds6,ds6_4,Starkes Baumholz,Starkes Baumholz_4,0.0,1.0,1.0,1.0,1.0,1.0,4360,not_young
0.879764428827586,11146.0,4.0,ds6,ds6_4,Starkes Baumholz,Starkes Baumholz_4,0.0,0.0,3.0,3.0,3.0,3.0,4361,not_young
0.757373262513685,11147.0,13.0,ds6,ds6_13,Starkes Baumholz,Starkes Baumholz_13,0.0,0.0,3.0,3.0,4.0,3.0,4362,not_young
1.152107806658372,11155.0,4.0,ds4,ds4_4,Schwaches Baumholz,Schwaches Baumholz_4,0.0,1.0,1.0,1.0,1.0,1.0,4363,not_young
1.469237135776598,11157.0,4.0,ds3,ds3_4,Stangenholz,Stangenholz_4,0.0,1.0,1.0,1.0,1.0,1.0,4364,not_young
1.198497838899202,11159.0,4.0,ds4,ds4_4,Schwaches Baumholz,Schwaches Baumholz_4,0.0,1.0,1.0,1.0,1.0,1.0,4365,not_young
1.056846921280399,11161.0,13.0,ds5,ds5_13,Mittleres Baumholz,Mittleres Baumholz_13,0.0,1.0,1.0,1.0,1.0,1.0,4366,not_young
0.791342084513017,11163.0,4.0,ds6,ds6_4,Starkes Baumholz,Starkes Baumholz_4,0.0,1.0,1.0,1.0,1.0,1.0,4367,not_young
1.832911148211686,11170.0,13.0,ds4,ds4_13,Schwaches Baumholz,Schwaches Baumholz_13,0.0,1.0,1.0,1.0,1.0,1.0,4368,not_young
0.688695362006244,11171.0,13.0,ds3,ds3_13,Stangenholz,Stangenholz_13,0.0,0.0,3.0,3.0,4.0,4.0,4369,not_young
4.969852274853172,11172.0,4.0,ds6,ds6_4,Starkes Baumholz,Starkes Baumholz_4,0.0,1.0,1.0,1.0,1.0,1.0,4370,not_young
1.126151687847667,11173.0,13.0,ds2,ds2_13,Jungwuchs/Dickung,Jungwuchs/Dickung_13,0.0,0.0,3.0,3.0,4.0,3.0,4371,young
2.273023774343357,11174.0,13.0,ds5,ds5_13,Mittleres Baumholz,Mittleres Baumholz_13,0.0,1.0,1.0,1.0,1.0,1.0,4372,not_young
1.074389633908094,11175.0,13.0,ds3,ds3_13,Stangenholz,Stangenholz_13,0.0,1.0,1.0,1.0,1.0,1.0,4373,not_young
0.535079916429287,11176.0,13.0,ds2,ds2_13,Jungwuchs/Dickung,Jungwuchs/Dickung_13,0.0,1.0,1.0,1.0,1.0,1.0,4374,young
1.055673235153782,11179.0,4.0,ds5,ds5_4,Mittleres Baumholz,Mittleres Baumholz_4,0.0,0.0,3.0,3.0,3.0,3.0,4375,not_young
1.176840975611284,11180.0,13.0,ds3,ds3_13,Stangenholz,Stangenholz_13,0.0,1.0,1.0,1.0,1.0,1.0,4376,not_young
0.522479720120353,11188.0,4.0,ds5,ds5_4,Mittleres Baumholz,Mittleres Baumholz_4,0.0,0.0,3.0,3.0,4.0,4.0,4377,not_young
2.229012537143317,11190.0,4.0,ds5,ds5_4,Mittleres Baumholz,Mittleres Baumholz_4,0.0,1.0,1.0,1.0,1.0,1.0,4378,not_young
0.574080705175921,11192.0,4.0,ds1,ds1_4,Jungwuchs/Dickung,Jungwuchs/Dickung_4,0.0,1.0,1.0,1.0,1.0,1.0,4379,young
1.937762274988554,11194.0,4.0,ds5,ds5_4,Mittleres Baumholz,Mittleres Baumholz_4,0.0,1.0,1.0,1.0,1.0,1.0,4380,not_young
2.257442086351465,11195.0,4.0,ds2,ds2_4,Jungwuchs/Dickung,Jungwuchs/Dickung_4,0.0,1.0,1.0,1.0,1.0,1.0,4381,young
0.893824512056587,11196.0,4.0,ds2,ds2_4,Jungwuchs/Dickung,Jungwuchs/Dickung_4,0.0,1.0,1.0,1.0,1.0,1.0,4382,young
0.680102239926951,11197.0,4.0,ds3,ds3_4,Stangenholz,Stangenholz_4,0.0,1.0,1.0,1.0,1.0,1.0,4383,not_young
3.009829426226113,11198.0,4.0,ds3,ds3_4,Stangenholz,Stangenholz_4,0.0,1.0,1.0,1.0,1.0,1.0,4384,not_young
1.124068864079623,11199.0,4.0,ds3,ds3_4,Stangenholz,Stangenholz_4,0.0,1.0,1.0,1.0,1.0,1.0,4385,not_young
2.685378888131248,11201.0,4.0,ds3,ds3_4,Stangenholz,Stangenholz_4,0.0,1.0,1.0,1.0,1.0,1.0,4386,not_young
3.816384903193004,11205.0,4.0,ds3,ds3_4,Stangenholz,Stangenholz_4,0.0,1.0,1.0,1.0,1.0,1.0,4387,not_young
4.231292783778778,11206.0,4.0,ds3,ds3_4,Stangenholz,Stangenholz_4,0.0,1.0,1.0,1.0,1.0,1.0,4388,not_young
1.327569166702067,11207.0,4.0,ds2,ds2_4,Jungwuchs/Dickung,Jungwuchs/Dickung_4,0.0,1.0,1.0,1.0,1.0,1.0,4389,young
1.711658730698703,11214.0,13.0,ds4,ds4_13,Schwaches Baumholz,Schwaches Baumholz_13,0.0,1.0,1.0,1.0,1.0,1.0,4390,not_young
2.50058644633852,11217.0,13.0,ds2,ds2_13,Jungwuchs/Dickung,Jungwuchs/Dickung_13,0.0,1.0,1.0,1.0,1.0,1.0,4391,young
2.244885555930738,11218.0,13.0,ds6,ds6_13,Starkes Baumholz,Starkes Baumholz_13,0.0,0.0,3.0,3.0,4.0,3.0,4392,not_young
0.559274702042528,11221.0,13.0,ds5,ds5_13,Mittleres Baumholz,Mittleres Baumholz_13,0.0,0.0,3.0,3.0,3.0,3.0,4393,not_young
1.358718091055658,11223.0,13.0,ds6,ds6_13,Starkes Baumholz,Starkes Baumholz_13,0.0,1.0,1.0,1.0,1.0,1.0,4394,not_young
0.75946160180053,11225.0,4.0,ds5,ds5_4,Mittleres Baumholz,Mittleres Baumholz_4,0.0,0.0,3.0,3.0,3.0,3.0,4395,not_young
0.552962433442287,11226.0,4.0,ds5,ds5_4,Mittleres Baumholz,Mittleres Baumholz_4,1.0,0.0,2.0,2.0,4.0,4.0,4396,not_young
2.052596618357126,11230.0,13.0,ds2,ds2_13,Jungwuchs/Dickung,Jungwuchs/Dickung_13,0.0,0.0,3.0,3.0,3.0,3.0,4397,young
0.635321051833022,11231.0,13.0,ds3,ds3_13,Stangenholz,Stangenholz_13,0.0,1.0,1.0,1.0,1.0,1.0,4398,not_young
0.62359974989849,11232.0,13.0,ds2,ds2_13,Jungwuchs/Dickung,Jungwuchs/Dickung_13,0.0,1.0,1.0,1.0,1.0,1.0,4399,young
3.939045181883142,11234.0,4.0,ds5,ds5_4,Mittleres Baumholz,Mittleres Baumholz_4,0.0,0.0,3.0,3.0,3.0,3.0,4400,not_young
1.213794748036843,11235.0,13.0,ds3,ds3_13,Stangenholz,Stangenholz_13,0.0,0.0,3.0,3.0,4.0,3.0,4401,not_young
0.858899133715639,11241.0,4.0,ds4,ds4_4,Schwaches Baumholz,Schwaches Baumholz_4,0.0,1.0,1.0,1.0,1.0,1.0,4402,not_young
0.520106716244062,11242.0,4.0,ds5,ds5_4,Mittleres Baumholz,Mittleres Baumholz_4,1.0,0.0,2.0,2.0,2.0,2.0,4403,not_young
0.665797724458261,11243.0,4.0,ds5,ds5_4,Mittleres Baumholz,Mittleres Baumholz_4,0.0,0.0,3.0,3.0,4.0,3.0,4404,not_young
1.274504664897081,11252.0,13.0,ds3,ds3_13,Stangenholz,Stangenholz_13,0.0,1.0,1.0,1.0,1.0,1.0,4405,not_young
0.628867776063061,11253.0,4.0,ds1,ds1_4,Jungwuchs/Dickung,Jungwuchs/Dickung_4,0.0,0.0,3.0,3.0,3.0,3.0,4406,young
1.115967640659132,11255.0,4.0,ds4,ds4_4,Schwaches Baumholz,Schwaches Baumholz_4,0.0,1.0,1.0,1.0,1.0,1.0,4407,not_young
2.40123890367006,11256.0,4.0,ds4,ds4_4,Schwaches Baumholz,Schwaches Baumholz_4,0.0,1.0,1.0,1.0,1.0,1.0,4408,not_young
0.719419214098927,11257.0,4.0,ds4,ds4_4,Schwaches Baumholz,Schwaches Baumholz_4,0.0,1.0,1.0,1.0,1.0,1.0,4409,not_young
0.604362574381009,11258.0,4.0,ds2,ds2_4,Jungwuchs/Dickung,Jungwuchs/Dickung_4,0.0,1.0,1.0,1.0,1.0,1.0,4410,young
1.731319336997438,11261.0,4.0,ds2,ds2_4,Jungwuchs/Dickung,Jungwuchs/Dickung_4,0.0,1.0,1.0,1.0,1.0,1.0,4411,young
1.601167552700127,11262.0,4.0,ds3,ds3_4,Stangenholz,Stangenholz_4,0.0,1.0,1.0,1.0,1.0,1.0,4412,not_young
2.050658442843286,11263.0,4.0,ds3,ds3_4,Stangenholz,Stangenholz_4,0.0,1.0,1.0,1.0,1.0,1.0,4413,not_young
1.33119995567496,11264.0,4.0,ds3,ds3_4,Stangenholz,Stangenholz_4,0.0,1.0,1.0,1.0,1.0,1.0,4414,not_young
0.682857983083557,11265.0,4.0,ds5,ds5_4,Mittleres Baumholz,Mittleres Baumholz_4,0.0,1.0,1.0,1.0,1.0,1.0,4415,not_young
0.829493880746688,11266.0,4.0,ds4,ds4_4,Schwaches Baumholz,Schwaches Baumholz_4,0.0,1.0,1.0,1.0,1.0,1.0,4416,not_young
3.915702292056987,11268.0,4.0,ds4,ds4_4,Schwaches Baumholz,Schwaches Baumholz_4,0.0,1.0,1.0,1.0,1.0,1.0,4417,not_young
1.217340311283514,11270.0,4.0,ds6,ds6_4,Starkes Baumholz,Starkes Baumholz_4,0.0,1.0,1.0,1.0,1.0,1.0,4418,not_young
0.83158535581429,11272.0,13.0,ds4,ds4_13,Schwaches Baumholz,Schwaches Baumholz_13,0.0,1.0,1.0,1.0,1.0,1.0,4419,not_young
0.880784978591464,11273.0,4.0,ds5,ds5_4,Mittleres Baumholz,Mittleres Baumholz_4,0.0,0.0,3.0,3.0,3.0,3.0,4420,not_young
1.909567752156686,11275.0,13.0,ds4,ds4_13,Schwaches Baumholz,Schwaches Baumholz_13,0.0,0.0,3.0,3.0,3.0,3.0,4421,not_young
1.649833961539832,11276.0,13.0,ds3,ds3_13,Stangenholz,Stangenholz_13,0.0,1.0,1.0,1.0,1.0,1.0,4422,not_young
2.773372083697631,11277.0,13.0,ds1,ds1_13,Jungwuchs/Dickung,Jungwuchs/Dickung_13,0.0,1.0,1.0,1.0,1.0,1.0,4423,young
4.473262816508301,11278.0,13.0,ds5,ds5_13,Mittleres Baumholz,Mittleres Baumholz_13,0.0,0.0,3.0,3.0,3.0,3.0,4424,not_young
0.565770771919191,11279.0,4.0,ds4,ds4_4,Schwaches Baumholz,Schwaches Baumholz_4,0.0,1.0,1.0,1.0,1.0,1.0,4425,not_young
0.562759970119159,11280.0,13.0,ds4,ds4_13,Schwaches Baumholz,Schwaches Baumholz_13,0.0,0.0,3.0,3.0,3.0,3.0,4426,not_young
0.639253819122876,11281.0,13.0,ds2,ds2_13,Jungwuchs/Dickung,Jungwuchs/Dickung_13,0.0,0.0,3.0,3.0,3.0,3.0,4427,young
6.93362464998425,11284.0,13.0,ds6,ds6_13,Starkes Baumholz,Starkes Baumholz_13,0.0,1.0,1.0,1.0,1.0,1.0,4428,not_young
1.30763252643859,11285.0,13.0,ds6,ds6_13,Starkes Baumholz,Starkes Baumholz_13,0.0,0.0,3.0,3.0,3.0,3.0,4429,not_young
0.678430093277618,11286.0,4.0,ds4,ds4_4,Schwaches Baumholz,Schwaches Baumholz_4,0.0,0.0,3.0,3.0,3.0,3.0,4430,not_young
2.220470345056302,11288.0,13.0,ds3,ds3_13,Stangenholz,Stangenholz_13,0.0,0.0,3.0,3.0,3.0,3.0,4431,not_young
2.610816284527222,11289.0,4.0,ds4,ds4_4,Schwaches Baumholz,Schwaches Baumholz_4,0.0,1.0,1.0,1.0,1.0,1.0,4432,not_young
0.507630539673287,11290.0,4.0,ds4,ds4_4,Schwaches Baumholz,Schwaches Baumholz_4,0.0,0.0,3.0,3.0,3.0,3.0,4433,not_young
2.161673943050113,11291.0,4.0,ds2,ds2_4,Jungwuchs/Dickung,Jungwuchs/Dickung_4,0.0,0.0,3.0,3.0,3.0,3.0,4434,young
0.52775068573365,11292.0,13.0,ds3,ds3_13,Stangenholz,Stangenholz_13,0.0,1.0,1.0,1.0,1.0,1.0,4435,not_young
3.148005623377161,11293.0,13.0,ds1,ds1_13,Jungwuchs/Dickung,Jungwuchs/Dickung_13,0.0,1.0,1.0,1.0,1.0,1.0,4436,young
1.28937840047091,11294.0,13.0,ds4,ds4_13,Schwaches Baumholz,Schwaches Baumholz_13,0.0,0.0,3.0,3.0,3.0,3.0,4437,not_young
0.577298557556514,11295.0,13.0,ds4,ds4_13,Schwaches Baumholz,Schwaches Baumholz_13,0.0,1.0,1.0,1.0,1.0,1.0,4438,not_young
4.220227235811786,11296.0,13.0,ds5,ds5_13,Mittleres Baumholz,Mittleres Baumholz_13,0.0,1.0,1.0,1.0,1.0,1.0,4439,not_young
1.646479592360277,11298.0,13.0,ds5,ds5_13,Mittleres Baumholz,Mittleres Baumholz_13,0.0,1.0,1.0,1.0,1.0,1.0,4440,not_young
0.607034034243228,11300.0,4.0,ds4,ds4_4,Schwaches Baumholz,Schwaches Baumholz_4,0.0,0.0,3.0,3.0,3.0,3.0,4441,not_young
1.896695112607479,11301.0,4.0,ds2,ds2_4,Jungwuchs/Dickung,Jungwuchs/Dickung_4,0.0,0.0,3.0,3.0,4.0,3.0,4442,young
3.220074207004592,11304.0,4.0,ds5,ds5_4,Mittleres Baumholz,Mittleres Baumholz_4,0.0,1.0,1.0,1.0,1.0,1.0,4443,not_young
2.015850053907032,11306.0,4.0,ds6,ds6_4,Starkes Baumholz,Starkes Baumholz_4,0.0,0.0,3.0,3.0,3.0,3.0,4444,not_young
1.6681627127029,11307.0,4.0,ds5,ds5_4,Mittleres Baumholz,Mittleres Baumholz_4,0.0,1.0,1.0,1.0,1.0,1.0,4445,not_young
0.999754935270475,11309.0,4.0,ds1,ds1_4,Jungwuchs/Dickung,Jungwuchs/Dickung_4,0.0,0.0,3.0,1.0,3.0,3.0,4446,young
0.520898850758187,11310.0,4.0,ds4,ds4_4,Schwaches Baumholz,Schwaches Baumholz_4,0.0,0.0,3.0,3.0,4.0,3.0,4447,not_young
1.454512862052489,11311.0,4.0,ds5,ds5_4,Mittleres Baumholz,Mittleres Baumholz_4,0.0,1.0,1.0,1.0,1.0,1.0,4448,not_young
5.599276827845614,11312.0,13.0,ds6,ds6_13,Starkes Baumholz,Starkes Baumholz_13,0.0,1.0,1.0,1.0,1.0,1.0,4449,not_young
1.524509521439963,11314.0,13.0,ds3,ds3_13,Stangenholz,Stangenholz_13,0.0,0.0,3.0,3.0,4.0,3.0,4450,not_young
2.356667850094242,11315.0,4.0,ds3,ds3_4,Stangenholz,Stangenholz_4,0.0,1.0,1.0,1.0,1.0,1.0,4451,not_young
0.567877960959822,11316.0,13.0,ds3,ds3_13,Stangenholz,Stangenholz_13,0.0,0.0,3.0,3.0,3.0,3.0,4452,not_young
3.227998206402082,11317.0,13.0,ds5,ds5_13,Mittleres Baumholz,Mittleres Baumholz_13,0.0,0.0,3.0,3.0,3.0,3.0,4453,not_young
1.609844234848322,11320.0,4.0,ds4,ds4_4,Schwaches Baumholz,Schwaches Baumholz_4,0.0,1.0,1.0,1.0,1.0,1.0,4454,not_young
1.254299828176107,11321.0,4.0,ds2,ds2_4,Jungwuchs/Dickung,Jungwuchs/Dickung_4,0.0,1.0,1.0,1.0,1.0,1.0,4455,young
1.57379277086989,11322.0,4.0,ds6,ds6_4,Starkes Baumholz,Starkes Baumholz_4,0.0,1.0,1.0,1.0,1.0,1.0,4456,not_young
0.614500556872407,11324.0,13.0,ds3,ds3_13,Stangenholz,Stangenholz_13,0.0,0.0,3.0,3.0,3.0,3.0,4457,not_young
0.587840663524019,11325.0,4.0,ds6,ds6_4,Starkes Baumholz,Starkes Baumholz_4,0.0,0.0,3.0,3.0,3.0,3.0,4458,not_young
0.574480488040674,11328.0,4.0,ds2,ds2_4,Jungwuchs/Dickung,Jungwuchs/Dickung_4,0.0,1.0,1.0,1.0,1.0,1.0,4459,young
0.81908443891944,11329.0,4.0,ds5,ds5_4,Mittleres Baumholz,Mittleres Baumholz_4,0.0,1.0,1.0,1.0,1.0,1.0,4460,not_young
0.737842073051492,11331.0,4.0,ds1,ds1_4,Jungwuchs/Dickung,Jungwuchs/Dickung_4,0.0,1.0,1.0,1.0,1.0,1.0,4461,young
0.554177697337186,11332.0,4.0,ds1,ds1_4,Jungwuchs/Dickung,Jungwuchs/Dickung_4,0.0,1.0,1.0,1.0,1.0,1.0,4462,young
3.94576303406863,11335.0,4.0,ds6,ds6_4,Starkes Baumholz,Starkes Baumholz_4,0.0,0.0,3.0,3.0,3.0,3.0,4463,not_young
0.725536385163281,11337.0,4.0,ds5,ds5_4,Mittleres Baumholz,Mittleres Baumholz_4,0.0,0.0,3.0,3.0,3.0,3.0,4464,not_young
0.779426771494362,11340.0,4.0,ds3,ds3_4,Stangenholz,Stangenholz_4,0.0,1.0,1.0,1.0,1.0,1.0,4465,not_young
2.471507553192426,11341.0,4.0,ds5,ds5_4,Mittleres Baumholz,Mittleres Baumholz_4,0.0,1.0,1.0,1.0,1.0,1.0,4466,not_young
1.150811144254601,11342.0,4.0,ds6,ds6_4,Starkes Baumholz,Starkes Baumholz_4,0.0,1.0,1.0,1.0,1.0,1.0,4467,not_young
0.997831511473842,11343.0,4.0,ds4,ds4_4,Schwaches Baumholz,Schwaches Baumholz_4,0.0,0.0,3.0,3.0,4.0,3.0,4468,not_young
1.603627806542581,11344.0,13.0,ds5,ds5_13,Mittleres Baumholz,Mittleres Baumholz_13,0.0,1.0,1.0,1.0,1.0,1.0,4469,not_young
6.88790745311284,11345.0,4.0,ds6,ds6_4,Starkes Baumholz,Starkes Baumholz_4,0.0,1.0,1.0,1.0,1.0,1.0,4470,not_young
1.627450835932046,11346.0,13.0,ds4,ds4_13,Schwaches Baumholz,Schwaches Baumholz_13,0.0,1.0,1.0,1.0,1.0,1.0,4471,not_young
0.543856588120572,11347.0,13.0,ds3,ds3_13,Stangenholz,Stangenholz_13,0.0,1.0,1.0,1.0,1.0,1.0,4472,not_young
6.737460798998806,11348.0,4.0,ds6,ds6_4,Starkes Baumholz,Starkes Baumholz_4,0.0,1.0,1.0,1.0,1.0,1.0,4473,not_young
3.283818048204523,11349.0,13.0,ds4,ds4_13,Schwaches Baumholz,Schwaches Baumholz_13,0.0,0.0,3.0,3.0,3.0,3.0,4474,not_young
1.206350244947616,11350.0,13.0,ds2,ds2_13,Jungwuchs/Dickung,Jungwuchs/Dickung_13,0.0,1.0,1.0,1.0,1.0,1.0,4475,young
1.300704763951525,11351.0,13.0,ds5,ds5_13,Mittleres Baumholz,Mittleres Baumholz_13,0.0,0.0,3.0,3.0,4.0,4.0,4476,not_young
0.859421325467574,11352.0,4.0,ds5,ds5_4,Mittleres Baumholz,Mittleres Baumholz_4,0.0,0.0,3.0,3.0,4.0,4.0,4477,not_young
1.440654521335708,11353.0,4.0,ds2,ds2_4,Jungwuchs/Dickung,Jungwuchs/Dickung_4,0.0,1.0,1.0,1.0,1.0,1.0,4478,young
3.649945327012684,11354.0,4.0,ds3,ds3_4,Stangenholz,Stangenholz_4,0.0,1.0,1.0,1.0,1.0,1.0,4479,not_young
4.941828214579728,11355.0,4.0,ds5,ds5_4,Mittleres Baumholz,Mittleres Baumholz_4,0.0,1.0,1.0,1.0,1.0,1.0,4480,not_young
1.341118755328143,11356.0,4.0,ds6,ds6_4,Starkes Baumholz,Starkes Baumholz_4,1.0,1.0,1.0,1.0,1.0,1.0,4481,not_young
2.630620754740911,11357.0,4.0,ds5,ds5_4,Mittleres Baumholz,Mittleres Baumholz_4,0.0,1.0,1.0,1.0,1.0,1.0,4482,not_young
0.892087135989592,11358.0,4.0,ds1,ds1_4,Jungwuchs/Dickung,Jungwuchs/Dickung_4,0.0,1.0,1.0,1.0,1.0,1.0,4483,young
4.048360494361055,11359.0,4.0,ds3,ds3_4,Stangenholz,Stangenholz_4,0.0,1.0,1.0,1.0,1.0,1.0,4484,not_young
3.804818333078089,11360.0,4.0,ds3,ds3_4,Stangenholz,Stangenholz_4,0.0,1.0,1.0,1.0,1.0,1.0,4485,not_young
2.339828388524906,11361.0,4.0,ds2,ds2_4,Jungwuchs/Dickung,Jungwuchs/Dickung_4,0.0,1.0,1.0,1.0,1.0,1.0,4486,young
1.54010307808622,11362.0,4.0,ds3,ds3_4,Stangenholz,Stangenholz_4,0.0,1.0,1.0,1.0,1.0,1.0,4487,not_young
3.782879074284871,11363.0,4.0,ds5,ds5_4,Mittleres Baumholz,Mittleres Baumholz_4,0.0,1.0,1.0,1.0,1.0,1.0,4488,not_young
1.258162149441207,11364.0,4.0,ds5,ds5_4,Mittleres Baumholz,Mittleres Baumholz_4,0.0,1.0,1.0,1.0,1.0,1.0,4489,not_young
5.41009159934621,11365.0,13.0,ds6,ds6_13,Starkes Baumholz,Starkes Baumholz_13,0.0,1.0,1.0,1.0,1.0,1.0,4490,not_young
11.135294062150686,11366.0,13.0,ds6,ds6_13,Starkes Baumholz,Starkes Baumholz_13,1.0,1.0,1.0,1.0,1.0,1.0,4491,not_young
3.884260523868865,11367.0,4.0,ds5,ds5_4,Mittleres Baumholz,Mittleres Baumholz_4,0.0,1.0,1.0,1.0,1.0,1.0,4492,not_young
0.906310605039669,11368.0,4.0,ds6,ds6_4,Starkes Baumholz,Starkes Baumholz_4,0.0,1.0,1.0,1.0,1.0,1.0,4493,not_young
2.4110790485989,11369.0,13.0,ds5,ds5_13,Mittleres Baumholz,Mittleres Baumholz_13,0.0,1.0,1.0,1.0,1.0,1.0,4494,not_young
3.681174189646897,11370.0,13.0,ds3,ds3_13,Stangenholz,Stangenholz_13,0.0,0.0,3.0,3.0,4.0,3.0,4495,not_young
2.579447946175444,11371.0,13.0,ds3,ds3_13,Stangenholz,Stangenholz_13,1.0,1.0,1.0,1.0,1.0,1.0,4496,not_young
1.367299732121959,11372.0,4.0,ds5,ds5_4,Mittleres Baumholz,Mittleres Baumholz_4,0.0,0.0,3.0,3.0,3.0,3.0,4497,not_young
0.641333249382759,11375.0,4.0,ds4,ds4_4,Schwaches Baumholz,Schwaches Baumholz_4,0.0,0.0,3.0,3.0,3.0,3.0,4498,not_young
0.502408423883095,11381.0,13.0,ds5,ds5_13,Mittleres Baumholz,Mittleres Baumholz_13,0.0,0.0,3.0,3.0,3.0,3.0,4499,not_young
0.795173216542974,11394.0,4.0,ds5,ds5_4,Mittleres Baumholz,Mittleres Baumholz_4,0.0,0.0,3.0,3.0,3.0,3.0,4500,not_young
0.966973927045334,11400.0,13.0,ds5,ds5_13,Mittleres Baumholz,Mittleres Baumholz_13,0.0,0.0,3.0,3.0,3.0,3.0,4501,not_young
1.063054027246556,11401.0,4.0,ds6,ds6_4,Starkes Baumholz,Starkes Baumholz_4,0.0,1.0,1.0,1.0,3.0,3.0,4502,not_young
0.974195156706125,11404.0,13.0,ds5,ds5_13,Mittleres Baumholz,Mittleres Baumholz_13,0.0,0.0,3.0,3.0,4.0,3.0,4503,not_young
0.652481192360818,11409.0,4.0,ds6,ds6_4,Starkes Baumholz,Starkes Baumholz_4,0.0,0.0,3.0,3.0,3.0,3.0,4504,not_young
0.553353418799583,11410.0,13.0,ds5,ds5_13,Mittleres Baumholz,Mittleres Baumholz_13,0.0,0.0,3.0,3.0,3.0,3.0,4505,not_young
1.279783791614138,11411.0,13.0,ds5,ds5_13,Mittleres Baumholz,Mittleres Baumholz_13,0.0,0.0,3.0,3.0,3.0,3.0,4506,not_young
0.712091450756404,11434.0,4.0,ds3,ds3_4,Stangenholz,Stangenholz_4,0.0,0.0,3.0,3.0,3.0,3.0,4507,not_young
1.000118809046596,11440.0,4.0,ds1,ds1_4,Jungwuchs/Dickung,Jungwuchs/Dickung_4,0.0,0.0,3.0,3.0,3.0,3.0,4508,young
0.651576598791592,11444.0,4.0,ds6,ds6_4,Starkes Baumholz,Starkes Baumholz_4,0.0,0.0,3.0,1.0,3.0,3.0,4509,not_young
0.773194322601333,11457.0,4.0,ds1,ds1_4,Jungwuchs/Dickung,Jungwuchs/Dickung_4,0.0,0.0,3.0,3.0,4.0,3.0,4510,young
0.586606090225233,11458.0,4.0,ds5,ds5_4,Mittleres Baumholz,Mittleres Baumholz_4,0.0,0.0,3.0,1.0,4.0,3.0,4511,not_young
1.00966407234103,11460.0,4.0,ds1,ds1_4,Jungwuchs/Dickung,Jungwuchs/Dickung_4,0.0,0.0,3.0,3.0,3.0,3.0,4512,young
0.614034162401408,11465.0,4.0,ds4,ds4_4,Schwaches Baumholz,Schwaches Baumholz_4,0.0,0.0,3.0,3.0,3.0,3.0,4513,not_young
0.578875958200358,11468.0,4.0,ds3,ds3_4,Stangenholz,Stangenholz_4,0.0,0.0,3.0,3.0,3.0,3.0,4514,not_young
0.530334033005871,11469.0,4.0,ds2,ds2_4,Jungwuchs/Dickung,Jungwuchs/Dickung_4,0.0,0.0,3.0,3.0,3.0,3.0,4515,young
0.616856710550934,11471.0,4.0,ds4,ds4_4,Schwaches Baumholz,Schwaches Baumholz_4,0.0,0.0,3.0,3.0,3.0,3.0,4516,not_young
0.503544005113281,11482.0,4.0,ds1,ds1_4,Jungwuchs/Dickung,Jungwuchs/Dickung_4,0.0,0.0,3.0,3.0,3.0,3.0,4517,young
1.192373978803586,11485.0,4.0,ds4,ds4_4,Schwaches Baumholz,Schwaches Baumholz_4,0.0,0.0,3.0,3.0,3.0,3.0,4518,not_young
0.598314381410461,11486.0,4.0,ds6,ds6_4,Starkes Baumholz,Starkes Baumholz_4,0.0,0.0,3.0,3.0,3.0,3.0,4519,not_young
0.744334685300454,11488.0,4.0,ds3,ds3_4,Stangenholz,Stangenholz_4,0.0,0.0,3.0,3.0,3.0,3.0,4520,not_young
0.608434938076884,11489.0,4.0,ds3,ds3_4,Stangenholz,Stangenholz_4,0.0,0.0,3.0,3.0,3.0,3.0,4521,not_young
0.949427968843281,11491.0,4.0,ds2,ds2_4,Jungwuchs/Dickung,Jungwuchs/Dickung_4,0.0,0.0,3.0,3.0,3.0,3.0,4522,young
0.590420002802648,11492.0,13.0,ds4,ds4_13,Schwaches Baumholz,Schwaches Baumholz_13,0.0,0.0,3.0,3.0,3.0,3.0,4523,not_young
0.553246847440302,11499.0,4.0,ds4,ds4_4,Schwaches Baumholz,Schwaches Baumholz_4,0.0,0.0,3.0,3.0,4.0,3.0,4524,not_young
1.352385446174955,11502.0,4.0,ds6,ds6_4,Starkes Baumholz,Starkes Baumholz_4,0.0,0.0,3.0,3.0,3.0,3.0,4525,not_young
1.082139929283131,11509.0,4.0,ds6,ds6_4,Starkes Baumholz,Starkes Baumholz_4,0.0,0.0,3.0,3.0,4.0,3.0,4526,not_young
1.21900195509987,11510.0,4.0,ds5,ds5_4,Mittleres Baumholz,Mittleres Baumholz_4,0.0,0.0,3.0,3.0,4.0,3.0,4527,not_young
0.859578652557358,11517.0,13.0,ds3,ds3_13,Stangenholz,Stangenholz_13,0.0,0.0,3.0,3.0,3.0,3.0,4528,not_young
0.550835274009593,11520.0,4.0,ds2,ds2_4,Jungwuchs/Dickung,Jungwuchs/Dickung_4,0.0,0.0,3.0,3.0,3.0,3.0,4529,young
1.028667897571623,11521.0,4.0,ds5,ds5_4,Mittleres Baumholz,Mittleres Baumholz_4,0.0,1.0,1.0,1.0,3.0,3.0,4530,not_young
0.522201830725197,11525.0,4.0,ds4,ds4_4,Schwaches Baumholz,Schwaches Baumholz_4,0.0,0.0,3.0,3.0,3.0,3.0,4531,not_young
0.542536617957386,11530.0,13.0,ds6,ds6_13,Starkes Baumholz,Starkes Baumholz_13,0.0,0.0,3.0,3.0,3.0,3.0,4532,not_young
0.660573517524824,11533.0,13.0,ds3,ds3_13,Stangenholz,Stangenholz_13,0.0,0.0,3.0,3.0,3.0,3.0,4533,not_young
1.206677941449138,11540.0,4.0,ds4,ds4_4,Schwaches Baumholz,Schwaches Baumholz_4,0.0,0.0,3.0,3.0,3.0,3.0,4534,not_young
0.565597077443753,11543.0,13.0,ds4,ds4_13,Schwaches Baumholz,Schwaches Baumholz_13,0.0,0.0,3.0,3.0,3.0,3.0,4535,not_young
2.435551551355527,11547.0,4.0,ds5,ds5_4,Mittleres Baumholz,Mittleres Baumholz_4,0.0,0.0,3.0,3.0,3.0,3.0,4536,not_young
0.501021694870526,11548.0,4.0,ds5,ds5_4,Mittleres Baumholz,Mittleres Baumholz_4,0.0,0.0,3.0,3.0,3.0,3.0,4537,not_young
0.612056197481509,11552.0,4.0,ds2,ds2_4,Jungwuchs/Dickung,Jungwuchs/Dickung_4,0.0,0.0,3.0,3.0,4.0,4.0,4538,young
0.660241609892435,11554.0,4.0,ds1,ds1_4,Jungwuchs/Dickung,Jungwuchs/Dickung_4,0.0,0.0,3.0,3.0,3.0,3.0,4539,young
1.744484562923922,11560.0,4.0,ds6,ds6_4,Starkes Baumholz,Starkes Baumholz_4,0.0,0.0,3.0,3.0,4.0,4.0,4540,not_young
0.719200420324039,11561.0,4.0,ds5,ds5_4,Mittleres Baumholz,Mittleres Baumholz_4,0.0,0.0,3.0,3.0,3.0,3.0,4541,not_young
1.123164136760193,11563.0,4.0,ds2,ds2_4,Jungwuchs/Dickung,Jungwuchs/Dickung_4,0.0,0.0,3.0,3.0,3.0,3.0,4542,young
0.911067807857666,11565.0,4.0,ds3,ds3_4,Stangenholz,Stangenholz_4,0.0,0.0,3.0,3.0,3.0,3.0,4543,not_young
0.629996620732173,11566.0,4.0,ds5,ds5_4,Mittleres Baumholz,Mittleres Baumholz_4,0.0,0.0,3.0,3.0,4.0,3.0,4544,not_young
0.540476821849099,11567.0,4.0,ds6,ds6_4,Starkes Baumholz,Starkes Baumholz_4,0.0,0.0,3.0,3.0,3.0,3.0,4545,not_young
1.498382017252222,11571.0,13.0,ds4,ds4_13,Schwaches Baumholz,Schwaches Baumholz_13,0.0,0.0,3.0,3.0,3.0,3.0,4546,not_young
11.619780006923992,11572.0,4.0,ds6,ds6_4,Starkes Baumholz,Starkes Baumholz_4,0.0,0.0,3.0,3.0,4.0,3.0,4547,not_young
0.544136635108478,11576.0,13.0,ds4,ds4_13,Schwaches Baumholz,Schwaches Baumholz_13,0.0,0.0,3.0,3.0,3.0,3.0,4548,not_young
0.557400268709846,11580.0,13.0,ds5,ds5_13,Mittleres Baumholz,Mittleres Baumholz_13,0.0,0.0,3.0,3.0,3.0,3.0,4549,not_young
0.545791438797338,11582.0,4.0,ds5,ds5_4,Mittleres Baumholz,Mittleres Baumholz_4,0.0,0.0,3.0,3.0,3.0,3.0,4550,not_young
1.240810121225426,11583.0,4.0,ds6,ds6_4,Starkes Baumholz,Starkes Baumholz_4,0.0,0.0,3.0,3.0,3.0,3.0,4551,not_young
3.000235008751951,11586.0,13.0,ds6,ds6_13,Starkes Baumholz,Starkes Baumholz_13,0.0,1.0,1.0,1.0,1.0,1.0,4552,not_young
1.448971017809113,11587.0,13.0,ds4,ds4_13,Schwaches Baumholz,Schwaches Baumholz_13,0.0,0.0,3.0,3.0,3.0,3.0,4553,not_young
3.936074552937854,11592.0,4.0,ds6,ds6_4,Starkes Baumholz,Starkes Baumholz_4,0.0,0.0,3.0,3.0,4.0,3.0,4554,not_young
1.581034384733276,11598.0,4.0,ds2,ds2_4,Jungwuchs/Dickung,Jungwuchs/Dickung_4,0.0,0.0,3.0,3.0,4.0,3.0,4555,young
0.861330626137182,11599.0,13.0,ds4,ds4_13,Schwaches Baumholz,Schwaches Baumholz_13,0.0,0.0,3.0,3.0,3.0,3.0,4556,not_young
1.165175549293426,11600.0,4.0,ds3,ds3_4,Stangenholz,Stangenholz_4,0.0,0.0,3.0,3.0,3.0,3.0,4557,not_young
0.570479458334949,11602.0,4.0,ds3,ds3_4,Stangenholz,Stangenholz_4,0.0,1.0,1.0,1.0,1.0,1.0,4558,not_young
0.7671645063431,11603.0,13.0,ds2,ds2_13,Jungwuchs/Dickung,Jungwuchs/Dickung_13,0.0,0.0,3.0,1.0,4.0,3.0,4559,young
0.710882849550271,11604.0,4.0,ds6,ds6_4,Starkes Baumholz,Starkes Baumholz_4,0.0,0.0,3.0,3.0,3.0,3.0,4560,not_young
2.038919921917422,11605.0,4.0,ds5,ds5_4,Mittleres Baumholz,Mittleres Baumholz_4,0.0,0.0,3.0,3.0,3.0,3.0,4561,not_young
1.346916735902801,11607.0,4.0,ds6,ds6_4,Starkes Baumholz,Starkes Baumholz_4,0.0,0.0,3.0,3.0,4.0,3.0,4562,not_young
0.592201492209081,11608.0,4.0,ds2,ds2_4,Jungwuchs/Dickung,Jungwuchs/Dickung_4,0.0,0.0,3.0,3.0,4.0,3.0,4563,young
2.52862020223845,11609.0,4.0,ds6,ds6_4,Starkes Baumholz,Starkes Baumholz_4,0.0,0.0,3.0,3.0,4.0,3.0,4564,not_young
1.079712846023962,11610.0,4.0,ds3,ds3_4,Stangenholz,Stangenholz_4,0.0,0.0,3.0,3.0,3.0,3.0,4565,not_young
0.504311473272555,11612.0,4.0,ds4,ds4_4,Schwaches Baumholz,Schwaches Baumholz_4,0.0,0.0,3.0,3.0,4.0,4.0,4566,not_young
1.050677428930625,11614.0,4.0,ds6,ds6_4,Starkes Baumholz,Starkes Baumholz_4,0.0,0.0,3.0,3.0,3.0,3.0,4567,not_young
2.310398504800676,11615.0,4.0,ds2,ds2_4,Jungwuchs/Dickung,Jungwuchs/Dickung_4,0.0,0.0,3.0,3.0,3.0,3.0,4568,young
1.908967461334448,11616.0,4.0,ds2,ds2_4,Jungwuchs/Dickung,Jungwuchs/Dickung_4,0.0,0.0,3.0,3.0,3.0,3.0,4569,young
0.868275768980465,11618.0,4.0,ds6,ds6_4,Starkes Baumholz,Starkes Baumholz_4,0.0,0.0,3.0,3.0,3.0,3.0,4570,not_young
0.872068069966789,11620.0,13.0,ds5,ds5_13,Mittleres Baumholz,Mittleres Baumholz_13,0.0,0.0,3.0,3.0,3.0,3.0,4571,not_young
0.724164673642255,11621.0,4.0,ds5,ds5_4,Mittleres Baumholz,Mittleres Baumholz_4,0.0,0.0,3.0,3.0,4.0,3.0,4572,not_young
0.618306403927211,11629.0,4.0,ds4,ds4_4,Schwaches Baumholz,Schwaches Baumholz_4,0.0,0.0,3.0,3.0,3.0,3.0,4573,not_young
1.053874422345334,11634.0,13.0,ds6,ds6_13,Starkes Baumholz,Starkes Baumholz_13,0.0,1.0,1.0,1.0,3.0,3.0,4574,not_young
1.394885764193739,11638.0,13.0,ds6,ds6_13,Starkes Baumholz,Starkes Baumholz_13,0.0,0.0,3.0,3.0,3.0,3.0,4575,not_young
0.53608072349634,11641.0,13.0,ds5,ds5_13,Mittleres Baumholz,Mittleres Baumholz_13,0.0,0.0,3.0,3.0,3.0,3.0,4576,not_young
0.516182685321337,11650.0,4.0,ds4,ds4_4,Schwaches Baumholz,Schwaches Baumholz_4,0.0,0.0,3.0,3.0,3.0,3.0,4577,not_young
0.600771183325723,11652.0,13.0,ds4,ds4_13,Schwaches Baumholz,Schwaches Baumholz_13,0.0,1.0,1.0,1.0,1.0,1.0,4578,not_young
0.535968293675693,11653.0,4.0,ds5,ds5_4,Mittleres Baumholz,Mittleres Baumholz_4,0.0,1.0,1.0,1.0,3.0,3.0,4579,not_young
0.754188482526026,11654.0,13.0,ds5,ds5_13,Mittleres Baumholz,Mittleres Baumholz_13,0.0,1.0,1.0,1.0,3.0,3.0,4580,not_young
2.248706822280656,11658.0,4.0,ds5,ds5_4,Mittleres Baumholz,Mittleres Baumholz_4,0.0,0.0,3.0,3.0,4.0,4.0,4581,not_young
0.733509023747407,11659.0,4.0,ds5,ds5_4,Mittleres Baumholz,Mittleres Baumholz_4,0.0,0.0,3.0,3.0,3.0,3.0,4582,not_young
1.098677771226913,11661.0,4.0,ds1,ds1_4,Jungwuchs/Dickung,Jungwuchs/Dickung_4,0.0,0.0,3.0,3.0,4.0,4.0,4583,young
1.020664818514418,11662.0,4.0,ds6,ds6_4,Starkes Baumholz,Starkes Baumholz_4,0.0,0.0,3.0,3.0,4.0,4.0,4584,not_young
0.833311824443843,11663.0,4.0,ds3,ds3_4,Stangenholz,Stangenholz_4,0.0,0.0,3.0,3.0,3.0,3.0,4585,not_young
1.60004158702076,11666.0,4.0,ds3,ds3_4,Stangenholz,Stangenholz_4,0.0,0.0,3.0,3.0,3.0,3.0,4586,not_young
2.214048505550297,11668.0,4.0,ds2,ds2_4,Jungwuchs/Dickung,Jungwuchs/Dickung_4,0.0,0.0,3.0,3.0,4.0,3.0,4587,young
3.015236697859643,11669.0,4.0,ds2,ds2_4,Jungwuchs/Dickung,Jungwuchs/Dickung_4,0.0,0.0,3.0,3.0,4.0,3.0,4588,young
0.653828980070113,11671.0,4.0,ds2,ds2_4,Jungwuchs/Dickung,Jungwuchs/Dickung_4,0.0,0.0,3.0,3.0,3.0,3.0,4589,young
0.818639993970096,11672.0,4.0,ds5,ds5_4,Mittleres Baumholz,Mittleres Baumholz_4,0.0,0.0,3.0,3.0,4.0,4.0,4590,not_young
2.081919505125628,11675.0,4.0,ds1,ds1_4,Jungwuchs/Dickung,Jungwuchs/Dickung_4,0.0,0.0,3.0,3.0,3.0,3.0,4591,young
0.511147819077596,11677.0,4.0,ds4,ds4_4,Schwaches Baumholz,Schwaches Baumholz_4,0.0,0.0,3.0,3.0,3.0,3.0,4592,not_young
1.740140076393704,11680.0,4.0,ds6,ds6_4,Starkes Baumholz,Starkes Baumholz_4,0.0,0.0,3.0,3.0,4.0,3.0,4593,not_young
1.204606889631972,11682.0,4.0,ds4,ds4_4,Schwaches Baumholz,Schwaches Baumholz_4,0.0,0.0,3.0,3.0,3.0,3.0,4594,not_young
2.182519341386925,11683.0,4.0,ds6,ds6_4,Starkes Baumholz,Starkes Baumholz_4,0.0,0.0,3.0,3.0,4.0,3.0,4595,not_young
1.273081663898297,11685.0,4.0,ds2,ds2_4,Jungwuchs/Dickung,Jungwuchs/Dickung_4,0.0,0.0,3.0,3.0,3.0,3.0,4596,young
0.51849048940707,11688.0,4.0,ds4,ds4_4,Schwaches Baumholz,Schwaches Baumholz_4,0.0,0.0,3.0,3.0,3.0,3.0,4597,not_young
1.095475811067084,11690.0,4.0,ds2,ds2_4,Jungwuchs/Dickung,Jungwuchs/Dickung_4,0.0,0.0,3.0,3.0,3.0,3.0,4598,young
1.209080243037827,11692.0,4.0,ds4,ds4_4,Schwaches Baumholz,Schwaches Baumholz_4,0.0,0.0,3.0,3.0,4.0,4.0,4599,not_young
0.910516154467035,11693.0,4.0,ds2,ds2_4,Jungwuchs/Dickung,Jungwuchs/Dickung_4,0.0,0.0,3.0,3.0,3.0,3.0,4600,young
0.903090044768766,11695.0,4.0,ds5,ds5_4,Mittleres Baumholz,Mittleres Baumholz_4,0.0,0.0,3.0,3.0,4.0,3.0,4601,not_young
0.687596509001055,11699.0,13.0,ds4,ds4_13,Schwaches Baumholz,Schwaches Baumholz_13,0.0,0.0,3.0,3.0,4.0,3.0,4602,not_young
0.597666498581911,11703.0,4.0,ds4,ds4_4,Schwaches Baumholz,Schwaches Baumholz_4,0.0,0.0,3.0,3.0,4.0,3.0,4603,not_young
0.824407036971045,11704.0,4.0,ds5,ds5_4,Mittleres Baumholz,Mittleres Baumholz_4,0.0,0.0,3.0,3.0,3.0,3.0,4604,not_young
1.048065713359887,11705.0,4.0,ds5,ds5_4,Mittleres Baumholz,Mittleres Baumholz_4,0.0,0.0,3.0,3.0,3.0,3.0,4605,not_young
0.632295527391275,11707.0,13.0,ds5,ds5_13,Mittleres Baumholz,Mittleres Baumholz_13,0.0,0.0,3.0,3.0,3.0,3.0,4606,not_young
4.634804736557684,11708.0,4.0,ds6,ds6_4,Starkes Baumholz,Starkes Baumholz_4,0.0,0.0,3.0,3.0,3.0,3.0,4607,not_young
0.632977359687025,11710.0,4.0,ds4,ds4_4,Schwaches Baumholz,Schwaches Baumholz_4,0.0,0.0,3.0,3.0,4.0,4.0,4608,not_young
0.51942017540047,11711.0,4.0,ds5,ds5_4,Mittleres Baumholz,Mittleres Baumholz_4,0.0,0.0,3.0,3.0,3.0,3.0,4609,not_young
0.557577764817587,11717.0,4.0,ds2,ds2_4,Jungwuchs/Dickung,Jungwuchs/Dickung_4,0.0,0.0,3.0,3.0,3.0,3.0,4610,young
0.548035827897505,11720.0,4.0,ds6,ds6_4,Starkes Baumholz,Starkes Baumholz_4,0.0,0.0,3.0,3.0,4.0,4.0,4611,not_young
2.41875067524591,11721.0,4.0,ds6,ds6_4,Starkes Baumholz,Starkes Baumholz_4,0.0,0.0,3.0,3.0,3.0,3.0,4612,not_young
3.769612945347419,11724.0,4.0,ds2,ds2_4,Jungwuchs/Dickung,Jungwuchs/Dickung_4,0.0,0.0,3.0,1.0,3.0,3.0,4613,young
1.024334567648918,11726.0,4.0,ds6,ds6_4,Starkes Baumholz,Starkes Baumholz_4,0.0,0.0,3.0,3.0,4.0,3.0,4614,not_young
0.649513825918158,11731.0,4.0,ds1,ds1_4,Jungwuchs/Dickung,Jungwuchs/Dickung_4,0.0,0.0,3.0,3.0,3.0,3.0,4615,young
0.998974787587905,11732.0,4.0,ds1,ds1_4,Jungwuchs/Dickung,Jungwuchs/Dickung_4,0.0,0.0,3.0,3.0,3.0,3.0,4616,young
1.399078076131366,11734.0,4.0,ds5,ds5_4,Mittleres Baumholz,Mittleres Baumholz_4,0.0,0.0,3.0,3.0,4.0,3.0,4617,not_young
0.512133508478408,11735.0,4.0,ds1,ds1_4,Jungwuchs/Dickung,Jungwuchs/Dickung_4,0.0,0.0,3.0,3.0,4.0,3.0,4618,young
0.82642256658487,11738.0,4.0,ds6,ds6_4,Starkes Baumholz,Starkes Baumholz_4,0.0,0.0,3.0,3.0,4.0,3.0,4619,not_young
0.784620920898693,11740.0,4.0,ds4,ds4_4,Schwaches Baumholz,Schwaches Baumholz_4,0.0,0.0,3.0,3.0,3.0,3.0,4620,not_young
0.764831421584939,11741.0,4.0,ds6,ds6_4,Starkes Baumholz,Starkes Baumholz_4,0.0,0.0,3.0,3.0,3.0,3.0,4621,not_young
0.512663862571388,11742.0,4.0,ds6,ds6_4,Starkes Baumholz,Starkes Baumholz_4,0.0,1.0,1.0,1.0,3.0,3.0,4622,not_young
0.774686906396202,11745.0,4.0,ds5,ds5_4,Mittleres Baumholz,Mittleres Baumholz_4,0.0,0.0,3.0,3.0,3.0,3.0,4623,not_young
1.040518721257849,11749.0,4.0,ds4,ds4_4,Schwaches Baumholz,Schwaches Baumholz_4,0.0,0.0,3.0,3.0,4.0,4.0,4624,not_young
0.552833245763416,11751.0,13.0,ds2,ds2_13,Jungwuchs/Dickung,Jungwuchs/Dickung_13,0.0,0.0,3.0,3.0,3.0,3.0,4625,young
0.515496073797019,11752.0,13.0,ds2,ds2_13,Jungwuchs/Dickung,Jungwuchs/Dickung_13,0.0,0.0,3.0,3.0,3.0,3.0,4626,young
1.108780623876303,11753.0,13.0,ds2,ds2_13,Jungwuchs/Dickung,Jungwuchs/Dickung_13,0.0,0.0,3.0,3.0,4.0,3.0,4627,young
0.692550784725905,11754.0,13.0,ds3,ds3_13,Stangenholz,Stangenholz_13,0.0,0.0,3.0,3.0,4.0,4.0,4628,not_young
0.618042829905264,11755.0,13.0,ds2,ds2_13,Jungwuchs/Dickung,Jungwuchs/Dickung_13,0.0,0.0,3.0,3.0,3.0,3.0,4629,young
0.62939250985859,11756.0,13.0,ds3,ds3_13,Stangenholz,Stangenholz_13,0.0,0.0,3.0,3.0,3.0,3.0,4630,not_young
1.594354986735201,11757.0,13.0,ds2,ds2_13,Jungwuchs/Dickung,Jungwuchs/Dickung_13,0.0,0.0,3.0,3.0,4.0,4.0,4631,young
0.846703172623646,11759.0,13.0,ds4,ds4_13,Schwaches Baumholz,Schwaches Baumholz_13,0.0,0.0,3.0,3.0,4.0,3.0,4632,not_young
0.99636884871237,11762.0,4.0,ds4,ds4_4,Schwaches Baumholz,Schwaches Baumholz_4,0.0,1.0,1.0,1.0,3.0,3.0,4633,not_young
0.552434513491648,11763.0,4.0,ds3,ds3_4,Stangenholz,Stangenholz_4,0.0,0.0,3.0,3.0,3.0,3.0,4634,not_young
0.814208370085619,11764.0,4.0,ds4,ds4_4,Schwaches Baumholz,Schwaches Baumholz_4,0.0,0.0,3.0,3.0,3.0,3.0,4635,not_young
1.087772818150837,11765.0,13.0,ds4,ds4_13,Schwaches Baumholz,Schwaches Baumholz_13,0.0,0.0,3.0,3.0,3.0,3.0,4636,not_young
9.48735534561612,11766.0,13.0,ds6,ds6_13,Starkes Baumholz,Starkes Baumholz_13,0.0,0.0,3.0,3.0,3.0,3.0,4637,not_young
1.384035141843988,11769.0,13.0,ds4,ds4_13,Schwaches Baumholz,Schwaches Baumholz_13,0.0,0.0,3.0,3.0,4.0,4.0,4638,not_young
0.918081282599457,11771.0,4.0,ds2,ds2_4,Jungwuchs/Dickung,Jungwuchs/Dickung_4,0.0,0.0,3.0,3.0,3.0,3.0,4639,young
0.632220977711614,11774.0,4.0,ds3,ds3_4,Stangenholz,Stangenholz_4,0.0,1.0,1.0,1.0,3.0,3.0,4640,not_young
0.946121781062117,11775.0,13.0,ds4,ds4_13,Schwaches Baumholz,Schwaches Baumholz_13,0.0,1.0,1.0,1.0,3.0,3.0,4641,not_young
2.193845740285384,11777.0,13.0,ds2,ds2_13,Jungwuchs/Dickung,Jungwuchs/Dickung_13,0.0,1.0,1.0,1.0,3.0,3.0,4642,young
0.739029559325892,11778.0,13.0,ds4,ds4_13,Schwaches Baumholz,Schwaches Baumholz_13,0.0,0.0,3.0,3.0,3.0,3.0,4643,not_young
1.098932803931087,11779.0,4.0,ds6,ds6_4,Starkes Baumholz,Starkes Baumholz_4,0.0,0.0,3.0,3.0,3.0,3.0,4644,not_young
0.813568337831274,11780.0,4.0,ds5,ds5_4,Mittleres Baumholz,Mittleres Baumholz_4,0.0,0.0,3.0,3.0,4.0,3.0,4645,not_young
0.68942565353621,11781.0,4.0,ds4,ds4_4,Schwaches Baumholz,Schwaches Baumholz_4,0.0,0.0,3.0,3.0,3.0,3.0,4646,not_young
0.906512467952259,11783.0,4.0,ds5,ds5_4,Mittleres Baumholz,Mittleres Baumholz_4,0.0,0.0,3.0,3.0,3.0,3.0,4647,not_young
5.477203795388708,11784.0,4.0,ds6,ds6_4,Starkes Baumholz,Starkes Baumholz_4,0.0,0.0,3.0,3.0,3.0,3.0,4648,not_young
1.069683273355477,11787.0,4.0,ds2,ds2_4,Jungwuchs/Dickung,Jungwuchs/Dickung_4,0.0,0.0,3.0,3.0,3.0,3.0,4649,young
1.252545192192868,11788.0,4.0,ds6,ds6_4,Starkes Baumholz,Starkes Baumholz_4,0.0,0.0,3.0,3.0,3.0,3.0,4650,not_young
0.871556662580557,11789.0,4.0,ds2,ds2_4,Jungwuchs/Dickung,Jungwuchs/Dickung_4,0.0,0.0,3.0,3.0,3.0,3.0,4651,young
0.763350472787116,11790.0,4.0,ds2,ds2_4,Jungwuchs/Dickung,Jungwuchs/Dickung_4,0.0,0.0,3.0,3.0,4.0,4.0,4652,young
0.615904030382773,11791.0,4.0,ds4,ds4_4,Schwaches Baumholz,Schwaches Baumholz_4,0.0,0.0,3.0,3.0,4.0,4.0,4653,not_young
1.021173765476421,11792.0,4.0,ds4,ds4_4,Schwaches Baumholz,Schwaches Baumholz_4,0.0,0.0,3.0,3.0,4.0,4.0,4654,not_young
0.527067701770645,11793.0,4.0,ds2,ds2_4,Jungwuchs/Dickung,Jungwuchs/Dickung_4,0.0,0.0,3.0,3.0,3.0,3.0,4655,young
3.859096640896754,11794.0,4.0,ds4,ds4_4,Schwaches Baumholz,Schwaches Baumholz_4,0.0,0.0,3.0,3.0,3.0,3.0,4656,not_young
0.565745027775841,11795.0,4.0,ds3,ds3_4,Stangenholz,Stangenholz_4,0.0,0.0,3.0,3.0,3.0,3.0,4657,not_young
0.853337398748379,11796.0,4.0,ds2,ds2_4,Jungwuchs/Dickung,Jungwuchs/Dickung_4,0.0,0.0,3.0,3.0,3.0,3.0,4658,young
8.316742650654655,11797.0,4.0,ds2,ds2_4,Jungwuchs/Dickung,Jungwuchs/Dickung_4,0.0,0.0,3.0,3.0,3.0,3.0,4659,young
2.182835283141118,11799.0,4.0,ds2,ds2_4,Jungwuchs/Dickung,Jungwuchs/Dickung_4,0.0,0.0,3.0,3.0,3.0,3.0,4660,young
1.00582680197116,11800.0,4.0,ds6,ds6_4,Starkes Baumholz,Starkes Baumholz_4,0.0,0.0,3.0,3.0,4.0,4.0,4661,not_young
4.660032699083258,11801.0,4.0,ds6,ds6_4,Starkes Baumholz,Starkes Baumholz_4,0.0,0.0,3.0,3.0,3.0,3.0,4662,not_young
0.572985849876492,11802.0,4.0,ds2,ds2_4,Jungwuchs/Dickung,Jungwuchs/Dickung_4,0.0,0.0,3.0,3.0,3.0,3.0,4663,young
0.728708630547579,11803.0,4.0,ds2,ds2_4,Jungwuchs/Dickung,Jungwuchs/Dickung_4,0.0,0.0,3.0,3.0,3.0,3.0,4664,young
3.113383946475946,11804.0,13.0,ds4,ds4_13,Schwaches Baumholz,Schwaches Baumholz_13,0.0,0.0,3.0,3.0,4.0,4.0,4665,not_young
0.651698953817744,11805.0,4.0,ds2,ds2_4,Jungwuchs/Dickung,Jungwuchs/Dickung_4,0.0,0.0,3.0,3.0,3.0,3.0,4666,young
1.734378534590377,11806.0,4.0,ds2,ds2_4,Jungwuchs/Dickung,Jungwuchs/Dickung_4,0.0,0.0,3.0,3.0,4.0,4.0,4667,young
2.230302972126566,11808.0,4.0,ds4,ds4_4,Schwaches Baumholz,Schwaches Baumholz_4,0.0,0.0,3.0,3.0,4.0,4.0,4668,not_young
0.759588997666305,11809.0,4.0,ds4,ds4_4,Schwaches Baumholz,Schwaches Baumholz_4,0.0,0.0,3.0,3.0,3.0,3.0,4669,not_young
3.64987593201017,11810.0,4.0,ds2,ds2_4,Jungwuchs/Dickung,Jungwuchs/Dickung_4,0.0,0.0,3.0,3.0,4.0,3.0,4670,young
0.678522236950073,11812.0,4.0,ds2,ds2_4,Jungwuchs/Dickung,Jungwuchs/Dickung_4,0.0,0.0,3.0,3.0,3.0,3.0,4671,young
0.812525588727021,11813.0,4.0,ds3,ds3_4,Stangenholz,Stangenholz_4,0.0,0.0,3.0,3.0,4.0,3.0,4672,not_young
1.086330507252226,11814.0,4.0,ds3,ds3_4,Stangenholz,Stangenholz_4,0.0,0.0,3.0,3.0,3.0,3.0,4673,not_young
1.879449332402391,11815.0,13.0,ds4,ds4_13,Schwaches Baumholz,Schwaches Baumholz_13,0.0,0.0,3.0,3.0,3.0,3.0,4674,not_young
0.957871395537956,11816.0,4.0,ds1,ds1_4,Jungwuchs/Dickung,Jungwuchs/Dickung_4,0.0,0.0,3.0,3.0,3.0,3.0,4675,young
1.843236911766324,11817.0,4.0,ds5,ds5_4,Mittleres Baumholz,Mittleres Baumholz_4,0.0,0.0,3.0,3.0,4.0,3.0,4676,not_young
1.063206074650027,11818.0,4.0,ds2,ds2_4,Jungwuchs/Dickung,Jungwuchs/Dickung_4,0.0,0.0,3.0,3.0,3.0,3.0,4677,young
6.325606785265834,11819.0,4.0,ds2,ds2_4,Jungwuchs/Dickung,Jungwuchs/Dickung_4,0.0,1.0,1.0,1.0,1.0,1.0,4678,young
0.584822268701624,11820.0,4.0,ds5,ds5_4,Mittleres Baumholz,Mittleres Baumholz_4,0.0,0.0,3.0,3.0,3.0,3.0,4679,not_young
1.532591791158868,11821.0,4.0,ds2,ds2_4,Jungwuchs/Dickung,Jungwuchs/Dickung_4,0.0,0.0,3.0,3.0,3.0,3.0,4680,young
2.95296728308131,11823.0,4.0,ds6,ds6_4,Starkes Baumholz,Starkes Baumholz_4,0.0,0.0,3.0,3.0,4.0,3.0,4681,not_young
0.69437930926336,11824.0,4.0,ds6,ds6_4,Starkes Baumholz,Starkes Baumholz_4,0.0,0.0,3.0,3.0,4.0,3.0,4682,not_young
2.445670187595329,11825.0,4.0,ds5,ds5_4,Mittleres Baumholz,Mittleres Baumholz_4,0.0,0.0,3.0,3.0,4.0,3.0,4683,not_young
1.882309764382895,11826.0,13.0,ds2,ds2_13,Jungwuchs/Dickung,Jungwuchs/Dickung_13,0.0,0.0,3.0,3.0,3.0,3.0,4684,young
3.216952496556926,11827.0,13.0,ds6,ds6_13,Starkes Baumholz,Starkes Baumholz_13,0.0,0.0,3.0,3.0,3.0,3.0,4685,not_young
1.614257904364244,11828.0,13.0,ds2,ds2_13,Jungwuchs/Dickung,Jungwuchs/Dickung_13,0.0,0.0,3.0,3.0,4.0,3.0,4686,young
1.654457746797428,11829.0,4.0,ds2,ds2_4,Jungwuchs/Dickung,Jungwuchs/Dickung_4,0.0,0.0,3.0,3.0,4.0,3.0,4687,young
0.975046020156378,11830.0,4.0,ds4,ds4_4,Schwaches Baumholz,Schwaches Baumholz_4,0.0,0.0,3.0,3.0,3.0,3.0,4688,not_young
1.861352432581317,11831.0,4.0,ds5,ds5_4,Mittleres Baumholz,Mittleres Baumholz_4,0.0,0.0,3.0,3.0,3.0,3.0,4689,not_young
2.279213413801976,11832.0,4.0,ds1,ds1_4,Jungwuchs/Dickung,Jungwuchs/Dickung_4,0.0,0.0,3.0,3.0,3.0,3.0,4690,young
2.945499360833678,11833.0,4.0,ds5,ds5_4,Mittleres Baumholz,Mittleres Baumholz_4,0.0,0.0,3.0,3.0,3.0,3.0,4691,not_young
0.875941289684922,11834.0,4.0,ds1,ds1_4,Jungwuchs/Dickung,Jungwuchs/Dickung_4,0.0,0.0,3.0,3.0,3.0,3.0,4692,young
0.778269002876617,11835.0,4.0,ds2,ds2_4,Jungwuchs/Dickung,Jungwuchs/Dickung_4,0.0,0.0,3.0,3.0,4.0,3.0,4693,young
10.797883502392011,11836.0,4.0,ds6,ds6_4,Starkes Baumholz,Starkes Baumholz_4,0.0,0.0,3.0,3.0,4.0,4.0,4694,not_young
7.314871244203346,11837.0,4.0,ds6,ds6_4,Starkes Baumholz,Starkes Baumholz_4,0.0,0.0,3.0,3.0,3.0,3.0,4695,not_young
1.127490399193799,11839.0,4.0,ds5,ds5_4,Mittleres Baumholz,Mittleres Baumholz_4,0.0,0.0,3.0,3.0,4.0,4.0,4696,not_young
0.862169965276495,11840.0,4.0,ds6,ds6_4,Starkes Baumholz,Starkes Baumholz_4,0.0,0.0,3.0,3.0,3.0,3.0,4697,not_young
0.664710654065502,11844.0,4.0,ds4,ds4_4,Schwaches Baumholz,Schwaches Baumholz_4,0.0,0.0,3.0,3.0,3.0,3.0,4698,not_young
0.968789258458465,11845.0,4.0,ds3,ds3_4,Stangenholz,Stangenholz_4,0.0,0.0,3.0,3.0,3.0,3.0,4699,not_young
0.60458731779228,11846.0,4.0,ds2,ds2_4,Jungwuchs/Dickung,Jungwuchs/Dickung_4,0.0,0.0,3.0,3.0,4.0,3.0,4700,young
0.549928004123643,11847.0,4.0,ds4,ds4_4,Schwaches Baumholz,Schwaches Baumholz_4,0.0,0.0,3.0,3.0,4.0,4.0,4701,not_young
0.671840353107685,11848.0,4.0,ds2,ds2_4,Jungwuchs/Dickung,Jungwuchs/Dickung_4,0.0,0.0,3.0,3.0,3.0,3.0,4702,young
1.191388535773801,11849.0,4.0,ds2,ds2_4,Jungwuchs/Dickung,Jungwuchs/Dickung_4,0.0,0.0,3.0,3.0,4.0,3.0,4703,young
1.237185434071627,11850.0,4.0,ds2,ds2_4,Jungwuchs/Dickung,Jungwuchs/Dickung_4,0.0,0.0,3.0,3.0,4.0,3.0,4704,young
1.240239707937325,11852.0,4.0,ds3,ds3_4,Stangenholz,Stangenholz_4,0.0,0.0,3.0,3.0,4.0,3.0,4705,not_young
0.548999007415367,11853.0,4.0,ds4,ds4_4,Schwaches Baumholz,Schwaches Baumholz_4,0.0,0.0,3.0,3.0,3.0,3.0,4706,not_young
0.896388484707102,11854.0,4.0,ds6,ds6_4,Starkes Baumholz,Starkes Baumholz_4,0.0,0.0,3.0,3.0,3.0,3.0,4707,not_young
2.181523343474857,11857.0,4.0,ds5,ds5_4,Mittleres Baumholz,Mittleres Baumholz_4,0.0,0.0,3.0,3.0,3.0,3.0,4708,not_young
1.085934242831264,11858.0,4.0,ds1,ds1_4,Jungwuchs/Dickung,Jungwuchs/Dickung_4,0.0,0.0,3.0,3.0,4.0,3.0,4709,young
0.783663828732679,11859.0,13.0,ds4,ds4_13,Schwaches Baumholz,Schwaches Baumholz_13,0.0,0.0,3.0,3.0,3.0,3.0,4710,not_young
0.70212295333324,11864.0,4.0,ds2,ds2_4,Jungwuchs/Dickung,Jungwuchs/Dickung_4,0.0,0.0,3.0,3.0,3.0,3.0,4711,young
1.154659976460289,11865.0,13.0,ds3,ds3_13,Stangenholz,Stangenholz_13,0.0,1.0,1.0,1.0,1.0,1.0,4712,not_young
1.686705371400353,11868.0,4.0,ds4,ds4_4,Schwaches Baumholz,Schwaches Baumholz_4,0.0,0.0,3.0,3.0,4.0,4.0,4713,not_young
1.332120808036509,11869.0,4.0,ds1,ds1_4,Jungwuchs/Dickung,Jungwuchs/Dickung_4,0.0,0.0,3.0,3.0,4.0,3.0,4714,young
0.546828776486404,11871.0,4.0,ds2,ds2_4,Jungwuchs/Dickung,Jungwuchs/Dickung_4,0.0,0.0,3.0,3.0,3.0,3.0,4715,young
0.539911198145966,11872.0,4.0,ds2,ds2_4,Jungwuchs/Dickung,Jungwuchs/Dickung_4,0.0,0.0,3.0,1.0,4.0,3.0,4716,young
0.520317357969889,11873.0,13.0,ds3,ds3_13,Stangenholz,Stangenholz_13,0.0,0.0,3.0,3.0,3.0,3.0,4717,not_young
0.887453929057461,11874.0,4.0,ds6,ds6_4,Starkes Baumholz,Starkes Baumholz_4,0.0,0.0,3.0,3.0,3.0,3.0,4718,not_young
0.601206496849842,11876.0,13.0,ds2,ds2_13,Jungwuchs/Dickung,Jungwuchs/Dickung_13,0.0,1.0,1.0,1.0,1.0,1.0,4719,young
0.752513458456518,11877.0,13.0,ds3,ds3_13,Stangenholz,Stangenholz_13,0.0,0.0,3.0,3.0,3.0,3.0,4720,not_young
1.48823780545257,11878.0,4.0,ds6,ds6_4,Starkes Baumholz,Starkes Baumholz_4,0.0,0.0,3.0,3.0,3.0,3.0,4721,not_young
0.715316328383423,11880.0,4.0,ds5,ds5_4,Mittleres Baumholz,Mittleres Baumholz_4,0.0,0.0,3.0,3.0,3.0,3.0,4722,not_young
0.81378556627878,11882.0,4.0,ds6,ds6_4,Starkes Baumholz,Starkes Baumholz_4,0.0,0.0,3.0,3.0,4.0,3.0,4723,not_young
1.274913650800294,11883.0,4.0,ds5,ds5_4,Mittleres Baumholz,Mittleres Baumholz_4,0.0,0.0,3.0,3.0,3.0,3.0,4724,not_young
0.514493595164362,11886.0,4.0,ds5,ds5_4,Mittleres Baumholz,Mittleres Baumholz_4,0.0,0.0,3.0,3.0,4.0,3.0,4725,not_young
0.533369695908297,11887.0,4.0,ds2,ds2_4,Jungwuchs/Dickung,Jungwuchs/Dickung_4,0.0,0.0,3.0,3.0,3.0,3.0,4726,young
0.847650670930138,11890.0,13.0,ds5,ds5_13,Mittleres Baumholz,Mittleres Baumholz_13,0.0,0.0,3.0,3.0,3.0,3.0,4727,not_young
0.695784416271653,11891.0,4.0,ds3,ds3_4,Stangenholz,Stangenholz_4,0.0,0.0,3.0,3.0,4.0,3.0,4728,not_young
0.606351520237373,11892.0,4.0,ds4,ds4_4,Schwaches Baumholz,Schwaches Baumholz_4,0.0,0.0,3.0,3.0,3.0,3.0,4729,not_young
0.905211644987762,11893.0,4.0,ds6,ds6_4,Starkes Baumholz,Starkes Baumholz_4,0.0,0.0,3.0,3.0,4.0,3.0,4730,not_young
0.665126759164617,11895.0,4.0,ds5,ds5_4,Mittleres Baumholz,Mittleres Baumholz_4,0.0,0.0,3.0,3.0,3.0,3.0,4731,not_young
3.160908687202791,11896.0,13.0,ds6,ds6_13,Starkes Baumholz,Starkes Baumholz_13,0.0,0.0,3.0,3.0,3.0,3.0,4732,not_young
0.861296249165107,11901.0,4.0,ds1,ds1_4,Jungwuchs/Dickung,Jungwuchs/Dickung_4,0.0,0.0,3.0,3.0,4.0,3.0,4733,young
2.250200722808514,11904.0,4.0,ds4,ds4_4,Schwaches Baumholz,Schwaches Baumholz_4,0.0,0.0,3.0,1.0,3.0,3.0,4734,not_young
0.629956337708561,11905.0,4.0,ds5,ds5_4,Mittleres Baumholz,Mittleres Baumholz_4,0.0,0.0,3.0,3.0,3.0,3.0,4735,not_young
1.940083636439499,11906.0,13.0,ds6,ds6_13,Starkes Baumholz,Starkes Baumholz_13,0.0,0.0,3.0,3.0,3.0,3.0,4736,not_young
0.599066290451598,11907.0,4.0,ds1,ds1_4,Jungwuchs/Dickung,Jungwuchs/Dickung_4,0.0,0.0,3.0,3.0,4.0,3.0,4737,young
1.500771690119896,11908.0,4.0,ds3,ds3_4,Stangenholz,Stangenholz_4,0.0,0.0,3.0,3.0,3.0,3.0,4738,not_young
2.672069886843628,11909.0,4.0,ds5,ds5_4,Mittleres Baumholz,Mittleres Baumholz_4,0.0,0.0,3.0,3.0,4.0,4.0,4739,not_young
0.73056746899022,11910.0,4.0,ds4,ds4_4,Schwaches Baumholz,Schwaches Baumholz_4,0.0,0.0,3.0,3.0,3.0,3.0,4740,not_young
0.579551995698642,11911.0,4.0,ds5,ds5_4,Mittleres Baumholz,Mittleres Baumholz_4,0.0,0.0,3.0,3.0,3.0,3.0,4741,not_young
0.526364825684875,11912.0,4.0,ds3,ds3_4,Stangenholz,Stangenholz_4,0.0,0.0,3.0,3.0,3.0,3.0,4742,not_young
2.218360642172967,11913.0,13.0,ds6,ds6_13,Starkes Baumholz,Starkes Baumholz_13,0.0,0.0,3.0,3.0,3.0,3.0,4743,not_young
0.514145133800432,11914.0,13.0,ds3,ds3_13,Stangenholz,Stangenholz_13,0.0,0.0,3.0,3.0,3.0,3.0,4744,not_young
1.49334512767228,11915.0,4.0,ds5,ds5_4,Mittleres Baumholz,Mittleres Baumholz_4,0.0,0.0,3.0,3.0,3.0,3.0,4745,not_young
2.225170044993516,11917.0,4.0,ds6,ds6_4,Starkes Baumholz,Starkes Baumholz_4,0.0,0.0,3.0,3.0,3.0,3.0,4746,not_young
3.748583511213237,11918.0,13.0,ds6,ds6_13,Starkes Baumholz,Starkes Baumholz_13,0.0,0.0,3.0,3.0,3.0,3.0,4747,not_young
1.865459450360388,11919.0,4.0,ds6,ds6_4,Starkes Baumholz,Starkes Baumholz_4,0.0,0.0,3.0,3.0,3.0,3.0,4748,not_young
0.568187372560334,11921.0,4.0,ds3,ds3_4,Stangenholz,Stangenholz_4,0.0,0.0,3.0,3.0,4.0,4.0,4749,not_young
2.103686455594795,11922.0,13.0,ds5,ds5_13,Mittleres Baumholz,Mittleres Baumholz_13,0.0,0.0,3.0,3.0,3.0,3.0,4750,not_young
0.975345234731771,11923.0,4.0,ds2,ds2_4,Jungwuchs/Dickung,Jungwuchs/Dickung_4,0.0,0.0,3.0,3.0,3.0,3.0,4751,young
3.751042326795717,11924.0,4.0,ds5,ds5_4,Mittleres Baumholz,Mittleres Baumholz_4,0.0,0.0,3.0,3.0,4.0,3.0,4752,not_young
1.280055833035999,11925.0,4.0,ds5,ds5_4,Mittleres Baumholz,Mittleres Baumholz_4,0.0,0.0,3.0,3.0,3.0,3.0,4753,not_young
0.894350303960219,11926.0,4.0,ds5,ds5_4,Mittleres Baumholz,Mittleres Baumholz_4,0.0,0.0,3.0,3.0,4.0,3.0,4754,not_young
0.581329486636026,11927.0,13.0,ds1,ds1_13,Jungwuchs/Dickung,Jungwuchs/Dickung_13,0.0,0.0,3.0,3.0,3.0,3.0,4755,young
0.510576291528251,11928.0,4.0,ds5,ds5_4,Mittleres Baumholz,Mittleres Baumholz_4,0.0,0.0,3.0,3.0,4.0,4.0,4756,not_young
0.771317726037954,11929.0,4.0,ds4,ds4_4,Schwaches Baumholz,Schwaches Baumholz_4,0.0,0.0,3.0,3.0,3.0,3.0,4757,not_young
0.732621832543518,11930.0,4.0,ds6,ds6_4,Starkes Baumholz,Starkes Baumholz_4,0.0,0.0,3.0,3.0,3.0,3.0,4758,not_young
2.39406548892548,11931.0,4.0,ds6,ds6_4,Starkes Baumholz,Starkes Baumholz_4,0.0,0.0,3.0,3.0,3.0,3.0,4759,not_young
1.23248454526877,11932.0,4.0,ds1,ds1_4,Jungwuchs/Dickung,Jungwuchs/Dickung_4,0.0,0.0,3.0,3.0,3.0,3.0,4760,young
0.776496429990465,11933.0,4.0,ds3,ds3_4,Stangenholz,Stangenholz_4,0.0,0.0,3.0,3.0,4.0,3.0,4761,not_young
1.560347960305913,11934.0,13.0,ds3,ds3_13,Stangenholz,Stangenholz_13,0.0,0.0,3.0,3.0,3.0,3.0,4762,not_young
1.486999381145067,11935.0,13.0,ds4,ds4_13,Schwaches Baumholz,Schwaches Baumholz_13,0.0,0.0,3.0,3.0,3.0,3.0,4763,not_young
0.998418536522053,11936.0,13.0,ds5,ds5_13,Mittleres Baumholz,Mittleres Baumholz_13,0.0,0.0,3.0,3.0,3.0,3.0,4764,not_young
0.777230891364411,11937.0,4.0,ds1,ds1_4,Jungwuchs/Dickung,Jungwuchs/Dickung_4,0.0,0.0,3.0,3.0,3.0,3.0,4765,young
1.520356752723456,11938.0,4.0,ds6,ds6_4,Starkes Baumholz,Starkes Baumholz_4,0.0,0.0,3.0,3.0,4.0,4.0,4766,not_young
3.177945559207324,11939.0,4.0,ds5,ds5_4,Mittleres Baumholz,Mittleres Baumholz_4,0.0,0.0,3.0,3.0,3.0,3.0,4767,not_young
1.487455386040686,11940.0,13.0,ds5,ds5_13,Mittleres Baumholz,Mittleres Baumholz_13,0.0,0.0,3.0,3.0,3.0,3.0,4768,not_young
0.614913168394292,11941.0,4.0,ds1,ds1_4,Jungwuchs/Dickung,Jungwuchs/Dickung_4,0.0,0.0,3.0,3.0,3.0,3.0,4769,young
0.80343295361842,11942.0,13.0,ds5,ds5_13,Mittleres Baumholz,Mittleres Baumholz_13,0.0,0.0,3.0,3.0,3.0,3.0,4770,not_young
2.420165007791831,11943.0,4.0,ds6,ds6_4,Starkes Baumholz,Starkes Baumholz_4,0.0,0.0,3.0,3.0,4.0,3.0,4771,not_young
0.570112972476974,11944.0,4.0,ds4,ds4_4,Schwaches Baumholz,Schwaches Baumholz_4,0.0,0.0,3.0,3.0,3.0,3.0,4772,not_young
0.555961959755793,11945.0,4.0,ds3,ds3_4,Stangenholz,Stangenholz_4,0.0,0.0,3.0,3.0,3.0,3.0,4773,not_young
0.718656803471642,11946.0,4.0,ds3,ds3_4,Stangenholz,Stangenholz_4,0.0,0.0,3.0,3.0,3.0,3.0,4774,not_young
0.649757814133811,11947.0,4.0,ds5,ds5_4,Mittleres Baumholz,Mittleres Baumholz_4,0.0,0.0,3.0,3.0,4.0,4.0,4775,not_young
3.317436394144863,11948.0,4.0,ds5,ds5_4,Mittleres Baumholz,Mittleres Baumholz_4,0.0,0.0,3.0,3.0,3.0,3.0,4776,not_young
1.300789473855868,11949.0,4.0,ds5,ds5_4,Mittleres Baumholz,Mittleres Baumholz_4,0.0,0.0,3.0,3.0,3.0,3.0,4777,not_young
0.852360581859562,11950.0,4.0,ds2,ds2_4,Jungwuchs/Dickung,Jungwuchs/Dickung_4,0.0,0.0,3.0,3.0,3.0,3.0,4778,young
1.131285960376868,11951.0,4.0,ds4,ds4_4,Schwaches Baumholz,Schwaches Baumholz_4,0.0,0.0,3.0,3.0,3.0,3.0,4779,not_young
0.602345100793045,11952.0,4.0,ds5,ds5_4,Mittleres Baumholz,Mittleres Baumholz_4,0.0,0.0,3.0,3.0,3.0,3.0,4780,not_young
0.736482107520476,11953.0,13.0,ds2,ds2_13,Jungwuchs/Dickung,Jungwuchs/Dickung_13,0.0,0.0,3.0,3.0,4.0,3.0,4781,young
0.645621344056755,11954.0,4.0,ds4,ds4_4,Schwaches Baumholz,Schwaches Baumholz_4,0.0,0.0,3.0,3.0,4.0,3.0,4782,not_young
2.572847848406586,11955.0,4.0,ds4,ds4_4,Schwaches Baumholz,Schwaches Baumholz_4,0.0,0.0,3.0,3.0,3.0,3.0,4783,not_young
0.643565915859153,11956.0,4.0,ds5,ds5_4,Mittleres Baumholz,Mittleres Baumholz_4,0.0,0.0,3.0,3.0,4.0,3.0,4784,not_young
4.097439031382093,11957.0,4.0,ds4,ds4_4,Schwaches Baumholz,Schwaches Baumholz_4,0.0,0.0,3.0,3.0,3.0,3.0,4785,not_young
3.928695183826052,11958.0,4.0,ds5,ds5_4,Mittleres Baumholz,Mittleres Baumholz_4,0.0,0.0,3.0,3.0,4.0,4.0,4786,not_young
2.984132758853876,11959.0,4.0,ds6,ds6_4,Starkes Baumholz,Starkes Baumholz_4,0.0,0.0,3.0,3.0,3.0,3.0,4787,not_young
0.78299521961771,11960.0,4.0,ds3,ds3_4,Stangenholz,Stangenholz_4,0.0,0.0,3.0,3.0,3.0,3.0,4788,not_young
1.588048400728026,11961.0,4.0,ds2,ds2_4,Jungwuchs/Dickung,Jungwuchs/Dickung_4,0.0,0.0,3.0,3.0,4.0,3.0,4789,young
0.697243300082465,11962.0,4.0,ds3,ds3_4,Stangenholz,Stangenholz_4,0.0,0.0,3.0,3.0,4.0,3.0,4790,not_young
1.245019566028193,11963.0,4.0,ds5,ds5_4,Mittleres Baumholz,Mittleres Baumholz_4,0.0,0.0,3.0,3.0,3.0,3.0,4791,not_young
0.732958815392107,11964.0,13.0,ds2,ds2_13,Jungwuchs/Dickung,Jungwuchs/Dickung_13,0.0,0.0,3.0,3.0,3.0,3.0,4792,young
5.606433133819024,11965.0,4.0,ds6,ds6_4,Starkes Baumholz,Starkes Baumholz_4,0.0,0.0,3.0,3.0,3.0,3.0,4793,not_young
4.333045183615708,11966.0,4.0,ds6,ds6_4,Starkes Baumholz,Starkes Baumholz_4,0.0,0.0,3.0,3.0,3.0,3.0,4794,not_young
0.720996116544399,11967.0,4.0,ds3,ds3_4,Stangenholz,Stangenholz_4,0.0,0.0,3.0,3.0,3.0,3.0,4795,not_young
1.816566249342341,11968.0,4.0,ds2,ds2_4,Jungwuchs/Dickung,Jungwuchs/Dickung_4,0.0,0.0,3.0,3.0,3.0,3.0,4796,young
1.494814227358578,11969.0,4.0,ds4,ds4_4,Schwaches Baumholz,Schwaches Baumholz_4,0.0,0.0,3.0,3.0,3.0,3.0,4797,not_young
3.156619738320762,11970.0,4.0,ds2,ds2_4,Jungwuchs/Dickung,Jungwuchs/Dickung_4,0.0,0.0,3.0,3.0,3.0,3.0,4798,young
2.826484162053335,11971.0,4.0,ds5,ds5_4,Mittleres Baumholz,Mittleres Baumholz_4,0.0,0.0,3.0,3.0,4.0,3.0,4799,not_young
10.872922811945156,11972.0,4.0,ds6,ds6_4,Starkes Baumholz,Starkes Baumholz_4,0.0,0.0,3.0,3.0,4.0,3.0,4800,not_young
0.61338968296973,11973.0,4.0,ds5,ds5_4,Mittleres Baumholz,Mittleres Baumholz_4,0.0,0.0,3.0,3.0,4.0,4.0,4801,not_young
0.720809475067369,11976.0,4.0,ds2,ds2_4,Jungwuchs/Dickung,Jungwuchs/Dickung_4,0.0,0.0,3.0,3.0,4.0,4.0,4802,young
1.145811882228311,11977.0,4.0,ds6,ds6_4,Starkes Baumholz,Starkes Baumholz_4,0.0,0.0,3.0,3.0,4.0,3.0,4803,not_young
2.589092698112095,11978.0,4.0,ds4,ds4_4,Schwaches Baumholz,Schwaches Baumholz_4,0.0,0.0,3.0,3.0,4.0,3.0,4804,not_young
0.923271457966999,11984.0,4.0,ds2,ds2_4,Jungwuchs/Dickung,Jungwuchs/Dickung_4,0.0,0.0,3.0,3.0,3.0,3.0,4805,young
0.555812595994957,11986.0,4.0,ds5,ds5_4,Mittleres Baumholz,Mittleres Baumholz_4,0.0,0.0,3.0,3.0,3.0,3.0,4806,not_young
1.077782381797419,11987.0,4.0,ds4,ds4_4,Schwaches Baumholz,Schwaches Baumholz_4,0.0,1.0,1.0,1.0,1.0,1.0,4807,not_young
1.224610039755417,11990.0,4.0,ds3,ds3_4,Stangenholz,Stangenholz_4,0.0,0.0,3.0,3.0,4.0,3.0,4808,not_young
0.819458925843053,11991.0,13.0,ds6,ds6_13,Starkes Baumholz,Starkes Baumholz_13,0.0,0.0,3.0,3.0,4.0,4.0,4809,not_young
1.780873266557977,11993.0,13.0,ds5,ds5_13,Mittleres Baumholz,Mittleres Baumholz_13,0.0,0.0,3.0,3.0,3.0,3.0,4810,not_young
1.47564533197619,11994.0,13.0,ds3,ds3_13,Stangenholz,Stangenholz_13,0.0,0.0,3.0,3.0,3.0,3.0,4811,not_young
0.543296412297362,11995.0,13.0,ds6,ds6_13,Starkes Baumholz,Starkes Baumholz_13,0.0,0.0,3.0,3.0,3.0,3.0,4812,not_young
3.967933144527697,11996.0,4.0,ds5,ds5_4,Mittleres Baumholz,Mittleres Baumholz_4,0.0,0.0,3.0,3.0,4.0,3.0,4813,not_young
1.46621595586054,11997.0,4.0,ds2,ds2_4,Jungwuchs/Dickung,Jungwuchs/Dickung_4,0.0,0.0,3.0,3.0,4.0,3.0,4814,young
4.74095310116536,11998.0,4.0,ds6,ds6_4,Starkes Baumholz,Starkes Baumholz_4,0.0,0.0,3.0,3.0,4.0,3.0,4815,not_young
1.239822849604441,12000.0,4.0,ds6,ds6_4,Starkes Baumholz,Starkes Baumholz_4,0.0,0.0,3.0,3.0,3.0,3.0,4816,not_young
5.717022875942192,12001.0,13.0,ds6,ds6_13,Starkes Baumholz,Starkes Baumholz_13,0.0,0.0,3.0,3.0,3.0,3.0,4817,not_young
1.839034010479634,12002.0,4.0,ds5,ds5_4,Mittleres Baumholz,Mittleres Baumholz_4,0.0,0.0,3.0,3.0,4.0,3.0,4818,not_young
0.926389959051739,12004.0,4.0,ds5,ds5_4,Mittleres Baumholz,Mittleres Baumholz_4,0.0,0.0,3.0,3.0,4.0,4.0,4819,not_young
1.469251447194911,12005.0,4.0,ds5,ds5_4,Mittleres Baumholz,Mittleres Baumholz_4,0.0,0.0,3.0,3.0,3.0,3.0,4820,not_young
0.617680318245795,12006.0,4.0,ds4,ds4_4,Schwaches Baumholz,Schwaches Baumholz_4,0.0,0.0,3.0,3.0,3.0,3.0,4821,not_young
2.114684877860849,12007.0,4.0,ds1,ds1_4,Jungwuchs/Dickung,Jungwuchs/Dickung_4,0.0,0.0,3.0,3.0,3.0,3.0,4822,young
7.257860942998018,12008.0,4.0,ds5,ds5_4,Mittleres Baumholz,Mittleres Baumholz_4,0.0,0.0,3.0,3.0,3.0,3.0,4823,not_young
1.478049637704558,12009.0,4.0,ds3,ds3_4,Stangenholz,Stangenholz_4,0.0,0.0,3.0,3.0,3.0,3.0,4824,not_young
0.528259389289841,12015.0,13.0,ds3,ds3_13,Stangenholz,Stangenholz_13,0.0,0.0,3.0,3.0,4.0,3.0,4825,not_young
0.552456334882043,12016.0,13.0,ds6,ds6_13,Starkes Baumholz,Starkes Baumholz_13,0.0,0.0,3.0,3.0,4.0,3.0,4826,not_young
0.611165142476652,12018.0,13.0,ds3,ds3_13,Stangenholz,Stangenholz_13,0.0,0.0,3.0,3.0,3.0,3.0,4827,not_young
0.51646495547276,12024.0,4.0,ds2,ds2_4,Jungwuchs/Dickung,Jungwuchs/Dickung_4,0.0,0.0,3.0,3.0,3.0,3.0,4828,young
0.578289005302452,12030.0,13.0,ds6,ds6_13,Starkes Baumholz,Starkes Baumholz_13,0.0,0.0,3.0,3.0,4.0,4.0,4829,not_young
0.731299462784734,12031.0,4.0,ds3,ds3_4,Stangenholz,Stangenholz_4,0.0,0.0,3.0,3.0,3.0,3.0,4830,not_young
0.760136979170877,12033.0,4.0,ds2,ds2_4,Jungwuchs/Dickung,Jungwuchs/Dickung_4,0.0,0.0,3.0,3.0,3.0,3.0,4831,young
1.65622471884992,12036.0,13.0,ds6,ds6_13,Starkes Baumholz,Starkes Baumholz_13,0.0,0.0,3.0,3.0,3.0,3.0,4832,not_young
1.315389750055771,12037.0,13.0,ds6,ds6_13,Starkes Baumholz,Starkes Baumholz_13,0.0,0.0,3.0,3.0,3.0,3.0,4833,not_young
0.882936471495009,12038.0,13.0,ds1,ds1_13,Jungwuchs/Dickung,Jungwuchs/Dickung_13,0.0,0.0,3.0,3.0,3.0,3.0,4834,young
0.558450726946763,12040.0,13.0,ds5,ds5_13,Mittleres Baumholz,Mittleres Baumholz_13,0.0,0.0,3.0,3.0,3.0,3.0,4835,not_young
0.544595770231475,12043.0,13.0,ds3,ds3_13,Stangenholz,Stangenholz_13,0.0,0.0,3.0,3.0,3.0,3.0,4836,not_young
0.506310505759856,12049.0,13.0,ds4,ds4_13,Schwaches Baumholz,Schwaches Baumholz_13,0.0,0.0,3.0,3.0,3.0,3.0,4837,not_young
1.244304686749168,12053.0,13.0,ds1,ds1_13,Jungwuchs/Dickung,Jungwuchs/Dickung_13,0.0,0.0,3.0,3.0,3.0,3.0,4838,young
1.514805725085084,12060.0,13.0,ds5,ds5_13,Mittleres Baumholz,Mittleres Baumholz_13,0.0,0.0,3.0,3.0,4.0,3.0,4839,not_young
1.345636015419918,12061.0,13.0,ds2,ds2_13,Jungwuchs/Dickung,Jungwuchs/Dickung_13,0.0,0.0,3.0,3.0,3.0,3.0,4840,young
0.604706035583539,12062.0,13.0,ds6,ds6_13,Starkes Baumholz,Starkes Baumholz_13,0.0,0.0,3.0,3.0,3.0,3.0,4841,not_young
0.519715993999876,12066.0,13.0,ds2,ds2_13,Jungwuchs/Dickung,Jungwuchs/Dickung_13,0.0,0.0,3.0,3.0,3.0,3.0,4842,young
0.769629518569345,12069.0,13.0,ds1,ds1_13,Jungwuchs/Dickung,Jungwuchs/Dickung_13,0.0,0.0,3.0,3.0,3.0,3.0,4843,young
1.450396709142761,12075.0,13.0,ds5,ds5_13,Mittleres Baumholz,Mittleres Baumholz_13,0.0,0.0,3.0,3.0,3.0,3.0,4844,not_young
0.597103069955856,12076.0,13.0,ds3,ds3_13,Stangenholz,Stangenholz_13,0.0,0.0,3.0,3.0,4.0,3.0,4845,not_young
0.89837544956505,12079.0,13.0,ds6,ds6_13,Starkes Baumholz,Starkes Baumholz_13,0.0,0.0,3.0,3.0,4.0,3.0,4846,not_young
0.884719231895171,12080.0,13.0,ds4,ds4_13,Schwaches Baumholz,Schwaches Baumholz_13,0.0,0.0,3.0,3.0,4.0,3.0,4847,not_young
2.384647523569168,12081.0,4.0,ds5,ds5_4,Mittleres Baumholz,Mittleres Baumholz_4,0.0,0.0,3.0,3.0,4.0,3.0,4848,not_young
2.232273929337762,12082.0,4.0,ds4,ds4_4,Schwaches Baumholz,Schwaches Baumholz_4,0.0,0.0,3.0,3.0,4.0,3.0,4849,not_young
0.910885013923881,12083.0,4.0,ds5,ds5_4,Mittleres Baumholz,Mittleres Baumholz_4,0.0,0.0,3.0,3.0,4.0,3.0,4850,not_young
0.784381254206598,12085.0,13.0,ds5,ds5_13,Mittleres Baumholz,Mittleres Baumholz_13,0.0,0.0,3.0,3.0,3.0,3.0,4851,not_young
0.544451299260184,12087.0,4.0,ds4,ds4_4,Schwaches Baumholz,Schwaches Baumholz_4,0.0,0.0,3.0,3.0,3.0,3.0,4852,not_young
0.65388763967827,12089.0,13.0,ds1,ds1_13,Jungwuchs/Dickung,Jungwuchs/Dickung_13,0.0,0.0,3.0,3.0,4.0,3.0,4853,young
0.782846231064107,12090.0,13.0,ds2,ds2_13,Jungwuchs/Dickung,Jungwuchs/Dickung_13,0.0,0.0,3.0,3.0,3.0,3.0,4854,young
0.573299139396596,12092.0,4.0,ds5,ds5_4,Mittleres Baumholz,Mittleres Baumholz_4,0.0,0.0,3.0,3.0,3.0,3.0,4855,not_young
0.760619587785134,12093.0,13.0,ds5,ds5_13,Mittleres Baumholz,Mittleres Baumholz_13,0.0,0.0,3.0,3.0,3.0,3.0,4856,not_young
1.021522318246495,12094.0,13.0,ds6,ds6_13,Starkes Baumholz,Starkes Baumholz_13,0.0,0.0,3.0,3.0,3.0,3.0,4857,not_young
0.588730004294962,12097.0,13.0,ds5,ds5_13,Mittleres Baumholz,Mittleres Baumholz_13,0.0,0.0,3.0,3.0,4.0,4.0,4858,not_young
1.40396986001163,12098.0,13.0,ds4,ds4_13,Schwaches Baumholz,Schwaches Baumholz_13,0.0,0.0,3.0,3.0,3.0,3.0,4859,not_young
0.956292684137245,12099.0,4.0,ds2,ds2_4,Jungwuchs/Dickung,Jungwuchs/Dickung_4,0.0,0.0,3.0,3.0,3.0,3.0,4860,young
0.824214789118877,12100.0,13.0,ds6,ds6_13,Starkes Baumholz,Starkes Baumholz_13,0.0,0.0,3.0,3.0,3.0,3.0,4861,not_young
0.696031226346688,12101.0,13.0,ds5,ds5_13,Mittleres Baumholz,Mittleres Baumholz_13,0.0,0.0,3.0,3.0,3.0,3.0,4862,not_young
1.350593491066384,12103.0,13.0,ds5,ds5_13,Mittleres Baumholz,Mittleres Baumholz_13,0.0,0.0,3.0,3.0,3.0,3.0,4863,not_young
2.802689070924651,12105.0,13.0,ds5,ds5_13,Mittleres Baumholz,Mittleres Baumholz_13,0.0,0.0,3.0,3.0,3.0,3.0,4864,not_young
0.97709071324704,12107.0,4.0,ds2,ds2_4,Jungwuchs/Dickung,Jungwuchs/Dickung_4,0.0,0.0,3.0,3.0,3.0,3.0,4865,young
1.543214334309823,12108.0,4.0,ds5,ds5_4,Mittleres Baumholz,Mittleres Baumholz_4,0.0,0.0,3.0,3.0,3.0,3.0,4866,not_young
1.411833509586242,12109.0,4.0,ds5,ds5_4,Mittleres Baumholz,Mittleres Baumholz_4,0.0,0.0,3.0,3.0,4.0,4.0,4867,not_young
1.298428892215493,12110.0,4.0,ds5,ds5_4,Mittleres Baumholz,Mittleres Baumholz_4,0.0,0.0,3.0,3.0,3.0,3.0,4868,not_young
0.53680045905998,12112.0,13.0,ds4,ds4_13,Schwaches Baumholz,Schwaches Baumholz_13,0.0,0.0,3.0,3.0,3.0,3.0,4869,not_young
1.576842400446627,12114.0,4.0,ds6,ds6_4,Starkes Baumholz,Starkes Baumholz_4,0.0,0.0,3.0,3.0,3.0,3.0,4870,not_young
0.752445361911244,12116.0,13.0,ds5,ds5_13,Mittleres Baumholz,Mittleres Baumholz_13,0.0,0.0,3.0,3.0,4.0,4.0,4871,not_young
0.817176164222951,12117.0,13.0,ds5,ds5_13,Mittleres Baumholz,Mittleres Baumholz_13,0.0,0.0,3.0,3.0,4.0,3.0,4872,not_young
1.153428322085383,12118.0,13.0,ds2,ds2_13,Jungwuchs/Dickung,Jungwuchs/Dickung_13,0.0,0.0,3.0,3.0,4.0,3.0,4873,young
1.48727700083678,12119.0,4.0,ds3,ds3_4,Stangenholz,Stangenholz_4,0.0,0.0,3.0,3.0,4.0,4.0,4874,not_young
0.633714157945351,12120.0,4.0,ds2,ds2_4,Jungwuchs/Dickung,Jungwuchs/Dickung_4,0.0,1.0,1.0,1.0,1.0,1.0,4875,young
3.251724773042381,12121.0,13.0,ds1,ds1_13,Jungwuchs/Dickung,Jungwuchs/Dickung_13,0.0,0.0,3.0,3.0,3.0,3.0,4876,young
0.790311350629316,12122.0,4.0,ds4,ds4_4,Schwaches Baumholz,Schwaches Baumholz_4,0.0,0.0,3.0,3.0,4.0,3.0,4877,not_young
0.692950396920822,12123.0,13.0,ds5,ds5_13,Mittleres Baumholz,Mittleres Baumholz_13,0.0,0.0,3.0,1.0,4.0,3.0,4878,not_young
0.838012561627953,12124.0,4.0,ds1,ds1_4,Jungwuchs/Dickung,Jungwuchs/Dickung_4,0.0,0.0,3.0,3.0,3.0,3.0,4879,young
0.706799539301585,12125.0,4.0,ds4,ds4_4,Schwaches Baumholz,Schwaches Baumholz_4,0.0,0.0,3.0,3.0,3.0,3.0,4880,not_young
0.917038405411976,12126.0,13.0,ds5,ds5_13,Mittleres Baumholz,Mittleres Baumholz_13,0.0,0.0,3.0,3.0,3.0,3.0,4881,not_young
2.006986572766642,12127.0,4.0,ds5,ds5_4,Mittleres Baumholz,Mittleres Baumholz_4,0.0,0.0,3.0,3.0,4.0,3.0,4882,not_young
1.103560052799992,12128.0,13.0,ds2,ds2_13,Jungwuchs/Dickung,Jungwuchs/Dickung_13,0.0,0.0,3.0,3.0,3.0,3.0,4883,young
0.506094585052934,12129.0,13.0,ds2,ds2_13,Jungwuchs/Dickung,Jungwuchs/Dickung_13,0.0,0.0,3.0,3.0,4.0,3.0,4884,young
0.689153520463686,12132.0,13.0,ds3,ds3_13,Stangenholz,Stangenholz_13,0.0,0.0,3.0,3.0,4.0,3.0,4885,not_young
0.581871804341488,12133.0,4.0,ds3,ds3_4,Stangenholz,Stangenholz_4,0.0,0.0,3.0,3.0,3.0,3.0,4886,not_young
0.628526431865591,12134.0,4.0,ds3,ds3_4,Stangenholz,Stangenholz_4,0.0,0.0,3.0,3.0,4.0,3.0,4887,not_young
1.067639450467582,12135.0,4.0,ds6,ds6_4,Starkes Baumholz,Starkes Baumholz_4,0.0,0.0,3.0,3.0,4.0,3.0,4888,not_young
0.898686475219256,12136.0,4.0,ds5,ds5_4,Mittleres Baumholz,Mittleres Baumholz_4,0.0,0.0,3.0,3.0,3.0,3.0,4889,not_young
0.522054755183065,12137.0,4.0,ds3,ds3_4,Stangenholz,Stangenholz_4,0.0,0.0,3.0,3.0,3.0,3.0,4890,not_young
0.548508090368663,12138.0,4.0,ds5,ds5_4,Mittleres Baumholz,Mittleres Baumholz_4,0.0,0.0,3.0,3.0,4.0,4.0,4891,not_young
1.804567349832002,12139.0,13.0,ds4,ds4_13,Schwaches Baumholz,Schwaches Baumholz_13,1.0,0.0,2.0,2.0,2.0,2.0,4892,not_young
1.446696634508114,12140.0,13.0,ds2,ds2_13,Jungwuchs/Dickung,Jungwuchs/Dickung_13,0.0,0.0,3.0,3.0,4.0,3.0,4893,young
0.718459709662851,12141.0,4.0,ds3,ds3_4,Stangenholz,Stangenholz_4,0.0,0.0,3.0,3.0,3.0,3.0,4894,not_young
2.391010482437724,12142.0,13.0,ds4,ds4_13,Schwaches Baumholz,Schwaches Baumholz_13,0.0,0.0,3.0,3.0,3.0,3.0,4895,not_young
0.562783868097887,12143.0,13.0,ds3,ds3_13,Stangenholz,Stangenholz_13,0.0,1.0,1.0,1.0,1.0,1.0,4896,not_young
2.061836106644198,12144.0,4.0,ds6,ds6_4,Starkes Baumholz,Starkes Baumholz_4,0.0,0.0,3.0,3.0,3.0,3.0,4897,not_young
1.454542939429334,12145.0,13.0,ds5,ds5_13,Mittleres Baumholz,Mittleres Baumholz_13,0.0,0.0,3.0,3.0,4.0,3.0,4898,not_young
1.919493849959417,12146.0,4.0,ds4,ds4_4,Schwaches Baumholz,Schwaches Baumholz_4,0.0,0.0,3.0,3.0,3.0,3.0,4899,not_young
0.855802122234041,12147.0,4.0,ds4,ds4_4,Schwaches Baumholz,Schwaches Baumholz_4,0.0,0.0,3.0,3.0,4.0,3.0,4900,not_young
2.035027986493707,12148.0,13.0,ds3,ds3_13,Stangenholz,Stangenholz_13,0.0,0.0,3.0,3.0,3.0,3.0,4901,not_young
1.667588304032505,12149.0,13.0,ds4,ds4_13,Schwaches Baumholz,Schwaches Baumholz_13,0.0,0.0,3.0,3.0,4.0,3.0,4902,not_young
1.265130810695281,12150.0,13.0,ds2,ds2_13,Jungwuchs/Dickung,Jungwuchs/Dickung_13,0.0,0.0,3.0,3.0,3.0,3.0,4903,young
1.734318218951266,12151.0,13.0,ds5,ds5_13,Mittleres Baumholz,Mittleres Baumholz_13,0.0,0.0,3.0,3.0,3.0,3.0,4904,not_young
0.883465421603387,12152.0,13.0,ds1,ds1_13,Jungwuchs/Dickung,Jungwuchs/Dickung_13,0.0,0.0,3.0,3.0,3.0,3.0,4905,young
7.66186905131325,12153.0,13.0,ds6,ds6_13,Starkes Baumholz,Starkes Baumholz_13,0.0,0.0,3.0,3.0,3.0,3.0,4906,not_young
0.614444209105149,12167.0,13.0,ds5,ds5_13,Mittleres Baumholz,Mittleres Baumholz_13,0.0,0.0,3.0,3.0,3.0,3.0,4907,not_young
0.955813851357042,12171.0,4.0,ds6,ds6_4,Starkes Baumholz,Starkes Baumholz_4,0.0,0.0,3.0,3.0,4.0,3.0,4908,not_young
0.658253539586626,12174.0,13.0,ds3,ds3_13,Stangenholz,Stangenholz_13,0.0,0.0,3.0,3.0,3.0,3.0,4909,not_young
1.1018820727502,12177.0,13.0,ds5,ds5_13,Mittleres Baumholz,Mittleres Baumholz_13,0.0,0.0,3.0,3.0,3.0,3.0,4910,not_young
1.242377274527214,12185.0,4.0,ds6,ds6_4,Starkes Baumholz,Starkes Baumholz_4,0.0,0.0,3.0,3.0,3.0,3.0,4911,not_young
0.668941949763644,12187.0,4.0,ds3,ds3_4,Stangenholz,Stangenholz_4,0.0,0.0,3.0,3.0,3.0,3.0,4912,not_young
0.803218382613827,12189.0,4.0,ds2,ds2_4,Jungwuchs/Dickung,Jungwuchs/Dickung_4,0.0,0.0,3.0,3.0,4.0,3.0,4913,young
0.626915335776098,12209.0,4.0,ds4,ds4_4,Schwaches Baumholz,Schwaches Baumholz_4,0.0,0.0,3.0,3.0,3.0,3.0,4914,not_young
0.567798298109183,12211.0,4.0,ds6,ds6_4,Starkes Baumholz,Starkes Baumholz_4,0.0,0.0,3.0,3.0,4.0,3.0,4915,not_young
0.941189068449591,12214.0,4.0,ds6,ds6_4,Starkes Baumholz,Starkes Baumholz_4,0.0,0.0,3.0,3.0,3.0,3.0,4916,not_young
1.083064404002577,12218.0,4.0,ds6,ds6_4,Starkes Baumholz,Starkes Baumholz_4,0.0,0.0,3.0,1.0,4.0,4.0,4917,not_young
0.557288193649333,12223.0,4.0,ds6,ds6_4,Starkes Baumholz,Starkes Baumholz_4,0.0,0.0,3.0,3.0,4.0,3.0,4918,not_young
0.538264712751098,12233.0,4.0,ds4,ds4_4,Schwaches Baumholz,Schwaches Baumholz_4,0.0,1.0,1.0,1.0,1.0,1.0,4919,not_young
0.759600225013122,12239.0,4.0,ds2,ds2_4,Jungwuchs/Dickung,Jungwuchs/Dickung_4,0.0,0.0,3.0,3.0,3.0,3.0,4920,young
0.941507298959815,12246.0,4.0,ds2,ds2_4,Jungwuchs/Dickung,Jungwuchs/Dickung_4,0.0,0.0,3.0,3.0,4.0,4.0,4921,young
0.507512342497986,12247.0,4.0,ds3,ds3_4,Stangenholz,Stangenholz_4,0.0,0.0,3.0,3.0,3.0,3.0,4922,not_young
1.582685056864424,12255.0,4.0,ds3,ds3_4,Stangenholz,Stangenholz_4,0.0,0.0,3.0,3.0,3.0,3.0,4923,not_young
1.041841854257602,12262.0,4.0,ds3,ds3_4,Stangenholz,Stangenholz_4,0.0,0.0,3.0,3.0,3.0,3.0,4924,not_young
0.730532413600385,12268.0,4.0,ds3,ds3_4,Stangenholz,Stangenholz_4,0.0,0.0,3.0,3.0,3.0,3.0,4925,not_young
0.943422414079495,12271.0,13.0,ds2,ds2_13,Jungwuchs/Dickung,Jungwuchs/Dickung_13,0.0,0.0,3.0,3.0,3.0,3.0,4926,young
0.939608527645958,12272.0,4.0,ds1,ds1_4,Jungwuchs/Dickung,Jungwuchs/Dickung_4,0.0,0.0,3.0,3.0,4.0,4.0,4927,young
0.596861670409143,12275.0,4.0,ds1,ds1_4,Jungwuchs/Dickung,Jungwuchs/Dickung_4,0.0,0.0,3.0,3.0,3.0,3.0,4928,young
0.662119028012455,12280.0,4.0,ds1,ds1_4,Jungwuchs/Dickung,Jungwuchs/Dickung_4,0.0,0.0,3.0,3.0,3.0,3.0,4929,young
1.64047980090864,12283.0,4.0,ds6,ds6_4,Starkes Baumholz,Starkes Baumholz_4,0.0,0.0,3.0,3.0,3.0,3.0,4930,not_young
1.880435048515478,12290.0,4.0,ds6,ds6_4,Starkes Baumholz,Starkes Baumholz_4,0.0,0.0,3.0,3.0,3.0,3.0,4931,not_young
0.790645217129216,12293.0,4.0,ds4,ds4_4,Schwaches Baumholz,Schwaches Baumholz_4,0.0,0.0,3.0,3.0,4.0,4.0,4932,not_young
0.829407624524646,12296.0,4.0,ds3,ds3_4,Stangenholz,Stangenholz_4,0.0,0.0,3.0,3.0,3.0,3.0,4933,not_young
1.27444468417,12298.0,4.0,ds2,ds2_4,Jungwuchs/Dickung,Jungwuchs/Dickung_4,0.0,0.0,3.0,3.0,4.0,3.0,4934,young
0.797761363671161,12301.0,4.0,ds2,ds2_4,Jungwuchs/Dickung,Jungwuchs/Dickung_4,0.0,0.0,3.0,3.0,4.0,3.0,4935,young
3.07257786093576,12304.0,4.0,ds6,ds6_4,Starkes Baumholz,Starkes Baumholz_4,0.0,0.0,3.0,3.0,3.0,3.0,4936,not_young
0.703151302827778,12310.0,4.0,ds1,ds1_4,Jungwuchs/Dickung,Jungwuchs/Dickung_4,0.0,0.0,3.0,3.0,3.0,3.0,4937,young
2.2512848063435,12320.0,4.0,ds1,ds1_4,Jungwuchs/Dickung,Jungwuchs/Dickung_4,0.0,0.0,3.0,3.0,3.0,3.0,4938,young
0.549587259015767,12328.0,4.0,ds3,ds3_4,Stangenholz,Stangenholz_4,0.0,0.0,3.0,3.0,4.0,4.0,4939,not_young
0.879310346014999,12331.0,13.0,ds3,ds3_13,Stangenholz,Stangenholz_13,0.0,0.0,3.0,3.0,4.0,3.0,4940,not_young
0.600261704374218,12333.0,4.0,ds1,ds1_4,Jungwuchs/Dickung,Jungwuchs/Dickung_4,0.0,0.0,3.0,3.0,3.0,3.0,4941,young
0.630024132403801,12334.0,13.0,ds1,ds1_13,Jungwuchs/Dickung,Jungwuchs/Dickung_13,0.0,0.0,3.0,3.0,4.0,3.0,4942,young
0.617564229923859,12336.0,4.0,ds5,ds5_4,Mittleres Baumholz,Mittleres Baumholz_4,0.0,0.0,3.0,3.0,3.0,3.0,4943,not_young
0.78709435479051,12340.0,4.0,ds1,ds1_4,Jungwuchs/Dickung,Jungwuchs/Dickung_4,0.0,0.0,3.0,3.0,3.0,3.0,4944,young
0.633459680042369,12349.0,4.0,ds4,ds4_4,Schwaches Baumholz,Schwaches Baumholz_4,0.0,0.0,3.0,3.0,4.0,3.0,4945,not_young
1.084503984846408,12351.0,4.0,ds1,ds1_4,Jungwuchs/Dickung,Jungwuchs/Dickung_4,0.0,0.0,3.0,3.0,3.0,3.0,4946,young
0.661460827361187,12352.0,4.0,ds4,ds4_4,Schwaches Baumholz,Schwaches Baumholz_4,0.0,0.0,3.0,3.0,3.0,3.0,4947,not_young
0.566543509945297,12354.0,4.0,ds5,ds5_4,Mittleres Baumholz,Mittleres Baumholz_4,0.0,0.0,3.0,3.0,3.0,3.0,4948,not_young
1.338140329719737,12356.0,4.0,ds1,ds1_4,Jungwuchs/Dickung,Jungwuchs/Dickung_4,0.0,0.0,3.0,3.0,3.0,3.0,4949,young
2.385606986322906,12358.0,4.0,ds1,ds1_4,Jungwuchs/Dickung,Jungwuchs/Dickung_4,0.0,0.0,3.0,3.0,3.0,3.0,4950,young
0.598983627426252,12359.0,4.0,ds1,ds1_4,Jungwuchs/Dickung,Jungwuchs/Dickung_4,0.0,0.0,3.0,3.0,4.0,4.0,4951,young
0.977907777261641,12361.0,4.0,ds5,ds5_4,Mittleres Baumholz,Mittleres Baumholz_4,0.0,0.0,3.0,3.0,3.0,3.0,4952,not_young
0.568785884932242,12363.0,4.0,ds4,ds4_4,Schwaches Baumholz,Schwaches Baumholz_4,0.0,0.0,3.0,3.0,3.0,3.0,4953,not_young
1.723185086810682,12367.0,13.0,ds1,ds1_13,Jungwuchs/Dickung,Jungwuchs/Dickung_13,0.0,0.0,3.0,3.0,3.0,3.0,4954,young
0.65206530862574,12369.0,13.0,ds4,ds4_13,Schwaches Baumholz,Schwaches Baumholz_13,0.0,0.0,3.0,3.0,4.0,4.0,4955,not_young
0.609762268354361,12371.0,13.0,ds2,ds2_13,Jungwuchs/Dickung,Jungwuchs/Dickung_13,0.0,0.0,3.0,3.0,4.0,3.0,4956,young
1.374617876394474,12374.0,4.0,ds5,ds5_4,Mittleres Baumholz,Mittleres Baumholz_4,0.0,0.0,3.0,3.0,4.0,3.0,4957,not_young
0.570096970594849,12375.0,4.0,ds1,ds1_4,Jungwuchs/Dickung,Jungwuchs/Dickung_4,0.0,0.0,3.0,3.0,3.0,3.0,4958,young
0.590819687581947,12377.0,4.0,ds6,ds6_4,Starkes Baumholz,Starkes Baumholz_4,0.0,0.0,3.0,3.0,4.0,3.0,4959,not_young
0.694359529490536,12382.0,4.0,ds5,ds5_4,Mittleres Baumholz,Mittleres Baumholz_4,0.0,0.0,3.0,3.0,3.0,3.0,4960,not_young
1.294905843507312,12383.0,4.0,ds1,ds1_4,Jungwuchs/Dickung,Jungwuchs/Dickung_4,0.0,0.0,3.0,1.0,3.0,3.0,4961,young
0.610533846790437,12389.0,4.0,ds6,ds6_4,Starkes Baumholz,Starkes Baumholz_4,0.0,0.0,3.0,3.0,3.0,3.0,4962,not_young
0.617218665715121,12390.0,4.0,ds2,ds2_4,Jungwuchs/Dickung,Jungwuchs/Dickung_4,0.0,0.0,3.0,3.0,3.0,3.0,4963,young
1.288128592068796,12391.0,4.0,ds1,ds1_4,Jungwuchs/Dickung,Jungwuchs/Dickung_4,0.0,0.0,3.0,3.0,3.0,3.0,4964,young
0.501366100837721,12397.0,4.0,ds2,ds2_4,Jungwuchs/Dickung,Jungwuchs/Dickung_4,0.0,0.0,3.0,3.0,3.0,3.0,4965,young
0.820813204435119,12398.0,4.0,ds6,ds6_4,Starkes Baumholz,Starkes Baumholz_4,0.0,0.0,3.0,3.0,3.0,3.0,4966,not_young
0.815813464240963,12399.0,4.0,ds2,ds2_4,Jungwuchs/Dickung,Jungwuchs/Dickung_4,0.0,0.0,3.0,3.0,3.0,3.0,4967,young
0.70032416744316,12403.0,4.0,ds5,ds5_4,Mittleres Baumholz,Mittleres Baumholz_4,0.0,0.0,3.0,3.0,3.0,3.0,4968,not_young
1.543127077165921,12404.0,13.0,ds3,ds3_13,Stangenholz,Stangenholz_13,0.0,0.0,3.0,3.0,3.0,3.0,4969,not_young
1.264378403671784,12406.0,13.0,ds1,ds1_13,Jungwuchs/Dickung,Jungwuchs/Dickung_13,0.0,0.0,3.0,3.0,3.0,3.0,4970,young
0.592022149230167,12408.0,4.0,ds4,ds4_4,Schwaches Baumholz,Schwaches Baumholz_4,0.0,0.0,3.0,3.0,4.0,3.0,4971,not_young
0.661886672874726,12409.0,4.0,ds4,ds4_4,Schwaches Baumholz,Schwaches Baumholz_4,0.0,0.0,3.0,3.0,3.0,3.0,4972,not_young
0.954954172169045,12410.0,4.0,ds2,ds2_4,Jungwuchs/Dickung,Jungwuchs/Dickung_4,0.0,0.0,3.0,3.0,4.0,3.0,4973,young
0.544924326831382,12411.0,4.0,ds2,ds2_4,Jungwuchs/Dickung,Jungwuchs/Dickung_4,0.0,0.0,3.0,3.0,3.0,3.0,4974,young
0.888692802550644,12412.0,4.0,ds2,ds2_4,Jungwuchs/Dickung,Jungwuchs/Dickung_4,0.0,0.0,3.0,3.0,3.0,3.0,4975,young
0.591371946830495,12416.0,4.0,ds5,ds5_4,Mittleres Baumholz,Mittleres Baumholz_4,0.0,0.0,3.0,3.0,3.0,3.0,4976,not_young
0.519610816388484,12418.0,4.0,ds6,ds6_4,Starkes Baumholz,Starkes Baumholz_4,0.0,0.0,3.0,3.0,3.0,3.0,4977,not_young
0.748425673034601,12425.0,13.0,ds3,ds3_13,Stangenholz,Stangenholz_13,0.0,0.0,3.0,3.0,3.0,3.0,4978,not_young
0.511981564829499,12428.0,13.0,ds5,ds5_13,Mittleres Baumholz,Mittleres Baumholz_13,0.0,0.0,3.0,3.0,4.0,4.0,4979,not_young
0.577715216625296,12433.0,13.0,ds2,ds2_13,Jungwuchs/Dickung,Jungwuchs/Dickung_13,0.0,0.0,3.0,3.0,4.0,4.0,4980,young
0.732970854642149,12436.0,13.0,ds2,ds2_13,Jungwuchs/Dickung,Jungwuchs/Dickung_13,0.0,0.0,3.0,3.0,4.0,4.0,4981,young
0.711154433845496,12439.0,4.0,ds1,ds1_4,Jungwuchs/Dickung,Jungwuchs/Dickung_4,0.0,0.0,3.0,3.0,4.0,4.0,4982,young
1.101967683970858,12444.0,4.0,ds6,ds6_4,Starkes Baumholz,Starkes Baumholz_4,0.0,0.0,3.0,3.0,4.0,3.0,4983,not_young
0.838642809805647,12445.0,4.0,ds2,ds2_4,Jungwuchs/Dickung,Jungwuchs/Dickung_4,0.0,0.0,3.0,3.0,3.0,3.0,4984,young
1.275066148810741,12446.0,4.0,ds5,ds5_4,Mittleres Baumholz,Mittleres Baumholz_4,0.0,0.0,3.0,3.0,4.0,3.0,4985,not_young
0.572643367390474,12448.0,4.0,ds5,ds5_4,Mittleres Baumholz,Mittleres Baumholz_4,0.0,0.0,3.0,3.0,4.0,4.0,4986,not_young
2.067520455917181,12451.0,4.0,ds1,ds1_4,Jungwuchs/Dickung,Jungwuchs/Dickung_4,0.0,0.0,3.0,3.0,3.0,3.0,4987,young
0.868011493829172,12453.0,4.0,ds6,ds6_4,Starkes Baumholz,Starkes Baumholz_4,0.0,0.0,3.0,3.0,3.0,3.0,4988,not_young
0.73783080440753,12454.0,4.0,ds4,ds4_4,Schwaches Baumholz,Schwaches Baumholz_4,0.0,0.0,3.0,3.0,3.0,3.0,4989,not_young
0.659707529042754,12457.0,4.0,ds6,ds6_4,Starkes Baumholz,Starkes Baumholz_4,0.0,1.0,1.0,1.0,1.0,1.0,4990,not_young
0.959504428751301,12460.0,4.0,ds6,ds6_4,Starkes Baumholz,Starkes Baumholz_4,0.0,0.0,3.0,3.0,4.0,4.0,4991,not_young
0.66944926957171,12461.0,4.0,ds1,ds1_4,Jungwuchs/Dickung,Jungwuchs/Dickung_4,0.0,0.0,3.0,3.0,4.0,4.0,4992,young
1.03341518833919,12462.0,13.0,ds2,ds2_13,Jungwuchs/Dickung,Jungwuchs/Dickung_13,0.0,0.0,3.0,3.0,3.0,3.0,4993,young
0.557241192559653,12464.0,4.0,ds2,ds2_4,Jungwuchs/Dickung,Jungwuchs/Dickung_4,0.0,0.0,3.0,3.0,3.0,3.0,4994,young
0.61234019777854,12468.0,4.0,ds2,ds2_4,Jungwuchs/Dickung,Jungwuchs/Dickung_4,0.0,0.0,3.0,3.0,3.0,3.0,4995,young
0.754641177931568,12469.0,4.0,ds5,ds5_4,Mittleres Baumholz,Mittleres Baumholz_4,0.0,0.0,3.0,1.0,4.0,3.0,4996,not_young
0.91010670497301,12470.0,4.0,ds5,ds5_4,Mittleres Baumholz,Mittleres Baumholz_4,0.0,0.0,3.0,3.0,3.0,3.0,4997,not_young
1.065269922241865,12473.0,4.0,ds3,ds3_4,Stangenholz,Stangenholz_4,0.0,0.0,3.0,3.0,3.0,3.0,4998,not_young
1.192209813738894,12474.0,4.0,ds5,ds5_4,Mittleres Baumholz,Mittleres Baumholz_4,0.0,0.0,3.0,3.0,3.0,3.0,4999,not_young
0.741120172065491,12479.0,4.0,ds6,ds6_4,Starkes Baumholz,Starkes Baumholz_4,0.0,0.0,3.0,3.0,3.0,3.0,5000,not_young
0.607408737138077,12480.0,4.0,ds3,ds3_4,Stangenholz,Stangenholz_4,0.0,0.0,3.0,1.0,3.0,3.0,5001,not_young
0.866501943945186,12481.0,4.0,ds6,ds6_4,Starkes Baumholz,Starkes Baumholz_4,0.0,0.0,3.0,3.0,3.0,3.0,5002,not_young
0.545528096439377,12484.0,4.0,ds1,ds1_4,Jungwuchs/Dickung,Jungwuchs/Dickung_4,0.0,0.0,3.0,3.0,3.0,3.0,5003,young
1.019309592533857,12485.0,4.0,ds1,ds1_4,Jungwuchs/Dickung,Jungwuchs/Dickung_4,0.0,0.0,3.0,3.0,3.0,3.0,5004,young
4.344139209703729,12486.0,4.0,ds6,ds6_4,Starkes Baumholz,Starkes Baumholz_4,0.0,0.0,3.0,3.0,3.0,3.0,5005,not_young
0.610586907772717,12490.0,4.0,ds2,ds2_4,Jungwuchs/Dickung,Jungwuchs/Dickung_4,0.0,0.0,3.0,3.0,3.0,3.0,5006,young
0.658624073990714,12493.0,4.0,ds5,ds5_4,Mittleres Baumholz,Mittleres Baumholz_4,0.0,0.0,3.0,3.0,4.0,4.0,5007,not_young
1.696953521757433,12495.0,13.0,ds5,ds5_13,Mittleres Baumholz,Mittleres Baumholz_13,0.0,0.0,3.0,3.0,3.0,3.0,5008,not_young
0.690415246176347,12496.0,4.0,ds5,ds5_4,Mittleres Baumholz,Mittleres Baumholz_4,0.0,0.0,3.0,3.0,4.0,3.0,5009,not_young
1.193274012143555,12499.0,13.0,ds2,ds2_13,Jungwuchs/Dickung,Jungwuchs/Dickung_13,0.0,0.0,3.0,3.0,4.0,4.0,5010,young
3.54363779359198,12500.0,13.0,ds6,ds6_13,Starkes Baumholz,Starkes Baumholz_13,0.0,0.0,3.0,3.0,3.0,3.0,5011,not_young
0.519997530994625,12501.0,13.0,ds6,ds6_13,Starkes Baumholz,Starkes Baumholz_13,0.0,0.0,3.0,3.0,4.0,3.0,5012,not_young
3.173118062706362,12503.0,4.0,ds6,ds6_4,Starkes Baumholz,Starkes Baumholz_4,0.0,0.0,3.0,3.0,3.0,3.0,5013,not_young
1.164134841126436,12505.0,4.0,ds5,ds5_4,Mittleres Baumholz,Mittleres Baumholz_4,0.0,0.0,3.0,3.0,4.0,3.0,5014,not_young
3.030936192601989,12507.0,4.0,ds2,ds2_4,Jungwuchs/Dickung,Jungwuchs/Dickung_4,0.0,0.0,3.0,3.0,3.0,3.0,5015,young
0.577594024115358,12508.0,4.0,ds6,ds6_4,Starkes Baumholz,Starkes Baumholz_4,0.0,0.0,3.0,3.0,3.0,3.0,5016,not_young
0.847412227630746,12509.0,4.0,ds5,ds5_4,Mittleres Baumholz,Mittleres Baumholz_4,0.0,0.0,3.0,3.0,4.0,3.0,5017,not_young
0.723001131685566,12510.0,13.0,ds6,ds6_13,Starkes Baumholz,Starkes Baumholz_13,0.0,0.0,3.0,3.0,4.0,3.0,5018,not_young
0.653055770903267,12512.0,4.0,ds2,ds2_4,Jungwuchs/Dickung,Jungwuchs/Dickung_4,0.0,0.0,3.0,3.0,3.0,3.0,5019,young
1.178995645282325,12516.0,4.0,ds5,ds5_4,Mittleres Baumholz,Mittleres Baumholz_4,0.0,0.0,3.0,3.0,3.0,3.0,5020,not_young
0.503442709746095,12517.0,4.0,ds5,ds5_4,Mittleres Baumholz,Mittleres Baumholz_4,0.0,0.0,3.0,3.0,3.0,3.0,5021,not_young
1.695041238163482,12518.0,4.0,ds4,ds4_4,Schwaches Baumholz,Schwaches Baumholz_4,0.0,0.0,3.0,3.0,4.0,3.0,5022,not_young
0.608318587726587,12520.0,4.0,ds2,ds2_4,Jungwuchs/Dickung,Jungwuchs/Dickung_4,0.0,0.0,3.0,3.0,3.0,3.0,5023,young
0.876685188150662,12521.0,4.0,ds1,ds1_4,Jungwuchs/Dickung,Jungwuchs/Dickung_4,0.0,0.0,3.0,3.0,3.0,3.0,5024,young
0.550081504898611,12526.0,4.0,ds3,ds3_4,Stangenholz,Stangenholz_4,0.0,0.0,3.0,3.0,3.0,3.0,5025,not_young
0.519242402944411,12527.0,4.0,ds5,ds5_4,Mittleres Baumholz,Mittleres Baumholz_4,0.0,0.0,3.0,3.0,3.0,3.0,5026,not_young
1.187213928722742,12530.0,4.0,ds5,ds5_4,Mittleres Baumholz,Mittleres Baumholz_4,0.0,0.0,3.0,3.0,3.0,3.0,5027,not_young
2.44435088355667,12531.0,13.0,ds5,ds5_13,Mittleres Baumholz,Mittleres Baumholz_13,0.0,0.0,3.0,3.0,4.0,3.0,5028,not_young
1.097166637361207,12532.0,4.0,ds2,ds2_4,Jungwuchs/Dickung,Jungwuchs/Dickung_4,0.0,0.0,3.0,3.0,3.0,3.0,5029,young
0.760653799409978,12533.0,4.0,ds1,ds1_4,Jungwuchs/Dickung,Jungwuchs/Dickung_4,0.0,0.0,3.0,3.0,3.0,3.0,5030,young
0.810264280767925,12534.0,4.0,ds1,ds1_4,Jungwuchs/Dickung,Jungwuchs/Dickung_4,0.0,0.0,3.0,3.0,3.0,3.0,5031,young
1.098146028057206,12536.0,4.0,ds6,ds6_4,Starkes Baumholz,Starkes Baumholz_4,0.0,0.0,3.0,3.0,3.0,3.0,5032,not_young
1.019796858417243,12537.0,4.0,ds2,ds2_4,Jungwuchs/Dickung,Jungwuchs/Dickung_4,0.0,0.0,3.0,3.0,3.0,3.0,5033,young
0.850473272744194,12539.0,4.0,ds2,ds2_4,Jungwuchs/Dickung,Jungwuchs/Dickung_4,0.0,0.0,3.0,3.0,4.0,3.0,5034,young
1.064084415855072,12540.0,4.0,ds1,ds1_4,Jungwuchs/Dickung,Jungwuchs/Dickung_4,0.0,0.0,3.0,3.0,3.0,3.0,5035,young
3.420381809450078,12541.0,4.0,ds1,ds1_4,Jungwuchs/Dickung,Jungwuchs/Dickung_4,0.0,0.0,3.0,3.0,3.0,3.0,5036,young
0.750518498554453,12542.0,4.0,ds4,ds4_4,Schwaches Baumholz,Schwaches Baumholz_4,0.0,1.0,1.0,1.0,1.0,1.0,5037,not_young
0.984379597694124,12543.0,4.0,ds6,ds6_4,Starkes Baumholz,Starkes Baumholz_4,0.0,0.0,3.0,3.0,4.0,3.0,5038,not_young
1.43519337179162,12544.0,4.0,ds3,ds3_4,Stangenholz,Stangenholz_4,0.0,0.0,3.0,3.0,3.0,3.0,5039,not_young
0.89555042266979,12545.0,4.0,ds6,ds6_4,Starkes Baumholz,Starkes Baumholz_4,0.0,0.0,3.0,3.0,3.0,3.0,5040,not_young
0.611600900375191,12546.0,4.0,ds5,ds5_4,Mittleres Baumholz,Mittleres Baumholz_4,0.0,0.0,3.0,3.0,3.0,3.0,5041,not_young
0.630460197750852,12549.0,4.0,ds3,ds3_4,Stangenholz,Stangenholz_4,0.0,0.0,3.0,3.0,3.0,3.0,5042,not_young
0.602697764712299,12551.0,4.0,ds5,ds5_4,Mittleres Baumholz,Mittleres Baumholz_4,0.0,1.0,1.0,1.0,1.0,1.0,5043,not_young
0.695107738951407,12552.0,4.0,ds4,ds4_4,Schwaches Baumholz,Schwaches Baumholz_4,0.0,0.0,3.0,3.0,3.0,3.0,5044,not_young
1.211175505497307,12553.0,13.0,ds4,ds4_13,Schwaches Baumholz,Schwaches Baumholz_13,0.0,0.0,3.0,3.0,3.0,3.0,5045,not_young
0.72841121573057,12554.0,4.0,ds5,ds5_4,Mittleres Baumholz,Mittleres Baumholz_4,0.0,0.0,3.0,3.0,4.0,4.0,5046,not_young
1.083687501611561,12556.0,4.0,ds6,ds6_4,Starkes Baumholz,Starkes Baumholz_4,0.0,1.0,1.0,1.0,1.0,1.0,5047,not_young
1.033086344934441,12557.0,4.0,ds2,ds2_4,Jungwuchs/Dickung,Jungwuchs/Dickung_4,0.0,0.0,3.0,3.0,4.0,4.0,5048,young
0.540494232647494,12558.0,4.0,ds3,ds3_4,Stangenholz,Stangenholz_4,0.0,0.0,3.0,3.0,3.0,3.0,5049,not_young
1.016971858930239,12561.0,4.0,ds1,ds1_4,Jungwuchs/Dickung,Jungwuchs/Dickung_4,0.0,0.0,3.0,3.0,4.0,4.0,5050,young
0.95579946136931,12562.0,4.0,ds3,ds3_4,Stangenholz,Stangenholz_4,0.0,0.0,3.0,3.0,4.0,3.0,5051,not_young
0.844460673466846,12563.0,4.0,ds5,ds5_4,Mittleres Baumholz,Mittleres Baumholz_4,0.0,0.0,3.0,3.0,4.0,3.0,5052,not_young
2.813002948187586,12564.0,13.0,ds2,ds2_13,Jungwuchs/Dickung,Jungwuchs/Dickung_13,0.0,0.0,3.0,3.0,3.0,3.0,5053,young
1.456711350477673,12565.0,4.0,ds2,ds2_4,Jungwuchs/Dickung,Jungwuchs/Dickung_4,0.0,0.0,3.0,3.0,3.0,3.0,5054,young
1.529403148391936,12567.0,4.0,ds2,ds2_4,Jungwuchs/Dickung,Jungwuchs/Dickung_4,0.0,0.0,3.0,3.0,4.0,3.0,5055,young
2.617797895731591,12568.0,13.0,ds2,ds2_13,Jungwuchs/Dickung,Jungwuchs/Dickung_13,0.0,0.0,3.0,3.0,3.0,3.0,5056,young
0.903346487416793,12569.0,4.0,ds2,ds2_4,Jungwuchs/Dickung,Jungwuchs/Dickung_4,0.0,0.0,3.0,3.0,4.0,3.0,5057,young
0.783794894456599,12570.0,4.0,ds4,ds4_4,Schwaches Baumholz,Schwaches Baumholz_4,0.0,0.0,3.0,1.0,3.0,3.0,5058,not_young
1.084088507930283,12571.0,4.0,ds5,ds5_4,Mittleres Baumholz,Mittleres Baumholz_4,0.0,0.0,3.0,3.0,4.0,3.0,5059,not_young
0.533650494823174,12573.0,4.0,ds1,ds1_4,Jungwuchs/Dickung,Jungwuchs/Dickung_4,0.0,0.0,3.0,3.0,4.0,4.0,5060,young
0.526286225007149,12575.0,4.0,ds5,ds5_4,Mittleres Baumholz,Mittleres Baumholz_4,0.0,0.0,3.0,3.0,4.0,4.0,5061,not_young
0.67745245612422,12577.0,4.0,ds2,ds2_4,Jungwuchs/Dickung,Jungwuchs/Dickung_4,0.0,0.0,3.0,3.0,4.0,4.0,5062,young
3.06120381638048,12580.0,4.0,ds6,ds6_4,Starkes Baumholz,Starkes Baumholz_4,0.0,0.0,3.0,3.0,4.0,4.0,5063,not_young
2.051476214697212,12583.0,4.0,ds1,ds1_4,Jungwuchs/Dickung,Jungwuchs/Dickung_4,0.0,0.0,3.0,3.0,3.0,3.0,5064,young
0.631642476046458,12585.0,13.0,ds2,ds2_13,Jungwuchs/Dickung,Jungwuchs/Dickung_13,0.0,0.0,3.0,3.0,4.0,3.0,5065,young
0.51587871521886,12586.0,4.0,ds6,ds6_4,Starkes Baumholz,Starkes Baumholz_4,0.0,0.0,3.0,3.0,4.0,4.0,5066,not_young
1.24446969826601,12587.0,4.0,ds6,ds6_4,Starkes Baumholz,Starkes Baumholz_4,0.0,0.0,3.0,3.0,3.0,3.0,5067,not_young
0.976726279918663,12588.0,4.0,ds5,ds5_4,Mittleres Baumholz,Mittleres Baumholz_4,0.0,0.0,3.0,3.0,4.0,3.0,5068,not_young
0.929832088251365,12591.0,4.0,ds4,ds4_4,Schwaches Baumholz,Schwaches Baumholz_4,0.0,0.0,3.0,3.0,3.0,3.0,5069,not_young
1.116945083972812,12593.0,4.0,ds1,ds1_4,Jungwuchs/Dickung,Jungwuchs/Dickung_4,0.0,0.0,3.0,3.0,4.0,3.0,5070,young
0.745460524419509,12595.0,4.0,ds5,ds5_4,Mittleres Baumholz,Mittleres Baumholz_4,0.0,0.0,3.0,3.0,3.0,3.0,5071,not_young
2.025810766550386,12596.0,4.0,ds5,ds5_4,Mittleres Baumholz,Mittleres Baumholz_4,0.0,0.0,3.0,3.0,3.0,3.0,5072,not_young
1.176050440748315,12598.0,4.0,ds6,ds6_4,Starkes Baumholz,Starkes Baumholz_4,0.0,0.0,3.0,3.0,3.0,3.0,5073,not_young
0.586969483093545,12599.0,13.0,ds3,ds3_13,Stangenholz,Stangenholz_13,0.0,0.0,3.0,3.0,4.0,3.0,5074,not_young
1.77405785958948,12601.0,4.0,ds6,ds6_4,Starkes Baumholz,Starkes Baumholz_4,0.0,0.0,3.0,3.0,4.0,4.0,5075,not_young
0.528471777537698,12602.0,4.0,ds2,ds2_4,Jungwuchs/Dickung,Jungwuchs/Dickung_4,0.0,0.0,3.0,3.0,4.0,3.0,5076,young
1.264277329272637,12608.0,4.0,ds1,ds1_4,Jungwuchs/Dickung,Jungwuchs/Dickung_4,0.0,0.0,3.0,3.0,3.0,3.0,5077,young
0.621480211150911,12609.0,13.0,ds1,ds1_13,Jungwuchs/Dickung,Jungwuchs/Dickung_13,0.0,0.0,3.0,3.0,3.0,3.0,5078,young
0.519869931002439,12611.0,4.0,ds6,ds6_4,Starkes Baumholz,Starkes Baumholz_4,0.0,0.0,3.0,3.0,4.0,4.0,5079,not_young
0.722597921499109,12613.0,13.0,ds6,ds6_13,Starkes Baumholz,Starkes Baumholz_13,0.0,0.0,3.0,3.0,3.0,3.0,5080,not_young
0.542249570725369,12614.0,4.0,ds4,ds4_4,Schwaches Baumholz,Schwaches Baumholz_4,0.0,0.0,3.0,3.0,3.0,3.0,5081,not_young
0.805488884719601,12616.0,4.0,ds4,ds4_4,Schwaches Baumholz,Schwaches Baumholz_4,0.0,0.0,3.0,3.0,3.0,3.0,5082,not_young
0.564835379044634,12617.0,4.0,ds1,ds1_4,Jungwuchs/Dickung,Jungwuchs/Dickung_4,0.0,0.0,3.0,3.0,3.0,3.0,5083,young
0.777144888577738,12618.0,4.0,ds3,ds3_4,Stangenholz,Stangenholz_4,0.0,0.0,3.0,3.0,3.0,3.0,5084,not_young
1.256846197465621,12624.0,13.0,ds4,ds4_13,Schwaches Baumholz,Schwaches Baumholz_13,0.0,0.0,3.0,3.0,3.0,3.0,5085,not_young
0.515582096196385,12626.0,4.0,ds5,ds5_4,Mittleres Baumholz,Mittleres Baumholz_4,0.0,0.0,3.0,3.0,4.0,3.0,5086,not_young
1.726021497587487,12627.0,4.0,ds6,ds6_4,Starkes Baumholz,Starkes Baumholz_4,0.0,0.0,3.0,3.0,4.0,3.0,5087,not_young
0.540009459415451,12628.0,4.0,ds2,ds2_4,Jungwuchs/Dickung,Jungwuchs/Dickung_4,0.0,0.0,3.0,3.0,4.0,3.0,5088,young
1.278512093309639,12632.0,13.0,ds6,ds6_13,Starkes Baumholz,Starkes Baumholz_13,0.0,0.0,3.0,3.0,3.0,3.0,5089,not_young
1.443077583854433,12634.0,4.0,ds5,ds5_4,Mittleres Baumholz,Mittleres Baumholz_4,0.0,0.0,3.0,1.0,3.0,3.0,5090,not_young
0.581883753993269,12637.0,4.0,ds5,ds5_4,Mittleres Baumholz,Mittleres Baumholz_4,0.0,0.0,3.0,3.0,4.0,3.0,5091,not_young
0.526089574356249,12643.0,4.0,ds3,ds3_4,Stangenholz,Stangenholz_4,0.0,0.0,3.0,3.0,3.0,3.0,5092,not_young
1.663947858158452,12644.0,13.0,ds4,ds4_13,Schwaches Baumholz,Schwaches Baumholz_13,0.0,0.0,3.0,3.0,4.0,3.0,5093,not_young
0.737329032203741,12645.0,4.0,ds4,ds4_4,Schwaches Baumholz,Schwaches Baumholz_4,0.0,0.0,3.0,3.0,4.0,3.0,5094,not_young
2.34136194693216,12646.0,4.0,ds6,ds6_4,Starkes Baumholz,Starkes Baumholz_4,0.0,0.0,3.0,3.0,3.0,3.0,5095,not_young
1.025626894385368,12648.0,13.0,ds1,ds1_13,Jungwuchs/Dickung,Jungwuchs/Dickung_13,0.0,0.0,3.0,3.0,4.0,3.0,5096,young
0.888881261485862,12649.0,13.0,ds5,ds5_13,Mittleres Baumholz,Mittleres Baumholz_13,0.0,0.0,3.0,1.0,4.0,4.0,5097,not_young
1.466605869684974,12650.0,13.0,ds3,ds3_13,Stangenholz,Stangenholz_13,0.0,0.0,3.0,3.0,3.0,3.0,5098,not_young
0.74313881900342,12651.0,4.0,ds5,ds5_4,Mittleres Baumholz,Mittleres Baumholz_4,0.0,0.0,3.0,3.0,3.0,3.0,5099,not_young
0.523006287868694,12653.0,4.0,ds5,ds5_4,Mittleres Baumholz,Mittleres Baumholz_4,0.0,0.0,3.0,3.0,3.0,3.0,5100,not_young
0.805455053464696,12654.0,13.0,ds4,ds4_13,Schwaches Baumholz,Schwaches Baumholz_13,0.0,0.0,3.0,3.0,3.0,3.0,5101,not_young
0.738572162860248,12655.0,4.0,ds2,ds2_4,Jungwuchs/Dickung,Jungwuchs/Dickung_4,0.0,0.0,3.0,3.0,3.0,3.0,5102,young
0.65521616334524,12656.0,4.0,ds6,ds6_4,Starkes Baumholz,Starkes Baumholz_4,0.0,0.0,3.0,3.0,4.0,4.0,5103,not_young
0.598582195013556,12657.0,4.0,ds5,ds5_4,Mittleres Baumholz,Mittleres Baumholz_4,0.0,0.0,3.0,3.0,3.0,3.0,5104,not_young
0.521199786977563,12658.0,13.0,ds5,ds5_13,Mittleres Baumholz,Mittleres Baumholz_13,0.0,0.0,3.0,3.0,3.0,3.0,5105,not_young
1.575873292627512,12659.0,4.0,ds3,ds3_4,Stangenholz,Stangenholz_4,0.0,0.0,3.0,3.0,3.0,3.0,5106,not_young
1.471188147292286,12660.0,13.0,ds2,ds2_13,Jungwuchs/Dickung,Jungwuchs/Dickung_13,0.0,0.0,3.0,3.0,3.0,3.0,5107,young
1.214855594103737,12661.0,4.0,ds5,ds5_4,Mittleres Baumholz,Mittleres Baumholz_4,0.0,0.0,3.0,3.0,4.0,3.0,5108,not_young
0.823901493395038,12665.0,4.0,ds5,ds5_4,Mittleres Baumholz,Mittleres Baumholz_4,0.0,0.0,3.0,3.0,3.0,3.0,5109,not_young
1.340605068075238,12668.0,4.0,ds1,ds1_4,Jungwuchs/Dickung,Jungwuchs/Dickung_4,0.0,0.0,3.0,3.0,4.0,3.0,5110,young
2.335964540204476,12669.0,4.0,ds6,ds6_4,Starkes Baumholz,Starkes Baumholz_4,0.0,0.0,3.0,3.0,3.0,3.0,5111,not_young
0.762167562725768,12670.0,4.0,ds2,ds2_4,Jungwuchs/Dickung,Jungwuchs/Dickung_4,0.0,0.0,3.0,3.0,4.0,3.0,5112,young
1.324070178945479,12672.0,4.0,ds4,ds4_4,Schwaches Baumholz,Schwaches Baumholz_4,0.0,0.0,3.0,3.0,4.0,3.0,5113,not_young
1.440572001761262,12673.0,4.0,ds3,ds3_4,Stangenholz,Stangenholz_4,0.0,0.0,3.0,3.0,3.0,3.0,5114,not_young
0.903393626792519,12674.0,4.0,ds5,ds5_4,Mittleres Baumholz,Mittleres Baumholz_4,0.0,0.0,3.0,3.0,3.0,3.0,5115,not_young
1.223114367373008,12675.0,4.0,ds6,ds6_4,Starkes Baumholz,Starkes Baumholz_4,0.0,0.0,3.0,3.0,4.0,3.0,5116,not_young
2.96638715715668,12676.0,4.0,ds4,ds4_4,Schwaches Baumholz,Schwaches Baumholz_4,0.0,0.0,3.0,3.0,3.0,3.0,5117,not_young
0.547960793583689,12677.0,4.0,ds3,ds3_4,Stangenholz,Stangenholz_4,0.0,0.0,3.0,3.0,4.0,4.0,5118,not_young
1.829825089238258,12678.0,4.0,ds5,ds5_4,Mittleres Baumholz,Mittleres Baumholz_4,0.0,0.0,3.0,3.0,3.0,3.0,5119,not_young
1.142885192831435,12680.0,4.0,ds3,ds3_4,Stangenholz,Stangenholz_4,0.0,0.0,3.0,3.0,3.0,3.0,5120,not_young
0.631764841477876,12681.0,4.0,ds4,ds4_4,Schwaches Baumholz,Schwaches Baumholz_4,0.0,0.0,3.0,3.0,3.0,3.0,5121,not_young
0.804890095146513,12682.0,4.0,ds4,ds4_4,Schwaches Baumholz,Schwaches Baumholz_4,0.0,0.0,3.0,3.0,3.0,3.0,5122,not_young
4.053096435984412,12683.0,13.0,ds5,ds5_13,Mittleres Baumholz,Mittleres Baumholz_13,0.0,0.0,3.0,3.0,4.0,3.0,5123,not_young
1.781133396573734,12684.0,4.0,ds5,ds5_4,Mittleres Baumholz,Mittleres Baumholz_4,0.0,0.0,3.0,3.0,3.0,3.0,5124,not_young
1.147581220598985,12686.0,4.0,ds5,ds5_4,Mittleres Baumholz,Mittleres Baumholz_4,0.0,0.0,3.0,3.0,4.0,4.0,5125,not_young
1.325954804690881,12687.0,4.0,ds1,ds1_4,Jungwuchs/Dickung,Jungwuchs/Dickung_4,0.0,0.0,3.0,3.0,3.0,3.0,5126,young
0.669143493686896,12690.0,4.0,ds4,ds4_4,Schwaches Baumholz,Schwaches Baumholz_4,0.0,0.0,3.0,3.0,3.0,3.0,5127,not_young
0.618081648806436,12691.0,4.0,ds5,ds5_4,Mittleres Baumholz,Mittleres Baumholz_4,0.0,0.0,3.0,3.0,3.0,3.0,5128,not_young
1.360488137176074,12692.0,4.0,ds5,ds5_4,Mittleres Baumholz,Mittleres Baumholz_4,0.0,0.0,3.0,3.0,4.0,4.0,5129,not_young
0.510703097940492,12693.0,4.0,ds3,ds3_4,Stangenholz,Stangenholz_4,0.0,0.0,3.0,3.0,4.0,4.0,5130,not_young
0.797487756042747,12694.0,4.0,ds6,ds6_4,Starkes Baumholz,Starkes Baumholz_4,0.0,1.0,1.0,1.0,1.0,1.0,5131,not_young
0.613764385734694,12695.0,4.0,ds2,ds2_4,Jungwuchs/Dickung,Jungwuchs/Dickung_4,0.0,0.0,3.0,3.0,4.0,3.0,5132,young
1.25606082314793,12697.0,4.0,ds6,ds6_4,Starkes Baumholz,Starkes Baumholz_4,0.0,0.0,3.0,3.0,3.0,3.0,5133,not_young
1.1353515999217,12698.0,4.0,ds5,ds5_4,Mittleres Baumholz,Mittleres Baumholz_4,0.0,0.0,3.0,3.0,3.0,3.0,5134,not_young
1.200302074042801,12699.0,4.0,ds3,ds3_4,Stangenholz,Stangenholz_4,0.0,0.0,3.0,3.0,4.0,4.0,5135,not_young
1.099856624872913,12700.0,4.0,ds1,ds1_4,Jungwuchs/Dickung,Jungwuchs/Dickung_4,0.0,0.0,3.0,1.0,4.0,3.0,5136,young
1.318823048663233,12701.0,4.0,ds1,ds1_4,Jungwuchs/Dickung,Jungwuchs/Dickung_4,0.0,0.0,3.0,3.0,3.0,3.0,5137,young
0.871178545834962,12702.0,4.0,ds6,ds6_4,Starkes Baumholz,Starkes Baumholz_4,0.0,0.0,3.0,3.0,3.0,3.0,5138,not_young
1.010383775685541,12703.0,4.0,ds2,ds2_4,Jungwuchs/Dickung,Jungwuchs/Dickung_4,0.0,0.0,3.0,3.0,3.0,3.0,5139,young
0.777402549286897,12704.0,4.0,ds4,ds4_4,Schwaches Baumholz,Schwaches Baumholz_4,0.0,0.0,3.0,3.0,3.0,3.0,5140,not_young
0.666156152456999,12705.0,4.0,ds1,ds1_4,Jungwuchs/Dickung,Jungwuchs/Dickung_4,0.0,0.0,3.0,3.0,3.0,3.0,5141,young
2.50082435958945,12706.0,4.0,ds2,ds2_4,Jungwuchs/Dickung,Jungwuchs/Dickung_4,0.0,0.0,3.0,3.0,4.0,3.0,5142,young
0.68099486337516,12707.0,4.0,ds2,ds2_4,Jungwuchs/Dickung,Jungwuchs/Dickung_4,0.0,1.0,1.0,1.0,1.0,1.0,5143,young
0.628088734717944,12709.0,4.0,ds2,ds2_4,Jungwuchs/Dickung,Jungwuchs/Dickung_4,0.0,0.0,3.0,3.0,4.0,4.0,5144,young
0.831804746919684,12710.0,4.0,ds2,ds2_4,Jungwuchs/Dickung,Jungwuchs/Dickung_4,0.0,0.0,3.0,3.0,3.0,3.0,5145,young
0.920057467543148,12711.0,4.0,ds3,ds3_4,Stangenholz,Stangenholz_4,0.0,0.0,3.0,3.0,3.0,3.0,5146,not_young
0.905801980509423,12712.0,4.0,ds1,ds1_4,Jungwuchs/Dickung,Jungwuchs/Dickung_4,0.0,0.0,3.0,3.0,4.0,3.0,5147,young
3.257411034467118,12713.0,4.0,ds2,ds2_4,Jungwuchs/Dickung,Jungwuchs/Dickung_4,0.0,0.0,3.0,3.0,4.0,3.0,5148,young
0.685501632035151,12714.0,4.0,ds2,ds2_4,Jungwuchs/Dickung,Jungwuchs/Dickung_4,0.0,0.0,3.0,3.0,3.0,3.0,5149,young
1.708078094580164,12716.0,4.0,ds6,ds6_4,Starkes Baumholz,Starkes Baumholz_4,0.0,0.0,3.0,3.0,4.0,4.0,5150,not_young
1.43438595619328,12717.0,4.0,ds5,ds5_4,Mittleres Baumholz,Mittleres Baumholz_4,0.0,0.0,3.0,3.0,3.0,3.0,5151,not_young
0.824960976906214,12718.0,4.0,ds2,ds2_4,Jungwuchs/Dickung,Jungwuchs/Dickung_4,0.0,0.0,3.0,3.0,3.0,3.0,5152,young
1.358338064705907,12720.0,4.0,ds2,ds2_4,Jungwuchs/Dickung,Jungwuchs/Dickung_4,0.0,0.0,3.0,3.0,4.0,3.0,5153,young
0.666785344939353,12722.0,4.0,ds2,ds2_4,Jungwuchs/Dickung,Jungwuchs/Dickung_4,0.0,0.0,3.0,3.0,3.0,3.0,5154,young
0.529263461840519,12724.0,4.0,ds3,ds3_4,Stangenholz,Stangenholz_4,0.0,0.0,3.0,3.0,3.0,3.0,5155,not_young
1.362885439170338,12725.0,4.0,ds3,ds3_4,Stangenholz,Stangenholz_4,0.0,0.0,3.0,3.0,3.0,3.0,5156,not_young
1.837652880132478,12726.0,4.0,ds1,ds1_4,Jungwuchs/Dickung,Jungwuchs/Dickung_4,0.0,0.0,3.0,3.0,3.0,3.0,5157,young
1.350682951687463,12727.0,4.0,ds5,ds5_4,Mittleres Baumholz,Mittleres Baumholz_4,0.0,0.0,3.0,3.0,4.0,4.0,5158,not_young
1.93281384820696,12728.0,4.0,ds1,ds1_4,Jungwuchs/Dickung,Jungwuchs/Dickung_4,0.0,0.0,3.0,1.0,3.0,3.0,5159,young
1.08381044642455,12730.0,4.0,ds2,ds2_4,Jungwuchs/Dickung,Jungwuchs/Dickung_4,0.0,0.0,3.0,3.0,4.0,3.0,5160,young
0.750192538498016,12731.0,4.0,ds2,ds2_4,Jungwuchs/Dickung,Jungwuchs/Dickung_4,0.0,0.0,3.0,3.0,4.0,4.0,5161,young
1.794469625727925,12734.0,4.0,ds3,ds3_4,Stangenholz,Stangenholz_4,0.0,0.0,3.0,3.0,4.0,3.0,5162,not_young
2.921462009520573,12735.0,4.0,ds2,ds2_4,Jungwuchs/Dickung,Jungwuchs/Dickung_4,0.0,0.0,3.0,3.0,3.0,3.0,5163,young
1.171833558783273,12736.0,4.0,ds2,ds2_4,Jungwuchs/Dickung,Jungwuchs/Dickung_4,0.0,0.0,3.0,3.0,3.0,3.0,5164,young
1.433514081984386,12737.0,4.0,ds5,ds5_4,Mittleres Baumholz,Mittleres Baumholz_4,0.0,0.0,3.0,3.0,3.0,3.0,5165,not_young
2.333176809937694,12739.0,4.0,ds5,ds5_4,Mittleres Baumholz,Mittleres Baumholz_4,0.0,0.0,3.0,1.0,3.0,3.0,5166,not_young
1.682170833966602,12741.0,4.0,ds5,ds5_4,Mittleres Baumholz,Mittleres Baumholz_4,0.0,0.0,3.0,3.0,4.0,3.0,5167,not_young
1.946811606977461,12742.0,4.0,ds6,ds6_4,Starkes Baumholz,Starkes Baumholz_4,0.0,0.0,3.0,3.0,4.0,3.0,5168,not_young
2.454711724984955,12743.0,4.0,ds6,ds6_4,Starkes Baumholz,Starkes Baumholz_4,0.0,0.0,3.0,3.0,3.0,3.0,5169,not_young
1.07067321205167,12744.0,4.0,ds5,ds5_4,Mittleres Baumholz,Mittleres Baumholz_4,0.0,0.0,3.0,3.0,3.0,3.0,5170,not_young
0.835658607307542,12745.0,4.0,ds2,ds2_4,Jungwuchs/Dickung,Jungwuchs/Dickung_4,0.0,0.0,3.0,3.0,3.0,3.0,5171,young
1.432216239001928,12746.0,4.0,ds2,ds2_4,Jungwuchs/Dickung,Jungwuchs/Dickung_4,0.0,0.0,3.0,3.0,3.0,3.0,5172,young
1.05744237081164,12747.0,4.0,ds2,ds2_4,Jungwuchs/Dickung,Jungwuchs/Dickung_4,0.0,0.0,3.0,3.0,4.0,3.0,5173,young
1.839406461096951,12748.0,4.0,ds3,ds3_4,Stangenholz,Stangenholz_4,0.0,0.0,3.0,3.0,3.0,3.0,5174,not_young
0.850707056125376,12750.0,4.0,ds2,ds2_4,Jungwuchs/Dickung,Jungwuchs/Dickung_4,0.0,0.0,3.0,3.0,3.0,3.0,5175,young
2.301846060816548,12751.0,4.0,ds5,ds5_4,Mittleres Baumholz,Mittleres Baumholz_4,0.0,0.0,3.0,3.0,4.0,3.0,5176,not_young
0.983038204498455,12753.0,13.0,ds5,ds5_13,Mittleres Baumholz,Mittleres Baumholz_13,0.0,0.0,3.0,3.0,4.0,4.0,5177,not_young
0.575440774507748,12756.0,4.0,ds1,ds1_4,Jungwuchs/Dickung,Jungwuchs/Dickung_4,0.0,0.0,3.0,3.0,3.0,3.0,5178,young
0.576088909996022,12758.0,4.0,ds6,ds6_4,Starkes Baumholz,Starkes Baumholz_4,0.0,0.0,3.0,3.0,4.0,3.0,5179,not_young
0.58257929878044,12759.0,4.0,ds4,ds4_4,Schwaches Baumholz,Schwaches Baumholz_4,0.0,1.0,1.0,1.0,1.0,1.0,5180,not_young
3.049828803933226,12760.0,4.0,ds2,ds2_4,Jungwuchs/Dickung,Jungwuchs/Dickung_4,0.0,0.0,3.0,3.0,3.0,3.0,5181,young
0.589135910272785,12762.0,13.0,ds1,ds1_13,Jungwuchs/Dickung,Jungwuchs/Dickung_13,0.0,0.0,3.0,3.0,4.0,4.0,5182,young
3.242899529605056,12763.0,13.0,ds4,ds4_13,Schwaches Baumholz,Schwaches Baumholz_13,0.0,0.0,3.0,3.0,4.0,4.0,5183,not_young
0.696402427118689,12767.0,4.0,ds1,ds1_4,Jungwuchs/Dickung,Jungwuchs/Dickung_4,0.0,0.0,3.0,3.0,4.0,4.0,5184,young
0.60554190503963,12770.0,4.0,ds5,ds5_4,Mittleres Baumholz,Mittleres Baumholz_4,0.0,0.0,3.0,3.0,4.0,3.0,5185,not_young
1.077095646947698,12771.0,4.0,ds4,ds4_4,Schwaches Baumholz,Schwaches Baumholz_4,0.0,0.0,3.0,3.0,4.0,3.0,5186,not_young
0.53229216201822,12772.0,4.0,ds4,ds4_4,Schwaches Baumholz,Schwaches Baumholz_4,0.0,0.0,3.0,3.0,4.0,4.0,5187,not_young
0.616205845862592,12773.0,4.0,ds2,ds2_4,Jungwuchs/Dickung,Jungwuchs/Dickung_4,0.0,0.0,3.0,3.0,4.0,4.0,5188,young
1.310560729428148,12774.0,4.0,ds2,ds2_4,Jungwuchs/Dickung,Jungwuchs/Dickung_4,0.0,0.0,3.0,3.0,3.0,3.0,5189,young
0.56659366882639,12775.0,4.0,ds1,ds1_4,Jungwuchs/Dickung,Jungwuchs/Dickung_4,0.0,0.0,3.0,3.0,4.0,3.0,5190,young
2.33883767287652,12776.0,4.0,ds6,ds6_4,Starkes Baumholz,Starkes Baumholz_4,0.0,0.0,3.0,3.0,3.0,3.0,5191,not_young
0.602378520915192,12777.0,4.0,ds3,ds3_4,Stangenholz,Stangenholz_4,0.0,0.0,3.0,3.0,3.0,3.0,5192,not_young
0.79481848285023,12779.0,4.0,ds1,ds1_4,Jungwuchs/Dickung,Jungwuchs/Dickung_4,0.0,0.0,3.0,3.0,4.0,3.0,5193,young
0.547259054638306,12780.0,13.0,ds4,ds4_13,Schwaches Baumholz,Schwaches Baumholz_13,0.0,0.0,3.0,3.0,3.0,3.0,5194,not_young
0.714826376302991,12781.0,13.0,ds6,ds6_13,Starkes Baumholz,Starkes Baumholz_13,0.0,0.0,3.0,3.0,3.0,3.0,5195,not_young
0.845356619378598,12784.0,4.0,ds4,ds4_4,Schwaches Baumholz,Schwaches Baumholz_4,0.0,0.0,3.0,3.0,3.0,3.0,5196,not_young
0.684419323978011,12786.0,4.0,ds1,ds1_4,Jungwuchs/Dickung,Jungwuchs/Dickung_4,0.0,0.0,3.0,3.0,4.0,3.0,5197,young
0.891847550073429,12789.0,4.0,ds1,ds1_4,Jungwuchs/Dickung,Jungwuchs/Dickung_4,0.0,0.0,3.0,3.0,4.0,4.0,5198,young
0.534409471224621,12790.0,4.0,ds5,ds5_4,Mittleres Baumholz,Mittleres Baumholz_4,0.0,0.0,3.0,3.0,4.0,3.0,5199,not_young
1.739517826471338,12791.0,4.0,ds1,ds1_4,Jungwuchs/Dickung,Jungwuchs/Dickung_4,0.0,0.0,3.0,3.0,3.0,3.0,5200,young
0.677104344978929,12796.0,4.0,ds3,ds3_4,Stangenholz,Stangenholz_4,0.0,0.0,3.0,3.0,4.0,3.0,5201,not_young
0.599169357455615,12798.0,4.0,ds1,ds1_4,Jungwuchs/Dickung,Jungwuchs/Dickung_4,0.0,0.0,3.0,3.0,3.0,3.0,5202,young
0.89056564233331,12799.0,4.0,ds3,ds3_4,Stangenholz,Stangenholz_4,0.0,0.0,3.0,3.0,3.0,3.0,5203,not_young
0.954083986617171,12801.0,13.0,ds3,ds3_13,Stangenholz,Stangenholz_13,0.0,0.0,3.0,3.0,3.0,3.0,5204,not_young
0.66038195359899,12806.0,4.0,ds1,ds1_4,Jungwuchs/Dickung,Jungwuchs/Dickung_4,0.0,0.0,3.0,3.0,4.0,3.0,5205,young
0.565496686584409,12807.0,4.0,ds4,ds4_4,Schwaches Baumholz,Schwaches Baumholz_4,0.0,0.0,3.0,3.0,3.0,3.0,5206,not_young
1.368418817945011,12809.0,13.0,ds5,ds5_13,Mittleres Baumholz,Mittleres Baumholz_13,0.0,0.0,3.0,3.0,3.0,3.0,5207,not_young
0.604120165925473,12810.0,4.0,ds4,ds4_4,Schwaches Baumholz,Schwaches Baumholz_4,0.0,0.0,3.0,3.0,4.0,3.0,5208,not_young
0.558812173690042,12811.0,4.0,ds4,ds4_4,Schwaches Baumholz,Schwaches Baumholz_4,0.0,0.0,3.0,3.0,3.0,3.0,5209,not_young
1.278274355519144,12812.0,4.0,ds5,ds5_4,Mittleres Baumholz,Mittleres Baumholz_4,0.0,0.0,3.0,3.0,3.0,3.0,5210,not_young
0.600947785710549,12814.0,4.0,ds2,ds2_4,Jungwuchs/Dickung,Jungwuchs/Dickung_4,0.0,0.0,3.0,3.0,4.0,3.0,5211,young
1.151809040250071,12815.0,4.0,ds4,ds4_4,Schwaches Baumholz,Schwaches Baumholz_4,0.0,0.0,3.0,3.0,3.0,3.0,5212,not_young
1.24228119733315,12819.0,4.0,ds4,ds4_4,Schwaches Baumholz,Schwaches Baumholz_4,0.0,0.0,3.0,3.0,4.0,3.0,5213,not_young
4.36210290257032,12826.0,4.0,ds1,ds1_4,Jungwuchs/Dickung,Jungwuchs/Dickung_4,0.0,0.0,3.0,3.0,4.0,3.0,5214,young
2.138297198381071,12827.0,4.0,ds5,ds5_4,Mittleres Baumholz,Mittleres Baumholz_4,0.0,0.0,3.0,3.0,4.0,4.0,5215,not_young
0.652696593866544,12828.0,4.0,ds5,ds5_4,Mittleres Baumholz,Mittleres Baumholz_4,0.0,0.0,3.0,3.0,3.0,3.0,5216,not_young
0.721358709071623,12829.0,4.0,ds1,ds1_4,Jungwuchs/Dickung,Jungwuchs/Dickung_4,0.0,0.0,3.0,3.0,4.0,4.0,5217,young
0.507196349870018,12830.0,4.0,ds3,ds3_4,Stangenholz,Stangenholz_4,0.0,0.0,3.0,3.0,4.0,3.0,5218,not_young
1.581582244750974,12831.0,4.0,ds1,ds1_4,Jungwuchs/Dickung,Jungwuchs/Dickung_4,0.0,0.0,3.0,3.0,3.0,3.0,5219,young
1.09072900485663,12835.0,4.0,ds2,ds2_4,Jungwuchs/Dickung,Jungwuchs/Dickung_4,0.0,0.0,3.0,3.0,3.0,3.0,5220,young
1.869655764860194,12836.0,4.0,ds6,ds6_4,Starkes Baumholz,Starkes Baumholz_4,0.0,0.0,3.0,3.0,3.0,3.0,5221,not_young
0.94682882745075,12837.0,13.0,ds5,ds5_13,Mittleres Baumholz,Mittleres Baumholz_13,0.0,0.0,3.0,3.0,4.0,3.0,5222,not_young
1.616139981335518,12838.0,4.0,ds1,ds1_4,Jungwuchs/Dickung,Jungwuchs/Dickung_4,0.0,0.0,3.0,3.0,4.0,4.0,5223,young
0.549161413489515,12839.0,4.0,ds5,ds5_4,Mittleres Baumholz,Mittleres Baumholz_4,0.0,0.0,3.0,3.0,3.0,3.0,5224,not_young
1.49981737858376,12840.0,13.0,ds4,ds4_13,Schwaches Baumholz,Schwaches Baumholz_13,0.0,0.0,3.0,3.0,4.0,3.0,5225,not_young
1.035270885179797,12841.0,4.0,ds5,ds5_4,Mittleres Baumholz,Mittleres Baumholz_4,0.0,0.0,3.0,3.0,3.0,3.0,5226,not_young
1.670893821614177,12842.0,4.0,ds5,ds5_4,Mittleres Baumholz,Mittleres Baumholz_4,0.0,0.0,3.0,3.0,4.0,3.0,5227,not_young
0.575104763720679,12843.0,4.0,ds3,ds3_4,Stangenholz,Stangenholz_4,0.0,0.0,3.0,3.0,3.0,3.0,5228,not_young
0.78749068139866,12844.0,4.0,ds5,ds5_4,Mittleres Baumholz,Mittleres Baumholz_4,0.0,0.0,3.0,3.0,4.0,3.0,5229,not_young
2.047759985679807,12845.0,4.0,ds2,ds2_4,Jungwuchs/Dickung,Jungwuchs/Dickung_4,0.0,0.0,3.0,3.0,3.0,3.0,5230,young
1.602297434698389,12846.0,4.0,ds1,ds1_4,Jungwuchs/Dickung,Jungwuchs/Dickung_4,0.0,0.0,3.0,3.0,3.0,3.0,5231,young
0.74024228879665,12847.0,13.0,ds1,ds1_13,Jungwuchs/Dickung,Jungwuchs/Dickung_13,0.0,0.0,3.0,3.0,4.0,4.0,5232,young
1.44822878308529,12848.0,4.0,ds2,ds2_4,Jungwuchs/Dickung,Jungwuchs/Dickung_4,0.0,0.0,3.0,3.0,3.0,3.0,5233,young
1.414645791410469,12849.0,4.0,ds1,ds1_4,Jungwuchs/Dickung,Jungwuchs/Dickung_4,0.0,0.0,3.0,3.0,3.0,3.0,5234,young
0.666336261610966,12850.0,4.0,ds2,ds2_4,Jungwuchs/Dickung,Jungwuchs/Dickung_4,0.0,0.0,3.0,3.0,3.0,3.0,5235,young
4.6521632871137,12851.0,4.0,ds5,ds5_4,Mittleres Baumholz,Mittleres Baumholz_4,0.0,0.0,3.0,3.0,3.0,3.0,5236,not_young
0.545946084676613,12852.0,4.0,ds5,ds5_4,Mittleres Baumholz,Mittleres Baumholz_4,0.0,0.0,3.0,3.0,3.0,3.0,5237,not_young
0.67138173934829,12853.0,4.0,ds2,ds2_4,Jungwuchs/Dickung,Jungwuchs/Dickung_4,0.0,0.0,3.0,3.0,4.0,3.0,5238,young
0.794835793589824,12854.0,4.0,ds6,ds6_4,Starkes Baumholz,Starkes Baumholz_4,0.0,0.0,3.0,3.0,3.0,3.0,5239,not_young
2.366030789228492,12855.0,4.0,ds2,ds2_4,Jungwuchs/Dickung,Jungwuchs/Dickung_4,0.0,0.0,3.0,3.0,4.0,4.0,5240,young
2.339157713342551,12856.0,4.0,ds5,ds5_4,Mittleres Baumholz,Mittleres Baumholz_4,0.0,0.0,3.0,3.0,4.0,3.0,5241,not_young
2.695512395049248,12857.0,13.0,ds5,ds5_13,Mittleres Baumholz,Mittleres Baumholz_13,0.0,0.0,3.0,3.0,3.0,3.0,5242,not_young
0.628433760303986,12858.0,4.0,ds4,ds4_4,Schwaches Baumholz,Schwaches Baumholz_4,0.0,0.0,3.0,3.0,3.0,3.0,5243,not_young
6.005220442731784,12860.0,4.0,ds2,ds2_4,Jungwuchs/Dickung,Jungwuchs/Dickung_4,0.0,0.0,3.0,3.0,4.0,3.0,5244,young
0.897002995577885,12861.0,4.0,ds3,ds3_4,Stangenholz,Stangenholz_4,0.0,1.0,1.0,1.0,1.0,1.0,5245,not_young
2.037710331652221,12862.0,4.0,ds5,ds5_4,Mittleres Baumholz,Mittleres Baumholz_4,0.0,0.0,3.0,3.0,3.0,3.0,5246,not_young
3.478178817781294,12863.0,4.0,ds5,ds5_4,Mittleres Baumholz,Mittleres Baumholz_4,0.0,0.0,3.0,3.0,3.0,3.0,5247,not_young
1.180910953367129,12864.0,4.0,ds5,ds5_4,Mittleres Baumholz,Mittleres Baumholz_4,0.0,0.0,3.0,3.0,3.0,3.0,5248,not_young
0.559276615808904,12865.0,4.0,ds4,ds4_4,Schwaches Baumholz,Schwaches Baumholz_4,0.0,0.0,3.0,3.0,4.0,3.0,5249,not_young
4.355023576958571,12866.0,4.0,ds6,ds6_4,Starkes Baumholz,Starkes Baumholz_4,0.0,0.0,3.0,3.0,3.0,3.0,5250,not_young
3.60850876099281,12867.0,4.0,ds2,ds2_4,Jungwuchs/Dickung,Jungwuchs/Dickung_4,0.0,0.0,3.0,3.0,3.0,3.0,5251,young
0.609081795434887,12868.0,4.0,ds2,ds2_4,Jungwuchs/Dickung,Jungwuchs/Dickung_4,0.0,0.0,3.0,3.0,4.0,3.0,5252,young
2.165704026117592,12869.0,4.0,ds2,ds2_4,Jungwuchs/Dickung,Jungwuchs/Dickung_4,0.0,0.0,3.0,3.0,4.0,3.0,5253,young
1.20923124197392,12870.0,4.0,ds5,ds5_4,Mittleres Baumholz,Mittleres Baumholz_4,0.0,0.0,3.0,3.0,3.0,3.0,5254,not_young
0.806660981239262,12871.0,4.0,ds4,ds4_4,Schwaches Baumholz,Schwaches Baumholz_4,0.0,0.0,3.0,3.0,3.0,3.0,5255,not_young
0.933747033775981,12872.0,4.0,ds5,ds5_4,Mittleres Baumholz,Mittleres Baumholz_4,0.0,0.0,3.0,3.0,3.0,3.0,5256,not_young
1.713103678918141,12873.0,13.0,ds5,ds5_13,Mittleres Baumholz,Mittleres Baumholz_13,0.0,0.0,3.0,3.0,3.0,3.0,5257,not_young
0.628973279314442,12874.0,4.0,ds5,ds5_4,Mittleres Baumholz,Mittleres Baumholz_4,0.0,0.0,3.0,3.0,3.0,3.0,5258,not_young
2.039963386671874,12875.0,4.0,ds2,ds2_4,Jungwuchs/Dickung,Jungwuchs/Dickung_4,0.0,0.0,3.0,3.0,3.0,3.0,5259,young
1.724167264261376,12876.0,13.0,ds2,ds2_13,Jungwuchs/Dickung,Jungwuchs/Dickung_13,0.0,0.0,3.0,3.0,3.0,3.0,5260,young
0.828141441324214,12877.0,13.0,ds4,ds4_13,Schwaches Baumholz,Schwaches Baumholz_13,0.0,0.0,3.0,3.0,4.0,3.0,5261,not_young
2.771564127596768,12878.0,13.0,ds4,ds4_13,Schwaches Baumholz,Schwaches Baumholz_13,0.0,0.0,3.0,3.0,3.0,3.0,5262,not_young
0.797181615855955,12879.0,4.0,ds4,ds4_4,Schwaches Baumholz,Schwaches Baumholz_4,0.0,0.0,3.0,3.0,3.0,3.0,5263,not_young
0.790313479056489,12880.0,13.0,ds4,ds4_13,Schwaches Baumholz,Schwaches Baumholz_13,0.0,0.0,3.0,3.0,4.0,4.0,5264,not_young
1.741850541001139,12881.0,4.0,ds6,ds6_4,Starkes Baumholz,Starkes Baumholz_4,0.0,0.0,3.0,3.0,3.0,3.0,5265,not_young
2.343791961979204,12882.0,4.0,ds5,ds5_4,Mittleres Baumholz,Mittleres Baumholz_4,0.0,0.0,3.0,3.0,3.0,3.0,5266,not_young
1.698611765556468,12883.0,13.0,ds3,ds3_13,Stangenholz,Stangenholz_13,0.0,0.0,3.0,3.0,3.0,3.0,5267,not_young
2.532122685355414,12886.0,4.0,ds6,ds6_4,Starkes Baumholz,Starkes Baumholz_4,0.0,0.0,3.0,3.0,3.0,3.0,5268,not_young
2.311803677624774,12887.0,4.0,ds6,ds6_4,Starkes Baumholz,Starkes Baumholz_4,0.0,0.0,3.0,3.0,3.0,3.0,5269,not_young
1.655785379880993,12888.0,4.0,ds6,ds6_4,Starkes Baumholz,Starkes Baumholz_4,0.0,0.0,3.0,3.0,4.0,3.0,5270,not_young
1.239171343819984,12890.0,4.0,ds5,ds5_4,Mittleres Baumholz,Mittleres Baumholz_4,0.0,1.0,1.0,1.0,1.0,1.0,5271,not_young
0.699863058556058,12891.0,13.0,ds5,ds5_13,Mittleres Baumholz,Mittleres Baumholz_13,0.0,0.0,3.0,3.0,4.0,3.0,5272,not_young
0.999104491975368,12892.0,4.0,ds2,ds2_4,Jungwuchs/Dickung,Jungwuchs/Dickung_4,0.0,0.0,3.0,3.0,4.0,4.0,5273,young
0.737694110640232,12894.0,4.0,ds5,ds5_4,Mittleres Baumholz,Mittleres Baumholz_4,0.0,0.0,3.0,3.0,3.0,3.0,5274,not_young
0.658714861676309,12895.0,4.0,ds2,ds2_4,Jungwuchs/Dickung,Jungwuchs/Dickung_4,0.0,0.0,3.0,3.0,3.0,3.0,5275,young
1.253841001637027,12899.0,4.0,ds6,ds6_4,Starkes Baumholz,Starkes Baumholz_4,0.0,0.0,3.0,3.0,4.0,3.0,5276,not_young
1.173296497458714,12900.0,4.0,ds3,ds3_4,Stangenholz,Stangenholz_4,0.0,0.0,3.0,1.0,3.0,3.0,5277,not_young
0.863332312619779,12901.0,4.0,ds4,ds4_4,Schwaches Baumholz,Schwaches Baumholz_4,0.0,0.0,3.0,3.0,3.0,3.0,5278,not_young
0.78527935203556,12902.0,4.0,ds6,ds6_4,Starkes Baumholz,Starkes Baumholz_4,0.0,0.0,3.0,3.0,4.0,4.0,5279,not_young
1.358097825362394,12904.0,4.0,ds6,ds6_4,Starkes Baumholz,Starkes Baumholz_4,0.0,0.0,3.0,3.0,4.0,3.0,5280,not_young
0.529736395919137,12905.0,4.0,ds1,ds1_4,Jungwuchs/Dickung,Jungwuchs/Dickung_4,0.0,0.0,3.0,3.0,3.0,3.0,5281,young
0.544688603940699,12906.0,4.0,ds3,ds3_4,Stangenholz,Stangenholz_4,0.0,0.0,3.0,3.0,4.0,3.0,5282,not_young
1.82573844075785,12907.0,4.0,ds1,ds1_4,Jungwuchs/Dickung,Jungwuchs/Dickung_4,0.0,0.0,3.0,3.0,3.0,3.0,5283,young
1.729314763170551,12908.0,4.0,ds1,ds1_4,Jungwuchs/Dickung,Jungwuchs/Dickung_4,0.0,0.0,3.0,3.0,3.0,3.0,5284,young
0.944069467308512,12909.0,4.0,ds6,ds6_4,Starkes Baumholz,Starkes Baumholz_4,0.0,0.0,3.0,3.0,3.0,3.0,5285,not_young
0.53545371728139,12910.0,4.0,ds4,ds4_4,Schwaches Baumholz,Schwaches Baumholz_4,0.0,0.0,3.0,3.0,3.0,3.0,5286,not_young
0.849687693592388,12912.0,4.0,ds6,ds6_4,Starkes Baumholz,Starkes Baumholz_4,0.0,0.0,3.0,3.0,4.0,3.0,5287,not_young
0.590928731078608,12913.0,4.0,ds2,ds2_4,Jungwuchs/Dickung,Jungwuchs/Dickung_4,0.0,0.0,3.0,3.0,3.0,3.0,5288,young
0.607216898754798,12915.0,4.0,ds5,ds5_4,Mittleres Baumholz,Mittleres Baumholz_4,0.0,0.0,3.0,3.0,3.0,3.0,5289,not_young
0.520868313033297,12916.0,4.0,ds1,ds1_4,Jungwuchs/Dickung,Jungwuchs/Dickung_4,0.0,0.0,3.0,3.0,3.0,3.0,5290,young
4.179572191718035,12918.0,4.0,ds6,ds6_4,Starkes Baumholz,Starkes Baumholz_4,0.0,0.0,3.0,3.0,3.0,3.0,5291,not_young
0.918036890601281,12919.0,4.0,ds1,ds1_4,Jungwuchs/Dickung,Jungwuchs/Dickung_4,0.0,0.0,3.0,3.0,4.0,4.0,5292,young
2.182206309487624,12920.0,13.0,ds2,ds2_13,Jungwuchs/Dickung,Jungwuchs/Dickung_13,0.0,1.0,1.0,1.0,1.0,1.0,5293,young
0.547263866987079,12923.0,4.0,ds4,ds4_4,Schwaches Baumholz,Schwaches Baumholz_4,0.0,1.0,1.0,1.0,1.0,1.0,5294,not_young
1.529683423191577,12924.0,4.0,ds3,ds3_4,Stangenholz,Stangenholz_4,0.0,1.0,1.0,1.0,1.0,1.0,5295,not_young
0.7536039091941,12925.0,4.0,ds3,ds3_4,Stangenholz,Stangenholz_4,0.0,1.0,1.0,1.0,1.0,1.0,5296,not_young
1.951326340543974,12926.0,13.0,ds3,ds3_13,Stangenholz,Stangenholz_13,0.0,1.0,1.0,1.0,1.0,1.0,5297,not_young
0.875956466109352,12932.0,4.0,ds5,ds5_4,Mittleres Baumholz,Mittleres Baumholz_4,0.0,0.0,3.0,3.0,4.0,4.0,5298,not_young
0.579856830420718,12933.0,4.0,ds5,ds5_4,Mittleres Baumholz,Mittleres Baumholz_4,0.0,0.0,3.0,3.0,3.0,3.0,5299,not_young
0.567688444720954,12941.0,4.0,ds4,ds4_4,Schwaches Baumholz,Schwaches Baumholz_4,0.0,0.0,3.0,3.0,4.0,3.0,5300,not_young
0.594101931108255,12945.0,13.0,ds1,ds1_13,Jungwuchs/Dickung,Jungwuchs/Dickung_13,0.0,0.0,3.0,3.0,3.0,3.0,5301,young
1.442321937766322,12949.0,13.0,ds1,ds1_13,Jungwuchs/Dickung,Jungwuchs/Dickung_13,0.0,0.0,3.0,3.0,3.0,3.0,5302,young
0.561113046321645,12953.0,4.0,ds6,ds6_4,Starkes Baumholz,Starkes Baumholz_4,0.0,0.0,3.0,3.0,3.0,3.0,5303,not_young
1.042577815162391,12955.0,13.0,ds5,ds5_13,Mittleres Baumholz,Mittleres Baumholz_13,0.0,0.0,3.0,3.0,4.0,3.0,5304,not_young
0.659143801227119,12956.0,4.0,ds2,ds2_4,Jungwuchs/Dickung,Jungwuchs/Dickung_4,0.0,0.0,3.0,3.0,3.0,3.0,5305,young
0.726651927846111,12958.0,4.0,ds3,ds3_4,Stangenholz,Stangenholz_4,0.0,0.0,3.0,3.0,3.0,3.0,5306,not_young
0.575922233261541,12960.0,4.0,ds5,ds5_4,Mittleres Baumholz,Mittleres Baumholz_4,0.0,0.0,3.0,3.0,3.0,3.0,5307,not_young
0.574946620767471,12961.0,4.0,ds2,ds2_4,Jungwuchs/Dickung,Jungwuchs/Dickung_4,0.0,0.0,3.0,3.0,3.0,3.0,5308,young
1.996021974467766,12965.0,13.0,ds1,ds1_13,Jungwuchs/Dickung,Jungwuchs/Dickung_13,0.0,0.0,3.0,3.0,4.0,4.0,5309,young
0.814289222412334,12971.0,4.0,ds1,ds1_4,Jungwuchs/Dickung,Jungwuchs/Dickung_4,0.0,0.0,3.0,3.0,3.0,3.0,5310,young
0.564432969198283,12976.0,13.0,ds1,ds1_13,Jungwuchs/Dickung,Jungwuchs/Dickung_13,0.0,0.0,3.0,3.0,3.0,3.0,5311,young
0.519424374792788,12981.0,4.0,ds1,ds1_4,Jungwuchs/Dickung,Jungwuchs/Dickung_4,0.0,0.0,3.0,3.0,4.0,4.0,5312,young
0.985656018644641,12984.0,4.0,ds1,ds1_4,Jungwuchs/Dickung,Jungwuchs/Dickung_4,0.0,0.0,3.0,3.0,3.0,3.0,5313,young
0.793909545510411,12989.0,4.0,ds5,ds5_4,Mittleres Baumholz,Mittleres Baumholz_4,0.0,0.0,3.0,3.0,4.0,3.0,5314,not_young
0.865529413521057,12992.0,13.0,ds1,ds1_13,Jungwuchs/Dickung,Jungwuchs/Dickung_13,0.0,0.0,3.0,3.0,3.0,3.0,5315,young
0.783379126693029,12993.0,13.0,ds4,ds4_13,Schwaches Baumholz,Schwaches Baumholz_13,0.0,0.0,3.0,3.0,3.0,3.0,5316,not_young
1.370332528225007,12994.0,4.0,ds6,ds6_4,Starkes Baumholz,Starkes Baumholz_4,0.0,0.0,3.0,3.0,3.0,3.0,5317,not_young
0.652804725298472,12998.0,13.0,ds3,ds3_13,Stangenholz,Stangenholz_13,0.0,0.0,3.0,3.0,4.0,3.0,5318,not_young
1.530129812463932,12999.0,4.0,ds2,ds2_4,Jungwuchs/Dickung,Jungwuchs/Dickung_4,0.0,0.0,3.0,3.0,4.0,4.0,5319,young
1.02138572280379,13001.0,4.0,ds1,ds1_4,Jungwuchs/Dickung,Jungwuchs/Dickung_4,0.0,0.0,3.0,3.0,3.0,3.0,5320,young
0.715308274769411,13008.0,13.0,ds1,ds1_13,Jungwuchs/Dickung,Jungwuchs/Dickung_13,0.0,0.0,3.0,3.0,4.0,3.0,5321,young
0.942455377753684,13010.0,13.0,ds5,ds5_13,Mittleres Baumholz,Mittleres Baumholz_13,0.0,0.0,3.0,3.0,4.0,3.0,5322,not_young
2.883356905745017,13013.0,4.0,ds5,ds5_4,Mittleres Baumholz,Mittleres Baumholz_4,0.0,0.0,3.0,3.0,4.0,3.0,5323,not_young
1.02352056327248,13014.0,4.0,ds4,ds4_4,Schwaches Baumholz,Schwaches Baumholz_4,0.0,0.0,3.0,3.0,3.0,3.0,5324,not_young
0.801732824264199,13015.0,13.0,ds4,ds4_13,Schwaches Baumholz,Schwaches Baumholz_13,0.0,0.0,3.0,3.0,3.0,3.0,5325,not_young
0.86757074862849,13016.0,4.0,ds6,ds6_4,Starkes Baumholz,Starkes Baumholz_4,0.0,0.0,3.0,3.0,3.0,3.0,5326,not_young
0.600355814269045,13017.0,4.0,ds5,ds5_4,Mittleres Baumholz,Mittleres Baumholz_4,0.0,0.0,3.0,3.0,3.0,3.0,5327,not_young
0.944019690562878,13018.0,4.0,ds4,ds4_4,Schwaches Baumholz,Schwaches Baumholz_4,0.0,0.0,3.0,3.0,4.0,3.0,5328,not_young
0.51156870882716,13020.0,4.0,ds5,ds5_4,Mittleres Baumholz,Mittleres Baumholz_4,0.0,0.0,3.0,3.0,3.0,3.0,5329,not_young
1.007418992735585,13023.0,4.0,ds6,ds6_4,Starkes Baumholz,Starkes Baumholz_4,0.0,0.0,3.0,3.0,3.0,3.0,5330,not_young
1.014325984725775,13024.0,4.0,ds6,ds6_4,Starkes Baumholz,Starkes Baumholz_4,0.0,0.0,3.0,3.0,3.0,3.0,5331,not_young
1.216069910592859,13025.0,4.0,ds4,ds4_4,Schwaches Baumholz,Schwaches Baumholz_4,0.0,0.0,3.0,3.0,4.0,3.0,5332,not_young
0.642968526095292,13026.0,4.0,ds5,ds5_4,Mittleres Baumholz,Mittleres Baumholz_4,0.0,0.0,3.0,3.0,3.0,3.0,5333,not_young
1.697447992982832,13029.0,13.0,ds2,ds2_13,Jungwuchs/Dickung,Jungwuchs/Dickung_13,0.0,0.0,3.0,3.0,3.0,3.0,5334,young
1.112994907018263,13030.0,4.0,ds2,ds2_4,Jungwuchs/Dickung,Jungwuchs/Dickung_4,0.0,0.0,3.0,3.0,3.0,3.0,5335,young
0.625133172106846,13031.0,13.0,ds4,ds4_13,Schwaches Baumholz,Schwaches Baumholz_13,0.0,0.0,3.0,3.0,3.0,3.0,5336,not_young
0.875050332638854,13033.0,4.0,ds4,ds4_4,Schwaches Baumholz,Schwaches Baumholz_4,0.0,0.0,3.0,3.0,4.0,3.0,5337,not_young
6.581459209454282,13034.0,4.0,ds4,ds4_4,Schwaches Baumholz,Schwaches Baumholz_4,0.0,0.0,3.0,3.0,3.0,3.0,5338,not_young
0.723587332282914,13035.0,13.0,ds1,ds1_13,Jungwuchs/Dickung,Jungwuchs/Dickung_13,0.0,0.0,3.0,3.0,3.0,3.0,5339,young
0.999578121414821,13037.0,13.0,ds1,ds1_13,Jungwuchs/Dickung,Jungwuchs/Dickung_13,0.0,0.0,3.0,3.0,3.0,3.0,5340,young
0.835121417654678,13040.0,4.0,ds1,ds1_4,Jungwuchs/Dickung,Jungwuchs/Dickung_4,0.0,0.0,3.0,3.0,4.0,4.0,5341,young
0.509455384277937,13041.0,4.0,ds3,ds3_4,Stangenholz,Stangenholz_4,0.0,0.0,3.0,3.0,3.0,3.0,5342,not_young
1.053194672310539,13042.0,13.0,ds5,ds5_13,Mittleres Baumholz,Mittleres Baumholz_13,0.0,0.0,3.0,3.0,3.0,3.0,5343,not_young
0.899277003160841,13043.0,4.0,ds6,ds6_4,Starkes Baumholz,Starkes Baumholz_4,0.0,0.0,3.0,3.0,3.0,3.0,5344,not_young
0.634920885997079,13045.0,13.0,ds4,ds4_13,Schwaches Baumholz,Schwaches Baumholz_13,0.0,0.0,3.0,3.0,4.0,3.0,5345,not_young
0.648398044271348,13046.0,13.0,ds4,ds4_13,Schwaches Baumholz,Schwaches Baumholz_13,0.0,0.0,3.0,3.0,4.0,3.0,5346,not_young
1.072155780825205,13049.0,4.0,ds4,ds4_4,Schwaches Baumholz,Schwaches Baumholz_4,0.0,0.0,3.0,3.0,4.0,3.0,5347,not_young
0.532989098380174,13051.0,4.0,ds4,ds4_4,Schwaches Baumholz,Schwaches Baumholz_4,0.0,0.0,3.0,3.0,3.0,3.0,5348,not_young
2.014757716948143,13053.0,13.0,ds2,ds2_13,Jungwuchs/Dickung,Jungwuchs/Dickung_13,0.0,0.0,3.0,3.0,3.0,3.0,5349,young
0.619937116572226,13054.0,4.0,ds5,ds5_4,Mittleres Baumholz,Mittleres Baumholz_4,0.0,0.0,3.0,3.0,4.0,4.0,5350,not_young
1.682765361097595,13056.0,4.0,ds4,ds4_4,Schwaches Baumholz,Schwaches Baumholz_4,0.0,0.0,3.0,3.0,4.0,4.0,5351,not_young
0.505175445334427,13057.0,4.0,ds2,ds2_4,Jungwuchs/Dickung,Jungwuchs/Dickung_4,0.0,0.0,3.0,3.0,3.0,3.0,5352,young
1.233603976734976,13058.0,13.0,ds4,ds4_13,Schwaches Baumholz,Schwaches Baumholz_13,0.0,0.0,3.0,3.0,4.0,4.0,5353,not_young
1.042387807369279,13059.0,13.0,ds3,ds3_13,Stangenholz,Stangenholz_13,0.0,0.0,3.0,3.0,3.0,3.0,5354,not_young
0.931744534418173,13060.0,4.0,ds3,ds3_4,Stangenholz,Stangenholz_4,0.0,0.0,3.0,3.0,3.0,3.0,5355,not_young
2.238146475848902,13061.0,4.0,ds2,ds2_4,Jungwuchs/Dickung,Jungwuchs/Dickung_4,0.0,0.0,3.0,3.0,3.0,3.0,5356,young
0.523484314236837,13062.0,4.0,ds4,ds4_4,Schwaches Baumholz,Schwaches Baumholz_4,0.0,1.0,1.0,1.0,3.0,3.0,5357,not_young
1.231987489228649,13064.0,4.0,ds3,ds3_4,Stangenholz,Stangenholz_4,0.0,0.0,3.0,3.0,4.0,4.0,5358,not_young
1.153288531235187,13066.0,13.0,ds2,ds2_13,Jungwuchs/Dickung,Jungwuchs/Dickung_13,0.0,0.0,3.0,3.0,3.0,3.0,5359,young
2.181363526470773,13067.0,13.0,ds4,ds4_13,Schwaches Baumholz,Schwaches Baumholz_13,0.0,0.0,3.0,3.0,3.0,3.0,5360,not_young
2.194433322190168,13068.0,13.0,ds1,ds1_13,Jungwuchs/Dickung,Jungwuchs/Dickung_13,0.0,0.0,3.0,3.0,4.0,3.0,5361,young
0.750700561683055,13070.0,13.0,ds3,ds3_13,Stangenholz,Stangenholz_13,0.0,0.0,3.0,3.0,4.0,4.0,5362,not_young
1.157551419625431,13072.0,13.0,ds4,ds4_13,Schwaches Baumholz,Schwaches Baumholz_13,0.0,0.0,3.0,3.0,4.0,4.0,5363,not_young
0.939009881582763,13073.0,4.0,ds4,ds4_4,Schwaches Baumholz,Schwaches Baumholz_4,0.0,0.0,3.0,3.0,3.0,3.0,5364,not_young
2.023446686259913,13074.0,4.0,ds1,ds1_4,Jungwuchs/Dickung,Jungwuchs/Dickung_4,0.0,0.0,3.0,3.0,3.0,3.0,5365,young
0.685489696590603,13075.0,4.0,ds3,ds3_4,Stangenholz,Stangenholz_4,0.0,0.0,3.0,3.0,4.0,3.0,5366,not_young
1.157532183432556,13076.0,13.0,ds2,ds2_13,Jungwuchs/Dickung,Jungwuchs/Dickung_13,0.0,0.0,3.0,3.0,3.0,3.0,5367,young
0.589638459058479,13077.0,13.0,ds5,ds5_13,Mittleres Baumholz,Mittleres Baumholz_13,0.0,0.0,3.0,3.0,4.0,3.0,5368,not_young
1.317052774500498,13080.0,13.0,ds2,ds2_13,Jungwuchs/Dickung,Jungwuchs/Dickung_13,0.0,0.0,3.0,3.0,4.0,4.0,5369,young
0.935490165267885,13081.0,13.0,ds4,ds4_13,Schwaches Baumholz,Schwaches Baumholz_13,0.0,1.0,1.0,1.0,3.0,3.0,5370,not_young
0.813657820534799,13083.0,4.0,ds3,ds3_4,Stangenholz,Stangenholz_4,0.0,0.0,3.0,3.0,3.0,3.0,5371,not_young
1.034076025218889,13084.0,13.0,ds5,ds5_13,Mittleres Baumholz,Mittleres Baumholz_13,0.0,0.0,3.0,3.0,3.0,3.0,5372,not_young
0.809333526642408,13086.0,4.0,ds3,ds3_4,Stangenholz,Stangenholz_4,0.0,0.0,3.0,3.0,3.0,3.0,5373,not_young
0.743266121372953,13087.0,4.0,ds6,ds6_4,Starkes Baumholz,Starkes Baumholz_4,0.0,0.0,3.0,3.0,3.0,3.0,5374,not_young
1.693152584025558,13088.0,4.0,ds5,ds5_4,Mittleres Baumholz,Mittleres Baumholz_4,0.0,0.0,3.0,3.0,3.0,3.0,5375,not_young
0.646552857520175,13092.0,4.0,ds4,ds4_4,Schwaches Baumholz,Schwaches Baumholz_4,0.0,0.0,3.0,3.0,3.0,3.0,5376,not_young
1.980055719054514,13093.0,4.0,ds3,ds3_4,Stangenholz,Stangenholz_4,0.0,0.0,3.0,3.0,4.0,4.0,5377,not_young
0.707613218545844,13094.0,13.0,ds3,ds3_13,Stangenholz,Stangenholz_13,0.0,0.0,3.0,3.0,4.0,4.0,5378,not_young
2.316609807384959,13095.0,13.0,ds6,ds6_13,Starkes Baumholz,Starkes Baumholz_13,0.0,0.0,3.0,3.0,3.0,3.0,5379,not_young
1.630311562979687,13097.0,4.0,ds3,ds3_4,Stangenholz,Stangenholz_4,0.0,0.0,3.0,3.0,4.0,4.0,5380,not_young
1.818783367375459,13098.0,4.0,ds5,ds5_4,Mittleres Baumholz,Mittleres Baumholz_4,0.0,0.0,3.0,3.0,4.0,4.0,5381,not_young
1.574370831356198,13099.0,4.0,ds4,ds4_4,Schwaches Baumholz,Schwaches Baumholz_4,0.0,1.0,1.0,1.0,3.0,3.0,5382,not_young
0.788692900418025,13100.0,4.0,ds3,ds3_4,Stangenholz,Stangenholz_4,0.0,0.0,3.0,3.0,4.0,3.0,5383,not_young
1.550646699055817,13101.0,4.0,ds2,ds2_4,Jungwuchs/Dickung,Jungwuchs/Dickung_4,0.0,0.0,3.0,3.0,4.0,3.0,5384,young
2.618820080870274,13102.0,4.0,ds2,ds2_4,Jungwuchs/Dickung,Jungwuchs/Dickung_4,0.0,0.0,3.0,3.0,4.0,3.0,5385,young
1.130735504408711,13103.0,13.0,ds6,ds6_13,Starkes Baumholz,Starkes Baumholz_13,0.0,0.0,3.0,3.0,3.0,3.0,5386,not_young
0.674853350458173,13104.0,4.0,ds6,ds6_4,Starkes Baumholz,Starkes Baumholz_4,0.0,0.0,3.0,3.0,3.0,3.0,5387,not_young
4.836579132846674,13105.0,13.0,ds1,ds1_13,Jungwuchs/Dickung,Jungwuchs/Dickung_13,0.0,0.0,3.0,3.0,3.0,3.0,5388,young
0.788944595799886,13106.0,13.0,ds3,ds3_13,Stangenholz,Stangenholz_13,0.0,0.0,3.0,3.0,3.0,3.0,5389,not_young
0.813748360819183,13107.0,13.0,ds5,ds5_13,Mittleres Baumholz,Mittleres Baumholz_13,0.0,0.0,3.0,3.0,3.0,3.0,5390,not_young
1.401666483727767,13108.0,4.0,ds5,ds5_4,Mittleres Baumholz,Mittleres Baumholz_4,0.0,0.0,3.0,3.0,4.0,3.0,5391,not_young
1.209423473801123,13109.0,4.0,ds4,ds4_4,Schwaches Baumholz,Schwaches Baumholz_4,0.0,1.0,1.0,1.0,3.0,3.0,5392,not_young
1.368877029702766,13110.0,13.0,ds2,ds2_13,Jungwuchs/Dickung,Jungwuchs/Dickung_13,0.0,0.0,3.0,3.0,3.0,3.0,5393,young
1.107280921124853,13111.0,13.0,ds5,ds5_13,Mittleres Baumholz,Mittleres Baumholz_13,0.0,0.0,3.0,3.0,3.0,3.0,5394,not_young
0.727929009765387,13112.0,4.0,ds6,ds6_4,Starkes Baumholz,Starkes Baumholz_4,0.0,0.0,3.0,3.0,3.0,3.0,5395,not_young
2.136173221160703,13113.0,4.0,ds5,ds5_4,Mittleres Baumholz,Mittleres Baumholz_4,0.0,1.0,1.0,1.0,3.0,3.0,5396,not_young
0.808557432238277,13114.0,13.0,ds2,ds2_13,Jungwuchs/Dickung,Jungwuchs/Dickung_13,0.0,0.0,3.0,3.0,4.0,4.0,5397,young
4.729658507228894,13115.0,13.0,ds1,ds1_13,Jungwuchs/Dickung,Jungwuchs/Dickung_13,0.0,0.0,3.0,3.0,4.0,3.0,5398,young
1.345025943662772,13116.0,4.0,ds5,ds5_4,Mittleres Baumholz,Mittleres Baumholz_4,0.0,1.0,1.0,1.0,3.0,3.0,5399,not_young
0.724141471675015,13118.0,4.0,ds4,ds4_4,Schwaches Baumholz,Schwaches Baumholz_4,0.0,0.0,3.0,3.0,3.0,3.0,5400,not_young
2.958500555656082,13119.0,13.0,ds5,ds5_13,Mittleres Baumholz,Mittleres Baumholz_13,0.0,0.0,3.0,3.0,4.0,4.0,5401,not_young
1.02711386583508,13120.0,13.0,ds6,ds6_13,Starkes Baumholz,Starkes Baumholz_13,0.0,0.0,3.0,1.0,4.0,3.0,5402,not_young
0.936605266180937,13122.0,4.0,ds4,ds4_4,Schwaches Baumholz,Schwaches Baumholz_4,0.0,0.0,3.0,3.0,3.0,3.0,5403,not_young
1.382082281906359,13123.0,4.0,ds1,ds1_4,Jungwuchs/Dickung,Jungwuchs/Dickung_4,0.0,0.0,3.0,3.0,3.0,3.0,5404,young
2.334511875493149,13124.0,13.0,ds1,ds1_13,Jungwuchs/Dickung,Jungwuchs/Dickung_13,0.0,0.0,3.0,3.0,3.0,3.0,5405,young
1.261623927369341,13125.0,13.0,ds6,ds6_13,Starkes Baumholz,Starkes Baumholz_13,0.0,0.0,3.0,3.0,3.0,3.0,5406,not_young
1.308534587931866,13126.0,13.0,ds6,ds6_13,Starkes Baumholz,Starkes Baumholz_13,0.0,0.0,3.0,3.0,3.0,3.0,5407,not_young
1.116671816419809,13127.0,13.0,ds2,ds2_13,Jungwuchs/Dickung,Jungwuchs/Dickung_13,0.0,0.0,3.0,3.0,3.0,3.0,5408,young
0.625101891327393,13128.0,13.0,ds1,ds1_13,Jungwuchs/Dickung,Jungwuchs/Dickung_13,0.0,0.0,3.0,3.0,3.0,3.0,5409,young
0.846887986433521,13129.0,4.0,ds5,ds5_4,Mittleres Baumholz,Mittleres Baumholz_4,0.0,0.0,3.0,3.0,3.0,3.0,5410,not_young
2.944290224352468,13130.0,13.0,ds4,ds4_13,Schwaches Baumholz,Schwaches Baumholz_13,0.0,0.0,3.0,3.0,3.0,3.0,5411,not_young
3.758908422534549,13132.0,4.0,ds5,ds5_4,Mittleres Baumholz,Mittleres Baumholz_4,0.0,0.0,3.0,3.0,4.0,3.0,5412,not_young
0.934438370410167,13137.0,4.0,ds1,ds1_4,Jungwuchs/Dickung,Jungwuchs/Dickung_4,0.0,1.0,1.0,1.0,3.0,3.0,5413,young
1.083677872556541,13141.0,4.0,ds1,ds1_4,Jungwuchs/Dickung,Jungwuchs/Dickung_4,0.0,1.0,1.0,1.0,3.0,3.0,5414,young
0.564546516355657,13142.0,4.0,ds1,ds1_4,Jungwuchs/Dickung,Jungwuchs/Dickung_4,0.0,1.0,1.0,1.0,3.0,3.0,5415,young
1.028261616287381,13147.0,4.0,ds3,ds3_4,Stangenholz,Stangenholz_4,0.0,1.0,1.0,1.0,3.0,3.0,5416,not_young
0.546104338013194,13155.0,4.0,ds3,ds3_4,Stangenholz,Stangenholz_4,0.0,1.0,1.0,1.0,3.0,3.0,5417,not_young
0.501290847601998,13156.0,4.0,ds5,ds5_4,Mittleres Baumholz,Mittleres Baumholz_4,0.0,1.0,1.0,1.0,3.0,3.0,5418,not_young
0.732211912139971,13158.0,4.0,ds3,ds3_4,Stangenholz,Stangenholz_4,0.0,1.0,1.0,1.0,3.0,3.0,5419,not_young
1.567782080460526,13159.0,4.0,ds5,ds5_4,Mittleres Baumholz,Mittleres Baumholz_4,0.0,1.0,1.0,1.0,3.0,3.0,5420,not_young
1.343032643321343,13160.0,4.0,ds2,ds2_4,Jungwuchs/Dickung,Jungwuchs/Dickung_4,0.0,1.0,1.0,1.0,3.0,3.0,5421,young
1.070688561485429,13161.0,4.0,ds6,ds6_4,Starkes Baumholz,Starkes Baumholz_4,0.0,1.0,1.0,1.0,3.0,3.0,5422,not_young
0.739683468487067,13164.0,4.0,ds5,ds5_4,Mittleres Baumholz,Mittleres Baumholz_4,0.0,1.0,1.0,1.0,3.0,3.0,5423,not_young
1.924125103063369,13166.0,4.0,ds3,ds3_4,Stangenholz,Stangenholz_4,0.0,1.0,1.0,1.0,3.0,3.0,5424,not_young
1.713380402767309,13167.0,4.0,ds2,ds2_4,Jungwuchs/Dickung,Jungwuchs/Dickung_4,0.0,1.0,1.0,1.0,3.0,3.0,5425,young
0.586468413150869,13169.0,4.0,ds5,ds5_4,Mittleres Baumholz,Mittleres Baumholz_4,0.0,1.0,1.0,1.0,3.0,3.0,5426,not_young
1.481978267405811,13170.0,4.0,ds1,ds1_4,Jungwuchs/Dickung,Jungwuchs/Dickung_4,0.0,1.0,1.0,1.0,3.0,3.0,5427,young
0.61915579406796,13174.0,4.0,ds2,ds2_4,Jungwuchs/Dickung,Jungwuchs/Dickung_4,0.0,1.0,1.0,1.0,3.0,3.0,5428,young
1.734618033002224,13176.0,4.0,ds5,ds5_4,Mittleres Baumholz,Mittleres Baumholz_4,0.0,1.0,1.0,1.0,3.0,3.0,5429,not_young
1.58491589864525,13178.0,4.0,ds5,ds5_4,Mittleres Baumholz,Mittleres Baumholz_4,0.0,1.0,1.0,1.0,3.0,3.0,5430,not_young
0.751752039054409,13179.0,4.0,ds5,ds5_4,Mittleres Baumholz,Mittleres Baumholz_4,0.0,1.0,1.0,1.0,3.0,3.0,5431,not_young
1.641012309268443,13181.0,4.0,ds5,ds5_4,Mittleres Baumholz,Mittleres Baumholz_4,0.0,1.0,1.0,1.0,3.0,3.0,5432,not_young
0.652850188618712,13182.0,4.0,ds2,ds2_4,Jungwuchs/Dickung,Jungwuchs/Dickung_4,0.0,1.0,1.0,1.0,3.0,3.0,5433,young
0.785792501748167,13183.0,4.0,ds2,ds2_4,Jungwuchs/Dickung,Jungwuchs/Dickung_4,0.0,1.0,1.0,1.0,3.0,3.0,5434,young
0.847443752620337,13184.0,4.0,ds1,ds1_4,Jungwuchs/Dickung,Jungwuchs/Dickung_4,0.0,1.0,1.0,1.0,3.0,3.0,5435,young
0.809136145562073,13185.0,4.0,ds5,ds5_4,Mittleres Baumholz,Mittleres Baumholz_4,0.0,1.0,1.0,1.0,3.0,3.0,5436,not_young
0.791747614366002,13186.0,4.0,ds5,ds5_4,Mittleres Baumholz,Mittleres Baumholz_4,0.0,1.0,1.0,1.0,3.0,3.0,5437,not_young
0.752916901287437,13187.0,4.0,ds2,ds2_4,Jungwuchs/Dickung,Jungwuchs/Dickung_4,0.0,1.0,1.0,1.0,3.0,3.0,5438,young
0.602480545207587,13188.0,4.0,ds5,ds5_4,Mittleres Baumholz,Mittleres Baumholz_4,0.0,1.0,1.0,1.0,3.0,3.0,5439,not_young
1.956565657553986,13189.0,4.0,ds5,ds5_4,Mittleres Baumholz,Mittleres Baumholz_4,0.0,1.0,1.0,1.0,3.0,3.0,5440,not_young
1.07155541705396,13190.0,4.0,ds6,ds6_4,Starkes Baumholz,Starkes Baumholz_4,0.0,1.0,1.0,1.0,3.0,3.0,5441,not_young
1.164577751678042,13191.0,4.0,ds1,ds1_4,Jungwuchs/Dickung,Jungwuchs/Dickung_4,0.0,1.0,1.0,1.0,3.0,3.0,5442,young
1.891459106484265,13192.0,4.0,ds1,ds1_4,Jungwuchs/Dickung,Jungwuchs/Dickung_4,0.0,1.0,1.0,1.0,3.0,3.0,5443,young
0.776642777959467,13195.0,4.0,ds4,ds4_4,Schwaches Baumholz,Schwaches Baumholz_4,0.0,1.0,1.0,1.0,3.0,3.0,5444,not_young
0.545871645292849,13196.0,4.0,ds4,ds4_4,Schwaches Baumholz,Schwaches Baumholz_4,0.0,1.0,1.0,1.0,3.0,3.0,5445,not_young
2.60340411572932,13197.0,4.0,ds6,ds6_4,Starkes Baumholz,Starkes Baumholz_4,0.0,1.0,1.0,1.0,3.0,3.0,5446,not_young
0.674615002610162,13198.0,4.0,ds6,ds6_4,Starkes Baumholz,Starkes Baumholz_4,0.0,1.0,1.0,1.0,3.0,3.0,5447,not_young
3.194907312752452,13199.0,4.0,ds1,ds1_4,Jungwuchs/Dickung,Jungwuchs/Dickung_4,0.0,1.0,1.0,1.0,3.0,3.0,5448,young
0.940388213319983,13203.0,4.0,ds1,ds1_4,Jungwuchs/Dickung,Jungwuchs/Dickung_4,0.0,0.0,3.0,3.0,3.0,3.0,5449,young
0.520949312403053,13204.0,4.0,ds1,ds1_4,Jungwuchs/Dickung,Jungwuchs/Dickung_4,0.0,0.0,3.0,3.0,4.0,3.0,5450,young
0.562439509202167,13206.0,4.0,ds5,ds5_4,Mittleres Baumholz,Mittleres Baumholz_4,0.0,0.0,3.0,3.0,3.0,3.0,5451,not_young
0.71820746935783,13209.0,4.0,ds1,ds1_4,Jungwuchs/Dickung,Jungwuchs/Dickung_4,0.0,0.0,3.0,3.0,4.0,3.0,5452,young
0.681514486179873,13210.0,13.0,ds4,ds4_13,Schwaches Baumholz,Schwaches Baumholz_13,0.0,0.0,3.0,3.0,4.0,3.0,5453,not_young
3.156404249622487,13214.0,4.0,ds3,ds3_4,Stangenholz,Stangenholz_4,0.0,1.0,1.0,1.0,1.0,1.0,5454,not_young
0.707684012048226,13219.0,4.0,ds1,ds1_4,Jungwuchs/Dickung,Jungwuchs/Dickung_4,0.0,0.0,3.0,3.0,4.0,3.0,5455,young
0.890865600678697,13222.0,4.0,ds3,ds3_4,Stangenholz,Stangenholz_4,0.0,1.0,1.0,1.0,1.0,1.0,5456,not_young
1.207958265713032,13225.0,4.0,ds3,ds3_4,Stangenholz,Stangenholz_4,0.0,0.0,3.0,3.0,4.0,4.0,5457,not_young
0.54834835044581,13229.0,4.0,ds1,ds1_4,Jungwuchs/Dickung,Jungwuchs/Dickung_4,0.0,1.0,1.0,1.0,1.0,1.0,5458,young
0.631159023182078,13234.0,13.0,ds3,ds3_13,Stangenholz,Stangenholz_13,0.0,0.0,3.0,3.0,4.0,3.0,5459,not_young
1.7239269673476,13240.0,4.0,ds1,ds1_4,Jungwuchs/Dickung,Jungwuchs/Dickung_4,0.0,1.0,1.0,1.0,1.0,1.0,5460,young
0.62152416079035,13241.0,4.0,ds2,ds2_4,Jungwuchs/Dickung,Jungwuchs/Dickung_4,0.0,1.0,1.0,1.0,1.0,1.0,5461,young
0.708388841996691,13242.0,4.0,ds3,ds3_4,Stangenholz,Stangenholz_4,0.0,0.0,3.0,3.0,4.0,3.0,5462,not_young
0.864515659966879,13243.0,4.0,ds5,ds5_4,Mittleres Baumholz,Mittleres Baumholz_4,0.0,0.0,3.0,3.0,4.0,3.0,5463,not_young
0.765958622172847,13244.0,4.0,ds6,ds6_4,Starkes Baumholz,Starkes Baumholz_4,0.0,0.0,3.0,3.0,3.0,3.0,5464,not_young
0.612870379487285,13245.0,4.0,ds5,ds5_4,Mittleres Baumholz,Mittleres Baumholz_4,0.0,0.0,3.0,3.0,3.0,3.0,5465,not_young
1.062008467863733,13246.0,4.0,ds5,ds5_4,Mittleres Baumholz,Mittleres Baumholz_4,0.0,0.0,3.0,3.0,3.0,3.0,5466,not_young
0.925351132068201,13247.0,4.0,ds2,ds2_4,Jungwuchs/Dickung,Jungwuchs/Dickung_4,0.0,0.0,3.0,3.0,3.0,3.0,5467,young
0.788792961079441,13254.0,4.0,ds3,ds3_4,Stangenholz,Stangenholz_4,0.0,1.0,1.0,1.0,1.0,1.0,5468,not_young
0.799413571184548,13255.0,4.0,ds4,ds4_4,Schwaches Baumholz,Schwaches Baumholz_4,0.0,0.0,3.0,3.0,4.0,4.0,5469,not_young
0.565838570503565,13259.0,4.0,ds1,ds1_4,Jungwuchs/Dickung,Jungwuchs/Dickung_4,0.0,0.0,3.0,3.0,3.0,3.0,5470,young
0.608337196339108,13262.0,4.0,ds4,ds4_4,Schwaches Baumholz,Schwaches Baumholz_4,0.0,0.0,3.0,3.0,3.0,3.0,5471,not_young
0.631788210036132,13265.0,4.0,ds1,ds1_4,Jungwuchs/Dickung,Jungwuchs/Dickung_4,0.0,0.0,3.0,3.0,3.0,3.0,5472,young
0.640193563258275,13267.0,4.0,ds2,ds2_4,Jungwuchs/Dickung,Jungwuchs/Dickung_4,0.0,0.0,3.0,3.0,3.0,3.0,5473,young
0.5500921090991,13270.0,13.0,ds3,ds3_13,Stangenholz,Stangenholz_13,0.0,0.0,3.0,3.0,4.0,3.0,5474,not_young
1.086690761276832,13274.0,4.0,ds1,ds1_4,Jungwuchs/Dickung,Jungwuchs/Dickung_4,0.0,0.0,3.0,3.0,4.0,3.0,5475,young
0.512327432936803,13275.0,4.0,ds5,ds5_4,Mittleres Baumholz,Mittleres Baumholz_4,0.0,0.0,3.0,3.0,4.0,3.0,5476,not_young
0.592824772701832,13276.0,4.0,ds6,ds6_4,Starkes Baumholz,Starkes Baumholz_4,0.0,1.0,1.0,1.0,1.0,1.0,5477,not_young
0.96828400200461,13279.0,4.0,ds3,ds3_4,Stangenholz,Stangenholz_4,0.0,0.0,3.0,3.0,4.0,4.0,5478,not_young
0.641849555604346,13281.0,4.0,ds4,ds4_4,Schwaches Baumholz,Schwaches Baumholz_4,0.0,0.0,3.0,3.0,3.0,3.0,5479,not_young
0.675879862701707,13285.0,4.0,ds2,ds2_4,Jungwuchs/Dickung,Jungwuchs/Dickung_4,0.0,0.0,3.0,3.0,4.0,3.0,5480,young
1.092874650156032,13289.0,4.0,ds4,ds4_4,Schwaches Baumholz,Schwaches Baumholz_4,0.0,0.0,3.0,3.0,3.0,3.0,5481,not_young
0.856379080050206,13290.0,13.0,ds3,ds3_13,Stangenholz,Stangenholz_13,0.0,0.0,3.0,3.0,4.0,3.0,5482,not_young
1.506378004236624,13296.0,4.0,ds4,ds4_4,Schwaches Baumholz,Schwaches Baumholz_4,0.0,0.0,3.0,3.0,3.0,3.0,5483,not_young
0.626442249511182,13299.0,4.0,ds2,ds2_4,Jungwuchs/Dickung,Jungwuchs/Dickung_4,0.0,0.0,3.0,3.0,3.0,3.0,5484,young
0.719169530698034,13302.0,4.0,ds3,ds3_4,Stangenholz,Stangenholz_4,0.0,0.0,3.0,3.0,4.0,4.0,5485,not_young
0.74989623792097,13303.0,4.0,ds5,ds5_4,Mittleres Baumholz,Mittleres Baumholz_4,0.0,0.0,3.0,3.0,3.0,3.0,5486,not_young
1.077573278846312,13307.0,4.0,ds4,ds4_4,Schwaches Baumholz,Schwaches Baumholz_4,0.0,0.0,3.0,3.0,3.0,3.0,5487,not_young
0.534806354090257,13308.0,4.0,ds3,ds3_4,Stangenholz,Stangenholz_4,0.0,0.0,3.0,3.0,4.0,3.0,5488,not_young
1.019067082334001,13313.0,4.0,ds3,ds3_4,Stangenholz,Stangenholz_4,0.0,1.0,1.0,1.0,1.0,1.0,5489,not_young
0.683603840154596,13314.0,4.0,ds3,ds3_4,Stangenholz,Stangenholz_4,0.0,0.0,3.0,3.0,3.0,3.0,5490,not_young
0.941384582774714,13315.0,4.0,ds3,ds3_4,Stangenholz,Stangenholz_4,0.0,0.0,3.0,3.0,3.0,3.0,5491,not_young
0.972078125171736,13316.0,4.0,ds4,ds4_4,Schwaches Baumholz,Schwaches Baumholz_4,0.0,0.0,3.0,3.0,3.0,3.0,5492,not_young
0.527573166831024,13317.0,4.0,ds3,ds3_4,Stangenholz,Stangenholz_4,0.0,0.0,3.0,3.0,3.0,3.0,5493,not_young
0.604332792061218,13319.0,4.0,ds1,ds1_4,Jungwuchs/Dickung,Jungwuchs/Dickung_4,0.0,0.0,3.0,3.0,4.0,3.0,5494,young
0.686496577242995,13320.0,4.0,ds5,ds5_4,Mittleres Baumholz,Mittleres Baumholz_4,0.0,1.0,1.0,1.0,1.0,1.0,5495,not_young
1.784807461732999,13321.0,4.0,ds4,ds4_4,Schwaches Baumholz,Schwaches Baumholz_4,0.0,1.0,1.0,1.0,1.0,1.0,5496,not_young
0.724032305455487,13323.0,4.0,ds5,ds5_4,Mittleres Baumholz,Mittleres Baumholz_4,0.0,0.0,3.0,3.0,3.0,3.0,5497,not_young
1.466230922174826,13324.0,4.0,ds3,ds3_4,Stangenholz,Stangenholz_4,0.0,0.0,3.0,3.0,4.0,3.0,5498,not_young
2.392595610094909,13325.0,4.0,ds4,ds4_4,Schwaches Baumholz,Schwaches Baumholz_4,0.0,0.0,3.0,3.0,3.0,3.0,5499,not_young
0.544496975803096,13326.0,4.0,ds4,ds4_4,Schwaches Baumholz,Schwaches Baumholz_4,0.0,0.0,3.0,3.0,4.0,4.0,5500,not_young
1.409025418868568,13329.0,4.0,ds3,ds3_4,Stangenholz,Stangenholz_4,0.0,0.0,3.0,3.0,3.0,3.0,5501,not_young
1.038466754793073,13330.0,4.0,ds4,ds4_4,Schwaches Baumholz,Schwaches Baumholz_4,0.0,0.0,3.0,3.0,4.0,3.0,5502,not_young
0.95701824591108,13331.0,4.0,ds5,ds5_4,Mittleres Baumholz,Mittleres Baumholz_4,0.0,1.0,1.0,1.0,1.0,1.0,5503,not_young
0.758642542689433,13333.0,4.0,ds1,ds1_4,Jungwuchs/Dickung,Jungwuchs/Dickung_4,0.0,1.0,1.0,1.0,1.0,1.0,5504,young
0.56608658072073,13335.0,4.0,ds1,ds1_4,Jungwuchs/Dickung,Jungwuchs/Dickung_4,0.0,0.0,3.0,3.0,4.0,4.0,5505,young
1.34390177716841,13337.0,4.0,ds3,ds3_4,Stangenholz,Stangenholz_4,0.0,0.0,3.0,3.0,3.0,3.0,5506,not_young
2.531235564190056,13346.0,4.0,ds4,ds4_4,Schwaches Baumholz,Schwaches Baumholz_4,0.0,0.0,3.0,3.0,3.0,3.0,5507,not_young
1.35650047241298,13347.0,4.0,ds5,ds5_4,Mittleres Baumholz,Mittleres Baumholz_4,0.0,0.0,3.0,3.0,4.0,4.0,5508,not_young
1.915346607459092,13348.0,4.0,ds4,ds4_4,Schwaches Baumholz,Schwaches Baumholz_4,0.0,0.0,3.0,3.0,3.0,3.0,5509,not_young
0.780698943590978,13349.0,4.0,ds4,ds4_4,Schwaches Baumholz,Schwaches Baumholz_4,0.0,0.0,3.0,3.0,4.0,4.0,5510,not_young
0.829496949827089,13350.0,13.0,ds4,ds4_13,Schwaches Baumholz,Schwaches Baumholz_13,0.0,0.0,3.0,3.0,4.0,3.0,5511,not_young
1.592573457097379,13352.0,4.0,ds1,ds1_4,Jungwuchs/Dickung,Jungwuchs/Dickung_4,0.0,0.0,3.0,3.0,4.0,3.0,5512,young
2.246696756146802,13354.0,4.0,ds2,ds2_4,Jungwuchs/Dickung,Jungwuchs/Dickung_4,0.0,1.0,1.0,1.0,1.0,1.0,5513,young
3.036593865739019,13355.0,13.0,ds4,ds4_13,Schwaches Baumholz,Schwaches Baumholz_13,0.0,0.0,3.0,3.0,4.0,3.0,5514,not_young
1.815977429889236,13356.0,13.0,ds6,ds6_13,Starkes Baumholz,Starkes Baumholz_13,0.0,0.0,3.0,3.0,4.0,3.0,5515,not_young
0.612823189446051,13358.0,4.0,ds2,ds2_4,Jungwuchs/Dickung,Jungwuchs/Dickung_4,0.0,0.0,3.0,3.0,4.0,3.0,5516,young
0.519603754687123,13359.0,4.0,ds5,ds5_4,Mittleres Baumholz,Mittleres Baumholz_4,0.0,0.0,3.0,3.0,4.0,3.0,5517,not_young
0.715120540705882,13360.0,4.0,ds4,ds4_4,Schwaches Baumholz,Schwaches Baumholz_4,0.0,0.0,3.0,3.0,3.0,3.0,5518,not_young
0.6678939262826,13361.0,4.0,ds5,ds5_4,Mittleres Baumholz,Mittleres Baumholz_4,0.0,1.0,1.0,1.0,1.0,1.0,5519,not_young
0.811912902216893,13362.0,4.0,ds4,ds4_4,Schwaches Baumholz,Schwaches Baumholz_4,0.0,0.0,3.0,3.0,3.0,3.0,5520,not_young
2.093785913298652,13367.0,4.0,ds4,ds4_4,Schwaches Baumholz,Schwaches Baumholz_4,0.0,1.0,1.0,1.0,1.0,1.0,5521,not_young
2.279678532715014,13369.0,4.0,ds3,ds3_4,Stangenholz,Stangenholz_4,0.0,1.0,1.0,1.0,1.0,1.0,5522,not_young
0.505545005352178,13371.0,4.0,ds4,ds4_4,Schwaches Baumholz,Schwaches Baumholz_4,0.0,1.0,1.0,1.0,1.0,1.0,5523,not_young
0.635965673806382,13375.0,13.0,ds3,ds3_13,Stangenholz,Stangenholz_13,0.0,1.0,1.0,1.0,1.0,1.0,5524,not_young
0.547375038872479,13379.0,4.0,ds4,ds4_4,Schwaches Baumholz,Schwaches Baumholz_4,0.0,0.0,3.0,3.0,3.0,3.0,5525,not_young
0.952118336579211,13380.0,4.0,ds5,ds5_4,Mittleres Baumholz,Mittleres Baumholz_4,0.0,0.0,3.0,3.0,4.0,3.0,5526,not_young
1.699613843305782,13382.0,4.0,ds6,ds6_4,Starkes Baumholz,Starkes Baumholz_4,0.0,0.0,3.0,3.0,4.0,3.0,5527,not_young
1.011190131941669,13384.0,4.0,ds3,ds3_4,Stangenholz,Stangenholz_4,0.0,0.0,3.0,3.0,3.0,3.0,5528,not_young
1.423259509791999,13386.0,4.0,ds4,ds4_4,Schwaches Baumholz,Schwaches Baumholz_4,0.0,1.0,1.0,1.0,1.0,1.0,5529,not_young
0.965844496022165,13387.0,4.0,ds5,ds5_4,Mittleres Baumholz,Mittleres Baumholz_4,0.0,1.0,1.0,1.0,1.0,1.0,5530,not_young
3.268567842220172,13388.0,13.0,ds5,ds5_13,Mittleres Baumholz,Mittleres Baumholz_13,0.0,0.0,3.0,3.0,3.0,3.0,5531,not_young
0.577616198749654,13389.0,4.0,ds4,ds4_4,Schwaches Baumholz,Schwaches Baumholz_4,0.0,0.0,3.0,3.0,3.0,3.0,5532,not_young
0.828589558952695,13390.0,4.0,ds3,ds3_4,Stangenholz,Stangenholz_4,0.0,0.0,3.0,3.0,4.0,3.0,5533,not_young
0.693057196331024,13392.0,4.0,ds1,ds1_4,Jungwuchs/Dickung,Jungwuchs/Dickung_4,0.0,1.0,1.0,1.0,1.0,1.0,5534,young
4.459626659309631,13394.0,4.0,ds3,ds3_4,Stangenholz,Stangenholz_4,0.0,0.0,3.0,3.0,3.0,3.0,5535,not_young
1.041824953399022,13395.0,13.0,ds2,ds2_13,Jungwuchs/Dickung,Jungwuchs/Dickung_13,0.0,0.0,3.0,3.0,3.0,3.0,5536,young
1.488595242943475,13396.0,13.0,ds5,ds5_13,Mittleres Baumholz,Mittleres Baumholz_13,0.0,0.0,3.0,3.0,4.0,4.0,5537,not_young
3.360886503764731,13397.0,4.0,ds4,ds4_4,Schwaches Baumholz,Schwaches Baumholz_4,0.0,0.0,3.0,3.0,3.0,3.0,5538,not_young
11.24481677181422,13398.0,4.0,ds4,ds4_4,Schwaches Baumholz,Schwaches Baumholz_4,0.0,1.0,1.0,1.0,1.0,1.0,5539,not_young
1.59706506151135,13399.0,4.0,ds5,ds5_4,Mittleres Baumholz,Mittleres Baumholz_4,0.0,1.0,1.0,1.0,1.0,1.0,5540,not_young
0.634311135356128,13400.0,4.0,ds2,ds2_4,Jungwuchs/Dickung,Jungwuchs/Dickung_4,0.0,0.0,3.0,3.0,4.0,3.0,5541,young
0.966142533617333,13401.0,4.0,ds2,ds2_4,Jungwuchs/Dickung,Jungwuchs/Dickung_4,0.0,0.0,3.0,3.0,3.0,3.0,5542,young
1.617027331410977,13402.0,13.0,ds3,ds3_13,Stangenholz,Stangenholz_13,0.0,1.0,1.0,1.0,1.0,1.0,5543,not_young
1.195708437362965,13403.0,4.0,ds5,ds5_4,Mittleres Baumholz,Mittleres Baumholz_4,0.0,0.0,3.0,3.0,4.0,3.0,5544,not_young
0.777069516711449,13404.0,4.0,ds5,ds5_4,Mittleres Baumholz,Mittleres Baumholz_4,0.0,0.0,3.0,3.0,4.0,3.0,5545,not_young
3.162691907199635,13405.0,4.0,ds4,ds4_4,Schwaches Baumholz,Schwaches Baumholz_4,0.0,0.0,3.0,3.0,3.0,3.0,5546,not_young
0.850127835353185,13407.0,4.0,ds4,ds4_4,Schwaches Baumholz,Schwaches Baumholz_4,0.0,0.0,3.0,3.0,3.0,3.0,5547,not_young
5.207855108980506,13408.0,4.0,ds3,ds3_4,Stangenholz,Stangenholz_4,0.0,1.0,1.0,1.0,1.0,1.0,5548,not_young
0.865903148800321,13409.0,4.0,ds4,ds4_4,Schwaches Baumholz,Schwaches Baumholz_4,0.0,1.0,1.0,1.0,1.0,1.0,5549,not_young
1.135829107264336,13410.0,4.0,ds1,ds1_4,Jungwuchs/Dickung,Jungwuchs/Dickung_4,0.0,0.0,3.0,3.0,3.0,3.0,5550,young
0.907527541317418,13411.0,4.0,ds6,ds6_4,Starkes Baumholz,Starkes Baumholz_4,0.0,0.0,3.0,3.0,3.0,3.0,5551,not_young
1.566214153150376,13412.0,4.0,ds4,ds4_4,Schwaches Baumholz,Schwaches Baumholz_4,0.0,1.0,1.0,1.0,1.0,1.0,5552,not_young
2.46660025613478,13414.0,4.0,ds4,ds4_4,Schwaches Baumholz,Schwaches Baumholz_4,0.0,0.0,3.0,3.0,4.0,3.0,5553,not_young
1.411696362500196,13415.0,4.0,ds5,ds5_4,Mittleres Baumholz,Mittleres Baumholz_4,0.0,0.0,3.0,3.0,4.0,4.0,5554,not_young
0.95856135270372,13416.0,4.0,ds4,ds4_4,Schwaches Baumholz,Schwaches Baumholz_4,0.0,0.0,3.0,3.0,3.0,3.0,5555,not_young
1.339990467735852,13417.0,4.0,ds2,ds2_4,Jungwuchs/Dickung,Jungwuchs/Dickung_4,0.0,1.0,1.0,1.0,1.0,1.0,5556,young
1.87491703172056,13420.0,4.0,ds3,ds3_4,Stangenholz,Stangenholz_4,0.0,1.0,1.0,1.0,1.0,1.0,5557,not_young
0.628901775720343,13421.0,4.0,ds4,ds4_4,Schwaches Baumholz,Schwaches Baumholz_4,0.0,0.0,3.0,3.0,4.0,4.0,5558,not_young
1.515478081177757,13422.0,4.0,ds3,ds3_4,Stangenholz,Stangenholz_4,0.0,0.0,3.0,3.0,3.0,3.0,5559,not_young
2.815768859997508,13423.0,4.0,ds1,ds1_4,Jungwuchs/Dickung,Jungwuchs/Dickung_4,0.0,1.0,1.0,1.0,1.0,1.0,5560,young
1.341383095029839,13424.0,4.0,ds3,ds3_4,Stangenholz,Stangenholz_4,0.0,0.0,3.0,3.0,3.0,3.0,5561,not_young
0.925523142077681,13425.0,4.0,ds5,ds5_4,Mittleres Baumholz,Mittleres Baumholz_4,0.0,0.0,3.0,3.0,3.0,3.0,5562,not_young
2.089666292930301,13427.0,4.0,ds5,ds5_4,Mittleres Baumholz,Mittleres Baumholz_4,0.0,0.0,3.0,3.0,3.0,3.0,5563,not_young
0.676637890737713,13428.0,4.0,ds5,ds5_4,Mittleres Baumholz,Mittleres Baumholz_4,0.0,0.0,3.0,3.0,3.0,3.0,5564,not_young
2.747021616144851,13429.0,4.0,ds4,ds4_4,Schwaches Baumholz,Schwaches Baumholz_4,0.0,1.0,1.0,1.0,1.0,1.0,5565,not_young
0.669146937458124,13430.0,13.0,ds4,ds4_13,Schwaches Baumholz,Schwaches Baumholz_13,0.0,1.0,1.0,1.0,1.0,1.0,5566,not_young
0.512097303979332,13431.0,13.0,ds4,ds4_13,Schwaches Baumholz,Schwaches Baumholz_13,0.0,0.0,3.0,3.0,3.0,3.0,5567,not_young
0.533516326115711,13434.0,13.0,ds2,ds2_13,Jungwuchs/Dickung,Jungwuchs/Dickung_13,0.0,0.0,3.0,3.0,4.0,3.0,5568,young
0.530566110049666,13436.0,4.0,ds1,ds1_4,Jungwuchs/Dickung,Jungwuchs/Dickung_4,0.0,1.0,1.0,1.0,1.0,1.0,5569,young
1.209442679911666,13439.0,4.0,ds5,ds5_4,Mittleres Baumholz,Mittleres Baumholz_4,0.0,0.0,3.0,3.0,3.0,3.0,5570,not_young
2.389494098443416,13440.0,4.0,ds4,ds4_4,Schwaches Baumholz,Schwaches Baumholz_4,0.0,0.0,3.0,3.0,3.0,3.0,5571,not_young
0.844211641670391,13441.0,13.0,ds4,ds4_13,Schwaches Baumholz,Schwaches Baumholz_13,0.0,0.0,3.0,3.0,3.0,3.0,5572,not_young
0.777546774791252,13442.0,4.0,ds5,ds5_4,Mittleres Baumholz,Mittleres Baumholz_4,0.0,0.0,3.0,3.0,3.0,3.0,5573,not_young
1.216762422977248,13443.0,4.0,ds4,ds4_4,Schwaches Baumholz,Schwaches Baumholz_4,0.0,0.0,3.0,3.0,3.0,3.0,5574,not_young
2.209852656341088,13445.0,4.0,ds5,ds5_4,Mittleres Baumholz,Mittleres Baumholz_4,0.0,1.0,1.0,1.0,1.0,1.0,5575,not_young
3.302318239441997,13446.0,4.0,ds4,ds4_4,Schwaches Baumholz,Schwaches Baumholz_4,0.0,0.0,3.0,3.0,3.0,3.0,5576,not_young
1.04512318491023,13447.0,4.0,ds4,ds4_4,Schwaches Baumholz,Schwaches Baumholz_4,0.0,1.0,1.0,1.0,1.0,1.0,5577,not_young
11.173283199382752,13448.0,4.0,ds4,ds4_4,Schwaches Baumholz,Schwaches Baumholz_4,0.0,1.0,1.0,1.0,1.0,1.0,5578,not_young
2.580009666147875,13449.0,4.0,ds4,ds4_4,Schwaches Baumholz,Schwaches Baumholz_4,0.0,0.0,3.0,3.0,4.0,3.0,5579,not_young
2.183550060201205,13450.0,4.0,ds3,ds3_4,Stangenholz,Stangenholz_4,0.0,0.0,3.0,3.0,4.0,3.0,5580,not_young
2.094300760615582,13451.0,13.0,ds6,ds6_13,Starkes Baumholz,Starkes Baumholz_13,0.0,0.0,3.0,3.0,3.0,3.0,5581,not_young
0.806705227923347,13452.0,4.0,ds4,ds4_4,Schwaches Baumholz,Schwaches Baumholz_4,0.0,0.0,3.0,3.0,4.0,3.0,5582,not_young
1.035944042400411,13453.0,4.0,ds4,ds4_4,Schwaches Baumholz,Schwaches Baumholz_4,0.0,0.0,3.0,3.0,4.0,4.0,5583,not_young
4.091672516712907,13454.0,13.0,ds5,ds5_13,Mittleres Baumholz,Mittleres Baumholz_13,0.0,0.0,3.0,3.0,3.0,3.0,5584,not_young
1.159966651511181,13455.0,4.0,ds4,ds4_4,Schwaches Baumholz,Schwaches Baumholz_4,0.0,0.0,3.0,3.0,3.0,3.0,5585,not_young
1.925132222881913,13456.0,4.0,ds4,ds4_4,Schwaches Baumholz,Schwaches Baumholz_4,0.0,0.0,3.0,3.0,3.0,3.0,5586,not_young
0.818730441859341,13457.0,4.0,ds6,ds6_4,Starkes Baumholz,Starkes Baumholz_4,0.0,0.0,3.0,3.0,3.0,3.0,5587,not_young
1.624791268455889,13458.0,13.0,ds6,ds6_13,Starkes Baumholz,Starkes Baumholz_13,0.0,0.0,3.0,3.0,4.0,3.0,5588,not_young
0.735062894039285,13459.0,13.0,ds1,ds1_13,Jungwuchs/Dickung,Jungwuchs/Dickung_13,0.0,1.0,1.0,1.0,1.0,1.0,5589,young
0.730584084439906,13461.0,4.0,ds2,ds2_4,Jungwuchs/Dickung,Jungwuchs/Dickung_4,0.0,0.0,3.0,3.0,4.0,3.0,5590,young
2.106745617645374,13464.0,13.0,ds5,ds5_13,Mittleres Baumholz,Mittleres Baumholz_13,0.0,0.0,3.0,1.0,3.0,3.0,5591,not_young
0.631351913961722,13465.0,13.0,ds4,ds4_13,Schwaches Baumholz,Schwaches Baumholz_13,0.0,0.0,3.0,3.0,3.0,3.0,5592,not_young
2.089030023438717,13466.0,13.0,ds1,ds1_13,Jungwuchs/Dickung,Jungwuchs/Dickung_13,0.0,1.0,1.0,1.0,1.0,1.0,5593,young
3.123548159147328,13467.0,4.0,ds3,ds3_4,Stangenholz,Stangenholz_4,0.0,0.0,3.0,3.0,3.0,3.0,5594,not_young
1.43506483773255,13471.0,4.0,ds1,ds1_4,Jungwuchs/Dickung,Jungwuchs/Dickung_4,0.0,0.0,3.0,3.0,3.0,3.0,5595,young
1.126669806055224,13472.0,4.0,ds2,ds2_4,Jungwuchs/Dickung,Jungwuchs/Dickung_4,0.0,0.0,3.0,3.0,4.0,3.0,5596,young
0.603184604220564,13473.0,4.0,ds1,ds1_4,Jungwuchs/Dickung,Jungwuchs/Dickung_4,0.0,0.0,3.0,3.0,3.0,3.0,5597,young
0.608994684176845,13476.0,4.0,ds2,ds2_4,Jungwuchs/Dickung,Jungwuchs/Dickung_4,0.0,0.0,3.0,3.0,3.0,3.0,5598,young
0.734772442108998,13478.0,4.0,ds5,ds5_4,Mittleres Baumholz,Mittleres Baumholz_4,0.0,0.0,3.0,3.0,3.0,3.0,5599,not_young
1.124690811783075,13479.0,4.0,ds3,ds3_4,Stangenholz,Stangenholz_4,0.0,0.0,3.0,3.0,4.0,3.0,5600,not_young
1.222658552274003,13481.0,4.0,ds6,ds6_4,Starkes Baumholz,Starkes Baumholz_4,0.0,0.0,3.0,3.0,3.0,3.0,5601,not_young
1.011581462611631,13490.0,4.0,ds5,ds5_4,Mittleres Baumholz,Mittleres Baumholz_4,0.0,0.0,3.0,3.0,4.0,4.0,5602,not_young
1.126215712215961,13493.0,4.0,ds4,ds4_4,Schwaches Baumholz,Schwaches Baumholz_4,0.0,0.0,3.0,3.0,3.0,3.0,5603,not_young
2.279101280678623,13496.0,4.0,ds5,ds5_4,Mittleres Baumholz,Mittleres Baumholz_4,0.0,0.0,3.0,3.0,4.0,4.0,5604,not_young
1.010244394328911,13497.0,4.0,ds2,ds2_4,Jungwuchs/Dickung,Jungwuchs/Dickung_4,0.0,0.0,3.0,3.0,3.0,3.0,5605,young
1.516033126840342,13498.0,4.0,ds5,ds5_4,Mittleres Baumholz,Mittleres Baumholz_4,0.0,0.0,3.0,3.0,3.0,3.0,5606,not_young
1.246058403315279,13500.0,4.0,ds5,ds5_4,Mittleres Baumholz,Mittleres Baumholz_4,0.0,0.0,3.0,3.0,4.0,4.0,5607,not_young
1.051275240422093,13501.0,4.0,ds4,ds4_4,Schwaches Baumholz,Schwaches Baumholz_4,0.0,0.0,3.0,3.0,3.0,3.0,5608,not_young
1.027679250878748,13502.0,13.0,ds5,ds5_13,Mittleres Baumholz,Mittleres Baumholz_13,0.0,1.0,1.0,1.0,1.0,1.0,5609,not_young
0.53228038633205,13503.0,13.0,ds2,ds2_13,Jungwuchs/Dickung,Jungwuchs/Dickung_13,0.0,0.0,3.0,3.0,3.0,3.0,5610,young
0.5279166372112,13505.0,4.0,ds6,ds6_4,Starkes Baumholz,Starkes Baumholz_4,0.0,1.0,1.0,1.0,1.0,1.0,5611,not_young
0.515783303615137,13506.0,4.0,ds6,ds6_4,Starkes Baumholz,Starkes Baumholz_4,0.0,0.0,3.0,3.0,3.0,3.0,5612,not_young
0.669762853026443,13507.0,4.0,ds4,ds4_4,Schwaches Baumholz,Schwaches Baumholz_4,0.0,1.0,1.0,1.0,1.0,1.0,5613,not_young
0.685619779247418,13509.0,4.0,ds3,ds3_4,Stangenholz,Stangenholz_4,0.0,0.0,3.0,3.0,3.0,3.0,5614,not_young
1.316213560561184,13510.0,13.0,ds4,ds4_13,Schwaches Baumholz,Schwaches Baumholz_13,0.0,1.0,1.0,1.0,1.0,1.0,5615,not_young
1.025257737888489,13511.0,4.0,ds5,ds5_4,Mittleres Baumholz,Mittleres Baumholz_4,0.0,0.0,3.0,3.0,3.0,3.0,5616,not_young
1.164330855592923,13512.0,4.0,ds2,ds2_4,Jungwuchs/Dickung,Jungwuchs/Dickung_4,0.0,0.0,3.0,3.0,3.0,3.0,5617,young
0.52251055488477,13513.0,13.0,ds6,ds6_13,Starkes Baumholz,Starkes Baumholz_13,0.0,0.0,3.0,3.0,4.0,4.0,5618,not_young
0.923899917217204,13524.0,4.0,ds5,ds5_4,Mittleres Baumholz,Mittleres Baumholz_4,0.0,0.0,3.0,3.0,3.0,3.0,5619,not_young
0.549159187855199,13525.0,4.0,ds6,ds6_4,Starkes Baumholz,Starkes Baumholz_4,0.0,0.0,3.0,3.0,4.0,4.0,5620,not_young
1.022667191218073,13526.0,13.0,ds4,ds4_13,Schwaches Baumholz,Schwaches Baumholz_13,0.0,0.0,3.0,3.0,3.0,3.0,5621,not_young
0.617096758916415,13527.0,4.0,ds1,ds1_4,Jungwuchs/Dickung,Jungwuchs/Dickung_4,0.0,0.0,3.0,3.0,3.0,3.0,5622,young
0.505616413154406,13529.0,4.0,ds5,ds5_4,Mittleres Baumholz,Mittleres Baumholz_4,0.0,0.0,3.0,3.0,4.0,3.0,5623,not_young
0.854489862627722,13530.0,4.0,ds5,ds5_4,Mittleres Baumholz,Mittleres Baumholz_4,0.0,0.0,3.0,3.0,3.0,3.0,5624,not_young
2.589384601081943,13531.0,4.0,ds5,ds5_4,Mittleres Baumholz,Mittleres Baumholz_4,0.0,1.0,1.0,1.0,1.0,1.0,5625,not_young
0.584257504723547,13532.0,4.0,ds4,ds4_4,Schwaches Baumholz,Schwaches Baumholz_4,0.0,0.0,3.0,3.0,3.0,3.0,5626,not_young
1.153385664521344,13533.0,13.0,ds4,ds4_13,Schwaches Baumholz,Schwaches Baumholz_13,0.0,0.0,3.0,3.0,3.0,3.0,5627,not_young
1.250921789092687,13534.0,13.0,ds2,ds2_13,Jungwuchs/Dickung,Jungwuchs/Dickung_13,0.0,0.0,3.0,3.0,3.0,3.0,5628,young
0.655254522512155,13535.0,4.0,ds1,ds1_4,Jungwuchs/Dickung,Jungwuchs/Dickung_4,0.0,0.0,3.0,3.0,4.0,4.0,5629,young
5.497497183043394,13537.0,13.0,ds6,ds6_13,Starkes Baumholz,Starkes Baumholz_13,0.0,0.0,3.0,3.0,4.0,4.0,5630,not_young
0.891221097339876,13539.0,4.0,ds3,ds3_4,Stangenholz,Stangenholz_4,0.0,0.0,3.0,3.0,4.0,3.0,5631,not_young
2.070345687845745,13540.0,4.0,ds5,ds5_4,Mittleres Baumholz,Mittleres Baumholz_4,0.0,0.0,3.0,3.0,3.0,3.0,5632,not_young
0.838733972010855,13541.0,4.0,ds4,ds4_4,Schwaches Baumholz,Schwaches Baumholz_4,0.0,0.0,3.0,3.0,4.0,3.0,5633,not_young
1.560988980517071,13544.0,13.0,ds6,ds6_13,Starkes Baumholz,Starkes Baumholz_13,0.0,1.0,1.0,1.0,1.0,1.0,5634,not_young
0.820165635445807,13548.0,4.0,ds3,ds3_4,Stangenholz,Stangenholz_4,0.0,0.0,3.0,3.0,4.0,4.0,5635,not_young
0.72112304953828,13552.0,4.0,ds4,ds4_4,Schwaches Baumholz,Schwaches Baumholz_4,0.0,0.0,3.0,3.0,4.0,3.0,5636,not_young
2.232426362904359,13553.0,4.0,ds3,ds3_4,Stangenholz,Stangenholz_4,0.0,0.0,3.0,3.0,3.0,3.0,5637,not_young
0.793508232446411,13554.0,4.0,ds3,ds3_4,Stangenholz,Stangenholz_4,0.0,0.0,3.0,3.0,3.0,3.0,5638,not_young
1.222938643622853,13556.0,4.0,ds3,ds3_4,Stangenholz,Stangenholz_4,0.0,0.0,3.0,3.0,4.0,3.0,5639,not_young
2.473715243853892,13558.0,4.0,ds2,ds2_4,Jungwuchs/Dickung,Jungwuchs/Dickung_4,0.0,0.0,3.0,3.0,3.0,3.0,5640,young
0.657408277050452,13567.0,4.0,ds3,ds3_4,Stangenholz,Stangenholz_4,0.0,0.0,3.0,3.0,3.0,3.0,5641,not_young
1.071712462909301,13568.0,4.0,ds1,ds1_4,Jungwuchs/Dickung,Jungwuchs/Dickung_4,0.0,0.0,3.0,3.0,3.0,3.0,5642,young
1.139826828580495,13569.0,4.0,ds5,ds5_4,Mittleres Baumholz,Mittleres Baumholz_4,0.0,0.0,3.0,3.0,3.0,3.0,5643,not_young
1.669928819414214,13570.0,4.0,ds6,ds6_4,Starkes Baumholz,Starkes Baumholz_4,0.0,0.0,3.0,3.0,3.0,3.0,5644,not_young
1.599068519524811,13572.0,4.0,ds2,ds2_4,Jungwuchs/Dickung,Jungwuchs/Dickung_4,0.0,0.0,3.0,3.0,4.0,3.0,5645,young
2.511688777154707,13575.0,4.0,ds6,ds6_4,Starkes Baumholz,Starkes Baumholz_4,0.0,0.0,3.0,3.0,3.0,3.0,5646,not_young
0.620019949427422,13576.0,4.0,ds5,ds5_4,Mittleres Baumholz,Mittleres Baumholz_4,0.0,0.0,3.0,3.0,3.0,3.0,5647,not_young
0.509832581190963,13577.0,4.0,ds5,ds5_4,Mittleres Baumholz,Mittleres Baumholz_4,0.0,0.0,3.0,3.0,3.0,3.0,5648,not_young
0.647877202789777,13579.0,4.0,ds4,ds4_4,Schwaches Baumholz,Schwaches Baumholz_4,0.0,0.0,3.0,3.0,4.0,3.0,5649,not_young
1.327149546061782,13582.0,4.0,ds1,ds1_4,Jungwuchs/Dickung,Jungwuchs/Dickung_4,0.0,0.0,3.0,3.0,3.0,3.0,5650,young
0.63491093906116,13583.0,4.0,ds4,ds4_4,Schwaches Baumholz,Schwaches Baumholz_4,0.0,0.0,3.0,3.0,3.0,3.0,5651,not_young
1.060069650997041,13584.0,4.0,ds3,ds3_4,Stangenholz,Stangenholz_4,0.0,0.0,3.0,3.0,3.0,3.0,5652,not_young
2.261732647686056,13585.0,4.0,ds2,ds2_4,Jungwuchs/Dickung,Jungwuchs/Dickung_4,0.0,0.0,3.0,3.0,3.0,3.0,5653,young
0.953830249899303,13586.0,4.0,ds5,ds5_4,Mittleres Baumholz,Mittleres Baumholz_4,0.0,0.0,3.0,3.0,3.0,3.0,5654,not_young
1.504586093654414,13588.0,4.0,ds4,ds4_4,Schwaches Baumholz,Schwaches Baumholz_4,0.0,0.0,3.0,3.0,4.0,3.0,5655,not_young
1.616090820207598,13589.0,4.0,ds6,ds6_4,Starkes Baumholz,Starkes Baumholz_4,0.0,0.0,3.0,3.0,3.0,3.0,5656,not_young
0.95266973423661,13590.0,4.0,ds1,ds1_4,Jungwuchs/Dickung,Jungwuchs/Dickung_4,0.0,0.0,3.0,3.0,3.0,3.0,5657,young
2.957511887937761,13591.0,13.0,ds5,ds5_13,Mittleres Baumholz,Mittleres Baumholz_13,0.0,1.0,1.0,1.0,1.0,1.0,5658,not_young
0.886390304109978,13592.0,4.0,ds5,ds5_4,Mittleres Baumholz,Mittleres Baumholz_4,0.0,0.0,3.0,3.0,4.0,3.0,5659,not_young
2.327083068602067,13593.0,13.0,ds4,ds4_13,Schwaches Baumholz,Schwaches Baumholz_13,0.0,1.0,1.0,1.0,1.0,1.0,5660,not_young
0.921178978105908,13598.0,4.0,ds1,ds1_4,Jungwuchs/Dickung,Jungwuchs/Dickung_4,0.0,0.0,3.0,3.0,4.0,3.0,5661,young
1.109566284958669,13599.0,13.0,ds3,ds3_13,Stangenholz,Stangenholz_13,0.0,0.0,3.0,3.0,4.0,4.0,5662,not_young
0.584312940380536,13603.0,13.0,ds3,ds3_13,Stangenholz,Stangenholz_13,0.0,0.0,3.0,3.0,3.0,3.0,5663,not_young
0.590030537133955,13604.0,4.0,ds6,ds6_4,Starkes Baumholz,Starkes Baumholz_4,0.0,0.0,3.0,1.0,3.0,3.0,5664,not_young
0.506762046318594,13608.0,4.0,ds5,ds5_4,Mittleres Baumholz,Mittleres Baumholz_4,0.0,0.0,3.0,3.0,4.0,3.0,5665,not_young
0.682008801882714,13610.0,4.0,ds5,ds5_4,Mittleres Baumholz,Mittleres Baumholz_4,0.0,0.0,3.0,3.0,3.0,3.0,5666,not_young
0.739295590772666,13612.0,13.0,ds3,ds3_13,Stangenholz,Stangenholz_13,0.0,0.0,3.0,3.0,3.0,3.0,5667,not_young
0.527631727683172,13614.0,13.0,ds5,ds5_13,Mittleres Baumholz,Mittleres Baumholz_13,0.0,0.0,3.0,3.0,3.0,3.0,5668,not_young
0.7220584115915,13617.0,13.0,ds5,ds5_13,Mittleres Baumholz,Mittleres Baumholz_13,0.0,0.0,3.0,3.0,3.0,3.0,5669,not_young
0.808654229298281,13620.0,13.0,ds1,ds1_13,Jungwuchs/Dickung,Jungwuchs/Dickung_13,0.0,0.0,3.0,3.0,3.0,3.0,5670,young
0.988792765306681,13625.0,4.0,ds6,ds6_4,Starkes Baumholz,Starkes Baumholz_4,0.0,0.0,3.0,3.0,4.0,3.0,5671,not_young
0.707350702426769,13626.0,4.0,ds6,ds6_4,Starkes Baumholz,Starkes Baumholz_4,0.0,0.0,3.0,3.0,3.0,3.0,5672,not_young
1.877536453844234,13629.0,4.0,ds4,ds4_4,Schwaches Baumholz,Schwaches Baumholz_4,0.0,0.0,3.0,3.0,3.0,3.0,5673,not_young
1.239284790669847,13634.0,13.0,ds2,ds2_13,Jungwuchs/Dickung,Jungwuchs/Dickung_13,0.0,0.0,3.0,3.0,4.0,4.0,5674,young
0.50041386823518,13636.0,13.0,ds3,ds3_13,Stangenholz,Stangenholz_13,0.0,0.0,3.0,3.0,3.0,3.0,5675,not_young
1.092009438786842,13637.0,4.0,ds4,ds4_4,Schwaches Baumholz,Schwaches Baumholz_4,0.0,0.0,3.0,3.0,3.0,3.0,5676,not_young
0.946909768446186,13638.0,13.0,ds1,ds1_13,Jungwuchs/Dickung,Jungwuchs/Dickung_13,0.0,0.0,3.0,3.0,3.0,3.0,5677,young
0.757425546781044,13639.0,13.0,ds3,ds3_13,Stangenholz,Stangenholz_13,0.0,0.0,3.0,3.0,3.0,3.0,5678,not_young
0.522847793217376,13646.0,13.0,ds2,ds2_13,Jungwuchs/Dickung,Jungwuchs/Dickung_13,0.0,0.0,3.0,3.0,3.0,3.0,5679,young
1.093898814080129,13647.0,13.0,ds1,ds1_13,Jungwuchs/Dickung,Jungwuchs/Dickung_13,0.0,0.0,3.0,3.0,4.0,4.0,5680,young
0.506967135945614,13648.0,4.0,ds1,ds1_4,Jungwuchs/Dickung,Jungwuchs/Dickung_4,0.0,0.0,3.0,3.0,4.0,4.0,5681,young
0.662594918506476,13649.0,4.0,ds5,ds5_4,Mittleres Baumholz,Mittleres Baumholz_4,0.0,1.0,1.0,1.0,1.0,1.0,5682,not_young
0.698957038327958,13650.0,13.0,ds1,ds1_13,Jungwuchs/Dickung,Jungwuchs/Dickung_13,0.0,0.0,3.0,3.0,3.0,3.0,5683,young
0.595854570404906,13655.0,4.0,ds4,ds4_4,Schwaches Baumholz,Schwaches Baumholz_4,0.0,0.0,3.0,3.0,4.0,3.0,5684,not_young
0.782908244257013,13656.0,4.0,ds4,ds4_4,Schwaches Baumholz,Schwaches Baumholz_4,0.0,0.0,3.0,3.0,3.0,3.0,5685,not_young
0.832681589685462,13660.0,13.0,ds1,ds1_13,Jungwuchs/Dickung,Jungwuchs/Dickung_13,0.0,0.0,3.0,3.0,4.0,3.0,5686,young
0.508936320534942,13661.0,4.0,ds3,ds3_4,Stangenholz,Stangenholz_4,0.0,0.0,3.0,3.0,4.0,4.0,5687,not_young
0.68663075145185,13663.0,4.0,ds1,ds1_4,Jungwuchs/Dickung,Jungwuchs/Dickung_4,0.0,0.0,3.0,3.0,4.0,3.0,5688,young
0.647889250247576,13665.0,4.0,ds1,ds1_4,Jungwuchs/Dickung,Jungwuchs/Dickung_4,0.0,0.0,3.0,3.0,3.0,3.0,5689,young
0.512276567671303,13667.0,4.0,ds4,ds4_4,Schwaches Baumholz,Schwaches Baumholz_4,0.0,0.0,3.0,3.0,3.0,3.0,5690,not_young
1.408346067489276,13668.0,4.0,ds5,ds5_4,Mittleres Baumholz,Mittleres Baumholz_4,0.0,1.0,1.0,1.0,1.0,1.0,5691,not_young
0.818264351116121,13670.0,13.0,ds4,ds4_13,Schwaches Baumholz,Schwaches Baumholz_13,0.0,0.0,3.0,3.0,3.0,3.0,5692,not_young
1.19210813307534,13671.0,4.0,ds4,ds4_4,Schwaches Baumholz,Schwaches Baumholz_4,0.0,0.0,3.0,3.0,3.0,3.0,5693,not_young
0.635644769473979,13672.0,4.0,ds5,ds5_4,Mittleres Baumholz,Mittleres Baumholz_4,0.0,0.0,3.0,3.0,3.0,3.0,5694,not_young
0.536868434655946,13676.0,4.0,ds6,ds6_4,Starkes Baumholz,Starkes Baumholz_4,0.0,0.0,3.0,3.0,4.0,4.0,5695,not_young
0.656823710350797,13678.0,13.0,ds1,ds1_13,Jungwuchs/Dickung,Jungwuchs/Dickung_13,0.0,0.0,3.0,3.0,4.0,3.0,5696,young
0.668823523890854,13679.0,4.0,ds3,ds3_4,Stangenholz,Stangenholz_4,0.0,0.0,3.0,3.0,4.0,3.0,5697,not_young
0.55565432980312,13681.0,4.0,ds4,ds4_4,Schwaches Baumholz,Schwaches Baumholz_4,0.0,0.0,3.0,3.0,4.0,3.0,5698,not_young
1.087767992818006,13683.0,4.0,ds3,ds3_4,Stangenholz,Stangenholz_4,0.0,0.0,3.0,3.0,4.0,3.0,5699,not_young
0.528302816915978,13684.0,4.0,ds4,ds4_4,Schwaches Baumholz,Schwaches Baumholz_4,0.0,0.0,3.0,3.0,3.0,3.0,5700,not_young
2.058138233339658,13687.0,4.0,ds2,ds2_4,Jungwuchs/Dickung,Jungwuchs/Dickung_4,0.0,1.0,1.0,1.0,1.0,1.0,5701,young
1.000024012189172,13690.0,4.0,ds3,ds3_4,Stangenholz,Stangenholz_4,0.0,0.0,3.0,3.0,4.0,3.0,5702,not_young
1.811215905119851,13691.0,13.0,ds3,ds3_13,Stangenholz,Stangenholz_13,0.0,1.0,1.0,1.0,1.0,1.0,5703,not_young
2.876766893271427,13694.0,4.0,ds6,ds6_4,Starkes Baumholz,Starkes Baumholz_4,0.0,0.0,3.0,3.0,3.0,3.0,5704,not_young
0.888567168150565,13696.0,13.0,ds4,ds4_13,Schwaches Baumholz,Schwaches Baumholz_13,0.0,0.0,3.0,3.0,3.0,3.0,5705,not_young
0.508872317795595,13697.0,13.0,ds5,ds5_13,Mittleres Baumholz,Mittleres Baumholz_13,0.0,0.0,3.0,3.0,3.0,3.0,5706,not_young
6.062549624856966,13698.0,13.0,ds4,ds4_13,Schwaches Baumholz,Schwaches Baumholz_13,0.0,0.0,3.0,3.0,3.0,3.0,5707,not_young
1.104957879974926,13700.0,4.0,ds4,ds4_4,Schwaches Baumholz,Schwaches Baumholz_4,0.0,0.0,3.0,3.0,3.0,3.0,5708,not_young
3.330837037105224,13702.0,4.0,ds5,ds5_4,Mittleres Baumholz,Mittleres Baumholz_4,0.0,0.0,3.0,3.0,3.0,3.0,5709,not_young
0.968082274084678,13704.0,4.0,ds3,ds3_4,Stangenholz,Stangenholz_4,0.0,0.0,3.0,3.0,3.0,3.0,5710,not_young
0.837935310199484,13705.0,13.0,ds5,ds5_13,Mittleres Baumholz,Mittleres Baumholz_13,0.0,0.0,3.0,3.0,3.0,3.0,5711,not_young
0.729554080672143,13706.0,4.0,ds5,ds5_4,Mittleres Baumholz,Mittleres Baumholz_4,0.0,1.0,1.0,1.0,1.0,1.0,5712,not_young
0.60391067390067,13707.0,4.0,ds6,ds6_4,Starkes Baumholz,Starkes Baumholz_4,0.0,0.0,3.0,3.0,4.0,4.0,5713,not_young
8.03866871927383,13708.0,13.0,ds6,ds6_13,Starkes Baumholz,Starkes Baumholz_13,0.0,0.0,3.0,1.0,4.0,4.0,5714,not_young
1.970901271237549,13710.0,13.0,ds4,ds4_13,Schwaches Baumholz,Schwaches Baumholz_13,0.0,0.0,3.0,3.0,4.0,3.0,5715,not_young
1.315805964250025,13711.0,13.0,ds4,ds4_13,Schwaches Baumholz,Schwaches Baumholz_13,0.0,0.0,3.0,3.0,3.0,3.0,5716,not_young
3.427778225239553,13712.0,13.0,ds5,ds5_13,Mittleres Baumholz,Mittleres Baumholz_13,0.0,0.0,3.0,3.0,4.0,3.0,5717,not_young
0.569692347218657,13713.0,4.0,ds5,ds5_4,Mittleres Baumholz,Mittleres Baumholz_4,0.0,0.0,3.0,3.0,3.0,3.0,5718,not_young
2.660852076764798,13715.0,13.0,ds4,ds4_13,Schwaches Baumholz,Schwaches Baumholz_13,0.0,0.0,3.0,3.0,3.0,3.0,5719,not_young
0.899460239107674,13716.0,13.0,ds3,ds3_13,Stangenholz,Stangenholz_13,0.0,0.0,3.0,3.0,4.0,4.0,5720,not_young
1.674180459173653,13718.0,13.0,ds5,ds5_13,Mittleres Baumholz,Mittleres Baumholz_13,0.0,0.0,3.0,3.0,3.0,3.0,5721,not_young
6.94218578402633,13719.0,13.0,ds5,ds5_13,Mittleres Baumholz,Mittleres Baumholz_13,0.0,0.0,3.0,3.0,4.0,3.0,5722,not_young
0.527471537106554,13720.0,4.0,ds2,ds2_4,Jungwuchs/Dickung,Jungwuchs/Dickung_4,0.0,0.0,3.0,3.0,3.0,3.0,5723,young
1.300653128071874,13721.0,4.0,ds2,ds2_4,Jungwuchs/Dickung,Jungwuchs/Dickung_4,0.0,0.0,3.0,3.0,4.0,4.0,5724,young
0.772165347354673,13723.0,4.0,ds3,ds3_4,Stangenholz,Stangenholz_4,0.0,0.0,3.0,3.0,3.0,3.0,5725,not_young
2.052831229531334,13724.0,4.0,ds3,ds3_4,Stangenholz,Stangenholz_4,0.0,0.0,3.0,3.0,4.0,3.0,5726,not_young
1.368038778493647,13725.0,4.0,ds5,ds5_4,Mittleres Baumholz,Mittleres Baumholz_4,0.0,0.0,3.0,3.0,3.0,3.0,5727,not_young
1.304041623023257,13726.0,4.0,ds2,ds2_4,Jungwuchs/Dickung,Jungwuchs/Dickung_4,0.0,0.0,3.0,3.0,3.0,3.0,5728,young
6.20068997056276,13727.0,4.0,ds4,ds4_4,Schwaches Baumholz,Schwaches Baumholz_4,0.0,0.0,3.0,3.0,4.0,3.0,5729,not_young
0.867334091214507,13728.0,4.0,ds4,ds4_4,Schwaches Baumholz,Schwaches Baumholz_4,0.0,1.0,1.0,1.0,1.0,1.0,5730,not_young
0.560388258436788,13729.0,4.0,ds2,ds2_4,Jungwuchs/Dickung,Jungwuchs/Dickung_4,0.0,0.0,3.0,3.0,4.0,4.0,5731,young
4.741457748021698,13730.0,13.0,ds4,ds4_13,Schwaches Baumholz,Schwaches Baumholz_13,0.0,0.0,3.0,3.0,3.0,3.0,5732,not_young
0.784504892257042,13731.0,13.0,ds3,ds3_13,Stangenholz,Stangenholz_13,0.0,0.0,3.0,3.0,3.0,3.0,5733,not_young
2.970418092057479,13732.0,13.0,ds5,ds5_13,Mittleres Baumholz,Mittleres Baumholz_13,0.0,0.0,3.0,3.0,3.0,3.0,5734,not_young
0.935530724195321,13733.0,13.0,ds4,ds4_13,Schwaches Baumholz,Schwaches Baumholz_13,0.0,0.0,3.0,3.0,3.0,3.0,5735,not_young
1.797443647044199,13734.0,13.0,ds6,ds6_13,Starkes Baumholz,Starkes Baumholz_13,0.0,0.0,3.0,3.0,3.0,3.0,5736,not_young
0.525123540913127,13738.0,13.0,ds2,ds2_13,Jungwuchs/Dickung,Jungwuchs/Dickung_13,0.0,0.0,3.0,3.0,3.0,3.0,5737,young
0.856222382272524,13739.0,4.0,ds2,ds2_4,Jungwuchs/Dickung,Jungwuchs/Dickung_4,0.0,0.0,3.0,3.0,3.0,3.0,5738,young
0.908456426025741,13741.0,4.0,ds3,ds3_4,Stangenholz,Stangenholz_4,0.0,0.0,3.0,3.0,3.0,3.0,5739,not_young
0.661522614333426,13744.0,13.0,ds2,ds2_13,Jungwuchs/Dickung,Jungwuchs/Dickung_13,0.0,0.0,3.0,3.0,3.0,3.0,5740,young
2.126134432934487,13745.0,4.0,ds4,ds4_4,Schwaches Baumholz,Schwaches Baumholz_4,0.0,0.0,3.0,3.0,3.0,3.0,5741,not_young
1.282235879297671,13746.0,4.0,ds1,ds1_4,Jungwuchs/Dickung,Jungwuchs/Dickung_4,0.0,1.0,1.0,1.0,1.0,1.0,5742,young
2.639591972809896,13748.0,13.0,ds6,ds6_13,Starkes Baumholz,Starkes Baumholz_13,0.0,0.0,3.0,3.0,4.0,3.0,5743,not_young
0.536009256329434,13751.0,4.0,ds6,ds6_4,Starkes Baumholz,Starkes Baumholz_4,0.0,0.0,3.0,3.0,4.0,4.0,5744,not_young
0.952520107905415,13753.0,4.0,ds6,ds6_4,Starkes Baumholz,Starkes Baumholz_4,0.0,0.0,3.0,3.0,3.0,3.0,5745,not_young
0.542989466097133,13755.0,4.0,ds1,ds1_4,Jungwuchs/Dickung,Jungwuchs/Dickung_4,0.0,0.0,3.0,3.0,3.0,3.0,5746,young
0.948551028141542,13756.0,13.0,ds5,ds5_13,Mittleres Baumholz,Mittleres Baumholz_13,0.0,0.0,3.0,3.0,4.0,4.0,5747,not_young
0.869603874039324,13757.0,13.0,ds5,ds5_13,Mittleres Baumholz,Mittleres Baumholz_13,0.0,0.0,3.0,3.0,3.0,3.0,5748,not_young
3.722699616583437,13758.0,13.0,ds4,ds4_13,Schwaches Baumholz,Schwaches Baumholz_13,0.0,0.0,3.0,3.0,3.0,3.0,5749,not_young
2.074189825931424,13759.0,4.0,ds1,ds1_4,Jungwuchs/Dickung,Jungwuchs/Dickung_4,0.0,1.0,1.0,1.0,1.0,1.0,5750,young
1.799645072074235,13760.0,4.0,ds1,ds1_4,Jungwuchs/Dickung,Jungwuchs/Dickung_4,0.0,0.0,3.0,3.0,4.0,4.0,5751,young
2.099054221279523,13761.0,13.0,ds1,ds1_13,Jungwuchs/Dickung,Jungwuchs/Dickung_13,0.0,0.0,3.0,3.0,4.0,3.0,5752,young
1.638553791042487,13762.0,4.0,ds1,ds1_4,Jungwuchs/Dickung,Jungwuchs/Dickung_4,0.0,0.0,3.0,3.0,3.0,3.0,5753,young
0.832241007909831,13763.0,4.0,ds4,ds4_4,Schwaches Baumholz,Schwaches Baumholz_4,0.0,0.0,3.0,3.0,3.0,3.0,5754,not_young
3.594398192384816,13764.0,13.0,ds3,ds3_13,Stangenholz,Stangenholz_13,0.0,0.0,3.0,3.0,3.0,3.0,5755,not_young
0.948169208919472,13765.0,4.0,ds4,ds4_4,Schwaches Baumholz,Schwaches Baumholz_4,0.0,0.0,3.0,3.0,3.0,3.0,5756,not_young
1.510068184476451,13766.0,13.0,ds2,ds2_13,Jungwuchs/Dickung,Jungwuchs/Dickung_13,0.0,0.0,3.0,3.0,3.0,3.0,5757,young
0.78684843185526,13767.0,4.0,ds4,ds4_4,Schwaches Baumholz,Schwaches Baumholz_4,0.0,0.0,3.0,3.0,4.0,4.0,5758,not_young
2.11301289530512,13768.0,4.0,ds3,ds3_4,Stangenholz,Stangenholz_4,0.0,0.0,3.0,3.0,3.0,3.0,5759,not_young
2.40399098388406,13769.0,13.0,ds3,ds3_13,Stangenholz,Stangenholz_13,0.0,0.0,3.0,3.0,3.0,3.0,5760,not_young
0.882767179169745,13773.0,4.0,ds5,ds5_4,Mittleres Baumholz,Mittleres Baumholz_4,0.0,0.0,3.0,3.0,3.0,3.0,5761,not_young
2.782577944420367,13774.0,4.0,ds4,ds4_4,Schwaches Baumholz,Schwaches Baumholz_4,0.0,0.0,3.0,3.0,4.0,4.0,5762,not_young
0.80695632154285,13775.0,13.0,ds4,ds4_13,Schwaches Baumholz,Schwaches Baumholz_13,0.0,1.0,1.0,1.0,1.0,1.0,5763,not_young
1.701034805864794,13776.0,13.0,ds2,ds2_13,Jungwuchs/Dickung,Jungwuchs/Dickung_13,0.0,0.0,3.0,3.0,3.0,3.0,5764,young
2.301941524959007,13777.0,4.0,ds6,ds6_4,Starkes Baumholz,Starkes Baumholz_4,0.0,0.0,3.0,3.0,3.0,3.0,5765,not_young
1.526478477902623,13778.0,13.0,ds1,ds1_13,Jungwuchs/Dickung,Jungwuchs/Dickung_13,0.0,0.0,3.0,3.0,3.0,3.0,5766,young
2.718734830088442,13779.0,4.0,ds5,ds5_4,Mittleres Baumholz,Mittleres Baumholz_4,0.0,0.0,3.0,3.0,3.0,3.0,5767,not_young
4.709231010217182,13780.0,13.0,ds4,ds4_13,Schwaches Baumholz,Schwaches Baumholz_13,0.0,0.0,3.0,3.0,4.0,3.0,5768,not_young
5.24773839251168,13781.0,4.0,ds5,ds5_4,Mittleres Baumholz,Mittleres Baumholz_4,0.0,0.0,3.0,3.0,3.0,3.0,5769,not_young
0.746573357754201,13784.0,4.0,ds5,ds5_4,Mittleres Baumholz,Mittleres Baumholz_4,0.0,1.0,1.0,1.0,1.0,1.0,5770,not_young
0.958421870429534,13789.0,13.0,ds1,ds1_13,Jungwuchs/Dickung,Jungwuchs/Dickung_13,0.0,1.0,1.0,1.0,1.0,1.0,5771,young
1.037410966532817,13792.0,13.0,ds1,ds1_13,Jungwuchs/Dickung,Jungwuchs/Dickung_13,0.0,0.0,3.0,3.0,3.0,3.0,5772,young
0.711633007163648,13799.0,4.0,ds5,ds5_4,Mittleres Baumholz,Mittleres Baumholz_4,0.0,0.0,3.0,3.0,3.0,3.0,5773,not_young
0.56869107465446,13805.0,4.0,ds1,ds1_4,Jungwuchs/Dickung,Jungwuchs/Dickung_4,0.0,0.0,3.0,3.0,3.0,3.0,5774,young
0.648469171215868,13807.0,4.0,ds4,ds4_4,Schwaches Baumholz,Schwaches Baumholz_4,0.0,0.0,3.0,3.0,3.0,3.0,5775,not_young
1.947748836044147,13808.0,4.0,ds4,ds4_4,Schwaches Baumholz,Schwaches Baumholz_4,0.0,1.0,1.0,1.0,1.0,1.0,5776,not_young
1.105814644138899,13809.0,4.0,ds4,ds4_4,Schwaches Baumholz,Schwaches Baumholz_4,0.0,0.0,3.0,3.0,4.0,4.0,5777,not_young
0.506552354634577,13812.0,4.0,ds2,ds2_4,Jungwuchs/Dickung,Jungwuchs/Dickung_4,0.0,0.0,3.0,3.0,4.0,3.0,5778,young
0.511132120882352,13813.0,4.0,ds4,ds4_4,Schwaches Baumholz,Schwaches Baumholz_4,0.0,0.0,3.0,3.0,3.0,3.0,5779,not_young
0.612533319860883,13815.0,4.0,ds5,ds5_4,Mittleres Baumholz,Mittleres Baumholz_4,0.0,0.0,3.0,3.0,3.0,3.0,5780,not_young
1.168288429360977,13817.0,4.0,ds4,ds4_4,Schwaches Baumholz,Schwaches Baumholz_4,0.0,0.0,3.0,3.0,3.0,3.0,5781,not_young
2.084416506320331,13819.0,13.0,ds5,ds5_13,Mittleres Baumholz,Mittleres Baumholz_13,0.0,1.0,1.0,1.0,1.0,1.0,5782,not_young
0.520413464685343,13821.0,4.0,ds2,ds2_4,Jungwuchs/Dickung,Jungwuchs/Dickung_4,0.0,0.0,3.0,3.0,4.0,4.0,5783,young
0.769608984946553,13822.0,4.0,ds2,ds2_4,Jungwuchs/Dickung,Jungwuchs/Dickung_4,0.0,0.0,3.0,3.0,4.0,3.0,5784,young
1.531501058090129,13824.0,4.0,ds5,ds5_4,Mittleres Baumholz,Mittleres Baumholz_4,0.0,0.0,3.0,3.0,4.0,3.0,5785,not_young
0.539222902141232,13826.0,4.0,ds5,ds5_4,Mittleres Baumholz,Mittleres Baumholz_4,0.0,1.0,1.0,1.0,1.0,1.0,5786,not_young
0.692915421601944,13828.0,13.0,ds1,ds1_13,Jungwuchs/Dickung,Jungwuchs/Dickung_13,0.0,1.0,1.0,1.0,1.0,1.0,5787,young
2.464553546804562,13829.0,13.0,ds1,ds1_13,Jungwuchs/Dickung,Jungwuchs/Dickung_13,0.0,0.0,3.0,3.0,4.0,3.0,5788,young
1.080118019711459,13830.0,4.0,ds3,ds3_4,Stangenholz,Stangenholz_4,0.0,0.0,3.0,3.0,4.0,3.0,5789,not_young
0.849858996470668,13832.0,4.0,ds4,ds4_4,Schwaches Baumholz,Schwaches Baumholz_4,0.0,0.0,3.0,3.0,3.0,3.0,5790,not_young
1.314328699501418,13834.0,4.0,ds4,ds4_4,Schwaches Baumholz,Schwaches Baumholz_4,0.0,0.0,3.0,3.0,3.0,3.0,5791,not_young
1.493061765333009,13838.0,4.0,ds6,ds6_4,Starkes Baumholz,Starkes Baumholz_4,0.0,0.0,3.0,3.0,3.0,3.0,5792,not_young
0.646763499479461,13840.0,13.0,ds1,ds1_13,Jungwuchs/Dickung,Jungwuchs/Dickung_13,0.0,0.0,3.0,3.0,4.0,4.0,5793,young
4.150792697576901,13842.0,13.0,ds5,ds5_13,Mittleres Baumholz,Mittleres Baumholz_13,0.0,1.0,1.0,1.0,1.0,1.0,5794,not_young
2.057999194018357,13844.0,4.0,ds4,ds4_4,Schwaches Baumholz,Schwaches Baumholz_4,0.0,0.0,3.0,3.0,4.0,3.0,5795,not_young
1.594095007528155,13845.0,13.0,ds5,ds5_13,Mittleres Baumholz,Mittleres Baumholz_13,0.0,1.0,1.0,1.0,1.0,1.0,5796,not_young
3.535392500029493,13846.0,4.0,ds1,ds1_4,Jungwuchs/Dickung,Jungwuchs/Dickung_4,0.0,0.0,3.0,3.0,4.0,3.0,5797,young
2.714100532286463,13847.0,4.0,ds4,ds4_4,Schwaches Baumholz,Schwaches Baumholz_4,0.0,0.0,3.0,3.0,3.0,3.0,5798,not_young
0.915946106597199,13849.0,4.0,ds5,ds5_4,Mittleres Baumholz,Mittleres Baumholz_4,0.0,0.0,3.0,3.0,3.0,3.0,5799,not_young
4.430346392084973,13850.0,4.0,ds5,ds5_4,Mittleres Baumholz,Mittleres Baumholz_4,0.0,0.0,3.0,3.0,3.0,3.0,5800,not_young
1.234747337841982,13852.0,4.0,ds1,ds1_4,Jungwuchs/Dickung,Jungwuchs/Dickung_4,0.0,0.0,3.0,3.0,3.0,3.0,5801,young
0.568653587737121,13853.0,13.0,ds2,ds2_13,Jungwuchs/Dickung,Jungwuchs/Dickung_13,0.0,0.0,3.0,3.0,3.0,3.0,5802,young
0.79572986308157,13854.0,4.0,ds3,ds3_4,Stangenholz,Stangenholz_4,0.0,0.0,3.0,3.0,3.0,3.0,5803,not_young
1.717786597392685,13855.0,4.0,ds4,ds4_4,Schwaches Baumholz,Schwaches Baumholz_4,0.0,1.0,1.0,1.0,1.0,1.0,5804,not_young
1.272593918615715,13856.0,4.0,ds4,ds4_4,Schwaches Baumholz,Schwaches Baumholz_4,0.0,0.0,3.0,3.0,3.0,3.0,5805,not_young
1.973398992479942,13857.0,4.0,ds5,ds5_4,Mittleres Baumholz,Mittleres Baumholz_4,0.0,0.0,3.0,3.0,3.0,3.0,5806,not_young
1.866686183945375,13858.0,4.0,ds5,ds5_4,Mittleres Baumholz,Mittleres Baumholz_4,0.0,0.0,3.0,3.0,3.0,3.0,5807,not_young
1.62472139065261,13859.0,4.0,ds4,ds4_4,Schwaches Baumholz,Schwaches Baumholz_4,0.0,1.0,1.0,1.0,1.0,1.0,5808,not_young
0.930101874306667,13862.0,4.0,ds4,ds4_4,Schwaches Baumholz,Schwaches Baumholz_4,0.0,0.0,3.0,3.0,3.0,3.0,5809,not_young
1.401602973207881,13864.0,4.0,ds4,ds4_4,Schwaches Baumholz,Schwaches Baumholz_4,0.0,1.0,1.0,1.0,1.0,1.0,5810,not_young
3.085290457065366,13865.0,4.0,ds4,ds4_4,Schwaches Baumholz,Schwaches Baumholz_4,0.0,0.0,3.0,3.0,4.0,3.0,5811,not_young
0.764672984470986,13869.0,4.0,ds4,ds4_4,Schwaches Baumholz,Schwaches Baumholz_4,0.0,0.0,3.0,3.0,4.0,3.0,5812,not_young
0.729242934150621,13873.0,4.0,ds4,ds4_4,Schwaches Baumholz,Schwaches Baumholz_4,0.0,0.0,3.0,3.0,4.0,3.0,5813,not_young
0.772622897242289,13874.0,4.0,ds3,ds3_4,Stangenholz,Stangenholz_4,0.0,0.0,3.0,3.0,4.0,3.0,5814,not_young
0.731812640751468,13877.0,4.0,ds6,ds6_4,Starkes Baumholz,Starkes Baumholz_4,0.0,0.0,3.0,1.0,3.0,3.0,5815,not_young
0.577035652940045,13889.0,4.0,ds2,ds2_4,Jungwuchs/Dickung,Jungwuchs/Dickung_4,0.0,0.0,3.0,3.0,4.0,3.0,5816,young
0.522131783368904,13897.0,4.0,ds4,ds4_4,Schwaches Baumholz,Schwaches Baumholz_4,0.0,0.0,3.0,3.0,4.0,3.0,5817,not_young
0.660481211388001,13902.0,4.0,ds3,ds3_4,Stangenholz,Stangenholz_4,0.0,0.0,3.0,3.0,3.0,3.0,5818,not_young
0.516627044038102,13905.0,4.0,ds6,ds6_4,Starkes Baumholz,Starkes Baumholz_4,0.0,0.0,3.0,3.0,4.0,4.0,5819,not_young
0.578955437974194,13907.0,4.0,ds5,ds5_4,Mittleres Baumholz,Mittleres Baumholz_4,0.0,0.0,3.0,3.0,3.0,3.0,5820,not_young
0.516487529952498,13908.0,4.0,ds2,ds2_4,Jungwuchs/Dickung,Jungwuchs/Dickung_4,0.0,0.0,3.0,3.0,3.0,3.0,5821,young
0.536383144114725,13915.0,4.0,ds2,ds2_4,Jungwuchs/Dickung,Jungwuchs/Dickung_4,0.0,0.0,3.0,3.0,4.0,3.0,5822,young
1.19123222323535,13917.0,4.0,ds4,ds4_4,Schwaches Baumholz,Schwaches Baumholz_4,0.0,0.0,3.0,3.0,3.0,3.0,5823,not_young
0.909300207267748,13918.0,4.0,ds6,ds6_4,Starkes Baumholz,Starkes Baumholz_4,0.0,0.0,3.0,3.0,3.0,3.0,5824,not_young
0.585887017101795,13919.0,4.0,ds5,ds5_4,Mittleres Baumholz,Mittleres Baumholz_4,0.0,0.0,3.0,3.0,3.0,3.0,5825,not_young
0.65530486705848,13921.0,4.0,ds4,ds4_4,Schwaches Baumholz,Schwaches Baumholz_4,0.0,0.0,3.0,3.0,4.0,3.0,5826,not_young
0.604286608057664,13929.0,4.0,ds5,ds5_4,Mittleres Baumholz,Mittleres Baumholz_4,0.0,0.0,3.0,3.0,3.0,3.0,5827,not_young
0.672341585015645,13931.0,4.0,ds2,ds2_4,Jungwuchs/Dickung,Jungwuchs/Dickung_4,0.0,0.0,3.0,3.0,3.0,3.0,5828,young
0.60869852658743,13932.0,13.0,ds5,ds5_13,Mittleres Baumholz,Mittleres Baumholz_13,0.0,0.0,3.0,3.0,4.0,3.0,5829,not_young
0.568613723290066,13933.0,4.0,ds1,ds1_4,Jungwuchs/Dickung,Jungwuchs/Dickung_4,0.0,0.0,3.0,3.0,3.0,3.0,5830,young
0.698530553699844,13935.0,4.0,ds3,ds3_4,Stangenholz,Stangenholz_4,0.0,0.0,3.0,3.0,3.0,3.0,5831,not_young
1.155110476625338,13939.0,4.0,ds3,ds3_4,Stangenholz,Stangenholz_4,0.0,0.0,3.0,3.0,3.0,3.0,5832,not_young
0.965073644333647,13941.0,4.0,ds3,ds3_4,Stangenholz,Stangenholz_4,0.0,0.0,3.0,3.0,4.0,3.0,5833,not_young
0.793578398806229,13942.0,4.0,ds5,ds5_4,Mittleres Baumholz,Mittleres Baumholz_4,0.0,0.0,3.0,3.0,4.0,4.0,5834,not_young
0.553682487524278,13944.0,4.0,ds3,ds3_4,Stangenholz,Stangenholz_4,0.0,0.0,3.0,3.0,4.0,3.0,5835,not_young
0.54884565380062,13945.0,4.0,ds4,ds4_4,Schwaches Baumholz,Schwaches Baumholz_4,0.0,0.0,3.0,3.0,3.0,3.0,5836,not_young
0.679740858458669,13946.0,4.0,ds2,ds2_4,Jungwuchs/Dickung,Jungwuchs/Dickung_4,0.0,0.0,3.0,3.0,3.0,3.0,5837,young
0.775199147044202,13949.0,4.0,ds4,ds4_4,Schwaches Baumholz,Schwaches Baumholz_4,0.0,0.0,3.0,3.0,4.0,3.0,5838,not_young
2.005777381415712,13952.0,4.0,ds5,ds5_4,Mittleres Baumholz,Mittleres Baumholz_4,0.0,0.0,3.0,3.0,4.0,3.0,5839,not_young
0.57854942101324,13954.0,4.0,ds3,ds3_4,Stangenholz,Stangenholz_4,0.0,0.0,3.0,3.0,3.0,3.0,5840,not_young
0.592057892488339,13958.0,4.0,ds2,ds2_4,Jungwuchs/Dickung,Jungwuchs/Dickung_4,0.0,0.0,3.0,3.0,3.0,3.0,5841,young
0.558830506548146,13960.0,4.0,ds1,ds1_4,Jungwuchs/Dickung,Jungwuchs/Dickung_4,0.0,0.0,3.0,3.0,3.0,3.0,5842,young
0.54729098741347,13966.0,4.0,ds3,ds3_4,Stangenholz,Stangenholz_4,0.0,0.0,3.0,3.0,3.0,3.0,5843,not_young
2.852919800650375,13967.0,4.0,ds6,ds6_4,Starkes Baumholz,Starkes Baumholz_4,0.0,0.0,3.0,3.0,3.0,3.0,5844,not_young
1.532139895689828,13978.0,4.0,ds3,ds3_4,Stangenholz,Stangenholz_4,0.0,0.0,3.0,1.0,3.0,3.0,5845,not_young
0.514078319745651,13979.0,4.0,ds2,ds2_4,Jungwuchs/Dickung,Jungwuchs/Dickung_4,0.0,0.0,3.0,3.0,3.0,3.0,5846,young
0.726818054768629,13980.0,4.0,ds3,ds3_4,Stangenholz,Stangenholz_4,0.0,0.0,3.0,3.0,3.0,3.0,5847,not_young
0.553386457913148,13981.0,4.0,ds6,ds6_4,Starkes Baumholz,Starkes Baumholz_4,0.0,0.0,3.0,3.0,4.0,4.0,5848,not_young
1.08126541417377,13983.0,4.0,ds6,ds6_4,Starkes Baumholz,Starkes Baumholz_4,0.0,0.0,3.0,3.0,3.0,3.0,5849,not_young
0.878002867352567,13984.0,4.0,ds5,ds5_4,Mittleres Baumholz,Mittleres Baumholz_4,0.0,0.0,3.0,3.0,3.0,3.0,5850,not_young
0.803138705286873,13985.0,4.0,ds5,ds5_4,Mittleres Baumholz,Mittleres Baumholz_4,0.0,0.0,3.0,3.0,3.0,3.0,5851,not_young
0.802560515843151,13986.0,4.0,ds5,ds5_4,Mittleres Baumholz,Mittleres Baumholz_4,0.0,0.0,3.0,3.0,3.0,3.0,5852,not_young
1.453283094722149,13987.0,4.0,ds4,ds4_4,Schwaches Baumholz,Schwaches Baumholz_4,0.0,0.0,3.0,3.0,4.0,3.0,5853,not_young
0.724803218149766,13988.0,4.0,ds2,ds2_4,Jungwuchs/Dickung,Jungwuchs/Dickung_4,0.0,0.0,3.0,3.0,4.0,3.0,5854,young
1.451254559242848,13989.0,4.0,ds3,ds3_4,Stangenholz,Stangenholz_4,0.0,0.0,3.0,3.0,3.0,3.0,5855,not_young
0.931387645821983,13990.0,4.0,ds1,ds1_4,Jungwuchs/Dickung,Jungwuchs/Dickung_4,0.0,0.0,3.0,3.0,3.0,3.0,5856,young
0.716895925274165,13991.0,4.0,ds3,ds3_4,Stangenholz,Stangenholz_4,0.0,0.0,3.0,3.0,3.0,3.0,5857,not_young
0.911744684183056,13992.0,4.0,ds4,ds4_4,Schwaches Baumholz,Schwaches Baumholz_4,0.0,0.0,3.0,3.0,4.0,4.0,5858,not_young
0.665464934890997,13993.0,4.0,ds3,ds3_4,Stangenholz,Stangenholz_4,0.0,0.0,3.0,3.0,3.0,3.0,5859,not_young
0.687615951366886,13997.0,4.0,ds5,ds5_4,Mittleres Baumholz,Mittleres Baumholz_4,0.0,1.0,1.0,1.0,1.0,1.0,5860,not_young
0.845286370657035,14008.0,4.0,ds3,ds3_4,Stangenholz,Stangenholz_4,0.0,1.0,1.0,1.0,1.0,1.0,5861,not_young
1.109258624855801,14016.0,4.0,ds1,ds1_4,Jungwuchs/Dickung,Jungwuchs/Dickung_4,0.0,0.0,3.0,3.0,4.0,3.0,5862,young
0.683320603633882,14019.0,13.0,ds3,ds3_13,Stangenholz,Stangenholz_13,0.0,0.0,3.0,3.0,3.0,3.0,5863,not_young
0.669556435503764,14025.0,4.0,ds5,ds5_4,Mittleres Baumholz,Mittleres Baumholz_4,0.0,0.0,3.0,3.0,4.0,4.0,5864,not_young
0.639497422321886,14028.0,4.0,ds2,ds2_4,Jungwuchs/Dickung,Jungwuchs/Dickung_4,0.0,0.0,3.0,3.0,3.0,3.0,5865,young
1.108304615577636,14029.0,13.0,ds1,ds1_13,Jungwuchs/Dickung,Jungwuchs/Dickung_13,0.0,0.0,3.0,3.0,4.0,3.0,5866,young
0.632891737075336,14031.0,13.0,ds1,ds1_13,Jungwuchs/Dickung,Jungwuchs/Dickung_13,0.0,0.0,3.0,3.0,3.0,3.0,5867,young
0.705746701988857,14032.0,4.0,ds1,ds1_4,Jungwuchs/Dickung,Jungwuchs/Dickung_4,0.0,0.0,3.0,3.0,4.0,3.0,5868,young
0.698990198328067,14034.0,4.0,ds6,ds6_4,Starkes Baumholz,Starkes Baumholz_4,0.0,0.0,3.0,3.0,3.0,3.0,5869,not_young
1.003116417069361,14036.0,13.0,ds4,ds4_13,Schwaches Baumholz,Schwaches Baumholz_13,0.0,0.0,3.0,3.0,3.0,3.0,5870,not_young
1.14621657438837,14050.0,4.0,ds1,ds1_4,Jungwuchs/Dickung,Jungwuchs/Dickung_4,0.0,1.0,1.0,1.0,1.0,1.0,5871,young
0.669767922352144,14052.0,13.0,ds1,ds1_13,Jungwuchs/Dickung,Jungwuchs/Dickung_13,0.0,0.0,3.0,3.0,4.0,4.0,5872,young
1.27742588907904,14062.0,4.0,ds1,ds1_4,Jungwuchs/Dickung,Jungwuchs/Dickung_4,0.0,0.0,3.0,3.0,3.0,3.0,5873,young
0.635563845567231,14063.0,4.0,ds5,ds5_4,Mittleres Baumholz,Mittleres Baumholz_4,0.0,0.0,3.0,3.0,3.0,3.0,5874,not_young
2.825177564764765,14065.0,4.0,ds4,ds4_4,Schwaches Baumholz,Schwaches Baumholz_4,0.0,1.0,1.0,1.0,1.0,1.0,5875,not_young
0.547986823533149,14067.0,4.0,ds1,ds1_4,Jungwuchs/Dickung,Jungwuchs/Dickung_4,0.0,0.0,3.0,3.0,4.0,3.0,5876,young
1.329160039393883,14068.0,4.0,ds5,ds5_4,Mittleres Baumholz,Mittleres Baumholz_4,0.0,0.0,3.0,3.0,4.0,3.0,5877,not_young
0.873245577336848,14070.0,4.0,ds4,ds4_4,Schwaches Baumholz,Schwaches Baumholz_4,0.0,0.0,3.0,3.0,4.0,4.0,5878,not_young
0.859721223545913,14075.0,13.0,ds1,ds1_13,Jungwuchs/Dickung,Jungwuchs/Dickung_13,0.0,0.0,3.0,3.0,3.0,3.0,5879,young
0.812910911347019,14077.0,4.0,ds4,ds4_4,Schwaches Baumholz,Schwaches Baumholz_4,0.0,0.0,3.0,3.0,3.0,3.0,5880,not_young
0.965050018136436,14079.0,4.0,ds1,ds1_4,Jungwuchs/Dickung,Jungwuchs/Dickung_4,0.0,0.0,3.0,3.0,4.0,3.0,5881,young
0.50470454662246,14080.0,13.0,ds1,ds1_13,Jungwuchs/Dickung,Jungwuchs/Dickung_13,0.0,0.0,3.0,3.0,3.0,3.0,5882,young
1.446893400823639,14082.0,4.0,ds5,ds5_4,Mittleres Baumholz,Mittleres Baumholz_4,0.0,0.0,3.0,3.0,4.0,3.0,5883,not_young
0.873620985280862,14083.0,4.0,ds2,ds2_4,Jungwuchs/Dickung,Jungwuchs/Dickung_4,0.0,0.0,3.0,3.0,3.0,3.0,5884,young
0.958558822842408,14087.0,4.0,ds1,ds1_4,Jungwuchs/Dickung,Jungwuchs/Dickung_4,0.0,1.0,1.0,1.0,1.0,1.0,5885,young
0.791155697823491,14094.0,4.0,ds4,ds4_4,Schwaches Baumholz,Schwaches Baumholz_4,0.0,0.0,3.0,3.0,4.0,4.0,5886,not_young
0.624255587716959,14098.0,4.0,ds6,ds6_4,Starkes Baumholz,Starkes Baumholz_4,0.0,0.0,3.0,3.0,4.0,4.0,5887,not_young
0.879431127264164,14100.0,4.0,ds6,ds6_4,Starkes Baumholz,Starkes Baumholz_4,0.0,0.0,3.0,3.0,3.0,3.0,5888,not_young
0.975638805404332,14101.0,4.0,ds1,ds1_4,Jungwuchs/Dickung,Jungwuchs/Dickung_4,0.0,0.0,3.0,3.0,3.0,3.0,5889,young
0.914881389677152,14102.0,4.0,ds5,ds5_4,Mittleres Baumholz,Mittleres Baumholz_4,0.0,0.0,3.0,3.0,3.0,3.0,5890,not_young
0.538469875719585,14105.0,13.0,ds6,ds6_13,Starkes Baumholz,Starkes Baumholz_13,0.0,1.0,1.0,1.0,1.0,1.0,5891,not_young
1.076781207978679,14109.0,4.0,ds3,ds3_4,Stangenholz,Stangenholz_4,0.0,0.0,3.0,3.0,3.0,3.0,5892,not_young
1.258768286929959,14110.0,4.0,ds6,ds6_4,Starkes Baumholz,Starkes Baumholz_4,0.0,0.0,3.0,3.0,4.0,3.0,5893,not_young
0.820259347203607,14111.0,4.0,ds3,ds3_4,Stangenholz,Stangenholz_4,0.0,0.0,3.0,3.0,4.0,3.0,5894,not_young
0.561960620041192,14119.0,13.0,ds4,ds4_13,Schwaches Baumholz,Schwaches Baumholz_13,0.0,0.0,3.0,3.0,3.0,3.0,5895,not_young
2.160539748849161,14123.0,4.0,ds3,ds3_4,Stangenholz,Stangenholz_4,0.0,0.0,3.0,3.0,3.0,3.0,5896,not_young
1.11769593239727,14125.0,4.0,ds1,ds1_4,Jungwuchs/Dickung,Jungwuchs/Dickung_4,0.0,1.0,1.0,1.0,1.0,1.0,5897,young
0.858104548566893,14129.0,4.0,ds6,ds6_4,Starkes Baumholz,Starkes Baumholz_4,0.0,0.0,3.0,3.0,3.0,3.0,5898,not_young
1.238229720157122,14130.0,4.0,ds1,ds1_4,Jungwuchs/Dickung,Jungwuchs/Dickung_4,0.0,1.0,1.0,1.0,1.0,1.0,5899,young
0.546223087198474,14132.0,4.0,ds1,ds1_4,Jungwuchs/Dickung,Jungwuchs/Dickung_4,0.0,0.0,3.0,3.0,3.0,3.0,5900,young
0.534612064323184,14135.0,4.0,ds4,ds4_4,Schwaches Baumholz,Schwaches Baumholz_4,0.0,0.0,3.0,3.0,3.0,3.0,5901,not_young
0.553547066229821,14136.0,4.0,ds5,ds5_4,Mittleres Baumholz,Mittleres Baumholz_4,0.0,0.0,3.0,3.0,3.0,3.0,5902,not_young
1.403166186538618,14137.0,13.0,ds1,ds1_13,Jungwuchs/Dickung,Jungwuchs/Dickung_13,0.0,0.0,3.0,3.0,3.0,3.0,5903,young
0.747524449838791,14141.0,13.0,ds5,ds5_13,Mittleres Baumholz,Mittleres Baumholz_13,0.0,0.0,3.0,3.0,3.0,3.0,5904,not_young
0.956038721578079,14142.0,13.0,ds1,ds1_13,Jungwuchs/Dickung,Jungwuchs/Dickung_13,0.0,0.0,3.0,3.0,3.0,3.0,5905,young
0.70685096611944,14143.0,4.0,ds2,ds2_4,Jungwuchs/Dickung,Jungwuchs/Dickung_4,0.0,0.0,3.0,3.0,3.0,3.0,5906,young
0.770788907516748,14147.0,13.0,ds5,ds5_13,Mittleres Baumholz,Mittleres Baumholz_13,0.0,0.0,3.0,3.0,3.0,3.0,5907,not_young
0.608830507024936,14148.0,4.0,ds3,ds3_4,Stangenholz,Stangenholz_4,0.0,1.0,1.0,1.0,1.0,1.0,5908,not_young
0.589807235363196,14152.0,4.0,ds4,ds4_4,Schwaches Baumholz,Schwaches Baumholz_4,0.0,0.0,3.0,3.0,3.0,3.0,5909,not_young
1.101756132957642,14157.0,4.0,ds1,ds1_4,Jungwuchs/Dickung,Jungwuchs/Dickung_4,0.0,0.0,3.0,3.0,3.0,3.0,5910,young
0.852224190060049,14159.0,4.0,ds6,ds6_4,Starkes Baumholz,Starkes Baumholz_4,0.0,0.0,3.0,3.0,3.0,3.0,5911,not_young
0.644874655062612,14162.0,4.0,ds4,ds4_4,Schwaches Baumholz,Schwaches Baumholz_4,0.0,0.0,3.0,3.0,3.0,3.0,5912,not_young
0.790876437166659,14168.0,4.0,ds3,ds3_4,Stangenholz,Stangenholz_4,0.0,0.0,3.0,3.0,3.0,3.0,5913,not_young
0.659138913134026,14171.0,4.0,ds5,ds5_4,Mittleres Baumholz,Mittleres Baumholz_4,0.0,0.0,3.0,3.0,3.0,3.0,5914,not_young
1.755970729065943,14172.0,13.0,ds2,ds2_13,Jungwuchs/Dickung,Jungwuchs/Dickung_13,0.0,0.0,3.0,3.0,3.0,3.0,5915,young
2.546146067572711,14174.0,4.0,ds1,ds1_4,Jungwuchs/Dickung,Jungwuchs/Dickung_4,0.0,0.0,3.0,3.0,3.0,3.0,5916,young
0.633593553072906,14175.0,4.0,ds5,ds5_4,Mittleres Baumholz,Mittleres Baumholz_4,0.0,0.0,3.0,3.0,3.0,3.0,5917,not_young
0.969048237364367,14177.0,4.0,ds4,ds4_4,Schwaches Baumholz,Schwaches Baumholz_4,0.0,1.0,1.0,1.0,1.0,1.0,5918,not_young
0.507585656061955,14178.0,13.0,ds2,ds2_13,Jungwuchs/Dickung,Jungwuchs/Dickung_13,0.0,0.0,3.0,3.0,3.0,3.0,5919,young
1.136956032861024,14179.0,13.0,ds6,ds6_13,Starkes Baumholz,Starkes Baumholz_13,0.0,1.0,1.0,1.0,1.0,1.0,5920,not_young
0.65592668589619,14180.0,4.0,ds4,ds4_4,Schwaches Baumholz,Schwaches Baumholz_4,0.0,0.0,3.0,3.0,4.0,3.0,5921,not_young
1.482580459956406,14183.0,13.0,ds5,ds5_13,Mittleres Baumholz,Mittleres Baumholz_13,0.0,0.0,3.0,3.0,3.0,3.0,5922,not_young
0.668465360143519,14184.0,13.0,ds1,ds1_13,Jungwuchs/Dickung,Jungwuchs/Dickung_13,0.0,0.0,3.0,3.0,3.0,3.0,5923,young
0.895610339360591,14185.0,13.0,ds5,ds5_13,Mittleres Baumholz,Mittleres Baumholz_13,0.0,1.0,1.0,1.0,1.0,1.0,5924,not_young
1.698868839856703,14186.0,4.0,ds3,ds3_4,Stangenholz,Stangenholz_4,0.0,0.0,3.0,3.0,3.0,3.0,5925,not_young
1.785295077864407,14187.0,13.0,ds3,ds3_13,Stangenholz,Stangenholz_13,0.0,0.0,3.0,3.0,4.0,4.0,5926,not_young
0.976872627059557,14190.0,13.0,ds5,ds5_13,Mittleres Baumholz,Mittleres Baumholz_13,0.0,0.0,3.0,3.0,3.0,3.0,5927,not_young
0.763994126276509,14192.0,4.0,ds3,ds3_4,Stangenholz,Stangenholz_4,0.0,0.0,3.0,3.0,3.0,3.0,5928,not_young
0.873305214715097,14193.0,13.0,ds6,ds6_13,Starkes Baumholz,Starkes Baumholz_13,0.0,0.0,3.0,3.0,4.0,3.0,5929,not_young
0.636718078778894,14194.0,13.0,ds6,ds6_13,Starkes Baumholz,Starkes Baumholz_13,0.0,0.0,3.0,3.0,4.0,3.0,5930,not_young
3.66972776967719,14196.0,13.0,ds5,ds5_13,Mittleres Baumholz,Mittleres Baumholz_13,0.0,0.0,3.0,3.0,3.0,3.0,5931,not_young
0.768477098329738,14198.0,4.0,ds4,ds4_4,Schwaches Baumholz,Schwaches Baumholz_4,0.0,0.0,3.0,3.0,4.0,4.0,5932,not_young
0.632012462521438,14199.0,4.0,ds4,ds4_4,Schwaches Baumholz,Schwaches Baumholz_4,0.0,0.0,3.0,3.0,3.0,3.0,5933,not_young
0.584761629133858,14200.0,13.0,ds6,ds6_13,Starkes Baumholz,Starkes Baumholz_13,0.0,0.0,3.0,3.0,3.0,3.0,5934,not_young
1.682420954141603,14201.0,4.0,ds4,ds4_4,Schwaches Baumholz,Schwaches Baumholz_4,0.0,1.0,1.0,1.0,1.0,1.0,5935,not_young
0.806615758696402,14204.0,4.0,ds3,ds3_4,Stangenholz,Stangenholz_4,0.0,0.0,3.0,3.0,3.0,3.0,5936,not_young
0.827819608030934,14205.0,4.0,ds3,ds3_4,Stangenholz,Stangenholz_4,0.0,0.0,3.0,3.0,3.0,3.0,5937,not_young
2.467516943725012,14206.0,13.0,ds4,ds4_13,Schwaches Baumholz,Schwaches Baumholz_13,0.0,0.0,3.0,3.0,3.0,3.0,5938,not_young
0.612781138081057,14207.0,13.0,ds4,ds4_13,Schwaches Baumholz,Schwaches Baumholz_13,0.0,0.0,3.0,3.0,3.0,3.0,5939,not_young
1.37662375471082,14208.0,4.0,ds5,ds5_4,Mittleres Baumholz,Mittleres Baumholz_4,0.0,0.0,3.0,3.0,3.0,3.0,5940,not_young
0.906159783766931,14210.0,4.0,ds3,ds3_4,Stangenholz,Stangenholz_4,0.0,1.0,1.0,1.0,1.0,1.0,5941,not_young
0.507814138344908,14213.0,4.0,ds4,ds4_4,Schwaches Baumholz,Schwaches Baumholz_4,0.0,0.0,3.0,3.0,3.0,3.0,5942,not_young
0.50457550584455,14214.0,13.0,ds1,ds1_13,Jungwuchs/Dickung,Jungwuchs/Dickung_13,0.0,0.0,3.0,3.0,3.0,3.0,5943,young
2.143457589415764,14219.0,13.0,ds4,ds4_13,Schwaches Baumholz,Schwaches Baumholz_13,0.0,0.0,3.0,3.0,3.0,3.0,5944,not_young
3.691527091571968,14224.0,4.0,ds4,ds4_4,Schwaches Baumholz,Schwaches Baumholz_4,0.0,1.0,1.0,1.0,1.0,1.0,5945,not_young
1.52479888142799,14225.0,4.0,ds2,ds2_4,Jungwuchs/Dickung,Jungwuchs/Dickung_4,0.0,0.0,3.0,3.0,3.0,3.0,5946,young
1.343070750391088,14226.0,4.0,ds4,ds4_4,Schwaches Baumholz,Schwaches Baumholz_4,0.0,0.0,3.0,3.0,3.0,3.0,5947,not_young
0.525078614231432,14227.0,4.0,ds2,ds2_4,Jungwuchs/Dickung,Jungwuchs/Dickung_4,0.0,0.0,3.0,3.0,3.0,3.0,5948,young
0.657555595954671,14229.0,13.0,ds6,ds6_13,Starkes Baumholz,Starkes Baumholz_13,0.0,1.0,1.0,1.0,1.0,1.0,5949,not_young
0.584151616801356,14232.0,4.0,ds6,ds6_4,Starkes Baumholz,Starkes Baumholz_4,0.0,0.0,3.0,3.0,3.0,3.0,5950,not_young
0.983093533687224,14233.0,13.0,ds5,ds5_13,Mittleres Baumholz,Mittleres Baumholz_13,0.0,0.0,3.0,3.0,4.0,3.0,5951,not_young
2.505441854865192,14234.0,13.0,ds6,ds6_13,Starkes Baumholz,Starkes Baumholz_13,0.0,1.0,1.0,1.0,1.0,1.0,5952,not_young
2.880699920885524,14237.0,4.0,ds1,ds1_4,Jungwuchs/Dickung,Jungwuchs/Dickung_4,0.0,0.0,3.0,3.0,3.0,3.0,5953,young
0.993843042011344,14240.0,4.0,ds5,ds5_4,Mittleres Baumholz,Mittleres Baumholz_4,0.0,0.0,3.0,3.0,4.0,4.0,5954,not_young
1.841645849527419,14241.0,4.0,ds3,ds3_4,Stangenholz,Stangenholz_4,0.0,0.0,3.0,3.0,4.0,3.0,5955,not_young
0.583410377205443,14242.0,4.0,ds4,ds4_4,Schwaches Baumholz,Schwaches Baumholz_4,0.0,0.0,3.0,3.0,3.0,3.0,5956,not_young
1.312588478441537,14243.0,13.0,ds1,ds1_13,Jungwuchs/Dickung,Jungwuchs/Dickung_13,0.0,0.0,3.0,3.0,3.0,3.0,5957,young
4.041499901558647,14244.0,4.0,ds2,ds2_4,Jungwuchs/Dickung,Jungwuchs/Dickung_4,0.0,0.0,3.0,3.0,3.0,3.0,5958,young
2.420408817374963,14245.0,13.0,ds4,ds4_13,Schwaches Baumholz,Schwaches Baumholz_13,0.0,0.0,3.0,3.0,3.0,3.0,5959,not_young
0.896395759414998,14246.0,13.0,ds3,ds3_13,Stangenholz,Stangenholz_13,0.0,0.0,3.0,3.0,3.0,3.0,5960,not_young
0.544489810378687,14247.0,4.0,ds5,ds5_4,Mittleres Baumholz,Mittleres Baumholz_4,0.0,0.0,3.0,3.0,4.0,3.0,5961,not_young
1.427148166076903,14248.0,13.0,ds3,ds3_13,Stangenholz,Stangenholz_13,0.0,0.0,3.0,3.0,3.0,3.0,5962,not_young
0.724207064805902,14249.0,4.0,ds4,ds4_4,Schwaches Baumholz,Schwaches Baumholz_4,0.0,0.0,3.0,3.0,3.0,3.0,5963,not_young
0.603514043913595,14250.0,13.0,ds5,ds5_13,Mittleres Baumholz,Mittleres Baumholz_13,0.0,0.0,3.0,3.0,3.0,3.0,5964,not_young
3.508923482130887,14251.0,13.0,ds6,ds6_13,Starkes Baumholz,Starkes Baumholz_13,0.0,0.0,3.0,3.0,3.0,3.0,5965,not_young
1.6867041871442,14252.0,4.0,ds4,ds4_4,Schwaches Baumholz,Schwaches Baumholz_4,0.0,0.0,3.0,3.0,4.0,3.0,5966,not_young
0.744312871442112,14253.0,4.0,ds6,ds6_4,Starkes Baumholz,Starkes Baumholz_4,0.0,0.0,3.0,3.0,3.0,3.0,5967,not_young
1.26869687278354,14255.0,13.0,ds5,ds5_13,Mittleres Baumholz,Mittleres Baumholz_13,0.0,0.0,3.0,3.0,3.0,3.0,5968,not_young
1.325135708628455,14257.0,13.0,ds5,ds5_13,Mittleres Baumholz,Mittleres Baumholz_13,0.0,0.0,3.0,3.0,4.0,4.0,5969,not_young
1.156837490169029,14258.0,4.0,ds5,ds5_4,Mittleres Baumholz,Mittleres Baumholz_4,0.0,1.0,1.0,1.0,1.0,1.0,5970,not_young
0.979818259797433,14259.0,4.0,ds1,ds1_4,Jungwuchs/Dickung,Jungwuchs/Dickung_4,0.0,0.0,3.0,3.0,4.0,4.0,5971,young
2.517646442062408,14261.0,13.0,ds6,ds6_13,Starkes Baumholz,Starkes Baumholz_13,0.0,0.0,3.0,3.0,3.0,3.0,5972,not_young
1.036966249090114,14262.0,4.0,ds3,ds3_4,Stangenholz,Stangenholz_4,0.0,1.0,1.0,1.0,1.0,1.0,5973,not_young
1.855054737730976,14263.0,4.0,ds5,ds5_4,Mittleres Baumholz,Mittleres Baumholz_4,0.0,0.0,3.0,3.0,4.0,4.0,5974,not_young
0.706571207735152,14264.0,13.0,ds4,ds4_13,Schwaches Baumholz,Schwaches Baumholz_13,0.0,0.0,3.0,3.0,3.0,3.0,5975,not_young
0.65579601040975,14265.0,4.0,ds1,ds1_4,Jungwuchs/Dickung,Jungwuchs/Dickung_4,0.0,1.0,1.0,1.0,1.0,1.0,5976,young
1.048352658149251,14266.0,13.0,ds1,ds1_13,Jungwuchs/Dickung,Jungwuchs/Dickung_13,0.0,0.0,3.0,3.0,4.0,3.0,5977,young
0.579042067159107,14268.0,13.0,ds6,ds6_13,Starkes Baumholz,Starkes Baumholz_13,0.0,0.0,3.0,3.0,3.0,3.0,5978,not_young
3.423768929331564,14269.0,4.0,ds2,ds2_4,Jungwuchs/Dickung,Jungwuchs/Dickung_4,0.0,0.0,3.0,3.0,3.0,3.0,5979,young
0.535240863677242,14271.0,13.0,ds5,ds5_13,Mittleres Baumholz,Mittleres Baumholz_13,0.0,0.0,3.0,3.0,4.0,4.0,5980,not_young
5.835997677696214,14272.0,13.0,ds3,ds3_13,Stangenholz,Stangenholz_13,0.0,0.0,3.0,1.0,3.0,3.0,5981,not_young
1.878491202626959,14274.0,4.0,ds4,ds4_4,Schwaches Baumholz,Schwaches Baumholz_4,0.0,0.0,3.0,3.0,3.0,3.0,5982,not_young
0.913761209587473,14275.0,13.0,ds5,ds5_13,Mittleres Baumholz,Mittleres Baumholz_13,0.0,0.0,3.0,3.0,4.0,3.0,5983,not_young
3.717659367033327,14276.0,4.0,ds4,ds4_4,Schwaches Baumholz,Schwaches Baumholz_4,0.0,1.0,1.0,1.0,1.0,1.0,5984,not_young
0.999703861843864,14278.0,4.0,ds4,ds4_4,Schwaches Baumholz,Schwaches Baumholz_4,0.0,0.0,3.0,3.0,3.0,3.0,5985,not_young
0.917492363556079,14280.0,4.0,ds5,ds5_4,Mittleres Baumholz,Mittleres Baumholz_4,0.0,0.0,3.0,3.0,3.0,3.0,5986,not_young
1.134020382596459,14281.0,13.0,ds3,ds3_13,Stangenholz,Stangenholz_13,0.0,0.0,3.0,3.0,3.0,3.0,5987,not_young
0.665925796953263,14282.0,13.0,ds4,ds4_13,Schwaches Baumholz,Schwaches Baumholz_13,0.0,0.0,3.0,3.0,4.0,3.0,5988,not_young
1.480990677345102,14284.0,13.0,ds5,ds5_13,Mittleres Baumholz,Mittleres Baumholz_13,0.0,0.0,3.0,3.0,4.0,3.0,5989,not_young
0.989825427934667,14286.0,4.0,ds3,ds3_4,Stangenholz,Stangenholz_4,0.0,0.0,3.0,3.0,4.0,3.0,5990,not_young
0.62010933558874,14287.0,4.0,ds4,ds4_4,Schwaches Baumholz,Schwaches Baumholz_4,0.0,1.0,1.0,1.0,1.0,1.0,5991,not_young
0.769616453937627,14292.0,13.0,ds1,ds1_13,Jungwuchs/Dickung,Jungwuchs/Dickung_13,0.0,0.0,3.0,3.0,3.0,3.0,5992,young
0.709118947291415,14294.0,4.0,ds6,ds6_4,Starkes Baumholz,Starkes Baumholz_4,0.0,0.0,3.0,1.0,3.0,3.0,5993,not_young
0.5623396757592,14295.0,4.0,ds1,ds1_4,Jungwuchs/Dickung,Jungwuchs/Dickung_4,0.0,0.0,3.0,3.0,3.0,3.0,5994,young
0.957851559785567,14301.0,4.0,ds6,ds6_4,Starkes Baumholz,Starkes Baumholz_4,0.0,0.0,3.0,3.0,4.0,3.0,5995,not_young
0.755831463569524,14304.0,4.0,ds4,ds4_4,Schwaches Baumholz,Schwaches Baumholz_4,0.0,0.0,3.0,3.0,4.0,4.0,5996,not_young
0.580110797246546,14305.0,4.0,ds3,ds3_4,Stangenholz,Stangenholz_4,0.0,0.0,3.0,3.0,3.0,3.0,5997,not_young
1.079324729708536,14306.0,13.0,ds3,ds3_13,Stangenholz,Stangenholz_13,0.0,0.0,3.0,3.0,4.0,3.0,5998,not_young
1.239738045280427,14309.0,13.0,ds5,ds5_13,Mittleres Baumholz,Mittleres Baumholz_13,0.0,0.0,3.0,3.0,3.0,3.0,5999,not_young
0.856064664163394,14311.0,13.0,ds2,ds2_13,Jungwuchs/Dickung,Jungwuchs/Dickung_13,0.0,0.0,3.0,3.0,4.0,3.0,6000,young
0.763043946865946,14314.0,13.0,ds1,ds1_13,Jungwuchs/Dickung,Jungwuchs/Dickung_13,0.0,0.0,3.0,3.0,3.0,3.0,6001,young
0.506236887597048,14315.0,4.0,ds3,ds3_4,Stangenholz,Stangenholz_4,0.0,1.0,1.0,1.0,1.0,1.0,6002,not_young
0.663584531110292,14318.0,4.0,ds2,ds2_4,Jungwuchs/Dickung,Jungwuchs/Dickung_4,0.0,0.0,3.0,3.0,3.0,3.0,6003,young
1.138396447302762,14320.0,4.0,ds1,ds1_4,Jungwuchs/Dickung,Jungwuchs/Dickung_4,0.0,0.0,3.0,3.0,3.0,3.0,6004,young
0.842078393630753,14321.0,4.0,ds4,ds4_4,Schwaches Baumholz,Schwaches Baumholz_4,0.0,0.0,3.0,3.0,3.0,3.0,6005,not_young
1.331670686236117,14322.0,13.0,ds4,ds4_13,Schwaches Baumholz,Schwaches Baumholz_13,0.0,0.0,3.0,3.0,3.0,3.0,6006,not_young
2.378767985040939,14323.0,13.0,ds5,ds5_13,Mittleres Baumholz,Mittleres Baumholz_13,0.0,0.0,3.0,3.0,3.0,3.0,6007,not_young
0.710000993196107,14324.0,13.0,ds5,ds5_13,Mittleres Baumholz,Mittleres Baumholz_13,0.0,0.0,3.0,3.0,3.0,3.0,6008,not_young
1.380734682730981,14325.0,4.0,ds5,ds5_4,Mittleres Baumholz,Mittleres Baumholz_4,0.0,0.0,3.0,1.0,4.0,3.0,6009,not_young
2.122346490164427,14326.0,4.0,ds3,ds3_4,Stangenholz,Stangenholz_4,0.0,0.0,3.0,3.0,3.0,3.0,6010,not_young
5.723781170093782,14327.0,13.0,ds6,ds6_13,Starkes Baumholz,Starkes Baumholz_13,0.0,1.0,1.0,1.0,1.0,1.0,6011,not_young
1.253232559166663,14328.0,4.0,ds4,ds4_4,Schwaches Baumholz,Schwaches Baumholz_4,0.0,0.0,3.0,3.0,3.0,3.0,6012,not_young
1.387405390425026,14329.0,4.0,ds5,ds5_4,Mittleres Baumholz,Mittleres Baumholz_4,0.0,0.0,3.0,3.0,4.0,4.0,6013,not_young
1.964941640365671,14330.0,13.0,ds4,ds4_13,Schwaches Baumholz,Schwaches Baumholz_13,0.0,0.0,3.0,3.0,4.0,3.0,6014,not_young
4.77786830296772,14331.0,4.0,ds5,ds5_4,Mittleres Baumholz,Mittleres Baumholz_4,0.0,0.0,3.0,3.0,3.0,3.0,6015,not_young
1.033279719667547,14332.0,4.0,ds3,ds3_4,Stangenholz,Stangenholz_4,0.0,0.0,3.0,3.0,4.0,3.0,6016,not_young
0.964073616442271,14333.0,4.0,ds4,ds4_4,Schwaches Baumholz,Schwaches Baumholz_4,0.0,0.0,3.0,3.0,4.0,3.0,6017,not_young
1.061408079871442,14334.0,4.0,ds3,ds3_4,Stangenholz,Stangenholz_4,0.0,0.0,3.0,3.0,3.0,3.0,6018,not_young
3.643925664826278,14335.0,4.0,ds4,ds4_4,Schwaches Baumholz,Schwaches Baumholz_4,0.0,1.0,1.0,1.0,1.0,1.0,6019,not_young
3.086148365249252,14336.0,13.0,ds5,ds5_13,Mittleres Baumholz,Mittleres Baumholz_13,0.0,1.0,1.0,1.0,1.0,1.0,6020,not_young
2.958669570302335,14337.0,13.0,ds5,ds5_13,Mittleres Baumholz,Mittleres Baumholz_13,0.0,0.0,3.0,3.0,3.0,3.0,6021,not_young
0.575806872184761,14338.0,13.0,ds2,ds2_13,Jungwuchs/Dickung,Jungwuchs/Dickung_13,0.0,0.0,3.0,3.0,4.0,3.0,6022,young
0.741016620720585,14339.0,4.0,ds2,ds2_4,Jungwuchs/Dickung,Jungwuchs/Dickung_4,0.0,0.0,3.0,3.0,4.0,4.0,6023,young
2.060076768505876,14340.0,4.0,ds2,ds2_4,Jungwuchs/Dickung,Jungwuchs/Dickung_4,0.0,0.0,3.0,3.0,3.0,3.0,6024,young
1.200519956529231,14341.0,4.0,ds5,ds5_4,Mittleres Baumholz,Mittleres Baumholz_4,0.0,1.0,1.0,1.0,1.0,1.0,6025,not_young
0.875712462786213,14342.0,13.0,ds3,ds3_13,Stangenholz,Stangenholz_13,0.0,0.0,3.0,3.0,4.0,3.0,6026,not_young
2.932730312112934,14343.0,4.0,ds4,ds4_4,Schwaches Baumholz,Schwaches Baumholz_4,0.0,1.0,1.0,1.0,1.0,1.0,6027,not_young
1.481698140223639,14344.0,4.0,ds3,ds3_4,Stangenholz,Stangenholz_4,0.0,0.0,3.0,1.0,3.0,3.0,6028,not_young
3.297811615381204,14345.0,4.0,ds5,ds5_4,Mittleres Baumholz,Mittleres Baumholz_4,0.0,1.0,1.0,1.0,1.0,1.0,6029,not_young
2.918215139969307,14346.0,4.0,ds4,ds4_4,Schwaches Baumholz,Schwaches Baumholz_4,0.0,1.0,1.0,1.0,1.0,1.0,6030,not_young
2.09271050145876,14347.0,4.0,ds3,ds3_4,Stangenholz,Stangenholz_4,0.0,0.0,3.0,3.0,4.0,4.0,6031,not_young
1.682299090392329,14349.0,4.0,ds3,ds3_4,Stangenholz,Stangenholz_4,0.0,1.0,1.0,1.0,1.0,1.0,6032,not_young
0.58647063404886,14350.0,4.0,ds4,ds4_4,Schwaches Baumholz,Schwaches Baumholz_4,0.0,0.0,3.0,3.0,4.0,4.0,6033,not_young
1.177901845266787,14351.0,4.0,ds5,ds5_4,Mittleres Baumholz,Mittleres Baumholz_4,0.0,0.0,3.0,3.0,4.0,3.0,6034,not_young
7.950186463211548,14352.0,13.0,ds6,ds6_13,Starkes Baumholz,Starkes Baumholz_13,0.0,0.0,3.0,3.0,4.0,3.0,6035,not_young
0.769603560763272,14353.0,13.0,ds1,ds1_13,Jungwuchs/Dickung,Jungwuchs/Dickung_13,0.0,0.0,3.0,3.0,3.0,3.0,6036,young
1.440019668510172,14354.0,4.0,ds2,ds2_4,Jungwuchs/Dickung,Jungwuchs/Dickung_4,0.0,0.0,3.0,3.0,4.0,3.0,6037,young
3.181127727464401,14356.0,4.0,ds2,ds2_4,Jungwuchs/Dickung,Jungwuchs/Dickung_4,0.0,0.0,3.0,3.0,3.0,3.0,6038,young
4.174324851207959,14358.0,4.0,ds6,ds6_4,Starkes Baumholz,Starkes Baumholz_4,0.0,0.0,3.0,3.0,3.0,3.0,6039,not_young
2.781458767364134,14359.0,4.0,ds5,ds5_4,Mittleres Baumholz,Mittleres Baumholz_4,0.0,1.0,1.0,1.0,1.0,1.0,6040,not_young
2.90875965542295,14362.0,4.0,ds1,ds1_4,Jungwuchs/Dickung,Jungwuchs/Dickung_4,0.0,0.0,3.0,3.0,3.0,3.0,6041,young
1.60719491017682,14363.0,4.0,ds5,ds5_4,Mittleres Baumholz,Mittleres Baumholz_4,0.0,1.0,1.0,1.0,1.0,1.0,6042,not_young
1.045442980365036,14368.0,13.0,ds3,ds3_13,Stangenholz,Stangenholz_13,0.0,0.0,3.0,3.0,4.0,3.0,6043,not_young
0.78499500562707,14370.0,4.0,ds3,ds3_4,Stangenholz,Stangenholz_4,0.0,0.0,3.0,3.0,3.0,3.0,6044,not_young
0.563551621144684,14376.0,4.0,ds4,ds4_4,Schwaches Baumholz,Schwaches Baumholz_4,0.0,0.0,3.0,3.0,3.0,3.0,6045,not_young
0.744575670623547,14377.0,4.0,ds4,ds4_4,Schwaches Baumholz,Schwaches Baumholz_4,0.0,0.0,3.0,3.0,3.0,3.0,6046,not_young
0.657383456246369,14379.0,4.0,ds6,ds6_4,Starkes Baumholz,Starkes Baumholz_4,0.0,0.0,3.0,3.0,3.0,3.0,6047,not_young
0.518113331340253,14380.0,4.0,ds5,ds5_4,Mittleres Baumholz,Mittleres Baumholz_4,0.0,0.0,3.0,3.0,3.0,3.0,6048,not_young
2.443813835325686,14381.0,4.0,ds1,ds1_4,Jungwuchs/Dickung,Jungwuchs/Dickung_4,0.0,0.0,3.0,3.0,3.0,3.0,6049,young
0.923380974143488,14382.0,4.0,ds4,ds4_4,Schwaches Baumholz,Schwaches Baumholz_4,0.0,0.0,3.0,3.0,4.0,4.0,6050,not_young
2.673970746963495,14383.0,4.0,ds5,ds5_4,Mittleres Baumholz,Mittleres Baumholz_4,0.0,0.0,3.0,3.0,4.0,3.0,6051,not_young
1.593974073870829,14384.0,4.0,ds4,ds4_4,Schwaches Baumholz,Schwaches Baumholz_4,0.0,0.0,3.0,3.0,3.0,3.0,6052,not_young
0.602535104237683,14385.0,4.0,ds4,ds4_4,Schwaches Baumholz,Schwaches Baumholz_4,0.0,0.0,3.0,3.0,4.0,3.0,6053,not_young
0.952630451566074,14386.0,4.0,ds6,ds6_4,Starkes Baumholz,Starkes Baumholz_4,0.0,0.0,3.0,3.0,3.0,3.0,6054,not_young
0.830087228421448,14389.0,4.0,ds5,ds5_4,Mittleres Baumholz,Mittleres Baumholz_4,0.0,0.0,3.0,3.0,4.0,4.0,6055,not_young
0.733401875564456,14390.0,13.0,ds2,ds2_13,Jungwuchs/Dickung,Jungwuchs/Dickung_13,0.0,0.0,3.0,3.0,3.0,3.0,6056,young
0.548322761933226,14402.0,4.0,ds3,ds3_4,Stangenholz,Stangenholz_4,0.0,0.0,3.0,3.0,3.0,3.0,6057,not_young
1.61450568861356,14408.0,4.0,ds1,ds1_4,Jungwuchs/Dickung,Jungwuchs/Dickung_4,0.0,0.0,3.0,3.0,3.0,3.0,6058,young
0.506406412380189,14409.0,13.0,ds1,ds1_13,Jungwuchs/Dickung,Jungwuchs/Dickung_13,0.0,0.0,3.0,3.0,3.0,3.0,6059,young
1.211298632508679,14411.0,4.0,ds1,ds1_4,Jungwuchs/Dickung,Jungwuchs/Dickung_4,0.0,0.0,3.0,3.0,3.0,3.0,6060,young
0.618607724121236,14412.0,13.0,ds4,ds4_13,Schwaches Baumholz,Schwaches Baumholz_13,0.0,0.0,3.0,3.0,3.0,3.0,6061,not_young
0.686065805967536,14413.0,13.0,ds3,ds3_13,Stangenholz,Stangenholz_13,0.0,0.0,3.0,3.0,4.0,3.0,6062,not_young
0.557233771145652,14414.0,13.0,ds1,ds1_13,Jungwuchs/Dickung,Jungwuchs/Dickung_13,0.0,0.0,3.0,3.0,3.0,3.0,6063,young
1.222826890969276,14419.0,13.0,ds6,ds6_13,Starkes Baumholz,Starkes Baumholz_13,0.0,0.0,3.0,3.0,4.0,3.0,6064,not_young
0.961515544145228,14423.0,13.0,ds5,ds5_13,Mittleres Baumholz,Mittleres Baumholz_13,0.0,1.0,1.0,1.0,1.0,1.0,6065,not_young
0.527904766000621,14425.0,4.0,ds1,ds1_4,Jungwuchs/Dickung,Jungwuchs/Dickung_4,0.0,0.0,3.0,3.0,4.0,4.0,6066,young
0.67156786915604,14429.0,13.0,ds5,ds5_13,Mittleres Baumholz,Mittleres Baumholz_13,0.0,0.0,3.0,3.0,4.0,3.0,6067,not_young
0.595707111034379,14431.0,13.0,ds1,ds1_13,Jungwuchs/Dickung,Jungwuchs/Dickung_13,0.0,0.0,3.0,3.0,3.0,3.0,6068,young
0.848313446316123,14433.0,13.0,ds4,ds4_13,Schwaches Baumholz,Schwaches Baumholz_13,0.0,0.0,3.0,3.0,4.0,3.0,6069,not_young
2.487236548368074,14434.0,13.0,ds5,ds5_13,Mittleres Baumholz,Mittleres Baumholz_13,0.0,0.0,3.0,3.0,3.0,3.0,6070,not_young
3.928772531668446,14435.0,13.0,ds6,ds6_13,Starkes Baumholz,Starkes Baumholz_13,0.0,0.0,3.0,3.0,3.0,3.0,6071,not_young
1.374012689535972,14437.0,13.0,ds1,ds1_13,Jungwuchs/Dickung,Jungwuchs/Dickung_13,0.0,0.0,3.0,3.0,4.0,3.0,6072,young
1.555916017765179,14438.0,13.0,ds5,ds5_13,Mittleres Baumholz,Mittleres Baumholz_13,0.0,0.0,3.0,3.0,3.0,3.0,6073,not_young
1.021133195529769,14439.0,13.0,ds1,ds1_13,Jungwuchs/Dickung,Jungwuchs/Dickung_13,0.0,0.0,3.0,3.0,4.0,3.0,6074,young
0.737481608711952,14442.0,13.0,ds5,ds5_13,Mittleres Baumholz,Mittleres Baumholz_13,0.0,0.0,3.0,3.0,4.0,3.0,6075,not_young
3.66579735235814,14443.0,13.0,ds6,ds6_13,Starkes Baumholz,Starkes Baumholz_13,0.0,0.0,3.0,3.0,3.0,3.0,6076,not_young
0.960690774002252,14445.0,13.0,ds4,ds4_13,Schwaches Baumholz,Schwaches Baumholz_13,0.0,0.0,3.0,3.0,3.0,3.0,6077,not_young
3.677333752581856,14447.0,13.0,ds6,ds6_13,Starkes Baumholz,Starkes Baumholz_13,0.0,0.0,3.0,3.0,4.0,3.0,6078,not_young
1.892026015345566,14448.0,13.0,ds6,ds6_13,Starkes Baumholz,Starkes Baumholz_13,0.0,0.0,3.0,3.0,3.0,3.0,6079,not_young
0.884991518240096,14451.0,13.0,ds2,ds2_13,Jungwuchs/Dickung,Jungwuchs/Dickung_13,0.0,0.0,3.0,3.0,3.0,3.0,6080,young
1.723930291746088,14453.0,13.0,ds3,ds3_13,Stangenholz,Stangenholz_13,0.0,1.0,1.0,1.0,1.0,1.0,6081,not_young
0.920868702606353,14454.0,13.0,ds2,ds2_13,Jungwuchs/Dickung,Jungwuchs/Dickung_13,0.0,0.0,3.0,3.0,3.0,3.0,6082,young
1.011068725755112,14455.0,4.0,ds4,ds4_4,Schwaches Baumholz,Schwaches Baumholz_4,0.0,0.0,3.0,3.0,3.0,3.0,6083,not_young
5.672069079814484,14456.0,4.0,ds1,ds1_4,Jungwuchs/Dickung,Jungwuchs/Dickung_4,0.0,0.0,3.0,3.0,3.0,3.0,6084,young
0.61668814926385,14457.0,4.0,ds4,ds4_4,Schwaches Baumholz,Schwaches Baumholz_4,0.0,0.0,3.0,3.0,3.0,3.0,6085,not_young
0.560127201190917,14458.0,4.0,ds5,ds5_4,Mittleres Baumholz,Mittleres Baumholz_4,0.0,0.0,3.0,3.0,4.0,3.0,6086,not_young
0.573092456473224,14459.0,4.0,ds2,ds2_4,Jungwuchs/Dickung,Jungwuchs/Dickung_4,0.0,0.0,3.0,3.0,3.0,3.0,6087,young
1.329694358657627,14465.0,4.0,ds5,ds5_4,Mittleres Baumholz,Mittleres Baumholz_4,0.0,0.0,3.0,3.0,4.0,3.0,6088,not_young
0.786401967835659,14466.0,4.0,ds2,ds2_4,Jungwuchs/Dickung,Jungwuchs/Dickung_4,0.0,0.0,3.0,3.0,3.0,3.0,6089,young
0.915822814610042,14473.0,13.0,ds6,ds6_13,Starkes Baumholz,Starkes Baumholz_13,0.0,0.0,3.0,3.0,3.0,3.0,6090,not_young
0.968114302212233,14475.0,13.0,ds5,ds5_13,Mittleres Baumholz,Mittleres Baumholz_13,0.0,0.0,3.0,3.0,4.0,3.0,6091,not_young
1.422129490236551,14476.0,13.0,ds2,ds2_13,Jungwuchs/Dickung,Jungwuchs/Dickung_13,0.0,0.0,3.0,3.0,3.0,3.0,6092,young
1.085230988644622,14477.0,13.0,ds5,ds5_13,Mittleres Baumholz,Mittleres Baumholz_13,0.0,0.0,3.0,3.0,3.0,3.0,6093,not_young
0.638034367088089,14478.0,4.0,ds2,ds2_4,Jungwuchs/Dickung,Jungwuchs/Dickung_4,0.0,0.0,3.0,3.0,3.0,3.0,6094,young
0.973578331720241,14479.0,13.0,ds4,ds4_13,Schwaches Baumholz,Schwaches Baumholz_13,0.0,0.0,3.0,3.0,4.0,4.0,6095,not_young
0.500285068182888,14482.0,4.0,ds4,ds4_4,Schwaches Baumholz,Schwaches Baumholz_4,0.0,0.0,3.0,3.0,3.0,3.0,6096,not_young
3.788581059984415,14485.0,13.0,ds3,ds3_13,Stangenholz,Stangenholz_13,0.0,1.0,1.0,1.0,1.0,1.0,6097,not_young
4.029807160934806,14486.0,13.0,ds2,ds2_13,Jungwuchs/Dickung,Jungwuchs/Dickung_13,0.0,0.0,3.0,3.0,4.0,3.0,6098,young
2.326918592095952,14487.0,13.0,ds4,ds4_13,Schwaches Baumholz,Schwaches Baumholz_13,0.0,0.0,3.0,3.0,4.0,3.0,6099,not_young
1.328087807916629,14488.0,13.0,ds3,ds3_13,Stangenholz,Stangenholz_13,0.0,0.0,3.0,3.0,3.0,3.0,6100,not_young
4.444136926186353,14490.0,13.0,ds2,ds2_13,Jungwuchs/Dickung,Jungwuchs/Dickung_13,0.0,0.0,3.0,3.0,3.0,3.0,6101,young
0.675384967882198,14494.0,4.0,ds2,ds2_4,Jungwuchs/Dickung,Jungwuchs/Dickung_4,0.0,0.0,3.0,3.0,3.0,3.0,6102,young
1.977873817580938,14495.0,4.0,ds1,ds1_4,Jungwuchs/Dickung,Jungwuchs/Dickung_4,0.0,0.0,3.0,3.0,3.0,3.0,6103,young
0.785304405253474,14496.0,13.0,ds5,ds5_13,Mittleres Baumholz,Mittleres Baumholz_13,0.0,0.0,3.0,3.0,3.0,3.0,6104,not_young
1.912599440862693,14497.0,13.0,ds4,ds4_13,Schwaches Baumholz,Schwaches Baumholz_13,0.0,1.0,1.0,1.0,1.0,1.0,6105,not_young
0.502045480957255,14502.0,13.0,ds3,ds3_13,Stangenholz,Stangenholz_13,0.0,0.0,3.0,3.0,3.0,3.0,6106,not_young
1.112493239541142,14504.0,13.0,ds6,ds6_13,Starkes Baumholz,Starkes Baumholz_13,0.0,0.0,3.0,3.0,3.0,3.0,6107,not_young
1.192254036844755,14505.0,13.0,ds4,ds4_13,Schwaches Baumholz,Schwaches Baumholz_13,0.0,0.0,3.0,3.0,3.0,3.0,6108,not_young
2.31516144523006,14508.0,13.0,ds1,ds1_13,Jungwuchs/Dickung,Jungwuchs/Dickung_13,0.0,0.0,3.0,3.0,3.0,3.0,6109,young
5.398327364134206,14509.0,13.0,ds1,ds1_13,Jungwuchs/Dickung,Jungwuchs/Dickung_13,0.0,0.0,3.0,3.0,3.0,3.0,6110,young
2.062965924029076,14510.0,4.0,ds1,ds1_4,Jungwuchs/Dickung,Jungwuchs/Dickung_4,0.0,0.0,3.0,3.0,3.0,3.0,6111,young
1.686032755985577,14511.0,4.0,ds6,ds6_4,Starkes Baumholz,Starkes Baumholz_4,0.0,0.0,3.0,3.0,4.0,3.0,6112,not_young
1.405709795574099,14512.0,13.0,ds1,ds1_13,Jungwuchs/Dickung,Jungwuchs/Dickung_13,0.0,0.0,3.0,3.0,4.0,3.0,6113,young
4.433848790561642,14513.0,4.0,ds6,ds6_4,Starkes Baumholz,Starkes Baumholz_4,0.0,0.0,3.0,3.0,3.0,3.0,6114,not_young
1.304659297689007,14514.0,4.0,ds1,ds1_4,Jungwuchs/Dickung,Jungwuchs/Dickung_4,0.0,0.0,3.0,3.0,3.0,3.0,6115,young
1.573071541834576,14515.0,4.0,ds5,ds5_4,Mittleres Baumholz,Mittleres Baumholz_4,0.0,0.0,3.0,3.0,3.0,3.0,6116,not_young
1.444387392775924,14516.0,13.0,ds5,ds5_13,Mittleres Baumholz,Mittleres Baumholz_13,0.0,0.0,3.0,3.0,4.0,3.0,6117,not_young
2.740576494029229,14518.0,13.0,ds6,ds6_13,Starkes Baumholz,Starkes Baumholz_13,0.0,0.0,3.0,3.0,4.0,3.0,6118,not_young
0.557839130020514,14520.0,13.0,ds4,ds4_13,Schwaches Baumholz,Schwaches Baumholz_13,0.0,0.0,3.0,3.0,4.0,3.0,6119,not_young
0.7816448091017,14521.0,4.0,ds1,ds1_4,Jungwuchs/Dickung,Jungwuchs/Dickung_4,0.0,0.0,3.0,3.0,4.0,3.0,6120,young
0.540735919833003,14522.0,13.0,ds2,ds2_13,Jungwuchs/Dickung,Jungwuchs/Dickung_13,0.0,0.0,3.0,3.0,3.0,3.0,6121,young
6.616977036942868,14523.0,4.0,ds1,ds1_4,Jungwuchs/Dickung,Jungwuchs/Dickung_4,0.0,0.0,3.0,3.0,3.0,3.0,6122,young
1.460124911583564,14524.0,4.0,ds5,ds5_4,Mittleres Baumholz,Mittleres Baumholz_4,0.0,0.0,3.0,3.0,3.0,3.0,6123,not_young
0.588081941439811,14525.0,4.0,ds1,ds1_4,Jungwuchs/Dickung,Jungwuchs/Dickung_4,0.0,0.0,3.0,3.0,3.0,3.0,6124,young
0.524830162068774,14526.0,13.0,ds6,ds6_13,Starkes Baumholz,Starkes Baumholz_13,0.0,1.0,1.0,1.0,1.0,1.0,6125,not_young
1.064720823262446,14527.0,13.0,ds1,ds1_13,Jungwuchs/Dickung,Jungwuchs/Dickung_13,0.0,0.0,3.0,3.0,4.0,3.0,6126,young
0.759024032694474,14528.0,4.0,ds5,ds5_4,Mittleres Baumholz,Mittleres Baumholz_4,0.0,0.0,3.0,3.0,3.0,3.0,6127,not_young
0.508074852310587,14529.0,4.0,ds3,ds3_4,Stangenholz,Stangenholz_4,0.0,0.0,3.0,3.0,3.0,3.0,6128,not_young
0.537741582498793,14533.0,4.0,ds1,ds1_4,Jungwuchs/Dickung,Jungwuchs/Dickung_4,0.0,0.0,3.0,3.0,4.0,4.0,6129,young
0.811302346546936,14537.0,4.0,ds1,ds1_4,Jungwuchs/Dickung,Jungwuchs/Dickung_4,0.0,0.0,3.0,3.0,4.0,3.0,6130,young
1.273520417558076,14546.0,4.0,ds6,ds6_4,Starkes Baumholz,Starkes Baumholz_4,0.0,1.0,1.0,1.0,1.0,1.0,6131,not_young
1.090824701952282,14547.0,4.0,ds2,ds2_4,Jungwuchs/Dickung,Jungwuchs/Dickung_4,0.0,0.0,3.0,3.0,3.0,3.0,6132,young
1.100509408682073,14549.0,4.0,ds3,ds3_4,Stangenholz,Stangenholz_4,0.0,1.0,1.0,1.0,1.0,1.0,6133,not_young
0.806978407159215,14552.0,4.0,ds1,ds1_4,Jungwuchs/Dickung,Jungwuchs/Dickung_4,0.0,0.0,3.0,3.0,3.0,3.0,6134,young
0.765557016148418,14555.0,13.0,ds2,ds2_13,Jungwuchs/Dickung,Jungwuchs/Dickung_13,0.0,0.0,3.0,3.0,3.0,3.0,6135,young
0.763316819596943,14556.0,13.0,ds5,ds5_13,Mittleres Baumholz,Mittleres Baumholz_13,0.0,0.0,3.0,3.0,4.0,3.0,6136,not_young
0.594100772637408,14557.0,13.0,ds1,ds1_13,Jungwuchs/Dickung,Jungwuchs/Dickung_13,0.0,0.0,3.0,3.0,3.0,3.0,6137,young
0.544692158588488,14559.0,4.0,ds4,ds4_4,Schwaches Baumholz,Schwaches Baumholz_4,0.0,0.0,3.0,3.0,3.0,3.0,6138,not_young
0.689843472826853,14560.0,4.0,ds4,ds4_4,Schwaches Baumholz,Schwaches Baumholz_4,0.0,0.0,3.0,3.0,3.0,3.0,6139,not_young
0.646264897803357,14562.0,13.0,ds4,ds4_13,Schwaches Baumholz,Schwaches Baumholz_13,0.0,0.0,3.0,3.0,4.0,4.0,6140,not_young
0.598019732337107,14563.0,13.0,ds2,ds2_13,Jungwuchs/Dickung,Jungwuchs/Dickung_13,0.0,0.0,3.0,1.0,3.0,3.0,6141,young
0.524100793984649,14568.0,13.0,ds4,ds4_13,Schwaches Baumholz,Schwaches Baumholz_13,0.0,0.0,3.0,3.0,3.0,3.0,6142,not_young
0.6898323467599,14569.0,4.0,ds1,ds1_4,Jungwuchs/Dickung,Jungwuchs/Dickung_4,0.0,1.0,1.0,1.0,1.0,1.0,6143,young
0.666134518122207,14570.0,13.0,ds3,ds3_13,Stangenholz,Stangenholz_13,0.0,0.0,3.0,3.0,4.0,3.0,6144,not_young
0.530051717572112,14573.0,4.0,ds4,ds4_4,Schwaches Baumholz,Schwaches Baumholz_4,0.0,1.0,1.0,1.0,1.0,1.0,6145,not_young
1.782186807736103,14574.0,4.0,ds2,ds2_4,Jungwuchs/Dickung,Jungwuchs/Dickung_4,0.0,1.0,1.0,1.0,1.0,1.0,6146,young
0.707449563971855,14577.0,4.0,ds1,ds1_4,Jungwuchs/Dickung,Jungwuchs/Dickung_4,0.0,0.0,3.0,3.0,4.0,3.0,6147,young
0.58082720702691,14579.0,13.0,ds6,ds6_13,Starkes Baumholz,Starkes Baumholz_13,0.0,0.0,3.0,1.0,3.0,3.0,6148,not_young
0.852397414053626,14583.0,13.0,ds6,ds6_13,Starkes Baumholz,Starkes Baumholz_13,0.0,1.0,1.0,1.0,1.0,1.0,6149,not_young
1.036655468764808,14587.0,4.0,ds2,ds2_4,Jungwuchs/Dickung,Jungwuchs/Dickung_4,0.0,1.0,1.0,1.0,1.0,1.0,6150,young
1.552967476506531,14589.0,4.0,ds1,ds1_4,Jungwuchs/Dickung,Jungwuchs/Dickung_4,0.0,0.0,3.0,3.0,4.0,3.0,6151,young
1.187564926693513,14590.0,13.0,ds5,ds5_13,Mittleres Baumholz,Mittleres Baumholz_13,0.0,0.0,3.0,3.0,3.0,3.0,6152,not_young
1.075436623812083,14593.0,4.0,ds1,ds1_4,Jungwuchs/Dickung,Jungwuchs/Dickung_4,0.0,0.0,3.0,1.0,3.0,3.0,6153,young
0.626899846117571,14605.0,4.0,ds1,ds1_4,Jungwuchs/Dickung,Jungwuchs/Dickung_4,0.0,0.0,3.0,3.0,4.0,3.0,6154,young
0.995884341098093,14608.0,13.0,ds3,ds3_13,Stangenholz,Stangenholz_13,0.0,0.0,3.0,3.0,3.0,3.0,6155,not_young
0.597819168780185,14613.0,13.0,ds3,ds3_13,Stangenholz,Stangenholz_13,0.0,0.0,3.0,3.0,4.0,3.0,6156,not_young
1.141571330533433,14615.0,4.0,ds1,ds1_4,Jungwuchs/Dickung,Jungwuchs/Dickung_4,0.0,0.0,3.0,3.0,4.0,3.0,6157,young
2.373915415693541,14617.0,4.0,ds5,ds5_4,Mittleres Baumholz,Mittleres Baumholz_4,0.0,1.0,1.0,1.0,1.0,1.0,6158,not_young
0.64784203349246,14619.0,4.0,ds2,ds2_4,Jungwuchs/Dickung,Jungwuchs/Dickung_4,0.0,0.0,3.0,3.0,3.0,3.0,6159,young
0.841339455145039,14620.0,4.0,ds1,ds1_4,Jungwuchs/Dickung,Jungwuchs/Dickung_4,0.0,0.0,3.0,3.0,4.0,3.0,6160,young
0.826276446158486,14628.0,4.0,ds6,ds6_4,Starkes Baumholz,Starkes Baumholz_4,0.0,0.0,3.0,3.0,3.0,3.0,6161,not_young
0.834065633798781,14629.0,4.0,ds5,ds5_4,Mittleres Baumholz,Mittleres Baumholz_4,0.0,0.0,3.0,3.0,3.0,3.0,6162,not_young
0.612408866463602,14630.0,4.0,ds3,ds3_4,Stangenholz,Stangenholz_4,0.0,0.0,3.0,3.0,3.0,3.0,6163,not_young
1.53262028635405,14632.0,4.0,ds5,ds5_4,Mittleres Baumholz,Mittleres Baumholz_4,0.0,0.0,3.0,3.0,3.0,3.0,6164,not_young
0.611694788633753,14635.0,4.0,ds3,ds3_4,Stangenholz,Stangenholz_4,0.0,0.0,3.0,3.0,4.0,3.0,6165,not_young
0.87285694107851,14636.0,4.0,ds6,ds6_4,Starkes Baumholz,Starkes Baumholz_4,0.0,1.0,1.0,1.0,1.0,1.0,6166,not_young
1.136917863963964,14637.0,13.0,ds1,ds1_13,Jungwuchs/Dickung,Jungwuchs/Dickung_13,0.0,0.0,3.0,3.0,3.0,3.0,6167,young
0.674870359046664,14638.0,13.0,ds3,ds3_13,Stangenholz,Stangenholz_13,0.0,0.0,3.0,3.0,4.0,4.0,6168,not_young
0.643090826709196,14639.0,4.0,ds5,ds5_4,Mittleres Baumholz,Mittleres Baumholz_4,0.0,0.0,3.0,3.0,4.0,3.0,6169,not_young
2.739173890941777,14640.0,13.0,ds2,ds2_13,Jungwuchs/Dickung,Jungwuchs/Dickung_13,0.0,0.0,3.0,3.0,4.0,3.0,6170,young
0.900572286683274,14641.0,13.0,ds3,ds3_13,Stangenholz,Stangenholz_13,0.0,0.0,3.0,3.0,3.0,3.0,6171,not_young
0.512466632804438,14643.0,13.0,ds4,ds4_13,Schwaches Baumholz,Schwaches Baumholz_13,0.0,1.0,1.0,1.0,1.0,1.0,6172,not_young
0.608667544763011,14645.0,4.0,ds4,ds4_4,Schwaches Baumholz,Schwaches Baumholz_4,0.0,1.0,1.0,1.0,1.0,1.0,6173,not_young
0.930756071646139,14646.0,13.0,ds4,ds4_13,Schwaches Baumholz,Schwaches Baumholz_13,0.0,1.0,1.0,1.0,1.0,1.0,6174,not_young
1.91230968003184,14647.0,4.0,ds1,ds1_4,Jungwuchs/Dickung,Jungwuchs/Dickung_4,0.0,0.0,3.0,3.0,3.0,3.0,6175,young
0.678580681933183,14648.0,4.0,ds6,ds6_4,Starkes Baumholz,Starkes Baumholz_4,0.0,0.0,3.0,3.0,4.0,3.0,6176,not_young
0.654798628729826,14649.0,4.0,ds2,ds2_4,Jungwuchs/Dickung,Jungwuchs/Dickung_4,0.0,0.0,3.0,3.0,4.0,3.0,6177,young
1.314447628310742,14654.0,4.0,ds6,ds6_4,Starkes Baumholz,Starkes Baumholz_4,0.0,0.0,3.0,3.0,3.0,3.0,6178,not_young
0.824588982750615,14656.0,4.0,ds2,ds2_4,Jungwuchs/Dickung,Jungwuchs/Dickung_4,0.0,0.0,3.0,3.0,3.0,3.0,6179,young
1.218505032910765,14657.0,4.0,ds3,ds3_4,Stangenholz,Stangenholz_4,0.0,0.0,3.0,1.0,3.0,3.0,6180,not_young
1.812394760862366,14658.0,4.0,ds6,ds6_4,Starkes Baumholz,Starkes Baumholz_4,0.0,0.0,3.0,3.0,4.0,3.0,6181,not_young
1.193715420636389,14659.0,4.0,ds4,ds4_4,Schwaches Baumholz,Schwaches Baumholz_4,0.0,0.0,3.0,3.0,3.0,3.0,6182,not_young
0.712541654410958,14662.0,4.0,ds2,ds2_4,Jungwuchs/Dickung,Jungwuchs/Dickung_4,0.0,0.0,3.0,3.0,4.0,3.0,6183,young
0.635908725031652,14663.0,4.0,ds1,ds1_4,Jungwuchs/Dickung,Jungwuchs/Dickung_4,0.0,0.0,3.0,3.0,3.0,3.0,6184,young
0.924483060392965,14664.0,4.0,ds1,ds1_4,Jungwuchs/Dickung,Jungwuchs/Dickung_4,0.0,0.0,3.0,3.0,4.0,3.0,6185,young
0.674586770712421,14665.0,4.0,ds1,ds1_4,Jungwuchs/Dickung,Jungwuchs/Dickung_4,0.0,0.0,3.0,3.0,4.0,3.0,6186,young
1.712274478165153,14666.0,4.0,ds4,ds4_4,Schwaches Baumholz,Schwaches Baumholz_4,0.0,1.0,1.0,1.0,1.0,1.0,6187,not_young
1.04637771759883,14668.0,4.0,ds2,ds2_4,Jungwuchs/Dickung,Jungwuchs/Dickung_4,0.0,0.0,3.0,3.0,4.0,3.0,6188,young
1.125977605830319,14671.0,13.0,ds3,ds3_13,Stangenholz,Stangenholz_13,0.0,0.0,3.0,3.0,4.0,4.0,6189,not_young
5.612122441000184,14672.0,13.0,ds3,ds3_13,Stangenholz,Stangenholz_13,0.0,1.0,1.0,1.0,1.0,1.0,6190,not_young
0.740749373206911,14673.0,13.0,ds4,ds4_13,Schwaches Baumholz,Schwaches Baumholz_13,0.0,0.0,3.0,3.0,3.0,3.0,6191,not_young
4.199534052194265,14674.0,13.0,ds2,ds2_13,Jungwuchs/Dickung,Jungwuchs/Dickung_13,0.0,0.0,3.0,3.0,3.0,3.0,6192,young
0.690543522500712,14675.0,13.0,ds6,ds6_13,Starkes Baumholz,Starkes Baumholz_13,0.0,0.0,3.0,3.0,4.0,3.0,6193,not_young
2.951553821967307,14676.0,4.0,ds1,ds1_4,Jungwuchs/Dickung,Jungwuchs/Dickung_4,0.0,0.0,3.0,3.0,3.0,3.0,6194,young
0.641739886057148,14677.0,13.0,ds1,ds1_13,Jungwuchs/Dickung,Jungwuchs/Dickung_13,0.0,0.0,3.0,3.0,3.0,3.0,6195,young
2.121081437303731,14678.0,4.0,ds1,ds1_4,Jungwuchs/Dickung,Jungwuchs/Dickung_4,0.0,0.0,3.0,3.0,4.0,3.0,6196,young
1.291320635959003,14679.0,4.0,ds1,ds1_4,Jungwuchs/Dickung,Jungwuchs/Dickung_4,0.0,0.0,3.0,3.0,4.0,3.0,6197,young
0.505186351372721,14682.0,13.0,ds2,ds2_13,Jungwuchs/Dickung,Jungwuchs/Dickung_13,0.0,1.0,1.0,1.0,1.0,1.0,6198,young
1.440543208323978,14684.0,4.0,ds3,ds3_4,Stangenholz,Stangenholz_4,0.0,1.0,1.0,1.0,1.0,1.0,6199,not_young
2.232978027522285,14687.0,4.0,ds2,ds2_4,Jungwuchs/Dickung,Jungwuchs/Dickung_4,0.0,1.0,1.0,1.0,1.0,1.0,6200,young
1.364285614416376,14688.0,4.0,ds6,ds6_4,Starkes Baumholz,Starkes Baumholz_4,0.0,1.0,1.0,1.0,1.0,1.0,6201,not_young
1.16797691382817,14690.0,4.0,ds5,ds5_4,Mittleres Baumholz,Mittleres Baumholz_4,0.0,1.0,1.0,1.0,1.0,1.0,6202,not_young
0.542863734941921,14692.0,4.0,ds2,ds2_4,Jungwuchs/Dickung,Jungwuchs/Dickung_4,0.0,1.0,1.0,1.0,1.0,1.0,6203,young
1.174641554110794,14693.0,4.0,ds2,ds2_4,Jungwuchs/Dickung,Jungwuchs/Dickung_4,0.0,0.0,3.0,3.0,3.0,3.0,6204,young
1.954155395815754,14694.0,4.0,ds2,ds2_4,Jungwuchs/Dickung,Jungwuchs/Dickung_4,0.0,0.0,3.0,3.0,3.0,3.0,6205,young
0.636244174725981,14695.0,13.0,ds1,ds1_13,Jungwuchs/Dickung,Jungwuchs/Dickung_13,0.0,0.0,3.0,3.0,4.0,4.0,6206,young
0.546264630801138,14696.0,4.0,ds5,ds5_4,Mittleres Baumholz,Mittleres Baumholz_4,0.0,0.0,3.0,3.0,3.0,3.0,6207,not_young
1.00400802481845,14699.0,13.0,ds2,ds2_13,Jungwuchs/Dickung,Jungwuchs/Dickung_13,0.0,0.0,3.0,3.0,3.0,3.0,6208,young
1.034728335945925,14701.0,13.0,ds5,ds5_13,Mittleres Baumholz,Mittleres Baumholz_13,0.0,0.0,3.0,3.0,3.0,3.0,6209,not_young
1.715627766068821,14703.0,13.0,ds2,ds2_13,Jungwuchs/Dickung,Jungwuchs/Dickung_13,0.0,0.0,3.0,3.0,3.0,3.0,6210,young
0.530832310660463,14704.0,4.0,ds2,ds2_4,Jungwuchs/Dickung,Jungwuchs/Dickung_4,0.0,0.0,3.0,3.0,3.0,3.0,6211,young
1.683419119820744,14705.0,4.0,ds4,ds4_4,Schwaches Baumholz,Schwaches Baumholz_4,0.0,0.0,3.0,3.0,3.0,3.0,6212,not_young
1.229585713756213,14707.0,4.0,ds4,ds4_4,Schwaches Baumholz,Schwaches Baumholz_4,0.0,1.0,1.0,1.0,1.0,1.0,6213,not_young
0.767133187485253,14708.0,13.0,ds3,ds3_13,Stangenholz,Stangenholz_13,0.0,0.0,3.0,3.0,3.0,3.0,6214,not_young
1.454220950382449,14709.0,4.0,ds1,ds1_4,Jungwuchs/Dickung,Jungwuchs/Dickung_4,0.0,0.0,3.0,3.0,4.0,3.0,6215,young
1.173771731697023,14710.0,4.0,ds3,ds3_4,Stangenholz,Stangenholz_4,0.0,1.0,1.0,1.0,1.0,1.0,6216,not_young
3.765205142823738,14712.0,4.0,ds2,ds2_4,Jungwuchs/Dickung,Jungwuchs/Dickung_4,0.0,0.0,3.0,3.0,4.0,4.0,6217,young
0.685913198850933,14713.0,4.0,ds5,ds5_4,Mittleres Baumholz,Mittleres Baumholz_4,0.0,1.0,1.0,1.0,1.0,1.0,6218,not_young
3.070435494770156,14715.0,4.0,ds2,ds2_4,Jungwuchs/Dickung,Jungwuchs/Dickung_4,0.0,0.0,3.0,3.0,3.0,3.0,6219,young
4.9547334690694,14716.0,4.0,ds4,ds4_4,Schwaches Baumholz,Schwaches Baumholz_4,0.0,1.0,1.0,1.0,1.0,1.0,6220,not_young
1.184009711909006,14717.0,4.0,ds1,ds1_4,Jungwuchs/Dickung,Jungwuchs/Dickung_4,0.0,0.0,3.0,3.0,3.0,3.0,6221,young
4.543874849117612,14718.0,4.0,ds2,ds2_4,Jungwuchs/Dickung,Jungwuchs/Dickung_4,0.0,0.0,3.0,3.0,3.0,3.0,6222,young
0.675211260096025,14719.0,13.0,ds2,ds2_13,Jungwuchs/Dickung,Jungwuchs/Dickung_13,0.0,0.0,3.0,3.0,4.0,4.0,6223,young
2.192322840360744,14720.0,4.0,ds3,ds3_4,Stangenholz,Stangenholz_4,0.0,1.0,1.0,1.0,1.0,1.0,6224,not_young
0.596515858320147,14722.0,4.0,ds3,ds3_4,Stangenholz,Stangenholz_4,0.0,0.0,3.0,3.0,3.0,3.0,6225,not_young
4.400461365502421,14723.0,13.0,ds2,ds2_13,Jungwuchs/Dickung,Jungwuchs/Dickung_13,0.0,0.0,3.0,3.0,3.0,3.0,6226,young
0.699181517568324,14727.0,13.0,ds1,ds1_13,Jungwuchs/Dickung,Jungwuchs/Dickung_13,0.0,0.0,3.0,3.0,3.0,3.0,6227,young
2.364339897894056,14728.0,13.0,ds4,ds4_13,Schwaches Baumholz,Schwaches Baumholz_13,0.0,0.0,3.0,3.0,4.0,4.0,6228,not_young
4.171118722548301,14729.0,4.0,ds5,ds5_4,Mittleres Baumholz,Mittleres Baumholz_4,0.0,0.0,3.0,3.0,3.0,3.0,6229,not_young
2.934022077731288,14732.0,13.0,ds5,ds5_13,Mittleres Baumholz,Mittleres Baumholz_13,0.0,1.0,1.0,1.0,1.0,1.0,6230,not_young
3.222249818495475,14733.0,13.0,ds3,ds3_13,Stangenholz,Stangenholz_13,0.0,1.0,1.0,1.0,1.0,1.0,6231,not_young
1.80435092128464,14735.0,4.0,ds3,ds3_4,Stangenholz,Stangenholz_4,0.0,1.0,1.0,1.0,1.0,1.0,6232,not_young
1.82995191796773,14736.0,4.0,ds4,ds4_4,Schwaches Baumholz,Schwaches Baumholz_4,0.0,1.0,1.0,1.0,1.0,1.0,6233,not_young
0.649300597087038,14737.0,13.0,ds2,ds2_13,Jungwuchs/Dickung,Jungwuchs/Dickung_13,0.0,0.0,3.0,3.0,3.0,3.0,6234,young
9.047240607929012,14738.0,13.0,ds3,ds3_13,Stangenholz,Stangenholz_13,0.0,1.0,1.0,1.0,1.0,1.0,6235,not_young
0.722421132108106,14739.0,13.0,ds3,ds3_13,Stangenholz,Stangenholz_13,0.0,1.0,1.0,1.0,1.0,1.0,6236,not_young
0.779086586716713,14740.0,13.0,ds1,ds1_13,Jungwuchs/Dickung,Jungwuchs/Dickung_13,0.0,0.0,3.0,3.0,3.0,3.0,6237,young
0.951642803502921,14741.0,4.0,ds2,ds2_4,Jungwuchs/Dickung,Jungwuchs/Dickung_4,0.0,0.0,3.0,3.0,4.0,3.0,6238,young
0.769225849402789,14742.0,4.0,ds3,ds3_4,Stangenholz,Stangenholz_4,0.0,0.0,3.0,3.0,3.0,3.0,6239,not_young
0.76713991062874,14745.0,4.0,ds2,ds2_4,Jungwuchs/Dickung,Jungwuchs/Dickung_4,0.0,0.0,3.0,3.0,3.0,3.0,6240,young
3.333531823100848,14747.0,4.0,ds1,ds1_4,Jungwuchs/Dickung,Jungwuchs/Dickung_4,0.0,0.0,3.0,3.0,3.0,3.0,6241,young
0.678856072836043,14748.0,4.0,ds5,ds5_4,Mittleres Baumholz,Mittleres Baumholz_4,0.0,0.0,3.0,3.0,3.0,3.0,6242,not_young
1.356362369169697,14751.0,4.0,ds4,ds4_4,Schwaches Baumholz,Schwaches Baumholz_4,0.0,0.0,3.0,3.0,4.0,4.0,6243,not_young
0.793597870040868,14752.0,4.0,ds1,ds1_4,Jungwuchs/Dickung,Jungwuchs/Dickung_4,0.0,0.0,3.0,3.0,3.0,3.0,6244,young
2.562512748466043,14753.0,4.0,ds5,ds5_4,Mittleres Baumholz,Mittleres Baumholz_4,0.0,0.0,3.0,3.0,3.0,3.0,6245,not_young
3.151309467606014,14755.0,4.0,ds4,ds4_4,Schwaches Baumholz,Schwaches Baumholz_4,0.0,1.0,1.0,1.0,1.0,1.0,6246,not_young
1.564599565898941,14757.0,13.0,ds1,ds1_13,Jungwuchs/Dickung,Jungwuchs/Dickung_13,0.0,0.0,3.0,3.0,3.0,3.0,6247,young
0.531070266712269,14759.0,4.0,ds1,ds1_4,Jungwuchs/Dickung,Jungwuchs/Dickung_4,0.0,0.0,3.0,3.0,3.0,3.0,6248,young
1.249769994874485,14760.0,4.0,ds3,ds3_4,Stangenholz,Stangenholz_4,0.0,0.0,3.0,3.0,3.0,3.0,6249,not_young
0.718550447037377,14762.0,4.0,ds4,ds4_4,Schwaches Baumholz,Schwaches Baumholz_4,0.0,0.0,3.0,3.0,3.0,3.0,6250,not_young
0.708848695081566,14763.0,4.0,ds4,ds4_4,Schwaches Baumholz,Schwaches Baumholz_4,0.0,0.0,3.0,3.0,3.0,3.0,6251,not_young
2.28384656981164,14765.0,4.0,ds3,ds3_4,Stangenholz,Stangenholz_4,0.0,0.0,3.0,3.0,4.0,4.0,6252,not_young
0.969476910041273,14766.0,4.0,ds1,ds1_4,Jungwuchs/Dickung,Jungwuchs/Dickung_4,0.0,0.0,3.0,3.0,3.0,3.0,6253,young
1.403788971889672,14767.0,13.0,ds2,ds2_13,Jungwuchs/Dickung,Jungwuchs/Dickung_13,0.0,1.0,1.0,1.0,1.0,1.0,6254,young
0.858097104439046,14768.0,4.0,ds1,ds1_4,Jungwuchs/Dickung,Jungwuchs/Dickung_4,0.0,0.0,3.0,3.0,3.0,3.0,6255,young
0.996134739458421,14769.0,4.0,ds1,ds1_4,Jungwuchs/Dickung,Jungwuchs/Dickung_4,0.0,0.0,3.0,3.0,3.0,3.0,6256,young
1.874396169982001,14770.0,13.0,ds4,ds4_13,Schwaches Baumholz,Schwaches Baumholz_13,0.0,0.0,3.0,3.0,4.0,4.0,6257,not_young
1.209631120556348,14771.0,4.0,ds4,ds4_4,Schwaches Baumholz,Schwaches Baumholz_4,0.0,0.0,3.0,3.0,3.0,3.0,6258,not_young
0.502789461728042,14772.0,4.0,ds4,ds4_4,Schwaches Baumholz,Schwaches Baumholz_4,0.0,0.0,3.0,3.0,3.0,3.0,6259,not_young
0.685070468342688,14773.0,4.0,ds2,ds2_4,Jungwuchs/Dickung,Jungwuchs/Dickung_4,0.0,0.0,3.0,3.0,3.0,3.0,6260,young
0.795688416310027,14774.0,4.0,ds4,ds4_4,Schwaches Baumholz,Schwaches Baumholz_4,0.0,0.0,3.0,3.0,3.0,3.0,6261,not_young
1.161691565209796,14775.0,4.0,ds3,ds3_4,Stangenholz,Stangenholz_4,0.0,0.0,3.0,3.0,3.0,3.0,6262,not_young
3.438108264000605,14776.0,4.0,ds5,ds5_4,Mittleres Baumholz,Mittleres Baumholz_4,0.0,0.0,3.0,3.0,3.0,3.0,6263,not_young
2.25287541221939,14777.0,4.0,ds1,ds1_4,Jungwuchs/Dickung,Jungwuchs/Dickung_4,0.0,0.0,3.0,3.0,4.0,3.0,6264,young
2.179439545516902,14778.0,4.0,ds1,ds1_4,Jungwuchs/Dickung,Jungwuchs/Dickung_4,0.0,0.0,3.0,3.0,4.0,4.0,6265,young
1.957098488870822,14779.0,4.0,ds2,ds2_4,Jungwuchs/Dickung,Jungwuchs/Dickung_4,0.0,0.0,3.0,3.0,3.0,3.0,6266,young
4.045357276762872,14780.0,4.0,ds1,ds1_4,Jungwuchs/Dickung,Jungwuchs/Dickung_4,0.0,0.0,3.0,3.0,3.0,3.0,6267,young
1.034623208713383,14781.0,4.0,ds2,ds2_4,Jungwuchs/Dickung,Jungwuchs/Dickung_4,0.0,0.0,3.0,3.0,3.0,3.0,6268,young
1.739522692751582,14782.0,13.0,ds2,ds2_13,Jungwuchs/Dickung,Jungwuchs/Dickung_13,0.0,0.0,3.0,3.0,3.0,3.0,6269,young
11.164221463274565,14785.0,4.0,ds1,ds1_4,Jungwuchs/Dickung,Jungwuchs/Dickung_4,0.0,0.0,3.0,3.0,3.0,3.0,6270,young
1.098302852176916,14786.0,4.0,ds4,ds4_4,Schwaches Baumholz,Schwaches Baumholz_4,0.0,1.0,1.0,1.0,1.0,1.0,6271,not_young
3.353137045075978,14787.0,4.0,ds2,ds2_4,Jungwuchs/Dickung,Jungwuchs/Dickung_4,0.0,0.0,3.0,3.0,3.0,3.0,6272,young
3.489983215886966,14788.0,4.0,ds3,ds3_4,Stangenholz,Stangenholz_4,0.0,0.0,3.0,3.0,3.0,3.0,6273,not_young
1.878487692506006,14789.0,13.0,ds3,ds3_13,Stangenholz,Stangenholz_13,0.0,0.0,3.0,1.0,3.0,3.0,6274,not_young
1.3946660026256,14791.0,4.0,ds2,ds2_4,Jungwuchs/Dickung,Jungwuchs/Dickung_4,0.0,0.0,3.0,3.0,3.0,3.0,6275,young
3.830133069670305,14796.0,4.0,ds5,ds5_4,Mittleres Baumholz,Mittleres Baumholz_4,0.0,0.0,3.0,3.0,3.0,3.0,6276,not_young
1.3940367544865,14797.0,4.0,ds4,ds4_4,Schwaches Baumholz,Schwaches Baumholz_4,0.0,0.0,3.0,3.0,3.0,3.0,6277,not_young
0.625993595396867,14806.0,4.0,ds5,ds5_4,Mittleres Baumholz,Mittleres Baumholz_4,0.0,0.0,3.0,3.0,3.0,3.0,6278,not_young
0.502924268735666,14809.0,13.0,ds4,ds4_13,Schwaches Baumholz,Schwaches Baumholz_13,0.0,0.0,3.0,3.0,3.0,3.0,6279,not_young
1.201293665236584,14815.0,13.0,ds3,ds3_13,Stangenholz,Stangenholz_13,0.0,0.0,3.0,3.0,3.0,3.0,6280,not_young
0.604851283973083,14818.0,13.0,ds2,ds2_13,Jungwuchs/Dickung,Jungwuchs/Dickung_13,0.0,0.0,3.0,1.0,3.0,3.0,6281,young
0.956862640080694,14834.0,4.0,ds2,ds2_4,Jungwuchs/Dickung,Jungwuchs/Dickung_4,0.0,0.0,3.0,3.0,3.0,3.0,6282,young
0.735617802965385,14836.0,4.0,ds2,ds2_4,Jungwuchs/Dickung,Jungwuchs/Dickung_4,0.0,1.0,1.0,1.0,1.0,1.0,6283,young
0.860805097582936,14843.0,4.0,ds3,ds3_4,Stangenholz,Stangenholz_4,0.0,0.0,3.0,3.0,4.0,3.0,6284,not_young
0.537548429979058,14853.0,4.0,ds1,ds1_4,Jungwuchs/Dickung,Jungwuchs/Dickung_4,0.0,0.0,3.0,3.0,3.0,3.0,6285,young
0.703305334437551,14855.0,13.0,ds1,ds1_13,Jungwuchs/Dickung,Jungwuchs/Dickung_13,0.0,0.0,3.0,3.0,3.0,3.0,6286,young
0.723254434674699,14873.0,13.0,ds1,ds1_13,Jungwuchs/Dickung,Jungwuchs/Dickung_13,0.0,0.0,3.0,3.0,3.0,3.0,6287,young
0.573351174046332,14875.0,13.0,ds4,ds4_13,Schwaches Baumholz,Schwaches Baumholz_13,0.0,0.0,3.0,3.0,3.0,3.0,6288,not_young
0.923261161052552,14876.0,4.0,ds2,ds2_4,Jungwuchs/Dickung,Jungwuchs/Dickung_4,0.0,0.0,3.0,3.0,3.0,3.0,6289,young
0.985911925639049,14877.0,4.0,ds2,ds2_4,Jungwuchs/Dickung,Jungwuchs/Dickung_4,0.0,0.0,3.0,3.0,3.0,3.0,6290,young
1.055634090058244,14882.0,4.0,ds2,ds2_4,Jungwuchs/Dickung,Jungwuchs/Dickung_4,0.0,0.0,3.0,3.0,3.0,3.0,6291,young
0.545909816011414,14883.0,4.0,ds4,ds4_4,Schwaches Baumholz,Schwaches Baumholz_4,0.0,1.0,1.0,1.0,3.0,3.0,6292,not_young
1.832924097560777,14884.0,13.0,ds1,ds1_13,Jungwuchs/Dickung,Jungwuchs/Dickung_13,0.0,0.0,3.0,3.0,4.0,4.0,6293,young
1.01653749477634,14885.0,13.0,ds3,ds3_13,Stangenholz,Stangenholz_13,0.0,0.0,3.0,3.0,3.0,3.0,6294,not_young
0.944078880803242,14887.0,4.0,ds2,ds2_4,Jungwuchs/Dickung,Jungwuchs/Dickung_4,0.0,0.0,3.0,3.0,3.0,3.0,6295,young
0.663434190921649,14888.0,4.0,ds2,ds2_4,Jungwuchs/Dickung,Jungwuchs/Dickung_4,0.0,1.0,1.0,1.0,1.0,1.0,6296,young
1.080395706350007,14891.0,13.0,ds6,ds6_13,Starkes Baumholz,Starkes Baumholz_13,0.0,1.0,1.0,1.0,1.0,1.0,6297,not_young
0.574597256623581,14894.0,4.0,ds4,ds4_4,Schwaches Baumholz,Schwaches Baumholz_4,0.0,0.0,3.0,3.0,3.0,3.0,6298,not_young
2.680931612509006,14895.0,13.0,ds2,ds2_13,Jungwuchs/Dickung,Jungwuchs/Dickung_13,0.0,0.0,3.0,3.0,4.0,4.0,6299,young
1.886949318932579,14896.0,4.0,ds3,ds3_4,Stangenholz,Stangenholz_4,0.0,1.0,1.0,1.0,3.0,3.0,6300,not_young
0.79581912920475,14897.0,4.0,ds4,ds4_4,Schwaches Baumholz,Schwaches Baumholz_4,0.0,0.0,3.0,3.0,3.0,3.0,6301,not_young
0.548402060940117,14898.0,13.0,ds6,ds6_13,Starkes Baumholz,Starkes Baumholz_13,0.0,0.0,3.0,3.0,3.0,3.0,6302,not_young
0.521181709528901,14901.0,4.0,ds1,ds1_4,Jungwuchs/Dickung,Jungwuchs/Dickung_4,0.0,1.0,1.0,1.0,1.0,1.0,6303,young
1.660732889753417,14902.0,4.0,ds3,ds3_4,Stangenholz,Stangenholz_4,0.0,0.0,3.0,3.0,3.0,3.0,6304,not_young
0.728484692814108,14908.0,13.0,ds2,ds2_13,Jungwuchs/Dickung,Jungwuchs/Dickung_13,0.0,0.0,3.0,3.0,4.0,3.0,6305,young
2.186802741352481,14910.0,13.0,ds2,ds2_13,Jungwuchs/Dickung,Jungwuchs/Dickung_13,0.0,0.0,3.0,3.0,4.0,3.0,6306,young
1.921466701814218,14912.0,13.0,ds2,ds2_13,Jungwuchs/Dickung,Jungwuchs/Dickung_13,0.0,0.0,3.0,3.0,3.0,3.0,6307,young
1.059966375360079,14913.0,13.0,ds2,ds2_13,Jungwuchs/Dickung,Jungwuchs/Dickung_13,0.0,0.0,3.0,3.0,3.0,3.0,6308,young
0.607643283133209,14914.0,13.0,ds3,ds3_13,Stangenholz,Stangenholz_13,0.0,0.0,3.0,3.0,3.0,3.0,6309,not_young
0.571361154517299,14915.0,13.0,ds4,ds4_13,Schwaches Baumholz,Schwaches Baumholz_13,0.0,0.0,3.0,3.0,4.0,3.0,6310,not_young
0.526963980782364,14916.0,13.0,ds3,ds3_13,Stangenholz,Stangenholz_13,0.0,0.0,3.0,3.0,3.0,3.0,6311,not_young
0.888245113337739,14917.0,4.0,ds1,ds1_4,Jungwuchs/Dickung,Jungwuchs/Dickung_4,0.0,1.0,1.0,1.0,3.0,3.0,6312,young
1.744477258967422,14918.0,13.0,ds5,ds5_13,Mittleres Baumholz,Mittleres Baumholz_13,0.0,0.0,3.0,3.0,3.0,3.0,6313,not_young
0.563121924469131,14921.0,4.0,ds4,ds4_4,Schwaches Baumholz,Schwaches Baumholz_4,0.0,0.0,3.0,3.0,3.0,3.0,6314,not_young
0.670837403477728,14923.0,13.0,ds2,ds2_13,Jungwuchs/Dickung,Jungwuchs/Dickung_13,0.0,0.0,3.0,1.0,4.0,3.0,6315,young
1.282398498604074,14924.0,4.0,ds5,ds5_4,Mittleres Baumholz,Mittleres Baumholz_4,0.0,0.0,3.0,3.0,4.0,4.0,6316,not_young
2.335418095134484,14926.0,13.0,ds1,ds1_13,Jungwuchs/Dickung,Jungwuchs/Dickung_13,0.0,0.0,3.0,3.0,4.0,4.0,6317,young
0.567110098615941,14928.0,13.0,ds2,ds2_13,Jungwuchs/Dickung,Jungwuchs/Dickung_13,0.0,0.0,3.0,3.0,3.0,3.0,6318,young
0.76558189914301,14929.0,13.0,ds4,ds4_13,Schwaches Baumholz,Schwaches Baumholz_13,0.0,0.0,3.0,3.0,3.0,3.0,6319,not_young
0.765227515285648,14930.0,13.0,ds5,ds5_13,Mittleres Baumholz,Mittleres Baumholz_13,0.0,0.0,3.0,3.0,4.0,3.0,6320,not_young
0.642845660628332,14932.0,13.0,ds3,ds3_13,Stangenholz,Stangenholz_13,0.0,0.0,3.0,3.0,3.0,3.0,6321,not_young
0.893164400792489,14934.0,4.0,ds1,ds1_4,Jungwuchs/Dickung,Jungwuchs/Dickung_4,0.0,0.0,3.0,3.0,4.0,4.0,6322,young
1.685503656604048,14936.0,4.0,ds3,ds3_4,Stangenholz,Stangenholz_4,0.0,0.0,3.0,3.0,3.0,3.0,6323,not_young
2.765531287053624,14937.0,4.0,ds2,ds2_4,Jungwuchs/Dickung,Jungwuchs/Dickung_4,0.0,0.0,3.0,3.0,4.0,3.0,6324,young
1.385758586498536,14938.0,4.0,ds3,ds3_4,Stangenholz,Stangenholz_4,0.0,0.0,3.0,3.0,4.0,3.0,6325,not_young
0.652028360889538,14939.0,13.0,ds2,ds2_13,Jungwuchs/Dickung,Jungwuchs/Dickung_13,0.0,0.0,3.0,3.0,3.0,3.0,6326,young
1.225333954007668,14942.0,4.0,ds5,ds5_4,Mittleres Baumholz,Mittleres Baumholz_4,0.0,0.0,3.0,3.0,4.0,3.0,6327,not_young
0.71065746789712,14949.0,13.0,ds1,ds1_13,Jungwuchs/Dickung,Jungwuchs/Dickung_13,0.0,0.0,3.0,3.0,4.0,4.0,6328,young
2.452701826790959,14950.0,13.0,ds4,ds4_13,Schwaches Baumholz,Schwaches Baumholz_13,0.0,0.0,3.0,3.0,4.0,3.0,6329,not_young
0.517534280711506,14951.0,13.0,ds5,ds5_13,Mittleres Baumholz,Mittleres Baumholz_13,0.0,0.0,3.0,3.0,3.0,3.0,6330,not_young
1.234781852515283,14953.0,4.0,ds4,ds4_4,Schwaches Baumholz,Schwaches Baumholz_4,0.0,0.0,3.0,3.0,3.0,3.0,6331,not_young
4.52792647625059,14955.0,13.0,ds1,ds1_13,Jungwuchs/Dickung,Jungwuchs/Dickung_13,0.0,0.0,3.0,3.0,3.0,3.0,6332,young
0.77411384907756,14958.0,13.0,ds3,ds3_13,Stangenholz,Stangenholz_13,0.0,0.0,3.0,3.0,3.0,3.0,6333,not_young
0.708185129751451,14959.0,4.0,ds1,ds1_4,Jungwuchs/Dickung,Jungwuchs/Dickung_4,0.0,0.0,3.0,3.0,3.0,3.0,6334,young
0.805154374144855,14962.0,13.0,ds1,ds1_13,Jungwuchs/Dickung,Jungwuchs/Dickung_13,0.0,0.0,3.0,3.0,4.0,3.0,6335,young
1.50934796211021,14963.0,4.0,ds4,ds4_4,Schwaches Baumholz,Schwaches Baumholz_4,0.0,1.0,1.0,1.0,3.0,3.0,6336,not_young
1.57376638224838,14964.0,4.0,ds3,ds3_4,Stangenholz,Stangenholz_4,0.0,0.0,3.0,3.0,4.0,4.0,6337,not_young
0.642874524087604,14965.0,13.0,ds3,ds3_13,Stangenholz,Stangenholz_13,0.0,0.0,3.0,3.0,3.0,3.0,6338,not_young
2.422124005356105,14967.0,13.0,ds4,ds4_13,Schwaches Baumholz,Schwaches Baumholz_13,0.0,1.0,1.0,1.0,3.0,3.0,6339,not_young
1.099705658052396,14968.0,13.0,ds1,ds1_13,Jungwuchs/Dickung,Jungwuchs/Dickung_13,0.0,0.0,3.0,3.0,3.0,3.0,6340,young
0.547071697680652,14971.0,13.0,ds4,ds4_13,Schwaches Baumholz,Schwaches Baumholz_13,0.0,0.0,3.0,3.0,3.0,3.0,6341,not_young
0.53651599701778,14972.0,13.0,ds2,ds2_13,Jungwuchs/Dickung,Jungwuchs/Dickung_13,0.0,0.0,3.0,3.0,3.0,3.0,6342,young
0.673308502040431,14974.0,13.0,ds4,ds4_13,Schwaches Baumholz,Schwaches Baumholz_13,0.0,0.0,3.0,3.0,4.0,4.0,6343,not_young
1.27225958071184,14975.0,13.0,ds2,ds2_13,Jungwuchs/Dickung,Jungwuchs/Dickung_13,0.0,0.0,3.0,3.0,4.0,4.0,6344,young
1.001371280435671,14976.0,13.0,ds4,ds4_13,Schwaches Baumholz,Schwaches Baumholz_13,0.0,0.0,3.0,3.0,4.0,3.0,6345,not_young
0.829114732202445,14978.0,13.0,ds5,ds5_13,Mittleres Baumholz,Mittleres Baumholz_13,0.0,0.0,3.0,3.0,3.0,3.0,6346,not_young
0.615101949534542,14980.0,4.0,ds2,ds2_4,Jungwuchs/Dickung,Jungwuchs/Dickung_4,0.0,1.0,1.0,1.0,1.0,1.0,6347,young
2.053011320544109,14982.0,4.0,ds1,ds1_4,Jungwuchs/Dickung,Jungwuchs/Dickung_4,0.0,0.0,3.0,3.0,3.0,3.0,6348,young
0.95195510181018,14984.0,4.0,ds4,ds4_4,Schwaches Baumholz,Schwaches Baumholz_4,0.0,1.0,1.0,1.0,1.0,1.0,6349,not_young
1.30147519889432,14985.0,4.0,ds6,ds6_4,Starkes Baumholz,Starkes Baumholz_4,0.0,0.0,3.0,3.0,3.0,3.0,6350,not_young
3.171380692177779,14986.0,4.0,ds1,ds1_4,Jungwuchs/Dickung,Jungwuchs/Dickung_4,0.0,1.0,1.0,1.0,1.0,1.0,6351,young
1.205321621556813,14987.0,4.0,ds2,ds2_4,Jungwuchs/Dickung,Jungwuchs/Dickung_4,0.0,0.0,3.0,3.0,3.0,3.0,6352,young
1.579937404947728,14988.0,4.0,ds3,ds3_4,Stangenholz,Stangenholz_4,0.0,1.0,1.0,1.0,1.0,1.0,6353,not_young
1.488189558241383,14989.0,4.0,ds4,ds4_4,Schwaches Baumholz,Schwaches Baumholz_4,0.0,0.0,3.0,3.0,4.0,4.0,6354,not_young
1.335462938652886,14990.0,4.0,ds3,ds3_4,Stangenholz,Stangenholz_4,0.0,1.0,1.0,1.0,1.0,1.0,6355,not_young
0.706682850560706,14991.0,4.0,ds2,ds2_4,Jungwuchs/Dickung,Jungwuchs/Dickung_4,0.0,0.0,3.0,3.0,3.0,3.0,6356,young
0.626902355367947,14992.0,4.0,ds5,ds5_4,Mittleres Baumholz,Mittleres Baumholz_4,0.0,1.0,1.0,1.0,1.0,1.0,6357,not_young
0.594948414464656,14993.0,13.0,ds2,ds2_13,Jungwuchs/Dickung,Jungwuchs/Dickung_13,0.0,0.0,3.0,3.0,3.0,3.0,6358,young
0.870300081159813,14995.0,4.0,ds3,ds3_4,Stangenholz,Stangenholz_4,0.0,1.0,1.0,1.0,1.0,1.0,6359,not_young
0.626595302835107,14997.0,4.0,ds4,ds4_4,Schwaches Baumholz,Schwaches Baumholz_4,0.0,1.0,1.0,1.0,1.0,1.0,6360,not_young
1.328031804254442,14998.0,4.0,ds5,ds5_4,Mittleres Baumholz,Mittleres Baumholz_4,0.0,0.0,3.0,3.0,3.0,3.0,6361,not_young
1.596548886625888,14999.0,13.0,ds1,ds1_13,Jungwuchs/Dickung,Jungwuchs/Dickung_13,0.0,0.0,3.0,3.0,3.0,3.0,6362,young
0.932309674901294,15000.0,4.0,ds5,ds5_4,Mittleres Baumholz,Mittleres Baumholz_4,0.0,1.0,1.0,1.0,1.0,1.0,6363,not_young
0.68125494501493,15002.0,13.0,ds4,ds4_13,Schwaches Baumholz,Schwaches Baumholz_13,0.0,0.0,3.0,3.0,4.0,3.0,6364,not_young
1.902737778717456,15004.0,13.0,ds4,ds4_13,Schwaches Baumholz,Schwaches Baumholz_13,0.0,0.0,3.0,3.0,4.0,3.0,6365,not_young
7.218888769968238,15006.0,4.0,ds6,ds6_4,Starkes Baumholz,Starkes Baumholz_4,0.0,0.0,3.0,3.0,3.0,3.0,6366,not_young
0.543301528562565,15012.0,13.0,ds4,ds4_13,Schwaches Baumholz,Schwaches Baumholz_13,0.0,0.0,3.0,3.0,4.0,4.0,6367,not_young
0.637740608604008,15014.0,4.0,ds4,ds4_4,Schwaches Baumholz,Schwaches Baumholz_4,0.0,0.0,3.0,3.0,3.0,3.0,6368,not_young
3.628926444495947,15015.0,4.0,ds5,ds5_4,Mittleres Baumholz,Mittleres Baumholz_4,0.0,1.0,1.0,1.0,1.0,1.0,6369,not_young
1.974588929768326,15017.0,4.0,ds5,ds5_4,Mittleres Baumholz,Mittleres Baumholz_4,0.0,0.0,3.0,3.0,4.0,4.0,6370,not_young
2.957751684117073,15018.0,13.0,ds3,ds3_13,Stangenholz,Stangenholz_13,0.0,0.0,3.0,3.0,4.0,3.0,6371,not_young
0.549722782599886,15021.0,4.0,ds2,ds2_4,Jungwuchs/Dickung,Jungwuchs/Dickung_4,0.0,0.0,3.0,3.0,3.0,3.0,6372,young
3.311540719019354,15022.0,4.0,ds5,ds5_4,Mittleres Baumholz,Mittleres Baumholz_4,0.0,0.0,3.0,3.0,3.0,3.0,6373,not_young
0.853765669359639,15023.0,13.0,ds2,ds2_13,Jungwuchs/Dickung,Jungwuchs/Dickung_13,0.0,0.0,3.0,3.0,4.0,3.0,6374,young
1.74103113193381,15024.0,13.0,ds2,ds2_13,Jungwuchs/Dickung,Jungwuchs/Dickung_13,0.0,0.0,3.0,3.0,3.0,3.0,6375,young
2.261879607348435,15025.0,13.0,ds2,ds2_13,Jungwuchs/Dickung,Jungwuchs/Dickung_13,0.0,0.0,3.0,3.0,3.0,3.0,6376,young
2.93649504059538,15026.0,13.0,ds2,ds2_13,Jungwuchs/Dickung,Jungwuchs/Dickung_13,0.0,0.0,3.0,3.0,4.0,3.0,6377,young
2.514143458953034,15027.0,13.0,ds4,ds4_13,Schwaches Baumholz,Schwaches Baumholz_13,0.0,0.0,3.0,3.0,4.0,3.0,6378,not_young
1.886813396083971,15028.0,13.0,ds5,ds5_13,Mittleres Baumholz,Mittleres Baumholz_13,0.0,0.0,3.0,3.0,3.0,3.0,6379,not_young
0.945495178776153,15029.0,4.0,ds4,ds4_4,Schwaches Baumholz,Schwaches Baumholz_4,0.0,1.0,1.0,1.0,1.0,1.0,6380,not_young
0.61202016487767,15030.0,13.0,ds5,ds5_13,Mittleres Baumholz,Mittleres Baumholz_13,0.0,0.0,3.0,3.0,3.0,3.0,6381,not_young
0.813648596200644,15031.0,13.0,ds4,ds4_13,Schwaches Baumholz,Schwaches Baumholz_13,0.0,0.0,3.0,3.0,4.0,3.0,6382,not_young
4.632966598752796,15033.0,4.0,ds6,ds6_4,Starkes Baumholz,Starkes Baumholz_4,0.0,0.0,3.0,3.0,4.0,3.0,6383,not_young
5.276485984696506,15034.0,4.0,ds5,ds5_4,Mittleres Baumholz,Mittleres Baumholz_4,0.0,1.0,1.0,1.0,1.0,1.0,6384,not_young
4.456549864419294,15035.0,13.0,ds1,ds1_13,Jungwuchs/Dickung,Jungwuchs/Dickung_13,0.0,0.0,3.0,3.0,3.0,3.0,6385,young
1.559967426974012,15036.0,13.0,ds6,ds6_13,Starkes Baumholz,Starkes Baumholz_13,0.0,0.0,3.0,3.0,3.0,3.0,6386,not_young
0.589052697225846,15037.0,4.0,ds5,ds5_4,Mittleres Baumholz,Mittleres Baumholz_4,0.0,0.0,3.0,3.0,3.0,3.0,6387,not_young
0.568186207705142,15039.0,13.0,ds1,ds1_13,Jungwuchs/Dickung,Jungwuchs/Dickung_13,0.0,0.0,3.0,3.0,4.0,3.0,6388,young
1.812990033948892,15040.0,13.0,ds1,ds1_13,Jungwuchs/Dickung,Jungwuchs/Dickung_13,0.0,0.0,3.0,3.0,3.0,3.0,6389,young
5.128961910591324,15041.0,13.0,ds2,ds2_13,Jungwuchs/Dickung,Jungwuchs/Dickung_13,0.0,0.0,3.0,3.0,3.0,3.0,6390,young
1.824315159488353,15042.0,4.0,ds3,ds3_4,Stangenholz,Stangenholz_4,0.0,0.0,3.0,3.0,4.0,3.0,6391,not_young
3.943060951272864,15044.0,13.0,ds2,ds2_13,Jungwuchs/Dickung,Jungwuchs/Dickung_13,0.0,0.0,3.0,3.0,3.0,3.0,6392,young
0.706679878882156,15045.0,4.0,ds4,ds4_4,Schwaches Baumholz,Schwaches Baumholz_4,0.0,1.0,1.0,1.0,1.0,1.0,6393,not_young
0.553603631760535,15049.0,13.0,ds6,ds6_13,Starkes Baumholz,Starkes Baumholz_13,0.0,0.0,3.0,3.0,4.0,4.0,6394,not_young
0.511489446768095,15052.0,13.0,ds2,ds2_13,Jungwuchs/Dickung,Jungwuchs/Dickung_13,0.0,0.0,3.0,3.0,3.0,3.0,6395,young
0.543733392366022,15054.0,13.0,ds5,ds5_13,Mittleres Baumholz,Mittleres Baumholz_13,0.0,0.0,3.0,3.0,4.0,3.0,6396,not_young
0.742014028658593,15057.0,13.0,ds1,ds1_13,Jungwuchs/Dickung,Jungwuchs/Dickung_13,0.0,0.0,3.0,3.0,4.0,3.0,6397,young
0.690516019144468,15058.0,4.0,ds1,ds1_4,Jungwuchs/Dickung,Jungwuchs/Dickung_4,0.0,0.0,3.0,3.0,3.0,3.0,6398,young
1.201782211066596,15059.0,13.0,ds4,ds4_13,Schwaches Baumholz,Schwaches Baumholz_13,0.0,0.0,3.0,3.0,4.0,3.0,6399,not_young
0.702150392382266,15062.0,13.0,ds1,ds1_13,Jungwuchs/Dickung,Jungwuchs/Dickung_13,0.0,0.0,3.0,3.0,4.0,3.0,6400,young
0.67828857059353,15063.0,13.0,ds1,ds1_13,Jungwuchs/Dickung,Jungwuchs/Dickung_13,0.0,0.0,3.0,3.0,3.0,3.0,6401,young
0.64943564288849,15065.0,13.0,ds2,ds2_13,Jungwuchs/Dickung,Jungwuchs/Dickung_13,0.0,0.0,3.0,3.0,4.0,3.0,6402,young
0.57741265593823,15066.0,4.0,ds1,ds1_4,Jungwuchs/Dickung,Jungwuchs/Dickung_4,0.0,0.0,3.0,3.0,3.0,3.0,6403,young
0.93539019129239,15067.0,4.0,ds6,ds6_4,Starkes Baumholz,Starkes Baumholz_4,0.0,0.0,3.0,3.0,4.0,3.0,6404,not_young
1.026630351766059,15069.0,13.0,ds1,ds1_13,Jungwuchs/Dickung,Jungwuchs/Dickung_13,0.0,0.0,3.0,3.0,4.0,4.0,6405,young
0.758517722444916,15073.0,4.0,ds4,ds4_4,Schwaches Baumholz,Schwaches Baumholz_4,0.0,0.0,3.0,3.0,4.0,3.0,6406,not_young
1.058749848050834,15079.0,13.0,ds1,ds1_13,Jungwuchs/Dickung,Jungwuchs/Dickung_13,0.0,0.0,3.0,3.0,3.0,3.0,6407,young
1.04992746400903,15082.0,4.0,ds2,ds2_4,Jungwuchs/Dickung,Jungwuchs/Dickung_4,0.0,1.0,1.0,1.0,1.0,1.0,6408,young
1.399609054005938,15086.0,4.0,ds1,ds1_4,Jungwuchs/Dickung,Jungwuchs/Dickung_4,0.0,0.0,3.0,3.0,3.0,3.0,6409,young
0.89078823829745,15090.0,4.0,ds2,ds2_4,Jungwuchs/Dickung,Jungwuchs/Dickung_4,0.0,0.0,3.0,3.0,3.0,3.0,6410,young
0.649486221421696,15092.0,4.0,ds2,ds2_4,Jungwuchs/Dickung,Jungwuchs/Dickung_4,0.0,0.0,3.0,3.0,3.0,3.0,6411,young
0.524932554699993,15097.0,4.0,ds4,ds4_4,Schwaches Baumholz,Schwaches Baumholz_4,0.0,0.0,3.0,3.0,3.0,3.0,6412,not_young
0.856176970733423,15099.0,4.0,ds5,ds5_4,Mittleres Baumholz,Mittleres Baumholz_4,0.0,0.0,3.0,3.0,3.0,3.0,6413,not_young
0.787983819405083,15101.0,4.0,ds2,ds2_4,Jungwuchs/Dickung,Jungwuchs/Dickung_4,0.0,1.0,1.0,1.0,1.0,1.0,6414,young
0.751237290369897,15103.0,4.0,ds5,ds5_4,Mittleres Baumholz,Mittleres Baumholz_4,0.0,0.0,3.0,3.0,4.0,3.0,6415,not_young
0.542734999373742,15107.0,4.0,ds4,ds4_4,Schwaches Baumholz,Schwaches Baumholz_4,0.0,0.0,3.0,3.0,3.0,3.0,6416,not_young
0.716693674565759,15109.0,4.0,ds4,ds4_4,Schwaches Baumholz,Schwaches Baumholz_4,0.0,0.0,3.0,3.0,3.0,3.0,6417,not_young
1.914857218668352,15113.0,4.0,ds3,ds3_4,Stangenholz,Stangenholz_4,0.0,0.0,3.0,3.0,3.0,3.0,6418,not_young
0.517617862926703,15114.0,4.0,ds3,ds3_4,Stangenholz,Stangenholz_4,0.0,0.0,3.0,3.0,3.0,3.0,6419,not_young
0.890233661841927,15125.0,4.0,ds1,ds1_4,Jungwuchs/Dickung,Jungwuchs/Dickung_4,0.0,0.0,3.0,3.0,3.0,3.0,6420,young
1.201735410102271,15128.0,13.0,ds6,ds6_13,Starkes Baumholz,Starkes Baumholz_13,0.0,0.0,3.0,3.0,3.0,3.0,6421,not_young
0.813474605754996,15132.0,4.0,ds4,ds4_4,Schwaches Baumholz,Schwaches Baumholz_4,0.0,0.0,3.0,3.0,4.0,3.0,6422,not_young
0.821011712162942,15134.0,13.0,ds2,ds2_13,Jungwuchs/Dickung,Jungwuchs/Dickung_13,0.0,0.0,3.0,3.0,4.0,4.0,6423,young
0.788820533897914,15136.0,4.0,ds1,ds1_4,Jungwuchs/Dickung,Jungwuchs/Dickung_4,0.0,0.0,3.0,3.0,4.0,3.0,6424,young
0.524477347420552,15137.0,4.0,ds1,ds1_4,Jungwuchs/Dickung,Jungwuchs/Dickung_4,0.0,0.0,3.0,3.0,4.0,3.0,6425,young
3.092980109176133,15138.0,4.0,ds1,ds1_4,Jungwuchs/Dickung,Jungwuchs/Dickung_4,0.0,0.0,3.0,3.0,3.0,3.0,6426,young
0.522276808167621,15139.0,13.0,ds2,ds2_13,Jungwuchs/Dickung,Jungwuchs/Dickung_13,0.0,0.0,3.0,3.0,3.0,3.0,6427,young
0.541124831199553,15141.0,4.0,ds2,ds2_4,Jungwuchs/Dickung,Jungwuchs/Dickung_4,0.0,0.0,3.0,3.0,3.0,3.0,6428,young
0.67089833225233,15147.0,4.0,ds3,ds3_4,Stangenholz,Stangenholz_4,0.0,0.0,3.0,3.0,3.0,3.0,6429,not_young
0.635054756110371,15149.0,4.0,ds1,ds1_4,Jungwuchs/Dickung,Jungwuchs/Dickung_4,0.0,0.0,3.0,3.0,4.0,4.0,6430,young
1.325084483054807,15153.0,4.0,ds5,ds5_4,Mittleres Baumholz,Mittleres Baumholz_4,0.0,0.0,3.0,3.0,3.0,3.0,6431,not_young
1.579603815070493,15154.0,4.0,ds5,ds5_4,Mittleres Baumholz,Mittleres Baumholz_4,0.0,0.0,3.0,3.0,3.0,3.0,6432,not_young
1.196337669573352,15155.0,4.0,ds6,ds6_4,Starkes Baumholz,Starkes Baumholz_4,0.0,0.0,3.0,3.0,3.0,3.0,6433,not_young
0.993155313335207,15157.0,4.0,ds3,ds3_4,Stangenholz,Stangenholz_4,0.0,0.0,3.0,3.0,4.0,4.0,6434,not_young
2.123645280428371,15158.0,4.0,ds5,ds5_4,Mittleres Baumholz,Mittleres Baumholz_4,0.0,0.0,3.0,3.0,4.0,4.0,6435,not_young
0.503897129266779,15160.0,4.0,ds4,ds4_4,Schwaches Baumholz,Schwaches Baumholz_4,0.0,0.0,3.0,3.0,3.0,3.0,6436,not_young
0.720772920334828,15161.0,4.0,ds3,ds3_4,Stangenholz,Stangenholz_4,0.0,0.0,3.0,3.0,3.0,3.0,6437,not_young
0.515711538780294,15163.0,4.0,ds3,ds3_4,Stangenholz,Stangenholz_4,0.0,0.0,3.0,3.0,4.0,3.0,6438,not_young
0.5158152025152,15164.0,13.0,ds6,ds6_13,Starkes Baumholz,Starkes Baumholz_13,0.0,1.0,1.0,1.0,1.0,1.0,6439,not_young
0.964431775662839,15165.0,4.0,ds5,ds5_4,Mittleres Baumholz,Mittleres Baumholz_4,0.0,0.0,3.0,3.0,3.0,3.0,6440,not_young
1.083031966629927,15167.0,4.0,ds5,ds5_4,Mittleres Baumholz,Mittleres Baumholz_4,0.0,0.0,3.0,3.0,3.0,3.0,6441,not_young
0.573841976933117,15168.0,4.0,ds4,ds4_4,Schwaches Baumholz,Schwaches Baumholz_4,0.0,0.0,3.0,3.0,3.0,3.0,6442,not_young
1.398711525770347,15169.0,4.0,ds5,ds5_4,Mittleres Baumholz,Mittleres Baumholz_4,0.0,0.0,3.0,3.0,4.0,3.0,6443,not_young
1.670721360305324,15174.0,4.0,ds6,ds6_4,Starkes Baumholz,Starkes Baumholz_4,0.0,0.0,3.0,3.0,3.0,3.0,6444,not_young
0.530137178730778,15175.0,4.0,ds2,ds2_4,Jungwuchs/Dickung,Jungwuchs/Dickung_4,0.0,0.0,3.0,3.0,3.0,3.0,6445,young
1.393279664390022,15179.0,4.0,ds1,ds1_4,Jungwuchs/Dickung,Jungwuchs/Dickung_4,0.0,0.0,3.0,3.0,3.0,3.0,6446,young
0.795127009642578,15183.0,13.0,ds4,ds4_13,Schwaches Baumholz,Schwaches Baumholz_13,0.0,0.0,3.0,3.0,3.0,3.0,6447,not_young
0.977811679017177,15184.0,13.0,ds3,ds3_13,Stangenholz,Stangenholz_13,0.0,0.0,3.0,3.0,4.0,4.0,6448,not_young
1.32270601239265,15185.0,13.0,ds2,ds2_13,Jungwuchs/Dickung,Jungwuchs/Dickung_13,0.0,0.0,3.0,3.0,4.0,4.0,6449,young
0.939862378034741,15187.0,13.0,ds2,ds2_13,Jungwuchs/Dickung,Jungwuchs/Dickung_13,0.0,0.0,3.0,3.0,3.0,3.0,6450,young
1.374189109606482,15189.0,13.0,ds5,ds5_13,Mittleres Baumholz,Mittleres Baumholz_13,0.0,0.0,3.0,3.0,4.0,3.0,6451,not_young
0.815876487790234,15190.0,13.0,ds2,ds2_13,Jungwuchs/Dickung,Jungwuchs/Dickung_13,0.0,0.0,3.0,3.0,3.0,3.0,6452,young
0.845283523334283,15191.0,4.0,ds1,ds1_4,Jungwuchs/Dickung,Jungwuchs/Dickung_4,0.0,0.0,3.0,3.0,3.0,3.0,6453,young
1.122959865094791,15193.0,13.0,ds4,ds4_13,Schwaches Baumholz,Schwaches Baumholz_13,0.0,0.0,3.0,3.0,3.0,3.0,6454,not_young
0.676890330359363,15194.0,4.0,ds5,ds5_4,Mittleres Baumholz,Mittleres Baumholz_4,0.0,0.0,3.0,3.0,4.0,4.0,6455,not_young
0.715826927631907,15195.0,13.0,ds4,ds4_13,Schwaches Baumholz,Schwaches Baumholz_13,0.0,0.0,3.0,3.0,4.0,4.0,6456,not_young
0.770198188755091,15197.0,13.0,ds5,ds5_13,Mittleres Baumholz,Mittleres Baumholz_13,0.0,0.0,3.0,1.0,3.0,3.0,6457,not_young
0.844186012162082,15199.0,4.0,ds3,ds3_4,Stangenholz,Stangenholz_4,0.0,1.0,1.0,1.0,1.0,1.0,6458,not_young
0.810550540079005,15203.0,4.0,ds4,ds4_4,Schwaches Baumholz,Schwaches Baumholz_4,0.0,0.0,3.0,3.0,4.0,3.0,6459,not_young
2.618233656484715,15204.0,4.0,ds1,ds1_4,Jungwuchs/Dickung,Jungwuchs/Dickung_4,0.0,0.0,3.0,3.0,3.0,3.0,6460,young
1.151327450490202,15206.0,4.0,ds1,ds1_4,Jungwuchs/Dickung,Jungwuchs/Dickung_4,0.0,0.0,3.0,3.0,3.0,3.0,6461,young
0.54498036868088,15207.0,4.0,ds2,ds2_4,Jungwuchs/Dickung,Jungwuchs/Dickung_4,0.0,0.0,3.0,3.0,4.0,4.0,6462,young
0.792149756779219,15208.0,4.0,ds3,ds3_4,Stangenholz,Stangenholz_4,0.0,0.0,3.0,3.0,4.0,4.0,6463,not_young
1.187702573380096,15209.0,4.0,ds2,ds2_4,Jungwuchs/Dickung,Jungwuchs/Dickung_4,0.0,1.0,1.0,1.0,1.0,1.0,6464,young
2.120139134093851,15210.0,4.0,ds3,ds3_4,Stangenholz,Stangenholz_4,0.0,1.0,1.0,1.0,1.0,1.0,6465,not_young
0.597441141277264,15211.0,4.0,ds3,ds3_4,Stangenholz,Stangenholz_4,0.0,0.0,3.0,3.0,3.0,3.0,6466,not_young
0.757350509271491,15212.0,4.0,ds4,ds4_4,Schwaches Baumholz,Schwaches Baumholz_4,0.0,0.0,3.0,3.0,4.0,3.0,6467,not_young
0.594441000661126,15214.0,4.0,ds4,ds4_4,Schwaches Baumholz,Schwaches Baumholz_4,0.0,0.0,3.0,3.0,4.0,3.0,6468,not_young
0.635505454931175,15215.0,4.0,ds1,ds1_4,Jungwuchs/Dickung,Jungwuchs/Dickung_4,0.0,0.0,3.0,3.0,3.0,3.0,6469,young
0.717766897702997,15217.0,4.0,ds4,ds4_4,Schwaches Baumholz,Schwaches Baumholz_4,0.0,0.0,3.0,3.0,4.0,4.0,6470,not_young
1.195227936513163,15218.0,4.0,ds1,ds1_4,Jungwuchs/Dickung,Jungwuchs/Dickung_4,0.0,1.0,1.0,1.0,1.0,1.0,6471,young
0.56691514333277,15222.0,4.0,ds4,ds4_4,Schwaches Baumholz,Schwaches Baumholz_4,0.0,1.0,1.0,1.0,1.0,1.0,6472,not_young
1.438718016301515,15224.0,4.0,ds1,ds1_4,Jungwuchs/Dickung,Jungwuchs/Dickung_4,0.0,0.0,3.0,3.0,4.0,3.0,6473,young
0.985250250753704,15226.0,13.0,ds4,ds4_13,Schwaches Baumholz,Schwaches Baumholz_13,0.0,1.0,1.0,1.0,1.0,1.0,6474,not_young
1.425018016245216,15228.0,13.0,ds5,ds5_13,Mittleres Baumholz,Mittleres Baumholz_13,0.0,1.0,1.0,1.0,1.0,1.0,6475,not_young
2.325907990567994,15229.0,4.0,ds5,ds5_4,Mittleres Baumholz,Mittleres Baumholz_4,0.0,0.0,3.0,3.0,3.0,3.0,6476,not_young
0.845082816927973,15231.0,13.0,ds1,ds1_13,Jungwuchs/Dickung,Jungwuchs/Dickung_13,0.0,0.0,3.0,3.0,3.0,3.0,6477,young
1.531034834877012,15232.0,4.0,ds2,ds2_4,Jungwuchs/Dickung,Jungwuchs/Dickung_4,0.0,0.0,3.0,3.0,3.0,3.0,6478,young
1.325485680728406,15233.0,13.0,ds4,ds4_13,Schwaches Baumholz,Schwaches Baumholz_13,0.0,0.0,3.0,3.0,4.0,4.0,6479,not_young
1.09845843132888,15234.0,13.0,ds5,ds5_13,Mittleres Baumholz,Mittleres Baumholz_13,0.0,0.0,3.0,3.0,3.0,3.0,6480,not_young
1.159540840360435,15235.0,4.0,ds5,ds5_4,Mittleres Baumholz,Mittleres Baumholz_4,0.0,0.0,3.0,3.0,4.0,3.0,6481,not_young
3.170394051539013,15236.0,13.0,ds1,ds1_13,Jungwuchs/Dickung,Jungwuchs/Dickung_13,0.0,0.0,3.0,3.0,4.0,3.0,6482,young
1.038859370021801,15237.0,13.0,ds1,ds1_13,Jungwuchs/Dickung,Jungwuchs/Dickung_13,0.0,0.0,3.0,3.0,4.0,4.0,6483,young
3.202741695808584,15239.0,4.0,ds2,ds2_4,Jungwuchs/Dickung,Jungwuchs/Dickung_4,0.0,0.0,3.0,3.0,3.0,3.0,6484,young
0.960203029764909,15240.0,4.0,ds6,ds6_4,Starkes Baumholz,Starkes Baumholz_4,0.0,0.0,3.0,3.0,4.0,4.0,6485,not_young
0.769136975077074,15241.0,4.0,ds5,ds5_4,Mittleres Baumholz,Mittleres Baumholz_4,0.0,0.0,3.0,3.0,3.0,3.0,6486,not_young
1.103539430352394,15242.0,4.0,ds2,ds2_4,Jungwuchs/Dickung,Jungwuchs/Dickung_4,0.0,0.0,3.0,3.0,3.0,3.0,6487,young
0.576925921858754,15243.0,4.0,ds4,ds4_4,Schwaches Baumholz,Schwaches Baumholz_4,0.0,0.0,3.0,3.0,3.0,3.0,6488,not_young
1.409467225608975,15244.0,13.0,ds4,ds4_13,Schwaches Baumholz,Schwaches Baumholz_13,0.0,0.0,3.0,3.0,3.0,3.0,6489,not_young
1.25147518543301,15245.0,4.0,ds1,ds1_4,Jungwuchs/Dickung,Jungwuchs/Dickung_4,0.0,0.0,3.0,3.0,3.0,3.0,6490,young
1.107436825682269,15247.0,13.0,ds2,ds2_13,Jungwuchs/Dickung,Jungwuchs/Dickung_13,0.0,0.0,3.0,3.0,3.0,3.0,6491,young
0.854216409515333,15248.0,13.0,ds4,ds4_13,Schwaches Baumholz,Schwaches Baumholz_13,0.0,0.0,3.0,3.0,3.0,3.0,6492,not_young
1.56447041225317,15249.0,13.0,ds6,ds6_13,Starkes Baumholz,Starkes Baumholz_13,0.0,0.0,3.0,3.0,4.0,3.0,6493,not_young
1.480635975347087,15251.0,13.0,ds2,ds2_13,Jungwuchs/Dickung,Jungwuchs/Dickung_13,0.0,0.0,3.0,3.0,3.0,3.0,6494,young
1.278664277222072,15254.0,4.0,ds4,ds4_4,Schwaches Baumholz,Schwaches Baumholz_4,0.0,0.0,3.0,3.0,3.0,3.0,6495,not_young
1.710627516415075,15255.0,4.0,ds1,ds1_4,Jungwuchs/Dickung,Jungwuchs/Dickung_4,0.0,0.0,3.0,3.0,3.0,3.0,6496,young
0.858479279574798,15256.0,4.0,ds6,ds6_4,Starkes Baumholz,Starkes Baumholz_4,0.0,0.0,3.0,3.0,4.0,3.0,6497,not_young
0.676189938434589,15258.0,4.0,ds4,ds4_4,Schwaches Baumholz,Schwaches Baumholz_4,0.0,0.0,3.0,3.0,3.0,3.0,6498,not_young
0.953864837656659,15259.0,4.0,ds2,ds2_4,Jungwuchs/Dickung,Jungwuchs/Dickung_4,0.0,0.0,3.0,3.0,3.0,3.0,6499,young
0.541502481329395,15260.0,4.0,ds4,ds4_4,Schwaches Baumholz,Schwaches Baumholz_4,0.0,0.0,3.0,3.0,3.0,3.0,6500,not_young
1.79431235016631,15261.0,4.0,ds1,ds1_4,Jungwuchs/Dickung,Jungwuchs/Dickung_4,0.0,0.0,3.0,3.0,4.0,3.0,6501,young
1.234081642492465,15262.0,4.0,ds5,ds5_4,Mittleres Baumholz,Mittleres Baumholz_4,0.0,0.0,3.0,1.0,3.0,3.0,6502,not_young
1.096233861674322,15263.0,4.0,ds1,ds1_4,Jungwuchs/Dickung,Jungwuchs/Dickung_4,0.0,0.0,3.0,3.0,3.0,3.0,6503,young
0.568721470963396,15264.0,4.0,ds5,ds5_4,Mittleres Baumholz,Mittleres Baumholz_4,0.0,0.0,3.0,3.0,3.0,3.0,6504,not_young
0.932830041595013,15265.0,4.0,ds3,ds3_4,Stangenholz,Stangenholz_4,0.0,0.0,3.0,3.0,3.0,3.0,6505,not_young
1.810593585253065,15267.0,13.0,ds6,ds6_13,Starkes Baumholz,Starkes Baumholz_13,0.0,0.0,3.0,3.0,3.0,3.0,6506,not_young
1.852602190014287,15268.0,13.0,ds6,ds6_13,Starkes Baumholz,Starkes Baumholz_13,0.0,0.0,3.0,3.0,3.0,3.0,6507,not_young
0.545493053065467,15270.0,4.0,ds3,ds3_4,Stangenholz,Stangenholz_4,0.0,0.0,3.0,3.0,3.0,3.0,6508,not_young
1.189539002075417,15272.0,4.0,ds3,ds3_4,Stangenholz,Stangenholz_4,0.0,0.0,3.0,3.0,3.0,3.0,6509,not_young
0.61612673510965,15278.0,4.0,ds1,ds1_4,Jungwuchs/Dickung,Jungwuchs/Dickung_4,0.0,0.0,3.0,3.0,4.0,4.0,6510,young
1.223624924329888,15279.0,13.0,ds5,ds5_13,Mittleres Baumholz,Mittleres Baumholz_13,0.0,0.0,3.0,3.0,3.0,3.0,6511,not_young
0.509674658292835,15280.0,4.0,ds5,ds5_4,Mittleres Baumholz,Mittleres Baumholz_4,0.0,0.0,3.0,3.0,3.0,3.0,6512,not_young
0.546208076290367,15281.0,4.0,ds5,ds5_4,Mittleres Baumholz,Mittleres Baumholz_4,0.0,0.0,3.0,3.0,4.0,3.0,6513,not_young
0.841013066115021,15284.0,4.0,ds1,ds1_4,Jungwuchs/Dickung,Jungwuchs/Dickung_4,0.0,0.0,3.0,3.0,3.0,3.0,6514,young
2.090260785522929,15286.0,4.0,ds5,ds5_4,Mittleres Baumholz,Mittleres Baumholz_4,0.0,0.0,3.0,3.0,4.0,4.0,6515,not_young
1.714592157447008,15287.0,4.0,ds3,ds3_4,Stangenholz,Stangenholz_4,0.0,1.0,1.0,1.0,1.0,1.0,6516,not_young
0.555184681662824,15289.0,4.0,ds6,ds6_4,Starkes Baumholz,Starkes Baumholz_4,0.0,0.0,3.0,3.0,4.0,4.0,6517,not_young
0.625761240608816,15293.0,4.0,ds1,ds1_4,Jungwuchs/Dickung,Jungwuchs/Dickung_4,0.0,0.0,3.0,3.0,4.0,3.0,6518,young
0.884708677172032,15295.0,13.0,ds2,ds2_13,Jungwuchs/Dickung,Jungwuchs/Dickung_13,0.0,0.0,3.0,3.0,3.0,3.0,6519,young
0.770749096059543,15296.0,4.0,ds5,ds5_4,Mittleres Baumholz,Mittleres Baumholz_4,0.0,0.0,3.0,3.0,4.0,4.0,6520,not_young
1.55816226630134,15297.0,4.0,ds4,ds4_4,Schwaches Baumholz,Schwaches Baumholz_4,0.0,0.0,3.0,3.0,3.0,3.0,6521,not_young
1.552459762898646,15298.0,4.0,ds5,ds5_4,Mittleres Baumholz,Mittleres Baumholz_4,0.0,0.0,3.0,3.0,3.0,3.0,6522,not_young
3.588969868777374,15299.0,13.0,ds4,ds4_13,Schwaches Baumholz,Schwaches Baumholz_13,0.0,0.0,3.0,3.0,4.0,3.0,6523,not_young
1.734970703338226,15300.0,4.0,ds4,ds4_4,Schwaches Baumholz,Schwaches Baumholz_4,0.0,1.0,1.0,1.0,1.0,1.0,6524,not_young
1.237268592214427,15301.0,4.0,ds3,ds3_4,Stangenholz,Stangenholz_4,0.0,0.0,3.0,3.0,3.0,3.0,6525,not_young
1.047525440687107,15302.0,4.0,ds5,ds5_4,Mittleres Baumholz,Mittleres Baumholz_4,0.0,0.0,3.0,3.0,3.0,3.0,6526,not_young
2.730594379328634,15303.0,4.0,ds4,ds4_4,Schwaches Baumholz,Schwaches Baumholz_4,0.0,0.0,3.0,3.0,3.0,3.0,6527,not_young
0.632480436469469,15304.0,13.0,ds3,ds3_13,Stangenholz,Stangenholz_13,0.0,0.0,3.0,3.0,3.0,3.0,6528,not_young
1.471176804968459,15305.0,13.0,ds5,ds5_13,Mittleres Baumholz,Mittleres Baumholz_13,0.0,0.0,3.0,3.0,3.0,3.0,6529,not_young
7.281606188406516,15306.0,13.0,ds6,ds6_13,Starkes Baumholz,Starkes Baumholz_13,0.0,0.0,3.0,3.0,3.0,3.0,6530,not_young
3.955334688154876,15307.0,13.0,ds6,ds6_13,Starkes Baumholz,Starkes Baumholz_13,0.0,0.0,3.0,3.0,3.0,3.0,6531,not_young
0.908306952777784,15308.0,4.0,ds6,ds6_4,Starkes Baumholz,Starkes Baumholz_4,0.0,0.0,3.0,3.0,3.0,3.0,6532,not_young
1.264078905720357,15309.0,4.0,ds6,ds6_4,Starkes Baumholz,Starkes Baumholz_4,0.0,0.0,3.0,3.0,3.0,3.0,6533,not_young
1.106467266488727,15310.0,4.0,ds6,ds6_4,Starkes Baumholz,Starkes Baumholz_4,0.0,0.0,3.0,3.0,4.0,3.0,6534,not_young
1.01934699549186,15312.0,4.0,ds5,ds5_4,Mittleres Baumholz,Mittleres Baumholz_4,0.0,0.0,3.0,3.0,4.0,4.0,6535,not_young
1.621449664029625,15313.0,4.0,ds4,ds4_4,Schwaches Baumholz,Schwaches Baumholz_4,0.0,0.0,3.0,3.0,4.0,4.0,6536,not_young
0.667056948933215,15315.0,13.0,ds5,ds5_13,Mittleres Baumholz,Mittleres Baumholz_13,0.0,0.0,3.0,3.0,3.0,3.0,6537,not_young
0.915862867652049,15316.0,13.0,ds3,ds3_13,Stangenholz,Stangenholz_13,0.0,0.0,3.0,3.0,3.0,3.0,6538,not_young
4.973270706312964,15317.0,4.0,ds4,ds4_4,Schwaches Baumholz,Schwaches Baumholz_4,0.0,0.0,3.0,3.0,3.0,3.0,6539,not_young
3.127455149639724,15318.0,4.0,ds5,ds5_4,Mittleres Baumholz,Mittleres Baumholz_4,0.0,0.0,3.0,3.0,3.0,3.0,6540,not_young
0.941320945643121,15319.0,4.0,ds3,ds3_4,Stangenholz,Stangenholz_4,0.0,0.0,3.0,3.0,3.0,3.0,6541,not_young
0.691759003316239,15330.0,4.0,ds5,ds5_4,Mittleres Baumholz,Mittleres Baumholz_4,0.0,0.0,3.0,3.0,3.0,3.0,6542,not_young
0.608014781840704,15332.0,13.0,ds5,ds5_13,Mittleres Baumholz,Mittleres Baumholz_13,0.0,0.0,3.0,3.0,3.0,3.0,6543,not_young
1.021045653250022,15336.0,4.0,ds4,ds4_4,Schwaches Baumholz,Schwaches Baumholz_4,0.0,0.0,3.0,3.0,3.0,3.0,6544,not_young
0.94118146008756,15340.0,13.0,ds6,ds6_13,Starkes Baumholz,Starkes Baumholz_13,0.0,0.0,3.0,3.0,4.0,3.0,6545,not_young
0.771955389399082,15344.0,13.0,ds6,ds6_13,Starkes Baumholz,Starkes Baumholz_13,0.0,1.0,1.0,1.0,1.0,1.0,6546,not_young
0.544789905882929,15347.0,4.0,ds2,ds2_4,Jungwuchs/Dickung,Jungwuchs/Dickung_4,0.0,0.0,3.0,3.0,4.0,4.0,6547,young
1.563827955255145,15351.0,13.0,ds6,ds6_13,Starkes Baumholz,Starkes Baumholz_13,0.0,0.0,3.0,3.0,3.0,3.0,6548,not_young
0.500373429266107,15357.0,13.0,ds5,ds5_13,Mittleres Baumholz,Mittleres Baumholz_13,0.0,1.0,1.0,1.0,1.0,1.0,6549,not_young
0.8329756453529,15358.0,13.0,ds5,ds5_13,Mittleres Baumholz,Mittleres Baumholz_13,0.0,1.0,1.0,1.0,1.0,1.0,6550,not_young
0.70903096911218,15362.0,4.0,ds1,ds1_4,Jungwuchs/Dickung,Jungwuchs/Dickung_4,0.0,0.0,3.0,3.0,3.0,3.0,6551,young
1.280602195498836,15372.0,4.0,ds4,ds4_4,Schwaches Baumholz,Schwaches Baumholz_4,0.0,0.0,3.0,3.0,3.0,3.0,6552,not_young
1.019703415258275,15373.0,4.0,ds5,ds5_4,Mittleres Baumholz,Mittleres Baumholz_4,0.0,0.0,3.0,3.0,3.0,3.0,6553,not_young
1.089076874433312,15377.0,4.0,ds5,ds5_4,Mittleres Baumholz,Mittleres Baumholz_4,0.0,0.0,3.0,3.0,3.0,3.0,6554,not_young
0.749532970818691,15378.0,4.0,ds3,ds3_4,Stangenholz,Stangenholz_4,0.0,0.0,3.0,3.0,3.0,3.0,6555,not_young
0.806572927482892,15379.0,4.0,ds4,ds4_4,Schwaches Baumholz,Schwaches Baumholz_4,0.0,0.0,3.0,3.0,3.0,3.0,6556,not_young
0.897724180346262,15380.0,4.0,ds5,ds5_4,Mittleres Baumholz,Mittleres Baumholz_4,0.0,0.0,3.0,3.0,4.0,3.0,6557,not_young
0.560892879357748,15381.0,13.0,ds3,ds3_13,Stangenholz,Stangenholz_13,0.0,1.0,1.0,1.0,1.0,1.0,6558,not_young
0.519929163599759,15382.0,4.0,ds2,ds2_4,Jungwuchs/Dickung,Jungwuchs/Dickung_4,0.0,0.0,3.0,3.0,4.0,3.0,6559,young
0.837434100819286,15385.0,4.0,ds2,ds2_4,Jungwuchs/Dickung,Jungwuchs/Dickung_4,0.0,0.0,3.0,3.0,3.0,3.0,6560,young
0.635889214565232,15386.0,4.0,ds4,ds4_4,Schwaches Baumholz,Schwaches Baumholz_4,0.0,0.0,3.0,3.0,3.0,3.0,6561,not_young
0.760879356646352,15388.0,4.0,ds3,ds3_4,Stangenholz,Stangenholz_4,0.0,0.0,3.0,3.0,3.0,3.0,6562,not_young
0.834753576983605,15395.0,4.0,ds5,ds5_4,Mittleres Baumholz,Mittleres Baumholz_4,0.0,0.0,3.0,3.0,3.0,3.0,6563,not_young
0.581695158563263,15399.0,4.0,ds5,ds5_4,Mittleres Baumholz,Mittleres Baumholz_4,0.0,0.0,3.0,3.0,4.0,3.0,6564,not_young
1.44470302495847,15402.0,4.0,ds4,ds4_4,Schwaches Baumholz,Schwaches Baumholz_4,0.0,0.0,3.0,3.0,4.0,3.0,6565,not_young
1.211501587635884,15403.0,4.0,ds3,ds3_4,Stangenholz,Stangenholz_4,0.0,0.0,3.0,3.0,3.0,3.0,6566,not_young
0.842022063202318,15404.0,13.0,ds2,ds2_13,Jungwuchs/Dickung,Jungwuchs/Dickung_13,0.0,0.0,3.0,3.0,3.0,3.0,6567,young
0.93059931176242,15406.0,4.0,ds1,ds1_4,Jungwuchs/Dickung,Jungwuchs/Dickung_4,0.0,0.0,3.0,3.0,4.0,3.0,6568,young
0.980590693005547,15407.0,4.0,ds3,ds3_4,Stangenholz,Stangenholz_4,0.0,0.0,3.0,3.0,4.0,3.0,6569,not_young
0.821605153942294,15408.0,4.0,ds2,ds2_4,Jungwuchs/Dickung,Jungwuchs/Dickung_4,0.0,0.0,3.0,3.0,4.0,3.0,6570,young
0.67090906437235,15409.0,4.0,ds3,ds3_4,Stangenholz,Stangenholz_4,0.0,0.0,3.0,3.0,3.0,3.0,6571,not_young
0.542633023945196,15410.0,4.0,ds3,ds3_4,Stangenholz,Stangenholz_4,0.0,0.0,3.0,3.0,3.0,3.0,6572,not_young
0.837643581857719,15412.0,4.0,ds3,ds3_4,Stangenholz,Stangenholz_4,0.0,0.0,3.0,3.0,4.0,4.0,6573,not_young
1.419995329630887,15415.0,4.0,ds2,ds2_4,Jungwuchs/Dickung,Jungwuchs/Dickung_4,0.0,0.0,3.0,3.0,3.0,3.0,6574,young
1.717782719998062,15416.0,4.0,ds4,ds4_4,Schwaches Baumholz,Schwaches Baumholz_4,0.0,0.0,3.0,3.0,3.0,3.0,6575,not_young
0.56033595694378,15417.0,4.0,ds3,ds3_4,Stangenholz,Stangenholz_4,0.0,0.0,3.0,3.0,4.0,4.0,6576,not_young
1.181201568212826,15418.0,4.0,ds3,ds3_4,Stangenholz,Stangenholz_4,0.0,0.0,3.0,3.0,3.0,3.0,6577,not_young
1.860553061169945,15419.0,4.0,ds1,ds1_4,Jungwuchs/Dickung,Jungwuchs/Dickung_4,0.0,0.0,3.0,3.0,3.0,3.0,6578,young
0.878924457048904,15420.0,4.0,ds2,ds2_4,Jungwuchs/Dickung,Jungwuchs/Dickung_4,0.0,0.0,3.0,3.0,4.0,4.0,6579,young
3.309553448014334,15422.0,4.0,ds3,ds3_4,Stangenholz,Stangenholz_4,0.0,0.0,3.0,3.0,4.0,3.0,6580,not_young
0.618105342539007,15424.0,4.0,ds5,ds5_4,Mittleres Baumholz,Mittleres Baumholz_4,0.0,0.0,3.0,3.0,4.0,3.0,6581,not_young
2.241868467334006,15425.0,4.0,ds6,ds6_4,Starkes Baumholz,Starkes Baumholz_4,0.0,0.0,3.0,3.0,4.0,3.0,6582,not_young
0.844574242672371,15429.0,4.0,ds6,ds6_4,Starkes Baumholz,Starkes Baumholz_4,0.0,0.0,3.0,3.0,4.0,3.0,6583,not_young
0.967041434156959,15430.0,4.0,ds5,ds5_4,Mittleres Baumholz,Mittleres Baumholz_4,0.0,0.0,3.0,3.0,3.0,3.0,6584,not_young
2.138712952645321,15431.0,4.0,ds2,ds2_4,Jungwuchs/Dickung,Jungwuchs/Dickung_4,0.0,0.0,3.0,3.0,3.0,3.0,6585,young
2.317003282289155,15432.0,4.0,ds6,ds6_4,Starkes Baumholz,Starkes Baumholz_4,0.0,0.0,3.0,3.0,4.0,3.0,6586,not_young
0.682623191378813,15439.0,4.0,ds1,ds1_4,Jungwuchs/Dickung,Jungwuchs/Dickung_4,0.0,0.0,3.0,3.0,3.0,3.0,6587,young
0.806017741439678,15440.0,4.0,ds4,ds4_4,Schwaches Baumholz,Schwaches Baumholz_4,0.0,0.0,3.0,3.0,4.0,3.0,6588,not_young
0.549596212497402,15444.0,4.0,ds4,ds4_4,Schwaches Baumholz,Schwaches Baumholz_4,0.0,0.0,3.0,3.0,3.0,3.0,6589,not_young
0.669913352058246,15446.0,4.0,ds4,ds4_4,Schwaches Baumholz,Schwaches Baumholz_4,0.0,0.0,3.0,3.0,3.0,3.0,6590,not_young
6.193973031069012,15450.0,4.0,ds6,ds6_4,Starkes Baumholz,Starkes Baumholz_4,0.0,0.0,3.0,3.0,3.0,3.0,6591,not_young
1.145752573944698,15451.0,13.0,ds5,ds5_13,Mittleres Baumholz,Mittleres Baumholz_13,0.0,0.0,3.0,3.0,3.0,3.0,6592,not_young
0.910015244708955,15453.0,4.0,ds5,ds5_4,Mittleres Baumholz,Mittleres Baumholz_4,0.0,0.0,3.0,3.0,3.0,3.0,6593,not_young
0.764342413989943,15454.0,13.0,ds2,ds2_13,Jungwuchs/Dickung,Jungwuchs/Dickung_13,0.0,0.0,3.0,1.0,3.0,3.0,6594,young
1.100935067703109,15455.0,4.0,ds6,ds6_4,Starkes Baumholz,Starkes Baumholz_4,0.0,0.0,3.0,3.0,3.0,3.0,6595,not_young
1.900285743019637,15456.0,4.0,ds6,ds6_4,Starkes Baumholz,Starkes Baumholz_4,0.0,0.0,3.0,3.0,3.0,3.0,6596,not_young
0.760968940035859,15457.0,4.0,ds1,ds1_4,Jungwuchs/Dickung,Jungwuchs/Dickung_4,0.0,0.0,3.0,3.0,3.0,3.0,6597,young
1.991316686512763,15459.0,4.0,ds1,ds1_4,Jungwuchs/Dickung,Jungwuchs/Dickung_4,0.0,0.0,3.0,3.0,3.0,3.0,6598,young
0.662358815524355,15461.0,4.0,ds6,ds6_4,Starkes Baumholz,Starkes Baumholz_4,0.0,0.0,3.0,3.0,3.0,3.0,6599,not_young
0.589406098979618,15464.0,13.0,ds4,ds4_13,Schwaches Baumholz,Schwaches Baumholz_13,0.0,0.0,3.0,3.0,3.0,3.0,6600,not_young
1.494486234905109,15467.0,4.0,ds5,ds5_4,Mittleres Baumholz,Mittleres Baumholz_4,0.0,0.0,3.0,3.0,3.0,3.0,6601,not_young
0.74593188244463,15471.0,4.0,ds5,ds5_4,Mittleres Baumholz,Mittleres Baumholz_4,0.0,0.0,3.0,3.0,4.0,4.0,6602,not_young
2.006074089533836,15472.0,4.0,ds5,ds5_4,Mittleres Baumholz,Mittleres Baumholz_4,0.0,0.0,3.0,3.0,3.0,3.0,6603,not_young
1.217086807074241,15473.0,4.0,ds2,ds2_4,Jungwuchs/Dickung,Jungwuchs/Dickung_4,0.0,0.0,3.0,3.0,3.0,3.0,6604,young
0.543760709945756,15474.0,4.0,ds3,ds3_4,Stangenholz,Stangenholz_4,0.0,0.0,3.0,3.0,3.0,3.0,6605,not_young
0.603369098611036,15475.0,4.0,ds5,ds5_4,Mittleres Baumholz,Mittleres Baumholz_4,0.0,0.0,3.0,3.0,4.0,3.0,6606,not_young
0.935784712733142,15477.0,4.0,ds5,ds5_4,Mittleres Baumholz,Mittleres Baumholz_4,0.0,0.0,3.0,3.0,3.0,3.0,6607,not_young
1.782757944356324,15480.0,4.0,ds6,ds6_4,Starkes Baumholz,Starkes Baumholz_4,0.0,0.0,3.0,3.0,3.0,3.0,6608,not_young
0.600156852914277,15481.0,4.0,ds5,ds5_4,Mittleres Baumholz,Mittleres Baumholz_4,0.0,0.0,3.0,3.0,3.0,3.0,6609,not_young
3.107327170448145,15482.0,4.0,ds6,ds6_4,Starkes Baumholz,Starkes Baumholz_4,0.0,0.0,3.0,3.0,3.0,3.0,6610,not_young
0.612726918813982,15483.0,4.0,ds2,ds2_4,Jungwuchs/Dickung,Jungwuchs/Dickung_4,0.0,0.0,3.0,3.0,3.0,3.0,6611,young
0.654881467380794,15484.0,4.0,ds2,ds2_4,Jungwuchs/Dickung,Jungwuchs/Dickung_4,0.0,0.0,3.0,3.0,4.0,4.0,6612,young
2.715415334362956,15487.0,4.0,ds4,ds4_4,Schwaches Baumholz,Schwaches Baumholz_4,0.0,0.0,3.0,3.0,3.0,3.0,6613,not_young
2.853579835503461,15488.0,4.0,ds3,ds3_4,Stangenholz,Stangenholz_4,0.0,0.0,3.0,3.0,4.0,4.0,6614,not_young
0.515406833808986,15489.0,4.0,ds2,ds2_4,Jungwuchs/Dickung,Jungwuchs/Dickung_4,0.0,0.0,3.0,3.0,4.0,4.0,6615,young
0.502168053163588,15493.0,4.0,ds4,ds4_4,Schwaches Baumholz,Schwaches Baumholz_4,0.0,0.0,3.0,3.0,3.0,3.0,6616,not_young
2.75962206717598,15495.0,13.0,ds4,ds4_13,Schwaches Baumholz,Schwaches Baumholz_13,0.0,0.0,3.0,3.0,3.0,3.0,6617,not_young
1.695902217725152,15497.0,13.0,ds5,ds5_13,Mittleres Baumholz,Mittleres Baumholz_13,0.0,0.0,3.0,3.0,3.0,3.0,6618,not_young
0.665882138194842,15498.0,4.0,ds2,ds2_4,Jungwuchs/Dickung,Jungwuchs/Dickung_4,0.0,0.0,3.0,3.0,4.0,3.0,6619,young
1.228667758497852,15499.0,13.0,ds4,ds4_13,Schwaches Baumholz,Schwaches Baumholz_13,0.0,0.0,3.0,3.0,3.0,3.0,6620,not_young
1.058065439999569,15502.0,4.0,ds4,ds4_4,Schwaches Baumholz,Schwaches Baumholz_4,0.0,0.0,3.0,3.0,3.0,3.0,6621,not_young
0.70668121752739,15505.0,4.0,ds6,ds6_4,Starkes Baumholz,Starkes Baumholz_4,0.0,0.0,3.0,3.0,3.0,3.0,6622,not_young
0.95829158410409,15507.0,4.0,ds4,ds4_4,Schwaches Baumholz,Schwaches Baumholz_4,0.0,0.0,3.0,3.0,3.0,3.0,6623,not_young
0.84973238582951,15508.0,4.0,ds2,ds2_4,Jungwuchs/Dickung,Jungwuchs/Dickung_4,0.0,0.0,3.0,3.0,3.0,3.0,6624,young
0.62861709887255,15509.0,4.0,ds5,ds5_4,Mittleres Baumholz,Mittleres Baumholz_4,0.0,0.0,3.0,3.0,4.0,3.0,6625,not_young
2.035413773596397,15510.0,13.0,ds6,ds6_13,Starkes Baumholz,Starkes Baumholz_13,0.0,0.0,3.0,3.0,3.0,3.0,6626,not_young
2.809769789357051,15511.0,4.0,ds6,ds6_4,Starkes Baumholz,Starkes Baumholz_4,0.0,0.0,3.0,3.0,3.0,3.0,6627,not_young
3.214081849895162,15512.0,4.0,ds5,ds5_4,Mittleres Baumholz,Mittleres Baumholz_4,0.0,0.0,3.0,3.0,4.0,3.0,6628,not_young
1.469314249278602,15513.0,4.0,ds6,ds6_4,Starkes Baumholz,Starkes Baumholz_4,0.0,0.0,3.0,3.0,4.0,3.0,6629,not_young
0.658554435485322,15514.0,13.0,ds2,ds2_13,Jungwuchs/Dickung,Jungwuchs/Dickung_13,0.0,0.0,3.0,3.0,4.0,4.0,6630,young
0.526692870679568,15516.0,4.0,ds4,ds4_4,Schwaches Baumholz,Schwaches Baumholz_4,0.0,1.0,1.0,1.0,1.0,1.0,6631,not_young
1.1903435622802,15517.0,4.0,ds4,ds4_4,Schwaches Baumholz,Schwaches Baumholz_4,0.0,0.0,3.0,1.0,3.0,3.0,6632,not_young
2.892075040701597,15518.0,13.0,ds5,ds5_13,Mittleres Baumholz,Mittleres Baumholz_13,0.0,1.0,1.0,1.0,1.0,1.0,6633,not_young
4.203834467566688,15520.0,13.0,ds6,ds6_13,Starkes Baumholz,Starkes Baumholz_13,0.0,1.0,1.0,1.0,1.0,1.0,6634,not_young
1.454183420146944,15522.0,4.0,ds6,ds6_4,Starkes Baumholz,Starkes Baumholz_4,0.0,0.0,3.0,3.0,4.0,4.0,6635,not_young
1.112314086140809,15525.0,4.0,ds5,ds5_4,Mittleres Baumholz,Mittleres Baumholz_4,0.0,0.0,3.0,3.0,4.0,3.0,6636,not_young
0.917513019478228,15527.0,4.0,ds5,ds5_4,Mittleres Baumholz,Mittleres Baumholz_4,0.0,0.0,3.0,1.0,3.0,3.0,6637,not_young
0.99783685482014,15528.0,4.0,ds2,ds2_4,Jungwuchs/Dickung,Jungwuchs/Dickung_4,0.0,0.0,3.0,3.0,3.0,3.0,6638,young
0.625892855140288,15529.0,4.0,ds4,ds4_4,Schwaches Baumholz,Schwaches Baumholz_4,0.0,0.0,3.0,3.0,4.0,4.0,6639,not_young
0.534744001703709,15531.0,4.0,ds4,ds4_4,Schwaches Baumholz,Schwaches Baumholz_4,0.0,0.0,3.0,3.0,4.0,3.0,6640,not_young
1.330619922597474,15532.0,13.0,ds5,ds5_13,Mittleres Baumholz,Mittleres Baumholz_13,0.0,0.0,3.0,3.0,3.0,3.0,6641,not_young
0.733117538357554,15534.0,4.0,ds2,ds2_4,Jungwuchs/Dickung,Jungwuchs/Dickung_4,0.0,0.0,3.0,3.0,3.0,3.0,6642,young
4.37493587621348,15535.0,4.0,ds6,ds6_4,Starkes Baumholz,Starkes Baumholz_4,0.0,0.0,3.0,3.0,4.0,3.0,6643,not_young
1.400849078243878,15538.0,4.0,ds4,ds4_4,Schwaches Baumholz,Schwaches Baumholz_4,0.0,0.0,3.0,3.0,4.0,3.0,6644,not_young
2.595340886730235,15539.0,4.0,ds5,ds5_4,Mittleres Baumholz,Mittleres Baumholz_4,0.0,0.0,3.0,3.0,4.0,3.0,6645,not_young
2.01351042920351,15540.0,4.0,ds5,ds5_4,Mittleres Baumholz,Mittleres Baumholz_4,0.0,0.0,3.0,3.0,3.0,3.0,6646,not_young
0.502213615161367,15541.0,4.0,ds4,ds4_4,Schwaches Baumholz,Schwaches Baumholz_4,0.0,0.0,3.0,3.0,4.0,4.0,6647,not_young
6.596473382334668,15543.0,4.0,ds3,ds3_4,Stangenholz,Stangenholz_4,0.0,0.0,3.0,3.0,3.0,3.0,6648,not_young
0.79083861358224,15544.0,4.0,ds5,ds5_4,Mittleres Baumholz,Mittleres Baumholz_4,0.0,0.0,3.0,3.0,3.0,3.0,6649,not_young
0.560995377593627,15545.0,4.0,ds3,ds3_4,Stangenholz,Stangenholz_4,0.0,0.0,3.0,3.0,3.0,3.0,6650,not_young
1.071709024306852,15546.0,4.0,ds2,ds2_4,Jungwuchs/Dickung,Jungwuchs/Dickung_4,0.0,0.0,3.0,3.0,4.0,4.0,6651,young
1.731859881356405,15547.0,4.0,ds3,ds3_4,Stangenholz,Stangenholz_4,0.0,1.0,1.0,1.0,1.0,1.0,6652,not_young
1.622329389082431,15548.0,4.0,ds3,ds3_4,Stangenholz,Stangenholz_4,0.0,0.0,3.0,3.0,3.0,3.0,6653,not_young
7.793198685274976,15549.0,4.0,ds6,ds6_4,Starkes Baumholz,Starkes Baumholz_4,0.0,0.0,3.0,3.0,3.0,3.0,6654,not_young
1.705153876611177,15550.0,4.0,ds5,ds5_4,Mittleres Baumholz,Mittleres Baumholz_4,0.0,0.0,3.0,3.0,3.0,3.0,6655,not_young
0.654950871715741,15553.0,13.0,ds4,ds4_13,Schwaches Baumholz,Schwaches Baumholz_13,0.0,0.0,3.0,3.0,3.0,3.0,6656,not_young
1.599585266441945,15554.0,4.0,ds1,ds1_4,Jungwuchs/Dickung,Jungwuchs/Dickung_4,0.0,0.0,3.0,3.0,3.0,3.0,6657,young
0.535195379422342,15556.0,4.0,ds2,ds2_4,Jungwuchs/Dickung,Jungwuchs/Dickung_4,0.0,0.0,3.0,3.0,4.0,3.0,6658,young
2.219484066215344,15557.0,13.0,ds5,ds5_13,Mittleres Baumholz,Mittleres Baumholz_13,0.0,0.0,3.0,3.0,3.0,3.0,6659,not_young
13.289888321682922,15558.0,4.0,ds6,ds6_4,Starkes Baumholz,Starkes Baumholz_4,0.0,0.0,3.0,3.0,4.0,3.0,6660,not_young
0.505108623372468,15559.0,13.0,ds2,ds2_13,Jungwuchs/Dickung,Jungwuchs/Dickung_13,0.0,1.0,1.0,1.0,1.0,1.0,6661,young
0.801373287325422,15560.0,4.0,ds3,ds3_4,Stangenholz,Stangenholz_4,0.0,0.0,3.0,3.0,3.0,3.0,6662,not_young
1.084226495255623,15561.0,4.0,ds5,ds5_4,Mittleres Baumholz,Mittleres Baumholz_4,0.0,0.0,3.0,3.0,3.0,3.0,6663,not_young
0.753266130993323,15563.0,4.0,ds2,ds2_4,Jungwuchs/Dickung,Jungwuchs/Dickung_4,0.0,0.0,3.0,3.0,3.0,3.0,6664,young
1.030245289864065,15564.0,13.0,ds3,ds3_13,Stangenholz,Stangenholz_13,0.0,0.0,3.0,3.0,3.0,3.0,6665,not_young
4.79203898875012,15566.0,4.0,ds6,ds6_4,Starkes Baumholz,Starkes Baumholz_4,0.0,0.0,3.0,3.0,3.0,3.0,6666,not_young
2.543662422314333,15567.0,4.0,ds6,ds6_4,Starkes Baumholz,Starkes Baumholz_4,0.0,0.0,3.0,3.0,3.0,3.0,6667,not_young
2.424954193545412,15568.0,4.0,ds3,ds3_4,Stangenholz,Stangenholz_4,0.0,0.0,3.0,3.0,3.0,3.0,6668,not_young
4.434392040087295,15569.0,4.0,ds6,ds6_4,Starkes Baumholz,Starkes Baumholz_4,0.0,0.0,3.0,3.0,3.0,3.0,6669,not_young
0.696509001230076,15570.0,4.0,ds3,ds3_4,Stangenholz,Stangenholz_4,0.0,0.0,3.0,3.0,3.0,3.0,6670,not_young
8.85496441525521,15571.0,13.0,ds6,ds6_13,Starkes Baumholz,Starkes Baumholz_13,0.0,1.0,1.0,1.0,1.0,1.0,6671,not_young
1.431783792521828,15573.0,4.0,ds4,ds4_4,Schwaches Baumholz,Schwaches Baumholz_4,0.0,0.0,3.0,3.0,4.0,4.0,6672,not_young
2.970403739760583,15574.0,4.0,ds6,ds6_4,Starkes Baumholz,Starkes Baumholz_4,0.0,0.0,3.0,3.0,3.0,3.0,6673,not_young
2.879552282525832,15575.0,4.0,ds5,ds5_4,Mittleres Baumholz,Mittleres Baumholz_4,0.0,0.0,3.0,3.0,3.0,3.0,6674,not_young
3.094699190473557,15576.0,4.0,ds2,ds2_4,Jungwuchs/Dickung,Jungwuchs/Dickung_4,0.0,0.0,3.0,3.0,3.0,3.0,6675,young
0.564952860822715,15577.0,4.0,ds1,ds1_4,Jungwuchs/Dickung,Jungwuchs/Dickung_4,0.0,0.0,3.0,3.0,3.0,3.0,6676,young
2.479369224421866,15578.0,4.0,ds5,ds5_4,Mittleres Baumholz,Mittleres Baumholz_4,0.0,0.0,3.0,3.0,3.0,3.0,6677,not_young
0.959629831256997,15579.0,4.0,ds4,ds4_4,Schwaches Baumholz,Schwaches Baumholz_4,0.0,0.0,3.0,3.0,3.0,3.0,6678,not_young
0.567332757530455,15580.0,4.0,ds2,ds2_4,Jungwuchs/Dickung,Jungwuchs/Dickung_4,0.0,0.0,3.0,3.0,3.0,3.0,6679,young
3.14759872405217,15581.0,4.0,ds2,ds2_4,Jungwuchs/Dickung,Jungwuchs/Dickung_4,0.0,0.0,3.0,3.0,3.0,3.0,6680,young
2.507822158672754,15582.0,4.0,ds4,ds4_4,Schwaches Baumholz,Schwaches Baumholz_4,0.0,0.0,3.0,3.0,4.0,3.0,6681,not_young
3.563293044623799,15583.0,13.0,ds2,ds2_13,Jungwuchs/Dickung,Jungwuchs/Dickung_13,0.0,0.0,3.0,3.0,3.0,3.0,6682,young
1.714861722042941,15584.0,4.0,ds4,ds4_4,Schwaches Baumholz,Schwaches Baumholz_4,0.0,0.0,3.0,3.0,4.0,4.0,6683,not_young
7.575099521228276,15585.0,4.0,ds1,ds1_4,Jungwuchs/Dickung,Jungwuchs/Dickung_4,0.0,0.0,3.0,3.0,3.0,3.0,6684,young
2.589904723421764,15588.0,4.0,ds3,ds3_4,Stangenholz,Stangenholz_4,0.0,0.0,3.0,3.0,3.0,3.0,6685,not_young
0.910422449670287,15589.0,4.0,ds4,ds4_4,Schwaches Baumholz,Schwaches Baumholz_4,0.0,0.0,3.0,3.0,3.0,3.0,6686,not_young
0.611296832148638,15590.0,4.0,ds2,ds2_4,Jungwuchs/Dickung,Jungwuchs/Dickung_4,0.0,0.0,3.0,3.0,3.0,3.0,6687,young
1.970942403724534,15592.0,4.0,ds6,ds6_4,Starkes Baumholz,Starkes Baumholz_4,0.0,0.0,3.0,3.0,4.0,3.0,6688,not_young
0.840904125473287,15593.0,4.0,ds4,ds4_4,Schwaches Baumholz,Schwaches Baumholz_4,0.0,0.0,3.0,3.0,4.0,4.0,6689,not_young
0.721909451594669,15595.0,4.0,ds6,ds6_4,Starkes Baumholz,Starkes Baumholz_4,0.0,0.0,3.0,3.0,4.0,3.0,6690,not_young
1.053053626691266,15596.0,4.0,ds4,ds4_4,Schwaches Baumholz,Schwaches Baumholz_4,0.0,0.0,3.0,3.0,4.0,4.0,6691,not_young
2.774955349231605,15597.0,4.0,ds4,ds4_4,Schwaches Baumholz,Schwaches Baumholz_4,0.0,0.0,3.0,3.0,3.0,3.0,6692,not_young
0.671144339994807,15598.0,4.0,ds4,ds4_4,Schwaches Baumholz,Schwaches Baumholz_4,0.0,0.0,3.0,3.0,3.0,3.0,6693,not_young
2.867352872972391,15601.0,4.0,ds5,ds5_4,Mittleres Baumholz,Mittleres Baumholz_4,0.0,0.0,3.0,3.0,3.0,3.0,6694,not_young
0.813256085047603,15602.0,4.0,ds6,ds6_4,Starkes Baumholz,Starkes Baumholz_4,0.0,0.0,3.0,3.0,3.0,3.0,6695,not_young
5.783662628145728,15605.0,4.0,ds6,ds6_4,Starkes Baumholz,Starkes Baumholz_4,0.0,0.0,3.0,3.0,3.0,3.0,6696,not_young
0.513239679257129,15608.0,4.0,ds1,ds1_4,Jungwuchs/Dickung,Jungwuchs/Dickung_4,0.0,0.0,3.0,3.0,3.0,3.0,6697,young
1.116260883071134,15610.0,4.0,ds5,ds5_4,Mittleres Baumholz,Mittleres Baumholz_4,0.0,0.0,3.0,3.0,4.0,3.0,6698,not_young
1.528882315985579,15611.0,13.0,ds5,ds5_13,Mittleres Baumholz,Mittleres Baumholz_13,0.0,0.0,3.0,3.0,4.0,4.0,6699,not_young
18.561742698879296,15612.0,4.0,ds6,ds6_4,Starkes Baumholz,Starkes Baumholz_4,0.0,0.0,3.0,3.0,3.0,3.0,6700,not_young
0.68095242942943,15613.0,4.0,ds4,ds4_4,Schwaches Baumholz,Schwaches Baumholz_4,0.0,0.0,3.0,3.0,4.0,3.0,6701,not_young
1.515039797893928,15615.0,4.0,ds3,ds3_4,Stangenholz,Stangenholz_4,0.0,0.0,3.0,3.0,4.0,3.0,6702,not_young
1.94338300139911,15616.0,4.0,ds6,ds6_4,Starkes Baumholz,Starkes Baumholz_4,0.0,0.0,3.0,3.0,3.0,3.0,6703,not_young
0.505968227031571,15617.0,4.0,ds3,ds3_4,Stangenholz,Stangenholz_4,0.0,0.0,3.0,3.0,3.0,3.0,6704,not_young
0.949095634098208,15619.0,4.0,ds4,ds4_4,Schwaches Baumholz,Schwaches Baumholz_4,0.0,0.0,3.0,3.0,3.0,3.0,6705,not_young
0.590267740902864,15620.0,4.0,ds1,ds1_4,Jungwuchs/Dickung,Jungwuchs/Dickung_4,0.0,0.0,3.0,3.0,3.0,3.0,6706,young
0.835083372955024,15621.0,4.0,ds1,ds1_4,Jungwuchs/Dickung,Jungwuchs/Dickung_4,0.0,0.0,3.0,1.0,3.0,3.0,6707,young
2.59611775482765,15622.0,4.0,ds3,ds3_4,Stangenholz,Stangenholz_4,0.0,0.0,3.0,3.0,4.0,3.0,6708,not_young
2.055118975489726,15623.0,4.0,ds4,ds4_4,Schwaches Baumholz,Schwaches Baumholz_4,0.0,0.0,3.0,3.0,3.0,3.0,6709,not_young
1.164485685766881,15624.0,4.0,ds4,ds4_4,Schwaches Baumholz,Schwaches Baumholz_4,0.0,0.0,3.0,3.0,4.0,3.0,6710,not_young
0.59105469129514,15625.0,4.0,ds5,ds5_4,Mittleres Baumholz,Mittleres Baumholz_4,0.0,0.0,3.0,1.0,4.0,3.0,6711,not_young
0.666634077649936,15626.0,4.0,ds5,ds5_4,Mittleres Baumholz,Mittleres Baumholz_4,0.0,0.0,3.0,3.0,3.0,3.0,6712,not_young
3.043992931212089,15627.0,13.0,ds5,ds5_13,Mittleres Baumholz,Mittleres Baumholz_13,0.0,0.0,3.0,3.0,4.0,3.0,6713,not_young
3.088987077610381,15628.0,4.0,ds3,ds3_4,Stangenholz,Stangenholz_4,0.0,0.0,3.0,3.0,4.0,4.0,6714,not_young
1.467772923904425,15629.0,4.0,ds5,ds5_4,Mittleres Baumholz,Mittleres Baumholz_4,0.0,0.0,3.0,3.0,3.0,3.0,6715,not_young
6.919623819850544,15630.0,4.0,ds6,ds6_4,Starkes Baumholz,Starkes Baumholz_4,0.0,0.0,3.0,3.0,4.0,3.0,6716,not_young
0.580364107299224,15631.0,4.0,ds5,ds5_4,Mittleres Baumholz,Mittleres Baumholz_4,0.0,0.0,3.0,3.0,4.0,3.0,6717,not_young
0.782271495924419,15632.0,4.0,ds2,ds2_4,Jungwuchs/Dickung,Jungwuchs/Dickung_4,0.0,0.0,3.0,3.0,4.0,3.0,6718,young
0.790703309004521,15633.0,4.0,ds6,ds6_4,Starkes Baumholz,Starkes Baumholz_4,0.0,0.0,3.0,1.0,3.0,3.0,6719,not_young
7.582952082967916,15634.0,4.0,ds5,ds5_4,Mittleres Baumholz,Mittleres Baumholz_4,0.0,0.0,3.0,3.0,3.0,3.0,6720,not_young
5.713598180633504,15635.0,13.0,ds6,ds6_13,Starkes Baumholz,Starkes Baumholz_13,0.0,0.0,3.0,3.0,4.0,4.0,6721,not_young
1.365536298040221,15636.0,4.0,ds5,ds5_4,Mittleres Baumholz,Mittleres Baumholz_4,0.0,0.0,3.0,3.0,3.0,3.0,6722,not_young
15.313043895513864,15637.0,13.0,ds6,ds6_13,Starkes Baumholz,Starkes Baumholz_13,0.0,0.0,3.0,3.0,3.0,3.0,6723,not_young
13.113706179721447,15638.0,4.0,ds6,ds6_4,Starkes Baumholz,Starkes Baumholz_4,0.0,0.0,3.0,3.0,4.0,3.0,6724,not_young
1.09911201430189,15639.0,4.0,ds4,ds4_4,Schwaches Baumholz,Schwaches Baumholz_4,0.0,0.0,3.0,3.0,3.0,3.0,6725,not_young
4.131448420670402,15641.0,4.0,ds5,ds5_4,Mittleres Baumholz,Mittleres Baumholz_4,0.0,0.0,3.0,3.0,3.0,3.0,6726,not_young
0.911671898695742,15643.0,4.0,ds2,ds2_4,Jungwuchs/Dickung,Jungwuchs/Dickung_4,0.0,0.0,3.0,3.0,3.0,3.0,6727,young
6.234616821659942,15647.0,4.0,ds6,ds6_4,Starkes Baumholz,Starkes Baumholz_4,0.0,0.0,3.0,3.0,3.0,3.0,6728,not_young
7.345019798792328,15648.0,4.0,ds6,ds6_4,Starkes Baumholz,Starkes Baumholz_4,0.0,0.0,3.0,3.0,4.0,4.0,6729,not_young
0.818258141932974,15649.0,4.0,ds4,ds4_4,Schwaches Baumholz,Schwaches Baumholz_4,0.0,0.0,3.0,3.0,3.0,3.0,6730,not_young
0.708019248139858,15650.0,13.0,ds2,ds2_13,Jungwuchs/Dickung,Jungwuchs/Dickung_13,0.0,0.0,3.0,3.0,3.0,3.0,6731,young
1.91967729993104,15651.0,13.0,ds5,ds5_13,Mittleres Baumholz,Mittleres Baumholz_13,0.0,0.0,3.0,3.0,3.0,3.0,6732,not_young
1.881463700191211,15654.0,13.0,ds3,ds3_13,Stangenholz,Stangenholz_13,0.0,0.0,3.0,3.0,3.0,3.0,6733,not_young
0.888128324991791,15655.0,4.0,ds2,ds2_4,Jungwuchs/Dickung,Jungwuchs/Dickung_4,0.0,0.0,3.0,3.0,3.0,3.0,6734,young
3.78679830304547,15656.0,4.0,ds3,ds3_4,Stangenholz,Stangenholz_4,0.0,0.0,3.0,3.0,3.0,3.0,6735,not_young
0.732870651974133,15661.0,13.0,ds5,ds5_13,Mittleres Baumholz,Mittleres Baumholz_13,0.0,0.0,3.0,3.0,4.0,3.0,6736,not_young
0.515114292997122,15668.0,4.0,ds2,ds2_4,Jungwuchs/Dickung,Jungwuchs/Dickung_4,0.0,0.0,3.0,3.0,3.0,3.0,6737,young
0.617681895286031,15686.0,4.0,ds2,ds2_4,Jungwuchs/Dickung,Jungwuchs/Dickung_4,0.0,0.0,3.0,3.0,4.0,4.0,6738,young
0.618064173356071,15687.0,4.0,ds6,ds6_4,Starkes Baumholz,Starkes Baumholz_4,0.0,0.0,3.0,3.0,3.0,3.0,6739,not_young
0.599341238562018,15689.0,4.0,ds5,ds5_4,Mittleres Baumholz,Mittleres Baumholz_4,0.0,0.0,3.0,3.0,3.0,3.0,6740,not_young
2.058178307120508,15690.0,4.0,ds6,ds6_4,Starkes Baumholz,Starkes Baumholz_4,0.0,0.0,3.0,3.0,3.0,3.0,6741,not_young
1.67346274583491,15691.0,13.0,ds4,ds4_13,Schwaches Baumholz,Schwaches Baumholz_13,0.0,0.0,3.0,3.0,4.0,3.0,6742,not_young
0.67720176166934,15693.0,13.0,ds5,ds5_13,Mittleres Baumholz,Mittleres Baumholz_13,0.0,0.0,3.0,3.0,4.0,3.0,6743,not_young
0.7759973742445,15704.0,13.0,ds3,ds3_13,Stangenholz,Stangenholz_13,0.0,0.0,3.0,3.0,3.0,3.0,6744,not_young
1.433928457016742,15705.0,4.0,ds1,ds1_4,Jungwuchs/Dickung,Jungwuchs/Dickung_4,0.0,0.0,3.0,3.0,4.0,3.0,6745,young
0.554830156115632,15709.0,4.0,ds1,ds1_4,Jungwuchs/Dickung,Jungwuchs/Dickung_4,0.0,0.0,3.0,3.0,3.0,3.0,6746,young
0.602333026125538,15710.0,4.0,ds6,ds6_4,Starkes Baumholz,Starkes Baumholz_4,0.0,0.0,3.0,3.0,3.0,3.0,6747,not_young
0.879983654629521,15715.0,13.0,ds5,ds5_13,Mittleres Baumholz,Mittleres Baumholz_13,0.0,0.0,3.0,3.0,4.0,4.0,6748,not_young
1.842238247902156,15717.0,13.0,ds1,ds1_13,Jungwuchs/Dickung,Jungwuchs/Dickung_13,0.0,0.0,3.0,3.0,4.0,4.0,6749,young
1.638864091223979,15722.0,4.0,ds2,ds2_4,Jungwuchs/Dickung,Jungwuchs/Dickung_4,0.0,0.0,3.0,3.0,3.0,3.0,6750,young
0.533517728084722,15723.0,4.0,ds4,ds4_4,Schwaches Baumholz,Schwaches Baumholz_4,0.0,0.0,3.0,3.0,4.0,3.0,6751,not_young
0.713604634020478,15725.0,13.0,ds4,ds4_13,Schwaches Baumholz,Schwaches Baumholz_13,0.0,0.0,3.0,3.0,4.0,4.0,6752,not_young
2.179652375188307,15728.0,13.0,ds5,ds5_13,Mittleres Baumholz,Mittleres Baumholz_13,0.0,0.0,3.0,3.0,3.0,3.0,6753,not_young
0.792027161038946,15731.0,4.0,ds2,ds2_4,Jungwuchs/Dickung,Jungwuchs/Dickung_4,0.0,0.0,3.0,3.0,4.0,4.0,6754,young
1.554339125096425,15732.0,4.0,ds1,ds1_4,Jungwuchs/Dickung,Jungwuchs/Dickung_4,0.0,0.0,3.0,3.0,3.0,3.0,6755,young
0.53285140645497,15735.0,4.0,ds4,ds4_4,Schwaches Baumholz,Schwaches Baumholz_4,0.0,0.0,3.0,3.0,3.0,3.0,6756,not_young
1.13341070090035,15738.0,4.0,ds4,ds4_4,Schwaches Baumholz,Schwaches Baumholz_4,0.0,0.0,3.0,3.0,3.0,3.0,6757,not_young
0.521601675921213,15739.0,4.0,ds3,ds3_4,Stangenholz,Stangenholz_4,0.0,0.0,3.0,3.0,3.0,3.0,6758,not_young
1.296655707779806,15741.0,4.0,ds2,ds2_4,Jungwuchs/Dickung,Jungwuchs/Dickung_4,0.0,0.0,3.0,3.0,4.0,3.0,6759,young
0.828785199307697,15747.0,13.0,ds5,ds5_13,Mittleres Baumholz,Mittleres Baumholz_13,0.0,0.0,3.0,3.0,3.0,3.0,6760,not_young
0.597108956918557,15751.0,4.0,ds3,ds3_4,Stangenholz,Stangenholz_4,0.0,0.0,3.0,3.0,3.0,3.0,6761,not_young
1.96046547276402,15754.0,13.0,ds6,ds6_13,Starkes Baumholz,Starkes Baumholz_13,0.0,0.0,3.0,3.0,4.0,3.0,6762,not_young
6.969271561170924,15757.0,4.0,ds1,ds1_4,Jungwuchs/Dickung,Jungwuchs/Dickung_4,0.0,0.0,3.0,3.0,3.0,3.0,6763,young
0.565020107320225,15758.0,13.0,ds4,ds4_13,Schwaches Baumholz,Schwaches Baumholz_13,0.0,0.0,3.0,3.0,4.0,3.0,6764,not_young
0.855337273300876,15761.0,4.0,ds5,ds5_4,Mittleres Baumholz,Mittleres Baumholz_4,0.0,0.0,3.0,3.0,3.0,3.0,6765,not_young
0.59585152653791,15763.0,4.0,ds3,ds3_4,Stangenholz,Stangenholz_4,0.0,0.0,3.0,3.0,4.0,3.0,6766,not_young
0.649473405306693,15765.0,4.0,ds1,ds1_4,Jungwuchs/Dickung,Jungwuchs/Dickung_4,0.0,0.0,3.0,3.0,3.0,3.0,6767,young
0.62123918956166,15767.0,4.0,ds6,ds6_4,Starkes Baumholz,Starkes Baumholz_4,0.0,0.0,3.0,3.0,3.0,3.0,6768,not_young
4.739209601391638,15772.0,13.0,ds6,ds6_13,Starkes Baumholz,Starkes Baumholz_13,0.0,0.0,3.0,3.0,3.0,3.0,6769,not_young
1.73409711593299,15773.0,4.0,ds2,ds2_4,Jungwuchs/Dickung,Jungwuchs/Dickung_4,0.0,0.0,3.0,3.0,3.0,3.0,6770,young
1.576905419757409,15775.0,4.0,ds5,ds5_4,Mittleres Baumholz,Mittleres Baumholz_4,0.0,0.0,3.0,3.0,3.0,3.0,6771,not_young
0.610387815134983,15784.0,4.0,ds2,ds2_4,Jungwuchs/Dickung,Jungwuchs/Dickung_4,0.0,0.0,3.0,3.0,4.0,3.0,6772,young
0.900053746663593,15787.0,13.0,ds1,ds1_13,Jungwuchs/Dickung,Jungwuchs/Dickung_13,0.0,0.0,3.0,3.0,3.0,3.0,6773,young
0.543769001403451,15788.0,4.0,ds2,ds2_4,Jungwuchs/Dickung,Jungwuchs/Dickung_4,0.0,0.0,3.0,3.0,4.0,3.0,6774,young
0.51230939025362,15791.0,4.0,ds5,ds5_4,Mittleres Baumholz,Mittleres Baumholz_4,0.0,0.0,3.0,3.0,4.0,3.0,6775,not_young
1.338041819501368,15792.0,4.0,ds2,ds2_4,Jungwuchs/Dickung,Jungwuchs/Dickung_4,0.0,0.0,3.0,3.0,3.0,3.0,6776,young
1.640669790673023,15793.0,4.0,ds5,ds5_4,Mittleres Baumholz,Mittleres Baumholz_4,0.0,0.0,3.0,3.0,3.0,3.0,6777,not_young
1.493633043581801,15794.0,4.0,ds3,ds3_4,Stangenholz,Stangenholz_4,0.0,0.0,3.0,3.0,3.0,3.0,6778,not_young
3.122484567452468,15796.0,13.0,ds6,ds6_13,Starkes Baumholz,Starkes Baumholz_13,0.0,0.0,3.0,3.0,4.0,4.0,6779,not_young
0.707486092360818,15797.0,4.0,ds4,ds4_4,Schwaches Baumholz,Schwaches Baumholz_4,0.0,0.0,3.0,3.0,3.0,3.0,6780,not_young
1.569285839003114,15798.0,4.0,ds6,ds6_4,Starkes Baumholz,Starkes Baumholz_4,0.0,0.0,3.0,3.0,4.0,3.0,6781,not_young
1.616427701180848,15799.0,4.0,ds2,ds2_4,Jungwuchs/Dickung,Jungwuchs/Dickung_4,0.0,0.0,3.0,3.0,3.0,3.0,6782,young
0.603444413164887,15800.0,4.0,ds5,ds5_4,Mittleres Baumholz,Mittleres Baumholz_4,0.0,0.0,3.0,3.0,4.0,3.0,6783,not_young
1.864760011220351,15801.0,4.0,ds2,ds2_4,Jungwuchs/Dickung,Jungwuchs/Dickung_4,0.0,0.0,3.0,3.0,3.0,3.0,6784,young
0.519901640458591,15802.0,4.0,ds4,ds4_4,Schwaches Baumholz,Schwaches Baumholz_4,0.0,0.0,3.0,3.0,3.0,3.0,6785,not_young
2.218519555527612,15803.0,4.0,ds4,ds4_4,Schwaches Baumholz,Schwaches Baumholz_4,0.0,1.0,1.0,1.0,1.0,1.0,6786,not_young
1.62328025494577,15804.0,4.0,ds5,ds5_4,Mittleres Baumholz,Mittleres Baumholz_4,0.0,0.0,3.0,3.0,4.0,4.0,6787,not_young
0.951522287093336,15805.0,4.0,ds2,ds2_4,Jungwuchs/Dickung,Jungwuchs/Dickung_4,0.0,0.0,3.0,3.0,3.0,3.0,6788,young
1.841942860282181,15806.0,4.0,ds2,ds2_4,Jungwuchs/Dickung,Jungwuchs/Dickung_4,0.0,0.0,3.0,3.0,3.0,3.0,6789,young
1.002451390541648,15807.0,13.0,ds3,ds3_13,Stangenholz,Stangenholz_13,0.0,0.0,3.0,3.0,3.0,3.0,6790,not_young
0.869498761658522,15808.0,4.0,ds5,ds5_4,Mittleres Baumholz,Mittleres Baumholz_4,0.0,0.0,3.0,3.0,3.0,3.0,6791,not_young
0.598703939310426,15809.0,13.0,ds3,ds3_13,Stangenholz,Stangenholz_13,0.0,0.0,3.0,1.0,3.0,3.0,6792,not_young
3.130250538319489,15810.0,13.0,ds4,ds4_13,Schwaches Baumholz,Schwaches Baumholz_13,0.0,0.0,3.0,3.0,4.0,3.0,6793,not_young
0.536178580562689,15811.0,4.0,ds4,ds4_4,Schwaches Baumholz,Schwaches Baumholz_4,0.0,0.0,3.0,3.0,3.0,3.0,6794,not_young
1.026013366958493,15815.0,13.0,ds5,ds5_13,Mittleres Baumholz,Mittleres Baumholz_13,0.0,0.0,3.0,3.0,3.0,3.0,6795,not_young
1.668987875762242,15818.0,13.0,ds1,ds1_13,Jungwuchs/Dickung,Jungwuchs/Dickung_13,0.0,0.0,3.0,3.0,3.0,3.0,6796,young
0.635520939177834,15819.0,13.0,ds3,ds3_13,Stangenholz,Stangenholz_13,0.0,0.0,3.0,3.0,3.0,3.0,6797,not_young
0.899639678590151,15820.0,4.0,ds4,ds4_4,Schwaches Baumholz,Schwaches Baumholz_4,0.0,0.0,3.0,3.0,4.0,3.0,6798,not_young
1.371630353887622,15821.0,13.0,ds5,ds5_13,Mittleres Baumholz,Mittleres Baumholz_13,0.0,0.0,3.0,3.0,3.0,3.0,6799,not_young
0.778433048617892,15827.0,4.0,ds5,ds5_4,Mittleres Baumholz,Mittleres Baumholz_4,0.0,0.0,3.0,3.0,3.0,3.0,6800,not_young
0.511118247513939,15828.0,4.0,ds5,ds5_4,Mittleres Baumholz,Mittleres Baumholz_4,0.0,1.0,1.0,1.0,1.0,1.0,6801,not_young
0.79735352153841,15829.0,4.0,ds5,ds5_4,Mittleres Baumholz,Mittleres Baumholz_4,0.0,1.0,1.0,1.0,1.0,1.0,6802,not_young
0.61087052614307,15830.0,4.0,ds4,ds4_4,Schwaches Baumholz,Schwaches Baumholz_4,0.0,1.0,1.0,1.0,1.0,1.0,6803,not_young
0.704487651884556,15831.0,13.0,ds5,ds5_13,Mittleres Baumholz,Mittleres Baumholz_13,0.0,0.0,3.0,3.0,4.0,3.0,6804,not_young
0.987005195838731,15832.0,4.0,ds5,ds5_4,Mittleres Baumholz,Mittleres Baumholz_4,0.0,0.0,3.0,3.0,4.0,4.0,6805,not_young
2.309534000962562,15833.0,4.0,ds4,ds4_4,Schwaches Baumholz,Schwaches Baumholz_4,0.0,0.0,3.0,3.0,3.0,3.0,6806,not_young
1.276750665946258,15834.0,4.0,ds2,ds2_4,Jungwuchs/Dickung,Jungwuchs/Dickung_4,0.0,0.0,3.0,3.0,3.0,3.0,6807,young
2.365817496025169,15835.0,4.0,ds4,ds4_4,Schwaches Baumholz,Schwaches Baumholz_4,0.0,0.0,3.0,3.0,3.0,3.0,6808,not_young
0.828544661815872,15836.0,13.0,ds4,ds4_13,Schwaches Baumholz,Schwaches Baumholz_13,0.0,0.0,3.0,3.0,3.0,3.0,6809,not_young
4.047292448655106,15837.0,4.0,ds2,ds2_4,Jungwuchs/Dickung,Jungwuchs/Dickung_4,0.0,0.0,3.0,3.0,3.0,3.0,6810,young
1.16836502835771,15838.0,4.0,ds6,ds6_4,Starkes Baumholz,Starkes Baumholz_4,0.0,0.0,3.0,3.0,3.0,3.0,6811,not_young
1.234582846838756,15839.0,4.0,ds6,ds6_4,Starkes Baumholz,Starkes Baumholz_4,0.0,0.0,3.0,3.0,3.0,3.0,6812,not_young
1.266247972818907,15840.0,4.0,ds4,ds4_4,Schwaches Baumholz,Schwaches Baumholz_4,0.0,0.0,3.0,3.0,3.0,3.0,6813,not_young
3.023550289539388,15841.0,4.0,ds3,ds3_4,Stangenholz,Stangenholz_4,0.0,0.0,3.0,3.0,3.0,3.0,6814,not_young
3.140669498075303,15842.0,4.0,ds5,ds5_4,Mittleres Baumholz,Mittleres Baumholz_4,0.0,0.0,3.0,3.0,3.0,3.0,6815,not_young
2.666321803366774,15843.0,4.0,ds6,ds6_4,Starkes Baumholz,Starkes Baumholz_4,0.0,0.0,3.0,3.0,3.0,3.0,6816,not_young
2.805244771316601,15844.0,4.0,ds6,ds6_4,Starkes Baumholz,Starkes Baumholz_4,0.0,0.0,3.0,3.0,4.0,3.0,6817,not_young
8.17096585279144,15845.0,4.0,ds6,ds6_4,Starkes Baumholz,Starkes Baumholz_4,0.0,0.0,3.0,3.0,3.0,3.0,6818,not_young
1.331858255102411,15848.0,4.0,ds4,ds4_4,Schwaches Baumholz,Schwaches Baumholz_4,0.0,0.0,3.0,1.0,3.0,3.0,6819,not_young
3.006127187373133,15849.0,4.0,ds5,ds5_4,Mittleres Baumholz,Mittleres Baumholz_4,0.0,0.0,3.0,3.0,3.0,3.0,6820,not_young
2.070323363557738,15850.0,13.0,ds4,ds4_13,Schwaches Baumholz,Schwaches Baumholz_13,0.0,0.0,3.0,3.0,3.0,3.0,6821,not_young
0.86575616164282,15851.0,13.0,ds1,ds1_13,Jungwuchs/Dickung,Jungwuchs/Dickung_13,0.0,0.0,3.0,3.0,4.0,4.0,6822,young
4.632995610403964,15852.0,13.0,ds3,ds3_13,Stangenholz,Stangenholz_13,0.0,0.0,3.0,3.0,3.0,3.0,6823,not_young
0.991739834323067,15854.0,4.0,ds1,ds1_4,Jungwuchs/Dickung,Jungwuchs/Dickung_4,0.0,0.0,3.0,3.0,3.0,3.0,6824,young
0.789530698229873,15855.0,4.0,ds2,ds2_4,Jungwuchs/Dickung,Jungwuchs/Dickung_4,0.0,0.0,3.0,3.0,3.0,3.0,6825,young
0.972451646072957,15858.0,4.0,ds3,ds3_4,Stangenholz,Stangenholz_4,0.0,0.0,3.0,3.0,4.0,3.0,6826,not_young
1.067808901605052,15859.0,13.0,ds4,ds4_13,Schwaches Baumholz,Schwaches Baumholz_13,0.0,0.0,3.0,3.0,3.0,3.0,6827,not_young
3.010888103155216,15868.0,4.0,ds2,ds2_4,Jungwuchs/Dickung,Jungwuchs/Dickung_4,0.0,0.0,3.0,3.0,3.0,3.0,6828,young
0.734298250161987,15870.0,4.0,ds4,ds4_4,Schwaches Baumholz,Schwaches Baumholz_4,0.0,0.0,3.0,3.0,3.0,3.0,6829,not_young
0.773836518538719,15871.0,4.0,ds1,ds1_4,Jungwuchs/Dickung,Jungwuchs/Dickung_4,0.0,0.0,3.0,3.0,4.0,3.0,6830,young
0.621107350368379,15873.0,4.0,ds1,ds1_4,Jungwuchs/Dickung,Jungwuchs/Dickung_4,0.0,0.0,3.0,3.0,3.0,3.0,6831,young
0.693540162398107,15874.0,4.0,ds3,ds3_4,Stangenholz,Stangenholz_4,0.0,0.0,3.0,3.0,3.0,3.0,6832,not_young
3.064259392530891,15899.0,4.0,ds1,ds1_4,Jungwuchs/Dickung,Jungwuchs/Dickung_4,0.0,0.0,3.0,3.0,3.0,3.0,6833,young
0.719936835622497,15901.0,4.0,ds5,ds5_4,Mittleres Baumholz,Mittleres Baumholz_4,0.0,0.0,3.0,3.0,3.0,3.0,6834,not_young
0.629937743127625,15902.0,4.0,ds3,ds3_4,Stangenholz,Stangenholz_4,0.0,0.0,3.0,3.0,3.0,3.0,6835,not_young
1.541257858545348,15903.0,4.0,ds2,ds2_4,Jungwuchs/Dickung,Jungwuchs/Dickung_4,0.0,0.0,3.0,3.0,3.0,3.0,6836,young
0.59081640372565,15907.0,4.0,ds3,ds3_4,Stangenholz,Stangenholz_4,0.0,0.0,3.0,3.0,4.0,3.0,6837,not_young
1.134065593550797,15910.0,4.0,ds4,ds4_4,Schwaches Baumholz,Schwaches Baumholz_4,1.0,0.0,2.0,2.0,4.0,2.0,6838,not_young
1.133978770179767,15911.0,4.0,ds5,ds5_4,Mittleres Baumholz,Mittleres Baumholz_4,1.0,0.0,2.0,2.0,2.0,2.0,6839,not_young
1.061114271001631,15913.0,4.0,ds4,ds4_4,Schwaches Baumholz,Schwaches Baumholz_4,1.0,0.0,2.0,2.0,2.0,2.0,6840,not_young
0.765154153336847,15914.0,4.0,ds6,ds6_4,Starkes Baumholz,Starkes Baumholz_4,1.0,0.0,2.0,2.0,2.0,2.0,6841,not_young
0.818571167555079,15916.0,4.0,ds5,ds5_4,Mittleres Baumholz,Mittleres Baumholz_4,1.0,0.0,2.0,2.0,2.0,2.0,6842,not_young
0.757121534210723,15917.0,4.0,ds6,ds6_4,Starkes Baumholz,Starkes Baumholz_4,1.0,0.0,2.0,2.0,2.0,2.0,6843,not_young
1.135482751088089,15918.0,4.0,ds4,ds4_4,Schwaches Baumholz,Schwaches Baumholz_4,1.0,0.0,2.0,2.0,4.0,2.0,6844,not_young
0.510378869898718,15921.0,4.0,ds2,ds2_4,Jungwuchs/Dickung,Jungwuchs/Dickung_4,0.0,0.0,3.0,3.0,4.0,3.0,6845,young
0.562826571812481,15932.0,4.0,ds6,ds6_4,Starkes Baumholz,Starkes Baumholz_4,0.0,0.0,3.0,3.0,4.0,3.0,6846,not_young
0.743801782067417,15936.0,4.0,ds5,ds5_4,Mittleres Baumholz,Mittleres Baumholz_4,0.0,0.0,3.0,3.0,4.0,3.0,6847,not_young
0.520330250701937,15939.0,4.0,ds5,ds5_4,Mittleres Baumholz,Mittleres Baumholz_4,0.0,0.0,3.0,3.0,4.0,3.0,6848,not_young
0.839646066171347,15941.0,4.0,ds6,ds6_4,Starkes Baumholz,Starkes Baumholz_4,0.0,0.0,3.0,3.0,3.0,3.0,6849,not_young
0.532559893504809,15943.0,4.0,ds5,ds5_4,Mittleres Baumholz,Mittleres Baumholz_4,0.0,0.0,3.0,3.0,3.0,3.0,6850,not_young
0.583628406081721,15952.0,4.0,ds6,ds6_4,Starkes Baumholz,Starkes Baumholz_4,1.0,0.0,2.0,2.0,2.0,2.0,6851,not_young
0.503226328108258,15959.0,4.0,ds5,ds5_4,Mittleres Baumholz,Mittleres Baumholz_4,1.0,0.0,2.0,2.0,2.0,2.0,6852,not_young
0.739939255230036,15992.0,13.0,ds5,ds5_13,Mittleres Baumholz,Mittleres Baumholz_13,1.0,0.0,2.0,2.0,2.0,2.0,6853,not_young
1.188313889946777,15998.0,13.0,ds4,ds4_13,Schwaches Baumholz,Schwaches Baumholz_13,1.0,0.0,2.0,2.0,2.0,2.0,6854,not_young
1.818546074224898,15999.0,13.0,ds5,ds5_13,Mittleres Baumholz,Mittleres Baumholz_13,1.0,0.0,2.0,2.0,2.0,2.0,6855,not_young
0.522023335484834,16004.0,4.0,ds4,ds4_4,Schwaches Baumholz,Schwaches Baumholz_4,1.0,0.0,2.0,2.0,2.0,2.0,6856,not_young
0.77176191041912,16013.0,4.0,ds5,ds5_4,Mittleres Baumholz,Mittleres Baumholz_4,1.0,0.0,2.0,2.0,2.0,2.0,6857,not_young
0.852966503056772,16014.0,4.0,ds5,ds5_4,Mittleres Baumholz,Mittleres Baumholz_4,1.0,0.0,2.0,2.0,2.0,2.0,6858,not_young
0.885001236316133,16016.0,4.0,ds5,ds5_4,Mittleres Baumholz,Mittleres Baumholz_4,1.0,0.0,2.0,2.0,2.0,2.0,6859,not_young
0.730003065634682,16018.0,13.0,ds4,ds4_13,Schwaches Baumholz,Schwaches Baumholz_13,1.0,0.0,2.0,2.0,2.0,2.0,6860,not_young
0.68056460510646,16027.0,4.0,ds1,ds1_4,Jungwuchs/Dickung,Jungwuchs/Dickung_4,1.0,0.0,2.0,2.0,4.0,2.0,6861,young
0.62930167600112,16033.0,4.0,ds4,ds4_4,Schwaches Baumholz,Schwaches Baumholz_4,1.0,0.0,2.0,2.0,4.0,2.0,6862,not_young
2.339893407270592,16040.0,4.0,ds5,ds5_4,Mittleres Baumholz,Mittleres Baumholz_4,1.0,0.0,2.0,2.0,2.0,2.0,6863,not_young
0.637980813866085,16044.0,4.0,ds5,ds5_4,Mittleres Baumholz,Mittleres Baumholz_4,1.0,0.0,2.0,2.0,2.0,2.0,6864,not_young
1.308738369383455,16045.0,4.0,ds5,ds5_4,Mittleres Baumholz,Mittleres Baumholz_4,1.0,0.0,2.0,2.0,4.0,2.0,6865,not_young
0.537847150188682,16046.0,4.0,ds4,ds4_4,Schwaches Baumholz,Schwaches Baumholz_4,1.0,0.0,2.0,2.0,2.0,2.0,6866,not_young
0.812254850952188,16049.0,4.0,ds5,ds5_4,Mittleres Baumholz,Mittleres Baumholz_4,1.0,0.0,2.0,2.0,2.0,2.0,6867,not_young
0.537000129358011,16053.0,13.0,ds4,ds4_13,Schwaches Baumholz,Schwaches Baumholz_13,1.0,0.0,2.0,2.0,2.0,2.0,6868,not_young
0.505843274224107,16054.0,4.0,ds3,ds3_4,Stangenholz,Stangenholz_4,1.0,0.0,2.0,2.0,2.0,2.0,6869,not_young
0.55212762577078,16061.0,13.0,ds4,ds4_13,Schwaches Baumholz,Schwaches Baumholz_13,1.0,0.0,2.0,2.0,2.0,2.0,6870,not_young
0.503098818842071,16062.0,4.0,ds1,ds1_4,Jungwuchs/Dickung,Jungwuchs/Dickung_4,1.0,0.0,2.0,2.0,2.0,2.0,6871,young
0.742877747462777,16063.0,13.0,ds4,ds4_13,Schwaches Baumholz,Schwaches Baumholz_13,1.0,0.0,2.0,2.0,2.0,2.0,6872,not_young
1.171884846996749,16065.0,13.0,ds5,ds5_13,Mittleres Baumholz,Mittleres Baumholz_13,1.0,0.0,2.0,2.0,4.0,2.0,6873,not_young
0.956098931556728,16067.0,13.0,ds4,ds4_13,Schwaches Baumholz,Schwaches Baumholz_13,1.0,0.0,2.0,2.0,2.0,2.0,6874,not_young
0.57907697597426,16071.0,13.0,ds1,ds1_13,Jungwuchs/Dickung,Jungwuchs/Dickung_13,1.0,0.0,2.0,2.0,2.0,2.0,6875,young
0.621006149299303,16072.0,13.0,ds3,ds3_13,Stangenholz,Stangenholz_13,1.0,0.0,2.0,2.0,4.0,2.0,6876,not_young
0.518796956436819,16073.0,13.0,ds5,ds5_13,Mittleres Baumholz,Mittleres Baumholz_13,1.0,0.0,2.0,2.0,2.0,2.0,6877,not_young
0.829557258969308,16078.0,4.0,ds5,ds5_4,Mittleres Baumholz,Mittleres Baumholz_4,1.0,0.0,2.0,2.0,4.0,4.0,6878,not_young
0.983420137137128,16079.0,4.0,ds5,ds5_4,Mittleres Baumholz,Mittleres Baumholz_4,1.0,0.0,2.0,2.0,2.0,2.0,6879,not_young
1.103504773447613,16080.0,13.0,ds4,ds4_13,Schwaches Baumholz,Schwaches Baumholz_13,1.0,0.0,2.0,2.0,2.0,2.0,6880,not_young
0.893140019889083,16081.0,4.0,ds1,ds1_4,Jungwuchs/Dickung,Jungwuchs/Dickung_4,1.0,0.0,2.0,2.0,2.0,2.0,6881,young
0.972123301223153,16082.0,13.0,ds4,ds4_13,Schwaches Baumholz,Schwaches Baumholz_13,1.0,0.0,2.0,2.0,2.0,2.0,6882,not_young
0.675035136518721,16083.0,13.0,ds1,ds1_13,Jungwuchs/Dickung,Jungwuchs/Dickung_13,1.0,0.0,2.0,2.0,2.0,2.0,6883,young
2.223472216014813,16084.0,4.0,ds1,ds1_4,Jungwuchs/Dickung,Jungwuchs/Dickung_4,1.0,0.0,2.0,2.0,2.0,2.0,6884,young
2.790217692134674,16085.0,4.0,ds6,ds6_4,Starkes Baumholz,Starkes Baumholz_4,1.0,0.0,2.0,2.0,2.0,2.0,6885,not_young
0.545902702526841,16087.0,13.0,ds5,ds5_13,Mittleres Baumholz,Mittleres Baumholz_13,1.0,0.0,2.0,2.0,4.0,2.0,6886,not_young
0.824066012872237,16109.0,4.0,ds4,ds4_4,Schwaches Baumholz,Schwaches Baumholz_4,1.0,0.0,2.0,2.0,4.0,2.0,6887,not_young
1.085326620985917,16118.0,4.0,ds4,ds4_4,Schwaches Baumholz,Schwaches Baumholz_4,1.0,0.0,2.0,2.0,2.0,2.0,6888,not_young
0.642871116505237,16119.0,4.0,ds1,ds1_4,Jungwuchs/Dickung,Jungwuchs/Dickung_4,1.0,0.0,2.0,2.0,2.0,2.0,6889,young
0.694419467112701,16140.0,13.0,ds4,ds4_13,Schwaches Baumholz,Schwaches Baumholz_13,1.0,0.0,2.0,2.0,2.0,2.0,6890,not_young
0.650753075964563,16143.0,4.0,ds4,ds4_4,Schwaches Baumholz,Schwaches Baumholz_4,1.0,0.0,2.0,2.0,4.0,4.0,6891,not_young
0.516428219756053,16147.0,4.0,ds3,ds3_4,Stangenholz,Stangenholz_4,1.0,0.0,2.0,2.0,4.0,2.0,6892,not_young
1.08330137138851,16151.0,4.0,ds4,ds4_4,Schwaches Baumholz,Schwaches Baumholz_4,1.0,0.0,2.0,2.0,2.0,2.0,6893,not_young
0.527759402489092,16154.0,4.0,ds3,ds3_4,Stangenholz,Stangenholz_4,1.0,0.0,2.0,2.0,4.0,2.0,6894,not_young
1.551577831219649,16155.0,4.0,ds5,ds5_4,Mittleres Baumholz,Mittleres Baumholz_4,1.0,0.0,2.0,2.0,2.0,2.0,6895,not_young
0.676828771545831,16157.0,4.0,ds3,ds3_4,Stangenholz,Stangenholz_4,1.0,0.0,2.0,2.0,2.0,2.0,6896,not_young
0.857970637616515,16160.0,13.0,ds6,ds6_13,Starkes Baumholz,Starkes Baumholz_13,1.0,0.0,2.0,2.0,2.0,2.0,6897,not_young
0.760195977364278,16164.0,4.0,ds5,ds5_4,Mittleres Baumholz,Mittleres Baumholz_4,1.0,0.0,2.0,2.0,2.0,2.0,6898,not_young
0.608592164303214,16165.0,4.0,ds4,ds4_4,Schwaches Baumholz,Schwaches Baumholz_4,1.0,0.0,2.0,2.0,2.0,2.0,6899,not_young
0.60100037220791,16168.0,4.0,ds6,ds6_4,Starkes Baumholz,Starkes Baumholz_4,1.0,0.0,2.0,2.0,4.0,2.0,6900,not_young
1.071427617449987,16193.0,4.0,ds5,ds5_4,Mittleres Baumholz,Mittleres Baumholz_4,1.0,0.0,2.0,2.0,2.0,2.0,6901,not_young
0.548656770036396,16200.0,4.0,ds5,ds5_4,Mittleres Baumholz,Mittleres Baumholz_4,1.0,0.0,2.0,2.0,2.0,2.0,6902,not_young
0.979287547340891,16202.0,4.0,ds5,ds5_4,Mittleres Baumholz,Mittleres Baumholz_4,1.0,0.0,2.0,2.0,2.0,2.0,6903,not_young
1.52627409939353,16203.0,4.0,ds6,ds6_4,Starkes Baumholz,Starkes Baumholz_4,1.0,0.0,2.0,2.0,2.0,2.0,6904,not_young
0.524508455715468,16204.0,4.0,ds4,ds4_4,Schwaches Baumholz,Schwaches Baumholz_4,0.0,0.0,3.0,3.0,3.0,3.0,6905,not_young
0.540210965339822,16321.0,4.0,ds2,ds2_4,Jungwuchs/Dickung,Jungwuchs/Dickung_4,0.0,0.0,3.0,3.0,3.0,3.0,6906,young
0.70627720268087,16355.0,4.0,ds6,ds6_4,Starkes Baumholz,Starkes Baumholz_4,0.0,0.0,3.0,3.0,3.0,3.0,6907,not_young
0.79597721677213,16358.0,4.0,ds4,ds4_4,Schwaches Baumholz,Schwaches Baumholz_4,0.0,0.0,3.0,3.0,4.0,3.0,6908,not_young
0.767672079280391,16359.0,4.0,ds5,ds5_4,Mittleres Baumholz,Mittleres Baumholz_4,0.0,0.0,3.0,3.0,3.0,3.0,6909,not_young
0.746177263016324,16365.0,4.0,ds6,ds6_4,Starkes Baumholz,Starkes Baumholz_4,0.0,0.0,3.0,3.0,3.0,3.0,6910,not_young
0.520153567122098,16369.0,4.0,ds2,ds2_4,Jungwuchs/Dickung,Jungwuchs/Dickung_4,0.0,0.0,3.0,3.0,4.0,3.0,6911,young
0.660739981143596,16379.0,4.0,ds1,ds1_4,Jungwuchs/Dickung,Jungwuchs/Dickung_4,0.0,0.0,3.0,3.0,4.0,3.0,6912,young
0.570058669213454,16386.0,4.0,ds5,ds5_4,Mittleres Baumholz,Mittleres Baumholz_4,0.0,0.0,3.0,3.0,3.0,3.0,6913,not_young
0.578155311619212,16407.0,4.0,ds6,ds6_4,Starkes Baumholz,Starkes Baumholz_4,0.0,0.0,3.0,3.0,3.0,3.0,6914,not_young
0.663031735579153,16412.0,4.0,ds5,ds5_4,Mittleres Baumholz,Mittleres Baumholz_4,0.0,0.0,3.0,3.0,3.0,3.0,6915,not_young
0.545227914871048,16413.0,4.0,ds3,ds3_4,Stangenholz,Stangenholz_4,0.0,0.0,3.0,3.0,3.0,3.0,6916,not_young
0.541636368964426,16418.0,4.0,ds6,ds6_4,Starkes Baumholz,Starkes Baumholz_4,1.0,0.0,2.0,2.0,2.0,2.0,6917,not_young
0.883923259122558,16419.0,4.0,ds6,ds6_4,Starkes Baumholz,Starkes Baumholz_4,0.0,0.0,3.0,3.0,3.0,3.0,6918,not_young
0.630146191666599,16423.0,4.0,ds1,ds1_4,Jungwuchs/Dickung,Jungwuchs/Dickung_4,0.0,0.0,3.0,3.0,3.0,3.0,6919,young
0.511592841706832,16425.0,4.0,ds1,ds1_4,Jungwuchs/Dickung,Jungwuchs/Dickung_4,0.0,0.0,3.0,3.0,3.0,3.0,6920,young
0.539766782422988,16426.0,4.0,ds3,ds3_4,Stangenholz,Stangenholz_4,0.0,0.0,3.0,3.0,3.0,3.0,6921,not_young
0.535523762315422,16427.0,4.0,ds2,ds2_4,Jungwuchs/Dickung,Jungwuchs/Dickung_4,0.0,0.0,3.0,3.0,3.0,3.0,6922,young
0.543832393442444,16428.0,4.0,ds1,ds1_4,Jungwuchs/Dickung,Jungwuchs/Dickung_4,0.0,0.0,3.0,3.0,3.0,3.0,6923,young
1.414445821942133,16429.0,4.0,ds2,ds2_4,Jungwuchs/Dickung,Jungwuchs/Dickung_4,0.0,0.0,3.0,3.0,3.0,3.0,6924,young
0.501275261874082,16430.0,4.0,ds4,ds4_4,Schwaches Baumholz,Schwaches Baumholz_4,0.0,0.0,3.0,3.0,3.0,3.0,6925,not_young
0.598648978109635,16431.0,4.0,ds2,ds2_4,Jungwuchs/Dickung,Jungwuchs/Dickung_4,0.0,0.0,3.0,3.0,3.0,3.0,6926,young
0.688375949385604,16432.0,4.0,ds1,ds1_4,Jungwuchs/Dickung,Jungwuchs/Dickung_4,0.0,0.0,3.0,3.0,3.0,3.0,6927,young
0.529382583770569,16433.0,4.0,ds4,ds4_4,Schwaches Baumholz,Schwaches Baumholz_4,0.0,0.0,3.0,3.0,3.0,3.0,6928,not_young
1.591561293668335,16434.0,4.0,ds3,ds3_4,Stangenholz,Stangenholz_4,0.0,0.0,3.0,3.0,3.0,3.0,6929,not_young
0.958305860882881,16435.0,4.0,ds3,ds3_4,Stangenholz,Stangenholz_4,0.0,0.0,3.0,3.0,4.0,3.0,6930,not_young
0.762071590934368,16436.0,4.0,ds2,ds2_4,Jungwuchs/Dickung,Jungwuchs/Dickung_4,0.0,0.0,3.0,3.0,3.0,3.0,6931,young
1.561820298722875,16437.0,4.0,ds2,ds2_4,Jungwuchs/Dickung,Jungwuchs/Dickung_4,0.0,0.0,3.0,3.0,3.0,3.0,6932,young
1.32938323395918,16438.0,4.0,ds3,ds3_4,Stangenholz,Stangenholz_4,0.0,0.0,3.0,3.0,3.0,3.0,6933,not_young
0.314690342282475,258.0,13.0,ds2,ds2_13,Jungwuchs/Dickung,Jungwuchs/Dickung_13,0.0,1.0,1.0,1.0,3.0,3.0,6934,young
0.328603716774005,263.0,13.0,ds2,ds2_13,Jungwuchs/Dickung,Jungwuchs/Dickung_13,0.0,1.0,1.0,1.0,1.0,1.0,6935,young
0.418081140083168,266.0,13.0,ds2,ds2_13,Jungwuchs/Dickung,Jungwuchs/Dickung_13,0.0,1.0,1.0,1.0,1.0,1.0,6936,young
0.485065987000242,355.0,13.0,ds6,ds6_13,Starkes Baumholz,Starkes Baumholz_13,0.0,1.0,1.0,1.0,1.0,1.0,6937,not_young
0.322544837794453,381.0,13.0,ds2,ds2_13,Jungwuchs/Dickung,Jungwuchs/Dickung_13,0.0,1.0,1.0,1.0,1.0,1.0,6938,young
0.430003641877882,456.0,13.0,ds2,ds2_13,Jungwuchs/Dickung,Jungwuchs/Dickung_13,0.0,1.0,1.0,1.0,1.0,1.0,6939,young
0.43456178492324,499.0,13.0,ds6,ds6_13,Starkes Baumholz,Starkes Baumholz_13,0.0,1.0,1.0,1.0,1.0,1.0,6940,not_young
0.261755050133634,609.0,13.0,ds2,ds2_13,Jungwuchs/Dickung,Jungwuchs/Dickung_13,0.0,1.0,1.0,1.0,1.0,1.0,6941,young
0.455716493919911,846.0,13.0,ds6,ds6_13,Starkes Baumholz,Starkes Baumholz_13,0.0,1.0,1.0,1.0,1.0,1.0,6942,not_young
0.240694802644104,1912.0,4.0,ds5,ds5_4,Mittleres Baumholz,Mittleres Baumholz_4,1.0,1.0,1.0,1.0,1.0,1.0,6943,not_young
0.257931765023107,1915.0,4.0,ds3,ds3_4,Stangenholz,Stangenholz_4,1.0,1.0,1.0,1.0,1.0,1.0,6944,not_young
0.327598546094913,2070.0,13.0,ds5,ds5_13,Mittleres Baumholz,Mittleres Baumholz_13,1.0,1.0,1.0,1.0,1.0,1.0,6945,not_young
0.455017700145597,2071.0,13.0,ds3,ds3_13,Stangenholz,Stangenholz_13,1.0,1.0,1.0,1.0,1.0,1.0,6946,not_young
0.459593599078059,2103.0,4.0,ds5,ds5_4,Mittleres Baumholz,Mittleres Baumholz_4,1.0,1.0,1.0,1.0,1.0,1.0,6947,not_young
0.472110140346206,2106.0,4.0,ds5,ds5_4,Mittleres Baumholz,Mittleres Baumholz_4,1.0,1.0,1.0,1.0,1.0,1.0,6948,not_young
0.316128196776193,2132.0,13.0,ds4,ds4_13,Schwaches Baumholz,Schwaches Baumholz_13,1.0,1.0,1.0,1.0,1.0,1.0,6949,not_young
0.428195975688752,2145.0,13.0,ds4,ds4_13,Schwaches Baumholz,Schwaches Baumholz_13,1.0,1.0,1.0,1.0,1.0,1.0,6950,not_young
0.340626458774926,2223.0,4.0,ds4,ds4_4,Schwaches Baumholz,Schwaches Baumholz_4,1.0,1.0,1.0,1.0,1.0,1.0,6951,not_young
0.368551760911383,2319.0,4.0,ds6,ds6_4,Starkes Baumholz,Starkes Baumholz_4,1.0,1.0,1.0,1.0,1.0,1.0,6952,not_young
0.420403832383454,3279.0,13.0,ds3,ds3_13,Stangenholz,Stangenholz_13,1.0,1.0,1.0,1.0,1.0,1.0,6953,not_young
0.448007037213864,3675.0,5.0,ds2,ds2_5,Jungwuchs/Dickung,Jungwuchs/Dickung_5,1.0,0.0,2.0,2.0,2.0,2.0,6954,young
0.251690399888856,4192.0,13.0,ds3,ds3_13,Stangenholz,Stangenholz_13,1.0,1.0,1.0,1.0,1.0,1.0,6955,not_young
0.200227390252287,4215.0,13.0,ds5,ds5_13,Mittleres Baumholz,Mittleres Baumholz_13,1.0,1.0,1.0,1.0,1.0,1.0,6956,not_young
0.232892288679886,4259.0,4.0,ds3,ds3_4,Stangenholz,Stangenholz_4,1.0,1.0,1.0,1.0,1.0,1.0,6957,not_young
0.276132653787127,4303.0,4.0,ds3,ds3_4,Stangenholz,Stangenholz_4,1.0,1.0,1.0,1.0,1.0,1.0,6958,not_young
0.319264422105113,4332.0,13.0,ds6,ds6_13,Starkes Baumholz,Starkes Baumholz_13,1.0,1.0,1.0,1.0,1.0,1.0,6959,not_young
0.251175335022097,4352.0,4.0,ds3,ds3_4,Stangenholz,Stangenholz_4,1.0,1.0,1.0,1.0,1.0,1.0,6960,not_young
0.374762530447403,4422.0,13.0,ds3,ds3_13,Stangenholz,Stangenholz_13,1.0,1.0,1.0,1.0,1.0,1.0,6961,not_young
0.384544275008154,5483.0,4.0,ds4,ds4_4,Schwaches Baumholz,Schwaches Baumholz_4,1.0,1.0,1.0,1.0,1.0,1.0,6962,not_young
0.322098496429622,5502.0,4.0,ds6,ds6_4,Starkes Baumholz,Starkes Baumholz_4,1.0,1.0,1.0,1.0,1.0,1.0,6963,not_young
0.352647921740916,5522.0,13.0,ds6,ds6_13,Starkes Baumholz,Starkes Baumholz_13,1.0,1.0,1.0,1.0,1.0,1.0,6964,not_young
0.386104029587045,5573.0,4.0,ds3,ds3_4,Stangenholz,Stangenholz_4,1.0,1.0,1.0,1.0,1.0,1.0,6965,not_young
0.316771525586222,5612.0,4.0,ds4,ds4_4,Schwaches Baumholz,Schwaches Baumholz_4,1.0,1.0,1.0,1.0,1.0,1.0,6966,not_young
0.236671899922565,5978.0,4.0,ds5,ds5_4,Mittleres Baumholz,Mittleres Baumholz_4,1.0,1.0,1.0,1.0,1.0,1.0,6967,not_young
0.315599577858136,5984.0,4.0,ds6,ds6_4,Starkes Baumholz,Starkes Baumholz_4,1.0,1.0,1.0,1.0,1.0,1.0,6968,not_young
0.440984192270032,6093.0,4.0,ds6,ds6_4,Starkes Baumholz,Starkes Baumholz_4,1.0,1.0,1.0,1.0,1.0,1.0,6969,not_young
0.290146198396198,7119.0,13.0,ds2,ds2_13,Jungwuchs/Dickung,Jungwuchs/Dickung_13,0.0,1.0,1.0,1.0,3.0,3.0,6970,young
0.489805159731209,7923.0,13.0,ds1,ds1_13,Jungwuchs/Dickung,Jungwuchs/Dickung_13,0.0,1.0,1.0,1.0,3.0,3.0,6971,young
0.358325970855937,8202.0,13.0,ds1,ds1_13,Jungwuchs/Dickung,Jungwuchs/Dickung_13,0.0,1.0,1.0,1.0,3.0,3.0,6972,young
0.250685857098084,8658.0,13.0,ds2,ds2_13,Jungwuchs/Dickung,Jungwuchs/Dickung_13,1.0,1.0,1.0,1.0,1.0,1.0,6973,young
0.496654107964691,8983.0,13.0,ds6,ds6_13,Starkes Baumholz,Starkes Baumholz_13,0.0,1.0,1.0,1.0,1.0,1.0,6974,not_young
0.364446475544572,8990.0,13.0,ds6,ds6_13,Starkes Baumholz,Starkes Baumholz_13,0.0,1.0,1.0,1.0,1.0,1.0,6975,not_young
0.23946954509858,9006.0,13.0,ds2,ds2_13,Jungwuchs/Dickung,Jungwuchs/Dickung_13,0.0,1.0,1.0,1.0,1.0,1.0,6976,young
0.33317674424455,9110.0,13.0,ds6,ds6_13,Starkes Baumholz,Starkes Baumholz_13,0.0,1.0,1.0,1.0,1.0,1.0,6977,not_young
0.349350049515339,9283.0,13.0,ds2,ds2_13,Jungwuchs/Dickung,Jungwuchs/Dickung_13,0.0,1.0,1.0,1.0,1.0,1.0,6978,young
0.290161037408188,9585.0,13.0,ds6,ds6_13,Starkes Baumholz,Starkes Baumholz_13,0.0,1.0,1.0,1.0,1.0,1.0,6979,not_young
0.21988183430098,9607.0,13.0,ds6,ds6_13,Starkes Baumholz,Starkes Baumholz_13,0.0,1.0,1.0,1.0,1.0,1.0,6980,not_young
0.283290685853642,11074.0,13.0,ds2,ds2_13,Jungwuchs/Dickung,Jungwuchs/Dickung_13,0.0,1.0,1.0,1.0,1.0,1.0,6981,young
0.357916610132903,11075.0,13.0,ds2,ds2_13,Jungwuchs/Dickung,Jungwuchs/Dickung_13,0.0,1.0,1.0,1.0,1.0,1.0,6982,young
0.387439942509867,11076.0,13.0,ds6,ds6_13,Starkes Baumholz,Starkes Baumholz_13,0.0,1.0,1.0,1.0,1.0,1.0,6983,not_young
0.32323636366115,11227.0,13.0,ds2,ds2_13,Jungwuchs/Dickung,Jungwuchs/Dickung_13,0.0,1.0,1.0,1.0,1.0,1.0,6984,young
0.322072110508103,11656.0,13.0,ds6,ds6_13,Starkes Baumholz,Starkes Baumholz_13,0.0,1.0,1.0,1.0,3.0,3.0,6985,not_young
0.274103354200255,12019.0,13.0,ds6,ds6_13,Starkes Baumholz,Starkes Baumholz_13,0.0,1.0,1.0,1.0,1.0,1.0,6986,not_young
0.350722987252427,12995.0,13.0,ds6,ds6_13,Starkes Baumholz,Starkes Baumholz_13,0.0,1.0,1.0,1.0,3.0,3.0,6987,not_young
0.207984112360585,13271.0,13.0,ds2,ds2_13,Jungwuchs/Dickung,Jungwuchs/Dickung_13,0.0,1.0,1.0,1.0,1.0,1.0,6988,young
0.293705788149001,13278.0,13.0,ds2,ds2_13,Jungwuchs/Dickung,Jungwuchs/Dickung_13,0.0,1.0,1.0,1.0,1.0,1.0,6989,young
0.224452630285174,13791.0,13.0,ds6,ds6_13,Starkes Baumholz,Starkes Baumholz_13,0.0,1.0,1.0,1.0,1.0,1.0,6990,not_young
0.327960354250204,13996.0,13.0,ds6,ds6_13,Starkes Baumholz,Starkes Baumholz_13,0.0,1.0,1.0,1.0,1.0,1.0,6991,not_young
0.456540348628722,13998.0,13.0,ds6,ds6_13,Starkes Baumholz,Starkes Baumholz_13,0.0,1.0,1.0,1.0,1.0,1.0,6992,not_young
0.312164801060536,14302.0,13.0,ds2,ds2_13,Jungwuchs/Dickung,Jungwuchs/Dickung_13,0.0,1.0,1.0,1.0,1.0,1.0,6993,young
0.27098406701088,14582.0,13.0,ds2,ds2_13,Jungwuchs/Dickung,Jungwuchs/Dickung_13,0.0,1.0,1.0,1.0,1.0,1.0,6994,young
0.384346360283345,14586.0,13.0,ds2,ds2_13,Jungwuchs/Dickung,Jungwuchs/Dickung_13,0.0,1.0,1.0,1.0,1.0,1.0,6995,young
0.350139757529367,14588.0,13.0,ds2,ds2_13,Jungwuchs/Dickung,Jungwuchs/Dickung_13,0.0,1.0,1.0,1.0,1.0,1.0,6996,young
0.306663718256261,14680.0,13.0,ds1,ds1_13,Jungwuchs/Dickung,Jungwuchs/Dickung_13,0.0,1.0,1.0,1.0,1.0,1.0,6997,young
0.207418471389264,14686.0,13.0,ds1,ds1_13,Jungwuchs/Dickung,Jungwuchs/Dickung_13,0.0,1.0,1.0,1.0,1.0,1.0,6998,young
0.383143056812044,14726.0,13.0,ds2,ds2_13,Jungwuchs/Dickung,Jungwuchs/Dickung_13,0.0,1.0,1.0,1.0,1.0,1.0,6999,young
0.468213842010545,14731.0,13.0,ds6,ds6_13,Starkes Baumholz,Starkes Baumholz_13,0.0,1.0,1.0,1.0,1.0,1.0,7000,not_young
0.326329893183569,14734.0,13.0,ds2,ds2_13,Jungwuchs/Dickung,Jungwuchs/Dickung_13,0.0,1.0,1.0,1.0,1.0,1.0,7001,young
0.3004338975152,14880.0,13.0,ds2,ds2_13,Jungwuchs/Dickung,Jungwuchs/Dickung_13,0.0,1.0,1.0,1.0,1.0,1.0,7002,young
0.361286225591786,14954.0,13.0,ds6,ds6_13,Starkes Baumholz,Starkes Baumholz_13,0.0,1.0,1.0,1.0,1.0,1.0,7003,not_young
3.358437377239533,653.0,13.0,ds1,ds1_13,Jungwuchs/Dickung,Jungwuchs/Dickung_13,0.0,0.0,3.0,3.0,3.0,3.0,7004,young
3.498475941262102,6565.0,13.0,ds1,ds1_13,Jungwuchs/Dickung,Jungwuchs/Dickung_13,0.0,0.0,3.0,3.0,3.0,3.0,7005,young
0.303309115625429,15348.0,13.0,ds1,ds1_13,Jungwuchs/Dickung,Jungwuchs/Dickung_13,0.0,0.0,3.0,3.0,3.0,3.0,7006,young
2.548121947198775,317.0,13.0,ds1,ds1_13,Jungwuchs/Dickung,Jungwuchs/Dickung_13,0.0,0.0,3.0,3.0,3.0,3.0,7007,young
1.811232686217524,1371.0,13.0,ds1,ds1_13,Jungwuchs/Dickung,Jungwuchs/Dickung_13,0.0,0.0,3.0,3.0,3.0,3.0,7008,young
0.596158517575776,1278.0,13.0,ds1,ds1_13,Jungwuchs/Dickung,Jungwuchs/Dickung_13,0.0,0.0,3.0,3.0,4.0,4.0,7009,young
1.558480524437789,2931.0,13.0,ds1,ds1_13,Jungwuchs/Dickung,Jungwuchs/Dickung_13,0.0,0.0,3.0,3.0,3.0,3.0,7010,young
4.234298204715259,311.0,13.0,ds1,ds1_13,Jungwuchs/Dickung,Jungwuchs/Dickung_13,0.0,0.0,3.0,3.0,3.0,3.0,7011,young
4.88143341009241,320.0,13.0,ds1,ds1_13,Jungwuchs/Dickung,Jungwuchs/Dickung_13,0.0,0.0,3.0,3.0,3.0,3.0,7012,young
3.608625544005266,7047.0,13.0,ds1,ds1_13,Jungwuchs/Dickung,Jungwuchs/Dickung_13,0.0,0.0,3.0,3.0,3.0,3.0,7013,young
4.6885643422439,473.0,13.0,ds1,ds1_13,Jungwuchs/Dickung,Jungwuchs/Dickung_13,0.0,0.0,3.0,3.0,3.0,3.0,7014,young
0.45166713440828,440.0,13.0,ds1,ds1_13,Jungwuchs/Dickung,Jungwuchs/Dickung_13,0.0,0.0,3.0,3.0,3.0,3.0,7015,young
1.259038542691362,1150.0,13.0,ds1,ds1_13,Jungwuchs/Dickung,Jungwuchs/Dickung_13,0.0,0.0,3.0,3.0,3.0,3.0,7016,young
6.381743273654758,301.0,13.0,ds1,ds1_13,Jungwuchs/Dickung,Jungwuchs/Dickung_13,0.0,0.0,3.0,3.0,3.0,3.0,7017,young
5.184743964548396,3775.0,13.0,ds1,ds1_13,Jungwuchs/Dickung,Jungwuchs/Dickung_13,0.0,0.0,3.0,3.0,3.0,3.0,7018,young
0.72744873542646,11023.0,13.0,ds1,ds1_13,Jungwuchs/Dickung,Jungwuchs/Dickung_13,0.0,0.0,3.0,3.0,3.0,3.0,7019,young
2.465966602919272,397.0,13.0,ds1,ds1_13,Jungwuchs/Dickung,Jungwuchs/Dickung_13,0.0,0.0,3.0,3.0,3.0,3.0,7020,young
2.954173525630613,316.0,13.0,ds1,ds1_13,Jungwuchs/Dickung,Jungwuchs/Dickung_13,0.0,0.0,3.0,3.0,3.0,3.0,7021,young
3.798848374563051,12947.0,13.0,ds1,ds1_13,Jungwuchs/Dickung,Jungwuchs/Dickung_13,0.0,0.0,3.0,3.0,3.0,3.0,7022,young
1.799329273300059,259.0,13.0,ds1,ds1_13,Jungwuchs/Dickung,Jungwuchs/Dickung_13,0.0,0.0,3.0,3.0,3.0,3.0,7023,young
1.391979970986658,7366.0,13.0,ds1,ds1_13,Jungwuchs/Dickung,Jungwuchs/Dickung_13,0.0,0.0,3.0,3.0,4.0,3.0,7024,young
1.994857634837461,6685.0,13.0,ds1,ds1_13,Jungwuchs/Dickung,Jungwuchs/Dickung_13,0.0,0.0,3.0,3.0,4.0,3.0,7025,young
1.614865947622492,430.0,13.0,ds1,ds1_13,Jungwuchs/Dickung,Jungwuchs/Dickung_13,0.0,0.0,3.0,3.0,4.0,4.0,7026,young
0.278259476856259,1602.0,13.0,ds1,ds1_13,Jungwuchs/Dickung,Jungwuchs/Dickung_13,1.0,0.0,2.0,2.0,2.0,2.0,7027,young
1.390276336074183,2325.0,13.0,ds1,ds1_13,Jungwuchs/Dickung,Jungwuchs/Dickung_13,1.0,0.0,2.0,2.0,2.0,2.0,7028,young
4.11727889654802,2074.0,13.0,ds1,ds1_13,Jungwuchs/Dickung,Jungwuchs/Dickung_13,1.0,0.0,2.0,2.0,2.0,2.0,7029,young
0.259230743465314,5061.0,13.0,ds1,ds1_13,Jungwuchs/Dickung,Jungwuchs/Dickung_13,1.0,0.0,2.0,2.0,2.0,2.0,7030,young
3.836512079959127,1337.0,13.0,ds1,ds1_13,Jungwuchs/Dickung,Jungwuchs/Dickung_13,1.0,0.0,2.0,2.0,2.0,2.0,7031,young
0.963975255997606,2666.0,13.0,ds1,ds1_13,Jungwuchs/Dickung,Jungwuchs/Dickung_13,1.0,0.0,2.0,2.0,2.0,2.0,7032,young
4.739326329371272,1778.0,13.0,ds1,ds1_13,Jungwuchs/Dickung,Jungwuchs/Dickung_13,1.0,0.0,2.0,2.0,4.0,2.0,7033,young
2.457953451302233,3764.0,13.0,ds1,ds1_13,Jungwuchs/Dickung,Jungwuchs/Dickung_13,1.0,0.0,2.0,2.0,2.0,2.0,7034,young
4.975438834917298,1742.0,13.0,ds1,ds1_13,Jungwuchs/Dickung,Jungwuchs/Dickung_13,1.0,0.0,2.0,2.0,2.0,2.0,7035,young
1.548597882359865,8582.0,4.0,ds1,ds1_4,Jungwuchs/Dickung,Jungwuchs/Dickung_4,0.0,0.0,3.0,3.0,3.0,3.0,7036,young
0.218733109194107,16205.0,4.0,ds1,ds1_4,Jungwuchs/Dickung,Jungwuchs/Dickung_4,0.0,0.0,3.0,3.0,3.0,3.0,7037,young
0.711759034882131,1919.0,4.0,ds1,ds1_4,Jungwuchs/Dickung,Jungwuchs/Dickung_4,0.0,0.0,3.0,3.0,3.0,3.0,7038,young
5.419486617938834,5764.0,4.0,ds1,ds1_4,Jungwuchs/Dickung,Jungwuchs/Dickung_4,0.0,0.0,3.0,3.0,3.0,3.0,7039,young
1.330177137624678,7363.0,4.0,ds1,ds1_4,Jungwuchs/Dickung,Jungwuchs/Dickung_4,0.0,0.0,3.0,3.0,4.0,4.0,7040,young
1.714666590670426,4107.0,4.0,ds1,ds1_4,Jungwuchs/Dickung,Jungwuchs/Dickung_4,0.0,0.0,3.0,3.0,3.0,3.0,7041,young
3.401469587003389,237.0,4.0,ds1,ds1_4,Jungwuchs/Dickung,Jungwuchs/Dickung_4,0.0,0.0,3.0,3.0,3.0,3.0,7042,young
0.749806379972292,1359.0,4.0,ds1,ds1_4,Jungwuchs/Dickung,Jungwuchs/Dickung_4,0.0,0.0,3.0,1.0,3.0,3.0,7043,young
2.656495704381343,6885.0,4.0,ds1,ds1_4,Jungwuchs/Dickung,Jungwuchs/Dickung_4,0.0,0.0,3.0,3.0,3.0,3.0,7044,young
2.128668335799854,2918.0,4.0,ds1,ds1_4,Jungwuchs/Dickung,Jungwuchs/Dickung_4,0.0,0.0,3.0,3.0,3.0,3.0,7045,young
0.654795482587552,4813.0,4.0,ds1,ds1_4,Jungwuchs/Dickung,Jungwuchs/Dickung_4,0.0,0.0,3.0,3.0,4.0,4.0,7046,young
1.045842995079723,62.0,4.0,ds1,ds1_4,Jungwuchs/Dickung,Jungwuchs/Dickung_4,0.0,0.0,3.0,3.0,4.0,3.0,7047,young
3.594173014678019,335.0,4.0,ds1,ds1_4,Jungwuchs/Dickung,Jungwuchs/Dickung_4,0.0,0.0,3.0,3.0,4.0,3.0,7048,young
1.428080842778261,239.0,4.0,ds1,ds1_4,Jungwuchs/Dickung,Jungwuchs/Dickung_4,0.0,0.0,3.0,3.0,3.0,3.0,7049,young
0.537050659736739,578.0,4.0,ds1,ds1_4,Jungwuchs/Dickung,Jungwuchs/Dickung_4,0.0,0.0,3.0,3.0,4.0,3.0,7050,young
1.596817816394038,169.0,4.0,ds1,ds1_4,Jungwuchs/Dickung,Jungwuchs/Dickung_4,0.0,0.0,3.0,3.0,4.0,3.0,7051,young
3.305113204444009,318.0,4.0,ds1,ds1_4,Jungwuchs/Dickung,Jungwuchs/Dickung_4,0.0,0.0,3.0,3.0,3.0,3.0,7052,young
2.48082906331776,876.0,4.0,ds1,ds1_4,Jungwuchs/Dickung,Jungwuchs/Dickung_4,0.0,0.0,3.0,3.0,4.0,3.0,7053,young
0.500172074574453,3405.0,4.0,ds1,ds1_4,Jungwuchs/Dickung,Jungwuchs/Dickung_4,0.0,0.0,3.0,3.0,4.0,4.0,7054,young
0.650476855155383,7605.0,4.0,ds1,ds1_4,Jungwuchs/Dickung,Jungwuchs/Dickung_4,0.0,0.0,3.0,3.0,3.0,3.0,7055,young
5.011554797660824,6597.0,4.0,ds1,ds1_4,Jungwuchs/Dickung,Jungwuchs/Dickung_4,0.0,0.0,3.0,3.0,3.0,3.0,7056,young
5.91746458205502,209.0,4.0,ds1,ds1_4,Jungwuchs/Dickung,Jungwuchs/Dickung_4,0.0,0.0,3.0,3.0,3.0,3.0,7057,young
0.891679770925448,3821.0,4.0,ds1,ds1_4,Jungwuchs/Dickung,Jungwuchs/Dickung_4,0.0,0.0,3.0,3.0,3.0,3.0,7058,young
1.916667418798906,8571.0,4.0,ds1,ds1_4,Jungwuchs/Dickung,Jungwuchs/Dickung_4,0.0,0.0,3.0,3.0,4.0,4.0,7059,young
2.730040531240874,205.0,4.0,ds1,ds1_4,Jungwuchs/Dickung,Jungwuchs/Dickung_4,0.0,0.0,3.0,3.0,3.0,3.0,7060,young
3.610104265061429,2348.0,4.0,ds1,ds1_4,Jungwuchs/Dickung,Jungwuchs/Dickung_4,0.0,0.0,3.0,3.0,3.0,3.0,7061,young
1.055178250942445,7353.0,4.0,ds1,ds1_4,Jungwuchs/Dickung,Jungwuchs/Dickung_4,0.0,0.0,3.0,3.0,3.0,3.0,7062,young
3.011438623471377,315.0,4.0,ds1,ds1_4,Jungwuchs/Dickung,Jungwuchs/Dickung_4,0.0,0.0,3.0,3.0,3.0,3.0,7063,young
3.312589474506056,1889.0,4.0,ds1,ds1_4,Jungwuchs/Dickung,Jungwuchs/Dickung_4,0.0,0.0,3.0,3.0,3.0,3.0,7064,young
1.576802000233564,6955.0,4.0,ds1,ds1_4,Jungwuchs/Dickung,Jungwuchs/Dickung_4,0.0,0.0,3.0,3.0,4.0,4.0,7065,young
1.833352251475366,7396.0,4.0,ds1,ds1_4,Jungwuchs/Dickung,Jungwuchs/Dickung_4,0.0,0.0,3.0,3.0,4.0,3.0,7066,young
1.813331834739843,4796.0,4.0,ds1,ds1_4,Jungwuchs/Dickung,Jungwuchs/Dickung_4,0.0,0.0,3.0,3.0,4.0,4.0,7067,young
1.41633273936786,15394.0,4.0,ds1,ds1_4,Jungwuchs/Dickung,Jungwuchs/Dickung_4,0.0,0.0,3.0,3.0,3.0,3.0,7068,young
4.024819520952643,5383.0,4.0,ds1,ds1_4,Jungwuchs/Dickung,Jungwuchs/Dickung_4,0.0,0.0,3.0,3.0,4.0,4.0,7069,young
1.831931939549558,583.0,4.0,ds1,ds1_4,Jungwuchs/Dickung,Jungwuchs/Dickung_4,0.0,0.0,3.0,3.0,4.0,3.0,7070,young
2.761304336948568,4777.0,4.0,ds1,ds1_4,Jungwuchs/Dickung,Jungwuchs/Dickung_4,0.0,0.0,3.0,3.0,3.0,3.0,7071,young
1.806138448782151,3245.0,4.0,ds1,ds1_4,Jungwuchs/Dickung,Jungwuchs/Dickung_4,0.0,0.0,3.0,3.0,3.0,3.0,7072,young
1.51939446253418,8477.0,4.0,ds1,ds1_4,Jungwuchs/Dickung,Jungwuchs/Dickung_4,0.0,0.0,3.0,3.0,3.0,3.0,7073,young
0.336636476042698,4920.0,4.0,ds1,ds1_4,Jungwuchs/Dickung,Jungwuchs/Dickung_4,0.0,0.0,3.0,3.0,4.0,3.0,7074,young
4.447018492642312,332.0,4.0,ds1,ds1_4,Jungwuchs/Dickung,Jungwuchs/Dickung_4,0.0,0.0,3.0,3.0,3.0,3.0,7075,young
2.920252641303462,8486.0,4.0,ds1,ds1_4,Jungwuchs/Dickung,Jungwuchs/Dickung_4,0.0,0.0,3.0,3.0,4.0,4.0,7076,young
1.602147324067408,482.0,4.0,ds1,ds1_4,Jungwuchs/Dickung,Jungwuchs/Dickung_4,0.0,0.0,3.0,3.0,3.0,3.0,7077,young
2.633528784923396,2598.0,4.0,ds1,ds1_4,Jungwuchs/Dickung,Jungwuchs/Dickung_4,0.0,0.0,3.0,3.0,3.0,3.0,7078,young
3.11311788075004,200.0,4.0,ds1,ds1_4,Jungwuchs/Dickung,Jungwuchs/Dickung_4,0.0,0.0,3.0,3.0,3.0,3.0,7079,young
3.931228917840286,7913.0,4.0,ds1,ds1_4,Jungwuchs/Dickung,Jungwuchs/Dickung_4,0.0,0.0,3.0,3.0,4.0,3.0,7080,young
3.994860562683814,7633.0,4.0,ds1,ds1_4,Jungwuchs/Dickung,Jungwuchs/Dickung_4,0.0,0.0,3.0,3.0,3.0,3.0,7081,young
1.225078842060821,5970.0,4.0,ds1,ds1_4,Jungwuchs/Dickung,Jungwuchs/Dickung_4,0.0,0.0,3.0,3.0,3.0,3.0,7082,young
2.476956970706195,6359.0,4.0,ds1,ds1_4,Jungwuchs/Dickung,Jungwuchs/Dickung_4,0.0,0.0,3.0,3.0,4.0,3.0,7083,young
0.71153305013427,287.0,4.0,ds1,ds1_4,Jungwuchs/Dickung,Jungwuchs/Dickung_4,0.0,0.0,3.0,3.0,4.0,4.0,7084,young
0.217085520216916,1387.0,4.0,ds1,ds1_4,Jungwuchs/Dickung,Jungwuchs/Dickung_4,0.0,0.0,3.0,3.0,3.0,3.0,7085,young
0.572122095703459,54.0,4.0,ds1,ds1_4,Jungwuchs/Dickung,Jungwuchs/Dickung_4,0.0,0.0,3.0,3.0,3.0,3.0,7086,young
1.421404507039857,13875.0,4.0,ds1,ds1_4,Jungwuchs/Dickung,Jungwuchs/Dickung_4,0.0,0.0,3.0,3.0,3.0,3.0,7087,young
3.815360207175628,3835.0,4.0,ds1,ds1_4,Jungwuchs/Dickung,Jungwuchs/Dickung_4,0.0,0.0,3.0,3.0,4.0,4.0,7088,young
2.399869128687427,322.0,4.0,ds1,ds1_4,Jungwuchs/Dickung,Jungwuchs/Dickung_4,0.0,0.0,3.0,3.0,4.0,4.0,7089,young
1.561399971534149,8472.0,4.0,ds1,ds1_4,Jungwuchs/Dickung,Jungwuchs/Dickung_4,0.0,0.0,3.0,3.0,4.0,4.0,7090,young
0.255365447948037,6572.0,4.0,ds1,ds1_4,Jungwuchs/Dickung,Jungwuchs/Dickung_4,0.0,0.0,3.0,3.0,3.0,3.0,7091,young
1.027346684438326,3244.0,4.0,ds1,ds1_4,Jungwuchs/Dickung,Jungwuchs/Dickung_4,0.0,0.0,3.0,3.0,3.0,3.0,7092,young
2.697536430659237,3830.0,4.0,ds1,ds1_4,Jungwuchs/Dickung,Jungwuchs/Dickung_4,0.0,0.0,3.0,3.0,3.0,3.0,7093,young
3.356883343870039,444.0,4.0,ds1,ds1_4,Jungwuchs/Dickung,Jungwuchs/Dickung_4,0.0,0.0,3.0,3.0,3.0,3.0,7094,young
1.751799015812811,1907.0,4.0,ds1,ds1_4,Jungwuchs/Dickung,Jungwuchs/Dickung_4,0.0,0.0,3.0,3.0,3.0,3.0,7095,young
1.096673465482023,13470.0,4.0,ds1,ds1_4,Jungwuchs/Dickung,Jungwuchs/Dickung_4,0.0,0.0,3.0,3.0,3.0,3.0,7096,young
2.66933935340072,203.0,4.0,ds1,ds1_4,Jungwuchs/Dickung,Jungwuchs/Dickung_4,0.0,0.0,3.0,3.0,3.0,3.0,7097,young
0.5033511116646,8837.0,4.0,ds1,ds1_4,Jungwuchs/Dickung,Jungwuchs/Dickung_4,0.0,0.0,3.0,3.0,4.0,3.0,7098,young
1.119934717928822,6588.0,4.0,ds1,ds1_4,Jungwuchs/Dickung,Jungwuchs/Dickung_4,0.0,0.0,3.0,3.0,4.0,4.0,7099,young
0.958573351124903,201.0,4.0,ds1,ds1_4,Jungwuchs/Dickung,Jungwuchs/Dickung_4,0.0,0.0,3.0,3.0,3.0,3.0,7100,young
2.985414391653058,185.0,4.0,ds1,ds1_4,Jungwuchs/Dickung,Jungwuchs/Dickung_4,0.0,0.0,3.0,3.0,3.0,3.0,7101,young
1.324535004874504,341.0,4.0,ds1,ds1_4,Jungwuchs/Dickung,Jungwuchs/Dickung_4,0.0,0.0,3.0,3.0,4.0,3.0,7102,young
5.798166312122914,476.0,4.0,ds1,ds1_4,Jungwuchs/Dickung,Jungwuchs/Dickung_4,0.0,0.0,3.0,3.0,3.0,3.0,7103,young
0.7869503096557,4524.0,4.0,ds1,ds1_4,Jungwuchs/Dickung,Jungwuchs/Dickung_4,0.0,0.0,3.0,3.0,3.0,3.0,7104,young
1.401109745421668,161.0,4.0,ds1,ds1_4,Jungwuchs/Dickung,Jungwuchs/Dickung_4,0.0,0.0,3.0,3.0,4.0,3.0,7105,young
2.008469007294648,243.0,4.0,ds1,ds1_4,Jungwuchs/Dickung,Jungwuchs/Dickung_4,0.0,0.0,3.0,3.0,3.0,3.0,7106,young
1.572714466019614,13885.0,4.0,ds1,ds1_4,Jungwuchs/Dickung,Jungwuchs/Dickung_4,0.0,0.0,3.0,3.0,4.0,3.0,7107,young
1.664854801279027,404.0,4.0,ds1,ds1_4,Jungwuchs/Dickung,Jungwuchs/Dickung_4,0.0,0.0,3.0,3.0,4.0,4.0,7108,young
2.502842440922011,5753.0,4.0,ds1,ds1_4,Jungwuchs/Dickung,Jungwuchs/Dickung_4,0.0,0.0,3.0,1.0,4.0,3.0,7109,young
3.460864987409338,449.0,4.0,ds1,ds1_4,Jungwuchs/Dickung,Jungwuchs/Dickung_4,0.0,0.0,3.0,3.0,4.0,4.0,7110,young
0.868915854843613,11089.0,4.0,ds1,ds1_4,Jungwuchs/Dickung,Jungwuchs/Dickung_4,0.0,0.0,3.0,3.0,4.0,4.0,7111,young
0.530027348804526,5721.0,4.0,ds1,ds1_4,Jungwuchs/Dickung,Jungwuchs/Dickung_4,0.0,0.0,3.0,3.0,3.0,3.0,7112,young
1.132219741749857,8625.0,4.0,ds1,ds1_4,Jungwuchs/Dickung,Jungwuchs/Dickung_4,0.0,0.0,3.0,3.0,4.0,3.0,7113,young
0.428067574564353,2933.0,4.0,ds1,ds1_4,Jungwuchs/Dickung,Jungwuchs/Dickung_4,0.0,0.0,3.0,3.0,3.0,3.0,7114,young
1.926747857809882,461.0,4.0,ds1,ds1_4,Jungwuchs/Dickung,Jungwuchs/Dickung_4,0.0,0.0,3.0,3.0,3.0,3.0,7115,young
2.654667147655343,534.0,4.0,ds1,ds1_4,Jungwuchs/Dickung,Jungwuchs/Dickung_4,0.0,0.0,3.0,3.0,3.0,3.0,7116,young
5.664153962208462,6535.0,4.0,ds1,ds1_4,Jungwuchs/Dickung,Jungwuchs/Dickung_4,0.0,0.0,3.0,3.0,3.0,3.0,7117,young
3.966547582990071,6611.0,4.0,ds1,ds1_4,Jungwuchs/Dickung,Jungwuchs/Dickung_4,0.0,0.0,3.0,3.0,3.0,3.0,7118,young
1.187778339604894,8709.0,4.0,ds1,ds1_4,Jungwuchs/Dickung,Jungwuchs/Dickung_4,0.0,0.0,3.0,3.0,4.0,3.0,7119,young
3.395973926904926,8621.0,4.0,ds1,ds1_4,Jungwuchs/Dickung,Jungwuchs/Dickung_4,0.0,0.0,3.0,3.0,3.0,3.0,7120,young
3.210050637787647,4536.0,4.0,ds1,ds1_4,Jungwuchs/Dickung,Jungwuchs/Dickung_4,0.0,0.0,3.0,3.0,3.0,3.0,7121,young
1.602734371524256,2555.0,4.0,ds1,ds1_4,Jungwuchs/Dickung,Jungwuchs/Dickung_4,0.0,0.0,3.0,3.0,3.0,3.0,7122,young
1.346547237403598,9503.0,4.0,ds1,ds1_4,Jungwuchs/Dickung,Jungwuchs/Dickung_4,0.0,0.0,3.0,3.0,4.0,3.0,7123,young
0.213966981083993,15121.0,4.0,ds1,ds1_4,Jungwuchs/Dickung,Jungwuchs/Dickung_4,0.0,1.0,1.0,1.0,1.0,1.0,7124,young
8.502819860694398,5546.0,4.0,ds1,ds1_4,Jungwuchs/Dickung,Jungwuchs/Dickung_4,0.0,1.0,1.0,1.0,1.0,1.0,7125,young
0.682303442177083,13519.0,4.0,ds1,ds1_4,Jungwuchs/Dickung,Jungwuchs/Dickung_4,0.0,1.0,1.0,1.0,1.0,1.0,7126,young
1.019878667106017,353.0,4.0,ds1,ds1_4,Jungwuchs/Dickung,Jungwuchs/Dickung_4,0.0,1.0,1.0,1.0,1.0,1.0,7127,young
2.642166378832426,6727.0,4.0,ds1,ds1_4,Jungwuchs/Dickung,Jungwuchs/Dickung_4,0.0,1.0,1.0,1.0,3.0,3.0,7128,young
1.877288618366723,7390.0,4.0,ds1,ds1_4,Jungwuchs/Dickung,Jungwuchs/Dickung_4,0.0,1.0,1.0,1.0,3.0,3.0,7129,young
1.958771841215878,1003.0,4.0,ds1,ds1_4,Jungwuchs/Dickung,Jungwuchs/Dickung_4,0.0,1.0,1.0,1.0,1.0,1.0,7130,young
1.510249345190101,9715.0,4.0,ds1,ds1_4,Jungwuchs/Dickung,Jungwuchs/Dickung_4,0.0,1.0,1.0,1.0,1.0,1.0,7131,young
7.314955908625942,4695.0,4.0,ds1,ds1_4,Jungwuchs/Dickung,Jungwuchs/Dickung_4,0.0,1.0,1.0,1.0,3.0,3.0,7132,young
0.783083227722632,5353.0,4.0,ds1,ds1_4,Jungwuchs/Dickung,Jungwuchs/Dickung_4,1.0,0.0,2.0,2.0,2.0,2.0,7133,young
2.503652725671701,2754.0,4.0,ds1,ds1_4,Jungwuchs/Dickung,Jungwuchs/Dickung_4,1.0,0.0,2.0,2.0,4.0,2.0,7134,young
4.486140186173304,3393.0,4.0,ds1,ds1_4,Jungwuchs/Dickung,Jungwuchs/Dickung_4,1.0,0.0,2.0,2.0,4.0,4.0,7135,young
3.493353642187533,3709.0,4.0,ds1,ds1_4,Jungwuchs/Dickung,Jungwuchs/Dickung_4,1.0,0.0,2.0,2.0,4.0,4.0,7136,young
2.375376258092364,3216.0,4.0,ds1,ds1_4,Jungwuchs/Dickung,Jungwuchs/Dickung_4,1.0,0.0,2.0,2.0,2.0,2.0,7137,young
1.355007900904752,4.0,4.0,ds1,ds1_4,Jungwuchs/Dickung,Jungwuchs/Dickung_4,1.0,0.0,2.0,2.0,2.0,2.0,7138,young
2.701882216973386,2293.0,4.0,ds1,ds1_4,Jungwuchs/Dickung,Jungwuchs/Dickung_4,1.0,0.0,2.0,2.0,4.0,4.0,7139,young
0.781146617439446,2857.0,4.0,ds1,ds1_4,Jungwuchs/Dickung,Jungwuchs/Dickung_4,1.0,0.0,2.0,2.0,2.0,2.0,7140,young
5.142795558580478,1728.0,4.0,ds1,ds1_4,Jungwuchs/Dickung,Jungwuchs/Dickung_4,1.0,0.0,2.0,2.0,4.0,2.0,7141,young
2.041263358402229,1334.0,4.0,ds1,ds1_4,Jungwuchs/Dickung,Jungwuchs/Dickung_4,1.0,0.0,2.0,2.0,2.0,2.0,7142,young
0.93236922788521,1942.0,4.0,ds1,ds1_4,Jungwuchs/Dickung,Jungwuchs/Dickung_4,1.0,0.0,2.0,2.0,2.0,2.0,7143,young
0.560892248857384,5909.0,4.0,ds1,ds1_4,Jungwuchs/Dickung,Jungwuchs/Dickung_4,1.0,0.0,2.0,2.0,2.0,2.0,7144,young
2.133531620863146,1513.0,4.0,ds1,ds1_4,Jungwuchs/Dickung,Jungwuchs/Dickung_4,1.0,0.0,2.0,2.0,4.0,2.0,7145,young
2.302297735938718,4186.0,4.0,ds1,ds1_4,Jungwuchs/Dickung,Jungwuchs/Dickung_4,1.0,0.0,2.0,2.0,4.0,2.0,7146,young
2.010462331775338,2589.0,4.0,ds1,ds1_4,Jungwuchs/Dickung,Jungwuchs/Dickung_4,1.0,0.0,2.0,2.0,2.0,2.0,7147,young
1.066743156684178,1910.0,4.0,ds1,ds1_4,Jungwuchs/Dickung,Jungwuchs/Dickung_4,1.0,0.0,2.0,2.0,4.0,2.0,7148,young
3.356844162096997,1322.0,4.0,ds1,ds1_4,Jungwuchs/Dickung,Jungwuchs/Dickung_4,1.0,0.0,2.0,2.0,2.0,2.0,7149,young
4.550462414171578,2556.0,4.0,ds1,ds1_4,Jungwuchs/Dickung,Jungwuchs/Dickung_4,1.0,0.0,2.0,2.0,4.0,4.0,7150,young
1.29959644950918,11.0,4.0,ds1,ds1_4,Jungwuchs/Dickung,Jungwuchs/Dickung_4,1.0,0.0,2.0,2.0,2.0,2.0,7151,young
0.394325088868663,5765.0,4.0,ds1,ds1_4,Jungwuchs/Dickung,Jungwuchs/Dickung_4,1.0,0.0,2.0,2.0,4.0,2.0,7152,young
0.92364148862445,2957.0,4.0,ds1,ds1_4,Jungwuchs/Dickung,Jungwuchs/Dickung_4,1.0,0.0,2.0,2.0,4.0,4.0,7153,young
2.605766548545598,2277.0,4.0,ds1,ds1_4,Jungwuchs/Dickung,Jungwuchs/Dickung_4,1.0,0.0,2.0,2.0,2.0,2.0,7154,young
1.196994423603395,2560.0,4.0,ds1,ds1_4,Jungwuchs/Dickung,Jungwuchs/Dickung_4,1.0,0.0,2.0,2.0,2.0,2.0,7155,young
3.881972237416852,4783.0,4.0,ds1,ds1_4,Jungwuchs/Dickung,Jungwuchs/Dickung_4,1.0,0.0,2.0,2.0,4.0,4.0,7156,young
2.613695653102589,1364.0,4.0,ds1,ds1_4,Jungwuchs/Dickung,Jungwuchs/Dickung_4,1.0,0.0,2.0,2.0,4.0,2.0,7157,young
2.252600238204614,2302.0,4.0,ds1,ds1_4,Jungwuchs/Dickung,Jungwuchs/Dickung_4,1.0,0.0,2.0,2.0,2.0,2.0,7158,young
4.95927817289137,1801.0,4.0,ds1,ds1_4,Jungwuchs/Dickung,Jungwuchs/Dickung_4,1.0,0.0,2.0,2.0,2.0,2.0,7159,young
2.340624343298894,2077.0,4.0,ds1,ds1_4,Jungwuchs/Dickung,Jungwuchs/Dickung_4,1.0,0.0,2.0,2.0,2.0,2.0,7160,young
1.435749526395013,4282.0,4.0,ds1,ds1_4,Jungwuchs/Dickung,Jungwuchs/Dickung_4,1.0,0.0,2.0,2.0,2.0,2.0,7161,young
3.247470702716727,3712.0,4.0,ds1,ds1_4,Jungwuchs/Dickung,Jungwuchs/Dickung_4,1.0,0.0,2.0,2.0,4.0,2.0,7162,young
4.691067628403976,3370.0,4.0,ds1,ds1_4,Jungwuchs/Dickung,Jungwuchs/Dickung_4,1.0,0.0,2.0,2.0,2.0,2.0,7163,young
2.298674209917811,3911.0,4.0,ds1,ds1_4,Jungwuchs/Dickung,Jungwuchs/Dickung_4,1.0,0.0,2.0,2.0,4.0,2.0,7164,young
3.468858770826725,1938.0,4.0,ds1,ds1_4,Jungwuchs/Dickung,Jungwuchs/Dickung_4,1.0,0.0,2.0,2.0,2.0,2.0,7165,young
1.005998934126261,3550.0,4.0,ds1,ds1_4,Jungwuchs/Dickung,Jungwuchs/Dickung_4,1.0,0.0,2.0,2.0,2.0,2.0,7166,young
1.347948520797614,1878.0,4.0,ds1,ds1_4,Jungwuchs/Dickung,Jungwuchs/Dickung_4,1.0,0.0,2.0,2.0,2.0,2.0,7167,young
1.306001731680444,4126.0,4.0,ds1,ds1_4,Jungwuchs/Dickung,Jungwuchs/Dickung_4,1.0,0.0,2.0,2.0,2.0,2.0,7168,young
2.515557635904622,2.0,4.0,ds1,ds1_4,Jungwuchs/Dickung,Jungwuchs/Dickung_4,1.0,0.0,2.0,2.0,4.0,2.0,7169,young
2.196539072970552,2878.0,4.0,ds1,ds1_4,Jungwuchs/Dickung,Jungwuchs/Dickung_4,1.0,0.0,2.0,2.0,2.0,2.0,7170,young
1.77440291308887,2093.0,4.0,ds1,ds1_4,Jungwuchs/Dickung,Jungwuchs/Dickung_4,1.0,0.0,2.0,2.0,2.0,2.0,7171,young
2.341081114264153,170.0,13.0,ds2,ds2_13,Jungwuchs/Dickung,Jungwuchs/Dickung_13,0.0,0.0,3.0,3.0,3.0,3.0,7172,young
7.435929248945984,8956.0,13.0,ds2,ds2_13,Jungwuchs/Dickung,Jungwuchs/Dickung_13,0.0,0.0,3.0,3.0,3.0,3.0,7173,young
1.068398904458364,529.0,13.0,ds2,ds2_13,Jungwuchs/Dickung,Jungwuchs/Dickung_13,0.0,0.0,3.0,3.0,3.0,3.0,7174,young
0.501463131810818,11420.0,13.0,ds2,ds2_13,Jungwuchs/Dickung,Jungwuchs/Dickung_13,0.0,0.0,3.0,3.0,3.0,3.0,7175,young
3.266932443989534,811.0,13.0,ds2,ds2_13,Jungwuchs/Dickung,Jungwuchs/Dickung_13,0.0,0.0,3.0,3.0,4.0,3.0,7176,young
2.224286950438264,5035.0,13.0,ds2,ds2_13,Jungwuchs/Dickung,Jungwuchs/Dickung_13,0.0,0.0,3.0,3.0,3.0,3.0,7177,young
2.289016939819046,439.0,13.0,ds2,ds2_13,Jungwuchs/Dickung,Jungwuchs/Dickung_13,0.0,0.0,3.0,3.0,3.0,3.0,7178,young
2.550420637468464,10167.0,13.0,ds2,ds2_13,Jungwuchs/Dickung,Jungwuchs/Dickung_13,0.0,0.0,3.0,3.0,3.0,3.0,7179,young
7.151546825637198,6616.0,13.0,ds2,ds2_13,Jungwuchs/Dickung,Jungwuchs/Dickung_13,0.0,0.0,3.0,3.0,3.0,3.0,7180,young
5.777859808393048,6472.0,13.0,ds2,ds2_13,Jungwuchs/Dickung,Jungwuchs/Dickung_13,0.0,0.0,3.0,3.0,3.0,3.0,7181,young
2.549364991074402,1770.0,13.0,ds2,ds2_13,Jungwuchs/Dickung,Jungwuchs/Dickung_13,0.0,0.0,3.0,3.0,3.0,3.0,7182,young
0.7199685547419,12044.0,13.0,ds2,ds2_13,Jungwuchs/Dickung,Jungwuchs/Dickung_13,0.0,0.0,3.0,3.0,3.0,3.0,7183,young
3.658881314076542,1383.0,13.0,ds2,ds2_13,Jungwuchs/Dickung,Jungwuchs/Dickung_13,0.0,0.0,3.0,3.0,3.0,3.0,7184,young
1.241478921952385,530.0,13.0,ds2,ds2_13,Jungwuchs/Dickung,Jungwuchs/Dickung_13,0.0,0.0,3.0,3.0,3.0,3.0,7185,young
0.575432279190992,7813.0,13.0,ds2,ds2_13,Jungwuchs/Dickung,Jungwuchs/Dickung_13,0.0,0.0,3.0,3.0,3.0,3.0,7186,young
1.531659215124583,1112.0,13.0,ds2,ds2_13,Jungwuchs/Dickung,Jungwuchs/Dickung_13,0.0,0.0,3.0,3.0,3.0,3.0,7187,young
4.578644609238476,290.0,13.0,ds2,ds2_13,Jungwuchs/Dickung,Jungwuchs/Dickung_13,0.0,0.0,3.0,3.0,3.0,3.0,7188,young
2.200521647209732,492.0,13.0,ds2,ds2_13,Jungwuchs/Dickung,Jungwuchs/Dickung_13,0.0,0.0,3.0,3.0,3.0,3.0,7189,young
4.291196951917774,4240.0,13.0,ds2,ds2_13,Jungwuchs/Dickung,Jungwuchs/Dickung_13,0.0,0.0,3.0,3.0,3.0,3.0,7190,young
2.404044189951886,4876.0,13.0,ds2,ds2_13,Jungwuchs/Dickung,Jungwuchs/Dickung_13,1.0,0.0,2.0,2.0,2.0,2.0,7191,young
2.125947450949707,2654.0,13.0,ds2,ds2_13,Jungwuchs/Dickung,Jungwuchs/Dickung_13,1.0,0.0,2.0,2.0,4.0,4.0,7192,young
2.24345170528906,3725.0,13.0,ds2,ds2_13,Jungwuchs/Dickung,Jungwuchs/Dickung_13,1.0,0.0,2.0,2.0,2.0,2.0,7193,young
3.084515489918603,1356.0,13.0,ds2,ds2_13,Jungwuchs/Dickung,Jungwuchs/Dickung_13,1.0,0.0,2.0,2.0,2.0,2.0,7194,young
3.306935794047395,1735.0,13.0,ds2,ds2_13,Jungwuchs/Dickung,Jungwuchs/Dickung_13,1.0,0.0,2.0,2.0,2.0,2.0,7195,young
2.217488290141918,2298.0,13.0,ds2,ds2_13,Jungwuchs/Dickung,Jungwuchs/Dickung_13,1.0,0.0,2.0,2.0,2.0,2.0,7196,young
3.511359784397435,1544.0,13.0,ds2,ds2_13,Jungwuchs/Dickung,Jungwuchs/Dickung_13,1.0,0.0,2.0,2.0,2.0,2.0,7197,young
0.491141802723322,8549.0,4.0,ds2,ds2_4,Jungwuchs/Dickung,Jungwuchs/Dickung_4,0.0,0.0,3.0,3.0,3.0,3.0,7198,young
0.61309005201183,817.0,4.0,ds2,ds2_4,Jungwuchs/Dickung,Jungwuchs/Dickung_4,0.0,0.0,3.0,3.0,4.0,3.0,7199,young
2.376360615913039,1056.0,4.0,ds2,ds2_4,Jungwuchs/Dickung,Jungwuchs/Dickung_4,0.0,0.0,3.0,3.0,4.0,4.0,7200,young
1.891114998776706,7636.0,4.0,ds2,ds2_4,Jungwuchs/Dickung,Jungwuchs/Dickung_4,0.0,0.0,3.0,3.0,3.0,3.0,7201,young
2.319900559487939,5737.0,4.0,ds2,ds2_4,Jungwuchs/Dickung,Jungwuchs/Dickung_4,0.0,0.0,3.0,3.0,3.0,3.0,7202,young
4.080915290171468,7816.0,4.0,ds2,ds2_4,Jungwuchs/Dickung,Jungwuchs/Dickung_4,0.0,0.0,3.0,3.0,3.0,3.0,7203,young
1.949710046094874,4687.0,4.0,ds2,ds2_4,Jungwuchs/Dickung,Jungwuchs/Dickung_4,0.0,0.0,3.0,3.0,4.0,3.0,7204,young
5.664453654921168,5876.0,4.0,ds2,ds2_4,Jungwuchs/Dickung,Jungwuchs/Dickung_4,0.0,0.0,3.0,3.0,3.0,3.0,7205,young
1.04149828087587,3250.0,4.0,ds2,ds2_4,Jungwuchs/Dickung,Jungwuchs/Dickung_4,0.0,0.0,3.0,3.0,3.0,3.0,7206,young
0.611691839660425,15387.0,4.0,ds2,ds2_4,Jungwuchs/Dickung,Jungwuchs/Dickung_4,0.0,0.0,3.0,3.0,3.0,3.0,7207,young
0.704111425861399,5539.0,4.0,ds2,ds2_4,Jungwuchs/Dickung,Jungwuchs/Dickung_4,0.0,0.0,3.0,3.0,3.0,3.0,7208,young
0.859141706296674,182.0,4.0,ds2,ds2_4,Jungwuchs/Dickung,Jungwuchs/Dickung_4,0.0,0.0,3.0,3.0,4.0,3.0,7209,young
0.211513992361957,174.0,4.0,ds2,ds2_4,Jungwuchs/Dickung,Jungwuchs/Dickung_4,0.0,0.0,3.0,1.0,4.0,3.0,7210,young
5.303232104893216,6730.0,4.0,ds2,ds2_4,Jungwuchs/Dickung,Jungwuchs/Dickung_4,0.0,0.0,3.0,3.0,3.0,3.0,7211,young
3.3491740820295,314.0,4.0,ds2,ds2_4,Jungwuchs/Dickung,Jungwuchs/Dickung_4,0.0,0.0,3.0,3.0,4.0,3.0,7212,young
3.972173730609339,5018.0,4.0,ds2,ds2_4,Jungwuchs/Dickung,Jungwuchs/Dickung_4,0.0,0.0,3.0,3.0,4.0,3.0,7213,young
0.745429222635226,181.0,4.0,ds2,ds2_4,Jungwuchs/Dickung,Jungwuchs/Dickung_4,0.0,0.0,3.0,3.0,3.0,3.0,7214,young
1.141989822047614,4805.0,4.0,ds2,ds2_4,Jungwuchs/Dickung,Jungwuchs/Dickung_4,0.0,0.0,3.0,3.0,3.0,3.0,7215,young
1.062538021301662,4115.0,4.0,ds2,ds2_4,Jungwuchs/Dickung,Jungwuchs/Dickung_4,0.0,0.0,3.0,3.0,3.0,3.0,7216,young
0.413688537455833,6877.0,4.0,ds2,ds2_4,Jungwuchs/Dickung,Jungwuchs/Dickung_4,0.0,0.0,3.0,3.0,3.0,3.0,7217,young
1.812018157698613,575.0,4.0,ds2,ds2_4,Jungwuchs/Dickung,Jungwuchs/Dickung_4,0.0,0.0,3.0,3.0,3.0,3.0,7218,young
3.342073255458003,6947.0,4.0,ds2,ds2_4,Jungwuchs/Dickung,Jungwuchs/Dickung_4,0.0,0.0,3.0,3.0,4.0,4.0,7219,young
3.953836274875372,5748.0,4.0,ds2,ds2_4,Jungwuchs/Dickung,Jungwuchs/Dickung_4,0.0,0.0,3.0,3.0,3.0,3.0,7220,young
0.891945584325801,614.0,4.0,ds2,ds2_4,Jungwuchs/Dickung,Jungwuchs/Dickung_4,0.0,0.0,3.0,3.0,3.0,3.0,7221,young
1.647474002943887,1358.0,4.0,ds2,ds2_4,Jungwuchs/Dickung,Jungwuchs/Dickung_4,0.0,0.0,3.0,1.0,3.0,3.0,7222,young
0.623588754207548,484.0,4.0,ds2,ds2_4,Jungwuchs/Dickung,Jungwuchs/Dickung_4,0.0,0.0,3.0,3.0,3.0,3.0,7223,young
5.373611511927658,422.0,4.0,ds2,ds2_4,Jungwuchs/Dickung,Jungwuchs/Dickung_4,0.0,0.0,3.0,3.0,3.0,3.0,7224,young
4.693490744810256,281.0,4.0,ds2,ds2_4,Jungwuchs/Dickung,Jungwuchs/Dickung_4,0.0,0.0,3.0,3.0,4.0,4.0,7225,young
0.794465927629394,312.0,4.0,ds2,ds2_4,Jungwuchs/Dickung,Jungwuchs/Dickung_4,0.0,0.0,3.0,3.0,3.0,3.0,7226,young
3.060659968261105,226.0,4.0,ds2,ds2_4,Jungwuchs/Dickung,Jungwuchs/Dickung_4,0.0,0.0,3.0,3.0,3.0,3.0,7227,young
3.723396018561005,6637.0,4.0,ds2,ds2_4,Jungwuchs/Dickung,Jungwuchs/Dickung_4,0.0,0.0,3.0,3.0,3.0,3.0,7228,young
9.913198393638988,187.0,4.0,ds2,ds2_4,Jungwuchs/Dickung,Jungwuchs/Dickung_4,0.0,0.0,3.0,3.0,3.0,3.0,7229,young
4.77721717080108,7921.0,4.0,ds2,ds2_4,Jungwuchs/Dickung,Jungwuchs/Dickung_4,0.0,0.0,3.0,3.0,4.0,3.0,7230,young
1.876080197183071,10275.0,4.0,ds2,ds2_4,Jungwuchs/Dickung,Jungwuchs/Dickung_4,0.0,0.0,3.0,3.0,4.0,3.0,7231,young
0.478366646409582,14387.0,4.0,ds2,ds2_4,Jungwuchs/Dickung,Jungwuchs/Dickung_4,0.0,0.0,3.0,3.0,3.0,3.0,7232,young
2.337600899120545,3229.0,4.0,ds2,ds2_4,Jungwuchs/Dickung,Jungwuchs/Dickung_4,0.0,0.0,3.0,3.0,4.0,4.0,7233,young
6.879577622312152,774.0,4.0,ds2,ds2_4,Jungwuchs/Dickung,Jungwuchs/Dickung_4,0.0,0.0,3.0,3.0,4.0,3.0,7234,young
0.771179458321584,7793.0,4.0,ds2,ds2_4,Jungwuchs/Dickung,Jungwuchs/Dickung_4,0.0,0.0,3.0,3.0,3.0,3.0,7235,young
1.524315894988633,2936.0,4.0,ds2,ds2_4,Jungwuchs/Dickung,Jungwuchs/Dickung_4,0.0,0.0,3.0,3.0,4.0,4.0,7236,young
1.735942854348407,14814.0,4.0,ds2,ds2_4,Jungwuchs/Dickung,Jungwuchs/Dickung_4,0.0,0.0,3.0,3.0,3.0,3.0,7237,young
0.595654003844049,1298.0,4.0,ds2,ds2_4,Jungwuchs/Dickung,Jungwuchs/Dickung_4,0.0,0.0,3.0,3.0,3.0,3.0,7238,young
5.845517714024082,251.0,4.0,ds2,ds2_4,Jungwuchs/Dickung,Jungwuchs/Dickung_4,0.0,0.0,3.0,3.0,4.0,4.0,7239,young
3.735629651833584,236.0,4.0,ds2,ds2_4,Jungwuchs/Dickung,Jungwuchs/Dickung_4,0.0,0.0,3.0,3.0,3.0,3.0,7240,young
3.184705161935579,216.0,4.0,ds2,ds2_4,Jungwuchs/Dickung,Jungwuchs/Dickung_4,0.0,0.0,3.0,1.0,3.0,3.0,7241,young
1.840328736632329,13474.0,4.0,ds2,ds2_4,Jungwuchs/Dickung,Jungwuchs/Dickung_4,0.0,0.0,3.0,3.0,3.0,3.0,7242,young
0.70286252366493,4110.0,4.0,ds2,ds2_4,Jungwuchs/Dickung,Jungwuchs/Dickung_4,0.0,0.0,3.0,3.0,3.0,3.0,7243,young
1.92848748781459,6889.0,4.0,ds2,ds2_4,Jungwuchs/Dickung,Jungwuchs/Dickung_4,0.0,0.0,3.0,3.0,4.0,4.0,7244,young
1.07921497019228,8467.0,4.0,ds2,ds2_4,Jungwuchs/Dickung,Jungwuchs/Dickung_4,0.0,0.0,3.0,3.0,3.0,3.0,7245,young
4.252182900164876,4791.0,4.0,ds2,ds2_4,Jungwuchs/Dickung,Jungwuchs/Dickung_4,0.0,0.0,3.0,3.0,3.0,3.0,7246,young
2.66521101247544,3823.0,4.0,ds2,ds2_4,Jungwuchs/Dickung,Jungwuchs/Dickung_4,0.0,0.0,3.0,3.0,4.0,4.0,7247,young
4.139713181692619,268.0,4.0,ds2,ds2_4,Jungwuchs/Dickung,Jungwuchs/Dickung_4,0.0,0.0,3.0,3.0,3.0,3.0,7248,young
4.296009721689009,167.0,4.0,ds2,ds2_4,Jungwuchs/Dickung,Jungwuchs/Dickung_4,0.0,0.0,3.0,3.0,3.0,3.0,7249,young
0.612837223823242,7197.0,4.0,ds2,ds2_4,Jungwuchs/Dickung,Jungwuchs/Dickung_4,0.0,0.0,3.0,3.0,3.0,3.0,7250,young
2.056775652984387,7741.0,4.0,ds2,ds2_4,Jungwuchs/Dickung,Jungwuchs/Dickung_4,0.0,0.0,3.0,1.0,3.0,3.0,7251,young
1.99718570246629,5039.0,4.0,ds2,ds2_4,Jungwuchs/Dickung,Jungwuchs/Dickung_4,0.0,0.0,3.0,3.0,4.0,3.0,7252,young
5.62587194428088,5975.0,4.0,ds2,ds2_4,Jungwuchs/Dickung,Jungwuchs/Dickung_4,0.0,0.0,3.0,3.0,3.0,3.0,7253,young
1.423446700768982,2358.0,4.0,ds2,ds2_4,Jungwuchs/Dickung,Jungwuchs/Dickung_4,0.0,0.0,3.0,3.0,3.0,3.0,7254,young
0.561530380957906,2320.0,4.0,ds2,ds2_4,Jungwuchs/Dickung,Jungwuchs/Dickung_4,0.0,0.0,3.0,3.0,4.0,3.0,7255,young
3.911941810738726,4642.0,4.0,ds2,ds2_4,Jungwuchs/Dickung,Jungwuchs/Dickung_4,0.0,0.0,3.0,3.0,3.0,3.0,7256,young
2.108920145487733,14550.0,4.0,ds2,ds2_4,Jungwuchs/Dickung,Jungwuchs/Dickung_4,0.0,0.0,3.0,3.0,3.0,3.0,7257,young
4.124847889838046,288.0,4.0,ds2,ds2_4,Jungwuchs/Dickung,Jungwuchs/Dickung_4,0.0,0.0,3.0,3.0,3.0,3.0,7258,young
0.435365404517151,7318.0,4.0,ds2,ds2_4,Jungwuchs/Dickung,Jungwuchs/Dickung_4,0.0,0.0,3.0,3.0,3.0,3.0,7259,young
2.676122361414204,12622.0,4.0,ds2,ds2_4,Jungwuchs/Dickung,Jungwuchs/Dickung_4,0.0,0.0,3.0,3.0,3.0,3.0,7260,young
3.610421427311695,388.0,4.0,ds2,ds2_4,Jungwuchs/Dickung,Jungwuchs/Dickung_4,0.0,1.0,1.0,1.0,3.0,3.0,7261,young
4.212356691317756,368.0,4.0,ds2,ds2_4,Jungwuchs/Dickung,Jungwuchs/Dickung_4,0.0,1.0,1.0,1.0,3.0,3.0,7262,young
3.615682534788944,10192.0,4.0,ds2,ds2_4,Jungwuchs/Dickung,Jungwuchs/Dickung_4,0.0,1.0,1.0,1.0,3.0,3.0,7263,young
1.399776015810413,478.0,4.0,ds2,ds2_4,Jungwuchs/Dickung,Jungwuchs/Dickung_4,0.0,1.0,1.0,1.0,1.0,1.0,7264,young
0.540408851477603,7805.0,4.0,ds2,ds2_4,Jungwuchs/Dickung,Jungwuchs/Dickung_4,0.0,1.0,1.0,1.0,1.0,1.0,7265,young
4.966229486962786,847.0,4.0,ds2,ds2_4,Jungwuchs/Dickung,Jungwuchs/Dickung_4,0.0,1.0,1.0,1.0,1.0,1.0,7266,young
0.770840221968315,2011.0,4.0,ds2,ds2_4,Jungwuchs/Dickung,Jungwuchs/Dickung_4,1.0,0.0,2.0,2.0,4.0,2.0,7267,young
0.873637738209913,70.0,4.0,ds2,ds2_4,Jungwuchs/Dickung,Jungwuchs/Dickung_4,1.0,0.0,2.0,2.0,2.0,2.0,7268,young
2.722006431648327,3241.0,4.0,ds2,ds2_4,Jungwuchs/Dickung,Jungwuchs/Dickung_4,1.0,0.0,2.0,2.0,4.0,2.0,7269,young
1.862116029337708,113.0,4.0,ds2,ds2_4,Jungwuchs/Dickung,Jungwuchs/Dickung_4,1.0,0.0,2.0,2.0,2.0,2.0,7270,young
2.895126673694287,5973.0,4.0,ds2,ds2_4,Jungwuchs/Dickung,Jungwuchs/Dickung_4,1.0,0.0,2.0,2.0,2.0,2.0,7271,young
0.861855044303607,2807.0,4.0,ds2,ds2_4,Jungwuchs/Dickung,Jungwuchs/Dickung_4,1.0,0.0,2.0,2.0,2.0,2.0,7272,young
2.925074794676717,1787.0,4.0,ds2,ds2_4,Jungwuchs/Dickung,Jungwuchs/Dickung_4,1.0,0.0,2.0,2.0,2.0,2.0,7273,young
1.124636039194641,107.0,4.0,ds2,ds2_4,Jungwuchs/Dickung,Jungwuchs/Dickung_4,1.0,0.0,2.0,2.0,4.0,2.0,7274,young
1.804052947074842,1351.0,4.0,ds2,ds2_4,Jungwuchs/Dickung,Jungwuchs/Dickung_4,1.0,0.0,2.0,2.0,2.0,2.0,7275,young
1.991549000248583,2343.0,4.0,ds2,ds2_4,Jungwuchs/Dickung,Jungwuchs/Dickung_4,1.0,0.0,2.0,2.0,4.0,2.0,7276,young
2.99744665783873,1686.0,4.0,ds2,ds2_4,Jungwuchs/Dickung,Jungwuchs/Dickung_4,1.0,0.0,2.0,2.0,4.0,2.0,7277,young
0.616563298564987,3597.0,4.0,ds2,ds2_4,Jungwuchs/Dickung,Jungwuchs/Dickung_4,1.0,0.0,2.0,2.0,2.0,2.0,7278,young
2.989485342328406,5789.0,4.0,ds2,ds2_4,Jungwuchs/Dickung,Jungwuchs/Dickung_4,1.0,0.0,2.0,2.0,4.0,2.0,7279,young
1.710913562120641,3763.0,4.0,ds2,ds2_4,Jungwuchs/Dickung,Jungwuchs/Dickung_4,1.0,0.0,2.0,2.0,2.0,2.0,7280,young
0.511503763641002,98.0,4.0,ds2,ds2_4,Jungwuchs/Dickung,Jungwuchs/Dickung_4,1.0,0.0,2.0,2.0,2.0,2.0,7281,young
0.217797657968802,1667.0,4.0,ds2,ds2_4,Jungwuchs/Dickung,Jungwuchs/Dickung_4,1.0,0.0,2.0,2.0,4.0,2.0,7282,young
2.144124147782393,4510.0,4.0,ds2,ds2_4,Jungwuchs/Dickung,Jungwuchs/Dickung_4,1.0,0.0,2.0,2.0,2.0,2.0,7283,young
3.933511252560638,2736.0,4.0,ds2,ds2_4,Jungwuchs/Dickung,Jungwuchs/Dickung_4,1.0,0.0,2.0,2.0,2.0,2.0,7284,young
3.927277619702183,4109.0,4.0,ds2,ds2_4,Jungwuchs/Dickung,Jungwuchs/Dickung_4,1.0,0.0,2.0,2.0,2.0,2.0,7285,young
2.6520079045152,1930.0,4.0,ds2,ds2_4,Jungwuchs/Dickung,Jungwuchs/Dickung_4,1.0,0.0,2.0,2.0,2.0,2.0,7286,young
3.316989369667746,3481.0,4.0,ds2,ds2_4,Jungwuchs/Dickung,Jungwuchs/Dickung_4,1.0,0.0,2.0,2.0,2.0,2.0,7287,young
4.669613508854456,163.0,4.0,ds2,ds2_4,Jungwuchs/Dickung,Jungwuchs/Dickung_4,1.0,0.0,2.0,2.0,4.0,2.0,7288,young
3.195705038920236,2507.0,4.0,ds2,ds2_4,Jungwuchs/Dickung,Jungwuchs/Dickung_4,1.0,0.0,2.0,2.0,4.0,2.0,7289,young
4.568889952876612,2241.0,4.0,ds2,ds2_4,Jungwuchs/Dickung,Jungwuchs/Dickung_4,1.0,0.0,2.0,2.0,4.0,2.0,7290,young
2.481437091171008,2907.0,4.0,ds2,ds2_4,Jungwuchs/Dickung,Jungwuchs/Dickung_4,1.0,0.0,2.0,2.0,2.0,2.0,7291,young
3.084193126912696,4203.0,4.0,ds2,ds2_4,Jungwuchs/Dickung,Jungwuchs/Dickung_4,1.0,0.0,2.0,2.0,4.0,2.0,7292,young
1.673024232653479,5883.0,4.0,ds2,ds2_4,Jungwuchs/Dickung,Jungwuchs/Dickung_4,1.0,0.0,2.0,2.0,4.0,2.0,7293,young
3.162240034571344,4728.0,4.0,ds2,ds2_4,Jungwuchs/Dickung,Jungwuchs/Dickung_4,1.0,0.0,2.0,2.0,4.0,2.0,7294,young
2.219707207041925,5465.0,4.0,ds2,ds2_4,Jungwuchs/Dickung,Jungwuchs/Dickung_4,1.0,0.0,2.0,2.0,2.0,2.0,7295,young
2.725810750432266,4792.0,4.0,ds2,ds2_4,Jungwuchs/Dickung,Jungwuchs/Dickung_4,1.0,0.0,2.0,2.0,4.0,4.0,7296,young
0.612753895254957,16169.0,4.0,ds2,ds2_4,Jungwuchs/Dickung,Jungwuchs/Dickung_4,1.0,0.0,2.0,2.0,2.0,2.0,7297,young
5.340989593945318,3360.0,4.0,ds2,ds2_4,Jungwuchs/Dickung,Jungwuchs/Dickung_4,1.0,0.0,2.0,2.0,2.0,2.0,7298,young
2.064713353460808,3715.0,4.0,ds2,ds2_4,Jungwuchs/Dickung,Jungwuchs/Dickung_4,1.0,0.0,2.0,2.0,2.0,2.0,7299,young
6.720199762399912,1772.0,4.0,ds2,ds2_4,Jungwuchs/Dickung,Jungwuchs/Dickung_4,1.0,0.0,2.0,2.0,2.0,2.0,7300,young
0.28771183545565,5347.0,4.0,ds2,ds2_4,Jungwuchs/Dickung,Jungwuchs/Dickung_4,1.0,0.0,2.0,2.0,2.0,2.0,7301,young
1.157964698603726,1993.0,4.0,ds2,ds2_4,Jungwuchs/Dickung,Jungwuchs/Dickung_4,1.0,0.0,2.0,2.0,2.0,2.0,7302,young
1.868189849889509,5182.0,4.0,ds2,ds2_4,Jungwuchs/Dickung,Jungwuchs/Dickung_4,1.0,0.0,2.0,2.0,2.0,2.0,7303,young
3.54818118911442,5898.0,13.0,ds3,ds3_13,Stangenholz,Stangenholz_13,0.0,0.0,3.0,3.0,4.0,3.0,7304,not_young
1.333766736609242,8423.0,13.0,ds3,ds3_13,Stangenholz,Stangenholz_13,0.0,0.0,3.0,3.0,3.0,3.0,7305,not_young
0.466399109810364,8645.0,13.0,ds3,ds3_13,Stangenholz,Stangenholz_13,0.0,0.0,3.0,3.0,4.0,3.0,7306,not_young
6.33705277611908,3776.0,13.0,ds3,ds3_13,Stangenholz,Stangenholz_13,0.0,0.0,3.0,3.0,3.0,3.0,7307,not_young
0.282262688855547,905.0,13.0,ds3,ds3_13,Stangenholz,Stangenholz_13,0.0,0.0,3.0,3.0,3.0,3.0,7308,not_young
4.808938094037778,1384.0,13.0,ds3,ds3_13,Stangenholz,Stangenholz_13,0.0,0.0,3.0,3.0,3.0,3.0,7309,not_young
1.251790927551146,11445.0,13.0,ds3,ds3_13,Stangenholz,Stangenholz_13,0.0,0.0,3.0,3.0,3.0,3.0,7310,not_young
1.214262063194532,15389.0,13.0,ds3,ds3_13,Stangenholz,Stangenholz_13,0.0,0.0,3.0,3.0,4.0,4.0,7311,not_young
2.372536812166451,514.0,13.0,ds3,ds3_13,Stangenholz,Stangenholz_13,0.0,0.0,3.0,3.0,4.0,3.0,7312,not_young
4.524155441670974,4776.0,13.0,ds3,ds3_13,Stangenholz,Stangenholz_13,0.0,0.0,3.0,3.0,3.0,3.0,7313,not_young
4.498028318052161,488.0,13.0,ds3,ds3_13,Stangenholz,Stangenholz_13,0.0,0.0,3.0,3.0,3.0,3.0,7314,not_young
0.797549791760556,14393.0,13.0,ds3,ds3_13,Stangenholz,Stangenholz_13,0.0,0.0,3.0,3.0,3.0,3.0,7315,not_young
5.631628416314358,164.0,13.0,ds3,ds3_13,Stangenholz,Stangenholz_13,0.0,0.0,3.0,3.0,3.0,3.0,7316,not_young
3.989537301829895,6354.0,13.0,ds3,ds3_13,Stangenholz,Stangenholz_13,0.0,0.0,3.0,3.0,3.0,3.0,7317,not_young
4.88715118304859,6473.0,13.0,ds3,ds3_13,Stangenholz,Stangenholz_13,0.0,0.0,3.0,3.0,4.0,3.0,7318,not_young
0.600852403959202,5054.0,13.0,ds3,ds3_13,Stangenholz,Stangenholz_13,0.0,0.0,3.0,3.0,3.0,3.0,7319,not_young
0.80561321094086,4677.0,13.0,ds3,ds3_13,Stangenholz,Stangenholz_13,0.0,0.0,3.0,3.0,3.0,3.0,7320,not_young
4.09553584117326,256.0,13.0,ds3,ds3_13,Stangenholz,Stangenholz_13,0.0,0.0,3.0,3.0,4.0,3.0,7321,not_young
1.942133432611078,569.0,13.0,ds3,ds3_13,Stangenholz,Stangenholz_13,0.0,0.0,3.0,3.0,4.0,3.0,7322,not_young
0.264565570521355,12273.0,13.0,ds3,ds3_13,Stangenholz,Stangenholz_13,0.0,0.0,3.0,3.0,3.0,3.0,7323,not_young
2.207104801661708,815.0,13.0,ds3,ds3_13,Stangenholz,Stangenholz_13,0.0,0.0,3.0,3.0,3.0,3.0,7324,not_young
3.960727694017673,766.0,13.0,ds3,ds3_13,Stangenholz,Stangenholz_13,0.0,0.0,3.0,3.0,4.0,4.0,7325,not_young
1.356267068478651,431.0,13.0,ds3,ds3_13,Stangenholz,Stangenholz_13,0.0,0.0,3.0,3.0,4.0,3.0,7326,not_young
0.296113164857822,7827.0,13.0,ds3,ds3_13,Stangenholz,Stangenholz_13,0.0,0.0,3.0,3.0,3.0,3.0,7327,not_young
3.783163390832447,6539.0,13.0,ds3,ds3_13,Stangenholz,Stangenholz_13,0.0,0.0,3.0,3.0,3.0,3.0,7328,not_young
2.072771391400162,520.0,13.0,ds3,ds3_13,Stangenholz,Stangenholz_13,0.0,1.0,1.0,1.0,3.0,3.0,7329,not_young
4.800374879208866,370.0,13.0,ds3,ds3_13,Stangenholz,Stangenholz_13,0.0,1.0,1.0,1.0,1.0,1.0,7330,not_young
3.709770303272992,264.0,13.0,ds3,ds3_13,Stangenholz,Stangenholz_13,0.0,1.0,1.0,1.0,3.0,3.0,7331,not_young
1.13366261881594,13485.0,13.0,ds3,ds3_13,Stangenholz,Stangenholz_13,0.0,1.0,1.0,1.0,1.0,1.0,7332,not_young
1.852218500437215,749.0,13.0,ds3,ds3_13,Stangenholz,Stangenholz_13,0.0,1.0,1.0,1.0,3.0,3.0,7333,not_young
0.986629287945991,3871.0,13.0,ds3,ds3_13,Stangenholz,Stangenholz_13,1.0,0.0,2.0,2.0,4.0,4.0,7334,not_young
3.669029679032734,1864.0,13.0,ds3,ds3_13,Stangenholz,Stangenholz_13,1.0,0.0,2.0,2.0,2.0,2.0,7335,not_young
0.575732497955617,100.0,13.0,ds3,ds3_13,Stangenholz,Stangenholz_13,1.0,0.0,2.0,2.0,2.0,2.0,7336,not_young
0.727239545547729,47.0,13.0,ds3,ds3_13,Stangenholz,Stangenholz_13,1.0,0.0,2.0,2.0,2.0,2.0,7337,not_young
1.363631012344488,2292.0,13.0,ds3,ds3_13,Stangenholz,Stangenholz_13,1.0,0.0,2.0,2.0,4.0,4.0,7338,not_young
2.923460434344164,2915.0,13.0,ds3,ds3_13,Stangenholz,Stangenholz_13,1.0,0.0,2.0,2.0,2.0,2.0,7339,not_young
2.954157910911854,1338.0,13.0,ds3,ds3_13,Stangenholz,Stangenholz_13,1.0,0.0,2.0,2.0,4.0,2.0,7340,not_young
3.393114947985407,3726.0,13.0,ds3,ds3_13,Stangenholz,Stangenholz_13,1.0,0.0,2.0,2.0,2.0,2.0,7341,not_young
5.202407578577478,1402.0,13.0,ds3,ds3_13,Stangenholz,Stangenholz_13,1.0,0.0,2.0,2.0,4.0,2.0,7342,not_young
3.145851934264785,2133.0,13.0,ds3,ds3_13,Stangenholz,Stangenholz_13,1.0,0.0,2.0,2.0,4.0,4.0,7343,not_young
4.679238688866388,198.0,4.0,ds3,ds3_4,Stangenholz,Stangenholz_4,0.0,0.0,3.0,3.0,3.0,3.0,7344,not_young
0.882299774978298,5660.0,4.0,ds3,ds3_4,Stangenholz,Stangenholz_4,0.0,0.0,3.0,3.0,3.0,3.0,7345,not_young
4.698772649243434,248.0,4.0,ds3,ds3_4,Stangenholz,Stangenholz_4,0.0,0.0,3.0,3.0,4.0,3.0,7346,not_young
1.107890352403255,1043.0,4.0,ds3,ds3_4,Stangenholz,Stangenholz_4,0.0,0.0,3.0,3.0,4.0,3.0,7347,not_young
6.455555807933602,190.0,4.0,ds3,ds3_4,Stangenholz,Stangenholz_4,0.0,0.0,3.0,3.0,4.0,4.0,7348,not_young
4.797119205314784,5976.0,4.0,ds3,ds3_4,Stangenholz,Stangenholz_4,0.0,0.0,3.0,3.0,3.0,3.0,7349,not_young
2.253018974862108,736.0,4.0,ds3,ds3_4,Stangenholz,Stangenholz_4,0.0,0.0,3.0,3.0,3.0,3.0,7350,not_young
2.286226440531644,8603.0,4.0,ds3,ds3_4,Stangenholz,Stangenholz_4,0.0,0.0,3.0,3.0,3.0,3.0,7351,not_young
3.188256004246626,158.0,4.0,ds3,ds3_4,Stangenholz,Stangenholz_4,0.0,0.0,3.0,3.0,3.0,3.0,7352,not_young
3.691752816081549,1332.0,4.0,ds3,ds3_4,Stangenholz,Stangenholz_4,0.0,0.0,3.0,3.0,4.0,3.0,7353,not_young
4.279318845863606,7702.0,4.0,ds3,ds3_4,Stangenholz,Stangenholz_4,0.0,0.0,3.0,3.0,3.0,3.0,7354,not_young
1.258127015165548,227.0,4.0,ds3,ds3_4,Stangenholz,Stangenholz_4,0.0,0.0,3.0,3.0,3.0,3.0,7355,not_young
4.06178603064499,165.0,4.0,ds3,ds3_4,Stangenholz,Stangenholz_4,0.0,0.0,3.0,3.0,4.0,3.0,7356,not_young
1.074021811570969,8566.0,4.0,ds3,ds3_4,Stangenholz,Stangenholz_4,0.0,0.0,3.0,3.0,4.0,3.0,7357,not_young
0.867332650163887,6661.0,4.0,ds3,ds3_4,Stangenholz,Stangenholz_4,0.0,0.0,3.0,3.0,4.0,3.0,7358,not_young
0.465301427830174,2329.0,4.0,ds3,ds3_4,Stangenholz,Stangenholz_4,0.0,0.0,3.0,3.0,3.0,3.0,7359,not_young
3.906377731514622,61.0,4.0,ds3,ds3_4,Stangenholz,Stangenholz_4,0.0,0.0,3.0,3.0,4.0,4.0,7360,not_young
3.994466210573337,3202.0,4.0,ds3,ds3_4,Stangenholz,Stangenholz_4,0.0,0.0,3.0,3.0,3.0,3.0,7361,not_young
0.331237428997573,8546.0,4.0,ds3,ds3_4,Stangenholz,Stangenholz_4,0.0,0.0,3.0,3.0,3.0,3.0,7362,not_young
1.348064796393053,2326.0,4.0,ds3,ds3_4,Stangenholz,Stangenholz_4,0.0,0.0,3.0,3.0,3.0,3.0,7363,not_young
1.684273406619256,8416.0,4.0,ds3,ds3_4,Stangenholz,Stangenholz_4,0.0,0.0,3.0,3.0,3.0,3.0,7364,not_young
0.601935026102857,5989.0,4.0,ds3,ds3_4,Stangenholz,Stangenholz_4,0.0,0.0,3.0,3.0,4.0,4.0,7365,not_young
0.217836809807908,1549.0,4.0,ds3,ds3_4,Stangenholz,Stangenholz_4,0.0,0.0,3.0,3.0,3.0,3.0,7366,not_young
0.903610951545945,10669.0,4.0,ds3,ds3_4,Stangenholz,Stangenholz_4,0.0,0.0,3.0,3.0,3.0,3.0,7367,not_young
1.907023990848247,12159.0,4.0,ds3,ds3_4,Stangenholz,Stangenholz_4,0.0,0.0,3.0,3.0,3.0,3.0,7368,not_young
2.296148931935826,197.0,4.0,ds3,ds3_4,Stangenholz,Stangenholz_4,0.0,0.0,3.0,3.0,3.0,3.0,7369,not_young
3.336962780061804,7914.0,4.0,ds3,ds3_4,Stangenholz,Stangenholz_4,0.0,0.0,3.0,3.0,3.0,3.0,7370,not_young
5.238048681912158,669.0,4.0,ds3,ds3_4,Stangenholz,Stangenholz_4,0.0,0.0,3.0,3.0,3.0,3.0,7371,not_young
1.587724089283019,4208.0,4.0,ds3,ds3_4,Stangenholz,Stangenholz_4,0.0,0.0,3.0,3.0,3.0,3.0,7372,not_young
1.646227865770995,175.0,4.0,ds3,ds3_4,Stangenholz,Stangenholz_4,0.0,0.0,3.0,3.0,3.0,3.0,7373,not_young
5.669454978007634,8612.0,4.0,ds3,ds3_4,Stangenholz,Stangenholz_4,0.0,0.0,3.0,3.0,3.0,3.0,7374,not_young
4.754720910528134,4497.0,4.0,ds3,ds3_4,Stangenholz,Stangenholz_4,0.0,0.0,3.0,3.0,3.0,3.0,7375,not_young
1.931708212952557,1345.0,4.0,ds3,ds3_4,Stangenholz,Stangenholz_4,0.0,0.0,3.0,3.0,3.0,3.0,7376,not_young
1.106707232652384,160.0,4.0,ds3,ds3_4,Stangenholz,Stangenholz_4,0.0,0.0,3.0,3.0,3.0,3.0,7377,not_young
4.67386096206911,4521.0,4.0,ds3,ds3_4,Stangenholz,Stangenholz_4,0.0,0.0,3.0,3.0,4.0,3.0,7378,not_young
0.350361589031479,3258.0,4.0,ds3,ds3_4,Stangenholz,Stangenholz_4,0.0,0.0,3.0,3.0,4.0,3.0,7379,not_young
2.703615972769364,1933.0,4.0,ds3,ds3_4,Stangenholz,Stangenholz_4,0.0,0.0,3.0,3.0,3.0,3.0,7380,not_young
3.256968216089695,172.0,4.0,ds3,ds3_4,Stangenholz,Stangenholz_4,0.0,0.0,3.0,3.0,3.0,3.0,7381,not_young
3.97443971058757,5728.0,4.0,ds3,ds3_4,Stangenholz,Stangenholz_4,0.0,0.0,3.0,3.0,4.0,4.0,7382,not_young
1.948150481982668,4785.0,4.0,ds3,ds3_4,Stangenholz,Stangenholz_4,0.0,0.0,3.0,3.0,3.0,3.0,7383,not_young
0.420185710201089,5028.0,4.0,ds3,ds3_4,Stangenholz,Stangenholz_4,0.0,0.0,3.0,3.0,3.0,3.0,7384,not_young
1.586823243387619,1302.0,4.0,ds3,ds3_4,Stangenholz,Stangenholz_4,0.0,0.0,3.0,3.0,3.0,3.0,7385,not_young
4.338759981141194,6568.0,4.0,ds3,ds3_4,Stangenholz,Stangenholz_4,0.0,0.0,3.0,3.0,3.0,3.0,7386,not_young
6.285604758028358,1802.0,4.0,ds3,ds3_4,Stangenholz,Stangenholz_4,0.0,0.0,3.0,3.0,3.0,3.0,7387,not_young
1.519907541792693,21.0,4.0,ds3,ds3_4,Stangenholz,Stangenholz_4,0.0,0.0,3.0,3.0,3.0,3.0,7388,not_young
3.235195525453944,3598.0,4.0,ds3,ds3_4,Stangenholz,Stangenholz_4,0.0,0.0,3.0,3.0,3.0,3.0,7389,not_young
0.425844331933857,7643.0,4.0,ds3,ds3_4,Stangenholz,Stangenholz_4,0.0,0.0,3.0,3.0,3.0,3.0,7390,not_young
2.716362089018582,304.0,4.0,ds3,ds3_4,Stangenholz,Stangenholz_4,0.0,0.0,3.0,3.0,3.0,3.0,7391,not_young
2.931399162065794,283.0,4.0,ds3,ds3_4,Stangenholz,Stangenholz_4,0.0,0.0,3.0,3.0,3.0,3.0,7392,not_young
1.447640915901703,307.0,4.0,ds3,ds3_4,Stangenholz,Stangenholz_4,0.0,0.0,3.0,3.0,3.0,3.0,7393,not_young
1.676968856247082,8902.0,4.0,ds3,ds3_4,Stangenholz,Stangenholz_4,0.0,0.0,3.0,3.0,3.0,3.0,7394,not_young
3.7066911200542,6475.0,4.0,ds3,ds3_4,Stangenholz,Stangenholz_4,0.0,0.0,3.0,3.0,4.0,3.0,7395,not_young
1.695379075439094,661.0,4.0,ds3,ds3_4,Stangenholz,Stangenholz_4,0.0,0.0,3.0,3.0,3.0,3.0,7396,not_young
0.719642754009942,416.0,4.0,ds3,ds3_4,Stangenholz,Stangenholz_4,0.0,0.0,3.0,3.0,4.0,3.0,7397,not_young
6.2855471816628,331.0,4.0,ds3,ds3_4,Stangenholz,Stangenholz_4,0.0,0.0,3.0,3.0,4.0,4.0,7398,not_young
2.104687919477178,2369.0,4.0,ds3,ds3_4,Stangenholz,Stangenholz_4,0.0,0.0,3.0,3.0,3.0,3.0,7399,not_young
3.285209201210097,6869.0,4.0,ds3,ds3_4,Stangenholz,Stangenholz_4,0.0,0.0,3.0,3.0,3.0,3.0,7400,not_young
3.672830030344642,425.0,4.0,ds3,ds3_4,Stangenholz,Stangenholz_4,0.0,0.0,3.0,3.0,4.0,4.0,7401,not_young
0.76811457840514,8593.0,4.0,ds3,ds3_4,Stangenholz,Stangenholz_4,0.0,0.0,3.0,3.0,3.0,3.0,7402,not_young
1.667425898615029,8948.0,4.0,ds3,ds3_4,Stangenholz,Stangenholz_4,0.0,0.0,3.0,3.0,4.0,3.0,7403,not_young
0.224019841761145,7904.0,4.0,ds3,ds3_4,Stangenholz,Stangenholz_4,0.0,0.0,3.0,3.0,3.0,3.0,7404,not_young
1.693476001184643,7368.0,4.0,ds3,ds3_4,Stangenholz,Stangenholz_4,0.0,0.0,3.0,3.0,3.0,3.0,7405,not_young
2.385352119721545,4772.0,4.0,ds3,ds3_4,Stangenholz,Stangenholz_4,0.0,0.0,3.0,3.0,4.0,3.0,7406,not_young
4.81615962397354,1037.0,4.0,ds3,ds3_4,Stangenholz,Stangenholz_4,0.0,0.0,3.0,3.0,4.0,4.0,7407,not_young
2.286787755942356,6801.0,4.0,ds3,ds3_4,Stangenholz,Stangenholz_4,0.0,0.0,3.0,3.0,3.0,3.0,7408,not_young
1.110086548790574,881.0,4.0,ds3,ds3_4,Stangenholz,Stangenholz_4,0.0,0.0,3.0,3.0,3.0,3.0,7409,not_young
2.279899256428062,5771.0,4.0,ds3,ds3_4,Stangenholz,Stangenholz_4,0.0,0.0,3.0,3.0,4.0,4.0,7410,not_young
2.306963012113632,178.0,4.0,ds3,ds3_4,Stangenholz,Stangenholz_4,0.0,0.0,3.0,3.0,3.0,3.0,7411,not_young
1.480653108022367,8504.0,4.0,ds3,ds3_4,Stangenholz,Stangenholz_4,0.0,0.0,3.0,3.0,3.0,3.0,7412,not_young
3.402679110650053,193.0,4.0,ds3,ds3_4,Stangenholz,Stangenholz_4,0.0,0.0,3.0,3.0,3.0,3.0,7413,not_young
1.123435469250835,11177.0,4.0,ds3,ds3_4,Stangenholz,Stangenholz_4,0.0,0.0,3.0,3.0,3.0,3.0,7414,not_young
1.014207156385356,7700.0,4.0,ds3,ds3_4,Stangenholz,Stangenholz_4,0.0,0.0,3.0,3.0,3.0,3.0,7415,not_young
1.705597009046028,8619.0,4.0,ds3,ds3_4,Stangenholz,Stangenholz_4,0.0,0.0,3.0,3.0,3.0,3.0,7416,not_young
2.4037208082392,14058.0,4.0,ds3,ds3_4,Stangenholz,Stangenholz_4,0.0,1.0,1.0,1.0,1.0,1.0,7417,not_young
1.182979084631824,7884.0,4.0,ds3,ds3_4,Stangenholz,Stangenholz_4,0.0,1.0,1.0,1.0,1.0,1.0,7418,not_young
6.313536177074552,707.0,4.0,ds3,ds3_4,Stangenholz,Stangenholz_4,0.0,1.0,1.0,1.0,1.0,1.0,7419,not_young
0.966848060965864,389.0,4.0,ds3,ds3_4,Stangenholz,Stangenholz_4,0.0,1.0,1.0,1.0,1.0,1.0,7420,not_young
2.925476903874896,340.0,4.0,ds3,ds3_4,Stangenholz,Stangenholz_4,0.0,1.0,1.0,1.0,1.0,1.0,7421,not_young
4.680344148048514,279.0,4.0,ds3,ds3_4,Stangenholz,Stangenholz_4,0.0,1.0,1.0,1.0,1.0,1.0,7422,not_young
1.809929826763589,284.0,4.0,ds3,ds3_4,Stangenholz,Stangenholz_4,0.0,1.0,1.0,1.0,3.0,3.0,7423,not_young
4.073633720084862,1118.0,4.0,ds3,ds3_4,Stangenholz,Stangenholz_4,0.0,1.0,1.0,1.0,3.0,3.0,7424,not_young
5.754256943999958,10177.0,4.0,ds3,ds3_4,Stangenholz,Stangenholz_4,0.0,1.0,1.0,1.0,3.0,3.0,7425,not_young
1.897613634632662,540.0,4.0,ds3,ds3_4,Stangenholz,Stangenholz_4,0.0,1.0,1.0,1.0,3.0,3.0,7426,not_young
4.053557282963601,2753.0,4.0,ds3,ds3_4,Stangenholz,Stangenholz_4,1.0,0.0,2.0,2.0,2.0,2.0,7427,not_young
1.889260756946344,5979.0,4.0,ds3,ds3_4,Stangenholz,Stangenholz_4,1.0,0.0,2.0,2.0,4.0,4.0,7428,not_young
1.650558542998211,1665.0,4.0,ds3,ds3_4,Stangenholz,Stangenholz_4,1.0,0.0,2.0,2.0,2.0,2.0,7429,not_young
1.877262719369907,1377.0,4.0,ds3,ds3_4,Stangenholz,Stangenholz_4,1.0,0.0,2.0,2.0,2.0,2.0,7430,not_young
6.393111798797452,3704.0,4.0,ds3,ds3_4,Stangenholz,Stangenholz_4,1.0,0.0,2.0,2.0,4.0,4.0,7431,not_young
2.151834838838934,2306.0,4.0,ds3,ds3_4,Stangenholz,Stangenholz_4,1.0,0.0,2.0,2.0,4.0,4.0,7432,not_young
4.310552093989414,4601.0,4.0,ds3,ds3_4,Stangenholz,Stangenholz_4,1.0,0.0,2.0,2.0,4.0,2.0,7433,not_young
3.65302936703981,5985.0,4.0,ds3,ds3_4,Stangenholz,Stangenholz_4,1.0,0.0,2.0,2.0,2.0,2.0,7434,not_young
0.863443015249062,3560.0,4.0,ds3,ds3_4,Stangenholz,Stangenholz_4,1.0,0.0,2.0,2.0,2.0,2.0,7435,not_young
0.498205548261743,5020.0,4.0,ds3,ds3_4,Stangenholz,Stangenholz_4,1.0,0.0,2.0,2.0,2.0,2.0,7436,not_young
2.082385871096487,4171.0,4.0,ds3,ds3_4,Stangenholz,Stangenholz_4,1.0,0.0,2.0,2.0,2.0,2.0,7437,not_young
1.912630339834117,1732.0,4.0,ds3,ds3_4,Stangenholz,Stangenholz_4,1.0,0.0,2.0,2.0,4.0,4.0,7438,not_young
1.79448080928779,9.0,4.0,ds3,ds3_4,Stangenholz,Stangenholz_4,1.0,0.0,2.0,2.0,2.0,2.0,7439,not_young
2.954112827157869,2913.0,4.0,ds3,ds3_4,Stangenholz,Stangenholz_4,1.0,0.0,2.0,2.0,2.0,2.0,7440,not_young
2.576199779403259,2921.0,4.0,ds3,ds3_4,Stangenholz,Stangenholz_4,1.0,0.0,2.0,2.0,2.0,2.0,7441,not_young
1.158302796690703,5548.0,4.0,ds3,ds3_4,Stangenholz,Stangenholz_4,1.0,0.0,2.0,2.0,2.0,2.0,7442,not_young
0.637620638887751,16185.0,4.0,ds3,ds3_4,Stangenholz,Stangenholz_4,1.0,0.0,2.0,2.0,4.0,2.0,7443,not_young
0.823866108134587,3366.0,4.0,ds3,ds3_4,Stangenholz,Stangenholz_4,1.0,0.0,2.0,2.0,4.0,2.0,7444,not_young
2.762626069879759,4501.0,4.0,ds3,ds3_4,Stangenholz,Stangenholz_4,1.0,0.0,2.0,2.0,4.0,2.0,7445,not_young
0.495881722516092,5755.0,4.0,ds3,ds3_4,Stangenholz,Stangenholz_4,1.0,0.0,2.0,2.0,2.0,2.0,7446,not_young
1.92998275104139,7.0,4.0,ds3,ds3_4,Stangenholz,Stangenholz_4,1.0,0.0,2.0,2.0,4.0,2.0,7447,not_young
6.318073176288292,2569.0,4.0,ds3,ds3_4,Stangenholz,Stangenholz_4,1.0,0.0,2.0,2.0,2.0,2.0,7448,not_young
2.016092365338842,3760.0,4.0,ds3,ds3_4,Stangenholz,Stangenholz_4,1.0,0.0,2.0,2.0,4.0,2.0,7449,not_young
1.330657740154394,1925.0,4.0,ds3,ds3_4,Stangenholz,Stangenholz_4,1.0,0.0,2.0,2.0,2.0,2.0,7450,not_young
1.667995582744558,5995.0,4.0,ds3,ds3_4,Stangenholz,Stangenholz_4,1.0,0.0,2.0,2.0,2.0,2.0,7451,not_young
3.647395066749516,2914.0,4.0,ds3,ds3_4,Stangenholz,Stangenholz_4,1.0,0.0,2.0,2.0,2.0,2.0,7452,not_young
2.636666969713765,3568.0,4.0,ds3,ds3_4,Stangenholz,Stangenholz_4,1.0,0.0,2.0,2.0,4.0,2.0,7453,not_young
2.797079682644966,5470.0,4.0,ds3,ds3_4,Stangenholz,Stangenholz_4,1.0,0.0,2.0,2.0,4.0,4.0,7454,not_young
3.243393231508375,4183.0,4.0,ds3,ds3_4,Stangenholz,Stangenholz_4,1.0,0.0,2.0,2.0,2.0,2.0,7455,not_young
1.29199263825927,4118.0,4.0,ds3,ds3_4,Stangenholz,Stangenholz_4,1.0,0.0,2.0,2.0,2.0,2.0,7456,not_young
0.452588401868555,3399.0,4.0,ds3,ds3_4,Stangenholz,Stangenholz_4,1.0,0.0,2.0,2.0,2.0,2.0,7457,not_young
1.514370778139029,1975.0,4.0,ds3,ds3_4,Stangenholz,Stangenholz_4,1.0,0.0,2.0,2.0,4.0,4.0,7458,not_young
1.676455481220602,4717.0,4.0,ds3,ds3_4,Stangenholz,Stangenholz_4,1.0,0.0,2.0,2.0,4.0,2.0,7459,not_young
4.371396442919476,2340.0,4.0,ds3,ds3_4,Stangenholz,Stangenholz_4,1.0,0.0,2.0,2.0,2.0,2.0,7460,not_young
1.236218314102973,1677.0,4.0,ds3,ds3_4,Stangenholz,Stangenholz_4,1.0,0.0,2.0,2.0,2.0,2.0,7461,not_young
1.379982502248879,36.0,4.0,ds3,ds3_4,Stangenholz,Stangenholz_4,1.0,0.0,2.0,2.0,2.0,2.0,7462,not_young
4.105940932931252,3605.0,4.0,ds3,ds3_4,Stangenholz,Stangenholz_4,1.0,0.0,2.0,2.0,4.0,2.0,7463,not_young
4.322509069038856,2558.0,4.0,ds3,ds3_4,Stangenholz,Stangenholz_4,1.0,0.0,2.0,2.0,2.0,2.0,7464,not_young
5.540362491723066,1769.0,4.0,ds3,ds3_4,Stangenholz,Stangenholz_4,1.0,0.0,2.0,2.0,2.0,2.0,7465,not_young
5.408230390228366,2732.0,4.0,ds3,ds3_4,Stangenholz,Stangenholz_4,1.0,0.0,2.0,2.0,2.0,2.0,7466,not_young
2.203011595300774,4120.0,4.0,ds3,ds3_4,Stangenholz,Stangenholz_4,1.0,0.0,2.0,2.0,4.0,4.0,7467,not_young
1.866134007299791,2141.0,4.0,ds3,ds3_4,Stangenholz,Stangenholz_4,1.0,0.0,2.0,2.0,4.0,4.0,7468,not_young
1.536719163363549,1905.0,4.0,ds3,ds3_4,Stangenholz,Stangenholz_4,1.0,0.0,2.0,2.0,4.0,4.0,7469,not_young
2.791998166126129,4811.0,4.0,ds3,ds3_4,Stangenholz,Stangenholz_4,1.0,0.0,2.0,2.0,4.0,2.0,7470,not_young
2.12866956924804,3231.0,4.0,ds3,ds3_4,Stangenholz,Stangenholz_4,1.0,0.0,2.0,2.0,2.0,2.0,7471,not_young
2.309824471704326,3799.0,4.0,ds3,ds3_4,Stangenholz,Stangenholz_4,1.0,0.0,2.0,2.0,4.0,4.0,7472,not_young
2.749479906209828,177.0,4.0,ds3,ds3_4,Stangenholz,Stangenholz_4,1.0,0.0,2.0,2.0,2.0,2.0,7473,not_young
0.775539458438735,1396.0,4.0,ds3,ds3_4,Stangenholz,Stangenholz_4,1.0,0.0,2.0,2.0,2.0,2.0,7474,not_young
2.305830126644921,4204.0,4.0,ds3,ds3_4,Stangenholz,Stangenholz_4,1.0,0.0,2.0,2.0,4.0,2.0,7475,not_young
2.141530378347812,1899.0,4.0,ds3,ds3_4,Stangenholz,Stangenholz_4,1.0,0.0,2.0,2.0,2.0,2.0,7476,not_young
0.364114079371258,4705.0,4.0,ds3,ds3_4,Stangenholz,Stangenholz_4,1.0,0.0,2.0,2.0,2.0,2.0,7477,not_young
0.521686216113652,2095.0,4.0,ds3,ds3_4,Stangenholz,Stangenholz_4,1.0,0.0,2.0,2.0,2.0,2.0,7478,not_young
0.948996417568915,1530.0,4.0,ds3,ds3_4,Stangenholz,Stangenholz_4,1.0,0.0,2.0,2.0,2.0,2.0,7479,not_young
4.367723050628837,1863.0,4.0,ds3,ds3_4,Stangenholz,Stangenholz_4,1.0,0.0,2.0,2.0,4.0,2.0,7480,not_young
0.432366859412185,7005.0,13.0,ds4,ds4_13,Schwaches Baumholz,Schwaches Baumholz_13,0.0,0.0,3.0,3.0,4.0,4.0,7481,not_young
3.0859475881623,725.0,13.0,ds4,ds4_13,Schwaches Baumholz,Schwaches Baumholz_13,0.0,0.0,3.0,3.0,3.0,3.0,7482,not_young
1.596414794881476,4739.0,13.0,ds4,ds4_13,Schwaches Baumholz,Schwaches Baumholz_13,0.0,0.0,3.0,3.0,4.0,3.0,7483,not_young
1.041930856308005,7359.0,13.0,ds4,ds4_13,Schwaches Baumholz,Schwaches Baumholz_13,0.0,0.0,3.0,3.0,4.0,3.0,7484,not_young
2.734163820640451,7019.0,13.0,ds4,ds4_13,Schwaches Baumholz,Schwaches Baumholz_13,0.0,0.0,3.0,1.0,4.0,3.0,7485,not_young
1.44495679995979,6960.0,13.0,ds4,ds4_13,Schwaches Baumholz,Schwaches Baumholz_13,0.0,0.0,3.0,3.0,4.0,3.0,7486,not_young
4.363876423754472,4245.0,13.0,ds4,ds4_13,Schwaches Baumholz,Schwaches Baumholz_13,0.0,0.0,3.0,3.0,4.0,4.0,7487,not_young
6.294928404392734,2935.0,13.0,ds4,ds4_13,Schwaches Baumholz,Schwaches Baumholz_13,0.0,0.0,3.0,3.0,3.0,3.0,7488,not_young
1.040030429810309,14436.0,13.0,ds4,ds4_13,Schwaches Baumholz,Schwaches Baumholz_13,0.0,0.0,3.0,3.0,3.0,3.0,7489,not_young
1.544055268988566,637.0,13.0,ds4,ds4_13,Schwaches Baumholz,Schwaches Baumholz_13,0.0,0.0,3.0,3.0,3.0,3.0,7490,not_young
0.81988518219242,13300.0,13.0,ds4,ds4_13,Schwaches Baumholz,Schwaches Baumholz_13,0.0,0.0,3.0,1.0,4.0,3.0,7491,not_young
4.462329934729353,826.0,13.0,ds4,ds4_13,Schwaches Baumholz,Schwaches Baumholz_13,0.0,0.0,3.0,3.0,4.0,3.0,7492,not_young
2.209838410015025,778.0,13.0,ds4,ds4_13,Schwaches Baumholz,Schwaches Baumholz_13,0.0,0.0,3.0,3.0,3.0,3.0,7493,not_young
0.633927471498214,436.0,13.0,ds4,ds4_13,Schwaches Baumholz,Schwaches Baumholz_13,0.0,0.0,3.0,3.0,3.0,3.0,7494,not_young
9.766887192262656,4505.0,13.0,ds4,ds4_13,Schwaches Baumholz,Schwaches Baumholz_13,0.0,0.0,3.0,3.0,3.0,3.0,7495,not_young
3.239152736268397,192.0,13.0,ds4,ds4_13,Schwaches Baumholz,Schwaches Baumholz_13,0.0,0.0,3.0,3.0,3.0,3.0,7496,not_young
1.81301048456704,432.0,13.0,ds4,ds4_13,Schwaches Baumholz,Schwaches Baumholz_13,0.0,0.0,3.0,3.0,4.0,4.0,7497,not_young
1.446551056581471,517.0,13.0,ds4,ds4_13,Schwaches Baumholz,Schwaches Baumholz_13,0.0,0.0,3.0,3.0,3.0,3.0,7498,not_young
1.589142496192205,4675.0,13.0,ds4,ds4_13,Schwaches Baumholz,Schwaches Baumholz_13,0.0,0.0,3.0,3.0,3.0,3.0,7499,not_young
0.810727477806459,7622.0,13.0,ds4,ds4_13,Schwaches Baumholz,Schwaches Baumholz_13,0.0,0.0,3.0,3.0,3.0,3.0,7500,not_young
2.061119520250673,784.0,13.0,ds4,ds4_13,Schwaches Baumholz,Schwaches Baumholz_13,0.0,0.0,3.0,3.0,4.0,4.0,7501,not_young
2.553171173486605,1314.0,13.0,ds4,ds4_13,Schwaches Baumholz,Schwaches Baumholz_13,0.0,0.0,3.0,3.0,3.0,3.0,7502,not_young
6.09293351457182,755.0,13.0,ds4,ds4_13,Schwaches Baumholz,Schwaches Baumholz_13,0.0,0.0,3.0,3.0,3.0,3.0,7503,not_young
1.539210287294595,7872.0,13.0,ds4,ds4_13,Schwaches Baumholz,Schwaches Baumholz_13,0.0,1.0,1.0,1.0,1.0,1.0,7504,not_young
7.207413891291976,533.0,13.0,ds4,ds4_13,Schwaches Baumholz,Schwaches Baumholz_13,0.0,1.0,1.0,1.0,3.0,3.0,7505,not_young
1.501127134942766,12130.0,13.0,ds4,ds4_13,Schwaches Baumholz,Schwaches Baumholz_13,0.0,1.0,1.0,1.0,1.0,1.0,7506,not_young
2.554504048514169,485.0,13.0,ds4,ds4_13,Schwaches Baumholz,Schwaches Baumholz_13,0.0,1.0,1.0,1.0,1.0,1.0,7507,not_young
3.253899657395581,437.0,13.0,ds4,ds4_13,Schwaches Baumholz,Schwaches Baumholz_13,0.0,1.0,1.0,1.0,1.0,1.0,7508,not_young
0.941946839940338,106.0,13.0,ds4,ds4_13,Schwaches Baumholz,Schwaches Baumholz_13,1.0,0.0,2.0,2.0,2.0,2.0,7509,not_young
6.03468836150783,1736.0,13.0,ds4,ds4_13,Schwaches Baumholz,Schwaches Baumholz_13,1.0,0.0,2.0,2.0,2.0,2.0,7510,not_young
1.553340992233699,3705.0,13.0,ds4,ds4_13,Schwaches Baumholz,Schwaches Baumholz_13,1.0,0.0,2.0,2.0,4.0,4.0,7511,not_young
4.939572051563744,2118.0,13.0,ds4,ds4_13,Schwaches Baumholz,Schwaches Baumholz_13,1.0,0.0,2.0,2.0,2.0,2.0,7512,not_young
0.279797551752315,2567.0,13.0,ds4,ds4_13,Schwaches Baumholz,Schwaches Baumholz_13,1.0,0.0,2.0,2.0,4.0,2.0,7513,not_young
5.660380708447768,2909.0,13.0,ds4,ds4_13,Schwaches Baumholz,Schwaches Baumholz_13,1.0,0.0,2.0,2.0,2.0,2.0,7514,not_young
4.678540234554482,1408.0,13.0,ds4,ds4_13,Schwaches Baumholz,Schwaches Baumholz_13,1.0,0.0,2.0,2.0,2.0,2.0,7515,not_young
2.372827928247643,1971.0,13.0,ds4,ds4_13,Schwaches Baumholz,Schwaches Baumholz_13,1.0,0.0,2.0,2.0,2.0,2.0,7516,not_young
1.419375899579612,4639.0,13.0,ds4,ds4_13,Schwaches Baumholz,Schwaches Baumholz_13,1.0,0.0,2.0,2.0,2.0,2.0,7517,not_young
2.930982202374266,1336.0,13.0,ds4,ds4_13,Schwaches Baumholz,Schwaches Baumholz_13,1.0,0.0,2.0,2.0,4.0,4.0,7518,not_young
0.645165823787276,1330.0,13.0,ds4,ds4_13,Schwaches Baumholz,Schwaches Baumholz_13,1.0,0.0,2.0,2.0,2.0,2.0,7519,not_young
6.93907122714065,1895.0,13.0,ds4,ds4_13,Schwaches Baumholz,Schwaches Baumholz_13,1.0,0.0,2.0,2.0,4.0,2.0,7520,not_young
3.223254129842064,1361.0,13.0,ds4,ds4_13,Schwaches Baumholz,Schwaches Baumholz_13,1.0,0.0,2.0,2.0,2.0,2.0,7521,not_young
0.27962900810812,215.0,4.0,ds4,ds4_4,Schwaches Baumholz,Schwaches Baumholz_4,0.0,0.0,3.0,3.0,4.0,3.0,7522,not_young
2.696530961022168,159.0,4.0,ds4,ds4_4,Schwaches Baumholz,Schwaches Baumholz_4,0.0,0.0,3.0,3.0,3.0,3.0,7523,not_young
3.960720459592407,5130.0,4.0,ds4,ds4_4,Schwaches Baumholz,Schwaches Baumholz_4,0.0,0.0,3.0,3.0,3.0,3.0,7524,not_young
4.285225434845793,883.0,4.0,ds4,ds4_4,Schwaches Baumholz,Schwaches Baumholz_4,0.0,0.0,3.0,3.0,4.0,3.0,7525,not_young
2.324953070420856,166.0,4.0,ds4,ds4_4,Schwaches Baumholz,Schwaches Baumholz_4,0.0,0.0,3.0,3.0,3.0,3.0,7526,not_young
2.068999328783015,441.0,4.0,ds4,ds4_4,Schwaches Baumholz,Schwaches Baumholz_4,0.0,0.0,3.0,3.0,3.0,3.0,7527,not_young
0.52001898805559,7177.0,4.0,ds4,ds4_4,Schwaches Baumholz,Schwaches Baumholz_4,0.0,0.0,3.0,3.0,4.0,3.0,7528,not_young
2.345039600815143,186.0,4.0,ds4,ds4_4,Schwaches Baumholz,Schwaches Baumholz_4,0.0,0.0,3.0,3.0,4.0,3.0,7529,not_young
2.037809891352454,338.0,4.0,ds4,ds4_4,Schwaches Baumholz,Schwaches Baumholz_4,0.0,0.0,3.0,3.0,4.0,4.0,7530,not_young
1.675293739271286,536.0,4.0,ds4,ds4_4,Schwaches Baumholz,Schwaches Baumholz_4,0.0,0.0,3.0,3.0,3.0,3.0,7531,not_young
2.864747738453561,72.0,4.0,ds4,ds4_4,Schwaches Baumholz,Schwaches Baumholz_4,0.0,0.0,3.0,3.0,4.0,3.0,7532,not_young
0.919744644588739,15562.0,4.0,ds4,ds4_4,Schwaches Baumholz,Schwaches Baumholz_4,0.0,0.0,3.0,3.0,3.0,3.0,7533,not_young
3.590744460254116,1765.0,4.0,ds4,ds4_4,Schwaches Baumholz,Schwaches Baumholz_4,0.0,0.0,3.0,3.0,4.0,3.0,7534,not_young
2.485406128077311,6911.0,4.0,ds4,ds4_4,Schwaches Baumholz,Schwaches Baumholz_4,0.0,0.0,3.0,3.0,3.0,3.0,7535,not_young
0.839009312118093,1297.0,4.0,ds4,ds4_4,Schwaches Baumholz,Schwaches Baumholz_4,0.0,0.0,3.0,3.0,3.0,3.0,7536,not_young
0.413994234895697,5688.0,4.0,ds4,ds4_4,Schwaches Baumholz,Schwaches Baumholz_4,0.0,0.0,3.0,3.0,3.0,3.0,7537,not_young
0.378835893875323,2120.0,4.0,ds4,ds4_4,Schwaches Baumholz,Schwaches Baumholz_4,0.0,0.0,3.0,3.0,3.0,3.0,7538,not_young
3.525891723434354,7664.0,4.0,ds4,ds4_4,Schwaches Baumholz,Schwaches Baumholz_4,0.0,0.0,3.0,3.0,3.0,3.0,7539,not_young
3.9883092050565,7587.0,4.0,ds4,ds4_4,Schwaches Baumholz,Schwaches Baumholz_4,0.0,0.0,3.0,3.0,3.0,3.0,7540,not_young
1.306959270541382,13926.0,4.0,ds4,ds4_4,Schwaches Baumholz,Schwaches Baumholz_4,0.0,0.0,3.0,3.0,4.0,4.0,7541,not_young
2.22678156908915,15369.0,4.0,ds4,ds4_4,Schwaches Baumholz,Schwaches Baumholz_4,0.0,0.0,3.0,3.0,3.0,3.0,7542,not_young
0.29070048498658,5466.0,4.0,ds4,ds4_4,Schwaches Baumholz,Schwaches Baumholz_4,0.0,0.0,3.0,3.0,3.0,3.0,7543,not_young
1.526143478126457,8490.0,4.0,ds4,ds4_4,Schwaches Baumholz,Schwaches Baumholz_4,0.0,0.0,3.0,3.0,3.0,3.0,7544,not_young
5.143207558381106,336.0,4.0,ds4,ds4_4,Schwaches Baumholz,Schwaches Baumholz_4,0.0,0.0,3.0,3.0,3.0,3.0,7545,not_young
2.593530749871454,1934.0,4.0,ds4,ds4_4,Schwaches Baumholz,Schwaches Baumholz_4,0.0,0.0,3.0,3.0,4.0,4.0,7546,not_young
1.012296962013841,1918.0,4.0,ds4,ds4_4,Schwaches Baumholz,Schwaches Baumholz_4,0.0,0.0,3.0,3.0,3.0,3.0,7547,not_young
2.560449597658786,458.0,4.0,ds4,ds4_4,Schwaches Baumholz,Schwaches Baumholz_4,0.0,0.0,3.0,3.0,3.0,3.0,7548,not_young
0.209852795271063,6888.0,4.0,ds4,ds4_4,Schwaches Baumholz,Schwaches Baumholz_4,0.0,0.0,3.0,3.0,3.0,3.0,7549,not_young
1.936941200192901,211.0,4.0,ds4,ds4_4,Schwaches Baumholz,Schwaches Baumholz_4,0.0,0.0,3.0,3.0,3.0,3.0,7550,not_young
1.163131848789309,8505.0,4.0,ds4,ds4_4,Schwaches Baumholz,Schwaches Baumholz_4,0.0,0.0,3.0,3.0,3.0,3.0,7551,not_young
1.916397085041538,489.0,4.0,ds4,ds4_4,Schwaches Baumholz,Schwaches Baumholz_4,0.0,0.0,3.0,3.0,4.0,3.0,7552,not_young
0.973631274744735,7699.0,4.0,ds4,ds4_4,Schwaches Baumholz,Schwaches Baumholz_4,0.0,0.0,3.0,1.0,4.0,4.0,7553,not_young
4.363567484283505,46.0,4.0,ds4,ds4_4,Schwaches Baumholz,Schwaches Baumholz_4,0.0,0.0,3.0,3.0,4.0,3.0,7554,not_young
0.862864192075553,900.0,4.0,ds4,ds4_4,Schwaches Baumholz,Schwaches Baumholz_4,0.0,0.0,3.0,3.0,3.0,3.0,7555,not_young
3.198644044423663,4649.0,4.0,ds4,ds4_4,Schwaches Baumholz,Schwaches Baumholz_4,0.0,0.0,3.0,3.0,3.0,3.0,7556,not_young
5.50740987681372,362.0,4.0,ds4,ds4_4,Schwaches Baumholz,Schwaches Baumholz_4,0.0,0.0,3.0,3.0,4.0,3.0,7557,not_young
4.482368080813798,1739.0,4.0,ds4,ds4_4,Schwaches Baumholz,Schwaches Baumholz_4,0.0,0.0,3.0,1.0,3.0,3.0,7558,not_young
2.667263690310541,871.0,4.0,ds4,ds4_4,Schwaches Baumholz,Schwaches Baumholz_4,0.0,0.0,3.0,3.0,3.0,3.0,7559,not_young
0.648257680816055,455.0,4.0,ds4,ds4_4,Schwaches Baumholz,Schwaches Baumholz_4,0.0,0.0,3.0,3.0,4.0,4.0,7560,not_young
2.357455352074622,396.0,4.0,ds4,ds4_4,Schwaches Baumholz,Schwaches Baumholz_4,0.0,0.0,3.0,3.0,3.0,3.0,7561,not_young
4.067805035133995,6483.0,4.0,ds4,ds4_4,Schwaches Baumholz,Schwaches Baumholz_4,0.0,0.0,3.0,3.0,3.0,3.0,7562,not_young
4.085789002871566,297.0,4.0,ds4,ds4_4,Schwaches Baumholz,Schwaches Baumholz_4,0.0,0.0,3.0,3.0,3.0,3.0,7563,not_young
1.934893536489341,7612.0,4.0,ds4,ds4_4,Schwaches Baumholz,Schwaches Baumholz_4,0.0,0.0,3.0,3.0,4.0,3.0,7564,not_young
8.4153528259209,418.0,4.0,ds4,ds4_4,Schwaches Baumholz,Schwaches Baumholz_4,0.0,0.0,3.0,3.0,3.0,3.0,7565,not_young
0.726508688107959,222.0,4.0,ds4,ds4_4,Schwaches Baumholz,Schwaches Baumholz_4,0.0,0.0,3.0,3.0,4.0,4.0,7566,not_young
1.984596904144588,6571.0,4.0,ds4,ds4_4,Schwaches Baumholz,Schwaches Baumholz_4,0.0,0.0,3.0,3.0,3.0,3.0,7567,not_young
2.703696828042081,5023.0,4.0,ds4,ds4_4,Schwaches Baumholz,Schwaches Baumholz_4,0.0,0.0,3.0,3.0,3.0,3.0,7568,not_young
0.470593921608222,8557.0,4.0,ds4,ds4_4,Schwaches Baumholz,Schwaches Baumholz_4,0.0,0.0,3.0,3.0,3.0,3.0,7569,not_young
1.019091808580031,6550.0,4.0,ds4,ds4_4,Schwaches Baumholz,Schwaches Baumholz_4,0.0,0.0,3.0,3.0,3.0,3.0,7570,not_young
5.66375193432967,5369.0,4.0,ds4,ds4_4,Schwaches Baumholz,Schwaches Baumholz_4,0.0,0.0,3.0,3.0,3.0,3.0,7571,not_young
2.229751550170804,3780.0,4.0,ds4,ds4_4,Schwaches Baumholz,Schwaches Baumholz_4,0.0,0.0,3.0,3.0,3.0,3.0,7572,not_young
2.119700715379277,6949.0,4.0,ds4,ds4_4,Schwaches Baumholz,Schwaches Baumholz_4,0.0,0.0,3.0,3.0,3.0,3.0,7573,not_young
2.84502202076891,7018.0,4.0,ds4,ds4_4,Schwaches Baumholz,Schwaches Baumholz_4,0.0,0.0,3.0,3.0,4.0,4.0,7574,not_young
4.672831861381664,446.0,4.0,ds4,ds4_4,Schwaches Baumholz,Schwaches Baumholz_4,0.0,0.0,3.0,3.0,3.0,3.0,7575,not_young
3.976200824253526,4268.0,4.0,ds4,ds4_4,Schwaches Baumholz,Schwaches Baumholz_4,0.0,0.0,3.0,3.0,3.0,3.0,7576,not_young
0.561712375301169,8565.0,4.0,ds4,ds4_4,Schwaches Baumholz,Schwaches Baumholz_4,0.0,0.0,3.0,3.0,4.0,4.0,7577,not_young
4.456086990433076,6624.0,4.0,ds4,ds4_4,Schwaches Baumholz,Schwaches Baumholz_4,0.0,0.0,3.0,3.0,4.0,3.0,7578,not_young
4.261974856425218,2296.0,4.0,ds4,ds4_4,Schwaches Baumholz,Schwaches Baumholz_4,0.0,0.0,3.0,3.0,3.0,3.0,7579,not_young
3.00575321786789,2871.0,4.0,ds4,ds4_4,Schwaches Baumholz,Schwaches Baumholz_4,0.0,0.0,3.0,3.0,4.0,3.0,7580,not_young
1.251397567990347,14427.0,4.0,ds4,ds4_4,Schwaches Baumholz,Schwaches Baumholz_4,0.0,0.0,3.0,3.0,3.0,3.0,7581,not_young
7.573334873364278,285.0,4.0,ds4,ds4_4,Schwaches Baumholz,Schwaches Baumholz_4,0.0,0.0,3.0,3.0,4.0,3.0,7582,not_young
4.606093831658818,176.0,4.0,ds4,ds4_4,Schwaches Baumholz,Schwaches Baumholz_4,0.0,0.0,3.0,3.0,4.0,3.0,7583,not_young
0.77654978412432,194.0,4.0,ds4,ds4_4,Schwaches Baumholz,Schwaches Baumholz_4,0.0,0.0,3.0,3.0,4.0,4.0,7584,not_young
2.519096319687408,168.0,4.0,ds4,ds4_4,Schwaches Baumholz,Schwaches Baumholz_4,0.0,0.0,3.0,3.0,4.0,4.0,7585,not_young
0.693021953964792,6533.0,4.0,ds4,ds4_4,Schwaches Baumholz,Schwaches Baumholz_4,0.0,0.0,3.0,3.0,3.0,3.0,7586,not_young
2.537494726373267,2922.0,4.0,ds4,ds4_4,Schwaches Baumholz,Schwaches Baumholz_4,0.0,0.0,3.0,3.0,4.0,3.0,7587,not_young
1.125062784126744,6604.0,4.0,ds4,ds4_4,Schwaches Baumholz,Schwaches Baumholz_4,0.0,0.0,3.0,3.0,3.0,3.0,7588,not_young
4.866129711920166,409.0,4.0,ds4,ds4_4,Schwaches Baumholz,Schwaches Baumholz_4,0.0,0.0,3.0,3.0,4.0,3.0,7589,not_young
2.285694781342952,12202.0,4.0,ds4,ds4_4,Schwaches Baumholz,Schwaches Baumholz_4,0.0,0.0,3.0,3.0,3.0,3.0,7590,not_young
2.241708864028301,5971.0,4.0,ds4,ds4_4,Schwaches Baumholz,Schwaches Baumholz_4,0.0,0.0,3.0,3.0,3.0,3.0,7591,not_young
0.321313372518215,15942.0,4.0,ds4,ds4_4,Schwaches Baumholz,Schwaches Baumholz_4,0.0,0.0,3.0,3.0,3.0,3.0,7592,not_young
3.549162846857225,183.0,4.0,ds4,ds4_4,Schwaches Baumholz,Schwaches Baumholz_4,0.0,0.0,3.0,3.0,3.0,3.0,7593,not_young
1.293299799422326,5724.0,4.0,ds4,ds4_4,Schwaches Baumholz,Schwaches Baumholz_4,0.0,0.0,3.0,3.0,3.0,3.0,7594,not_young
3.723598713433715,3.0,4.0,ds4,ds4_4,Schwaches Baumholz,Schwaches Baumholz_4,0.0,0.0,3.0,3.0,3.0,3.0,7595,not_young
1.664884511584939,4169.0,4.0,ds4,ds4_4,Schwaches Baumholz,Schwaches Baumholz_4,0.0,0.0,3.0,3.0,3.0,3.0,7596,not_young
4.701759928169756,213.0,4.0,ds4,ds4_4,Schwaches Baumholz,Schwaches Baumholz_4,0.0,0.0,3.0,3.0,4.0,4.0,7597,not_young
8.083488087441468,4652.0,4.0,ds4,ds4_4,Schwaches Baumholz,Schwaches Baumholz_4,0.0,0.0,3.0,3.0,4.0,3.0,7598,not_young
1.364313773595519,4190.0,4.0,ds4,ds4_4,Schwaches Baumholz,Schwaches Baumholz_4,0.0,0.0,3.0,3.0,4.0,3.0,7599,not_young
0.399283651100891,1525.0,4.0,ds4,ds4_4,Schwaches Baumholz,Schwaches Baumholz_4,0.0,0.0,3.0,3.0,3.0,3.0,7600,not_young
2.92830210055114,539.0,4.0,ds4,ds4_4,Schwaches Baumholz,Schwaches Baumholz_4,0.0,1.0,1.0,1.0,3.0,3.0,7601,not_young
0.148092708894912,12921.0,4.0,ds4,ds4_4,Schwaches Baumholz,Schwaches Baumholz_4,0.0,1.0,1.0,1.0,1.0,1.0,7602,not_young
6.602623344420296,252.0,4.0,ds4,ds4_4,Schwaches Baumholz,Schwaches Baumholz_4,0.0,1.0,1.0,1.0,1.0,1.0,7603,not_young
1.946832038514328,6487.0,4.0,ds4,ds4_4,Schwaches Baumholz,Schwaches Baumholz_4,0.0,1.0,1.0,1.0,1.0,1.0,7604,not_young
4.294078293988643,522.0,4.0,ds4,ds4_4,Schwaches Baumholz,Schwaches Baumholz_4,0.0,1.0,1.0,1.0,1.0,1.0,7605,not_young
4.127720718904375,277.0,4.0,ds4,ds4_4,Schwaches Baumholz,Schwaches Baumholz_4,0.0,1.0,1.0,1.0,1.0,1.0,7606,not_young
2.698224936631602,12088.0,4.0,ds4,ds4_4,Schwaches Baumholz,Schwaches Baumholz_4,0.0,1.0,1.0,1.0,1.0,1.0,7607,not_young
1.477047124345979,1168.0,4.0,ds4,ds4_4,Schwaches Baumholz,Schwaches Baumholz_4,0.0,1.0,1.0,1.0,1.0,1.0,7608,not_young
1.196263828377627,7865.0,4.0,ds4,ds4_4,Schwaches Baumholz,Schwaches Baumholz_4,0.0,1.0,1.0,1.0,1.0,1.0,7609,not_young
4.178725422928254,354.0,4.0,ds4,ds4_4,Schwaches Baumholz,Schwaches Baumholz_4,0.0,1.0,1.0,1.0,1.0,1.0,7610,not_young
8.08252951058018,391.0,4.0,ds4,ds4_4,Schwaches Baumholz,Schwaches Baumholz_4,0.0,1.0,1.0,1.0,3.0,3.0,7611,not_young
1.966046879869126,7926.0,4.0,ds4,ds4_4,Schwaches Baumholz,Schwaches Baumholz_4,0.0,1.0,1.0,1.0,3.0,3.0,7612,not_young
0.317703822098649,9377.0,4.0,ds4,ds4_4,Schwaches Baumholz,Schwaches Baumholz_4,0.0,1.0,1.0,1.0,1.0,1.0,7613,not_young
0.310361486952938,16174.0,4.0,ds4,ds4_4,Schwaches Baumholz,Schwaches Baumholz_4,1.0,0.0,2.0,2.0,2.0,2.0,7614,not_young
1.365255425740527,3075.0,4.0,ds4,ds4_4,Schwaches Baumholz,Schwaches Baumholz_4,1.0,0.0,2.0,2.0,4.0,2.0,7615,not_young
1.367551200491516,5508.0,4.0,ds4,ds4_4,Schwaches Baumholz,Schwaches Baumholz_4,1.0,0.0,2.0,2.0,4.0,2.0,7616,not_young
0.5282538251921,5754.0,4.0,ds4,ds4_4,Schwaches Baumholz,Schwaches Baumholz_4,1.0,0.0,2.0,2.0,2.0,2.0,7617,not_young
0.817735549889812,1324.0,4.0,ds4,ds4_4,Schwaches Baumholz,Schwaches Baumholz_4,1.0,0.0,2.0,2.0,4.0,2.0,7618,not_young
2.431154645775515,3373.0,4.0,ds4,ds4_4,Schwaches Baumholz,Schwaches Baumholz_4,1.0,0.0,2.0,2.0,2.0,2.0,7619,not_young
3.911353879687959,2336.0,4.0,ds4,ds4_4,Schwaches Baumholz,Schwaches Baumholz_4,1.0,0.0,2.0,2.0,2.0,2.0,7620,not_young
3.062013343646564,2741.0,4.0,ds4,ds4_4,Schwaches Baumholz,Schwaches Baumholz_4,1.0,0.0,2.0,2.0,2.0,2.0,7621,not_young
4.119544008093181,2583.0,4.0,ds4,ds4_4,Schwaches Baumholz,Schwaches Baumholz_4,1.0,0.0,2.0,2.0,2.0,2.0,7622,not_young
4.010630288845072,4184.0,4.0,ds4,ds4_4,Schwaches Baumholz,Schwaches Baumholz_4,1.0,0.0,2.0,2.0,2.0,2.0,7623,not_young
3.060393335968069,2927.0,4.0,ds4,ds4_4,Schwaches Baumholz,Schwaches Baumholz_4,1.0,0.0,2.0,2.0,4.0,2.0,7624,not_young
3.118245705140869,3770.0,4.0,ds4,ds4_4,Schwaches Baumholz,Schwaches Baumholz_4,1.0,0.0,2.0,2.0,2.0,2.0,7625,not_young
3.133101382464881,8.0,4.0,ds4,ds4_4,Schwaches Baumholz,Schwaches Baumholz_4,1.0,0.0,2.0,2.0,2.0,2.0,7626,not_young
2.691816448681342,1792.0,4.0,ds4,ds4_4,Schwaches Baumholz,Schwaches Baumholz_4,1.0,0.0,2.0,2.0,2.0,2.0,7627,not_young
1.495765798104529,3357.0,4.0,ds4,ds4_4,Schwaches Baumholz,Schwaches Baumholz_4,1.0,0.0,2.0,2.0,4.0,2.0,7628,not_young
4.795419928945578,5184.0,4.0,ds4,ds4_4,Schwaches Baumholz,Schwaches Baumholz_4,1.0,0.0,2.0,2.0,2.0,2.0,7629,not_young
1.075206165002057,4218.0,4.0,ds4,ds4_4,Schwaches Baumholz,Schwaches Baumholz_4,1.0,0.0,2.0,2.0,2.0,2.0,7630,not_young
0.469861599968653,6109.0,4.0,ds4,ds4_4,Schwaches Baumholz,Schwaches Baumholz_4,1.0,0.0,2.0,2.0,4.0,2.0,7631,not_young
3.353489361800749,3203.0,4.0,ds4,ds4_4,Schwaches Baumholz,Schwaches Baumholz_4,1.0,0.0,2.0,2.0,2.0,2.0,7632,not_young
0.953827278422963,26.0,4.0,ds4,ds4_4,Schwaches Baumholz,Schwaches Baumholz_4,1.0,0.0,2.0,2.0,2.0,2.0,7633,not_young
2.820890752780877,5722.0,4.0,ds4,ds4_4,Schwaches Baumholz,Schwaches Baumholz_4,1.0,0.0,2.0,2.0,2.0,2.0,7634,not_young
2.711885894566968,3398.0,4.0,ds4,ds4_4,Schwaches Baumholz,Schwaches Baumholz_4,1.0,0.0,2.0,2.0,2.0,2.0,7635,not_young
3.348625044275308,1766.0,4.0,ds4,ds4_4,Schwaches Baumholz,Schwaches Baumholz_4,1.0,0.0,2.0,2.0,2.0,2.0,7636,not_young
1.813187067506614,2617.0,4.0,ds4,ds4_4,Schwaches Baumholz,Schwaches Baumholz_4,1.0,0.0,2.0,2.0,2.0,2.0,7637,not_young
1.044045436670998,3238.0,4.0,ds4,ds4_4,Schwaches Baumholz,Schwaches Baumholz_4,1.0,0.0,2.0,2.0,2.0,2.0,7638,not_young
2.450144295679068,2280.0,4.0,ds4,ds4_4,Schwaches Baumholz,Schwaches Baumholz_4,1.0,0.0,2.0,2.0,4.0,2.0,7639,not_young
3.381343293898835,3593.0,4.0,ds4,ds4_4,Schwaches Baumholz,Schwaches Baumholz_4,1.0,0.0,2.0,2.0,4.0,2.0,7640,not_young
3.562484467040982,5467.0,4.0,ds4,ds4_4,Schwaches Baumholz,Schwaches Baumholz_4,1.0,0.0,2.0,2.0,2.0,2.0,7641,not_young
0.54540552280327,3356.0,4.0,ds4,ds4_4,Schwaches Baumholz,Schwaches Baumholz_4,1.0,0.0,2.0,2.0,4.0,2.0,7642,not_young
5.932160314584284,2076.0,4.0,ds4,ds4_4,Schwaches Baumholz,Schwaches Baumholz_4,1.0,0.0,2.0,2.0,2.0,2.0,7643,not_young
2.660390177354908,2055.0,4.0,ds4,ds4_4,Schwaches Baumholz,Schwaches Baumholz_4,1.0,0.0,2.0,2.0,4.0,4.0,7644,not_young
2.223212740962554,4549.0,4.0,ds4,ds4_4,Schwaches Baumholz,Schwaches Baumholz_4,1.0,0.0,2.0,2.0,2.0,2.0,7645,not_young
2.909009516880975,2992.0,4.0,ds4,ds4_4,Schwaches Baumholz,Schwaches Baumholz_4,1.0,0.0,2.0,2.0,2.0,2.0,7646,not_young
1.663551984281498,3330.0,4.0,ds4,ds4_4,Schwaches Baumholz,Schwaches Baumholz_4,1.0,0.0,2.0,2.0,2.0,2.0,7647,not_young
1.471967625039793,4782.0,4.0,ds4,ds4_4,Schwaches Baumholz,Schwaches Baumholz_4,1.0,0.0,2.0,2.0,2.0,2.0,7648,not_young
1.035206592895391,2965.0,4.0,ds4,ds4_4,Schwaches Baumholz,Schwaches Baumholz_4,1.0,0.0,2.0,2.0,4.0,2.0,7649,not_young
0.346859351349773,1894.0,4.0,ds4,ds4_4,Schwaches Baumholz,Schwaches Baumholz_4,1.0,0.0,2.0,2.0,2.0,2.0,7650,not_young
4.821166860008958,1947.0,4.0,ds4,ds4_4,Schwaches Baumholz,Schwaches Baumholz_4,1.0,0.0,2.0,2.0,2.0,2.0,7651,not_young
4.152923426301477,2564.0,4.0,ds4,ds4_4,Schwaches Baumholz,Schwaches Baumholz_4,1.0,0.0,2.0,2.0,4.0,2.0,7652,not_young
3.580997650624512,1748.0,4.0,ds4,ds4_4,Schwaches Baumholz,Schwaches Baumholz_4,1.0,0.0,2.0,2.0,2.0,2.0,7653,not_young
3.028796317662639,3782.0,4.0,ds4,ds4_4,Schwaches Baumholz,Schwaches Baumholz_4,1.0,0.0,2.0,2.0,2.0,2.0,7654,not_young
2.695107881403491,1325.0,4.0,ds4,ds4_4,Schwaches Baumholz,Schwaches Baumholz_4,1.0,0.0,2.0,2.0,2.0,2.0,7655,not_young
1.024418485510565,1360.0,4.0,ds4,ds4_4,Schwaches Baumholz,Schwaches Baumholz_4,1.0,0.0,2.0,2.0,4.0,4.0,7656,not_young
2.525655460203039,6027.0,4.0,ds4,ds4_4,Schwaches Baumholz,Schwaches Baumholz_4,1.0,0.0,2.0,2.0,2.0,2.0,7657,not_young
1.028303800922859,4852.0,4.0,ds4,ds4_4,Schwaches Baumholz,Schwaches Baumholz_4,1.0,0.0,2.0,2.0,4.0,2.0,7658,not_young
5.945980040155762,1758.0,4.0,ds4,ds4_4,Schwaches Baumholz,Schwaches Baumholz_4,1.0,0.0,2.0,2.0,2.0,2.0,7659,not_young
2.858029863134679,2090.0,4.0,ds4,ds4_4,Schwaches Baumholz,Schwaches Baumholz_4,1.0,0.0,2.0,2.0,2.0,2.0,7660,not_young
2.815352604607618,4121.0,4.0,ds4,ds4_4,Schwaches Baumholz,Schwaches Baumholz_4,1.0,0.0,2.0,2.0,4.0,2.0,7661,not_young
5.645117075194826,2378.0,4.0,ds4,ds4_4,Schwaches Baumholz,Schwaches Baumholz_4,1.0,0.0,2.0,2.0,4.0,2.0,7662,not_young
2.985058307667943,31.0,4.0,ds4,ds4_4,Schwaches Baumholz,Schwaches Baumholz_4,1.0,0.0,2.0,2.0,2.0,2.0,7663,not_young
2.625020905810678,3535.0,4.0,ds4,ds4_4,Schwaches Baumholz,Schwaches Baumholz_4,1.0,0.0,2.0,2.0,2.0,2.0,7664,not_young
1.214588393490843,5895.0,4.0,ds4,ds4_4,Schwaches Baumholz,Schwaches Baumholz_4,1.0,0.0,2.0,2.0,4.0,4.0,7665,not_young
2.190574380036261,3718.0,4.0,ds4,ds4_4,Schwaches Baumholz,Schwaches Baumholz_4,1.0,0.0,2.0,2.0,2.0,2.0,7666,not_young
5.30707862586706,1501.0,4.0,ds4,ds4_4,Schwaches Baumholz,Schwaches Baumholz_4,1.0,0.0,2.0,2.0,2.0,2.0,7667,not_young
0.762675447446692,4707.0,4.0,ds4,ds4_4,Schwaches Baumholz,Schwaches Baumholz_4,1.0,0.0,2.0,2.0,2.0,2.0,7668,not_young
2.181846467521618,1385.0,4.0,ds4,ds4_4,Schwaches Baumholz,Schwaches Baumholz_4,1.0,0.0,2.0,2.0,2.0,2.0,7669,not_young
6.408649373524128,2384.0,4.0,ds4,ds4_4,Schwaches Baumholz,Schwaches Baumholz_4,1.0,0.0,2.0,2.0,2.0,2.0,7670,not_young
4.46683931745755,1906.0,4.0,ds4,ds4_4,Schwaches Baumholz,Schwaches Baumholz_4,1.0,0.0,2.0,2.0,2.0,2.0,7671,not_young
0.707772407586756,3298.0,4.0,ds4,ds4_4,Schwaches Baumholz,Schwaches Baumholz_4,1.0,0.0,2.0,2.0,2.0,2.0,7672,not_young
0.886834542836249,7860.0,13.0,ds5,ds5_13,Mittleres Baumholz,Mittleres Baumholz_13,0.0,0.0,3.0,3.0,3.0,3.0,7673,not_young
5.885061365126752,6986.0,13.0,ds5,ds5_13,Mittleres Baumholz,Mittleres Baumholz_13,0.0,0.0,3.0,3.0,4.0,3.0,7674,not_young
0.720315124953981,1125.0,13.0,ds5,ds5_13,Mittleres Baumholz,Mittleres Baumholz_13,0.0,0.0,3.0,3.0,3.0,3.0,7675,not_young
2.143970072884206,2906.0,13.0,ds5,ds5_13,Mittleres Baumholz,Mittleres Baumholz_13,0.0,0.0,3.0,3.0,4.0,3.0,7676,not_young
1.853636864884454,477.0,13.0,ds5,ds5_13,Mittleres Baumholz,Mittleres Baumholz_13,0.0,0.0,3.0,1.0,4.0,3.0,7677,not_young
2.076248299583467,23.0,13.0,ds5,ds5_13,Mittleres Baumholz,Mittleres Baumholz_13,0.0,0.0,3.0,3.0,3.0,3.0,7678,not_young
0.422829219429055,15352.0,13.0,ds5,ds5_13,Mittleres Baumholz,Mittleres Baumholz_13,0.0,0.0,3.0,3.0,4.0,3.0,7679,not_young
4.499505476876692,4241.0,13.0,ds5,ds5_13,Mittleres Baumholz,Mittleres Baumholz_13,0.0,0.0,3.0,3.0,3.0,3.0,7680,not_young
4.900918027146754,1342.0,13.0,ds5,ds5_13,Mittleres Baumholz,Mittleres Baumholz_13,0.0,0.0,3.0,3.0,3.0,3.0,7681,not_young
1.138784892651136,6554.0,13.0,ds5,ds5_13,Mittleres Baumholz,Mittleres Baumholz_13,0.0,0.0,3.0,3.0,4.0,3.0,7682,not_young
4.6067522011499,6481.0,13.0,ds5,ds5_13,Mittleres Baumholz,Mittleres Baumholz_13,0.0,0.0,3.0,3.0,3.0,3.0,7683,not_young
4.81246796542786,553.0,13.0,ds5,ds5_13,Mittleres Baumholz,Mittleres Baumholz_13,0.0,0.0,3.0,3.0,4.0,3.0,7684,not_young
1.572763820623933,5899.0,13.0,ds5,ds5_13,Mittleres Baumholz,Mittleres Baumholz_13,0.0,0.0,3.0,3.0,3.0,3.0,7685,not_young
3.488119073229693,6606.0,13.0,ds5,ds5_13,Mittleres Baumholz,Mittleres Baumholz_13,0.0,0.0,3.0,1.0,3.0,3.0,7686,not_young
0.228458694987092,13486.0,13.0,ds5,ds5_13,Mittleres Baumholz,Mittleres Baumholz_13,0.0,0.0,3.0,3.0,3.0,3.0,7687,not_young
2.274696924090176,4698.0,13.0,ds5,ds5_13,Mittleres Baumholz,Mittleres Baumholz_13,0.0,0.0,3.0,3.0,3.0,3.0,7688,not_young
5.768182128118968,296.0,13.0,ds5,ds5_13,Mittleres Baumholz,Mittleres Baumholz_13,0.0,0.0,3.0,3.0,3.0,3.0,7689,not_young
1.240323900010623,7131.0,13.0,ds5,ds5_13,Mittleres Baumholz,Mittleres Baumholz_13,0.0,0.0,3.0,3.0,3.0,3.0,7690,not_young
2.867575462464005,6937.0,13.0,ds5,ds5_13,Mittleres Baumholz,Mittleres Baumholz_13,0.0,0.0,3.0,3.0,3.0,3.0,7691,not_young
2.054477785409475,8580.0,13.0,ds5,ds5_13,Mittleres Baumholz,Mittleres Baumholz_13,0.0,0.0,3.0,3.0,3.0,3.0,7692,not_young
5.084459682138158,6045.0,13.0,ds5,ds5_13,Mittleres Baumholz,Mittleres Baumholz_13,0.0,0.0,3.0,3.0,3.0,3.0,7693,not_young
2.274801659882942,383.0,13.0,ds5,ds5_13,Mittleres Baumholz,Mittleres Baumholz_13,0.0,1.0,1.0,1.0,1.0,1.0,7694,not_young
3.917717135945562,8259.0,13.0,ds5,ds5_13,Mittleres Baumholz,Mittleres Baumholz_13,0.0,1.0,1.0,1.0,1.0,1.0,7695,not_young
5.819137889844308,274.0,13.0,ds5,ds5_13,Mittleres Baumholz,Mittleres Baumholz_13,0.0,1.0,1.0,1.0,3.0,3.0,7696,not_young
2.042761665780313,814.0,13.0,ds5,ds5_13,Mittleres Baumholz,Mittleres Baumholz_13,0.0,1.0,1.0,1.0,1.0,1.0,7697,not_young
0.250169854285568,15503.0,13.0,ds5,ds5_13,Mittleres Baumholz,Mittleres Baumholz_13,0.0,1.0,1.0,1.0,1.0,1.0,7698,not_young
2.263719886639922,3204.0,13.0,ds5,ds5_13,Mittleres Baumholz,Mittleres Baumholz_13,1.0,0.0,2.0,2.0,2.0,2.0,7699,not_young
8.218916268439326,3720.0,13.0,ds5,ds5_13,Mittleres Baumholz,Mittleres Baumholz_13,1.0,0.0,2.0,2.0,2.0,2.0,7700,not_young
1.149737316482759,2177.0,13.0,ds5,ds5_13,Mittleres Baumholz,Mittleres Baumholz_13,1.0,0.0,2.0,2.0,2.0,2.0,7701,not_young
4.033513321317943,2331.0,13.0,ds5,ds5_13,Mittleres Baumholz,Mittleres Baumholz_13,1.0,0.0,2.0,2.0,2.0,2.0,7702,not_young
4.259185441921458,3217.0,13.0,ds5,ds5_13,Mittleres Baumholz,Mittleres Baumholz_13,1.0,0.0,2.0,2.0,4.0,2.0,7703,not_young
3.521456454188212,2069.0,13.0,ds5,ds5_13,Mittleres Baumholz,Mittleres Baumholz_13,1.0,0.0,2.0,2.0,2.0,2.0,7704,not_young
3.362968191141678,2575.0,13.0,ds5,ds5_13,Mittleres Baumholz,Mittleres Baumholz_13,1.0,0.0,2.0,2.0,4.0,2.0,7705,not_young
3.385804160683171,1439.0,13.0,ds5,ds5_13,Mittleres Baumholz,Mittleres Baumholz_13,1.0,0.0,2.0,2.0,2.0,2.0,7706,not_young
1.213369579713152,1506.0,13.0,ds5,ds5_13,Mittleres Baumholz,Mittleres Baumholz_13,1.0,0.0,2.0,2.0,2.0,2.0,7707,not_young
1.469463808607275,1966.0,13.0,ds5,ds5_13,Mittleres Baumholz,Mittleres Baumholz_13,1.0,0.0,2.0,2.0,2.0,2.0,7708,not_young
4.861974229668766,2886.0,13.0,ds5,ds5_13,Mittleres Baumholz,Mittleres Baumholz_13,1.0,0.0,2.0,2.0,4.0,2.0,7709,not_young
2.030050138952492,17.0,13.0,ds5,ds5_13,Mittleres Baumholz,Mittleres Baumholz_13,1.0,0.0,2.0,2.0,2.0,2.0,7710,not_young
4.848767765785702,1750.0,13.0,ds5,ds5_13,Mittleres Baumholz,Mittleres Baumholz_13,1.0,0.0,2.0,2.0,2.0,2.0,7711,not_young
2.63816988566337,1398.0,13.0,ds5,ds5_13,Mittleres Baumholz,Mittleres Baumholz_13,1.0,0.0,2.0,2.0,2.0,2.0,7712,not_young
0.828917541292483,4850.0,13.0,ds5,ds5_13,Mittleres Baumholz,Mittleres Baumholz_13,1.0,0.0,2.0,2.0,4.0,2.0,7713,not_young
2.813752580591528,1363.0,13.0,ds5,ds5_13,Mittleres Baumholz,Mittleres Baumholz_13,1.0,0.0,2.0,2.0,2.0,2.0,7714,not_young
0.817069026944995,6862.0,4.0,ds5,ds5_4,Mittleres Baumholz,Mittleres Baumholz_4,0.0,0.0,3.0,3.0,3.0,3.0,7715,not_young
3.738949889508231,734.0,4.0,ds5,ds5_4,Mittleres Baumholz,Mittleres Baumholz_4,0.0,0.0,3.0,3.0,3.0,3.0,7716,not_young
1.093992180235148,465.0,4.0,ds5,ds5_4,Mittleres Baumholz,Mittleres Baumholz_4,0.0,0.0,3.0,3.0,3.0,3.0,7717,not_young
1.217259948404151,4113.0,4.0,ds5,ds5_4,Mittleres Baumholz,Mittleres Baumholz_4,0.0,0.0,3.0,3.0,4.0,3.0,7718,not_young
2.265422777803044,162.0,4.0,ds5,ds5_4,Mittleres Baumholz,Mittleres Baumholz_4,0.0,0.0,3.0,3.0,3.0,3.0,7719,not_young
1.857003782900365,3812.0,4.0,ds5,ds5_4,Mittleres Baumholz,Mittleres Baumholz_4,0.0,0.0,3.0,3.0,3.0,3.0,7720,not_young
0.925091387172625,7317.0,4.0,ds5,ds5_4,Mittleres Baumholz,Mittleres Baumholz_4,0.0,0.0,3.0,3.0,3.0,3.0,7721,not_young
1.784040038701441,180.0,4.0,ds5,ds5_4,Mittleres Baumholz,Mittleres Baumholz_4,0.0,0.0,3.0,3.0,3.0,3.0,7722,not_young
1.839759956056159,14000.0,4.0,ds5,ds5_4,Mittleres Baumholz,Mittleres Baumholz_4,0.0,0.0,3.0,3.0,3.0,3.0,7723,not_young
1.984045098140952,15363.0,4.0,ds5,ds5_4,Mittleres Baumholz,Mittleres Baumholz_4,0.0,0.0,3.0,3.0,4.0,4.0,7724,not_young
1.218990782125846,13899.0,4.0,ds5,ds5_4,Mittleres Baumholz,Mittleres Baumholz_4,0.0,0.0,3.0,3.0,3.0,3.0,7725,not_young
4.075975880986478,191.0,4.0,ds5,ds5_4,Mittleres Baumholz,Mittleres Baumholz_4,0.0,0.0,3.0,3.0,4.0,3.0,7726,not_young
1.07505079452892,1077.0,4.0,ds5,ds5_4,Mittleres Baumholz,Mittleres Baumholz_4,0.0,0.0,3.0,3.0,3.0,3.0,7727,not_young
2.812859493931853,6601.0,4.0,ds5,ds5_4,Mittleres Baumholz,Mittleres Baumholz_4,0.0,0.0,3.0,3.0,3.0,3.0,7728,not_young
1.60234157822777,3826.0,4.0,ds5,ds5_4,Mittleres Baumholz,Mittleres Baumholz_4,0.0,0.0,3.0,3.0,3.0,3.0,7729,not_young
0.955070872154168,1346.0,4.0,ds5,ds5_4,Mittleres Baumholz,Mittleres Baumholz_4,0.0,0.0,3.0,3.0,3.0,3.0,7730,not_young
1.558439879188963,5186.0,4.0,ds5,ds5_4,Mittleres Baumholz,Mittleres Baumholz_4,0.0,0.0,3.0,3.0,3.0,3.0,7731,not_young
1.296097132483144,414.0,4.0,ds5,ds5_4,Mittleres Baumholz,Mittleres Baumholz_4,0.0,0.0,3.0,3.0,3.0,3.0,7732,not_young
4.192041010760893,12057.0,4.0,ds5,ds5_4,Mittleres Baumholz,Mittleres Baumholz_4,0.0,0.0,3.0,3.0,3.0,3.0,7733,not_young
2.880370883313742,25.0,4.0,ds5,ds5_4,Mittleres Baumholz,Mittleres Baumholz_4,0.0,0.0,3.0,3.0,3.0,3.0,7734,not_young
4.57391294135994,233.0,4.0,ds5,ds5_4,Mittleres Baumholz,Mittleres Baumholz_4,0.0,0.0,3.0,3.0,4.0,3.0,7735,not_young
3.442727921172619,9147.0,4.0,ds5,ds5_4,Mittleres Baumholz,Mittleres Baumholz_4,0.0,0.0,3.0,3.0,4.0,3.0,7736,not_young
2.032570594618932,6591.0,4.0,ds5,ds5_4,Mittleres Baumholz,Mittleres Baumholz_4,0.0,0.0,3.0,3.0,4.0,3.0,7737,not_young
2.967071499379861,299.0,4.0,ds5,ds5_4,Mittleres Baumholz,Mittleres Baumholz_4,0.0,0.0,3.0,3.0,3.0,3.0,7738,not_young
1.994401966654381,7615.0,4.0,ds5,ds5_4,Mittleres Baumholz,Mittleres Baumholz_4,0.0,0.0,3.0,3.0,3.0,3.0,7739,not_young
5.07997656828663,195.0,4.0,ds5,ds5_4,Mittleres Baumholz,Mittleres Baumholz_4,0.0,0.0,3.0,3.0,4.0,3.0,7740,not_young
5.795294923540386,697.0,4.0,ds5,ds5_4,Mittleres Baumholz,Mittleres Baumholz_4,0.0,0.0,3.0,3.0,4.0,4.0,7741,not_young
4.057593101482025,5053.0,4.0,ds5,ds5_4,Mittleres Baumholz,Mittleres Baumholz_4,0.0,0.0,3.0,3.0,4.0,3.0,7742,not_young
3.741448142000001,345.0,4.0,ds5,ds5_4,Mittleres Baumholz,Mittleres Baumholz_4,0.0,0.0,3.0,3.0,3.0,3.0,7743,not_young
3.583974769712299,2902.0,4.0,ds5,ds5_4,Mittleres Baumholz,Mittleres Baumholz_4,0.0,0.0,3.0,3.0,3.0,3.0,7744,not_young
7.95245421354733,426.0,4.0,ds5,ds5_4,Mittleres Baumholz,Mittleres Baumholz_4,0.0,0.0,3.0,3.0,3.0,3.0,7745,not_young
3.144522258547515,886.0,4.0,ds5,ds5_4,Mittleres Baumholz,Mittleres Baumholz_4,0.0,0.0,3.0,3.0,3.0,3.0,7746,not_young
4.723511380319828,7799.0,4.0,ds5,ds5_4,Mittleres Baumholz,Mittleres Baumholz_4,0.0,0.0,3.0,3.0,3.0,3.0,7747,not_young
1.914587305036604,6605.0,4.0,ds5,ds5_4,Mittleres Baumholz,Mittleres Baumholz_4,0.0,0.0,3.0,3.0,3.0,3.0,7748,not_young
2.400714392784599,4195.0,4.0,ds5,ds5_4,Mittleres Baumholz,Mittleres Baumholz_4,0.0,0.0,3.0,3.0,3.0,3.0,7749,not_young
4.549284357810396,470.0,4.0,ds5,ds5_4,Mittleres Baumholz,Mittleres Baumholz_4,0.0,0.0,3.0,3.0,4.0,3.0,7750,not_young
3.82811709867634,6878.0,4.0,ds5,ds5_4,Mittleres Baumholz,Mittleres Baumholz_4,0.0,0.0,3.0,3.0,3.0,3.0,7751,not_young
2.02952530110971,1299.0,4.0,ds5,ds5_4,Mittleres Baumholz,Mittleres Baumholz_4,0.0,0.0,3.0,3.0,3.0,3.0,7752,not_young
0.647948391804117,8539.0,4.0,ds5,ds5_4,Mittleres Baumholz,Mittleres Baumholz_4,0.0,0.0,3.0,1.0,4.0,4.0,7753,not_young
4.585496995606862,5719.0,4.0,ds5,ds5_4,Mittleres Baumholz,Mittleres Baumholz_4,0.0,0.0,3.0,3.0,4.0,3.0,7754,not_young
2.54402063366612,3756.0,4.0,ds5,ds5_4,Mittleres Baumholz,Mittleres Baumholz_4,0.0,0.0,3.0,3.0,3.0,3.0,7755,not_young
4.176637927456392,1952.0,4.0,ds5,ds5_4,Mittleres Baumholz,Mittleres Baumholz_4,0.0,0.0,3.0,3.0,3.0,3.0,7756,not_young
1.791384575369738,1898.0,4.0,ds5,ds5_4,Mittleres Baumholz,Mittleres Baumholz_4,0.0,0.0,3.0,3.0,4.0,3.0,7757,not_young
4.185759882639769,573.0,4.0,ds5,ds5_4,Mittleres Baumholz,Mittleres Baumholz_4,0.0,0.0,3.0,3.0,3.0,3.0,7758,not_young
3.093525889108857,6608.0,4.0,ds5,ds5_4,Mittleres Baumholz,Mittleres Baumholz_4,0.0,0.0,3.0,3.0,4.0,3.0,7759,not_young
0.535853081335508,2122.0,4.0,ds5,ds5_4,Mittleres Baumholz,Mittleres Baumholz_4,0.0,0.0,3.0,3.0,3.0,3.0,7760,not_young
1.073167335096096,8501.0,4.0,ds5,ds5_4,Mittleres Baumholz,Mittleres Baumholz_4,0.0,0.0,3.0,3.0,4.0,3.0,7761,not_young
1.877537553898593,12191.0,4.0,ds5,ds5_4,Mittleres Baumholz,Mittleres Baumholz_4,0.0,0.0,3.0,3.0,3.0,3.0,7762,not_young
1.877239333352217,10798.0,4.0,ds5,ds5_4,Mittleres Baumholz,Mittleres Baumholz_4,0.0,0.0,3.0,3.0,4.0,3.0,7763,not_young
1.50167377382922,390.0,4.0,ds5,ds5_4,Mittleres Baumholz,Mittleres Baumholz_4,0.0,0.0,3.0,3.0,3.0,3.0,7764,not_young
4.183043923035772,7691.0,4.0,ds5,ds5_4,Mittleres Baumholz,Mittleres Baumholz_4,0.0,0.0,3.0,3.0,3.0,3.0,7765,not_young
1.624140032336139,1122.0,4.0,ds5,ds5_4,Mittleres Baumholz,Mittleres Baumholz_4,0.0,0.0,3.0,3.0,3.0,3.0,7766,not_young
0.878131218861477,1518.0,4.0,ds5,ds5_4,Mittleres Baumholz,Mittleres Baumholz_4,0.0,0.0,3.0,3.0,4.0,3.0,7767,not_young
3.889322879338295,7599.0,4.0,ds5,ds5_4,Mittleres Baumholz,Mittleres Baumholz_4,0.0,0.0,3.0,3.0,3.0,3.0,7768,not_young
2.682243947123442,450.0,4.0,ds5,ds5_4,Mittleres Baumholz,Mittleres Baumholz_4,0.0,0.0,3.0,3.0,3.0,3.0,7769,not_young
1.217587934809708,12047.0,4.0,ds5,ds5_4,Mittleres Baumholz,Mittleres Baumholz_4,0.0,0.0,3.0,3.0,3.0,3.0,7770,not_young
0.363260785781965,14822.0,4.0,ds5,ds5_4,Mittleres Baumholz,Mittleres Baumholz_4,0.0,0.0,3.0,3.0,4.0,3.0,7771,not_young
3.658317224964718,246.0,4.0,ds5,ds5_4,Mittleres Baumholz,Mittleres Baumholz_4,0.0,0.0,3.0,3.0,4.0,4.0,7772,not_young
1.488770682562434,7128.0,4.0,ds5,ds5_4,Mittleres Baumholz,Mittleres Baumholz_4,0.0,0.0,3.0,3.0,3.0,3.0,7773,not_young
1.652631427957316,12937.0,4.0,ds5,ds5_4,Mittleres Baumholz,Mittleres Baumholz_4,0.0,0.0,3.0,3.0,4.0,3.0,7774,not_young
3.175767444116284,483.0,4.0,ds5,ds5_4,Mittleres Baumholz,Mittleres Baumholz_4,0.0,0.0,3.0,1.0,4.0,3.0,7775,not_young
0.234444976907014,11222.0,4.0,ds5,ds5_4,Mittleres Baumholz,Mittleres Baumholz_4,0.0,0.0,3.0,1.0,4.0,3.0,7776,not_young
0.455188038462104,6546.0,4.0,ds5,ds5_4,Mittleres Baumholz,Mittleres Baumholz_4,0.0,0.0,3.0,3.0,3.0,3.0,7777,not_young
3.117190311934409,8628.0,4.0,ds5,ds5_4,Mittleres Baumholz,Mittleres Baumholz_4,0.0,0.0,3.0,3.0,3.0,3.0,7778,not_young
3.130576878260519,13208.0,4.0,ds5,ds5_4,Mittleres Baumholz,Mittleres Baumholz_4,0.0,0.0,3.0,3.0,4.0,3.0,7779,not_young
4.131236764827366,501.0,4.0,ds5,ds5_4,Mittleres Baumholz,Mittleres Baumholz_4,0.0,0.0,3.0,3.0,3.0,3.0,7780,not_young
2.831944056431036,7041.0,4.0,ds5,ds5_4,Mittleres Baumholz,Mittleres Baumholz_4,0.0,0.0,3.0,3.0,3.0,3.0,7781,not_young
6.07595085823975,272.0,4.0,ds5,ds5_4,Mittleres Baumholz,Mittleres Baumholz_4,0.0,1.0,1.0,1.0,3.0,3.0,7782,not_young
2.288999773863377,12042.0,4.0,ds5,ds5_4,Mittleres Baumholz,Mittleres Baumholz_4,0.0,1.0,1.0,1.0,1.0,1.0,7783,not_young
5.666399266867242,235.0,4.0,ds5,ds5_4,Mittleres Baumholz,Mittleres Baumholz_4,0.0,1.0,1.0,1.0,1.0,1.0,7784,not_young
1.40321923174283,10635.0,4.0,ds5,ds5_4,Mittleres Baumholz,Mittleres Baumholz_4,0.0,1.0,1.0,1.0,1.0,1.0,7785,not_young
3.284348162416311,292.0,4.0,ds5,ds5_4,Mittleres Baumholz,Mittleres Baumholz_4,0.0,1.0,1.0,1.0,3.0,3.0,7786,not_young
7.277539151477702,6582.0,4.0,ds5,ds5_4,Mittleres Baumholz,Mittleres Baumholz_4,0.0,1.0,1.0,1.0,3.0,3.0,7787,not_young
1.17857836562944,12236.0,4.0,ds5,ds5_4,Mittleres Baumholz,Mittleres Baumholz_4,0.0,1.0,1.0,1.0,1.0,1.0,7788,not_young
1.574764857770473,823.0,4.0,ds5,ds5_4,Mittleres Baumholz,Mittleres Baumholz_4,0.0,1.0,1.0,1.0,1.0,1.0,7789,not_young
0.263770779982046,11462.0,4.0,ds5,ds5_4,Mittleres Baumholz,Mittleres Baumholz_4,0.0,1.0,1.0,1.0,1.0,1.0,7790,not_young
3.661675455844839,560.0,4.0,ds5,ds5_4,Mittleres Baumholz,Mittleres Baumholz_4,0.0,1.0,1.0,1.0,1.0,1.0,7791,not_young
3.932122164309516,819.0,4.0,ds5,ds5_4,Mittleres Baumholz,Mittleres Baumholz_4,0.0,1.0,1.0,1.0,1.0,1.0,7792,not_young
2.70790838462083,2669.0,4.0,ds5,ds5_4,Mittleres Baumholz,Mittleres Baumholz_4,1.0,0.0,2.0,2.0,2.0,2.0,7793,not_young
1.379891601981939,4774.0,4.0,ds5,ds5_4,Mittleres Baumholz,Mittleres Baumholz_4,1.0,0.0,2.0,2.0,2.0,2.0,7794,not_young
2.998389636617086,1757.0,4.0,ds5,ds5_4,Mittleres Baumholz,Mittleres Baumholz_4,1.0,0.0,2.0,2.0,4.0,2.0,7795,not_young
1.711503527606017,37.0,4.0,ds5,ds5_4,Mittleres Baumholz,Mittleres Baumholz_4,1.0,0.0,2.0,2.0,2.0,2.0,7796,not_young
4.974611198103178,3701.0,4.0,ds5,ds5_4,Mittleres Baumholz,Mittleres Baumholz_4,1.0,0.0,2.0,2.0,2.0,2.0,7797,not_young
1.712898524064543,5512.0,4.0,ds5,ds5_4,Mittleres Baumholz,Mittleres Baumholz_4,1.0,0.0,2.0,2.0,2.0,2.0,7798,not_young
1.348650836682641,5912.0,4.0,ds5,ds5_4,Mittleres Baumholz,Mittleres Baumholz_4,1.0,0.0,2.0,2.0,4.0,4.0,7799,not_young
1.596407821333297,3257.0,4.0,ds5,ds5_4,Mittleres Baumholz,Mittleres Baumholz_4,1.0,0.0,2.0,2.0,2.0,2.0,7800,not_young
3.709147088504755,2944.0,4.0,ds5,ds5_4,Mittleres Baumholz,Mittleres Baumholz_4,1.0,0.0,2.0,2.0,2.0,2.0,7801,not_young
2.34136166242052,3365.0,4.0,ds5,ds5_4,Mittleres Baumholz,Mittleres Baumholz_4,1.0,0.0,2.0,2.0,2.0,2.0,7802,not_young
5.414073480490654,2563.0,4.0,ds5,ds5_4,Mittleres Baumholz,Mittleres Baumholz_4,1.0,0.0,2.0,2.0,4.0,4.0,7803,not_young
0.513204588264783,5746.0,4.0,ds5,ds5_4,Mittleres Baumholz,Mittleres Baumholz_4,1.0,0.0,2.0,2.0,4.0,2.0,7804,not_young
4.952965869742074,1902.0,4.0,ds5,ds5_4,Mittleres Baumholz,Mittleres Baumholz_4,1.0,0.0,2.0,2.0,2.0,2.0,7805,not_young
4.765292576480602,1740.0,4.0,ds5,ds5_4,Mittleres Baumholz,Mittleres Baumholz_4,1.0,0.0,2.0,2.0,2.0,2.0,7806,not_young
3.461417832623972,2081.0,4.0,ds5,ds5_4,Mittleres Baumholz,Mittleres Baumholz_4,1.0,0.0,2.0,2.0,2.0,2.0,7807,not_young
2.512393027792525,1331.0,4.0,ds5,ds5_4,Mittleres Baumholz,Mittleres Baumholz_4,1.0,0.0,2.0,2.0,4.0,4.0,7808,not_young
1.328185542907186,4812.0,4.0,ds5,ds5_4,Mittleres Baumholz,Mittleres Baumholz_4,1.0,0.0,2.0,2.0,4.0,2.0,7809,not_young
2.524145449028783,3798.0,4.0,ds5,ds5_4,Mittleres Baumholz,Mittleres Baumholz_4,1.0,0.0,2.0,2.0,2.0,2.0,7810,not_young
3.223486205061503,57.0,4.0,ds5,ds5_4,Mittleres Baumholz,Mittleres Baumholz_4,1.0,0.0,2.0,2.0,2.0,2.0,7811,not_young
2.749593816916453,4122.0,4.0,ds5,ds5_4,Mittleres Baumholz,Mittleres Baumholz_4,1.0,0.0,2.0,2.0,4.0,2.0,7812,not_young
2.77985493692096,1996.0,4.0,ds5,ds5_4,Mittleres Baumholz,Mittleres Baumholz_4,1.0,0.0,2.0,2.0,4.0,2.0,7813,not_young
3.552473800657194,4545.0,4.0,ds5,ds5_4,Mittleres Baumholz,Mittleres Baumholz_4,1.0,0.0,2.0,2.0,2.0,2.0,7814,not_young
3.982301794392299,5363.0,4.0,ds5,ds5_4,Mittleres Baumholz,Mittleres Baumholz_4,1.0,0.0,2.0,2.0,4.0,4.0,7815,not_young
0.741559557429119,5877.0,4.0,ds5,ds5_4,Mittleres Baumholz,Mittleres Baumholz_4,1.0,0.0,2.0,2.0,4.0,2.0,7816,not_young
7.148176979736458,1502.0,4.0,ds5,ds5_4,Mittleres Baumholz,Mittleres Baumholz_4,1.0,0.0,2.0,2.0,4.0,2.0,7817,not_young
5.406065946258146,2312.0,4.0,ds5,ds5_4,Mittleres Baumholz,Mittleres Baumholz_4,1.0,0.0,2.0,2.0,4.0,4.0,7818,not_young
4.506115457253642,1729.0,4.0,ds5,ds5_4,Mittleres Baumholz,Mittleres Baumholz_4,1.0,0.0,2.0,2.0,2.0,2.0,7819,not_young
3.490764613524772,1352.0,4.0,ds5,ds5_4,Mittleres Baumholz,Mittleres Baumholz_4,1.0,0.0,2.0,2.0,4.0,2.0,7820,not_young
1.567388212351385,3331.0,4.0,ds5,ds5_4,Mittleres Baumholz,Mittleres Baumholz_4,1.0,0.0,2.0,2.0,2.0,2.0,7821,not_young
1.986351335699784,1380.0,4.0,ds5,ds5_4,Mittleres Baumholz,Mittleres Baumholz_4,1.0,0.0,2.0,2.0,2.0,2.0,7822,not_young
2.375130774355188,27.0,4.0,ds5,ds5_4,Mittleres Baumholz,Mittleres Baumholz_4,1.0,0.0,2.0,2.0,4.0,2.0,7823,not_young
2.722289099909758,2355.0,4.0,ds5,ds5_4,Mittleres Baumholz,Mittleres Baumholz_4,1.0,0.0,2.0,2.0,2.0,2.0,7824,not_young
2.179341964250581,4697.0,4.0,ds5,ds5_4,Mittleres Baumholz,Mittleres Baumholz_4,1.0,0.0,2.0,2.0,2.0,2.0,7825,not_young
2.841014161609927,1326.0,4.0,ds5,ds5_4,Mittleres Baumholz,Mittleres Baumholz_4,1.0,0.0,2.0,2.0,4.0,4.0,7826,not_young
5.098593350485332,1779.0,4.0,ds5,ds5_4,Mittleres Baumholz,Mittleres Baumholz_4,1.0,0.0,2.0,2.0,2.0,2.0,7827,not_young
0.325809013805445,4727.0,4.0,ds5,ds5_4,Mittleres Baumholz,Mittleres Baumholz_4,1.0,0.0,2.0,2.0,2.0,2.0,7828,not_young
3.668155870109363,5500.0,4.0,ds5,ds5_4,Mittleres Baumholz,Mittleres Baumholz_4,1.0,0.0,2.0,2.0,2.0,2.0,7829,not_young
0.986615504969138,3690.0,4.0,ds5,ds5_4,Mittleres Baumholz,Mittleres Baumholz_4,1.0,0.0,2.0,2.0,2.0,2.0,7830,not_young
2.572177099313596,4815.0,4.0,ds5,ds5_4,Mittleres Baumholz,Mittleres Baumholz_4,1.0,0.0,2.0,2.0,2.0,2.0,7831,not_young
7.746201662717154,3649.0,4.0,ds5,ds5_4,Mittleres Baumholz,Mittleres Baumholz_4,1.0,0.0,2.0,2.0,4.0,2.0,7832,not_young
3.191132435089827,3372.0,4.0,ds5,ds5_4,Mittleres Baumholz,Mittleres Baumholz_4,1.0,0.0,2.0,2.0,2.0,2.0,7833,not_young
0.479044561425292,6270.0,4.0,ds5,ds5_4,Mittleres Baumholz,Mittleres Baumholz_4,1.0,0.0,2.0,2.0,4.0,2.0,7834,not_young
3.592605825156969,4173.0,4.0,ds5,ds5_4,Mittleres Baumholz,Mittleres Baumholz_4,1.0,0.0,2.0,2.0,4.0,4.0,7835,not_young
5.736989385543324,1939.0,4.0,ds5,ds5_4,Mittleres Baumholz,Mittleres Baumholz_4,1.0,0.0,2.0,2.0,4.0,2.0,7836,not_young
2.200225045536421,3713.0,4.0,ds5,ds5_4,Mittleres Baumholz,Mittleres Baumholz_4,1.0,0.0,2.0,2.0,2.0,2.0,7837,not_young
3.303217870424502,2303.0,4.0,ds5,ds5_4,Mittleres Baumholz,Mittleres Baumholz_4,1.0,0.0,2.0,2.0,2.0,2.0,7838,not_young
3.234332835860588,12.0,4.0,ds5,ds5_4,Mittleres Baumholz,Mittleres Baumholz_4,1.0,0.0,2.0,2.0,2.0,2.0,7839,not_young
1.877073820227134,4108.0,4.0,ds5,ds5_4,Mittleres Baumholz,Mittleres Baumholz_4,1.0,0.0,2.0,2.0,4.0,4.0,7840,not_young
3.990781122900459,3805.0,4.0,ds5,ds5_4,Mittleres Baumholz,Mittleres Baumholz_4,1.0,0.0,2.0,2.0,2.0,2.0,7841,not_young
1.980663498644771,6111.0,4.0,ds5,ds5_4,Mittleres Baumholz,Mittleres Baumholz_4,1.0,0.0,2.0,2.0,2.0,2.0,7842,not_young
2.742049188318363,3228.0,4.0,ds5,ds5_4,Mittleres Baumholz,Mittleres Baumholz_4,1.0,0.0,2.0,2.0,4.0,2.0,7843,not_young
1.934707489759196,2626.0,4.0,ds5,ds5_4,Mittleres Baumholz,Mittleres Baumholz_4,1.0,0.0,2.0,2.0,2.0,2.0,7844,not_young
3.508761007828277,1341.0,13.0,ds6,ds6_13,Starkes Baumholz,Starkes Baumholz_13,0.0,0.0,3.0,3.0,3.0,3.0,7845,not_young
4.483712782074501,7617.0,13.0,ds6,ds6_13,Starkes Baumholz,Starkes Baumholz_13,0.0,0.0,3.0,3.0,3.0,3.0,7846,not_young
1.928235502688706,6462.0,13.0,ds6,ds6_13,Starkes Baumholz,Starkes Baumholz_13,0.0,0.0,3.0,3.0,3.0,3.0,7847,not_young
1.865340938383027,782.0,13.0,ds6,ds6_13,Starkes Baumholz,Starkes Baumholz_13,0.0,0.0,3.0,3.0,4.0,3.0,7848,not_young
4.501262004450336,767.0,13.0,ds6,ds6_13,Starkes Baumholz,Starkes Baumholz_13,0.0,0.0,3.0,3.0,3.0,3.0,7849,not_young
2.52367865741984,12065.0,13.0,ds6,ds6_13,Starkes Baumholz,Starkes Baumholz_13,0.0,0.0,3.0,3.0,3.0,3.0,7850,not_young
3.168627921296272,1121.0,13.0,ds6,ds6_13,Starkes Baumholz,Starkes Baumholz_13,0.0,0.0,3.0,3.0,4.0,3.0,7851,not_young
4.270302985906607,294.0,13.0,ds6,ds6_13,Starkes Baumholz,Starkes Baumholz_13,0.0,0.0,3.0,3.0,3.0,3.0,7852,not_young
2.640774479232461,7025.0,13.0,ds6,ds6_13,Starkes Baumholz,Starkes Baumholz_13,0.0,0.0,3.0,3.0,3.0,3.0,7853,not_young
3.706268198610755,4821.0,13.0,ds6,ds6_13,Starkes Baumholz,Starkes Baumholz_13,1.0,0.0,2.0,2.0,2.0,2.0,7854,not_young
2.851016882636943,2877.0,13.0,ds6,ds6_13,Starkes Baumholz,Starkes Baumholz_13,1.0,0.0,2.0,2.0,4.0,2.0,7855,not_young
5.268741360792546,1926.0,13.0,ds6,ds6_13,Starkes Baumholz,Starkes Baumholz_13,1.0,0.0,2.0,2.0,2.0,2.0,7856,not_young
3.843042269936879,22.0,13.0,ds6,ds6_13,Starkes Baumholz,Starkes Baumholz_13,1.0,0.0,2.0,2.0,4.0,2.0,7857,not_young
1.513802535645745,1335.0,13.0,ds6,ds6_13,Starkes Baumholz,Starkes Baumholz_13,1.0,0.0,2.0,2.0,2.0,2.0,7858,not_young
1.943632877525222,2652.0,13.0,ds6,ds6_13,Starkes Baumholz,Starkes Baumholz_13,1.0,0.0,2.0,2.0,2.0,2.0,7859,not_young
4.033474190239774,3735.0,13.0,ds6,ds6_13,Starkes Baumholz,Starkes Baumholz_13,1.0,0.0,2.0,2.0,2.0,2.0,7860,not_young
3.85733695181351,269.0,4.0,ds6,ds6_4,Starkes Baumholz,Starkes Baumholz_4,0.0,0.0,3.0,3.0,3.0,3.0,7861,not_young
1.273823118722765,951.0,4.0,ds6,ds6_4,Starkes Baumholz,Starkes Baumholz_4,0.0,0.0,3.0,3.0,4.0,3.0,7862,not_young
2.640367721723928,63.0,4.0,ds6,ds6_4,Starkes Baumholz,Starkes Baumholz_4,0.0,0.0,3.0,3.0,4.0,3.0,7863,not_young
2.705010908462103,6485.0,4.0,ds6,ds6_4,Starkes Baumholz,Starkes Baumholz_4,0.0,0.0,3.0,3.0,3.0,3.0,7864,not_young
2.077338345782217,1119.0,4.0,ds6,ds6_4,Starkes Baumholz,Starkes Baumholz_4,0.0,0.0,3.0,3.0,3.0,3.0,7865,not_young
3.869949904374456,550.0,4.0,ds6,ds6_4,Starkes Baumholz,Starkes Baumholz_4,0.0,0.0,3.0,3.0,4.0,3.0,7866,not_young
0.462354707159277,1305.0,4.0,ds6,ds6_4,Starkes Baumholz,Starkes Baumholz_4,0.0,0.0,3.0,3.0,3.0,3.0,7867,not_young
1.440784631479642,7013.0,4.0,ds6,ds6_4,Starkes Baumholz,Starkes Baumholz_4,0.0,0.0,3.0,3.0,3.0,3.0,7868,not_young
6.049885036163724,445.0,4.0,ds6,ds6_4,Starkes Baumholz,Starkes Baumholz_4,0.0,0.0,3.0,3.0,3.0,3.0,7869,not_young
3.820639175952903,12940.0,4.0,ds6,ds6_4,Starkes Baumholz,Starkes Baumholz_4,0.0,0.0,3.0,3.0,3.0,3.0,7870,not_young
3.760997131538253,24.0,4.0,ds6,ds6_4,Starkes Baumholz,Starkes Baumholz_4,0.0,0.0,3.0,3.0,3.0,3.0,7871,not_young
7.334182432736792,171.0,4.0,ds6,ds6_4,Starkes Baumholz,Starkes Baumholz_4,0.0,0.0,3.0,3.0,3.0,3.0,7872,not_young
2.155946974110499,15411.0,4.0,ds6,ds6_4,Starkes Baumholz,Starkes Baumholz_4,0.0,0.0,3.0,3.0,4.0,3.0,7873,not_young
1.248668565402657,229.0,4.0,ds6,ds6_4,Starkes Baumholz,Starkes Baumholz_4,0.0,0.0,3.0,3.0,3.0,3.0,7874,not_young
2.262032776342362,7951.0,4.0,ds6,ds6_4,Starkes Baumholz,Starkes Baumholz_4,0.0,0.0,3.0,3.0,3.0,3.0,7875,not_young
1.275334916752251,7373.0,4.0,ds6,ds6_4,Starkes Baumholz,Starkes Baumholz_4,0.0,0.0,3.0,3.0,3.0,3.0,7876,not_young
1.865498700761178,4703.0,4.0,ds6,ds6_4,Starkes Baumholz,Starkes Baumholz_4,0.0,0.0,3.0,3.0,3.0,3.0,7877,not_young
2.57769952399552,327.0,4.0,ds6,ds6_4,Starkes Baumholz,Starkes Baumholz_4,0.0,0.0,3.0,3.0,3.0,3.0,7878,not_young
1.491465154549189,4170.0,4.0,ds6,ds6_4,Starkes Baumholz,Starkes Baumholz_4,0.0,0.0,3.0,3.0,3.0,3.0,7879,not_young
1.238709040951717,3778.0,4.0,ds6,ds6_4,Starkes Baumholz,Starkes Baumholz_4,0.0,0.0,3.0,3.0,3.0,3.0,7880,not_young
2.645065730981071,528.0,4.0,ds6,ds6_4,Starkes Baumholz,Starkes Baumholz_4,0.0,0.0,3.0,3.0,4.0,3.0,7881,not_young
2.314309758114722,502.0,4.0,ds6,ds6_4,Starkes Baumholz,Starkes Baumholz_4,0.0,0.0,3.0,3.0,3.0,3.0,7882,not_young
2.431774239314565,7652.0,4.0,ds6,ds6_4,Starkes Baumholz,Starkes Baumholz_4,0.0,0.0,3.0,3.0,3.0,3.0,7883,not_young
0.501312071567262,8498.0,4.0,ds6,ds6_4,Starkes Baumholz,Starkes Baumholz_4,0.0,0.0,3.0,3.0,3.0,3.0,7884,not_young
1.335917265455929,12022.0,4.0,ds6,ds6_4,Starkes Baumholz,Starkes Baumholz_4,0.0,0.0,3.0,3.0,3.0,3.0,7885,not_young
0.94302185508885,1088.0,4.0,ds6,ds6_4,Starkes Baumholz,Starkes Baumholz_4,0.0,0.0,3.0,3.0,3.0,3.0,7886,not_young
3.874863776889637,15320.0,4.0,ds6,ds6_4,Starkes Baumholz,Starkes Baumholz_4,0.0,0.0,3.0,3.0,4.0,3.0,7887,not_young
2.988996222811041,232.0,4.0,ds6,ds6_4,Starkes Baumholz,Starkes Baumholz_4,0.0,0.0,3.0,1.0,4.0,4.0,7888,not_young
4.394351446396074,6457.0,4.0,ds6,ds6_4,Starkes Baumholz,Starkes Baumholz_4,0.0,0.0,3.0,3.0,4.0,3.0,7889,not_young
2.525611218107355,6534.0,4.0,ds6,ds6_4,Starkes Baumholz,Starkes Baumholz_4,0.0,0.0,3.0,3.0,4.0,3.0,7890,not_young
6.894894459814028,429.0,4.0,ds6,ds6_4,Starkes Baumholz,Starkes Baumholz_4,0.0,0.0,3.0,3.0,4.0,4.0,7891,not_young
1.337618628235627,7854.0,4.0,ds6,ds6_4,Starkes Baumholz,Starkes Baumholz_4,0.0,1.0,1.0,1.0,1.0,1.0,7892,not_young
2.608279475135033,384.0,4.0,ds6,ds6_4,Starkes Baumholz,Starkes Baumholz_4,0.0,1.0,1.0,1.0,1.0,1.0,7893,not_young
6.343103778569156,275.0,4.0,ds6,ds6_4,Starkes Baumholz,Starkes Baumholz_4,0.0,1.0,1.0,1.0,3.0,3.0,7894,not_young
2.170967395724142,265.0,4.0,ds6,ds6_4,Starkes Baumholz,Starkes Baumholz_4,0.0,1.0,1.0,1.0,3.0,3.0,7895,not_young
3.658165445960999,351.0,4.0,ds6,ds6_4,Starkes Baumholz,Starkes Baumholz_4,0.0,1.0,1.0,1.0,3.0,3.0,7896,not_young
1.075093255101821,7231.0,4.0,ds6,ds6_4,Starkes Baumholz,Starkes Baumholz_4,0.0,1.0,1.0,1.0,3.0,3.0,7897,not_young
3.785092745876947,29.0,4.0,ds6,ds6_4,Starkes Baumholz,Starkes Baumholz_4,1.0,0.0,2.0,2.0,4.0,2.0,7898,not_young
1.586766143678725,5474.0,4.0,ds6,ds6_4,Starkes Baumholz,Starkes Baumholz_4,1.0,0.0,2.0,2.0,2.0,2.0,7899,not_young
3.723111438001054,1733.0,4.0,ds6,ds6_4,Starkes Baumholz,Starkes Baumholz_4,1.0,0.0,2.0,2.0,2.0,2.0,7900,not_young
4.4920522052188,1897.0,4.0,ds6,ds6_4,Starkes Baumholz,Starkes Baumholz_4,1.0,0.0,2.0,2.0,2.0,2.0,7901,not_young
1.873841393041652,1321.0,4.0,ds6,ds6_4,Starkes Baumholz,Starkes Baumholz_4,1.0,0.0,2.0,2.0,2.0,2.0,7902,not_young
3.77323035539437,3224.0,4.0,ds6,ds6_4,Starkes Baumholz,Starkes Baumholz_4,1.0,0.0,2.0,2.0,4.0,2.0,7903,not_young
3.576929701279832,1908.0,4.0,ds6,ds6_4,Starkes Baumholz,Starkes Baumholz_4,1.0,0.0,2.0,2.0,2.0,2.0,7904,not_young
2.280974708202553,2278.0,4.0,ds6,ds6_4,Starkes Baumholz,Starkes Baumholz_4,1.0,0.0,2.0,2.0,2.0,2.0,7905,not_young
3.053410030015682,2075.0,4.0,ds6,ds6_4,Starkes Baumholz,Starkes Baumholz_4,1.0,0.0,2.0,2.0,2.0,2.0,7906,not_young
0.317442337983626,5916.0,4.0,ds6,ds6_4,Starkes Baumholz,Starkes Baumholz_4,1.0,0.0,2.0,2.0,4.0,2.0,7907,not_young
6.262266873669032,3354.0,4.0,ds6,ds6_4,Starkes Baumholz,Starkes Baumholz_4,1.0,0.0,2.0,2.0,2.0,2.0,7908,not_young
4.279953530023666,18.0,4.0,ds6,ds6_4,Starkes Baumholz,Starkes Baumholz_4,1.0,0.0,2.0,2.0,2.0,2.0,7909,not_young
7.866612075817224,1721.0,4.0,ds6,ds6_4,Starkes Baumholz,Starkes Baumholz_4,1.0,0.0,2.0,2.0,4.0,2.0,7910,not_young
1.795519308733987,1393.0,4.0,ds6,ds6_4,Starkes Baumholz,Starkes Baumholz_4,1.0,0.0,2.0,2.0,2.0,2.0,7911,not_young
3.396363033993169,2375.0,4.0,ds6,ds6_4,Starkes Baumholz,Starkes Baumholz_4,1.0,0.0,2.0,2.0,2.0,2.0,7912,not_young
5.454604425167842,2559.0,4.0,ds6,ds6_4,Starkes Baumholz,Starkes Baumholz_4,1.0,0.0,2.0,2.0,4.0,4.0,7913,not_young
3.280612017321398,3711.0,4.0,ds6,ds6_4,Starkes Baumholz,Starkes Baumholz_4,1.0,0.0,2.0,2.0,4.0,2.0,7914,not_young
2.979891137398743,4781.0,4.0,ds6,ds6_4,Starkes Baumholz,Starkes Baumholz_4,1.0,0.0,2.0,2.0,4.0,4.0,7915,not_young
5.79248432743002,6.0,4.0,ds6,ds6_4,Starkes Baumholz,Starkes Baumholz_4,1.0,0.0,2.0,2.0,2.0,2.0,7916,not_young
2.707972444734351,4806.0,4.0,ds6,ds6_4,Starkes Baumholz,Starkes Baumholz_4,1.0,0.0,2.0,2.0,4.0,4.0,7917,not_young
1.552005561679571,3972.0,4.0,ds6,ds6_4,Starkes Baumholz,Starkes Baumholz_4,1.0,0.0,2.0,2.0,2.0,2.0,7918,not_young
2.189310599537663,2376.0,4.0,ds6,ds6_4,Starkes Baumholz,Starkes Baumholz_4,1.0,0.0,2.0,2.0,4.0,2.0,7919,not_young
2.008297946355931,4117.0,4.0,ds6,ds6_4,Starkes Baumholz,Starkes Baumholz_4,1.0,0.0,2.0,2.0,4.0,2.0,7920,not_young
1.839933602556668,2310.0,4.0,ds6,ds6_4,Starkes Baumholz,Starkes Baumholz_4,1.0,0.0,2.0,2.0,2.0,2.0,7921,not_young
3.08137264111274,2304.0,4.0,ds6,ds6_4,Starkes Baumholz,Starkes Baumholz_4,1.0,0.0,2.0,2.0,4.0,2.0,7922,not_young
